t,x,y,yaw,state,wp_index,cell_number,real_x,real_y,real_yaw,target_ball_guess,x_wall,y_wall,yaw_wall
0.21,-10.532,-4.260,-0.000,PATROL,1,2,-10.533,-4.260,-0.000,,-10.532,-4.260,-0.000
0.41,-10.511,-4.260,-0.000,PATROL,1,2,-10.512,-4.260,-0.000,,-10.511,-4.260,-0.000
0.61,-10.448,-4.260,0.000,PATROL,1,2,-10.452,-4.260,0.001,,-10.447,-4.260,0.000
0.81,-10.369,-4.260,0.011,PATROL,1,2,-10.375,-4.260,0.011,,-10.368,-4.260,0.011
1.01,-10.302,-4.258,0.020,PATROL,1,2,-10.296,-4.258,0.020,,-10.302,-4.258,0.020
1.21,-10.222,-4.257,0.027,PATROL,1,2,-10.218,-4.256,0.027,,-10.222,-4.257,0.027
1.41,-10.142,-4.254,0.033,PATROL,1,2,-10.140,-4.254,0.033,,-10.141,-4.254,0.033
1.61,-10.062,-4.251,0.038,PATROL,1,2,-10.061,-4.251,0.038,,-10.061,-4.251,0.038
1.81,-9.981,-4.248,0.042,PATROL,1,2,-9.982,-4.248,0.042,,-9.980,-4.248,0.042
2.01,-9.900,-4.245,0.046,PATROL,1,2,-9.903,-4.245,0.046,,-9.900,-4.245,0.046
2.21,-9.820,-4.241,0.048,PATROL,1,2,-9.824,-4.241,0.048,,-9.818,-4.241,0.048
2.41,-9.739,-4.237,0.051,PATROL,1,2,-9.744,-4.237,0.051,,-9.738,-4.237,0.051
2.61,-9.671,-4.233,0.053,PATROL,1,2,-9.665,-4.233,0.053,,-9.670,-4.233,0.053
2.81,-9.590,-4.229,0.054,PATROL,1,2,-9.585,-4.229,0.054,,-9.589,-4.229,0.054
3.01,-9.509,-4.224,0.055,PATROL,1,2,-9.506,-4.224,0.055,,-9.507,-4.224,0.055
3.21,-9.427,-4.220,0.056,PATROL,1,2,-9.426,-4.220,0.056,,-9.426,-4.220,0.056
3.41,-9.346,-4.215,0.057,PATROL,1,2,-9.347,-4.215,0.057,,-9.344,-4.215,0.057
3.61,-9.265,-4.211,0.058,PATROL,1,2,-9.268,-4.211,0.058,,-9.262,-4.210,0.058
3.81,-9.183,-4.206,0.059,PATROL,1,2,-9.188,-4.206,0.059,,-9.181,-4.206,0.059
4.01,-9.102,-4.201,0.059,PATROL,1,2,-9.109,-4.201,0.059,,-9.100,-4.201,0.059
4.21,-9.034,-4.197,0.059,PATROL,1,2,-9.029,-4.197,0.059,,-9.032,-4.197,0.059
4.41,-8.953,-4.192,0.060,PATROL,1,2,-8.950,-4.192,0.060,,-8.950,-4.192,0.060
4.61,-8.871,-4.187,0.060,PATROL,1,2,-8.869,-4.187,0.060,,-8.869,-4.187,0.060
4.81,-8.790,-4.182,0.060,PATROL,1,2,-8.789,-4.182,0.060,,-8.787,-4.182,0.060
5.01,-8.708,-4.177,0.060,PATROL,1,2,-8.710,-4.178,0.060,,-8.704,-4.177,0.060
5.21,-8.627,-4.173,0.060,PATROL,1,2,-8.630,-4.173,0.060,,-8.624,-4.172,0.061
5.41,-8.545,-4.168,0.061,PATROL,1,2,-8.550,-4.168,0.061,,-8.542,-4.167,0.061
5.61,-8.464,-4.163,0.061,PATROL,1,2,-8.470,-4.163,0.061,,-8.461,-4.162,0.061
5.81,-8.396,-4.159,0.061,PATROL,1,2,-8.391,-4.158,0.061,,-8.393,-4.158,0.061
6.01,-8.315,-4.154,0.061,PATROL,1,2,-8.311,-4.154,0.061,,-8.312,-4.153,0.061
6.21,-8.233,-4.149,0.061,PATROL,1,2,-8.231,-4.149,0.061,,-8.231,-4.148,0.061
6.41,-8.152,-4.144,0.061,PATROL,1,2,-8.151,-4.144,0.061,,-8.149,-4.143,0.061
6.61,-8.071,-4.139,0.061,PATROL,2,3,-8.073,-4.139,0.061,,-8.066,-4.138,0.061
6.81,-7.992,-4.134,0.050,PATROL,2,3,-7.996,-4.135,0.050,,-7.988,-4.134,0.050
7.01,-7.913,-4.131,0.040,PATROL,2,3,-7.918,-4.131,0.040,,-7.909,-4.131,0.040
7.21,-7.833,-4.128,0.032,PATROL,2,3,-7.839,-4.128,0.032,,-7.830,-4.128,0.032
7.41,-7.767,-4.126,0.026,PATROL,2,3,-7.761,-4.126,0.026,,-7.763,-4.126,0.026
7.61,-7.686,-4.124,0.021,PATROL,2,3,-7.682,-4.124,0.021,,-7.682,-4.124,0.021
7.81,-7.606,-4.123,0.016,PATROL,2,3,-7.603,-4.123,0.016,,-7.602,-4.122,0.016
8.01,-7.525,-4.122,0.013,PATROL,2,3,-7.524,-4.122,0.013,,-7.521,-4.121,0.013
8.21,-7.444,-4.121,0.010,PATROL,2,3,-7.445,-4.121,0.010,,-7.440,-4.120,0.010
8.41,-7.363,-4.120,0.008,PATROL,2,3,-7.366,-4.120,0.008,,-7.359,-4.120,0.008
8.61,-7.282,-4.119,0.006,PATROL,2,3,-7.287,-4.120,0.006,,-7.278,-4.119,0.006
8.81,-7.201,-4.119,0.004,PATROL,2,3,-7.207,-4.119,0.004,,-7.197,-4.119,0.004
9.01,-7.133,-4.119,0.003,PATROL,2,3,-7.127,-4.119,0.003,,-7.129,-4.118,0.003
9.21,-7.052,-4.119,0.002,PATROL,2,3,-7.048,-4.119,0.002,,-7.047,-4.118,0.002
9.41,-6.970,-4.119,0.001,PATROL,2,3,-6.968,-4.119,0.001,,-6.966,-4.118,0.001
9.61,-6.889,-4.119,-0.000,PATROL,2,3,-6.888,-4.119,-0.000,,-6.885,-4.118,0.000
9.81,-6.808,-4.119,-0.001,PATROL,2,3,-6.808,-4.119,-0.001,,-6.803,-4.118,-0.001
10.01,-6.726,-4.119,-0.001,PATROL,2,3,-6.728,-4.119,-0.001,,-6.722,-4.118,-0.001
10.21,-6.645,-4.119,-0.002,PATROL,2,3,-6.648,-4.119,-0.002,,-6.641,-4.118,-0.002
10.41,-6.563,-4.119,-0.002,PATROL,2,3,-6.569,-4.119,-0.002,,-6.558,-4.118,-0.002
10.61,-6.482,-4.119,-0.003,PATROL,2,3,-6.489,-4.119,-0.003,,-6.477,-4.119,-0.002
10.81,-6.414,-4.119,-0.003,PATROL,2,3,-6.410,-4.120,-0.003,,-6.409,-4.119,-0.003
11.01,-6.332,-4.120,-0.003,PATROL,2,3,-6.329,-4.120,-0.003,,-6.328,-4.119,-0.003
11.21,-6.251,-4.120,-0.004,PATROL,2,3,-6.249,-4.120,-0.004,,-6.246,-4.119,-0.003
11.41,-6.169,-4.120,-0.004,PATROL,2,3,-6.170,-4.120,-0.004,,-6.163,-4.120,-0.004
11.61,-6.087,-4.120,-0.004,PATROL,2,3,-6.091,-4.121,-0.004,,-6.081,-4.120,-0.004
11.81,-6.006,-4.121,-0.004,PATROL,2,3,-6.010,-4.121,-0.004,,-6.001,-4.120,-0.004
12.01,-5.924,-4.121,-0.004,PATROL,2,3,-5.930,-4.121,-0.004,,-5.920,-4.120,-0.004
12.21,-5.856,-4.121,-0.004,PATROL,2,3,-5.851,-4.122,-0.004,,-5.850,-4.121,-0.004
12.41,-5.775,-4.122,-0.004,PATROL,2,3,-5.770,-4.122,-0.004,,-5.769,-4.121,-0.004
12.61,-5.693,-4.122,-0.005,PATROL,2,3,-5.690,-4.122,-0.004,,-5.688,-4.121,-0.004
12.81,-5.612,-4.123,-0.005,PATROL,2,3,-5.610,-4.123,-0.005,,-5.607,-4.122,-0.004
13.01,-5.530,-4.123,-0.005,PATROL,2,3,-5.530,-4.123,-0.005,,-5.525,-4.122,-0.004
13.21,-5.448,-4.123,-0.005,PATROL,2,3,-5.450,-4.123,-0.005,,-5.444,-4.122,-0.004
13.41,-5.367,-4.124,-0.005,PATROL,2,3,-5.370,-4.124,-0.005,,-5.362,-4.123,-0.004
13.61,-5.285,-4.124,-0.005,PATROL,3,4,-5.290,-4.124,-0.005,,-5.280,-4.123,-0.004
13.81,-5.204,-4.124,-0.004,PATROL,3,4,-5.210,-4.124,-0.004,,-5.199,-4.124,-0.004
14.01,-5.136,-4.125,-0.003,PATROL,3,4,-5.131,-4.125,-0.003,,-5.131,-4.124,-0.003
14.21,-5.055,-4.125,-0.003,PATROL,3,4,-5.051,-4.125,-0.003,,-5.049,-4.124,-0.002
14.41,-4.973,-4.125,-0.002,PATROL,3,4,-4.971,-4.125,-0.002,,-4.968,-4.124,-0.002
14.61,-4.892,-4.125,-0.002,PATROL,3,4,-4.892,-4.125,-0.002,,-4.885,-4.124,-0.001
14.81,-4.810,-4.125,-0.001,PATROL,3,4,-4.812,-4.125,-0.001,,-4.805,-4.124,-0.001
15.01,-4.729,-4.125,-0.001,PATROL,3,4,-4.731,-4.125,-0.001,,-4.723,-4.124,-0.001
15.21,-4.647,-4.126,-0.001,PATROL,3,4,-4.652,-4.125,-0.001,,-4.641,-4.125,-0.001
15.41,-4.565,-4.126,-0.001,PATROL,3,4,-4.573,-4.126,-0.001,,-4.559,-4.125,-0.000
15.61,-4.497,-4.126,-0.001,PATROL,3,4,-4.493,-4.126,-0.000,,-4.492,-4.125,-0.000
15.81,-4.416,-4.126,-0.000,PATROL,3,4,-4.412,-4.126,-0.000,,-4.410,-4.125,-0.000
16.01,-4.334,-4.126,-0.000,PATROL,3,4,-4.332,-4.126,-0.000,,-4.329,-4.125,-0.000
16.21,-4.253,-4.126,-0.000,PATROL,3,4,-4.252,-4.126,-0.000,,-4.247,-4.125,0.000
16.41,-4.171,-4.126,-0.000,PATROL,3,4,-4.174,-4.126,0.000,,-4.165,-4.125,0.000
16.61,-4.090,-4.126,0.000,PATROL,3,4,-4.094,-4.126,0.000,,-4.083,-4.125,0.000
16.81,-4.008,-4.126,0.000,PATROL,3,4,-4.013,-4.126,0.000,,-4.001,-4.125,0.000
17.01,-3.926,-4.126,0.000,PATROL,3,4,-3.934,-4.126,0.000,,-3.919,-4.125,0.000
17.21,-3.858,-4.126,0.000,PATROL,3,4,-3.854,-4.126,0.000,,-3.850,-4.125,0.001
17.41,-3.777,-4.126,0.000,PATROL,3,4,-3.774,-4.126,0.000,,-3.770,-4.124,0.001
17.61,-3.695,-4.126,0.000,PATROL,3,4,-3.694,-4.125,0.000,,-3.688,-4.124,0.001
17.81,-3.614,-4.126,0.000,PATROL,3,4,-3.614,-4.125,0.000,,-3.606,-4.124,0.001
18.01,-3.532,-4.126,0.000,PATROL,3,4,-3.535,-4.125,0.000,,-3.524,-4.124,0.001
18.21,-3.451,-4.126,0.000,PATROL,3,4,-3.455,-4.125,0.001,,-3.443,-4.124,0.001
18.41,-3.369,-4.126,0.000,PATROL,3,4,-3.375,-4.125,0.001,,-3.361,-4.124,0.001
18.61,-3.287,-4.126,0.001,PATROL,3,4,-3.295,-4.125,0.001,,-3.280,-4.124,0.001
18.81,-3.219,-4.125,0.001,PATROL,3,4,-3.215,-4.125,0.001,,-3.211,-4.124,0.001
19.01,-3.138,-4.125,0.001,PATROL,3,4,-3.135,-4.125,0.001,,-3.130,-4.124,0.001
19.21,-3.056,-4.125,0.001,PATROL,3,4,-3.055,-4.125,0.001,,-3.048,-4.124,0.001
19.41,-2.975,-4.125,0.001,PATROL,3,4,-2.975,-4.125,0.001,,-2.967,-4.124,0.001
19.61,-2.893,-4.125,0.001,PATROL,3,4,-2.895,-4.125,0.001,,-2.885,-4.124,0.001
19.81,-2.811,-4.125,0.001,PATROL,3,4,-2.816,-4.125,0.001,,-2.802,-4.124,0.001
20.01,-2.730,-4.125,0.001,PATROL,3,4,-2.735,-4.125,0.001,,-2.721,-4.124,0.001
20.21,-2.648,-4.125,0.001,PATROL,3,4,-2.655,-4.125,0.001,,-2.640,-4.124,0.001
20.41,-2.580,-4.125,0.001,PATROL,4,8,-2.575,-4.125,0.001,,-2.572,-4.123,0.001
20.61,-2.504,-4.125,-0.005,PATROL,4,8,-2.502,-4.125,-0.005,,-2.496,-4.123,-0.004
20.81,-2.465,-4.125,-0.015,PATROL,4,8,-2.465,-4.125,-0.015,,-2.456,-4.124,-0.015
21.01,-2.455,-4.125,0.052,PATROL,4,8,-2.453,-4.126,0.051,,-2.446,-4.124,0.050
21.21,-2.448,-4.125,0.163,PATROL,4,8,-2.444,-4.126,0.164,,-2.439,-4.123,0.154
21.41,-2.435,-4.122,0.273,PATROL,4,8,-2.432,-4.124,0.276,,-2.427,-4.120,0.259
21.61,-2.418,-4.116,0.381,PATROL,4,8,-2.418,-4.120,0.385,,-2.409,-4.115,0.366
21.81,-2.397,-4.106,0.484,PATROL,4,8,-2.401,-4.110,0.490,,-2.388,-4.105,0.469
22.01,-2.377,-4.094,0.593,PATROL,4,8,-2.378,-4.096,0.599,,-2.367,-4.093,0.578
22.21,-2.350,-4.074,0.700,PATROL,4,8,-2.352,-4.076,0.707,,-2.341,-4.074,0.687
22.41,-2.322,-4.048,0.813,PATROL,4,8,-2.324,-4.050,0.819,,-2.313,-4.048,0.798
22.61,-2.294,-4.014,0.921,PATROL,4,8,-2.296,-4.017,0.928,,-2.284,-4.015,0.907
22.81,-2.267,-3.974,1.031,PATROL,4,8,-2.270,-3.977,1.038,,-2.256,-3.975,1.017
23.01,-2.241,-3.926,1.141,PATROL,4,8,-2.245,-3.929,1.148,,-2.230,-3.927,1.127
23.21,-2.220,-3.871,1.237,PATROL,4,8,-2.224,-3.875,1.244,,-2.207,-3.872,1.223
23.41,-2.201,-3.809,1.315,PATROL,4,8,-2.207,-3.816,1.321,,-2.188,-3.811,1.301
23.61,-2.189,-3.755,1.377,PATROL,4,8,-2.193,-3.751,1.384,,-2.175,-3.757,1.363
23.81,-2.177,-3.686,1.427,PATROL,4,8,-2.182,-3.684,1.434,,-2.162,-3.689,1.413
24.01,-2.168,-3.615,1.468,PATROL,4,8,-2.173,-3.613,1.474,,-2.152,-3.617,1.454
24.21,-2.162,-3.541,1.501,PATROL,4,8,-2.168,-3.541,1.508,,-2.145,-3.544,1.487
24.41,-2.157,-3.466,1.528,PATROL,4,8,-2.164,-3.468,1.534,,-2.140,-3.469,1.514
24.61,-2.155,-3.390,1.550,PATROL,4,8,-2.162,-3.393,1.557,,-2.136,-3.393,1.536
24.81,-2.154,-3.313,1.569,PATROL,4,8,-2.162,-3.317,1.575,,-2.134,-3.315,1.555
25.01,-2.155,-3.234,1.584,PATROL,4,8,-2.163,-3.240,1.590,,-2.134,-3.237,1.570
25.21,-2.156,-3.156,1.596,PATROL,4,8,-2.165,-3.164,1.602,,-2.134,-3.158,1.582
25.41,-2.158,-3.090,1.606,PATROL,4,8,-2.168,-3.086,1.612,,-2.135,-3.092,1.592
25.61,-2.161,-3.010,1.615,PATROL,4,8,-2.171,-3.008,1.621,,-2.137,-3.011,1.601
25.81,-2.165,-2.930,1.622,PATROL,4,8,-2.175,-2.930,1.628,,-2.140,-2.932,1.608
26.01,-2.170,-2.850,1.628,PATROL,4,8,-2.180,-2.851,1.634,,-2.143,-2.852,1.614
26.21,-2.174,-2.770,1.633,PATROL,4,8,-2.185,-2.772,1.639,,-2.147,-2.771,1.619
26.41,-2.180,-2.690,1.637,PATROL,4,8,-2.191,-2.694,1.643,,-2.151,-2.691,1.623
26.61,-2.185,-2.609,1.641,PATROL,4,8,-2.197,-2.615,1.647,,-2.155,-2.610,1.627
26.81,-2.191,-2.528,1.644,PATROL,4,8,-2.203,-2.536,1.650,,-2.160,-2.529,1.630
27.01,-2.196,-2.461,1.646,PATROL,4,8,-2.209,-2.456,1.652,,-2.164,-2.462,1.632
27.21,-2.202,-2.380,1.648,PATROL,4,8,-2.216,-2.378,1.654,,-2.169,-2.380,1.634
27.41,-2.208,-2.299,1.650,PATROL,4,8,-2.222,-2.298,1.656,,-2.174,-2.300,1.636
27.61,-2.215,-2.218,1.651,PATROL,4,8,-2.229,-2.219,1.658,,-2.180,-2.219,1.638
27.81,-2.221,-2.137,1.653,PATROL,4,8,-2.236,-2.140,1.659,,-2.185,-2.137,1.639
28.01,-2.228,-2.056,1.654,PATROL,4,8,-2.243,-2.060,1.660,,-2.191,-2.056,1.640
28.21,-2.235,-1.975,1.655,PATROL,4,8,-2.250,-1.982,1.661,,-2.196,-1.974,1.641
28.41,-2.241,-1.907,1.656,PATROL,4,8,-2.258,-1.902,1.662,,-2.201,-1.907,1.642
28.61,-2.248,-1.826,1.656,PATROL,4,8,-2.265,-1.822,1.663,,-2.207,-1.825,1.643
28.81,-2.255,-1.745,1.657,PATROL,4,8,-2.272,-1.743,1.664,,-2.213,-1.745,1.643
29.01,-2.262,-1.664,1.658,PATROL,5,7,-2.280,-1.663,1.664,,-2.219,-1.662,1.644
29.21,-2.268,-1.594,1.685,PATROL,5,7,-2.286,-1.595,1.691,,-2.224,-1.593,1.670
29.41,-2.272,-1.566,1.751,PATROL,5,7,-2.290,-1.566,1.755,,-2.228,-1.565,1.733
29.61,-2.275,-1.552,1.862,PATROL,5,7,-2.293,-1.550,1.866,,-2.231,-1.551,1.839
29.81,-2.282,-1.534,1.972,PATROL,5,7,-2.299,-1.532,1.977,,-2.237,-1.533,1.944
30.01,-2.293,-1.511,2.079,PATROL,5,7,-2.308,-1.511,2.087,,-2.248,-1.509,2.051
30.21,-2.307,-1.490,2.189,PATROL,5,7,-2.323,-1.487,2.199,,-2.260,-1.488,2.161
30.41,-2.328,-1.463,2.294,PATROL,5,7,-2.343,-1.465,2.304,,-2.281,-1.460,2.266
30.61,-2.356,-1.434,2.404,PATROL,5,7,-2.371,-1.437,2.414,,-2.308,-1.431,2.377
30.81,-2.391,-1.406,2.515,PATROL,5,7,-2.406,-1.409,2.525,,-2.342,-1.402,2.487
31.01,-2.433,-1.379,2.626,PATROL,5,7,-2.448,-1.383,2.636,,-2.383,-1.373,2.599
31.21,-2.483,-1.354,2.734,PATROL,5,7,-2.498,-1.359,2.744,,-2.433,-1.347,2.707
31.41,-2.540,-1.333,2.822,PATROL,5,7,-2.554,-1.338,2.832,,-2.489,-1.324,2.795
31.61,-2.602,-1.315,2.894,PATROL,5,7,-2.615,-1.321,2.904,,-2.552,-1.305,2.868
31.81,-2.669,-1.300,2.952,PATROL,5,7,-2.680,-1.307,2.962,,-2.617,-1.289,2.926
32.01,-2.727,-1.291,2.999,PATROL,5,7,-2.748,-1.297,3.009,,-2.675,-1.278,2.973
32.21,-2.799,-1.282,3.037,PATROL,5,7,-2.820,-1.289,3.047,,-2.747,-1.267,3.011
32.41,-2.873,-1.275,3.068,PATROL,5,7,-2.892,-1.283,3.078,,-2.821,-1.258,3.042
32.61,-2.948,-1.271,3.094,PATROL,5,7,-2.966,-1.279,3.103,,-2.896,-1.251,3.067
32.81,-3.025,-1.268,3.114,PATROL,5,7,-3.041,-1.277,3.124,,-2.974,-1.246,3.088
33.01,-3.103,-1.266,3.131,PATROL,5,7,-3.116,-1.277,3.141,,-3.052,-1.243,3.105
33.21,-3.181,-1.266,-3.138,PATROL,5,7,-3.192,-1.277,-3.129,,-3.131,-1.241,3.119
33.41,-3.247,-1.267,-3.127,PATROL,5,7,-3.270,-1.279,-3.117,,-3.196,-1.240,3.130
33.61,-3.326,-1.268,-3.117,PATROL,5,7,-3.349,-1.281,-3.107,,-3.274,-1.239,3.140
33.81,-3.406,-1.270,-3.109,PATROL,5,7,-3.427,-1.284,-3.100,,-3.354,-1.239,3.148
34.01,-3.486,-1.273,-3.103,PATROL,5,7,-3.505,-1.287,-3.093,,-3.435,-1.240,3.154
34.21,-3.566,-1.277,-3.097,PATROL,5,7,-3.584,-1.291,-3.087,,-3.515,-1.241,3.160
34.41,-3.647,-1.280,-3.092,PATROL,5,7,-3.663,-1.296,-3.083,,-3.595,-1.243,3.165
34.61,-3.727,-1.285,-3.088,PATROL,5,7,-3.742,-1.301,-3.079,,-3.676,-1.245,3.168
34.81,-3.808,-1.289,-3.085,PATROL,5,7,-3.821,-1.306,-3.076,,-3.756,-1.247,3.172
35.01,-3.889,-1.294,-3.082,PATROL,5,7,-3.900,-1.311,-3.073,,-3.837,-1.250,3.174
35.21,-3.956,-1.298,-3.080,PATROL,5,7,-3.980,-1.317,-3.071,,-3.905,-1.252,3.177
35.41,-4.037,-1.303,-3.078,PATROL,5,7,-4.059,-1.322,-3.069,,-3.986,-1.255,3.179
35.61,-4.118,-1.308,-3.077,PATROL,5,7,-4.138,-1.328,-3.067,,-4.067,-1.258,3.180
35.81,-4.200,-1.313,-3.075,PATROL,5,7,-4.218,-1.334,-3.066,,-4.149,-1.261,3.182
36.01,-4.281,-1.319,-3.074,PATROL,5,7,-4.297,-1.340,-3.064,,-4.230,-1.265,3.183
36.21,-4.362,-1.324,-3.073,PATROL,5,7,-4.377,-1.347,-3.063,,-4.311,-1.268,3.184
36.41,-4.443,-1.330,-3.072,PATROL,5,7,-4.457,-1.353,-3.062,,-4.393,-1.271,3.185
36.61,-4.524,-1.336,-3.071,PATROL,5,7,-4.536,-1.359,-3.062,,-4.474,-1.275,3.186
36.81,-4.592,-1.340,-3.071,PATROL,5,7,-4.615,-1.366,-3.061,,-4.542,-1.278,3.186
37.01,-4.673,-1.346,-3.070,PATROL,5,7,-4.695,-1.372,-3.060,,-4.623,-1.282,3.187
37.21,-4.755,-1.352,-3.069,PATROL,5,7,-4.775,-1.379,-3.060,,-4.705,-1.285,3.188
37.41,-4.836,-1.358,-3.069,PATROL,6,6,-4.854,-1.385,-3.059,,-4.786,-1.289,3.188
37.61,-4.911,-1.364,-3.069,PATROL,6,6,-4.928,-1.392,-3.060,,-4.861,-1.293,3.188
37.81,-4.989,-1.369,-3.083,PATROL,6,6,-5.004,-1.397,-3.073,,-4.940,-1.296,3.174
38.01,-5.068,-1.373,-3.095,PATROL,6,6,-5.081,-1.402,-3.085,,-5.019,-1.298,3.162
38.21,-5.147,-1.376,-3.104,PATROL,6,6,-5.159,-1.406,-3.095,,-5.098,-1.299,3.153
38.41,-5.227,-1.379,-3.112,PATROL,6,6,-5.237,-1.409,-3.103,,-5.178,-1.300,3.145
38.61,-5.293,-1.381,-3.119,PATROL,6,6,-5.315,-1.412,-3.109,,-5.244,-1.300,3.138
38.81,-5.374,-1.382,-3.124,PATROL,6,6,-5.394,-1.414,-3.114,,-5.325,-1.299,3.133
39.01,-5.454,-1.384,-3.128,PATROL,6,6,-5.473,-1.416,-3.118,,-5.405,-1.299,3.129
39.21,-5.535,-1.385,-3.132,PATROL,6,6,-5.552,-1.418,-3.122,,-5.486,-1.297,3.125
39.41,-5.616,-1.385,-3.134,PATROL,6,6,-5.631,-1.420,-3.125,,-5.567,-1.296,3.123
39.61,-5.697,-1.386,-3.137,PATROL,6,6,-5.711,-1.421,-3.127,,-5.648,-1.294,3.120
39.81,-5.778,-1.386,-3.139,PATROL,6,6,-5.790,-1.422,-3.129,,-5.729,-1.293,3.118
40.01,-5.859,-1.386,-3.140,PATROL,6,6,-5.870,-1.423,-3.131,,-5.810,-1.291,3.117
40.21,-5.927,-1.386,3.142,PATROL,6,6,-5.949,-1.424,-3.132,,-5.878,-1.289,3.115
40.41,-6.008,-1.386,3.140,ALIGN,6,6,-6.029,-1.424,-3.133,ball_13,-5.959,-1.287,3.114
40.61,-6.067,-1.386,3.130,ALIGN,6,6,-6.085,-1.425,3.139,ball_13,-6.019,-1.285,3.103
40.81,-6.087,-1.386,3.105,ALIGN,6,6,-6.104,-1.425,3.113,ball_13,-6.038,-1.284,3.078
41.01,-6.088,-1.386,3.002,ALIGN,6,6,-6.106,-1.425,3.008,ball_13,-6.039,-1.284,2.978
41.21,-6.088,-1.386,2.895,ALIGN,6,6,-6.106,-1.426,2.898,ball_13,-6.039,-1.284,2.875
41.41,-6.088,-1.386,2.800,ALIGN,6,6,-6.104,-1.427,2.803,ball_13,-6.039,-1.284,2.784
41.61,-6.088,-1.386,2.738,ALIGN,6,6,-6.103,-1.428,2.742,ball_13,-6.039,-1.284,2.725
41.81,-6.088,-1.386,2.696,APPROACH,6,6,-6.102,-1.429,2.701,ball_13,-6.039,-1.284,2.684
42.01,-6.103,-1.378,2.647,APPROACH,6,6,-6.120,-1.420,2.652,ball_13,-6.054,-1.276,2.635
42.21,-6.150,-1.351,2.626,APPROACH,6,6,-6.167,-1.393,2.632,ball_13,-6.101,-1.249,2.614
42.41,-6.203,-1.321,2.626,APPROACH,6,6,-6.219,-1.364,2.631,ball_13,-6.154,-1.218,2.614
42.61,-6.256,-1.291,2.626,APPROACH,6,6,-6.272,-1.335,2.631,ball_13,-6.206,-1.187,2.614
42.81,-6.310,-1.261,2.626,APPROACH,6,6,-6.324,-1.306,2.631,ball_13,-6.259,-1.156,2.614
43.01,-6.363,-1.231,2.626,APPROACH,6,6,-6.376,-1.276,2.631,ball_13,-6.312,-1.126,2.613
43.21,-6.416,-1.200,2.625,APPROACH,6,6,-6.428,-1.247,2.631,ball_13,-6.365,-1.095,2.613
43.41,-6.469,-1.170,2.625,APPROACH,6,6,-6.481,-1.218,2.630,ball_13,-6.418,-1.064,2.613
43.61,-6.514,-1.145,2.625,APPROACH,6,6,-6.533,-1.188,2.630,ball_13,-6.462,-1.038,2.613
43.81,-6.567,-1.115,2.625,APPROACH,6,6,-6.585,-1.159,2.630,ball_13,-6.515,-1.007,2.613
44.01,-6.620,-1.085,2.625,APPROACH,6,6,-6.638,-1.130,2.630,ball_13,-6.568,-0.976,2.613
44.21,-6.673,-1.054,2.625,APPROACH,6,6,-6.690,-1.100,2.630,ball_13,-6.621,-0.945,2.613
44.41,-6.727,-1.024,2.625,APPROACH,6,6,-6.742,-1.071,2.630,ball_13,-6.674,-0.915,2.613
44.61,-6.780,-0.994,2.625,APPROACH,6,6,-6.795,-1.042,2.630,ball_13,-6.726,-0.884,2.613
44.81,-6.833,-0.964,2.625,APPROACH,6,6,-6.847,-1.012,2.630,ball_13,-6.779,-0.853,2.613
45.01,-6.886,-0.933,2.625,APPROACH,6,6,-6.899,-0.983,2.630,ball_13,-6.832,-0.822,2.613
45.21,-6.931,-0.908,2.625,APPROACH,6,6,-6.951,-0.954,2.630,ball_13,-6.876,-0.796,2.612
45.41,-6.984,-0.878,2.625,APPROACH,6,6,-7.004,-0.924,2.630,ball_13,-6.929,-0.765,2.612
45.61,-7.037,-0.848,2.624,APPROACH,6,6,-7.056,-0.895,2.629,ball_13,-6.982,-0.734,2.612
45.81,-7.090,-0.818,2.624,APPROACH,6,6,-7.108,-0.865,2.630,ball_13,-7.035,-0.703,2.612
46.01,-7.143,-0.787,2.624,APPROACH,6,6,-7.161,-0.836,2.630,ball_13,-7.088,-0.672,2.612
46.21,-7.197,-0.757,2.624,APPROACH,6,6,-7.213,-0.807,2.629,ball_13,-7.140,-0.642,2.612
46.41,-7.250,-0.727,2.624,APPROACH,6,6,-7.265,-0.777,2.629,ball_13,-7.193,-0.611,2.612
46.61,-7.303,-0.696,2.624,APPROACH,6,6,-7.317,-0.748,2.629,ball_13,-7.246,-0.580,2.612
46.81,-7.347,-0.671,2.624,APPROACH,6,6,-7.370,-0.718,2.629,ball_13,-7.290,-0.554,2.612
47.01,-7.400,-0.641,2.624,APPROACH,6,6,-7.422,-0.689,2.629,ball_13,-7.343,-0.523,2.612
47.21,-7.454,-0.611,2.624,APPROACH,6,6,-7.474,-0.660,2.629,ball_13,-7.396,-0.492,2.612
47.41,-7.507,-0.580,2.624,APPROACH,6,6,-7.526,-0.630,2.629,ball_13,-7.449,-0.461,2.612
47.61,-7.560,-0.550,2.624,APPROACH,6,6,-7.579,-0.601,2.629,ball_13,-7.502,-0.430,2.612
47.81,-7.613,-0.520,2.624,APPROACH,6,6,-7.631,-0.571,2.629,ball_13,-7.554,-0.399,2.612
48.01,-7.666,-0.490,2.624,APPROACH,6,6,-7.683,-0.542,2.629,ball_13,-7.607,-0.368,2.612
48.21,-7.720,-0.459,2.624,APPROACH,6,6,-7.735,-0.513,2.629,ball_13,-7.660,-0.337,2.611
48.41,-7.773,-0.429,2.624,APPROACH,6,6,-7.788,-0.483,2.629,ball_13,-7.713,-0.306,2.611
48.61,-7.817,-0.404,2.624,APPROACH,6,6,-7.840,-0.454,2.629,ball_13,-7.757,-0.280,2.611
48.81,-7.870,-0.373,2.623,APPROACH,6,6,-7.892,-0.424,2.628,ball_13,-7.810,-0.250,2.611
49.01,-7.923,-0.343,2.623,APPROACH,6,6,-7.945,-0.395,2.628,ball_13,-7.862,-0.219,2.611
49.21,-7.976,-0.313,2.623,APPROACH,6,6,-7.997,-0.365,2.628,ball_13,-7.915,-0.188,2.611
49.41,-8.030,-0.282,2.623,APPROACH,6,6,-8.049,-0.336,2.628,ball_13,-7.968,-0.157,2.611
49.61,-8.083,-0.252,2.623,APPROACH,6,6,-8.101,-0.307,2.628,ball_13,-8.021,-0.126,2.611
49.81,-8.136,-0.222,2.623,APPROACH,6,6,-8.153,-0.277,2.628,ball_13,-8.074,-0.095,2.611
50.01,-8.189,-0.191,2.623,APPROACH,6,6,-8.206,-0.248,2.628,ball_13,-8.127,-0.064,2.611
50.21,-8.233,-0.166,2.623,APPROACH,6,6,-8.258,-0.218,2.628,ball_13,-8.171,-0.038,2.610
50.41,-8.287,-0.136,2.622,APPROACH,6,6,-8.310,-0.189,2.628,ball_13,-8.223,-0.007,2.610
50.61,-8.340,-0.105,2.622,APPROACH,6,6,-8.362,-0.159,2.627,ball_13,-8.276,0.024,2.610
50.81,-8.393,-0.075,2.622,APPROACH,6,6,-8.415,-0.130,2.627,ball_13,-8.329,0.055,2.610
51.01,-8.446,-0.045,2.622,APPROACH,6,6,-8.467,-0.100,2.627,ball_13,-8.382,0.086,2.610
51.21,-8.499,-0.014,2.622,APPROACH,6,6,-8.519,-0.071,2.627,ball_13,-8.434,0.117,2.609
51.41,-8.552,0.016,2.621,APPROACH,6,6,-8.571,-0.041,2.626,ball_13,-8.487,0.149,2.609
51.61,-8.605,0.047,2.621,APPROACH,6,6,-8.623,-0.012,2.626,ball_13,-8.540,0.180,2.609
51.81,-8.649,0.072,2.622,APPROACH,6,6,-8.675,0.018,2.627,ball_10,-8.584,0.206,2.610
52.01,-8.703,0.101,2.666,APPROACH,6,6,-8.728,0.046,2.671,ball_10,-8.637,0.236,2.654
52.21,-8.758,0.128,2.706,APPROACH,6,6,-8.782,0.072,2.712,ball_10,-8.692,0.263,2.694
52.41,-8.814,0.153,2.742,APPROACH,6,6,-8.837,0.096,2.748,ball_10,-8.747,0.289,2.730
52.61,-8.871,0.176,2.774,APPROACH,6,6,-8.893,0.119,2.780,ball_10,-8.804,0.312,2.762
52.81,-8.928,0.197,2.803,APPROACH,6,6,-8.949,0.139,2.808,ball_10,-8.861,0.334,2.791
53.01,-8.986,0.217,2.828,APPROACH,6,6,-9.006,0.158,2.833,ball_10,-8.919,0.355,2.816
53.21,-9.044,0.235,2.850,APPROACH,6,6,-9.063,0.176,2.855,ball_10,-8.977,0.373,2.838
53.41,-9.103,0.252,2.870,APPROACH,6,6,-9.121,0.192,2.875,ball_10,-9.036,0.391,2.858
53.61,-9.153,0.265,2.887,APPROACH,6,6,-9.179,0.207,2.893,ball_10,-9.085,0.405,2.875
53.81,-9.212,0.280,2.903,APPROACH,6,6,-9.237,0.222,2.908,ball_10,-9.144,0.421,2.891
54.01,-9.271,0.294,2.917,APPROACH,6,6,-9.296,0.235,2.922,ball_10,-9.203,0.435,2.905
54.21,-9.331,0.307,2.930,APPROACH,6,6,-9.355,0.248,2.935,ball_10,-9.263,0.449,2.918
54.41,-9.391,0.320,2.941,APPROACH,6,6,-9.413,0.260,2.946,ball_10,-9.323,0.463,2.929
54.61,-9.451,0.332,2.951,APPROACH,6,6,-9.472,0.271,2.956,ball_10,-9.383,0.475,2.939
54.81,-9.511,0.343,2.960,APPROACH,6,6,-9.531,0.282,2.965,ball_10,-9.443,0.487,2.948
55.01,-9.571,0.354,2.968,APPROACH,6,6,-9.591,0.292,2.973,ball_10,-9.503,0.499,2.956
55.21,-9.622,0.363,2.975,APPROACH,6,6,-9.650,0.302,2.981,ball_10,-9.553,0.508,2.963
55.41,-9.682,0.373,2.982,APPROACH,6,6,-9.709,0.311,2.987,ball_10,-9.613,0.519,2.970
55.61,-9.743,0.382,2.988,APPROACH,6,6,-9.768,0.320,2.993,ball_10,-9.674,0.529,2.976
55.81,-9.803,0.391,2.993,APPROACH,6,6,-9.827,0.329,2.998,ball_10,-9.734,0.539,2.981
56.01,-9.864,0.400,2.998,APPROACH,6,6,-9.887,0.337,3.004,ball_10,-9.795,0.548,2.986
56.21,-9.924,0.409,3.003,APPROACH,6,6,-9.946,0.346,3.008,ball_10,-9.855,0.558,2.991
56.41,-9.985,0.417,3.007,APPROACH,6,6,-10.006,0.353,3.012,ball_10,-9.916,0.567,2.995
56.61,-10.046,0.425,3.011,APPROACH,6,6,-10.065,0.361,3.016,ball_10,-9.976,0.576,2.999
56.81,-10.096,0.432,3.014,APPROACH,6,6,-10.125,0.369,3.019,ball_10,-10.027,0.583,3.002
57.01,-10.157,0.439,3.017,APPROACH,6,6,-10.184,0.376,3.022,ball_10,-10.087,0.591,3.005
57.21,-10.218,0.447,3.020,APPROACH,6,6,-10.244,0.383,3.025,ball_10,-10.148,0.600,3.008
57.41,-10.278,0.454,3.023,APPROACH,6,6,-10.303,0.390,3.028,ball_10,-10.209,0.608,3.011
57.61,-10.339,0.461,3.026,APPROACH,6,6,-10.363,0.396,3.031,ball_10,-10.269,0.616,3.014
57.81,-10.400,0.468,3.028,APPROACH,6,6,-10.423,0.403,3.033,ball_10,-10.330,0.623,3.016
58.01,-10.461,0.475,3.030,APPROACH,6,6,-10.482,0.409,3.035,ball_10,-10.391,0.631,3.018
58.21,-10.522,0.482,3.033,APPROACH,6,6,-10.542,0.416,3.038,ball_10,-10.452,0.638,3.021
58.41,-10.572,0.488,3.035,APPROACH,6,6,-10.602,0.422,3.040,ball_10,-10.503,0.644,3.023
58.61,-10.633,0.494,3.038,APPROACH,6,6,-10.661,0.428,3.043,ball_10,-10.563,0.652,3.026
58.81,-10.694,0.500,3.040,APPROACH,6,6,-10.721,0.434,3.045,ball_10,-10.624,0.659,3.028
59.01,-10.755,0.506,3.043,APPROACH,6,6,-10.781,0.439,3.048,,-10.685,0.665,3.031
59.21,-10.816,0.512,3.047,APPROACH,6,6,-10.840,0.445,3.052,,-10.746,0.672,3.035
59.41,-10.877,0.518,3.051,BLIND_DASH,6,6,-10.900,0.450,3.056,,-10.807,0.678,3.039
59.61,-10.938,0.524,3.050,BLIND_DASH,6,6,-10.960,0.455,3.055,,-10.868,0.685,3.039
59.81,-10.999,0.529,3.050,BLIND_DASH,6,6,-11.019,0.460,3.055,,-10.928,0.691,3.038
60.01,-11.060,0.535,3.050,BLIND_DASH,6,6,-11.079,0.465,3.055,,-10.989,0.697,3.038
60.21,-11.110,0.539,3.050,BLIND_DASH,6,6,-11.139,0.471,3.055,,-11.040,0.703,3.038
60.41,-11.171,0.545,3.050,BLIND_DASH,6,6,-11.199,0.476,3.055,,-11.101,0.709,3.038
60.61,-11.232,0.551,3.050,BLIND_DASH,6,6,-11.258,0.481,3.055,,-11.162,0.715,3.038
60.81,-11.293,0.556,3.050,BLIND_DASH,6,6,-11.318,0.486,3.055,,-11.223,0.722,3.038
61.01,-11.354,0.562,3.050,BLIND_DASH,6,6,-11.378,0.491,3.055,,-11.284,0.728,3.038
61.21,-11.415,0.567,3.050,BLIND_DASH,6,6,-11.438,0.497,3.055,,-11.345,0.734,3.038
61.41,-11.476,0.573,3.049,PATROL,6,6,-11.498,0.502,3.054,,-11.406,0.741,3.037
61.61,-11.513,0.576,3.097,PATROL,6,6,-11.537,0.504,3.102,,-11.443,0.744,3.085
61.81,-11.517,0.576,-3.104,PATROL,6,6,-11.543,0.505,-3.100,,-11.447,0.744,3.165
62.01,-11.517,0.576,-2.993,PATROL,6,6,-11.544,0.506,-2.989,,-11.447,0.744,3.274
62.21,-11.517,0.576,-2.884,PATROL,6,6,-11.544,0.506,-2.879,,-11.447,0.744,3.381
62.41,-11.517,0.576,-2.776,PATROL,6,6,-11.544,0.507,-2.770,,-11.447,0.744,3.490
62.61,-11.517,0.576,-2.677,PATROL,6,6,-11.543,0.506,-2.671,,-11.447,0.744,3.589
62.81,-11.517,0.576,-2.568,PATROL,6,6,-11.544,0.506,-2.561,,-11.447,0.744,3.698
63.01,-11.517,0.576,-2.463,PATROL,6,6,-11.544,0.505,-2.456,,-11.447,0.744,3.804
63.21,-11.517,0.576,-2.357,PATROL,6,6,-11.545,0.505,-2.351,,-11.447,0.744,3.909
63.41,-11.517,0.576,-2.251,PATROL,6,6,-11.545,0.504,-2.245,,-11.447,0.744,4.016
63.61,-11.517,0.576,-2.143,PATROL,6,6,-11.545,0.504,-2.137,,-11.447,0.744,4.124
63.81,-11.517,0.576,-2.034,PATROL,6,6,-11.545,0.504,-2.028,,-11.447,0.744,4.233
64.01,-11.518,0.574,-1.925,PATROL,6,6,-11.546,0.501,-1.919,,-11.448,0.742,4.342
64.21,-11.521,0.566,-1.815,PATROL,6,6,-11.548,0.493,-1.809,,-11.450,0.735,4.452
64.41,-11.523,0.553,-1.704,PATROL,6,6,-11.551,0.480,-1.699,,-11.453,0.721,4.562
64.61,-11.524,0.533,-1.594,PATROL,6,6,-11.552,0.461,-1.588,,-11.455,0.702,4.673
64.81,-11.524,0.508,-1.484,PATROL,6,6,-11.551,0.437,-1.478,,-11.454,0.677,4.783
65.01,-11.519,0.478,-1.373,ALIGN,6,6,-11.547,0.407,-1.367,ball_6,-11.450,0.646,4.894
65.21,-11.517,0.469,-1.263,ALIGN,6,6,-11.544,0.396,-1.256,ball_6,-11.448,0.638,5.005
65.41,-11.517,0.469,-1.152,ALIGN,6,6,-11.544,0.396,-1.146,ball_6,-11.448,0.638,5.116
65.61,-11.517,0.469,-1.048,ALIGN,6,6,-11.544,0.396,-1.042,ball_6,-11.448,0.638,5.218
65.81,-11.517,0.469,-0.940,ALIGN,6,6,-11.543,0.396,-0.935,ball_6,-11.448,0.638,5.327
66.01,-11.517,0.469,-0.860,ALIGN,6,6,-11.543,0.396,-0.854,ball_6,-11.448,0.637,5.407
66.21,-11.517,0.469,-0.809,APPROACH,6,6,-11.543,0.395,-0.804,ball_6,-11.448,0.637,5.457
66.41,-11.513,0.465,-0.761,APPROACH,6,6,-11.539,0.392,-0.755,ball_6,-11.444,0.633,5.506
66.61,-11.481,0.437,-0.709,APPROACH,6,6,-11.510,0.366,-0.704,ball_6,-11.413,0.605,5.558
66.81,-11.443,0.404,-0.715,APPROACH,6,6,-11.465,0.328,-0.709,ball_6,-11.375,0.571,5.552
67.01,-11.396,0.364,-0.714,APPROACH,6,6,-11.420,0.289,-0.708,ball_6,-11.329,0.530,5.553
67.21,-11.350,0.324,-0.714,APPROACH,6,6,-11.374,0.250,-0.709,ball_6,-11.284,0.489,5.553
67.41,-11.304,0.284,-0.715,APPROACH,6,6,-11.329,0.211,-0.709,ball_6,-11.238,0.449,5.552
67.61,-11.258,0.244,-0.715,APPROACH,6,6,-11.283,0.172,-0.710,ball_6,-11.193,0.408,5.552
67.81,-11.211,0.204,-0.715,APPROACH,6,6,-11.238,0.133,-0.710,ball_6,-11.147,0.367,5.552
68.01,-11.165,0.164,-0.715,APPROACH,6,6,-11.192,0.094,-0.710,ball_6,-11.101,0.326,5.551
68.21,-11.119,0.123,-0.716,APPROACH,6,6,-11.147,0.055,-0.710,ball_6,-11.056,0.285,5.551
68.41,-11.081,0.090,-0.716,APPROACH,6,6,-11.102,0.016,-0.711,ball_6,-11.018,0.251,5.551
68.61,-11.034,0.050,-0.716,APPROACH,6,6,-11.056,-0.024,-0.711,ball_6,-10.972,0.210,5.551
68.81,-10.988,0.010,-0.717,APPROACH,6,6,-11.010,-0.063,-0.711,ball_6,-10.927,0.169,5.550
69.01,-10.942,-0.031,-0.717,APPROACH,6,6,-10.965,-0.102,-0.712,ball_6,-10.881,0.128,5.550
69.21,-10.896,-0.071,-0.717,APPROACH,6,6,-10.920,-0.141,-0.712,ball_6,-10.836,0.087,5.550
69.41,-10.850,-0.111,-0.718,APPROACH,6,6,-10.874,-0.180,-0.712,ball_6,-10.790,0.046,5.549
69.61,-10.804,-0.151,-0.718,APPROACH,6,6,-10.829,-0.219,-0.713,ball_6,-10.745,0.005,5.549
69.81,-10.758,-0.192,-0.718,APPROACH,6,6,-10.783,-0.259,-0.713,ball_6,-10.699,-0.036,5.549
70.01,-10.712,-0.232,-0.719,APPROACH,6,6,-10.738,-0.298,-0.713,ball_6,-10.654,-0.077,5.548
70.21,-10.673,-0.265,-0.719,APPROACH,6,6,-10.693,-0.337,-0.714,ball_6,-10.616,-0.111,5.548
70.41,-10.627,-0.306,-0.720,APPROACH,6,6,-10.648,-0.376,-0.715,ball_6,-10.571,-0.152,5.547
70.61,-10.581,-0.346,-0.717,APPROACH,6,6,-10.602,-0.416,-0.712,,-10.525,-0.193,5.550
70.81,-10.535,-0.386,-0.714,BLIND_DASH,6,6,-10.557,-0.455,-0.709,,-10.480,-0.234,5.553
71.01,-10.489,-0.426,-0.714,BLIND_DASH,6,6,-10.511,-0.494,-0.709,,-10.434,-0.275,5.553
71.21,-10.442,-0.466,-0.714,BLIND_DASH,6,6,-10.466,-0.533,-0.709,,-10.389,-0.316,5.553
71.41,-10.396,-0.506,-0.714,BLIND_DASH,6,6,-10.420,-0.572,-0.709,,-10.343,-0.357,5.553
71.61,-10.350,-0.547,-0.714,BLIND_DASH,6,6,-10.375,-0.611,-0.709,,-10.297,-0.398,5.553
71.81,-10.311,-0.580,-0.714,BLIND_DASH,6,6,-10.329,-0.650,-0.709,,-10.259,-0.432,5.553
72.01,-10.265,-0.620,-0.714,BLIND_DASH,6,6,-10.284,-0.689,-0.709,,-10.214,-0.473,5.553
72.21,-10.219,-0.660,-0.714,BLIND_DASH,6,6,-10.238,-0.728,-0.709,,-10.168,-0.514,5.553
72.41,-10.173,-0.700,-0.714,BLIND_DASH,6,6,-10.192,-0.767,-0.709,,-10.123,-0.554,5.553
72.61,-10.126,-0.740,-0.714,BLIND_DASH,6,6,-10.147,-0.806,-0.709,,-10.077,-0.595,5.553
72.81,-10.080,-0.780,-0.714,PATROL,6,6,-10.102,-0.845,-0.709,,-10.031,-0.636,5.553
73.01,-10.034,-0.818,-0.643,PATROL,6,6,-10.056,-0.882,-0.637,,-9.986,-0.674,5.624
73.21,-9.983,-0.853,-0.558,PATROL,6,6,-10.006,-0.916,-0.552,,-9.935,-0.710,5.709
73.41,-9.935,-0.880,-0.489,PATROL,6,6,-9.950,-0.947,-0.484,,-9.888,-0.738,5.778
73.61,-9.874,-0.911,-0.434,PATROL,6,6,-9.889,-0.977,-0.428,,-9.827,-0.770,5.833
73.81,-9.809,-0.939,-0.389,PATROL,6,6,-9.825,-1.005,-0.384,,-9.763,-0.799,5.878
74.01,-9.741,-0.966,-0.353,PATROL,6,6,-9.758,-1.030,-0.347,,-9.695,-0.827,5.914
74.21,-9.671,-0.990,-0.323,PATROL,6,6,-9.689,-1.054,-0.317,,-9.625,-0.853,5.944
74.41,-9.598,-1.013,-0.298,PATROL,6,6,-9.618,-1.076,-0.293,,-9.553,-0.877,5.969
74.61,-9.525,-1.035,-0.278,PATROL,6,6,-9.546,-1.097,-0.273,,-9.480,-0.900,5.989
74.81,-9.450,-1.056,-0.261,PATROL,6,6,-9.472,-1.117,-0.256,,-9.405,-0.922,6.006
75.01,-9.374,-1.075,-0.247,PATROL,6,6,-9.398,-1.136,-0.242,,-9.330,-0.943,6.020
75.21,-9.310,-1.091,-0.236,PATROL,6,6,-9.323,-1.154,-0.231,,-9.266,-0.959,6.031
75.41,-9.233,-1.109,-0.226,PATROL,6,6,-9.247,-1.171,-0.221,,-9.189,-0.979,6.041
75.61,-9.155,-1.127,-0.218,PATROL,6,6,-9.171,-1.188,-0.213,,-9.112,-0.998,6.049
75.81,-9.077,-1.144,-0.212,PATROL,6,6,-9.094,-1.204,-0.206,,-9.034,-1.016,6.055
76.01,-8.999,-1.161,-0.206,PATROL,6,6,-9.017,-1.220,-0.201,,-8.956,-1.034,6.061
76.21,-8.920,-1.177,-0.201,PATROL,6,6,-8.940,-1.236,-0.196,,-8.877,-1.052,6.066
76.41,-8.841,-1.193,-0.197,PATROL,6,6,-8.862,-1.251,-0.192,,-8.798,-1.069,6.070
76.61,-8.762,-1.208,-0.193,PATROL,6,6,-8.785,-1.266,-0.188,,-8.719,-1.086,6.074
76.81,-8.696,-1.221,-0.190,PATROL,6,6,-8.707,-1.281,-0.185,,-8.653,-1.100,6.077
77.01,-8.616,-1.236,-0.188,PATROL,6,6,-8.629,-1.295,-0.182,,-8.574,-1.116,6.079
77.21,-8.536,-1.251,-0.185,PATROL,6,6,-8.551,-1.309,-0.180,,-8.495,-1.132,6.082
77.41,-8.457,-1.266,-0.183,PATROL,6,6,-8.472,-1.323,-0.178,,-8.415,-1.149,6.084
77.61,-8.377,-1.281,-0.181,PATROL,6,6,-8.394,-1.337,-0.176,,-8.336,-1.165,6.086
77.81,-8.297,-1.296,-0.180,PATROL,6,6,-8.316,-1.351,-0.174,,-8.256,-1.180,6.088
78.01,-8.217,-1.310,-0.178,PATROL,6,6,-8.238,-1.365,-0.172,,-8.176,-1.196,6.089
78.21,-8.137,-1.324,-0.176,PATROL,6,6,-8.159,-1.379,-0.171,,-8.097,-1.212,6.091
78.41,-8.071,-1.336,-0.174,PATROL,7,5,-8.081,-1.392,-0.169,,-8.030,-1.225,6.093
78.61,-8.018,-1.344,-0.125,PATROL,7,5,-8.033,-1.399,-0.118,,-7.978,-1.234,6.143
78.81,-8.001,-1.346,-0.128,PATROL,7,5,-8.017,-1.401,-0.122,,-7.961,-1.236,6.140
79.01,-8.000,-1.347,-0.232,PATROL,7,5,-8.017,-1.400,-0.226,,-7.960,-1.236,6.038
79.21,-8.000,-1.347,-0.340,PATROL,7,5,-8.018,-1.400,-0.336,,-7.960,-1.236,5.928
79.41,-8.000,-1.347,-0.443,PATROL,7,5,-8.018,-1.400,-0.439,,-7.960,-1.236,5.825
79.61,-8.000,-1.347,-0.553,PATROL,7,5,-8.018,-1.400,-0.549,,-7.960,-1.236,5.715
79.81,-8.000,-1.347,-0.664,PATROL,7,5,-8.018,-1.400,-0.660,,-7.960,-1.236,5.604
80.01,-8.000,-1.347,-0.775,PATROL,7,5,-8.019,-1.400,-0.771,,-7.960,-1.236,5.493
80.21,-8.000,-1.347,-0.885,PATROL,7,5,-8.019,-1.400,-0.881,,-7.960,-1.236,5.383
80.41,-8.000,-1.347,-0.996,PATROL,7,5,-8.019,-1.400,-0.992,,-7.960,-1.236,5.272
80.61,-8.000,-1.347,-1.107,PATROL,7,5,-8.019,-1.399,-1.103,,-7.960,-1.236,5.161
80.81,-8.000,-1.347,-1.217,PATROL,7,5,-8.019,-1.399,-1.213,,-7.960,-1.236,5.050
81.01,-8.000,-1.347,-1.329,PATROL,7,5,-8.019,-1.399,-1.324,,-7.960,-1.236,4.939
81.21,-8.000,-1.347,-1.439,PATROL,7,5,-8.019,-1.399,-1.435,,-7.960,-1.236,4.829
81.41,-8.000,-1.347,-1.550,PATROL,7,5,-8.019,-1.399,-1.545,,-7.960,-1.236,4.718
81.61,-8.000,-1.348,-1.660,PATROL,7,5,-8.019,-1.399,-1.656,,-7.960,-1.237,4.607
81.81,-8.001,-1.353,-1.770,PATROL,7,5,-8.020,-1.405,-1.766,,-7.961,-1.242,4.497
82.01,-8.004,-1.364,-1.880,PATROL,7,5,-8.023,-1.416,-1.876,,-7.964,-1.254,4.387
82.21,-8.010,-1.380,-1.990,PATROL,7,5,-8.029,-1.432,-1.985,,-7.970,-1.269,4.277
82.41,-8.020,-1.400,-2.100,PATROL,7,5,-8.039,-1.451,-2.096,,-7.981,-1.289,4.168
82.61,-8.036,-1.423,-2.209,PATROL,7,5,-8.054,-1.474,-2.205,,-7.997,-1.312,4.058
82.81,-8.057,-1.449,-2.319,PATROL,7,5,-8.074,-1.499,-2.315,,-8.019,-1.338,3.948
83.01,-8.085,-1.476,-2.430,PATROL,7,5,-8.101,-1.525,-2.425,,-8.047,-1.364,3.838
83.21,-8.120,-1.502,-2.539,PATROL,7,5,-8.134,-1.550,-2.535,,-8.082,-1.390,3.728
83.41,-8.155,-1.523,-2.649,PATROL,7,5,-8.174,-1.575,-2.645,,-8.117,-1.410,3.618
83.61,-8.203,-1.546,-2.759,PATROL,7,5,-8.221,-1.597,-2.755,,-8.166,-1.433,3.508
83.81,-8.259,-1.566,-2.855,PATROL,7,5,-8.275,-1.616,-2.851,,-8.222,-1.451,3.412
84.01,-8.320,-1.581,-2.933,PATROL,7,5,-8.334,-1.631,-2.928,,-8.283,-1.466,3.334
84.21,-8.385,-1.593,-2.996,PATROL,7,5,-8.398,-1.643,-2.991,,-8.349,-1.476,3.271
84.41,-8.455,-1.601,-3.048,PATROL,7,5,-8.465,-1.651,-3.043,,-8.418,-1.483,3.219
84.61,-8.526,-1.606,-3.089,PATROL,7,5,-8.535,-1.657,-3.085,,-8.490,-1.487,3.178
84.81,-8.600,-1.608,-3.124,PATROL,7,5,-8.607,-1.659,-3.120,,-8.564,-1.488,3.142
85.01,-8.662,-1.609,3.130,PATROL,7,5,-8.681,-1.660,3.135,,-8.626,-1.488,3.114
85.21,-8.738,-1.607,3.107,PATROL,7,5,-8.755,-1.659,3.112,,-8.702,-1.485,3.091
85.41,-8.815,-1.604,3.088,PATROL,7,5,-8.830,-1.656,3.093,,-8.779,-1.480,3.072
85.61,-8.893,-1.599,3.073,PATROL,7,5,-8.907,-1.651,3.078,,-8.857,-1.474,3.057
85.81,-8.971,-1.593,3.060,PATROL,7,5,-8.983,-1.646,3.065,,-8.935,-1.467,3.044
86.01,-9.050,-1.586,3.049,PATROL,7,5,-9.060,-1.640,3.053,,-9.014,-1.459,3.032
86.21,-9.129,-1.578,3.040,PATROL,7,5,-9.138,-1.632,3.044,,-9.093,-1.450,3.023
86.41,-9.209,-1.570,3.032,PATROL,7,5,-9.215,-1.625,3.037,,-9.172,-1.440,3.016
86.61,-9.275,-1.562,3.026,PATROL,7,5,-9.294,-1.616,3.031,,-9.239,-1.431,3.009
86.81,-9.355,-1.553,3.021,PATROL,7,5,-9.372,-1.607,3.025,,-9.318,-1.420,3.004
87.01,-9.435,-1.543,3.016,PATROL,7,5,-9.450,-1.598,3.021,,-9.398,-1.409,3.000
87.21,-9.515,-1.533,3.012,PATROL,7,5,-9.529,-1.588,3.017,,-9.478,-1.398,2.996
87.41,-9.595,-1.522,3.009,PATROL,7,5,-9.608,-1.578,3.014,,-9.558,-1.386,2.993
87.61,-9.676,-1.511,3.007,PATROL,7,5,-9.686,-1.568,3.012,,-9.638,-1.374,2.990
87.81,-9.756,-1.500,3.005,PATROL,7,5,-9.765,-1.558,3.009,,-9.719,-1.361,2.988
88.01,-9.837,-1.489,3.003,PATROL,7,5,-9.844,-1.547,3.008,,-9.799,-1.349,2.986
88.21,-9.917,-1.478,3.001,PATROL,7,5,-9.923,-1.537,3.006,,-9.879,-1.336,2.985
88.41,-9.984,-1.468,2.999,PATROL,7,5,-10.002,-1.526,3.004,,-9.946,-1.326,2.983
88.61,-10.065,-1.457,2.998,PATROL,7,5,-10.081,-1.515,3.003,,-10.026,-1.313,2.982
88.81,-10.145,-1.445,2.997,PATROL,7,5,-10.160,-1.504,3.002,,-10.107,-1.300,2.981
89.01,-10.226,-1.433,2.996,PATROL,7,5,-10.239,-1.493,3.001,,-10.187,-1.287,2.980
89.21,-10.306,-1.421,2.995,PATROL,7,5,-10.318,-1.481,3.000,,-10.268,-1.273,2.979
89.41,-10.387,-1.409,2.994,PATROL,8,9,-10.397,-1.470,2.999,,-10.348,-1.260,2.978
89.61,-10.433,-1.402,2.941,PATROL,8,9,-10.444,-1.462,2.945,,-10.394,-1.252,2.924
89.81,-10.450,-1.397,2.850,PATROL,8,9,-10.461,-1.459,2.853,,-10.411,-1.247,2.833
90.01,-10.465,-1.392,2.741,PATROL,8,9,-10.478,-1.453,2.745,,-10.426,-1.241,2.725
90.21,-10.486,-1.382,2.640,PATROL,8,9,-10.497,-1.443,2.644,,-10.447,-1.231,2.624
90.41,-10.511,-1.367,2.531,PATROL,8,9,-10.521,-1.428,2.534,,-10.472,-1.215,2.515
90.61,-10.538,-1.345,2.419,PATROL,8,9,-10.547,-1.407,2.423,,-10.498,-1.194,2.403
90.81,-10.566,-1.317,2.310,PATROL,8,9,-10.575,-1.381,2.314,,-10.526,-1.165,2.294
91.01,-10.595,-1.282,2.201,ALIGN,8,9,-10.602,-1.347,2.205,ball_14,-10.554,-1.130,2.185
91.21,-10.609,-1.261,2.092,ALIGN,8,9,-10.617,-1.326,2.095,ball_11,-10.568,-1.108,2.075
91.41,-10.609,-1.261,1.982,ALIGN,8,9,-10.617,-1.326,1.985,ball_11,-10.568,-1.108,1.965
91.61,-10.609,-1.261,1.870,ALIGN,8,9,-10.617,-1.326,1.874,ball_11,-10.568,-1.108,1.854
91.81,-10.609,-1.261,1.768,ALIGN,8,9,-10.617,-1.326,1.773,ball_11,-10.568,-1.108,1.752
92.01,-10.609,-1.261,1.693,ALIGN,8,9,-10.617,-1.326,1.697,ball_11,-10.568,-1.108,1.677
92.21,-10.609,-1.261,1.645,APPROACH,8,9,-10.617,-1.326,1.650,ball_11,-10.568,-1.108,1.629
92.41,-10.609,-1.256,1.590,APPROACH,8,9,-10.617,-1.322,1.594,ball_14,-10.568,-1.104,1.574
92.61,-10.608,-1.217,1.523,APPROACH,8,9,-10.616,-1.284,1.528,ball_14,-10.566,-1.064,1.507
92.81,-10.605,-1.157,1.530,APPROACH,8,9,-10.614,-1.225,1.535,ball_14,-10.563,-1.004,1.514
93.01,-10.603,-1.096,1.532,APPROACH,8,9,-10.612,-1.165,1.537,ball_14,-10.559,-0.943,1.516
93.21,-10.601,-1.035,1.535,APPROACH,8,9,-10.610,-1.105,1.540,ball_14,-10.556,-0.882,1.519
93.41,-10.599,-0.984,1.538,APPROACH,8,9,-10.608,-1.046,1.543,ball_14,-10.554,-0.831,1.522
93.61,-10.597,-0.923,1.540,APPROACH,8,9,-10.607,-0.986,1.545,ball_14,-10.551,-0.770,1.524
93.81,-10.595,-0.862,1.542,APPROACH,8,9,-10.605,-0.926,1.547,ball_14,-10.548,-0.709,1.526
94.01,-10.593,-0.800,1.543,APPROACH,8,9,-10.604,-0.866,1.548,ball_14,-10.545,-0.648,1.528
94.21,-10.592,-0.739,1.545,APPROACH,8,9,-10.602,-0.806,1.550,ball_14,-10.543,-0.586,1.529
94.41,-10.590,-0.678,1.546,APPROACH,8,9,-10.601,-0.746,1.551,ball_14,-10.540,-0.525,1.531
94.61,-10.589,-0.617,1.547,APPROACH,8,9,-10.600,-0.686,1.552,ball_14,-10.538,-0.464,1.531
94.81,-10.587,-0.556,1.548,APPROACH,8,9,-10.599,-0.626,1.553,ball_14,-10.535,-0.403,1.533
95.01,-10.586,-0.505,1.549,APPROACH,8,9,-10.598,-0.566,1.554,ball_14,-10.533,-0.352,1.533
95.21,-10.585,-0.444,1.550,APPROACH,8,9,-10.597,-0.506,1.555,ball_14,-10.531,-0.291,1.534
95.41,-10.584,-0.382,1.551,APPROACH,8,9,-10.596,-0.446,1.555,ball_14,-10.529,-0.230,1.535
95.61,-10.582,-0.321,1.551,APPROACH,8,9,-10.595,-0.386,1.556,ball_14,-10.527,-0.168,1.536
95.81,-10.581,-0.260,1.552,APPROACH,8,9,-10.594,-0.326,1.557,ball_14,-10.525,-0.107,1.536
96.01,-10.580,-0.199,1.552,APPROACH,8,9,-10.594,-0.266,1.557,ball_14,-10.522,-0.046,1.537
96.21,-10.579,-0.138,1.553,APPROACH,8,9,-10.593,-0.206,1.558,ball_14,-10.520,0.015,1.537
96.41,-10.578,-0.076,1.553,APPROACH,8,9,-10.592,-0.146,1.558,ball_14,-10.518,0.076,1.537
96.61,-10.577,-0.025,1.553,APPROACH,8,9,-10.591,-0.086,1.558,ball_14,-10.517,0.127,1.537
96.81,-10.576,0.036,1.553,APPROACH,8,9,-10.591,-0.027,1.558,ball_14,-10.515,0.189,1.538
97.01,-10.575,0.097,1.554,APPROACH,8,9,-10.590,0.033,1.558,ball_14,-10.512,0.250,1.538
97.21,-10.574,0.158,1.554,APPROACH,8,9,-10.589,0.093,1.559,ball_14,-10.510,0.311,1.538
97.41,-10.573,0.219,1.554,APPROACH,8,9,-10.588,0.153,1.559,ball_14,-10.508,0.372,1.538
97.61,-10.572,0.281,1.554,APPROACH,8,9,-10.588,0.213,1.559,ball_14,-10.507,0.433,1.538
97.81,-10.571,0.342,1.554,APPROACH,8,9,-10.587,0.273,1.559,ball_14,-10.505,0.495,1.539
98.01,-10.570,0.403,1.554,APPROACH,8,9,-10.586,0.333,1.559,ball_14,-10.503,0.556,1.539
98.21,-10.569,0.464,1.555,APPROACH,8,9,-10.586,0.393,1.560,ball_11,-10.501,0.617,1.539
98.41,-10.568,0.515,1.555,APPROACH,8,9,-10.585,0.453,1.560,ball_14,-10.499,0.668,1.539
98.61,-10.567,0.576,1.555,APPROACH,8,9,-10.585,0.513,1.560,ball_14,-10.497,0.729,1.539
98.81,-10.566,0.638,1.555,APPROACH,8,9,-10.584,0.573,1.560,ball_14,-10.495,0.790,1.539
99.01,-10.565,0.699,1.555,APPROACH,8,9,-10.583,0.633,1.560,ball_14,-10.493,0.852,1.539
99.21,-10.564,0.760,1.555,APPROACH,8,9,-10.583,0.693,1.560,ball_14,-10.491,0.913,1.539
99.41,-10.563,0.821,1.555,APPROACH,8,9,-10.582,0.753,1.560,ball_14,-10.489,0.974,1.539
99.61,-10.562,0.882,1.555,APPROACH,8,9,-10.581,0.813,1.560,ball_14,-10.487,1.035,1.539
99.81,-10.561,0.943,1.555,APPROACH,8,9,-10.581,0.873,1.560,ball_14,-10.485,1.096,1.539
100.01,-10.560,0.994,1.555,APPROACH,8,9,-10.580,0.933,1.560,ball_14,-10.484,1.147,1.539
100.21,-10.559,1.056,1.555,APPROACH,8,9,-10.579,0.993,1.560,ball_14,-10.482,1.209,1.539
100.41,-10.558,1.117,1.555,APPROACH,8,9,-10.579,1.052,1.560,ball_14,-10.480,1.270,1.539
100.61,-10.557,1.178,1.555,APPROACH,8,9,-10.578,1.112,1.560,ball_14,-10.478,1.331,1.539
100.81,-10.556,1.239,1.555,APPROACH,8,9,-10.578,1.172,1.560,ball_14,-10.476,1.392,1.539
101.01,-10.555,1.300,1.555,APPROACH,8,9,-10.577,1.232,1.560,ball_14,-10.474,1.453,1.539
101.21,-10.554,1.362,1.555,APPROACH,8,9,-10.576,1.292,1.560,ball_14,-10.472,1.515,1.539
101.41,-10.553,1.423,1.555,APPROACH,8,9,-10.576,1.352,1.560,ball_14,-10.470,1.576,1.539
101.61,-10.553,1.474,1.555,APPROACH,8,9,-10.575,1.412,1.560,ball_14,-10.469,1.627,1.539
101.81,-10.552,1.535,1.555,APPROACH,8,9,-10.574,1.472,1.560,ball_14,-10.467,1.688,1.539
102.01,-10.551,1.596,1.555,APPROACH,8,9,-10.574,1.532,1.560,ball_14,-10.465,1.749,1.539
102.21,-10.550,1.657,1.555,APPROACH,8,9,-10.573,1.592,1.560,ball_14,-10.463,1.810,1.539
102.41,-10.549,1.719,1.555,APPROACH,8,9,-10.573,1.652,1.560,ball_14,-10.461,1.872,1.539
102.61,-10.548,1.780,1.555,APPROACH,8,9,-10.572,1.712,1.560,ball_14,-10.459,1.933,1.539
102.81,-10.547,1.841,1.555,APPROACH,8,9,-10.571,1.771,1.560,ball_14,-10.457,1.994,1.539
103.01,-10.546,1.902,1.555,APPROACH,8,9,-10.571,1.831,1.560,ball_14,-10.455,2.055,1.539
103.21,-10.545,1.953,1.555,APPROACH,8,9,-10.570,1.891,1.560,ball_14,-10.454,2.106,1.539
103.41,-10.544,2.014,1.555,APPROACH,8,9,-10.569,1.951,1.560,ball_14,-10.452,2.167,1.539
103.61,-10.543,2.076,1.555,APPROACH,8,9,-10.569,2.011,1.560,ball_14,-10.450,2.229,1.539
103.81,-10.542,2.137,1.555,APPROACH,8,9,-10.568,2.071,1.560,ball_14,-10.448,2.290,1.539
104.01,-10.541,2.198,1.555,APPROACH,8,9,-10.567,2.131,1.560,ball_14,-10.446,2.351,1.539
104.21,-10.540,2.259,1.555,APPROACH,8,9,-10.567,2.191,1.560,ball_14,-10.444,2.412,1.539
104.41,-10.539,2.320,1.555,APPROACH,8,9,-10.566,2.251,1.560,ball_14,-10.442,2.473,1.539
104.61,-10.538,2.382,1.555,APPROACH,8,9,-10.566,2.311,1.560,ball_14,-10.440,2.535,1.539
104.81,-10.537,2.443,1.555,APPROACH,8,9,-10.565,2.371,1.560,ball_14,-10.438,2.596,1.539
105.01,-10.536,2.494,1.555,APPROACH,8,9,-10.564,2.431,1.560,ball_14,-10.436,2.647,1.540
105.21,-10.536,2.555,1.557,APPROACH,8,9,-10.564,2.491,1.562,ball_11,-10.435,2.708,1.542
105.41,-10.535,2.616,1.558,APPROACH,8,9,-10.563,2.551,1.563,ball_11,-10.433,2.769,1.542
105.61,-10.534,2.677,1.558,APPROACH,8,9,-10.563,2.611,1.563,ball_11,-10.431,2.830,1.543
105.81,-10.533,2.738,1.559,APPROACH,8,9,-10.562,2.671,1.564,ball_11,-10.429,2.892,1.543
106.01,-10.532,2.800,1.559,APPROACH,8,9,-10.562,2.731,1.564,ball_11,-10.428,2.953,1.543
106.21,-10.532,2.861,1.560,APPROACH,8,9,-10.562,2.790,1.564,ball_11,-10.426,3.014,1.544
106.41,-10.531,2.922,1.560,APPROACH,8,9,-10.561,2.850,1.565,ball_11,-10.424,3.075,1.544
106.61,-10.531,2.973,1.560,APPROACH,8,9,-10.561,2.910,1.565,ball_11,-10.423,3.126,1.545
106.81,-10.530,3.034,1.561,APPROACH,8,9,-10.561,2.970,1.565,ball_11,-10.421,3.187,1.545
107.01,-10.529,3.095,1.561,APPROACH,8,9,-10.560,3.030,1.565,ball_11,-10.420,3.249,1.545
107.21,-10.529,3.157,1.561,APPROACH,8,9,-10.560,3.090,1.566,ball_11,-10.418,3.310,1.545
107.41,-10.528,3.218,1.561,APPROACH,8,9,-10.560,3.150,1.566,ball_11,-10.417,3.371,1.545
107.61,-10.528,3.279,1.562,APPROACH,8,9,-10.560,3.210,1.566,ball_11,-10.415,3.432,1.546
107.81,-10.527,3.340,1.562,APPROACH,8,9,-10.559,3.270,1.566,ball_11,-10.414,3.493,1.546
108.01,-10.526,3.401,1.562,APPROACH,8,9,-10.559,3.330,1.567,ball_11,-10.412,3.555,1.546
108.21,-10.526,3.452,1.562,APPROACH,8,9,-10.559,3.390,1.567,ball_11,-10.411,3.606,1.546
108.41,-10.525,3.514,1.562,APPROACH,8,9,-10.559,3.450,1.567,ball_11,-10.409,3.667,1.547
108.61,-10.525,3.575,1.563,APPROACH,8,9,-10.559,3.510,1.567,ball_11,-10.408,3.728,1.547
108.81,-10.524,3.636,1.563,APPROACH,8,9,-10.558,3.570,1.568,ball_11,-10.406,3.789,1.547
109.01,-10.524,3.697,1.563,APPROACH,8,9,-10.558,3.630,1.568,ball_11,-10.405,3.851,1.547
109.21,-10.523,3.758,1.563,APPROACH,8,9,-10.558,3.690,1.568,ball_11,-10.404,3.912,1.547
109.41,-10.523,3.820,1.563,APPROACH,8,9,-10.558,3.750,1.568,ball_11,-10.402,3.973,1.548
109.61,-10.523,3.881,1.564,APPROACH,8,9,-10.558,3.810,1.568,ball_11,-10.401,4.034,1.548
109.81,-10.522,3.942,1.564,APPROACH,8,9,-10.558,3.870,1.569,ball_11,-10.399,4.095,1.548
110.01,-10.522,3.993,1.564,APPROACH,8,9,-10.557,3.930,1.569,ball_11,-10.398,4.146,1.548
110.21,-10.521,4.054,1.564,APPROACH,8,9,-10.557,3.990,1.569,ball_11,-10.397,4.208,1.548
110.41,-10.521,4.115,1.564,APPROACH,8,9,-10.557,4.050,1.569,ball_11,-10.395,4.269,1.549
110.61,-10.521,4.177,1.565,APPROACH,8,9,-10.557,4.110,1.569,ball_11,-10.394,4.330,1.549
110.81,-10.520,4.238,1.565,APPROACH,8,9,-10.557,4.170,1.570,,-10.393,4.391,1.549
111.01,-10.520,4.299,1.565,APPROACH,8,9,-10.557,4.230,1.570,,-10.391,4.452,1.550
111.21,-10.520,4.360,1.566,BLIND_DASH,8,9,-10.557,4.289,1.571,,-10.390,4.514,1.550
111.41,-10.519,4.421,1.566,BLIND_DASH,8,9,-10.557,4.349,1.571,,-10.389,4.575,1.550
111.61,-10.519,4.472,1.566,BLIND_DASH,8,9,-10.557,4.409,1.571,,-10.388,4.626,1.550
111.81,-10.519,4.534,1.566,BLIND_DASH,8,9,-10.557,4.469,1.571,,-10.387,4.687,1.550
112.01,-10.518,4.595,1.566,BLIND_DASH,8,9,-10.557,4.529,1.571,,-10.385,4.748,1.550
112.21,-10.518,4.656,1.566,BLIND_DASH,8,9,-10.557,4.589,1.571,,-10.384,4.810,1.550
112.41,-10.518,4.717,1.566,BLIND_DASH,8,9,-10.557,4.649,1.571,,-10.383,4.871,1.550
112.61,-10.518,4.778,1.566,BLIND_DASH,8,9,-10.557,4.709,1.571,,-10.382,4.932,1.550
112.81,-10.517,4.840,1.566,BLIND_DASH,8,9,-10.557,4.769,1.571,,-10.380,4.993,1.551
113.01,-10.517,4.901,1.566,BLIND_DASH,8,9,-10.557,4.829,1.571,,-10.379,5.054,1.551
113.21,-10.517,4.952,1.566,PATROL,8,9,-10.557,4.889,1.571,,-10.378,5.105,1.551
113.41,-10.517,5.010,1.571,PATROL,8,9,-10.557,4.944,1.576,,-10.377,5.163,1.555
113.61,-10.517,5.034,1.589,PATROL,8,9,-10.557,4.966,1.594,,-10.377,5.188,1.573
113.81,-10.517,5.036,1.689,PATROL,8,9,-10.557,4.968,1.694,,-10.377,5.190,1.673
114.01,-10.517,5.036,1.791,PATROL,8,9,-10.558,4.968,1.796,,-10.377,5.190,1.775
114.21,-10.517,5.036,1.898,PATROL,8,9,-10.558,4.969,1.903,,-10.377,5.190,1.882
114.41,-10.517,5.036,2.005,PATROL,8,9,-10.558,4.969,2.010,,-10.377,5.190,1.989
114.61,-10.517,5.036,2.114,PATROL,8,9,-10.559,4.969,2.120,,-10.377,5.190,2.099
114.81,-10.517,5.036,2.224,PATROL,8,9,-10.559,4.969,2.230,,-10.377,5.190,2.209
115.01,-10.517,5.036,2.334,PATROL,8,9,-10.559,4.970,2.339,,-10.377,5.190,2.319
115.21,-10.517,5.036,2.445,PATROL,8,9,-10.560,4.970,2.450,,-10.377,5.190,2.429
115.41,-10.517,5.036,2.554,PATROL,8,9,-10.560,4.970,2.559,,-10.377,5.190,2.539
115.61,-10.517,5.036,2.664,PATROL,8,9,-10.560,4.970,2.669,,-10.377,5.190,2.649
115.81,-10.517,5.036,2.773,PATROL,8,9,-10.561,4.970,2.778,,-10.377,5.190,2.758
116.01,-10.517,5.036,2.883,PATROL,8,9,-10.561,4.970,2.888,,-10.377,5.190,2.868
116.21,-10.517,5.036,2.992,PATROL,8,9,-10.562,4.970,2.997,,-10.377,5.190,2.977
116.41,-10.517,5.036,3.101,PATROL,8,9,-10.562,4.970,3.106,,-10.377,5.190,3.086
116.61,-10.517,5.036,-3.074,PATROL,8,9,-10.564,4.970,-3.069,,-10.377,5.190,3.194
116.81,-10.523,5.035,-2.966,PATROL,8,9,-10.570,4.969,-2.961,,-10.383,5.189,3.302
117.01,-10.534,5.033,-2.858,PATROL,8,9,-10.581,4.966,-2.853,,-10.394,5.187,3.411
117.21,-10.550,5.027,-2.750,PATROL,8,9,-10.597,4.961,-2.745,,-10.410,5.181,3.519
117.41,-10.570,5.017,-2.640,PATROL,8,9,-10.618,4.951,-2.635,,-10.431,5.172,3.629
117.61,-10.594,5.002,-2.531,PATROL,8,9,-10.641,4.936,-2.526,,-10.454,5.157,3.738
117.81,-10.620,4.982,-2.422,PATROL,8,9,-10.666,4.916,-2.417,,-10.481,5.137,3.847
118.01,-10.647,4.954,-2.311,PATROL,8,9,-10.693,4.889,-2.307,,-10.509,5.110,3.957
118.21,-10.670,4.926,-2.202,PATROL,8,9,-10.720,4.856,-2.197,,-10.532,5.082,4.067
118.41,-10.697,4.886,-2.091,PATROL,8,9,-10.746,4.815,-2.086,,-10.559,5.042,4.178
118.61,-10.722,4.837,-1.981,PATROL,8,9,-10.770,4.767,-1.976,,-10.585,4.994,4.288
118.81,-10.743,4.782,-1.886,PATROL,8,9,-10.790,4.712,-1.882,,-10.606,4.939,4.382
119.01,-10.760,4.720,-1.811,PATROL,8,9,-10.807,4.652,-1.806,,-10.625,4.877,4.458
119.21,-10.774,4.654,-1.751,PATROL,8,9,-10.820,4.587,-1.746,,-10.640,4.812,4.518
119.41,-10.785,4.585,-1.702,PATROL,8,9,-10.831,4.519,-1.698,,-10.651,4.742,4.567
119.61,-10.793,4.513,-1.663,PATROL,8,9,-10.838,4.448,-1.659,,-10.660,4.670,4.605
119.81,-10.798,4.439,-1.632,PATROL,8,9,-10.843,4.376,-1.628,,-10.667,4.596,4.637
120.01,-10.801,4.376,-1.607,PATROL,8,9,-10.847,4.302,-1.603,,-10.671,4.534,4.662
120.21,-10.803,4.299,-1.586,PATROL,8,9,-10.848,4.227,-1.582,,-10.674,4.457,4.682
120.41,-10.804,4.222,-1.570,PATROL,8,9,-10.848,4.151,-1.566,,-10.676,4.379,4.699
120.61,-10.803,4.143,-1.556,PATROL,8,9,-10.847,4.074,-1.552,,-10.676,4.301,4.712
120.81,-10.802,4.064,-1.545,PATROL,8,9,-10.845,3.997,-1.541,,-10.676,4.222,4.723
121.01,-10.799,3.985,-1.536,PATROL,8,9,-10.843,3.919,-1.532,,-10.675,4.143,4.732
121.21,-10.796,3.905,-1.529,PATROL,8,9,-10.839,3.841,-1.524,,-10.673,4.063,4.740
121.41,-10.792,3.825,-1.522,PATROL,8,9,-10.835,3.762,-1.518,,-10.670,3.983,4.747
121.61,-10.789,3.758,-1.517,PATROL,8,9,-10.831,3.684,-1.513,,-10.668,3.916,4.752
121.81,-10.785,3.678,-1.512,PATROL,8,9,-10.826,3.605,-1.508,,-10.664,3.835,4.757
122.01,-10.780,3.597,-1.509,PATROL,8,9,-10.821,3.526,-1.505,,-10.661,3.754,4.760
122.21,-10.774,3.516,-1.506,PATROL,8,9,-10.816,3.447,-1.502,,-10.657,3.673,4.763
122.41,-10.769,3.436,-1.503,PATROL,8,9,-10.810,3.368,-1.499,,-10.652,3.592,4.765
122.61,-10.764,3.355,-1.501,PATROL,8,9,-10.805,3.288,-1.497,,-10.648,3.511,4.767
122.81,-10.758,3.274,-1.500,PATROL,8,9,-10.799,3.209,-1.496,,-10.643,3.430,4.769
123.01,-10.752,3.192,-1.498,PATROL,8,9,-10.793,3.129,-1.494,,-10.639,3.349,4.770
123.21,-10.747,3.125,-1.497,PATROL,8,9,-10.787,3.050,-1.493,,-10.635,3.281,4.771
123.41,-10.741,3.044,-1.496,PATROL,8,9,-10.780,2.970,-1.492,,-10.630,3.200,4.772
123.61,-10.735,2.962,-1.496,PATROL,8,9,-10.774,2.890,-1.492,,-10.625,3.119,4.773
123.81,-10.729,2.881,-1.495,PATROL,8,9,-10.768,2.811,-1.491,,-10.620,3.037,4.774
124.01,-10.723,2.800,-1.494,PATROL,8,9,-10.761,2.731,-1.490,,-10.615,2.956,4.774
124.21,-10.716,2.718,-1.494,PATROL,8,9,-10.755,2.652,-1.490,,-10.610,2.874,4.775
124.41,-10.710,2.637,-1.494,PATROL,8,9,-10.748,2.572,-1.490,,-10.605,2.793,4.775
124.61,-10.704,2.556,-1.493,PATROL,8,9,-10.742,2.492,-1.489,,-10.600,2.711,4.775
124.81,-10.699,2.488,-1.493,PATROL,8,9,-10.735,2.413,-1.489,,-10.595,2.643,4.776
125.01,-10.692,2.407,-1.493,PATROL,8,9,-10.729,2.333,-1.489,,-10.590,2.562,4.776
125.21,-10.686,2.325,-1.493,PATROL,8,9,-10.722,2.253,-1.489,,-10.585,2.480,4.776
125.41,-10.679,2.244,-1.493,PATROL,8,9,-10.716,2.174,-1.489,,-10.580,2.399,4.776
125.61,-10.673,2.163,-1.493,PATROL,8,9,-10.709,2.094,-1.489,,-10.575,2.318,4.776
125.81,-10.667,2.081,-1.493,PATROL,8,9,-10.703,2.014,-1.489,,-10.570,2.236,4.776
126.01,-10.660,2.000,-1.493,PATROL,8,9,-10.696,1.935,-1.489,,-10.564,2.155,4.776
126.21,-10.654,1.919,-1.493,PATROL,8,9,-10.690,1.855,-1.489,,-10.559,2.073,4.776
126.41,-10.648,1.838,-1.493,PATROL,8,9,-10.683,1.775,-1.489,,-10.554,1.992,4.776
126.61,-10.642,1.770,-1.493,PATROL,8,9,-10.677,1.696,-1.489,,-10.550,1.924,4.776
126.81,-10.636,1.689,-1.493,PATROL,8,9,-10.670,1.617,-1.489,,-10.545,1.843,4.776
127.01,-10.630,1.607,-1.494,PATROL,9,10,-10.664,1.537,-1.489,,-10.539,1.762,4.775
127.21,-10.625,1.557,-1.444,PATROL,9,10,-10.659,1.488,-1.440,,-10.535,1.711,4.825
127.41,-10.623,1.541,-1.359,PATROL,9,10,-10.657,1.473,-1.354,,-10.533,1.695,4.910
127.61,-10.618,1.526,-1.256,PATROL,9,10,-10.652,1.460,-1.252,,-10.529,1.680,5.012
127.81,-10.611,1.507,-1.148,PATROL,9,10,-10.645,1.442,-1.143,,-10.522,1.661,5.121
128.01,-10.599,1.484,-1.038,PATROL,9,10,-10.633,1.419,-1.033,,-10.510,1.638,5.231
128.21,-10.585,1.463,-0.927,PATROL,9,10,-10.616,1.394,-0.923,,-10.496,1.617,5.342
128.41,-10.562,1.436,-0.817,PATROL,9,10,-10.593,1.367,-0.813,,-10.474,1.589,5.452
128.61,-10.532,1.407,-0.706,PATROL,9,10,-10.563,1.339,-0.701,,-10.445,1.560,5.563
128.81,-10.496,1.379,-0.596,PATROL,9,10,-10.527,1.312,-0.591,,-10.408,1.531,5.673
129.01,-10.451,1.353,-0.484,PATROL,9,10,-10.483,1.286,-0.480,,-10.364,1.504,5.785
129.21,-10.399,1.329,-0.379,PATROL,9,10,-10.432,1.263,-0.375,,-10.313,1.480,5.890
129.41,-10.341,1.309,-0.294,PATROL,9,10,-10.375,1.243,-0.290,,-10.255,1.459,5.975
129.61,-10.277,1.292,-0.226,PATROL,9,10,-10.313,1.227,-0.221,,-10.191,1.441,6.043
129.81,-10.221,1.281,-0.170,PATROL,9,10,-10.247,1.214,-0.166,,-10.135,1.429,6.099
130.01,-10.151,1.270,-0.126,PATROL,9,10,-10.178,1.205,-0.121,,-10.065,1.418,6.143
130.21,-10.079,1.262,-0.090,PATROL,9,10,-10.107,1.197,-0.085,,-9.993,1.409,6.179
130.41,-10.004,1.257,-0.061,PATROL,9,10,-10.034,1.192,-0.056,,-9.919,1.402,6.209
130.61,-9.929,1.253,-0.037,PATROL,9,10,-9.959,1.189,-0.032,,-9.843,1.397,6.233
130.81,-9.852,1.251,-0.017,PATROL,9,10,-9.884,1.187,-0.013,,-9.766,1.394,6.252
131.01,-9.774,1.251,-0.001,PATROL,9,10,-9.808,1.187,0.004,,-9.688,1.393,6.268
131.21,-9.696,1.251,0.012,PATROL,9,10,-9.731,1.188,0.017,,-9.610,1.392,6.282
131.41,-9.617,1.253,0.023,PATROL,9,10,-9.654,1.190,0.028,,-9.531,1.392,6.293
131.61,-9.551,1.254,0.033,PATROL,9,10,-9.576,1.192,0.037,,-9.465,1.393,6.302
131.81,-9.471,1.257,0.040,PATROL,9,10,-9.498,1.195,0.045,,-9.385,1.395,6.310
132.01,-9.391,1.261,0.047,PATROL,9,10,-9.420,1.199,0.052,,-9.305,1.397,6.317
132.21,-9.311,1.265,0.053,PATROL,9,10,-9.341,1.203,0.057,,-9.225,1.400,6.322
132.41,-9.230,1.269,0.058,PATROL,9,10,-9.263,1.208,0.062,,-9.144,1.404,6.327
132.61,-9.150,1.274,0.062,PATROL,9,10,-9.184,1.213,0.066,,-9.064,1.407,6.331
132.81,-9.069,1.279,0.066,PATROL,9,10,-9.104,1.219,0.070,,-8.983,1.411,6.335
133.01,-8.988,1.285,0.068,PATROL,9,10,-9.025,1.224,0.073,,-8.902,1.416,6.338
133.21,-8.921,1.289,0.071,PATROL,9,10,-8.946,1.230,0.075,,-8.834,1.420,6.340
133.41,-8.840,1.295,0.073,PATROL,9,10,-8.867,1.236,0.077,,-8.753,1.424,6.342
133.61,-8.759,1.301,0.074,PATROL,9,10,-8.788,1.242,0.079,,-8.672,1.429,6.344
133.81,-8.678,1.307,0.076,PATROL,9,10,-8.708,1.249,0.080,,-8.591,1.434,6.345
134.01,-8.597,1.314,0.077,PATROL,9,10,-8.629,1.255,0.081,,-8.510,1.439,6.346
134.21,-8.515,1.320,0.078,PATROL,9,10,-8.549,1.262,0.082,,-8.428,1.444,6.347
134.41,-8.434,1.326,0.079,PATROL,9,10,-8.469,1.268,0.083,,-8.347,1.450,6.348
134.61,-8.353,1.333,0.080,PATROL,9,10,-8.390,1.275,0.084,,-8.266,1.455,6.349
134.81,-8.285,1.338,0.081,PATROL,9,10,-8.311,1.281,0.085,,-8.198,1.459,6.350
135.01,-8.204,1.345,0.081,PATROL,9,10,-8.231,1.288,0.085,,-8.117,1.465,6.350
135.21,-8.123,1.351,0.082,PATROL,10,11,-8.151,1.295,0.086,,-8.035,1.470,6.351
135.41,-8.045,1.358,0.089,PATROL,10,11,-8.075,1.302,0.093,,-7.957,1.476,6.359
135.61,-7.968,1.364,0.073,PATROL,10,11,-8.000,1.308,0.077,,-7.880,1.481,6.342
135.81,-7.890,1.369,0.059,PATROL,10,11,-7.924,1.314,0.063,,-7.802,1.485,6.328
136.01,-7.811,1.374,0.047,PATROL,10,11,-7.847,1.318,0.051,,-7.723,1.488,6.316
136.21,-7.732,1.377,0.037,PATROL,10,11,-7.769,1.321,0.041,,-7.644,1.490,6.306
136.41,-7.652,1.379,0.029,PATROL,10,11,-7.691,1.324,0.034,,-7.564,1.492,6.299
136.61,-7.590,1.381,0.020,ALIGN,10,11,-7.619,1.327,0.024,ball_15,-7.501,1.493,6.289
136.81,-7.550,1.382,0.006,ALIGN,10,11,-7.582,1.327,0.010,ball_15,-7.462,1.493,6.276
137.01,-7.544,1.382,0.034,ALIGN,10,11,-7.577,1.327,0.038,ball_15,-7.456,1.493,6.303
137.21,-7.544,1.382,0.078,APPROACH,10,11,-7.577,1.328,0.082,ball_15,-7.456,1.493,6.347
137.41,-7.538,1.382,0.125,APPROACH,10,11,-7.571,1.328,0.130,ball_15,-7.450,1.493,6.394
137.61,-7.497,1.389,0.176,APPROACH,10,11,-7.532,1.335,0.180,ball_15,-7.409,1.499,6.445
137.81,-7.437,1.399,0.170,APPROACH,10,11,-7.473,1.345,0.174,ball_15,-7.349,1.509,6.439
138.01,-7.377,1.410,0.170,APPROACH,10,11,-7.414,1.356,0.175,ball_15,-7.288,1.518,6.440
138.21,-7.327,1.418,0.170,APPROACH,10,11,-7.355,1.366,0.174,ball_15,-7.238,1.526,6.439
138.41,-7.266,1.429,0.169,APPROACH,10,11,-7.296,1.377,0.174,ball_15,-7.177,1.536,6.439
138.61,-7.206,1.439,0.169,APPROACH,10,11,-7.237,1.387,0.173,ball_15,-7.117,1.545,6.438
138.81,-7.146,1.449,0.169,APPROACH,10,11,-7.178,1.397,0.173,ball_15,-7.056,1.555,6.438
139.01,-7.085,1.459,0.168,APPROACH,10,11,-7.119,1.408,0.173,ball_15,-6.996,1.564,6.438
139.21,-7.025,1.470,0.168,APPROACH,10,11,-7.060,1.418,0.172,ball_15,-6.935,1.573,6.437
139.41,-6.965,1.480,0.168,APPROACH,10,11,-7.001,1.428,0.172,ball_15,-6.875,1.583,6.437
139.61,-6.904,1.490,0.167,APPROACH,10,11,-6.942,1.438,0.172,ball_15,-6.814,1.592,6.437
139.81,-6.854,1.499,0.167,APPROACH,10,11,-6.883,1.449,0.171,ball_15,-6.764,1.600,6.436
140.01,-6.794,1.509,0.167,APPROACH,10,11,-6.824,1.459,0.171,ball_15,-6.703,1.609,6.436
140.21,-6.733,1.519,0.167,APPROACH,10,11,-6.765,1.469,0.171,ball_15,-6.643,1.619,6.436
140.41,-6.673,1.529,0.167,APPROACH,10,11,-6.705,1.479,0.171,ball_15,-6.582,1.628,6.436
140.61,-6.613,1.539,0.166,APPROACH,10,11,-6.646,1.489,0.171,ball_15,-6.522,1.637,6.436
140.81,-6.552,1.549,0.166,APPROACH,10,11,-6.587,1.499,0.170,ball_15,-6.461,1.647,6.435
141.01,-6.492,1.560,0.166,APPROACH,10,11,-6.528,1.510,0.170,ball_15,-6.401,1.656,6.435
141.21,-6.432,1.570,0.166,APPROACH,10,11,-6.469,1.520,0.170,ball_15,-6.340,1.665,6.435
141.41,-6.371,1.580,0.166,APPROACH,10,11,-6.410,1.530,0.170,ball_15,-6.280,1.674,6.435
141.61,-6.321,1.588,0.165,APPROACH,10,11,-6.351,1.540,0.170,ball_15,-6.229,1.682,6.435
141.81,-6.261,1.598,0.165,APPROACH,10,11,-6.292,1.550,0.170,ball_15,-6.169,1.691,6.435
142.01,-6.200,1.608,0.165,APPROACH,10,11,-6.233,1.560,0.169,ball_15,-6.108,1.701,6.434
142.21,-6.140,1.618,0.165,APPROACH,10,11,-6.174,1.570,0.169,ball_15,-6.048,1.710,6.434
142.41,-6.079,1.628,0.165,APPROACH,10,11,-6.114,1.580,0.169,ball_15,-5.987,1.719,6.434
142.61,-6.019,1.638,0.165,APPROACH,10,11,-6.055,1.590,0.169,ball_15,-5.927,1.728,6.434
142.81,-5.959,1.648,0.164,APPROACH,10,11,-5.996,1.601,0.169,ball_15,-5.866,1.737,6.434
143.01,-5.898,1.658,0.164,APPROACH,10,11,-5.937,1.611,0.168,ball_15,-5.806,1.747,6.433
143.21,-5.848,1.667,0.164,APPROACH,10,11,-5.878,1.621,0.168,ball_15,-5.755,1.754,6.433
143.41,-5.788,1.677,0.164,APPROACH,10,11,-5.819,1.631,0.168,ball_15,-5.695,1.763,6.433
143.61,-5.727,1.687,0.163,APPROACH,10,11,-5.760,1.641,0.168,ball_15,-5.634,1.772,6.433
143.81,-5.667,1.697,0.163,APPROACH,10,11,-5.701,1.651,0.167,ball_15,-5.574,1.782,6.432
144.01,-5.606,1.707,0.163,APPROACH,10,11,-5.642,1.661,0.167,ball_15,-5.513,1.791,6.432
144.21,-5.546,1.716,0.163,APPROACH,10,11,-5.582,1.671,0.167,ball_15,-5.452,1.800,6.432
144.41,-5.486,1.726,0.162,APPROACH,10,11,-5.523,1.681,0.166,ball_15,-5.392,1.809,6.431
144.61,-5.425,1.736,0.162,APPROACH,10,11,-5.464,1.690,0.166,ball_15,-5.331,1.818,6.431
144.81,-5.375,1.744,0.161,APPROACH,10,11,-5.405,1.700,0.165,ball_15,-5.281,1.825,6.431
145.01,-5.315,1.754,0.161,APPROACH,10,11,-5.346,1.710,0.165,ball_15,-5.220,1.834,6.430
145.21,-5.254,1.764,0.160,APPROACH,10,11,-5.287,1.720,0.164,ball_15,-5.160,1.843,6.429
145.41,-5.194,1.774,0.161,APPROACH,10,11,-5.227,1.730,0.166,,-5.099,1.852,6.431
145.61,-5.133,1.784,0.166,APPROACH,10,11,-5.168,1.740,0.170,,-5.039,1.861,6.435
145.81,-5.073,1.794,0.170,BLIND_DASH,10,11,-5.110,1.750,0.174,,-4.978,1.871,6.439
146.01,-5.013,1.804,0.170,BLIND_DASH,10,11,-5.050,1.760,0.174,,-4.918,1.880,6.439
146.21,-4.952,1.815,0.170,BLIND_DASH,10,11,-4.991,1.771,0.175,,-4.857,1.890,6.440
146.41,-4.902,1.823,0.171,BLIND_DASH,10,11,-4.932,1.781,0.175,,-4.807,1.898,6.440
146.61,-4.842,1.834,0.171,BLIND_DASH,10,11,-4.873,1.792,0.175,,-4.746,1.907,6.440
146.81,-4.781,1.844,0.171,BLIND_DASH,10,11,-4.814,1.802,0.176,,-4.686,1.917,6.441
147.01,-4.721,1.855,0.172,BLIND_DASH,10,11,-4.755,1.812,0.176,,-4.625,1.926,6.441
147.21,-4.661,1.865,0.172,BLIND_DASH,10,11,-4.696,1.823,0.176,,-4.565,1.936,6.441
147.41,-4.601,1.875,0.172,BLIND_DASH,10,11,-4.637,1.833,0.176,,-4.504,1.946,6.441
147.61,-4.540,1.886,0.172,BLIND_DASH,10,11,-4.578,1.844,0.177,,-4.444,1.955,6.442
147.81,-4.480,1.896,0.173,PATROL,10,11,-4.519,1.855,0.177,,-4.383,1.965,6.442
148.01,-4.426,1.906,0.166,PATROL,10,11,-4.465,1.864,0.171,,-4.330,1.973,6.436
148.21,-4.409,1.909,0.144,PATROL,10,11,-4.444,1.868,0.148,,-4.312,1.976,6.413
148.41,-4.407,1.909,0.042,PATROL,10,11,-4.443,1.868,0.046,,-4.311,1.976,6.312
148.61,-4.407,1.909,-0.068,PATROL,10,11,-4.444,1.868,-0.064,,-4.311,1.976,6.201
148.81,-4.407,1.909,-0.179,PATROL,10,11,-4.444,1.868,-0.175,,-4.311,1.976,6.090
149.01,-4.407,1.909,-0.289,PATROL,10,11,-4.444,1.868,-0.286,,-4.311,1.976,5.980
149.21,-4.407,1.909,-0.400,PATROL,10,11,-4.444,1.868,-0.396,,-4.311,1.976,5.869
149.41,-4.407,1.909,-0.511,PATROL,10,11,-4.445,1.868,-0.507,,-4.311,1.976,5.758
149.61,-4.407,1.909,-0.621,PATROL,10,11,-4.445,1.868,-0.618,,-4.311,1.976,5.647
149.81,-4.407,1.909,-0.732,PATROL,10,11,-4.445,1.868,-0.728,,-4.311,1.976,5.537
150.01,-4.407,1.909,-0.842,PATROL,10,11,-4.445,1.868,-0.839,,-4.311,1.976,5.426
150.21,-4.407,1.909,-0.953,PATROL,10,11,-4.445,1.868,-0.949,,-4.310,1.976,5.316
150.41,-4.405,1.905,-1.063,PATROL,10,11,-4.443,1.865,-1.059,,-4.308,1.972,5.206
150.61,-4.400,1.896,-1.173,PATROL,10,11,-4.439,1.856,-1.169,,-4.304,1.963,5.096
150.81,-4.395,1.882,-1.283,PATROL,10,11,-4.434,1.843,-1.279,,-4.299,1.949,4.986
151.01,-4.391,1.862,-1.393,PATROL,10,11,-4.430,1.824,-1.390,,-4.295,1.929,4.875
151.21,-4.388,1.838,-1.503,PATROL,10,11,-4.427,1.801,-1.500,,-4.292,1.905,4.765
151.41,-4.388,1.814,-1.613,PATROL,10,11,-4.426,1.773,-1.610,,-4.292,1.881,4.655
151.61,-4.391,1.782,-1.723,PATROL,10,11,-4.429,1.742,-1.719,,-4.296,1.849,4.545
151.81,-4.398,1.746,-1.833,PATROL,10,11,-4.437,1.707,-1.829,,-4.304,1.813,4.435
152.01,-4.411,1.707,-1.943,PATROL,10,11,-4.449,1.669,-1.940,,-4.317,1.774,4.325
152.21,-4.429,1.666,-2.053,PATROL,10,11,-4.467,1.630,-2.049,,-4.336,1.734,4.215
152.41,-4.454,1.625,-2.163,PATROL,10,11,-4.491,1.589,-2.159,,-4.361,1.693,4.105
152.61,-4.485,1.584,-2.272,PATROL,10,11,-4.521,1.549,-2.268,,-4.393,1.652,3.996
152.81,-4.524,1.544,-2.380,PATROL,10,11,-4.557,1.510,-2.376,,-4.432,1.613,3.888
153.01,-4.562,1.511,-2.482,PATROL,10,11,-4.594,1.479,-2.478,,-4.471,1.581,3.786
153.21,-4.604,1.482,-2.566,PATROL,10,11,-4.642,1.444,-2.562,,-4.514,1.552,3.702
153.41,-4.659,1.449,-2.641,PATROL,10,11,-4.695,1.412,-2.637,,-4.569,1.520,3.627
153.61,-4.717,1.419,-2.710,PATROL,10,11,-4.752,1.384,-2.706,,-4.627,1.491,3.558
153.81,-4.777,1.394,-2.777,PATROL,11,12,-4.811,1.359,-2.772,,-4.688,1.467,3.492
154.01,-4.833,1.374,-2.852,PATROL,11,12,-4.865,1.340,-2.848,,-4.745,1.448,3.416
154.21,-4.858,1.368,-2.906,PATROL,11,12,-4.890,1.333,-2.901,,-4.770,1.442,3.362
154.41,-4.863,1.367,-2.836,PATROL,11,12,-4.896,1.331,-2.831,,-4.775,1.441,3.432
154.61,-4.863,1.367,-2.728,PATROL,11,12,-4.896,1.331,-2.722,,-4.775,1.441,3.540
154.81,-4.863,1.367,-2.620,PATROL,11,12,-4.897,1.331,-2.614,,-4.775,1.441,3.649
155.01,-4.863,1.367,-2.511,PATROL,11,12,-4.897,1.331,-2.506,,-4.775,1.441,3.757
155.21,-4.863,1.367,-2.402,PATROL,11,12,-4.897,1.330,-2.397,,-4.775,1.441,3.866
155.41,-4.863,1.367,-2.293,PATROL,11,12,-4.898,1.330,-2.288,,-4.775,1.441,3.975
155.61,-4.863,1.367,-2.184,PATROL,11,12,-4.898,1.330,-2.179,,-4.775,1.441,4.084
155.81,-4.863,1.367,-2.075,PATROL,11,12,-4.898,1.329,-2.070,,-4.775,1.441,4.193
156.01,-4.863,1.367,-1.966,PATROL,11,12,-4.898,1.329,-1.961,,-4.775,1.441,4.303
156.21,-4.863,1.367,-1.857,PATROL,11,12,-4.898,1.328,-1.853,,-4.775,1.441,4.411
156.41,-4.863,1.367,-1.748,PATROL,11,12,-4.898,1.328,-1.743,,-4.775,1.441,4.521
156.61,-4.863,1.367,-1.639,PATROL,11,12,-4.898,1.327,-1.634,,-4.775,1.441,4.629
156.81,-4.863,1.367,-1.531,PATROL,11,12,-4.898,1.327,-1.526,,-4.775,1.441,4.737
157.01,-4.863,1.364,-1.423,PATROL,11,12,-4.898,1.324,-1.418,,-4.775,1.438,4.846
157.21,-4.861,1.356,-1.314,PATROL,11,12,-4.896,1.315,-1.310,,-4.773,1.430,4.954
157.41,-4.857,1.343,-1.205,PATROL,11,12,-4.891,1.302,-1.201,,-4.769,1.417,5.063
157.61,-4.849,1.325,-1.096,PATROL,11,12,-4.883,1.285,-1.091,,-4.761,1.399,5.173
157.81,-4.836,1.303,-0.986,PATROL,11,12,-4.871,1.264,-0.982,,-4.749,1.377,5.283
158.01,-4.818,1.279,-0.877,PATROL,11,12,-4.853,1.240,-0.873,,-4.731,1.353,5.392
158.21,-4.798,1.258,-0.767,PATROL,11,12,-4.830,1.215,-0.763,,-4.711,1.331,5.502
158.41,-4.768,1.232,-0.658,PATROL,11,12,-4.800,1.190,-0.653,,-4.681,1.304,5.611
158.61,-4.731,1.206,-0.547,PATROL,11,12,-4.763,1.165,-0.543,,-4.645,1.278,5.722
158.81,-4.686,1.182,-0.437,PATROL,11,12,-4.719,1.141,-0.432,,-4.600,1.253,5.832
159.01,-4.634,1.161,-0.329,PATROL,11,12,-4.668,1.121,-0.324,,-4.549,1.232,5.940
159.21,-4.576,1.144,-0.239,PATROL,11,12,-4.611,1.105,-0.235,,-4.490,1.214,6.030
159.41,-4.512,1.132,-0.167,PATROL,11,12,-4.548,1.093,-0.162,,-4.427,1.201,6.102
159.61,-4.445,1.123,-0.108,PATROL,11,12,-4.482,1.084,-0.104,,-4.360,1.191,6.161
159.81,-4.386,1.118,-0.061,PATROL,11,12,-4.414,1.078,-0.057,,-4.301,1.185,6.208
160.01,-4.314,1.114,-0.023,PATROL,11,12,-4.343,1.076,-0.019,,-4.229,1.181,6.246
160.21,-4.240,1.114,0.008,PATROL,11,12,-4.270,1.076,0.013,,-4.155,1.179,6.278
160.41,-4.164,1.115,0.034,PATROL,11,12,-4.197,1.078,0.039,,-4.079,1.180,6.304
160.61,-4.088,1.119,0.055,PATROL,11,12,-4.122,1.081,0.060,,-4.003,1.182,6.325
160.81,-4.011,1.124,0.073,PATROL,11,12,-4.046,1.087,0.077,,-3.925,1.186,6.342
161.01,-3.933,1.130,0.088,PATROL,11,12,-3.970,1.093,0.092,,-3.848,1.191,6.358
161.21,-3.855,1.138,0.101,PATROL,11,12,-3.893,1.101,0.105,,-3.769,1.198,6.371
161.41,-3.789,1.145,0.112,PATROL,11,12,-3.816,1.109,0.116,,-3.703,1.204,6.381
161.61,-3.710,1.154,0.121,PATROL,11,12,-3.739,1.119,0.125,,-3.624,1.212,6.390
161.81,-3.631,1.164,0.128,PATROL,11,12,-3.661,1.129,0.132,,-3.545,1.221,6.397
162.01,-3.551,1.174,0.134,PATROL,11,12,-3.583,1.139,0.138,,-3.465,1.230,6.404
162.21,-3.472,1.185,0.139,PATROL,11,12,-3.505,1.150,0.144,,-3.385,1.240,6.409
162.41,-3.392,1.197,0.144,PATROL,11,12,-3.427,1.162,0.148,,-3.305,1.250,6.413
162.61,-3.312,1.208,0.148,PATROL,11,12,-3.349,1.174,0.152,,-3.225,1.261,6.417
162.81,-3.232,1.220,0.151,PATROL,11,12,-3.270,1.186,0.155,,-3.145,1.272,6.420
163.01,-3.165,1.231,0.153,PATROL,11,12,-3.192,1.198,0.158,,-3.078,1.281,6.423
163.21,-3.085,1.243,0.156,PATROL,11,12,-3.113,1.211,0.160,,-2.998,1.293,6.425
163.41,-3.005,1.256,0.158,PATROL,11,12,-3.035,1.223,0.162,,-2.917,1.304,6.427
163.61,-2.925,1.269,0.159,PATROL,11,12,-2.956,1.236,0.164,,-2.837,1.316,6.429
163.81,-2.844,1.282,0.161,PATROL,11,12,-2.877,1.249,0.165,,-2.756,1.328,6.430
164.01,-2.764,1.295,0.162,PATROL,11,12,-2.799,1.262,0.166,,-2.676,1.340,6.432
164.21,-2.684,1.308,0.164,PATROL,11,12,-2.721,1.276,0.168,,-2.595,1.352,6.433
164.41,-2.603,1.321,0.165,PATROL,11,12,-2.642,1.289,0.169,,-2.515,1.364,6.434
164.61,-2.523,1.335,0.166,PATROL,12,16,-2.563,1.302,0.170,,-2.434,1.377,6.435
164.81,-2.484,1.342,0.216,PATROL,12,16,-2.516,1.312,0.221,,-2.395,1.384,6.486
165.01,-2.464,1.347,0.308,PATROL,12,16,-2.498,1.316,0.313,,-2.375,1.388,6.578
165.21,-2.446,1.354,0.411,PATROL,12,16,-2.480,1.324,0.416,,-2.356,1.395,6.681
165.41,-2.423,1.365,0.521,PATROL,12,16,-2.458,1.335,0.525,,-2.334,1.406,6.790
165.61,-2.397,1.382,0.630,PATROL,12,16,-2.433,1.352,0.635,,-2.308,1.422,6.900
165.81,-2.369,1.405,0.740,PATROL,12,16,-2.406,1.374,0.745,,-2.279,1.445,7.009
166.01,-2.341,1.435,0.851,PATROL,12,16,-2.377,1.403,0.856,,-2.250,1.474,7.120
166.21,-2.312,1.472,0.962,PATROL,12,16,-2.350,1.439,0.966,,-2.221,1.511,7.231
166.41,-2.290,1.508,1.072,PATROL,12,16,-2.323,1.482,1.077,,-2.198,1.547,7.342
166.61,-2.265,1.559,1.178,PATROL,12,16,-2.300,1.533,1.182,,-2.173,1.597,7.447
166.81,-2.244,1.616,1.263,PATROL,12,16,-2.279,1.590,1.268,,-2.151,1.655,7.533
167.01,-2.226,1.679,1.332,PATROL,12,16,-2.262,1.652,1.337,,-2.133,1.718,7.603
167.21,-2.212,1.746,1.389,PATROL,12,16,-2.249,1.717,1.393,,-2.118,1.784,7.659
167.41,-2.201,1.816,1.434,PATROL,12,16,-2.238,1.786,1.438,,-2.105,1.854,7.704
167.61,-2.192,1.889,1.470,PATROL,12,16,-2.230,1.857,1.475,,-2.096,1.926,7.740
167.81,-2.186,1.963,1.500,PATROL,12,16,-2.224,1.930,1.505,,-2.089,2.001,7.771
168.01,-2.183,2.026,1.525,PATROL,12,16,-2.220,2.004,1.529,,-2.084,2.064,7.795
168.21,-2.180,2.103,1.545,PATROL,12,16,-2.218,2.079,1.549,,-2.080,2.140,7.815
168.41,-2.178,2.180,1.561,PATROL,12,16,-2.217,2.155,1.566,,-2.078,2.218,7.831
168.61,-2.178,2.258,1.575,PATROL,12,16,-2.217,2.232,1.579,,-2.077,2.296,7.845
168.81,-2.179,2.337,1.586,PATROL,12,16,-2.218,2.309,1.590,,-2.076,2.375,7.856
169.01,-2.180,2.417,1.595,PATROL,12,16,-2.220,2.387,1.599,,-2.077,2.454,7.865
169.21,-2.183,2.496,1.602,PATROL,12,16,-2.223,2.465,1.607,,-2.078,2.534,7.873
169.41,-2.185,2.576,1.610,PATROL,12,16,-2.226,2.543,1.614,,-2.080,2.614,7.880
169.61,-2.189,2.656,1.616,PATROL,12,16,-2.229,2.622,1.620,,-2.082,2.694,7.886
169.81,-2.192,2.723,1.621,PATROL,12,16,-2.233,2.700,1.625,,-2.085,2.761,7.891
170.01,-2.196,2.804,1.625,PATROL,12,16,-2.238,2.779,1.629,,-2.088,2.842,7.895
170.21,-2.201,2.885,1.628,PATROL,12,16,-2.243,2.859,1.632,,-2.091,2.923,7.898
170.41,-2.205,2.966,1.631,PATROL,12,16,-2.247,2.937,1.635,,-2.095,3.004,7.901
170.61,-2.210,3.046,1.634,PATROL,12,16,-2.253,3.017,1.638,,-2.099,3.085,7.904
170.81,-2.216,3.127,1.636,PATROL,12,16,-2.258,3.096,1.640,,-2.103,3.166,7.906
171.01,-2.221,3.209,1.637,PATROL,12,16,-2.264,3.176,1.642,,-2.107,3.247,7.908
171.21,-2.226,3.290,1.639,PATROL,12,16,-2.269,3.255,1.643,,-2.112,3.328,7.909
171.41,-2.231,3.357,1.640,PATROL,12,16,-2.275,3.335,1.644,,-2.115,3.396,7.910
171.61,-2.237,3.439,1.641,PATROL,12,16,-2.281,3.414,1.645,,-2.120,3.477,7.911
171.81,-2.243,3.520,1.642,PATROL,12,16,-2.287,3.494,1.646,,-2.125,3.559,7.912
172.01,-2.248,3.601,1.643,PATROL,12,16,-2.293,3.573,1.647,,-2.130,3.640,7.913
172.21,-2.254,3.682,1.644,PATROL,12,16,-2.299,3.653,1.648,,-2.134,3.722,7.914
172.41,-2.260,3.764,1.644,PATROL,12,16,-2.305,3.732,1.649,,-2.139,3.803,7.915
172.61,-2.266,3.845,1.645,PATROL,13,15,-2.312,3.812,1.649,,-2.144,3.884,7.915
172.81,-2.272,3.914,1.669,PATROL,13,15,-2.317,3.882,1.673,,-2.149,3.953,7.939
173.01,-2.275,3.937,1.732,PATROL,13,15,-2.321,3.910,1.736,,-2.152,3.977,8.002
173.21,-2.277,3.950,1.841,PATROL,13,15,-2.323,3.923,1.846,,-2.154,3.989,8.111
173.41,-2.283,3.967,1.941,PATROL,13,15,-2.330,3.938,1.946,,-2.159,4.006,8.211
173.61,-2.292,3.988,2.049,PATROL,13,15,-2.340,3.959,2.054,,-2.169,4.028,8.319
173.81,-2.307,4.012,2.159,PATROL,13,15,-2.354,3.983,2.164,,-2.183,4.052,8.430
174.01,-2.327,4.039,2.269,PATROL,13,15,-2.374,4.009,2.273,,-2.202,4.079,8.539
174.21,-2.354,4.067,2.378,PATROL,13,15,-2.400,4.037,2.383,,-2.229,4.108,8.649
174.41,-2.388,4.096,2.489,PATROL,13,15,-2.433,4.064,2.493,,-2.263,4.137,8.759
174.61,-2.422,4.119,2.600,PATROL,13,15,-2.473,4.091,2.604,,-2.296,4.161,8.870
174.81,-2.469,4.144,2.709,PATROL,13,15,-2.521,4.116,2.714,,-2.343,4.187,8.980
175.01,-2.524,4.167,2.804,PATROL,13,15,-2.575,4.138,2.809,,-2.398,4.210,9.075
175.21,-2.585,4.186,2.881,PATROL,13,15,-2.635,4.156,2.885,,-2.458,4.229,9.151
175.41,-2.650,4.201,2.942,PATROL,13,15,-2.699,4.170,2.946,,-2.524,4.246,9.212
175.61,-2.719,4.213,2.991,PATROL,13,15,-2.767,4.182,2.995,,-2.593,4.258,9.262
175.81,-2.791,4.222,3.030,PATROL,13,15,-2.837,4.191,3.035,,-2.664,4.269,9.301
176.01,-2.865,4.229,3.063,PATROL,13,15,-2.909,4.197,3.067,,-2.738,4.276,9.334
176.21,-2.940,4.234,3.089,PATROL,13,15,-2.983,4.202,3.093,,-2.813,4.282,9.360
176.41,-3.003,4.237,3.111,PATROL,13,15,-3.058,4.204,3.115,,-2.877,4.286,9.382
176.61,-3.081,4.238,3.128,PATROL,13,15,-3.133,4.206,3.133,,-2.954,4.288,9.399
176.81,-3.159,4.239,-3.140,PATROL,13,15,-3.210,4.206,-3.136,,-3.032,4.290,9.414
177.01,-3.237,4.238,-3.128,PATROL,13,15,-3.287,4.205,-3.124,,-3.111,4.290,9.426
177.21,-3.316,4.237,-3.119,PATROL,13,15,-3.365,4.203,-3.114,,-3.190,4.290,9.436
177.41,-3.396,4.235,-3.111,PATROL,13,15,-3.442,4.201,-3.106,,-3.269,4.288,9.444
177.61,-3.476,4.232,-3.103,PATROL,13,15,-3.521,4.198,-3.099,,-3.349,4.287,9.451
177.81,-3.556,4.229,-3.097,PATROL,13,15,-3.599,4.194,-3.093,,-3.429,4.284,9.457
178.01,-3.623,4.225,-3.092,PATROL,13,15,-3.677,4.190,-3.087,,-3.496,4.282,9.463
178.21,-3.703,4.221,-3.087,PATROL,13,15,-3.756,4.186,-3.083,,-3.577,4.279,9.467
178.41,-3.784,4.217,-3.084,PATROL,13,15,-3.835,4.181,-3.079,,-3.658,4.275,9.471
178.61,-3.865,4.212,-3.080,PATROL,13,15,-3.915,4.176,-3.076,,-3.739,4.271,9.474
178.81,-3.946,4.207,-3.078,PATROL,13,15,-3.994,4.171,-3.074,,-3.820,4.267,9.476
179.01,-4.027,4.201,-3.075,PATROL,13,15,-4.073,4.165,-3.071,,-3.901,4.263,9.479
179.21,-4.108,4.196,-3.074,PATROL,13,15,-4.153,4.159,-3.069,,-3.982,4.259,9.481
179.41,-4.189,4.190,-3.072,PATROL,13,15,-4.232,4.154,-3.068,,-4.063,4.254,9.482
179.61,-4.256,4.186,-3.071,PATROL,13,15,-4.312,4.148,-3.066,,-4.131,4.250,9.484
179.81,-4.338,4.180,-3.069,PATROL,13,15,-4.391,4.142,-3.065,,-4.212,4.245,9.485
180.01,-4.419,4.174,-3.068,PATROL,13,15,-4.470,4.136,-3.064,,-4.293,4.240,9.486
180.21,-4.500,4.168,-3.067,PATROL,13,15,-4.550,4.129,-3.063,,-4.375,4.235,9.487
180.41,-4.581,4.162,-3.067,PATROL,13,15,-4.630,4.123,-3.062,,-4.456,4.230,9.488
180.61,-4.663,4.156,-3.066,PATROL,13,15,-4.709,4.117,-3.062,,-4.538,4.225,9.488
180.81,-4.744,4.150,-3.065,PATROL,13,15,-4.789,4.110,-3.061,,-4.619,4.220,9.489
181.01,-4.825,4.143,-3.065,PATROL,14,14,-4.869,4.104,-3.061,,-4.701,4.215,9.489
181.21,-4.887,4.138,-3.063,PATROL,14,14,-4.941,4.098,-3.059,,-4.763,4.210,9.491
181.41,-4.965,4.133,-3.079,PATROL,14,14,-5.017,4.092,-3.075,,-4.841,4.206,9.475
181.61,-5.044,4.128,-3.091,PATROL,14,14,-5.094,4.087,-3.087,,-4.919,4.202,9.463
181.81,-5.123,4.124,-3.101,PATROL,14,14,-5.172,4.084,-3.097,,-4.998,4.199,9.453
182.01,-5.202,4.122,-3.110,PATROL,14,14,-5.250,4.081,-3.106,,-5.078,4.197,9.444
182.21,-5.282,4.119,-3.116,PATROL,14,14,-5.328,4.078,-3.112,,-5.158,4.196,9.438
182.41,-5.362,4.118,-3.122,PATROL,14,14,-5.407,4.076,-3.118,,-5.238,4.195,9.432
182.61,-5.443,4.116,-3.126,PATROL,14,14,-5.485,4.074,-3.122,,-5.319,4.195,9.428
182.81,-5.523,4.115,-3.130,PATROL,14,14,-5.564,4.073,-3.126,,-5.400,4.195,9.424
183.01,-5.591,4.114,-3.133,PATROL,14,14,-5.643,4.072,-3.129,,-5.467,4.195,9.421
183.21,-5.672,4.114,-3.136,PATROL,14,14,-5.723,4.071,-3.132,,-5.548,4.196,9.418
183.41,-5.753,4.113,-3.138,PATROL,14,14,-5.802,4.070,-3.134,,-5.629,4.196,9.416
183.61,-5.834,4.113,-3.140,PATROL,14,14,-5.882,4.070,-3.135,,-5.710,4.197,9.415
183.81,-5.915,4.113,-3.141,PATROL,14,14,-5.961,4.069,-3.137,,-5.791,4.198,9.413
184.01,-5.996,4.113,3.141,PATROL,14,14,-6.041,4.069,-3.138,,-5.873,4.199,9.412
184.21,-6.078,4.113,3.140,PATROL,14,14,-6.121,4.069,-3.139,,-5.954,4.200,9.411
184.41,-6.159,4.113,3.139,PATROL,14,14,-6.200,4.069,-3.140,,-6.036,4.201,9.410
184.61,-6.227,4.114,3.138,PATROL,14,14,-6.280,4.068,-3.141,,-6.103,4.202,9.409
184.81,-6.308,4.114,3.138,PATROL,14,14,-6.359,4.068,-3.141,,-6.185,4.203,9.409
185.01,-6.390,4.114,3.137,PATROL,14,14,-6.439,4.068,3.141,,-6.266,4.205,9.408
185.21,-6.471,4.114,3.137,PATROL,14,14,-6.519,4.068,3.141,,-6.348,4.206,9.408
185.41,-6.552,4.115,3.136,PATROL,14,14,-6.599,4.069,3.140,,-6.429,4.207,9.407
185.61,-6.634,4.115,3.136,PATROL,14,14,-6.679,4.069,3.140,,-6.511,4.209,9.407
185.81,-6.715,4.116,3.135,PATROL,14,14,-6.758,4.069,3.139,,-6.592,4.210,9.406
186.01,-6.797,4.116,3.135,PATROL,14,14,-6.838,4.069,3.139,,-6.674,4.212,9.406
186.21,-6.865,4.117,3.135,PATROL,14,14,-6.918,4.069,3.139,,-6.742,4.213,9.406
186.41,-6.946,4.117,3.134,PATROL,14,14,-6.998,4.069,3.138,,-6.823,4.215,9.405
186.61,-7.028,4.118,3.134,PATROL,14,14,-7.078,4.070,3.138,,-6.905,4.216,9.405
186.81,-7.109,4.119,3.134,PATROL,14,14,-7.158,4.070,3.138,,-6.986,4.218,9.405
187.01,-7.191,4.119,3.133,PATROL,14,14,-7.237,4.070,3.138,,-7.068,4.220,9.404
187.21,-7.273,4.120,3.133,PATROL,14,14,-7.317,4.071,3.137,,-7.149,4.221,9.404
187.41,-7.354,4.121,3.133,PATROL,14,14,-7.397,4.071,3.137,,-7.231,4.223,9.404
187.61,-7.436,4.121,3.132,PATROL,14,14,-7.477,4.071,3.137,,-7.313,4.225,9.403
187.81,-7.517,4.122,3.132,PATROL,14,14,-7.557,4.072,3.136,,-7.394,4.227,9.403
188.01,-7.585,4.123,3.132,PATROL,15,13,-7.637,4.072,3.136,,-7.462,4.228,9.403
188.21,-7.667,4.124,3.133,PATROL,15,13,-7.716,4.072,3.137,,-7.544,4.230,9.404
188.41,-7.748,4.124,3.134,PATROL,15,13,-7.796,4.073,3.139,,-7.625,4.231,9.405
188.61,-7.829,4.125,3.135,PATROL,15,13,-7.876,4.073,3.139,,-7.706,4.233,9.406
188.81,-7.910,4.125,3.136,PATROL,15,13,-7.955,4.073,3.140,,-7.787,4.234,9.407
189.01,-7.992,4.126,3.137,PATROL,15,13,-8.035,4.073,3.141,,-7.869,4.236,9.408
189.21,-8.073,4.126,3.138,PATROL,15,13,-8.115,4.073,-3.141,,-7.950,4.237,9.409
189.41,-8.154,4.126,3.138,PATROL,15,13,-8.194,4.073,-3.141,,-8.031,4.238,9.409
189.61,-8.222,4.126,3.139,PATROL,15,13,-8.274,4.073,-3.140,,-8.099,4.239,9.410
189.81,-8.304,4.127,3.140,PATROL,15,13,-8.354,4.073,-3.139,,-8.181,4.241,9.411
190.01,-8.385,4.127,3.140,PATROL,15,13,-8.434,4.072,-3.139,,-8.262,4.242,9.411
190.21,-8.467,4.127,3.141,PATROL,15,13,-8.513,4.072,-3.138,,-8.344,4.243,9.412
190.41,-8.548,4.127,3.141,PATROL,15,13,-8.593,4.072,-3.138,,-8.425,4.244,9.412
190.61,-8.630,4.127,-3.142,PATROL,15,13,-8.673,4.071,-3.137,,-8.507,4.245,9.413
190.81,-8.711,4.127,-3.141,PATROL,15,13,-8.753,4.071,-3.137,,-8.589,4.246,9.413
191.01,-8.793,4.127,-3.141,PATROL,15,13,-8.833,4.071,-3.137,,-8.670,4.247,9.413
191.21,-8.861,4.127,-3.141,PATROL,15,13,-8.913,4.070,-3.136,,-8.738,4.248,9.414
191.41,-8.942,4.127,-3.140,PATROL,15,13,-8.993,4.070,-3.136,,-8.820,4.249,9.414
191.61,-9.024,4.126,-3.140,PATROL,15,13,-9.073,4.070,-3.136,,-8.902,4.249,9.414
191.81,-9.106,4.126,-3.140,PATROL,15,13,-9.153,4.069,-3.136,,-8.983,4.250,9.414
192.01,-9.187,4.126,-3.140,PATROL,15,13,-9.232,4.069,-3.136,,-9.065,4.251,9.414
192.21,-9.269,4.126,-3.139,PATROL,15,13,-9.312,4.068,-3.135,,-9.146,4.252,9.415
192.41,-9.350,4.126,-3.139,PATROL,15,13,-9.392,4.068,-3.135,,-9.228,4.253,9.415
192.61,-9.432,4.126,-3.139,PATROL,15,13,-9.472,4.067,-3.135,,-9.309,4.254,9.415
192.81,-9.500,4.125,-3.139,PATROL,15,13,-9.552,4.067,-3.135,,-9.377,4.254,9.415
193.01,-9.581,4.125,-3.139,PATROL,15,13,-9.632,4.066,-3.135,,-9.459,4.255,9.415
193.21,-9.663,4.125,-3.139,PATROL,15,13,-9.712,4.066,-3.135,,-9.540,4.256,9.415
193.41,-9.744,4.125,-3.139,PATROL,15,13,-9.792,4.065,-3.135,,-9.622,4.257,9.415
193.61,-9.826,4.125,-3.139,PATROL,15,13,-9.872,4.065,-3.135,,-9.703,4.257,9.415
193.81,-9.907,4.124,-3.139,PATROL,15,13,-9.951,4.064,-3.135,,-9.785,4.258,9.415
194.01,-9.988,4.124,-3.139,PATROL,15,13,-10.031,4.064,-3.135,,-9.866,4.259,9.415
194.21,-10.070,4.124,-3.140,PATROL,15,13,-10.111,4.063,-3.136,,-9.948,4.260,9.414
194.41,-10.151,4.124,-3.140,PATROL,15,13,-10.190,4.063,-3.136,,-10.029,4.261,9.414
194.61,-10.219,4.124,-3.141,PATROL,15,13,-10.270,4.062,-3.137,,-10.097,4.262,9.413
194.81,-10.300,4.124,-3.141,PATROL,15,13,-10.350,4.062,-3.137,,-10.179,4.263,9.413
195.01,-10.382,4.124,3.141,PATROL,16,0,-10.430,4.062,-3.138,,-10.260,4.264,9.412
195.21,-10.441,4.124,3.125,PATROL,16,0,-10.487,4.062,3.129,,-10.319,4.265,9.396
195.41,-10.460,4.125,3.096,PATROL,16,0,-10.505,4.062,3.100,,-10.338,4.265,9.367
195.61,-10.460,4.125,2.990,PATROL,16,0,-10.506,4.062,2.994,,-10.339,4.265,9.261
195.81,-10.460,4.125,2.880,PATROL,16,0,-10.505,4.062,2.883,,-10.339,4.265,9.150
196.01,-10.460,4.125,2.769,PATROL,16,0,-10.505,4.062,2.773,,-10.339,4.265,9.040
196.21,-10.460,4.125,2.658,PATROL,16,0,-10.505,4.062,2.662,,-10.339,4.265,8.929
196.41,-10.460,4.125,2.548,PATROL,16,0,-10.505,4.062,2.552,,-10.339,4.265,8.818
196.61,-10.460,4.125,2.437,PATROL,16,0,-10.504,4.062,2.441,,-10.339,4.265,8.708
196.81,-10.460,4.125,2.326,PATROL,16,0,-10.504,4.062,2.330,,-10.339,4.265,8.597
197.01,-10.460,4.125,2.215,PATROL,16,0,-10.504,4.061,2.219,,-10.339,4.265,8.486
197.21,-10.460,4.125,2.105,PATROL,16,0,-10.504,4.061,2.108,,-10.339,4.265,8.375
197.41,-10.460,4.125,1.994,PATROL,16,0,-10.504,4.061,1.997,,-10.339,4.265,8.264
197.61,-10.460,4.125,1.883,PATROL,16,0,-10.504,4.061,1.886,,-10.339,4.266,8.153
197.81,-10.461,4.128,1.773,PATROL,16,0,-10.505,4.065,1.776,,-10.339,4.269,8.043
198.01,-10.463,4.138,1.663,PATROL,16,0,-10.506,4.075,1.666,,-10.341,4.279,7.933
198.21,-10.463,4.154,1.553,PATROL,16,0,-10.507,4.090,1.557,,-10.341,4.294,7.823
198.41,-10.462,4.174,1.443,PATROL,16,0,-10.505,4.111,1.446,,-10.339,4.315,7.713
198.61,-10.457,4.201,1.333,PATROL,16,0,-10.501,4.136,1.337,,-10.334,4.342,7.603
198.81,-10.447,4.233,1.224,PATROL,16,0,-10.492,4.167,1.228,,-10.324,4.373,7.494
199.01,-10.432,4.268,1.114,PATROL,16,0,-10.477,4.201,1.118,,-10.309,4.408,7.384
199.21,-10.410,4.306,1.005,PATROL,16,0,-10.457,4.238,1.008,,-10.286,4.446,7.274
199.41,-10.410,4.306,0.894,PATROL,16,0,-10.429,4.276,0.898,,-10.286,4.446,7.164
199.61,-10.410,4.306,0.787,PATROL,16,0,-10.394,4.316,0.790,,-10.286,4.446,7.057
199.81,-10.410,4.306,0.697,PATROL,16,0,-10.351,4.356,0.701,,-10.286,4.446,6.967
200.01,-10.410,4.306,0.626,PATROL,16,0,-10.301,4.395,0.629,,-10.286,4.446,6.895
200.21,-10.410,4.306,0.569,PATROL,16,0,-10.246,4.432,0.573,,-10.286,4.446,6.839
200.41,-10.410,4.306,0.525,PATROL,16,0,-10.186,4.469,0.529,,-10.286,4.446,6.795
200.61,-10.410,4.306,0.490,PATROL,16,0,-10.124,4.504,0.494,,-10.286,4.446,6.760
200.81,-10.410,4.306,0.463,PATROL,16,0,-10.059,4.538,0.467,,-10.286,4.446,6.733
201.01,-10.410,4.306,0.441,PATROL,16,0,-9.991,4.571,0.445,,-10.286,4.446,6.711
201.21,-10.248,4.382,0.424,PATROL,16,0,-9.923,4.603,0.428,,-10.237,4.468,6.694
201.41,-10.177,4.413,0.410,PATROL,16,0,-9.853,4.634,0.414,,-10.166,4.498,6.680
201.61,-10.104,4.444,0.399,PATROL,16,0,-9.782,4.665,0.403,,-10.092,4.529,6.669
201.81,-10.031,4.475,0.391,PATROL,16,0,-9.710,4.695,0.395,,-10.019,4.558,6.660
202.01,-9.957,4.505,0.384,PATROL,16,0,-9.638,4.725,0.388,,-9.944,4.587,6.653
202.21,-9.882,4.535,0.378,PATROL,16,0,-9.565,4.754,0.382,,-9.869,4.616,6.648
202.41,-9.808,4.564,0.374,PATROL,16,0,-9.492,4.784,0.378,,-9.794,4.645,6.643
202.61,-9.732,4.594,0.370,PATROL,16,0,-9.418,4.813,0.374,,-9.718,4.673,6.640
202.81,-9.669,4.618,0.367,PATROL,16,0,-9.344,4.842,0.371,,-9.655,4.696,6.637
203.01,-9.594,4.647,0.365,PATROL,16,0,-9.271,4.870,0.369,,-9.579,4.724,6.635
203.21,-9.518,4.676,0.363,PATROL,16,0,-9.196,4.899,0.367,,-9.503,4.752,6.633
203.41,-9.442,4.705,0.362,PATROL,16,0,-9.122,4.927,0.366,,-9.427,4.780,6.631
203.61,-9.366,4.733,0.361,PATROL,16,0,-9.048,4.956,0.365,,-9.350,4.808,6.630
203.81,-9.290,4.762,0.360,PATROL,16,0,-8.973,4.984,0.364,,-9.274,4.835,6.629
204.01,-9.214,4.791,0.359,PATROL,16,0,-8.899,5.012,0.363,,-9.197,4.863,6.629
204.21,-9.138,4.819,0.358,PATROL,16,0,-8.824,5.041,0.363,,-9.120,4.891,6.628
204.41,-9.061,4.848,0.358,PATROL,16,0,-8.750,5.069,0.362,,-9.044,4.918,6.627
204.61,-8.998,4.872,0.357,PATROL,16,0,-8.675,5.097,0.362,,-8.980,4.941,6.627
204.81,-8.922,4.900,0.357,PATROL,16,0,-8.601,5.125,0.361,,-8.903,4.968,6.627
205.01,-8.845,4.929,0.357,PATROL,16,0,-8.526,5.154,0.361,,-8.826,4.996,6.626
205.21,-8.769,4.957,0.357,PATROL,16,0,-8.451,5.182,0.361,,-8.750,5.023,6.626
205.41,-8.692,4.985,0.356,PATROL,16,0,-8.377,5.210,0.361,,-8.673,5.051,6.626
205.61,-8.616,5.014,0.356,PATROL,16,0,-8.302,5.238,0.361,,-8.596,5.078,6.626
205.81,-8.540,5.042,0.356,PATROL,16,0,-8.227,5.266,0.361,,-8.519,5.106,6.626
206.01,-8.463,5.071,0.356,PATROL,16,0,-8.152,5.294,0.360,,-8.442,5.133,6.626
206.21,-8.400,5.094,0.356,PATROL,16,0,-8.078,5.323,0.360,,-8.378,5.156,6.626
206.41,-8.323,5.123,0.356,PATROL,16,0,-8.003,5.351,0.360,,-8.302,5.183,6.626
206.61,-8.247,5.151,0.356,PATROL,16,0,-7.928,5.379,0.360,,-8.225,5.211,6.626
206.81,-8.170,5.180,0.356,PATROL,16,0,-7.853,5.407,0.360,,-8.148,5.238,6.625
207.01,-8.094,5.208,0.356,PATROL,16,0,-7.779,5.435,0.360,,-8.071,5.265,6.625
207.21,-8.018,5.236,0.356,PATROL,16,0,-7.704,5.463,0.360,,-7.994,5.293,6.625
207.41,-7.941,5.265,0.356,PATROL,16,0,-7.629,5.491,0.360,,-7.917,5.320,6.625
207.61,-7.865,5.293,0.356,PATROL,16,0,-7.555,5.519,0.360,,-7.841,5.347,6.625
207.81,-7.801,5.317,0.356,PATROL,16,0,-7.480,5.548,0.360,,-7.777,5.370,6.625
208.01,-7.725,5.345,0.356,PATROL,16,0,-7.405,5.576,0.360,,-7.700,5.398,6.625
208.21,-7.648,5.374,0.356,PATROL,16,0,-7.330,5.604,0.360,,-7.623,5.425,6.625
208.41,-7.572,5.402,0.356,PATROL,16,0,-7.255,5.632,0.360,,-7.546,5.452,6.625
208.61,-7.495,5.430,0.356,PATROL,16,0,-7.181,5.660,0.360,,-7.469,5.480,6.625
208.81,-7.419,5.459,0.356,PATROL,16,0,-7.106,5.688,0.360,,-7.392,5.507,6.625
209.01,-7.343,5.487,0.356,PATROL,16,0,-7.031,5.716,0.360,,-7.316,5.534,6.625
209.21,-7.266,5.516,0.356,PATROL,16,0,-6.957,5.744,0.360,,-7.239,5.562,6.625
209.41,-7.190,5.544,0.356,PATROL,16,0,-6.882,5.772,0.360,,-7.162,5.589,6.625
209.61,-7.126,5.568,0.356,PATROL,16,0,-6.807,5.800,0.360,,-7.098,5.612,6.625
209.81,-7.050,5.596,0.355,PATROL,16,0,-6.732,5.829,0.360,,-7.021,5.639,6.625
210.01,-6.973,5.624,0.355,PATROL,16,0,-6.658,5.857,0.360,,-6.944,5.667,6.625
210.21,-6.897,5.653,0.355,PATROL,16,0,-6.582,5.885,0.360,,-6.867,5.694,6.625
210.41,-6.820,5.681,0.355,PATROL,16,0,-6.508,5.913,0.360,,-6.790,5.721,6.625
210.61,-6.744,5.709,0.355,PATROL,16,0,-6.433,5.941,0.360,,-6.714,5.749,6.625
210.81,-6.667,5.738,0.355,PATROL,16,0,-6.358,5.969,0.360,,-6.637,5.776,6.625
211.01,-6.591,5.766,0.355,PATROL,16,0,-6.284,5.997,0.360,,-6.560,5.803,6.625
211.21,-6.527,5.790,0.355,PATROL,16,0,-6.209,6.025,0.360,,-6.496,5.826,6.625
211.41,-6.451,5.818,0.355,PATROL,16,0,-6.134,6.053,0.360,,-6.419,5.853,6.625
211.61,-6.374,5.847,0.355,PATROL,16,0,-6.060,6.081,0.360,,-6.342,5.881,6.625
211.81,-6.298,5.875,0.355,PATROL,16,0,-5.985,6.110,0.360,,-6.265,5.908,6.625
212.01,-6.221,5.903,0.355,PATROL,16,0,-5.910,6.138,0.360,,-6.188,5.935,6.625
212.21,-6.145,5.932,0.355,PATROL,16,0,-5.835,6.166,0.359,,-6.112,5.963,6.625
212.41,-6.069,5.960,0.355,PATROL,16,0,-5.760,6.194,0.359,,-6.035,5.990,6.625
212.61,-5.992,5.988,0.355,PATROL,16,0,-5.686,6.222,0.359,,-5.958,6.017,6.625
212.81,-5.928,6.012,0.355,PATROL,16,0,-5.611,6.250,0.359,,-5.894,6.040,6.625
213.01,-5.852,6.040,0.355,PATROL,16,0,-5.536,6.278,0.359,,-5.817,6.067,6.625
213.21,-5.776,6.069,0.355,PATROL,16,0,-5.461,6.306,0.359,,-5.740,6.095,6.625
213.41,-5.699,6.097,0.355,PATROL,16,0,-5.387,6.334,0.359,,-5.663,6.122,6.625
213.61,-5.623,6.125,0.355,PATROL,16,0,-5.312,6.362,0.359,,-5.586,6.149,6.625
213.81,-5.546,6.154,0.355,PATROL,16,0,-5.237,6.390,0.359,,-5.509,6.177,6.625
214.01,-5.470,6.182,0.355,PATROL,16,0,-5.162,6.418,0.359,,-5.433,6.204,6.625
214.21,-5.393,6.210,0.355,PATROL,16,0,-5.088,6.446,0.359,,-5.356,6.231,6.625
214.41,-5.330,6.234,0.355,PATROL,16,0,-5.013,6.475,0.359,,-5.292,6.254,6.625
214.61,-5.253,6.262,0.355,PATROL,16,0,-4.938,6.503,0.359,,-5.215,6.281,6.624
214.81,-5.177,6.291,0.355,PATROL,16,0,-4.863,6.531,0.359,,-5.138,6.309,6.624
215.01,-5.100,6.319,0.355,PATROL,16,0,-4.788,6.559,0.359,,-5.061,6.336,6.624
215.21,-5.024,6.347,0.355,PATROL,16,0,-4.714,6.587,0.359,,-4.984,6.363,6.624
215.41,-4.947,6.376,0.355,PATROL,16,0,-4.639,6.615,0.359,,-4.907,6.391,6.624
215.61,-4.871,6.404,0.355,PATROL,16,0,-4.564,6.643,0.359,,-4.830,6.418,6.624
215.81,-4.794,6.432,0.355,PATROL,16,0,-4.490,6.671,0.359,,-4.754,6.445,6.624
216.01,-4.718,6.461,0.355,PATROL,16,0,-4.415,6.699,0.359,,-4.677,6.472,6.624
216.21,-4.654,6.484,0.355,PATROL,16,0,-4.340,6.727,0.359,,-4.613,6.495,6.624
216.41,-4.578,6.513,0.355,PATROL,16,0,-4.265,6.755,0.359,,-4.536,6.522,6.624
216.61,-4.501,6.541,0.355,PATROL,16,0,-4.190,6.783,0.359,,-4.459,6.550,6.624
216.81,-4.425,6.569,0.355,PATROL,16,0,-4.115,6.811,0.359,,-4.382,6.577,6.624
217.01,-4.349,6.597,0.355,PATROL,16,0,-4.041,6.839,0.359,,-4.305,6.604,6.624
217.21,-4.272,6.626,0.355,PATROL,16,0,-3.966,6.867,0.359,,-4.228,6.632,6.624
217.41,-4.196,6.654,0.354,PATROL,16,0,-3.891,6.895,0.359,,-4.152,6.659,6.624
217.61,-4.119,6.682,0.354,PATROL,16,0,-3.816,6.923,0.359,,-4.075,6.686,6.624
217.81,-4.055,6.706,0.354,PATROL,16,0,-3.741,6.951,0.359,,-4.011,6.709,6.624
218.01,-3.979,6.734,0.354,PATROL,16,0,-3.667,6.979,0.359,,-3.934,6.736,6.624
218.21,-3.903,6.763,0.354,PATROL,16,0,-3.592,7.007,0.359,,-3.857,6.763,6.624
218.41,-3.826,6.791,0.354,PATROL,16,0,-3.517,7.035,0.358,,-3.780,6.791,6.624
218.61,-3.750,6.819,0.354,PATROL,16,0,-3.443,7.063,0.358,,-3.703,6.818,6.624
218.81,-3.673,6.847,0.354,PATROL,16,0,-3.368,7.091,0.358,,-3.626,6.845,6.624
219.01,-3.597,6.876,0.354,PATROL,16,0,-3.293,7.119,0.358,,-3.549,6.872,6.624
219.21,-3.520,6.904,0.354,PATROL,16,0,-3.218,7.147,0.358,,-3.472,6.899,6.624
219.41,-3.456,6.927,0.354,PATROL,16,0,-3.143,7.175,0.358,,-3.408,6.922,6.624
219.61,-3.380,6.956,0.354,PATROL,16,0,-3.068,7.203,0.358,,-3.331,6.949,6.623
219.81,-3.304,6.984,0.354,PATROL,16,0,-2.994,7.231,0.358,,-3.255,6.977,6.623
220.01,-3.227,7.012,0.354,PATROL,16,0,-2.919,7.259,0.358,,-3.178,7.004,6.623
220.21,-3.151,7.040,0.354,PATROL,16,0,-2.844,7.287,0.358,,-3.101,7.031,6.623
220.41,-3.074,7.069,0.354,PATROL,16,0,-2.769,7.315,0.358,,-3.024,7.058,6.623
220.61,-2.998,7.097,0.354,PATROL,16,0,-2.695,7.343,0.358,,-2.947,7.085,6.623
220.81,-2.921,7.125,0.353,PATROL,16,0,-2.620,7.371,0.358,,-2.870,7.113,6.623
221.01,-2.845,7.153,0.353,PATROL,16,0,-2.545,7.399,0.358,,-2.793,7.140,6.623
221.21,-2.781,7.177,0.353,PATROL,16,0,-2.470,7.427,0.358,,-2.729,7.162,6.623
221.41,-2.704,7.205,0.353,PATROL,16,0,-2.395,7.455,0.357,,-2.652,7.190,6.623
221.61,-2.628,7.233,0.353,PATROL,16,0,-2.320,7.483,0.357,,-2.575,7.217,6.623
221.81,-2.552,7.261,0.353,PATROL,16,0,-2.246,7.511,0.357,,-2.499,7.244,6.622
222.01,-2.475,7.290,0.353,PATROL,16,0,-2.171,7.538,0.357,,-2.422,7.271,6.622
222.21,-2.399,7.318,0.353,PATROL,16,0,-2.096,7.566,0.357,,-2.345,7.298,6.622
222.41,-2.322,7.346,0.352,PATROL,16,0,-2.022,7.594,0.357,,-2.268,7.325,6.622
222.61,-2.246,7.374,0.352,PATROL,16,0,-1.947,7.622,0.356,,-2.191,7.352,6.622
222.81,-2.182,7.397,0.352,PATROL,17,0,-1.872,7.650,0.356,,-2.127,7.375,6.621
223.01,-2.111,7.423,0.322,PATROL,17,0,-1.804,7.675,0.327,,-2.056,7.400,6.592
223.21,-2.047,7.442,0.259,PATROL,17,0,-1.742,7.694,0.263,,-1.991,7.418,6.529
223.41,-1.979,7.458,0.207,PATROL,17,0,-1.676,7.709,0.211,,-1.924,7.433,6.477
223.61,-1.909,7.472,0.165,PATROL,17,0,-1.607,7.723,0.169,,-1.853,7.445,6.434
223.81,-1.836,7.483,0.131,PATROL,17,0,-1.535,7.734,0.136,,-1.779,7.455,6.401
224.01,-1.761,7.491,0.105,PATROL,17,0,-1.462,7.743,0.109,,-1.704,7.463,6.374
224.21,-1.685,7.498,0.083,PATROL,17,0,-1.388,7.750,0.088,,-1.628,7.469,6.353
224.41,-1.620,7.503,0.066,PATROL,17,0,-1.312,7.756,0.070,,-1.564,7.473,6.335
224.61,-1.542,7.508,0.052,PATROL,17,0,-1.236,7.761,0.056,,-1.485,7.477,6.322
224.81,-1.463,7.512,0.041,PATROL,17,0,-1.159,7.765,0.045,,-1.407,7.479,6.310
225.01,-1.384,7.514,0.032,PATROL,17,0,-1.081,7.768,0.036,,-1.327,7.481,6.301
225.21,-1.304,7.517,0.024,PATROL,17,0,-1.003,7.770,0.028,,-1.247,7.482,6.294
225.41,-1.224,7.518,0.018,PATROL,17,0,-0.924,7.772,0.022,,-1.167,7.483,6.287
225.61,-1.144,7.520,0.013,PATROL,17,0,-0.845,7.774,0.017,,-1.087,7.483,6.282
225.81,-1.063,7.521,0.009,PATROL,17,0,-0.766,7.775,0.013,,-1.006,7.483,6.278
226.01,-0.982,7.521,0.006,PATROL,17,0,-0.687,7.776,0.010,,-0.925,7.482,6.275
226.21,-0.915,7.521,0.003,PATROL,17,0,-0.608,7.777,0.008,,-0.858,7.481,6.273
226.41,-0.834,7.522,0.001,PATROL,17,0,-0.529,7.777,0.005,,-0.777,7.480,6.270
226.61,-0.753,7.522,-0.001,PATROL,17,0,-0.449,7.777,0.004,,-0.695,7.479,6.269
226.81,-0.671,7.521,-0.002,PATROL,17,0,-0.369,7.778,0.002,,-0.614,7.478,6.267
227.01,-0.590,7.521,-0.003,PATROL,17,0,-0.290,7.778,0.001,,-0.533,7.477,6.266
227.21,-0.509,7.521,-0.004,PATROL,17,0,-0.210,7.778,0.000,,-0.451,7.475,6.265
227.41,-0.427,7.521,-0.005,PATROL,17,0,-0.130,7.778,-0.000,,-0.370,7.474,6.265
227.61,-0.346,7.520,-0.005,PATROL,17,0,-0.050,7.778,-0.001,,-0.289,7.472,6.264
227.81,-0.278,7.520,-0.006,PATROL,17,0,0.029,7.778,-0.002,,-0.221,7.471,6.263
228.01,-0.197,7.519,-0.006,PATROL,17,0,0.109,7.778,-0.002,,-0.139,7.469,6.263
228.21,-0.115,7.519,-0.007,PATROL,17,0,0.189,7.777,-0.003,,-0.058,7.468,6.262
228.41,-0.034,7.518,-0.007,PATROL,17,0,0.268,7.777,-0.003,,0.024,7.466,6.262
228.61,0.048,7.518,-0.008,PATROL,17,0,0.348,7.777,-0.004,,0.105,7.464,6.261
228.81,0.129,7.517,-0.008,PATROL,17,0,0.428,7.777,-0.004,,0.187,7.462,6.261
229.01,0.211,7.516,-0.009,PATROL,17,0,0.508,7.776,-0.004,,0.268,7.461,6.261
229.21,0.292,7.515,-0.009,PATROL,17,0,0.588,7.776,-0.005,,0.350,7.459,6.260
229.41,0.360,7.515,-0.010,PATROL,17,0,0.668,7.776,-0.005,,0.418,7.457,6.260
229.61,0.442,7.514,-0.010,PATROL,17,0,0.748,7.775,-0.005,,0.499,7.455,6.260
229.81,0.523,7.513,-0.010,PATROL,17,0,0.828,7.775,-0.006,,0.581,7.453,6.259
230.01,0.605,7.512,-0.010,PATROL,17,0,0.907,7.774,-0.006,,0.663,7.451,6.259
230.21,0.687,7.512,-0.010,PATROL,17,0,0.988,7.774,-0.006,,0.744,7.449,6.259
230.41,0.768,7.511,-0.011,PATROL,17,0,1.068,7.773,-0.006,,0.826,7.447,6.259
230.61,0.850,7.510,-0.011,PATROL,17,0,1.147,7.773,-0.006,,0.907,7.445,6.259
230.81,0.931,7.509,-0.011,PATROL,17,0,1.227,7.772,-0.007,,0.989,7.443,6.258
231.01,0.999,7.508,-0.011,PATROL,17,0,1.307,7.772,-0.007,,1.057,7.442,6.258
231.21,1.081,7.507,-0.011,PATROL,17,0,1.387,7.771,-0.007,,1.138,7.440,6.258
231.41,1.162,7.506,-0.011,PATROL,17,0,1.467,7.771,-0.007,,1.220,7.438,6.258
231.61,1.244,7.506,-0.011,PATROL,17,0,1.546,7.770,-0.007,,1.301,7.436,6.258
231.81,1.325,7.505,-0.011,PATROL,17,0,1.626,7.770,-0.007,,1.383,7.434,6.258
232.01,1.406,7.504,-0.011,PATROL,17,0,1.706,7.769,-0.007,,1.464,7.432,6.259
232.21,1.488,7.503,-0.011,PATROL,17,0,1.786,7.769,-0.006,,1.546,7.430,6.259
232.41,1.569,7.502,-0.010,PATROL,17,0,1.866,7.768,-0.006,,1.627,7.428,6.259
232.61,1.651,7.501,-0.010,PATROL,18,29,1.945,7.768,-0.005,,1.709,7.426,6.260
232.81,1.693,7.500,-0.053,PATROL,18,29,1.995,7.767,-0.049,,1.750,7.424,6.216
233.01,1.711,7.499,-0.135,PATROL,18,29,2.012,7.766,-0.131,,1.769,7.422,6.134
233.21,1.727,7.496,-0.239,PATROL,18,29,2.027,7.763,-0.235,,1.785,7.419,6.030
233.41,1.748,7.489,-0.348,PATROL,18,29,2.047,7.756,-0.345,,1.806,7.412,5.921
233.61,1.773,7.479,-0.457,PATROL,18,29,2.072,7.746,-0.454,,1.831,7.401,5.812
233.81,1.802,7.462,-0.567,PATROL,18,29,2.099,7.731,-0.563,,1.859,7.385,5.702
234.01,1.833,7.440,-0.678,PATROL,18,29,2.129,7.709,-0.674,,1.890,7.362,5.591
234.21,1.865,7.411,-0.788,PATROL,18,29,2.160,7.682,-0.784,,1.922,7.332,5.481
234.41,1.892,7.380,-0.898,PATROL,18,29,2.191,7.647,-0.893,,1.948,7.301,5.371
234.61,1.923,7.337,-1.008,PATROL,18,29,2.222,7.604,-1.004,,1.979,7.258,5.261
234.81,1.952,7.286,-1.105,PATROL,18,29,2.249,7.555,-1.100,,2.007,7.206,5.164
235.01,1.978,7.228,-1.182,PATROL,18,29,2.275,7.499,-1.178,,2.033,7.148,5.087
235.21,2.002,7.166,-1.243,PATROL,18,29,2.298,7.438,-1.239,,2.055,7.085,5.025
235.41,2.023,7.099,-1.293,PATROL,18,29,2.319,7.373,-1.289,,2.075,7.018,4.976
235.61,2.041,7.029,-1.333,PATROL,18,29,2.337,7.304,-1.329,,2.092,6.948,4.935
235.81,2.057,6.957,-1.366,PATROL,18,29,2.353,7.234,-1.361,,2.107,6.875,4.903
236.01,2.069,6.895,-1.392,PATROL,18,29,2.368,7.161,-1.388,,2.118,6.813,4.877
236.21,2.082,6.820,-1.413,PATROL,18,29,2.381,7.087,-1.409,,2.130,6.738,4.856
236.41,2.093,6.743,-1.430,PATROL,18,29,2.392,7.012,-1.426,,2.140,6.661,4.838
236.61,2.104,6.665,-1.444,PATROL,18,29,2.403,6.936,-1.440,,2.150,6.583,4.824
236.81,2.113,6.587,-1.456,PATROL,18,29,2.412,6.860,-1.451,,2.158,6.505,4.813
237.01,2.122,6.508,-1.465,PATROL,18,29,2.421,6.782,-1.461,,2.166,6.426,4.804
237.21,2.130,6.429,-1.473,PATROL,18,29,2.429,6.705,-1.468,,2.173,6.346,4.796
237.41,2.138,6.349,-1.479,PATROL,18,29,2.437,6.626,-1.474,,2.179,6.266,4.790
237.61,2.145,6.269,-1.484,PATROL,18,29,2.445,6.548,-1.479,,2.185,6.186,4.785
237.81,2.151,6.202,-1.488,PATROL,18,29,2.452,6.469,-1.484,,2.190,6.119,4.781
238.01,2.157,6.122,-1.492,PATROL,18,29,2.458,6.390,-1.487,,2.195,6.039,4.777
238.21,2.163,6.041,-1.494,PATROL,18,29,2.465,6.312,-1.490,,2.200,5.958,4.774
238.41,2.169,5.960,-1.497,PATROL,18,29,2.471,6.233,-1.492,,2.205,5.877,4.772
238.61,2.175,5.879,-1.499,PATROL,18,29,2.477,6.153,-1.494,,2.210,5.796,4.770
238.81,2.181,5.798,-1.500,PATROL,18,29,2.483,6.074,-1.496,,2.215,5.714,4.768
239.01,2.187,5.717,-1.502,PATROL,18,29,2.489,5.995,-1.497,,2.219,5.633,4.767
239.21,2.192,5.636,-1.503,PATROL,18,29,2.495,5.915,-1.498,,2.223,5.552,4.766
239.41,2.197,5.568,-1.504,PATROL,18,29,2.501,5.836,-1.499,,2.227,5.484,4.765
239.61,2.202,5.487,-1.505,PATROL,18,29,2.506,5.756,-1.500,,2.231,5.403,4.764
239.81,2.208,5.406,-1.505,PATROL,18,29,2.512,5.677,-1.501,,2.236,5.322,4.764
240.01,2.213,5.325,-1.506,PATROL,18,29,2.518,5.597,-1.501,,2.240,5.240,4.763
240.21,2.218,5.244,-1.506,PATROL,18,29,2.523,5.517,-1.502,,2.244,5.159,4.762
240.41,2.224,5.162,-1.507,PATROL,18,29,2.529,5.438,-1.502,,2.248,5.078,4.762
240.61,2.229,5.081,-1.507,PATROL,18,29,2.534,5.358,-1.503,,2.252,4.996,4.762
240.81,2.234,5.000,-1.507,PATROL,18,29,2.540,5.278,-1.503,,2.256,4.915,4.761
241.01,2.238,4.932,-1.508,PATROL,18,29,2.545,5.199,-1.503,,2.259,4.847,4.761
241.21,2.243,4.851,-1.508,PATROL,18,29,2.550,5.119,-1.504,,2.263,4.766,4.761
241.41,2.249,4.769,-1.508,PATROL,18,29,2.556,5.040,-1.504,,2.267,4.684,4.760
241.61,2.254,4.688,-1.509,PATROL,18,29,2.561,4.960,-1.504,,2.271,4.603,4.760
241.81,2.259,4.607,-1.509,PATROL,18,29,2.566,4.880,-1.504,,2.275,4.521,4.760
242.01,2.264,4.525,-1.509,PATROL,18,29,2.572,4.800,-1.505,,2.279,4.440,4.759
242.21,2.269,4.444,-1.510,PATROL,18,29,2.577,4.721,-1.505,,2.282,4.358,4.759
242.41,2.274,4.363,-1.510,PATROL,19,30,2.582,4.641,-1.505,,2.286,4.277,4.759
242.61,2.275,4.317,-1.562,PATROL,19,30,2.584,4.594,-1.558,,2.287,4.232,4.706
242.81,2.275,4.303,-1.547,PATROL,19,30,2.584,4.576,-1.542,,2.287,4.217,4.722
243.01,2.276,4.296,-1.441,PATROL,19,30,2.585,4.570,-1.436,,2.287,4.211,4.828
243.21,2.278,4.286,-1.332,PATROL,19,30,2.587,4.559,-1.328,,2.289,4.200,4.937
243.41,2.282,4.270,-1.223,PATROL,19,30,2.592,4.543,-1.218,,2.294,4.184,5.046
243.61,2.291,4.250,-1.113,PATROL,19,30,2.601,4.524,-1.109,,2.302,4.164,5.155
243.81,2.305,4.226,-1.004,PATROL,19,30,2.614,4.500,-0.999,,2.315,4.140,5.265
244.01,2.324,4.199,-0.895,PATROL,19,30,2.633,4.474,-0.890,,2.334,4.113,5.374
244.21,2.349,4.172,-0.785,PATROL,19,30,2.658,4.447,-0.780,,2.359,4.085,5.484
244.41,2.376,4.148,-0.675,PATROL,19,30,2.689,4.419,-0.670,,2.385,4.061,5.594
244.61,2.414,4.120,-0.564,PATROL,19,30,2.728,4.392,-0.559,,2.424,4.032,5.705
244.81,2.461,4.094,-0.453,PATROL,19,30,2.774,4.367,-0.449,,2.470,4.006,5.816
245.01,2.514,4.071,-0.354,PATROL,19,30,2.826,4.345,-0.350,,2.523,3.982,5.915
245.21,2.574,4.052,-0.274,PATROL,19,30,2.885,4.326,-0.270,,2.582,3.962,5.995
245.41,2.639,4.036,-0.210,PATROL,19,30,2.949,4.311,-0.205,,2.647,3.945,6.060
245.61,2.707,4.023,-0.157,PATROL,19,30,3.016,4.299,-0.153,,2.715,3.932,6.112
245.81,2.778,4.014,-0.115,PATROL,19,30,3.085,4.290,-0.111,,2.786,3.921,6.154
246.01,2.839,4.008,-0.081,PATROL,19,30,3.157,4.283,-0.077,,2.847,3.914,6.188
246.21,2.913,4.003,-0.053,PATROL,19,30,3.230,4.278,-0.049,,2.921,3.908,6.216
246.41,2.990,4.000,-0.030,PATROL,19,30,3.304,4.276,-0.026,,2.997,3.904,6.239
246.61,3.067,3.998,-0.012,PATROL,19,30,3.380,4.274,-0.008,,3.074,3.901,6.257
246.81,3.144,3.998,0.003,PATROL,19,30,3.456,4.274,0.007,,3.152,3.900,6.273
247.01,3.223,3.998,0.016,PATROL,19,30,3.533,4.276,0.020,,3.231,3.899,6.285
247.21,3.302,4.000,0.027,PATROL,19,30,3.610,4.278,0.031,,3.310,3.900,6.296
247.41,3.381,4.003,0.035,PATROL,19,30,3.688,4.280,0.040,,3.389,3.901,6.305
247.61,3.461,4.006,0.043,PATROL,19,30,3.766,4.284,0.048,,3.469,3.904,6.313
247.81,3.528,4.009,0.050,PATROL,19,30,3.844,4.288,0.054,,3.536,3.906,6.320
248.01,3.608,4.013,0.056,PATROL,19,30,3.923,4.292,0.060,,3.616,3.909,6.325
248.21,3.688,4.018,0.060,PATROL,19,30,4.002,4.297,0.065,,3.696,3.912,6.330
248.41,3.769,4.023,0.064,PATROL,19,30,4.081,4.302,0.068,,3.777,3.916,6.334
248.61,3.850,4.028,0.068,PATROL,19,30,4.160,4.308,0.072,,3.858,3.921,6.337
248.81,3.930,4.034,0.071,PATROL,19,30,4.239,4.314,0.075,,3.939,3.925,6.340
249.01,4.011,4.040,0.073,PATROL,19,30,4.318,4.320,0.077,,4.020,3.930,6.342
249.21,4.092,4.046,0.075,PATROL,19,30,4.398,4.326,0.079,,4.101,3.935,6.344
249.41,4.160,4.051,0.077,PATROL,19,30,4.477,4.332,0.081,,4.169,3.939,6.346
249.61,4.241,4.057,0.078,PATROL,19,30,4.557,4.339,0.082,,4.250,3.944,6.347
249.81,4.322,4.063,0.079,PATROL,19,30,4.636,4.345,0.083,,4.331,3.949,6.349
250.01,4.403,4.070,0.080,PATROL,19,30,4.716,4.352,0.084,,4.412,3.955,6.350
250.21,4.484,4.077,0.081,PATROL,19,30,4.795,4.359,0.085,,4.494,3.960,6.351
250.41,4.566,4.083,0.082,PATROL,19,30,4.874,4.366,0.086,,4.575,3.966,6.351
250.61,4.647,4.090,0.083,PATROL,19,30,4.954,4.372,0.087,,4.656,3.971,6.352
250.81,4.728,4.097,0.083,PATROL,19,30,5.034,4.379,0.087,,4.738,3.977,6.353
251.01,4.796,4.102,0.084,PATROL,20,31,5.113,4.386,0.088,,4.805,3.982,6.353
251.21,4.871,4.109,0.083,PATROL,20,31,5.186,4.393,0.087,,4.881,3.987,6.353
251.41,4.949,4.115,0.067,PATROL,20,31,5.262,4.399,0.071,,4.959,3.992,6.336
251.61,5.027,4.120,0.054,PATROL,20,31,5.339,4.404,0.058,,5.037,3.996,6.323
251.81,5.106,4.123,0.043,PATROL,20,31,5.416,4.408,0.047,,5.116,3.999,6.312
252.01,5.186,4.127,0.034,PATROL,20,31,5.494,4.411,0.038,,5.196,4.000,6.304
252.21,5.265,4.129,0.027,PATROL,20,31,5.572,4.414,0.031,,5.276,4.002,6.296
252.41,5.346,4.131,0.021,PATROL,20,31,5.651,4.416,0.025,,5.356,4.003,6.291
252.61,5.426,4.132,0.016,PATROL,20,31,5.729,4.418,0.020,,5.436,4.003,6.286
252.81,5.493,4.133,0.012,PATROL,20,31,5.808,4.419,0.016,,5.504,4.003,6.282
253.01,5.574,4.134,0.009,PATROL,20,31,5.888,4.421,0.013,,5.584,4.003,6.278
253.21,5.655,4.135,0.006,PATROL,20,31,5.967,4.422,0.010,,5.665,4.002,6.276
253.41,5.736,4.135,0.004,PATROL,20,31,6.046,4.422,0.008,,5.746,4.002,6.274
253.61,5.817,4.136,0.003,PATROL,20,31,6.126,4.423,0.007,,5.828,4.001,6.272
253.81,5.898,4.136,0.001,PATROL,20,31,6.205,4.423,0.005,,5.909,4.000,6.271
254.01,5.980,4.136,0.000,PATROL,20,31,6.285,4.424,0.004,,5.990,3.999,6.269
254.21,6.061,4.136,-0.001,PATROL,20,31,6.365,4.424,0.003,,6.072,3.998,6.268
254.41,6.129,4.136,-0.002,PATROL,20,31,6.445,4.424,0.002,,6.139,3.997,6.268
254.61,6.210,4.135,-0.002,PATROL,20,31,6.524,4.424,0.002,,6.221,3.995,6.267
254.81,6.291,4.135,-0.003,PATROL,20,31,6.604,4.424,0.001,,6.302,3.994,6.266
255.01,6.373,4.135,-0.003,PATROL,20,31,6.684,4.424,0.001,,6.384,3.992,6.266
255.21,6.447,4.135,-0.009,ALIGN,20,31,6.757,4.424,-0.005,ball_7,6.458,3.991,6.261
255.41,6.483,4.134,-0.021,ALIGN,20,31,6.793,4.424,-0.017,ball_7,6.494,3.990,6.249
255.61,6.488,4.134,-0.089,ALIGN,20,31,6.798,4.424,-0.086,ball_7,6.499,3.990,6.180
255.81,6.488,4.134,-0.200,ALIGN,20,31,6.798,4.424,-0.196,ball_7,6.499,3.990,6.069
256.01,6.488,4.134,-0.304,ALIGN,20,31,6.798,4.424,-0.300,ball_7,6.499,3.990,5.966
256.21,6.488,4.134,-0.377,ALIGN,20,31,6.797,4.424,-0.373,ball_7,6.499,3.990,5.893
256.41,6.488,4.134,-0.423,APPROACH,20,31,6.797,4.424,-0.419,ball_7,6.499,3.990,5.846
256.61,6.493,4.132,-0.473,APPROACH,20,31,6.802,4.422,-0.470,ball_7,6.503,3.988,5.796
256.81,6.527,4.112,-0.530,APPROACH,20,31,6.836,4.403,-0.526,ball_7,6.538,3.968,5.739
257.01,6.580,4.082,-0.526,APPROACH,20,31,6.887,4.373,-0.521,ball_7,6.590,3.937,5.744
257.21,6.632,4.051,-0.525,APPROACH,20,31,6.939,4.343,-0.520,ball_7,6.642,3.905,5.745
257.41,6.685,4.021,-0.523,APPROACH,20,31,6.991,4.314,-0.519,ball_7,6.695,3.874,5.746
257.61,6.730,3.995,-0.522,APPROACH,20,31,7.043,4.284,-0.518,ball_7,6.739,3.848,5.747
257.81,6.783,3.965,-0.521,APPROACH,20,31,7.095,4.254,-0.517,ball_7,6.791,3.816,5.748
258.01,6.836,3.934,-0.520,APPROACH,20,31,7.147,4.225,-0.516,ball_7,6.844,3.785,5.749
258.21,6.889,3.904,-0.520,APPROACH,20,31,7.199,4.195,-0.516,ball_7,6.897,3.754,5.749
258.41,6.942,3.874,-0.519,APPROACH,20,31,7.252,4.166,-0.515,ball_7,6.949,3.723,5.750
258.61,6.995,3.843,-0.518,APPROACH,20,31,7.304,4.136,-0.514,ball_7,7.002,3.692,5.751
258.81,7.048,3.813,-0.518,APPROACH,20,31,7.356,4.107,-0.514,ball_7,7.055,3.661,5.751
259.01,7.102,3.783,-0.517,APPROACH,20,31,7.408,4.077,-0.513,ball_7,7.108,3.630,5.752
259.21,7.155,3.752,-0.517,APPROACH,20,31,7.460,4.048,-0.513,ball_7,7.160,3.599,5.752
259.41,7.199,3.727,-0.516,APPROACH,20,31,7.513,4.019,-0.512,ball_7,7.204,3.573,5.753
259.61,7.252,3.697,-0.516,APPROACH,20,31,7.565,3.989,-0.512,ball_7,7.257,3.542,5.753
259.81,7.306,3.667,-0.516,APPROACH,20,31,7.617,3.960,-0.512,ball_7,7.310,3.511,5.753
260.01,7.359,3.637,-0.516,APPROACH,20,31,7.669,3.930,-0.512,ball_7,7.363,3.480,5.753
260.21,7.412,3.606,-0.516,APPROACH,20,31,7.722,3.901,-0.512,ball_7,7.416,3.449,5.753
260.41,7.465,3.576,-0.516,APPROACH,20,31,7.774,3.872,-0.512,ball_7,7.469,3.418,5.753
260.61,7.519,3.546,-0.515,APPROACH,20,31,7.826,3.843,-0.511,ball_7,7.521,3.387,5.754
260.81,7.572,3.516,-0.515,APPROACH,20,31,7.878,3.813,-0.511,ball_7,7.574,3.356,5.754
261.01,7.616,3.491,-0.515,APPROACH,20,31,7.931,3.784,-0.511,ball_7,7.618,3.331,5.754
261.21,7.669,3.461,-0.515,APPROACH,20,31,7.983,3.755,-0.511,ball_7,7.671,3.300,5.754
261.41,7.723,3.430,-0.515,APPROACH,20,31,8.035,3.725,-0.511,ball_7,7.724,3.269,5.754
261.61,7.776,3.400,-0.515,APPROACH,20,31,8.087,3.696,-0.511,ball_7,7.777,3.238,5.754
261.81,7.829,3.370,-0.515,APPROACH,20,31,8.140,3.667,-0.510,ball_7,7.830,3.207,5.755
262.01,7.883,3.340,-0.514,APPROACH,20,31,8.192,3.638,-0.510,ball_7,7.883,3.176,5.755
262.21,7.936,3.310,-0.514,APPROACH,20,31,8.244,3.608,-0.510,ball_7,7.936,3.145,5.755
262.41,7.989,3.280,-0.514,APPROACH,20,31,8.297,3.579,-0.510,ball_7,7.988,3.114,5.755
262.61,8.033,3.255,-0.514,APPROACH,20,31,8.349,3.550,-0.510,ball_7,8.033,3.089,5.755
262.81,8.087,3.225,-0.514,APPROACH,20,31,8.402,3.520,-0.510,ball_7,8.085,3.058,5.755
263.01,8.140,3.195,-0.514,APPROACH,20,31,8.454,3.491,-0.510,ball_7,8.138,3.027,5.755
263.21,8.193,3.164,-0.514,APPROACH,20,31,8.506,3.462,-0.510,ball_7,8.191,2.996,5.755
263.41,8.247,3.134,-0.514,APPROACH,20,31,8.558,3.433,-0.510,ball_7,8.244,2.965,5.755
263.61,8.300,3.104,-0.514,APPROACH,20,31,8.611,3.403,-0.510,ball_7,8.297,2.934,5.755
263.81,8.353,3.074,-0.514,APPROACH,20,31,8.663,3.374,-0.510,ball_7,8.350,2.904,5.755
264.01,8.406,3.044,-0.514,APPROACH,20,31,8.715,3.345,-0.510,ball_7,8.403,2.873,5.755
264.21,8.460,3.014,-0.514,APPROACH,20,31,8.768,3.316,-0.510,ball_7,8.456,2.842,5.755
264.41,8.504,2.989,-0.514,APPROACH,20,31,8.820,3.286,-0.510,ball_7,8.500,2.816,5.755
264.61,8.557,2.959,-0.515,APPROACH,20,31,8.872,3.257,-0.510,ball_7,8.552,2.785,5.755
264.81,8.611,2.929,-0.515,APPROACH,20,31,8.925,3.228,-0.510,ball_7,8.605,2.754,5.755
265.01,8.664,2.898,-0.515,APPROACH,20,31,8.977,3.198,-0.511,ball_7,8.658,2.723,5.754
265.21,8.717,2.868,-0.515,APPROACH,20,31,9.029,3.169,-0.511,ball_7,8.711,2.692,5.754
265.41,8.770,2.838,-0.515,APPROACH,20,31,9.081,3.140,-0.511,ball_7,8.764,2.662,5.754
265.61,8.824,2.808,-0.515,APPROACH,20,31,9.134,3.111,-0.511,ball_7,8.817,2.631,5.754
265.81,8.877,2.778,-0.515,APPROACH,20,31,9.186,3.081,-0.511,ball_7,8.870,2.600,5.754
266.01,8.921,2.753,-0.516,APPROACH,20,31,9.238,3.052,-0.511,ball_7,8.914,2.574,5.754
266.21,8.975,2.723,-0.516,APPROACH,20,31,9.291,3.023,-0.512,ball_7,8.967,2.543,5.753
266.41,9.028,2.692,-0.516,APPROACH,20,31,9.343,2.993,-0.512,ball_7,9.019,2.512,5.753
266.61,9.081,2.663,-0.493,APPROACH,20,31,9.395,2.964,-0.488,ball_12,9.072,2.481,5.776
266.81,9.136,2.635,-0.438,APPROACH,20,31,9.449,2.938,-0.433,ball_12,9.127,2.453,5.832
267.01,9.192,2.611,-0.386,APPROACH,20,31,9.504,2.914,-0.382,ball_12,9.182,2.428,5.883
267.21,9.249,2.589,-0.340,APPROACH,20,31,9.560,2.893,-0.335,ball_12,9.239,2.406,5.930
267.41,9.307,2.570,-0.295,APPROACH,20,31,9.618,2.874,-0.290,ball_12,9.297,2.386,5.974
267.61,9.356,2.556,-0.257,APPROACH,20,31,9.675,2.858,-0.253,ball_12,9.346,2.371,6.012
267.81,9.416,2.541,-0.225,APPROACH,20,31,9.733,2.844,-0.221,ball_12,9.405,2.356,6.044
268.01,9.476,2.529,-0.195,APPROACH,20,31,9.792,2.832,-0.191,ball_12,9.465,2.342,6.075
268.21,9.536,2.518,-0.167,APPROACH,20,31,9.851,2.822,-0.163,ball_12,9.525,2.330,6.102
268.41,9.596,2.508,-0.142,APPROACH,20,31,9.910,2.813,-0.138,ball_12,9.586,2.320,6.127
268.61,9.657,2.500,-0.119,APPROACH,20,31,9.970,2.805,-0.115,ball_12,9.646,2.311,6.150
268.81,9.718,2.494,-0.099,APPROACH,20,31,10.030,2.799,-0.095,ball_12,9.707,2.304,6.170
269.01,9.779,2.488,-0.080,APPROACH,20,31,10.089,2.794,-0.076,ball_12,9.768,2.297,6.189
269.21,9.840,2.484,-0.063,APPROACH,20,31,10.149,2.790,-0.058,ball_12,9.829,2.292,6.207
269.41,9.891,2.481,-0.047,APPROACH,20,31,10.209,2.787,-0.042,ball_12,9.880,2.289,6.223
269.61,9.952,2.479,-0.032,APPROACH,20,31,10.269,2.785,-0.027,ball_12,9.941,2.285,6.238
269.81,10.013,2.477,-0.017,APPROACH,20,31,10.329,2.784,-0.013,ball_12,10.002,2.283,6.252
270.01,10.074,2.476,-0.004,APPROACH,20,31,10.389,2.783,-0.000,ball_12,10.063,2.282,6.265
270.21,10.136,2.477,0.009,APPROACH,20,31,10.449,2.784,0.013,ball_12,10.124,2.281,6.278
270.41,10.197,2.477,0.021,APPROACH,20,31,10.509,2.785,0.025,ball_12,10.186,2.281,6.290
270.61,10.258,2.479,0.033,APPROACH,20,31,10.569,2.787,0.037,ball_12,10.247,2.282,6.302
270.81,10.319,2.482,0.045,APPROACH,20,31,10.629,2.789,0.049,ball_12,10.308,2.283,6.314
271.01,10.370,2.484,0.057,APPROACH,20,31,10.689,2.793,0.062,ball_12,10.359,2.285,6.327
271.21,10.431,2.488,0.071,APPROACH,20,31,10.748,2.797,0.075,ball_12,10.420,2.288,6.340
271.41,10.492,2.493,0.085,APPROACH,20,31,10.808,2.802,0.090,ball_12,10.481,2.292,6.355
271.61,10.553,2.498,0.073,APPROACH,20,31,10.868,2.807,0.077,,10.542,2.296,6.343
271.81,10.614,2.502,0.048,APPROACH,20,31,10.928,2.811,0.052,,10.604,2.299,6.317
272.01,10.675,2.504,0.022,BLIND_DASH,20,31,10.988,2.813,0.026,,10.665,2.301,6.292
272.21,10.736,2.505,0.022,BLIND_DASH,20,31,11.047,2.815,0.026,,10.726,2.301,6.291
272.41,10.798,2.506,0.022,BLIND_DASH,20,31,11.107,2.816,0.026,,10.787,2.302,6.291
272.61,10.849,2.507,0.022,BLIND_DASH,20,31,11.167,2.818,0.026,,10.838,2.302,6.292
272.81,10.910,2.509,0.022,BLIND_DASH,20,31,11.227,2.820,0.027,,10.899,2.302,6.292
273.01,10.971,2.510,0.023,BLIND_DASH,20,31,11.287,2.821,0.027,,10.961,2.303,6.292
273.21,11.032,2.512,0.023,BLIND_DASH,20,31,11.347,2.823,0.027,,11.022,2.304,6.292
273.41,11.093,2.513,0.023,BLIND_DASH,20,31,11.407,2.824,0.027,,11.083,2.304,6.292
273.61,11.155,2.514,0.023,BLIND_DASH,20,31,11.467,2.826,0.028,,11.144,2.305,6.293
273.81,11.216,2.516,0.023,BLIND_DASH,20,31,11.527,2.828,0.028,,11.206,2.305,6.293
274.01,11.277,2.517,0.024,PATROL,20,31,11.587,2.829,0.028,,11.267,2.306,6.293
274.21,11.315,2.518,0.023,PATROL,20,31,11.627,2.830,0.027,,11.305,2.306,6.292
274.41,11.322,2.518,0.076,PATROL,20,31,11.636,2.831,0.080,,11.311,2.306,6.345
274.61,11.322,2.518,0.184,PATROL,20,31,11.636,2.831,0.189,,11.311,2.306,6.453
274.81,11.322,2.518,0.292,PATROL,20,31,11.637,2.831,0.297,,11.311,2.306,6.562
275.01,11.322,2.518,0.400,PATROL,20,31,11.637,2.831,0.405,,11.311,2.306,6.669
275.21,11.322,2.518,0.508,PATROL,20,31,11.638,2.832,0.513,,11.311,2.306,6.778
275.41,11.322,2.518,0.616,PATROL,20,31,11.638,2.832,0.621,,11.311,2.306,6.886
275.61,11.322,2.518,0.724,PATROL,20,31,11.638,2.832,0.729,,11.311,2.306,6.995
275.81,11.322,2.518,0.832,PATROL,20,31,11.639,2.833,0.837,,11.311,2.306,7.102
276.01,11.322,2.518,0.940,PATROL,20,31,11.639,2.833,0.945,,11.311,2.306,7.210
276.21,11.322,2.518,1.048,PATROL,20,31,11.639,2.834,1.053,,11.311,2.306,7.318
276.41,11.322,2.518,1.156,PATROL,20,31,11.639,2.834,1.160,,11.311,2.306,7.426
276.61,11.322,2.520,1.264,PATROL,20,31,11.640,2.837,1.268,,11.312,2.308,7.534
276.81,11.324,2.527,1.372,PATROL,20,31,11.642,2.844,1.376,,11.314,2.315,7.642
277.01,11.326,2.540,1.480,PATROL,20,31,11.644,2.857,1.484,,11.316,2.328,7.750
277.21,11.326,2.559,1.590,PATROL,20,31,11.644,2.876,1.594,,11.317,2.347,7.860
277.41,11.324,2.583,1.699,PATROL,20,31,11.642,2.899,1.704,,11.315,2.371,7.969
277.61,11.320,2.607,1.809,PATROL,20,31,11.637,2.927,1.813,,11.311,2.395,8.079
277.81,11.310,2.640,1.918,PATROL,20,31,11.626,2.960,1.922,,11.302,2.428,8.188
278.01,11.295,2.676,2.027,PATROL,20,31,11.611,2.996,2.032,,11.287,2.465,8.298
278.21,11.273,2.716,2.137,PATROL,20,31,11.589,3.035,2.141,,11.266,2.504,8.407
278.41,11.244,2.757,2.246,PATROL,20,31,11.560,3.075,2.250,,11.237,2.546,8.517
278.61,11.206,2.798,2.354,PATROL,20,31,11.523,3.115,2.357,,11.200,2.588,8.624
278.81,11.161,2.839,2.443,PATROL,20,31,11.479,3.156,2.447,,11.155,2.630,8.714
279.01,11.110,2.879,2.514,PATROL,20,31,11.428,3.194,2.518,,11.104,2.670,8.784
279.21,11.063,2.911,2.571,PATROL,20,31,11.373,3.232,2.575,,11.057,2.703,8.841
279.41,11.002,2.949,2.616,PATROL,20,31,11.313,3.268,2.620,,10.998,2.741,8.886
279.61,10.939,2.984,2.652,PATROL,20,31,11.250,3.303,2.656,,10.934,2.777,8.922
279.81,10.872,3.018,2.681,PATROL,20,31,11.185,3.336,2.685,,10.868,2.812,8.951
280.01,10.804,3.051,2.704,PATROL,20,31,11.118,3.368,2.708,,10.800,2.846,8.975
280.21,10.733,3.083,2.723,PATROL,20,31,11.049,3.399,2.727,,10.730,2.879,8.994
280.41,10.662,3.114,2.738,PATROL,20,31,10.979,3.429,2.742,,10.659,2.911,9.009
280.61,10.589,3.145,2.751,PATROL,20,31,10.908,3.459,2.755,,10.587,2.942,9.021
280.81,10.516,3.175,2.761,PATROL,20,31,10.836,3.487,2.765,,10.514,2.973,9.031
281.01,10.454,3.199,2.769,PATROL,20,31,10.763,3.516,2.773,,10.453,2.998,9.040
281.21,10.380,3.228,2.776,PATROL,20,31,10.690,3.544,2.780,,10.378,3.028,9.046
281.41,10.305,3.256,2.781,PATROL,20,31,10.616,3.571,2.785,,10.304,3.057,9.052
281.61,10.229,3.285,2.786,PATROL,20,31,10.542,3.599,2.790,,10.229,3.087,9.056
281.81,10.154,3.312,2.789,PATROL,20,31,10.468,3.626,2.793,,10.153,3.116,9.060
282.01,10.078,3.340,2.792,PATROL,20,31,10.393,3.653,2.796,,10.078,3.144,9.063
282.21,10.001,3.368,2.795,PATROL,20,31,10.319,3.679,2.799,,10.002,3.173,9.065
282.41,9.925,3.395,2.797,PATROL,20,31,10.244,3.706,2.801,,9.926,3.201,9.067
282.61,9.862,3.418,2.798,PATROL,20,31,10.169,3.733,2.802,,9.863,3.225,9.069
282.81,9.785,3.445,2.800,PATROL,20,31,10.094,3.759,2.804,,9.786,3.253,9.070
283.01,9.708,3.473,2.801,PATROL,20,31,10.019,3.785,2.805,,9.710,3.281,9.071
283.21,9.632,3.500,2.802,PATROL,20,31,9.943,3.812,2.806,,9.634,3.310,9.072
283.41,9.555,3.527,2.803,PATROL,20,31,9.868,3.838,2.806,,9.557,3.338,9.073
283.61,9.478,3.554,2.803,PATROL,20,31,9.793,3.864,2.807,,9.481,3.366,9.074
283.81,9.401,3.581,2.804,PATROL,20,31,9.718,3.890,2.808,,9.404,3.394,9.074
284.01,9.325,3.608,2.804,PATROL,20,31,9.642,3.916,2.808,,9.328,3.422,9.075
284.21,9.261,3.630,2.805,PATROL,20,31,9.567,3.942,2.808,,9.264,3.445,9.075
284.41,9.184,3.657,2.805,PATROL,20,31,9.491,3.968,2.809,,9.187,3.473,9.075
284.61,9.107,3.684,2.805,PATROL,20,31,9.416,3.995,2.809,,9.111,3.501,9.076
284.81,9.030,3.711,2.805,PATROL,20,31,9.340,4.021,2.809,,9.034,3.529,9.076
285.01,8.953,3.738,2.806,PATROL,20,31,9.265,4.047,2.810,,8.958,3.556,9.076
285.21,8.876,3.765,2.806,PATROL,20,31,9.189,4.073,2.810,,8.881,3.584,9.076
285.41,8.799,3.792,2.806,PATROL,20,31,9.114,4.099,2.810,,8.804,3.612,9.077
285.61,8.722,3.819,2.806,PATROL,20,31,9.038,4.125,2.810,,8.728,3.640,9.077
285.81,8.645,3.845,2.806,PATROL,20,31,8.962,4.151,2.810,,8.651,3.668,9.077
286.01,8.581,3.868,2.807,PATROL,20,31,8.887,4.176,2.810,,8.587,3.691,9.077
286.21,8.504,3.894,2.807,PATROL,20,31,8.812,4.202,2.811,,8.510,3.719,9.077
286.41,8.427,3.921,2.807,PATROL,20,31,8.736,4.228,2.811,,8.434,3.746,9.077
286.61,8.350,3.948,2.807,PATROL,20,31,8.661,4.254,2.811,,8.357,3.774,9.078
286.81,8.273,3.975,2.807,PATROL,20,31,8.585,4.280,2.811,,8.280,3.802,9.078
287.01,8.196,4.001,2.808,PATROL,20,31,8.509,4.306,2.811,,8.204,3.830,9.078
287.21,8.119,4.028,2.808,PATROL,21,32,8.434,4.332,2.812,,8.127,3.857,9.078
287.41,8.053,4.050,2.830,PATROL,21,32,8.368,4.354,2.833,,8.062,3.880,9.100
287.61,8.029,4.058,2.869,PATROL,21,32,8.339,4.363,2.873,,8.038,3.888,9.139
287.81,8.022,4.060,2.802,PATROL,21,32,8.334,4.364,2.806,,8.030,3.890,9.073
288.01,8.022,4.060,2.692,PATROL,21,32,8.334,4.364,2.695,,8.030,3.890,8.962
288.21,8.022,4.060,2.581,PATROL,21,32,8.335,4.364,2.585,,8.030,3.890,8.851
288.41,8.022,4.060,2.471,PATROL,21,32,8.335,4.364,2.474,,8.030,3.890,8.741
288.61,8.022,4.060,2.360,PATROL,21,32,8.335,4.364,2.363,,8.030,3.890,8.631
288.81,8.022,4.060,2.249,PATROL,21,32,8.335,4.364,2.253,,8.030,3.890,8.520
289.01,8.022,4.060,2.138,PATROL,21,32,8.335,4.364,2.142,,8.030,3.890,8.409
289.21,8.022,4.060,2.028,PATROL,21,32,8.335,4.363,2.031,,8.030,3.890,8.298
289.41,8.022,4.060,1.917,PATROL,21,32,8.336,4.363,1.920,,8.030,3.890,8.187
289.61,8.022,4.060,1.806,PATROL,21,32,8.336,4.363,1.809,,8.030,3.890,8.076
289.81,8.022,4.060,1.695,PATROL,21,32,8.336,4.363,1.698,,8.030,3.890,7.965
290.01,8.022,4.060,1.584,PATROL,21,32,8.336,4.363,1.588,,8.030,3.890,7.854
290.21,8.022,4.062,1.474,PATROL,21,32,8.336,4.364,1.477,,8.031,3.892,7.744
290.41,8.023,4.069,1.364,PATROL,21,32,8.337,4.371,1.367,,8.032,3.900,7.634
290.61,8.027,4.082,1.253,PATROL,21,32,8.340,4.383,1.257,,8.036,3.912,7.523
290.81,8.034,4.099,1.143,PATROL,21,32,8.347,4.400,1.146,,8.043,3.930,7.413
291.01,8.043,4.117,1.032,PATROL,21,32,8.357,4.420,1.036,,8.052,3.947,7.302
291.21,8.059,4.141,0.922,PATROL,21,32,8.373,4.444,0.926,,8.069,3.971,7.192
291.41,8.081,4.167,0.813,PATROL,21,32,8.395,4.469,0.816,,8.091,3.997,7.082
291.61,8.110,4.194,0.703,PATROL,21,32,8.423,4.496,0.707,,8.120,4.023,6.973
291.81,8.145,4.221,0.594,PATROL,21,32,8.457,4.522,0.597,,8.156,4.050,6.864
292.01,8.188,4.247,0.485,PATROL,21,32,8.498,4.547,0.488,,8.199,4.075,6.754
292.21,8.238,4.269,0.377,PATROL,21,32,8.546,4.569,0.380,,8.250,4.097,6.646
292.41,8.295,4.288,0.283,PATROL,21,32,8.601,4.588,0.287,,8.307,4.115,6.553
292.61,8.347,4.301,0.208,PATROL,21,32,8.661,4.603,0.212,,8.359,4.127,6.478
292.81,8.413,4.313,0.148,PATROL,21,32,8.725,4.615,0.152,,8.425,4.138,6.417
293.01,8.482,4.322,0.099,PATROL,21,32,8.793,4.623,0.102,,8.494,4.146,6.368
293.21,8.554,4.328,0.058,PATROL,21,32,8.864,4.629,0.062,,8.566,4.151,6.328
293.41,8.628,4.331,0.025,PATROL,21,32,8.936,4.632,0.029,,8.640,4.153,6.295
293.61,8.703,4.331,-0.002,PATROL,21,32,9.009,4.633,0.002,,8.716,4.153,6.268
293.81,8.780,4.330,-0.024,PATROL,21,32,9.084,4.633,-0.020,,8.792,4.151,6.245
294.01,8.857,4.328,-0.043,PATROL,21,32,9.160,4.630,-0.039,,8.869,4.147,6.227
294.21,8.922,4.324,-0.058,PATROL,21,32,9.236,4.627,-0.054,,8.934,4.143,6.212
294.41,9.000,4.319,-0.070,PATROL,21,32,9.313,4.622,-0.066,,9.012,4.137,6.199
294.61,9.079,4.314,-0.081,PATROL,21,32,9.390,4.617,-0.077,,9.091,4.130,6.188
294.81,9.158,4.307,-0.091,PATROL,21,32,9.468,4.610,-0.087,,9.170,4.122,6.179
295.01,9.238,4.299,-0.098,PATROL,21,32,9.546,4.603,-0.094,,9.250,4.113,6.171
295.21,9.318,4.291,-0.105,PATROL,21,32,9.624,4.596,-0.101,,9.330,4.104,6.164
295.41,9.398,4.282,-0.110,PATROL,21,32,9.702,4.588,-0.106,,9.409,4.094,6.159
295.61,9.478,4.273,-0.115,PATROL,21,32,9.781,4.579,-0.111,,9.489,4.084,6.155
295.81,9.558,4.264,-0.118,PATROL,21,32,9.859,4.570,-0.115,,9.570,4.073,6.151
296.01,9.625,4.256,-0.122,PATROL,21,32,9.938,4.561,-0.118,,9.637,4.064,6.148
296.21,9.706,4.246,-0.124,PATROL,21,32,10.017,4.552,-0.120,,9.717,4.053,6.145
296.41,9.786,4.236,-0.126,PATROL,21,32,10.096,4.542,-0.123,,9.797,4.042,6.143
296.61,9.867,4.225,-0.128,PATROL,21,32,10.175,4.532,-0.124,,9.878,4.030,6.141
296.81,9.947,4.215,-0.130,PATROL,21,32,10.254,4.523,-0.126,,9.958,4.019,6.139
297.01,10.028,4.204,-0.131,PATROL,21,32,10.333,4.512,-0.127,,10.039,4.007,6.138
297.21,10.109,4.194,-0.132,PATROL,21,32,10.412,4.502,-0.128,,10.120,3.995,6.137
297.41,10.189,4.183,-0.133,PATROL,21,32,10.491,4.492,-0.129,,10.200,3.983,6.136
297.61,10.257,4.174,-0.134,PATROL,21,32,10.570,4.482,-0.130,,10.267,3.973,6.135
297.81,10.338,4.163,-0.135,PATROL,22,28,10.650,4.471,-0.131,,10.348,3.961,6.134
298.01,10.410,4.153,-0.157,PATROL,22,28,10.719,4.462,-0.153,,10.420,3.950,6.112
298.21,10.440,4.147,-0.217,PATROL,22,28,10.747,4.457,-0.213,,10.450,3.944,6.052
298.41,10.455,4.143,-0.326,PATROL,22,28,10.762,4.453,-0.323,,10.466,3.940,5.943
298.61,10.475,4.135,-0.436,PATROL,22,28,10.781,4.445,-0.433,,10.485,3.932,5.833
298.81,10.498,4.122,-0.546,PATROL,22,28,10.803,4.433,-0.543,,10.508,3.919,5.723
299.01,10.524,4.104,-0.655,PATROL,22,28,10.828,4.416,-0.652,,10.534,3.900,5.614
299.21,10.548,4.084,-0.765,PATROL,22,28,10.855,4.393,-0.762,,10.557,3.880,5.504
299.41,10.576,4.054,-0.875,PATROL,22,28,10.883,4.364,-0.872,,10.585,3.849,5.394
299.61,10.604,4.017,-0.984,PATROL,22,28,10.910,4.327,-0.980,,10.613,3.812,5.285
299.81,10.630,3.972,-1.094,PATROL,22,28,10.936,4.284,-1.091,,10.638,3.767,5.174
300.01,10.654,3.920,-1.197,PATROL,22,28,10.959,4.234,-1.193,,10.661,3.714,5.072
300.21,10.674,3.862,-1.280,PATROL,22,28,10.979,4.177,-1.276,,10.680,3.655,4.989
300.41,10.691,3.798,-1.347,PATROL,22,28,10.995,4.115,-1.343,,10.696,3.591,4.922
300.61,10.704,3.730,-1.402,PATROL,22,28,11.008,4.049,-1.398,,10.708,3.523,4.867
300.81,10.714,3.659,-1.446,PATROL,22,28,11.019,3.980,-1.442,,10.718,3.452,4.823
301.01,10.721,3.599,-1.482,PATROL,22,28,11.027,3.909,-1.477,,10.723,3.392,4.787
301.21,10.726,3.524,-1.511,PATROL,22,28,11.032,3.836,-1.507,,10.728,3.317,4.758
301.41,10.730,3.449,-1.535,PATROL,22,28,11.036,3.761,-1.531,,10.730,3.241,4.734
301.61,10.732,3.372,-1.554,PATROL,22,28,11.039,3.686,-1.550,,10.731,3.164,4.714
301.81,10.733,3.294,-1.570,PATROL,22,28,11.039,3.610,-1.566,,10.731,3.086,4.698
302.01,10.732,3.215,-1.584,PATROL,22,28,11.039,3.533,-1.580,,10.729,3.008,4.685
302.21,10.731,3.136,-1.595,PATROL,22,28,11.038,3.456,-1.590,,10.726,2.929,4.674
302.41,10.728,3.057,-1.604,PATROL,22,28,11.036,3.378,-1.599,,10.723,2.849,4.665
302.61,10.726,2.990,-1.611,PATROL,22,28,11.034,3.300,-1.607,,10.719,2.783,4.658
302.81,10.722,2.911,-1.617,PATROL,22,28,11.031,3.221,-1.613,,10.715,2.703,4.651
303.01,10.718,2.830,-1.623,PATROL,22,28,11.027,3.143,-1.619,,10.710,2.623,4.645
303.21,10.714,2.750,-1.628,PATROL,22,28,11.023,3.064,-1.624,,10.704,2.542,4.640
303.41,10.709,2.669,-1.632,PATROL,22,28,11.019,2.985,-1.628,,10.698,2.462,4.636
303.61,10.704,2.588,-1.636,PATROL,22,28,11.014,2.906,-1.632,,10.692,2.381,4.633
303.81,10.699,2.507,-1.638,PATROL,22,28,11.009,2.826,-1.634,,10.685,2.300,4.630
304.01,10.693,2.426,-1.641,PATROL,22,28,11.004,2.747,-1.637,,10.679,2.219,4.628
304.21,10.688,2.359,-1.643,PATROL,22,28,10.999,2.668,-1.639,,10.673,2.152,4.626
304.41,10.682,2.278,-1.645,PATROL,22,28,10.993,2.588,-1.641,,10.666,2.071,4.624
304.61,10.676,2.196,-1.646,PATROL,22,28,10.988,2.509,-1.642,,10.658,1.989,4.623
304.81,10.670,2.115,-1.647,PATROL,22,28,10.982,2.429,-1.643,,10.651,1.908,4.622
305.01,10.664,2.034,-1.648,PATROL,22,28,10.977,2.350,-1.644,,10.644,1.827,4.621
305.21,10.658,1.953,-1.649,PATROL,22,28,10.971,2.270,-1.645,,10.636,1.746,4.620
305.41,10.651,1.871,-1.649,PATROL,22,28,10.965,2.190,-1.645,,10.628,1.665,4.620
305.61,10.645,1.790,-1.650,PATROL,22,28,10.959,2.110,-1.645,,10.621,1.583,4.619
305.81,10.638,1.709,-1.650,PATROL,22,28,10.953,2.031,-1.646,,10.613,1.502,4.619
306.01,10.633,1.641,-1.650,APPROACH,22,28,10.947,1.951,-1.646,ball_1,10.607,1.434,4.619
306.21,10.627,1.566,-1.665,APPROACH,22,28,10.942,1.879,-1.661,ball_1,10.600,1.360,4.604
306.41,10.621,1.505,-1.669,APPROACH,22,28,10.936,1.820,-1.665,ball_1,10.593,1.299,4.600
306.61,10.615,1.444,-1.673,APPROACH,22,28,10.930,1.761,-1.669,ball_1,10.586,1.238,4.595
306.81,10.608,1.383,-1.677,APPROACH,22,28,10.924,1.701,-1.673,ball_1,10.579,1.177,4.592
307.01,10.602,1.323,-1.680,APPROACH,22,28,10.918,1.641,-1.676,ball_1,10.571,1.116,4.589
307.21,10.595,1.262,-1.682,APPROACH,22,28,10.912,1.582,-1.678,ball_1,10.564,1.056,4.586
307.41,10.588,1.201,-1.684,APPROACH,22,28,10.905,1.522,-1.680,ball_1,10.556,0.995,4.584
307.61,10.582,1.150,-1.686,APPROACH,22,28,10.899,1.462,-1.682,ball_1,10.549,0.944,4.582
307.81,10.575,1.089,-1.688,APPROACH,22,28,10.892,1.403,-1.684,ball_1,10.541,0.883,4.580
308.01,10.568,1.029,-1.690,APPROACH,22,28,10.885,1.343,-1.686,ball_1,10.533,0.823,4.579
308.21,10.561,0.968,-1.691,APPROACH,22,28,10.878,1.284,-1.687,ball_1,10.525,0.762,4.577
308.41,10.553,0.907,-1.692,APPROACH,22,28,10.871,1.224,-1.688,ball_1,10.517,0.701,4.576
308.61,10.546,0.846,-1.694,APPROACH,22,28,10.864,1.165,-1.689,ball_1,10.508,0.641,4.575
308.81,10.538,0.786,-1.694,APPROACH,22,28,10.857,1.105,-1.690,ball_1,10.500,0.580,4.574
309.01,10.531,0.725,-1.695,APPROACH,22,28,10.850,1.045,-1.691,ball_1,10.491,0.519,4.573
309.21,10.524,0.674,-1.696,APPROACH,22,28,10.843,0.986,-1.692,ball_1,10.484,0.469,4.572
309.41,10.517,0.614,-1.697,APPROACH,22,28,10.836,0.927,-1.693,ball_1,10.476,0.408,4.571
309.61,10.509,0.553,-1.698,APPROACH,22,28,10.828,0.867,-1.694,ball_1,10.467,0.348,4.571
309.81,10.501,0.492,-1.698,APPROACH,22,28,10.821,0.808,-1.694,ball_1,10.458,0.287,4.570
310.01,10.493,0.431,-1.699,APPROACH,22,28,10.814,0.748,-1.695,ball_1,10.450,0.227,4.570
310.21,10.486,0.371,-1.699,APPROACH,22,28,10.806,0.688,-1.695,ball_1,10.441,0.166,4.569
310.41,10.478,0.310,-1.700,APPROACH,22,28,10.799,0.629,-1.696,ball_1,10.432,0.105,4.569
310.61,10.470,0.249,-1.700,APPROACH,22,28,10.791,0.570,-1.696,ball_1,10.423,0.045,4.568
310.81,10.462,0.189,-1.701,APPROACH,22,28,10.784,0.510,-1.697,ball_1,10.415,-0.016,4.568
311.01,10.455,0.138,-1.701,APPROACH,22,28,10.777,0.451,-1.697,ball_1,10.407,-0.066,4.568
311.21,10.447,0.077,-1.701,APPROACH,22,28,10.769,0.391,-1.697,ball_1,10.398,-0.127,4.567
311.41,10.439,0.017,-1.701,APPROACH,22,28,10.761,0.332,-1.697,ball_1,10.390,-0.187,4.567
311.61,10.431,-0.044,-1.702,APPROACH,22,28,10.754,0.272,-1.698,ball_1,10.381,-0.248,4.567
311.81,10.423,-0.105,-1.702,APPROACH,22,28,10.746,0.213,-1.698,ball_1,10.372,-0.309,4.567
312.01,10.415,-0.165,-1.702,APPROACH,22,28,10.739,0.153,-1.698,ball_2,10.363,-0.369,4.566
312.21,10.407,-0.226,-1.702,APPROACH,22,28,10.731,0.094,-1.698,ball_2,10.354,-0.430,4.566
312.41,10.399,-0.287,-1.703,APPROACH,22,28,10.724,0.034,-1.698,ball_2,10.345,-0.490,4.566
312.61,10.393,-0.337,-1.703,APPROACH,22,28,10.716,-0.025,-1.699,ball_2,10.338,-0.541,4.566
312.81,10.385,-0.398,-1.703,APPROACH,22,28,10.708,-0.085,-1.699,ball_2,10.329,-0.601,4.566
313.01,10.377,-0.458,-1.703,APPROACH,22,28,10.701,-0.144,-1.699,ball_2,10.320,-0.662,4.565
313.21,10.368,-0.519,-1.703,APPROACH,22,28,10.693,-0.203,-1.699,ball_2,10.311,-0.723,4.565
313.41,10.360,-0.580,-1.703,APPROACH,22,28,10.685,-0.263,-1.699,ball_2,10.302,-0.783,4.565
313.61,10.352,-0.640,-1.704,APPROACH,22,28,10.678,-0.322,-1.700,ball_2,10.293,-0.844,4.565
313.81,10.344,-0.701,-1.704,APPROACH,22,28,10.670,-0.382,-1.700,ball_2,10.284,-0.904,4.565
314.01,10.336,-0.762,-1.704,APPROACH,22,28,10.662,-0.441,-1.700,ball_2,10.275,-0.965,4.565
314.21,10.329,-0.812,-1.702,APPROACH,22,28,10.655,-0.501,-1.698,,10.267,-1.015,4.567
314.41,10.321,-0.873,-1.700,BLIND_DASH,22,28,10.647,-0.560,-1.696,,10.259,-1.076,4.568
314.61,10.313,-0.934,-1.699,BLIND_DASH,22,28,10.640,-0.620,-1.695,,10.250,-1.137,4.569
314.81,10.306,-0.994,-1.700,BLIND_DASH,22,28,10.632,-0.679,-1.695,,10.241,-1.197,4.569
315.01,10.298,-1.055,-1.700,BLIND_DASH,22,28,10.625,-0.739,-1.696,,10.232,-1.258,4.569
315.21,10.290,-1.116,-1.700,BLIND_DASH,22,28,10.618,-0.798,-1.696,,10.224,-1.318,4.568
315.41,10.282,-1.176,-1.701,BLIND_DASH,22,28,10.610,-0.857,-1.696,,10.215,-1.379,4.568
315.61,10.274,-1.237,-1.701,BLIND_DASH,22,28,10.603,-0.917,-1.697,,10.206,-1.439,4.568
315.81,10.266,-1.298,-1.701,BLIND_DASH,22,28,10.595,-0.976,-1.697,,10.197,-1.500,4.568
316.01,10.259,-1.348,-1.701,BLIND_DASH,22,28,10.588,-1.036,-1.697,,10.190,-1.551,4.567
316.21,10.251,-1.409,-1.702,BLIND_DASH,22,28,10.580,-1.095,-1.697,,10.181,-1.611,4.567
316.41,10.244,-1.470,-1.702,BLIND_DASH,22,28,10.572,-1.155,-1.698,,10.172,-1.672,4.567
316.61,10.235,-1.530,-1.702,PATROL,22,28,10.565,-1.214,-1.698,,10.163,-1.732,4.566
316.81,10.230,-1.571,-1.710,PATROL,22,28,10.560,-1.255,-1.706,,10.157,-1.773,4.558
317.01,10.229,-1.579,-1.768,PATROL,22,28,10.558,-1.262,-1.764,,10.156,-1.780,4.501
317.21,10.229,-1.579,-1.878,PATROL,22,28,10.558,-1.262,-1.875,,10.156,-1.780,4.390
317.41,10.229,-1.579,-1.989,PATROL,22,28,10.559,-1.262,-1.985,,10.156,-1.780,4.279
317.61,10.229,-1.579,-2.100,PATROL,22,28,10.559,-1.262,-2.096,,10.156,-1.780,4.169
317.81,10.229,-1.579,-2.211,PATROL,22,28,10.559,-1.262,-2.207,,10.156,-1.780,4.058
318.01,10.229,-1.579,-2.321,PATROL,22,28,10.559,-1.261,-2.317,,10.156,-1.780,3.948
318.21,10.229,-1.579,-2.431,PATROL,22,28,10.559,-1.261,-2.428,,10.156,-1.780,3.837
318.41,10.229,-1.579,-2.543,PATROL,22,28,10.559,-1.261,-2.538,,10.156,-1.780,3.726
318.61,10.229,-1.579,-2.653,PATROL,22,28,10.559,-1.261,-2.649,,10.156,-1.780,3.615
318.81,10.229,-1.579,-2.764,PATROL,22,28,10.560,-1.261,-2.760,,10.156,-1.780,3.505
319.01,10.229,-1.579,-2.874,ALIGN,22,28,10.560,-1.261,-2.871,ball_1,10.156,-1.780,3.394
319.21,10.229,-1.579,-2.985,ALIGN,22,28,10.560,-1.261,-2.981,ball_1,10.156,-1.780,3.283
319.41,10.229,-1.579,-3.096,ALIGN,22,28,10.560,-1.261,-3.092,ball_1,10.156,-1.780,3.172
319.61,10.229,-1.579,3.077,ALIGN,22,28,10.560,-1.261,3.080,ball_1,10.156,-1.780,3.061
319.81,10.229,-1.579,2.973,ALIGN,22,28,10.561,-1.261,2.977,ball_1,10.156,-1.780,2.958
320.01,10.228,-1.579,2.902,ALIGN,22,28,10.561,-1.261,2.906,ball_1,10.155,-1.780,2.887
320.21,10.228,-1.579,2.856,APPROACH,22,28,10.561,-1.261,2.860,ball_1,10.155,-1.780,2.841
320.41,10.223,-1.577,2.806,APPROACH,22,28,10.556,-1.259,2.809,ball_1,10.150,-1.778,2.790
320.61,10.184,-1.561,2.748,APPROACH,22,28,10.519,-1.245,2.752,ball_1,10.111,-1.762,2.733
320.81,10.137,-1.542,2.753,APPROACH,22,28,10.465,-1.223,2.757,ball_1,10.064,-1.742,2.738
321.01,10.080,-1.519,2.755,APPROACH,22,28,10.409,-1.200,2.759,ball_1,10.008,-1.718,2.739
321.21,10.024,-1.496,2.756,APPROACH,22,28,10.353,-1.178,2.761,ball_1,9.952,-1.694,2.741
321.41,9.967,-1.473,2.758,APPROACH,22,28,10.298,-1.156,2.762,ball_1,9.895,-1.671,2.743
321.61,9.910,-1.450,2.760,APPROACH,22,28,10.242,-1.134,2.764,ball_1,9.839,-1.647,2.744
321.81,9.853,-1.427,2.761,APPROACH,22,28,10.186,-1.112,2.765,ball_1,9.782,-1.623,2.746
322.01,9.796,-1.405,2.762,APPROACH,22,28,10.131,-1.090,2.767,ball_1,9.726,-1.600,2.747
322.21,9.740,-1.382,2.764,APPROACH,22,28,10.075,-1.068,2.768,ball_1,9.669,-1.576,2.748
322.41,9.683,-1.359,2.765,APPROACH,22,28,10.019,-1.046,2.769,ball_1,9.613,-1.553,2.749
322.61,9.635,-1.341,2.766,APPROACH,22,28,9.963,-1.024,2.770,ball_1,9.566,-1.533,2.751
322.81,9.578,-1.318,2.767,APPROACH,22,28,9.908,-1.003,2.771,ball_1,9.509,-1.510,2.751
323.01,9.521,-1.296,2.767,APPROACH,22,28,9.852,-0.981,2.772,ball_1,9.452,-1.487,2.752
323.21,9.464,-1.273,2.768,APPROACH,22,28,9.796,-0.960,2.772,ball_1,9.396,-1.463,2.753
323.41,9.407,-1.251,2.769,APPROACH,22,28,9.740,-0.938,2.773,ball_1,9.339,-1.440,2.754
323.61,9.350,-1.229,2.770,APPROACH,22,28,9.684,-0.916,2.774,ball_1,9.282,-1.417,2.754
323.81,9.293,-1.207,2.770,APPROACH,22,28,9.628,-0.895,2.775,ball_1,9.226,-1.394,2.755
324.01,9.236,-1.184,2.771,APPROACH,22,28,9.572,-0.874,2.775,ball_1,9.169,-1.371,2.756
324.21,9.189,-1.166,2.772,APPROACH,22,28,9.516,-0.852,2.776,ball_1,9.122,-1.352,2.756
324.41,9.132,-1.144,2.772,APPROACH,22,28,9.460,-0.831,2.777,ball_1,9.065,-1.329,2.757
324.61,9.075,-1.122,2.772,APPROACH,22,28,9.404,-0.810,2.776,,9.008,-1.306,2.756
324.81,9.018,-1.100,2.769,APPROACH,22,28,9.349,-0.788,2.773,,8.951,-1.283,2.753
325.01,8.961,-1.077,2.766,BLIND_DASH,22,28,9.293,-0.767,2.770,,8.895,-1.260,2.751
325.21,8.904,-1.055,2.765,BLIND_DASH,22,28,9.237,-0.745,2.770,,8.838,-1.236,2.750
325.41,8.847,-1.032,2.765,BLIND_DASH,22,28,9.181,-0.724,2.770,,8.782,-1.213,2.750
325.61,8.790,-1.010,2.764,BLIND_DASH,22,28,9.126,-0.702,2.769,,8.725,-1.189,2.749
325.81,8.742,-0.991,2.764,BLIND_DASH,22,28,9.070,-0.680,2.769,,8.678,-1.170,2.749
326.01,8.686,-0.968,2.764,BLIND_DASH,22,28,9.014,-0.659,2.768,,8.621,-1.146,2.748
326.21,8.629,-0.946,2.763,BLIND_DASH,22,28,8.959,-0.637,2.768,,8.565,-1.123,2.748
326.41,8.572,-0.923,2.763,BLIND_DASH,22,28,8.903,-0.615,2.767,,8.508,-1.099,2.748
326.61,8.515,-0.901,2.762,BLIND_DASH,22,28,8.847,-0.593,2.767,,8.452,-1.076,2.747
326.81,8.458,-0.878,2.762,BLIND_DASH,22,28,8.792,-0.572,2.767,ball_9,8.395,-1.052,2.747
327.01,8.401,-0.855,2.761,ALIGN,22,28,8.736,-0.550,2.766,ball_9,8.339,-1.029,2.746
327.21,8.365,-0.841,2.762,ALIGN,22,28,8.699,-0.535,2.766,ball_9,8.303,-1.014,2.746
327.41,8.358,-0.838,2.815,ALIGN,22,28,8.691,-0.532,2.820,ball_9,8.296,-1.011,2.800
327.61,8.358,-0.838,2.923,ALIGN,22,28,8.690,-0.532,2.928,ball_9,8.296,-1.011,2.908
327.81,8.358,-0.838,3.032,ALIGN,22,28,8.690,-0.532,3.037,ball_9,8.296,-1.011,3.017
328.01,8.358,-0.838,3.140,ALIGN,22,28,8.689,-0.532,-3.138,ball_9,8.296,-1.011,3.125
328.21,8.358,-0.838,-3.042,ALIGN,22,28,8.689,-0.532,-3.037,ball_9,8.296,-1.011,3.226
328.41,8.358,-0.838,-2.973,ALIGN,22,28,8.688,-0.533,-2.968,ball_9,8.296,-1.011,3.295
328.61,8.358,-0.838,-2.928,APPROACH,22,28,8.688,-0.533,-2.923,ball_9,8.296,-1.011,3.340
328.81,8.352,-0.840,-2.879,APPROACH,22,28,8.683,-0.534,-2.874,ball_9,8.290,-1.012,3.389
329.01,8.313,-0.852,-2.822,APPROACH,22,28,8.646,-0.546,-2.817,ball_9,8.250,-1.024,3.446
329.21,8.265,-0.868,-2.826,APPROACH,22,28,8.591,-0.564,-2.821,ball_9,8.202,-1.039,3.442
329.41,8.207,-0.887,-2.827,APPROACH,22,28,8.533,-0.583,-2.822,ball_9,8.143,-1.057,3.441
329.61,8.148,-0.906,-2.828,APPROACH,22,28,8.477,-0.602,-2.824,ball_9,8.085,-1.075,3.440
329.81,8.090,-0.924,-2.830,APPROACH,22,28,8.420,-0.621,-2.825,ball_9,8.026,-1.093,3.439
330.01,8.032,-0.943,-2.831,APPROACH,22,28,8.363,-0.639,-2.826,ball_9,7.968,-1.111,3.438
330.21,7.974,-0.962,-2.832,APPROACH,22,28,8.306,-0.658,-2.827,ball_9,7.909,-1.129,3.437
330.41,7.915,-0.981,-2.833,APPROACH,22,28,8.248,-0.676,-2.828,ball_9,7.851,-1.147,3.436
330.61,7.857,-0.999,-2.833,APPROACH,22,28,8.191,-0.695,-2.829,ball_9,7.792,-1.165,3.435
330.81,7.808,-1.015,-2.834,APPROACH,22,28,8.134,-0.713,-2.829,ball_9,7.743,-1.179,3.434
331.01,7.750,-1.033,-2.834,APPROACH,22,28,8.077,-0.732,-2.830,ball_9,7.685,-1.197,3.434
331.21,7.692,-1.052,-2.835,APPROACH,22,28,8.020,-0.750,-2.830,ball_9,7.626,-1.215,3.433
331.41,7.633,-1.070,-2.835,APPROACH,22,28,7.963,-0.768,-2.831,ball_9,7.567,-1.232,3.433
331.61,7.575,-1.088,-2.836,APPROACH,22,28,7.906,-0.787,-2.831,ball_9,7.509,-1.250,3.432
331.81,7.517,-1.107,-2.836,APPROACH,22,28,7.849,-0.805,-2.832,ball_9,7.450,-1.267,3.432
332.01,7.458,-1.125,-2.837,APPROACH,22,28,7.792,-0.823,-2.832,ball_9,7.391,-1.285,3.432
332.21,7.400,-1.144,-2.837,APPROACH,22,28,7.735,-0.841,-2.832,ball_9,7.333,-1.302,3.431
332.41,7.342,-1.162,-2.837,APPROACH,22,28,7.678,-0.860,-2.833,ball_9,7.274,-1.320,3.431
332.61,7.293,-1.177,-2.838,APPROACH,22,28,7.620,-0.878,-2.833,ball_9,7.225,-1.334,3.431
332.81,7.235,-1.196,-2.838,APPROACH,22,28,7.563,-0.896,-2.833,ball_9,7.166,-1.352,3.431
333.01,7.176,-1.214,-2.838,APPROACH,22,28,7.506,-0.914,-2.833,ball_9,7.108,-1.369,3.430
333.21,7.118,-1.232,-2.838,APPROACH,22,28,7.449,-0.932,-2.834,ball_9,7.049,-1.387,3.430
333.41,7.059,-1.250,-2.838,APPROACH,22,28,7.392,-0.951,-2.834,ball_9,6.990,-1.404,3.430
333.61,7.001,-1.269,-2.839,APPROACH,22,28,7.335,-0.969,-2.834,ball_9,6.932,-1.422,3.430
333.81,6.942,-1.287,-2.839,APPROACH,22,28,7.277,-0.987,-2.834,ball_9,6.873,-1.439,3.430
334.01,6.884,-1.305,-2.839,APPROACH,22,28,7.220,-1.005,-2.834,ball_9,6.814,-1.456,3.429
334.21,6.835,-1.320,-2.839,APPROACH,22,28,7.163,-1.023,-2.835,ball_9,6.765,-1.471,3.429
334.41,6.777,-1.339,-2.839,APPROACH,22,28,7.106,-1.041,-2.835,ball_9,6.707,-1.488,3.429
334.61,6.719,-1.357,-2.839,APPROACH,22,28,7.049,-1.059,-2.835,ball_9,6.648,-1.506,3.429
334.81,6.660,-1.375,-2.839,APPROACH,22,28,6.992,-1.077,-2.835,ball_9,6.589,-1.523,3.429
335.01,6.602,-1.393,-2.840,APPROACH,22,28,6.934,-1.096,-2.835,ball_9,6.530,-1.540,3.429
335.21,6.543,-1.411,-2.840,APPROACH,22,28,6.877,-1.114,-2.835,ball_9,6.472,-1.558,3.429
335.41,6.485,-1.430,-2.840,APPROACH,22,28,6.820,-1.132,-2.835,ball_9,6.413,-1.575,3.428
335.61,6.426,-1.448,-2.840,APPROACH,22,28,6.763,-1.150,-2.835,ball_9,6.354,-1.592,3.428
335.81,6.378,-1.463,-2.840,APPROACH,22,28,6.706,-1.168,-2.835,ball_9,6.305,-1.607,3.428
336.01,6.319,-1.481,-2.840,APPROACH,22,28,6.648,-1.186,-2.836,ball_9,6.247,-1.624,3.428
336.21,6.261,-1.499,-2.840,APPROACH,22,28,6.591,-1.204,-2.836,ball_9,6.188,-1.641,3.428
336.41,6.202,-1.518,-2.840,APPROACH,22,28,6.534,-1.222,-2.836,ball_9,6.129,-1.659,3.428
336.61,6.144,-1.536,-2.841,APPROACH,22,28,6.477,-1.240,-2.836,ball_9,6.070,-1.676,3.428
336.81,6.085,-1.554,-2.841,APPROACH,22,28,6.420,-1.258,-2.836,ball_9,6.012,-1.693,3.428
337.01,6.027,-1.572,-2.841,APPROACH,22,28,6.362,-1.276,-2.836,ball_9,5.953,-1.710,3.427
337.21,5.969,-1.590,-2.841,APPROACH,22,28,6.305,-1.294,-2.837,ball_9,5.894,-1.728,3.427
337.41,5.910,-1.608,-2.841,APPROACH,22,28,6.248,-1.312,-2.837,ball_9,5.835,-1.745,3.427
337.61,5.861,-1.623,-2.841,APPROACH,22,28,6.191,-1.330,-2.837,ball_9,5.787,-1.759,3.427
337.81,5.803,-1.641,-2.841,APPROACH,22,28,6.134,-1.348,-2.837,ball_9,5.728,-1.777,3.427
338.01,5.744,-1.659,-2.842,APPROACH,22,28,6.076,-1.366,-2.837,ball_9,5.669,-1.794,3.427
338.21,5.686,-1.678,-2.842,APPROACH,22,28,6.019,-1.384,-2.837,ball_9,5.610,-1.811,3.427
338.41,5.628,-1.696,-2.842,APPROACH,22,28,5.962,-1.402,-2.838,ball_9,5.552,-1.828,3.426
338.61,5.569,-1.714,-2.842,APPROACH,22,28,5.905,-1.420,-2.838,ball_9,5.493,-1.845,3.426
338.81,5.511,-1.732,-2.842,APPROACH,22,28,5.847,-1.438,-2.838,ball_9,5.434,-1.863,3.426
339.01,5.452,-1.750,-2.843,APPROACH,22,28,5.790,-1.456,-2.838,ball_9,5.375,-1.880,3.426
339.21,5.403,-1.765,-2.843,APPROACH,22,28,5.733,-1.474,-2.839,ball_9,5.326,-1.894,3.425
339.41,5.345,-1.783,-2.843,APPROACH,22,28,5.676,-1.492,-2.839,ball_9,5.267,-1.911,3.425
339.61,5.286,-1.801,-2.844,APPROACH,22,28,5.619,-1.509,-2.839,ball_9,5.209,-1.928,3.424
339.81,5.228,-1.819,-2.844,APPROACH,22,28,5.561,-1.527,-2.840,ball_9,5.150,-1.945,3.424
340.01,5.169,-1.837,-2.845,APPROACH,22,28,5.504,-1.545,-2.840,ball_9,5.091,-1.962,3.423
340.21,5.111,-1.854,-2.846,APPROACH,22,28,5.447,-1.563,-2.841,ball_9,5.032,-1.979,3.423
340.41,5.052,-1.873,-2.825,APPROACH,22,28,5.390,-1.581,-2.820,ball_9,4.974,-1.997,3.444
340.61,4.995,-1.892,-2.814,APPROACH,22,28,5.333,-1.600,-2.810,ball_9,4.915,-2.015,3.454
340.81,4.946,-1.909,-2.805,APPROACH,22,28,5.276,-1.620,-2.800,ball_9,4.867,-2.031,3.464
341.01,4.889,-1.929,-2.796,APPROACH,22,28,5.220,-1.640,-2.792,ball_9,4.809,-2.051,3.472
341.21,4.831,-1.950,-2.789,APPROACH,22,28,5.164,-1.661,-2.784,ball_9,4.751,-2.071,3.479
341.41,4.774,-1.971,-2.782,APPROACH,22,28,5.108,-1.682,-2.778,ball_9,4.693,-2.091,3.486
341.61,4.717,-1.993,-2.777,APPROACH,22,28,5.051,-1.704,-2.772,ball_9,4.636,-2.112,3.492
341.81,4.659,-2.015,-2.772,APPROACH,22,28,4.996,-1.725,-2.767,ball_9,4.578,-2.133,3.497
342.01,4.602,-2.037,-2.767,APPROACH,22,28,4.940,-1.747,-2.762,ball_9,4.521,-2.155,3.501
342.21,4.546,-2.060,-2.763,APPROACH,22,28,4.884,-1.770,-2.758,ball_9,4.464,-2.176,3.506
342.41,4.489,-2.083,-2.759,APPROACH,22,28,4.829,-1.792,-2.755,ball_9,4.407,-2.198,3.509
342.61,4.441,-2.102,-2.756,APPROACH,22,28,4.773,-1.815,-2.751,ball_9,4.359,-2.217,3.513
342.81,4.385,-2.125,-2.753,APPROACH,22,28,4.718,-1.838,-2.748,ball_9,4.302,-2.239,3.516
343.01,4.328,-2.148,-2.750,APPROACH,22,28,4.662,-1.861,-2.746,ball_9,4.245,-2.261,3.518
343.21,4.272,-2.171,-2.748,APPROACH,22,28,4.607,-1.884,-2.743,ball_9,4.188,-2.284,3.520
343.41,4.215,-2.195,-2.746,APPROACH,22,28,4.552,-1.908,-2.741,ball_9,4.131,-2.307,3.522
343.61,4.159,-2.219,-2.744,APPROACH,22,28,4.496,-1.931,-2.739,ball_9,4.074,-2.329,3.525
343.81,4.102,-2.242,-2.742,APPROACH,22,28,4.441,-1.955,-2.737,ball_9,4.018,-2.352,3.526
344.01,4.046,-2.266,-2.740,APPROACH,22,28,4.386,-1.978,-2.736,ball_9,3.961,-2.375,3.528
344.21,3.999,-2.286,-2.739,APPROACH,22,28,4.331,-2.002,-2.735,ball_9,3.914,-2.395,3.529
344.41,3.943,-2.310,-2.738,APPROACH,22,28,4.276,-2.026,-2.733,ball_9,3.857,-2.418,3.530
344.61,3.886,-2.334,-2.737,APPROACH,22,28,4.221,-2.049,-2.732,ball_9,3.800,-2.441,3.532
344.81,3.830,-2.358,-2.736,APPROACH,22,28,4.166,-2.073,-2.731,ball_9,3.744,-2.464,3.533
345.01,3.774,-2.383,-2.735,APPROACH,22,28,4.111,-2.097,-2.730,ball_9,3.687,-2.488,3.534
345.21,3.718,-2.407,-2.734,APPROACH,22,28,4.056,-2.121,-2.729,ball_9,3.631,-2.511,3.535
345.41,3.662,-2.431,-2.733,APPROACH,22,28,4.001,-2.145,-2.728,ball_9,3.574,-2.535,3.535
345.61,3.605,-2.456,-2.732,APPROACH,22,28,3.946,-2.170,-2.728,ball_9,3.517,-2.558,3.536
345.81,3.559,-2.476,-2.731,APPROACH,22,28,3.891,-2.194,-2.727,ball_9,3.470,-2.578,3.537
346.01,3.503,-2.500,-2.731,APPROACH,22,28,3.836,-2.218,-2.726,ball_9,3.414,-2.601,3.537
346.21,3.446,-2.525,-2.730,APPROACH,22,28,3.782,-2.242,-2.726,ball_9,3.357,-2.625,3.538
346.41,3.390,-2.549,-2.730,APPROACH,22,28,3.727,-2.266,-2.725,ball_9,3.301,-2.649,3.538
346.61,3.334,-2.574,-2.729,APPROACH,22,28,3.672,-2.290,-2.725,ball_9,3.245,-2.672,3.539
346.81,3.278,-2.598,-2.729,APPROACH,22,28,3.617,-2.315,-2.724,,3.188,-2.696,3.539
347.01,3.222,-2.623,-2.728,APPROACH,22,28,3.562,-2.339,-2.724,,3.132,-2.720,3.540
347.21,3.166,-2.647,-2.728,BLIND_DASH,22,28,3.508,-2.363,-2.724,,3.075,-2.744,3.540
347.41,3.110,-2.672,-2.728,BLIND_DASH,22,28,3.453,-2.388,-2.723,,3.019,-2.767,3.540
347.61,3.063,-2.692,-2.728,BLIND_DASH,22,28,3.398,-2.412,-2.723,,2.972,-2.787,3.540
347.81,3.007,-2.717,-2.728,BLIND_DASH,22,28,3.343,-2.436,-2.723,,2.915,-2.811,3.541
348.01,2.951,-2.742,-2.728,BLIND_DASH,22,28,3.288,-2.461,-2.723,,2.859,-2.835,3.541
348.21,2.895,-2.766,-2.728,BLIND_DASH,22,28,3.233,-2.485,-2.723,,2.802,-2.858,3.541
348.41,2.839,-2.791,-2.727,BLIND_DASH,22,28,3.179,-2.509,-2.723,,2.746,-2.882,3.541
348.61,2.783,-2.816,-2.727,BLIND_DASH,22,28,3.124,-2.534,-2.723,,2.690,-2.906,3.541
348.81,2.727,-2.840,-2.727,BLIND_DASH,22,28,3.069,-2.558,-2.723,,2.633,-2.930,3.541
349.01,2.671,-2.865,-2.727,BLIND_DASH,22,28,3.014,-2.583,-2.722,,2.577,-2.954,3.541
349.21,2.624,-2.885,-2.727,PATROL,22,28,2.960,-2.607,-2.722,,2.530,-2.974,3.541
349.41,2.584,-2.903,-2.716,PATROL,22,28,2.923,-2.624,-2.711,,2.490,-2.991,3.552
349.61,2.575,-2.907,-2.763,PATROL,22,28,2.915,-2.627,-2.759,,2.480,-2.995,3.505
349.81,2.575,-2.907,-2.874,PATROL,22,28,2.915,-2.627,-2.870,,2.480,-2.995,3.394
350.01,2.575,-2.907,-2.984,PATROL,22,28,2.915,-2.627,-2.980,,2.480,-2.995,3.284
350.21,2.575,-2.907,-3.095,PATROL,22,28,2.915,-2.627,-3.091,,2.480,-2.995,3.173
350.41,2.575,-2.907,3.078,PATROL,22,28,2.915,-2.627,3.082,,2.480,-2.995,3.063
350.61,2.575,-2.907,2.967,PATROL,22,28,2.916,-2.627,2.971,,2.480,-2.995,2.952
350.81,2.575,-2.907,2.857,PATROL,22,28,2.916,-2.627,2.861,,2.480,-2.995,2.841
351.01,2.575,-2.907,2.746,PATROL,22,28,2.916,-2.627,2.750,,2.480,-2.995,2.731
351.21,2.575,-2.907,2.636,PATROL,22,28,2.916,-2.627,2.640,,2.480,-2.995,2.620
351.41,2.575,-2.907,2.526,PATROL,22,28,2.916,-2.628,2.530,,2.480,-2.995,2.510
351.61,2.575,-2.907,2.416,PATROL,22,28,2.917,-2.628,2.420,,2.480,-2.995,2.400
351.81,2.575,-2.907,2.305,ALIGN,22,28,2.917,-2.628,2.309,ball_15,2.480,-2.995,2.289
352.01,2.575,-2.907,2.195,ALIGN,22,28,2.917,-2.628,2.199,ball_15,2.480,-2.995,2.180
352.21,2.575,-2.907,2.085,ALIGN,22,28,2.917,-2.628,2.089,ball_15,2.480,-2.995,2.069
352.41,2.575,-2.907,1.975,ALIGN,22,28,2.917,-2.628,1.979,ball_15,2.480,-2.995,1.959
352.61,2.575,-2.907,1.869,ALIGN,22,28,2.917,-2.629,1.873,ball_15,2.480,-2.995,1.853
352.81,2.575,-2.907,1.794,ALIGN,22,28,2.917,-2.629,1.798,ball_15,2.480,-2.995,1.779
353.01,2.575,-2.907,1.748,APPROACH,22,28,2.917,-2.629,1.752,ball_15,2.480,-2.995,1.732
353.21,2.574,-2.902,1.695,APPROACH,22,28,2.917,-2.623,1.699,ball_8,2.479,-2.989,1.679
353.41,2.571,-2.861,1.635,APPROACH,22,28,2.913,-2.584,1.639,ball_7,2.476,-2.949,1.619
353.61,2.567,-2.801,1.645,APPROACH,22,28,2.909,-2.525,1.649,ball_7,2.473,-2.889,1.629
353.81,2.562,-2.740,1.646,APPROACH,22,28,2.904,-2.465,1.651,ball_7,2.470,-2.827,1.631
354.01,2.557,-2.679,1.649,APPROACH,22,28,2.899,-2.405,1.654,ball_7,2.466,-2.766,1.634
354.21,2.553,-2.628,1.652,APPROACH,22,28,2.894,-2.346,1.657,ball_7,2.463,-2.715,1.636
354.41,2.548,-2.567,1.654,APPROACH,22,28,2.889,-2.286,1.659,ball_7,2.459,-2.654,1.638
354.61,2.543,-2.506,1.656,APPROACH,22,28,2.884,-2.226,1.661,ball_7,2.454,-2.593,1.640
354.81,2.538,-2.445,1.658,APPROACH,22,28,2.878,-2.166,1.662,ball_7,2.450,-2.532,1.642
355.01,2.532,-2.384,1.659,APPROACH,22,28,2.873,-2.106,1.664,ball_7,2.446,-2.471,1.644
355.21,2.527,-2.323,1.661,APPROACH,22,28,2.867,-2.047,1.665,ball_7,2.441,-2.410,1.645
355.41,2.521,-2.263,1.662,APPROACH,22,28,2.861,-1.987,1.666,ball_7,2.437,-2.349,1.646
355.61,2.516,-2.202,1.663,APPROACH,22,28,2.856,-1.928,1.668,ball_11,2.432,-2.288,1.647
355.81,2.511,-2.151,1.664,APPROACH,22,28,2.850,-1.868,1.668,ball_11,2.428,-2.237,1.648
356.01,2.505,-2.090,1.665,APPROACH,22,28,2.844,-1.808,1.669,ball_11,2.423,-2.176,1.649
356.21,2.500,-2.029,1.665,APPROACH,22,28,2.838,-1.748,1.670,ball_11,2.418,-2.115,1.650
356.41,2.494,-1.968,1.666,APPROACH,22,28,2.832,-1.689,1.671,ball_11,2.414,-2.054,1.650
356.61,2.488,-1.907,1.667,APPROACH,22,28,2.826,-1.629,1.671,ball_11,2.409,-1.993,1.651
356.81,2.482,-1.846,1.667,APPROACH,22,28,2.820,-1.569,1.672,ball_11,2.404,-1.932,1.651
357.01,2.476,-1.785,1.667,APPROACH,22,28,2.814,-1.510,1.672,ball_11,2.399,-1.871,1.652
357.21,2.470,-1.724,1.668,APPROACH,22,28,2.808,-1.450,1.672,ball_11,2.394,-1.810,1.652
357.41,2.464,-1.663,1.668,APPROACH,22,28,2.802,-1.390,1.673,ball_11,2.389,-1.748,1.652
357.61,2.459,-1.613,1.669,APPROACH,22,28,2.796,-1.331,1.673,ball_11,2.385,-1.698,1.653
357.81,2.453,-1.552,1.669,APPROACH,22,28,2.790,-1.271,1.673,ball_11,2.380,-1.637,1.653
358.01,2.447,-1.491,1.669,APPROACH,22,28,2.783,-1.211,1.673,ball_11,2.375,-1.576,1.653
358.21,2.441,-1.430,1.669,APPROACH,22,28,2.777,-1.151,1.673,ball_11,2.370,-1.515,1.653
358.41,2.435,-1.369,1.669,APPROACH,22,28,2.771,-1.092,1.674,ball_11,2.365,-1.454,1.653
358.61,2.429,-1.308,1.669,APPROACH,22,28,2.765,-1.032,1.674,ball_11,2.360,-1.393,1.653
358.81,2.423,-1.247,1.669,APPROACH,22,28,2.759,-0.973,1.674,ball_11,2.355,-1.332,1.653
359.01,2.417,-1.186,1.669,APPROACH,22,28,2.753,-0.913,1.674,ball_11,2.349,-1.271,1.653
359.21,2.412,-1.136,1.669,APPROACH,22,28,2.747,-0.853,1.674,ball_11,2.345,-1.220,1.653
359.41,2.406,-1.075,1.669,APPROACH,22,28,2.740,-0.793,1.673,ball_11,2.340,-1.159,1.653
359.61,2.400,-1.014,1.669,APPROACH,22,28,2.734,-0.734,1.673,ball_11,2.335,-1.098,1.653
359.81,2.394,-0.953,1.668,APPROACH,22,28,2.728,-0.674,1.673,ball_11,2.330,-1.037,1.653
360.01,2.389,-0.892,1.668,APPROACH,22,28,2.722,-0.615,1.672,ball_11,2.325,-0.976,1.652
360.21,2.383,-0.831,1.667,APPROACH,22,28,2.716,-0.555,1.672,ball_11,2.320,-0.915,1.652
360.41,2.377,-0.770,1.672,APPROACH,22,28,2.710,-0.495,1.676,,2.315,-0.854,1.656
360.61,2.370,-0.709,1.676,BLIND_DASH,22,28,2.703,-0.436,1.681,,2.310,-0.793,1.660
360.81,2.365,-0.659,1.678,BLIND_DASH,22,28,2.697,-0.376,1.683,,2.305,-0.742,1.663
361.01,2.358,-0.598,1.679,BLIND_DASH,22,28,2.690,-0.317,1.683,,2.300,-0.681,1.663
361.21,2.352,-0.537,1.679,BLIND_DASH,22,28,2.683,-0.257,1.684,,2.294,-0.620,1.663
361.41,2.345,-0.476,1.679,BLIND_DASH,22,28,2.677,-0.197,1.684,,2.288,-0.559,1.663
361.61,2.338,-0.415,1.679,BLIND_DASH,22,28,2.670,-0.138,1.684,,2.283,-0.498,1.664
361.81,2.332,-0.354,1.680,BLIND_DASH,22,28,2.663,-0.078,1.684,,2.277,-0.437,1.664
362.01,2.325,-0.294,1.680,BLIND_DASH,22,28,2.656,-0.018,1.685,,2.271,-0.376,1.664
362.21,2.318,-0.233,1.680,BLIND_DASH,22,28,2.650,0.041,1.685,,2.265,-0.315,1.665
362.41,2.312,-0.172,1.681,BLIND_DASH,22,28,2.643,0.101,1.685,,2.260,-0.254,1.665
362.61,2.306,-0.121,1.681,BLIND_DASH,22,28,2.636,0.160,1.685,,2.255,-0.204,1.665
362.81,2.299,-0.060,1.681,PATROL,22,28,2.629,0.220,1.686,,2.249,-0.143,1.665
363.01,2.295,-0.019,1.686,PATROL,22,28,2.624,0.259,1.691,,2.245,-0.101,1.671
363.21,2.294,-0.009,1.624,PATROL,22,28,2.623,0.269,1.629,,2.244,-0.091,1.609
363.41,2.294,-0.002,1.515,PATROL,22,28,2.623,0.275,1.519,,2.244,-0.084,1.499
363.61,2.295,0.011,1.405,PATROL,22,28,2.625,0.287,1.409,,2.246,-0.071,1.389
363.81,2.299,0.029,1.295,PATROL,22,28,2.629,0.304,1.299,,2.251,-0.053,1.279
364.01,2.307,0.052,1.184,PATROL,22,28,2.636,0.326,1.189,,2.259,-0.031,1.168
364.21,2.318,0.074,1.075,PATROL,22,28,2.648,0.352,1.079,,2.270,-0.009,1.059
364.41,2.336,0.103,0.965,PATROL,22,28,2.666,0.381,0.969,,2.288,0.020,0.949
364.61,2.360,0.135,0.855,PATROL,22,28,2.690,0.412,0.859,,2.313,0.052,0.839
364.81,2.392,0.168,0.746,PATROL,22,28,2.721,0.444,0.750,,2.346,0.084,0.730
365.01,2.432,0.201,0.637,PATROL,22,28,2.759,0.476,0.641,,2.386,0.116,0.620
365.21,2.479,0.232,0.533,PATROL,22,28,2.805,0.506,0.537,,2.434,0.147,0.517
365.41,2.534,0.261,0.450,PATROL,22,28,2.858,0.535,0.455,,2.489,0.175,0.434
365.61,2.595,0.288,0.384,PATROL,22,28,2.917,0.561,0.388,,2.550,0.201,0.368
365.81,2.649,0.308,0.331,PATROL,22,28,2.980,0.585,0.336,,2.605,0.220,0.315
366.01,2.717,0.330,0.289,PATROL,22,28,3.046,0.607,0.294,,2.673,0.241,0.273
366.21,2.788,0.350,0.256,PATROL,22,28,3.116,0.626,0.261,,2.745,0.260,0.240
366.41,2.861,0.368,0.230,PATROL,22,28,3.187,0.644,0.235,,2.818,0.277,0.214
366.61,2.936,0.385,0.209,PATROL,22,28,3.260,0.661,0.213,,2.893,0.292,0.193
366.81,3.012,0.400,0.192,PATROL,22,28,3.335,0.676,0.197,,2.969,0.306,0.176
367.01,3.089,0.414,0.179,PATROL,22,28,3.410,0.691,0.183,,3.047,0.319,0.162
367.21,3.167,0.428,0.168,PATROL,22,28,3.487,0.705,0.173,,3.125,0.332,0.152
367.41,3.246,0.441,0.159,PATROL,22,28,3.564,0.718,0.164,,3.204,0.343,0.143
367.61,3.311,0.451,0.153,PATROL,22,28,3.641,0.730,0.157,,3.270,0.353,0.136
367.81,3.391,0.463,0.147,PATROL,22,28,3.719,0.742,0.152,,3.349,0.363,0.131
368.01,3.470,0.475,0.143,PATROL,22,28,3.797,0.754,0.148,,3.429,0.374,0.127
368.21,3.550,0.486,0.139,PATROL,22,28,3.875,0.766,0.144,,3.509,0.384,0.123
368.41,3.630,0.497,0.137,PATROL,22,28,3.953,0.777,0.141,,3.590,0.394,0.120
368.61,3.711,0.508,0.134,PATROL,22,28,4.032,0.788,0.139,,3.670,0.403,0.118
368.81,3.791,0.519,0.133,PATROL,22,28,4.111,0.799,0.137,,3.751,0.413,0.116
369.01,3.872,0.530,0.131,PATROL,22,28,4.189,0.810,0.136,,3.831,0.422,0.115
369.21,3.939,0.539,0.130,PATROL,22,28,4.268,0.820,0.135,,3.899,0.430,0.114
369.41,4.019,0.549,0.129,PATROL,22,28,4.348,0.831,0.134,,3.980,0.439,0.113
369.61,4.100,0.560,0.129,PATROL,22,28,4.426,0.842,0.133,,4.060,0.448,0.112
369.81,4.181,0.570,0.128,PATROL,22,28,4.506,0.852,0.133,,4.141,0.457,0.112
370.01,4.262,0.580,0.127,PATROL,22,28,4.585,0.863,0.132,,4.222,0.466,0.111
370.21,4.342,0.591,0.127,PATROL,22,28,4.664,0.873,0.132,,4.303,0.475,0.111
370.41,4.423,0.601,0.127,PATROL,22,28,4.743,0.884,0.131,,4.384,0.484,0.111
370.61,4.504,0.611,0.127,PATROL,22,28,4.822,0.894,0.131,,4.465,0.493,0.110
370.81,4.571,0.620,0.126,PATROL,22,28,4.901,0.905,0.131,,4.533,0.501,0.110
371.01,4.652,0.630,0.126,PATROL,22,28,4.980,0.915,0.131,,4.614,0.510,0.110
371.21,4.733,0.640,0.126,PATROL,22,28,5.059,0.925,0.131,,4.695,0.519,0.110
371.41,4.814,0.651,0.126,PATROL,22,28,5.139,0.936,0.131,,4.776,0.528,0.110
371.61,4.895,0.661,0.126,PATROL,22,28,5.218,0.946,0.131,,4.857,0.537,0.110
371.81,4.976,0.671,0.126,PATROL,22,28,5.297,0.957,0.130,,4.938,0.545,0.109
372.01,5.057,0.681,0.126,PATROL,22,28,5.376,0.967,0.130,,5.019,0.554,0.109
372.21,5.138,0.692,0.126,PATROL,22,28,5.456,0.977,0.130,,5.100,0.563,0.109
372.41,5.218,0.702,0.126,PATROL,22,28,5.535,0.988,0.130,,5.181,0.572,0.109
372.61,5.286,0.710,0.126,PATROL,22,28,5.614,0.998,0.130,,5.249,0.580,0.109
372.81,5.367,0.721,0.126,PATROL,22,28,5.693,1.008,0.130,,5.330,0.588,0.109
373.01,5.448,0.731,0.125,PATROL,22,28,5.773,1.019,0.130,,5.411,0.597,0.109
373.21,5.528,0.741,0.125,PATROL,22,28,5.852,1.029,0.130,,5.492,0.606,0.109
373.41,5.609,0.751,0.125,PATROL,22,28,5.931,1.040,0.130,,5.573,0.615,0.109
373.61,5.690,0.761,0.125,PATROL,22,28,6.010,1.050,0.130,,5.654,0.624,0.109
373.81,5.771,0.772,0.125,PATROL,22,28,6.089,1.060,0.130,,5.735,0.633,0.109
374.01,5.852,0.782,0.125,PATROL,22,28,6.169,1.071,0.130,,5.816,0.642,0.109
374.21,5.919,0.790,0.125,PATROL,22,28,6.248,1.081,0.130,,5.884,0.649,0.109
374.41,6.000,0.800,0.125,PATROL,22,28,6.327,1.091,0.130,,5.965,0.658,0.109
374.61,6.081,0.811,0.125,PATROL,22,28,6.406,1.102,0.130,,6.046,0.667,0.109
374.81,6.162,0.821,0.125,PATROL,22,28,6.486,1.112,0.130,,6.127,0.676,0.109
375.01,6.243,0.831,0.125,PATROL,22,28,6.565,1.122,0.130,,6.208,0.685,0.109
375.21,6.324,0.841,0.125,PATROL,22,28,6.644,1.133,0.130,,6.289,0.693,0.109
375.41,6.405,0.851,0.125,PATROL,22,28,6.723,1.143,0.130,,6.370,0.702,0.109
375.61,6.486,0.861,0.125,PATROL,22,28,6.803,1.153,0.130,,6.451,0.711,0.109
375.81,6.553,0.870,0.125,PATROL,22,28,6.882,1.164,0.130,,6.519,0.719,0.109
376.01,6.634,0.880,0.125,PATROL,22,28,6.961,1.174,0.130,,6.600,0.727,0.109
376.21,6.715,0.890,0.125,PATROL,22,28,7.040,1.184,0.130,,6.681,0.736,0.109
376.41,6.796,0.900,0.125,PATROL,22,28,7.119,1.195,0.130,,6.762,0.745,0.109
376.61,6.877,0.911,0.125,PATROL,22,28,7.199,1.205,0.130,,6.843,0.754,0.109
376.81,6.958,0.921,0.125,PATROL,22,28,7.278,1.215,0.130,,6.924,0.763,0.109
377.01,7.038,0.931,0.125,PATROL,22,28,7.357,1.225,0.130,,7.006,0.772,0.109
377.21,7.119,0.941,0.125,PATROL,22,28,7.436,1.236,0.130,,7.087,0.780,0.109
377.41,7.200,0.951,0.125,PATROL,22,28,7.516,1.246,0.129,,7.168,0.789,0.109
377.61,7.268,0.960,0.125,PATROL,22,28,7.595,1.256,0.129,,7.235,0.797,0.108
377.81,7.349,0.970,0.125,PATROL,22,28,7.674,1.267,0.129,,7.316,0.806,0.108
378.01,7.429,0.980,0.125,PATROL,22,28,7.754,1.277,0.129,,7.397,0.814,0.108
378.21,7.510,0.990,0.125,PATROL,22,28,7.832,1.287,0.129,,7.479,0.823,0.108
378.41,7.591,1.000,0.125,PATROL,22,28,7.912,1.298,0.129,,7.560,0.832,0.108
378.61,7.672,1.010,0.125,PATROL,22,28,7.991,1.308,0.129,,7.641,0.841,0.108
378.81,7.753,1.021,0.125,PATROL,22,28,8.070,1.318,0.129,,7.722,0.850,0.108
379.01,7.834,1.031,0.125,PATROL,22,28,8.149,1.328,0.129,,7.803,0.858,0.108
379.21,7.901,1.039,0.125,PATROL,22,28,8.229,1.339,0.129,,7.870,0.866,0.108
379.41,7.982,1.049,0.125,PATROL,22,28,8.308,1.349,0.129,,7.952,0.875,0.108
379.61,8.063,1.059,0.125,PATROL,22,28,8.387,1.359,0.129,,8.033,0.883,0.108
379.81,8.144,1.070,0.124,PATROL,22,28,8.467,1.370,0.129,,8.114,0.892,0.108
380.01,8.225,1.080,0.124,PATROL,22,28,8.546,1.380,0.129,,8.195,0.901,0.108
380.21,8.306,1.090,0.124,PATROL,22,28,8.625,1.390,0.129,,8.276,0.910,0.108
380.41,8.387,1.100,0.124,PATROL,22,28,8.704,1.400,0.129,,8.357,0.919,0.108
380.61,8.468,1.110,0.124,PATROL,22,28,8.784,1.411,0.129,,8.438,0.927,0.108
380.81,8.535,1.118,0.124,PATROL,22,28,8.863,1.421,0.129,,8.506,0.935,0.108
381.01,8.616,1.129,0.124,PATROL,22,28,8.942,1.431,0.129,,8.587,0.944,0.108
381.21,8.697,1.139,0.124,PATROL,22,28,9.021,1.442,0.129,,8.668,0.952,0.108
381.41,8.778,1.149,0.124,PATROL,22,28,9.101,1.452,0.129,,8.749,0.961,0.108
381.61,8.859,1.159,0.124,PATROL,22,28,9.180,1.462,0.129,,8.830,0.970,0.108
381.81,8.940,1.169,0.124,PATROL,22,28,9.259,1.472,0.129,,8.911,0.979,0.108
382.01,9.021,1.179,0.124,PATROL,22,28,9.338,1.483,0.129,,8.992,0.987,0.108
382.21,9.101,1.189,0.124,PATROL,22,28,9.417,1.493,0.129,,9.073,0.996,0.108
382.41,9.182,1.199,0.124,PATROL,22,28,9.497,1.503,0.128,,9.154,1.005,0.108
382.61,9.250,1.208,0.124,PATROL,22,28,9.576,1.513,0.128,,9.222,1.012,0.107
382.81,9.331,1.218,0.124,PATROL,22,28,9.655,1.523,0.128,,9.303,1.021,0.107
383.01,9.412,1.228,0.124,PATROL,22,28,9.734,1.534,0.128,,9.384,1.030,0.107
383.21,9.492,1.238,0.124,PATROL,22,28,9.814,1.544,0.128,,9.465,1.038,0.107
383.41,9.573,1.248,0.123,PATROL,22,28,9.893,1.554,0.128,,9.546,1.047,0.107
383.61,9.654,1.258,0.123,PATROL,22,28,9.972,1.564,0.128,,9.627,1.056,0.107
383.81,9.735,1.268,0.123,PATROL,22,28,10.051,1.574,0.128,,9.709,1.065,0.107
384.01,9.816,1.278,0.123,PATROL,22,28,10.130,1.585,0.128,,9.790,1.073,0.107
384.21,9.883,1.286,0.123,PATROL,22,28,10.210,1.595,0.128,,9.857,1.080,0.107
384.41,9.964,1.296,0.123,PATROL,22,28,10.289,1.605,0.128,,9.938,1.089,0.107
384.61,10.045,1.306,0.123,PATROL,22,28,10.368,1.615,0.127,,10.019,1.098,0.106
384.81,10.126,1.316,0.123,PATROL,22,28,10.447,1.625,0.127,,10.100,1.106,0.106
385.01,10.207,1.326,0.122,PATROL,22,28,10.527,1.635,0.127,,10.181,1.115,0.106
385.21,10.288,1.336,0.122,PATROL,22,28,10.606,1.645,0.127,,10.262,1.124,0.106
385.41,10.369,1.346,0.122,PATROL,23,27,10.685,1.655,0.126,,10.344,1.132,0.105
385.61,10.416,1.351,0.080,PATROL,23,27,10.734,1.661,0.085,,10.391,1.136,0.064
385.81,10.430,1.352,0.081,PATROL,23,27,10.751,1.662,0.086,,10.405,1.137,0.065
386.01,10.432,1.352,0.182,PATROL,23,27,10.752,1.662,0.188,,10.407,1.137,0.166
386.21,10.432,1.352,0.291,PATROL,23,27,10.753,1.663,0.296,,10.407,1.137,0.274
386.41,10.432,1.352,0.400,PATROL,23,27,10.753,1.663,0.405,,10.407,1.137,0.384
386.61,10.432,1.352,0.507,PATROL,23,27,10.754,1.663,0.512,,10.407,1.137,0.491
386.81,10.432,1.352,0.615,PATROL,23,27,10.754,1.663,0.620,,10.407,1.137,0.599
387.01,10.432,1.352,0.722,PATROL,23,27,10.754,1.664,0.727,,10.407,1.137,0.706
387.21,10.432,1.352,0.830,PATROL,23,27,10.755,1.664,0.835,,10.407,1.137,0.813
387.41,10.432,1.352,0.937,PATROL,23,27,10.755,1.665,0.942,,10.407,1.137,0.921
387.61,10.432,1.352,1.043,PATROL,23,27,10.755,1.666,1.048,,10.407,1.137,1.027
387.81,10.432,1.352,1.151,PATROL,23,27,10.755,1.666,1.155,,10.407,1.137,1.135
388.01,10.432,1.352,1.258,PATROL,23,27,10.755,1.667,1.262,,10.407,1.137,1.242
388.21,10.432,1.352,1.364,PATROL,23,27,10.756,1.668,1.369,,10.407,1.137,1.348
388.41,10.432,1.352,1.471,PATROL,23,27,10.756,1.668,1.476,,10.407,1.137,1.455
388.61,10.432,1.352,1.579,PATROL,23,27,10.755,1.669,1.584,,10.407,1.137,1.563
388.81,10.432,1.354,1.687,PATROL,23,27,10.755,1.672,1.691,,10.407,1.140,1.671
389.01,10.430,1.362,1.794,PATROL,23,27,10.754,1.679,1.799,,10.405,1.147,1.778
389.21,10.427,1.372,1.902,PATROL,23,27,10.750,1.692,1.907,,10.402,1.158,1.887
389.41,10.421,1.389,2.010,PATROL,23,27,10.743,1.708,2.014,,10.396,1.174,1.994
389.61,10.410,1.409,2.117,PATROL,23,27,10.731,1.729,2.121,,10.385,1.195,2.101
389.81,10.394,1.433,2.224,PATROL,23,27,10.715,1.752,2.228,,10.370,1.219,2.208
390.01,10.372,1.458,2.331,PATROL,23,27,10.693,1.777,2.336,,10.348,1.245,2.316
390.21,10.343,1.485,2.441,PATROL,23,27,10.665,1.803,2.444,,10.320,1.272,2.425
390.41,10.308,1.511,2.550,PATROL,23,27,10.631,1.829,2.554,,10.285,1.299,2.535
390.61,10.265,1.536,2.660,PATROL,23,27,10.590,1.853,2.664,,10.243,1.324,2.645
390.81,10.224,1.555,2.771,PATROL,23,27,10.541,1.875,2.775,,10.202,1.344,2.756
391.01,10.169,1.574,2.867,PATROL,23,27,10.486,1.893,2.870,,10.147,1.363,2.852
391.21,10.107,1.589,2.943,PATROL,23,27,10.425,1.907,2.947,,10.086,1.379,2.928
391.41,10.041,1.600,3.005,PATROL,23,27,10.360,1.918,3.009,,10.020,1.391,2.990
391.61,9.972,1.608,3.055,PATROL,23,27,10.293,1.925,3.059,,9.951,1.400,3.040
391.81,9.900,1.612,3.096,PATROL,23,27,10.222,1.929,3.099,,9.879,1.406,3.080
392.01,9.826,1.615,3.129,PATROL,23,27,10.150,1.931,3.133,,9.805,1.409,3.114
392.21,9.751,1.614,-3.127,PATROL,23,27,10.077,1.930,-3.123,,9.730,1.410,3.141
392.41,9.675,1.612,-3.105,PATROL,23,27,10.003,1.928,-3.101,,9.654,1.409,3.163
392.61,9.611,1.609,-3.087,PATROL,23,27,9.927,1.924,-3.084,,9.590,1.407,3.181
392.81,9.534,1.605,-3.072,PATROL,23,27,9.851,1.919,-3.068,,9.512,1.404,3.196
393.01,9.456,1.599,-3.058,PATROL,23,27,9.775,1.913,-3.054,,9.434,1.399,3.210
393.21,9.377,1.592,-3.046,PATROL,23,27,9.698,1.906,-3.043,,9.355,1.393,3.222
393.41,9.298,1.584,-3.037,PATROL,23,27,9.620,1.898,-3.033,,9.276,1.386,3.232
393.61,9.219,1.575,-3.028,PATROL,23,27,9.543,1.889,-3.025,,9.197,1.379,3.240
393.81,9.139,1.566,-3.021,PATROL,23,27,9.465,1.879,-3.018,,9.117,1.371,3.247
394.01,9.059,1.556,-3.016,PATROL,23,27,9.387,1.869,-3.012,,9.037,1.362,3.252
394.21,8.993,1.547,-3.011,PATROL,23,27,9.308,1.859,-3.007,,8.970,1.354,3.257
394.41,8.913,1.536,-3.007,PATROL,23,27,9.230,1.848,-3.003,,8.890,1.345,3.261
394.61,8.833,1.525,-3.004,PATROL,23,27,9.151,1.837,-3.000,,8.810,1.335,3.264
394.81,8.753,1.514,-3.001,PATROL,23,27,9.073,1.826,-2.997,,8.730,1.325,3.267
395.01,8.672,1.503,-2.999,PATROL,23,27,8.994,1.815,-2.995,,8.649,1.315,3.270
395.21,8.592,1.491,-2.996,PATROL,23,27,8.916,1.803,-2.993,,8.569,1.304,3.272
395.41,8.512,1.479,-2.995,PATROL,23,27,8.837,1.791,-2.991,,8.488,1.294,3.274
395.61,8.431,1.467,-2.993,PATROL,23,27,8.758,1.779,-2.989,,8.407,1.283,3.275
395.81,8.364,1.457,-2.992,PATROL,23,27,8.680,1.767,-2.988,,8.340,1.274,3.277
396.01,8.284,1.445,-2.990,PATROL,23,27,8.601,1.755,-2.987,,8.260,1.263,3.278
396.21,8.203,1.433,-2.989,PATROL,23,27,8.522,1.742,-2.985,,8.179,1.252,3.279
396.41,8.123,1.420,-2.988,PATROL,24,26,8.443,1.730,-2.984,,8.098,1.241,3.280
396.61,8.048,1.409,-2.984,PATROL,24,26,8.370,1.718,-2.980,,8.023,1.230,3.285
396.81,7.974,1.398,-3.014,PATROL,24,26,8.298,1.707,-3.011,,7.949,1.220,3.254
397.01,7.899,1.389,-3.039,PATROL,24,26,8.224,1.699,-3.036,,7.874,1.213,3.229
397.21,7.822,1.382,-3.060,PATROL,24,26,8.149,1.692,-3.056,,7.797,1.207,3.208
397.41,7.745,1.377,-3.076,PATROL,24,26,8.073,1.686,-3.073,,7.720,1.203,3.192
397.61,7.680,1.373,-3.090,PATROL,24,26,7.997,1.681,-3.086,,7.654,1.200,3.178
397.81,7.601,1.369,-3.101,PATROL,24,26,7.920,1.677,-3.097,,7.576,1.197,3.167
398.01,7.522,1.366,-3.110,PATROL,24,26,7.842,1.674,-3.106,,7.496,1.196,3.159
398.21,7.442,1.364,-3.117,PATROL,24,26,7.764,1.672,-3.113,,7.416,1.195,3.151
398.41,7.362,1.362,-3.123,PATROL,24,26,7.685,1.670,-3.119,,7.336,1.194,3.145
398.61,7.281,1.361,-3.128,PATROL,24,26,7.606,1.668,-3.124,,7.255,1.194,3.141
398.81,7.201,1.360,-3.132,PATROL,24,26,7.527,1.667,-3.128,,7.175,1.194,3.137
399.01,7.120,1.360,-3.135,PATROL,24,26,7.448,1.666,-3.131,,7.094,1.195,3.133
399.21,7.053,1.359,-3.137,PATROL,24,26,7.369,1.665,-3.134,,7.027,1.195,3.131
399.41,6.972,1.359,-3.140,PATROL,24,26,7.290,1.665,-3.136,,6.946,1.196,3.129
399.61,6.891,1.359,-3.141,PATROL,24,26,7.210,1.664,-3.138,,6.865,1.198,3.127
399.81,6.809,1.359,3.140,PATROL,24,26,7.131,1.664,-3.139,,6.784,1.199,3.125
400.01,6.728,1.359,3.139,PATROL,24,26,7.051,1.664,-3.140,,6.702,1.200,3.124
400.21,6.647,1.359,3.138,PATROL,24,26,6.972,1.664,-3.141,,6.621,1.202,3.123
400.41,6.566,1.360,3.137,PATROL,24,26,6.892,1.664,3.141,,6.540,1.203,3.122
400.61,6.484,1.360,3.137,PATROL,24,26,6.812,1.664,3.140,,6.459,1.205,3.121
400.81,6.417,1.360,3.136,PATROL,24,26,6.733,1.664,3.139,,6.391,1.206,3.121
401.01,6.335,1.361,3.135,PATROL,24,26,6.653,1.664,3.139,,6.309,1.208,3.120
401.21,6.254,1.361,3.134,PATROL,24,26,6.573,1.665,3.138,,6.228,1.210,3.119
401.41,6.173,1.362,3.133,PATROL,24,26,6.493,1.665,3.137,,6.147,1.212,3.118
401.61,6.091,1.363,3.132,PATROL,24,26,6.414,1.665,3.136,,6.065,1.214,3.117
401.81,6.010,1.364,3.131,PATROL,24,26,6.334,1.666,3.135,,5.984,1.216,3.116
402.01,5.928,1.364,3.131,PATROL,24,26,6.254,1.666,3.134,,5.902,1.218,3.116
402.21,5.847,1.365,3.130,PATROL,24,26,6.174,1.667,3.133,,5.821,1.220,3.115
402.41,5.765,1.366,3.129,PATROL,24,26,6.095,1.668,3.133,,5.739,1.222,3.114
402.61,5.697,1.367,3.128,PATROL,24,26,6.015,1.668,3.132,,5.671,1.224,3.113
402.81,5.616,1.368,3.128,PATROL,24,26,5.935,1.669,3.132,,5.589,1.226,3.113
403.01,5.534,1.369,3.127,PATROL,24,26,5.855,1.670,3.131,,5.508,1.229,3.112
403.21,5.453,1.371,3.127,PATROL,24,26,5.776,1.670,3.131,,5.427,1.231,3.112
403.41,5.371,1.372,3.127,PATROL,24,26,5.696,1.671,3.131,,5.345,1.233,3.112
403.61,5.290,1.373,3.127,PATROL,25,25,5.616,1.672,3.130,,5.264,1.236,3.112
403.81,5.209,1.374,3.128,PATROL,25,25,5.537,1.673,3.132,,5.183,1.238,3.113
404.01,5.128,1.375,3.130,PATROL,25,25,5.458,1.673,3.133,,5.102,1.240,3.115
404.21,5.060,1.376,3.131,PATROL,25,25,5.379,1.674,3.135,,5.034,1.242,3.116
404.41,4.979,1.377,3.132,PATROL,25,25,5.300,1.674,3.136,,4.953,1.244,3.117
404.61,4.898,1.377,3.133,PATROL,25,25,5.220,1.674,3.137,,4.872,1.246,3.118
404.81,4.817,1.378,3.134,PATROL,25,25,5.141,1.675,3.138,,4.791,1.248,3.119
405.01,4.736,1.379,3.135,PATROL,25,25,5.062,1.675,3.139,,4.710,1.250,3.120
405.21,4.655,1.379,3.136,PATROL,25,25,4.982,1.675,3.140,,4.629,1.251,3.121
405.41,4.574,1.379,3.137,PATROL,25,25,4.902,1.675,3.141,,4.547,1.253,3.122
405.61,4.492,1.380,3.138,PATROL,25,25,4.823,1.675,-3.142,,4.466,1.255,3.123
405.81,4.425,1.380,3.139,PATROL,25,25,4.744,1.675,-3.141,,4.398,1.256,3.124
406.01,4.343,1.380,3.139,PATROL,25,25,4.664,1.675,-3.140,,4.317,1.257,3.124
406.21,4.262,1.380,3.140,PATROL,25,25,4.584,1.675,-3.139,,4.236,1.259,3.125
406.41,4.180,1.380,3.141,PATROL,25,25,4.504,1.674,-3.139,,4.154,1.260,3.126
406.61,4.099,1.380,-3.142,PATROL,25,25,4.425,1.674,-3.138,,4.073,1.261,3.127
406.81,4.018,1.380,-3.141,PATROL,25,25,4.345,1.674,-3.137,,3.991,1.262,3.127
407.01,3.936,1.380,-3.140,PATROL,25,25,4.265,1.673,-3.136,,3.910,1.264,3.128
407.21,3.855,1.380,-3.140,PATROL,25,25,4.186,1.673,-3.136,,3.828,1.265,3.129
407.41,3.773,1.380,-3.139,PATROL,25,25,4.105,1.672,-3.135,,3.747,1.266,3.129
407.61,3.705,1.380,-3.138,PATROL,25,25,4.026,1.672,-3.134,,3.679,1.266,3.130
407.81,3.624,1.379,-3.137,PATROL,25,25,3.945,1.671,-3.134,,3.597,1.267,3.131
408.01,3.542,1.379,-3.137,PATROL,25,25,3.866,1.671,-3.133,,3.515,1.268,3.131
408.21,3.460,1.379,-3.137,PATROL,25,25,3.786,1.670,-3.133,,3.434,1.269,3.132
408.41,3.379,1.378,-3.136,PATROL,25,25,3.706,1.669,-3.133,,3.352,1.270,3.132
408.61,3.297,1.378,-3.136,PATROL,25,25,3.626,1.669,-3.133,,3.271,1.271,3.132
408.81,3.216,1.377,-3.136,PATROL,25,25,3.546,1.668,-3.133,,3.189,1.271,3.132
409.01,3.135,1.377,-3.136,PATROL,25,25,3.466,1.667,-3.133,,3.108,1.272,3.132
409.21,3.067,1.377,-3.136,PATROL,25,25,3.386,1.667,-3.133,,3.040,1.273,3.132
409.41,2.985,1.376,-3.137,PATROL,25,25,3.307,1.666,-3.133,,2.958,1.274,3.132
409.61,2.904,1.376,-3.137,PATROL,25,25,3.227,1.665,-3.133,,2.877,1.275,3.131
409.81,2.822,1.376,-3.137,PATROL,25,25,3.147,1.665,-3.133,,2.796,1.275,3.131
410.01,2.741,1.375,-3.137,PATROL,25,25,3.067,1.664,-3.134,,2.714,1.276,3.131
410.21,2.660,1.375,-3.138,PATROL,25,25,2.988,1.663,-3.134,,2.633,1.277,3.130
410.41,2.578,1.375,-3.138,PATROL,26,21,2.908,1.663,-3.134,,2.551,1.278,3.130
410.61,2.507,1.374,3.134,PATROL,26,21,2.837,1.662,3.137,,2.480,1.279,3.119
410.81,2.480,1.375,3.113,PATROL,26,21,2.804,1.663,3.116,,2.453,1.280,3.098
411.01,2.470,1.375,-3.099,PATROL,26,21,2.796,1.663,-3.095,,2.443,1.280,3.169
411.21,2.464,1.375,-2.992,PATROL,26,21,2.789,1.662,-2.988,,2.437,1.280,3.277
411.41,2.452,1.372,-2.884,PATROL,26,21,2.777,1.659,-2.881,,2.425,1.278,3.384
411.61,2.435,1.367,-2.777,PATROL,26,21,2.760,1.654,-2.773,,2.408,1.272,3.491
411.81,2.414,1.357,-2.670,PATROL,26,21,2.739,1.645,-2.666,,2.387,1.263,3.599
412.01,2.390,1.343,-2.563,PATROL,26,21,2.716,1.631,-2.559,,2.363,1.249,3.706
412.21,2.363,1.323,-2.455,PATROL,26,21,2.689,1.611,-2.451,,2.336,1.230,3.814
412.41,2.340,1.302,-2.346,PATROL,26,21,2.662,1.586,-2.343,,2.312,1.209,3.922
412.61,2.311,1.270,-2.238,PATROL,26,21,2.634,1.553,-2.234,,2.283,1.178,4.031
412.81,2.284,1.231,-2.127,PATROL,26,21,2.607,1.514,-2.123,,2.255,1.139,4.141
413.01,2.258,1.184,-2.017,PATROL,26,21,2.582,1.468,-2.013,,2.228,1.092,4.252
413.21,2.235,1.130,-1.920,PATROL,26,21,2.560,1.415,-1.916,,2.205,1.039,4.349
413.41,2.216,1.070,-1.841,PATROL,26,21,2.542,1.356,-1.837,,2.185,0.979,4.428
413.61,2.200,1.005,-1.777,PATROL,26,21,2.527,1.292,-1.774,,2.168,0.914,4.491
413.81,2.188,0.936,-1.726,PATROL,26,21,2.515,1.225,-1.723,,2.155,0.846,4.542
414.01,2.179,0.865,-1.685,PATROL,26,21,2.506,1.156,-1.681,,2.144,0.775,4.584
414.21,2.173,0.804,-1.651,PATROL,26,21,2.499,1.084,-1.648,,2.138,0.714,4.617
414.41,2.168,0.730,-1.624,PATROL,26,21,2.495,1.011,-1.620,,2.131,0.639,4.645
414.61,2.165,0.654,-1.602,PATROL,26,21,2.492,0.937,-1.598,,2.127,0.563,4.667
414.81,2.163,0.577,-1.584,PATROL,26,21,2.491,0.861,-1.580,,2.124,0.486,4.685
415.01,2.162,0.499,-1.569,PATROL,26,21,2.491,0.785,-1.565,,2.123,0.408,4.700
415.21,2.163,0.420,-1.556,PATROL,26,21,2.492,0.708,-1.553,,2.122,0.330,4.712
415.41,2.165,0.342,-1.546,PATROL,26,21,2.494,0.631,-1.543,,2.123,0.251,4.722
415.61,2.167,0.262,-1.538,PATROL,26,21,2.496,0.554,-1.534,,2.124,0.172,4.731
415.81,2.169,0.196,-1.530,PATROL,26,21,2.499,0.476,-1.526,,2.125,0.105,4.739
416.01,2.173,0.116,-1.522,PATROL,26,21,2.503,0.397,-1.518,,2.128,0.025,4.747
416.21,2.177,0.036,-1.516,PATROL,26,21,2.507,0.319,-1.512,,2.131,-0.055,4.753
416.41,2.182,-0.044,-1.510,PATROL,26,21,2.512,0.240,-1.507,,2.134,-0.135,4.758
416.61,2.187,-0.125,-1.506,PATROL,26,21,2.517,0.161,-1.503,,2.138,-0.216,4.763
416.81,2.192,-0.205,-1.502,PATROL,26,21,2.523,0.082,-1.499,,2.142,-0.297,4.766
417.01,2.198,-0.286,-1.499,PATROL,26,21,2.529,0.003,-1.496,,2.147,-0.377,4.769
417.21,2.204,-0.367,-1.497,PATROL,26,21,2.535,-0.076,-1.493,,2.152,-0.458,4.772
417.41,2.210,-0.448,-1.495,PATROL,26,21,2.541,-0.155,-1.491,,2.156,-0.539,4.774
417.61,2.215,-0.515,-1.493,PATROL,26,21,2.547,-0.235,-1.489,,2.161,-0.607,4.776
417.81,2.221,-0.596,-1.491,PATROL,26,21,2.554,-0.314,-1.488,,2.166,-0.688,4.778
418.01,2.228,-0.677,-1.490,PATROL,26,21,2.561,-0.393,-1.487,,2.171,-0.769,4.779
418.21,2.235,-0.759,-1.489,PATROL,26,21,2.567,-0.473,-1.485,,2.177,-0.851,4.780
418.41,2.241,-0.840,-1.488,PATROL,26,21,2.574,-0.552,-1.484,,2.182,-0.932,4.781
418.61,2.248,-0.921,-1.487,PATROL,26,21,2.581,-0.632,-1.483,,2.188,-1.013,4.782
418.81,2.255,-1.002,-1.486,PATROL,26,21,2.588,-0.712,-1.483,,2.194,-1.094,4.783
419.01,2.262,-1.083,-1.485,PATROL,27,22,2.595,-0.791,-1.482,,2.199,-1.176,4.783
419.21,2.267,-1.143,-1.462,PATROL,27,22,2.602,-0.861,-1.458,,2.204,-1.236,4.807
419.41,2.271,-1.174,-1.402,PATROL,27,22,2.606,-0.888,-1.398,,2.207,-1.267,4.867
419.61,2.274,-1.188,-1.294,PATROL,27,22,2.609,-0.902,-1.291,,2.210,-1.280,4.975
419.81,2.280,-1.205,-1.187,PATROL,27,22,2.615,-0.919,-1.183,,2.216,-1.298,5.082
420.01,2.291,-1.227,-1.078,PATROL,27,22,2.625,-0.941,-1.075,,2.226,-1.320,5.191
420.21,2.306,-1.252,-0.970,PATROL,27,22,2.641,-0.965,-0.967,,2.241,-1.346,5.299
420.41,2.327,-1.280,-0.863,PATROL,27,22,2.662,-0.992,-0.860,,2.262,-1.373,5.406
420.61,2.355,-1.308,-0.754,PATROL,27,22,2.689,-1.020,-0.751,,2.289,-1.402,5.515
420.81,2.384,-1.332,-0.646,ALIGN,27,22,2.722,-1.048,-0.642,ball_1,2.317,-1.427,5.624
421.01,2.407,-1.349,-0.535,ALIGN,27,22,2.743,-1.062,-0.532,ball_1,2.340,-1.443,5.734
421.21,2.407,-1.349,-0.428,ALIGN,27,22,2.744,-1.063,-0.424,ball_1,2.341,-1.444,5.842
421.41,2.407,-1.349,-0.320,ALIGN,27,22,2.745,-1.063,-0.317,ball_1,2.341,-1.444,5.949
421.61,2.407,-1.349,-0.213,ALIGN,27,22,2.745,-1.063,-0.210,ball_1,2.341,-1.444,6.056
421.81,2.407,-1.349,-0.126,ALIGN,27,22,2.746,-1.063,-0.123,ball_1,2.341,-1.444,6.143
422.01,2.407,-1.349,-0.070,ALIGN,27,22,2.746,-1.063,-0.067,ball_1,2.341,-1.444,6.200
422.21,2.407,-1.349,-0.029,APPROACH,27,22,2.747,-1.062,-0.026,ball_1,2.341,-1.444,6.241
422.41,2.430,-1.349,0.036,APPROACH,27,22,2.766,-1.062,0.039,ball_8,2.364,-1.444,6.306
422.61,2.476,-1.346,0.062,APPROACH,27,22,2.819,-1.059,0.064,ball_8,2.409,-1.441,6.331
422.81,2.537,-1.342,0.059,APPROACH,27,22,2.879,-1.055,0.061,ball_8,2.471,-1.439,6.328
423.01,2.598,-1.339,0.057,APPROACH,27,22,2.938,-1.051,0.060,ball_8,2.532,-1.436,6.327
423.21,2.659,-1.335,0.056,APPROACH,27,22,2.998,-1.048,0.058,ball_8,2.593,-1.433,6.325
423.41,2.720,-1.332,0.055,APPROACH,27,22,3.058,-1.044,0.057,ball_8,2.654,-1.431,6.324
423.61,2.781,-1.329,0.054,APPROACH,27,22,3.118,-1.041,0.056,ball_8,2.716,-1.428,6.323
423.81,2.842,-1.325,0.053,APPROACH,27,22,3.178,-1.038,0.055,ball_8,2.777,-1.426,6.322
424.01,2.904,-1.322,0.052,APPROACH,27,22,3.238,-1.034,0.054,ball_8,2.838,-1.424,6.321
424.21,2.954,-1.320,0.051,APPROACH,27,22,3.298,-1.031,0.053,ball_8,2.889,-1.422,6.320
424.41,3.016,-1.316,0.050,APPROACH,27,22,3.358,-1.028,0.053,ball_8,2.950,-1.420,6.319
424.61,3.077,-1.313,0.049,APPROACH,27,22,3.418,-1.025,0.052,ball_8,3.011,-1.417,6.319
424.81,3.138,-1.310,0.049,APPROACH,27,22,3.477,-1.022,0.051,ball_8,3.073,-1.415,6.318
425.01,3.199,-1.307,0.048,APPROACH,27,22,3.537,-1.019,0.050,ball_8,3.134,-1.413,6.317
425.21,3.260,-1.305,0.048,APPROACH,27,22,3.597,-1.016,0.050,ball_8,3.195,-1.411,6.317
425.41,3.321,-1.302,0.047,APPROACH,27,22,3.657,-1.013,0.049,ball_8,3.256,-1.409,6.316
425.61,3.382,-1.299,0.047,APPROACH,27,22,3.717,-1.010,0.049,ball_8,3.317,-1.407,6.316
425.81,3.433,-1.296,0.046,APPROACH,27,22,3.777,-1.007,0.049,ball_1,3.368,-1.405,6.315
426.01,3.494,-1.294,0.046,APPROACH,27,22,3.837,-1.004,0.048,ball_1,3.429,-1.403,6.315
426.21,3.556,-1.291,0.045,APPROACH,27,22,3.897,-1.001,0.048,ball_1,3.491,-1.401,6.314
426.41,3.617,-1.288,0.045,APPROACH,27,22,3.957,-0.998,0.047,ball_1,3.552,-1.400,6.314
426.61,3.678,-1.285,0.044,APPROACH,27,22,4.017,-0.996,0.047,ball_1,3.613,-1.398,6.314
426.81,3.739,-1.283,0.044,APPROACH,27,22,4.076,-0.993,0.046,ball_1,3.674,-1.396,6.313
427.01,3.800,-1.280,0.044,APPROACH,27,22,4.137,-0.990,0.046,ball_1,3.735,-1.394,6.313
427.21,3.861,-1.277,0.043,APPROACH,27,22,4.196,-0.987,0.046,ball_1,3.797,-1.392,6.312
427.41,3.912,-1.275,0.043,APPROACH,27,22,4.256,-0.985,0.045,ball_1,3.848,-1.391,6.312
427.61,3.973,-1.273,0.042,APPROACH,27,22,4.316,-0.982,0.045,ball_1,3.909,-1.389,6.311
427.81,4.035,-1.270,0.042,APPROACH,27,22,4.376,-0.979,0.044,ball_8,3.970,-1.387,6.311
428.01,4.096,-1.267,0.041,APPROACH,27,22,4.436,-0.977,0.044,ball_8,4.031,-1.386,6.310
428.21,4.157,-1.265,0.040,APPROACH,27,22,4.496,-0.974,0.043,ball_8,4.093,-1.384,6.310
428.41,4.218,-1.262,0.040,APPROACH,27,22,4.556,-0.971,0.042,ball_8,4.154,-1.382,6.309
428.61,4.279,-1.260,0.039,APPROACH,27,22,4.616,-0.969,0.041,ball_8,4.215,-1.381,6.308
428.81,4.340,-1.258,0.038,APPROACH,27,22,4.676,-0.967,0.040,ball_8,4.276,-1.379,6.307
429.01,4.401,-1.255,0.037,APPROACH,27,22,4.736,-0.964,0.039,ball_1,4.337,-1.378,6.306
429.21,4.452,-1.253,0.043,APPROACH,27,22,4.796,-0.962,0.046,,4.388,-1.377,6.312
429.41,4.514,-1.251,0.050,BLIND_DASH,27,22,4.855,-0.959,0.053,,4.449,-1.375,6.319
429.61,4.575,-1.247,0.054,BLIND_DASH,27,22,4.915,-0.955,0.057,,4.511,-1.372,6.323
429.81,4.636,-1.244,0.054,BLIND_DASH,27,22,4.975,-0.952,0.057,,4.572,-1.370,6.324
430.01,4.697,-1.241,0.055,BLIND_DASH,27,22,5.035,-0.949,0.057,,4.633,-1.367,6.324
430.21,4.758,-1.237,0.055,BLIND_DASH,27,22,5.095,-0.945,0.058,,4.694,-1.365,6.325
430.41,4.819,-1.234,0.056,BLIND_DASH,27,22,5.155,-0.942,0.058,,4.755,-1.362,6.325
430.61,4.880,-1.231,0.056,BLIND_DASH,27,22,5.215,-0.938,0.059,,4.816,-1.360,6.325
430.81,4.931,-1.228,0.056,BLIND_DASH,27,22,5.274,-0.935,0.059,,4.867,-1.357,6.326
431.01,4.992,-1.224,0.057,BLIND_DASH,27,22,5.334,-0.931,0.059,,4.929,-1.355,6.326
431.21,5.053,-1.221,0.057,BLIND_DASH,27,22,5.394,-0.928,0.060,,4.990,-1.352,6.326
431.41,5.114,-1.217,0.058,PATROL,27,22,5.454,-0.924,0.060,,5.051,-1.350,6.327
431.61,5.175,-1.214,0.058,PATROL,28,23,5.514,-0.920,0.060,,5.112,-1.347,6.327
431.81,5.248,-1.210,0.040,PATROL,28,23,5.585,-0.917,0.042,,5.185,-1.344,6.309
432.01,5.325,-1.208,0.018,PATROL,28,23,5.660,-0.914,0.021,,5.261,-1.343,6.287
432.21,5.402,-1.207,0.001,PATROL,28,23,5.736,-0.913,0.003,,5.339,-1.344,6.270
432.41,5.467,-1.208,-0.014,PATROL,28,23,5.812,-0.914,-0.011,,5.404,-1.345,6.256
432.61,5.546,-1.209,-0.025,PATROL,28,23,5.889,-0.915,-0.023,,5.483,-1.347,6.244
432.81,5.625,-1.211,-0.035,PATROL,28,23,5.967,-0.917,-0.032,,5.562,-1.351,6.234
433.01,5.705,-1.215,-0.042,PATROL,28,23,6.045,-0.920,-0.040,,5.641,-1.355,6.227
433.21,5.785,-1.218,-0.050,PATROL,28,23,6.123,-0.924,-0.047,,5.721,-1.360,6.219
433.41,5.865,-1.223,-0.057,PATROL,28,23,6.202,-0.927,-0.055,,5.801,-1.365,6.212
433.61,5.945,-1.227,-0.063,PATROL,28,23,6.281,-0.932,-0.060,,5.882,-1.371,6.207
433.81,6.026,-1.233,-0.067,PATROL,28,23,6.360,-0.937,-0.065,,5.963,-1.378,6.202
434.01,6.107,-1.238,-0.071,PATROL,28,23,6.438,-0.942,-0.068,,6.043,-1.384,6.198
434.21,6.174,-1.243,-0.074,PATROL,28,23,6.518,-0.947,-0.071,,6.111,-1.390,6.196
434.41,6.255,-1.249,-0.076,PATROL,28,23,6.597,-0.953,-0.074,,6.192,-1.397,6.193
434.61,6.337,-1.255,-0.078,PATROL,28,23,6.676,-0.958,-0.076,,6.273,-1.405,6.191
434.81,6.418,-1.262,-0.079,PATROL,28,23,6.756,-0.964,-0.077,,6.354,-1.412,6.190
435.01,6.499,-1.268,-0.081,PATROL,28,23,6.835,-0.970,-0.078,,6.436,-1.420,6.188
435.21,6.580,-1.275,-0.082,PATROL,28,23,6.915,-0.976,-0.079,,6.517,-1.428,6.188
435.41,6.662,-1.282,-0.082,PATROL,28,23,6.994,-0.983,-0.080,,6.598,-1.436,6.187
435.61,6.743,-1.288,-0.083,PATROL,28,23,7.074,-0.989,-0.080,,6.679,-1.443,6.186
435.81,6.810,-1.294,-0.083,PATROL,28,23,7.153,-0.995,-0.081,,6.746,-1.450,6.186
436.01,6.892,-1.301,-0.083,PATROL,28,23,7.232,-1.001,-0.081,,6.827,-1.458,6.186
436.21,6.973,-1.308,-0.084,PATROL,28,23,7.311,-1.008,-0.081,,6.908,-1.466,6.186
436.41,7.054,-1.314,-0.083,PATROL,28,23,7.391,-1.014,-0.081,,6.989,-1.474,6.186
436.61,7.135,-1.321,-0.083,PATROL,28,23,7.470,-1.020,-0.081,,7.070,-1.482,6.186
436.81,7.216,-1.328,-0.083,PATROL,28,23,7.549,-1.026,-0.081,,7.151,-1.490,6.186
437.01,7.296,-1.335,-0.082,PATROL,28,23,7.628,-1.033,-0.080,,7.232,-1.497,6.187
437.21,7.377,-1.341,-0.082,PATROL,28,23,7.707,-1.039,-0.079,,7.313,-1.505,6.187
437.41,7.445,-1.347,-0.081,PATROL,28,23,7.786,-1.045,-0.079,,7.380,-1.512,6.188
437.61,7.526,-1.353,-0.080,PATROL,28,23,7.865,-1.051,-0.078,,7.461,-1.519,6.189
437.81,7.606,-1.360,-0.079,PATROL,29,24,7.945,-1.057,-0.076,,7.542,-1.527,6.190
438.01,7.683,-1.366,-0.069,PATROL,29,24,8.020,-1.062,-0.066,,7.619,-1.534,6.200
438.21,7.762,-1.370,-0.056,PATROL,29,24,8.096,-1.067,-0.054,,7.697,-1.540,6.213
438.41,7.840,-1.374,-0.046,PATROL,29,24,8.174,-1.071,-0.044,,7.776,-1.545,6.223
438.61,7.920,-1.378,-0.038,PATROL,29,24,8.251,-1.073,-0.035,,7.855,-1.549,6.231
438.81,7.999,-1.380,-0.031,PATROL,29,24,8.329,-1.076,-0.028,,7.934,-1.553,6.238
439.01,8.079,-1.383,-0.025,PATROL,29,24,8.407,-1.078,-0.023,,8.014,-1.557,6.244
439.21,8.146,-1.384,-0.021,PATROL,29,24,8.486,-1.079,-0.019,,8.081,-1.559,6.248
439.41,8.226,-1.386,-0.017,PATROL,29,24,8.564,-1.080,-0.015,,8.161,-1.562,6.252
439.61,8.307,-1.387,-0.015,PATROL,29,24,8.643,-1.081,-0.013,,8.242,-1.564,6.254
439.81,8.387,-1.388,-0.013,PATROL,29,24,8.722,-1.082,-0.010,,8.322,-1.567,6.256
440.01,8.468,-1.389,-0.011,PATROL,29,24,8.801,-1.083,-0.009,,8.403,-1.569,6.258
440.21,8.549,-1.390,-0.009,PATROL,29,24,8.880,-1.084,-0.007,,8.484,-1.571,6.260
440.41,8.629,-1.391,-0.007,PATROL,29,24,8.959,-1.084,-0.005,,8.565,-1.572,6.262
440.61,8.710,-1.391,-0.005,PATROL,29,24,9.038,-1.084,-0.003,,8.645,-1.574,6.264
440.81,8.778,-1.391,-0.003,PATROL,29,24,9.117,-1.084,-0.001,,8.713,-1.575,6.266
441.01,8.859,-1.392,-0.002,PATROL,29,24,9.196,-1.084,0.001,,8.794,-1.577,6.268
441.21,8.940,-1.392,0.000,PATROL,29,24,9.276,-1.084,0.003,,8.875,-1.578,6.269
441.41,9.021,-1.392,0.001,PATROL,29,24,9.355,-1.084,0.004,,8.956,-1.579,6.271
441.61,9.102,-1.391,0.003,PATROL,29,24,9.435,-1.083,0.005,,9.037,-1.580,6.272
441.81,9.183,-1.391,0.004,PATROL,29,24,9.514,-1.083,0.007,,9.118,-1.581,6.273
442.01,9.264,-1.391,0.006,PATROL,29,24,9.593,-1.082,0.008,,9.200,-1.581,6.275
442.21,9.346,-1.390,0.007,PATROL,29,24,9.673,-1.081,0.010,,9.281,-1.582,6.276
442.41,9.413,-1.390,0.009,PATROL,29,24,9.753,-1.081,0.011,,9.349,-1.582,6.278
442.61,9.495,-1.389,0.010,PATROL,29,24,9.833,-1.080,0.013,,9.430,-1.583,6.279
442.81,9.576,-1.388,0.011,PATROL,29,24,9.912,-1.079,0.014,,9.512,-1.583,6.280
443.01,9.658,-1.387,0.012,PATROL,29,24,9.992,-1.078,0.015,,9.593,-1.583,6.281
443.21,9.739,-1.386,0.013,PATROL,29,24,10.072,-1.076,0.015,,9.675,-1.583,6.282
443.41,9.821,-1.385,0.013,PATROL,29,24,10.152,-1.075,0.016,,9.757,-1.583,6.282
443.61,9.903,-1.384,0.014,PATROL,29,24,10.232,-1.074,0.016,,9.838,-1.584,6.283
443.81,9.984,-1.383,0.014,PATROL,29,24,10.312,-1.073,0.016,,9.920,-1.584,6.283
444.01,10.066,-1.382,0.014,PATROL,29,24,10.392,-1.071,0.016,,10.001,-1.584,6.283
444.21,10.133,-1.381,0.014,PATROL,29,24,10.472,-1.070,0.016,,10.069,-1.584,6.283
444.41,10.215,-1.380,0.014,PATROL,29,24,10.552,-1.069,0.016,,10.151,-1.584,6.283
444.61,10.296,-1.378,0.014,PATROL,29,24,10.631,-1.067,0.016,,10.232,-1.584,6.283
444.81,10.378,-1.377,0.014,PATROL,30,20,10.711,-1.066,0.016,,10.314,-1.584,6.283
445.01,10.435,-1.376,0.023,PATROL,30,20,10.767,-1.065,0.026,,10.371,-1.583,6.292
445.21,10.454,-1.376,0.010,PATROL,30,20,10.787,-1.065,0.012,,10.390,-1.583,6.279
445.41,10.458,-1.376,-0.094,PATROL,30,20,10.791,-1.065,-0.092,,10.394,-1.583,6.175
445.61,10.468,-1.377,-0.204,PATROL,30,20,10.799,-1.066,-0.202,,10.403,-1.585,6.065
445.81,10.479,-1.381,-0.314,PATROL,30,20,10.812,-1.070,-0.312,,10.415,-1.588,5.955
446.01,10.497,-1.387,-0.424,PATROL,30,20,10.830,-1.076,-0.422,,10.433,-1.595,5.845
446.21,10.519,-1.399,-0.534,PATROL,30,20,10.852,-1.088,-0.531,,10.455,-1.607,5.735
446.41,10.544,-1.415,-0.644,PATROL,30,20,10.876,-1.104,-0.641,,10.480,-1.624,5.625
446.61,10.571,-1.438,-0.753,PATROL,30,20,10.903,-1.126,-0.751,,10.506,-1.647,5.515
446.81,10.599,-1.468,-0.863,PATROL,30,20,10.930,-1.155,-0.860,,10.534,-1.677,5.406
447.01,10.627,-1.505,-0.971,PATROL,30,20,10.958,-1.190,-0.969,,10.562,-1.715,5.298
447.21,10.654,-1.549,-1.080,PATROL,30,20,10.983,-1.232,-1.078,,10.587,-1.759,5.189
447.41,10.674,-1.591,-1.186,PATROL,30,20,11.006,-1.281,-1.184,,10.607,-1.802,5.083
447.61,10.694,-1.648,-1.273,PATROL,30,20,11.026,-1.337,-1.271,,10.626,-1.859,4.995
447.81,10.711,-1.711,-1.343,PATROL,30,20,11.042,-1.398,-1.341,,10.642,-1.922,4.925
448.01,10.725,-1.777,-1.401,PATROL,30,20,11.055,-1.464,-1.399,,10.655,-1.989,4.868
448.21,10.735,-1.847,-1.447,PATROL,30,20,11.066,-1.532,-1.445,,10.664,-2.059,4.822
448.41,10.743,-1.920,-1.484,PATROL,30,20,11.073,-1.603,-1.482,,10.671,-2.132,4.784
448.61,10.748,-1.994,-1.515,PATROL,30,20,11.078,-1.675,-1.513,,10.675,-2.206,4.753
448.81,10.751,-2.070,-1.540,PATROL,30,20,11.082,-1.750,-1.538,,10.677,-2.282,4.728
449.01,10.752,-2.147,-1.561,PATROL,30,20,11.083,-1.825,-1.558,,10.677,-2.358,4.708
449.21,10.752,-2.211,-1.578,PATROL,30,20,11.084,-1.900,-1.575,,10.676,-2.423,4.691
449.41,10.751,-2.289,-1.591,PATROL,30,20,11.083,-1.977,-1.589,,10.674,-2.501,4.677
449.61,10.749,-2.368,-1.603,PATROL,30,20,11.081,-2.054,-1.600,,10.671,-2.580,4.666
449.81,10.746,-2.447,-1.612,PATROL,30,20,11.078,-2.132,-1.610,,10.667,-2.659,4.657
450.01,10.743,-2.527,-1.620,PATROL,30,20,11.075,-2.210,-1.618,,10.662,-2.739,4.649
450.21,10.739,-2.607,-1.628,PATROL,30,20,11.071,-2.288,-1.625,,10.657,-2.819,4.641
450.41,10.734,-2.687,-1.635,PATROL,30,20,11.066,-2.367,-1.632,,10.650,-2.899,4.634
450.61,10.728,-2.767,-1.640,PATROL,30,20,11.062,-2.445,-1.638,,10.644,-2.979,4.628
450.81,10.723,-2.835,-1.645,PATROL,30,20,11.056,-2.524,-1.643,,10.638,-3.046,4.624
451.01,10.717,-2.915,-1.649,PATROL,30,20,11.050,-2.603,-1.646,,10.631,-3.127,4.620
451.21,10.711,-2.996,-1.652,PATROL,30,20,11.045,-2.682,-1.649,,10.623,-3.208,4.617
451.41,10.704,-3.077,-1.654,PATROL,30,20,11.038,-2.762,-1.652,,10.615,-3.289,4.614
451.61,10.697,-3.158,-1.656,PATROL,30,20,11.032,-2.841,-1.654,,10.607,-3.370,4.612
451.81,10.690,-3.240,-1.658,PATROL,30,20,11.025,-2.920,-1.656,,10.599,-3.451,4.610
452.01,10.683,-3.321,-1.659,PATROL,30,20,11.019,-3.000,-1.657,,10.591,-3.532,4.609
452.21,10.676,-3.402,-1.661,PATROL,30,20,11.012,-3.079,-1.658,,10.582,-3.613,4.608
452.41,10.670,-3.470,-1.661,PATROL,30,20,11.005,-3.159,-1.659,,10.575,-3.681,4.607
452.61,10.662,-3.551,-1.662,PATROL,30,20,10.998,-3.238,-1.660,,10.566,-3.762,4.606
452.81,10.655,-3.632,-1.662,PATROL,30,20,10.991,-3.317,-1.660,,10.558,-3.843,4.606
453.01,10.648,-3.713,-1.662,PATROL,30,20,10.984,-3.396,-1.660,,10.549,-3.924,4.606
453.21,10.640,-3.794,-1.662,PATROL,30,20,10.977,-3.476,-1.660,,10.540,-4.004,4.606
453.41,10.633,-3.875,-1.662,PATROL,31,19,10.970,-3.555,-1.660,,10.532,-4.085,4.607
453.61,10.628,-3.920,-1.716,PATROL,31,19,10.965,-3.601,-1.714,,10.526,-4.131,4.553
453.81,10.625,-3.935,-1.807,PATROL,31,19,10.962,-3.616,-1.805,,10.523,-4.146,4.462
454.01,10.620,-3.952,-1.916,PATROL,31,19,10.958,-3.632,-1.915,,10.518,-4.162,4.352
454.21,10.612,-3.969,-2.026,PATROL,31,19,10.949,-3.651,-2.025,,10.510,-4.179,4.242
454.41,10.599,-3.993,-2.136,PATROL,31,19,10.936,-3.675,-2.134,,10.496,-4.203,4.132
454.61,10.580,-4.019,-2.246,PATROL,31,19,10.918,-3.701,-2.244,,10.477,-4.229,4.022
454.81,10.555,-4.048,-2.356,PATROL,31,19,10.893,-3.729,-2.354,,10.451,-4.257,3.913
455.01,10.522,-4.077,-2.465,PATROL,31,19,10.861,-3.757,-2.464,,10.418,-4.286,3.803
455.21,10.483,-4.105,-2.574,PATROL,31,19,10.823,-3.784,-2.573,,10.378,-4.313,3.694
455.41,10.436,-4.131,-2.683,PATROL,31,19,10.778,-3.809,-2.682,,10.331,-4.339,3.585
455.61,10.382,-4.154,-2.780,PATROL,31,19,10.726,-3.832,-2.778,,10.276,-4.361,3.488
455.81,10.332,-4.171,-2.859,PATROL,31,19,10.668,-3.851,-2.857,,10.226,-4.377,3.409
456.01,10.268,-4.187,-2.923,PATROL,31,19,10.605,-3.868,-2.921,,10.162,-4.393,3.345
456.21,10.200,-4.201,-2.974,PATROL,31,19,10.539,-3.881,-2.972,,10.094,-4.405,3.294
456.41,10.129,-4.211,-3.016,PATROL,31,19,10.469,-3.891,-3.014,,10.023,-4.414,3.252
456.61,10.055,-4.219,-3.051,PATROL,31,19,10.398,-3.899,-3.048,,9.949,-4.421,3.217
456.81,9.981,-4.225,-3.078,PATROL,31,19,10.324,-3.905,-3.076,,9.875,-4.426,3.189
457.01,9.905,-4.229,-3.101,PATROL,31,19,10.250,-3.909,-3.099,,9.798,-4.428,3.167
457.21,9.828,-4.231,-3.120,PATROL,31,19,10.174,-3.911,-3.118,,9.721,-4.429,3.148
457.41,9.750,-4.232,-3.136,PATROL,31,19,10.098,-3.912,-3.133,,9.643,-4.429,3.132
457.61,9.684,-4.232,3.135,PATROL,31,19,10.021,-3.913,3.137,,9.578,-4.428,3.120
457.81,9.605,-4.231,3.124,PATROL,31,19,9.944,-3.912,3.127,,9.499,-4.426,3.109
458.01,9.526,-4.229,3.116,PATROL,31,19,9.866,-3.910,3.118,,9.419,-4.423,3.100
458.21,9.446,-4.227,3.109,PATROL,31,19,9.788,-3.908,3.111,,9.339,-4.420,3.093
458.41,9.366,-4.224,3.102,PATROL,31,19,9.710,-3.905,3.105,,9.259,-4.416,3.087
458.61,9.286,-4.221,3.096,PATROL,31,19,9.631,-3.902,3.098,,9.179,-4.411,3.081
458.81,9.205,-4.217,3.090,PATROL,31,19,9.552,-3.899,3.093,,9.098,-4.406,3.075
459.01,9.124,-4.212,3.086,PATROL,31,19,9.473,-3.895,3.088,,9.018,-4.400,3.070
459.21,9.057,-4.208,3.082,PATROL,31,19,9.394,-3.891,3.084,,8.951,-4.395,3.067
459.41,8.976,-4.204,3.079,PATROL,31,19,9.315,-3.886,3.081,,8.870,-4.389,3.063
459.61,8.895,-4.198,3.076,PATROL,31,19,9.236,-3.881,3.078,,8.789,-4.383,3.061
459.81,8.814,-4.193,3.074,PATROL,31,19,9.156,-3.876,3.077,,8.707,-4.376,3.059
460.01,8.732,-4.187,3.073,PATROL,31,19,9.077,-3.871,3.075,,8.626,-4.369,3.057
460.21,8.651,-4.182,3.071,PATROL,31,19,8.997,-3.866,3.074,,8.545,-4.362,3.056
460.41,8.570,-4.176,3.070,PATROL,31,19,8.917,-3.861,3.073,,8.463,-4.355,3.055
460.61,8.488,-4.170,3.069,PATROL,31,19,8.838,-3.855,3.072,,8.382,-4.348,3.054
460.81,8.421,-4.165,3.069,PATROL,31,19,8.758,-3.850,3.071,,8.315,-4.342,3.053
461.01,8.339,-4.159,3.068,PATROL,31,19,8.679,-3.844,3.071,,8.233,-4.335,3.053
461.21,8.258,-4.153,3.068,PATROL,31,19,8.600,-3.839,3.071,,8.153,-4.328,3.053
461.41,8.177,-4.147,3.068,PATROL,31,19,8.520,-3.833,3.071,,8.072,-4.320,3.053
461.61,8.096,-4.141,3.069,PATROL,32,18,8.441,-3.828,3.071,,7.991,-4.313,3.054
461.81,8.020,-4.136,3.060,PATROL,32,18,8.366,-3.822,3.062,,7.914,-4.306,3.044
462.01,7.943,-4.130,3.074,PATROL,32,18,8.290,-3.817,3.077,,7.837,-4.299,3.059
462.21,7.864,-4.125,3.087,ALIGN,32,18,8.213,-3.813,3.090,ball_6,7.759,-4.294,3.072
462.41,7.817,-4.123,3.101,ALIGN,32,18,8.158,-3.810,3.104,ball_6,7.711,-4.290,3.086
462.61,7.796,-4.122,3.104,ALIGN,32,18,8.141,-3.810,3.106,ball_10,7.691,-4.289,3.089
462.81,7.796,-4.122,3.041,ALIGN,32,18,8.141,-3.810,3.044,ball_10,7.690,-4.289,3.026
463.01,7.796,-4.122,2.996,APPROACH,32,18,8.141,-3.810,2.999,ball_10,7.690,-4.289,2.981
463.21,7.791,-4.121,2.943,APPROACH,32,18,8.136,-3.809,2.945,ball_2,7.685,-4.288,2.928
463.41,7.752,-4.112,2.881,APPROACH,32,18,8.098,-3.800,2.883,ball_2,7.647,-4.278,2.866
463.61,7.694,-4.096,2.887,APPROACH,32,18,8.041,-3.785,2.890,ball_2,7.589,-4.262,2.872
463.81,7.635,-4.081,2.889,APPROACH,32,18,7.983,-3.770,2.892,ball_2,7.530,-4.246,2.874
464.01,7.575,-4.066,2.892,APPROACH,32,18,7.925,-3.756,2.895,ball_2,7.471,-4.230,2.877
464.21,7.526,-4.053,2.894,APPROACH,32,18,7.867,-3.741,2.897,ball_2,7.421,-4.216,2.879
464.41,7.467,-4.038,2.896,APPROACH,32,18,7.809,-3.727,2.899,ball_2,7.362,-4.201,2.881
464.61,7.407,-4.024,2.898,APPROACH,32,18,7.751,-3.713,2.901,ball_2,7.303,-4.185,2.883
464.81,7.348,-4.009,2.900,APPROACH,32,18,7.693,-3.699,2.902,ball_2,7.244,-4.169,2.884
465.01,7.288,-3.994,2.901,APPROACH,32,18,7.635,-3.684,2.904,ball_2,7.185,-4.154,2.886
465.21,7.229,-3.980,2.902,APPROACH,32,18,7.577,-3.671,2.905,ball_2,7.125,-4.138,2.887
465.41,7.169,-3.965,2.904,APPROACH,32,18,7.519,-3.657,2.906,ball_2,7.066,-4.123,2.888
465.61,7.110,-3.951,2.905,APPROACH,32,18,7.460,-3.643,2.907,ball_2,7.007,-4.108,2.889
465.81,7.060,-3.939,2.906,APPROACH,32,18,7.402,-3.629,2.908,ball_2,6.957,-4.095,2.890
466.01,7.001,-3.925,2.906,APPROACH,32,18,7.344,-3.615,2.909,ball_2,6.898,-4.080,2.891
466.21,6.941,-3.910,2.907,APPROACH,32,18,7.286,-3.602,2.909,ball_2,6.839,-4.064,2.891
466.41,6.882,-3.896,2.907,APPROACH,32,18,7.227,-3.588,2.910,ball_13,6.779,-4.049,2.892
466.61,6.822,-3.882,2.908,APPROACH,32,18,7.169,-3.574,2.911,ball_13,6.720,-4.034,2.893
466.81,6.763,-3.868,2.909,APPROACH,32,18,7.111,-3.561,2.912,ball_2,6.661,-4.019,2.894
467.01,6.703,-3.854,2.910,APPROACH,32,18,7.052,-3.547,2.912,ball_2,6.601,-4.004,2.894
467.21,6.644,-3.840,2.910,APPROACH,32,18,6.994,-3.533,2.913,ball_2,6.542,-3.989,2.895
467.41,6.594,-3.828,2.911,APPROACH,32,18,6.936,-3.520,2.913,ball_2,6.493,-3.977,2.895
467.61,6.534,-3.814,2.911,APPROACH,32,18,6.877,-3.506,2.914,ball_2,6.433,-3.962,2.896
467.81,6.475,-3.800,2.911,APPROACH,32,18,6.819,-3.493,2.914,ball_2,6.374,-3.947,2.896
468.01,6.415,-3.786,2.912,APPROACH,32,18,6.760,-3.479,2.915,ball_2,6.314,-3.932,2.896
468.21,6.356,-3.772,2.912,APPROACH,32,18,6.702,-3.466,2.915,ball_2,6.255,-3.917,2.897
468.41,6.296,-3.758,2.912,APPROACH,32,18,6.643,-3.452,2.915,ball_2,6.196,-3.902,2.897
468.61,6.236,-3.744,2.913,APPROACH,32,18,6.585,-3.439,2.915,ball_2,6.136,-3.887,2.897
468.81,6.177,-3.730,2.913,APPROACH,32,18,6.527,-3.426,2.915,ball_2,6.077,-3.873,2.897
469.01,6.117,-3.717,2.913,APPROACH,32,18,6.469,-3.413,2.916,ball_2,6.017,-3.858,2.897
469.21,6.068,-3.705,2.913,APPROACH,32,18,6.410,-3.399,2.916,ball_2,5.968,-3.846,2.897
469.41,6.008,-3.691,2.913,APPROACH,32,18,6.352,-3.386,2.916,ball_2,5.909,-3.831,2.898
469.61,5.948,-3.677,2.913,APPROACH,32,18,6.294,-3.373,2.916,ball_2,5.849,-3.816,2.898
469.81,5.889,-3.663,2.913,APPROACH,32,18,6.235,-3.359,2.916,ball_2,5.790,-3.801,2.898
470.01,5.829,-3.649,2.913,APPROACH,32,18,6.177,-3.346,2.916,ball_2,5.730,-3.786,2.898
470.21,5.769,-3.636,2.913,APPROACH,32,18,6.119,-3.333,2.916,ball_2,5.671,-3.772,2.898
470.41,5.710,-3.622,2.913,APPROACH,32,18,6.060,-3.320,2.916,ball_2,5.611,-3.757,2.898
470.61,5.650,-3.608,2.913,APPROACH,32,18,6.002,-3.306,2.916,ball_2,5.552,-3.742,2.898
470.81,5.601,-3.596,2.914,APPROACH,32,18,5.944,-3.293,2.917,ball_2,5.502,-3.730,2.898
471.01,5.541,-3.583,2.914,APPROACH,32,18,5.886,-3.280,2.917,ball_2,5.443,-3.715,2.898
471.21,5.481,-3.569,2.914,APPROACH,32,18,5.827,-3.267,2.917,ball_2,5.384,-3.700,2.898
471.41,5.422,-3.555,2.914,APPROACH,32,18,5.769,-3.254,2.917,,5.324,-3.686,2.899
471.61,5.362,-3.541,2.916,APPROACH,32,18,5.711,-3.241,2.919,,5.265,-3.671,2.900
471.81,5.302,-3.528,2.917,BLIND_DASH,32,18,5.652,-3.227,2.920,,5.205,-3.656,2.901
472.01,5.243,-3.514,2.916,BLIND_DASH,32,18,5.594,-3.214,2.919,,5.146,-3.642,2.901
472.21,5.183,-3.500,2.915,BLIND_DASH,32,18,5.536,-3.201,2.918,,5.086,-3.627,2.900
472.41,5.133,-3.489,2.915,BLIND_DASH,32,18,5.477,-3.188,2.918,,5.037,-3.615,2.899
472.61,5.074,-3.475,2.914,BLIND_DASH,32,18,5.419,-3.175,2.917,,4.977,-3.600,2.899
472.81,5.014,-3.461,2.913,BLIND_DASH,32,18,5.361,-3.162,2.916,,4.918,-3.585,2.898
473.01,4.955,-3.447,2.912,BLIND_DASH,32,18,5.302,-3.148,2.915,,4.859,-3.571,2.897
473.21,4.895,-3.433,2.912,BLIND_DASH,32,18,5.244,-3.135,2.915,,4.799,-3.556,2.896
473.41,4.835,-3.419,2.911,BLIND_DASH,32,18,5.186,-3.122,2.914,,4.740,-3.541,2.896
473.61,4.776,-3.405,2.910,BLIND_DASH,32,18,5.128,-3.108,2.913,,4.680,-3.526,2.895
473.81,4.716,-3.391,2.910,PATROL,32,18,5.070,-3.095,2.913,,4.621,-3.511,2.894
474.01,4.679,-3.382,2.913,PATROL,32,18,5.030,-3.086,2.916,,4.584,-3.502,2.898
474.21,4.672,-3.381,2.968,PATROL,32,18,5.022,-3.084,2.971,,4.577,-3.500,2.952
474.41,4.672,-3.381,3.075,PATROL,32,18,5.021,-3.084,3.078,,4.577,-3.500,3.060
474.61,4.672,-3.381,-3.100,PATROL,32,18,5.021,-3.084,-3.097,,4.577,-3.500,3.168
474.81,4.672,-3.381,-2.992,PATROL,32,18,5.020,-3.084,-2.989,,4.577,-3.500,3.276
475.01,4.672,-3.381,-2.885,PATROL,32,18,5.020,-3.085,-2.881,,4.577,-3.500,3.383
475.21,4.672,-3.381,-2.777,PATROL,32,18,5.019,-3.085,-2.774,,4.577,-3.500,3.491
475.41,4.672,-3.381,-2.670,PATROL,32,18,5.019,-3.085,-2.667,,4.577,-3.500,3.598
475.61,4.671,-3.382,-2.563,PATROL,32,18,5.018,-3.086,-2.560,,4.576,-3.501,3.705
475.81,4.668,-3.385,-2.457,PATROL,32,18,5.013,-3.090,-2.454,,4.572,-3.503,3.812
476.01,4.660,-3.392,-2.350,PATROL,32,18,5.004,-3.098,-2.347,,4.564,-3.510,3.918
476.21,4.649,-3.403,-2.243,PATROL,32,18,4.994,-3.110,-2.241,,4.554,-3.522,4.026
476.41,4.637,-3.420,-2.136,PATROL,32,18,4.982,-3.127,-2.134,,4.542,-3.539,4.132
476.61,4.625,-3.442,-2.028,PATROL,32,18,4.970,-3.149,-2.026,,4.529,-3.560,4.240
476.81,4.614,-3.469,-1.919,PATROL,32,18,4.959,-3.175,-1.916,,4.517,-3.587,4.350
477.01,4.604,-3.501,-1.809,PATROL,32,18,4.950,-3.206,-1.806,,4.507,-3.619,4.460
477.21,4.598,-3.538,-1.698,PATROL,32,18,4.943,-3.242,-1.696,,4.500,-3.656,4.570
477.41,4.595,-3.572,-1.589,PATROL,32,18,4.941,-3.283,-1.586,,4.497,-3.689,4.680
477.61,4.596,-3.615,-1.480,PATROL,32,18,4.942,-3.325,-1.477,,4.498,-3.733,4.789
477.81,4.603,-3.664,-1.371,PATROL,32,18,4.950,-3.372,-1.369,,4.504,-3.782,4.897
478.01,4.616,-3.714,-1.262,PATROL,32,18,4.963,-3.422,-1.260,,4.516,-3.832,5.006
478.21,4.635,-3.764,-1.157,PATROL,32,18,4.982,-3.471,-1.155,,4.534,-3.882,5.112
478.41,4.661,-3.816,-1.060,PATROL,32,18,5.007,-3.522,-1.059,,4.560,-3.935,5.209
478.61,4.694,-3.868,-0.973,PATROL,32,18,5.039,-3.573,-0.971,,4.591,-3.988,5.296
478.81,4.731,-3.919,-0.893,PATROL,32,18,5.076,-3.622,-0.892,,4.628,-4.039,5.376
479.01,4.774,-3.967,-0.819,PATROL,32,18,5.117,-3.670,-0.818,,4.670,-4.088,5.449
479.21,4.812,-4.005,-0.750,PATROL,33,17,5.163,-3.715,-0.748,,4.708,-4.127,5.518
479.41,4.856,-4.044,-0.670,PATROL,33,17,5.205,-3.752,-0.668,,4.752,-4.166,5.599
479.61,4.877,-4.059,-0.620,PATROL,33,17,5.224,-3.766,-0.618,,4.772,-4.182,5.649
479.81,4.881,-4.063,-0.697,PATROL,33,17,5.228,-3.769,-0.696,,4.776,-4.185,5.572
480.01,4.881,-4.062,-0.807,PATROL,33,17,5.228,-3.769,-0.806,,4.776,-4.185,5.462
480.21,4.881,-4.062,-0.917,PATROL,33,17,5.228,-3.769,-0.916,,4.776,-4.185,5.352
480.41,4.881,-4.062,-1.027,PATROL,33,17,5.228,-3.769,-1.026,,4.776,-4.185,5.241
480.61,4.881,-4.062,-1.137,PATROL,33,17,5.228,-3.768,-1.136,,4.776,-4.185,5.131
480.81,4.881,-4.062,-1.248,PATROL,33,17,5.227,-3.768,-1.246,,4.776,-4.185,5.021
481.01,4.881,-4.062,-1.358,PATROL,33,17,5.227,-3.768,-1.357,,4.776,-4.185,4.911
481.21,4.881,-4.062,-1.468,PATROL,33,17,5.227,-3.768,-1.467,,4.776,-4.185,4.800
481.41,4.881,-4.062,-1.579,PATROL,33,17,5.227,-3.768,-1.577,,4.776,-4.185,4.690
481.61,4.881,-4.065,-1.689,PATROL,33,17,5.227,-3.770,-1.687,,4.776,-4.188,4.580
481.81,4.879,-4.074,-1.798,PATROL,33,17,5.226,-3.778,-1.797,,4.774,-4.196,4.470
482.01,4.875,-4.088,-1.909,PATROL,33,17,5.222,-3.791,-1.907,,4.770,-4.210,4.360
482.21,4.868,-4.106,-2.019,PATROL,33,17,5.215,-3.808,-2.017,,4.762,-4.228,4.250
482.41,4.858,-4.124,-2.129,PATROL,33,17,5.203,-3.829,-2.127,,4.752,-4.246,4.140
482.61,4.841,-4.148,-2.239,PATROL,33,17,5.186,-3.853,-2.237,,4.735,-4.269,4.030
482.81,4.818,-4.174,-2.348,PATROL,33,17,5.163,-3.879,-2.347,,4.711,-4.295,3.920
483.01,4.788,-4.201,-2.457,PATROL,33,17,5.134,-3.905,-2.456,,4.681,-4.322,3.811
483.21,4.751,-4.228,-2.566,PATROL,33,17,5.099,-3.931,-2.565,,4.644,-4.348,3.702
483.41,4.707,-4.253,-2.675,PATROL,33,17,5.057,-3.956,-2.674,,4.599,-4.373,3.593
483.61,4.656,-4.276,-2.782,PATROL,33,17,5.008,-3.977,-2.780,,4.548,-4.394,3.486
483.81,4.598,-4.294,-2.871,PATROL,33,17,4.952,-3.995,-2.869,,4.490,-4.412,3.397
484.01,4.535,-4.309,-2.944,PATROL,33,17,4.891,-4.010,-2.942,,4.427,-4.426,3.324
484.21,4.480,-4.318,-3.002,PATROL,33,17,4.826,-4.021,-3.001,,4.371,-4.434,3.266
484.41,4.410,-4.326,-3.050,PATROL,33,17,4.757,-4.029,-3.049,,4.301,-4.441,3.218
484.61,4.338,-4.331,-3.089,PATROL,33,17,4.687,-4.034,-3.088,,4.229,-4.445,3.179
484.81,4.264,-4.334,-3.121,PATROL,33,17,4.614,-4.037,-3.120,,4.155,-4.447,3.147
485.01,4.189,-4.335,3.135,PATROL,33,17,4.540,-4.037,3.137,,4.079,-4.446,3.120
485.21,4.112,-4.333,3.114,PATROL,33,17,4.466,-4.036,3.116,,4.003,-4.444,3.099
485.41,4.035,-4.330,3.096,PATROL,33,17,4.390,-4.033,3.098,,3.926,-4.440,3.081
485.61,3.957,-4.326,3.081,PATROL,33,17,4.313,-4.029,3.083,,3.848,-4.434,3.066
485.81,3.892,-4.322,3.069,PATROL,33,17,4.237,-4.025,3.071,,3.783,-4.429,3.054
486.01,3.813,-4.316,3.057,PATROL,33,17,4.159,-4.019,3.059,,3.704,-4.422,3.042
486.21,3.733,-4.309,3.047,PATROL,33,17,4.082,-4.012,3.049,,3.625,-4.413,3.032
486.41,3.654,-4.301,3.039,PATROL,33,17,4.004,-4.004,3.041,,3.545,-4.404,3.024
486.61,3.574,-4.292,3.033,PATROL,33,17,3.926,-3.997,3.035,,3.465,-4.395,3.018
486.81,3.494,-4.283,3.027,PATROL,33,17,3.848,-3.988,3.029,,3.385,-4.384,3.012
487.01,3.414,-4.274,3.023,PATROL,33,17,3.769,-3.979,3.025,,3.305,-4.374,3.008
487.21,3.333,-4.264,3.019,PATROL,33,17,3.691,-3.970,3.021,,3.225,-4.363,3.004
487.41,3.266,-4.256,3.016,PATROL,33,17,3.612,-3.960,3.018,,3.158,-4.353,3.001
487.61,3.186,-4.245,3.013,PATROL,33,17,3.533,-3.951,3.015,,3.077,-4.342,2.998
487.81,3.105,-4.235,3.011,PATROL,33,17,3.454,-3.941,3.013,,2.997,-4.330,2.996
488.01,3.024,-4.224,3.010,PATROL,33,17,3.375,-3.931,3.011,,2.916,-4.318,2.994
488.21,2.943,-4.214,3.008,PATROL,33,17,3.296,-3.920,3.010,,2.836,-4.306,2.993
488.41,2.862,-4.203,3.007,PATROL,33,17,3.217,-3.910,3.009,,2.755,-4.294,2.992
488.61,2.782,-4.192,3.006,PATROL,33,17,3.138,-3.900,3.008,,2.674,-4.282,2.991
488.81,2.701,-4.181,3.005,PATROL,33,17,3.059,-3.889,3.007,,2.594,-4.270,2.990
489.01,2.620,-4.170,3.005,PATROL,33,17,2.980,-3.879,3.007,,2.513,-4.257,2.990
489.21,2.553,-4.160,3.005,PATROL,34,,2.902,-3.868,3.007,,2.446,-4.247,2.990
