t,wall_dt,sim_dt,state,dropped
0.056,0.0339,0.0340,PATROL,0
0.090,0.0342,0.0340,PATROL,0
0.124,0.0339,0.0340,PATROL,0
0.158,0.0340,0.0340,PATROL,0
0.192,0.0339,0.0340,PATROL,0
0.226,0.0340,0.0340,PATROL,0
0.260,0.0341,0.0340,PATROL,0
0.294,0.0342,0.0340,PATROL,0
0.328,0.0338,0.0340,PATROL,0
0.362,0.0342,0.0340,PATROL,0
0.396,0.0339,0.0340,PATROL,0
0.430,0.0340,0.0340,PATROL,0
0.464,0.0340,0.0340,PATROL,0
0.498,0.0340,0.0340,PATROL,0
0.532,0.0340,0.0340,PATROL,0
0.566,0.0340,0.0340,PATROL,0
0.600,0.0340,0.0340,PATROL,0
0.635,0.0345,0.0340,PATROL,0
0.668,0.0336,0.0340,PATROL,0
0.702,0.0340,0.0340,PATROL,0
0.737,0.0343,0.0340,PATROL,0
0.771,0.0338,0.0340,PATROL,0
0.805,0.0342,0.0340,PATROL,0
0.838,0.0336,0.0340,PATROL,0
0.873,0.0342,0.0340,PATROL,0
0.906,0.0340,0.0340,PATROL,0
0.940,0.0339,0.0340,PATROL,0
0.974,0.0341,0.0340,PATROL,0
1.008,0.0339,0.0340,PATROL,0
1.042,0.0340,0.0340,PATROL,0
1.076,0.0341,0.0340,PATROL,0
1.111,0.0341,0.0340,PATROL,0
1.145,0.0340,0.0340,PATROL,0
1.178,0.0339,0.0340,PATROL,0
1.213,0.0341,0.0340,PATROL,0
1.247,0.0340,0.0340,PATROL,0
1.281,0.0341,0.0340,PATROL,0
1.315,0.0340,0.0340,PATROL,0
1.349,0.0341,0.0340,PATROL,0
1.383,0.0338,0.0340,PATROL,0
1.417,0.0340,0.0340,PATROL,0
1.451,0.0342,0.0340,PATROL,0
1.485,0.0339,0.0340,PATROL,0
1.519,0.0340,0.0340,PATROL,0
1.553,0.0340,0.0340,PATROL,0
1.587,0.0339,0.0340,PATROL,0
1.621,0.0342,0.0340,PATROL,0
1.655,0.0339,0.0340,PATROL,0
1.689,0.0339,0.0340,PATROL,0
1.723,0.0342,0.0340,PATROL,0
1.757,0.0340,0.0340,PATROL,0
1.791,0.0338,0.0340,PATROL,0
1.825,0.0340,0.0340,PATROL,0
1.859,0.0342,0.0340,PATROL,0
1.893,0.0338,0.0340,PATROL,0
1.927,0.0340,0.0340,PATROL,0
1.961,0.0342,0.0340,PATROL,0
1.995,0.0338,0.0340,PATROL,0
2.029,0.0342,0.0340,PATROL,0
2.063,0.0341,0.0340,PATROL,0
2.097,0.0341,0.0340,PATROL,0
2.131,0.0341,0.0340,PATROL,0
2.165,0.0339,0.0340,PATROL,0
2.199,0.0340,0.0340,PATROL,0
2.233,0.0341,0.0340,PATROL,0
2.267,0.0340,0.0340,PATROL,0
2.301,0.0342,0.0340,PATROL,0
2.335,0.0340,0.0340,PATROL,0
2.369,0.0338,0.0340,PATROL,0
2.403,0.0341,0.0340,PATROL,0
2.437,0.0341,0.0340,PATROL,0
2.471,0.0340,0.0340,PATROL,0
2.505,0.0341,0.0340,PATROL,0
2.539,0.0339,0.0340,PATROL,0
2.573,0.0341,0.0340,PATROL,0
2.607,0.0339,0.0340,PATROL,0
2.641,0.0340,0.0340,PATROL,0
2.675,0.0341,0.0340,PATROL,0
2.709,0.0341,0.0340,PATROL,0
2.744,0.0341,0.0340,PATROL,0
2.777,0.0339,0.0340,PATROL,0
2.811,0.0341,0.0340,PATROL,0
2.845,0.0339,0.0340,PATROL,0
2.879,0.0340,0.0340,PATROL,0
2.913,0.0340,0.0340,PATROL,0
2.948,0.0341,0.0340,PATROL,0
2.982,0.0340,0.0340,PATROL,0
3.015,0.0340,0.0340,PATROL,0
3.049,0.0340,0.0340,PATROL,0
3.084,0.0345,0.0340,PATROL,0
3.118,0.0336,0.0340,PATROL,0
3.152,0.0340,0.0340,PATROL,0
3.186,0.0342,0.0340,PATROL,0
3.220,0.0338,0.0340,PATROL,0
3.254,0.0340,0.0340,PATROL,0
3.288,0.0340,0.0340,PATROL,0
3.322,0.0342,0.0340,PATROL,0
3.356,0.0340,0.0340,PATROL,0
3.390,0.0342,0.0340,PATROL,0
3.424,0.0338,0.0340,PATROL,0
3.458,0.0339,0.0340,PATROL,0
3.492,0.0340,0.0340,PATROL,0
3.526,0.0340,0.0340,PATROL,0
3.560,0.0341,0.0340,PATROL,0
3.594,0.0340,0.0340,PATROL,0
3.628,0.0340,0.0340,PATROL,0
3.662,0.0341,0.0340,PATROL,0
3.696,0.0339,0.0340,PATROL,0
3.730,0.0339,0.0340,PATROL,0
3.764,0.0340,0.0340,PATROL,0
3.798,0.0340,0.0340,PATROL,0
3.832,0.0341,0.0340,PATROL,0
3.866,0.0341,0.0340,PATROL,0
3.900,0.0339,0.0340,PATROL,0
3.934,0.0341,0.0340,PATROL,0
3.968,0.0341,0.0340,PATROL,0
4.002,0.0342,0.0340,PATROL,0
4.036,0.0342,0.0340,PATROL,0
4.070,0.0339,0.0340,PATROL,0
4.104,0.0341,0.0340,PATROL,0
4.138,0.0341,0.0340,PATROL,0
4.172,0.0339,0.0340,PATROL,0
4.206,0.0340,0.0340,PATROL,0
4.240,0.0340,0.0340,PATROL,0
4.274,0.0340,0.0340,PATROL,0
4.308,0.0341,0.0340,PATROL,0
4.342,0.0341,0.0340,PATROL,0
4.377,0.0345,0.0340,PATROL,0
4.410,0.0336,0.0340,PATROL,0
4.445,0.0342,0.0340,PATROL,0
4.478,0.0339,0.0340,PATROL,0
4.513,0.0341,0.0340,PATROL,0
4.547,0.0343,0.0340,PATROL,0
4.580,0.0336,0.0340,PATROL,0
4.615,0.0341,0.0340,PATROL,0
4.649,0.0341,0.0340,PATROL,0
4.683,0.0340,0.0340,PATROL,0
4.717,0.0342,0.0340,PATROL,0
4.751,0.0339,0.0340,PATROL,0
4.785,0.0341,0.0340,PATROL,0
4.819,0.0340,0.0340,PATROL,0
4.853,0.0339,0.0340,PATROL,0
4.887,0.0341,0.0340,PATROL,0
4.921,0.0340,0.0340,PATROL,0
4.955,0.0341,0.0340,PATROL,0
4.989,0.0339,0.0340,PATROL,0
5.023,0.0339,0.0340,PATROL,0
5.057,0.0341,0.0340,PATROL,0
5.091,0.0340,0.0340,PATROL,0
5.125,0.0342,0.0340,PATROL,0
5.159,0.0343,0.0340,PATROL,0
5.193,0.0335,0.0340,PATROL,0
5.227,0.0341,0.0340,PATROL,0
5.261,0.0341,0.0340,PATROL,0
5.295,0.0339,0.0340,PATROL,0
5.329,0.0340,0.0340,PATROL,0
5.363,0.0342,0.0340,PATROL,0
5.397,0.0343,0.0340,PATROL,0
5.431,0.0339,0.0340,PATROL,0
5.465,0.0341,0.0340,PATROL,0
5.499,0.0338,0.0340,PATROL,0
5.533,0.0341,0.0340,PATROL,0
5.567,0.0340,0.0340,PATROL,0
5.601,0.0341,0.0340,PATROL,0
5.635,0.0340,0.0340,PATROL,0
5.669,0.0339,0.0340,PATROL,0
5.703,0.0341,0.0340,PATROL,0
5.737,0.0340,0.0340,PATROL,0
5.771,0.0341,0.0340,PATROL,0
5.805,0.0339,0.0340,PATROL,0
5.840,0.0343,0.0340,PATROL,0
5.873,0.0336,0.0340,PATROL,0
5.907,0.0341,0.0340,PATROL,0
5.941,0.0339,0.0340,PATROL,0
5.975,0.0340,0.0340,PATROL,0
6.009,0.0342,0.0340,PATROL,0
6.043,0.0339,0.0340,PATROL,0
6.077,0.0341,0.0340,PATROL,0
6.111,0.0340,0.0340,PATROL,0
6.145,0.0340,0.0340,PATROL,0
6.179,0.0340,0.0340,PATROL,0
6.213,0.0340,0.0340,PATROL,0
6.247,0.0340,0.0340,PATROL,0
6.282,0.0342,0.0340,PATROL,0
6.315,0.0339,0.0340,PATROL,0
6.349,0.0340,0.0340,PATROL,0
6.384,0.0343,0.0340,PATROL,0
6.418,0.0339,0.0340,PATROL,0
6.452,0.0340,0.0340,PATROL,0
6.486,0.0341,0.0340,PATROL,0
6.520,0.0339,0.0340,PATROL,0
6.554,0.0341,0.0340,PATROL,0
6.588,0.0341,0.0340,PATROL,0
6.622,0.0342,0.0340,PATROL,0
6.656,0.0336,0.0340,PATROL,0
6.690,0.0341,0.0340,PATROL,0
6.724,0.0341,0.0340,PATROL,0
6.758,0.0341,0.0340,PATROL,0
6.792,0.0340,0.0340,PATROL,0
6.826,0.0340,0.0340,PATROL,0
6.860,0.0340,0.0340,PATROL,0
6.894,0.0340,0.0340,PATROL,0
6.928,0.0340,0.0340,PATROL,0
6.962,0.0340,0.0340,PATROL,0
6.996,0.0339,0.0340,PATROL,0
7.030,0.0341,0.0340,PATROL,0
7.064,0.0339,0.0340,PATROL,0
7.098,0.0341,0.0340,PATROL,0
7.132,0.0340,0.0340,PATROL,0
7.166,0.0340,0.0340,PATROL,0
7.200,0.0341,0.0340,PATROL,0
7.234,0.0340,0.0340,PATROL,0
7.268,0.0340,0.0340,PATROL,0
7.303,0.0345,0.0340,PATROL,0
7.336,0.0336,0.0340,PATROL,0
7.370,0.0341,0.0340,PATROL,0
7.404,0.0339,0.0340,PATROL,0
7.438,0.0340,0.0340,PATROL,0
7.472,0.0340,0.0340,PATROL,0
7.506,0.0340,0.0340,PATROL,0
7.540,0.0342,0.0340,PATROL,0
7.574,0.0339,0.0340,PATROL,0
7.608,0.0340,0.0340,PATROL,0
7.642,0.0341,0.0340,PATROL,0
7.676,0.0338,0.0340,PATROL,0
7.710,0.0342,0.0340,PATROL,0
7.744,0.0341,0.0340,PATROL,0
7.778,0.0339,0.0340,PATROL,0
7.812,0.0341,0.0340,PATROL,0
7.846,0.0339,0.0340,PATROL,0
7.880,0.0340,0.0340,PATROL,0
7.914,0.0341,0.0340,PATROL,0
7.949,0.0342,0.0340,PATROL,0
7.982,0.0338,0.0340,PATROL,0
8.016,0.0339,0.0340,PATROL,0
8.050,0.0340,0.0340,PATROL,0
8.084,0.0340,0.0340,PATROL,0
8.119,0.0343,0.0340,PATROL,0
8.153,0.0339,0.0340,PATROL,0
8.187,0.0341,0.0340,PATROL,0
8.221,0.0341,0.0340,PATROL,0
8.255,0.0339,0.0340,PATROL,0
8.289,0.0342,0.0340,PATROL,0
8.323,0.0338,0.0340,PATROL,0
8.357,0.0340,0.0340,PATROL,0
8.391,0.0340,0.0340,PATROL,0
8.425,0.0340,0.0340,PATROL,0
8.459,0.0341,0.0340,PATROL,0
8.493,0.0341,0.0340,PATROL,0
8.527,0.0340,0.0340,PATROL,0
8.561,0.0338,0.0340,PATROL,0
8.595,0.0341,0.0340,PATROL,0
8.629,0.0341,0.0340,PATROL,0
8.663,0.0339,0.0340,PATROL,0
8.697,0.0340,0.0340,PATROL,0
8.731,0.0341,0.0340,PATROL,0
8.765,0.0341,0.0340,PATROL,0
8.799,0.0338,0.0340,PATROL,0
8.833,0.0340,0.0340,PATROL,0
8.867,0.0340,0.0340,PATROL,0
8.901,0.0342,0.0340,PATROL,0
8.935,0.0340,0.0340,PATROL,0
8.969,0.0339,0.0340,PATROL,0
9.003,0.0340,0.0340,PATROL,0
9.037,0.0342,0.0340,PATROL,0
9.071,0.0338,0.0340,PATROL,0
9.105,0.0342,0.0340,PATROL,0
9.139,0.0342,0.0340,PATROL,0
9.173,0.0342,0.0340,PATROL,0
9.207,0.0338,0.0340,PATROL,0
9.241,0.0341,0.0340,PATROL,0
9.275,0.0339,0.0340,PATROL,0
9.309,0.0340,0.0340,PATROL,0
9.343,0.0339,0.0340,PATROL,0
9.377,0.0340,0.0340,PATROL,0
9.411,0.0340,0.0340,PATROL,0
9.445,0.0341,0.0340,PATROL,0
9.479,0.0341,0.0340,PATROL,0
9.513,0.0341,0.0340,PATROL,0
9.547,0.0338,0.0340,PATROL,0
9.581,0.0342,0.0340,PATROL,0
9.615,0.0338,0.0340,PATROL,0
9.649,0.0341,0.0340,PATROL,0
9.683,0.0340,0.0340,PATROL,0
9.717,0.0340,0.0340,PATROL,0
9.751,0.0339,0.0340,PATROL,0
9.785,0.0342,0.0340,PATROL,0
9.819,0.0340,0.0340,PATROL,0
9.853,0.0339,0.0340,PATROL,0
9.888,0.0341,0.0340,PATROL,0
9.921,0.0339,0.0340,PATROL,0
9.955,0.0340,0.0340,PATROL,0
9.990,0.0341,0.0340,PATROL,0
10.023,0.0339,0.0340,PATROL,0
10.057,0.0340,0.0340,PATROL,0
10.092,0.0341,0.0340,PATROL,0
10.125,0.0339,0.0340,PATROL,0
10.160,0.0341,0.0340,PATROL,0
10.194,0.0342,0.0340,PATROL,0
10.228,0.0339,0.0340,PATROL,0
10.262,0.0341,0.0340,PATROL,0
10.296,0.0341,0.0340,PATROL,0
10.330,0.0338,0.0340,PATROL,0
10.364,0.0340,0.0340,PATROL,0
10.398,0.0341,0.0340,PATROL,0
10.432,0.0340,0.0340,PATROL,0
10.466,0.0339,0.0340,PATROL,0
10.500,0.0342,0.0340,PATROL,0
10.534,0.0339,0.0340,PATROL,0
10.568,0.0340,0.0340,PATROL,0
10.602,0.0344,0.0340,PATROL,0
10.636,0.0338,0.0340,PATROL,0
10.670,0.0340,0.0340,PATROL,0
10.704,0.0340,0.0340,PATROL,0
10.738,0.0342,0.0340,PATROL,0
10.772,0.0339,0.0340,PATROL,0
10.806,0.0341,0.0340,PATROL,0
10.840,0.0339,0.0340,PATROL,0
10.874,0.0340,0.0340,PATROL,0
10.908,0.0340,0.0340,PATROL,0
10.942,0.0343,0.0340,PATROL,0
10.976,0.0336,0.0340,PATROL,0
11.010,0.0342,0.0340,PATROL,0
11.044,0.0338,0.0340,PATROL,0
11.078,0.0340,0.0340,PATROL,0
11.112,0.0340,0.0340,PATROL,0
11.146,0.0341,0.0340,PATROL,0
11.180,0.0341,0.0340,PATROL,0
11.214,0.0340,0.0340,PATROL,0
11.248,0.0341,0.0340,PATROL,0
11.282,0.0339,0.0340,PATROL,0
11.317,0.0345,0.0340,PATROL,0
11.350,0.0336,0.0340,PATROL,0
11.384,0.0340,0.0340,PATROL,0
11.418,0.0340,0.0340,PATROL,0
11.452,0.0340,0.0340,PATROL,0
11.486,0.0341,0.0340,PATROL,0
11.520,0.0339,0.0340,PATROL,0
11.554,0.0341,0.0340,PATROL,0
11.588,0.0339,0.0340,PATROL,0
11.622,0.0341,0.0340,PATROL,0
11.656,0.0339,0.0340,PATROL,0
11.691,0.0341,0.0340,PATROL,0
11.724,0.0339,0.0340,PATROL,0
11.759,0.0342,0.0340,PATROL,0
11.792,0.0338,0.0340,PATROL,0
11.827,0.0341,0.0340,PATROL,0
11.861,0.0341,0.0340,PATROL,0
11.894,0.0339,0.0340,PATROL,0
11.929,0.0342,0.0340,PATROL,0
11.963,0.0339,0.0340,PATROL,0
11.997,0.0341,0.0340,PATROL,0
12.031,0.0339,0.0340,PATROL,0
12.064,0.0339,0.0340,PATROL,0
12.099,0.0342,0.0340,PATROL,0
12.133,0.0340,0.0340,PATROL,0
12.167,0.0339,0.0340,PATROL,0
12.201,0.0340,0.0340,PATROL,0
12.235,0.0341,0.0340,PATROL,0
12.269,0.0340,0.0340,PATROL,0
12.303,0.0341,0.0340,PATROL,0
12.337,0.0339,0.0340,PATROL,0
12.371,0.0340,0.0340,PATROL,0
12.405,0.0343,0.0340,PATROL,0
12.439,0.0341,0.0340,PATROL,0
12.473,0.0340,0.0340,PATROL,0
12.507,0.0340,0.0340,PATROL,0
12.541,0.0342,0.0340,PATROL,0
12.575,0.0338,0.0340,PATROL,0
12.609,0.0340,0.0340,PATROL,0
12.643,0.0344,0.0340,PATROL,0
12.677,0.0337,0.0340,PATROL,0
12.711,0.0340,0.0340,PATROL,0
12.745,0.0340,0.0340,PATROL,0
12.779,0.0340,0.0340,PATROL,0
12.813,0.0341,0.0340,PATROL,0
12.847,0.0339,0.0340,PATROL,0
12.881,0.0344,0.0340,PATROL,0
12.915,0.0339,0.0340,PATROL,0
12.949,0.0340,0.0340,PATROL,0
12.983,0.0339,0.0340,PATROL,0
13.017,0.0341,0.0340,PATROL,0
13.051,0.0340,0.0340,PATROL,0
13.085,0.0340,0.0340,PATROL,0
13.119,0.0340,0.0340,PATROL,0
13.153,0.0340,0.0340,PATROL,0
13.187,0.0340,0.0340,PATROL,0
13.221,0.0340,0.0340,PATROL,0
13.255,0.0341,0.0340,PATROL,0
13.289,0.0340,0.0340,PATROL,0
13.323,0.0340,0.0340,PATROL,0
13.357,0.0342,0.0340,PATROL,0
13.391,0.0340,0.0340,PATROL,0
13.425,0.0340,0.0340,PATROL,0
13.459,0.0339,0.0340,PATROL,0
13.493,0.0340,0.0340,PATROL,0
13.528,0.0342,0.0340,PATROL,0
13.561,0.0338,0.0340,PATROL,0
13.595,0.0341,0.0340,PATROL,0
13.629,0.0340,0.0340,PATROL,0
13.663,0.0340,0.0340,PATROL,0
13.698,0.0342,0.0340,PATROL,0
13.732,0.0340,0.0340,PATROL,0
13.766,0.0339,0.0340,PATROL,0
13.800,0.0340,0.0340,PATROL,0
13.834,0.0341,0.0340,PATROL,0
13.868,0.0339,0.0340,PATROL,0
13.902,0.0341,0.0340,PATROL,0
13.936,0.0341,0.0340,PATROL,0
13.970,0.0343,0.0340,PATROL,0
14.004,0.0335,0.0340,PATROL,0
14.038,0.0341,0.0340,PATROL,0
14.072,0.0339,0.0340,PATROL,0
14.106,0.0342,0.0340,PATROL,0
14.140,0.0340,0.0340,PATROL,0
14.174,0.0340,0.0340,PATROL,0
14.208,0.0340,0.0340,PATROL,0
14.242,0.0342,0.0340,PATROL,0
14.276,0.0339,0.0340,PATROL,0
14.310,0.0343,0.0340,PATROL,0
14.344,0.0340,0.0340,PATROL,0
14.378,0.0338,0.0340,PATROL,0
14.412,0.0342,0.0340,PATROL,0
14.446,0.0339,0.0340,PATROL,0
14.480,0.0340,0.0340,PATROL,0
14.514,0.0342,0.0340,PATROL,0
14.548,0.0340,0.0340,PATROL,0
14.582,0.0339,0.0340,PATROL,0
14.616,0.0340,0.0340,PATROL,0
14.650,0.0341,0.0340,PATROL,0
14.684,0.0339,0.0340,PATROL,0
14.718,0.0341,0.0340,PATROL,0
14.752,0.0340,0.0340,PATROL,0
14.786,0.0339,0.0340,PATROL,0
14.820,0.0340,0.0340,PATROL,0
14.854,0.0343,0.0340,PATROL,0
14.888,0.0340,0.0340,PATROL,0
14.922,0.0340,0.0340,PATROL,0
14.956,0.0339,0.0340,PATROL,0
14.990,0.0340,0.0340,PATROL,0
15.024,0.0341,0.0340,PATROL,0
15.058,0.0340,0.0340,PATROL,0
15.092,0.0342,0.0340,PATROL,0
15.126,0.0339,0.0340,PATROL,0
15.160,0.0340,0.0340,PATROL,0
15.194,0.0339,0.0340,PATROL,0
15.228,0.0340,0.0340,PATROL,0
15.262,0.0340,0.0340,PATROL,0
15.296,0.0341,0.0340,PATROL,0
15.330,0.0339,0.0340,PATROL,0
15.364,0.0342,0.0340,PATROL,0
15.398,0.0340,0.0340,PATROL,0
15.432,0.0339,0.0340,PATROL,0
15.466,0.0340,0.0340,PATROL,0
15.501,0.0341,0.0340,PATROL,0
15.535,0.0340,0.0340,PATROL,0
15.568,0.0340,0.0340,PATROL,0
15.603,0.0341,0.0340,PATROL,0
15.636,0.0339,0.0340,PATROL,0
15.671,0.0342,0.0340,PATROL,0
15.705,0.0339,0.0340,PATROL,0
15.739,0.0339,0.0340,PATROL,0
15.773,0.0344,0.0340,PATROL,0
15.807,0.0338,0.0340,PATROL,0
15.841,0.0341,0.0340,PATROL,0
15.875,0.0339,0.0340,PATROL,0
15.909,0.0341,0.0340,PATROL,0
15.943,0.0340,0.0340,PATROL,0
15.977,0.0339,0.0340,PATROL,0
16.011,0.0340,0.0340,PATROL,0
16.045,0.0343,0.0340,PATROL,0
16.079,0.0337,0.0340,PATROL,0
16.113,0.0341,0.0340,PATROL,0
16.147,0.0339,0.0340,PATROL,0
16.181,0.0340,0.0340,PATROL,0
16.215,0.0343,0.0340,PATROL,0
16.249,0.0340,0.0340,PATROL,0
16.283,0.0339,0.0340,PATROL,0
16.317,0.0344,0.0340,PATROL,0
16.351,0.0337,0.0340,PATROL,0
16.385,0.0339,0.0340,PATROL,0
16.419,0.0345,0.0340,PATROL,0
16.453,0.0337,0.0340,PATROL,0
16.487,0.0339,0.0340,PATROL,0
16.521,0.0340,0.0340,PATROL,0
16.555,0.0341,0.0340,PATROL,0
16.589,0.0339,0.0340,PATROL,0
16.623,0.0340,0.0340,PATROL,0
16.657,0.0339,0.0340,PATROL,0
16.691,0.0340,0.0340,PATROL,0
16.725,0.0341,0.0340,PATROL,0
16.759,0.0341,0.0340,PATROL,0
16.793,0.0340,0.0340,PATROL,0
16.827,0.0341,0.0340,PATROL,0
16.861,0.0339,0.0340,PATROL,0
16.895,0.0340,0.0340,PATROL,0
16.929,0.0341,0.0340,PATROL,0
16.963,0.0340,0.0340,PATROL,0
16.997,0.0340,0.0340,PATROL,0
17.031,0.0342,0.0340,PATROL,0
17.065,0.0339,0.0340,PATROL,0
17.099,0.0341,0.0340,PATROL,0
17.134,0.0341,0.0340,PATROL,0
17.168,0.0341,0.0340,PATROL,0
17.201,0.0338,0.0340,PATROL,0
17.235,0.0339,0.0340,PATROL,0
17.269,0.0342,0.0340,PATROL,0
17.304,0.0341,0.0340,PATROL,0
17.337,0.0340,0.0340,PATROL,0
17.372,0.0343,0.0340,PATROL,0
17.406,0.0340,0.0340,PATROL,0
17.440,0.0339,0.0340,PATROL,0
17.474,0.0339,0.0340,PATROL,0
17.508,0.0340,0.0340,PATROL,0
17.542,0.0341,0.0340,PATROL,0
17.576,0.0341,0.0340,PATROL,0
17.610,0.0338,0.0340,PATROL,0
17.644,0.0340,0.0340,PATROL,0
17.678,0.0340,0.0340,PATROL,0
17.712,0.0342,0.0340,PATROL,0
17.746,0.0344,0.0340,PATROL,0
17.780,0.0336,0.0340,PATROL,0
17.814,0.0343,0.0340,PATROL,0
17.848,0.0338,0.0340,PATROL,0
17.882,0.0341,0.0340,PATROL,0
17.916,0.0338,0.0340,PATROL,0
17.950,0.0340,0.0340,PATROL,0
17.984,0.0340,0.0340,PATROL,0
18.018,0.0343,0.0340,PATROL,0
18.052,0.0338,0.0340,PATROL,0
18.086,0.0339,0.0340,PATROL,0
18.120,0.0340,0.0340,PATROL,0
18.154,0.0340,0.0340,PATROL,0
18.188,0.0341,0.0340,PATROL,0
18.222,0.0339,0.0340,PATROL,0
18.256,0.0341,0.0340,PATROL,0
18.290,0.0343,0.0340,PATROL,0
18.324,0.0336,0.0340,PATROL,0
18.358,0.0340,0.0340,PATROL,0
18.392,0.0340,0.0340,PATROL,0
18.426,0.0342,0.0340,PATROL,0
18.460,0.0340,0.0340,PATROL,0
18.494,0.0340,0.0340,PATROL,0
18.528,0.0341,0.0340,PATROL,0
18.562,0.0339,0.0340,PATROL,0
18.596,0.0340,0.0340,PATROL,0
18.630,0.0339,0.0340,PATROL,0
18.664,0.0340,0.0340,PATROL,0
18.698,0.0340,0.0340,PATROL,0
18.732,0.0340,0.0340,PATROL,0
18.767,0.0344,0.0340,PATROL,0
18.800,0.0339,0.0340,PATROL,0
18.834,0.0340,0.0340,PATROL,0
18.868,0.0339,0.0340,PATROL,0
18.902,0.0339,0.0340,PATROL,0
18.936,0.0340,0.0340,PATROL,0
18.970,0.0342,0.0340,PATROL,0
19.004,0.0340,0.0340,PATROL,0
19.038,0.0340,0.0340,PATROL,0
19.072,0.0340,0.0340,PATROL,0
19.107,0.0342,0.0340,PATROL,0
19.141,0.0339,0.0340,PATROL,0
19.175,0.0340,0.0340,PATROL,0
19.209,0.0340,0.0340,PATROL,0
19.242,0.0339,0.0340,PATROL,0
19.277,0.0341,0.0340,PATROL,0
19.310,0.0340,0.0340,PATROL,0
19.344,0.0340,0.0340,PATROL,0
19.379,0.0341,0.0340,PATROL,0
19.413,0.0340,0.0340,PATROL,0
19.447,0.0344,0.0340,PATROL,0
19.481,0.0337,0.0340,PATROL,0
19.515,0.0340,0.0340,PATROL,0
19.549,0.0339,0.0340,PATROL,0
19.583,0.0341,0.0340,PATROL,0
19.617,0.0341,0.0340,PATROL,0
19.651,0.0343,0.0340,PATROL,0
19.685,0.0342,0.0340,PATROL,0
19.719,0.0339,0.0340,PATROL,0
19.753,0.0338,0.0340,PATROL,0
19.787,0.0342,0.0340,PATROL,0
19.821,0.0337,0.0340,PATROL,0
19.855,0.0343,0.0340,PATROL,0
19.889,0.0340,0.0340,PATROL,0
19.923,0.0338,0.0340,PATROL,0
19.957,0.0340,0.0340,PATROL,0
19.991,0.0340,0.0340,PATROL,0
20.025,0.0342,0.0340,PATROL,0
20.059,0.0338,0.0340,PATROL,0
20.093,0.0340,0.0340,PATROL,0
20.127,0.0344,0.0340,PATROL,0
20.161,0.0337,0.0340,PATROL,0
20.195,0.0340,0.0340,PATROL,0
20.229,0.0342,0.0340,PATROL,0
20.263,0.0342,0.0340,PATROL,0
20.297,0.0337,0.0340,PATROL,0
20.331,0.0341,0.0340,PATROL,0
20.365,0.0339,0.0340,PATROL,0
20.399,0.0341,0.0340,PATROL,0
20.433,0.0339,0.0340,PATROL,0
20.467,0.0342,0.0340,PATROL,0
20.501,0.0339,0.0340,PATROL,0
20.535,0.0343,0.0340,PATROL,0
20.569,0.0337,0.0340,PATROL,0
20.603,0.0341,0.0340,PATROL,0
20.637,0.0341,0.0340,PATROL,0
20.671,0.0341,0.0340,PATROL,0
20.705,0.0338,0.0340,PATROL,0
20.739,0.0340,0.0340,PATROL,0
20.773,0.0342,0.0340,PATROL,0
20.807,0.0340,0.0340,PATROL,0
20.841,0.0339,0.0340,PATROL,0
20.876,0.0344,0.0340,PATROL,0
20.909,0.0338,0.0340,PATROL,0
20.943,0.0338,0.0340,PATROL,0
20.977,0.0341,0.0340,PATROL,0
21.011,0.0340,0.0340,PATROL,0
21.045,0.0340,0.0340,PATROL,0
21.080,0.0343,0.0340,PATROL,0
21.113,0.0338,0.0340,PATROL,0
21.148,0.0349,0.0340,PATROL,0
21.182,0.0333,0.0340,PATROL,0
21.216,0.0341,0.0340,PATROL,0
21.250,0.0339,0.0340,PATROL,0
21.284,0.0340,0.0340,PATROL,0
21.318,0.0340,0.0340,PATROL,0
21.352,0.0340,0.0340,PATROL,0
21.385,0.0339,0.0340,PATROL,0
21.420,0.0340,0.0340,PATROL,0
21.454,0.0341,0.0340,PATROL,0
21.488,0.0340,0.0340,PATROL,0
21.522,0.0340,0.0340,PATROL,0
21.556,0.0340,0.0340,PATROL,0
21.590,0.0339,0.0340,PATROL,0
21.624,0.0341,0.0340,PATROL,0
21.658,0.0339,0.0340,PATROL,0
21.692,0.0340,0.0340,PATROL,0
21.726,0.0340,0.0340,PATROL,0
21.760,0.0340,0.0340,PATROL,0
21.794,0.0343,0.0340,PATROL,0
21.828,0.0340,0.0340,PATROL,0
21.862,0.0340,0.0340,PATROL,0
21.896,0.0342,0.0340,PATROL,0
21.930,0.0338,0.0340,PATROL,0
21.964,0.0340,0.0340,PATROL,0
21.998,0.0341,0.0340,PATROL,0
22.032,0.0339,0.0340,PATROL,0
22.066,0.0340,0.0340,PATROL,0
22.100,0.0342,0.0340,PATROL,0
22.134,0.0338,0.0340,PATROL,0
22.168,0.0340,0.0340,PATROL,0
22.202,0.0340,0.0340,PATROL,0
22.236,0.0343,0.0340,PATROL,0
22.270,0.0337,0.0340,PATROL,0
22.304,0.0340,0.0340,PATROL,0
22.338,0.0342,0.0340,PATROL,0
22.372,0.0339,0.0340,PATROL,0
22.406,0.0340,0.0340,PATROL,0
22.440,0.0340,0.0340,PATROL,0
22.474,0.0342,0.0340,PATROL,0
22.508,0.0341,0.0340,PATROL,0
22.542,0.0339,0.0340,PATROL,0
22.576,0.0342,0.0340,PATROL,0
22.610,0.0337,0.0340,PATROL,0
22.644,0.0341,0.0340,PATROL,0
22.678,0.0340,0.0340,PATROL,0
22.712,0.0340,0.0340,PATROL,0
22.746,0.0341,0.0340,PATROL,0
22.780,0.0340,0.0340,PATROL,0
22.815,0.0342,0.0340,PATROL,0
22.849,0.0341,0.0340,PATROL,0
22.882,0.0337,0.0340,PATROL,0
22.916,0.0340,0.0340,PATROL,0
22.950,0.0340,0.0340,PATROL,0
22.984,0.0339,0.0340,PATROL,0
23.019,0.0342,0.0340,PATROL,0
23.053,0.0340,0.0340,PATROL,0
23.087,0.0340,0.0340,PATROL,0
23.120,0.0339,0.0340,PATROL,0
23.154,0.0340,0.0340,PATROL,0
23.189,0.0343,0.0340,PATROL,0
23.223,0.0340,0.0340,PATROL,0
23.257,0.0342,0.0340,PATROL,0
23.291,0.0337,0.0340,PATROL,0
23.325,0.0341,0.0340,PATROL,0
23.359,0.0339,0.0340,PATROL,0
23.393,0.0341,0.0340,PATROL,0
23.427,0.0340,0.0340,PATROL,0
23.461,0.0341,0.0340,PATROL,0
23.495,0.0338,0.0340,PATROL,0
23.529,0.0345,0.0340,PATROL,0
23.563,0.0336,0.0340,PATROL,0
23.597,0.0341,0.0340,PATROL,0
23.631,0.0338,0.0340,PATROL,0
23.665,0.0341,0.0340,PATROL,0
23.699,0.0339,0.0340,PATROL,0
23.733,0.0342,0.0340,PATROL,0
23.767,0.0340,0.0340,PATROL,0
23.801,0.0340,0.0340,PATROL,0
23.835,0.0345,0.0340,PATROL,0
23.869,0.0337,0.0340,PATROL,0
23.903,0.0341,0.0340,PATROL,0
23.937,0.0342,0.0340,PATROL,0
23.971,0.0339,0.0340,PATROL,0
24.005,0.0342,0.0340,PATROL,0
24.039,0.0339,0.0340,PATROL,0
24.073,0.0339,0.0340,PATROL,0
24.107,0.0339,0.0340,PATROL,0
24.141,0.0341,0.0340,PATROL,0
24.175,0.0341,0.0340,PATROL,0
24.209,0.0340,0.0340,PATROL,0
24.243,0.0340,0.0340,PATROL,0
24.277,0.0341,0.0340,PATROL,0
24.311,0.0339,0.0340,PATROL,0
24.345,0.0342,0.0340,PATROL,0
24.379,0.0340,0.0340,PATROL,0
24.413,0.0339,0.0340,PATROL,0
24.448,0.0345,0.0340,PATROL,0
24.481,0.0335,0.0340,PATROL,0
24.515,0.0340,0.0340,PATROL,0
24.549,0.0343,0.0340,PATROL,0
24.583,0.0338,0.0340,PATROL,0
24.617,0.0339,0.0340,PATROL,0
24.651,0.0341,0.0340,PATROL,0
24.685,0.0339,0.0340,PATROL,0
24.719,0.0341,0.0340,PATROL,0
24.753,0.0341,0.0340,PATROL,0
24.787,0.0339,0.0340,PATROL,0
24.821,0.0341,0.0340,PATROL,0
24.855,0.0341,0.0340,PATROL,0
24.890,0.0342,0.0340,PATROL,0
24.924,0.0338,0.0340,PATROL,0
24.957,0.0339,0.0340,PATROL,0
24.991,0.0340,0.0340,PATROL,0
25.025,0.0340,0.0340,PATROL,0
25.059,0.0341,0.0340,PATROL,0
25.093,0.0340,0.0340,PATROL,0
25.127,0.0339,0.0340,PATROL,0
25.161,0.0340,0.0340,PATROL,0
25.195,0.0340,0.0340,PATROL,0
25.230,0.0341,0.0340,PATROL,0
25.264,0.0341,0.0340,PATROL,0
25.298,0.0340,0.0340,PATROL,0
25.332,0.0340,0.0340,PATROL,0
25.366,0.0341,0.0340,PATROL,0
25.400,0.0341,0.0340,PATROL,0
25.434,0.0339,0.0340,PATROL,0
25.468,0.0344,0.0340,PATROL,0
25.502,0.0337,0.0340,PATROL,0
25.536,0.0340,0.0340,PATROL,0
25.570,0.0340,0.0340,PATROL,0
25.604,0.0342,0.0340,PATROL,0
25.638,0.0339,0.0340,PATROL,0
25.672,0.0340,0.0340,PATROL,0
25.706,0.0340,0.0340,PATROL,0
25.740,0.0341,0.0340,PATROL,0
25.774,0.0340,0.0340,PATROL,0
25.808,0.0340,0.0340,PATROL,0
25.842,0.0340,0.0340,PATROL,0
25.876,0.0339,0.0340,PATROL,0
25.910,0.0340,0.0340,PATROL,0
25.944,0.0341,0.0340,PATROL,0
25.978,0.0341,0.0340,PATROL,0
26.012,0.0339,0.0340,PATROL,0
26.046,0.0340,0.0340,PATROL,0
26.080,0.0342,0.0340,PATROL,0
26.115,0.0349,0.0340,PATROL,0
26.148,0.0333,0.0340,PATROL,0
26.182,0.0339,0.0340,PATROL,0
26.216,0.0340,0.0340,PATROL,0
26.250,0.0342,0.0340,PATROL,0
26.284,0.0338,0.0340,PATROL,0
26.318,0.0339,0.0340,PATROL,0
26.352,0.0341,0.0340,PATROL,0
26.386,0.0340,0.0340,PATROL,0
26.420,0.0342,0.0340,PATROL,0
26.454,0.0339,0.0340,PATROL,0
26.488,0.0339,0.0340,PATROL,0
26.522,0.0340,0.0340,PATROL,0
26.556,0.0341,0.0340,PATROL,0
26.590,0.0339,0.0340,PATROL,0
26.625,0.0344,0.0340,PATROL,0
26.659,0.0340,0.0340,PATROL,0
26.693,0.0341,0.0340,PATROL,0
26.727,0.0341,0.0340,PATROL,0
26.761,0.0340,0.0340,PATROL,0
26.795,0.0337,0.0340,PATROL,0
26.829,0.0340,0.0340,PATROL,0
26.862,0.0339,0.0340,PATROL,0
26.896,0.0341,0.0340,PATROL,0
26.930,0.0340,0.0340,PATROL,0
26.964,0.0340,0.0340,PATROL,0
26.998,0.0341,0.0340,PATROL,0
27.032,0.0339,0.0340,PATROL,0
27.067,0.0342,0.0340,PATROL,0
27.101,0.0340,0.0340,PATROL,0
27.135,0.0341,0.0340,PATROL,0
27.169,0.0342,0.0340,PATROL,0
27.203,0.0340,0.0340,PATROL,0
27.237,0.0337,0.0340,PATROL,0
27.271,0.0341,0.0340,PATROL,0
27.305,0.0340,0.0340,PATROL,0
27.339,0.0340,0.0340,PATROL,0
27.373,0.0340,0.0340,PATROL,0
27.407,0.0341,0.0340,PATROL,0
27.441,0.0340,0.0340,PATROL,0
27.475,0.0339,0.0340,PATROL,0
27.509,0.0343,0.0340,PATROL,0
27.543,0.0342,0.0340,PATROL,0
27.577,0.0339,0.0340,PATROL,0
27.611,0.0343,0.0340,PATROL,0
27.645,0.0339,0.0340,PATROL,0
27.679,0.0340,0.0340,PATROL,0
27.713,0.0339,0.0340,PATROL,0
27.747,0.0342,0.0340,PATROL,0
27.781,0.0338,0.0340,PATROL,0
27.815,0.0340,0.0340,PATROL,0
27.849,0.0343,0.0340,PATROL,0
27.883,0.0340,0.0340,PATROL,0
27.917,0.0338,0.0340,PATROL,0
27.951,0.0343,0.0340,PATROL,0
27.985,0.0338,0.0340,PATROL,0
28.019,0.0340,0.0340,PATROL,0
28.053,0.0340,0.0340,PATROL,0
28.087,0.0341,0.0340,PATROL,0
28.121,0.0340,0.0340,PATROL,0
28.155,0.0340,0.0340,PATROL,0
28.189,0.0340,0.0340,PATROL,0
28.223,0.0341,0.0340,PATROL,0
28.257,0.0340,0.0340,PATROL,0
28.291,0.0340,0.0340,PATROL,0
28.325,0.0341,0.0340,PATROL,0
28.360,0.0342,0.0340,PATROL,0
28.393,0.0338,0.0340,PATROL,0
28.427,0.0340,0.0340,PATROL,0
28.462,0.0343,0.0340,PATROL,0
28.495,0.0338,0.0340,PATROL,0
28.529,0.0339,0.0340,PATROL,0
28.563,0.0341,0.0340,PATROL,0
28.598,0.0341,0.0340,PATROL,0
28.631,0.0339,0.0340,PATROL,0
28.666,0.0341,0.0340,PATROL,0
28.699,0.0339,0.0340,PATROL,0
28.733,0.0339,0.0340,PATROL,0
28.768,0.0342,0.0340,PATROL,0
28.802,0.0341,0.0340,PATROL,0
28.836,0.0343,0.0340,PATROL,0
28.870,0.0337,0.0340,PATROL,0
28.904,0.0340,0.0340,PATROL,0
28.938,0.0341,0.0340,PATROL,0
28.972,0.0341,0.0340,PATROL,0
29.006,0.0341,0.0340,PATROL,0
29.040,0.0337,0.0340,PATROL,0
29.074,0.0341,0.0340,PATROL,0
29.108,0.0340,0.0340,PATROL,0
29.142,0.0339,0.0340,PATROL,0
29.176,0.0341,0.0340,PATROL,0
29.210,0.0342,0.0340,PATROL,0
29.244,0.0340,0.0340,PATROL,0
29.278,0.0337,0.0340,PATROL,0
29.312,0.0340,0.0340,PATROL,0
29.346,0.0341,0.0340,PATROL,0
29.380,0.0341,0.0340,PATROL,0
29.414,0.0340,0.0340,PATROL,0
29.448,0.0340,0.0340,PATROL,0
29.482,0.0340,0.0340,PATROL,0
29.516,0.0340,0.0340,PATROL,0
29.550,0.0340,0.0340,PATROL,0
29.584,0.0340,0.0340,PATROL,0
29.618,0.0340,0.0340,PATROL,0
29.652,0.0343,0.0340,PATROL,0
29.686,0.0338,0.0340,PATROL,0
29.720,0.0340,0.0340,PATROL,0
29.754,0.0341,0.0340,PATROL,0
29.788,0.0340,0.0340,PATROL,0
29.822,0.0340,0.0340,PATROL,0
29.856,0.0339,0.0340,PATROL,0
29.890,0.0341,0.0340,PATROL,0
29.924,0.0339,0.0340,PATROL,0
29.958,0.0340,0.0340,PATROL,0
29.992,0.0340,0.0340,PATROL,0
30.026,0.0342,0.0340,PATROL,0
30.060,0.0339,0.0340,PATROL,0
30.094,0.0340,0.0340,PATROL,0
30.128,0.0341,0.0340,PATROL,0
30.162,0.0339,0.0340,PATROL,0
30.196,0.0340,0.0340,PATROL,0
30.230,0.0342,0.0340,PATROL,0
30.264,0.0338,0.0340,PATROL,0
30.298,0.0342,0.0340,PATROL,0
30.332,0.0340,0.0340,PATROL,0
30.366,0.0340,0.0340,PATROL,0
30.401,0.0345,0.0340,PATROL,0
30.434,0.0335,0.0340,PATROL,0
30.470,0.0357,0.0340,PATROL,0
30.503,0.0334,0.0340,PATROL,0
30.537,0.0338,0.0340,PATROL,0
30.571,0.0338,0.0340,PATROL,0
30.605,0.0339,0.0340,PATROL,0
30.639,0.0339,0.0340,PATROL,0
30.673,0.0338,0.0340,PATROL,0
30.707,0.0341,0.0340,PATROL,0
30.741,0.0340,0.0340,PATROL,0
30.775,0.0341,0.0340,PATROL,0
30.809,0.0339,0.0340,PATROL,0
30.843,0.0340,0.0340,PATROL,0
30.877,0.0340,0.0340,PATROL,0
30.911,0.0339,0.0340,PATROL,0
30.945,0.0341,0.0340,PATROL,0
30.979,0.0342,0.0340,PATROL,0
31.013,0.0338,0.0340,PATROL,0
31.047,0.0340,0.0340,PATROL,0
31.081,0.0340,0.0340,PATROL,0
31.115,0.0341,0.0340,PATROL,0
31.149,0.0340,0.0340,PATROL,0
31.183,0.0340,0.0340,PATROL,0
31.217,0.0341,0.0340,PATROL,0
31.251,0.0338,0.0340,PATROL,0
31.285,0.0340,0.0340,PATROL,0
31.319,0.0344,0.0340,PATROL,0
31.353,0.0342,0.0340,PATROL,0
31.387,0.0336,0.0340,PATROL,0
31.421,0.0341,0.0340,PATROL,0
31.455,0.0338,0.0340,PATROL,0
31.489,0.0343,0.0340,PATROL,0
31.523,0.0338,0.0340,PATROL,0
31.557,0.0341,0.0340,PATROL,0
31.591,0.0340,0.0340,PATROL,0
31.625,0.0340,0.0340,PATROL,0
31.659,0.0339,0.0340,PATROL,0
31.693,0.0340,0.0340,PATROL,0
31.727,0.0340,0.0340,PATROL,0
31.761,0.0341,0.0340,PATROL,0
31.795,0.0342,0.0340,PATROL,0
31.829,0.0338,0.0340,PATROL,0
31.863,0.0340,0.0340,PATROL,0
31.897,0.0341,0.0340,PATROL,0
31.931,0.0340,0.0340,PATROL,0
31.965,0.0339,0.0340,PATROL,0
31.999,0.0340,0.0340,PATROL,0
32.033,0.0341,0.0340,PATROL,0
32.067,0.0339,0.0340,PATROL,0
32.101,0.0342,0.0340,ALIGN,0
32.135,0.0339,0.0340,ALIGN,0
32.169,0.0342,0.0340,ALIGN,0
32.203,0.0339,0.0340,ALIGN,0
32.237,0.0340,0.0340,ALIGN,0
32.271,0.0340,0.0340,ALIGN,0
32.305,0.0339,0.0340,ALIGN,0
32.339,0.0340,0.0340,ALIGN,0
32.373,0.0340,0.0340,ALIGN,0
32.407,0.0340,0.0340,ALIGN,0
32.441,0.0340,0.0340,ALIGN,0
32.476,0.0343,0.0340,ALIGN,0
32.509,0.0338,0.0340,ALIGN,0
32.543,0.0339,0.0340,ALIGN,0
32.577,0.0340,0.0340,ALIGN,0
32.612,0.0341,0.0340,ALIGN,0
32.646,0.0341,0.0340,ALIGN,0
32.680,0.0340,0.0340,ALIGN,0
32.714,0.0340,0.0340,ALIGN,0
32.748,0.0341,0.0340,ALIGN,0
32.782,0.0343,0.0340,ALIGN,0
32.816,0.0338,0.0340,ALIGN,0
32.850,0.0339,0.0340,ALIGN,0
32.884,0.0339,0.0340,ALIGN,0
32.918,0.0341,0.0340,ALIGN,0
32.952,0.0340,0.0340,ALIGN,0
32.986,0.0340,0.0340,ALIGN,0
33.020,0.0340,0.0340,ALIGN,0
33.054,0.0343,0.0340,ALIGN,0
33.088,0.0340,0.0340,ALIGN,0
33.122,0.0338,0.0340,ALIGN,0
33.156,0.0340,0.0340,ALIGN,0
33.190,0.0343,0.0340,ALIGN,0
33.224,0.0336,0.0340,ALIGN,0
33.258,0.0341,0.0340,ALIGN,0
33.292,0.0341,0.0340,ALIGN,0
33.326,0.0339,0.0340,ALIGN,0
33.360,0.0341,0.0340,ALIGN,0
33.394,0.0339,0.0340,ALIGN,0
33.428,0.0341,0.0340,ALIGN,0
33.462,0.0340,0.0340,ALIGN,0
33.496,0.0341,0.0340,ALIGN,0
33.530,0.0339,0.0340,ALIGN,0
33.564,0.0340,0.0340,ALIGN,0
33.598,0.0343,0.0340,ALIGN,0
33.632,0.0339,0.0340,ALIGN,0
33.666,0.0340,0.0340,ALIGN,0
33.700,0.0340,0.0340,ALIGN,0
33.734,0.0340,0.0340,ALIGN,0
33.768,0.0339,0.0340,ALIGN,0
33.802,0.0340,0.0340,ALIGN,0
33.836,0.0340,0.0340,APPROACH,0
33.870,0.0340,0.0340,APPROACH,0
33.904,0.0340,0.0340,APPROACH,0
33.938,0.0342,0.0340,APPROACH,0
33.972,0.0339,0.0340,APPROACH,0
34.006,0.0339,0.0340,APPROACH,0
34.040,0.0341,0.0340,APPROACH,0
34.074,0.0340,0.0340,APPROACH,0
34.108,0.0341,0.0340,APPROACH,0
34.142,0.0339,0.0340,APPROACH,0
34.176,0.0340,0.0340,APPROACH,0
34.210,0.0340,0.0340,APPROACH,0
34.244,0.0341,0.0340,APPROACH,0
34.278,0.0341,0.0340,APPROACH,0
34.312,0.0340,0.0340,APPROACH,0
34.346,0.0339,0.0340,APPROACH,0
34.381,0.0341,0.0340,APPROACH,0
34.414,0.0338,0.0340,APPROACH,0
34.448,0.0341,0.0340,APPROACH,0
34.483,0.0342,0.0340,APPROACH,0
34.517,0.0340,0.0340,APPROACH,0
34.551,0.0341,0.0340,APPROACH,0
34.585,0.0338,0.0340,APPROACH,0
34.619,0.0343,0.0340,APPROACH,0
34.653,0.0339,0.0340,APPROACH,0
34.687,0.0340,0.0340,APPROACH,0
34.721,0.0340,0.0340,APPROACH,0
34.755,0.0342,0.0340,APPROACH,0
34.789,0.0337,0.0340,APPROACH,0
34.823,0.0342,0.0340,APPROACH,0
34.857,0.0338,0.0340,APPROACH,0
34.891,0.0340,0.0340,APPROACH,0
34.925,0.0341,0.0340,APPROACH,0
34.959,0.0339,0.0340,APPROACH,0
34.993,0.0341,0.0340,APPROACH,0
35.027,0.0341,0.0340,APPROACH,0
35.061,0.0339,0.0340,APPROACH,0
35.095,0.0339,0.0340,APPROACH,0
35.129,0.0341,0.0340,APPROACH,0
35.163,0.0340,0.0340,APPROACH,0
35.197,0.0341,0.0340,APPROACH,0
35.231,0.0339,0.0340,APPROACH,0
35.265,0.0341,0.0340,APPROACH,0
35.299,0.0340,0.0340,APPROACH,0
35.333,0.0342,0.0340,APPROACH,0
35.367,0.0337,0.0340,APPROACH,0
35.401,0.0340,0.0340,APPROACH,0
35.435,0.0341,0.0340,APPROACH,0
35.469,0.0342,0.0340,APPROACH,0
35.503,0.0340,0.0340,APPROACH,0
35.537,0.0341,0.0340,APPROACH,0
35.571,0.0340,0.0340,APPROACH,0
35.605,0.0341,0.0340,APPROACH,0
35.639,0.0340,0.0340,APPROACH,0
35.673,0.0341,0.0340,APPROACH,0
35.707,0.0340,0.0340,APPROACH,0
35.741,0.0340,0.0340,APPROACH,0
35.775,0.0340,0.0340,APPROACH,0
35.809,0.0341,0.0340,APPROACH,0
35.844,0.0342,0.0340,APPROACH,0
35.877,0.0338,0.0340,APPROACH,0
35.912,0.0342,0.0340,APPROACH,0
35.945,0.0338,0.0340,APPROACH,0
35.980,0.0342,0.0340,APPROACH,0
36.014,0.0340,0.0340,APPROACH,0
36.047,0.0337,0.0340,APPROACH,0
36.081,0.0341,0.0340,APPROACH,0
36.115,0.0339,0.0340,APPROACH,0
36.149,0.0340,0.0340,APPROACH,0
36.183,0.0341,0.0340,APPROACH,0
36.217,0.0340,0.0340,APPROACH,0
36.252,0.0346,0.0340,APPROACH,0
36.285,0.0335,0.0340,APPROACH,0
36.320,0.0342,0.0340,APPROACH,0
36.354,0.0339,0.0340,APPROACH,0
36.388,0.0340,0.0340,APPROACH,0
36.422,0.0339,0.0340,APPROACH,0
36.456,0.0342,0.0340,APPROACH,0
36.490,0.0338,0.0340,APPROACH,0
36.524,0.0341,0.0340,APPROACH,0
36.558,0.0341,0.0340,APPROACH,0
36.592,0.0339,0.0340,APPROACH,0
36.626,0.0340,0.0340,APPROACH,0
36.660,0.0341,0.0340,APPROACH,0
36.694,0.0339,0.0340,APPROACH,0
36.728,0.0340,0.0340,APPROACH,0
36.762,0.0341,0.0340,APPROACH,0
36.796,0.0339,0.0340,APPROACH,0
36.830,0.0340,0.0340,APPROACH,0
36.864,0.0342,0.0340,APPROACH,0
36.898,0.0339,0.0340,APPROACH,0
36.932,0.0341,0.0340,APPROACH,0
36.966,0.0344,0.0340,APPROACH,0
37.000,0.0338,0.0340,APPROACH,0
37.034,0.0340,0.0340,APPROACH,0
37.068,0.0340,0.0340,APPROACH,0
37.102,0.0339,0.0340,APPROACH,0
37.136,0.0340,0.0340,APPROACH,0
37.170,0.0341,0.0340,APPROACH,0
37.204,0.0339,0.0340,APPROACH,0
37.238,0.0341,0.0340,APPROACH,0
37.272,0.0341,0.0340,APPROACH,0
37.306,0.0340,0.0340,APPROACH,0
37.340,0.0339,0.0340,APPROACH,0
37.374,0.0342,0.0340,APPROACH,0
37.408,0.0340,0.0340,APPROACH,0
37.442,0.0340,0.0340,APPROACH,0
37.476,0.0339,0.0340,APPROACH,0
37.510,0.0342,0.0340,APPROACH,0
37.544,0.0339,0.0340,APPROACH,0
37.578,0.0340,0.0340,APPROACH,0
37.612,0.0340,0.0340,APPROACH,0
37.646,0.0342,0.0340,APPROACH,0
37.680,0.0340,0.0340,APPROACH,0
37.714,0.0340,0.0340,APPROACH,0
37.748,0.0340,0.0340,APPROACH,0
37.782,0.0340,0.0340,APPROACH,0
37.816,0.0339,0.0340,APPROACH,0
37.850,0.0341,0.0340,APPROACH,0
37.884,0.0340,0.0340,APPROACH,0
37.918,0.0341,0.0340,APPROACH,0
37.952,0.0340,0.0340,APPROACH,0
37.986,0.0339,0.0340,APPROACH,0
38.021,0.0343,0.0340,APPROACH,0
38.054,0.0338,0.0340,APPROACH,0
38.088,0.0340,0.0340,APPROACH,0
38.122,0.0340,0.0340,APPROACH,0
38.157,0.0343,0.0340,APPROACH,0
38.191,0.0341,0.0340,APPROACH,0
38.225,0.0338,0.0340,APPROACH,0
38.258,0.0339,0.0340,APPROACH,0
38.293,0.0341,0.0340,APPROACH,0
38.327,0.0340,0.0340,APPROACH,0
38.361,0.0340,0.0340,APPROACH,0
38.395,0.0339,0.0340,APPROACH,0
38.429,0.0340,0.0340,APPROACH,0
38.463,0.0341,0.0340,APPROACH,0
38.497,0.0340,0.0340,APPROACH,0
38.531,0.0339,0.0340,APPROACH,0
38.565,0.0341,0.0340,APPROACH,0
38.599,0.0340,0.0340,APPROACH,0
38.633,0.0340,0.0340,APPROACH,0
38.667,0.0339,0.0340,APPROACH,0
38.701,0.0341,0.0340,APPROACH,0
38.735,0.0341,0.0340,APPROACH,0
38.769,0.0339,0.0340,APPROACH,0
38.803,0.0340,0.0340,APPROACH,0
38.837,0.0339,0.0340,APPROACH,0
38.871,0.0342,0.0340,APPROACH,0
38.905,0.0341,0.0340,APPROACH,0
38.939,0.0338,0.0340,APPROACH,0
38.973,0.0341,0.0340,APPROACH,0
39.007,0.0338,0.0340,APPROACH,0
39.041,0.0340,0.0340,APPROACH,0
39.075,0.0342,0.0340,APPROACH,0
39.109,0.0341,0.0340,APPROACH,0
39.143,0.0338,0.0340,APPROACH,0
39.177,0.0341,0.0340,APPROACH,0
39.211,0.0339,0.0340,APPROACH,0
39.245,0.0341,0.0340,APPROACH,0
39.279,0.0341,0.0340,APPROACH,0
39.313,0.0342,0.0340,APPROACH,0
39.347,0.0339,0.0340,APPROACH,0
39.381,0.0338,0.0340,APPROACH,0
39.415,0.0340,0.0340,APPROACH,0
39.449,0.0339,0.0340,APPROACH,0
39.483,0.0339,0.0340,APPROACH,0
39.517,0.0340,0.0340,APPROACH,0
39.551,0.0341,0.0340,APPROACH,0
39.585,0.0341,0.0340,APPROACH,0
39.619,0.0340,0.0340,APPROACH,0
39.653,0.0339,0.0340,APPROACH,0
39.687,0.0344,0.0340,APPROACH,0
39.721,0.0340,0.0340,APPROACH,0
39.755,0.0342,0.0340,APPROACH,0
39.789,0.0341,0.0340,APPROACH,0
39.823,0.0341,0.0340,APPROACH,0
39.858,0.0343,0.0340,APPROACH,0
39.892,0.0339,0.0340,APPROACH,0
39.926,0.0340,0.0340,APPROACH,0
39.960,0.0342,0.0340,APPROACH,0
39.994,0.0339,0.0340,APPROACH,0
40.028,0.0340,0.0340,APPROACH,0
40.062,0.0339,0.0340,APPROACH,0
40.096,0.0340,0.0340,APPROACH,0
40.130,0.0342,0.0340,APPROACH,0
40.164,0.0339,0.0340,APPROACH,0
40.198,0.0341,0.0340,APPROACH,0
40.232,0.0340,0.0340,APPROACH,0
40.266,0.0342,0.0340,APPROACH,0
40.300,0.0341,0.0340,APPROACH,0
40.334,0.0340,0.0340,APPROACH,0
40.368,0.0341,0.0340,APPROACH,0
40.402,0.0341,0.0340,APPROACH,0
40.436,0.0339,0.0340,APPROACH,0
40.470,0.0340,0.0340,APPROACH,0
40.504,0.0341,0.0340,APPROACH,0
40.538,0.0341,0.0340,APPROACH,0
40.572,0.0341,0.0340,APPROACH,0
40.606,0.0340,0.0340,APPROACH,0
40.641,0.0341,0.0340,APPROACH,0
40.675,0.0340,0.0340,APPROACH,0
40.709,0.0340,0.0340,APPROACH,0
40.743,0.0342,0.0340,APPROACH,0
40.777,0.0341,0.0340,APPROACH,0
40.810,0.0336,0.0340,APPROACH,0
40.844,0.0340,0.0340,APPROACH,0
40.878,0.0340,0.0340,APPROACH,0
40.912,0.0341,0.0340,APPROACH,0
40.947,0.0340,0.0340,APPROACH,0
40.980,0.0338,0.0340,APPROACH,0
41.015,0.0343,0.0340,APPROACH,0
41.049,0.0339,0.0340,APPROACH,0
41.083,0.0342,0.0340,APPROACH,0
41.117,0.0338,0.0340,APPROACH,0
41.151,0.0341,0.0340,APPROACH,0
41.185,0.0340,0.0340,APPROACH,0
41.219,0.0341,0.0340,APPROACH,0
41.253,0.0340,0.0340,APPROACH,0
41.287,0.0339,0.0340,APPROACH,0
41.321,0.0341,0.0340,APPROACH,0
41.355,0.0340,0.0340,APPROACH,0
41.389,0.0341,0.0340,APPROACH,0
41.423,0.0342,0.0340,APPROACH,0
41.457,0.0337,0.0340,APPROACH,0
41.491,0.0341,0.0340,APPROACH,0
41.525,0.0340,0.0340,APPROACH,0
41.559,0.0341,0.0340,APPROACH,0
41.593,0.0338,0.0340,APPROACH,0
41.627,0.0341,0.0340,APPROACH,0
41.661,0.0341,0.0340,APPROACH,0
41.695,0.0339,0.0340,APPROACH,0
41.729,0.0340,0.0340,APPROACH,0
41.763,0.0342,0.0340,APPROACH,0
41.797,0.0339,0.0340,APPROACH,0
41.831,0.0340,0.0340,APPROACH,0
41.865,0.0342,0.0340,APPROACH,0
41.899,0.0339,0.0340,APPROACH,0
41.933,0.0341,0.0340,APPROACH,0
41.967,0.0342,0.0340,APPROACH,0
42.001,0.0340,0.0340,APPROACH,0
42.035,0.0340,0.0340,APPROACH,0
42.069,0.0341,0.0340,APPROACH,0
42.103,0.0341,0.0340,APPROACH,0
42.137,0.0339,0.0340,APPROACH,0
42.171,0.0340,0.0340,APPROACH,0
42.205,0.0340,0.0340,APPROACH,0
42.239,0.0341,0.0340,APPROACH,0
42.273,0.0341,0.0340,APPROACH,0
42.307,0.0339,0.0340,APPROACH,0
42.341,0.0339,0.0340,APPROACH,0
42.375,0.0342,0.0340,APPROACH,0
42.409,0.0340,0.0340,APPROACH,0
42.444,0.0341,0.0340,APPROACH,0
42.477,0.0338,0.0340,APPROACH,0
42.511,0.0340,0.0340,APPROACH,0
42.545,0.0341,0.0340,APPROACH,0
42.579,0.0341,0.0340,APPROACH,0
42.614,0.0341,0.0340,APPROACH,0
42.648,0.0342,0.0340,APPROACH,0
42.682,0.0340,0.0340,APPROACH,0
42.716,0.0339,0.0340,APPROACH,0
42.750,0.0339,0.0340,APPROACH,0
42.784,0.0343,0.0340,APPROACH,0
42.818,0.0336,0.0340,APPROACH,0
42.852,0.0340,0.0340,APPROACH,0
42.886,0.0341,0.0340,APPROACH,0
42.920,0.0341,0.0340,APPROACH,0
42.954,0.0338,0.0340,APPROACH,0
42.988,0.0340,0.0340,APPROACH,0
43.022,0.0342,0.0340,APPROACH,0
43.056,0.0340,0.0340,APPROACH,0
43.090,0.0340,0.0340,APPROACH,0
43.124,0.0340,0.0340,APPROACH,0
43.158,0.0340,0.0340,APPROACH,0
43.192,0.0340,0.0340,APPROACH,0
43.226,0.0340,0.0340,APPROACH,0
43.260,0.0342,0.0340,APPROACH,0
43.294,0.0341,0.0340,APPROACH,0
43.328,0.0342,0.0340,APPROACH,0
43.362,0.0340,0.0340,APPROACH,0
43.396,0.0341,0.0340,APPROACH,0
43.430,0.0341,0.0340,APPROACH,0
43.464,0.0340,0.0340,APPROACH,0
43.498,0.0338,0.0340,APPROACH,0
43.532,0.0342,0.0340,APPROACH,0
43.566,0.0340,0.0340,APPROACH,0
43.600,0.0339,0.0340,APPROACH,0
43.634,0.0340,0.0340,APPROACH,0
43.668,0.0340,0.0340,APPROACH,0
43.702,0.0338,0.0340,APPROACH,0
43.736,0.0335,0.0340,APPROACH,0
43.770,0.0340,0.0340,APPROACH,0
43.804,0.0341,0.0340,APPROACH,0
43.838,0.0338,0.0340,APPROACH,0
43.872,0.0341,0.0340,APPROACH,0
43.906,0.0341,0.0340,APPROACH,0
43.940,0.0339,0.0340,APPROACH,0
43.974,0.0341,0.0340,APPROACH,0
44.008,0.0339,0.0340,APPROACH,0
44.042,0.0342,0.0340,APPROACH,0
44.076,0.0340,0.0340,APPROACH,0
44.110,0.0342,0.0340,APPROACH,0
44.144,0.0341,0.0340,APPROACH,0
44.178,0.0342,0.0340,APPROACH,0
44.213,0.0343,0.0340,APPROACH,0
44.247,0.0340,0.0340,APPROACH,0
44.281,0.0340,0.0340,APPROACH,0
44.315,0.0341,0.0340,APPROACH,0
44.349,0.0339,0.0340,APPROACH,0
44.383,0.0340,0.0340,APPROACH,0
44.417,0.0343,0.0340,APPROACH,0
44.451,0.0338,0.0340,APPROACH,0
44.485,0.0341,0.0340,APPROACH,0
44.519,0.0340,0.0340,APPROACH,0
44.553,0.0339,0.0340,APPROACH,0
44.587,0.0340,0.0340,APPROACH,0
44.621,0.0340,0.0340,APPROACH,0
44.655,0.0341,0.0340,APPROACH,0
44.689,0.0341,0.0340,APPROACH,0
44.723,0.0339,0.0340,APPROACH,0
44.757,0.0343,0.0340,APPROACH,0
44.791,0.0343,0.0340,APPROACH,0
44.825,0.0337,0.0340,APPROACH,0
44.859,0.0341,0.0340,APPROACH,0
44.893,0.0340,0.0340,APPROACH,0
44.927,0.0341,0.0340,APPROACH,0
44.961,0.0340,0.0340,APPROACH,0
44.995,0.0341,0.0340,APPROACH,0
45.029,0.0337,0.0340,APPROACH,0
45.063,0.0340,0.0340,APPROACH,0
45.097,0.0341,0.0340,APPROACH,0
45.131,0.0339,0.0340,APPROACH,0
45.165,0.0340,0.0340,APPROACH,0
45.199,0.0342,0.0340,APPROACH,0
45.233,0.0340,0.0340,APPROACH,0
45.267,0.0339,0.0340,APPROACH,0
45.301,0.0340,0.0340,APPROACH,0
45.335,0.0340,0.0340,APPROACH,0
45.369,0.0340,0.0340,APPROACH,0
45.403,0.0340,0.0340,APPROACH,0
45.437,0.0340,0.0340,APPROACH,0
45.471,0.0342,0.0340,APPROACH,0
45.505,0.0339,0.0340,APPROACH,0
45.540,0.0344,0.0340,APPROACH,0
45.573,0.0338,0.0340,APPROACH,0
45.608,0.0341,0.0340,APPROACH,0
45.641,0.0339,0.0340,APPROACH,0
45.675,0.0339,0.0340,APPROACH,0
45.709,0.0340,0.0340,APPROACH,0
45.743,0.0341,0.0340,APPROACH,0
45.778,0.0341,0.0340,APPROACH,0
45.812,0.0340,0.0340,APPROACH,0
45.846,0.0339,0.0340,APPROACH,0
45.880,0.0341,0.0340,APPROACH,0
45.914,0.0340,0.0340,APPROACH,0
45.947,0.0339,0.0340,APPROACH,0
45.982,0.0341,0.0340,APPROACH,0
46.016,0.0341,0.0340,APPROACH,0
46.050,0.0340,0.0340,APPROACH,0
46.084,0.0339,0.0340,APPROACH,0
46.118,0.0342,0.0340,APPROACH,0
46.152,0.0340,0.0340,APPROACH,0
46.186,0.0338,0.0340,APPROACH,0
46.220,0.0341,0.0340,APPROACH,0
46.254,0.0338,0.0340,APPROACH,0
46.288,0.0340,0.0340,APPROACH,0
46.322,0.0340,0.0340,APPROACH,0
46.356,0.0342,0.0340,APPROACH,0
46.390,0.0341,0.0340,APPROACH,0
46.424,0.0340,0.0340,APPROACH,0
46.458,0.0341,0.0340,APPROACH,0
46.492,0.0339,0.0340,APPROACH,0
46.526,0.0340,0.0340,APPROACH,0
46.560,0.0340,0.0340,APPROACH,0
46.594,0.0340,0.0340,APPROACH,0
46.628,0.0340,0.0340,APPROACH,0
46.662,0.0342,0.0340,APPROACH,0
46.696,0.0338,0.0340,APPROACH,0
46.730,0.0341,0.0340,APPROACH,0
46.764,0.0339,0.0340,APPROACH,0
46.798,0.0342,0.0340,APPROACH,0
46.832,0.0339,0.0340,APPROACH,0
46.866,0.0341,0.0340,APPROACH,0
46.900,0.0341,0.0340,APPROACH,0
46.934,0.0339,0.0340,APPROACH,0
46.968,0.0339,0.0340,APPROACH,0
47.002,0.0341,0.0340,APPROACH,0
47.036,0.0338,0.0340,APPROACH,0
47.070,0.0340,0.0340,APPROACH,0
47.104,0.0340,0.0340,APPROACH,0
47.138,0.0342,0.0340,APPROACH,0
47.172,0.0341,0.0340,APPROACH,0
47.206,0.0340,0.0340,APPROACH,0
47.240,0.0339,0.0340,APPROACH,0
47.274,0.0339,0.0340,APPROACH,0
47.308,0.0341,0.0340,APPROACH,0
47.342,0.0339,0.0340,APPROACH,0
47.376,0.0342,0.0340,APPROACH,0
47.410,0.0340,0.0340,APPROACH,0
47.444,0.0340,0.0340,APPROACH,0
47.478,0.0340,0.0340,APPROACH,0
47.512,0.0340,0.0340,APPROACH,0
47.546,0.0341,0.0340,APPROACH,0
47.581,0.0340,0.0340,APPROACH,0
47.614,0.0338,0.0340,APPROACH,0
47.649,0.0342,0.0340,APPROACH,0
47.683,0.0342,0.0340,APPROACH,0
47.717,0.0339,0.0340,APPROACH,0
47.751,0.0341,0.0340,APPROACH,0
47.784,0.0339,0.0340,APPROACH,0
47.819,0.0340,0.0340,APPROACH,0
47.853,0.0343,0.0340,APPROACH,0
47.887,0.0339,0.0340,APPROACH,0
47.921,0.0340,0.0340,APPROACH,0
47.955,0.0338,0.0340,APPROACH,0
47.989,0.0344,0.0340,APPROACH,0
48.023,0.0337,0.0340,APPROACH,0
48.057,0.0341,0.0340,APPROACH,0
48.091,0.0339,0.0340,APPROACH,0
48.125,0.0342,0.0340,APPROACH,0
48.159,0.0339,0.0340,APPROACH,0
48.193,0.0341,0.0340,APPROACH,0
48.227,0.0339,0.0340,APPROACH,0
48.261,0.0341,0.0340,APPROACH,0
48.295,0.0339,0.0340,APPROACH,0
48.329,0.0341,0.0340,APPROACH,0
48.363,0.0341,0.0340,APPROACH,0
48.397,0.0339,0.0340,APPROACH,0
48.431,0.0339,0.0340,APPROACH,0
48.465,0.0341,0.0340,APPROACH,0
48.499,0.0340,0.0340,APPROACH,0
48.533,0.0339,0.0340,APPROACH,0
48.567,0.0339,0.0340,APPROACH,0
48.601,0.0342,0.0340,APPROACH,0
48.635,0.0338,0.0340,APPROACH,0
48.669,0.0341,0.0340,APPROACH,0
48.703,0.0339,0.0340,APPROACH,0
48.737,0.0340,0.0340,APPROACH,0
48.771,0.0341,0.0340,APPROACH,0
48.805,0.0342,0.0340,APPROACH,0
48.839,0.0339,0.0340,APPROACH,0
48.873,0.0341,0.0340,APPROACH,0
48.907,0.0341,0.0340,APPROACH,0
48.941,0.0340,0.0340,APPROACH,0
48.975,0.0341,0.0340,APPROACH,0
49.009,0.0340,0.0340,APPROACH,0
49.043,0.0343,0.0340,APPROACH,0
49.077,0.0339,0.0340,APPROACH,0
49.111,0.0341,0.0340,APPROACH,0
49.145,0.0338,0.0340,APPROACH,0
49.179,0.0341,0.0340,APPROACH,0
49.213,0.0339,0.0340,APPROACH,0
49.247,0.0341,0.0340,APPROACH,0
49.281,0.0341,0.0340,APPROACH,0
49.315,0.0340,0.0340,APPROACH,0
49.349,0.0340,0.0340,APPROACH,0
49.383,0.0339,0.0340,APPROACH,0
49.417,0.0342,0.0340,APPROACH,0
49.451,0.0340,0.0340,APPROACH,0
49.485,0.0340,0.0340,APPROACH,0
49.519,0.0339,0.0340,APPROACH,0
49.553,0.0341,0.0340,APPROACH,0
49.587,0.0340,0.0340,APPROACH,0
49.622,0.0341,0.0340,APPROACH,0
49.656,0.0341,0.0340,APPROACH,0
49.690,0.0340,0.0340,APPROACH,0
49.724,0.0340,0.0340,PATROL,0
49.758,0.0340,0.0340,ALIGN,0
49.792,0.0341,0.0340,ALIGN,0
49.826,0.0340,0.0340,APPROACH,0
49.860,0.0339,0.0340,APPROACH,0
49.894,0.0340,0.0340,APPROACH,0
49.928,0.0341,0.0340,APPROACH,0
49.962,0.0340,0.0340,APPROACH,0
49.996,0.0341,0.0340,APPROACH,0
50.030,0.0340,0.0340,APPROACH,0
50.064,0.0340,0.0340,APPROACH,0
50.098,0.0338,0.0340,APPROACH,0
50.132,0.0340,0.0340,APPROACH,0
50.166,0.0340,0.0340,APPROACH,0
50.200,0.0340,0.0340,APPROACH,0
50.234,0.0341,0.0340,APPROACH,0
50.268,0.0341,0.0340,APPROACH,0
50.302,0.0340,0.0340,APPROACH,0
50.336,0.0340,0.0340,APPROACH,0
50.370,0.0340,0.0340,APPROACH,0
50.404,0.0341,0.0340,APPROACH,0
50.438,0.0343,0.0340,APPROACH,0
50.472,0.0336,0.0340,APPROACH,0
50.506,0.0341,0.0340,APPROACH,0
50.540,0.0340,0.0340,APPROACH,0
50.574,0.0340,0.0340,APPROACH,0
50.608,0.0340,0.0340,APPROACH,0
50.642,0.0340,0.0340,APPROACH,0
50.676,0.0340,0.0340,APPROACH,0
50.710,0.0340,0.0340,APPROACH,0
50.744,0.0340,0.0340,APPROACH,0
50.778,0.0340,0.0340,APPROACH,0
50.812,0.0340,0.0340,APPROACH,0
50.846,0.0341,0.0340,APPROACH,0
50.880,0.0339,0.0340,APPROACH,0
50.914,0.0341,0.0340,APPROACH,0
50.948,0.0342,0.0340,APPROACH,0
50.982,0.0339,0.0340,APPROACH,0
51.017,0.0350,0.0340,APPROACH,0
51.051,0.0338,0.0340,APPROACH,0
51.085,0.0339,0.0340,APPROACH,0
51.119,0.0338,0.0340,APPROACH,0
51.153,0.0339,0.0340,APPROACH,0
51.187,0.0339,0.0340,APPROACH,0
51.221,0.0341,0.0340,APPROACH,0
51.254,0.0339,0.0340,APPROACH,0
51.289,0.0341,0.0340,APPROACH,0
51.322,0.0338,0.0340,APPROACH,0
51.357,0.0342,0.0340,APPROACH,0
51.390,0.0338,0.0340,APPROACH,0
51.425,0.0341,0.0340,APPROACH,0
51.458,0.0339,0.0340,APPROACH,0
51.493,0.0342,0.0340,APPROACH,0
51.527,0.0341,0.0340,APPROACH,0
51.561,0.0339,0.0340,APPROACH,0
51.594,0.0339,0.0340,APPROACH,0
51.629,0.0342,0.0340,APPROACH,0
51.663,0.0343,0.0340,APPROACH,0
51.697,0.0337,0.0340,APPROACH,0
51.731,0.0339,0.0340,APPROACH,0
51.765,0.0342,0.0340,APPROACH,0
51.799,0.0338,0.0340,APPROACH,0
51.833,0.0340,0.0340,APPROACH,0
51.867,0.0341,0.0340,APPROACH,0
51.901,0.0340,0.0340,APPROACH,0
51.935,0.0339,0.0340,APPROACH,0
51.969,0.0341,0.0340,APPROACH,0
52.003,0.0340,0.0340,APPROACH,0
52.037,0.0340,0.0340,APPROACH,0
52.071,0.0340,0.0340,APPROACH,0
52.105,0.0341,0.0340,APPROACH,0
52.139,0.0338,0.0340,APPROACH,0
52.173,0.0341,0.0340,APPROACH,0
52.207,0.0341,0.0340,APPROACH,0
52.241,0.0340,0.0340,APPROACH,0
52.275,0.0340,0.0340,APPROACH,0
52.309,0.0345,0.0340,APPROACH,0
52.343,0.0336,0.0340,APPROACH,0
52.377,0.0340,0.0340,APPROACH,0
52.411,0.0339,0.0340,APPROACH,0
52.445,0.0340,0.0340,APPROACH,0
52.479,0.0340,0.0340,APPROACH,0
52.513,0.0342,0.0340,APPROACH,0
52.547,0.0339,0.0340,APPROACH,0
52.581,0.0340,0.0340,APPROACH,0
52.615,0.0341,0.0340,APPROACH,0
52.649,0.0340,0.0340,APPROACH,0
52.683,0.0340,0.0340,APPROACH,0
52.717,0.0344,0.0340,APPROACH,0
52.751,0.0339,0.0340,APPROACH,0
52.785,0.0338,0.0340,APPROACH,0
52.819,0.0339,0.0340,APPROACH,0
52.853,0.0341,0.0340,APPROACH,0
52.887,0.0339,0.0340,APPROACH,0
52.921,0.0342,0.0340,APPROACH,0
52.955,0.0339,0.0340,APPROACH,0
52.989,0.0341,0.0340,APPROACH,0
53.023,0.0340,0.0340,APPROACH,0
53.057,0.0341,0.0340,APPROACH,0
53.091,0.0340,0.0340,APPROACH,0
53.125,0.0341,0.0340,APPROACH,0
53.159,0.0340,0.0340,APPROACH,0
53.193,0.0339,0.0340,APPROACH,0
53.227,0.0340,0.0340,APPROACH,0
53.261,0.0342,0.0340,APPROACH,0
53.296,0.0341,0.0340,APPROACH,0
53.329,0.0339,0.0340,APPROACH,0
53.364,0.0342,0.0340,APPROACH,0
53.398,0.0338,0.0340,APPROACH,0
53.431,0.0339,0.0340,APPROACH,0
53.466,0.0343,0.0340,APPROACH,0
53.500,0.0338,0.0340,APPROACH,0
53.534,0.0341,0.0340,APPROACH,0
53.568,0.0339,0.0340,APPROACH,0
53.602,0.0340,0.0340,APPROACH,0
53.636,0.0340,0.0340,APPROACH,0
53.670,0.0340,0.0340,APPROACH,0
53.704,0.0340,0.0340,APPROACH,0
53.738,0.0342,0.0340,APPROACH,0
53.772,0.0339,0.0340,APPROACH,0
53.806,0.0340,0.0340,APPROACH,0
53.840,0.0342,0.0340,APPROACH,0
53.874,0.0339,0.0340,APPROACH,0
53.908,0.0338,0.0340,BLIND_DASH,0
53.942,0.0341,0.0340,BLIND_DASH,0
53.976,0.0339,0.0340,BLIND_DASH,0
54.010,0.0341,0.0340,BLIND_DASH,0
54.044,0.0342,0.0340,BLIND_DASH,0
54.078,0.0340,0.0340,BLIND_DASH,0
54.112,0.0338,0.0340,BLIND_DASH,0
54.146,0.0341,0.0340,BLIND_DASH,0
54.180,0.0342,0.0340,BLIND_DASH,0
54.214,0.0340,0.0340,BLIND_DASH,0
54.249,0.0345,0.0340,BLIND_DASH,0
54.282,0.0338,0.0340,BLIND_DASH,0
54.316,0.0341,0.0340,BLIND_DASH,0
54.350,0.0338,0.0340,BLIND_DASH,0
54.384,0.0340,0.0340,BLIND_DASH,0
54.418,0.0340,0.0340,BLIND_DASH,0
54.452,0.0341,0.0340,BLIND_DASH,0
54.486,0.0338,0.0340,BLIND_DASH,0
54.520,0.0341,0.0340,BLIND_DASH,0
54.554,0.0340,0.0340,BLIND_DASH,0
54.588,0.0339,0.0340,BLIND_DASH,0
54.622,0.0341,0.0340,BLIND_DASH,0
54.656,0.0341,0.0340,BLIND_DASH,0
54.690,0.0340,0.0340,BLIND_DASH,0
54.724,0.0338,0.0340,BLIND_DASH,0
54.758,0.0340,0.0340,BLIND_DASH,0
54.792,0.0340,0.0340,BLIND_DASH,0
54.826,0.0341,0.0340,BLIND_DASH,0
54.860,0.0340,0.0340,BLIND_DASH,0
54.894,0.0340,0.0340,BLIND_DASH,0
54.929,0.0342,0.0340,BLIND_DASH,0
54.962,0.0338,0.0340,BLIND_DASH,0
54.997,0.0342,0.0340,BLIND_DASH,0
55.031,0.0341,0.0340,BLIND_DASH,0
55.065,0.0340,0.0340,BLIND_DASH,0
55.099,0.0341,0.0340,BLIND_DASH,0
55.133,0.0338,0.0340,BLIND_DASH,0
55.167,0.0341,0.0340,BLIND_DASH,0
55.201,0.0338,0.0340,BLIND_DASH,0
55.235,0.0341,0.0340,BLIND_DASH,0
55.269,0.0339,0.0340,BLIND_DASH,0
55.303,0.0343,0.0340,BLIND_DASH,0
55.337,0.0339,0.0340,BLIND_DASH,0
55.371,0.0339,0.0340,BLIND_DASH,0
55.405,0.0340,0.0340,BLIND_DASH,0
55.439,0.0343,0.0340,BLIND_DASH,0
55.473,0.0338,0.0340,BLIND_DASH,0
55.507,0.0339,0.0340,BLIND_DASH,0
55.541,0.0340,0.0340,BLIND_DASH,0
55.575,0.0340,0.0340,BLIND_DASH,0
55.609,0.0340,0.0340,BLIND_DASH,0
55.643,0.0339,0.0340,BLIND_DASH,0
55.677,0.0340,0.0340,BLIND_DASH,0
55.711,0.0341,0.0340,BLIND_DASH,0
55.745,0.0342,0.0340,BLIND_DASH,0
55.779,0.0337,0.0340,BLIND_DASH,0
55.813,0.0342,0.0340,PATROL,0
55.847,0.0339,0.0340,PATROL,0
55.881,0.0342,0.0340,PATROL,0
55.915,0.0342,0.0340,PATROL,0
55.949,0.0339,0.0340,PATROL,0
55.983,0.0339,0.0340,PATROL,0
56.017,0.0342,0.0340,PATROL,0
56.051,0.0339,0.0340,PATROL,0
56.085,0.0341,0.0340,PATROL,0
56.119,0.0339,0.0340,PATROL,0
56.153,0.0340,0.0340,PATROL,0
56.187,0.0341,0.0340,PATROL,0
56.221,0.0340,0.0340,PATROL,0
56.255,0.0340,0.0340,PATROL,0
56.289,0.0340,0.0340,PATROL,0
56.323,0.0339,0.0340,PATROL,0
56.357,0.0342,0.0340,PATROL,0
56.391,0.0339,0.0340,PATROL,0
56.425,0.0341,0.0340,PATROL,0
56.459,0.0342,0.0340,PATROL,0
56.494,0.0342,0.0340,PATROL,0
56.527,0.0335,0.0340,PATROL,0
56.561,0.0340,0.0340,PATROL,0
56.596,0.0343,0.0340,PATROL,0
56.629,0.0337,0.0340,PATROL,0
56.664,0.0342,0.0340,PATROL,0
56.698,0.0342,0.0340,PATROL,0
56.732,0.0339,0.0340,PATROL,0
56.766,0.0342,0.0340,PATROL,0
56.800,0.0338,0.0340,PATROL,0
56.834,0.0340,0.0340,PATROL,0
56.868,0.0341,0.0340,PATROL,0
56.902,0.0337,0.0340,PATROL,0
56.936,0.0341,0.0340,PATROL,0
56.970,0.0341,0.0340,PATROL,0
57.004,0.0338,0.0340,PATROL,0
57.038,0.0342,0.0340,PATROL,0
57.072,0.0339,0.0340,PATROL,0
57.106,0.0342,0.0340,PATROL,0
57.140,0.0340,0.0340,PATROL,0
57.174,0.0344,0.0340,PATROL,0
57.208,0.0335,0.0340,PATROL,0
57.242,0.0340,0.0340,PATROL,0
57.276,0.0340,0.0340,PATROL,0
57.310,0.0341,0.0340,PATROL,0
57.344,0.0339,0.0340,PATROL,0
57.378,0.0340,0.0340,PATROL,0
57.412,0.0343,0.0340,PATROL,0
57.446,0.0339,0.0340,PATROL,0
57.480,0.0341,0.0340,PATROL,0
57.514,0.0338,0.0340,PATROL,0
57.548,0.0344,0.0340,PATROL,0
57.582,0.0336,0.0340,PATROL,0
57.616,0.0343,0.0340,PATROL,0
57.650,0.0338,0.0340,PATROL,0
57.684,0.0340,0.0340,PATROL,0
57.718,0.0341,0.0340,PATROL,0
57.752,0.0341,0.0340,PATROL,0
57.786,0.0340,0.0340,PATROL,0
57.820,0.0340,0.0340,PATROL,0
57.854,0.0340,0.0340,PATROL,0
57.888,0.0340,0.0340,PATROL,0
57.922,0.0340,0.0340,PATROL,0
57.956,0.0341,0.0340,PATROL,0
57.990,0.0340,0.0340,PATROL,0
58.024,0.0341,0.0340,PATROL,0
58.058,0.0339,0.0340,PATROL,0
58.092,0.0340,0.0340,PATROL,0
58.126,0.0341,0.0340,PATROL,0
58.160,0.0340,0.0340,PATROL,0
58.195,0.0343,0.0340,PATROL,0
58.228,0.0338,0.0340,PATROL,0
58.262,0.0341,0.0340,PATROL,0
58.297,0.0344,0.0340,PATROL,0
58.330,0.0336,0.0340,PATROL,0
58.364,0.0340,0.0340,PATROL,0
58.399,0.0341,0.0340,PATROL,0
58.433,0.0343,0.0340,PATROL,0
58.467,0.0338,0.0340,PATROL,0
58.501,0.0339,0.0340,PATROL,0
58.535,0.0340,0.0340,PATROL,0
58.569,0.0344,0.0340,PATROL,0
58.603,0.0336,0.0340,PATROL,0
58.637,0.0339,0.0340,PATROL,0
58.671,0.0341,0.0340,PATROL,0
58.705,0.0340,0.0340,PATROL,0
58.739,0.0340,0.0340,PATROL,0
58.773,0.0341,0.0340,PATROL,0
58.807,0.0339,0.0340,PATROL,0
58.841,0.0341,0.0340,PATROL,0
58.875,0.0341,0.0340,PATROL,0
58.909,0.0339,0.0340,PATROL,0
58.943,0.0341,0.0340,PATROL,0
58.977,0.0340,0.0340,PATROL,0
59.011,0.0338,0.0340,PATROL,0
59.045,0.0342,0.0340,PATROL,0
59.079,0.0342,0.0340,PATROL,0
59.113,0.0339,0.0340,PATROL,0
59.147,0.0341,0.0340,PATROL,0
59.181,0.0341,0.0340,PATROL,0
59.215,0.0339,0.0340,PATROL,0
59.249,0.0341,0.0340,PATROL,0
59.283,0.0340,0.0340,PATROL,0
59.317,0.0339,0.0340,PATROL,0
59.351,0.0341,0.0340,PATROL,0
59.386,0.0344,0.0340,PATROL,0
59.419,0.0337,0.0340,PATROL,0
59.453,0.0340,0.0340,PATROL,0
59.487,0.0341,0.0340,PATROL,0
59.521,0.0340,0.0340,PATROL,0
59.555,0.0340,0.0340,PATROL,0
59.589,0.0340,0.0340,PATROL,0
59.623,0.0340,0.0340,PATROL,0
59.657,0.0341,0.0340,PATROL,0
59.691,0.0340,0.0340,PATROL,0
59.725,0.0339,0.0340,PATROL,0
59.759,0.0340,0.0340,PATROL,0
59.793,0.0340,0.0340,PATROL,0
59.827,0.0341,0.0340,PATROL,0
59.862,0.0342,0.0340,PATROL,0
59.895,0.0339,0.0340,PATROL,0
59.930,0.0341,0.0340,PATROL,0
59.964,0.0340,0.0340,PATROL,0
59.998,0.0341,0.0340,PATROL,0
60.032,0.0340,0.0340,PATROL,0
60.066,0.0341,0.0340,PATROL,0
60.100,0.0339,0.0340,PATROL,0
60.134,0.0340,0.0340,PATROL,0
60.168,0.0340,0.0340,PATROL,0
60.202,0.0341,0.0340,PATROL,0
60.236,0.0340,0.0340,PATROL,0
60.270,0.0344,0.0340,PATROL,0
60.304,0.0339,0.0340,PATROL,0
60.338,0.0340,0.0340,PATROL,0
60.372,0.0340,0.0340,PATROL,0
60.406,0.0339,0.0340,PATROL,0
60.440,0.0340,0.0340,PATROL,0
60.474,0.0341,0.0340,PATROL,0
60.508,0.0342,0.0340,PATROL,0
60.542,0.0340,0.0340,PATROL,0
60.576,0.0338,0.0340,PATROL,0
60.610,0.0341,0.0340,PATROL,0
60.644,0.0338,0.0340,PATROL,0
60.678,0.0341,0.0340,PATROL,0
60.712,0.0340,0.0340,PATROL,0
60.746,0.0342,0.0340,PATROL,0
60.780,0.0340,0.0340,PATROL,0
60.814,0.0340,0.0340,PATROL,0
60.848,0.0340,0.0340,PATROL,0
60.882,0.0340,0.0340,PATROL,0
60.916,0.0341,0.0340,PATROL,0
60.950,0.0340,0.0340,PATROL,0
60.984,0.0341,0.0340,PATROL,0
61.018,0.0339,0.0340,PATROL,0
61.052,0.0341,0.0340,PATROL,0
61.087,0.0343,0.0340,PATROL,0
61.120,0.0338,0.0340,PATROL,0
61.154,0.0337,0.0340,PATROL,0
61.188,0.0341,0.0340,ALIGN,0
61.222,0.0340,0.0340,ALIGN,0
61.256,0.0340,0.0340,ALIGN,0
61.291,0.0344,0.0340,ALIGN,0
61.325,0.0341,0.0340,ALIGN,0
61.358,0.0338,0.0340,ALIGN,0
61.392,0.0340,0.0340,ALIGN,0
61.427,0.0342,0.0340,ALIGN,0
61.460,0.0338,0.0340,ALIGN,0
61.495,0.0342,0.0340,ALIGN,0
61.529,0.0341,0.0340,ALIGN,0
61.563,0.0339,0.0340,ALIGN,0
61.597,0.0341,0.0340,ALIGN,0
61.631,0.0339,0.0340,PATROL,0
61.665,0.0341,0.0340,PATROL,0
61.699,0.0340,0.0340,PATROL,0
61.733,0.0339,0.0340,ALIGN,0
61.767,0.0340,0.0340,ALIGN,0
61.801,0.0340,0.0340,ALIGN,0
61.835,0.0342,0.0340,ALIGN,0
61.869,0.0338,0.0340,ALIGN,0
61.903,0.0340,0.0340,ALIGN,0
61.937,0.0341,0.0340,ALIGN,0
61.971,0.0342,0.0340,ALIGN,0
62.005,0.0342,0.0340,ALIGN,0
62.039,0.0340,0.0340,ALIGN,0
62.073,0.0337,0.0340,ALIGN,0
62.107,0.0339,0.0340,ALIGN,0
62.141,0.0340,0.0340,ALIGN,0
62.175,0.0341,0.0340,ALIGN,0
62.209,0.0339,0.0340,ALIGN,0
62.243,0.0340,0.0340,ALIGN,0
62.277,0.0341,0.0340,ALIGN,0
62.311,0.0340,0.0340,ALIGN,0
62.345,0.0340,0.0340,ALIGN,0
62.379,0.0339,0.0340,ALIGN,0
62.413,0.0341,0.0340,ALIGN,0
62.447,0.0340,0.0340,ALIGN,0
62.481,0.0342,0.0340,ALIGN,0
62.515,0.0337,0.0340,ALIGN,0
62.549,0.0341,0.0340,ALIGN,0
62.583,0.0341,0.0340,ALIGN,0
62.617,0.0344,0.0340,ALIGN,0
62.651,0.0338,0.0340,ALIGN,0
62.685,0.0341,0.0340,ALIGN,0
62.719,0.0340,0.0340,ALIGN,0
62.753,0.0342,0.0340,ALIGN,0
62.787,0.0339,0.0340,ALIGN,0
62.821,0.0342,0.0340,ALIGN,0
62.855,0.0338,0.0340,ALIGN,0
62.890,0.0343,0.0340,ALIGN,0
62.923,0.0339,0.0340,ALIGN,0
62.958,0.0344,0.0340,ALIGN,0
62.992,0.0339,0.0340,ALIGN,0
63.026,0.0339,0.0340,APPROACH,0
63.060,0.0340,0.0340,APPROACH,0
63.093,0.0339,0.0340,APPROACH,0
63.128,0.0342,0.0340,APPROACH,0
63.162,0.0339,0.0340,APPROACH,0
63.196,0.0340,0.0340,APPROACH,0
63.230,0.0340,0.0340,APPROACH,0
63.264,0.0341,0.0340,APPROACH,0
63.298,0.0339,0.0340,APPROACH,0
63.332,0.0341,0.0340,APPROACH,0
63.366,0.0342,0.0340,APPROACH,0
63.400,0.0339,0.0340,APPROACH,0
63.434,0.0341,0.0340,APPROACH,0
63.468,0.0338,0.0340,APPROACH,0
63.502,0.0340,0.0340,APPROACH,0
63.536,0.0340,0.0340,APPROACH,0
63.570,0.0344,0.0340,APPROACH,0
63.604,0.0338,0.0340,APPROACH,0
63.638,0.0338,0.0340,APPROACH,0
63.672,0.0343,0.0340,APPROACH,0
63.706,0.0337,0.0340,APPROACH,0
63.740,0.0344,0.0340,APPROACH,0
63.774,0.0335,0.0340,APPROACH,0
63.808,0.0342,0.0340,APPROACH,0
63.842,0.0341,0.0340,APPROACH,0
63.876,0.0338,0.0340,APPROACH,0
63.910,0.0341,0.0340,APPROACH,0
63.944,0.0340,0.0340,APPROACH,0
63.978,0.0340,0.0340,APPROACH,0
64.012,0.0339,0.0340,APPROACH,0
64.046,0.0341,0.0340,APPROACH,0
64.080,0.0339,0.0340,APPROACH,0
64.114,0.0339,0.0340,APPROACH,0
64.148,0.0341,0.0340,APPROACH,0
64.182,0.0339,0.0340,APPROACH,0
64.216,0.0343,0.0340,APPROACH,0
64.250,0.0341,0.0340,APPROACH,0
64.284,0.0341,0.0340,APPROACH,0
64.318,0.0341,0.0340,APPROACH,0
64.352,0.0340,0.0340,APPROACH,0
64.386,0.0342,0.0340,APPROACH,0
64.420,0.0341,0.0340,APPROACH,0
64.454,0.0340,0.0340,APPROACH,0
64.488,0.0341,0.0340,APPROACH,0
64.522,0.0338,0.0340,APPROACH,0
64.557,0.0342,0.0340,APPROACH,0
64.590,0.0340,0.0340,APPROACH,0
64.625,0.0341,0.0340,APPROACH,0
64.659,0.0341,0.0340,APPROACH,0
64.692,0.0339,0.0340,APPROACH,0
64.726,0.0340,0.0340,APPROACH,0
64.761,0.0342,0.0340,APPROACH,0
64.795,0.0339,0.0340,APPROACH,0
64.829,0.0339,0.0340,APPROACH,0
64.863,0.0341,0.0340,APPROACH,0
64.897,0.0339,0.0340,APPROACH,0
64.931,0.0340,0.0340,APPROACH,0
64.965,0.0340,0.0340,APPROACH,0
64.999,0.0341,0.0340,APPROACH,0
65.033,0.0342,0.0340,APPROACH,0
65.067,0.0339,0.0340,APPROACH,0
65.101,0.0340,0.0340,APPROACH,0
65.135,0.0340,0.0340,APPROACH,0
65.169,0.0338,0.0340,APPROACH,0
65.203,0.0342,0.0340,APPROACH,0
65.237,0.0339,0.0340,APPROACH,0
65.271,0.0341,0.0340,APPROACH,0
65.305,0.0340,0.0340,APPROACH,0
65.339,0.0341,0.0340,APPROACH,0
65.373,0.0343,0.0340,APPROACH,0
65.407,0.0335,0.0340,APPROACH,0
65.441,0.0340,0.0340,APPROACH,0
65.475,0.0341,0.0340,APPROACH,0
65.509,0.0341,0.0340,APPROACH,0
65.543,0.0340,0.0340,APPROACH,0
65.577,0.0339,0.0340,APPROACH,0
65.611,0.0341,0.0340,APPROACH,0
65.645,0.0340,0.0340,APPROACH,0
65.679,0.0339,0.0340,APPROACH,0
65.713,0.0341,0.0340,APPROACH,0
65.747,0.0342,0.0340,APPROACH,0
65.781,0.0339,0.0340,APPROACH,0
65.815,0.0341,0.0340,APPROACH,0
65.849,0.0340,0.0340,APPROACH,0
65.883,0.0338,0.0340,APPROACH,0
65.917,0.0343,0.0340,APPROACH,0
65.951,0.0339,0.0340,APPROACH,0
65.985,0.0339,0.0340,APPROACH,0
66.019,0.0341,0.0340,APPROACH,0
66.053,0.0340,0.0340,APPROACH,0
66.087,0.0341,0.0340,APPROACH,0
66.122,0.0344,0.0340,APPROACH,0
66.155,0.0335,0.0340,APPROACH,0
66.189,0.0340,0.0340,APPROACH,0
66.223,0.0340,0.0340,APPROACH,0
66.258,0.0344,0.0340,APPROACH,0
66.292,0.0338,0.0340,APPROACH,0
66.326,0.0341,0.0340,APPROACH,0
66.360,0.0339,0.0340,APPROACH,0
66.394,0.0342,0.0340,APPROACH,0
66.428,0.0339,0.0340,APPROACH,0
66.462,0.0341,0.0340,APPROACH,0
66.496,0.0343,0.0340,APPROACH,0
66.530,0.0337,0.0340,APPROACH,0
66.564,0.0340,0.0340,APPROACH,0
66.598,0.0340,0.0340,APPROACH,0
66.632,0.0340,0.0340,APPROACH,0
66.666,0.0341,0.0340,APPROACH,0
66.700,0.0339,0.0340,APPROACH,0
66.734,0.0342,0.0340,APPROACH,0
66.768,0.0340,0.0340,APPROACH,0
66.802,0.0341,0.0340,APPROACH,0
66.836,0.0339,0.0340,APPROACH,0
66.870,0.0341,0.0340,APPROACH,0
66.905,0.0346,0.0340,APPROACH,0
66.938,0.0334,0.0340,APPROACH,0
66.972,0.0341,0.0340,APPROACH,0
67.006,0.0338,0.0340,APPROACH,0
67.040,0.0340,0.0340,APPROACH,0
67.074,0.0343,0.0340,APPROACH,0
67.108,0.0338,0.0340,APPROACH,0
67.142,0.0341,0.0340,APPROACH,0
67.176,0.0339,0.0340,APPROACH,0
67.210,0.0341,0.0340,APPROACH,0
67.244,0.0340,0.0340,APPROACH,0
67.278,0.0340,0.0340,APPROACH,0
67.312,0.0341,0.0340,APPROACH,0
67.346,0.0340,0.0340,APPROACH,0
67.380,0.0340,0.0340,APPROACH,0
67.414,0.0339,0.0340,APPROACH,0
67.448,0.0341,0.0340,APPROACH,0
67.482,0.0341,0.0340,APPROACH,0
67.516,0.0340,0.0340,APPROACH,0
67.551,0.0344,0.0340,APPROACH,0
67.584,0.0337,0.0340,APPROACH,0
67.619,0.0343,0.0340,APPROACH,0
67.652,0.0336,0.0340,APPROACH,0
67.686,0.0339,0.0340,APPROACH,0
67.721,0.0344,0.0340,APPROACH,0
67.755,0.0342,0.0340,APPROACH,0
67.789,0.0338,0.0340,APPROACH,0
67.823,0.0340,0.0340,APPROACH,0
67.857,0.0341,0.0340,APPROACH,0
67.891,0.0339,0.0340,APPROACH,0
67.925,0.0341,0.0340,APPROACH,0
67.959,0.0338,0.0340,APPROACH,0
67.993,0.0343,0.0340,APPROACH,0
68.027,0.0337,0.0340,APPROACH,0
68.061,0.0342,0.0340,APPROACH,0
68.095,0.0338,0.0340,APPROACH,0
68.129,0.0341,0.0340,APPROACH,0
68.163,0.0340,0.0340,APPROACH,0
68.197,0.0341,0.0340,APPROACH,0
68.231,0.0345,0.0340,APPROACH,0
68.265,0.0335,0.0340,APPROACH,0
68.299,0.0342,0.0340,APPROACH,0
68.333,0.0341,0.0340,APPROACH,0
68.367,0.0341,0.0340,APPROACH,0
68.401,0.0339,0.0340,APPROACH,0
68.435,0.0342,0.0340,APPROACH,0
68.469,0.0339,0.0340,APPROACH,0
68.503,0.0342,0.0340,APPROACH,0
68.537,0.0339,0.0340,APPROACH,0
68.571,0.0340,0.0340,APPROACH,0
68.605,0.0342,0.0340,APPROACH,0
68.639,0.0338,0.0340,APPROACH,0
68.673,0.0341,0.0340,APPROACH,0
68.707,0.0340,0.0340,APPROACH,0
68.742,0.0344,0.0340,APPROACH,0
68.776,0.0340,0.0340,APPROACH,0
68.809,0.0338,0.0340,APPROACH,0
68.844,0.0341,0.0340,APPROACH,0
68.878,0.0340,0.0340,APPROACH,0
68.912,0.0341,0.0340,APPROACH,0
68.945,0.0338,0.0340,APPROACH,0
68.979,0.0339,0.0340,APPROACH,0
69.014,0.0341,0.0340,APPROACH,0
69.048,0.0342,0.0340,APPROACH,0
69.082,0.0341,0.0340,APPROACH,0
69.116,0.0338,0.0340,APPROACH,0
69.150,0.0341,0.0340,APPROACH,0
69.184,0.0340,0.0340,APPROACH,0
69.218,0.0339,0.0340,APPROACH,0
69.252,0.0341,0.0340,APPROACH,0
69.286,0.0339,0.0340,APPROACH,0
69.320,0.0342,0.0340,APPROACH,0
69.354,0.0338,0.0340,APPROACH,0
69.388,0.0341,0.0340,APPROACH,0
69.422,0.0339,0.0340,APPROACH,0
69.456,0.0340,0.0340,APPROACH,0
69.490,0.0342,0.0340,APPROACH,0
69.524,0.0340,0.0340,APPROACH,0
69.558,0.0339,0.0340,APPROACH,0
69.592,0.0339,0.0340,APPROACH,0
69.626,0.0341,0.0340,APPROACH,0
69.660,0.0339,0.0340,APPROACH,0
69.694,0.0344,0.0340,APPROACH,0
69.728,0.0336,0.0340,APPROACH,0
69.762,0.0340,0.0340,APPROACH,0
69.796,0.0341,0.0340,APPROACH,0
69.830,0.0339,0.0340,APPROACH,0
69.864,0.0341,0.0340,APPROACH,0
69.898,0.0339,0.0340,APPROACH,0
69.932,0.0340,0.0340,APPROACH,0
69.966,0.0340,0.0340,APPROACH,0
70.000,0.0338,0.0340,APPROACH,0
70.034,0.0340,0.0340,APPROACH,0
70.068,0.0340,0.0340,APPROACH,0
70.102,0.0341,0.0340,APPROACH,0
70.136,0.0340,0.0340,APPROACH,0
70.170,0.0340,0.0340,APPROACH,0
70.204,0.0344,0.0340,APPROACH,0
70.238,0.0336,0.0340,APPROACH,0
70.272,0.0339,0.0340,APPROACH,0
70.306,0.0343,0.0340,APPROACH,0
70.340,0.0341,0.0340,APPROACH,0
70.374,0.0338,0.0340,APPROACH,0
70.408,0.0340,0.0340,APPROACH,0
70.442,0.0340,0.0340,APPROACH,0
70.476,0.0345,0.0340,APPROACH,0
70.510,0.0336,0.0340,APPROACH,0
70.544,0.0339,0.0340,APPROACH,0
70.578,0.0340,0.0340,APPROACH,0
70.612,0.0342,0.0340,APPROACH,0
70.646,0.0339,0.0340,APPROACH,0
70.680,0.0339,0.0340,APPROACH,0
70.714,0.0340,0.0340,APPROACH,0
70.748,0.0341,0.0340,APPROACH,0
70.782,0.0339,0.0340,APPROACH,0
70.816,0.0340,0.0340,APPROACH,0
70.850,0.0341,0.0340,APPROACH,0
70.884,0.0340,0.0340,APPROACH,0
70.918,0.0339,0.0340,APPROACH,0
70.952,0.0341,0.0340,APPROACH,0
70.986,0.0340,0.0340,APPROACH,0
71.020,0.0340,0.0340,APPROACH,0
71.054,0.0339,0.0340,APPROACH,0
71.088,0.0340,0.0340,APPROACH,0
71.122,0.0341,0.0340,APPROACH,0
71.156,0.0340,0.0340,APPROACH,0
71.190,0.0341,0.0340,APPROACH,0
71.224,0.0340,0.0340,APPROACH,0
71.258,0.0338,0.0340,APPROACH,0
71.292,0.0344,0.0340,APPROACH,0
71.326,0.0343,0.0340,APPROACH,0
71.361,0.0343,0.0340,APPROACH,0
71.395,0.0342,0.0340,APPROACH,0
71.429,0.0339,0.0340,APPROACH,0
71.463,0.0340,0.0340,APPROACH,0
71.497,0.0340,0.0340,APPROACH,0
71.531,0.0339,0.0340,APPROACH,0
71.565,0.0341,0.0340,APPROACH,0
71.599,0.0340,0.0340,APPROACH,0
71.633,0.0340,0.0340,APPROACH,0
71.667,0.0339,0.0340,APPROACH,0
71.701,0.0339,0.0340,APPROACH,0
71.735,0.0340,0.0340,APPROACH,0
71.769,0.0342,0.0340,APPROACH,0
71.803,0.0339,0.0340,APPROACH,0
71.837,0.0342,0.0340,APPROACH,0
71.871,0.0340,0.0340,APPROACH,0
71.905,0.0342,0.0340,APPROACH,0
71.939,0.0343,0.0340,APPROACH,0
71.973,0.0339,0.0340,APPROACH,0
72.007,0.0341,0.0340,APPROACH,0
72.041,0.0342,0.0340,APPROACH,0
72.076,0.0341,0.0340,APPROACH,0
72.109,0.0339,0.0340,APPROACH,0
72.144,0.0342,0.0340,APPROACH,0
72.178,0.0340,0.0340,APPROACH,0
72.211,0.0339,0.0340,APPROACH,0
72.246,0.0342,0.0340,APPROACH,0
72.280,0.0339,0.0340,APPROACH,0
72.314,0.0341,0.0340,APPROACH,0
72.348,0.0340,0.0340,APPROACH,0
72.382,0.0340,0.0340,APPROACH,0
72.416,0.0342,0.0340,APPROACH,0
72.450,0.0338,0.0340,APPROACH,0
72.484,0.0340,0.0340,APPROACH,0
72.518,0.0341,0.0340,APPROACH,0
72.552,0.0340,0.0340,APPROACH,0
72.586,0.0339,0.0340,APPROACH,0
72.620,0.0340,0.0340,APPROACH,0
72.654,0.0340,0.0340,APPROACH,0
72.688,0.0341,0.0340,APPROACH,0
72.722,0.0340,0.0340,APPROACH,0
72.756,0.0342,0.0340,APPROACH,0
72.790,0.0339,0.0340,APPROACH,0
72.824,0.0341,0.0340,APPROACH,0
72.858,0.0339,0.0340,APPROACH,0
72.892,0.0342,0.0340,APPROACH,0
72.926,0.0341,0.0340,APPROACH,0
72.960,0.0341,0.0340,APPROACH,0
72.994,0.0340,0.0340,APPROACH,0
73.028,0.0339,0.0340,APPROACH,0
73.062,0.0339,0.0340,APPROACH,0
73.096,0.0341,0.0340,APPROACH,0
73.130,0.0339,0.0340,APPROACH,0
73.164,0.0340,0.0340,APPROACH,0
73.198,0.0342,0.0340,APPROACH,0
73.232,0.0338,0.0340,APPROACH,0
73.266,0.0342,0.0340,APPROACH,0
73.300,0.0341,0.0340,APPROACH,0
73.334,0.0338,0.0340,APPROACH,0
73.368,0.0342,0.0340,APPROACH,0
73.402,0.0339,0.0340,APPROACH,0
73.436,0.0341,0.0340,APPROACH,0
73.470,0.0340,0.0340,APPROACH,0
73.504,0.0339,0.0340,APPROACH,0
73.538,0.0340,0.0340,APPROACH,0
73.572,0.0342,0.0340,APPROACH,0
73.606,0.0341,0.0340,APPROACH,0
73.640,0.0340,0.0340,APPROACH,0
73.674,0.0339,0.0340,APPROACH,0
73.708,0.0339,0.0340,APPROACH,0
73.743,0.0343,0.0340,APPROACH,0
73.777,0.0340,0.0340,APPROACH,0
73.810,0.0338,0.0340,APPROACH,0
73.844,0.0340,0.0340,APPROACH,0
73.879,0.0342,0.0340,APPROACH,0
73.912,0.0339,0.0340,APPROACH,0
73.946,0.0338,0.0340,APPROACH,0
73.980,0.0340,0.0340,APPROACH,0
74.015,0.0343,0.0340,APPROACH,0
74.048,0.0338,0.0340,APPROACH,0
74.082,0.0339,0.0340,APPROACH,0
74.117,0.0342,0.0340,APPROACH,0
74.150,0.0339,0.0340,APPROACH,0
74.185,0.0342,0.0340,APPROACH,0
74.218,0.0339,0.0340,APPROACH,0
74.252,0.0339,0.0340,APPROACH,0
74.287,0.0342,0.0340,APPROACH,0
74.321,0.0340,0.0340,APPROACH,0
74.355,0.0340,0.0340,APPROACH,0
74.389,0.0339,0.0340,APPROACH,0
74.423,0.0341,0.0340,APPROACH,0
74.457,0.0341,0.0340,APPROACH,0
74.491,0.0340,0.0340,APPROACH,0
74.525,0.0340,0.0340,APPROACH,0
74.559,0.0338,0.0340,APPROACH,0
74.593,0.0340,0.0340,APPROACH,0
74.627,0.0341,0.0340,APPROACH,0
74.661,0.0340,0.0340,APPROACH,0
74.695,0.0340,0.0340,APPROACH,0
74.729,0.0341,0.0340,APPROACH,0
74.763,0.0339,0.0340,APPROACH,0
74.797,0.0343,0.0340,APPROACH,0
74.831,0.0336,0.0340,APPROACH,0
74.865,0.0340,0.0340,APPROACH,0
74.899,0.0340,0.0340,APPROACH,0
74.933,0.0340,0.0340,BLIND_DASH,0
74.967,0.0341,0.0340,BLIND_DASH,0
75.001,0.0339,0.0340,BLIND_DASH,0
75.035,0.0340,0.0340,BLIND_DASH,0
75.069,0.0342,0.0340,BLIND_DASH,0
75.103,0.0343,0.0340,BLIND_DASH,0
75.137,0.0341,0.0340,BLIND_DASH,0
75.171,0.0339,0.0340,BLIND_DASH,0
75.205,0.0340,0.0340,BLIND_DASH,0
75.239,0.0340,0.0340,BLIND_DASH,0
75.273,0.0341,0.0340,BLIND_DASH,0
75.308,0.0343,0.0340,BLIND_DASH,0
75.342,0.0339,0.0340,BLIND_DASH,0
75.376,0.0340,0.0340,BLIND_DASH,0
75.409,0.0338,0.0340,BLIND_DASH,0
75.443,0.0340,0.0340,BLIND_DASH,0
75.477,0.0341,0.0340,BLIND_DASH,0
75.511,0.0340,0.0340,BLIND_DASH,0
75.545,0.0341,0.0340,BLIND_DASH,0
75.580,0.0343,0.0340,BLIND_DASH,0
75.613,0.0338,0.0340,BLIND_DASH,0
75.647,0.0340,0.0340,BLIND_DASH,0
75.681,0.0340,0.0340,BLIND_DASH,0
75.716,0.0341,0.0340,BLIND_DASH,0
75.750,0.0340,0.0340,BLIND_DASH,0
75.783,0.0339,0.0340,BLIND_DASH,0
75.818,0.0341,0.0340,BLIND_DASH,0
75.851,0.0339,0.0340,BLIND_DASH,0
75.886,0.0341,0.0340,BLIND_DASH,0
75.920,0.0340,0.0340,BLIND_DASH,0
75.954,0.0340,0.0340,BLIND_DASH,0
75.988,0.0340,0.0340,BLIND_DASH,0
76.022,0.0341,0.0340,BLIND_DASH,0
76.056,0.0339,0.0340,BLIND_DASH,0
76.090,0.0342,0.0340,BLIND_DASH,0
76.124,0.0337,0.0340,BLIND_DASH,0
76.158,0.0343,0.0340,BLIND_DASH,0
76.192,0.0337,0.0340,BLIND_DASH,0
76.226,0.0341,0.0340,BLIND_DASH,0
76.260,0.0340,0.0340,BLIND_DASH,0
76.294,0.0341,0.0340,BLIND_DASH,0
76.328,0.0340,0.0340,BLIND_DASH,0
76.362,0.0339,0.0340,BLIND_DASH,0
76.396,0.0340,0.0340,BLIND_DASH,0
76.430,0.0341,0.0340,PATROL,0
76.464,0.0338,0.0340,PATROL,0
76.498,0.0341,0.0340,PATROL,0
76.532,0.0340,0.0340,PATROL,0
76.566,0.0339,0.0340,PATROL,0
76.600,0.0339,0.0340,PATROL,0
76.634,0.0341,0.0340,PATROL,0
76.668,0.0339,0.0340,PATROL,0
76.702,0.0341,0.0340,PATROL,0
76.736,0.0340,0.0340,PATROL,0
76.770,0.0340,0.0340,PATROL,0
76.804,0.0338,0.0340,PATROL,0
76.838,0.0341,0.0340,PATROL,0
76.872,0.0340,0.0340,PATROL,0
76.906,0.0338,0.0340,PATROL,0
76.940,0.0341,0.0340,PATROL,0
76.974,0.0342,0.0340,PATROL,0
77.008,0.0339,0.0340,PATROL,0
77.042,0.0339,0.0340,PATROL,0
77.076,0.0341,0.0340,PATROL,0
77.110,0.0340,0.0340,PATROL,0
77.144,0.0340,0.0340,PATROL,0
77.178,0.0340,0.0340,PATROL,0
77.212,0.0338,0.0340,PATROL,0
77.246,0.0340,0.0340,PATROL,0
77.280,0.0342,0.0340,PATROL,0
77.314,0.0339,0.0340,PATROL,0
77.348,0.0339,0.0340,PATROL,0
77.382,0.0339,0.0340,PATROL,0
77.416,0.0343,0.0340,PATROL,0
77.450,0.0337,0.0340,PATROL,0
77.484,0.0342,0.0340,PATROL,0
77.518,0.0340,0.0340,PATROL,0
77.552,0.0339,0.0340,PATROL,0
77.586,0.0340,0.0340,PATROL,0
77.620,0.0340,0.0340,PATROL,0
77.654,0.0340,0.0340,PATROL,0
77.688,0.0341,0.0340,PATROL,0
77.723,0.0347,0.0340,PATROL,0
77.757,0.0340,0.0340,PATROL,0
77.791,0.0342,0.0340,PATROL,0
77.825,0.0341,0.0340,PATROL,0
77.859,0.0339,0.0340,PATROL,0
77.893,0.0340,0.0340,PATROL,0
77.927,0.0341,0.0340,PATROL,0
77.961,0.0340,0.0340,PATROL,0
77.995,0.0340,0.0340,PATROL,0
78.029,0.0341,0.0340,PATROL,0
78.063,0.0341,0.0340,PATROL,0
78.097,0.0340,0.0340,PATROL,0
78.131,0.0341,0.0340,PATROL,0
78.165,0.0341,0.0340,PATROL,0
78.199,0.0340,0.0340,PATROL,0
78.233,0.0341,0.0340,PATROL,0
78.267,0.0340,0.0340,PATROL,0
78.301,0.0341,0.0340,PATROL,0
78.335,0.0339,0.0340,PATROL,0
78.369,0.0342,0.0340,PATROL,0
78.403,0.0340,0.0340,PATROL,0
78.437,0.0340,0.0340,PATROL,0
78.471,0.0340,0.0340,PATROL,0
78.505,0.0339,0.0340,PATROL,0
78.540,0.0343,0.0340,PATROL,0
78.573,0.0338,0.0340,PATROL,0
78.607,0.0340,0.0340,PATROL,0
78.641,0.0340,0.0340,PATROL,0
78.675,0.0340,0.0340,PATROL,0
78.710,0.0342,0.0340,PATROL,0
78.744,0.0339,0.0340,PATROL,0
78.778,0.0340,0.0340,PATROL,0
78.811,0.0340,0.0340,PATROL,0
78.846,0.0341,0.0340,PATROL,0
78.880,0.0340,0.0340,PATROL,0
78.914,0.0340,0.0340,PATROL,0
78.948,0.0340,0.0340,PATROL,0
78.982,0.0341,0.0340,PATROL,0
79.016,0.0339,0.0340,PATROL,0
79.050,0.0340,0.0340,PATROL,0
79.084,0.0340,0.0340,PATROL,0
79.118,0.0340,0.0340,PATROL,0
79.152,0.0340,0.0340,PATROL,0
79.186,0.0341,0.0340,PATROL,0
79.220,0.0341,0.0340,PATROL,0
79.254,0.0338,0.0340,PATROL,0
79.288,0.0341,0.0340,PATROL,0
79.322,0.0341,0.0340,PATROL,0
79.356,0.0339,0.0340,PATROL,0
79.390,0.0340,0.0340,PATROL,0
79.424,0.0339,0.0340,PATROL,0
79.458,0.0343,0.0340,PATROL,0
79.492,0.0340,0.0340,PATROL,0
79.526,0.0340,0.0340,PATROL,0
79.560,0.0340,0.0340,PATROL,0
79.594,0.0339,0.0340,PATROL,0
79.628,0.0341,0.0340,PATROL,0
79.662,0.0342,0.0340,PATROL,0
79.696,0.0339,0.0340,PATROL,0
79.730,0.0340,0.0340,PATROL,0
79.764,0.0341,0.0340,PATROL,0
79.798,0.0339,0.0340,PATROL,0
79.832,0.0341,0.0340,PATROL,0
79.866,0.0340,0.0340,PATROL,0
79.900,0.0341,0.0340,PATROL,0
79.935,0.0341,0.0340,PATROL,0
79.968,0.0339,0.0340,PATROL,0
80.002,0.0340,0.0340,PATROL,0
80.037,0.0341,0.0340,PATROL,0
80.071,0.0343,0.0340,PATROL,0
80.105,0.0337,0.0340,PATROL,0
80.139,0.0340,0.0340,PATROL,0
80.173,0.0341,0.0340,PATROL,0
80.207,0.0340,0.0340,PATROL,0
80.241,0.0339,0.0340,PATROL,0
80.275,0.0339,0.0340,PATROL,0
80.309,0.0340,0.0340,PATROL,0
80.343,0.0341,0.0340,PATROL,0
80.377,0.0339,0.0340,PATROL,0
80.411,0.0342,0.0340,PATROL,0
80.445,0.0339,0.0340,PATROL,0
80.479,0.0340,0.0340,PATROL,0
80.513,0.0340,0.0340,PATROL,0
80.547,0.0342,0.0340,PATROL,0
80.581,0.0340,0.0340,PATROL,0
80.615,0.0340,0.0340,PATROL,0
80.649,0.0339,0.0340,PATROL,0
80.683,0.0342,0.0340,PATROL,0
80.717,0.0338,0.0340,PATROL,0
80.751,0.0342,0.0340,PATROL,0
80.785,0.0340,0.0340,PATROL,0
80.819,0.0341,0.0340,PATROL,0
80.853,0.0340,0.0340,PATROL,0
80.887,0.0340,0.0340,PATROL,0
80.921,0.0341,0.0340,PATROL,0
80.955,0.0340,0.0340,PATROL,0
80.989,0.0339,0.0340,PATROL,0
81.023,0.0341,0.0340,PATROL,0
81.057,0.0339,0.0340,PATROL,0
81.091,0.0342,0.0340,PATROL,0
81.125,0.0339,0.0340,PATROL,0
81.159,0.0340,0.0340,PATROL,0
81.193,0.0342,0.0340,PATROL,0
81.227,0.0341,0.0340,PATROL,0
81.261,0.0341,0.0340,PATROL,0
81.295,0.0338,0.0340,PATROL,0
81.329,0.0340,0.0340,PATROL,0
81.363,0.0343,0.0340,PATROL,0
81.397,0.0337,0.0340,PATROL,0
81.431,0.0341,0.0340,PATROL,0
81.465,0.0340,0.0340,PATROL,0
81.499,0.0340,0.0340,PATROL,0
81.533,0.0342,0.0340,PATROL,0
81.567,0.0338,0.0340,PATROL,0
81.601,0.0342,0.0340,PATROL,0
81.635,0.0338,0.0340,PATROL,0
81.669,0.0340,0.0340,PATROL,0
81.703,0.0342,0.0340,PATROL,0
81.738,0.0342,0.0340,PATROL,0
81.771,0.0337,0.0340,PATROL,0
81.805,0.0341,0.0340,PATROL,0
81.839,0.0341,0.0340,PATROL,0
81.873,0.0340,0.0340,PATROL,0
81.908,0.0341,0.0340,PATROL,0
81.942,0.0341,0.0340,PATROL,0
81.975,0.0338,0.0340,PATROL,0
82.009,0.0340,0.0340,PATROL,0
82.043,0.0340,0.0340,PATROL,0
82.078,0.0344,0.0340,PATROL,0
82.112,0.0339,0.0340,PATROL,0
82.145,0.0338,0.0340,PATROL,0
82.180,0.0343,0.0340,PATROL,0
82.214,0.0338,0.0340,PATROL,0
82.248,0.0340,0.0340,PATROL,0
82.282,0.0340,0.0340,PATROL,0
82.316,0.0340,0.0340,PATROL,0
82.350,0.0340,0.0340,PATROL,0
82.384,0.0343,0.0340,PATROL,0
82.418,0.0343,0.0340,PATROL,0
82.452,0.0337,0.0340,PATROL,0
82.486,0.0341,0.0340,PATROL,0
82.520,0.0340,0.0340,PATROL,0
82.554,0.0340,0.0340,PATROL,0
82.588,0.0340,0.0340,PATROL,0
82.622,0.0341,0.0340,PATROL,0
82.656,0.0338,0.0340,PATROL,0
82.690,0.0340,0.0340,PATROL,0
82.724,0.0341,0.0340,PATROL,0
82.758,0.0341,0.0340,PATROL,0
82.792,0.0340,0.0340,PATROL,0
82.826,0.0338,0.0340,PATROL,0
82.860,0.0342,0.0340,PATROL,0
82.894,0.0339,0.0340,PATROL,0
82.928,0.0340,0.0340,PATROL,0
82.962,0.0341,0.0340,PATROL,0
82.996,0.0339,0.0340,PATROL,0
83.030,0.0341,0.0340,PATROL,0
83.064,0.0340,0.0340,PATROL,0
83.098,0.0340,0.0340,PATROL,0
83.132,0.0341,0.0340,PATROL,0
83.166,0.0341,0.0340,PATROL,0
83.200,0.0339,0.0340,PATROL,0
83.234,0.0341,0.0340,PATROL,0
83.268,0.0341,0.0340,PATROL,0
83.302,0.0339,0.0340,PATROL,0
83.336,0.0341,0.0340,PATROL,0
83.370,0.0340,0.0340,PATROL,0
83.404,0.0341,0.0340,PATROL,0
83.438,0.0340,0.0340,PATROL,0
83.472,0.0340,0.0340,PATROL,0
83.506,0.0339,0.0340,PATROL,0
83.540,0.0342,0.0340,PATROL,0
83.574,0.0341,0.0340,PATROL,0
83.608,0.0340,0.0340,PATROL,0
83.642,0.0340,0.0340,PATROL,0
83.676,0.0338,0.0340,PATROL,0
83.710,0.0341,0.0340,PATROL,0
83.744,0.0339,0.0340,PATROL,0
83.778,0.0341,0.0340,PATROL,0
83.813,0.0341,0.0340,PATROL,0
83.846,0.0338,0.0340,PATROL,0
83.880,0.0340,0.0340,PATROL,0
83.914,0.0341,0.0340,PATROL,0
83.948,0.0339,0.0340,PATROL,0
83.983,0.0341,0.0340,PATROL,0
84.016,0.0340,0.0340,PATROL,0
84.051,0.0341,0.0340,PATROL,0
84.085,0.0341,0.0340,PATROL,0
84.119,0.0339,0.0340,PATROL,0
84.153,0.0340,0.0340,PATROL,0
84.187,0.0340,0.0340,PATROL,0
84.221,0.0341,0.0340,PATROL,0
84.255,0.0341,0.0340,PATROL,0
84.289,0.0338,0.0340,PATROL,0
84.323,0.0341,0.0340,PATROL,0
84.357,0.0339,0.0340,PATROL,0
84.391,0.0340,0.0340,PATROL,0
84.425,0.0340,0.0340,PATROL,0
84.459,0.0341,0.0340,PATROL,0
84.493,0.0340,0.0340,PATROL,0
84.527,0.0340,0.0340,PATROL,0
84.561,0.0339,0.0340,PATROL,0
84.595,0.0340,0.0340,PATROL,0
84.629,0.0342,0.0340,PATROL,0
84.663,0.0339,0.0340,PATROL,0
84.697,0.0340,0.0340,PATROL,0
84.731,0.0342,0.0340,PATROL,0
84.765,0.0337,0.0340,PATROL,0
84.799,0.0340,0.0340,PATROL,0
84.833,0.0341,0.0340,PATROL,0
84.867,0.0340,0.0340,PATROL,0
84.901,0.0339,0.0340,PATROL,0
84.935,0.0341,0.0340,PATROL,0
84.969,0.0339,0.0340,PATROL,0
85.003,0.0342,0.0340,PATROL,0
85.037,0.0344,0.0340,PATROL,0
85.071,0.0338,0.0340,PATROL,0
85.105,0.0343,0.0340,PATROL,0
85.139,0.0338,0.0340,PATROL,0
85.173,0.0340,0.0340,PATROL,0
85.207,0.0340,0.0340,PATROL,0
85.241,0.0342,0.0340,PATROL,0
85.275,0.0340,0.0340,PATROL,0
85.310,0.0343,0.0340,PATROL,0
85.343,0.0339,0.0340,PATROL,0
85.377,0.0339,0.0340,PATROL,0
85.412,0.0341,0.0340,PATROL,0
85.445,0.0338,0.0340,PATROL,0
85.479,0.0339,0.0340,PATROL,0
85.514,0.0343,0.0340,PATROL,0
85.548,0.0340,0.0340,PATROL,0
85.581,0.0338,0.0340,PATROL,0
85.615,0.0341,0.0340,PATROL,0
85.650,0.0342,0.0340,PATROL,0
85.684,0.0339,0.0340,PATROL,0
85.718,0.0343,0.0340,PATROL,0
85.752,0.0337,0.0340,PATROL,0
85.786,0.0343,0.0340,PATROL,0
85.820,0.0338,0.0340,PATROL,0
85.853,0.0339,0.0340,PATROL,0
85.887,0.0340,0.0340,PATROL,0
85.922,0.0343,0.0340,PATROL,0
85.956,0.0338,0.0340,PATROL,0
85.990,0.0341,0.0340,PATROL,0
86.024,0.0343,0.0340,PATROL,0
86.058,0.0336,0.0340,PATROL,0
86.092,0.0341,0.0340,PATROL,0
86.126,0.0339,0.0340,PATROL,0
86.160,0.0340,0.0340,PATROL,0
86.194,0.0341,0.0340,PATROL,0
86.228,0.0341,0.0340,PATROL,0
86.262,0.0339,0.0340,PATROL,0
86.296,0.0340,0.0340,PATROL,0
86.330,0.0340,0.0340,PATROL,0
86.364,0.0340,0.0340,PATROL,0
86.398,0.0341,0.0340,PATROL,0
86.432,0.0340,0.0340,PATROL,0
86.466,0.0339,0.0340,PATROL,0
86.500,0.0340,0.0340,PATROL,0
86.534,0.0342,0.0340,PATROL,0
86.568,0.0339,0.0340,PATROL,0
86.602,0.0340,0.0340,PATROL,0
86.636,0.0340,0.0340,PATROL,0
86.670,0.0341,0.0340,PATROL,0
86.704,0.0341,0.0340,PATROL,0
86.738,0.0339,0.0340,PATROL,0
86.772,0.0341,0.0340,PATROL,0
86.806,0.0339,0.0340,PATROL,0
86.840,0.0340,0.0340,PATROL,0
86.874,0.0340,0.0340,PATROL,0
86.908,0.0340,0.0340,PATROL,0
86.942,0.0342,0.0340,PATROL,0
86.976,0.0340,0.0340,PATROL,0
87.010,0.0341,0.0340,PATROL,0
87.044,0.0339,0.0340,PATROL,0
87.078,0.0340,0.0340,PATROL,0
87.112,0.0340,0.0340,PATROL,0
87.146,0.0339,0.0340,PATROL,0
87.180,0.0341,0.0340,PATROL,0
87.214,0.0340,0.0340,PATROL,0
87.248,0.0339,0.0340,PATROL,0
87.282,0.0342,0.0340,PATROL,0
87.316,0.0338,0.0340,PATROL,0
87.350,0.0341,0.0340,PATROL,0
87.384,0.0340,0.0340,PATROL,0
87.418,0.0341,0.0340,PATROL,0
87.452,0.0339,0.0340,PATROL,0
87.486,0.0340,0.0340,PATROL,0
87.520,0.0342,0.0340,PATROL,0
87.555,0.0341,0.0340,PATROL,0
87.588,0.0337,0.0340,PATROL,0
87.622,0.0340,0.0340,PATROL,0
87.657,0.0342,0.0340,PATROL,0
87.690,0.0339,0.0340,PATROL,0
87.724,0.0341,0.0340,PATROL,0
87.758,0.0339,0.0340,PATROL,0
87.793,0.0341,0.0340,PATROL,0
87.826,0.0339,0.0340,PATROL,0
87.861,0.0342,0.0340,PATROL,0
87.895,0.0340,0.0340,PATROL,0
87.929,0.0340,0.0340,PATROL,0
87.962,0.0338,0.0340,PATROL,0
87.997,0.0342,0.0340,PATROL,0
88.031,0.0341,0.0340,PATROL,0
88.064,0.0337,0.0340,PATROL,0
88.099,0.0341,0.0340,PATROL,0
88.133,0.0341,0.0340,PATROL,0
88.167,0.0340,0.0340,PATROL,0
88.201,0.0339,0.0340,PATROL,0
88.235,0.0341,0.0340,PATROL,0
88.269,0.0342,0.0340,PATROL,0
88.303,0.0338,0.0340,PATROL,0
88.337,0.0340,0.0340,PATROL,0
88.371,0.0340,0.0340,PATROL,0
88.405,0.0342,0.0340,PATROL,0
88.439,0.0339,0.0340,PATROL,0
88.473,0.0341,0.0340,PATROL,0
88.507,0.0339,0.0340,PATROL,0
88.541,0.0340,0.0340,PATROL,0
88.575,0.0340,0.0340,PATROL,0
88.609,0.0340,0.0340,PATROL,0
88.643,0.0341,0.0340,PATROL,0
88.677,0.0340,0.0340,PATROL,0
88.711,0.0341,0.0340,PATROL,0
88.745,0.0340,0.0340,PATROL,0
88.779,0.0341,0.0340,PATROL,0
88.813,0.0339,0.0340,PATROL,0
88.847,0.0340,0.0340,PATROL,0
88.881,0.0340,0.0340,PATROL,0
88.915,0.0340,0.0340,PATROL,0
88.949,0.0340,0.0340,PATROL,0
88.983,0.0341,0.0340,PATROL,0
89.017,0.0340,0.0340,PATROL,0
89.051,0.0341,0.0340,PATROL,0
89.085,0.0340,0.0340,PATROL,0
89.119,0.0340,0.0340,PATROL,0
89.153,0.0340,0.0340,PATROL,0
89.187,0.0342,0.0340,PATROL,0
89.221,0.0338,0.0340,PATROL,0
89.255,0.0339,0.0340,PATROL,0
89.289,0.0340,0.0340,PATROL,0
89.324,0.0343,0.0340,PATROL,0
89.357,0.0339,0.0340,PATROL,0
89.391,0.0339,0.0340,PATROL,0
89.425,0.0341,0.0340,PATROL,0
89.459,0.0340,0.0340,PATROL,0
89.493,0.0338,0.0340,PATROL,0
89.527,0.0341,0.0340,PATROL,0
89.561,0.0340,0.0340,PATROL,0
89.595,0.0340,0.0340,PATROL,0
89.629,0.0341,0.0340,PATROL,0
89.663,0.0339,0.0340,PATROL,0
89.697,0.0340,0.0340,PATROL,0
89.732,0.0343,0.0340,PATROL,0
89.765,0.0338,0.0340,PATROL,0
89.800,0.0342,0.0340,PATROL,0
89.834,0.0344,0.0340,PATROL,0
89.868,0.0337,0.0340,PATROL,0
89.902,0.0339,0.0340,PATROL,0
89.936,0.0340,0.0340,PATROL,0
89.970,0.0341,0.0340,PATROL,0
90.004,0.0339,0.0340,PATROL,0
90.038,0.0341,0.0340,PATROL,0
90.072,0.0341,0.0340,PATROL,0
90.106,0.0339,0.0340,PATROL,0
90.140,0.0341,0.0340,PATROL,0
90.174,0.0339,0.0340,PATROL,0
90.208,0.0342,0.0340,PATROL,0
90.242,0.0339,0.0340,PATROL,0
90.276,0.0341,0.0340,PATROL,0
90.310,0.0339,0.0340,PATROL,0
90.344,0.0344,0.0340,PATROL,0
90.378,0.0336,0.0340,PATROL,0
90.412,0.0341,0.0340,PATROL,0
90.446,0.0341,0.0340,PATROL,0
90.480,0.0340,0.0340,PATROL,0
90.514,0.0338,0.0340,PATROL,0
90.548,0.0341,0.0340,PATROL,0
90.582,0.0339,0.0340,PATROL,0
90.616,0.0340,0.0340,PATROL,0
90.650,0.0342,0.0340,PATROL,0
90.684,0.0339,0.0340,PATROL,0
90.718,0.0342,0.0340,PATROL,0
90.752,0.0339,0.0340,PATROL,0
90.786,0.0340,0.0340,PATROL,0
90.820,0.0341,0.0340,PATROL,0
90.854,0.0341,0.0340,PATROL,0
90.888,0.0341,0.0340,PATROL,0
90.922,0.0338,0.0340,PATROL,0
90.956,0.0341,0.0340,PATROL,0
90.990,0.0338,0.0340,PATROL,0
91.024,0.0341,0.0340,PATROL,0
91.058,0.0339,0.0340,PATROL,0
91.092,0.0340,0.0340,PATROL,0
91.126,0.0340,0.0340,PATROL,0
91.160,0.0341,0.0340,PATROL,0
91.194,0.0339,0.0340,PATROL,0
91.228,0.0341,0.0340,PATROL,0
91.262,0.0340,0.0340,PATROL,0
91.296,0.0341,0.0340,PATROL,0
91.330,0.0340,0.0340,PATROL,0
91.364,0.0340,0.0340,PATROL,0
91.398,0.0341,0.0340,PATROL,0
91.433,0.0341,0.0340,PATROL,0
91.466,0.0338,0.0340,PATROL,0
91.500,0.0342,0.0340,PATROL,0
91.534,0.0338,0.0340,PATROL,0
91.568,0.0340,0.0340,PATROL,0
91.602,0.0342,0.0340,PATROL,0
91.636,0.0340,0.0340,PATROL,0
91.671,0.0341,0.0340,PATROL,0
91.705,0.0340,0.0340,PATROL,0
91.739,0.0340,0.0340,PATROL,0
91.773,0.0340,0.0340,PATROL,0
91.807,0.0342,0.0340,PATROL,0
91.841,0.0338,0.0340,PATROL,0
91.875,0.0339,0.0340,PATROL,0
91.909,0.0341,0.0340,PATROL,0
91.943,0.0340,0.0340,PATROL,0
91.977,0.0342,0.0340,PATROL,0
92.011,0.0339,0.0340,PATROL,0
92.045,0.0340,0.0340,PATROL,0
92.079,0.0339,0.0340,PATROL,0
92.113,0.0344,0.0340,PATROL,0
92.147,0.0337,0.0340,PATROL,0
92.181,0.0340,0.0340,PATROL,0
92.215,0.0339,0.0340,PATROL,0
92.249,0.0340,0.0340,PATROL,0
92.283,0.0342,0.0340,PATROL,0
92.317,0.0338,0.0340,PATROL,0
92.351,0.0340,0.0340,PATROL,0
92.385,0.0339,0.0340,PATROL,0
92.419,0.0341,0.0340,PATROL,0
92.453,0.0344,0.0340,PATROL,0
92.487,0.0339,0.0340,PATROL,0
92.521,0.0339,0.0340,PATROL,0
92.555,0.0341,0.0340,PATROL,0
92.589,0.0341,0.0340,PATROL,0
92.623,0.0340,0.0340,PATROL,0
92.657,0.0339,0.0340,PATROL,0
92.691,0.0341,0.0340,PATROL,0
92.725,0.0340,0.0340,PATROL,0
92.759,0.0338,0.0340,PATROL,0
92.793,0.0341,0.0340,PATROL,0
92.827,0.0340,0.0340,PATROL,0
92.861,0.0339,0.0340,PATROL,0
92.895,0.0341,0.0340,PATROL,0
92.929,0.0339,0.0340,PATROL,0
92.963,0.0341,0.0340,PATROL,0
92.997,0.0340,0.0340,PATROL,0
93.031,0.0340,0.0340,PATROL,0
93.065,0.0340,0.0340,PATROL,0
93.099,0.0341,0.0340,PATROL,0
93.133,0.0341,0.0340,PATROL,0
93.167,0.0341,0.0340,PATROL,0
93.201,0.0343,0.0340,PATROL,0
93.235,0.0337,0.0340,PATROL,0
93.269,0.0342,0.0340,PATROL,0
93.303,0.0339,0.0340,PATROL,0
93.337,0.0340,0.0340,PATROL,0
93.371,0.0342,0.0340,PATROL,0
93.405,0.0340,0.0340,PATROL,0
93.439,0.0340,0.0340,PATROL,0
93.473,0.0339,0.0340,PATROL,0
93.507,0.0341,0.0340,PATROL,0
93.542,0.0341,0.0340,PATROL,0
93.576,0.0341,0.0340,PATROL,0
93.610,0.0339,0.0340,PATROL,0
93.643,0.0339,0.0340,PATROL,0
93.677,0.0340,0.0340,PATROL,0
93.712,0.0341,0.0340,PATROL,0
93.746,0.0340,0.0340,PATROL,0
93.780,0.0341,0.0340,PATROL,0
93.814,0.0342,0.0340,PATROL,0
93.848,0.0338,0.0340,PATROL,0
93.882,0.0341,0.0340,PATROL,0
93.916,0.0339,0.0340,PATROL,0
93.950,0.0341,0.0340,PATROL,0
93.984,0.0339,0.0340,PATROL,0
94.018,0.0341,0.0340,PATROL,0
94.052,0.0341,0.0340,PATROL,0
94.086,0.0338,0.0340,PATROL,0
94.120,0.0343,0.0340,PATROL,0
94.154,0.0338,0.0340,PATROL,0
94.188,0.0339,0.0340,PATROL,0
94.222,0.0340,0.0340,PATROL,0
94.256,0.0339,0.0340,PATROL,0
94.290,0.0343,0.0340,PATROL,0
94.324,0.0339,0.0340,PATROL,0
94.358,0.0340,0.0340,PATROL,0
94.392,0.0341,0.0340,PATROL,0
94.426,0.0342,0.0340,PATROL,0
94.460,0.0340,0.0340,PATROL,0
94.494,0.0339,0.0340,PATROL,0
94.528,0.0340,0.0340,PATROL,0
94.562,0.0341,0.0340,PATROL,0
94.596,0.0340,0.0340,PATROL,0
94.630,0.0339,0.0340,PATROL,0
94.664,0.0341,0.0340,PATROL,0
94.698,0.0340,0.0340,PATROL,0
94.732,0.0340,0.0340,PATROL,0
94.766,0.0339,0.0340,PATROL,0
94.800,0.0340,0.0340,PATROL,0
94.834,0.0341,0.0340,PATROL,0
94.868,0.0342,0.0340,PATROL,0
94.902,0.0338,0.0340,PATROL,0
94.936,0.0340,0.0340,PATROL,0
94.970,0.0341,0.0340,PATROL,0
95.004,0.0339,0.0340,PATROL,0
95.038,0.0342,0.0340,PATROL,0
95.072,0.0339,0.0340,PATROL,0
95.106,0.0340,0.0340,PATROL,0
95.140,0.0340,0.0340,PATROL,0
95.174,0.0340,0.0340,PATROL,0
95.208,0.0340,0.0340,PATROL,0
95.242,0.0341,0.0340,PATROL,0
95.277,0.0343,0.0340,PATROL,0
95.310,0.0338,0.0340,PATROL,0
95.344,0.0340,0.0340,PATROL,0
95.378,0.0340,0.0340,PATROL,0
95.412,0.0339,0.0340,PATROL,0
95.446,0.0340,0.0340,PATROL,0
95.480,0.0341,0.0340,PATROL,0
95.514,0.0339,0.0340,PATROL,0
95.548,0.0341,0.0340,PATROL,0
95.583,0.0341,0.0340,PATROL,0
95.617,0.0342,0.0340,PATROL,0
95.651,0.0338,0.0340,PATROL,0
95.685,0.0340,0.0340,PATROL,0
95.719,0.0340,0.0340,PATROL,0
95.753,0.0339,0.0340,PATROL,0
95.787,0.0342,0.0340,PATROL,0
95.821,0.0339,0.0340,PATROL,0
95.855,0.0340,0.0340,PATROL,0
95.889,0.0340,0.0340,PATROL,0
95.923,0.0340,0.0340,PATROL,0
95.957,0.0340,0.0340,PATROL,0
95.991,0.0342,0.0340,PATROL,0
96.025,0.0338,0.0340,PATROL,0
96.059,0.0340,0.0340,PATROL,0
96.093,0.0342,0.0340,PATROL,0
96.127,0.0338,0.0340,PATROL,0
96.161,0.0342,0.0340,PATROL,0
96.195,0.0340,0.0340,PATROL,0
96.229,0.0340,0.0340,PATROL,0
96.263,0.0341,0.0340,PATROL,0
96.297,0.0339,0.0340,PATROL,0
96.331,0.0341,0.0340,PATROL,0
96.365,0.0339,0.0340,PATROL,0
96.399,0.0341,0.0340,PATROL,0
96.433,0.0340,0.0340,PATROL,0
96.467,0.0339,0.0340,PATROL,0
96.501,0.0340,0.0340,PATROL,0
96.535,0.0343,0.0340,PATROL,0
96.569,0.0341,0.0340,PATROL,0
96.603,0.0340,0.0340,PATROL,0
96.637,0.0341,0.0340,PATROL,0
96.671,0.0337,0.0340,PATROL,0
96.705,0.0342,0.0340,PATROL,0
96.739,0.0340,0.0340,PATROL,0
96.773,0.0341,0.0340,PATROL,0
96.807,0.0339,0.0340,PATROL,0
96.841,0.0343,0.0340,PATROL,0
96.875,0.0340,0.0340,PATROL,0
96.909,0.0339,0.0340,PATROL,0
96.943,0.0340,0.0340,PATROL,0
96.977,0.0342,0.0340,PATROL,0
97.011,0.0340,0.0340,PATROL,0
97.045,0.0337,0.0340,PATROL,0
97.079,0.0340,0.0340,PATROL,0
97.113,0.0340,0.0340,PATROL,0
97.147,0.0342,0.0340,PATROL,0
97.181,0.0338,0.0340,PATROL,0
97.215,0.0341,0.0340,PATROL,0
97.249,0.0341,0.0340,PATROL,0
97.284,0.0344,0.0340,PATROL,0
97.317,0.0336,0.0340,PATROL,0
97.351,0.0339,0.0340,PATROL,0
97.385,0.0341,0.0340,PATROL,0
97.420,0.0343,0.0340,PATROL,0
97.454,0.0339,0.0340,PATROL,0
97.488,0.0340,0.0340,PATROL,0
97.522,0.0341,0.0340,PATROL,0
97.556,0.0340,0.0340,PATROL,0
97.590,0.0343,0.0340,PATROL,0
97.624,0.0336,0.0340,PATROL,0
97.658,0.0344,0.0340,PATROL,0
97.692,0.0338,0.0340,PATROL,0
97.726,0.0338,0.0340,PATROL,0
97.760,0.0340,0.0340,PATROL,0
97.794,0.0340,0.0340,PATROL,0
97.828,0.0341,0.0340,PATROL,0
97.862,0.0339,0.0340,PATROL,0
97.896,0.0341,0.0340,PATROL,0
97.930,0.0340,0.0340,PATROL,0
97.964,0.0340,0.0340,PATROL,0
97.998,0.0342,0.0340,PATROL,0
98.032,0.0339,0.0340,PATROL,0
98.066,0.0340,0.0340,PATROL,0
98.100,0.0339,0.0340,PATROL,0
98.134,0.0340,0.0340,PATROL,0
98.168,0.0343,0.0340,PATROL,0
98.202,0.0338,0.0340,PATROL,0
98.236,0.0341,0.0340,PATROL,0
98.270,0.0345,0.0340,PATROL,0
98.304,0.0339,0.0340,PATROL,0
98.338,0.0339,0.0340,PATROL,0
98.372,0.0340,0.0340,PATROL,0
98.406,0.0341,0.0340,PATROL,0
98.440,0.0339,0.0340,PATROL,0
98.474,0.0339,0.0340,PATROL,0
98.508,0.0341,0.0340,PATROL,0
98.542,0.0340,0.0340,PATROL,0
98.576,0.0341,0.0340,PATROL,0
98.610,0.0340,0.0340,PATROL,0
98.644,0.0340,0.0340,PATROL,0
98.678,0.0340,0.0340,PATROL,0
98.712,0.0339,0.0340,PATROL,0
98.746,0.0340,0.0340,PATROL,0
98.780,0.0341,0.0340,PATROL,0
98.814,0.0339,0.0340,PATROL,0
98.848,0.0342,0.0340,PATROL,0
98.882,0.0339,0.0340,PATROL,0
98.916,0.0340,0.0340,PATROL,0
98.950,0.0342,0.0340,PATROL,0
98.984,0.0340,0.0340,PATROL,0
99.018,0.0340,0.0340,PATROL,0
99.052,0.0339,0.0340,PATROL,0
99.086,0.0342,0.0340,PATROL,0
99.120,0.0340,0.0340,PATROL,0
99.155,0.0341,0.0340,PATROL,0
99.189,0.0340,0.0340,PATROL,0
99.222,0.0338,0.0340,PATROL,0
99.256,0.0341,0.0340,PATROL,0
99.290,0.0339,0.0340,PATROL,0
99.325,0.0341,0.0340,PATROL,0
99.359,0.0341,0.0340,PATROL,0
99.393,0.0340,0.0340,PATROL,0
99.426,0.0338,0.0340,PATROL,0
99.461,0.0340,0.0340,PATROL,0
99.495,0.0341,0.0340,PATROL,0
99.529,0.0339,0.0340,PATROL,0
99.563,0.0341,0.0340,PATROL,0
99.597,0.0339,0.0340,PATROL,0
99.631,0.0342,0.0340,PATROL,0
99.665,0.0341,0.0340,PATROL,0
99.699,0.0338,0.0340,PATROL,0
99.733,0.0340,0.0340,PATROL,0
99.767,0.0342,0.0340,PATROL,0
99.801,0.0338,0.0340,PATROL,0
99.835,0.0341,0.0340,PATROL,0
99.869,0.0340,0.0340,PATROL,0
99.903,0.0341,0.0340,PATROL,0
99.937,0.0339,0.0340,PATROL,0
99.971,0.0340,0.0340,PATROL,0
100.005,0.0340,0.0340,PATROL,0
100.039,0.0339,0.0340,PATROL,0
100.073,0.0341,0.0340,PATROL,0
100.107,0.0340,0.0340,PATROL,0
100.141,0.0340,0.0340,PATROL,0
100.175,0.0339,0.0340,PATROL,0
100.209,0.0341,0.0340,PATROL,0
100.243,0.0340,0.0340,PATROL,0
100.277,0.0340,0.0340,PATROL,0
100.311,0.0343,0.0340,PATROL,0
100.345,0.0338,0.0340,PATROL,0
100.379,0.0341,0.0340,PATROL,0
100.413,0.0339,0.0340,PATROL,0
100.447,0.0341,0.0340,PATROL,0
100.481,0.0342,0.0340,PATROL,0
100.515,0.0340,0.0340,PATROL,0
100.549,0.0341,0.0340,PATROL,0
100.583,0.0341,0.0340,PATROL,0
100.617,0.0339,0.0340,PATROL,0
100.651,0.0342,0.0340,PATROL,0
100.685,0.0341,0.0340,PATROL,0
100.719,0.0339,0.0340,PATROL,0
100.754,0.0344,0.0340,PATROL,0
100.787,0.0335,0.0340,PATROL,0
100.821,0.0342,0.0340,PATROL,0
100.855,0.0339,0.0340,PATROL,0
100.889,0.0340,0.0340,PATROL,0
100.923,0.0340,0.0340,PATROL,0
100.957,0.0340,0.0340,PATROL,0
100.991,0.0340,0.0340,PATROL,0
101.025,0.0341,0.0340,PATROL,0
101.059,0.0340,0.0340,PATROL,0
101.094,0.0345,0.0340,PATROL,0
101.128,0.0336,0.0340,PATROL,0
101.162,0.0340,0.0340,PATROL,0
101.195,0.0339,0.0340,PATROL,0
101.229,0.0340,0.0340,PATROL,0
101.264,0.0342,0.0340,PATROL,0
101.297,0.0338,0.0340,PATROL,0
101.331,0.0340,0.0340,PATROL,0
101.366,0.0344,0.0340,PATROL,0
101.400,0.0342,0.0340,PATROL,0
101.434,0.0335,0.0340,PATROL,0
101.468,0.0340,0.0340,PATROL,0
101.502,0.0342,0.0340,PATROL,0
101.536,0.0340,0.0340,PATROL,0
101.570,0.0339,0.0340,PATROL,0
101.604,0.0341,0.0340,PATROL,0
101.638,0.0340,0.0340,PATROL,0
101.672,0.0339,0.0340,PATROL,0
101.706,0.0341,0.0340,PATROL,0
101.740,0.0339,0.0340,PATROL,0
101.774,0.0340,0.0340,PATROL,0
101.808,0.0340,0.0340,PATROL,0
101.842,0.0341,0.0340,PATROL,0
101.876,0.0340,0.0340,PATROL,0
101.910,0.0340,0.0340,PATROL,0
101.944,0.0339,0.0340,PATROL,0
101.978,0.0340,0.0340,PATROL,0
102.012,0.0340,0.0340,PATROL,0
102.046,0.0342,0.0340,PATROL,0
102.080,0.0338,0.0340,PATROL,0
102.114,0.0340,0.0340,PATROL,0
102.148,0.0340,0.0340,PATROL,0
102.182,0.0341,0.0340,PATROL,0
102.216,0.0338,0.0340,PATROL,0
102.250,0.0342,0.0340,PATROL,0
102.284,0.0340,0.0340,PATROL,0
102.318,0.0339,0.0340,PATROL,0
102.352,0.0341,0.0340,PATROL,0
102.386,0.0340,0.0340,PATROL,0
102.420,0.0340,0.0340,PATROL,0
102.454,0.0338,0.0340,PATROL,0
102.488,0.0340,0.0340,PATROL,0
102.522,0.0342,0.0340,PATROL,0
102.556,0.0339,0.0340,PATROL,0
102.590,0.0340,0.0340,PATROL,0
102.624,0.0340,0.0340,PATROL,0
102.658,0.0339,0.0340,PATROL,0
102.692,0.0340,0.0340,PATROL,0
102.726,0.0341,0.0340,PATROL,0
102.760,0.0343,0.0340,PATROL,0
102.794,0.0339,0.0340,PATROL,0
102.828,0.0337,0.0340,PATROL,0
102.862,0.0341,0.0340,PATROL,0
102.896,0.0339,0.0340,PATROL,0
102.930,0.0341,0.0340,PATROL,0
102.964,0.0339,0.0340,PATROL,0
102.998,0.0343,0.0340,PATROL,0
103.032,0.0341,0.0340,PATROL,0
103.066,0.0341,0.0340,PATROL,0
103.100,0.0342,0.0340,PATROL,0
103.134,0.0340,0.0340,PATROL,0
103.168,0.0341,0.0340,PATROL,0
103.202,0.0340,0.0340,PATROL,0
103.237,0.0343,0.0340,PATROL,0
103.271,0.0339,0.0340,PATROL,0
103.305,0.0341,0.0340,PATROL,0
103.339,0.0341,0.0340,PATROL,0
103.373,0.0341,0.0340,PATROL,0
103.407,0.0339,0.0340,PATROL,0
103.441,0.0340,0.0340,PATROL,0
103.475,0.0342,0.0340,PATROL,0
103.509,0.0340,0.0340,PATROL,0
103.543,0.0339,0.0340,PATROL,0
103.577,0.0340,0.0340,PATROL,0
103.611,0.0340,0.0340,PATROL,0
103.645,0.0340,0.0340,PATROL,0
103.679,0.0341,0.0340,PATROL,0
103.713,0.0341,0.0340,PATROL,0
103.747,0.0340,0.0340,PATROL,0
103.781,0.0340,0.0340,PATROL,0
103.815,0.0341,0.0340,PATROL,0
103.849,0.0338,0.0340,PATROL,0
103.883,0.0341,0.0340,PATROL,0
103.917,0.0341,0.0340,PATROL,0
103.951,0.0338,0.0340,PATROL,0
103.985,0.0343,0.0340,PATROL,0
104.019,0.0340,0.0340,PATROL,0
104.053,0.0340,0.0340,PATROL,0
104.087,0.0339,0.0340,PATROL,0
104.121,0.0340,0.0340,PATROL,0
104.155,0.0342,0.0340,PATROL,0
104.189,0.0339,0.0340,PATROL,0
104.223,0.0340,0.0340,PATROL,0
104.257,0.0340,0.0340,PATROL,0
104.291,0.0340,0.0340,PATROL,0
104.325,0.0341,0.0340,PATROL,0
104.359,0.0340,0.0340,PATROL,0
104.393,0.0340,0.0340,PATROL,0
104.427,0.0340,0.0340,PATROL,0
104.461,0.0340,0.0340,PATROL,0
104.495,0.0342,0.0340,PATROL,0
104.529,0.0338,0.0340,PATROL,0
104.563,0.0342,0.0340,PATROL,0
104.597,0.0340,0.0340,PATROL,0
104.631,0.0341,0.0340,PATROL,0
104.666,0.0341,0.0340,PATROL,0
104.699,0.0339,0.0340,PATROL,0
104.733,0.0340,0.0340,PATROL,0
104.767,0.0340,0.0340,PATROL,0
104.801,0.0341,0.0340,PATROL,0
104.836,0.0340,0.0340,PATROL,0
104.869,0.0339,0.0340,PATROL,0
104.903,0.0340,0.0340,PATROL,0
104.937,0.0340,0.0340,PATROL,0
104.971,0.0340,0.0340,PATROL,0
105.005,0.0340,0.0340,PATROL,0
105.040,0.0342,0.0340,PATROL,0
105.074,0.0340,0.0340,PATROL,0
105.108,0.0340,0.0340,PATROL,0
105.142,0.0340,0.0340,PATROL,0
105.176,0.0342,0.0340,PATROL,0
105.210,0.0341,0.0340,PATROL,0
105.244,0.0341,0.0340,PATROL,0
105.278,0.0338,0.0340,PATROL,0
105.312,0.0341,0.0340,PATROL,0
105.346,0.0340,0.0340,PATROL,0
105.380,0.0340,0.0340,PATROL,0
105.414,0.0340,0.0340,PATROL,0
105.448,0.0340,0.0340,PATROL,0
105.482,0.0342,0.0340,PATROL,0
105.516,0.0339,0.0340,PATROL,0
105.550,0.0341,0.0340,PATROL,0
105.584,0.0340,0.0340,PATROL,0
105.618,0.0340,0.0340,PATROL,0
105.652,0.0340,0.0340,PATROL,0
105.686,0.0340,0.0340,PATROL,0
105.720,0.0339,0.0340,PATROL,0
105.754,0.0342,0.0340,PATROL,0
105.788,0.0339,0.0340,PATROL,0
105.822,0.0341,0.0340,PATROL,0
105.856,0.0341,0.0340,PATROL,0
105.890,0.0340,0.0340,PATROL,0
105.924,0.0338,0.0340,PATROL,0
105.958,0.0340,0.0340,PATROL,0
105.992,0.0341,0.0340,PATROL,0
106.026,0.0338,0.0340,PATROL,0
106.060,0.0341,0.0340,PATROL,0
106.094,0.0343,0.0340,PATROL,0
106.128,0.0339,0.0340,PATROL,0
106.162,0.0338,0.0340,PATROL,0
106.197,0.0345,0.0340,PATROL,0
106.230,0.0335,0.0340,PATROL,0
106.264,0.0340,0.0340,PATROL,0
106.298,0.0339,0.0340,PATROL,0
106.332,0.0342,0.0340,PATROL,0
106.366,0.0340,0.0340,PATROL,0
106.400,0.0339,0.0340,PATROL,0
106.434,0.0341,0.0340,PATROL,0
106.468,0.0340,0.0340,PATROL,0
106.502,0.0340,0.0340,PATROL,0
106.536,0.0340,0.0340,PATROL,0
106.570,0.0341,0.0340,PATROL,0
106.605,0.0345,0.0340,PATROL,0
106.638,0.0335,0.0340,PATROL,0
106.672,0.0340,0.0340,PATROL,0
106.706,0.0340,0.0340,PATROL,0
106.740,0.0341,0.0340,PATROL,0
106.774,0.0340,0.0340,PATROL,0
106.808,0.0341,0.0340,PATROL,0
106.842,0.0340,0.0340,PATROL,0
106.877,0.0342,0.0340,PATROL,0
106.911,0.0339,0.0340,PATROL,0
106.944,0.0339,0.0340,PATROL,0
106.979,0.0341,0.0340,PATROL,0
107.012,0.0339,0.0340,PATROL,0
107.047,0.0341,0.0340,PATROL,0
107.081,0.0340,0.0340,PATROL,0
107.115,0.0341,0.0340,PATROL,0
107.149,0.0339,0.0340,PATROL,0
107.183,0.0342,0.0340,PATROL,0
107.217,0.0339,0.0340,PATROL,0
107.251,0.0342,0.0340,PATROL,0
107.285,0.0338,0.0340,PATROL,0
107.319,0.0340,0.0340,PATROL,0
107.353,0.0341,0.0340,PATROL,0
107.387,0.0340,0.0340,PATROL,0
107.421,0.0340,0.0340,PATROL,0
107.455,0.0341,0.0340,PATROL,0
107.489,0.0340,0.0340,PATROL,0
107.523,0.0340,0.0340,PATROL,0
107.557,0.0341,0.0340,PATROL,0
107.591,0.0340,0.0340,PATROL,0
107.625,0.0341,0.0340,PATROL,0
107.659,0.0340,0.0340,PATROL,0
107.693,0.0339,0.0340,PATROL,0
107.727,0.0342,0.0340,PATROL,0
107.761,0.0339,0.0340,PATROL,0
107.795,0.0341,0.0340,PATROL,0
107.829,0.0339,0.0340,PATROL,0
107.863,0.0341,0.0340,PATROL,0
107.897,0.0342,0.0340,PATROL,0
107.931,0.0339,0.0340,PATROL,0
107.965,0.0340,0.0340,PATROL,0
107.999,0.0340,0.0340,PATROL,0
108.033,0.0342,0.0340,PATROL,0
108.067,0.0337,0.0340,PATROL,0
108.101,0.0340,0.0340,PATROL,0
108.135,0.0342,0.0340,PATROL,0
108.169,0.0339,0.0340,PATROL,0
108.203,0.0340,0.0340,PATROL,0
108.237,0.0340,0.0340,PATROL,0
108.271,0.0342,0.0340,PATROL,0
108.305,0.0338,0.0340,PATROL,0
108.339,0.0341,0.0340,PATROL,0
108.373,0.0341,0.0340,PATROL,0
108.407,0.0341,0.0340,PATROL,0
108.441,0.0340,0.0340,PATROL,0
108.475,0.0338,0.0340,PATROL,0
108.509,0.0341,0.0340,PATROL,0
108.543,0.0339,0.0340,PATROL,0
108.578,0.0343,0.0340,PATROL,0
108.611,0.0339,0.0340,PATROL,0
108.645,0.0340,0.0340,PATROL,0
108.680,0.0342,0.0340,PATROL,0
108.714,0.0339,0.0340,PATROL,0
108.748,0.0341,0.0340,PATROL,0
108.781,0.0338,0.0340,PATROL,0
108.816,0.0342,0.0340,PATROL,0
108.849,0.0339,0.0340,PATROL,0
108.884,0.0342,0.0340,PATROL,0
108.918,0.0339,0.0340,PATROL,0
108.952,0.0342,0.0340,PATROL,0
108.986,0.0339,0.0340,PATROL,0
109.020,0.0341,0.0340,PATROL,0
109.054,0.0340,0.0340,PATROL,0
109.088,0.0340,0.0340,PATROL,0
109.122,0.0340,0.0340,PATROL,0
109.156,0.0340,0.0340,PATROL,0
109.190,0.0339,0.0340,PATROL,0
109.224,0.0340,0.0340,PATROL,0
109.258,0.0341,0.0340,PATROL,0
109.292,0.0341,0.0340,PATROL,0
109.326,0.0339,0.0340,PATROL,0
109.360,0.0339,0.0340,PATROL,0
109.394,0.0343,0.0340,PATROL,0
109.428,0.0337,0.0340,PATROL,0
109.462,0.0340,0.0340,PATROL,0
109.496,0.0340,0.0340,PATROL,0
109.530,0.0342,0.0340,PATROL,0
109.564,0.0340,0.0340,PATROL,0
109.598,0.0340,0.0340,PATROL,0
109.632,0.0339,0.0340,PATROL,0
109.666,0.0340,0.0340,PATROL,0
109.700,0.0339,0.0340,PATROL,0
109.734,0.0342,0.0340,PATROL,0
109.768,0.0341,0.0340,PATROL,0
109.802,0.0341,0.0340,PATROL,0
109.836,0.0339,0.0340,PATROL,0
109.870,0.0341,0.0340,PATROL,0
109.904,0.0341,0.0340,PATROL,0
109.938,0.0340,0.0340,PATROL,0
109.972,0.0339,0.0340,PATROL,0
110.006,0.0339,0.0340,PATROL,0
110.040,0.0341,0.0340,PATROL,0
110.074,0.0343,0.0340,PATROL,0
110.109,0.0342,0.0340,PATROL,0
110.142,0.0339,0.0340,PATROL,0
110.176,0.0338,0.0340,PATROL,0
110.210,0.0340,0.0340,PATROL,0
110.244,0.0339,0.0340,PATROL,0
110.278,0.0342,0.0340,PATROL,0
110.312,0.0339,0.0340,PATROL,0
110.346,0.0339,0.0340,PATROL,0
110.380,0.0340,0.0340,PATROL,0
110.414,0.0341,0.0340,PATROL,0
110.449,0.0342,0.0340,PATROL,0
110.482,0.0337,0.0340,PATROL,0
110.516,0.0340,0.0340,PATROL,0
110.550,0.0342,0.0340,PATROL,0
110.584,0.0338,0.0340,PATROL,0
110.619,0.0344,0.0340,PATROL,0
110.653,0.0343,0.0340,PATROL,0
110.687,0.0336,0.0340,PATROL,0
110.721,0.0340,0.0340,PATROL,0
110.755,0.0339,0.0340,PATROL,0
110.789,0.0341,0.0340,PATROL,0
110.823,0.0341,0.0340,PATROL,0
110.857,0.0342,0.0340,PATROL,0
110.891,0.0339,0.0340,PATROL,0
110.925,0.0339,0.0340,PATROL,0
110.959,0.0341,0.0340,PATROL,0
110.993,0.0343,0.0340,PATROL,0
111.027,0.0339,0.0340,PATROL,0
111.061,0.0338,0.0340,PATROL,0
111.095,0.0339,0.0340,PATROL,0
111.129,0.0340,0.0340,PATROL,0
111.163,0.0341,0.0340,PATROL,0
111.197,0.0340,0.0340,PATROL,0
111.231,0.0340,0.0340,PATROL,0
111.265,0.0341,0.0340,PATROL,0
111.299,0.0343,0.0340,PATROL,0
111.333,0.0337,0.0340,PATROL,0
111.367,0.0341,0.0340,PATROL,0
111.401,0.0339,0.0340,PATROL,0
111.435,0.0341,0.0340,PATROL,0
111.469,0.0340,0.0340,PATROL,0
111.503,0.0339,0.0340,PATROL,0
111.537,0.0342,0.0340,PATROL,0
111.571,0.0340,0.0340,PATROL,0
111.605,0.0340,0.0340,PATROL,0
111.639,0.0340,0.0340,PATROL,0
111.673,0.0341,0.0340,PATROL,0
111.707,0.0339,0.0340,PATROL,0
111.741,0.0342,0.0340,PATROL,0
111.775,0.0341,0.0340,PATROL,0
111.809,0.0339,0.0340,PATROL,0
111.843,0.0339,0.0340,PATROL,0
111.877,0.0340,0.0340,PATROL,0
111.911,0.0340,0.0340,PATROL,0
111.945,0.0340,0.0340,PATROL,0
111.979,0.0341,0.0340,PATROL,0
112.014,0.0344,0.0340,PATROL,0
112.047,0.0338,0.0340,PATROL,0
112.081,0.0338,0.0340,PATROL,0
112.115,0.0340,0.0340,PATROL,0
112.149,0.0341,0.0340,PATROL,0
112.183,0.0340,0.0340,PATROL,0
112.217,0.0340,0.0340,PATROL,0
112.251,0.0340,0.0340,PATROL,0
112.285,0.0341,0.0340,PATROL,0
112.319,0.0339,0.0340,PATROL,0
112.353,0.0342,0.0340,PATROL,0
112.387,0.0338,0.0340,PATROL,0
112.422,0.0344,0.0340,PATROL,0
112.456,0.0339,0.0340,PATROL,0
112.490,0.0340,0.0340,PATROL,0
112.524,0.0340,0.0340,PATROL,0
112.558,0.0339,0.0340,PATROL,0
112.591,0.0339,0.0340,PATROL,0
112.626,0.0342,0.0340,PATROL,0
112.660,0.0341,0.0340,PATROL,0
112.694,0.0343,0.0340,PATROL,0
112.728,0.0337,0.0340,PATROL,0
112.762,0.0341,0.0340,PATROL,0
112.796,0.0340,0.0340,PATROL,0
112.830,0.0339,0.0340,PATROL,0
112.864,0.0341,0.0340,PATROL,0
112.898,0.0338,0.0340,PATROL,0
112.932,0.0340,0.0340,PATROL,0
112.966,0.0341,0.0340,PATROL,0
113.000,0.0344,0.0340,PATROL,0
113.034,0.0338,0.0340,PATROL,0
113.068,0.0340,0.0340,PATROL,0
113.102,0.0341,0.0340,PATROL,0
113.136,0.0338,0.0340,PATROL,0
113.170,0.0340,0.0340,PATROL,0
113.204,0.0340,0.0340,PATROL,0
113.238,0.0342,0.0340,PATROL,0
113.272,0.0339,0.0340,PATROL,0
113.306,0.0340,0.0340,PATROL,0
113.340,0.0341,0.0340,PATROL,0
113.374,0.0339,0.0340,PATROL,0
113.408,0.0341,0.0340,PATROL,0
113.442,0.0339,0.0340,PATROL,0
113.476,0.0344,0.0340,PATROL,0
113.510,0.0336,0.0340,PATROL,0
113.544,0.0342,0.0340,PATROL,0
113.578,0.0340,0.0340,PATROL,0
113.612,0.0340,0.0340,PATROL,0
113.646,0.0341,0.0340,PATROL,0
113.680,0.0340,0.0340,PATROL,0
113.714,0.0340,0.0340,PATROL,0
113.748,0.0342,0.0340,PATROL,0
113.782,0.0340,0.0340,PATROL,0
113.816,0.0339,0.0340,PATROL,0
113.850,0.0340,0.0340,PATROL,0
113.884,0.0343,0.0340,PATROL,0
113.918,0.0338,0.0340,PATROL,0
113.952,0.0339,0.0340,PATROL,0
113.986,0.0340,0.0340,PATROL,0
114.020,0.0343,0.0340,PATROL,0
114.054,0.0339,0.0340,PATROL,0
114.088,0.0341,0.0340,PATROL,0
114.122,0.0338,0.0340,PATROL,0
114.156,0.0341,0.0340,PATROL,0
114.190,0.0342,0.0340,PATROL,0
114.224,0.0338,0.0340,PATROL,0
114.258,0.0340,0.0340,PATROL,0
114.292,0.0339,0.0340,PATROL,0
114.326,0.0342,0.0340,PATROL,0
114.360,0.0339,0.0340,PATROL,0
114.394,0.0342,0.0340,PATROL,0
114.428,0.0340,0.0340,PATROL,0
114.462,0.0340,0.0340,PATROL,0
114.496,0.0339,0.0340,PATROL,0
114.530,0.0341,0.0340,PATROL,0
114.564,0.0339,0.0340,PATROL,0
114.599,0.0341,0.0340,PATROL,0
114.632,0.0340,0.0340,PATROL,0
114.667,0.0340,0.0340,PATROL,0
114.701,0.0342,0.0340,PATROL,0
114.735,0.0338,0.0340,PATROL,0
114.769,0.0341,0.0340,PATROL,0
114.802,0.0339,0.0340,PATROL,0
114.837,0.0340,0.0340,PATROL,0
114.871,0.0340,0.0340,PATROL,0
114.905,0.0341,0.0340,PATROL,0
114.939,0.0339,0.0340,PATROL,0
114.973,0.0342,0.0340,PATROL,0
115.007,0.0338,0.0340,PATROL,0
115.041,0.0343,0.0340,PATROL,0
115.075,0.0339,0.0340,PATROL,0
115.109,0.0340,0.0340,PATROL,0
115.143,0.0340,0.0340,PATROL,0
115.177,0.0340,0.0340,PATROL,0
115.211,0.0339,0.0340,PATROL,0
115.245,0.0341,0.0340,PATROL,0
115.279,0.0340,0.0340,PATROL,0
115.313,0.0340,0.0340,PATROL,0
115.347,0.0339,0.0340,PATROL,0
115.381,0.0340,0.0340,PATROL,0
115.415,0.0340,0.0340,PATROL,0
115.449,0.0340,0.0340,PATROL,0
115.483,0.0341,0.0340,PATROL,0
115.517,0.0340,0.0340,PATROL,0
115.551,0.0340,0.0340,PATROL,0
115.585,0.0339,0.0340,PATROL,0
115.619,0.0342,0.0340,PATROL,0
115.653,0.0342,0.0340,PATROL,0
115.687,0.0339,0.0340,PATROL,0
115.721,0.0342,0.0340,PATROL,0
115.755,0.0340,0.0340,PATROL,0
115.789,0.0341,0.0340,PATROL,0
115.823,0.0340,0.0340,PATROL,0
115.857,0.0339,0.0340,PATROL,0
115.891,0.0340,0.0340,PATROL,0
115.925,0.0341,0.0340,PATROL,0
115.959,0.0341,0.0340,PATROL,0
115.993,0.0340,0.0340,PATROL,0
116.027,0.0339,0.0340,PATROL,0
116.061,0.0343,0.0340,PATROL,0
116.095,0.0337,0.0340,PATROL,0
116.129,0.0342,0.0340,PATROL,0
116.163,0.0338,0.0340,PATROL,0
116.197,0.0341,0.0340,PATROL,0
116.231,0.0339,0.0340,PATROL,0
116.265,0.0343,0.0340,PATROL,0
116.299,0.0341,0.0340,PATROL,0
116.333,0.0338,0.0340,PATROL,0
116.367,0.0341,0.0340,PATROL,0
116.402,0.0341,0.0340,PATROL,0
116.435,0.0339,0.0340,PATROL,0
116.470,0.0342,0.0340,PATROL,0
116.503,0.0339,0.0340,PATROL,0
116.537,0.0340,0.0340,PATROL,0
116.572,0.0341,0.0340,PATROL,0
116.605,0.0339,0.0340,PATROL,0
116.640,0.0341,0.0340,PATROL,0
116.673,0.0339,0.0340,PATROL,0
116.708,0.0341,0.0340,PATROL,0
116.741,0.0339,0.0340,PATROL,0
116.775,0.0340,0.0340,PATROL,0
116.809,0.0340,0.0340,PATROL,0
116.844,0.0341,0.0340,PATROL,0
116.878,0.0340,0.0340,PATROL,0
116.912,0.0340,0.0340,PATROL,0
116.946,0.0342,0.0340,PATROL,0
116.980,0.0339,0.0340,PATROL,0
117.014,0.0340,0.0340,PATROL,0
117.048,0.0340,0.0340,PATROL,0
117.082,0.0343,0.0340,PATROL,0
117.116,0.0338,0.0340,PATROL,0
117.150,0.0340,0.0340,PATROL,0
117.184,0.0340,0.0340,PATROL,0
117.218,0.0339,0.0340,PATROL,0
117.252,0.0342,0.0340,PATROL,0
117.286,0.0338,0.0340,PATROL,0
117.320,0.0341,0.0340,PATROL,0
117.354,0.0343,0.0340,PATROL,0
117.388,0.0338,0.0340,PATROL,0
117.422,0.0341,0.0340,PATROL,0
117.456,0.0340,0.0340,PATROL,0
117.490,0.0341,0.0340,PATROL,0
117.524,0.0339,0.0340,PATROL,0
117.558,0.0341,0.0340,PATROL,0
117.592,0.0340,0.0340,PATROL,0
117.626,0.0340,0.0340,PATROL,0
117.660,0.0341,0.0340,PATROL,0
117.694,0.0338,0.0340,PATROL,0
117.728,0.0342,0.0340,PATROL,0
117.762,0.0338,0.0340,PATROL,0
117.796,0.0340,0.0340,PATROL,0
117.830,0.0344,0.0340,PATROL,0
117.864,0.0336,0.0340,PATROL,0
117.898,0.0341,0.0340,PATROL,0
117.932,0.0340,0.0340,PATROL,0
117.966,0.0341,0.0340,PATROL,0
118.000,0.0340,0.0340,PATROL,0
118.034,0.0338,0.0340,PATROL,0
118.068,0.0341,0.0340,PATROL,0
118.102,0.0342,0.0340,PATROL,0
118.136,0.0339,0.0340,PATROL,0
118.170,0.0341,0.0340,PATROL,0
118.204,0.0338,0.0340,PATROL,0
118.238,0.0340,0.0340,PATROL,0
118.272,0.0341,0.0340,PATROL,0
118.306,0.0339,0.0340,PATROL,0
118.340,0.0341,0.0340,PATROL,0
118.374,0.0342,0.0340,PATROL,0
118.408,0.0339,0.0340,PATROL,0
118.442,0.0342,0.0340,PATROL,0
118.476,0.0339,0.0340,PATROL,0
118.510,0.0341,0.0340,PATROL,0
118.544,0.0341,0.0340,PATROL,0
118.578,0.0340,0.0340,PATROL,0
118.612,0.0339,0.0340,PATROL,0
118.646,0.0340,0.0340,PATROL,0
118.680,0.0340,0.0340,PATROL,0
118.715,0.0342,0.0340,PATROL,0
118.749,0.0343,0.0340,PATROL,0
118.783,0.0337,0.0340,PATROL,0
118.817,0.0340,0.0340,PATROL,0
118.851,0.0341,0.0340,PATROL,0
118.885,0.0339,0.0340,PATROL,0
118.919,0.0342,0.0340,PATROL,0
118.953,0.0338,0.0340,PATROL,0
118.987,0.0341,0.0340,PATROL,0
119.021,0.0340,0.0340,PATROL,0
119.055,0.0340,0.0340,PATROL,0
119.089,0.0338,0.0340,PATROL,0
119.123,0.0343,0.0340,PATROL,0
119.157,0.0340,0.0340,PATROL,0
119.191,0.0339,0.0340,PATROL,0
119.225,0.0339,0.0340,PATROL,0
119.259,0.0342,0.0340,PATROL,0
119.293,0.0340,0.0340,PATROL,0
119.327,0.0340,0.0340,PATROL,0
119.361,0.0341,0.0340,PATROL,0
119.395,0.0340,0.0340,PATROL,0
119.429,0.0341,0.0340,PATROL,0
119.463,0.0340,0.0340,PATROL,0
119.497,0.0341,0.0340,PATROL,0
119.531,0.0339,0.0340,PATROL,0
119.565,0.0340,0.0340,PATROL,0
119.599,0.0342,0.0340,PATROL,0
119.633,0.0339,0.0340,PATROL,0
119.667,0.0340,0.0340,PATROL,0
119.701,0.0342,0.0340,PATROL,0
119.735,0.0340,0.0340,PATROL,0
119.769,0.0338,0.0340,PATROL,0
119.803,0.0342,0.0340,PATROL,0
119.837,0.0338,0.0340,PATROL,0
119.871,0.0342,0.0340,PATROL,0
119.905,0.0338,0.0340,PATROL,0
119.939,0.0341,0.0340,PATROL,0
119.973,0.0339,0.0340,PATROL,0
120.007,0.0340,0.0340,PATROL,0
120.041,0.0341,0.0340,PATROL,0
120.075,0.0339,0.0340,PATROL,0
120.109,0.0340,0.0340,PATROL,0
120.143,0.0340,0.0340,PATROL,0
120.177,0.0341,0.0340,PATROL,0
120.211,0.0340,0.0340,PATROL,0
120.245,0.0341,0.0340,PATROL,0
120.279,0.0339,0.0340,PATROL,0
120.313,0.0340,0.0340,PATROL,0
120.347,0.0342,0.0340,PATROL,0
120.381,0.0338,0.0340,PATROL,0
120.415,0.0340,0.0340,PATROL,0
120.449,0.0342,0.0340,PATROL,0
120.483,0.0338,0.0340,PATROL,0
120.518,0.0342,0.0340,PATROL,0
120.551,0.0339,0.0340,PATROL,0
120.586,0.0342,0.0340,PATROL,0
120.619,0.0337,0.0340,PATROL,0
120.654,0.0342,0.0340,PATROL,0
120.688,0.0342,0.0340,PATROL,0
120.722,0.0339,0.0340,PATROL,0
120.756,0.0340,0.0340,PATROL,0
120.789,0.0339,0.0340,PATROL,0
120.823,0.0340,0.0340,PATROL,0
120.858,0.0341,0.0340,PATROL,0
120.892,0.0340,0.0340,PATROL,0
120.926,0.0340,0.0340,PATROL,0
120.960,0.0342,0.0340,PATROL,0
120.994,0.0340,0.0340,PATROL,0
121.028,0.0341,0.0340,PATROL,0
121.062,0.0339,0.0340,PATROL,0
121.096,0.0341,0.0340,PATROL,0
121.130,0.0340,0.0340,PATROL,0
121.164,0.0339,0.0340,PATROL,0
121.198,0.0342,0.0340,PATROL,0
121.232,0.0340,0.0340,PATROL,0
121.266,0.0339,0.0340,PATROL,0
121.300,0.0341,0.0340,PATROL,0
121.334,0.0339,0.0340,PATROL,0
121.368,0.0340,0.0340,PATROL,0
121.402,0.0341,0.0340,PATROL,0
121.436,0.0339,0.0340,PATROL,0
121.470,0.0340,0.0340,PATROL,0
121.504,0.0344,0.0340,PATROL,0
121.538,0.0336,0.0340,PATROL,0
121.572,0.0341,0.0340,PATROL,0
121.606,0.0340,0.0340,PATROL,0
121.640,0.0339,0.0340,PATROL,0
121.674,0.0340,0.0340,PATROL,0
121.708,0.0340,0.0340,PATROL,0
121.742,0.0341,0.0340,PATROL,0
121.776,0.0340,0.0340,PATROL,0
121.810,0.0340,0.0340,PATROL,0
121.844,0.0341,0.0340,PATROL,0
121.878,0.0340,0.0340,PATROL,0
121.912,0.0341,0.0340,PATROL,0
121.946,0.0341,0.0340,PATROL,0
121.980,0.0341,0.0340,PATROL,0
122.014,0.0342,0.0340,PATROL,0
122.048,0.0337,0.0340,PATROL,0
122.082,0.0340,0.0340,PATROL,0
122.116,0.0341,0.0340,PATROL,0
122.150,0.0340,0.0340,PATROL,0
122.184,0.0340,0.0340,PATROL,0
122.218,0.0339,0.0340,PATROL,0
122.252,0.0340,0.0340,PATROL,0
122.286,0.0341,0.0340,PATROL,0
122.320,0.0339,0.0340,PATROL,0
122.354,0.0341,0.0340,PATROL,0
122.388,0.0341,0.0340,PATROL,0
122.422,0.0340,0.0340,PATROL,0
122.456,0.0341,0.0340,PATROL,0
122.490,0.0338,0.0340,PATROL,0
122.524,0.0340,0.0340,PATROL,0
122.558,0.0340,0.0340,PATROL,0
122.592,0.0340,0.0340,PATROL,0
122.626,0.0341,0.0340,PATROL,0
122.660,0.0340,0.0340,PATROL,0
122.694,0.0340,0.0340,PATROL,0
122.728,0.0340,0.0340,PATROL,0
122.762,0.0341,0.0340,PATROL,0
122.796,0.0340,0.0340,PATROL,0
122.830,0.0339,0.0340,PATROL,0
122.865,0.0342,0.0340,PATROL,0
122.899,0.0343,0.0340,PATROL,0
122.933,0.0342,0.0340,PATROL,0
122.966,0.0334,0.0340,PATROL,0
123.001,0.0343,0.0340,PATROL,0
123.035,0.0339,0.0340,PATROL,0
123.069,0.0341,0.0340,PATROL,0
123.103,0.0340,0.0340,PATROL,0
123.137,0.0339,0.0340,PATROL,0
123.171,0.0340,0.0340,PATROL,0
123.205,0.0341,0.0340,PATROL,0
123.239,0.0340,0.0340,PATROL,0
123.273,0.0340,0.0340,PATROL,0
123.307,0.0339,0.0340,PATROL,0
123.341,0.0341,0.0340,PATROL,0
123.375,0.0341,0.0340,PATROL,0
123.409,0.0340,0.0340,PATROL,0
123.443,0.0343,0.0340,PATROL,0
123.477,0.0337,0.0340,PATROL,0
123.511,0.0342,0.0340,PATROL,0
123.545,0.0340,0.0340,PATROL,0
123.579,0.0340,0.0340,PATROL,0
123.613,0.0339,0.0340,PATROL,0
123.647,0.0341,0.0340,PATROL,0
123.681,0.0339,0.0340,PATROL,0
123.715,0.0341,0.0340,PATROL,0
123.749,0.0341,0.0340,PATROL,0
123.783,0.0339,0.0340,PATROL,0
123.817,0.0339,0.0340,PATROL,0
123.851,0.0342,0.0340,PATROL,0
123.885,0.0339,0.0340,PATROL,0
123.919,0.0340,0.0340,PATROL,0
123.953,0.0342,0.0340,PATROL,0
123.987,0.0339,0.0340,PATROL,0
124.021,0.0342,0.0340,PATROL,0
124.055,0.0338,0.0340,PATROL,0
124.089,0.0340,0.0340,PATROL,0
124.123,0.0341,0.0340,PATROL,0
124.157,0.0339,0.0340,PATROL,0
124.191,0.0340,0.0340,PATROL,0
124.225,0.0342,0.0340,PATROL,0
124.259,0.0339,0.0340,PATROL,0
124.293,0.0340,0.0340,PATROL,0
124.327,0.0340,0.0340,PATROL,0
124.361,0.0340,0.0340,PATROL,0
124.395,0.0341,0.0340,PATROL,0
124.429,0.0339,0.0340,PATROL,0
124.463,0.0342,0.0340,PATROL,0
124.498,0.0343,0.0340,PATROL,0
124.531,0.0336,0.0340,PATROL,0
124.565,0.0340,0.0340,PATROL,0
124.599,0.0340,0.0340,PATROL,0
124.633,0.0339,0.0340,PATROL,0
124.667,0.0342,0.0340,PATROL,0
124.702,0.0341,0.0340,PATROL,0
124.736,0.0341,0.0340,PATROL,0
124.770,0.0338,0.0340,PATROL,0
124.803,0.0340,0.0340,PATROL,0
124.838,0.0342,0.0340,PATROL,0
124.872,0.0339,0.0340,PATROL,0
124.906,0.0342,0.0340,PATROL,0
124.940,0.0340,0.0340,PATROL,0
124.974,0.0339,0.0340,PATROL,0
125.008,0.0341,0.0340,PATROL,0
125.042,0.0338,0.0340,PATROL,0
125.076,0.0340,0.0340,PATROL,0
125.110,0.0339,0.0340,PATROL,0
125.144,0.0341,0.0340,PATROL,0
125.178,0.0340,0.0340,PATROL,0
125.212,0.0339,0.0340,PATROL,0
125.246,0.0341,0.0340,PATROL,0
125.280,0.0340,0.0340,PATROL,0
125.314,0.0341,0.0340,PATROL,0
125.348,0.0338,0.0340,PATROL,0
125.382,0.0341,0.0340,PATROL,0
125.416,0.0339,0.0340,PATROL,0
125.450,0.0343,0.0340,PATROL,0
125.484,0.0337,0.0340,PATROL,0
125.518,0.0341,0.0340,PATROL,0
125.552,0.0339,0.0340,PATROL,0
125.586,0.0341,0.0340,PATROL,0
125.620,0.0339,0.0340,PATROL,0
125.654,0.0343,0.0340,PATROL,0
125.688,0.0340,0.0340,PATROL,0
125.722,0.0338,0.0340,PATROL,0
125.756,0.0340,0.0340,PATROL,0
125.790,0.0342,0.0340,PATROL,0
125.824,0.0340,0.0340,PATROL,0
125.858,0.0339,0.0340,PATROL,0
125.892,0.0341,0.0340,PATROL,0
125.926,0.0339,0.0340,PATROL,0
125.960,0.0341,0.0340,PATROL,0
125.994,0.0342,0.0340,PATROL,0
126.028,0.0340,0.0340,PATROL,0
126.062,0.0339,0.0340,PATROL,0
126.096,0.0341,0.0340,PATROL,0
126.130,0.0340,0.0340,PATROL,0
126.164,0.0339,0.0340,PATROL,0
126.198,0.0340,0.0340,PATROL,0
126.232,0.0342,0.0340,PATROL,0
126.266,0.0339,0.0340,PATROL,0
126.300,0.0341,0.0340,PATROL,0
126.334,0.0341,0.0340,PATROL,0
126.368,0.0339,0.0340,PATROL,0
126.402,0.0341,0.0340,PATROL,0
126.436,0.0340,0.0340,PATROL,0
126.470,0.0339,0.0340,PATROL,0
126.505,0.0343,0.0340,PATROL,0
126.538,0.0337,0.0340,PATROL,0
126.572,0.0341,0.0340,PATROL,0
126.607,0.0341,0.0340,PATROL,0
126.641,0.0340,0.0340,PATROL,0
126.675,0.0342,0.0340,PATROL,0
126.708,0.0336,0.0340,PATROL,0
126.742,0.0341,0.0340,PATROL,0
126.776,0.0339,0.0340,PATROL,0
126.810,0.0341,0.0340,PATROL,0
126.844,0.0340,0.0340,PATROL,0
126.879,0.0340,0.0340,PATROL,0
126.913,0.0347,0.0340,PATROL,0
126.947,0.0335,0.0340,PATROL,0
126.981,0.0343,0.0340,PATROL,0
127.015,0.0336,0.0340,PATROL,0
127.049,0.0340,0.0340,PATROL,0
127.083,0.0338,0.0340,PATROL,0
127.117,0.0340,0.0340,PATROL,0
127.151,0.0340,0.0340,PATROL,0
127.185,0.0341,0.0340,PATROL,0
127.219,0.0340,0.0340,PATROL,0
127.253,0.0341,0.0340,PATROL,0
127.287,0.0339,0.0340,PATROL,0
127.321,0.0342,0.0340,PATROL,0
127.355,0.0339,0.0340,PATROL,0
127.389,0.0341,0.0340,PATROL,0
127.423,0.0339,0.0340,PATROL,0
127.457,0.0340,0.0340,PATROL,0
127.491,0.0341,0.0340,PATROL,0
127.525,0.0339,0.0340,PATROL,0
127.559,0.0340,0.0340,PATROL,0
127.593,0.0339,0.0340,PATROL,0
127.627,0.0343,0.0340,PATROL,0
127.661,0.0338,0.0340,PATROL,0
127.695,0.0339,0.0340,PATROL,0
127.729,0.0346,0.0340,PATROL,0
127.763,0.0336,0.0340,PATROL,0
127.797,0.0341,0.0340,PATROL,0
127.831,0.0341,0.0340,PATROL,0
127.865,0.0341,0.0340,PATROL,0
127.899,0.0339,0.0340,PATROL,0
127.933,0.0342,0.0340,PATROL,0
127.967,0.0339,0.0340,PATROL,0
128.001,0.0343,0.0340,PATROL,0
128.035,0.0339,0.0340,PATROL,0
128.069,0.0339,0.0340,PATROL,0
128.103,0.0341,0.0340,PATROL,0
128.137,0.0341,0.0340,PATROL,0
128.171,0.0339,0.0340,PATROL,0
128.206,0.0343,0.0340,PATROL,0
128.240,0.0339,0.0340,PATROL,0
128.273,0.0340,0.0340,PATROL,0
128.308,0.0341,0.0340,PATROL,0
128.341,0.0338,0.0340,PATROL,0
128.375,0.0340,0.0340,PATROL,0
128.409,0.0340,0.0340,PATROL,0
128.444,0.0343,0.0340,PATROL,0
128.477,0.0337,0.0340,PATROL,0
128.511,0.0341,0.0340,PATROL,0
128.546,0.0342,0.0340,PATROL,0
128.580,0.0341,0.0340,PATROL,0
128.614,0.0340,0.0340,PATROL,0
128.648,0.0340,0.0340,PATROL,0
128.682,0.0340,0.0340,PATROL,0
128.716,0.0340,0.0340,PATROL,0
128.750,0.0339,0.0340,PATROL,0
128.784,0.0340,0.0340,PATROL,0
128.818,0.0341,0.0340,PATROL,0
128.852,0.0339,0.0340,PATROL,0
128.886,0.0340,0.0340,PATROL,0
128.920,0.0340,0.0340,PATROL,0
128.954,0.0340,0.0340,PATROL,0
128.988,0.0340,0.0340,PATROL,0
129.022,0.0340,0.0340,PATROL,0
129.056,0.0341,0.0340,PATROL,0
129.090,0.0339,0.0340,PATROL,0
129.124,0.0340,0.0340,PATROL,0
129.158,0.0341,0.0340,PATROL,0
129.192,0.0340,0.0340,PATROL,0
129.226,0.0339,0.0340,PATROL,0
129.260,0.0340,0.0340,PATROL,0
129.294,0.0341,0.0340,PATROL,0
129.328,0.0338,0.0340,PATROL,0
129.362,0.0342,0.0340,PATROL,0
129.396,0.0340,0.0340,PATROL,0
129.430,0.0339,0.0340,PATROL,0
129.464,0.0341,0.0340,PATROL,0
129.498,0.0341,0.0340,PATROL,0
129.532,0.0342,0.0340,PATROL,0
129.566,0.0341,0.0340,PATROL,0
129.600,0.0339,0.0340,PATROL,0
129.634,0.0342,0.0340,PATROL,0
129.668,0.0339,0.0340,PATROL,0
129.702,0.0340,0.0340,PATROL,0
129.736,0.0342,0.0340,PATROL,0
129.770,0.0341,0.0340,PATROL,0
129.805,0.0349,0.0340,PATROL,0
129.838,0.0330,0.0340,PATROL,0
129.872,0.0341,0.0340,PATROL,0
129.907,0.0342,0.0340,PATROL,0
129.940,0.0339,0.0340,PATROL,0
129.974,0.0339,0.0340,PATROL,0
130.009,0.0342,0.0340,PATROL,0
130.043,0.0339,0.0340,PATROL,0
130.077,0.0341,0.0340,PATROL,0
130.110,0.0338,0.0340,PATROL,0
130.144,0.0341,0.0340,PATROL,0
130.179,0.0340,0.0340,PATROL,0
130.212,0.0339,0.0340,PATROL,0
130.246,0.0341,0.0340,PATROL,0
130.280,0.0340,0.0340,PATROL,0
130.314,0.0340,0.0340,PATROL,0
130.349,0.0341,0.0340,PATROL,0
130.383,0.0339,0.0340,PATROL,0
130.417,0.0341,0.0340,PATROL,0
130.451,0.0339,0.0340,PATROL,0
130.485,0.0344,0.0340,PATROL,0
130.518,0.0336,0.0340,PATROL,0
130.553,0.0342,0.0340,PATROL,0
130.587,0.0342,0.0340,PATROL,0
130.621,0.0338,0.0340,PATROL,0
130.655,0.0340,0.0340,PATROL,0
130.689,0.0339,0.0340,PATROL,0
130.723,0.0341,0.0340,PATROL,0
130.757,0.0338,0.0340,PATROL,0
130.791,0.0340,0.0340,PATROL,0
130.825,0.0340,0.0340,PATROL,0
130.859,0.0340,0.0340,PATROL,0
130.893,0.0340,0.0340,PATROL,0
130.927,0.0341,0.0340,PATROL,0
130.961,0.0340,0.0340,PATROL,0
130.995,0.0340,0.0340,PATROL,0
131.029,0.0339,0.0340,PATROL,0
131.063,0.0341,0.0340,PATROL,0
131.097,0.0339,0.0340,PATROL,0
131.131,0.0340,0.0340,PATROL,0
131.165,0.0341,0.0340,PATROL,0
131.199,0.0339,0.0340,PATROL,0
131.233,0.0341,0.0340,PATROL,0
131.267,0.0340,0.0340,PATROL,0
131.301,0.0340,0.0340,PATROL,0
131.335,0.0341,0.0340,PATROL,0
131.369,0.0340,0.0340,PATROL,0
131.403,0.0338,0.0340,PATROL,0
131.437,0.0343,0.0340,PATROL,0
131.471,0.0337,0.0340,ALIGN,0
131.505,0.0346,0.0340,ALIGN,0
131.539,0.0337,0.0340,ALIGN,0
131.573,0.0342,0.0340,ALIGN,0
131.607,0.0341,0.0340,ALIGN,0
131.641,0.0340,0.0340,ALIGN,0
131.675,0.0341,0.0340,ALIGN,0
131.710,0.0344,0.0340,ALIGN,0
131.743,0.0338,0.0340,ALIGN,0
131.777,0.0339,0.0340,ALIGN,0
131.811,0.0341,0.0340,ALIGN,0
131.845,0.0338,0.0340,ALIGN,0
131.879,0.0340,0.0340,ALIGN,0
131.913,0.0340,0.0340,ALIGN,0
131.947,0.0341,0.0340,ALIGN,0
131.982,0.0342,0.0340,ALIGN,0
132.016,0.0342,0.0340,ALIGN,0
132.050,0.0338,0.0340,ALIGN,0
132.084,0.0340,0.0340,ALIGN,0
132.117,0.0338,0.0340,ALIGN,0
132.152,0.0341,0.0340,ALIGN,0
132.186,0.0340,0.0340,ALIGN,0
132.220,0.0341,0.0340,ALIGN,0
132.254,0.0338,0.0340,ALIGN,0
132.288,0.0341,0.0340,ALIGN,0
132.322,0.0339,0.0340,ALIGN,0
132.356,0.0340,0.0340,ALIGN,0
132.390,0.0340,0.0340,ALIGN,0
132.424,0.0340,0.0340,ALIGN,0
132.458,0.0343,0.0340,ALIGN,0
132.492,0.0339,0.0340,ALIGN,0
132.526,0.0339,0.0340,ALIGN,0
132.560,0.0340,0.0340,ALIGN,0
132.594,0.0341,0.0340,ALIGN,0
132.628,0.0340,0.0340,ALIGN,0
132.662,0.0339,0.0340,ALIGN,0
132.696,0.0342,0.0340,ALIGN,0
132.730,0.0340,0.0340,ALIGN,0
132.764,0.0339,0.0340,ALIGN,0
132.798,0.0343,0.0340,ALIGN,0
132.832,0.0338,0.0340,APPROACH,0
132.866,0.0340,0.0340,APPROACH,0
132.900,0.0342,0.0340,APPROACH,0
132.934,0.0338,0.0340,APPROACH,0
132.968,0.0340,0.0340,APPROACH,0
133.002,0.0341,0.0340,APPROACH,0
133.036,0.0339,0.0340,APPROACH,0
133.070,0.0340,0.0340,APPROACH,0
133.104,0.0341,0.0340,APPROACH,0
133.138,0.0343,0.0340,APPROACH,0
133.172,0.0338,0.0340,APPROACH,0
133.206,0.0341,0.0340,APPROACH,0
133.240,0.0338,0.0340,APPROACH,0
133.274,0.0343,0.0340,APPROACH,0
133.308,0.0337,0.0340,APPROACH,0
133.342,0.0340,0.0340,APPROACH,0
133.376,0.0340,0.0340,APPROACH,0
133.410,0.0342,0.0340,APPROACH,0
133.444,0.0340,0.0340,APPROACH,0
133.478,0.0340,0.0340,APPROACH,0
133.512,0.0339,0.0340,APPROACH,0
133.546,0.0340,0.0340,APPROACH,0
133.580,0.0341,0.0340,APPROACH,0
133.614,0.0339,0.0340,APPROACH,0
133.648,0.0342,0.0340,APPROACH,0
133.682,0.0340,0.0340,APPROACH,0
133.716,0.0339,0.0340,APPROACH,0
133.750,0.0342,0.0340,APPROACH,0
133.784,0.0340,0.0340,APPROACH,0
133.818,0.0340,0.0340,APPROACH,0
133.852,0.0340,0.0340,APPROACH,0
133.887,0.0341,0.0340,APPROACH,0
133.921,0.0340,0.0340,APPROACH,0
133.955,0.0340,0.0340,APPROACH,0
133.989,0.0340,0.0340,APPROACH,0
134.022,0.0339,0.0340,APPROACH,0
134.056,0.0340,0.0340,APPROACH,0
134.091,0.0342,0.0340,APPROACH,0
134.124,0.0338,0.0340,APPROACH,0
134.159,0.0342,0.0340,APPROACH,0
134.193,0.0339,0.0340,APPROACH,0
134.227,0.0340,0.0340,APPROACH,0
134.261,0.0344,0.0340,APPROACH,0
134.295,0.0337,0.0340,APPROACH,0
134.329,0.0339,0.0340,APPROACH,0
134.363,0.0341,0.0340,APPROACH,0
134.397,0.0340,0.0340,APPROACH,0
134.431,0.0339,0.0340,APPROACH,0
134.465,0.0340,0.0340,APPROACH,0
134.499,0.0340,0.0340,APPROACH,0
134.533,0.0343,0.0340,APPROACH,0
134.567,0.0337,0.0340,APPROACH,0
134.601,0.0340,0.0340,APPROACH,0
134.635,0.0340,0.0340,APPROACH,0
134.669,0.0343,0.0340,APPROACH,0
134.703,0.0339,0.0340,APPROACH,0
134.737,0.0342,0.0340,APPROACH,0
134.771,0.0340,0.0340,APPROACH,0
134.805,0.0340,0.0340,APPROACH,0
134.839,0.0342,0.0340,APPROACH,0
134.873,0.0341,0.0340,APPROACH,0
134.907,0.0337,0.0340,APPROACH,0
134.941,0.0340,0.0340,APPROACH,0
134.975,0.0341,0.0340,APPROACH,0
135.009,0.0342,0.0340,APPROACH,0
135.043,0.0339,0.0340,APPROACH,0
135.077,0.0339,0.0340,APPROACH,0
135.111,0.0341,0.0340,APPROACH,0
135.145,0.0340,0.0340,APPROACH,0
135.179,0.0339,0.0340,APPROACH,0
135.213,0.0340,0.0340,APPROACH,0
135.247,0.0340,0.0340,APPROACH,0
135.281,0.0340,0.0340,APPROACH,0
135.315,0.0342,0.0340,APPROACH,0
135.349,0.0340,0.0340,APPROACH,0
135.383,0.0339,0.0340,APPROACH,0
135.417,0.0341,0.0340,APPROACH,0
135.451,0.0340,0.0340,APPROACH,0
135.485,0.0339,0.0340,APPROACH,0
135.519,0.0340,0.0340,APPROACH,0
135.553,0.0341,0.0340,APPROACH,0
135.587,0.0342,0.0340,APPROACH,0
135.621,0.0340,0.0340,APPROACH,0
135.655,0.0339,0.0340,APPROACH,0
135.689,0.0342,0.0340,APPROACH,0
135.723,0.0339,0.0340,APPROACH,0
135.757,0.0340,0.0340,APPROACH,0
135.791,0.0340,0.0340,APPROACH,0
135.825,0.0340,0.0340,APPROACH,0
135.860,0.0342,0.0340,APPROACH,0
135.893,0.0339,0.0340,APPROACH,0
135.927,0.0340,0.0340,APPROACH,0
135.962,0.0340,0.0340,APPROACH,0
135.996,0.0342,0.0340,APPROACH,0
136.030,0.0340,0.0340,APPROACH,0
136.064,0.0339,0.0340,APPROACH,0
136.098,0.0341,0.0340,APPROACH,0
136.132,0.0339,0.0340,APPROACH,0
136.166,0.0341,0.0340,APPROACH,0
136.200,0.0339,0.0340,APPROACH,0
136.234,0.0341,0.0340,APPROACH,0
136.268,0.0340,0.0340,APPROACH,0
136.302,0.0340,0.0340,APPROACH,0
136.336,0.0338,0.0340,APPROACH,0
136.370,0.0344,0.0340,APPROACH,0
136.404,0.0336,0.0340,APPROACH,0
136.438,0.0340,0.0340,APPROACH,0
136.472,0.0340,0.0340,APPROACH,0
136.506,0.0340,0.0340,APPROACH,0
136.540,0.0341,0.0340,APPROACH,0
136.574,0.0342,0.0340,APPROACH,0
136.608,0.0338,0.0340,APPROACH,0
136.642,0.0339,0.0340,APPROACH,0
136.676,0.0340,0.0340,APPROACH,0
136.710,0.0340,0.0340,APPROACH,0
136.744,0.0340,0.0340,APPROACH,0
136.778,0.0340,0.0340,APPROACH,0
136.812,0.0343,0.0340,APPROACH,0
136.846,0.0338,0.0340,APPROACH,0
136.880,0.0340,0.0340,APPROACH,0
136.914,0.0346,0.0340,APPROACH,0
136.948,0.0340,0.0340,APPROACH,0
136.982,0.0339,0.0340,APPROACH,0
137.016,0.0340,0.0340,APPROACH,0
137.050,0.0342,0.0340,APPROACH,0
137.084,0.0338,0.0340,APPROACH,0
137.118,0.0341,0.0340,APPROACH,0
137.152,0.0340,0.0340,APPROACH,0
137.186,0.0341,0.0340,APPROACH,0
137.220,0.0339,0.0340,APPROACH,0
137.254,0.0343,0.0340,APPROACH,0
137.288,0.0338,0.0340,APPROACH,0
137.322,0.0340,0.0340,APPROACH,0
137.356,0.0341,0.0340,APPROACH,0
137.390,0.0341,0.0340,APPROACH,0
137.424,0.0340,0.0340,APPROACH,0
137.458,0.0339,0.0340,APPROACH,0
137.492,0.0341,0.0340,APPROACH,0
137.526,0.0340,0.0340,APPROACH,0
137.561,0.0342,0.0340,APPROACH,0
137.594,0.0339,0.0340,APPROACH,0
137.628,0.0340,0.0340,APPROACH,0
137.663,0.0343,0.0340,APPROACH,0
137.697,0.0338,0.0340,APPROACH,0
137.731,0.0341,0.0340,APPROACH,0
137.764,0.0338,0.0340,APPROACH,0
137.799,0.0341,0.0340,APPROACH,0
137.833,0.0340,0.0340,APPROACH,0
137.867,0.0340,0.0340,APPROACH,0
137.901,0.0340,0.0340,APPROACH,0
137.935,0.0340,0.0340,APPROACH,0
137.969,0.0343,0.0340,APPROACH,0
138.003,0.0336,0.0340,APPROACH,0
138.037,0.0340,0.0340,APPROACH,0
138.071,0.0342,0.0340,APPROACH,0
138.105,0.0339,0.0340,APPROACH,0
138.139,0.0343,0.0340,APPROACH,0
138.173,0.0340,0.0340,APPROACH,0
138.207,0.0339,0.0340,APPROACH,0
138.241,0.0341,0.0340,APPROACH,0
138.275,0.0340,0.0340,APPROACH,0
138.309,0.0341,0.0340,APPROACH,0
138.343,0.0340,0.0340,APPROACH,0
138.377,0.0340,0.0340,APPROACH,0
138.411,0.0342,0.0340,APPROACH,0
138.445,0.0339,0.0340,APPROACH,0
138.479,0.0340,0.0340,APPROACH,0
138.513,0.0343,0.0340,APPROACH,0
138.547,0.0338,0.0340,APPROACH,0
138.581,0.0340,0.0340,APPROACH,0
138.615,0.0339,0.0340,APPROACH,0
138.649,0.0341,0.0340,APPROACH,0
138.683,0.0340,0.0340,APPROACH,0
138.717,0.0340,0.0340,APPROACH,0
138.751,0.0341,0.0340,APPROACH,0
138.785,0.0338,0.0340,APPROACH,0
138.819,0.0341,0.0340,APPROACH,0
138.853,0.0340,0.0340,APPROACH,0
138.887,0.0340,0.0340,APPROACH,0
138.921,0.0340,0.0340,APPROACH,0
138.955,0.0342,0.0340,APPROACH,0
138.989,0.0340,0.0340,APPROACH,0
139.023,0.0339,0.0340,APPROACH,0
139.057,0.0340,0.0340,APPROACH,0
139.091,0.0341,0.0340,APPROACH,0
139.125,0.0340,0.0340,APPROACH,0
139.159,0.0340,0.0340,APPROACH,0
139.193,0.0339,0.0340,APPROACH,0
139.227,0.0340,0.0340,APPROACH,0
139.261,0.0341,0.0340,APPROACH,0
139.295,0.0340,0.0340,APPROACH,0
139.329,0.0341,0.0340,APPROACH,0
139.363,0.0340,0.0340,APPROACH,0
139.398,0.0341,0.0340,APPROACH,0
139.431,0.0338,0.0340,APPROACH,0
139.465,0.0341,0.0340,APPROACH,0
139.499,0.0340,0.0340,APPROACH,0
139.533,0.0340,0.0340,APPROACH,0
139.567,0.0340,0.0340,APPROACH,0
139.601,0.0341,0.0340,APPROACH,0
139.636,0.0342,0.0340,APPROACH,0
139.670,0.0341,0.0340,APPROACH,0
139.704,0.0339,0.0340,APPROACH,0
139.738,0.0339,0.0340,APPROACH,0
139.772,0.0343,0.0340,APPROACH,0
139.806,0.0337,0.0340,APPROACH,0
139.840,0.0341,0.0340,APPROACH,0
139.874,0.0339,0.0340,APPROACH,0
139.908,0.0340,0.0340,APPROACH,0
139.942,0.0340,0.0340,APPROACH,0
139.976,0.0342,0.0340,APPROACH,0
140.010,0.0340,0.0340,APPROACH,0
140.044,0.0340,0.0340,APPROACH,0
140.078,0.0342,0.0340,APPROACH,0
140.112,0.0339,0.0340,APPROACH,0
140.146,0.0340,0.0340,APPROACH,0
140.180,0.0339,0.0340,APPROACH,0
140.214,0.0342,0.0340,APPROACH,0
140.248,0.0339,0.0340,APPROACH,0
140.282,0.0339,0.0340,APPROACH,0
140.316,0.0340,0.0340,APPROACH,0
140.350,0.0339,0.0340,APPROACH,0
140.384,0.0342,0.0340,APPROACH,0
140.418,0.0339,0.0340,APPROACH,0
140.452,0.0341,0.0340,APPROACH,0
140.486,0.0341,0.0340,APPROACH,0
140.520,0.0340,0.0340,APPROACH,0
140.554,0.0339,0.0340,APPROACH,0
140.588,0.0341,0.0340,APPROACH,0
140.622,0.0339,0.0340,APPROACH,0
140.656,0.0342,0.0340,APPROACH,0
140.690,0.0339,0.0340,APPROACH,0
140.724,0.0344,0.0340,APPROACH,0
140.758,0.0337,0.0340,APPROACH,0
140.792,0.0339,0.0340,APPROACH,0
140.826,0.0341,0.0340,APPROACH,0
140.860,0.0339,0.0340,APPROACH,0
140.894,0.0341,0.0340,APPROACH,0
140.928,0.0340,0.0340,APPROACH,0
140.962,0.0342,0.0340,APPROACH,0
140.996,0.0337,0.0340,APPROACH,0
141.030,0.0341,0.0340,APPROACH,0
141.064,0.0340,0.0340,APPROACH,0
141.099,0.0342,0.0340,APPROACH,0
141.132,0.0338,0.0340,APPROACH,0
141.166,0.0340,0.0340,APPROACH,0
141.201,0.0343,0.0340,APPROACH,0
141.234,0.0337,0.0340,APPROACH,0
141.268,0.0340,0.0340,APPROACH,0
141.302,0.0340,0.0340,APPROACH,0
141.336,0.0339,0.0340,APPROACH,0
141.371,0.0342,0.0340,APPROACH,0
141.405,0.0344,0.0340,APPROACH,0
141.438,0.0334,0.0340,APPROACH,0
141.472,0.0341,0.0340,APPROACH,0
141.506,0.0339,0.0340,APPROACH,0
141.541,0.0342,0.0340,APPROACH,0
141.575,0.0341,0.0340,APPROACH,0
141.609,0.0340,0.0340,APPROACH,0
141.643,0.0341,0.0340,APPROACH,0
141.676,0.0338,0.0340,APPROACH,0
141.711,0.0344,0.0340,APPROACH,0
141.745,0.0338,0.0340,APPROACH,0
141.779,0.0342,0.0340,APPROACH,0
141.813,0.0338,0.0340,APPROACH,0
141.847,0.0340,0.0340,APPROACH,0
141.881,0.0340,0.0340,APPROACH,0
141.915,0.0344,0.0340,APPROACH,0
141.949,0.0336,0.0340,APPROACH,0
141.983,0.0340,0.0340,APPROACH,0
142.017,0.0342,0.0340,APPROACH,0
142.051,0.0339,0.0340,APPROACH,0
142.085,0.0339,0.0340,APPROACH,0
142.119,0.0342,0.0340,APPROACH,0
142.153,0.0338,0.0340,APPROACH,0
142.187,0.0340,0.0340,APPROACH,0
142.221,0.0341,0.0340,APPROACH,0
142.255,0.0342,0.0340,APPROACH,0
142.289,0.0340,0.0340,APPROACH,0
142.323,0.0340,0.0340,APPROACH,0
142.357,0.0339,0.0340,APPROACH,0
142.391,0.0342,0.0340,APPROACH,0
142.425,0.0338,0.0340,APPROACH,0
142.459,0.0340,0.0340,APPROACH,0
142.493,0.0342,0.0340,APPROACH,0
142.527,0.0340,0.0340,APPROACH,0
142.561,0.0340,0.0340,APPROACH,0
142.595,0.0339,0.0340,APPROACH,0
142.629,0.0340,0.0340,APPROACH,0
142.663,0.0340,0.0340,APPROACH,0
142.697,0.0341,0.0340,APPROACH,0
142.731,0.0342,0.0340,APPROACH,0
142.765,0.0339,0.0340,APPROACH,0
142.799,0.0340,0.0340,APPROACH,0
142.833,0.0341,0.0340,APPROACH,0
142.867,0.0339,0.0340,APPROACH,0
142.901,0.0342,0.0340,APPROACH,0
142.935,0.0339,0.0340,APPROACH,0
142.969,0.0340,0.0340,APPROACH,0
143.003,0.0341,0.0340,APPROACH,0
143.037,0.0341,0.0340,BLIND_DASH,0
143.071,0.0339,0.0340,BLIND_DASH,0
143.105,0.0340,0.0340,BLIND_DASH,0
143.139,0.0342,0.0340,BLIND_DASH,0
143.173,0.0340,0.0340,BLIND_DASH,0
143.207,0.0340,0.0340,BLIND_DASH,0
143.241,0.0340,0.0340,BLIND_DASH,0
143.275,0.0340,0.0340,BLIND_DASH,0
143.309,0.0340,0.0340,BLIND_DASH,0
143.343,0.0341,0.0340,BLIND_DASH,0
143.377,0.0340,0.0340,BLIND_DASH,0
143.412,0.0342,0.0340,BLIND_DASH,0
143.445,0.0338,0.0340,BLIND_DASH,0
143.479,0.0340,0.0340,BLIND_DASH,0
143.513,0.0340,0.0340,BLIND_DASH,0
143.548,0.0341,0.0340,BLIND_DASH,0
143.581,0.0339,0.0340,BLIND_DASH,0
143.616,0.0343,0.0340,BLIND_DASH,0
143.649,0.0337,0.0340,BLIND_DASH,0
143.684,0.0341,0.0340,BLIND_DASH,0
143.717,0.0339,0.0340,BLIND_DASH,0
143.752,0.0342,0.0340,BLIND_DASH,0
143.786,0.0340,0.0340,BLIND_DASH,0
143.820,0.0340,0.0340,BLIND_DASH,0
143.854,0.0342,0.0340,BLIND_DASH,0
143.888,0.0338,0.0340,BLIND_DASH,0
143.922,0.0340,0.0340,BLIND_DASH,0
143.956,0.0340,0.0340,BLIND_DASH,0
143.990,0.0339,0.0340,BLIND_DASH,0
144.024,0.0339,0.0340,BLIND_DASH,0
144.058,0.0342,0.0340,BLIND_DASH,0
144.092,0.0340,0.0340,BLIND_DASH,0
144.126,0.0339,0.0340,BLIND_DASH,0
144.160,0.0340,0.0340,BLIND_DASH,0
144.194,0.0340,0.0340,BLIND_DASH,0
144.228,0.0341,0.0340,BLIND_DASH,0
144.262,0.0339,0.0340,BLIND_DASH,0
144.296,0.0342,0.0340,BLIND_DASH,0
144.330,0.0338,0.0340,BLIND_DASH,0
144.364,0.0340,0.0340,BLIND_DASH,0
144.398,0.0342,0.0340,BLIND_DASH,0
144.432,0.0339,0.0340,BLIND_DASH,0
144.466,0.0343,0.0340,BLIND_DASH,0
144.500,0.0340,0.0340,BLIND_DASH,0
144.534,0.0338,0.0340,BLIND_DASH,0
144.568,0.0342,0.0340,BLIND_DASH,0
144.602,0.0339,0.0340,BLIND_DASH,0
144.636,0.0341,0.0340,PATROL,0
144.670,0.0339,0.0340,PATROL,0
144.704,0.0341,0.0340,PATROL,0
144.738,0.0339,0.0340,PATROL,0
144.772,0.0340,0.0340,PATROL,0
144.806,0.0341,0.0340,PATROL,0
144.840,0.0342,0.0340,PATROL,0
144.874,0.0339,0.0340,PATROL,0
144.908,0.0338,0.0340,PATROL,0
144.942,0.0340,0.0340,PATROL,0
144.976,0.0341,0.0340,PATROL,0
145.010,0.0341,0.0340,PATROL,0
145.044,0.0341,0.0340,PATROL,0
145.078,0.0340,0.0340,PATROL,0
145.113,0.0343,0.0340,PATROL,0
145.146,0.0337,0.0340,PATROL,0
145.180,0.0340,0.0340,PATROL,0
145.214,0.0341,0.0340,PATROL,0
145.248,0.0338,0.0340,PATROL,0
145.282,0.0341,0.0340,PATROL,0
145.317,0.0346,0.0340,PATROL,0
145.350,0.0333,0.0340,PATROL,0
145.384,0.0341,0.0340,PATROL,0
145.418,0.0339,0.0340,PATROL,0
145.452,0.0342,0.0340,PATROL,0
145.487,0.0341,0.0340,PATROL,0
145.520,0.0339,0.0340,PATROL,0
145.554,0.0341,0.0340,PATROL,0
145.589,0.0341,0.0340,PATROL,0
145.623,0.0339,0.0340,PATROL,0
145.657,0.0340,0.0340,PATROL,0
145.691,0.0341,0.0340,PATROL,0
145.725,0.0340,0.0340,PATROL,0
145.759,0.0339,0.0340,PATROL,0
145.793,0.0341,0.0340,PATROL,0
145.827,0.0339,0.0340,PATROL,0
145.861,0.0341,0.0340,PATROL,0
145.895,0.0340,0.0340,PATROL,0
145.929,0.0341,0.0340,PATROL,0
145.963,0.0339,0.0340,PATROL,0
145.997,0.0340,0.0340,PATROL,0
146.031,0.0340,0.0340,PATROL,0
146.065,0.0342,0.0340,PATROL,0
146.099,0.0338,0.0340,PATROL,0
146.133,0.0340,0.0340,PATROL,0
146.167,0.0340,0.0340,PATROL,0
146.201,0.0339,0.0340,PATROL,0
146.235,0.0341,0.0340,PATROL,0
146.269,0.0340,0.0340,PATROL,0
146.303,0.0339,0.0340,PATROL,0
146.337,0.0341,0.0340,PATROL,0
146.371,0.0340,0.0340,PATROL,0
146.405,0.0340,0.0340,PATROL,0
146.439,0.0340,0.0340,PATROL,0
146.473,0.0342,0.0340,PATROL,0
146.507,0.0339,0.0340,PATROL,0
146.541,0.0340,0.0340,PATROL,0
146.575,0.0340,0.0340,PATROL,0
146.609,0.0341,0.0340,PATROL,0
146.643,0.0342,0.0340,PATROL,0
146.677,0.0340,0.0340,PATROL,0
146.711,0.0340,0.0340,PATROL,0
146.745,0.0340,0.0340,PATROL,0
146.779,0.0340,0.0340,PATROL,0
146.813,0.0340,0.0340,PATROL,0
146.848,0.0344,0.0340,PATROL,0
146.881,0.0336,0.0340,PATROL,0
146.915,0.0340,0.0340,PATROL,0
146.949,0.0343,0.0340,PATROL,0
146.983,0.0338,0.0340,PATROL,0
147.017,0.0342,0.0340,PATROL,0
147.051,0.0337,0.0340,PATROL,0
147.085,0.0340,0.0340,PATROL,0
147.119,0.0340,0.0340,PATROL,0
147.153,0.0342,0.0340,PATROL,0
147.187,0.0339,0.0340,PATROL,0
147.222,0.0344,0.0340,PATROL,0
147.255,0.0337,0.0340,PATROL,0
147.289,0.0339,0.0340,PATROL,0
147.323,0.0342,0.0340,PATROL,0
147.357,0.0339,0.0340,PATROL,0
147.392,0.0341,0.0340,PATROL,0
147.426,0.0340,0.0340,PATROL,0
147.459,0.0340,0.0340,PATROL,0
147.494,0.0341,0.0340,PATROL,0
147.528,0.0340,0.0340,PATROL,0
147.562,0.0339,0.0340,PATROL,0
147.596,0.0341,0.0340,PATROL,0
147.629,0.0339,0.0340,PATROL,0
147.664,0.0341,0.0340,PATROL,0
147.698,0.0340,0.0340,PATROL,0
147.732,0.0340,0.0340,PATROL,0
147.766,0.0342,0.0340,PATROL,0
147.800,0.0340,0.0340,PATROL,0
147.834,0.0339,0.0340,PATROL,0
147.868,0.0340,0.0340,PATROL,0
147.902,0.0340,0.0340,PATROL,0
147.936,0.0340,0.0340,PATROL,0
147.970,0.0344,0.0340,PATROL,0
148.004,0.0338,0.0340,PATROL,0
148.038,0.0341,0.0340,PATROL,0
148.072,0.0339,0.0340,PATROL,0
148.106,0.0341,0.0340,PATROL,0
148.140,0.0339,0.0340,PATROL,0
148.174,0.0342,0.0340,PATROL,0
148.208,0.0341,0.0340,PATROL,0
148.242,0.0339,0.0340,PATROL,0
148.276,0.0340,0.0340,PATROL,0
148.310,0.0341,0.0340,PATROL,0
148.344,0.0339,0.0340,PATROL,0
148.378,0.0342,0.0340,PATROL,0
148.412,0.0340,0.0340,PATROL,0
148.446,0.0339,0.0340,PATROL,0
148.480,0.0341,0.0340,PATROL,0
148.514,0.0342,0.0340,PATROL,0
148.548,0.0338,0.0340,PATROL,0
148.582,0.0340,0.0340,PATROL,0
148.616,0.0342,0.0340,PATROL,0
148.650,0.0340,0.0340,PATROL,0
148.684,0.0338,0.0340,PATROL,0
148.719,0.0344,0.0340,PATROL,0
148.752,0.0337,0.0340,PATROL,0
148.786,0.0340,0.0340,PATROL,0
148.820,0.0340,0.0340,PATROL,0
148.854,0.0341,0.0340,PATROL,0
148.888,0.0340,0.0340,PATROL,0
148.922,0.0340,0.0340,PATROL,0
148.956,0.0340,0.0340,PATROL,0
148.990,0.0341,0.0340,PATROL,0
149.024,0.0341,0.0340,PATROL,0
149.059,0.0341,0.0340,PATROL,0
149.093,0.0341,0.0340,PATROL,0
149.127,0.0339,0.0340,PATROL,0
149.160,0.0339,0.0340,PATROL,0
149.194,0.0340,0.0340,PATROL,0
149.229,0.0342,0.0340,PATROL,0
149.262,0.0339,0.0340,PATROL,0
149.297,0.0341,0.0340,PATROL,0
149.330,0.0338,0.0340,PATROL,0
149.364,0.0340,0.0340,PATROL,0
149.398,0.0340,0.0340,PATROL,0
149.432,0.0340,0.0340,PATROL,0
149.467,0.0342,0.0340,PATROL,0
149.501,0.0339,0.0340,PATROL,0
149.535,0.0339,0.0340,PATROL,0
149.569,0.0341,0.0340,PATROL,0
149.603,0.0340,0.0340,PATROL,0
149.637,0.0342,0.0340,PATROL,0
149.671,0.0340,0.0340,PATROL,0
149.705,0.0340,0.0340,PATROL,0
149.739,0.0339,0.0340,PATROL,0
149.773,0.0341,0.0340,PATROL,0
149.807,0.0340,0.0340,PATROL,0
149.841,0.0341,0.0340,PATROL,0
149.875,0.0341,0.0340,PATROL,0
149.909,0.0340,0.0340,PATROL,0
149.943,0.0340,0.0340,PATROL,0
149.977,0.0341,0.0340,PATROL,0
150.011,0.0340,0.0340,PATROL,0
150.045,0.0345,0.0340,PATROL,0
150.079,0.0335,0.0340,PATROL,0
150.113,0.0342,0.0340,PATROL,0
150.147,0.0340,0.0340,PATROL,0
150.181,0.0339,0.0340,PATROL,0
150.215,0.0339,0.0340,PATROL,0
150.249,0.0342,0.0340,PATROL,0
150.283,0.0340,0.0340,PATROL,0
150.317,0.0341,0.0340,PATROL,0
150.351,0.0338,0.0340,PATROL,0
150.385,0.0340,0.0340,PATROL,0
150.419,0.0343,0.0340,PATROL,0
150.453,0.0338,0.0340,PATROL,0
150.487,0.0340,0.0340,PATROL,0
150.521,0.0339,0.0340,PATROL,0
150.555,0.0341,0.0340,PATROL,0
150.589,0.0342,0.0340,PATROL,0
150.623,0.0339,0.0340,PATROL,0
150.657,0.0340,0.0340,PATROL,0
150.691,0.0340,0.0340,PATROL,0
150.725,0.0340,0.0340,PATROL,0
150.759,0.0340,0.0340,PATROL,0
150.793,0.0340,0.0340,PATROL,0
150.827,0.0340,0.0340,PATROL,0
150.861,0.0340,0.0340,PATROL,0
150.895,0.0340,0.0340,PATROL,0
150.929,0.0341,0.0340,PATROL,0
150.963,0.0341,0.0340,PATROL,0
150.997,0.0340,0.0340,PATROL,0
151.032,0.0342,0.0340,PATROL,0
151.065,0.0339,0.0340,PATROL,0
151.099,0.0341,0.0340,PATROL,0
151.133,0.0339,0.0340,PATROL,0
151.167,0.0339,0.0340,PATROL,0
151.201,0.0342,0.0340,PATROL,0
151.235,0.0339,0.0340,PATROL,0
151.269,0.0340,0.0340,PATROL,0
151.303,0.0339,0.0340,PATROL,0
151.337,0.0341,0.0340,PATROL,0
151.371,0.0340,0.0340,PATROL,0
151.405,0.0340,0.0340,PATROL,0
151.440,0.0341,0.0340,PATROL,0
151.474,0.0340,0.0340,PATROL,0
151.508,0.0340,0.0340,PATROL,0
151.542,0.0339,0.0340,PATROL,0
151.576,0.0342,0.0340,PATROL,0
151.610,0.0340,0.0340,PATROL,0
151.644,0.0341,0.0340,PATROL,0
151.678,0.0339,0.0340,PATROL,0
151.712,0.0338,0.0340,PATROL,0
151.746,0.0342,0.0340,PATROL,0
151.780,0.0339,0.0340,PATROL,0
151.814,0.0342,0.0340,PATROL,0
151.848,0.0338,0.0340,PATROL,0
151.882,0.0340,0.0340,PATROL,0
151.916,0.0341,0.0340,PATROL,0
151.950,0.0339,0.0340,PATROL,0
151.984,0.0340,0.0340,PATROL,0
152.018,0.0343,0.0340,PATROL,0
152.052,0.0337,0.0340,PATROL,0
152.086,0.0340,0.0340,PATROL,0
152.120,0.0343,0.0340,PATROL,0
152.154,0.0337,0.0340,PATROL,0
152.188,0.0341,0.0340,PATROL,0
152.222,0.0340,0.0340,PATROL,0
152.256,0.0339,0.0340,PATROL,0
152.290,0.0341,0.0340,PATROL,0
152.324,0.0339,0.0340,PATROL,0
152.358,0.0342,0.0340,PATROL,0
152.392,0.0340,0.0340,PATROL,0
152.426,0.0341,0.0340,PATROL,0
152.460,0.0342,0.0340,PATROL,0
152.494,0.0340,0.0340,PATROL,0
152.528,0.0340,0.0340,PATROL,0
152.562,0.0340,0.0340,PATROL,0
152.596,0.0342,0.0340,PATROL,0
152.630,0.0339,0.0340,PATROL,0
152.664,0.0342,0.0340,PATROL,0
152.698,0.0339,0.0340,PATROL,0
152.732,0.0339,0.0340,PATROL,0
152.766,0.0341,0.0340,PATROL,0
152.800,0.0340,0.0340,PATROL,0
152.834,0.0340,0.0340,PATROL,0
152.868,0.0341,0.0340,PATROL,0
152.902,0.0340,0.0340,PATROL,0
152.936,0.0339,0.0340,PATROL,0
152.970,0.0340,0.0340,PATROL,0
153.005,0.0346,0.0340,PATROL,0
153.038,0.0335,0.0340,PATROL,0
153.072,0.0339,0.0340,PATROL,0
153.106,0.0340,0.0340,PATROL,0
153.141,0.0343,0.0340,PATROL,0
153.174,0.0338,0.0340,PATROL,0
153.209,0.0341,0.0340,PATROL,0
153.243,0.0342,0.0340,PATROL,0
153.277,0.0339,0.0340,PATROL,0
153.311,0.0340,0.0340,PATROL,0
153.345,0.0340,0.0340,PATROL,0
153.379,0.0342,0.0340,PATROL,0
153.413,0.0340,0.0340,PATROL,0
153.447,0.0338,0.0340,PATROL,0
153.481,0.0341,0.0340,PATROL,0
153.515,0.0339,0.0340,PATROL,0
153.549,0.0344,0.0340,PATROL,0
153.583,0.0340,0.0340,PATROL,0
153.617,0.0339,0.0340,PATROL,0
153.651,0.0341,0.0340,PATROL,0
153.685,0.0344,0.0340,PATROL,0
153.719,0.0336,0.0340,PATROL,0
153.753,0.0340,0.0340,PATROL,0
153.787,0.0340,0.0340,PATROL,0
153.821,0.0342,0.0340,PATROL,0
153.855,0.0338,0.0340,PATROL,0
153.889,0.0340,0.0340,PATROL,0
153.923,0.0339,0.0340,PATROL,0
153.957,0.0340,0.0340,PATROL,0
153.991,0.0340,0.0340,PATROL,0
154.025,0.0340,0.0340,PATROL,0
154.059,0.0342,0.0340,PATROL,0
154.093,0.0338,0.0340,PATROL,0
154.127,0.0341,0.0340,PATROL,0
154.161,0.0341,0.0340,PATROL,0
154.195,0.0341,0.0340,PATROL,0
154.229,0.0339,0.0340,PATROL,0
154.263,0.0340,0.0340,PATROL,0
154.297,0.0341,0.0340,PATROL,0
154.331,0.0339,0.0340,PATROL,0
154.365,0.0342,0.0340,PATROL,0
154.399,0.0340,0.0340,PATROL,0
154.433,0.0342,0.0340,PATROL,0
154.467,0.0337,0.0340,PATROL,0
154.501,0.0341,0.0340,PATROL,0
154.535,0.0340,0.0340,PATROL,0
154.569,0.0341,0.0340,PATROL,0
154.603,0.0340,0.0340,PATROL,0
154.637,0.0340,0.0340,PATROL,0
154.671,0.0339,0.0340,PATROL,0
154.705,0.0340,0.0340,PATROL,0
154.739,0.0341,0.0340,PATROL,0
154.773,0.0341,0.0340,PATROL,0
154.807,0.0340,0.0340,PATROL,0
154.841,0.0339,0.0340,PATROL,0
154.875,0.0341,0.0340,PATROL,0
154.909,0.0339,0.0340,PATROL,0
154.943,0.0341,0.0340,PATROL,0
154.977,0.0340,0.0340,PATROL,0
155.012,0.0343,0.0340,PATROL,0
155.046,0.0341,0.0340,PATROL,0
155.079,0.0337,0.0340,PATROL,0
155.113,0.0340,0.0340,PATROL,0
155.148,0.0341,0.0340,PATROL,0
155.182,0.0340,0.0340,PATROL,0
155.216,0.0340,0.0340,PATROL,0
155.250,0.0341,0.0340,PATROL,0
155.284,0.0341,0.0340,PATROL,0
155.318,0.0341,0.0340,PATROL,0
155.352,0.0339,0.0340,PATROL,0
155.386,0.0340,0.0340,PATROL,0
155.420,0.0341,0.0340,PATROL,0
155.454,0.0340,0.0340,PATROL,0
155.488,0.0339,0.0340,PATROL,0
155.522,0.0344,0.0340,PATROL,0
155.556,0.0337,0.0340,PATROL,0
155.590,0.0339,0.0340,PATROL,0
155.624,0.0341,0.0340,PATROL,0
155.658,0.0340,0.0340,PATROL,0
155.692,0.0339,0.0340,PATROL,0
155.726,0.0340,0.0340,PATROL,0
155.760,0.0342,0.0340,PATROL,0
155.794,0.0340,0.0340,PATROL,0
155.828,0.0340,0.0340,PATROL,0
155.862,0.0340,0.0340,PATROL,0
155.896,0.0344,0.0340,PATROL,0
155.930,0.0338,0.0340,PATROL,0
155.964,0.0339,0.0340,PATROL,0
155.998,0.0340,0.0340,PATROL,0
156.032,0.0341,0.0340,PATROL,0
156.066,0.0341,0.0340,PATROL,0
156.100,0.0340,0.0340,PATROL,0
156.134,0.0340,0.0340,PATROL,0
156.168,0.0339,0.0340,PATROL,0
156.202,0.0341,0.0340,PATROL,0
156.236,0.0341,0.0340,PATROL,0
156.270,0.0341,0.0340,PATROL,0
156.304,0.0338,0.0340,PATROL,0
156.338,0.0341,0.0340,PATROL,0
156.372,0.0339,0.0340,PATROL,0
156.406,0.0342,0.0340,PATROL,0
156.440,0.0339,0.0340,PATROL,0
156.474,0.0341,0.0340,PATROL,0
156.508,0.0339,0.0340,PATROL,0
156.542,0.0340,0.0340,PATROL,0
156.576,0.0342,0.0340,PATROL,0
156.610,0.0339,0.0340,PATROL,0
156.644,0.0341,0.0340,PATROL,0
156.678,0.0340,0.0340,PATROL,0
156.712,0.0340,0.0340,PATROL,0
156.746,0.0342,0.0340,PATROL,0
156.780,0.0339,0.0340,PATROL,0
156.815,0.0342,0.0340,PATROL,0
156.848,0.0339,0.0340,PATROL,0
156.883,0.0341,0.0340,PATROL,0
156.917,0.0340,0.0340,PATROL,0
156.951,0.0342,0.0340,PATROL,0
156.985,0.0339,0.0340,PATROL,0
157.019,0.0340,0.0340,PATROL,0
157.053,0.0341,0.0340,PATROL,0
157.087,0.0339,0.0340,PATROL,0
157.121,0.0341,0.0340,PATROL,0
157.155,0.0339,0.0340,PATROL,0
157.189,0.0339,0.0340,PATROL,0
157.223,0.0342,0.0340,PATROL,0
157.257,0.0339,0.0340,PATROL,0
157.291,0.0339,0.0340,PATROL,0
157.325,0.0341,0.0340,PATROL,0
157.359,0.0341,0.0340,PATROL,0
157.393,0.0340,0.0340,PATROL,0
157.427,0.0339,0.0340,PATROL,0
157.461,0.0340,0.0340,PATROL,0
157.495,0.0340,0.0340,PATROL,0
157.529,0.0340,0.0340,PATROL,0
157.563,0.0340,0.0340,PATROL,0
157.597,0.0342,0.0340,PATROL,0
157.631,0.0339,0.0340,PATROL,0
157.665,0.0342,0.0340,PATROL,0
157.699,0.0338,0.0340,PATROL,0
157.733,0.0340,0.0340,PATROL,0
157.767,0.0342,0.0340,PATROL,0
157.801,0.0343,0.0340,PATROL,0
157.835,0.0337,0.0340,PATROL,0
157.869,0.0340,0.0340,PATROL,0
157.903,0.0339,0.0340,PATROL,0
157.937,0.0340,0.0340,PATROL,0
157.971,0.0342,0.0340,PATROL,0
158.005,0.0341,0.0340,PATROL,0
158.039,0.0340,0.0340,PATROL,0
158.073,0.0339,0.0340,PATROL,0
158.107,0.0342,0.0340,PATROL,0
158.141,0.0340,0.0340,PATROL,0
158.175,0.0339,0.0340,PATROL,0
158.209,0.0339,0.0340,PATROL,0
158.243,0.0341,0.0340,PATROL,0
158.277,0.0339,0.0340,PATROL,0
158.311,0.0340,0.0340,PATROL,0
158.345,0.0340,0.0340,PATROL,0
158.380,0.0342,0.0340,PATROL,0
158.414,0.0340,0.0340,PATROL,0
158.447,0.0338,0.0340,PATROL,0
158.482,0.0340,0.0340,PATROL,0
158.516,0.0343,0.0340,PATROL,0
158.549,0.0337,0.0340,PATROL,0
158.584,0.0340,0.0340,PATROL,0
158.618,0.0341,0.0340,PATROL,0
158.652,0.0341,0.0340,PATROL,0
158.686,0.0340,0.0340,PATROL,0
158.720,0.0341,0.0340,PATROL,0
158.754,0.0342,0.0340,PATROL,0
158.788,0.0337,0.0340,PATROL,0
158.822,0.0344,0.0340,PATROL,0
158.856,0.0336,0.0340,PATROL,0
158.890,0.0340,0.0340,PATROL,0
158.924,0.0342,0.0340,PATROL,0
158.958,0.0340,0.0340,PATROL,0
158.992,0.0338,0.0340,PATROL,0
159.026,0.0340,0.0340,PATROL,0
159.060,0.0340,0.0340,PATROL,0
159.094,0.0341,0.0340,PATROL,0
159.128,0.0339,0.0340,PATROL,0
159.162,0.0340,0.0340,PATROL,0
159.196,0.0341,0.0340,PATROL,0
159.230,0.0338,0.0340,PATROL,0
159.264,0.0340,0.0340,PATROL,0
159.298,0.0341,0.0340,PATROL,0
159.332,0.0340,0.0340,PATROL,0
159.366,0.0340,0.0340,PATROL,0
159.400,0.0342,0.0340,PATROL,0
159.434,0.0341,0.0340,PATROL,0
159.468,0.0340,0.0340,PATROL,0
159.502,0.0341,0.0340,PATROL,0
159.536,0.0340,0.0340,PATROL,0
159.570,0.0341,0.0340,PATROL,0
159.604,0.0339,0.0340,PATROL,0
159.638,0.0341,0.0340,PATROL,0
159.672,0.0340,0.0340,PATROL,0
159.706,0.0340,0.0340,PATROL,0
159.740,0.0342,0.0340,PATROL,0
159.774,0.0339,0.0340,PATROL,0
159.808,0.0340,0.0340,PATROL,0
159.842,0.0340,0.0340,PATROL,0
159.876,0.0340,0.0340,PATROL,0
159.911,0.0340,0.0340,PATROL,0
159.944,0.0338,0.0340,PATROL,0
159.979,0.0342,0.0340,PATROL,0
160.012,0.0339,0.0340,PATROL,0
160.047,0.0343,0.0340,PATROL,0
160.081,0.0338,0.0340,PATROL,0
160.114,0.0339,0.0340,PATROL,0
160.148,0.0340,0.0340,PATROL,0
160.182,0.0341,0.0340,PATROL,0
160.217,0.0341,0.0340,PATROL,0
160.251,0.0342,0.0340,PATROL,0
160.285,0.0338,0.0340,PATROL,0
160.319,0.0340,0.0340,PATROL,0
160.353,0.0340,0.0340,PATROL,0
160.387,0.0340,0.0340,PATROL,0
160.421,0.0342,0.0340,PATROL,0
160.455,0.0340,0.0340,PATROL,0
160.489,0.0339,0.0340,PATROL,0
160.523,0.0341,0.0340,PATROL,0
160.557,0.0339,0.0340,PATROL,0
160.591,0.0340,0.0340,PATROL,0
160.625,0.0343,0.0340,PATROL,0
160.659,0.0338,0.0340,PATROL,0
160.693,0.0338,0.0340,PATROL,0
160.727,0.0340,0.0340,PATROL,0
160.761,0.0341,0.0340,PATROL,0
160.795,0.0340,0.0340,PATROL,0
160.829,0.0340,0.0340,PATROL,0
160.863,0.0340,0.0340,PATROL,0
160.897,0.0339,0.0340,PATROL,0
160.931,0.0340,0.0340,PATROL,0
160.965,0.0340,0.0340,PATROL,0
160.999,0.0343,0.0340,PATROL,0
161.033,0.0336,0.0340,PATROL,0
161.067,0.0341,0.0340,PATROL,0
161.101,0.0341,0.0340,PATROL,0
161.135,0.0338,0.0340,PATROL,0
161.169,0.0342,0.0340,PATROL,0
161.203,0.0341,0.0340,PATROL,0
161.237,0.0337,0.0340,PATROL,0
161.271,0.0340,0.0340,PATROL,0
161.306,0.0350,0.0340,PATROL,0
161.340,0.0339,0.0340,PATROL,0
161.373,0.0338,0.0340,PATROL,0
161.407,0.0341,0.0340,PATROL,0
161.441,0.0339,0.0340,PATROL,0
161.475,0.0339,0.0340,PATROL,0
161.509,0.0342,0.0340,PATROL,0
161.544,0.0341,0.0340,PATROL,0
161.578,0.0339,0.0340,PATROL,0
161.611,0.0339,0.0340,PATROL,0
161.646,0.0341,0.0340,PATROL,0
161.679,0.0339,0.0340,PATROL,0
161.714,0.0342,0.0340,PATROL,0
161.747,0.0337,0.0340,PATROL,0
161.781,0.0341,0.0340,PATROL,0
161.816,0.0341,0.0340,PATROL,0
161.849,0.0339,0.0340,PATROL,0
161.884,0.0341,0.0340,PATROL,0
161.918,0.0342,0.0340,PATROL,0
161.952,0.0338,0.0340,PATROL,0
161.985,0.0339,0.0340,PATROL,0
162.020,0.0341,0.0340,PATROL,0
162.054,0.0340,0.0340,PATROL,0
162.088,0.0339,0.0340,PATROL,0
162.122,0.0341,0.0340,PATROL,0
162.156,0.0341,0.0340,PATROL,0
162.190,0.0342,0.0340,PATROL,0
162.224,0.0342,0.0340,PATROL,0
162.258,0.0338,0.0340,PATROL,0
162.292,0.0339,0.0340,PATROL,0
162.326,0.0343,0.0340,PATROL,0
162.360,0.0337,0.0340,PATROL,0
162.394,0.0341,0.0340,PATROL,0
162.428,0.0338,0.0340,PATROL,0
162.462,0.0340,0.0340,PATROL,0
162.496,0.0340,0.0340,PATROL,0
162.530,0.0342,0.0340,PATROL,0
162.564,0.0339,0.0340,PATROL,0
162.598,0.0341,0.0340,PATROL,0
162.632,0.0339,0.0340,PATROL,0
162.666,0.0340,0.0340,PATROL,0
162.700,0.0341,0.0340,PATROL,0
162.734,0.0341,0.0340,PATROL,0
162.768,0.0338,0.0340,PATROL,0
162.802,0.0342,0.0340,PATROL,0
162.836,0.0339,0.0340,PATROL,0
162.870,0.0340,0.0340,PATROL,0
162.904,0.0342,0.0340,PATROL,0
162.938,0.0339,0.0340,PATROL,0
162.972,0.0341,0.0340,PATROL,0
163.006,0.0339,0.0340,PATROL,0
163.040,0.0341,0.0340,PATROL,0
163.074,0.0340,0.0340,PATROL,0
163.108,0.0341,0.0340,PATROL,0
163.142,0.0339,0.0340,PATROL,0
163.176,0.0340,0.0340,PATROL,0
163.210,0.0341,0.0340,PATROL,0
163.244,0.0341,0.0340,PATROL,0
163.278,0.0339,0.0340,PATROL,0
163.312,0.0341,0.0340,PATROL,0
163.346,0.0340,0.0340,PATROL,0
163.380,0.0340,0.0340,PATROL,0
163.414,0.0340,0.0340,PATROL,0
163.448,0.0340,0.0340,PATROL,0
163.482,0.0340,0.0340,PATROL,0
163.516,0.0341,0.0340,PATROL,0
163.550,0.0340,0.0340,PATROL,0
163.584,0.0339,0.0340,PATROL,0
163.618,0.0341,0.0340,PATROL,0
163.652,0.0341,0.0340,PATROL,0
163.686,0.0339,0.0340,PATROL,0
163.720,0.0342,0.0340,PATROL,0
163.755,0.0342,0.0340,PATROL,0
163.788,0.0337,0.0340,PATROL,0
163.822,0.0340,0.0340,PATROL,0
163.856,0.0341,0.0340,PATROL,0
163.891,0.0341,0.0340,PATROL,0
163.925,0.0340,0.0340,PATROL,0
163.959,0.0343,0.0340,PATROL,0
163.993,0.0337,0.0340,PATROL,0
164.027,0.0344,0.0340,PATROL,0
164.061,0.0338,0.0340,PATROL,0
164.095,0.0339,0.0340,PATROL,0
164.129,0.0342,0.0340,PATROL,0
164.163,0.0339,0.0340,PATROL,0
164.197,0.0341,0.0340,PATROL,0
164.231,0.0338,0.0340,PATROL,0
164.265,0.0341,0.0340,PATROL,0
164.299,0.0340,0.0340,PATROL,0
164.333,0.0341,0.0340,PATROL,0
164.367,0.0340,0.0340,PATROL,0
164.401,0.0338,0.0340,PATROL,0
164.435,0.0341,0.0340,PATROL,0
164.469,0.0341,0.0340,PATROL,0
164.503,0.0341,0.0340,PATROL,0
164.537,0.0338,0.0340,ALIGN,0
164.571,0.0340,0.0340,ALIGN,0
164.605,0.0343,0.0340,ALIGN,0
164.639,0.0338,0.0340,ALIGN,0
164.673,0.0340,0.0340,ALIGN,0
164.707,0.0340,0.0340,ALIGN,0
164.741,0.0340,0.0340,ALIGN,0
164.775,0.0340,0.0340,ALIGN,0
164.809,0.0339,0.0340,ALIGN,0
164.843,0.0341,0.0340,ALIGN,0
164.877,0.0339,0.0340,ALIGN,0
164.911,0.0340,0.0340,ALIGN,0
164.945,0.0342,0.0340,ALIGN,0
164.979,0.0343,0.0340,ALIGN,0
165.013,0.0340,0.0340,ALIGN,0
165.047,0.0343,0.0340,ALIGN,0
165.081,0.0340,0.0340,ALIGN,0
165.115,0.0341,0.0340,ALIGN,0
165.150,0.0342,0.0340,ALIGN,0
165.184,0.0341,0.0340,ALIGN,0
165.218,0.0339,0.0340,ALIGN,0
165.252,0.0340,0.0340,ALIGN,0
165.286,0.0340,0.0340,ALIGN,0
165.320,0.0340,0.0340,ALIGN,0
165.354,0.0341,0.0340,ALIGN,0
165.388,0.0339,0.0340,ALIGN,0
165.422,0.0341,0.0340,ALIGN,0
165.456,0.0341,0.0340,ALIGN,0
165.490,0.0338,0.0340,ALIGN,0
165.524,0.0340,0.0340,ALIGN,0
165.558,0.0340,0.0340,ALIGN,0
165.592,0.0340,0.0340,ALIGN,0
165.626,0.0340,0.0340,ALIGN,0
165.660,0.0342,0.0340,ALIGN,0
165.694,0.0338,0.0340,ALIGN,0
165.728,0.0342,0.0340,ALIGN,0
165.762,0.0338,0.0340,ALIGN,0
165.796,0.0338,0.0340,ALIGN,0
165.830,0.0340,0.0340,APPROACH,0
165.864,0.0340,0.0340,APPROACH,0
165.898,0.0340,0.0340,APPROACH,0
165.932,0.0341,0.0340,APPROACH,0
165.966,0.0341,0.0340,APPROACH,0
166.000,0.0341,0.0340,APPROACH,0
166.034,0.0340,0.0340,APPROACH,0
166.068,0.0340,0.0340,APPROACH,0
166.102,0.0341,0.0340,APPROACH,0
166.136,0.0339,0.0340,APPROACH,0
166.170,0.0341,0.0340,APPROACH,0
166.204,0.0339,0.0340,APPROACH,0
166.238,0.0340,0.0340,APPROACH,0
166.272,0.0340,0.0340,APPROACH,0
166.306,0.0342,0.0340,APPROACH,0
166.340,0.0339,0.0340,APPROACH,0
166.374,0.0341,0.0340,APPROACH,0
166.408,0.0341,0.0340,APPROACH,0
166.442,0.0340,0.0340,APPROACH,0
166.476,0.0340,0.0340,APPROACH,0
166.510,0.0339,0.0340,APPROACH,0
166.544,0.0341,0.0340,APPROACH,0
166.578,0.0339,0.0340,APPROACH,0
166.612,0.0340,0.0340,APPROACH,0
166.646,0.0341,0.0340,APPROACH,0
166.680,0.0341,0.0340,APPROACH,0
166.714,0.0340,0.0340,APPROACH,0
166.748,0.0338,0.0340,APPROACH,0
166.783,0.0344,0.0340,APPROACH,0
166.816,0.0338,0.0340,APPROACH,0
166.850,0.0341,0.0340,APPROACH,0
166.884,0.0339,0.0340,APPROACH,0
166.919,0.0342,0.0340,APPROACH,0
166.952,0.0340,0.0340,APPROACH,0
166.987,0.0342,0.0340,APPROACH,0
167.021,0.0339,0.0340,APPROACH,0
167.055,0.0341,0.0340,APPROACH,0
167.089,0.0339,0.0340,APPROACH,0
167.123,0.0340,0.0340,APPROACH,0
167.157,0.0340,0.0340,APPROACH,0
167.191,0.0340,0.0340,APPROACH,0
167.225,0.0345,0.0340,APPROACH,0
167.259,0.0339,0.0340,APPROACH,0
167.293,0.0340,0.0340,APPROACH,0
167.327,0.0339,0.0340,APPROACH,0
167.361,0.0340,0.0340,APPROACH,0
167.395,0.0339,0.0340,APPROACH,0
167.429,0.0344,0.0340,APPROACH,0
167.463,0.0336,0.0340,APPROACH,0
167.497,0.0341,0.0340,APPROACH,0
167.531,0.0339,0.0340,APPROACH,0
167.565,0.0342,0.0340,APPROACH,0
167.599,0.0340,0.0340,APPROACH,0
167.633,0.0339,0.0340,APPROACH,0
167.667,0.0340,0.0340,APPROACH,0
167.701,0.0341,0.0340,APPROACH,0
167.735,0.0340,0.0340,APPROACH,0
167.769,0.0340,0.0340,APPROACH,0
167.803,0.0344,0.0340,APPROACH,0
167.837,0.0336,0.0340,APPROACH,0
167.871,0.0340,0.0340,APPROACH,0
167.905,0.0342,0.0340,APPROACH,0
167.939,0.0339,0.0340,APPROACH,0
167.973,0.0341,0.0340,APPROACH,0
168.007,0.0340,0.0340,APPROACH,0
168.041,0.0339,0.0340,APPROACH,0
168.075,0.0341,0.0340,APPROACH,0
168.109,0.0341,0.0340,APPROACH,0
168.143,0.0341,0.0340,APPROACH,0
168.177,0.0340,0.0340,APPROACH,0
168.211,0.0340,0.0340,APPROACH,0
168.245,0.0339,0.0340,APPROACH,0
168.279,0.0341,0.0340,APPROACH,0
168.313,0.0340,0.0340,APPROACH,0
168.347,0.0341,0.0340,APPROACH,0
168.381,0.0340,0.0340,APPROACH,0
168.415,0.0341,0.0340,APPROACH,0
168.449,0.0340,0.0340,APPROACH,0
168.483,0.0341,0.0340,APPROACH,0
168.518,0.0342,0.0340,APPROACH,0
168.551,0.0338,0.0340,APPROACH,0
168.585,0.0340,0.0340,APPROACH,0
168.619,0.0341,0.0340,APPROACH,0
168.654,0.0341,0.0340,APPROACH,0
168.688,0.0340,0.0340,APPROACH,0
168.721,0.0340,0.0340,APPROACH,0
168.756,0.0340,0.0340,APPROACH,0
168.790,0.0341,0.0340,APPROACH,0
168.824,0.0341,0.0340,APPROACH,0
168.858,0.0339,0.0340,APPROACH,0
168.892,0.0343,0.0340,APPROACH,0
168.926,0.0339,0.0340,APPROACH,0
168.960,0.0342,0.0340,APPROACH,0
168.994,0.0338,0.0340,APPROACH,0
169.028,0.0341,0.0340,APPROACH,0
169.062,0.0339,0.0340,APPROACH,0
169.096,0.0341,0.0340,APPROACH,0
169.130,0.0340,0.0340,APPROACH,0
169.164,0.0339,0.0340,APPROACH,0
169.198,0.0341,0.0340,APPROACH,0
169.232,0.0339,0.0340,APPROACH,0
169.266,0.0340,0.0340,APPROACH,0
169.300,0.0340,0.0340,APPROACH,0
169.334,0.0340,0.0340,APPROACH,0
169.368,0.0342,0.0340,APPROACH,0
169.402,0.0340,0.0340,APPROACH,0
169.436,0.0338,0.0340,APPROACH,0
169.470,0.0340,0.0340,APPROACH,0
169.504,0.0343,0.0340,APPROACH,0
169.538,0.0337,0.0340,APPROACH,0
169.572,0.0340,0.0340,APPROACH,0
169.606,0.0340,0.0340,APPROACH,0
169.640,0.0340,0.0340,APPROACH,0
169.674,0.0342,0.0340,APPROACH,0
169.708,0.0343,0.0340,APPROACH,0
169.742,0.0336,0.0340,APPROACH,0
169.776,0.0341,0.0340,APPROACH,0
169.810,0.0339,0.0340,APPROACH,0
169.844,0.0342,0.0340,APPROACH,0
169.878,0.0340,0.0340,APPROACH,0
169.912,0.0342,0.0340,APPROACH,0
169.946,0.0336,0.0340,APPROACH,0
169.980,0.0340,0.0340,APPROACH,0
170.014,0.0341,0.0340,APPROACH,0
170.048,0.0339,0.0340,APPROACH,0
170.082,0.0341,0.0340,APPROACH,0
170.116,0.0341,0.0340,APPROACH,0
170.150,0.0341,0.0340,APPROACH,0
170.184,0.0343,0.0340,APPROACH,0
170.218,0.0339,0.0340,APPROACH,0
170.252,0.0341,0.0340,APPROACH,0
170.286,0.0339,0.0340,APPROACH,0
170.320,0.0340,0.0340,APPROACH,0
170.354,0.0341,0.0340,APPROACH,0
170.388,0.0342,0.0340,APPROACH,0
170.422,0.0339,0.0340,APPROACH,0
170.456,0.0342,0.0340,APPROACH,0
170.490,0.0338,0.0340,APPROACH,0
170.524,0.0341,0.0340,APPROACH,0
170.559,0.0342,0.0340,APPROACH,0
170.592,0.0338,0.0340,APPROACH,0
170.626,0.0340,0.0340,APPROACH,0
170.661,0.0341,0.0340,APPROACH,0
170.695,0.0341,0.0340,APPROACH,0
170.729,0.0339,0.0340,APPROACH,0
170.763,0.0339,0.0340,APPROACH,0
170.797,0.0341,0.0340,APPROACH,0
170.831,0.0342,0.0340,APPROACH,0
170.865,0.0338,0.0340,APPROACH,0
170.899,0.0341,0.0340,APPROACH,0
170.933,0.0339,0.0340,APPROACH,0
170.967,0.0339,0.0340,APPROACH,0
171.001,0.0340,0.0340,APPROACH,0
171.035,0.0340,0.0340,APPROACH,0
171.069,0.0341,0.0340,APPROACH,0
171.103,0.0340,0.0340,APPROACH,0
171.137,0.0339,0.0340,APPROACH,0
171.171,0.0340,0.0340,APPROACH,0
171.205,0.0341,0.0340,APPROACH,0
171.239,0.0339,0.0340,APPROACH,0
171.273,0.0341,0.0340,APPROACH,0
171.307,0.0341,0.0340,APPROACH,0
171.341,0.0340,0.0340,APPROACH,0
171.375,0.0340,0.0340,APPROACH,0
171.409,0.0339,0.0340,APPROACH,0
171.443,0.0340,0.0340,APPROACH,0
171.477,0.0341,0.0340,APPROACH,0
171.511,0.0340,0.0340,APPROACH,0
171.545,0.0339,0.0340,APPROACH,0
171.579,0.0340,0.0340,APPROACH,0
171.613,0.0340,0.0340,APPROACH,0
171.647,0.0342,0.0340,APPROACH,0
171.681,0.0341,0.0340,APPROACH,0
171.715,0.0339,0.0340,APPROACH,0
171.749,0.0342,0.0340,APPROACH,0
171.783,0.0340,0.0340,APPROACH,0
171.817,0.0341,0.0340,APPROACH,0
171.851,0.0341,0.0340,APPROACH,0
171.885,0.0341,0.0340,APPROACH,0
171.919,0.0340,0.0340,APPROACH,0
171.953,0.0340,0.0340,APPROACH,0
171.987,0.0339,0.0340,APPROACH,0
172.021,0.0340,0.0340,APPROACH,0
172.055,0.0340,0.0340,APPROACH,0
172.089,0.0342,0.0340,APPROACH,0
172.123,0.0339,0.0340,APPROACH,0
172.157,0.0341,0.0340,APPROACH,0
172.191,0.0339,0.0340,APPROACH,0
172.225,0.0340,0.0340,APPROACH,0
172.259,0.0341,0.0340,APPROACH,0
172.293,0.0340,0.0340,APPROACH,0
172.328,0.0343,0.0340,APPROACH,0
172.362,0.0340,0.0340,APPROACH,0
172.396,0.0340,0.0340,APPROACH,0
172.430,0.0341,0.0340,APPROACH,0
172.463,0.0338,0.0340,APPROACH,0
172.497,0.0340,0.0340,APPROACH,0
172.531,0.0341,0.0340,APPROACH,0
172.565,0.0339,0.0340,APPROACH,0
172.599,0.0340,0.0340,APPROACH,0
172.634,0.0341,0.0340,APPROACH,0
172.668,0.0340,0.0340,APPROACH,0
172.701,0.0339,0.0340,APPROACH,0
172.735,0.0340,0.0340,APPROACH,0
172.770,0.0341,0.0340,APPROACH,0
172.804,0.0341,0.0340,APPROACH,0
172.838,0.0339,0.0340,APPROACH,0
172.872,0.0341,0.0340,APPROACH,0
172.906,0.0340,0.0340,APPROACH,0
172.940,0.0339,0.0340,APPROACH,0
172.974,0.0342,0.0340,APPROACH,0
173.008,0.0341,0.0340,APPROACH,0
173.042,0.0337,0.0340,APPROACH,0
173.076,0.0343,0.0340,APPROACH,0
173.110,0.0337,0.0340,APPROACH,0
173.144,0.0340,0.0340,APPROACH,0
173.178,0.0340,0.0340,APPROACH,0
173.212,0.0340,0.0340,APPROACH,0
173.246,0.0341,0.0340,APPROACH,0
173.280,0.0341,0.0340,APPROACH,0
173.314,0.0337,0.0340,APPROACH,0
173.348,0.0342,0.0340,APPROACH,0
173.382,0.0338,0.0340,APPROACH,0
173.416,0.0341,0.0340,APPROACH,0
173.450,0.0340,0.0340,APPROACH,0
173.484,0.0339,0.0340,APPROACH,0
173.518,0.0340,0.0340,APPROACH,0
173.552,0.0340,0.0340,APPROACH,0
173.586,0.0340,0.0340,APPROACH,0
173.620,0.0341,0.0340,APPROACH,0
173.654,0.0339,0.0340,APPROACH,0
173.688,0.0341,0.0340,APPROACH,0
173.722,0.0340,0.0340,APPROACH,0
173.756,0.0341,0.0340,APPROACH,0
173.790,0.0344,0.0340,APPROACH,0
173.824,0.0339,0.0340,APPROACH,0
173.858,0.0341,0.0340,APPROACH,0
173.892,0.0343,0.0340,APPROACH,0
173.926,0.0339,0.0340,APPROACH,0
173.960,0.0341,0.0340,APPROACH,0
173.994,0.0339,0.0340,APPROACH,0
174.028,0.0340,0.0340,APPROACH,0
174.062,0.0339,0.0340,APPROACH,0
174.096,0.0340,0.0340,APPROACH,0
174.130,0.0340,0.0340,APPROACH,0
174.164,0.0341,0.0340,APPROACH,0
174.198,0.0340,0.0340,APPROACH,0
174.233,0.0340,0.0340,APPROACH,0
174.266,0.0339,0.0340,APPROACH,0
174.301,0.0342,0.0340,APPROACH,0
174.334,0.0338,0.0340,APPROACH,0
174.369,0.0342,0.0340,APPROACH,0
174.402,0.0339,0.0340,APPROACH,0
174.437,0.0341,0.0340,APPROACH,0
174.471,0.0340,0.0340,APPROACH,0
174.505,0.0345,0.0340,APPROACH,0
174.539,0.0335,0.0340,APPROACH,0
174.573,0.0341,0.0340,APPROACH,0
174.607,0.0340,0.0340,APPROACH,0
174.641,0.0344,0.0340,APPROACH,0
174.675,0.0335,0.0340,APPROACH,0
174.709,0.0340,0.0340,APPROACH,0
174.743,0.0341,0.0340,APPROACH,0
174.777,0.0340,0.0340,APPROACH,0
174.811,0.0340,0.0340,APPROACH,0
174.845,0.0340,0.0340,APPROACH,0
174.879,0.0340,0.0340,APPROACH,0
174.913,0.0340,0.0340,APPROACH,0
174.947,0.0341,0.0340,APPROACH,0
174.981,0.0341,0.0340,APPROACH,0
175.015,0.0339,0.0340,APPROACH,0
175.049,0.0341,0.0340,APPROACH,0
175.083,0.0339,0.0340,APPROACH,0
175.117,0.0341,0.0340,APPROACH,0
175.151,0.0340,0.0340,APPROACH,0
175.185,0.0340,0.0340,APPROACH,0
175.219,0.0338,0.0340,APPROACH,0
175.253,0.0342,0.0340,APPROACH,0
175.287,0.0340,0.0340,APPROACH,0
175.321,0.0342,0.0340,APPROACH,0
175.355,0.0340,0.0340,APPROACH,0
175.389,0.0339,0.0340,APPROACH,0
175.423,0.0340,0.0340,APPROACH,0
175.457,0.0342,0.0340,APPROACH,0
175.491,0.0340,0.0340,APPROACH,0
175.525,0.0341,0.0340,APPROACH,0
175.559,0.0340,0.0340,APPROACH,0
175.593,0.0341,0.0340,APPROACH,0
175.627,0.0340,0.0340,APPROACH,0
175.662,0.0345,0.0340,APPROACH,0
175.695,0.0335,0.0340,APPROACH,0
175.729,0.0341,0.0340,APPROACH,0
175.763,0.0340,0.0340,APPROACH,0
175.797,0.0340,0.0340,APPROACH,0
175.831,0.0340,0.0340,APPROACH,0
175.865,0.0339,0.0340,APPROACH,0
175.899,0.0340,0.0340,APPROACH,0
175.934,0.0346,0.0340,APPROACH,0
175.968,0.0338,0.0340,APPROACH,0
176.001,0.0337,0.0340,APPROACH,0
176.035,0.0340,0.0340,BLIND_DASH,0
176.069,0.0340,0.0340,BLIND_DASH,0
176.103,0.0341,0.0340,BLIND_DASH,0
176.137,0.0341,0.0340,BLIND_DASH,0
176.171,0.0340,0.0340,BLIND_DASH,0
176.206,0.0342,0.0340,BLIND_DASH,0
176.239,0.0338,0.0340,BLIND_DASH,0
176.273,0.0342,0.0340,BLIND_DASH,0
176.308,0.0343,0.0340,BLIND_DASH,0
176.342,0.0338,0.0340,BLIND_DASH,0
176.376,0.0340,0.0340,BLIND_DASH,0
176.410,0.0344,0.0340,BLIND_DASH,0
176.444,0.0335,0.0340,BLIND_DASH,0
176.478,0.0340,0.0340,BLIND_DASH,0
176.512,0.0341,0.0340,BLIND_DASH,0
176.546,0.0338,0.0340,BLIND_DASH,0
176.580,0.0341,0.0340,BLIND_DASH,0
176.614,0.0343,0.0340,BLIND_DASH,0
176.648,0.0336,0.0340,BLIND_DASH,0
176.682,0.0340,0.0340,BLIND_DASH,0
176.716,0.0342,0.0340,BLIND_DASH,0
176.750,0.0340,0.0340,BLIND_DASH,0
176.784,0.0339,0.0340,BLIND_DASH,0
176.818,0.0343,0.0340,BLIND_DASH,0
176.852,0.0339,0.0340,BLIND_DASH,0
176.886,0.0342,0.0340,BLIND_DASH,0
176.920,0.0338,0.0340,BLIND_DASH,0
176.954,0.0342,0.0340,BLIND_DASH,0
176.988,0.0341,0.0340,BLIND_DASH,0
177.022,0.0339,0.0340,BLIND_DASH,0
177.056,0.0339,0.0340,BLIND_DASH,0
177.090,0.0341,0.0340,BLIND_DASH,0
177.124,0.0340,0.0340,PATROL,0
177.158,0.0342,0.0340,PATROL,0
177.192,0.0340,0.0340,PATROL,0
177.226,0.0341,0.0340,PATROL,0
177.260,0.0340,0.0340,PATROL,0
177.294,0.0339,0.0340,PATROL,0
177.328,0.0341,0.0340,PATROL,0
177.362,0.0342,0.0340,PATROL,0
177.396,0.0338,0.0340,PATROL,0
177.430,0.0341,0.0340,PATROL,0
177.464,0.0338,0.0340,PATROL,0
177.498,0.0343,0.0340,PATROL,0
177.532,0.0339,0.0340,PATROL,0
177.566,0.0340,0.0340,PATROL,0
177.600,0.0339,0.0340,PATROL,0
177.634,0.0342,0.0340,PATROL,0
177.668,0.0339,0.0340,PATROL,0
177.702,0.0343,0.0340,PATROL,0
177.736,0.0337,0.0340,PATROL,0
177.770,0.0340,0.0340,PATROL,0
177.804,0.0341,0.0340,PATROL,0
177.838,0.0340,0.0340,PATROL,0
177.872,0.0339,0.0340,PATROL,0
177.906,0.0341,0.0340,PATROL,0
177.940,0.0339,0.0340,PATROL,0
177.974,0.0340,0.0340,PATROL,0
178.008,0.0342,0.0340,PATROL,0
178.042,0.0340,0.0340,PATROL,0
178.076,0.0339,0.0340,PATROL,0
178.110,0.0341,0.0340,PATROL,0
178.144,0.0340,0.0340,PATROL,0
178.179,0.0343,0.0340,PATROL,0
178.213,0.0338,0.0340,PATROL,0
178.246,0.0339,0.0340,PATROL,0
178.281,0.0342,0.0340,PATROL,0
178.314,0.0338,0.0340,PATROL,0
178.349,0.0342,0.0340,PATROL,0
178.383,0.0340,0.0340,PATROL,0
178.417,0.0343,0.0340,PATROL,0
178.451,0.0337,0.0340,PATROL,0
178.485,0.0339,0.0340,PATROL,0
178.519,0.0340,0.0340,PATROL,0
178.553,0.0340,0.0340,PATROL,0
178.587,0.0341,0.0340,PATROL,0
178.621,0.0340,0.0340,PATROL,0
178.655,0.0339,0.0340,PATROL,0
178.689,0.0343,0.0340,PATROL,0
178.723,0.0338,0.0340,PATROL,0
178.757,0.0339,0.0340,PATROL,0
178.791,0.0341,0.0340,PATROL,0
178.825,0.0339,0.0340,PATROL,0
178.859,0.0339,0.0340,PATROL,0
178.893,0.0345,0.0340,PATROL,0
178.927,0.0335,0.0340,PATROL,0
178.961,0.0340,0.0340,PATROL,0
178.995,0.0340,0.0340,PATROL,0
179.029,0.0340,0.0340,PATROL,0
179.063,0.0340,0.0340,PATROL,0
179.097,0.0340,0.0340,PATROL,0
179.131,0.0342,0.0340,PATROL,0
179.165,0.0339,0.0340,PATROL,0
179.199,0.0341,0.0340,PATROL,0
179.233,0.0339,0.0340,PATROL,0
179.267,0.0340,0.0340,PATROL,0
179.301,0.0339,0.0340,PATROL,0
179.335,0.0343,0.0340,PATROL,0
179.369,0.0339,0.0340,PATROL,0
179.403,0.0340,0.0340,PATROL,0
179.437,0.0339,0.0340,PATROL,0
179.471,0.0340,0.0340,PATROL,0
179.505,0.0343,0.0340,PATROL,0
179.539,0.0341,0.0340,PATROL,0
179.573,0.0339,0.0340,PATROL,0
179.607,0.0341,0.0340,PATROL,0
179.641,0.0340,0.0340,PATROL,0
179.675,0.0339,0.0340,PATROL,0
179.709,0.0340,0.0340,PATROL,0
179.743,0.0340,0.0340,PATROL,0
179.777,0.0341,0.0340,PATROL,0
179.811,0.0339,0.0340,PATROL,0
179.845,0.0340,0.0340,PATROL,0
179.879,0.0342,0.0340,PATROL,0
179.913,0.0340,0.0340,PATROL,0
179.947,0.0339,0.0340,PATROL,0
179.981,0.0342,0.0340,PATROL,0
180.015,0.0339,0.0340,PATROL,0
180.049,0.0341,0.0340,PATROL,0
180.083,0.0339,0.0340,PATROL,0
180.117,0.0340,0.0340,PATROL,0
180.151,0.0342,0.0340,PATROL,0
180.185,0.0340,0.0340,PATROL,0
180.219,0.0339,0.0340,PATROL,0
180.253,0.0340,0.0340,PATROL,0
180.288,0.0343,0.0340,PATROL,0
180.322,0.0339,0.0340,PATROL,0
180.355,0.0339,0.0340,PATROL,0
180.389,0.0341,0.0340,PATROL,0
180.424,0.0341,0.0340,PATROL,0
180.458,0.0340,0.0340,PATROL,0
180.491,0.0338,0.0340,PATROL,0
180.525,0.0340,0.0340,PATROL,0
180.560,0.0342,0.0340,PATROL,0
180.594,0.0341,0.0340,PATROL,0
180.628,0.0339,0.0340,PATROL,0
180.662,0.0341,0.0340,PATROL,0
180.696,0.0339,0.0340,PATROL,0
180.730,0.0343,0.0340,PATROL,0
180.764,0.0338,0.0340,PATROL,0
180.798,0.0342,0.0340,PATROL,0
180.832,0.0338,0.0340,PATROL,0
180.866,0.0340,0.0340,PATROL,0
180.900,0.0343,0.0340,PATROL,0
180.934,0.0337,0.0340,PATROL,0
180.968,0.0344,0.0340,PATROL,0
181.002,0.0336,0.0340,PATROL,0
181.036,0.0343,0.0340,PATROL,0
181.070,0.0337,0.0340,PATROL,0
181.104,0.0339,0.0340,PATROL,0
181.138,0.0341,0.0340,PATROL,0
181.172,0.0340,0.0340,PATROL,0
181.206,0.0340,0.0340,PATROL,0
181.240,0.0340,0.0340,PATROL,0
181.274,0.0342,0.0340,PATROL,0
181.308,0.0339,0.0340,PATROL,0
181.342,0.0342,0.0340,PATROL,0
181.376,0.0340,0.0340,PATROL,0
181.410,0.0339,0.0340,PATROL,0
181.444,0.0342,0.0340,PATROL,0
181.478,0.0342,0.0340,PATROL,0
181.512,0.0338,0.0340,PATROL,0
181.546,0.0339,0.0340,PATROL,0
181.580,0.0342,0.0340,PATROL,0
181.614,0.0341,0.0340,PATROL,0
181.648,0.0340,0.0340,PATROL,0
181.682,0.0340,0.0340,PATROL,0
181.716,0.0340,0.0340,PATROL,0
181.750,0.0343,0.0340,PATROL,0
181.784,0.0339,0.0340,PATROL,0
181.818,0.0340,0.0340,PATROL,0
181.852,0.0340,0.0340,PATROL,0
181.886,0.0341,0.0340,PATROL,0
181.920,0.0339,0.0340,PATROL,0
181.954,0.0341,0.0340,PATROL,0
181.988,0.0340,0.0340,PATROL,0
182.022,0.0340,0.0340,PATROL,0
182.056,0.0340,0.0340,PATROL,0
182.091,0.0342,0.0340,PATROL,0
182.124,0.0338,0.0340,PATROL,0
182.158,0.0341,0.0340,PATROL,0
182.192,0.0340,0.0340,PATROL,0
182.227,0.0342,0.0340,PATROL,0
182.260,0.0338,0.0340,PATROL,0
182.294,0.0340,0.0340,PATROL,0
182.328,0.0342,0.0340,PATROL,0
182.362,0.0340,0.0340,PATROL,0
182.397,0.0341,0.0340,PATROL,0
182.431,0.0339,0.0340,PATROL,0
182.465,0.0342,0.0340,PATROL,0
182.498,0.0337,0.0340,PATROL,0
182.533,0.0341,0.0340,PATROL,0
182.567,0.0340,0.0340,PATROL,0
182.601,0.0341,0.0340,PATROL,0
182.635,0.0339,0.0340,PATROL,0
182.669,0.0340,0.0340,PATROL,0
182.703,0.0340,0.0340,PATROL,0
182.737,0.0343,0.0340,PATROL,0
182.771,0.0337,0.0340,PATROL,0
182.805,0.0341,0.0340,PATROL,0
182.839,0.0339,0.0340,PATROL,0
182.873,0.0340,0.0340,PATROL,0
182.907,0.0340,0.0340,PATROL,0
182.941,0.0341,0.0340,PATROL,0
182.975,0.0340,0.0340,PATROL,0
183.009,0.0341,0.0340,PATROL,0
183.043,0.0339,0.0340,PATROL,0
183.077,0.0339,0.0340,PATROL,0
183.111,0.0341,0.0340,PATROL,0
183.145,0.0339,0.0340,PATROL,0
183.179,0.0341,0.0340,PATROL,0
183.213,0.0339,0.0340,PATROL,0
183.247,0.0341,0.0340,PATROL,0
183.281,0.0340,0.0340,PATROL,0
183.315,0.0340,0.0340,PATROL,0
183.349,0.0342,0.0340,PATROL,0
183.383,0.0337,0.0340,PATROL,0
183.417,0.0340,0.0340,PATROL,0
183.451,0.0342,0.0340,PATROL,0
183.485,0.0339,0.0340,PATROL,0
183.519,0.0341,0.0340,PATROL,0
183.553,0.0342,0.0340,PATROL,0
183.587,0.0340,0.0340,PATROL,0
183.621,0.0340,0.0340,PATROL,0
183.655,0.0341,0.0340,PATROL,0
183.689,0.0342,0.0340,PATROL,0
183.723,0.0338,0.0340,PATROL,0
183.757,0.0340,0.0340,PATROL,0
183.791,0.0340,0.0340,PATROL,0
183.825,0.0344,0.0340,PATROL,0
183.859,0.0337,0.0340,PATROL,0
183.893,0.0340,0.0340,PATROL,0
183.927,0.0342,0.0340,PATROL,0
183.961,0.0340,0.0340,PATROL,0
183.995,0.0340,0.0340,PATROL,0
184.029,0.0339,0.0340,PATROL,0
184.063,0.0341,0.0340,PATROL,0
184.097,0.0342,0.0340,PATROL,0
184.131,0.0340,0.0340,PATROL,0
184.165,0.0339,0.0340,PATROL,0
184.200,0.0344,0.0340,PATROL,0
184.233,0.0336,0.0340,PATROL,0
184.267,0.0341,0.0340,PATROL,0
184.302,0.0341,0.0340,PATROL,0
184.336,0.0340,0.0340,PATROL,0
184.369,0.0340,0.0340,PATROL,0
184.404,0.0340,0.0340,PATROL,0
184.438,0.0342,0.0340,PATROL,0
184.472,0.0338,0.0340,PATROL,0
184.505,0.0339,0.0340,PATROL,0
184.540,0.0341,0.0340,PATROL,0
184.574,0.0340,0.0340,PATROL,0
184.607,0.0339,0.0340,PATROL,0
184.641,0.0340,0.0340,PATROL,0
184.676,0.0342,0.0340,PATROL,0
184.710,0.0339,0.0340,PATROL,0
184.744,0.0341,0.0340,PATROL,0
184.778,0.0339,0.0340,PATROL,0
184.812,0.0340,0.0340,PATROL,0
184.846,0.0340,0.0340,PATROL,0
184.880,0.0342,0.0340,PATROL,0
184.914,0.0338,0.0340,PATROL,0
184.948,0.0339,0.0340,PATROL,0
184.982,0.0340,0.0340,PATROL,0
185.016,0.0341,0.0340,PATROL,0
185.050,0.0339,0.0340,PATROL,0
185.084,0.0339,0.0340,PATROL,0
185.118,0.0341,0.0340,PATROL,0
185.152,0.0339,0.0340,PATROL,0
185.186,0.0342,0.0340,PATROL,0
185.220,0.0338,0.0340,PATROL,0
185.254,0.0341,0.0340,PATROL,0
185.288,0.0340,0.0340,PATROL,0
185.322,0.0340,0.0340,PATROL,0
185.356,0.0339,0.0340,PATROL,0
185.390,0.0341,0.0340,PATROL,0
185.424,0.0339,0.0340,PATROL,0
185.458,0.0341,0.0340,PATROL,0
185.492,0.0342,0.0340,PATROL,0
185.526,0.0341,0.0340,PATROL,0
185.560,0.0338,0.0340,PATROL,0
185.594,0.0340,0.0340,PATROL,0
185.628,0.0339,0.0340,PATROL,0
185.662,0.0342,0.0340,PATROL,0
185.696,0.0341,0.0340,PATROL,0
185.730,0.0341,0.0340,PATROL,0
185.764,0.0341,0.0340,PATROL,0
185.798,0.0340,0.0340,PATROL,0
185.832,0.0340,0.0340,PATROL,0
185.866,0.0343,0.0340,PATROL,0
185.900,0.0338,0.0340,PATROL,0
185.934,0.0340,0.0340,PATROL,0
185.969,0.0345,0.0340,PATROL,0
186.002,0.0337,0.0340,PATROL,0
186.037,0.0345,0.0340,PATROL,0
186.070,0.0334,0.0340,PATROL,0
186.105,0.0344,0.0340,PATROL,0
186.139,0.0339,0.0340,PATROL,0
186.172,0.0338,0.0340,PATROL,0
186.206,0.0340,0.0340,PATROL,0
186.240,0.0340,0.0340,PATROL,0
186.275,0.0341,0.0340,PATROL,0
186.308,0.0339,0.0340,PATROL,0
186.343,0.0342,0.0340,PATROL,0
186.376,0.0338,0.0340,PATROL,0
186.410,0.0340,0.0340,PATROL,0
186.444,0.0340,0.0340,PATROL,0
186.479,0.0341,0.0340,PATROL,0
186.512,0.0339,0.0340,PATROL,0
186.547,0.0342,0.0340,PATROL,0
186.581,0.0342,0.0340,PATROL,0
186.615,0.0340,0.0340,PATROL,0
186.649,0.0337,0.0340,PATROL,0
186.683,0.0341,0.0340,PATROL,0
186.717,0.0339,0.0340,PATROL,0
186.751,0.0343,0.0340,PATROL,0
186.785,0.0340,0.0340,PATROL,0
186.819,0.0339,0.0340,PATROL,0
186.853,0.0343,0.0340,PATROL,0
186.887,0.0338,0.0340,PATROL,0
186.921,0.0340,0.0340,PATROL,0
186.955,0.0342,0.0340,PATROL,0
186.989,0.0339,0.0340,PATROL,0
187.023,0.0341,0.0340,PATROL,0
187.057,0.0340,0.0340,PATROL,0
187.091,0.0339,0.0340,PATROL,0
187.125,0.0340,0.0340,PATROL,0
187.159,0.0341,0.0340,PATROL,0
187.193,0.0340,0.0340,PATROL,0
187.227,0.0341,0.0340,PATROL,0
187.261,0.0340,0.0340,PATROL,0
187.295,0.0341,0.0340,PATROL,0
187.329,0.0338,0.0340,PATROL,0
187.363,0.0342,0.0340,PATROL,0
187.397,0.0340,0.0340,PATROL,0
187.431,0.0339,0.0340,PATROL,0
187.465,0.0340,0.0340,PATROL,0
187.499,0.0340,0.0340,PATROL,0
187.533,0.0340,0.0340,PATROL,0
187.567,0.0342,0.0340,PATROL,0
187.601,0.0338,0.0340,PATROL,0
187.635,0.0342,0.0340,PATROL,0
187.669,0.0338,0.0340,PATROL,0
187.703,0.0342,0.0340,PATROL,0
187.737,0.0339,0.0340,PATROL,0
187.771,0.0342,0.0340,PATROL,0
187.805,0.0339,0.0340,PATROL,0
187.839,0.0341,0.0340,PATROL,0
187.873,0.0339,0.0340,PATROL,0
187.907,0.0340,0.0340,PATROL,0
187.941,0.0340,0.0340,PATROL,0
187.976,0.0343,0.0340,PATROL,0
188.009,0.0337,0.0340,PATROL,0
188.043,0.0340,0.0340,PATROL,0
188.077,0.0341,0.0340,PATROL,0
188.111,0.0339,0.0340,PATROL,0
188.145,0.0341,0.0340,PATROL,0
188.179,0.0340,0.0340,PATROL,0
188.214,0.0342,0.0340,PATROL,0
188.248,0.0339,0.0340,PATROL,0
188.282,0.0340,0.0340,PATROL,0
188.316,0.0340,0.0340,PATROL,0
188.350,0.0344,0.0340,PATROL,0
188.384,0.0338,0.0340,PATROL,0
188.418,0.0340,0.0340,PATROL,0
188.452,0.0339,0.0340,PATROL,0
188.486,0.0340,0.0340,PATROL,0
188.520,0.0340,0.0340,PATROL,0
188.554,0.0342,0.0340,PATROL,0
188.588,0.0338,0.0340,PATROL,0
188.622,0.0340,0.0340,PATROL,0
188.656,0.0341,0.0340,PATROL,0
188.690,0.0340,0.0340,PATROL,0
188.724,0.0339,0.0340,PATROL,0
188.758,0.0343,0.0340,PATROL,0
188.792,0.0337,0.0340,PATROL,0
188.826,0.0342,0.0340,PATROL,0
188.860,0.0340,0.0340,PATROL,0
188.894,0.0340,0.0340,PATROL,0
188.928,0.0338,0.0340,PATROL,0
188.962,0.0341,0.0340,PATROL,0
188.996,0.0339,0.0340,PATROL,0
189.030,0.0340,0.0340,PATROL,0
189.064,0.0340,0.0340,PATROL,0
189.098,0.0340,0.0340,PATROL,0
189.132,0.0340,0.0340,PATROL,0
189.166,0.0340,0.0340,PATROL,0
189.200,0.0339,0.0340,PATROL,0
189.234,0.0341,0.0340,PATROL,0
189.268,0.0339,0.0340,PATROL,0
189.302,0.0343,0.0340,PATROL,0
189.336,0.0341,0.0340,PATROL,0
189.370,0.0340,0.0340,PATROL,0
189.404,0.0341,0.0340,PATROL,0
189.438,0.0342,0.0340,PATROL,0
189.472,0.0341,0.0340,PATROL,0
189.506,0.0338,0.0340,PATROL,0
189.540,0.0343,0.0340,PATROL,0
189.574,0.0338,0.0340,PATROL,0
189.608,0.0341,0.0340,PATROL,0
189.643,0.0344,0.0340,PATROL,0
189.676,0.0338,0.0340,PATROL,0
189.711,0.0341,0.0340,PATROL,0
189.744,0.0338,0.0340,PATROL,0
189.779,0.0343,0.0340,PATROL,0
189.812,0.0337,0.0340,PATROL,0
189.846,0.0339,0.0340,PATROL,0
189.880,0.0340,0.0340,PATROL,0
189.914,0.0340,0.0340,PATROL,0
189.949,0.0343,0.0340,PATROL,0
189.982,0.0338,0.0340,PATROL,0
190.016,0.0342,0.0340,PATROL,0
190.050,0.0339,0.0340,PATROL,0
190.085,0.0342,0.0340,PATROL,0
190.119,0.0340,0.0340,PATROL,0
190.152,0.0339,0.0340,PATROL,0
190.187,0.0344,0.0340,PATROL,0
190.220,0.0336,0.0340,PATROL,0
190.254,0.0340,0.0340,PATROL,0
190.288,0.0341,0.0340,PATROL,0
190.323,0.0342,0.0340,PATROL,0
190.357,0.0339,0.0340,PATROL,0
190.391,0.0343,0.0340,PATROL,0
190.425,0.0337,0.0340,PATROL,0
190.459,0.0340,0.0340,PATROL,0
190.493,0.0339,0.0340,PATROL,0
190.527,0.0341,0.0340,PATROL,0
190.561,0.0339,0.0340,PATROL,0
190.595,0.0340,0.0340,PATROL,0
190.629,0.0342,0.0340,PATROL,0
190.663,0.0338,0.0340,PATROL,0
190.697,0.0340,0.0340,PATROL,0
190.731,0.0341,0.0340,PATROL,0
190.765,0.0342,0.0340,PATROL,0
190.799,0.0340,0.0340,PATROL,0
190.833,0.0340,0.0340,PATROL,0
190.867,0.0340,0.0340,PATROL,0
190.901,0.0340,0.0340,PATROL,0
190.935,0.0339,0.0340,PATROL,0
190.969,0.0342,0.0340,PATROL,0
191.003,0.0340,0.0340,PATROL,0
191.037,0.0341,0.0340,PATROL,0
191.071,0.0338,0.0340,PATROL,0
191.105,0.0340,0.0340,PATROL,0
191.139,0.0339,0.0340,PATROL,0
191.173,0.0340,0.0340,PATROL,0
191.207,0.0341,0.0340,PATROL,0
191.241,0.0343,0.0340,PATROL,0
191.275,0.0338,0.0340,PATROL,0
191.309,0.0342,0.0340,PATROL,0
191.343,0.0340,0.0340,PATROL,0
191.377,0.0338,0.0340,PATROL,0
191.411,0.0340,0.0340,PATROL,0
191.445,0.0340,0.0340,PATROL,0
191.479,0.0340,0.0340,PATROL,0
191.513,0.0341,0.0340,PATROL,0
191.547,0.0340,0.0340,PATROL,0
191.581,0.0340,0.0340,PATROL,0
191.615,0.0340,0.0340,PATROL,0
191.649,0.0342,0.0340,PATROL,0
191.683,0.0341,0.0340,PATROL,0
191.717,0.0339,0.0340,PATROL,0
191.751,0.0339,0.0340,PATROL,0
191.785,0.0341,0.0340,PATROL,0
191.819,0.0341,0.0340,PATROL,0
191.853,0.0339,0.0340,PATROL,0
191.887,0.0340,0.0340,PATROL,0
191.921,0.0342,0.0340,PATROL,0
191.956,0.0341,0.0340,PATROL,0
191.989,0.0339,0.0340,PATROL,0
192.023,0.0339,0.0340,PATROL,0
192.057,0.0341,0.0340,PATROL,0
192.091,0.0339,0.0340,PATROL,0
192.125,0.0340,0.0340,PATROL,0
192.159,0.0341,0.0340,PATROL,0
192.194,0.0341,0.0340,PATROL,0
192.227,0.0338,0.0340,PATROL,0
192.261,0.0340,0.0340,PATROL,0
192.296,0.0341,0.0340,PATROL,0
192.330,0.0340,0.0340,PATROL,0
192.364,0.0341,0.0340,PATROL,0
192.398,0.0342,0.0340,PATROL,0
192.431,0.0337,0.0340,PATROL,0
192.466,0.0341,0.0340,PATROL,0
192.500,0.0342,0.0340,PATROL,0
192.534,0.0338,0.0340,PATROL,0
192.568,0.0341,0.0340,PATROL,0
192.602,0.0341,0.0340,PATROL,0
192.636,0.0338,0.0340,PATROL,0
192.670,0.0342,0.0340,PATROL,0
192.704,0.0339,0.0340,PATROL,0
192.738,0.0339,0.0340,PATROL,0
192.772,0.0341,0.0340,PATROL,0
192.806,0.0339,0.0340,PATROL,0
192.840,0.0341,0.0340,PATROL,0
192.874,0.0339,0.0340,PATROL,0
192.908,0.0343,0.0340,PATROL,0
192.942,0.0342,0.0340,PATROL,0
192.976,0.0338,0.0340,PATROL,0
193.010,0.0344,0.0340,PATROL,0
193.044,0.0338,0.0340,PATROL,0
193.078,0.0339,0.0340,PATROL,0
193.112,0.0340,0.0340,PATROL,0
193.146,0.0338,0.0340,PATROL,0
193.180,0.0341,0.0340,PATROL,0
193.214,0.0340,0.0340,PATROL,0
193.248,0.0341,0.0340,PATROL,0
193.282,0.0338,0.0340,PATROL,0
193.316,0.0341,0.0340,PATROL,0
193.350,0.0340,0.0340,PATROL,0
193.384,0.0341,0.0340,PATROL,0
193.418,0.0341,0.0340,PATROL,0
193.452,0.0337,0.0340,PATROL,0
193.486,0.0341,0.0340,PATROL,0
193.520,0.0340,0.0340,PATROL,0
193.554,0.0341,0.0340,PATROL,0
193.588,0.0342,0.0340,PATROL,0
193.622,0.0338,0.0340,PATROL,0
193.656,0.0342,0.0340,PATROL,0
193.690,0.0339,0.0340,PATROL,0
193.725,0.0343,0.0340,PATROL,0
193.759,0.0340,0.0340,PATROL,0
193.793,0.0340,0.0340,PATROL,0
193.827,0.0342,0.0340,PATROL,0
193.861,0.0338,0.0340,PATROL,0
193.895,0.0341,0.0340,PATROL,0
193.929,0.0338,0.0340,PATROL,0
193.963,0.0340,0.0340,PATROL,0
193.996,0.0338,0.0340,PATROL,0
194.031,0.0343,0.0340,PATROL,0
194.065,0.0339,0.0340,PATROL,0
194.099,0.0340,0.0340,PATROL,0
194.133,0.0340,0.0340,PATROL,0
194.167,0.0341,0.0340,PATROL,0
194.201,0.0339,0.0340,PATROL,0
194.235,0.0339,0.0340,PATROL,0
194.269,0.0340,0.0340,PATROL,0
194.303,0.0339,0.0340,PATROL,0
194.337,0.0342,0.0340,PATROL,0
194.371,0.0339,0.0340,PATROL,0
194.405,0.0340,0.0340,PATROL,0
194.439,0.0340,0.0340,PATROL,0
194.473,0.0344,0.0340,PATROL,0
194.507,0.0336,0.0340,PATROL,0
194.541,0.0343,0.0340,PATROL,0
194.575,0.0341,0.0340,PATROL,0
194.609,0.0338,0.0340,PATROL,0
194.643,0.0341,0.0340,PATROL,0
194.677,0.0340,0.0340,PATROL,0
194.711,0.0339,0.0340,PATROL,0
194.745,0.0341,0.0340,PATROL,0
194.779,0.0341,0.0340,PATROL,0
194.813,0.0339,0.0340,PATROL,0
194.847,0.0340,0.0340,PATROL,0
194.881,0.0341,0.0340,PATROL,0
194.915,0.0339,0.0340,PATROL,0
194.949,0.0340,0.0340,PATROL,0
194.983,0.0341,0.0340,PATROL,0
195.017,0.0340,0.0340,PATROL,0
195.051,0.0341,0.0340,PATROL,0
195.085,0.0339,0.0340,PATROL,0
195.119,0.0342,0.0340,PATROL,0
195.153,0.0339,0.0340,PATROL,0
195.187,0.0343,0.0340,PATROL,0
195.222,0.0341,0.0340,PATROL,0
195.255,0.0336,0.0340,PATROL,0
195.289,0.0341,0.0340,PATROL,0
195.323,0.0340,0.0340,PATROL,0
195.357,0.0340,0.0340,PATROL,0
195.391,0.0341,0.0340,PATROL,0
195.426,0.0344,0.0340,PATROL,0
195.459,0.0336,0.0340,PATROL,0
195.494,0.0342,0.0340,PATROL,0
195.528,0.0340,0.0340,PATROL,0
195.562,0.0339,0.0340,PATROL,0
195.595,0.0338,0.0340,PATROL,0
195.629,0.0341,0.0340,PATROL,0
195.663,0.0339,0.0340,PATROL,0
195.698,0.0342,0.0340,PATROL,0
195.732,0.0339,0.0340,PATROL,0
195.766,0.0341,0.0340,PATROL,0
195.800,0.0339,0.0340,PATROL,0
195.834,0.0342,0.0340,PATROL,0
195.868,0.0339,0.0340,PATROL,0
195.902,0.0342,0.0340,PATROL,0
195.936,0.0339,0.0340,PATROL,0
195.970,0.0340,0.0340,PATROL,0
196.004,0.0340,0.0340,PATROL,0
196.038,0.0339,0.0340,PATROL,0
196.072,0.0341,0.0340,PATROL,0
196.106,0.0340,0.0340,PATROL,0
196.140,0.0342,0.0340,PATROL,0
196.174,0.0339,0.0340,PATROL,0
196.208,0.0338,0.0340,PATROL,0
196.242,0.0340,0.0340,PATROL,0
196.276,0.0342,0.0340,PATROL,0
196.310,0.0339,0.0340,PATROL,0
196.344,0.0342,0.0340,PATROL,0
196.378,0.0337,0.0340,PATROL,0
196.412,0.0342,0.0340,PATROL,0
196.446,0.0340,0.0340,PATROL,0
196.480,0.0340,0.0340,PATROL,0
196.514,0.0341,0.0340,PATROL,0
196.548,0.0339,0.0340,PATROL,0
196.582,0.0340,0.0340,PATROL,0
196.616,0.0341,0.0340,PATROL,0
196.650,0.0341,0.0340,PATROL,0
196.684,0.0341,0.0340,PATROL,0
196.718,0.0339,0.0340,PATROL,0
196.752,0.0341,0.0340,PATROL,0
196.786,0.0339,0.0340,PATROL,0
196.820,0.0342,0.0340,PATROL,0
196.854,0.0339,0.0340,PATROL,0
196.888,0.0341,0.0340,PATROL,0
196.923,0.0345,0.0340,PATROL,0
196.956,0.0338,0.0340,PATROL,0
196.990,0.0340,0.0340,PATROL,0
197.024,0.0340,0.0340,PATROL,0
197.058,0.0340,0.0340,PATROL,0
197.092,0.0341,0.0340,PATROL,0
197.127,0.0341,0.0340,PATROL,0
197.161,0.0340,0.0340,PATROL,0
197.194,0.0338,0.0340,PATROL,0
197.229,0.0341,0.0340,PATROL,0
197.263,0.0341,0.0340,PATROL,0
197.297,0.0339,0.0340,PATROL,0
197.331,0.0340,0.0340,PATROL,0
197.364,0.0339,0.0340,PATROL,0
197.398,0.0340,0.0340,PATROL,0
197.432,0.0341,0.0340,PATROL,0
197.467,0.0341,0.0340,PATROL,0
197.500,0.0338,0.0340,PATROL,0
197.535,0.0342,0.0340,PATROL,0
197.569,0.0339,0.0340,PATROL,0
197.603,0.0340,0.0340,PATROL,0
197.637,0.0340,0.0340,PATROL,0
197.671,0.0340,0.0340,PATROL,0
197.705,0.0340,0.0340,PATROL,0
197.739,0.0343,0.0340,PATROL,0
197.773,0.0338,0.0340,PATROL,0
197.807,0.0339,0.0340,PATROL,0
197.841,0.0341,0.0340,PATROL,0
197.875,0.0340,0.0340,PATROL,0
197.909,0.0341,0.0340,PATROL,0
197.943,0.0339,0.0340,PATROL,0
197.977,0.0340,0.0340,PATROL,0
198.011,0.0341,0.0340,PATROL,0
198.045,0.0340,0.0340,PATROL,0
198.079,0.0338,0.0340,PATROL,0
198.113,0.0341,0.0340,PATROL,0
198.147,0.0340,0.0340,PATROL,0
198.181,0.0340,0.0340,PATROL,0
198.215,0.0340,0.0340,PATROL,0
198.249,0.0343,0.0340,PATROL,0
198.283,0.0341,0.0340,PATROL,0
198.317,0.0341,0.0340,PATROL,0
198.351,0.0337,0.0340,PATROL,0
198.385,0.0340,0.0340,PATROL,0
198.419,0.0341,0.0340,PATROL,0
198.453,0.0342,0.0340,PATROL,0
198.487,0.0339,0.0340,PATROL,0
198.521,0.0342,0.0340,PATROL,0
198.555,0.0337,0.0340,PATROL,0
198.589,0.0340,0.0340,PATROL,0
198.623,0.0342,0.0340,PATROL,0
198.657,0.0340,0.0340,PATROL,0
198.691,0.0340,0.0340,PATROL,0
198.725,0.0340,0.0340,PATROL,0
198.759,0.0340,0.0340,PATROL,0
198.793,0.0342,0.0340,PATROL,0
198.827,0.0339,0.0340,PATROL,0
198.861,0.0340,0.0340,PATROL,0
198.895,0.0340,0.0340,PATROL,0
198.929,0.0341,0.0340,PATROL,0
198.963,0.0340,0.0340,PATROL,0
198.997,0.0340,0.0340,PATROL,0
199.031,0.0340,0.0340,PATROL,0
199.065,0.0341,0.0340,PATROL,0
199.099,0.0340,0.0340,PATROL,0
199.134,0.0341,0.0340,PATROL,0
199.167,0.0338,0.0340,PATROL,0
199.201,0.0341,0.0340,PATROL,0
199.235,0.0340,0.0340,PATROL,0
199.270,0.0341,0.0340,PATROL,0
199.303,0.0340,0.0340,PATROL,0
199.338,0.0342,0.0340,PATROL,0
199.371,0.0338,0.0340,PATROL,0
199.406,0.0341,0.0340,PATROL,0
199.440,0.0343,0.0340,PATROL,0
199.474,0.0340,0.0340,PATROL,0
199.508,0.0339,0.0340,PATROL,0
199.542,0.0340,0.0340,PATROL,0
199.576,0.0340,0.0340,PATROL,0
199.610,0.0341,0.0340,PATROL,0
199.644,0.0339,0.0340,PATROL,0
199.678,0.0342,0.0340,PATROL,0
199.712,0.0338,0.0340,PATROL,0
199.746,0.0341,0.0340,PATROL,0
199.780,0.0340,0.0340,PATROL,0
199.814,0.0340,0.0340,PATROL,0
199.848,0.0339,0.0340,PATROL,0
199.882,0.0341,0.0340,PATROL,0
199.916,0.0341,0.0340,PATROL,0
199.950,0.0339,0.0340,PATROL,0
199.984,0.0341,0.0340,PATROL,0
200.018,0.0339,0.0340,PATROL,0
200.052,0.0341,0.0340,PATROL,0
200.086,0.0339,0.0340,PATROL,0
200.120,0.0340,0.0340,PATROL,0
200.154,0.0340,0.0340,PATROL,0
200.188,0.0341,0.0340,PATROL,0
200.222,0.0340,0.0340,PATROL,0
200.256,0.0340,0.0340,PATROL,0
200.290,0.0343,0.0340,PATROL,0
200.324,0.0338,0.0340,PATROL,0
200.358,0.0340,0.0340,PATROL,0
200.392,0.0341,0.0340,PATROL,0
200.426,0.0340,0.0340,PATROL,0
200.460,0.0340,0.0340,PATROL,0
200.494,0.0339,0.0340,PATROL,0
200.528,0.0342,0.0340,PATROL,0
200.562,0.0340,0.0340,PATROL,0
200.597,0.0342,0.0340,PATROL,0
200.630,0.0336,0.0340,PATROL,0
200.665,0.0344,0.0340,PATROL,0
200.698,0.0337,0.0340,PATROL,0
200.732,0.0340,0.0340,PATROL,0
200.766,0.0339,0.0340,PATROL,0
200.800,0.0341,0.0340,PATROL,0
200.834,0.0339,0.0340,PATROL,0
200.868,0.0341,0.0340,PATROL,0
200.902,0.0342,0.0340,PATROL,0
200.936,0.0339,0.0340,PATROL,0
200.970,0.0339,0.0340,PATROL,0
201.005,0.0346,0.0340,PATROL,0
201.038,0.0336,0.0340,PATROL,0
201.072,0.0341,0.0340,PATROL,0
201.106,0.0339,0.0340,PATROL,0
201.140,0.0340,0.0340,PATROL,0
201.175,0.0342,0.0340,PATROL,0
201.209,0.0339,0.0340,PATROL,0
201.242,0.0339,0.0340,PATROL,0
201.277,0.0342,0.0340,PATROL,0
201.311,0.0340,0.0340,PATROL,0
201.345,0.0342,0.0340,PATROL,0
201.379,0.0338,0.0340,PATROL,0
201.413,0.0340,0.0340,PATROL,0
201.447,0.0341,0.0340,PATROL,0
201.481,0.0339,0.0340,PATROL,0
201.515,0.0342,0.0340,PATROL,0
201.549,0.0340,0.0340,PATROL,0
201.583,0.0340,0.0340,PATROL,0
201.617,0.0340,0.0340,PATROL,0
201.651,0.0341,0.0340,PATROL,0
201.685,0.0340,0.0340,PATROL,0
201.719,0.0340,0.0340,PATROL,0
201.753,0.0343,0.0340,PATROL,0
201.787,0.0339,0.0340,PATROL,0
201.821,0.0340,0.0340,PATROL,0
201.855,0.0339,0.0340,PATROL,0
201.889,0.0341,0.0340,PATROL,0
201.923,0.0340,0.0340,PATROL,0
201.957,0.0341,0.0340,PATROL,0
201.991,0.0340,0.0340,PATROL,0
202.025,0.0340,0.0340,PATROL,0
202.060,0.0345,0.0340,PATROL,0
202.093,0.0336,0.0340,PATROL,0
202.127,0.0340,0.0340,PATROL,0
202.161,0.0341,0.0340,PATROL,0
202.195,0.0339,0.0340,PATROL,0
202.229,0.0340,0.0340,PATROL,0
202.263,0.0339,0.0340,PATROL,0
202.297,0.0341,0.0340,PATROL,0
202.331,0.0340,0.0340,PATROL,0
202.365,0.0340,0.0340,PATROL,0
202.399,0.0340,0.0340,PATROL,0
202.434,0.0344,0.0340,PATROL,0
202.467,0.0338,0.0340,PATROL,0
202.501,0.0340,0.0340,PATROL,0
202.535,0.0338,0.0340,PATROL,0
202.569,0.0341,0.0340,PATROL,0
202.603,0.0342,0.0340,PATROL,0
202.638,0.0341,0.0340,PATROL,0
202.671,0.0339,0.0340,PATROL,0
202.706,0.0342,0.0340,PATROL,0
202.740,0.0339,0.0340,PATROL,0
202.774,0.0340,0.0340,PATROL,0
202.807,0.0339,0.0340,PATROL,0
202.841,0.0340,0.0340,PATROL,0
202.876,0.0342,0.0340,PATROL,0
202.910,0.0339,0.0340,PATROL,0
202.944,0.0343,0.0340,PATROL,0
202.978,0.0338,0.0340,PATROL,0
203.012,0.0339,0.0340,PATROL,0
203.046,0.0342,0.0340,PATROL,0
203.080,0.0340,0.0340,PATROL,0
203.114,0.0339,0.0340,PATROL,0
203.148,0.0343,0.0340,PATROL,0
203.182,0.0338,0.0340,PATROL,0
203.216,0.0340,0.0340,PATROL,0
203.250,0.0342,0.0340,PATROL,0
203.284,0.0339,0.0340,PATROL,0
203.318,0.0341,0.0340,PATROL,0
203.352,0.0339,0.0340,PATROL,0
203.386,0.0340,0.0340,PATROL,0
203.420,0.0343,0.0340,PATROL,0
203.454,0.0340,0.0340,PATROL,0
203.488,0.0338,0.0340,PATROL,0
203.522,0.0341,0.0340,PATROL,0
203.556,0.0342,0.0340,PATROL,0
203.590,0.0339,0.0340,PATROL,0
203.624,0.0340,0.0340,PATROL,0
203.658,0.0344,0.0340,PATROL,0
203.692,0.0337,0.0340,PATROL,0
203.726,0.0341,0.0340,PATROL,0
203.760,0.0338,0.0340,PATROL,0
203.794,0.0342,0.0340,PATROL,0
203.828,0.0339,0.0340,PATROL,0
203.862,0.0338,0.0340,PATROL,0
203.896,0.0342,0.0340,PATROL,0
203.930,0.0340,0.0340,PATROL,0
203.964,0.0341,0.0340,PATROL,0
203.998,0.0342,0.0340,PATROL,0
204.032,0.0340,0.0340,PATROL,0
204.066,0.0339,0.0340,PATROL,0
204.100,0.0341,0.0340,PATROL,0
204.134,0.0337,0.0340,PATROL,0
204.168,0.0342,0.0340,PATROL,0
204.202,0.0339,0.0340,PATROL,0
204.236,0.0342,0.0340,PATROL,0
204.270,0.0339,0.0340,PATROL,0
204.304,0.0340,0.0340,PATROL,0
204.338,0.0341,0.0340,PATROL,0
204.372,0.0342,0.0340,PATROL,0
204.406,0.0339,0.0340,PATROL,0
204.440,0.0339,0.0340,PATROL,0
204.474,0.0341,0.0340,PATROL,0
204.508,0.0340,0.0340,PATROL,0
204.543,0.0342,0.0340,PATROL,0
204.577,0.0339,0.0340,PATROL,0
204.611,0.0342,0.0340,PATROL,0
204.645,0.0339,0.0340,PATROL,0
204.679,0.0341,0.0340,PATROL,0
204.713,0.0341,0.0340,PATROL,0
204.747,0.0339,0.0340,PATROL,0
204.781,0.0341,0.0340,PATROL,0
204.815,0.0339,0.0340,PATROL,0
204.849,0.0342,0.0340,PATROL,0
204.883,0.0338,0.0340,PATROL,0
204.917,0.0339,0.0340,PATROL,0
204.951,0.0339,0.0340,PATROL,0
204.985,0.0340,0.0340,PATROL,0
205.019,0.0341,0.0340,PATROL,0
205.053,0.0339,0.0340,PATROL,0
205.087,0.0342,0.0340,PATROL,0
205.121,0.0340,0.0340,PATROL,0
205.155,0.0339,0.0340,PATROL,0
205.189,0.0342,0.0340,PATROL,0
205.223,0.0338,0.0340,PATROL,0
205.257,0.0341,0.0340,PATROL,0
205.291,0.0339,0.0340,PATROL,0
205.325,0.0342,0.0340,PATROL,0
205.359,0.0338,0.0340,PATROL,0
205.393,0.0340,0.0340,PATROL,0
205.427,0.0341,0.0340,PATROL,0
205.461,0.0341,0.0340,PATROL,0
205.495,0.0338,0.0340,PATROL,0
205.529,0.0342,0.0340,PATROL,0
205.563,0.0340,0.0340,PATROL,0
205.597,0.0341,0.0340,PATROL,0
205.631,0.0341,0.0340,PATROL,0
205.665,0.0341,0.0340,PATROL,0
205.699,0.0340,0.0340,PATROL,0
205.733,0.0343,0.0340,PATROL,0
205.767,0.0339,0.0340,PATROL,0
205.801,0.0340,0.0340,PATROL,0
205.835,0.0340,0.0340,PATROL,0
205.869,0.0339,0.0340,PATROL,0
205.904,0.0344,0.0340,PATROL,0
205.937,0.0337,0.0340,PATROL,0
205.971,0.0340,0.0340,PATROL,0
206.005,0.0340,0.0340,PATROL,0
206.039,0.0340,0.0340,PATROL,0
206.074,0.0342,0.0340,PATROL,0
206.107,0.0339,0.0340,PATROL,0
206.142,0.0343,0.0340,PATROL,0
206.176,0.0340,0.0340,PATROL,0
206.210,0.0341,0.0340,PATROL,0
206.244,0.0342,0.0340,PATROL,0
206.278,0.0336,0.0340,PATROL,0
206.312,0.0339,0.0340,PATROL,0
206.346,0.0340,0.0340,PATROL,0
206.380,0.0343,0.0340,PATROL,0
206.414,0.0338,0.0340,PATROL,0
206.448,0.0341,0.0340,PATROL,0
206.482,0.0339,0.0340,PATROL,0
206.516,0.0339,0.0340,PATROL,0
206.550,0.0344,0.0340,PATROL,0
206.584,0.0337,0.0340,PATROL,0
206.618,0.0341,0.0340,PATROL,0
206.652,0.0338,0.0340,PATROL,0
206.686,0.0344,0.0340,PATROL,0
206.720,0.0336,0.0340,PATROL,0
206.754,0.0342,0.0340,PATROL,0
206.788,0.0341,0.0340,PATROL,0
206.822,0.0340,0.0340,PATROL,0
206.856,0.0340,0.0340,PATROL,0
206.890,0.0341,0.0340,PATROL,0
206.924,0.0340,0.0340,PATROL,0
206.958,0.0339,0.0340,PATROL,0
206.992,0.0340,0.0340,PATROL,0
207.026,0.0341,0.0340,PATROL,0
207.060,0.0339,0.0340,PATROL,0
207.094,0.0341,0.0340,PATROL,0
207.128,0.0341,0.0340,PATROL,0
207.162,0.0340,0.0340,PATROL,0
207.196,0.0340,0.0340,PATROL,0
207.230,0.0338,0.0340,PATROL,0
207.264,0.0341,0.0340,PATROL,0
207.298,0.0339,0.0340,PATROL,0
207.332,0.0342,0.0340,PATROL,0
207.366,0.0339,0.0340,PATROL,0
207.400,0.0339,0.0340,PATROL,0
207.434,0.0340,0.0340,PATROL,0
207.468,0.0341,0.0340,PATROL,0
207.502,0.0340,0.0340,PATROL,0
207.536,0.0340,0.0340,PATROL,0
207.570,0.0340,0.0340,PATROL,0
207.605,0.0344,0.0340,PATROL,0
207.638,0.0338,0.0340,PATROL,0
207.672,0.0339,0.0340,PATROL,0
207.706,0.0342,0.0340,PATROL,0
207.741,0.0341,0.0340,PATROL,0
207.774,0.0337,0.0340,PATROL,0
207.808,0.0340,0.0340,PATROL,0
207.843,0.0342,0.0340,PATROL,0
207.876,0.0339,0.0340,PATROL,0
207.911,0.0341,0.0340,PATROL,0
207.945,0.0340,0.0340,PATROL,0
207.979,0.0340,0.0340,PATROL,0
208.013,0.0342,0.0340,PATROL,0
208.047,0.0339,0.0340,PATROL,0
208.081,0.0339,0.0340,PATROL,0
208.115,0.0341,0.0340,PATROL,0
208.149,0.0341,0.0340,PATROL,0
208.183,0.0339,0.0340,PATROL,0
208.217,0.0338,0.0340,PATROL,0
208.251,0.0343,0.0340,PATROL,0
208.285,0.0337,0.0340,PATROL,0
208.319,0.0342,0.0340,PATROL,0
208.353,0.0340,0.0340,PATROL,0
208.387,0.0339,0.0340,PATROL,0
208.421,0.0342,0.0340,PATROL,0
208.455,0.0340,0.0340,PATROL,0
208.489,0.0341,0.0340,PATROL,0
208.523,0.0340,0.0340,PATROL,0
208.557,0.0339,0.0340,PATROL,0
208.591,0.0342,0.0340,PATROL,0
208.625,0.0339,0.0340,PATROL,0
208.659,0.0340,0.0340,PATROL,0
208.693,0.0340,0.0340,PATROL,0
208.727,0.0339,0.0340,PATROL,0
208.761,0.0340,0.0340,PATROL,0
208.795,0.0341,0.0340,PATROL,0
208.829,0.0343,0.0340,PATROL,0
208.863,0.0341,0.0340,PATROL,0
208.897,0.0338,0.0340,PATROL,0
208.931,0.0340,0.0340,PATROL,0
208.965,0.0340,0.0340,PATROL,0
208.999,0.0340,0.0340,PATROL,0
209.033,0.0343,0.0340,PATROL,0
209.067,0.0338,0.0340,PATROL,0
209.101,0.0340,0.0340,PATROL,0
209.135,0.0342,0.0340,PATROL,0
209.169,0.0341,0.0340,PATROL,0
209.203,0.0337,0.0340,PATROL,0
209.237,0.0341,0.0340,PATROL,0
209.271,0.0340,0.0340,PATROL,0
209.305,0.0341,0.0340,PATROL,0
209.339,0.0339,0.0340,PATROL,0
209.373,0.0342,0.0340,PATROL,0
209.407,0.0339,0.0340,PATROL,0
209.441,0.0340,0.0340,PATROL,0
209.475,0.0341,0.0340,PATROL,0
209.509,0.0339,0.0340,PATROL,0
209.543,0.0340,0.0340,PATROL,0
209.578,0.0342,0.0340,PATROL,0
209.611,0.0339,0.0340,PATROL,0
209.645,0.0339,0.0340,PATROL,0
209.679,0.0340,0.0340,PATROL,0
209.713,0.0340,0.0340,PATROL,0
209.747,0.0341,0.0340,PATROL,0
209.782,0.0341,0.0340,PATROL,0
209.815,0.0339,0.0340,PATROL,0
209.850,0.0341,0.0340,PATROL,0
209.884,0.0341,0.0340,PATROL,0
209.918,0.0340,0.0340,PATROL,0
209.952,0.0341,0.0340,PATROL,0
209.986,0.0337,0.0340,PATROL,0
210.020,0.0340,0.0340,PATROL,0
210.054,0.0340,0.0340,PATROL,0
210.088,0.0341,0.0340,PATROL,0
210.122,0.0339,0.0340,PATROL,0
210.156,0.0341,0.0340,PATROL,0
210.190,0.0341,0.0340,PATROL,0
210.224,0.0339,0.0340,PATROL,0
210.258,0.0341,0.0340,PATROL,0
210.292,0.0340,0.0340,PATROL,0
210.326,0.0341,0.0340,PATROL,0
210.360,0.0341,0.0340,PATROL,0
210.394,0.0340,0.0340,PATROL,0
210.428,0.0339,0.0340,PATROL,0
210.462,0.0340,0.0340,PATROL,0
210.496,0.0340,0.0340,PATROL,0
210.530,0.0341,0.0340,PATROL,0
210.564,0.0339,0.0340,PATROL,0
210.598,0.0341,0.0340,PATROL,0
210.632,0.0340,0.0340,PATROL,0
210.666,0.0341,0.0340,PATROL,0
210.700,0.0340,0.0340,PATROL,0
210.734,0.0340,0.0340,PATROL,0
210.768,0.0339,0.0340,PATROL,0
210.802,0.0341,0.0340,PATROL,0
210.836,0.0339,0.0340,PATROL,0
210.870,0.0339,0.0340,PATROL,0
210.904,0.0341,0.0340,PATROL,0
210.938,0.0341,0.0340,PATROL,0
210.972,0.0339,0.0340,PATROL,0
211.006,0.0341,0.0340,PATROL,0
211.040,0.0341,0.0340,PATROL,0
211.074,0.0339,0.0340,PATROL,0
211.108,0.0340,0.0340,PATROL,0
211.142,0.0340,0.0340,PATROL,0
211.176,0.0340,0.0340,PATROL,0
211.211,0.0344,0.0340,PATROL,0
211.244,0.0338,0.0340,PATROL,0
211.279,0.0341,0.0340,PATROL,0
211.312,0.0339,0.0340,PATROL,0
211.347,0.0341,0.0340,PATROL,0
211.380,0.0339,0.0340,PATROL,0
211.415,0.0341,0.0340,PATROL,0
211.449,0.0340,0.0340,PATROL,0
211.483,0.0340,0.0340,PATROL,0
211.517,0.0342,0.0340,PATROL,0
211.551,0.0341,0.0340,PATROL,0
211.585,0.0338,0.0340,PATROL,0
211.619,0.0343,0.0340,PATROL,0
211.653,0.0340,0.0340,PATROL,0
211.687,0.0336,0.0340,PATROL,0
211.721,0.0341,0.0340,PATROL,0
211.755,0.0341,0.0340,PATROL,0
211.789,0.0341,0.0340,PATROL,0
211.823,0.0339,0.0340,PATROL,0
211.857,0.0339,0.0340,PATROL,0
211.891,0.0341,0.0340,PATROL,0
211.925,0.0343,0.0340,PATROL,0
211.959,0.0338,0.0340,PATROL,0
211.993,0.0340,0.0340,PATROL,0
212.027,0.0338,0.0340,PATROL,0
212.061,0.0341,0.0340,PATROL,0
212.095,0.0339,0.0340,PATROL,0
212.129,0.0341,0.0340,PATROL,0
212.163,0.0339,0.0340,PATROL,0
212.197,0.0341,0.0340,PATROL,0
212.231,0.0342,0.0340,PATROL,0
212.265,0.0337,0.0340,PATROL,0
212.299,0.0341,0.0340,PATROL,0
212.333,0.0340,0.0340,PATROL,0
212.367,0.0340,0.0340,PATROL,0
212.401,0.0339,0.0340,PATROL,0
212.435,0.0341,0.0340,PATROL,0
212.469,0.0342,0.0340,PATROL,0
212.503,0.0338,0.0340,PATROL,0
212.537,0.0341,0.0340,PATROL,0
212.571,0.0339,0.0340,PATROL,0
212.605,0.0343,0.0340,PATROL,0
212.639,0.0336,0.0340,PATROL,0
212.673,0.0341,0.0340,PATROL,0
212.707,0.0339,0.0340,PATROL,0
212.741,0.0341,0.0340,PATROL,0
212.775,0.0339,0.0340,PATROL,0
212.809,0.0340,0.0340,PATROL,0
212.843,0.0340,0.0340,PATROL,0
212.877,0.0340,0.0340,PATROL,0
212.911,0.0342,0.0340,PATROL,0
212.945,0.0338,0.0340,PATROL,0
212.979,0.0343,0.0340,PATROL,0
213.013,0.0340,0.0340,PATROL,0
213.047,0.0343,0.0340,PATROL,0
213.081,0.0341,0.0340,PATROL,0
213.115,0.0340,0.0340,PATROL,0
213.149,0.0340,0.0340,PATROL,0
213.184,0.0344,0.0340,PATROL,0
213.218,0.0339,0.0340,PATROL,0
213.252,0.0340,0.0340,PATROL,0
213.286,0.0343,0.0340,PATROL,0
213.319,0.0336,0.0340,PATROL,0
213.354,0.0343,0.0340,PATROL,0
213.388,0.0338,0.0340,PATROL,0
213.422,0.0341,0.0340,PATROL,0
213.456,0.0339,0.0340,PATROL,0
213.490,0.0341,0.0340,PATROL,0
213.524,0.0340,0.0340,PATROL,0
213.558,0.0340,0.0340,PATROL,0
213.592,0.0343,0.0340,PATROL,0
213.626,0.0337,0.0340,PATROL,0
213.660,0.0344,0.0340,PATROL,0
213.694,0.0337,0.0340,PATROL,0
213.728,0.0340,0.0340,PATROL,0
213.762,0.0340,0.0340,PATROL,0
213.796,0.0339,0.0340,PATROL,0
213.830,0.0344,0.0340,PATROL,0
213.864,0.0336,0.0340,PATROL,0
213.898,0.0340,0.0340,PATROL,0
213.932,0.0341,0.0340,PATROL,0
213.966,0.0339,0.0340,PATROL,0
214.000,0.0342,0.0340,PATROL,0
214.034,0.0340,0.0340,PATROL,0
214.068,0.0338,0.0340,PATROL,0
214.102,0.0342,0.0340,PATROL,0
214.136,0.0338,0.0340,PATROL,0
214.170,0.0341,0.0340,PATROL,0
214.204,0.0339,0.0340,PATROL,0
214.238,0.0340,0.0340,PATROL,0
214.272,0.0340,0.0340,PATROL,0
214.306,0.0341,0.0340,PATROL,0
214.340,0.0341,0.0340,PATROL,0
214.374,0.0338,0.0340,PATROL,0
214.408,0.0340,0.0340,PATROL,0
214.442,0.0341,0.0340,PATROL,0
214.476,0.0339,0.0340,PATROL,0
214.510,0.0340,0.0340,PATROL,0
214.544,0.0341,0.0340,PATROL,0
214.578,0.0340,0.0340,PATROL,0
214.612,0.0340,0.0340,PATROL,0
214.646,0.0341,0.0340,PATROL,0
214.680,0.0340,0.0340,PATROL,0
214.714,0.0339,0.0340,PATROL,0
214.748,0.0341,0.0340,PATROL,0
214.782,0.0341,0.0340,PATROL,0
214.816,0.0339,0.0340,PATROL,0
214.850,0.0339,0.0340,PATROL,0
214.884,0.0340,0.0340,PATROL,0
214.918,0.0344,0.0340,PATROL,0
214.952,0.0338,0.0340,PATROL,0
214.986,0.0339,0.0340,PATROL,0
215.020,0.0341,0.0340,PATROL,0
215.054,0.0342,0.0340,PATROL,0
215.088,0.0342,0.0340,PATROL,0
215.122,0.0342,0.0340,PATROL,0
215.156,0.0341,0.0340,PATROL,0
215.190,0.0339,0.0340,PATROL,0
215.224,0.0341,0.0340,PATROL,0
215.258,0.0341,0.0340,PATROL,0
215.293,0.0342,0.0340,PATROL,0
215.327,0.0339,0.0340,PATROL,0
215.361,0.0340,0.0340,PATROL,0
215.395,0.0341,0.0340,PATROL,0
215.429,0.0340,0.0340,PATROL,0
215.463,0.0341,0.0340,PATROL,0
215.497,0.0338,0.0340,PATROL,0
215.531,0.0340,0.0340,PATROL,0
215.565,0.0340,0.0340,PATROL,0
215.599,0.0340,0.0340,PATROL,0
215.633,0.0342,0.0340,PATROL,0
215.667,0.0337,0.0340,PATROL,0
215.701,0.0341,0.0340,PATROL,0
215.735,0.0339,0.0340,PATROL,0
215.769,0.0339,0.0340,PATROL,0
215.803,0.0341,0.0340,PATROL,0
215.837,0.0339,0.0340,PATROL,0
215.871,0.0342,0.0340,PATROL,0
215.905,0.0340,0.0340,PATROL,0
215.939,0.0339,0.0340,PATROL,0
215.973,0.0341,0.0340,PATROL,0
216.007,0.0339,0.0340,PATROL,0
216.041,0.0342,0.0340,PATROL,0
216.075,0.0337,0.0340,PATROL,0
216.109,0.0343,0.0340,PATROL,0
216.143,0.0341,0.0340,PATROL,0
216.177,0.0342,0.0340,PATROL,0
216.211,0.0339,0.0340,PATROL,0
216.245,0.0342,0.0340,PATROL,0
216.279,0.0340,0.0340,PATROL,0
216.313,0.0341,0.0340,PATROL,0
216.347,0.0341,0.0340,PATROL,0
216.381,0.0339,0.0340,PATROL,0
216.415,0.0340,0.0340,PATROL,0
216.449,0.0340,0.0340,PATROL,0
216.483,0.0342,0.0340,PATROL,0
216.517,0.0339,0.0340,PATROL,0
216.551,0.0340,0.0340,PATROL,0
216.585,0.0341,0.0340,PATROL,0
216.620,0.0342,0.0340,PATROL,0
216.654,0.0340,0.0340,PATROL,0
216.687,0.0338,0.0340,PATROL,0
216.722,0.0342,0.0340,PATROL,0
216.756,0.0341,0.0340,PATROL,0
216.789,0.0338,0.0340,PATROL,0
216.824,0.0341,0.0340,PATROL,0
216.857,0.0339,0.0340,PATROL,0
216.891,0.0340,0.0340,PATROL,0
216.926,0.0341,0.0340,PATROL,0
216.960,0.0339,0.0340,PATROL,0
216.994,0.0340,0.0340,PATROL,0
217.028,0.0340,0.0340,PATROL,0
217.062,0.0342,0.0340,PATROL,0
217.096,0.0338,0.0340,PATROL,0
217.130,0.0342,0.0340,PATROL,0
217.164,0.0339,0.0340,PATROL,0
217.198,0.0341,0.0340,PATROL,0
217.232,0.0341,0.0340,PATROL,0
217.266,0.0339,0.0340,PATROL,0
217.300,0.0339,0.0340,PATROL,0
217.334,0.0342,0.0340,PATROL,0
217.368,0.0339,0.0340,PATROL,0
217.402,0.0341,0.0340,PATROL,0
217.436,0.0339,0.0340,PATROL,0
217.470,0.0344,0.0340,PATROL,0
217.504,0.0338,0.0340,PATROL,0
217.538,0.0340,0.0340,PATROL,0
217.572,0.0341,0.0340,PATROL,0
217.606,0.0338,0.0340,PATROL,0
217.640,0.0346,0.0340,PATROL,0
217.674,0.0338,0.0340,PATROL,0
217.708,0.0340,0.0340,PATROL,0
217.742,0.0340,0.0340,PATROL,0
217.776,0.0339,0.0340,PATROL,0
217.810,0.0340,0.0340,PATROL,0
217.844,0.0339,0.0340,PATROL,0
217.878,0.0340,0.0340,PATROL,0
217.912,0.0339,0.0340,PATROL,0
217.946,0.0340,0.0340,PATROL,0
217.980,0.0340,0.0340,PATROL,0
218.014,0.0341,0.0340,PATROL,0
218.048,0.0338,0.0340,PATROL,0
218.082,0.0341,0.0340,PATROL,0
218.116,0.0342,0.0340,PATROL,0
218.150,0.0339,0.0340,PATROL,0
218.184,0.0340,0.0340,PATROL,0
218.218,0.0339,0.0340,PATROL,0
218.252,0.0340,0.0340,PATROL,0
218.286,0.0340,0.0340,PATROL,0
218.320,0.0340,0.0340,PATROL,0
218.354,0.0341,0.0340,PATROL,0
218.388,0.0340,0.0340,PATROL,0
218.422,0.0341,0.0340,PATROL,0
218.457,0.0341,0.0340,PATROL,0
218.490,0.0337,0.0340,PATROL,0
218.524,0.0341,0.0340,PATROL,0
218.558,0.0340,0.0340,PATROL,0
218.592,0.0341,0.0340,PATROL,0
218.626,0.0340,0.0340,PATROL,0
218.660,0.0340,0.0340,PATROL,0
218.695,0.0341,0.0340,PATROL,0
218.729,0.0340,0.0340,PATROL,0
218.763,0.0339,0.0340,PATROL,0
218.797,0.0343,0.0340,PATROL,0
218.831,0.0338,0.0340,PATROL,0
218.865,0.0340,0.0340,PATROL,0
218.899,0.0340,0.0340,PATROL,0
218.933,0.0343,0.0340,PATROL,0
218.967,0.0337,0.0340,PATROL,0
219.001,0.0340,0.0340,PATROL,0
219.035,0.0340,0.0340,PATROL,0
219.069,0.0340,0.0340,PATROL,0
219.104,0.0353,0.0340,PATROL,0
219.137,0.0334,0.0340,PATROL,0
219.171,0.0341,0.0340,PATROL,0
219.205,0.0337,0.0340,PATROL,0
219.239,0.0340,0.0340,PATROL,0
219.273,0.0340,0.0340,PATROL,0
219.307,0.0340,0.0340,PATROL,0
219.341,0.0339,0.0340,PATROL,0
219.375,0.0339,0.0340,PATROL,0
219.409,0.0340,0.0340,PATROL,0
219.443,0.0341,0.0340,PATROL,0
219.477,0.0338,0.0340,PATROL,0
219.511,0.0341,0.0340,PATROL,0
219.545,0.0338,0.0340,PATROL,0
219.579,0.0341,0.0340,PATROL,0
219.613,0.0341,0.0340,PATROL,0
219.647,0.0339,0.0340,PATROL,0
219.681,0.0341,0.0340,PATROL,0
219.715,0.0340,0.0340,PATROL,0
219.749,0.0340,0.0340,PATROL,0
219.783,0.0341,0.0340,PATROL,0
219.817,0.0338,0.0340,PATROL,0
219.851,0.0340,0.0340,PATROL,0
219.885,0.0343,0.0340,PATROL,0
219.919,0.0339,0.0340,PATROL,0
219.953,0.0339,0.0340,PATROL,0
219.987,0.0342,0.0340,PATROL,0
220.021,0.0339,0.0340,PATROL,0
220.055,0.0341,0.0340,PATROL,0
220.089,0.0339,0.0340,PATROL,0
220.123,0.0343,0.0340,PATROL,0
220.157,0.0340,0.0340,PATROL,0
220.191,0.0339,0.0340,PATROL,0
220.225,0.0340,0.0340,PATROL,0
220.259,0.0341,0.0340,PATROL,0
220.293,0.0339,0.0340,PATROL,0
220.327,0.0340,0.0340,PATROL,0
220.361,0.0339,0.0340,PATROL,0
220.395,0.0342,0.0340,PATROL,0
220.429,0.0338,0.0340,PATROL,0
220.463,0.0341,0.0340,PATROL,0
220.497,0.0340,0.0340,PATROL,0
220.532,0.0344,0.0340,PATROL,0
220.566,0.0339,0.0340,PATROL,0
220.599,0.0339,0.0340,PATROL,0
220.633,0.0340,0.0340,PATROL,0
220.668,0.0342,0.0340,PATROL,0
220.702,0.0342,0.0340,PATROL,0
220.736,0.0339,0.0340,PATROL,0
220.770,0.0338,0.0340,PATROL,0
220.804,0.0340,0.0340,PATROL,0
220.838,0.0341,0.0340,PATROL,0
220.872,0.0340,0.0340,PATROL,0
220.906,0.0339,0.0340,PATROL,0
220.940,0.0340,0.0340,PATROL,0
220.974,0.0339,0.0340,PATROL,0
221.008,0.0343,0.0340,PATROL,0
221.042,0.0340,0.0340,PATROL,0
221.076,0.0341,0.0340,PATROL,0
221.110,0.0338,0.0340,PATROL,0
221.144,0.0341,0.0340,PATROL,0
221.178,0.0344,0.0340,PATROL,0
221.212,0.0337,0.0340,PATROL,0
221.246,0.0340,0.0340,PATROL,0
221.280,0.0338,0.0340,PATROL,0
221.314,0.0340,0.0340,PATROL,0
221.348,0.0341,0.0340,PATROL,0
221.382,0.0340,0.0340,PATROL,0
221.416,0.0339,0.0340,PATROL,0
221.450,0.0343,0.0340,PATROL,0
221.484,0.0338,0.0340,PATROL,0
221.518,0.0342,0.0340,PATROL,0
221.552,0.0340,0.0340,PATROL,0
221.586,0.0339,0.0340,PATROL,0
221.620,0.0339,0.0340,PATROL,0
221.654,0.0341,0.0340,PATROL,0
221.688,0.0340,0.0340,PATROL,0
221.722,0.0340,0.0340,PATROL,0
221.756,0.0341,0.0340,PATROL,0
221.790,0.0339,0.0340,PATROL,0
221.824,0.0341,0.0340,PATROL,0
221.858,0.0341,0.0340,PATROL,0
221.892,0.0340,0.0340,PATROL,0
221.926,0.0340,0.0340,PATROL,0
221.960,0.0339,0.0340,PATROL,0
221.994,0.0340,0.0340,PATROL,0
222.028,0.0340,0.0340,PATROL,0
222.062,0.0340,0.0340,PATROL,0
222.096,0.0342,0.0340,PATROL,0
222.130,0.0339,0.0340,PATROL,0
222.164,0.0341,0.0340,PATROL,0
222.198,0.0340,0.0340,PATROL,0
222.232,0.0340,0.0340,PATROL,0
222.266,0.0339,0.0340,PATROL,0
222.301,0.0343,0.0340,PATROL,0
222.334,0.0339,0.0340,PATROL,0
222.368,0.0339,0.0340,PATROL,0
222.402,0.0340,0.0340,PATROL,0
222.436,0.0340,0.0340,PATROL,0
222.470,0.0340,0.0340,PATROL,0
222.505,0.0342,0.0340,PATROL,0
222.539,0.0340,0.0340,PATROL,0
222.573,0.0339,0.0340,PATROL,0
222.606,0.0339,0.0340,PATROL,0
222.641,0.0342,0.0340,PATROL,0
222.675,0.0340,0.0340,PATROL,0
222.708,0.0339,0.0340,PATROL,0
222.742,0.0340,0.0340,PATROL,0
222.777,0.0342,0.0340,PATROL,0
222.811,0.0340,0.0340,PATROL,0
222.845,0.0339,0.0340,PATROL,0
222.879,0.0340,0.0340,PATROL,0
222.913,0.0342,0.0340,PATROL,0
222.947,0.0339,0.0340,PATROL,0
222.981,0.0338,0.0340,PATROL,0
223.015,0.0341,0.0340,PATROL,0
223.049,0.0340,0.0340,PATROL,0
223.083,0.0340,0.0340,PATROL,0
223.117,0.0340,0.0340,PATROL,0
223.151,0.0339,0.0340,PATROL,0
223.185,0.0341,0.0340,PATROL,0
223.219,0.0339,0.0340,PATROL,0
223.253,0.0343,0.0340,PATROL,0
223.287,0.0340,0.0340,PATROL,0
223.321,0.0339,0.0340,PATROL,0
223.355,0.0341,0.0340,PATROL,0
223.389,0.0342,0.0340,PATROL,0
223.423,0.0341,0.0340,PATROL,0
223.457,0.0338,0.0340,PATROL,0
223.491,0.0342,0.0340,PATROL,0
223.525,0.0338,0.0340,PATROL,0
223.559,0.0343,0.0340,PATROL,0
223.593,0.0337,0.0340,PATROL,0
223.627,0.0341,0.0340,PATROL,0
223.661,0.0341,0.0340,PATROL,0
223.695,0.0339,0.0340,PATROL,0
223.729,0.0341,0.0340,PATROL,0
223.763,0.0340,0.0340,PATROL,0
223.797,0.0341,0.0340,PATROL,0
223.831,0.0339,0.0340,PATROL,0
223.865,0.0339,0.0340,PATROL,0
223.899,0.0341,0.0340,PATROL,0
223.933,0.0341,0.0340,PATROL,0
223.967,0.0338,0.0340,PATROL,0
224.002,0.0344,0.0340,PATROL,0
224.035,0.0338,0.0340,PATROL,0
224.069,0.0340,0.0340,PATROL,0
224.103,0.0341,0.0340,PATROL,0
224.137,0.0339,0.0340,PATROL,0
224.171,0.0341,0.0340,PATROL,0
224.206,0.0341,0.0340,PATROL,0
224.239,0.0340,0.0340,PATROL,0
224.273,0.0339,0.0340,PATROL,0
224.307,0.0340,0.0340,PATROL,0
224.341,0.0340,0.0340,PATROL,0
224.375,0.0339,0.0340,PATROL,0
224.409,0.0340,0.0340,PATROL,0
224.444,0.0343,0.0340,PATROL,0
224.478,0.0340,0.0340,PATROL,0
224.512,0.0340,0.0340,PATROL,0
224.545,0.0339,0.0340,PATROL,0
224.580,0.0342,0.0340,PATROL,0
224.614,0.0339,0.0340,PATROL,0
224.648,0.0340,0.0340,PATROL,0
224.682,0.0340,0.0340,PATROL,0
224.716,0.0342,0.0340,PATROL,0
224.750,0.0340,0.0340,PATROL,0
224.784,0.0340,0.0340,PATROL,0
224.818,0.0339,0.0340,PATROL,0
224.852,0.0341,0.0340,PATROL,0
224.886,0.0341,0.0340,PATROL,0
224.920,0.0340,0.0340,PATROL,0
224.954,0.0339,0.0340,PATROL,0
224.988,0.0341,0.0340,PATROL,0
225.022,0.0341,0.0340,PATROL,0
225.056,0.0338,0.0340,PATROL,0
225.090,0.0340,0.0340,PATROL,0
225.124,0.0341,0.0340,PATROL,0
225.158,0.0340,0.0340,PATROL,0
225.192,0.0340,0.0340,PATROL,0
225.226,0.0340,0.0340,PATROL,0
225.260,0.0344,0.0340,PATROL,0
225.294,0.0335,0.0340,PATROL,0
225.328,0.0342,0.0340,PATROL,0
225.362,0.0339,0.0340,PATROL,0
225.396,0.0342,0.0340,PATROL,0
225.430,0.0341,0.0340,PATROL,0
225.464,0.0341,0.0340,PATROL,0
225.498,0.0339,0.0340,PATROL,0
225.532,0.0342,0.0340,PATROL,0
225.566,0.0339,0.0340,PATROL,0
225.600,0.0341,0.0340,PATROL,0
225.634,0.0340,0.0340,PATROL,0
225.668,0.0340,0.0340,PATROL,0
225.702,0.0339,0.0340,PATROL,0
225.736,0.0340,0.0340,PATROL,0
225.770,0.0340,0.0340,PATROL,0
225.805,0.0344,0.0340,PATROL,0
225.838,0.0337,0.0340,PATROL,0
225.872,0.0341,0.0340,PATROL,0
225.906,0.0341,0.0340,PATROL,0
225.940,0.0339,0.0340,PATROL,0
225.974,0.0342,0.0340,PATROL,0
226.009,0.0342,0.0340,PATROL,0
226.042,0.0339,0.0340,PATROL,0
226.076,0.0340,0.0340,PATROL,0
226.110,0.0340,0.0340,PATROL,0
226.144,0.0339,0.0340,PATROL,0
226.178,0.0341,0.0340,PATROL,0
226.212,0.0340,0.0340,PATROL,0
226.247,0.0342,0.0340,PATROL,0
226.280,0.0336,0.0340,PATROL,0
226.314,0.0341,0.0340,PATROL,0
226.349,0.0341,0.0340,PATROL,0
226.383,0.0340,0.0340,PATROL,0
226.417,0.0341,0.0340,PATROL,0
226.451,0.0340,0.0340,PATROL,0
226.485,0.0340,0.0340,PATROL,0
226.519,0.0339,0.0340,PATROL,0
226.553,0.0341,0.0340,PATROL,0
226.587,0.0339,0.0340,PATROL,0
226.621,0.0342,0.0340,PATROL,0
226.655,0.0338,0.0340,PATROL,0
226.689,0.0343,0.0340,PATROL,0
226.723,0.0341,0.0340,PATROL,0
226.757,0.0338,0.0340,PATROL,0
226.791,0.0338,0.0340,PATROL,0
226.825,0.0341,0.0340,PATROL,0
226.859,0.0341,0.0340,PATROL,0
226.893,0.0340,0.0340,PATROL,0
226.927,0.0340,0.0340,PATROL,0
226.961,0.0343,0.0340,PATROL,0
226.995,0.0339,0.0340,PATROL,0
227.029,0.0339,0.0340,PATROL,0
227.063,0.0339,0.0340,PATROL,0
227.097,0.0341,0.0340,PATROL,0
227.131,0.0340,0.0340,PATROL,0
227.165,0.0339,0.0340,PATROL,0
227.199,0.0341,0.0340,PATROL,0
227.233,0.0341,0.0340,PATROL,0
227.267,0.0339,0.0340,PATROL,0
227.301,0.0339,0.0340,PATROL,0
227.335,0.0341,0.0340,PATROL,0
227.369,0.0341,0.0340,PATROL,0
227.403,0.0339,0.0340,PATROL,0
227.437,0.0344,0.0340,PATROL,0
227.471,0.0338,0.0340,PATROL,0
227.505,0.0339,0.0340,PATROL,0
227.539,0.0342,0.0340,PATROL,0
227.573,0.0338,0.0340,PATROL,0
227.607,0.0342,0.0340,PATROL,0
227.641,0.0339,0.0340,PATROL,0
227.675,0.0340,0.0340,PATROL,0
227.709,0.0343,0.0340,PATROL,0
227.743,0.0337,0.0340,PATROL,0
227.777,0.0340,0.0340,PATROL,0
227.811,0.0340,0.0340,PATROL,0
227.845,0.0340,0.0340,PATROL,0
227.879,0.0340,0.0340,PATROL,0
227.913,0.0342,0.0340,PATROL,0
227.947,0.0340,0.0340,PATROL,0
227.981,0.0339,0.0340,PATROL,0
228.016,0.0343,0.0340,PATROL,0
228.049,0.0338,0.0340,PATROL,0
228.083,0.0340,0.0340,PATROL,0
228.118,0.0343,0.0340,PATROL,0
228.151,0.0338,0.0340,PATROL,0
228.185,0.0338,0.0340,PATROL,0
228.220,0.0345,0.0340,PATROL,0
228.254,0.0338,0.0340,PATROL,0
228.288,0.0340,0.0340,PATROL,0
228.322,0.0340,0.0340,PATROL,0
228.355,0.0339,0.0340,PATROL,0
228.390,0.0341,0.0340,PATROL,0
228.424,0.0344,0.0340,PATROL,0
228.458,0.0336,0.0340,PATROL,0
228.492,0.0339,0.0340,PATROL,0
228.525,0.0340,0.0340,PATROL,0
228.560,0.0342,0.0340,PATROL,0
228.594,0.0339,0.0340,PATROL,0
228.628,0.0340,0.0340,PATROL,0
228.662,0.0343,0.0340,PATROL,0
228.696,0.0340,0.0340,PATROL,0
228.730,0.0341,0.0340,PATROL,0
228.764,0.0338,0.0340,PATROL,0
228.798,0.0340,0.0340,PATROL,0
228.832,0.0339,0.0340,PATROL,0
228.866,0.0340,0.0340,PATROL,0
228.900,0.0341,0.0340,PATROL,0
228.934,0.0339,0.0340,PATROL,0
228.968,0.0341,0.0340,PATROL,0
229.002,0.0341,0.0340,PATROL,0
229.036,0.0339,0.0340,PATROL,0
229.070,0.0341,0.0340,PATROL,0
229.104,0.0341,0.0340,PATROL,0
229.138,0.0339,0.0340,PATROL,0
229.172,0.0341,0.0340,PATROL,0
229.206,0.0338,0.0340,PATROL,0
229.240,0.0341,0.0340,PATROL,0
229.274,0.0340,0.0340,PATROL,0
229.308,0.0340,0.0340,PATROL,0
229.342,0.0340,0.0340,PATROL,0
229.376,0.0341,0.0340,PATROL,0
229.410,0.0340,0.0340,PATROL,0
229.444,0.0339,0.0340,PATROL,0
229.478,0.0341,0.0340,PATROL,0
229.512,0.0340,0.0340,PATROL,0
229.546,0.0341,0.0340,PATROL,0
229.580,0.0340,0.0340,PATROL,0
229.614,0.0340,0.0340,PATROL,0
229.648,0.0341,0.0340,PATROL,0
229.682,0.0340,0.0340,PATROL,0
229.716,0.0338,0.0340,PATROL,0
229.750,0.0340,0.0340,PATROL,0
229.784,0.0341,0.0340,PATROL,0
229.818,0.0340,0.0340,PATROL,0
229.852,0.0340,0.0340,PATROL,0
229.886,0.0339,0.0340,PATROL,0
229.920,0.0341,0.0340,PATROL,0
229.955,0.0342,0.0340,PATROL,0
229.989,0.0340,0.0340,PATROL,0
230.022,0.0340,0.0340,PATROL,0
230.057,0.0340,0.0340,PATROL,0
230.091,0.0340,0.0340,PATROL,0
230.124,0.0338,0.0340,PATROL,0
230.158,0.0341,0.0340,PATROL,0
230.193,0.0341,0.0340,PATROL,0
230.226,0.0339,0.0340,PATROL,0
230.261,0.0341,0.0340,PATROL,0
230.295,0.0341,0.0340,PATROL,0
230.329,0.0340,0.0340,PATROL,0
230.363,0.0343,0.0340,PATROL,0
230.397,0.0340,0.0340,PATROL,0
230.430,0.0336,0.0340,PATROL,0
230.464,0.0341,0.0340,PATROL,0
230.499,0.0342,0.0340,PATROL,0
230.533,0.0339,0.0340,PATROL,0
230.567,0.0341,0.0340,PATROL,0
230.601,0.0339,0.0340,PATROL,0
230.635,0.0340,0.0340,PATROL,0
230.669,0.0341,0.0340,PATROL,0
230.703,0.0339,0.0340,PATROL,0
230.737,0.0343,0.0340,PATROL,0
230.771,0.0339,0.0340,PATROL,0
230.805,0.0340,0.0340,PATROL,0
230.839,0.0339,0.0340,PATROL,0
230.873,0.0341,0.0340,PATROL,0
230.907,0.0339,0.0340,PATROL,0
230.941,0.0341,0.0340,PATROL,0
230.975,0.0340,0.0340,PATROL,0
231.009,0.0341,0.0340,PATROL,0
231.043,0.0340,0.0340,PATROL,0
231.077,0.0340,0.0340,PATROL,0
231.111,0.0340,0.0340,PATROL,0
231.145,0.0341,0.0340,PATROL,0
231.179,0.0339,0.0340,PATROL,0
231.213,0.0340,0.0340,PATROL,0
231.247,0.0340,0.0340,PATROL,0
231.281,0.0341,0.0340,PATROL,0
231.315,0.0339,0.0340,PATROL,0
231.349,0.0341,0.0340,PATROL,0
231.383,0.0340,0.0340,PATROL,0
231.417,0.0342,0.0340,PATROL,0
231.451,0.0340,0.0340,PATROL,0
231.485,0.0339,0.0340,PATROL,0
231.519,0.0340,0.0340,PATROL,0
231.553,0.0341,0.0340,PATROL,0
231.587,0.0340,0.0340,PATROL,0
231.621,0.0340,0.0340,PATROL,0
231.655,0.0341,0.0340,PATROL,0
231.689,0.0340,0.0340,PATROL,0
231.723,0.0341,0.0340,PATROL,0
231.757,0.0340,0.0340,PATROL,0
231.791,0.0341,0.0340,PATROL,0
231.826,0.0341,0.0340,PATROL,0
231.859,0.0338,0.0340,PATROL,0
231.893,0.0340,0.0340,PATROL,0
231.927,0.0341,0.0340,PATROL,0
231.961,0.0341,0.0340,PATROL,0
231.995,0.0340,0.0340,PATROL,0
232.029,0.0339,0.0340,PATROL,0
232.063,0.0341,0.0340,PATROL,0
232.097,0.0338,0.0340,PATROL,0
232.132,0.0342,0.0340,PATROL,0
232.165,0.0339,0.0340,PATROL,0
232.199,0.0339,0.0340,PATROL,0
232.233,0.0340,0.0340,PATROL,0
232.267,0.0340,0.0340,PATROL,0
232.302,0.0343,0.0340,PATROL,0
232.335,0.0338,0.0340,PATROL,0
232.369,0.0339,0.0340,PATROL,0
232.403,0.0341,0.0340,PATROL,0
232.438,0.0343,0.0340,PATROL,0
232.472,0.0339,0.0340,PATROL,0
232.506,0.0339,0.0340,PATROL,0
232.540,0.0340,0.0340,PATROL,0
232.574,0.0341,0.0340,PATROL,0
232.608,0.0340,0.0340,PATROL,0
232.642,0.0340,0.0340,PATROL,0
232.676,0.0340,0.0340,PATROL,0
232.710,0.0340,0.0340,PATROL,0
232.744,0.0340,0.0340,PATROL,0
232.778,0.0343,0.0340,PATROL,0
232.812,0.0343,0.0340,PATROL,0
232.846,0.0336,0.0340,PATROL,0
232.880,0.0340,0.0340,PATROL,0
232.914,0.0340,0.0340,PATROL,0
232.948,0.0340,0.0340,PATROL,0
232.982,0.0340,0.0340,PATROL,0
233.016,0.0339,0.0340,PATROL,0
233.050,0.0340,0.0340,PATROL,0
233.084,0.0340,0.0340,PATROL,0
233.118,0.0343,0.0340,PATROL,0
233.152,0.0339,0.0340,PATROL,0
233.186,0.0339,0.0340,PATROL,0
233.220,0.0339,0.0340,PATROL,0
233.254,0.0340,0.0340,PATROL,0
233.288,0.0342,0.0340,PATROL,0
233.322,0.0340,0.0340,PATROL,0
233.356,0.0339,0.0340,PATROL,0
233.390,0.0340,0.0340,PATROL,0
233.424,0.0341,0.0340,PATROL,0
233.458,0.0340,0.0340,PATROL,0
233.492,0.0339,0.0340,PATROL,0
233.526,0.0341,0.0340,PATROL,0
233.560,0.0340,0.0340,PATROL,0
233.594,0.0340,0.0340,PATROL,0
233.628,0.0344,0.0340,PATROL,0
233.662,0.0337,0.0340,PATROL,0
233.696,0.0339,0.0340,PATROL,0
233.730,0.0340,0.0340,PATROL,0
233.764,0.0343,0.0340,PATROL,0
233.798,0.0337,0.0340,PATROL,0
233.832,0.0343,0.0340,PATROL,0
233.866,0.0340,0.0340,PATROL,0
233.900,0.0342,0.0340,PATROL,0
233.934,0.0339,0.0340,PATROL,0
233.968,0.0342,0.0340,PATROL,0
234.002,0.0340,0.0340,PATROL,0
234.036,0.0340,0.0340,PATROL,0
234.070,0.0340,0.0340,PATROL,0
234.104,0.0340,0.0340,PATROL,0
234.138,0.0341,0.0340,PATROL,0
234.172,0.0340,0.0340,PATROL,0
234.206,0.0340,0.0340,PATROL,0
234.240,0.0340,0.0340,PATROL,0
234.274,0.0340,0.0340,PATROL,0
234.308,0.0341,0.0340,PATROL,0
234.342,0.0340,0.0340,PATROL,0
234.377,0.0342,0.0340,PATROL,0
234.411,0.0340,0.0340,PATROL,0
234.444,0.0338,0.0340,PATROL,0
234.479,0.0341,0.0340,PATROL,0
234.513,0.0340,0.0340,PATROL,0
234.547,0.0341,0.0340,PATROL,0
234.581,0.0340,0.0340,PATROL,0
234.615,0.0339,0.0340,PATROL,0
234.649,0.0341,0.0340,PATROL,0
234.683,0.0340,0.0340,PATROL,0
234.717,0.0339,0.0340,PATROL,0
234.751,0.0341,0.0340,PATROL,0
234.785,0.0340,0.0340,PATROL,0
234.819,0.0339,0.0340,PATROL,0
234.853,0.0340,0.0340,PATROL,0
234.887,0.0341,0.0340,PATROL,0
234.921,0.0339,0.0340,PATROL,0
234.955,0.0341,0.0340,PATROL,0
234.989,0.0342,0.0340,PATROL,0
235.023,0.0341,0.0340,PATROL,0
235.057,0.0340,0.0340,PATROL,0
235.091,0.0342,0.0340,PATROL,0
235.125,0.0339,0.0340,PATROL,0
235.159,0.0341,0.0340,PATROL,0
235.193,0.0342,0.0340,PATROL,0
235.227,0.0340,0.0340,PATROL,0
235.261,0.0338,0.0340,PATROL,0
235.295,0.0339,0.0340,PATROL,0
235.329,0.0342,0.0340,PATROL,0
235.363,0.0337,0.0340,PATROL,0
235.397,0.0340,0.0340,PATROL,0
235.431,0.0340,0.0340,PATROL,0
235.465,0.0343,0.0340,PATROL,0
235.499,0.0339,0.0340,PATROL,0
235.533,0.0339,0.0340,PATROL,0
235.567,0.0340,0.0340,PATROL,0
235.601,0.0340,0.0340,PATROL,0
235.635,0.0341,0.0340,PATROL,0
235.669,0.0340,0.0340,PATROL,0
235.703,0.0340,0.0340,PATROL,0
235.737,0.0341,0.0340,PATROL,0
235.771,0.0338,0.0340,PATROL,0
235.805,0.0343,0.0340,PATROL,0
235.839,0.0337,0.0340,PATROL,0
235.873,0.0341,0.0340,PATROL,0
235.907,0.0340,0.0340,PATROL,0
235.941,0.0341,0.0340,PATROL,0
235.975,0.0339,0.0340,PATROL,0
236.009,0.0341,0.0340,PATROL,0
236.043,0.0339,0.0340,PATROL,0
236.077,0.0340,0.0340,PATROL,0
236.111,0.0340,0.0340,PATROL,0
236.145,0.0340,0.0340,PATROL,0
236.180,0.0343,0.0340,PATROL,0
236.214,0.0340,0.0340,PATROL,0
236.248,0.0340,0.0340,PATROL,0
236.282,0.0343,0.0340,PATROL,0
236.315,0.0336,0.0340,PATROL,0
236.350,0.0341,0.0340,PATROL,0
236.384,0.0340,0.0340,PATROL,0
236.417,0.0339,0.0340,PATROL,0
236.451,0.0340,0.0340,PATROL,0
236.486,0.0342,0.0340,PATROL,0
236.520,0.0340,0.0340,PATROL,0
236.554,0.0342,0.0340,PATROL,0
236.588,0.0341,0.0340,PATROL,0
236.622,0.0338,0.0340,PATROL,0
236.656,0.0339,0.0340,PATROL,0
236.690,0.0341,0.0340,PATROL,0
236.724,0.0342,0.0340,PATROL,0
236.758,0.0340,0.0340,PATROL,0
236.792,0.0341,0.0340,PATROL,0
236.826,0.0340,0.0340,PATROL,0
236.860,0.0340,0.0340,PATROL,0
236.894,0.0341,0.0340,PATROL,0
236.928,0.0339,0.0340,PATROL,0
236.962,0.0340,0.0340,PATROL,0
236.996,0.0340,0.0340,PATROL,0
237.030,0.0341,0.0340,PATROL,0
237.064,0.0341,0.0340,PATROL,0
237.098,0.0339,0.0340,PATROL,0
237.132,0.0340,0.0340,PATROL,0
237.166,0.0343,0.0340,PATROL,0
237.200,0.0340,0.0340,PATROL,0
237.234,0.0339,0.0340,PATROL,0
237.268,0.0339,0.0340,PATROL,0
237.302,0.0340,0.0340,PATROL,0
237.336,0.0340,0.0340,PATROL,0
237.370,0.0341,0.0340,PATROL,0
237.404,0.0341,0.0340,PATROL,0
237.438,0.0338,0.0340,PATROL,0
237.472,0.0341,0.0340,PATROL,0
237.506,0.0340,0.0340,PATROL,0
237.540,0.0340,0.0340,PATROL,0
237.574,0.0340,0.0340,PATROL,0
237.608,0.0340,0.0340,PATROL,0
237.642,0.0341,0.0340,PATROL,0
237.676,0.0339,0.0340,PATROL,0
237.710,0.0340,0.0340,PATROL,0
237.744,0.0341,0.0340,PATROL,0
237.778,0.0341,0.0340,PATROL,0
237.812,0.0338,0.0340,PATROL,0
237.846,0.0340,0.0340,PATROL,0
237.880,0.0341,0.0340,PATROL,0
237.915,0.0343,0.0340,PATROL,0
237.948,0.0338,0.0340,PATROL,0
237.982,0.0340,0.0340,PATROL,0
238.016,0.0340,0.0340,PATROL,0
238.050,0.0342,0.0340,PATROL,0
238.084,0.0339,0.0340,PATROL,0
238.119,0.0342,0.0340,PATROL,0
238.153,0.0340,0.0340,PATROL,0
238.186,0.0339,0.0340,PATROL,0
238.221,0.0342,0.0340,PATROL,0
238.255,0.0341,0.0340,PATROL,0
238.289,0.0340,0.0340,PATROL,0
238.323,0.0340,0.0340,PATROL,0
238.356,0.0339,0.0340,PATROL,0
238.391,0.0341,0.0340,PATROL,0
238.425,0.0340,0.0340,PATROL,0
238.459,0.0340,0.0340,PATROL,0
238.493,0.0340,0.0340,PATROL,0
238.527,0.0341,0.0340,PATROL,0
238.561,0.0339,0.0340,PATROL,0
238.595,0.0344,0.0340,PATROL,0
238.629,0.0337,0.0340,PATROL,0
238.663,0.0340,0.0340,PATROL,0
238.697,0.0340,0.0340,PATROL,0
238.731,0.0340,0.0340,PATROL,0
238.765,0.0341,0.0340,PATROL,0
238.799,0.0340,0.0340,PATROL,0
238.833,0.0340,0.0340,PATROL,0
238.867,0.0341,0.0340,PATROL,0
238.901,0.0339,0.0340,PATROL,0
238.935,0.0340,0.0340,PATROL,0
238.969,0.0340,0.0340,PATROL,0
239.003,0.0343,0.0340,PATROL,0
239.037,0.0340,0.0340,PATROL,0
239.071,0.0339,0.0340,PATROL,0
239.105,0.0342,0.0340,PATROL,0
239.139,0.0339,0.0340,PATROL,0
239.173,0.0342,0.0340,PATROL,0
239.207,0.0340,0.0340,PATROL,0
239.241,0.0339,0.0340,PATROL,0
239.275,0.0341,0.0340,PATROL,0
239.309,0.0338,0.0340,PATROL,0
239.343,0.0342,0.0340,PATROL,0
239.377,0.0339,0.0340,PATROL,0
239.411,0.0340,0.0340,PATROL,0
239.445,0.0344,0.0340,PATROL,0
239.479,0.0339,0.0340,PATROL,0
239.513,0.0338,0.0340,PATROL,0
239.547,0.0340,0.0340,PATROL,0
239.581,0.0340,0.0340,PATROL,0
239.615,0.0341,0.0340,PATROL,0
239.649,0.0339,0.0340,PATROL,0
239.684,0.0344,0.0340,PATROL,0
239.717,0.0338,0.0340,PATROL,0
239.751,0.0338,0.0340,PATROL,0
239.785,0.0340,0.0340,PATROL,0
239.819,0.0340,0.0340,PATROL,0
239.853,0.0341,0.0340,PATROL,0
239.887,0.0340,0.0340,PATROL,0
239.921,0.0340,0.0340,PATROL,0
239.956,0.0343,0.0340,PATROL,0
239.990,0.0338,0.0340,PATROL,0
240.023,0.0340,0.0340,PATROL,0
240.058,0.0341,0.0340,PATROL,0
240.091,0.0339,0.0340,PATROL,0
240.126,0.0341,0.0340,PATROL,0
240.159,0.0338,0.0340,PATROL,0
240.194,0.0341,0.0340,PATROL,0
240.228,0.0340,0.0340,PATROL,0
240.262,0.0341,0.0340,PATROL,0
240.296,0.0339,0.0340,PATROL,0
240.329,0.0340,0.0340,PATROL,0
240.364,0.0345,0.0340,PATROL,0
240.398,0.0335,0.0340,PATROL,0
240.432,0.0341,0.0340,PATROL,0
240.466,0.0340,0.0340,PATROL,0
240.500,0.0341,0.0340,PATROL,0
240.534,0.0339,0.0340,PATROL,0
240.568,0.0343,0.0340,PATROL,0
240.602,0.0337,0.0340,PATROL,0
240.636,0.0340,0.0340,PATROL,0
240.670,0.0342,0.0340,PATROL,0
240.704,0.0337,0.0340,PATROL,0
240.738,0.0343,0.0340,PATROL,0
240.772,0.0339,0.0340,PATROL,0
240.806,0.0342,0.0340,PATROL,0
240.840,0.0339,0.0340,PATROL,0
240.874,0.0339,0.0340,PATROL,0
240.908,0.0340,0.0340,PATROL,0
240.942,0.0340,0.0340,PATROL,0
240.976,0.0342,0.0340,PATROL,0
241.010,0.0340,0.0340,PATROL,0
241.044,0.0340,0.0340,PATROL,0
241.078,0.0341,0.0340,PATROL,0
241.112,0.0340,0.0340,PATROL,0
241.147,0.0346,0.0340,PATROL,0
241.181,0.0340,0.0340,PATROL,0
241.214,0.0336,0.0340,PATROL,0
241.248,0.0339,0.0340,PATROL,0
241.282,0.0339,0.0340,PATROL,0
241.317,0.0345,0.0340,PATROL,0
241.350,0.0338,0.0340,PATROL,0
241.384,0.0339,0.0340,PATROL,0
241.418,0.0338,0.0340,PATROL,0
241.452,0.0342,0.0340,PATROL,0
241.487,0.0343,0.0340,PATROL,0
241.521,0.0339,0.0340,PATROL,0
241.554,0.0337,0.0340,PATROL,0
241.588,0.0340,0.0340,PATROL,0
241.622,0.0340,0.0340,PATROL,0
241.656,0.0342,0.0340,PATROL,0
241.690,0.0341,0.0340,PATROL,0
241.725,0.0341,0.0340,PATROL,0
241.758,0.0338,0.0340,PATROL,0
241.792,0.0342,0.0340,PATROL,0
241.826,0.0340,0.0340,PATROL,0
241.860,0.0340,0.0340,PATROL,0
241.894,0.0339,0.0340,PATROL,0
241.928,0.0342,0.0340,PATROL,0
241.963,0.0340,0.0340,PATROL,0
241.997,0.0340,0.0340,PATROL,0
242.031,0.0341,0.0340,PATROL,0
242.065,0.0341,0.0340,PATROL,0
242.098,0.0337,0.0340,PATROL,0
242.132,0.0341,0.0340,PATROL,0
242.167,0.0341,0.0340,PATROL,0
242.201,0.0340,0.0340,PATROL,0
242.235,0.0340,0.0340,PATROL,0
242.269,0.0342,0.0340,PATROL,0
242.303,0.0336,0.0340,PATROL,0
242.336,0.0340,0.0340,PATROL,0
242.371,0.0340,0.0340,PATROL,0
242.405,0.0342,0.0340,PATROL,0
242.439,0.0339,0.0340,PATROL,0
242.473,0.0340,0.0340,PATROL,0
242.507,0.0341,0.0340,PATROL,0
242.541,0.0340,0.0340,PATROL,0
242.575,0.0339,0.0340,PATROL,0
242.609,0.0340,0.0340,PATROL,0
242.643,0.0343,0.0340,PATROL,0
242.677,0.0340,0.0340,PATROL,0
242.711,0.0339,0.0340,PATROL,0
242.745,0.0339,0.0340,PATROL,0
242.779,0.0340,0.0340,PATROL,0
242.813,0.0340,0.0340,PATROL,0
242.847,0.0341,0.0340,PATROL,0
242.881,0.0340,0.0340,PATROL,0
242.915,0.0339,0.0340,PATROL,0
242.949,0.0340,0.0340,PATROL,0
242.983,0.0341,0.0340,PATROL,0
243.017,0.0339,0.0340,PATROL,0
243.051,0.0342,0.0340,PATROL,0
243.085,0.0340,0.0340,PATROL,0
243.119,0.0339,0.0340,PATROL,0
243.153,0.0340,0.0340,PATROL,0
243.187,0.0341,0.0340,PATROL,0
243.221,0.0340,0.0340,PATROL,0
243.255,0.0341,0.0340,PATROL,0
243.289,0.0340,0.0340,PATROL,0
243.323,0.0339,0.0340,ALIGN,0
243.357,0.0342,0.0340,ALIGN,0
243.391,0.0339,0.0340,ALIGN,0
243.425,0.0339,0.0340,ALIGN,0
243.459,0.0340,0.0340,ALIGN,0
243.493,0.0341,0.0340,ALIGN,0
243.527,0.0342,0.0340,ALIGN,0
243.561,0.0340,0.0340,ALIGN,0
243.595,0.0338,0.0340,ALIGN,0
243.629,0.0340,0.0340,ALIGN,0
243.663,0.0341,0.0340,ALIGN,0
243.697,0.0340,0.0340,ALIGN,0
243.731,0.0340,0.0340,ALIGN,0
243.766,0.0342,0.0340,ALIGN,0
243.799,0.0336,0.0340,ALIGN,0
243.833,0.0340,0.0340,ALIGN,0
243.868,0.0343,0.0340,ALIGN,0
243.901,0.0339,0.0340,ALIGN,0
243.935,0.0339,0.0340,ALIGN,0
243.970,0.0343,0.0340,ALIGN,0
244.003,0.0338,0.0340,ALIGN,0
244.037,0.0339,0.0340,ALIGN,0
244.071,0.0340,0.0340,ALIGN,0
244.105,0.0340,0.0340,ALIGN,0
244.139,0.0340,0.0340,ALIGN,0
244.173,0.0340,0.0340,ALIGN,0
244.207,0.0341,0.0340,ALIGN,0
244.241,0.0340,0.0340,ALIGN,0
244.275,0.0340,0.0340,ALIGN,0
244.309,0.0340,0.0340,ALIGN,0
244.344,0.0340,0.0340,ALIGN,0
244.378,0.0341,0.0340,ALIGN,0
244.411,0.0339,0.0340,ALIGN,0
244.446,0.0341,0.0340,ALIGN,0
244.479,0.0339,0.0340,ALIGN,0
244.514,0.0342,0.0340,ALIGN,0
244.548,0.0339,0.0340,ALIGN,0
244.582,0.0341,0.0340,ALIGN,0
244.616,0.0339,0.0340,ALIGN,0
244.650,0.0342,0.0340,ALIGN,0
244.684,0.0339,0.0340,ALIGN,0
244.718,0.0341,0.0340,ALIGN,0
244.752,0.0340,0.0340,ALIGN,0
244.786,0.0340,0.0340,ALIGN,0
244.820,0.0340,0.0340,APPROACH,0
244.854,0.0340,0.0340,APPROACH,0
244.888,0.0340,0.0340,APPROACH,0
244.922,0.0341,0.0340,APPROACH,0
244.956,0.0341,0.0340,APPROACH,0
244.990,0.0340,0.0340,APPROACH,0
245.024,0.0341,0.0340,APPROACH,0
245.058,0.0341,0.0340,APPROACH,0
245.092,0.0341,0.0340,APPROACH,0
245.126,0.0339,0.0340,APPROACH,0
245.160,0.0340,0.0340,APPROACH,0
245.194,0.0339,0.0340,APPROACH,0
245.228,0.0341,0.0340,APPROACH,0
245.262,0.0340,0.0340,APPROACH,0
245.296,0.0341,0.0340,APPROACH,0
245.330,0.0339,0.0340,APPROACH,0
245.364,0.0342,0.0340,APPROACH,0
245.398,0.0339,0.0340,APPROACH,0
245.432,0.0343,0.0340,APPROACH,0
245.466,0.0338,0.0340,APPROACH,0
245.500,0.0341,0.0340,APPROACH,0
245.534,0.0340,0.0340,APPROACH,0
245.568,0.0341,0.0340,APPROACH,0
245.602,0.0341,0.0340,APPROACH,0
245.636,0.0338,0.0340,APPROACH,0
245.670,0.0343,0.0340,APPROACH,0
245.704,0.0337,0.0340,APPROACH,0
245.738,0.0340,0.0340,APPROACH,0
245.772,0.0340,0.0340,APPROACH,0
245.806,0.0339,0.0340,APPROACH,0
245.840,0.0341,0.0340,APPROACH,0
245.874,0.0339,0.0340,APPROACH,0
245.908,0.0341,0.0340,APPROACH,0
245.942,0.0339,0.0340,APPROACH,0
245.976,0.0340,0.0340,APPROACH,0
246.010,0.0342,0.0340,APPROACH,0
246.044,0.0339,0.0340,APPROACH,0
246.078,0.0340,0.0340,APPROACH,0
246.113,0.0342,0.0340,APPROACH,0
246.146,0.0338,0.0340,APPROACH,0
246.180,0.0340,0.0340,APPROACH,0
246.215,0.0343,0.0340,APPROACH,0
246.248,0.0337,0.0340,APPROACH,0
246.282,0.0342,0.0340,APPROACH,0
246.317,0.0340,0.0340,APPROACH,0
246.351,0.0341,0.0340,APPROACH,0
246.384,0.0339,0.0340,APPROACH,0
246.419,0.0341,0.0340,APPROACH,0
246.453,0.0341,0.0340,APPROACH,0
246.487,0.0344,0.0340,APPROACH,0
246.521,0.0340,0.0340,APPROACH,0
246.555,0.0335,0.0340,APPROACH,0
246.589,0.0342,0.0340,APPROACH,0
246.623,0.0339,0.0340,APPROACH,0
246.657,0.0340,0.0340,APPROACH,0
246.691,0.0340,0.0340,APPROACH,0
246.725,0.0341,0.0340,APPROACH,0
246.759,0.0339,0.0340,APPROACH,0
246.793,0.0340,0.0340,APPROACH,0
246.827,0.0339,0.0340,APPROACH,0
246.861,0.0341,0.0340,APPROACH,0
246.895,0.0340,0.0340,APPROACH,0
246.929,0.0342,0.0340,APPROACH,0
246.963,0.0338,0.0340,APPROACH,0
246.997,0.0341,0.0340,APPROACH,0
247.031,0.0341,0.0340,APPROACH,0
247.065,0.0339,0.0340,APPROACH,0
247.099,0.0340,0.0340,APPROACH,0
247.133,0.0342,0.0340,APPROACH,0
247.167,0.0342,0.0340,APPROACH,0
247.201,0.0337,0.0340,APPROACH,0
247.235,0.0341,0.0340,APPROACH,0
247.269,0.0342,0.0340,APPROACH,0
247.303,0.0338,0.0340,APPROACH,0
247.337,0.0340,0.0340,APPROACH,0
247.371,0.0342,0.0340,APPROACH,0
247.405,0.0339,0.0340,APPROACH,0
247.439,0.0340,0.0340,APPROACH,0
247.473,0.0340,0.0340,APPROACH,0
247.507,0.0339,0.0340,APPROACH,0
247.541,0.0340,0.0340,APPROACH,0
247.575,0.0341,0.0340,APPROACH,0
247.609,0.0341,0.0340,APPROACH,0
247.643,0.0340,0.0340,APPROACH,0
247.677,0.0339,0.0340,APPROACH,0
247.711,0.0341,0.0340,APPROACH,0
247.745,0.0341,0.0340,APPROACH,0
247.779,0.0340,0.0340,APPROACH,0
247.813,0.0339,0.0340,APPROACH,0
247.847,0.0342,0.0340,APPROACH,0
247.881,0.0341,0.0340,APPROACH,0
247.915,0.0339,0.0340,APPROACH,0
247.949,0.0341,0.0340,APPROACH,0
247.983,0.0339,0.0340,APPROACH,0
248.017,0.0340,0.0340,APPROACH,0
248.051,0.0340,0.0340,APPROACH,0
248.086,0.0344,0.0340,APPROACH,0
248.120,0.0339,0.0340,APPROACH,0
248.154,0.0340,0.0340,APPROACH,0
248.188,0.0340,0.0340,APPROACH,0
248.222,0.0340,0.0340,APPROACH,0
248.256,0.0340,0.0340,APPROACH,0
248.290,0.0342,0.0340,APPROACH,0
248.324,0.0338,0.0340,APPROACH,0
248.358,0.0342,0.0340,APPROACH,0
248.392,0.0339,0.0340,APPROACH,0
248.426,0.0339,0.0340,APPROACH,0
248.460,0.0341,0.0340,APPROACH,0
248.494,0.0343,0.0340,APPROACH,0
248.528,0.0336,0.0340,APPROACH,0
248.562,0.0342,0.0340,APPROACH,0
248.596,0.0338,0.0340,APPROACH,0
248.630,0.0342,0.0340,APPROACH,0
248.664,0.0340,0.0340,APPROACH,0
248.698,0.0340,0.0340,APPROACH,0
248.732,0.0339,0.0340,APPROACH,0
248.766,0.0342,0.0340,APPROACH,0
248.800,0.0342,0.0340,APPROACH,0
248.834,0.0340,0.0340,APPROACH,0
248.868,0.0339,0.0340,APPROACH,0
248.902,0.0342,0.0340,APPROACH,0
248.936,0.0339,0.0340,APPROACH,0
248.970,0.0340,0.0340,APPROACH,0
249.004,0.0338,0.0340,APPROACH,0
249.038,0.0340,0.0340,APPROACH,0
249.072,0.0342,0.0340,APPROACH,0
249.106,0.0338,0.0340,APPROACH,0
249.140,0.0341,0.0340,APPROACH,0
249.174,0.0341,0.0340,APPROACH,0
249.208,0.0340,0.0340,APPROACH,0
249.242,0.0341,0.0340,APPROACH,0
249.276,0.0339,0.0340,APPROACH,0
249.310,0.0340,0.0340,APPROACH,0
249.344,0.0340,0.0340,APPROACH,0
249.378,0.0340,0.0340,APPROACH,0
249.412,0.0340,0.0340,APPROACH,0
249.446,0.0342,0.0340,APPROACH,0
249.480,0.0339,0.0340,APPROACH,0
249.514,0.0340,0.0340,APPROACH,0
249.548,0.0341,0.0340,APPROACH,0
249.582,0.0340,0.0340,APPROACH,0
249.616,0.0340,0.0340,APPROACH,0
249.650,0.0340,0.0340,APPROACH,0
249.684,0.0340,0.0340,APPROACH,0
249.718,0.0340,0.0340,APPROACH,0
249.752,0.0341,0.0340,APPROACH,0
249.786,0.0339,0.0340,APPROACH,0
249.820,0.0339,0.0340,APPROACH,0
249.855,0.0346,0.0340,APPROACH,0
249.888,0.0336,0.0340,APPROACH,0
249.922,0.0341,0.0340,APPROACH,0
249.956,0.0338,0.0340,APPROACH,0
249.990,0.0342,0.0340,APPROACH,0
250.025,0.0342,0.0340,APPROACH,0
250.058,0.0337,0.0340,APPROACH,0
250.092,0.0341,0.0340,APPROACH,0
250.127,0.0341,0.0340,APPROACH,0
250.161,0.0340,0.0340,APPROACH,0
250.195,0.0340,0.0340,APPROACH,0
250.229,0.0340,0.0340,APPROACH,0
250.263,0.0340,0.0340,APPROACH,0
250.296,0.0338,0.0340,APPROACH,0
250.331,0.0342,0.0340,APPROACH,0
250.365,0.0340,0.0340,APPROACH,0
250.399,0.0340,0.0340,APPROACH,0
250.433,0.0340,0.0340,APPROACH,0
250.467,0.0342,0.0340,APPROACH,0
250.500,0.0338,0.0340,APPROACH,0
250.535,0.0342,0.0340,APPROACH,0
250.569,0.0338,0.0340,APPROACH,0
250.603,0.0340,0.0340,APPROACH,0
250.637,0.0342,0.0340,APPROACH,0
250.671,0.0339,0.0340,APPROACH,0
250.705,0.0343,0.0340,APPROACH,0
250.739,0.0337,0.0340,APPROACH,0
250.773,0.0343,0.0340,APPROACH,0
250.807,0.0337,0.0340,APPROACH,0
250.841,0.0341,0.0340,APPROACH,0
250.875,0.0340,0.0340,APPROACH,0
250.909,0.0340,0.0340,APPROACH,0
250.943,0.0340,0.0340,APPROACH,0
250.977,0.0340,0.0340,APPROACH,0
251.011,0.0340,0.0340,APPROACH,0
251.045,0.0341,0.0340,APPROACH,0
251.079,0.0339,0.0340,APPROACH,0
251.113,0.0340,0.0340,APPROACH,0
251.147,0.0340,0.0340,APPROACH,0
251.181,0.0342,0.0340,APPROACH,0
251.215,0.0341,0.0340,BLIND_DASH,0
251.249,0.0340,0.0340,BLIND_DASH,0
251.283,0.0339,0.0340,BLIND_DASH,0
251.317,0.0341,0.0340,BLIND_DASH,0
251.351,0.0338,0.0340,BLIND_DASH,0
251.385,0.0340,0.0340,BLIND_DASH,0
251.419,0.0340,0.0340,BLIND_DASH,0
251.453,0.0341,0.0340,BLIND_DASH,0
251.487,0.0342,0.0340,BLIND_DASH,0
251.521,0.0340,0.0340,BLIND_DASH,0
251.555,0.0341,0.0340,BLIND_DASH,0
251.589,0.0341,0.0340,BLIND_DASH,0
251.623,0.0340,0.0340,BLIND_DASH,0
251.657,0.0339,0.0340,BLIND_DASH,0
251.691,0.0340,0.0340,BLIND_DASH,0
251.725,0.0340,0.0340,BLIND_DASH,0
251.759,0.0341,0.0340,BLIND_DASH,0
251.793,0.0338,0.0340,BLIND_DASH,0
251.827,0.0341,0.0340,BLIND_DASH,0
251.861,0.0339,0.0340,BLIND_DASH,0
251.895,0.0340,0.0340,BLIND_DASH,0
251.929,0.0342,0.0340,BLIND_DASH,0
251.963,0.0340,0.0340,BLIND_DASH,0
251.997,0.0340,0.0340,BLIND_DASH,0
252.031,0.0340,0.0340,BLIND_DASH,0
252.065,0.0341,0.0340,BLIND_DASH,0
252.099,0.0338,0.0340,BLIND_DASH,0
252.134,0.0343,0.0340,BLIND_DASH,0
252.168,0.0341,0.0340,BLIND_DASH,0
252.202,0.0339,0.0340,BLIND_DASH,0
252.236,0.0342,0.0340,BLIND_DASH,0
252.270,0.0340,0.0340,BLIND_DASH,0
252.304,0.0338,0.0340,BLIND_DASH,0
252.338,0.0340,0.0340,PATROL,0
252.371,0.0338,0.0340,PATROL,0
252.405,0.0340,0.0340,PATROL,0
252.440,0.0342,0.0340,PATROL,0
252.474,0.0340,0.0340,PATROL,0
252.508,0.0339,0.0340,PATROL,0
252.541,0.0340,0.0340,PATROL,0
252.575,0.0340,0.0340,PATROL,0
252.609,0.0340,0.0340,PATROL,0
252.644,0.0341,0.0340,PATROL,0
252.678,0.0340,0.0340,PATROL,0
252.712,0.0340,0.0340,PATROL,0
252.746,0.0340,0.0340,PATROL,0
252.780,0.0340,0.0340,PATROL,0
252.814,0.0340,0.0340,PATROL,0
252.848,0.0340,0.0340,PATROL,0
252.882,0.0340,0.0340,PATROL,0
252.916,0.0341,0.0340,PATROL,0
252.950,0.0340,0.0340,PATROL,0
252.984,0.0341,0.0340,PATROL,0
253.018,0.0340,0.0340,PATROL,0
253.052,0.0339,0.0340,PATROL,0
253.086,0.0340,0.0340,PATROL,0
253.120,0.0339,0.0340,PATROL,0
253.154,0.0341,0.0340,PATROL,0
253.188,0.0338,0.0340,PATROL,0
253.222,0.0342,0.0340,PATROL,0
253.256,0.0342,0.0340,PATROL,0
253.290,0.0338,0.0340,PATROL,0
253.324,0.0339,0.0340,PATROL,0
253.358,0.0340,0.0340,PATROL,0
253.392,0.0339,0.0340,PATROL,0
253.426,0.0340,0.0340,PATROL,0
253.460,0.0341,0.0340,PATROL,0
253.494,0.0339,0.0340,PATROL,0
253.528,0.0340,0.0340,PATROL,0
253.562,0.0340,0.0340,PATROL,0
253.596,0.0342,0.0340,PATROL,0
253.630,0.0339,0.0340,PATROL,0
253.664,0.0342,0.0340,PATROL,0
253.698,0.0339,0.0340,PATROL,0
253.732,0.0340,0.0340,PATROL,0
253.766,0.0341,0.0340,PATROL,0
253.800,0.0340,0.0340,PATROL,0
253.834,0.0339,0.0340,PATROL,0
253.868,0.0341,0.0340,PATROL,0
253.902,0.0342,0.0340,PATROL,0
253.936,0.0340,0.0340,PATROL,0
253.970,0.0341,0.0340,PATROL,0
254.005,0.0344,0.0340,PATROL,0
254.038,0.0335,0.0340,PATROL,0
254.072,0.0341,0.0340,PATROL,0
254.106,0.0341,0.0340,PATROL,0
254.141,0.0344,0.0340,PATROL,0
254.174,0.0336,0.0340,PATROL,0
254.208,0.0338,0.0340,PATROL,0
254.242,0.0341,0.0340,PATROL,0
254.276,0.0341,0.0340,PATROL,0
254.310,0.0340,0.0340,PATROL,0
254.344,0.0341,0.0340,PATROL,0
254.378,0.0339,0.0340,PATROL,0
254.412,0.0342,0.0340,PATROL,0
254.446,0.0340,0.0340,PATROL,0
254.480,0.0339,0.0340,PATROL,0
254.514,0.0341,0.0340,PATROL,0
254.549,0.0340,0.0340,PATROL,0
254.583,0.0342,0.0340,PATROL,0
254.617,0.0340,0.0340,PATROL,0
254.651,0.0342,0.0340,PATROL,0
254.685,0.0337,0.0340,PATROL,0
254.719,0.0341,0.0340,PATROL,0
254.753,0.0342,0.0340,PATROL,0
254.787,0.0338,0.0340,PATROL,0
254.821,0.0340,0.0340,PATROL,0
254.855,0.0339,0.0340,PATROL,0
254.889,0.0342,0.0340,PATROL,0
254.923,0.0340,0.0340,PATROL,0
254.957,0.0339,0.0340,PATROL,0
254.991,0.0341,0.0340,PATROL,0
255.025,0.0340,0.0340,ALIGN,0
255.059,0.0339,0.0340,ALIGN,0
255.093,0.0340,0.0340,ALIGN,0
255.127,0.0342,0.0340,ALIGN,0
255.161,0.0340,0.0340,ALIGN,0
255.195,0.0339,0.0340,ALIGN,0
255.229,0.0343,0.0340,ALIGN,0
255.263,0.0338,0.0340,ALIGN,0
255.297,0.0342,0.0340,ALIGN,0
255.331,0.0340,0.0340,ALIGN,0
255.365,0.0340,0.0340,ALIGN,0
255.399,0.0340,0.0340,ALIGN,0
255.433,0.0340,0.0340,ALIGN,0
255.467,0.0342,0.0340,ALIGN,0
255.501,0.0337,0.0340,ALIGN,0
255.535,0.0341,0.0340,ALIGN,0
255.569,0.0339,0.0340,ALIGN,0
255.603,0.0340,0.0340,ALIGN,0
255.637,0.0342,0.0340,ALIGN,0
255.671,0.0342,0.0340,ALIGN,0
255.705,0.0337,0.0340,ALIGN,0
255.739,0.0340,0.0340,ALIGN,0
255.773,0.0342,0.0340,ALIGN,0
255.807,0.0339,0.0340,ALIGN,0
255.841,0.0341,0.0340,ALIGN,0
255.875,0.0341,0.0340,ALIGN,0
255.909,0.0338,0.0340,ALIGN,0
255.943,0.0341,0.0340,ALIGN,0
255.977,0.0342,0.0340,ALIGN,0
256.011,0.0341,0.0340,ALIGN,0
256.046,0.0343,0.0340,ALIGN,0
256.079,0.0337,0.0340,ALIGN,0
256.113,0.0339,0.0340,ALIGN,0
256.147,0.0340,0.0340,ALIGN,0
256.182,0.0343,0.0340,ALIGN,0
256.215,0.0337,0.0340,ALIGN,0
256.249,0.0341,0.0340,ALIGN,0
256.283,0.0340,0.0340,ALIGN,0
256.318,0.0341,0.0340,APPROACH,0
256.351,0.0339,0.0340,APPROACH,0
256.385,0.0339,0.0340,APPROACH,0
256.419,0.0340,0.0340,APPROACH,0
256.454,0.0342,0.0340,APPROACH,0
256.488,0.0338,0.0340,APPROACH,0
256.522,0.0340,0.0340,APPROACH,0
256.555,0.0339,0.0340,APPROACH,0
256.589,0.0340,0.0340,APPROACH,0
256.623,0.0340,0.0340,APPROACH,0
256.658,0.0342,0.0340,APPROACH,0
256.692,0.0341,0.0340,APPROACH,0
256.726,0.0338,0.0340,APPROACH,0
256.760,0.0341,0.0340,APPROACH,0
256.794,0.0339,0.0340,APPROACH,0
256.828,0.0339,0.0340,APPROACH,0
256.862,0.0340,0.0340,APPROACH,0
256.896,0.0340,0.0340,APPROACH,0
256.930,0.0342,0.0340,APPROACH,0
256.964,0.0340,0.0340,APPROACH,0
256.998,0.0339,0.0340,APPROACH,0
257.032,0.0340,0.0340,APPROACH,0
257.066,0.0345,0.0340,APPROACH,0
257.100,0.0337,0.0340,APPROACH,0
257.134,0.0340,0.0340,APPROACH,0
257.168,0.0340,0.0340,APPROACH,0
257.202,0.0341,0.0340,APPROACH,0
257.236,0.0339,0.0340,APPROACH,0
257.270,0.0341,0.0340,APPROACH,0
257.304,0.0340,0.0340,APPROACH,0
257.338,0.0340,0.0340,APPROACH,0
257.372,0.0341,0.0340,APPROACH,0
257.406,0.0340,0.0340,APPROACH,0
257.440,0.0341,0.0340,APPROACH,0
257.474,0.0339,0.0340,APPROACH,0
257.508,0.0341,0.0340,APPROACH,0
257.542,0.0340,0.0340,APPROACH,0
257.576,0.0342,0.0340,APPROACH,0
257.610,0.0339,0.0340,APPROACH,0
257.644,0.0339,0.0340,APPROACH,0
257.678,0.0341,0.0340,APPROACH,0
257.712,0.0339,0.0340,APPROACH,0
257.746,0.0340,0.0340,APPROACH,0
257.780,0.0343,0.0340,APPROACH,0
257.814,0.0342,0.0340,APPROACH,0
257.848,0.0340,0.0340,APPROACH,0
257.882,0.0341,0.0340,APPROACH,0
257.916,0.0339,0.0340,APPROACH,0
257.950,0.0341,0.0340,APPROACH,0
257.984,0.0340,0.0340,APPROACH,0
258.018,0.0339,0.0340,APPROACH,0
258.052,0.0340,0.0340,APPROACH,0
258.086,0.0340,0.0340,APPROACH,0
258.121,0.0344,0.0340,APPROACH,0
258.155,0.0338,0.0340,APPROACH,0
258.189,0.0340,0.0340,APPROACH,0
258.223,0.0343,0.0340,APPROACH,0
258.257,0.0337,0.0340,APPROACH,0
258.291,0.0341,0.0340,APPROACH,0
258.325,0.0340,0.0340,APPROACH,0
258.359,0.0340,0.0340,APPROACH,0
258.393,0.0339,0.0340,APPROACH,0
258.427,0.0342,0.0340,APPROACH,0
258.461,0.0339,0.0340,APPROACH,0
258.495,0.0341,0.0340,APPROACH,0
258.529,0.0341,0.0340,APPROACH,0
258.563,0.0340,0.0340,APPROACH,0
258.597,0.0339,0.0340,APPROACH,0
258.631,0.0340,0.0340,APPROACH,0
258.665,0.0340,0.0340,APPROACH,0
258.699,0.0340,0.0340,APPROACH,0
258.733,0.0340,0.0340,APPROACH,0
258.767,0.0343,0.0340,APPROACH,0
258.801,0.0339,0.0340,APPROACH,0
258.835,0.0339,0.0340,APPROACH,0
258.869,0.0340,0.0340,APPROACH,0
258.903,0.0339,0.0340,APPROACH,0
258.937,0.0340,0.0340,APPROACH,0
258.971,0.0340,0.0340,APPROACH,0
259.005,0.0343,0.0340,APPROACH,0
259.039,0.0341,0.0340,APPROACH,0
259.073,0.0337,0.0340,APPROACH,0
259.107,0.0341,0.0340,APPROACH,0
259.141,0.0339,0.0340,APPROACH,0
259.176,0.0347,0.0340,APPROACH,0
259.209,0.0334,0.0340,APPROACH,0
259.243,0.0341,0.0340,APPROACH,0
259.277,0.0342,0.0340,APPROACH,0
259.311,0.0339,0.0340,APPROACH,0
259.345,0.0339,0.0340,APPROACH,0
259.379,0.0339,0.0340,APPROACH,0
259.413,0.0340,0.0340,APPROACH,0
259.447,0.0341,0.0340,APPROACH,0
259.481,0.0340,0.0340,APPROACH,0
259.515,0.0341,0.0340,APPROACH,0
259.549,0.0339,0.0340,APPROACH,0
259.583,0.0340,0.0340,APPROACH,0
259.617,0.0341,0.0340,APPROACH,0
259.651,0.0339,0.0340,APPROACH,0
259.685,0.0340,0.0340,APPROACH,0
259.719,0.0342,0.0340,APPROACH,0
259.753,0.0339,0.0340,APPROACH,0
259.787,0.0340,0.0340,APPROACH,0
259.821,0.0339,0.0340,APPROACH,0
259.855,0.0340,0.0340,APPROACH,0
259.890,0.0342,0.0340,APPROACH,0
259.923,0.0338,0.0340,APPROACH,0
259.957,0.0342,0.0340,APPROACH,0
259.991,0.0340,0.0340,APPROACH,0
260.025,0.0340,0.0340,APPROACH,0
260.059,0.0340,0.0340,APPROACH,0
260.094,0.0341,0.0340,APPROACH,0
260.127,0.0339,0.0340,APPROACH,0
260.162,0.0341,0.0340,APPROACH,0
260.196,0.0342,0.0340,APPROACH,0
260.229,0.0336,0.0340,APPROACH,0
260.264,0.0341,0.0340,APPROACH,0
260.297,0.0340,0.0340,APPROACH,0
260.332,0.0342,0.0340,APPROACH,0
260.366,0.0340,0.0340,APPROACH,0
260.400,0.0339,0.0340,APPROACH,0
260.434,0.0340,0.0340,APPROACH,0
260.468,0.0341,0.0340,APPROACH,0
260.502,0.0341,0.0340,APPROACH,0
260.536,0.0341,0.0340,APPROACH,0
260.570,0.0339,0.0340,APPROACH,0
260.604,0.0340,0.0340,APPROACH,0
260.638,0.0340,0.0340,APPROACH,0
260.672,0.0340,0.0340,APPROACH,0
260.706,0.0344,0.0340,APPROACH,0
260.740,0.0336,0.0340,APPROACH,0
260.774,0.0340,0.0340,APPROACH,0
260.808,0.0340,0.0340,APPROACH,0
260.842,0.0341,0.0340,APPROACH,0
260.876,0.0339,0.0340,APPROACH,0
260.910,0.0340,0.0340,APPROACH,0
260.944,0.0339,0.0340,APPROACH,0
260.978,0.0342,0.0340,APPROACH,0
261.012,0.0341,0.0340,APPROACH,0
261.046,0.0340,0.0340,APPROACH,0
261.080,0.0339,0.0340,APPROACH,0
261.114,0.0340,0.0340,APPROACH,0
261.148,0.0342,0.0340,APPROACH,0
261.182,0.0338,0.0340,APPROACH,0
261.216,0.0340,0.0340,APPROACH,0
261.250,0.0341,0.0340,APPROACH,0
261.284,0.0340,0.0340,APPROACH,0
261.318,0.0339,0.0340,APPROACH,0
261.352,0.0342,0.0340,APPROACH,0
261.386,0.0340,0.0340,APPROACH,0
261.420,0.0339,0.0340,APPROACH,0
261.454,0.0340,0.0340,APPROACH,0
261.488,0.0341,0.0340,APPROACH,0
261.522,0.0342,0.0340,APPROACH,0
261.556,0.0339,0.0340,APPROACH,0
261.590,0.0340,0.0340,APPROACH,0
261.624,0.0339,0.0340,APPROACH,0
261.658,0.0341,0.0340,APPROACH,0
261.692,0.0339,0.0340,APPROACH,0
261.726,0.0343,0.0340,APPROACH,0
261.760,0.0337,0.0340,APPROACH,0
261.794,0.0342,0.0340,APPROACH,0
261.828,0.0338,0.0340,APPROACH,0
261.862,0.0342,0.0340,APPROACH,0
261.896,0.0340,0.0340,APPROACH,0
261.930,0.0340,0.0340,APPROACH,0
261.964,0.0339,0.0340,APPROACH,0
261.998,0.0340,0.0340,APPROACH,0
262.032,0.0340,0.0340,APPROACH,0
262.066,0.0340,0.0340,APPROACH,0
262.100,0.0342,0.0340,APPROACH,0
262.135,0.0340,0.0340,APPROACH,0
262.169,0.0340,0.0340,APPROACH,0
262.202,0.0339,0.0340,APPROACH,0
262.237,0.0341,0.0340,APPROACH,0
262.271,0.0340,0.0340,APPROACH,0
262.305,0.0341,0.0340,APPROACH,0
262.339,0.0339,0.0340,APPROACH,0
262.373,0.0341,0.0340,APPROACH,0
262.407,0.0340,0.0340,APPROACH,0
262.441,0.0339,0.0340,APPROACH,0
262.475,0.0340,0.0340,APPROACH,0
262.509,0.0340,0.0340,APPROACH,0
262.543,0.0341,0.0340,APPROACH,0
262.577,0.0339,0.0340,APPROACH,0
262.611,0.0340,0.0340,APPROACH,0
262.645,0.0340,0.0340,APPROACH,0
262.679,0.0342,0.0340,APPROACH,0
262.713,0.0338,0.0340,APPROACH,0
262.747,0.0340,0.0340,APPROACH,0
262.781,0.0340,0.0340,APPROACH,0
262.815,0.0339,0.0340,APPROACH,0
262.849,0.0340,0.0340,APPROACH,0
262.883,0.0340,0.0340,APPROACH,0
262.917,0.0339,0.0340,APPROACH,0
262.951,0.0342,0.0340,APPROACH,0
262.985,0.0339,0.0340,APPROACH,0
263.019,0.0340,0.0340,APPROACH,0
263.053,0.0341,0.0340,APPROACH,0
263.087,0.0341,0.0340,APPROACH,0
263.121,0.0340,0.0340,BLIND_DASH,0
263.155,0.0339,0.0340,BLIND_DASH,0
263.189,0.0340,0.0340,BLIND_DASH,0
263.223,0.0342,0.0340,BLIND_DASH,0
263.257,0.0340,0.0340,BLIND_DASH,0
263.291,0.0339,0.0340,BLIND_DASH,0
263.325,0.0342,0.0340,BLIND_DASH,0
263.359,0.0342,0.0340,BLIND_DASH,0
263.393,0.0340,0.0340,BLIND_DASH,0
263.427,0.0339,0.0340,BLIND_DASH,0
263.461,0.0340,0.0340,BLIND_DASH,0
263.495,0.0340,0.0340,BLIND_DASH,0
263.529,0.0343,0.0340,BLIND_DASH,0
263.563,0.0339,0.0340,BLIND_DASH,0
263.597,0.0340,0.0340,BLIND_DASH,0
263.631,0.0341,0.0340,BLIND_DASH,0
263.665,0.0339,0.0340,BLIND_DASH,0
263.699,0.0341,0.0340,BLIND_DASH,0
263.733,0.0339,0.0340,BLIND_DASH,0
263.767,0.0340,0.0340,BLIND_DASH,0
263.802,0.0344,0.0340,BLIND_DASH,0
263.835,0.0336,0.0340,PATROL,0
263.870,0.0346,0.0340,PATROL,0
263.903,0.0335,0.0340,PATROL,0
263.938,0.0344,0.0340,PATROL,0
263.971,0.0337,0.0340,PATROL,0
264.006,0.0342,0.0340,PATROL,0
264.039,0.0338,0.0340,PATROL,0
264.073,0.0341,0.0340,PATROL,0
264.107,0.0340,0.0340,PATROL,0
264.141,0.0340,0.0340,PATROL,0
264.175,0.0340,0.0340,PATROL,0
264.209,0.0339,0.0340,PATROL,0
264.243,0.0341,0.0340,PATROL,0
264.278,0.0342,0.0340,PATROL,0
264.311,0.0338,0.0340,PATROL,0
264.345,0.0340,0.0340,PATROL,0
264.380,0.0342,0.0340,PATROL,0
264.414,0.0339,0.0340,PATROL,0
264.447,0.0340,0.0340,PATROL,0
264.481,0.0340,0.0340,PATROL,0
264.516,0.0341,0.0340,PATROL,0
264.550,0.0340,0.0340,PATROL,0
264.584,0.0342,0.0340,PATROL,0
264.618,0.0341,0.0340,PATROL,0
264.652,0.0339,0.0340,PATROL,0
264.686,0.0339,0.0340,PATROL,0
264.720,0.0340,0.0340,PATROL,0
264.754,0.0341,0.0340,PATROL,0
264.788,0.0341,0.0340,PATROL,0
264.822,0.0340,0.0340,PATROL,0
264.856,0.0340,0.0340,PATROL,0
264.890,0.0340,0.0340,PATROL,0
264.924,0.0340,0.0340,PATROL,0
264.958,0.0341,0.0340,PATROL,0
264.992,0.0338,0.0340,PATROL,0
265.026,0.0341,0.0340,PATROL,0
265.060,0.0341,0.0340,PATROL,0
265.094,0.0339,0.0340,PATROL,0
265.128,0.0341,0.0340,PATROL,0
265.162,0.0339,0.0340,PATROL,0
265.196,0.0341,0.0340,PATROL,0
265.230,0.0340,0.0340,PATROL,0
265.264,0.0341,0.0340,PATROL,0
265.298,0.0342,0.0340,PATROL,0
265.332,0.0339,0.0340,PATROL,0
265.366,0.0341,0.0340,PATROL,0
265.400,0.0339,0.0340,PATROL,0
265.434,0.0339,0.0340,PATROL,0
265.468,0.0341,0.0340,PATROL,0
265.502,0.0341,0.0340,PATROL,0
265.536,0.0341,0.0340,PATROL,0
265.570,0.0339,0.0340,PATROL,0
265.604,0.0340,0.0340,PATROL,0
265.638,0.0342,0.0340,PATROL,0
265.672,0.0337,0.0340,PATROL,0
265.706,0.0340,0.0340,PATROL,0
265.740,0.0340,0.0340,PATROL,0
265.774,0.0340,0.0340,PATROL,0
265.808,0.0340,0.0340,PATROL,0
265.842,0.0340,0.0340,PATROL,0
265.876,0.0341,0.0340,PATROL,0
265.910,0.0340,0.0340,PATROL,0
265.944,0.0340,0.0340,PATROL,0
265.978,0.0342,0.0340,PATROL,0
266.012,0.0339,0.0340,PATROL,0
266.046,0.0341,0.0340,PATROL,0
266.080,0.0342,0.0340,PATROL,0
266.114,0.0339,0.0340,PATROL,0
266.148,0.0341,0.0340,PATROL,0
266.182,0.0338,0.0340,PATROL,0
266.216,0.0341,0.0340,PATROL,0
266.250,0.0340,0.0340,PATROL,0
266.284,0.0341,0.0340,PATROL,0
266.318,0.0340,0.0340,PATROL,0
266.352,0.0339,0.0340,PATROL,0
266.386,0.0340,0.0340,PATROL,0
266.420,0.0341,0.0340,PATROL,0
266.454,0.0340,0.0340,PATROL,0
266.488,0.0340,0.0340,PATROL,0
266.523,0.0341,0.0340,PATROL,0
266.557,0.0342,0.0340,PATROL,0
266.591,0.0339,0.0340,PATROL,0
266.625,0.0339,0.0340,PATROL,0
266.659,0.0341,0.0340,PATROL,0
266.693,0.0340,0.0340,PATROL,0
266.727,0.0340,0.0340,PATROL,0
266.761,0.0342,0.0340,PATROL,0
266.795,0.0339,0.0340,PATROL,0
266.829,0.0341,0.0340,PATROL,0
266.863,0.0340,0.0340,PATROL,0
266.897,0.0340,0.0340,PATROL,0
266.931,0.0340,0.0340,PATROL,0
266.965,0.0341,0.0340,PATROL,0
266.999,0.0340,0.0340,PATROL,0
267.033,0.0338,0.0340,PATROL,0
267.067,0.0342,0.0340,PATROL,0
267.101,0.0339,0.0340,PATROL,0
267.135,0.0340,0.0340,PATROL,0
267.169,0.0340,0.0340,PATROL,0
267.203,0.0340,0.0340,PATROL,0
267.237,0.0341,0.0340,PATROL,0
267.271,0.0341,0.0340,PATROL,0
267.305,0.0343,0.0340,PATROL,0
267.339,0.0338,0.0340,PATROL,0
267.373,0.0342,0.0340,PATROL,0
267.407,0.0336,0.0340,PATROL,0
267.441,0.0340,0.0340,PATROL,0
267.475,0.0340,0.0340,PATROL,0
267.509,0.0342,0.0340,PATROL,0
267.543,0.0339,0.0340,PATROL,0
267.577,0.0341,0.0340,PATROL,0
267.611,0.0339,0.0340,PATROL,0
267.645,0.0341,0.0340,PATROL,0
267.679,0.0341,0.0340,PATROL,0
267.713,0.0341,0.0340,PATROL,0
267.747,0.0338,0.0340,PATROL,0
267.781,0.0343,0.0340,PATROL,0
267.815,0.0336,0.0340,PATROL,0
267.849,0.0340,0.0340,PATROL,0
267.883,0.0341,0.0340,PATROL,0
267.917,0.0341,0.0340,PATROL,0
267.951,0.0339,0.0340,PATROL,0
267.985,0.0341,0.0340,PATROL,0
268.019,0.0339,0.0340,PATROL,0
268.053,0.0341,0.0340,PATROL,0
268.087,0.0340,0.0340,PATROL,0
268.121,0.0339,0.0340,PATROL,0
268.155,0.0341,0.0340,PATROL,0
268.189,0.0340,0.0340,PATROL,0
268.223,0.0339,0.0340,PATROL,0
268.257,0.0341,0.0340,PATROL,0
268.291,0.0340,0.0340,PATROL,0
268.326,0.0346,0.0340,PATROL,0
268.360,0.0339,0.0340,PATROL,0
268.393,0.0336,0.0340,PATROL,0
268.428,0.0345,0.0340,PATROL,0
268.461,0.0336,0.0340,PATROL,0
268.495,0.0341,0.0340,PATROL,0
268.529,0.0340,0.0340,PATROL,0
268.564,0.0341,0.0340,PATROL,0
268.597,0.0339,0.0340,PATROL,0
268.631,0.0340,0.0340,PATROL,0
268.666,0.0341,0.0340,PATROL,0
268.700,0.0342,0.0340,PATROL,0
268.734,0.0337,0.0340,PATROL,0
268.768,0.0342,0.0340,PATROL,0
268.802,0.0338,0.0340,PATROL,0
268.836,0.0341,0.0340,PATROL,0
268.870,0.0339,0.0340,PATROL,0
268.904,0.0342,0.0340,PATROL,0
268.938,0.0340,0.0340,PATROL,0
268.972,0.0340,0.0340,PATROL,0
269.006,0.0339,0.0340,PATROL,0
269.040,0.0343,0.0340,PATROL,0
269.074,0.0337,0.0340,PATROL,0
269.108,0.0341,0.0340,PATROL,0
269.142,0.0341,0.0340,PATROL,0
269.176,0.0339,0.0340,PATROL,0
269.210,0.0340,0.0340,PATROL,0
269.244,0.0341,0.0340,PATROL,0
269.278,0.0339,0.0340,PATROL,0
269.312,0.0340,0.0340,PATROL,0
269.346,0.0340,0.0340,PATROL,0
269.380,0.0340,0.0340,PATROL,0
269.414,0.0342,0.0340,PATROL,0
269.448,0.0340,0.0340,PATROL,0
269.482,0.0341,0.0340,PATROL,0
269.516,0.0339,0.0340,PATROL,0
269.550,0.0340,0.0340,PATROL,0
269.584,0.0339,0.0340,PATROL,0
269.618,0.0340,0.0340,PATROL,0
269.652,0.0341,0.0340,PATROL,0
269.686,0.0342,0.0340,PATROL,0
269.720,0.0340,0.0340,PATROL,0
269.754,0.0339,0.0340,PATROL,0
269.788,0.0341,0.0340,PATROL,0
269.822,0.0342,0.0340,PATROL,0
269.856,0.0339,0.0340,PATROL,0
269.890,0.0340,0.0340,PATROL,0
269.924,0.0339,0.0340,PATROL,0
269.958,0.0341,0.0340,PATROL,0
269.992,0.0339,0.0340,PATROL,0
270.026,0.0340,0.0340,PATROL,0
270.060,0.0341,0.0340,PATROL,0
270.094,0.0339,0.0340,PATROL,0
270.128,0.0340,0.0340,PATROL,0
270.162,0.0341,0.0340,PATROL,0
270.196,0.0339,0.0340,PATROL,0
270.230,0.0341,0.0340,PATROL,0
270.264,0.0340,0.0340,PATROL,0
270.298,0.0340,0.0340,PATROL,0
270.332,0.0340,0.0340,PATROL,0
270.366,0.0341,0.0340,PATROL,0
270.400,0.0341,0.0340,PATROL,0
270.434,0.0338,0.0340,PATROL,0
270.468,0.0342,0.0340,PATROL,0
270.503,0.0342,0.0340,PATROL,0
270.536,0.0337,0.0340,PATROL,0
270.570,0.0342,0.0340,PATROL,0
270.605,0.0341,0.0340,PATROL,0
270.638,0.0338,0.0340,PATROL,0
270.672,0.0341,0.0340,PATROL,0
270.706,0.0339,0.0340,PATROL,0
270.741,0.0342,0.0340,PATROL,0
270.774,0.0339,0.0340,PATROL,0
270.808,0.0339,0.0340,PATROL,0
270.842,0.0340,0.0340,PATROL,0
270.876,0.0340,0.0340,PATROL,0
270.911,0.0341,0.0340,PATROL,0
270.945,0.0341,0.0340,PATROL,0
270.978,0.0339,0.0340,PATROL,0
271.013,0.0341,0.0340,PATROL,0
271.047,0.0340,0.0340,PATROL,0
271.081,0.0341,0.0340,PATROL,0
271.115,0.0343,0.0340,PATROL,0
271.149,0.0338,0.0340,PATROL,0
271.183,0.0341,0.0340,PATROL,0
271.217,0.0337,0.0340,PATROL,0
271.251,0.0340,0.0340,PATROL,0
271.285,0.0340,0.0340,PATROL,0
271.319,0.0342,0.0340,PATROL,0
271.353,0.0339,0.0340,PATROL,0
271.387,0.0341,0.0340,PATROL,0
271.421,0.0343,0.0340,PATROL,0
271.455,0.0336,0.0340,PATROL,0
271.489,0.0340,0.0340,PATROL,0
271.523,0.0342,0.0340,PATROL,0
271.557,0.0341,0.0340,PATROL,0
271.591,0.0341,0.0340,PATROL,0
271.625,0.0339,0.0340,PATROL,0
271.659,0.0340,0.0340,PATROL,0
271.693,0.0340,0.0340,PATROL,0
271.727,0.0341,0.0340,PATROL,0
271.761,0.0343,0.0340,PATROL,0
271.795,0.0340,0.0340,PATROL,0
271.829,0.0338,0.0340,PATROL,0
271.863,0.0339,0.0340,PATROL,0
271.897,0.0342,0.0340,PATROL,0
271.931,0.0340,0.0340,PATROL,0
271.965,0.0341,0.0340,PATROL,0
271.999,0.0340,0.0340,PATROL,0
272.033,0.0339,0.0340,PATROL,0
272.067,0.0341,0.0340,PATROL,0
272.101,0.0339,0.0340,PATROL,0
272.136,0.0343,0.0340,PATROL,0
272.169,0.0336,0.0340,PATROL,0
272.203,0.0340,0.0340,PATROL,0
272.237,0.0340,0.0340,PATROL,0
272.271,0.0341,0.0340,PATROL,0
272.305,0.0340,0.0340,PATROL,0
272.339,0.0342,0.0340,PATROL,0
272.373,0.0340,0.0340,PATROL,0
272.407,0.0339,0.0340,PATROL,0
272.441,0.0342,0.0340,PATROL,0
272.475,0.0339,0.0340,PATROL,0
272.509,0.0342,0.0340,PATROL,0
272.543,0.0339,0.0340,PATROL,0
272.578,0.0342,0.0340,PATROL,0
272.612,0.0342,0.0340,PATROL,0
272.646,0.0337,0.0340,PATROL,0
272.679,0.0339,0.0340,PATROL,0
272.713,0.0340,0.0340,PATROL,0
272.747,0.0339,0.0340,PATROL,0
272.782,0.0341,0.0340,PATROL,0
272.815,0.0339,0.0340,PATROL,0
272.850,0.0341,0.0340,PATROL,0
272.884,0.0342,0.0340,PATROL,0
272.917,0.0338,0.0340,PATROL,0
272.952,0.0341,0.0340,PATROL,0
272.986,0.0339,0.0340,PATROL,0
273.020,0.0340,0.0340,PATROL,0
273.054,0.0341,0.0340,PATROL,0
273.088,0.0340,0.0340,PATROL,0
273.122,0.0340,0.0340,PATROL,0
273.156,0.0338,0.0340,PATROL,0
273.190,0.0342,0.0340,PATROL,0
273.224,0.0340,0.0340,PATROL,0
273.258,0.0343,0.0340,PATROL,0
273.292,0.0340,0.0340,PATROL,0
273.326,0.0339,0.0340,PATROL,0
273.360,0.0340,0.0340,PATROL,0
273.394,0.0339,0.0340,PATROL,0
273.428,0.0340,0.0340,PATROL,0
273.462,0.0341,0.0340,PATROL,0
273.496,0.0344,0.0340,PATROL,0
273.530,0.0338,0.0340,PATROL,0
273.564,0.0339,0.0340,PATROL,0
273.598,0.0340,0.0340,PATROL,0
273.632,0.0338,0.0340,PATROL,0
273.666,0.0341,0.0340,PATROL,0
273.700,0.0340,0.0340,PATROL,0
273.734,0.0342,0.0340,PATROL,0
273.768,0.0342,0.0340,PATROL,0
273.802,0.0338,0.0340,PATROL,0
273.836,0.0338,0.0340,PATROL,0
273.870,0.0340,0.0340,PATROL,0
273.904,0.0340,0.0340,PATROL,0
273.938,0.0340,0.0340,PATROL,0
273.972,0.0341,0.0340,PATROL,0
274.006,0.0339,0.0340,PATROL,0
274.040,0.0342,0.0340,PATROL,0
274.074,0.0339,0.0340,PATROL,0
274.108,0.0342,0.0340,PATROL,0
274.143,0.0343,0.0340,PATROL,0
274.176,0.0337,0.0340,PATROL,0
274.210,0.0340,0.0340,PATROL,0
274.244,0.0340,0.0340,PATROL,0
274.278,0.0341,0.0340,PATROL,0
274.312,0.0341,0.0340,PATROL,0
274.346,0.0340,0.0340,PATROL,0
274.380,0.0340,0.0340,PATROL,0
274.414,0.0339,0.0340,PATROL,0
274.448,0.0340,0.0340,PATROL,0
274.482,0.0340,0.0340,PATROL,0
274.516,0.0342,0.0340,PATROL,0
274.550,0.0340,0.0340,PATROL,0
274.585,0.0341,0.0340,PATROL,0
274.618,0.0338,0.0340,PATROL,0
274.652,0.0339,0.0340,PATROL,0
274.686,0.0340,0.0340,PATROL,0
274.720,0.0341,0.0340,PATROL,0
274.754,0.0339,0.0340,PATROL,0
274.788,0.0342,0.0340,PATROL,0
274.823,0.0340,0.0340,PATROL,0
274.856,0.0340,0.0340,PATROL,0
274.890,0.0339,0.0340,PATROL,0
274.924,0.0341,0.0340,PATROL,0
274.958,0.0340,0.0340,PATROL,0
274.993,0.0340,0.0340,PATROL,0
275.026,0.0339,0.0340,PATROL,0
275.060,0.0340,0.0340,PATROL,0
275.095,0.0342,0.0340,PATROL,0
275.128,0.0339,0.0340,PATROL,0
275.163,0.0341,0.0340,PATROL,0
275.197,0.0340,0.0340,PATROL,0
275.231,0.0340,0.0340,PATROL,0
275.265,0.0340,0.0340,PATROL,0
275.299,0.0341,0.0340,PATROL,0
275.333,0.0340,0.0340,PATROL,0
275.367,0.0339,0.0340,PATROL,0
275.401,0.0340,0.0340,PATROL,0
275.435,0.0340,0.0340,PATROL,0
275.469,0.0343,0.0340,PATROL,0
275.503,0.0338,0.0340,PATROL,0
275.537,0.0340,0.0340,PATROL,0
275.571,0.0342,0.0340,PATROL,0
275.605,0.0342,0.0340,PATROL,0
275.639,0.0342,0.0340,PATROL,0
275.673,0.0339,0.0340,PATROL,0
275.707,0.0339,0.0340,PATROL,0
275.741,0.0341,0.0340,PATROL,0
275.775,0.0339,0.0340,PATROL,0
275.809,0.0341,0.0340,PATROL,0
275.843,0.0340,0.0340,PATROL,0
275.877,0.0342,0.0340,PATROL,0
275.911,0.0338,0.0340,PATROL,0
275.945,0.0340,0.0340,PATROL,0
275.979,0.0341,0.0340,PATROL,0
276.013,0.0340,0.0340,PATROL,0
276.047,0.0340,0.0340,PATROL,0
276.081,0.0340,0.0340,PATROL,0
276.115,0.0340,0.0340,PATROL,0
276.149,0.0341,0.0340,PATROL,0
276.183,0.0340,0.0340,PATROL,0
276.217,0.0341,0.0340,PATROL,0
276.251,0.0339,0.0340,PATROL,0
276.285,0.0342,0.0340,PATROL,0
276.319,0.0337,0.0340,PATROL,0
276.353,0.0342,0.0340,PATROL,0
276.387,0.0340,0.0340,PATROL,0
276.421,0.0339,0.0340,PATROL,0
276.455,0.0340,0.0340,PATROL,0
276.489,0.0342,0.0340,PATROL,0
276.523,0.0339,0.0340,PATROL,0
276.557,0.0340,0.0340,PATROL,0
276.591,0.0340,0.0340,PATROL,0
276.625,0.0340,0.0340,PATROL,0
276.659,0.0340,0.0340,PATROL,0
276.693,0.0340,0.0340,PATROL,0
276.727,0.0341,0.0340,PATROL,0
276.761,0.0342,0.0340,PATROL,0
276.795,0.0340,0.0340,PATROL,0
276.829,0.0339,0.0340,PATROL,0
276.863,0.0340,0.0340,PATROL,0
276.897,0.0341,0.0340,PATROL,0
276.931,0.0338,0.0340,PATROL,0
276.965,0.0342,0.0340,PATROL,0
276.999,0.0338,0.0340,PATROL,0
277.033,0.0341,0.0340,PATROL,0
277.067,0.0340,0.0340,PATROL,0
277.101,0.0341,0.0340,PATROL,0
277.135,0.0340,0.0340,PATROL,0
277.169,0.0340,0.0340,PATROL,0
277.204,0.0341,0.0340,PATROL,0
277.237,0.0339,0.0340,PATROL,0
277.271,0.0340,0.0340,PATROL,0
277.305,0.0339,0.0340,PATROL,0
277.340,0.0341,0.0340,PATROL,0
277.373,0.0339,0.0340,PATROL,0
277.408,0.0341,0.0340,PATROL,0
277.442,0.0340,0.0340,PATROL,0
277.476,0.0341,0.0340,PATROL,0
277.510,0.0339,0.0340,PATROL,0
277.543,0.0340,0.0340,PATROL,0
277.578,0.0340,0.0340,PATROL,0
277.612,0.0340,0.0340,PATROL,0
277.646,0.0340,0.0340,PATROL,0
277.680,0.0341,0.0340,PATROL,0
277.714,0.0340,0.0340,PATROL,0
277.748,0.0341,0.0340,PATROL,0
277.782,0.0344,0.0340,PATROL,0
277.816,0.0336,0.0340,PATROL,0
277.850,0.0339,0.0340,PATROL,0
277.884,0.0342,0.0340,PATROL,0
277.918,0.0338,0.0340,PATROL,0
277.952,0.0340,0.0340,PATROL,0
277.986,0.0341,0.0340,PATROL,0
278.020,0.0339,0.0340,PATROL,0
278.054,0.0341,0.0340,PATROL,0
278.088,0.0338,0.0340,PATROL,0
278.122,0.0341,0.0340,PATROL,0
278.156,0.0339,0.0340,PATROL,0
278.190,0.0342,0.0340,PATROL,0
278.224,0.0340,0.0340,PATROL,0
278.258,0.0342,0.0340,PATROL,0
278.292,0.0338,0.0340,PATROL,0
278.326,0.0340,0.0340,PATROL,0
278.360,0.0340,0.0340,PATROL,0
278.394,0.0341,0.0340,PATROL,0
278.428,0.0338,0.0340,PATROL,0
278.462,0.0342,0.0340,PATROL,0
278.496,0.0339,0.0340,PATROL,0
278.530,0.0344,0.0340,PATROL,0
278.564,0.0338,0.0340,PATROL,0
278.598,0.0339,0.0340,PATROL,0
278.632,0.0341,0.0340,PATROL,0
278.666,0.0339,0.0340,PATROL,0
278.700,0.0341,0.0340,PATROL,0
278.734,0.0341,0.0340,PATROL,0
278.768,0.0339,0.0340,PATROL,0
278.802,0.0342,0.0340,PATROL,0
278.836,0.0339,0.0340,PATROL,0
278.870,0.0341,0.0340,PATROL,0
278.905,0.0346,0.0340,PATROL,0
278.939,0.0337,0.0340,PATROL,0
278.972,0.0338,0.0340,PATROL,0
279.006,0.0339,0.0340,PATROL,0
279.040,0.0340,0.0340,PATROL,0
279.074,0.0340,0.0340,PATROL,0
279.108,0.0340,0.0340,PATROL,0
279.142,0.0342,0.0340,PATROL,0
279.176,0.0339,0.0340,PATROL,0
279.210,0.0340,0.0340,PATROL,0
279.245,0.0345,0.0340,PATROL,0
279.278,0.0336,0.0340,PATROL,0
279.312,0.0340,0.0340,PATROL,0
279.346,0.0340,0.0340,PATROL,0
279.381,0.0345,0.0340,PATROL,0
279.415,0.0338,0.0340,PATROL,0
279.448,0.0338,0.0340,PATROL,0
279.483,0.0344,0.0340,PATROL,0
279.517,0.0339,0.0340,PATROL,0
279.550,0.0338,0.0340,PATROL,0
279.585,0.0341,0.0340,PATROL,0
279.619,0.0340,0.0340,PATROL,0
279.653,0.0340,0.0340,PATROL,0
279.687,0.0341,0.0340,PATROL,0
279.721,0.0339,0.0340,PATROL,0
279.754,0.0339,0.0340,PATROL,0
279.789,0.0341,0.0340,PATROL,0
279.823,0.0342,0.0340,PATROL,0
279.857,0.0339,0.0340,PATROL,0
279.891,0.0343,0.0340,PATROL,0
279.925,0.0340,0.0340,PATROL,0
279.959,0.0340,0.0340,PATROL,0
279.993,0.0337,0.0340,PATROL,0
280.027,0.0340,0.0340,ALIGN,0
280.061,0.0340,0.0340,ALIGN,0
280.095,0.0343,0.0340,ALIGN,0
280.129,0.0337,0.0340,ALIGN,0
280.163,0.0340,0.0340,ALIGN,0
280.197,0.0342,0.0340,ALIGN,0
280.231,0.0339,0.0340,ALIGN,0
280.265,0.0341,0.0340,ALIGN,0
280.299,0.0341,0.0340,ALIGN,0
280.333,0.0340,0.0340,ALIGN,0
280.367,0.0339,0.0340,ALIGN,0
280.401,0.0339,0.0340,ALIGN,0
280.435,0.0341,0.0340,ALIGN,0
280.469,0.0340,0.0340,ALIGN,0
280.503,0.0339,0.0340,ALIGN,0
280.537,0.0343,0.0340,ALIGN,0
280.571,0.0339,0.0340,ALIGN,0
280.605,0.0345,0.0340,ALIGN,0
280.639,0.0337,0.0340,ALIGN,0
280.673,0.0339,0.0340,ALIGN,0
280.707,0.0339,0.0340,ALIGN,0
280.741,0.0340,0.0340,ALIGN,0
280.775,0.0342,0.0340,ALIGN,0
280.809,0.0340,0.0340,ALIGN,0
280.843,0.0339,0.0340,ALIGN,0
280.877,0.0341,0.0340,ALIGN,0
280.911,0.0340,0.0340,ALIGN,0
280.945,0.0341,0.0340,ALIGN,0
280.979,0.0339,0.0340,ALIGN,0
281.013,0.0343,0.0340,ALIGN,0
281.047,0.0337,0.0340,ALIGN,0
281.081,0.0341,0.0340,ALIGN,0
281.115,0.0340,0.0340,ALIGN,0
281.149,0.0341,0.0340,ALIGN,0
281.183,0.0340,0.0340,ALIGN,0
281.217,0.0341,0.0340,ALIGN,0
281.252,0.0341,0.0340,ALIGN,0
281.285,0.0337,0.0340,ALIGN,0
281.319,0.0340,0.0340,APPROACH,0
281.354,0.0345,0.0340,APPROACH,0
281.388,0.0338,0.0340,APPROACH,0
281.421,0.0338,0.0340,APPROACH,0
281.456,0.0342,0.0340,APPROACH,0
281.489,0.0337,0.0340,APPROACH,0
281.523,0.0341,0.0340,APPROACH,0
281.557,0.0340,0.0340,APPROACH,0
281.591,0.0340,0.0340,APPROACH,0
281.625,0.0341,0.0340,APPROACH,0
281.660,0.0341,0.0340,APPROACH,0
281.694,0.0340,0.0340,APPROACH,0
281.727,0.0338,0.0340,APPROACH,0
281.762,0.0342,0.0340,APPROACH,0
281.795,0.0339,0.0340,APPROACH,0
281.830,0.0341,0.0340,APPROACH,0
281.864,0.0340,0.0340,APPROACH,0
281.898,0.0341,0.0340,APPROACH,0
281.932,0.0341,0.0340,APPROACH,0
281.966,0.0340,0.0340,APPROACH,0
282.000,0.0339,0.0340,APPROACH,0
282.034,0.0339,0.0340,APPROACH,0
282.068,0.0341,0.0340,APPROACH,0
282.102,0.0340,0.0340,APPROACH,0
282.136,0.0341,0.0340,APPROACH,0
282.170,0.0340,0.0340,APPROACH,0
282.204,0.0340,0.0340,APPROACH,0
282.238,0.0340,0.0340,APPROACH,0
282.272,0.0340,0.0340,APPROACH,0
282.306,0.0340,0.0340,APPROACH,0
282.340,0.0341,0.0340,APPROACH,0
282.374,0.0341,0.0340,APPROACH,0
282.408,0.0338,0.0340,APPROACH,0
282.442,0.0341,0.0340,APPROACH,0
282.476,0.0341,0.0340,APPROACH,0
282.510,0.0340,0.0340,APPROACH,0
282.544,0.0338,0.0340,APPROACH,0
282.578,0.0341,0.0340,APPROACH,0
282.612,0.0340,0.0340,APPROACH,0
282.646,0.0340,0.0340,APPROACH,0
282.680,0.0340,0.0340,APPROACH,0
282.714,0.0341,0.0340,APPROACH,0
282.748,0.0342,0.0340,APPROACH,0
282.782,0.0340,0.0340,APPROACH,0
282.816,0.0340,0.0340,APPROACH,0
282.850,0.0341,0.0340,APPROACH,0
282.884,0.0338,0.0340,APPROACH,0
282.918,0.0340,0.0340,APPROACH,0
282.952,0.0341,0.0340,APPROACH,0
282.986,0.0339,0.0340,APPROACH,0
283.020,0.0341,0.0340,APPROACH,0
283.054,0.0339,0.0340,APPROACH,0
283.088,0.0342,0.0340,APPROACH,0
283.122,0.0338,0.0340,APPROACH,0
283.156,0.0341,0.0340,APPROACH,0
283.190,0.0339,0.0340,APPROACH,0
283.224,0.0341,0.0340,APPROACH,0
283.258,0.0339,0.0340,APPROACH,0
283.292,0.0342,0.0340,APPROACH,0
283.327,0.0343,0.0340,APPROACH,0
283.360,0.0337,0.0340,APPROACH,0
283.394,0.0340,0.0340,APPROACH,0
283.428,0.0340,0.0340,APPROACH,0
283.462,0.0340,0.0340,APPROACH,0
283.496,0.0342,0.0340,APPROACH,0
283.530,0.0340,0.0340,APPROACH,0
283.564,0.0340,0.0340,APPROACH,0
283.598,0.0340,0.0340,APPROACH,0
283.632,0.0341,0.0340,APPROACH,0
283.667,0.0341,0.0340,APPROACH,0
283.700,0.0338,0.0340,APPROACH,0
283.734,0.0340,0.0340,APPROACH,0
283.768,0.0340,0.0340,APPROACH,0
283.802,0.0340,0.0340,APPROACH,0
283.837,0.0344,0.0340,APPROACH,0
283.870,0.0336,0.0340,APPROACH,0
283.905,0.0341,0.0340,APPROACH,0
283.938,0.0339,0.0340,APPROACH,0
283.973,0.0342,0.0340,APPROACH,0
284.007,0.0341,0.0340,APPROACH,0
284.041,0.0340,0.0340,APPROACH,0
284.075,0.0342,0.0340,APPROACH,0
284.109,0.0337,0.0340,APPROACH,0
284.143,0.0340,0.0340,APPROACH,0
284.177,0.0341,0.0340,APPROACH,0
284.211,0.0340,0.0340,APPROACH,0
284.245,0.0340,0.0340,APPROACH,0
284.279,0.0339,0.0340,APPROACH,0
284.313,0.0340,0.0340,APPROACH,0
284.347,0.0342,0.0340,APPROACH,0
284.381,0.0341,0.0340,APPROACH,0
284.415,0.0339,0.0340,APPROACH,0
284.449,0.0338,0.0340,APPROACH,0
284.483,0.0341,0.0340,APPROACH,0
284.517,0.0341,0.0340,APPROACH,0
284.551,0.0340,0.0340,APPROACH,0
284.585,0.0338,0.0340,APPROACH,0
284.619,0.0340,0.0340,APPROACH,0
284.653,0.0341,0.0340,APPROACH,0
284.687,0.0339,0.0340,APPROACH,0
284.721,0.0340,0.0340,APPROACH,0
284.755,0.0339,0.0340,APPROACH,0
284.789,0.0343,0.0340,APPROACH,0
284.823,0.0339,0.0340,APPROACH,0
284.857,0.0340,0.0340,APPROACH,0
284.891,0.0340,0.0340,APPROACH,0
284.925,0.0341,0.0340,APPROACH,0
284.959,0.0340,0.0340,APPROACH,0
284.993,0.0339,0.0340,APPROACH,0
285.027,0.0341,0.0340,APPROACH,0
285.061,0.0340,0.0340,APPROACH,0
285.095,0.0339,0.0340,APPROACH,0
285.129,0.0344,0.0340,APPROACH,0
285.163,0.0338,0.0340,APPROACH,0
285.197,0.0339,0.0340,APPROACH,0
285.231,0.0341,0.0340,APPROACH,0
285.265,0.0341,0.0340,APPROACH,0
285.299,0.0339,0.0340,APPROACH,0
285.333,0.0340,0.0340,APPROACH,0
285.367,0.0343,0.0340,APPROACH,0
285.401,0.0337,0.0340,APPROACH,0
285.435,0.0342,0.0340,APPROACH,0
285.469,0.0340,0.0340,APPROACH,0
285.503,0.0340,0.0340,APPROACH,0
285.537,0.0340,0.0340,APPROACH,0
285.571,0.0339,0.0340,APPROACH,0
285.605,0.0344,0.0340,APPROACH,0
285.639,0.0338,0.0340,APPROACH,0
285.673,0.0342,0.0340,APPROACH,0
285.707,0.0338,0.0340,APPROACH,0
285.741,0.0342,0.0340,APPROACH,0
285.775,0.0340,0.0340,APPROACH,0
285.809,0.0340,0.0340,APPROACH,0
285.843,0.0340,0.0340,APPROACH,0
285.877,0.0339,0.0340,APPROACH,0
285.911,0.0340,0.0340,APPROACH,0
285.945,0.0342,0.0340,APPROACH,0
285.979,0.0340,0.0340,APPROACH,0
286.013,0.0340,0.0340,APPROACH,0
286.047,0.0339,0.0340,APPROACH,0
286.082,0.0341,0.0340,APPROACH,0
286.115,0.0339,0.0340,APPROACH,0
286.149,0.0339,0.0340,APPROACH,0
286.184,0.0342,0.0340,APPROACH,0
286.218,0.0340,0.0340,APPROACH,0
286.251,0.0339,0.0340,APPROACH,0
286.286,0.0342,0.0340,APPROACH,0
286.320,0.0339,0.0340,APPROACH,0
286.354,0.0341,0.0340,APPROACH,0
286.388,0.0340,0.0340,APPROACH,0
286.422,0.0340,0.0340,APPROACH,0
286.456,0.0341,0.0340,APPROACH,0
286.490,0.0340,0.0340,APPROACH,0
286.524,0.0340,0.0340,APPROACH,0
286.558,0.0338,0.0340,APPROACH,0
286.592,0.0340,0.0340,APPROACH,0
286.626,0.0340,0.0340,APPROACH,0
286.660,0.0341,0.0340,APPROACH,0
286.694,0.0339,0.0340,APPROACH,0
286.728,0.0340,0.0340,APPROACH,0
286.762,0.0340,0.0340,APPROACH,0
286.796,0.0340,0.0340,APPROACH,0
286.830,0.0341,0.0340,APPROACH,0
286.864,0.0339,0.0340,APPROACH,0
286.898,0.0341,0.0340,APPROACH,0
286.932,0.0339,0.0340,APPROACH,0
286.966,0.0341,0.0340,APPROACH,0
287.000,0.0338,0.0340,APPROACH,0
287.034,0.0341,0.0340,APPROACH,0
287.068,0.0340,0.0340,APPROACH,0
287.102,0.0340,0.0340,APPROACH,0
287.136,0.0339,0.0340,APPROACH,0
287.170,0.0341,0.0340,APPROACH,0
287.204,0.0340,0.0340,APPROACH,0
287.238,0.0342,0.0340,APPROACH,0
287.272,0.0339,0.0340,APPROACH,0
287.306,0.0340,0.0340,APPROACH,0
287.340,0.0343,0.0340,APPROACH,0
287.374,0.0339,0.0340,APPROACH,0
287.408,0.0340,0.0340,APPROACH,0
287.442,0.0341,0.0340,APPROACH,0
287.476,0.0340,0.0340,APPROACH,0
287.510,0.0339,0.0340,APPROACH,0
287.544,0.0342,0.0340,APPROACH,0
287.578,0.0338,0.0340,APPROACH,0
287.612,0.0340,0.0340,APPROACH,0
287.646,0.0340,0.0340,APPROACH,0
287.680,0.0340,0.0340,APPROACH,0
287.714,0.0343,0.0340,APPROACH,0
287.749,0.0344,0.0340,APPROACH,0
287.782,0.0336,0.0340,APPROACH,0
287.817,0.0343,0.0340,APPROACH,0
287.850,0.0336,0.0340,APPROACH,0
287.884,0.0341,0.0340,APPROACH,0
287.918,0.0338,0.0340,APPROACH,0
287.952,0.0343,0.0340,APPROACH,0
287.986,0.0338,0.0340,APPROACH,0
288.020,0.0341,0.0340,APPROACH,0
288.054,0.0339,0.0340,APPROACH,0
288.088,0.0341,0.0340,APPROACH,0
288.123,0.0342,0.0340,APPROACH,0
288.157,0.0339,0.0340,APPROACH,0
288.191,0.0341,0.0340,APPROACH,0
288.224,0.0336,0.0340,APPROACH,0
288.258,0.0340,0.0340,APPROACH,0
288.292,0.0340,0.0340,APPROACH,0
288.326,0.0341,0.0340,APPROACH,0
288.360,0.0340,0.0340,APPROACH,0
288.394,0.0340,0.0340,APPROACH,0
288.429,0.0342,0.0340,APPROACH,0
288.462,0.0338,0.0340,APPROACH,0
288.497,0.0340,0.0340,APPROACH,0
288.531,0.0342,0.0340,APPROACH,0
288.564,0.0338,0.0340,APPROACH,0
288.599,0.0341,0.0340,APPROACH,0
288.633,0.0340,0.0340,APPROACH,0
288.667,0.0340,0.0340,APPROACH,0
288.701,0.0340,0.0340,APPROACH,0
288.735,0.0341,0.0340,APPROACH,0
288.769,0.0341,0.0340,APPROACH,0
288.803,0.0338,0.0340,APPROACH,0
288.837,0.0343,0.0340,APPROACH,0
288.871,0.0338,0.0340,APPROACH,0
288.905,0.0339,0.0340,APPROACH,0
288.939,0.0341,0.0340,APPROACH,0
288.973,0.0339,0.0340,APPROACH,0
289.007,0.0340,0.0340,APPROACH,0
289.041,0.0341,0.0340,APPROACH,0
289.075,0.0340,0.0340,APPROACH,0
289.109,0.0340,0.0340,APPROACH,0
289.143,0.0341,0.0340,APPROACH,0
289.177,0.0340,0.0340,APPROACH,0
289.211,0.0339,0.0340,APPROACH,0
289.245,0.0339,0.0340,APPROACH,0
289.279,0.0340,0.0340,APPROACH,0
289.313,0.0340,0.0340,APPROACH,0
289.347,0.0342,0.0340,APPROACH,0
289.381,0.0340,0.0340,APPROACH,0
289.415,0.0339,0.0340,APPROACH,0
289.449,0.0343,0.0340,APPROACH,0
289.483,0.0338,0.0340,APPROACH,0
289.517,0.0339,0.0340,APPROACH,0
289.551,0.0340,0.0340,APPROACH,0
289.585,0.0339,0.0340,APPROACH,0
289.619,0.0340,0.0340,APPROACH,0
289.653,0.0341,0.0340,APPROACH,0
289.687,0.0339,0.0340,APPROACH,0
289.721,0.0340,0.0340,APPROACH,0
289.755,0.0341,0.0340,APPROACH,0
289.789,0.0341,0.0340,APPROACH,0
289.823,0.0342,0.0340,APPROACH,0
289.857,0.0344,0.0340,APPROACH,0
289.891,0.0338,0.0340,APPROACH,0
289.925,0.0339,0.0340,APPROACH,0
289.959,0.0342,0.0340,APPROACH,0
289.993,0.0339,0.0340,APPROACH,0
290.027,0.0340,0.0340,APPROACH,0
290.061,0.0340,0.0340,APPROACH,0
290.095,0.0341,0.0340,APPROACH,0
290.129,0.0340,0.0340,APPROACH,0
290.164,0.0344,0.0340,APPROACH,0
290.198,0.0338,0.0340,APPROACH,0
290.231,0.0339,0.0340,APPROACH,0
290.266,0.0342,0.0340,APPROACH,0
290.299,0.0338,0.0340,APPROACH,0
290.334,0.0340,0.0340,APPROACH,0
290.367,0.0340,0.0340,APPROACH,0
290.401,0.0340,0.0340,APPROACH,0
290.435,0.0340,0.0340,APPROACH,0
290.469,0.0340,0.0340,APPROACH,0
290.504,0.0341,0.0340,APPROACH,0
290.538,0.0340,0.0340,BLIND_DASH,0
290.571,0.0339,0.0340,BLIND_DASH,0
290.606,0.0342,0.0340,BLIND_DASH,0
290.640,0.0339,0.0340,BLIND_DASH,0
290.674,0.0342,0.0340,BLIND_DASH,0
290.708,0.0339,0.0340,BLIND_DASH,0
290.742,0.0340,0.0340,BLIND_DASH,0
290.776,0.0341,0.0340,BLIND_DASH,0
290.810,0.0340,0.0340,PATROL,0
290.844,0.0341,0.0340,PATROL,0
290.878,0.0340,0.0340,PATROL,0
290.912,0.0340,0.0340,PATROL,0
290.946,0.0340,0.0340,PATROL,0
290.980,0.0339,0.0340,PATROL,0
291.014,0.0340,0.0340,PATROL,0
291.048,0.0340,0.0340,PATROL,0
291.082,0.0341,0.0340,PATROL,0
291.116,0.0342,0.0340,PATROL,0
291.150,0.0339,0.0340,PATROL,0
291.184,0.0341,0.0340,PATROL,0
291.218,0.0341,0.0340,PATROL,0
291.252,0.0338,0.0340,PATROL,0
291.286,0.0341,0.0340,PATROL,0
291.320,0.0340,0.0340,PATROL,0
291.354,0.0340,0.0340,PATROL,0
291.388,0.0342,0.0340,PATROL,0
291.422,0.0341,0.0340,PATROL,0
291.456,0.0338,0.0340,PATROL,0
291.490,0.0342,0.0340,PATROL,0
291.524,0.0340,0.0340,PATROL,0
291.558,0.0339,0.0340,PATROL,0
291.592,0.0343,0.0340,PATROL,0
291.626,0.0337,0.0340,PATROL,0
291.660,0.0340,0.0340,PATROL,0
291.694,0.0339,0.0340,PATROL,0
291.728,0.0341,0.0340,PATROL,0
291.762,0.0340,0.0340,PATROL,0
291.796,0.0340,0.0340,PATROL,0
291.830,0.0341,0.0340,PATROL,0
291.864,0.0340,0.0340,PATROL,0
291.898,0.0340,0.0340,PATROL,0
291.932,0.0339,0.0340,PATROL,0
291.966,0.0343,0.0340,PATROL,0
292.000,0.0339,0.0340,PATROL,0
292.034,0.0338,0.0340,PATROL,0
292.068,0.0341,0.0340,PATROL,0
292.102,0.0340,0.0340,PATROL,0
292.136,0.0339,0.0340,PATROL,0
292.170,0.0341,0.0340,PATROL,0
292.205,0.0342,0.0340,PATROL,0
292.239,0.0340,0.0340,PATROL,0
292.272,0.0338,0.0340,PATROL,0
292.306,0.0340,0.0340,PATROL,0
292.340,0.0341,0.0340,PATROL,0
292.374,0.0339,0.0340,PATROL,0
292.408,0.0341,0.0340,PATROL,0
292.443,0.0341,0.0340,PATROL,0
292.476,0.0339,0.0340,PATROL,0
292.511,0.0343,0.0340,PATROL,0
292.545,0.0340,0.0340,PATROL,0
292.579,0.0342,0.0340,PATROL,0
292.613,0.0340,0.0340,PATROL,0
292.647,0.0338,0.0340,PATROL,0
292.681,0.0340,0.0340,PATROL,0
292.715,0.0341,0.0340,PATROL,0
292.749,0.0339,0.0340,PATROL,0
292.783,0.0340,0.0340,PATROL,0
292.817,0.0340,0.0340,PATROL,0
292.851,0.0342,0.0340,PATROL,0
292.885,0.0337,0.0340,PATROL,0
292.919,0.0341,0.0340,PATROL,0
292.953,0.0341,0.0340,PATROL,0
292.987,0.0339,0.0340,PATROL,0
293.021,0.0343,0.0340,PATROL,0
293.055,0.0339,0.0340,PATROL,0
293.089,0.0341,0.0340,PATROL,0
293.123,0.0340,0.0340,PATROL,0
293.157,0.0340,0.0340,PATROL,0
293.191,0.0340,0.0340,PATROL,0
293.225,0.0340,0.0340,PATROL,0
293.259,0.0339,0.0340,PATROL,0
293.293,0.0344,0.0340,PATROL,0
293.327,0.0339,0.0340,PATROL,0
293.361,0.0339,0.0340,PATROL,0
293.395,0.0339,0.0340,PATROL,0
293.429,0.0340,0.0340,PATROL,0
293.463,0.0340,0.0340,PATROL,0
293.497,0.0340,0.0340,PATROL,0
293.531,0.0342,0.0340,PATROL,0
293.565,0.0339,0.0340,PATROL,0
293.599,0.0344,0.0340,PATROL,0
293.633,0.0336,0.0340,PATROL,0
293.667,0.0340,0.0340,PATROL,0
293.701,0.0340,0.0340,PATROL,0
293.735,0.0341,0.0340,PATROL,0
293.769,0.0340,0.0340,PATROL,0
293.803,0.0341,0.0340,PATROL,0
293.837,0.0341,0.0340,PATROL,0
293.871,0.0341,0.0340,PATROL,0
293.905,0.0341,0.0340,PATROL,0
293.940,0.0346,0.0340,PATROL,0
293.973,0.0335,0.0340,PATROL,0
294.007,0.0340,0.0340,PATROL,0
294.042,0.0341,0.0340,PATROL,0
294.075,0.0338,0.0340,PATROL,0
294.109,0.0340,0.0340,PATROL,0
294.143,0.0340,0.0340,PATROL,0
294.177,0.0340,0.0340,PATROL,0
294.211,0.0340,0.0340,PATROL,0
294.246,0.0342,0.0340,PATROL,0
294.279,0.0338,0.0340,PATROL,0
294.314,0.0342,0.0340,PATROL,0
294.348,0.0343,0.0340,PATROL,0
294.382,0.0338,0.0340,PATROL,0
294.416,0.0339,0.0340,PATROL,0
294.450,0.0340,0.0340,PATROL,0
294.484,0.0339,0.0340,PATROL,0
294.518,0.0341,0.0340,PATROL,0
294.552,0.0343,0.0340,PATROL,0
294.586,0.0337,0.0340,PATROL,0
294.619,0.0338,0.0340,PATROL,0
294.654,0.0341,0.0340,PATROL,0
294.687,0.0339,0.0340,PATROL,0
294.722,0.0342,0.0340,PATROL,0
294.756,0.0339,0.0340,PATROL,0
294.790,0.0340,0.0340,PATROL,0
294.824,0.0343,0.0340,PATROL,0
294.858,0.0338,0.0340,PATROL,0
294.892,0.0340,0.0340,PATROL,0
294.926,0.0340,0.0340,PATROL,0
294.960,0.0340,0.0340,PATROL,0
294.994,0.0347,0.0340,PATROL,0
295.028,0.0333,0.0340,PATROL,0
295.062,0.0339,0.0340,PATROL,0
295.096,0.0340,0.0340,PATROL,0
295.130,0.0341,0.0340,PATROL,0
295.164,0.0340,0.0340,PATROL,0
295.198,0.0339,0.0340,PATROL,0
295.232,0.0342,0.0340,PATROL,0
295.266,0.0340,0.0340,PATROL,0
295.300,0.0338,0.0340,PATROL,0
295.334,0.0341,0.0340,PATROL,0
295.368,0.0340,0.0340,PATROL,0
295.402,0.0341,0.0340,PATROL,0
295.436,0.0339,0.0340,PATROL,0
295.470,0.0339,0.0340,PATROL,0
295.504,0.0340,0.0340,PATROL,0
295.538,0.0340,0.0340,PATROL,0
295.572,0.0342,0.0340,PATROL,0
295.606,0.0343,0.0340,PATROL,0
295.640,0.0339,0.0340,PATROL,0
295.674,0.0339,0.0340,PATROL,0
295.708,0.0337,0.0340,PATROL,0
295.742,0.0340,0.0340,PATROL,0
295.776,0.0340,0.0340,PATROL,0
295.810,0.0341,0.0340,PATROL,0
295.844,0.0341,0.0340,PATROL,0
295.878,0.0340,0.0340,PATROL,0
295.912,0.0339,0.0340,PATROL,0
295.946,0.0342,0.0340,PATROL,0
295.980,0.0342,0.0340,PATROL,0
296.014,0.0338,0.0340,PATROL,0
296.048,0.0339,0.0340,PATROL,0
296.082,0.0340,0.0340,PATROL,0
296.116,0.0340,0.0340,PATROL,0
296.150,0.0341,0.0340,PATROL,0
296.184,0.0340,0.0340,PATROL,0
296.218,0.0340,0.0340,PATROL,0
296.252,0.0341,0.0340,PATROL,0
296.286,0.0338,0.0340,PATROL,0
296.320,0.0344,0.0340,PATROL,0
296.354,0.0339,0.0340,PATROL,0
296.388,0.0337,0.0340,PATROL,0
296.422,0.0340,0.0340,PATROL,0
296.456,0.0339,0.0340,PATROL,0
296.490,0.0341,0.0340,PATROL,0
296.524,0.0340,0.0340,PATROL,0
296.558,0.0340,0.0340,PATROL,0
296.592,0.0339,0.0340,PATROL,0
296.626,0.0340,0.0340,PATROL,0
296.660,0.0340,0.0340,PATROL,0
296.694,0.0342,0.0340,PATROL,0
296.728,0.0338,0.0340,PATROL,0
296.762,0.0342,0.0340,PATROL,0
296.796,0.0338,0.0340,PATROL,0
296.830,0.0342,0.0340,PATROL,0
296.864,0.0339,0.0340,PATROL,0
296.898,0.0340,0.0340,PATROL,0
296.932,0.0340,0.0340,PATROL,0
296.966,0.0340,0.0340,PATROL,0
297.000,0.0340,0.0340,PATROL,0
297.034,0.0340,0.0340,PATROL,0
297.068,0.0340,0.0340,PATROL,0
297.102,0.0341,0.0340,PATROL,0
297.136,0.0340,0.0340,PATROL,0
297.170,0.0339,0.0340,PATROL,0
297.204,0.0340,0.0340,PATROL,0
297.238,0.0342,0.0340,PATROL,0
297.272,0.0343,0.0340,PATROL,0
297.306,0.0341,0.0340,PATROL,0
297.341,0.0344,0.0340,PATROL,0
297.375,0.0340,0.0340,PATROL,0
297.409,0.0340,0.0340,PATROL,0
297.443,0.0340,0.0340,PATROL,0
297.477,0.0340,0.0340,PATROL,0
297.511,0.0339,0.0340,PATROL,0
297.545,0.0342,0.0340,PATROL,0
297.579,0.0340,0.0340,PATROL,0
297.613,0.0342,0.0340,PATROL,0
297.647,0.0339,0.0340,PATROL,0
297.681,0.0342,0.0340,PATROL,0
297.715,0.0340,0.0340,PATROL,0
297.749,0.0339,0.0340,PATROL,0
297.783,0.0342,0.0340,PATROL,0
297.817,0.0339,0.0340,PATROL,0
297.851,0.0340,0.0340,PATROL,0
297.885,0.0341,0.0340,PATROL,0
297.919,0.0340,0.0340,PATROL,0
297.953,0.0341,0.0340,PATROL,0
297.987,0.0339,0.0340,PATROL,0
298.021,0.0340,0.0340,PATROL,0
298.055,0.0341,0.0340,PATROL,0
298.089,0.0340,0.0340,PATROL,0
298.124,0.0342,0.0340,PATROL,0
298.157,0.0337,0.0340,PATROL,0
298.192,0.0347,0.0340,PATROL,0
298.226,0.0339,0.0340,PATROL,0
298.260,0.0338,0.0340,PATROL,0
298.294,0.0340,0.0340,PATROL,0
298.328,0.0339,0.0340,PATROL,0
298.362,0.0341,0.0340,PATROL,0
298.396,0.0343,0.0340,PATROL,0
298.429,0.0336,0.0340,PATROL,0
298.464,0.0342,0.0340,PATROL,0
298.498,0.0339,0.0340,PATROL,0
298.532,0.0341,0.0340,PATROL,0
298.566,0.0339,0.0340,PATROL,0
298.600,0.0340,0.0340,PATROL,0
298.634,0.0341,0.0340,PATROL,0
298.668,0.0340,0.0340,PATROL,0
298.702,0.0340,0.0340,PATROL,0
298.736,0.0341,0.0340,PATROL,0
298.770,0.0339,0.0340,PATROL,0
298.804,0.0339,0.0340,PATROL,0
298.838,0.0342,0.0340,PATROL,0
298.872,0.0339,0.0340,PATROL,0
298.906,0.0342,0.0340,PATROL,0
298.940,0.0339,0.0340,PATROL,0
298.974,0.0342,0.0340,PATROL,0
299.008,0.0342,0.0340,PATROL,0
299.042,0.0337,0.0340,PATROL,0
299.076,0.0341,0.0340,PATROL,0
299.110,0.0342,0.0340,PATROL,0
299.144,0.0338,0.0340,PATROL,0
299.178,0.0339,0.0340,PATROL,0
299.212,0.0340,0.0340,PATROL,0
299.246,0.0340,0.0340,PATROL,0
299.280,0.0342,0.0340,PATROL,0
299.314,0.0338,0.0340,PATROL,0
299.348,0.0342,0.0340,PATROL,0
299.382,0.0342,0.0340,PATROL,0
299.416,0.0338,0.0340,PATROL,0
299.450,0.0341,0.0340,PATROL,0
299.484,0.0337,0.0340,PATROL,0
299.518,0.0343,0.0340,PATROL,0
299.552,0.0340,0.0340,PATROL,0
299.586,0.0339,0.0340,PATROL,0
299.620,0.0341,0.0340,PATROL,0
299.654,0.0339,0.0340,PATROL,0
299.688,0.0341,0.0340,PATROL,0
299.722,0.0340,0.0340,PATROL,0
299.756,0.0341,0.0340,PATROL,0
299.790,0.0340,0.0340,PATROL,0
299.824,0.0340,0.0340,PATROL,0
299.858,0.0340,0.0340,PATROL,0
299.892,0.0340,0.0340,PATROL,0
299.926,0.0340,0.0340,PATROL,0
299.960,0.0342,0.0340,PATROL,0
299.994,0.0339,0.0340,PATROL,0
300.028,0.0341,0.0340,PATROL,0
300.062,0.0339,0.0340,PATROL,0
300.096,0.0342,0.0340,PATROL,0
300.130,0.0338,0.0340,PATROL,0
300.164,0.0339,0.0340,PATROL,0
300.198,0.0343,0.0340,PATROL,0
300.232,0.0340,0.0340,PATROL,0
300.266,0.0339,0.0340,PATROL,0
300.300,0.0340,0.0340,PATROL,0
300.335,0.0343,0.0340,PATROL,0
300.368,0.0340,0.0340,PATROL,0
300.402,0.0338,0.0340,PATROL,0
300.437,0.0344,0.0340,PATROL,0
300.470,0.0337,0.0340,PATROL,0
300.505,0.0343,0.0340,PATROL,0
300.538,0.0337,0.0340,PATROL,0
300.572,0.0340,0.0340,PATROL,0
300.607,0.0341,0.0340,PATROL,0
300.641,0.0342,0.0340,PATROL,0
300.674,0.0337,0.0340,PATROL,0
300.709,0.0342,0.0340,PATROL,0
300.743,0.0339,0.0340,PATROL,0
300.777,0.0341,0.0340,PATROL,0
300.811,0.0340,0.0340,PATROL,0
300.845,0.0340,0.0340,PATROL,0
300.879,0.0340,0.0340,PATROL,0
300.913,0.0339,0.0340,PATROL,0
300.947,0.0341,0.0340,PATROL,0
300.981,0.0339,0.0340,PATROL,0
301.015,0.0339,0.0340,PATROL,0
301.049,0.0341,0.0340,PATROL,0
301.083,0.0340,0.0340,PATROL,0
301.117,0.0339,0.0340,PATROL,0
301.151,0.0339,0.0340,PATROL,0
301.185,0.0340,0.0340,PATROL,0
301.219,0.0340,0.0340,PATROL,0
301.253,0.0342,0.0340,PATROL,0
301.287,0.0339,0.0340,PATROL,0
301.321,0.0341,0.0340,PATROL,0
301.355,0.0340,0.0340,PATROL,0
301.389,0.0341,0.0340,PATROL,0
301.423,0.0341,0.0340,PATROL,0
301.457,0.0337,0.0340,PATROL,0
301.491,0.0341,0.0340,PATROL,0
301.525,0.0341,0.0340,PATROL,0
301.559,0.0341,0.0340,PATROL,0
301.593,0.0339,0.0340,PATROL,0
301.627,0.0340,0.0340,PATROL,0
301.661,0.0339,0.0340,PATROL,0
301.695,0.0346,0.0340,PATROL,0
301.729,0.0339,0.0340,PATROL,0
301.763,0.0339,0.0340,PATROL,0
301.797,0.0343,0.0340,PATROL,0
301.831,0.0337,0.0340,PATROL,0
301.865,0.0341,0.0340,PATROL,0
301.899,0.0339,0.0340,PATROL,0
301.933,0.0340,0.0340,PATROL,0
301.967,0.0340,0.0340,PATROL,0
302.001,0.0341,0.0340,PATROL,0
302.035,0.0341,0.0340,PATROL,0
302.069,0.0339,0.0340,PATROL,0
302.103,0.0341,0.0340,PATROL,0
302.137,0.0341,0.0340,PATROL,0
302.171,0.0339,0.0340,PATROL,0
302.205,0.0340,0.0340,PATROL,0
302.239,0.0340,0.0340,PATROL,0
302.273,0.0341,0.0340,PATROL,0
302.307,0.0339,0.0340,PATROL,0
302.341,0.0341,0.0340,PATROL,0
302.375,0.0339,0.0340,PATROL,0
302.409,0.0340,0.0340,PATROL,0
302.443,0.0340,0.0340,PATROL,0
302.477,0.0340,0.0340,PATROL,0
302.512,0.0342,0.0340,PATROL,0
302.545,0.0339,0.0340,PATROL,0
302.580,0.0342,0.0340,PATROL,0
302.613,0.0338,0.0340,PATROL,0
302.647,0.0340,0.0340,PATROL,0
302.682,0.0344,0.0340,PATROL,0
302.716,0.0340,0.0340,PATROL,0
302.750,0.0338,0.0340,PATROL,0
302.784,0.0342,0.0340,PATROL,0
302.817,0.0336,0.0340,PATROL,0
302.852,0.0342,0.0340,PATROL,0
302.886,0.0340,0.0340,PATROL,0
302.920,0.0340,0.0340,PATROL,0
302.954,0.0341,0.0340,PATROL,0
302.988,0.0339,0.0340,PATROL,0
303.022,0.0341,0.0340,PATROL,0
303.056,0.0340,0.0340,PATROL,0
303.090,0.0340,0.0340,PATROL,0
303.124,0.0339,0.0340,PATROL,0
303.158,0.0341,0.0340,PATROL,0
303.192,0.0338,0.0340,PATROL,0
303.226,0.0342,0.0340,PATROL,0
303.260,0.0339,0.0340,PATROL,0
303.294,0.0341,0.0340,PATROL,0
303.328,0.0338,0.0340,PATROL,0
303.362,0.0342,0.0340,PATROL,0
303.396,0.0341,0.0340,PATROL,0
303.430,0.0339,0.0340,PATROL,0
303.464,0.0341,0.0340,PATROL,0
303.498,0.0341,0.0340,PATROL,0
303.532,0.0337,0.0340,PATROL,0
303.566,0.0341,0.0340,PATROL,0
303.600,0.0339,0.0340,PATROL,0
303.634,0.0340,0.0340,PATROL,0
303.668,0.0340,0.0340,PATROL,0
303.702,0.0342,0.0340,PATROL,0
303.736,0.0339,0.0340,PATROL,0
303.770,0.0342,0.0340,PATROL,0
303.804,0.0339,0.0340,PATROL,0
303.838,0.0341,0.0340,PATROL,0
303.872,0.0340,0.0340,PATROL,0
303.906,0.0339,0.0340,PATROL,0
303.940,0.0340,0.0340,PATROL,0
303.974,0.0341,0.0340,PATROL,0
304.008,0.0339,0.0340,PATROL,0
304.043,0.0346,0.0340,PATROL,0
304.076,0.0338,0.0340,PATROL,0
304.110,0.0341,0.0340,PATROL,0
304.144,0.0340,0.0340,PATROL,0
304.178,0.0338,0.0340,PATROL,0
304.212,0.0340,0.0340,PATROL,0
304.246,0.0340,0.0340,PATROL,0
304.280,0.0340,0.0340,PATROL,0
304.314,0.0340,0.0340,PATROL,0
304.348,0.0341,0.0340,PATROL,0
304.382,0.0340,0.0340,PATROL,0
304.416,0.0340,0.0340,PATROL,0
304.450,0.0340,0.0340,PATROL,0
304.484,0.0341,0.0340,PATROL,0
304.518,0.0339,0.0340,PATROL,0
304.552,0.0340,0.0340,PATROL,0
304.586,0.0341,0.0340,PATROL,0
304.620,0.0340,0.0340,PATROL,0
304.654,0.0341,0.0340,PATROL,0
304.689,0.0341,0.0340,PATROL,0
304.722,0.0339,0.0340,PATROL,0
304.757,0.0342,0.0340,PATROL,0
304.791,0.0340,0.0340,PATROL,0
304.825,0.0340,0.0340,PATROL,0
304.858,0.0338,0.0340,PATROL,0
304.893,0.0341,0.0340,PATROL,0
304.927,0.0340,0.0340,PATROL,0
304.961,0.0341,0.0340,PATROL,0
304.995,0.0340,0.0340,PATROL,0
305.029,0.0341,0.0340,PATROL,0
305.063,0.0338,0.0340,PATROL,0
305.097,0.0342,0.0340,PATROL,0
305.131,0.0338,0.0340,PATROL,0
305.165,0.0340,0.0340,PATROL,0
305.199,0.0342,0.0340,PATROL,0
305.233,0.0338,0.0340,PATROL,0
305.267,0.0342,0.0340,PATROL,0
305.301,0.0340,0.0340,PATROL,0
305.335,0.0339,0.0340,PATROL,0
305.369,0.0340,0.0340,PATROL,0
305.403,0.0340,0.0340,PATROL,0
305.437,0.0340,0.0340,PATROL,0
305.471,0.0342,0.0340,PATROL,0
305.505,0.0342,0.0340,PATROL,0
305.539,0.0340,0.0340,PATROL,0
305.573,0.0340,0.0340,PATROL,0
305.607,0.0340,0.0340,PATROL,0
305.641,0.0339,0.0340,PATROL,0
305.675,0.0342,0.0340,PATROL,0
305.709,0.0339,0.0340,PATROL,0
305.743,0.0341,0.0340,PATROL,0
305.777,0.0340,0.0340,PATROL,0
305.811,0.0338,0.0340,PATROL,0
305.845,0.0342,0.0340,PATROL,0
305.879,0.0340,0.0340,PATROL,0
305.913,0.0339,0.0340,PATROL,0
305.947,0.0341,0.0340,PATROL,0
305.981,0.0339,0.0340,PATROL,0
306.015,0.0341,0.0340,PATROL,0
306.049,0.0340,0.0340,PATROL,0
306.083,0.0342,0.0340,PATROL,0
306.117,0.0339,0.0340,PATROL,0
306.151,0.0340,0.0340,PATROL,0
306.185,0.0343,0.0340,PATROL,0
306.219,0.0337,0.0340,PATROL,0
306.253,0.0344,0.0340,PATROL,0
306.287,0.0337,0.0340,PATROL,0
306.321,0.0340,0.0340,PATROL,0
306.355,0.0341,0.0340,PATROL,0
306.389,0.0340,0.0340,PATROL,0
306.423,0.0339,0.0340,PATROL,0
306.457,0.0340,0.0340,PATROL,0
306.491,0.0340,0.0340,PATROL,0
306.525,0.0341,0.0340,PATROL,0
306.559,0.0340,0.0340,PATROL,0
306.593,0.0339,0.0340,PATROL,0
306.627,0.0341,0.0340,PATROL,0
306.661,0.0340,0.0340,PATROL,0
306.695,0.0341,0.0340,PATROL,0
306.729,0.0339,0.0340,PATROL,0
306.763,0.0340,0.0340,PATROL,0
306.797,0.0341,0.0340,PATROL,0
306.831,0.0340,0.0340,PATROL,0
306.865,0.0339,0.0340,PATROL,0
306.900,0.0343,0.0340,PATROL,0
306.933,0.0339,0.0340,PATROL,0
306.968,0.0341,0.0340,PATROL,0
307.001,0.0339,0.0340,PATROL,0
307.036,0.0341,0.0340,PATROL,0
307.069,0.0338,0.0340,PATROL,0
307.103,0.0341,0.0340,PATROL,0
307.137,0.0339,0.0340,PATROL,0
307.172,0.0343,0.0340,PATROL,0
307.206,0.0339,0.0340,PATROL,0
307.240,0.0340,0.0340,PATROL,0
307.274,0.0339,0.0340,PATROL,0
307.308,0.0340,0.0340,PATROL,0
307.342,0.0341,0.0340,PATROL,0
307.376,0.0340,0.0340,PATROL,0
307.410,0.0342,0.0340,PATROL,0
307.444,0.0339,0.0340,PATROL,0
307.478,0.0341,0.0340,PATROL,0
307.512,0.0339,0.0340,PATROL,0
307.546,0.0342,0.0340,PATROL,0
307.580,0.0339,0.0340,PATROL,0
307.614,0.0340,0.0340,PATROL,0
307.648,0.0340,0.0340,PATROL,0
307.682,0.0340,0.0340,PATROL,0
307.716,0.0339,0.0340,PATROL,0
307.750,0.0341,0.0340,PATROL,0
307.784,0.0339,0.0340,PATROL,0
307.818,0.0340,0.0340,PATROL,0
307.852,0.0340,0.0340,PATROL,0
307.886,0.0342,0.0340,PATROL,0
307.920,0.0338,0.0340,PATROL,0
307.954,0.0341,0.0340,PATROL,0
307.988,0.0340,0.0340,PATROL,0
308.022,0.0339,0.0340,PATROL,0
308.056,0.0342,0.0340,PATROL,0
308.090,0.0338,0.0340,PATROL,0
308.124,0.0341,0.0340,PATROL,0
308.158,0.0340,0.0340,PATROL,0
308.192,0.0342,0.0340,PATROL,0
308.226,0.0339,0.0340,PATROL,0
308.260,0.0339,0.0340,PATROL,0
308.294,0.0340,0.0340,PATROL,0
308.328,0.0343,0.0340,PATROL,0
308.362,0.0341,0.0340,PATROL,0
308.396,0.0338,0.0340,PATROL,0
308.430,0.0339,0.0340,PATROL,0
308.464,0.0340,0.0340,PATROL,0
308.498,0.0340,0.0340,PATROL,0
308.532,0.0340,0.0340,PATROL,0
308.566,0.0341,0.0340,PATROL,0
308.600,0.0341,0.0340,PATROL,0
308.634,0.0338,0.0340,PATROL,0
308.668,0.0340,0.0340,PATROL,0
308.702,0.0340,0.0340,PATROL,0
308.736,0.0341,0.0340,PATROL,0
308.770,0.0340,0.0340,PATROL,0
308.804,0.0343,0.0340,PATROL,0
308.838,0.0338,0.0340,PATROL,0
308.872,0.0339,0.0340,PATROL,0
308.906,0.0342,0.0340,PATROL,0
308.940,0.0339,0.0340,PATROL,0
308.974,0.0341,0.0340,PATROL,0
309.009,0.0342,0.0340,PATROL,0
309.042,0.0338,0.0340,PATROL,0
309.076,0.0340,0.0340,PATROL,0
309.110,0.0341,0.0340,PATROL,0
309.144,0.0339,0.0340,PATROL,0
309.179,0.0342,0.0340,PATROL,0
309.212,0.0339,0.0340,PATROL,0
309.247,0.0342,0.0340,PATROL,0
309.280,0.0338,0.0340,PATROL,0
309.315,0.0341,0.0340,PATROL,0
309.349,0.0340,0.0340,PATROL,0
309.383,0.0340,0.0340,PATROL,0
309.416,0.0339,0.0340,PATROL,0
309.450,0.0340,0.0340,PATROL,0
309.485,0.0342,0.0340,PATROL,0
309.518,0.0338,0.0340,PATROL,0
309.553,0.0343,0.0340,PATROL,0
309.587,0.0340,0.0340,PATROL,0
309.621,0.0341,0.0340,PATROL,0
309.655,0.0338,0.0340,PATROL,0
309.689,0.0342,0.0340,PATROL,0
309.723,0.0338,0.0340,PATROL,0
309.757,0.0341,0.0340,PATROL,0
309.791,0.0339,0.0340,PATROL,0
309.825,0.0340,0.0340,PATROL,0
309.859,0.0341,0.0340,PATROL,0
309.893,0.0340,0.0340,PATROL,0
309.927,0.0341,0.0340,PATROL,0
309.961,0.0339,0.0340,PATROL,0
309.995,0.0342,0.0340,PATROL,0
310.029,0.0341,0.0340,PATROL,0
310.063,0.0338,0.0340,PATROL,0
310.097,0.0341,0.0340,PATROL,0
310.131,0.0339,0.0340,PATROL,0
310.165,0.0340,0.0340,PATROL,0
310.199,0.0342,0.0340,PATROL,0
310.233,0.0339,0.0340,PATROL,0
310.267,0.0340,0.0340,PATROL,0
310.302,0.0346,0.0340,PATROL,0
310.335,0.0334,0.0340,PATROL,0
310.369,0.0340,0.0340,PATROL,0
310.403,0.0340,0.0340,PATROL,0
310.437,0.0341,0.0340,PATROL,0
310.471,0.0339,0.0340,PATROL,0
310.505,0.0341,0.0340,PATROL,0
310.539,0.0340,0.0340,PATROL,0
310.573,0.0340,0.0340,PATROL,0
310.607,0.0340,0.0340,PATROL,0
310.641,0.0341,0.0340,PATROL,0
310.675,0.0339,0.0340,PATROL,0
310.709,0.0341,0.0340,PATROL,0
310.743,0.0341,0.0340,PATROL,0
310.777,0.0339,0.0340,PATROL,0
310.811,0.0340,0.0340,PATROL,0
310.845,0.0340,0.0340,PATROL,0
310.879,0.0340,0.0340,PATROL,0
310.913,0.0341,0.0340,PATROL,0
310.947,0.0340,0.0340,PATROL,0
310.981,0.0342,0.0340,PATROL,0
311.015,0.0340,0.0340,PATROL,0
311.049,0.0338,0.0340,PATROL,0
311.083,0.0339,0.0340,PATROL,0
311.117,0.0340,0.0340,PATROL,0
311.151,0.0340,0.0340,PATROL,0
311.185,0.0342,0.0340,PATROL,0
311.219,0.0338,0.0340,PATROL,0
311.253,0.0340,0.0340,PATROL,0
311.288,0.0344,0.0340,PATROL,0
311.321,0.0337,0.0340,PATROL,0
311.356,0.0342,0.0340,PATROL,0
311.389,0.0339,0.0340,PATROL,0
311.423,0.0339,0.0340,PATROL,0
311.458,0.0342,0.0340,PATROL,0
311.491,0.0339,0.0340,PATROL,0
311.525,0.0341,0.0340,PATROL,0
311.559,0.0340,0.0340,PATROL,0
311.593,0.0339,0.0340,PATROL,0
311.628,0.0342,0.0340,PATROL,0
311.662,0.0339,0.0340,PATROL,0
311.696,0.0342,0.0340,PATROL,0
311.730,0.0341,0.0340,PATROL,0
311.764,0.0340,0.0340,PATROL,0
311.798,0.0339,0.0340,PATROL,0
311.832,0.0339,0.0340,PATROL,0
311.866,0.0341,0.0340,PATROL,0
311.900,0.0340,0.0340,PATROL,0
311.934,0.0342,0.0340,PATROL,0
311.968,0.0339,0.0340,PATROL,0
312.002,0.0343,0.0340,PATROL,0
312.036,0.0336,0.0340,PATROL,0
312.070,0.0341,0.0340,PATROL,0
312.104,0.0338,0.0340,PATROL,0
312.138,0.0340,0.0340,PATROL,0
312.172,0.0341,0.0340,PATROL,0
312.206,0.0339,0.0340,PATROL,0
312.240,0.0341,0.0340,PATROL,0
312.274,0.0340,0.0340,PATROL,0
312.308,0.0341,0.0340,PATROL,0
312.342,0.0340,0.0340,PATROL,0
312.376,0.0342,0.0340,PATROL,0
312.410,0.0339,0.0340,PATROL,0
312.444,0.0340,0.0340,PATROL,0
312.478,0.0340,0.0340,PATROL,0
312.512,0.0342,0.0340,PATROL,0
312.546,0.0339,0.0340,PATROL,0
312.580,0.0341,0.0340,PATROL,0
312.614,0.0340,0.0340,PATROL,0
312.648,0.0339,0.0340,PATROL,0
312.682,0.0341,0.0340,PATROL,0
312.716,0.0341,0.0340,PATROL,0
312.750,0.0340,0.0340,PATROL,0
312.784,0.0340,0.0340,PATROL,0
312.818,0.0340,0.0340,PATROL,0
312.852,0.0339,0.0340,PATROL,0
312.886,0.0341,0.0340,PATROL,0
312.920,0.0340,0.0340,PATROL,0
312.954,0.0340,0.0340,PATROL,0
312.988,0.0341,0.0340,PATROL,0
313.022,0.0339,0.0340,PATROL,0
313.056,0.0341,0.0340,PATROL,0
313.090,0.0340,0.0340,PATROL,0
313.124,0.0340,0.0340,PATROL,0
313.158,0.0340,0.0340,PATROL,0
313.192,0.0339,0.0340,PATROL,0
313.226,0.0342,0.0340,PATROL,0
313.260,0.0342,0.0340,PATROL,0
313.294,0.0338,0.0340,PATROL,0
313.328,0.0339,0.0340,PATROL,0
313.362,0.0341,0.0340,PATROL,0
313.396,0.0342,0.0340,PATROL,0
313.430,0.0340,0.0340,PATROL,0
313.464,0.0339,0.0340,PATROL,0
313.499,0.0344,0.0340,PATROL,0
313.532,0.0336,0.0340,PATROL,0
313.566,0.0341,0.0340,PATROL,0
313.600,0.0340,0.0340,PATROL,0
313.634,0.0340,0.0340,PATROL,0
313.668,0.0340,0.0340,PATROL,0
313.703,0.0343,0.0340,PATROL,0
313.736,0.0337,0.0340,PATROL,0
313.771,0.0343,0.0340,PATROL,0
313.805,0.0338,0.0340,PATROL,0
313.838,0.0339,0.0340,PATROL,0
313.872,0.0340,0.0340,PATROL,0
313.906,0.0339,0.0340,PATROL,0
313.940,0.0340,0.0340,PATROL,0
313.975,0.0341,0.0340,PATROL,0
314.009,0.0341,0.0340,PATROL,0
314.043,0.0343,0.0340,PATROL,0
314.077,0.0337,0.0340,PATROL,0
314.111,0.0341,0.0340,PATROL,0
314.145,0.0340,0.0340,PATROL,0
314.179,0.0338,0.0340,PATROL,0
314.213,0.0341,0.0340,PATROL,0
314.247,0.0340,0.0340,PATROL,0
314.281,0.0340,0.0340,PATROL,0
314.315,0.0340,0.0340,PATROL,0
314.349,0.0340,0.0340,PATROL,0
314.383,0.0340,0.0340,PATROL,0
314.417,0.0342,0.0340,PATROL,0
314.451,0.0340,0.0340,PATROL,0
314.485,0.0338,0.0340,PATROL,0
314.519,0.0341,0.0340,PATROL,0
314.553,0.0339,0.0340,PATROL,0
314.587,0.0341,0.0340,PATROL,0
314.621,0.0340,0.0340,PATROL,0
314.655,0.0339,0.0340,PATROL,0
314.689,0.0340,0.0340,PATROL,0
314.723,0.0341,0.0340,PATROL,0
314.757,0.0342,0.0340,PATROL,0
314.791,0.0340,0.0340,PATROL,0
314.825,0.0339,0.0340,PATROL,0
314.860,0.0346,0.0340,PATROL,0
314.893,0.0338,0.0340,PATROL,0
314.927,0.0339,0.0340,PATROL,0
314.961,0.0339,0.0340,PATROL,0
314.995,0.0341,0.0340,PATROL,0
315.029,0.0339,0.0340,PATROL,0
315.063,0.0340,0.0340,PATROL,0
315.097,0.0340,0.0340,PATROL,0
315.131,0.0342,0.0340,PATROL,0
315.165,0.0338,0.0340,PATROL,0
315.199,0.0340,0.0340,PATROL,0
315.234,0.0346,0.0340,PATROL,0
315.267,0.0335,0.0340,PATROL,0
315.301,0.0342,0.0340,PATROL,0
315.335,0.0337,0.0340,PATROL,0
315.369,0.0341,0.0340,PATROL,0
315.404,0.0343,0.0340,PATROL,0
315.437,0.0339,0.0340,PATROL,0
315.471,0.0339,0.0340,PATROL,0
315.505,0.0339,0.0340,PATROL,0
315.539,0.0341,0.0340,PATROL,0
315.573,0.0341,0.0340,PATROL,0
315.607,0.0340,0.0340,PATROL,0
315.641,0.0340,0.0340,PATROL,0
315.675,0.0340,0.0340,PATROL,0
315.709,0.0338,0.0340,PATROL,0
315.743,0.0341,0.0340,PATROL,0
315.777,0.0341,0.0340,PATROL,0
315.811,0.0339,0.0340,PATROL,0
315.845,0.0341,0.0340,PATROL,0
315.880,0.0340,0.0340,PATROL,0
315.914,0.0341,0.0340,PATROL,0
315.948,0.0339,0.0340,PATROL,0
315.982,0.0340,0.0340,PATROL,0
316.016,0.0340,0.0340,PATROL,0
316.049,0.0340,0.0340,PATROL,0
316.084,0.0340,0.0340,PATROL,0
316.118,0.0342,0.0340,PATROL,0
316.152,0.0338,0.0340,PATROL,0
316.186,0.0341,0.0340,PATROL,0
316.220,0.0339,0.0340,PATROL,0
316.254,0.0341,0.0340,PATROL,0
316.288,0.0340,0.0340,PATROL,0
316.322,0.0340,0.0340,PATROL,0
316.356,0.0339,0.0340,PATROL,0
316.390,0.0340,0.0340,PATROL,0
316.424,0.0342,0.0340,PATROL,0
316.458,0.0341,0.0340,PATROL,0
316.492,0.0338,0.0340,PATROL,0
316.526,0.0339,0.0340,PATROL,0
316.560,0.0341,0.0340,PATROL,0
316.594,0.0339,0.0340,PATROL,0
316.628,0.0342,0.0340,PATROL,0
316.662,0.0341,0.0340,PATROL,0
316.696,0.0339,0.0340,PATROL,0
316.730,0.0340,0.0340,PATROL,0
316.764,0.0340,0.0340,PATROL,0
316.798,0.0340,0.0340,PATROL,0
316.832,0.0342,0.0340,PATROL,0
316.866,0.0342,0.0340,PATROL,0
316.900,0.0340,0.0340,PATROL,0
316.934,0.0339,0.0340,PATROL,0
316.968,0.0340,0.0340,PATROL,0
317.002,0.0341,0.0340,PATROL,0
317.036,0.0339,0.0340,PATROL,0
317.070,0.0342,0.0340,PATROL,0
317.105,0.0344,0.0340,PATROL,0
317.138,0.0335,0.0340,PATROL,0
317.172,0.0341,0.0340,PATROL,0
317.206,0.0338,0.0340,PATROL,0
317.240,0.0343,0.0340,PATROL,0
317.274,0.0338,0.0340,PATROL,0
317.308,0.0340,0.0340,PATROL,0
317.342,0.0340,0.0340,PATROL,0
317.376,0.0342,0.0340,PATROL,0
317.410,0.0338,0.0340,PATROL,0
317.444,0.0341,0.0340,PATROL,0
317.478,0.0341,0.0340,PATROL,0
317.512,0.0341,0.0340,PATROL,0
317.546,0.0340,0.0340,PATROL,0
317.580,0.0340,0.0340,PATROL,0
317.614,0.0340,0.0340,PATROL,0
317.648,0.0340,0.0340,PATROL,0
317.682,0.0341,0.0340,PATROL,0
317.716,0.0339,0.0340,PATROL,0
317.751,0.0342,0.0340,PATROL,0
317.784,0.0339,0.0340,PATROL,0
317.818,0.0340,0.0340,PATROL,0
317.853,0.0342,0.0340,PATROL,0
317.886,0.0338,0.0340,PATROL,0
317.920,0.0340,0.0340,PATROL,0
317.954,0.0340,0.0340,PATROL,0
317.989,0.0343,0.0340,PATROL,0
318.022,0.0338,0.0340,PATROL,0
318.057,0.0341,0.0340,PATROL,0
318.090,0.0339,0.0340,PATROL,0
318.124,0.0340,0.0340,PATROL,0
318.159,0.0341,0.0340,PATROL,0
318.193,0.0340,0.0340,PATROL,0
318.227,0.0341,0.0340,PATROL,0
318.261,0.0341,0.0340,PATROL,0
318.295,0.0340,0.0340,PATROL,0
318.329,0.0339,0.0340,PATROL,0
318.363,0.0340,0.0340,PATROL,0
318.397,0.0342,0.0340,PATROL,0
318.431,0.0339,0.0340,PATROL,0
318.465,0.0342,0.0340,PATROL,0
318.499,0.0338,0.0340,PATROL,0
318.533,0.0344,0.0340,PATROL,0
318.567,0.0336,0.0340,PATROL,0
318.601,0.0340,0.0340,PATROL,0
318.635,0.0341,0.0340,PATROL,0
318.669,0.0341,0.0340,PATROL,0
318.703,0.0342,0.0340,PATROL,0
318.737,0.0339,0.0340,PATROL,0
318.771,0.0341,0.0340,PATROL,0
318.805,0.0341,0.0340,PATROL,0
318.839,0.0339,0.0340,PATROL,0
318.873,0.0340,0.0340,PATROL,0
318.907,0.0340,0.0340,PATROL,0
318.941,0.0341,0.0340,PATROL,0
318.975,0.0340,0.0340,PATROL,0
319.009,0.0340,0.0340,PATROL,0
319.043,0.0341,0.0340,PATROL,0
319.077,0.0339,0.0340,PATROL,0
319.111,0.0341,0.0340,PATROL,0
319.145,0.0342,0.0340,PATROL,0
319.179,0.0339,0.0340,PATROL,0
319.213,0.0341,0.0340,PATROL,0
319.247,0.0339,0.0340,PATROL,0
319.281,0.0340,0.0340,PATROL,0
319.315,0.0341,0.0340,PATROL,0
319.349,0.0341,0.0340,PATROL,0
319.384,0.0344,0.0340,PATROL,0
319.417,0.0336,0.0340,PATROL,0
319.451,0.0342,0.0340,PATROL,0
319.485,0.0339,0.0340,PATROL,0
319.519,0.0340,0.0340,PATROL,0
319.553,0.0340,0.0340,PATROL,0
319.587,0.0341,0.0340,PATROL,0
319.621,0.0342,0.0340,PATROL,0
319.655,0.0337,0.0340,PATROL,0
319.689,0.0340,0.0340,PATROL,0
319.723,0.0340,0.0340,PATROL,0
319.757,0.0342,0.0340,PATROL,0
319.791,0.0340,0.0340,PATROL,0
319.825,0.0339,0.0340,PATROL,0
319.860,0.0344,0.0340,PATROL,0
319.894,0.0339,0.0340,PATROL,0
319.928,0.0340,0.0340,PATROL,0
319.962,0.0340,0.0340,PATROL,0
319.995,0.0339,0.0340,PATROL,0
320.029,0.0340,0.0340,PATROL,0
320.064,0.0341,0.0340,PATROL,0
320.098,0.0341,0.0340,PATROL,0
320.132,0.0340,0.0340,PATROL,0
320.166,0.0343,0.0340,PATROL,0
320.200,0.0338,0.0340,PATROL,0
320.234,0.0343,0.0340,PATROL,0
320.268,0.0337,0.0340,PATROL,0
320.302,0.0340,0.0340,PATROL,0
320.336,0.0341,0.0340,PATROL,0
320.370,0.0342,0.0340,PATROL,0
320.404,0.0339,0.0340,PATROL,0
320.438,0.0340,0.0340,PATROL,0
320.472,0.0340,0.0340,PATROL,0
320.506,0.0344,0.0340,PATROL,0
320.540,0.0338,0.0340,PATROL,0
320.574,0.0341,0.0340,PATROL,0
320.608,0.0338,0.0340,PATROL,0
320.642,0.0340,0.0340,PATROL,0
320.676,0.0341,0.0340,PATROL,0
320.710,0.0340,0.0340,PATROL,0
320.744,0.0341,0.0340,PATROL,0
320.778,0.0338,0.0340,PATROL,0
320.812,0.0341,0.0340,PATROL,0
320.846,0.0339,0.0340,PATROL,0
320.880,0.0341,0.0340,PATROL,0
320.914,0.0341,0.0340,PATROL,0
320.948,0.0338,0.0340,PATROL,0
320.982,0.0340,0.0340,PATROL,0
321.016,0.0340,0.0340,PATROL,0
321.050,0.0340,0.0340,PATROL,0
321.084,0.0341,0.0340,PATROL,0
321.118,0.0341,0.0340,PATROL,0
321.152,0.0340,0.0340,PATROL,0
321.186,0.0340,0.0340,PATROL,0
321.220,0.0339,0.0340,PATROL,0
321.254,0.0340,0.0340,PATROL,0
321.288,0.0340,0.0340,PATROL,0
321.322,0.0341,0.0340,PATROL,0
321.356,0.0339,0.0340,PATROL,0
321.390,0.0341,0.0340,PATROL,0
321.424,0.0341,0.0340,PATROL,0
321.458,0.0339,0.0340,PATROL,0
321.492,0.0340,0.0340,PATROL,0
321.526,0.0341,0.0340,PATROL,0
321.560,0.0340,0.0340,PATROL,0
321.594,0.0341,0.0340,PATROL,0
321.629,0.0342,0.0340,PATROL,0
321.663,0.0338,0.0340,PATROL,0
321.697,0.0343,0.0340,PATROL,0
321.730,0.0336,0.0340,PATROL,0
321.765,0.0342,0.0340,PATROL,0
321.798,0.0338,0.0340,PATROL,0
321.833,0.0343,0.0340,PATROL,0
321.867,0.0341,0.0340,PATROL,0
321.901,0.0338,0.0340,PATROL,0
321.935,0.0343,0.0340,PATROL,0
321.969,0.0337,0.0340,PATROL,0
322.003,0.0340,0.0340,PATROL,0
322.037,0.0341,0.0340,PATROL,0
322.071,0.0339,0.0340,PATROL,0
322.105,0.0341,0.0340,PATROL,0
322.139,0.0343,0.0340,PATROL,0
322.173,0.0340,0.0340,PATROL,0
322.207,0.0342,0.0340,PATROL,0
322.241,0.0336,0.0340,PATROL,0
322.275,0.0342,0.0340,PATROL,0
322.309,0.0338,0.0340,PATROL,0
322.343,0.0339,0.0340,PATROL,0
322.377,0.0340,0.0340,PATROL,0
322.411,0.0340,0.0340,PATROL,0
322.445,0.0342,0.0340,PATROL,0
322.479,0.0338,0.0340,PATROL,0
322.513,0.0342,0.0340,PATROL,0
322.547,0.0339,0.0340,PATROL,0
322.581,0.0340,0.0340,PATROL,0
322.615,0.0341,0.0340,PATROL,0
322.649,0.0340,0.0340,PATROL,0
322.683,0.0343,0.0340,PATROL,0
322.717,0.0338,0.0340,PATROL,0
322.751,0.0339,0.0340,PATROL,0
322.785,0.0340,0.0340,PATROL,0
322.819,0.0342,0.0340,PATROL,0
322.853,0.0342,0.0340,PATROL,0
322.887,0.0340,0.0340,PATROL,0
322.921,0.0337,0.0340,PATROL,0
322.955,0.0341,0.0340,PATROL,0
322.989,0.0339,0.0340,PATROL,0
323.023,0.0340,0.0340,PATROL,0
323.057,0.0341,0.0340,PATROL,0
323.091,0.0340,0.0340,PATROL,0
323.125,0.0340,0.0340,PATROL,0
323.159,0.0339,0.0340,PATROL,0
323.193,0.0342,0.0340,PATROL,0
323.227,0.0338,0.0340,PATROL,0
323.261,0.0341,0.0340,PATROL,0
323.295,0.0340,0.0340,PATROL,0
323.329,0.0340,0.0340,PATROL,0
323.363,0.0341,0.0340,PATROL,0
323.397,0.0340,0.0340,PATROL,0
323.431,0.0343,0.0340,PATROL,0
323.465,0.0341,0.0340,PATROL,0
323.499,0.0340,0.0340,PATROL,0
323.533,0.0341,0.0340,PATROL,0
323.567,0.0341,0.0340,PATROL,0
323.602,0.0342,0.0340,PATROL,0
323.636,0.0343,0.0340,PATROL,0
323.670,0.0339,0.0340,PATROL,0
323.703,0.0336,0.0340,PATROL,0
323.737,0.0342,0.0340,PATROL,0
323.771,0.0339,0.0340,PATROL,0
323.805,0.0340,0.0340,PATROL,0
323.840,0.0342,0.0340,PATROL,0
323.873,0.0339,0.0340,PATROL,0
323.908,0.0342,0.0340,PATROL,0
323.942,0.0342,0.0340,PATROL,0
323.976,0.0337,0.0340,PATROL,0
324.009,0.0338,0.0340,PATROL,0
324.043,0.0340,0.0340,PATROL,0
324.078,0.0341,0.0340,PATROL,0
324.111,0.0340,0.0340,PATROL,0
324.146,0.0341,0.0340,PATROL,0
324.180,0.0341,0.0340,PATROL,0
324.214,0.0340,0.0340,PATROL,0
324.248,0.0342,0.0340,PATROL,0
324.282,0.0339,0.0340,PATROL,0
324.316,0.0339,0.0340,PATROL,0
324.350,0.0341,0.0340,PATROL,0
324.384,0.0339,0.0340,PATROL,0
324.418,0.0340,0.0340,PATROL,0
324.452,0.0340,0.0340,PATROL,0
324.486,0.0341,0.0340,PATROL,0
324.520,0.0340,0.0340,PATROL,0
324.554,0.0339,0.0340,PATROL,0
324.588,0.0341,0.0340,PATROL,0
324.622,0.0339,0.0340,PATROL,0
324.656,0.0342,0.0340,PATROL,0
324.690,0.0341,0.0340,PATROL,0
324.724,0.0338,0.0340,PATROL,0
324.758,0.0341,0.0340,PATROL,0
324.792,0.0341,0.0340,PATROL,0
324.826,0.0339,0.0340,PATROL,0
324.860,0.0341,0.0340,PATROL,0
324.894,0.0339,0.0340,PATROL,0
324.928,0.0341,0.0340,PATROL,0
324.962,0.0340,0.0340,PATROL,0
324.996,0.0340,0.0340,PATROL,0
325.030,0.0340,0.0340,PATROL,0
325.064,0.0341,0.0340,PATROL,0
325.098,0.0340,0.0340,PATROL,0
325.132,0.0341,0.0340,PATROL,0
325.166,0.0338,0.0340,PATROL,0
325.200,0.0342,0.0340,PATROL,0
325.234,0.0339,0.0340,PATROL,0
325.268,0.0340,0.0340,PATROL,0
325.302,0.0341,0.0340,PATROL,0
325.337,0.0345,0.0340,PATROL,0
325.371,0.0340,0.0340,PATROL,0
325.404,0.0335,0.0340,PATROL,0
325.438,0.0340,0.0340,PATROL,0
325.473,0.0343,0.0340,PATROL,0
325.506,0.0339,0.0340,PATROL,0
325.540,0.0340,0.0340,PATROL,0
325.575,0.0341,0.0340,PATROL,0
325.609,0.0341,0.0340,PATROL,0
325.642,0.0336,0.0340,PATROL,0
325.676,0.0341,0.0340,PATROL,0
325.710,0.0340,0.0340,PATROL,0
325.744,0.0339,0.0340,PATROL,0
325.778,0.0341,0.0340,PATROL,0
325.812,0.0339,0.0340,PATROL,0
325.847,0.0342,0.0340,PATROL,0
325.880,0.0339,0.0340,PATROL,0
325.914,0.0339,0.0340,PATROL,0
325.948,0.0341,0.0340,PATROL,0
325.982,0.0340,0.0340,PATROL,0
326.016,0.0340,0.0340,PATROL,0
326.050,0.0340,0.0340,PATROL,0
326.085,0.0341,0.0340,PATROL,0
326.118,0.0340,0.0340,PATROL,0
326.153,0.0342,0.0340,PATROL,0
326.187,0.0343,0.0340,PATROL,0
326.221,0.0338,0.0340,PATROL,0
326.255,0.0340,0.0340,PATROL,0
326.289,0.0341,0.0340,PATROL,0
326.323,0.0340,0.0340,PATROL,0
326.357,0.0340,0.0340,ALIGN,0
326.391,0.0339,0.0340,ALIGN,0
326.425,0.0338,0.0340,ALIGN,0
326.459,0.0340,0.0340,ALIGN,0
326.493,0.0340,0.0340,ALIGN,0
326.527,0.0342,0.0340,ALIGN,0
326.561,0.0339,0.0340,ALIGN,0
326.595,0.0341,0.0340,ALIGN,0
326.629,0.0341,0.0340,ALIGN,0
326.663,0.0342,0.0340,ALIGN,0
326.697,0.0343,0.0340,ALIGN,0
326.731,0.0335,0.0340,ALIGN,0
326.765,0.0340,0.0340,ALIGN,0
326.799,0.0341,0.0340,ALIGN,0
326.833,0.0340,0.0340,ALIGN,0
326.867,0.0339,0.0340,ALIGN,0
326.901,0.0340,0.0340,ALIGN,0
326.935,0.0342,0.0340,ALIGN,0
326.969,0.0340,0.0340,ALIGN,0
327.003,0.0343,0.0340,ALIGN,0
327.037,0.0337,0.0340,ALIGN,0
327.071,0.0339,0.0340,ALIGN,0
327.105,0.0339,0.0340,ALIGN,0
327.139,0.0340,0.0340,ALIGN,0
327.173,0.0340,0.0340,ALIGN,0
327.207,0.0343,0.0340,ALIGN,0
327.241,0.0338,0.0340,ALIGN,0
327.275,0.0340,0.0340,ALIGN,0
327.309,0.0342,0.0340,ALIGN,0
327.343,0.0339,0.0340,ALIGN,0
327.377,0.0340,0.0340,ALIGN,0
327.411,0.0340,0.0340,ALIGN,0
327.445,0.0340,0.0340,ALIGN,0
327.479,0.0339,0.0340,ALIGN,0
327.513,0.0340,0.0340,ALIGN,0
327.547,0.0341,0.0340,ALIGN,0
327.581,0.0340,0.0340,ALIGN,0
327.615,0.0341,0.0340,ALIGN,0
327.649,0.0338,0.0340,ALIGN,0
327.683,0.0340,0.0340,ALIGN,0
327.718,0.0343,0.0340,ALIGN,0
327.751,0.0339,0.0340,ALIGN,0
327.785,0.0338,0.0340,ALIGN,0
327.819,0.0341,0.0340,APPROACH,0
327.853,0.0339,0.0340,APPROACH,0
327.887,0.0340,0.0340,APPROACH,0
327.921,0.0342,0.0340,APPROACH,0
327.955,0.0340,0.0340,APPROACH,0
327.990,0.0343,0.0340,APPROACH,0
328.023,0.0337,0.0340,APPROACH,0
328.058,0.0341,0.0340,APPROACH,0
328.092,0.0343,0.0340,APPROACH,0
328.126,0.0338,0.0340,APPROACH,0
328.160,0.0339,0.0340,APPROACH,0
328.193,0.0339,0.0340,APPROACH,0
328.228,0.0341,0.0340,APPROACH,0
328.261,0.0340,0.0340,APPROACH,0
328.296,0.0342,0.0340,APPROACH,0
328.330,0.0339,0.0340,APPROACH,0
328.364,0.0342,0.0340,APPROACH,0
328.398,0.0341,0.0340,APPROACH,0
328.432,0.0340,0.0340,APPROACH,0
328.466,0.0338,0.0340,APPROACH,0
328.500,0.0342,0.0340,APPROACH,0
328.534,0.0339,0.0340,APPROACH,0
328.568,0.0340,0.0340,APPROACH,0
328.602,0.0342,0.0340,APPROACH,0
328.636,0.0340,0.0340,APPROACH,0
328.670,0.0339,0.0340,APPROACH,0
328.704,0.0339,0.0340,APPROACH,0
328.738,0.0347,0.0340,APPROACH,0
328.772,0.0336,0.0340,APPROACH,0
328.806,0.0340,0.0340,APPROACH,0
328.840,0.0339,0.0340,APPROACH,0
328.874,0.0341,0.0340,APPROACH,0
328.908,0.0345,0.0340,APPROACH,0
328.942,0.0335,0.0340,APPROACH,0
328.976,0.0340,0.0340,APPROACH,0
329.010,0.0343,0.0340,APPROACH,0
329.044,0.0339,0.0340,APPROACH,0
329.078,0.0339,0.0340,APPROACH,0
329.112,0.0340,0.0340,APPROACH,0
329.146,0.0340,0.0340,APPROACH,0
329.180,0.0340,0.0340,APPROACH,0
329.214,0.0340,0.0340,APPROACH,0
329.248,0.0341,0.0340,APPROACH,0
329.282,0.0340,0.0340,APPROACH,0
329.316,0.0341,0.0340,APPROACH,0
329.350,0.0339,0.0340,APPROACH,0
329.384,0.0341,0.0340,APPROACH,0
329.418,0.0339,0.0340,APPROACH,0
329.452,0.0340,0.0340,APPROACH,0
329.486,0.0339,0.0340,APPROACH,0
329.520,0.0342,0.0340,APPROACH,0
329.554,0.0342,0.0340,APPROACH,0
329.588,0.0338,0.0340,APPROACH,0
329.622,0.0339,0.0340,APPROACH,0
329.656,0.0341,0.0340,APPROACH,0
329.690,0.0340,0.0340,APPROACH,0
329.724,0.0340,0.0340,APPROACH,0
329.758,0.0340,0.0340,APPROACH,0
329.792,0.0343,0.0340,APPROACH,0
329.826,0.0339,0.0340,APPROACH,0
329.860,0.0342,0.0340,APPROACH,0
329.894,0.0340,0.0340,APPROACH,0
329.928,0.0338,0.0340,APPROACH,0
329.962,0.0342,0.0340,APPROACH,0
329.996,0.0338,0.0340,APPROACH,0
330.030,0.0341,0.0340,APPROACH,0
330.064,0.0341,0.0340,APPROACH,0
330.098,0.0339,0.0340,APPROACH,0
330.133,0.0341,0.0340,APPROACH,0
330.166,0.0339,0.0340,APPROACH,0
330.200,0.0340,0.0340,APPROACH,0
330.235,0.0341,0.0340,APPROACH,0
330.269,0.0340,0.0340,APPROACH,0
330.303,0.0341,0.0340,APPROACH,0
330.337,0.0341,0.0340,APPROACH,0
330.371,0.0339,0.0340,APPROACH,0
330.405,0.0341,0.0340,APPROACH,0
330.439,0.0338,0.0340,APPROACH,0
330.473,0.0346,0.0340,APPROACH,0
330.507,0.0335,0.0340,APPROACH,0
330.541,0.0340,0.0340,APPROACH,0
330.575,0.0341,0.0340,APPROACH,0
330.609,0.0339,0.0340,APPROACH,0
330.643,0.0343,0.0340,APPROACH,0
330.677,0.0337,0.0340,APPROACH,0
330.711,0.0343,0.0340,APPROACH,0
330.745,0.0338,0.0340,APPROACH,0
330.779,0.0340,0.0340,APPROACH,0
330.813,0.0341,0.0340,APPROACH,0
330.847,0.0339,0.0340,APPROACH,0
330.881,0.0340,0.0340,APPROACH,0
330.915,0.0341,0.0340,APPROACH,0
330.949,0.0340,0.0340,APPROACH,0
330.983,0.0342,0.0340,APPROACH,0
331.017,0.0340,0.0340,APPROACH,0
331.051,0.0339,0.0340,APPROACH,0
331.085,0.0340,0.0340,APPROACH,0
331.119,0.0340,0.0340,APPROACH,0
331.153,0.0340,0.0340,APPROACH,0
331.187,0.0342,0.0340,APPROACH,0
331.221,0.0339,0.0340,APPROACH,0
331.255,0.0340,0.0340,APPROACH,0
331.289,0.0341,0.0340,APPROACH,0
331.323,0.0340,0.0340,APPROACH,0
331.357,0.0341,0.0340,APPROACH,0
331.391,0.0339,0.0340,APPROACH,0
331.425,0.0342,0.0340,APPROACH,0
331.459,0.0339,0.0340,APPROACH,0
331.493,0.0340,0.0340,APPROACH,0
331.527,0.0338,0.0340,APPROACH,0
331.561,0.0341,0.0340,APPROACH,0
331.595,0.0339,0.0340,APPROACH,0
331.629,0.0340,0.0340,APPROACH,0
331.663,0.0341,0.0340,APPROACH,0
331.697,0.0339,0.0340,APPROACH,0
331.731,0.0340,0.0340,APPROACH,0
331.765,0.0340,0.0340,APPROACH,0
331.799,0.0340,0.0340,APPROACH,0
331.833,0.0342,0.0340,APPROACH,0
331.867,0.0340,0.0340,APPROACH,0
331.902,0.0341,0.0340,APPROACH,0
331.935,0.0338,0.0340,APPROACH,0
331.969,0.0339,0.0340,APPROACH,0
332.003,0.0341,0.0340,APPROACH,0
332.037,0.0339,0.0340,APPROACH,0
332.072,0.0343,0.0340,APPROACH,0
332.106,0.0340,0.0340,APPROACH,0
332.140,0.0341,0.0340,APPROACH,0
332.174,0.0340,0.0340,APPROACH,0
332.208,0.0344,0.0340,APPROACH,0
332.242,0.0336,0.0340,APPROACH,0
332.276,0.0340,0.0340,APPROACH,0
332.310,0.0341,0.0340,APPROACH,0
332.344,0.0344,0.0340,APPROACH,0
332.378,0.0336,0.0340,APPROACH,0
332.412,0.0342,0.0340,APPROACH,0
332.446,0.0337,0.0340,APPROACH,0
332.480,0.0342,0.0340,APPROACH,0
332.514,0.0339,0.0340,APPROACH,0
332.548,0.0340,0.0340,APPROACH,0
332.582,0.0339,0.0340,APPROACH,0
332.616,0.0342,0.0340,APPROACH,0
332.650,0.0342,0.0340,APPROACH,0
332.684,0.0337,0.0340,APPROACH,0
332.718,0.0340,0.0340,APPROACH,0
332.752,0.0341,0.0340,APPROACH,0
332.786,0.0339,0.0340,APPROACH,0
332.820,0.0342,0.0340,APPROACH,0
332.854,0.0339,0.0340,APPROACH,0
332.888,0.0340,0.0340,APPROACH,0
332.922,0.0339,0.0340,APPROACH,0
332.956,0.0341,0.0340,APPROACH,0
332.990,0.0342,0.0340,APPROACH,0
333.024,0.0342,0.0340,APPROACH,0
333.058,0.0340,0.0340,APPROACH,0
333.092,0.0339,0.0340,APPROACH,0
333.126,0.0340,0.0340,APPROACH,0
333.160,0.0343,0.0340,APPROACH,0
333.194,0.0340,0.0340,APPROACH,0
333.228,0.0338,0.0340,APPROACH,0
333.262,0.0341,0.0340,APPROACH,0
333.296,0.0341,0.0340,APPROACH,0
333.330,0.0340,0.0340,APPROACH,0
333.364,0.0339,0.0340,APPROACH,0
333.398,0.0340,0.0340,APPROACH,0
333.432,0.0342,0.0340,APPROACH,0
333.466,0.0338,0.0340,APPROACH,0
333.500,0.0343,0.0340,APPROACH,0
333.534,0.0338,0.0340,APPROACH,0
333.568,0.0341,0.0340,APPROACH,0
333.602,0.0341,0.0340,APPROACH,0
333.636,0.0338,0.0340,APPROACH,0
333.670,0.0341,0.0340,APPROACH,0
333.704,0.0339,0.0340,APPROACH,0
333.738,0.0340,0.0340,APPROACH,0
333.772,0.0341,0.0340,APPROACH,0
333.806,0.0340,0.0340,APPROACH,0
333.840,0.0341,0.0340,APPROACH,0
333.874,0.0339,0.0340,APPROACH,0
333.908,0.0341,0.0340,APPROACH,0
333.942,0.0340,0.0340,APPROACH,0
333.976,0.0339,0.0340,APPROACH,0
334.010,0.0340,0.0340,APPROACH,0
334.044,0.0341,0.0340,APPROACH,0
334.078,0.0340,0.0340,APPROACH,0
334.113,0.0343,0.0340,APPROACH,0
334.147,0.0339,0.0340,APPROACH,0
334.181,0.0340,0.0340,APPROACH,0
334.215,0.0340,0.0340,APPROACH,0
334.249,0.0340,0.0340,APPROACH,0
334.282,0.0340,0.0340,APPROACH,0
334.317,0.0340,0.0340,APPROACH,0
334.351,0.0341,0.0340,APPROACH,0
334.385,0.0340,0.0340,APPROACH,0
334.419,0.0339,0.0340,APPROACH,0
334.453,0.0340,0.0340,APPROACH,0
334.487,0.0342,0.0340,APPROACH,0
334.521,0.0340,0.0340,APPROACH,0
334.555,0.0339,0.0340,APPROACH,0
334.589,0.0341,0.0340,APPROACH,0
334.623,0.0340,0.0340,APPROACH,0
334.657,0.0338,0.0340,APPROACH,0
334.691,0.0341,0.0340,APPROACH,0
334.725,0.0340,0.0340,APPROACH,0
334.759,0.0339,0.0340,APPROACH,0
334.793,0.0342,0.0340,APPROACH,0
334.827,0.0340,0.0340,APPROACH,0
334.861,0.0340,0.0340,APPROACH,0
334.895,0.0340,0.0340,APPROACH,0
334.929,0.0340,0.0340,APPROACH,0
334.963,0.0343,0.0340,APPROACH,0
334.997,0.0340,0.0340,APPROACH,0
335.031,0.0338,0.0340,APPROACH,0
335.065,0.0339,0.0340,APPROACH,0
335.099,0.0341,0.0340,APPROACH,0
335.133,0.0339,0.0340,APPROACH,0
335.167,0.0342,0.0340,APPROACH,0
335.201,0.0343,0.0340,APPROACH,0
335.235,0.0336,0.0340,APPROACH,0
335.269,0.0344,0.0340,APPROACH,0
335.303,0.0338,0.0340,APPROACH,0
335.337,0.0340,0.0340,APPROACH,0
335.371,0.0339,0.0340,APPROACH,0
335.405,0.0341,0.0340,APPROACH,0
335.439,0.0339,0.0340,APPROACH,0
335.473,0.0343,0.0340,APPROACH,0
335.507,0.0339,0.0340,APPROACH,0
335.541,0.0339,0.0340,APPROACH,0
335.575,0.0342,0.0340,APPROACH,0
335.609,0.0340,0.0340,APPROACH,0
335.643,0.0338,0.0340,APPROACH,0
335.677,0.0342,0.0340,APPROACH,0
335.711,0.0341,0.0340,APPROACH,0
335.745,0.0338,0.0340,APPROACH,0
335.779,0.0341,0.0340,APPROACH,0
335.813,0.0341,0.0340,APPROACH,0
335.847,0.0337,0.0340,APPROACH,0
335.881,0.0342,0.0340,APPROACH,0
335.915,0.0339,0.0340,APPROACH,0
335.949,0.0340,0.0340,APPROACH,0
335.983,0.0339,0.0340,APPROACH,0
336.017,0.0340,0.0340,APPROACH,0
336.052,0.0345,0.0340,APPROACH,0
336.085,0.0336,0.0340,APPROACH,0
336.119,0.0341,0.0340,APPROACH,0
336.153,0.0339,0.0340,APPROACH,0
336.187,0.0341,0.0340,APPROACH,0
336.221,0.0339,0.0340,APPROACH,0
336.255,0.0340,0.0340,APPROACH,0
336.289,0.0341,0.0340,APPROACH,0
336.323,0.0339,0.0340,APPROACH,0
336.358,0.0342,0.0340,APPROACH,0
336.392,0.0343,0.0340,APPROACH,0
336.426,0.0337,0.0340,APPROACH,0
336.459,0.0339,0.0340,APPROACH,0
336.493,0.0341,0.0340,APPROACH,0
336.528,0.0341,0.0340,APPROACH,0
336.562,0.0344,0.0340,APPROACH,0
336.596,0.0337,0.0340,APPROACH,0
336.630,0.0340,0.0340,APPROACH,0
336.664,0.0340,0.0340,APPROACH,0
336.698,0.0341,0.0340,APPROACH,0
336.732,0.0339,0.0340,APPROACH,0
336.766,0.0342,0.0340,APPROACH,0
336.800,0.0337,0.0340,APPROACH,0
336.834,0.0342,0.0340,APPROACH,0
336.868,0.0339,0.0340,APPROACH,0
336.902,0.0340,0.0340,APPROACH,0
336.936,0.0341,0.0340,APPROACH,0
336.970,0.0338,0.0340,APPROACH,0
337.004,0.0340,0.0340,APPROACH,0
337.038,0.0340,0.0340,APPROACH,0
337.072,0.0341,0.0340,APPROACH,0
337.106,0.0339,0.0340,APPROACH,0
337.140,0.0341,0.0340,APPROACH,0
337.174,0.0340,0.0340,APPROACH,0
337.208,0.0340,0.0340,APPROACH,0
337.242,0.0342,0.0340,APPROACH,0
337.276,0.0341,0.0340,APPROACH,0
337.310,0.0337,0.0340,APPROACH,0
337.344,0.0341,0.0340,APPROACH,0
337.378,0.0340,0.0340,APPROACH,0
337.412,0.0341,0.0340,APPROACH,0
337.446,0.0339,0.0340,APPROACH,0
337.480,0.0341,0.0340,APPROACH,0
337.514,0.0342,0.0340,APPROACH,0
337.548,0.0339,0.0340,APPROACH,0
337.582,0.0340,0.0340,APPROACH,0
337.616,0.0340,0.0340,APPROACH,0
337.650,0.0342,0.0340,APPROACH,0
337.684,0.0339,0.0340,APPROACH,0
337.718,0.0340,0.0340,APPROACH,0
337.752,0.0343,0.0340,APPROACH,0
337.786,0.0339,0.0340,APPROACH,0
337.820,0.0340,0.0340,APPROACH,0
337.854,0.0341,0.0340,APPROACH,0
337.888,0.0340,0.0340,APPROACH,0
337.922,0.0340,0.0340,APPROACH,0
337.956,0.0339,0.0340,APPROACH,0
337.990,0.0340,0.0340,APPROACH,0
338.024,0.0339,0.0340,APPROACH,0
338.058,0.0342,0.0340,APPROACH,0
338.092,0.0339,0.0340,APPROACH,0
338.126,0.0341,0.0340,APPROACH,0
338.160,0.0341,0.0340,APPROACH,0
338.194,0.0338,0.0340,APPROACH,0
338.228,0.0342,0.0340,APPROACH,0
338.262,0.0339,0.0340,APPROACH,0
338.296,0.0340,0.0340,APPROACH,0
338.330,0.0340,0.0340,APPROACH,0
338.364,0.0341,0.0340,APPROACH,0
338.398,0.0340,0.0340,APPROACH,0
338.432,0.0339,0.0340,APPROACH,0
338.466,0.0340,0.0340,APPROACH,0
338.500,0.0341,0.0340,APPROACH,0
338.535,0.0340,0.0340,APPROACH,0
338.569,0.0340,0.0340,APPROACH,0
338.602,0.0340,0.0340,APPROACH,0
338.637,0.0341,0.0340,APPROACH,0
338.671,0.0340,0.0340,APPROACH,0
338.705,0.0344,0.0340,APPROACH,0
338.739,0.0340,0.0340,APPROACH,0
338.773,0.0337,0.0340,APPROACH,0
338.807,0.0340,0.0340,APPROACH,0
338.841,0.0340,0.0340,APPROACH,0
338.875,0.0339,0.0340,APPROACH,0
338.909,0.0341,0.0340,APPROACH,0
338.943,0.0342,0.0340,APPROACH,0
338.977,0.0338,0.0340,APPROACH,0
339.011,0.0344,0.0340,APPROACH,0
339.045,0.0335,0.0340,APPROACH,0
339.079,0.0340,0.0340,APPROACH,0
339.113,0.0341,0.0340,APPROACH,0
339.147,0.0340,0.0340,APPROACH,0
339.181,0.0341,0.0340,APPROACH,0
339.215,0.0341,0.0340,APPROACH,0
339.249,0.0338,0.0340,APPROACH,0
339.283,0.0341,0.0340,APPROACH,0
339.317,0.0339,0.0340,APPROACH,0
339.351,0.0341,0.0340,APPROACH,0
339.385,0.0339,0.0340,APPROACH,0
339.419,0.0343,0.0340,APPROACH,0
339.453,0.0340,0.0340,APPROACH,0
339.487,0.0336,0.0340,APPROACH,0
339.521,0.0340,0.0340,APPROACH,0
339.555,0.0341,0.0340,APPROACH,0
339.589,0.0339,0.0340,APPROACH,0
339.623,0.0342,0.0340,APPROACH,0
339.657,0.0339,0.0340,APPROACH,0
339.691,0.0344,0.0340,APPROACH,0
339.725,0.0336,0.0340,APPROACH,0
339.759,0.0343,0.0340,APPROACH,0
339.794,0.0342,0.0340,APPROACH,0
339.827,0.0336,0.0340,APPROACH,0
339.861,0.0340,0.0340,APPROACH,0
339.895,0.0339,0.0340,APPROACH,0
339.929,0.0340,0.0340,APPROACH,0
339.963,0.0340,0.0340,APPROACH,0
339.997,0.0341,0.0340,APPROACH,0
340.031,0.0341,0.0340,APPROACH,0
340.065,0.0338,0.0340,APPROACH,0
340.099,0.0341,0.0340,APPROACH,0
340.133,0.0340,0.0340,BLIND_DASH,0
340.167,0.0340,0.0340,BLIND_DASH,0
340.201,0.0339,0.0340,BLIND_DASH,0
340.235,0.0341,0.0340,PATROL,0
340.269,0.0340,0.0340,PATROL,0
340.303,0.0339,0.0340,PATROL,0
