t,wall_dt,sim_dt,state,dropped
0.597,0.0340,0.0340,PATROL,0
0.631,0.0340,0.0340,PATROL,0
0.665,0.0342,0.0340,PATROL,0
0.699,0.0341,0.0340,PATROL,0
0.733,0.0337,0.0340,PATROL,0
0.767,0.0340,0.0340,PATROL,0
0.801,0.0341,0.0340,PATROL,0
0.835,0.0341,0.0340,PATROL,0
0.869,0.0342,0.0340,PATROL,0
0.903,0.0340,0.0340,PATROL,0
0.937,0.0339,0.0340,PATROL,0
0.972,0.0343,0.0340,PATROL,0
1.005,0.0337,0.0340,PATROL,0
1.039,0.0339,0.0340,PATROL,0
1.073,0.0342,0.0340,PATROL,0
1.107,0.0338,0.0340,PATROL,0
1.141,0.0342,0.0340,PATROL,0
1.175,0.0339,0.0340,PATROL,0
1.210,0.0343,0.0340,PATROL,0
1.244,0.0341,0.0340,PATROL,0
1.278,0.0338,0.0340,PATROL,0
1.312,0.0340,0.0340,PATROL,0
1.346,0.0340,0.0340,PATROL,0
1.379,0.0339,0.0340,PATROL,0
1.414,0.0344,0.0340,PATROL,0
1.448,0.0337,0.0340,PATROL,0
1.482,0.0341,0.0340,PATROL,0
1.515,0.0339,0.0340,PATROL,0
1.550,0.0344,0.0340,PATROL,0
1.583,0.0336,0.0340,PATROL,0
1.618,0.0341,0.0340,PATROL,0
1.652,0.0339,0.0340,PATROL,0
1.686,0.0343,0.0340,PATROL,0
1.720,0.0341,0.0340,PATROL,0
1.754,0.0338,0.0340,PATROL,0
1.788,0.0344,0.0340,PATROL,0
1.822,0.0337,0.0340,PATROL,0
1.856,0.0341,0.0340,PATROL,0
1.890,0.0339,0.0340,PATROL,0
1.924,0.0340,0.0340,PATROL,0
1.958,0.0340,0.0340,PATROL,0
1.992,0.0341,0.0340,PATROL,0
2.026,0.0338,0.0340,PATROL,0
2.060,0.0341,0.0340,PATROL,0
2.094,0.0340,0.0340,PATROL,0
2.128,0.0340,0.0340,PATROL,0
2.162,0.0340,0.0340,PATROL,0
2.196,0.0339,0.0340,PATROL,0
2.230,0.0340,0.0340,PATROL,0
2.264,0.0341,0.0340,PATROL,0
2.298,0.0343,0.0340,PATROL,0
2.332,0.0338,0.0340,PATROL,0
2.366,0.0340,0.0340,PATROL,0
2.400,0.0339,0.0340,PATROL,0
2.434,0.0340,0.0340,PATROL,0
2.468,0.0340,0.0340,PATROL,0
2.502,0.0341,0.0340,PATROL,0
2.536,0.0340,0.0340,PATROL,0
2.570,0.0340,0.0340,PATROL,0
2.604,0.0341,0.0340,PATROL,0
2.638,0.0340,0.0340,PATROL,0
2.672,0.0341,0.0340,PATROL,0
2.706,0.0340,0.0340,PATROL,0
2.740,0.0340,0.0340,PATROL,0
2.774,0.0339,0.0340,PATROL,0
2.808,0.0341,0.0340,PATROL,0
2.842,0.0340,0.0340,PATROL,0
2.876,0.0340,0.0340,PATROL,0
2.910,0.0340,0.0340,PATROL,0
2.944,0.0341,0.0340,PATROL,0
2.978,0.0339,0.0340,PATROL,0
3.012,0.0341,0.0340,PATROL,0
3.046,0.0340,0.0340,PATROL,0
3.080,0.0340,0.0340,PATROL,0
3.114,0.0341,0.0340,PATROL,0
3.149,0.0343,0.0340,PATROL,0
3.183,0.0338,0.0340,PATROL,0
3.217,0.0340,0.0340,PATROL,0
3.251,0.0341,0.0340,PATROL,0
3.285,0.0339,0.0340,PATROL,0
3.319,0.0340,0.0340,PATROL,0
3.353,0.0341,0.0340,PATROL,0
3.387,0.0340,0.0340,PATROL,0
3.421,0.0339,0.0340,PATROL,0
3.455,0.0340,0.0340,PATROL,0
3.489,0.0340,0.0340,PATROL,0
3.523,0.0341,0.0340,PATROL,0
3.557,0.0339,0.0340,PATROL,0
3.591,0.0343,0.0340,PATROL,0
3.625,0.0340,0.0340,PATROL,0
3.659,0.0339,0.0340,PATROL,0
3.693,0.0340,0.0340,PATROL,0
3.727,0.0344,0.0340,PATROL,0
3.761,0.0335,0.0340,PATROL,0
3.795,0.0340,0.0340,PATROL,0
3.829,0.0341,0.0340,PATROL,0
3.863,0.0339,0.0340,PATROL,0
3.897,0.0342,0.0340,PATROL,0
3.931,0.0339,0.0340,PATROL,0
3.966,0.0346,0.0340,PATROL,0
3.999,0.0333,0.0340,PATROL,0
4.033,0.0340,0.0340,PATROL,0
4.067,0.0339,0.0340,PATROL,0
4.101,0.0344,0.0340,PATROL,0
4.135,0.0340,0.0340,PATROL,0
4.169,0.0342,0.0340,PATROL,0
4.203,0.0339,0.0340,PATROL,0
4.237,0.0341,0.0340,PATROL,0
4.271,0.0336,0.0340,PATROL,0
4.305,0.0341,0.0340,PATROL,0
4.339,0.0343,0.0340,PATROL,0
4.373,0.0337,0.0340,PATROL,0
4.407,0.0339,0.0340,PATROL,0
4.441,0.0340,0.0340,PATROL,0
4.475,0.0341,0.0340,PATROL,0
4.509,0.0339,0.0340,PATROL,0
4.543,0.0340,0.0340,PATROL,0
4.577,0.0342,0.0340,PATROL,0
4.611,0.0338,0.0340,PATROL,0
4.645,0.0341,0.0340,PATROL,0
4.679,0.0340,0.0340,PATROL,0
4.713,0.0340,0.0340,PATROL,0
4.747,0.0341,0.0340,PATROL,0
4.781,0.0338,0.0340,PATROL,0
4.815,0.0342,0.0340,PATROL,0
4.850,0.0343,0.0340,PATROL,0
4.883,0.0338,0.0340,PATROL,0
4.917,0.0340,0.0340,PATROL,0
4.951,0.0339,0.0340,PATROL,0
4.985,0.0340,0.0340,PATROL,0
5.019,0.0341,0.0340,PATROL,0
5.054,0.0341,0.0340,PATROL,0
5.088,0.0340,0.0340,PATROL,0
5.121,0.0339,0.0340,PATROL,0
5.155,0.0340,0.0340,PATROL,0
5.190,0.0341,0.0340,PATROL,0
5.224,0.0340,0.0340,PATROL,0
5.258,0.0340,0.0340,PATROL,0
5.292,0.0341,0.0340,PATROL,0
5.326,0.0340,0.0340,PATROL,0
5.360,0.0340,0.0340,PATROL,0
5.394,0.0340,0.0340,PATROL,0
5.428,0.0340,0.0340,PATROL,0
5.462,0.0341,0.0340,PATROL,0
5.496,0.0340,0.0340,PATROL,0
5.530,0.0341,0.0340,PATROL,0
5.564,0.0340,0.0340,PATROL,0
5.598,0.0339,0.0340,PATROL,0
5.632,0.0340,0.0340,PATROL,0
5.666,0.0341,0.0340,PATROL,0
5.700,0.0340,0.0340,PATROL,0
5.734,0.0340,0.0340,PATROL,0
5.768,0.0342,0.0340,PATROL,0
5.802,0.0345,0.0340,PATROL,0
5.836,0.0335,0.0340,PATROL,0
5.870,0.0340,0.0340,PATROL,0
5.904,0.0341,0.0340,PATROL,0
5.938,0.0339,0.0340,PATROL,0
5.972,0.0340,0.0340,PATROL,0
6.006,0.0341,0.0340,PATROL,0
6.040,0.0338,0.0340,PATROL,0
6.074,0.0343,0.0340,PATROL,0
6.108,0.0338,0.0340,PATROL,0
6.142,0.0341,0.0340,PATROL,0
6.176,0.0340,0.0340,PATROL,0
6.210,0.0341,0.0340,PATROL,0
6.244,0.0340,0.0340,PATROL,0
6.278,0.0339,0.0340,PATROL,0
6.312,0.0340,0.0340,PATROL,0
6.346,0.0341,0.0340,PATROL,0
6.380,0.0341,0.0340,PATROL,0
6.414,0.0339,0.0340,PATROL,0
6.448,0.0341,0.0340,PATROL,0
6.482,0.0340,0.0340,PATROL,0
6.516,0.0339,0.0340,PATROL,0
6.550,0.0341,0.0340,PATROL,0
6.584,0.0341,0.0340,PATROL,0
6.618,0.0341,0.0340,PATROL,0
6.652,0.0339,0.0340,PATROL,0
6.687,0.0343,0.0340,PATROL,0
6.720,0.0337,0.0340,PATROL,0
6.754,0.0340,0.0340,PATROL,0
6.789,0.0342,0.0340,PATROL,0
6.822,0.0338,0.0340,PATROL,0
6.856,0.0339,0.0340,PATROL,0
6.890,0.0343,0.0340,PATROL,0
6.924,0.0338,0.0340,PATROL,0
6.958,0.0339,0.0340,PATROL,0
6.993,0.0343,0.0340,PATROL,0
7.026,0.0339,0.0340,PATROL,0
7.060,0.0340,0.0340,PATROL,0
7.094,0.0341,0.0340,PATROL,0
7.129,0.0341,0.0340,PATROL,0
7.163,0.0340,0.0340,PATROL,0
7.196,0.0338,0.0340,PATROL,0
7.231,0.0342,0.0340,PATROL,0
7.264,0.0339,0.0340,PATROL,0
7.299,0.0340,0.0340,PATROL,0
7.333,0.0341,0.0340,PATROL,0
7.367,0.0340,0.0340,PATROL,0
7.401,0.0340,0.0340,PATROL,0
7.435,0.0341,0.0340,PATROL,0
7.469,0.0339,0.0340,PATROL,0
7.503,0.0340,0.0340,PATROL,0
7.537,0.0341,0.0340,PATROL,0
7.571,0.0340,0.0340,PATROL,0
7.605,0.0339,0.0340,PATROL,0
7.639,0.0342,0.0340,PATROL,0
7.673,0.0339,0.0340,PATROL,0
7.707,0.0341,0.0340,PATROL,0
7.741,0.0339,0.0340,PATROL,0
7.775,0.0339,0.0340,PATROL,0
7.810,0.0350,0.0340,PATROL,0
7.843,0.0331,0.0340,PATROL,0
7.877,0.0340,0.0340,PATROL,0
7.911,0.0339,0.0340,PATROL,0
7.945,0.0342,0.0340,PATROL,0
7.979,0.0343,0.0340,PATROL,0
8.013,0.0336,0.0340,PATROL,0
8.047,0.0340,0.0340,PATROL,0
8.081,0.0341,0.0340,PATROL,0
8.115,0.0340,0.0340,PATROL,0
8.149,0.0340,0.0340,PATROL,0
8.183,0.0341,0.0340,PATROL,0
8.217,0.0344,0.0340,PATROL,0
8.251,0.0335,0.0340,PATROL,0
8.285,0.0341,0.0340,PATROL,0
8.319,0.0341,0.0340,PATROL,0
8.353,0.0339,0.0340,PATROL,0
8.387,0.0341,0.0340,PATROL,0
8.421,0.0340,0.0340,PATROL,0
8.455,0.0340,0.0340,PATROL,0
8.489,0.0340,0.0340,PATROL,0
8.523,0.0339,0.0340,PATROL,0
8.557,0.0340,0.0340,PATROL,0
8.591,0.0341,0.0340,PATROL,0
8.625,0.0342,0.0340,PATROL,0
8.659,0.0338,0.0340,PATROL,0
8.693,0.0339,0.0340,PATROL,0
8.727,0.0340,0.0340,PATROL,0
8.761,0.0340,0.0340,PATROL,0
8.795,0.0340,0.0340,PATROL,0
8.829,0.0340,0.0340,PATROL,0
8.863,0.0339,0.0340,PATROL,0
8.897,0.0340,0.0340,PATROL,0
8.931,0.0341,0.0340,PATROL,0
8.966,0.0344,0.0340,PATROL,0
9.000,0.0340,0.0340,PATROL,0
9.033,0.0337,0.0340,PATROL,0
9.068,0.0341,0.0340,PATROL,0
9.101,0.0339,0.0340,PATROL,0
9.135,0.0340,0.0340,PATROL,0
9.170,0.0342,0.0340,PATROL,0
9.203,0.0339,0.0340,PATROL,0
9.238,0.0341,0.0340,PATROL,0
9.272,0.0340,0.0340,PATROL,0
9.306,0.0340,0.0340,PATROL,0
9.340,0.0340,0.0340,PATROL,0
9.374,0.0340,0.0340,PATROL,0
9.408,0.0341,0.0340,PATROL,0
9.442,0.0340,0.0340,PATROL,0
9.476,0.0340,0.0340,PATROL,0
9.510,0.0340,0.0340,PATROL,0
9.544,0.0341,0.0340,PATROL,0
9.578,0.0340,0.0340,PATROL,0
9.612,0.0340,0.0340,PATROL,0
9.646,0.0339,0.0340,PATROL,0
9.680,0.0341,0.0340,PATROL,0
9.714,0.0339,0.0340,PATROL,0
9.748,0.0342,0.0340,PATROL,0
9.782,0.0340,0.0340,PATROL,0
9.816,0.0341,0.0340,PATROL,0
9.850,0.0340,0.0340,PATROL,0
9.884,0.0340,0.0340,PATROL,0
9.918,0.0337,0.0340,PATROL,0
9.952,0.0342,0.0340,PATROL,0
9.986,0.0341,0.0340,PATROL,0
10.020,0.0340,0.0340,PATROL,0
10.054,0.0340,0.0340,PATROL,0
10.088,0.0340,0.0340,PATROL,0
10.122,0.0342,0.0340,PATROL,0
10.156,0.0337,0.0340,PATROL,0
10.190,0.0341,0.0340,PATROL,0
10.224,0.0343,0.0340,PATROL,0
10.258,0.0339,0.0340,PATROL,0
10.293,0.0344,0.0340,PATROL,0
10.326,0.0336,0.0340,PATROL,0
10.360,0.0340,0.0340,PATROL,0
10.395,0.0343,0.0340,PATROL,0
10.429,0.0340,0.0340,PATROL,0
10.463,0.0341,0.0340,PATROL,0
10.496,0.0338,0.0340,PATROL,0
10.530,0.0340,0.0340,PATROL,0
10.564,0.0339,0.0340,PATROL,0
10.598,0.0340,0.0340,PATROL,0
10.632,0.0341,0.0340,PATROL,0
10.667,0.0342,0.0340,PATROL,0
10.700,0.0339,0.0340,PATROL,0
10.735,0.0342,0.0340,PATROL,0
10.768,0.0338,0.0340,PATROL,0
10.803,0.0341,0.0340,PATROL,0
10.837,0.0340,0.0340,PATROL,0
10.870,0.0339,0.0340,PATROL,0
10.904,0.0339,0.0340,PATROL,0
10.939,0.0345,0.0340,ALIGN,0
10.972,0.0337,0.0340,ALIGN,0
11.006,0.0339,0.0340,ALIGN,0
11.040,0.0341,0.0340,ALIGN,0
11.075,0.0341,0.0340,ALIGN,0
11.108,0.0339,0.0340,ALIGN,0
11.143,0.0341,0.0340,ALIGN,0
11.177,0.0340,0.0340,ALIGN,0
11.210,0.0339,0.0340,ALIGN,0
11.245,0.0342,0.0340,ALIGN,0
11.279,0.0342,0.0340,ALIGN,0
11.313,0.0337,0.0340,ALIGN,0
11.347,0.0340,0.0340,ALIGN,0
11.381,0.0341,0.0340,ALIGN,0
11.415,0.0340,0.0340,ALIGN,0
11.449,0.0340,0.0340,ALIGN,0
11.483,0.0343,0.0340,ALIGN,0
11.517,0.0338,0.0340,ALIGN,0
11.551,0.0339,0.0340,ALIGN,0
11.585,0.0341,0.0340,ALIGN,0
11.619,0.0340,0.0340,APPROACH,0
11.653,0.0341,0.0340,APPROACH,0
11.687,0.0339,0.0340,APPROACH,0
11.721,0.0341,0.0340,APPROACH,0
11.755,0.0340,0.0340,APPROACH,0
11.789,0.0339,0.0340,APPROACH,0
11.823,0.0342,0.0340,APPROACH,0
11.857,0.0339,0.0340,APPROACH,0
11.891,0.0342,0.0340,APPROACH,0
11.925,0.0338,0.0340,APPROACH,0
11.959,0.0341,0.0340,APPROACH,0
11.993,0.0341,0.0340,APPROACH,0
12.027,0.0343,0.0340,APPROACH,0
12.061,0.0337,0.0340,APPROACH,0
12.095,0.0343,0.0340,APPROACH,0
12.129,0.0341,0.0340,APPROACH,0
12.163,0.0338,0.0340,APPROACH,0
12.197,0.0341,0.0340,APPROACH,0
12.231,0.0341,0.0340,APPROACH,0
12.265,0.0342,0.0340,APPROACH,0
12.300,0.0341,0.0340,APPROACH,0
12.333,0.0337,0.0340,APPROACH,0
12.367,0.0341,0.0340,APPROACH,0
12.401,0.0340,0.0340,APPROACH,0
12.435,0.0340,0.0340,APPROACH,0
12.469,0.0340,0.0340,APPROACH,0
12.503,0.0342,0.0340,APPROACH,0
12.537,0.0339,0.0340,APPROACH,0
12.571,0.0338,0.0340,APPROACH,0
12.605,0.0341,0.0340,APPROACH,0
12.639,0.0340,0.0340,APPROACH,0
12.673,0.0340,0.0340,APPROACH,0
12.707,0.0341,0.0340,APPROACH,0
12.741,0.0339,0.0340,APPROACH,0
12.775,0.0341,0.0340,APPROACH,0
12.810,0.0342,0.0340,APPROACH,0
12.844,0.0341,0.0340,APPROACH,0
12.877,0.0337,0.0340,APPROACH,0
12.911,0.0340,0.0340,APPROACH,0
12.946,0.0341,0.0340,APPROACH,0
12.980,0.0340,0.0340,APPROACH,0
13.014,0.0340,0.0340,APPROACH,0
13.048,0.0341,0.0340,APPROACH,0
13.082,0.0340,0.0340,APPROACH,0
13.116,0.0340,0.0340,APPROACH,0
13.150,0.0340,0.0340,APPROACH,0
13.184,0.0343,0.0340,APPROACH,0
13.218,0.0337,0.0340,APPROACH,0
13.252,0.0340,0.0340,APPROACH,0
13.286,0.0340,0.0340,APPROACH,0
13.320,0.0343,0.0340,APPROACH,0
13.354,0.0338,0.0340,APPROACH,0
13.388,0.0340,0.0340,APPROACH,0
13.422,0.0340,0.0340,APPROACH,0
13.456,0.0340,0.0340,APPROACH,0
13.490,0.0340,0.0340,APPROACH,0
13.524,0.0339,0.0340,APPROACH,0
13.558,0.0342,0.0340,APPROACH,0
13.592,0.0338,0.0340,APPROACH,0
13.626,0.0345,0.0340,APPROACH,0
13.660,0.0337,0.0340,APPROACH,0
13.694,0.0339,0.0340,APPROACH,0
13.728,0.0339,0.0340,APPROACH,0
13.762,0.0342,0.0340,APPROACH,0
13.796,0.0339,0.0340,APPROACH,0
13.830,0.0339,0.0340,APPROACH,0
13.864,0.0341,0.0340,APPROACH,0
13.898,0.0340,0.0340,APPROACH,0
13.932,0.0340,0.0340,APPROACH,0
13.966,0.0342,0.0340,APPROACH,0
14.000,0.0338,0.0340,APPROACH,0
14.034,0.0341,0.0340,APPROACH,0
14.068,0.0340,0.0340,APPROACH,0
14.102,0.0339,0.0340,APPROACH,0
14.136,0.0340,0.0340,APPROACH,0
14.170,0.0341,0.0340,APPROACH,0
14.204,0.0341,0.0340,APPROACH,0
14.238,0.0340,0.0340,APPROACH,0
14.272,0.0340,0.0340,APPROACH,0
14.306,0.0340,0.0340,APPROACH,0
14.340,0.0341,0.0340,APPROACH,0
14.374,0.0341,0.0340,APPROACH,0
14.408,0.0339,0.0340,APPROACH,0
14.442,0.0340,0.0340,APPROACH,0
14.476,0.0340,0.0340,APPROACH,0
14.510,0.0341,0.0340,APPROACH,0
14.544,0.0339,0.0340,APPROACH,0
14.578,0.0340,0.0340,APPROACH,0
14.613,0.0343,0.0340,APPROACH,0
14.647,0.0340,0.0340,APPROACH,0
14.681,0.0340,0.0340,APPROACH,0
14.714,0.0340,0.0340,APPROACH,0
14.749,0.0341,0.0340,APPROACH,0
14.783,0.0340,0.0340,APPROACH,0
14.817,0.0341,0.0340,APPROACH,0
14.851,0.0340,0.0340,APPROACH,0
14.885,0.0338,0.0340,APPROACH,0
14.918,0.0338,0.0340,APPROACH,0
14.952,0.0341,0.0340,APPROACH,0
14.987,0.0342,0.0340,APPROACH,0
15.021,0.0340,0.0340,APPROACH,0
15.055,0.0341,0.0340,APPROACH,0
15.089,0.0341,0.0340,APPROACH,0
15.123,0.0338,0.0340,APPROACH,0
15.157,0.0340,0.0340,APPROACH,0
15.191,0.0341,0.0340,APPROACH,0
15.225,0.0340,0.0340,APPROACH,0
15.259,0.0341,0.0340,APPROACH,0
15.293,0.0340,0.0340,APPROACH,0
15.327,0.0339,0.0340,APPROACH,0
15.361,0.0342,0.0340,APPROACH,0
15.395,0.0339,0.0340,APPROACH,0
15.429,0.0341,0.0340,APPROACH,0
15.463,0.0340,0.0340,APPROACH,0
15.497,0.0342,0.0340,APPROACH,0
15.531,0.0341,0.0340,APPROACH,0
15.565,0.0337,0.0340,APPROACH,0
15.599,0.0342,0.0340,APPROACH,0
15.633,0.0340,0.0340,APPROACH,0
15.667,0.0339,0.0340,APPROACH,0
15.701,0.0340,0.0340,APPROACH,0
15.735,0.0340,0.0340,APPROACH,0
15.769,0.0341,0.0340,APPROACH,0
15.803,0.0340,0.0340,APPROACH,0
15.837,0.0340,0.0340,APPROACH,0
15.871,0.0338,0.0340,APPROACH,0
15.905,0.0340,0.0340,APPROACH,0
15.939,0.0343,0.0340,APPROACH,0
15.973,0.0338,0.0340,APPROACH,0
16.007,0.0340,0.0340,APPROACH,0
16.041,0.0342,0.0340,APPROACH,0
16.075,0.0340,0.0340,APPROACH,0
16.109,0.0341,0.0340,APPROACH,0
16.143,0.0340,0.0340,APPROACH,0
16.177,0.0339,0.0340,APPROACH,0
16.211,0.0339,0.0340,APPROACH,0
16.245,0.0342,0.0340,APPROACH,0
16.280,0.0342,0.0340,APPROACH,0
16.313,0.0338,0.0340,APPROACH,0
16.347,0.0341,0.0340,APPROACH,0
16.381,0.0338,0.0340,APPROACH,0
16.415,0.0341,0.0340,APPROACH,0
16.449,0.0341,0.0340,APPROACH,0
16.483,0.0339,0.0340,APPROACH,0
16.518,0.0342,0.0340,APPROACH,0
16.551,0.0339,0.0340,APPROACH,0
16.585,0.0340,0.0340,APPROACH,0
16.620,0.0340,0.0340,APPROACH,0
16.653,0.0338,0.0340,APPROACH,0
16.688,0.0341,0.0340,APPROACH,0
16.721,0.0339,0.0340,APPROACH,0
16.756,0.0342,0.0340,APPROACH,0
16.790,0.0340,0.0340,APPROACH,0
16.824,0.0340,0.0340,APPROACH,0
16.858,0.0340,0.0340,APPROACH,0
16.892,0.0342,0.0340,APPROACH,0
16.926,0.0338,0.0340,APPROACH,0
16.960,0.0340,0.0340,APPROACH,0
16.994,0.0341,0.0340,APPROACH,0
17.028,0.0341,0.0340,APPROACH,0
17.062,0.0338,0.0340,APPROACH,0
17.096,0.0341,0.0340,APPROACH,0
17.130,0.0341,0.0340,APPROACH,0
17.164,0.0339,0.0340,APPROACH,0
17.198,0.0342,0.0340,APPROACH,0
17.232,0.0339,0.0340,APPROACH,0
17.266,0.0340,0.0340,APPROACH,0
17.300,0.0341,0.0340,APPROACH,0
17.334,0.0344,0.0340,APPROACH,0
17.368,0.0337,0.0340,APPROACH,0
17.402,0.0342,0.0340,APPROACH,0
17.436,0.0338,0.0340,APPROACH,0
17.470,0.0341,0.0340,APPROACH,0
17.504,0.0340,0.0340,APPROACH,0
17.538,0.0339,0.0340,APPROACH,0
17.572,0.0340,0.0340,APPROACH,0
17.606,0.0340,0.0340,APPROACH,0
17.640,0.0341,0.0340,APPROACH,0
17.674,0.0342,0.0340,APPROACH,0
17.708,0.0336,0.0340,APPROACH,0
17.742,0.0341,0.0340,APPROACH,0
17.776,0.0339,0.0340,APPROACH,0
17.810,0.0339,0.0340,APPROACH,0
17.844,0.0342,0.0340,APPROACH,0
17.878,0.0339,0.0340,APPROACH,0
17.912,0.0343,0.0340,APPROACH,0
17.946,0.0340,0.0340,APPROACH,0
17.980,0.0339,0.0340,APPROACH,0
18.014,0.0339,0.0340,APPROACH,0
18.048,0.0343,0.0340,APPROACH,0
18.082,0.0339,0.0340,APPROACH,0
18.116,0.0339,0.0340,APPROACH,0
18.150,0.0340,0.0340,APPROACH,0
18.184,0.0342,0.0340,APPROACH,0
18.218,0.0340,0.0340,APPROACH,0
18.252,0.0340,0.0340,APPROACH,0
18.286,0.0339,0.0340,APPROACH,0
18.320,0.0340,0.0340,APPROACH,0
18.354,0.0340,0.0340,APPROACH,0
18.388,0.0341,0.0340,APPROACH,0
18.422,0.0340,0.0340,APPROACH,0
18.456,0.0339,0.0340,APPROACH,0
18.490,0.0341,0.0340,APPROACH,0
18.524,0.0339,0.0340,APPROACH,0
18.558,0.0339,0.0340,APPROACH,0
18.592,0.0339,0.0340,APPROACH,0
18.626,0.0340,0.0340,APPROACH,0
18.660,0.0342,0.0340,APPROACH,0
18.695,0.0348,0.0340,APPROACH,0
18.729,0.0337,0.0340,APPROACH,0
18.763,0.0340,0.0340,APPROACH,0
18.797,0.0339,0.0340,APPROACH,0
18.830,0.0338,0.0340,APPROACH,0
18.865,0.0340,0.0340,APPROACH,0
18.899,0.0341,0.0340,APPROACH,0
18.933,0.0341,0.0340,APPROACH,0
18.967,0.0339,0.0340,APPROACH,0
19.001,0.0340,0.0340,APPROACH,0
19.035,0.0342,0.0340,APPROACH,0
19.069,0.0339,0.0340,APPROACH,0
19.103,0.0340,0.0340,APPROACH,0
19.137,0.0339,0.0340,APPROACH,0
19.171,0.0342,0.0340,APPROACH,0
19.205,0.0340,0.0340,APPROACH,0
19.239,0.0340,0.0340,APPROACH,0
19.273,0.0340,0.0340,APPROACH,0
19.307,0.0340,0.0340,APPROACH,0
19.341,0.0339,0.0340,APPROACH,0
19.375,0.0340,0.0340,APPROACH,0
19.409,0.0343,0.0340,APPROACH,0
19.443,0.0338,0.0340,APPROACH,0
19.477,0.0340,0.0340,APPROACH,0
19.511,0.0340,0.0340,APPROACH,0
19.545,0.0340,0.0340,APPROACH,0
19.579,0.0340,0.0340,APPROACH,0
19.613,0.0340,0.0340,APPROACH,0
19.647,0.0344,0.0340,APPROACH,0
19.681,0.0337,0.0340,APPROACH,0
19.715,0.0340,0.0340,APPROACH,0
19.749,0.0341,0.0340,APPROACH,0
19.783,0.0342,0.0340,APPROACH,0
19.817,0.0337,0.0340,APPROACH,0
19.851,0.0341,0.0340,APPROACH,0
19.885,0.0340,0.0340,APPROACH,0
19.919,0.0339,0.0340,APPROACH,0
19.953,0.0344,0.0340,APPROACH,0
19.987,0.0339,0.0340,APPROACH,0
20.021,0.0341,0.0340,APPROACH,0
20.055,0.0339,0.0340,APPROACH,0
20.089,0.0342,0.0340,APPROACH,0
20.123,0.0339,0.0340,APPROACH,0
20.157,0.0340,0.0340,APPROACH,0
20.191,0.0340,0.0340,APPROACH,0
20.225,0.0340,0.0340,APPROACH,0
20.259,0.0340,0.0340,APPROACH,0
20.293,0.0340,0.0340,APPROACH,0
20.327,0.0339,0.0340,APPROACH,0
20.361,0.0340,0.0340,APPROACH,0
20.395,0.0340,0.0340,APPROACH,0
20.429,0.0339,0.0340,APPROACH,0
20.463,0.0341,0.0340,APPROACH,0
20.498,0.0342,0.0340,APPROACH,0
20.531,0.0338,0.0340,APPROACH,0
20.565,0.0340,0.0340,APPROACH,0
20.599,0.0340,0.0340,APPROACH,0
20.633,0.0337,0.0340,APPROACH,0
20.667,0.0343,0.0340,APPROACH,0
20.701,0.0339,0.0340,APPROACH,0
20.735,0.0340,0.0340,APPROACH,0
20.769,0.0342,0.0340,APPROACH,0
20.804,0.0340,0.0340,APPROACH,0
20.838,0.0341,0.0340,APPROACH,0
20.871,0.0338,0.0340,APPROACH,0
20.906,0.0342,0.0340,APPROACH,0
20.940,0.0340,0.0340,APPROACH,0
20.974,0.0340,0.0340,APPROACH,0
21.008,0.0340,0.0340,APPROACH,0
21.042,0.0339,0.0340,APPROACH,0
21.076,0.0340,0.0340,APPROACH,0
21.110,0.0342,0.0340,APPROACH,0
21.144,0.0341,0.0340,APPROACH,0
21.178,0.0339,0.0340,APPROACH,0
21.212,0.0341,0.0340,APPROACH,0
21.246,0.0340,0.0340,APPROACH,0
21.280,0.0340,0.0340,APPROACH,0
21.314,0.0340,0.0340,APPROACH,0
21.348,0.0340,0.0340,APPROACH,0
21.382,0.0339,0.0340,APPROACH,0
21.416,0.0342,0.0340,APPROACH,0
21.450,0.0339,0.0340,APPROACH,0
21.484,0.0340,0.0340,APPROACH,0
21.518,0.0340,0.0340,APPROACH,0
21.552,0.0339,0.0340,APPROACH,0
21.586,0.0343,0.0340,APPROACH,0
21.620,0.0338,0.0340,APPROACH,0
21.654,0.0340,0.0340,APPROACH,0
21.688,0.0342,0.0340,APPROACH,0
21.722,0.0340,0.0340,APPROACH,0
21.756,0.0340,0.0340,APPROACH,0
21.790,0.0338,0.0340,APPROACH,0
21.824,0.0344,0.0340,APPROACH,0
21.858,0.0338,0.0340,APPROACH,0
21.892,0.0339,0.0340,APPROACH,0
21.926,0.0341,0.0340,APPROACH,0
21.960,0.0340,0.0340,APPROACH,0
21.994,0.0340,0.0340,APPROACH,0
22.028,0.0340,0.0340,APPROACH,0
22.062,0.0340,0.0340,APPROACH,0
22.096,0.0342,0.0340,APPROACH,0
22.130,0.0338,0.0340,APPROACH,0
22.164,0.0341,0.0340,APPROACH,0
22.198,0.0341,0.0340,APPROACH,0
22.232,0.0341,0.0340,APPROACH,0
22.267,0.0345,0.0340,APPROACH,0
22.301,0.0335,0.0340,APPROACH,0
22.335,0.0340,0.0340,APPROACH,0
22.368,0.0339,0.0340,APPROACH,0
22.403,0.0342,0.0340,APPROACH,0
22.437,0.0340,0.0340,APPROACH,0
22.470,0.0339,0.0340,APPROACH,0
22.504,0.0340,0.0340,APPROACH,0
22.539,0.0341,0.0340,APPROACH,0
22.573,0.0342,0.0340,APPROACH,0
22.607,0.0338,0.0340,APPROACH,0
22.641,0.0339,0.0340,APPROACH,0
22.675,0.0340,0.0340,APPROACH,0
22.709,0.0340,0.0340,APPROACH,0
22.743,0.0340,0.0340,APPROACH,0
22.777,0.0340,0.0340,APPROACH,0
22.811,0.0341,0.0340,APPROACH,0
22.845,0.0339,0.0340,APPROACH,0
22.879,0.0340,0.0340,APPROACH,0
22.913,0.0340,0.0340,APPROACH,0
22.947,0.0340,0.0340,APPROACH,0
22.981,0.0342,0.0340,APPROACH,0
23.015,0.0340,0.0340,APPROACH,0
23.049,0.0340,0.0340,APPROACH,0
23.083,0.0341,0.0340,APPROACH,0
23.117,0.0340,0.0340,APPROACH,0
23.151,0.0341,0.0340,APPROACH,0
23.185,0.0338,0.0340,APPROACH,0
23.219,0.0341,0.0340,APPROACH,0
23.253,0.0339,0.0340,APPROACH,0
23.287,0.0340,0.0340,APPROACH,0
23.321,0.0342,0.0340,APPROACH,0
23.355,0.0340,0.0340,APPROACH,0
23.389,0.0339,0.0340,APPROACH,0
23.423,0.0345,0.0340,APPROACH,0
23.457,0.0337,0.0340,APPROACH,0
23.491,0.0341,0.0340,APPROACH,0
23.525,0.0340,0.0340,APPROACH,0
23.559,0.0340,0.0340,APPROACH,0
23.593,0.0341,0.0340,APPROACH,0
23.627,0.0341,0.0340,APPROACH,0
23.661,0.0338,0.0340,APPROACH,0
23.696,0.0346,0.0340,APPROACH,0
23.729,0.0337,0.0340,APPROACH,0
23.763,0.0340,0.0340,APPROACH,0
23.797,0.0338,0.0340,APPROACH,0
23.831,0.0340,0.0340,APPROACH,0
23.865,0.0341,0.0340,APPROACH,0
23.900,0.0342,0.0340,APPROACH,0
23.933,0.0337,0.0340,APPROACH,0
23.967,0.0338,0.0340,APPROACH,0
24.001,0.0340,0.0340,APPROACH,0
24.035,0.0342,0.0340,APPROACH,0
24.070,0.0343,0.0340,APPROACH,0
24.103,0.0339,0.0340,APPROACH,0
24.137,0.0337,0.0340,APPROACH,0
24.171,0.0341,0.0340,APPROACH,0
24.205,0.0338,0.0340,APPROACH,0
24.239,0.0340,0.0340,APPROACH,0
24.273,0.0342,0.0340,APPROACH,0
24.307,0.0339,0.0340,APPROACH,0
24.341,0.0340,0.0340,APPROACH,0
24.376,0.0343,0.0340,APPROACH,0
24.409,0.0337,0.0340,APPROACH,0
24.443,0.0340,0.0340,APPROACH,0
24.477,0.0339,0.0340,APPROACH,0
24.511,0.0341,0.0340,APPROACH,0
24.545,0.0340,0.0340,APPROACH,0
24.579,0.0340,0.0340,APPROACH,0
24.613,0.0340,0.0340,APPROACH,0
24.647,0.0340,0.0340,APPROACH,0
24.681,0.0340,0.0340,APPROACH,0
24.715,0.0340,0.0340,APPROACH,0
24.749,0.0340,0.0340,APPROACH,0
24.783,0.0341,0.0340,APPROACH,0
24.818,0.0343,0.0340,APPROACH,0
24.852,0.0340,0.0340,APPROACH,0
24.886,0.0340,0.0340,APPROACH,0
24.920,0.0339,0.0340,APPROACH,0
24.954,0.0341,0.0340,APPROACH,0
24.988,0.0341,0.0340,APPROACH,0
25.022,0.0338,0.0340,APPROACH,0
25.056,0.0342,0.0340,APPROACH,0
25.090,0.0340,0.0340,APPROACH,0
25.124,0.0340,0.0340,APPROACH,0
25.158,0.0339,0.0340,APPROACH,0
25.192,0.0341,0.0340,APPROACH,0
25.226,0.0339,0.0340,APPROACH,0
25.260,0.0341,0.0340,APPROACH,0
25.294,0.0340,0.0340,APPROACH,0
25.328,0.0341,0.0340,APPROACH,0
25.362,0.0338,0.0340,APPROACH,0
25.396,0.0341,0.0340,APPROACH,0
25.430,0.0341,0.0340,APPROACH,0
25.464,0.0340,0.0340,APPROACH,0
25.498,0.0345,0.0340,APPROACH,0
25.532,0.0336,0.0340,APPROACH,0
25.566,0.0339,0.0340,APPROACH,0
25.600,0.0340,0.0340,APPROACH,0
25.634,0.0344,0.0340,APPROACH,0
25.668,0.0337,0.0340,APPROACH,0
25.702,0.0344,0.0340,APPROACH,0
25.736,0.0340,0.0340,ALIGN,0
25.770,0.0336,0.0340,ALIGN,0
25.804,0.0340,0.0340,ALIGN,0
25.838,0.0341,0.0340,APPROACH,0
25.872,0.0340,0.0340,APPROACH,0
25.906,0.0339,0.0340,APPROACH,0
25.940,0.0341,0.0340,APPROACH,0
25.974,0.0340,0.0340,APPROACH,0
26.008,0.0340,0.0340,APPROACH,0
26.042,0.0343,0.0340,APPROACH,0
26.076,0.0336,0.0340,APPROACH,0
26.110,0.0341,0.0340,APPROACH,0
26.144,0.0341,0.0340,APPROACH,0
26.178,0.0338,0.0340,APPROACH,0
26.212,0.0341,0.0340,APPROACH,0
26.246,0.0340,0.0340,APPROACH,0
26.280,0.0340,0.0340,APPROACH,0
26.314,0.0341,0.0340,APPROACH,0
26.348,0.0341,0.0340,APPROACH,0
26.382,0.0339,0.0340,APPROACH,0
26.416,0.0340,0.0340,APPROACH,0
26.450,0.0340,0.0340,APPROACH,0
26.484,0.0340,0.0340,APPROACH,0
26.518,0.0340,0.0340,APPROACH,0
26.552,0.0340,0.0340,APPROACH,0
26.586,0.0340,0.0340,APPROACH,0
26.620,0.0342,0.0340,APPROACH,0
26.654,0.0340,0.0340,APPROACH,0
26.689,0.0341,0.0340,APPROACH,0
26.723,0.0340,0.0340,APPROACH,0
26.756,0.0339,0.0340,APPROACH,0
26.791,0.0340,0.0340,APPROACH,0
26.825,0.0343,0.0340,APPROACH,0
26.859,0.0339,0.0340,APPROACH,0
26.893,0.0340,0.0340,APPROACH,0
26.927,0.0340,0.0340,APPROACH,0
26.961,0.0339,0.0340,APPROACH,0
26.995,0.0341,0.0340,APPROACH,0
27.029,0.0346,0.0340,APPROACH,0
27.063,0.0339,0.0340,APPROACH,0
27.097,0.0338,0.0340,APPROACH,0
27.131,0.0340,0.0340,APPROACH,0
27.165,0.0340,0.0340,APPROACH,0
27.199,0.0340,0.0340,APPROACH,0
27.233,0.0340,0.0340,APPROACH,0
27.267,0.0338,0.0340,APPROACH,0
27.301,0.0342,0.0340,APPROACH,0
27.335,0.0339,0.0340,APPROACH,0
27.369,0.0341,0.0340,APPROACH,0
27.403,0.0343,0.0340,APPROACH,0
27.437,0.0337,0.0340,APPROACH,0
27.471,0.0341,0.0340,APPROACH,0
27.505,0.0339,0.0340,APPROACH,0
27.539,0.0342,0.0340,APPROACH,0
27.573,0.0339,0.0340,APPROACH,0
27.607,0.0339,0.0340,APPROACH,0
27.641,0.0341,0.0340,APPROACH,0
27.675,0.0340,0.0340,APPROACH,0
27.709,0.0340,0.0340,APPROACH,0
27.743,0.0342,0.0340,APPROACH,0
27.777,0.0339,0.0340,APPROACH,0
27.811,0.0338,0.0340,APPROACH,0
27.845,0.0342,0.0340,APPROACH,0
27.879,0.0339,0.0340,APPROACH,0
27.913,0.0341,0.0340,APPROACH,0
27.947,0.0342,0.0340,APPROACH,0
27.981,0.0338,0.0340,APPROACH,0
28.015,0.0340,0.0340,APPROACH,0
28.049,0.0341,0.0340,APPROACH,0
28.084,0.0344,0.0340,APPROACH,0
28.117,0.0335,0.0340,APPROACH,0
28.151,0.0340,0.0340,APPROACH,0
28.185,0.0342,0.0340,APPROACH,0
28.220,0.0342,0.0340,APPROACH,0
28.253,0.0337,0.0340,APPROACH,0
28.287,0.0340,0.0340,APPROACH,0
28.322,0.0344,0.0340,APPROACH,0
28.355,0.0338,0.0340,APPROACH,0
28.390,0.0340,0.0340,APPROACH,0
28.424,0.0342,0.0340,APPROACH,0
28.458,0.0339,0.0340,APPROACH,0
28.492,0.0342,0.0340,APPROACH,0
28.526,0.0337,0.0340,APPROACH,0
28.560,0.0340,0.0340,APPROACH,0
28.594,0.0340,0.0340,APPROACH,0
28.627,0.0340,0.0340,APPROACH,0
28.662,0.0341,0.0340,APPROACH,0
28.696,0.0339,0.0340,APPROACH,0
28.730,0.0342,0.0340,APPROACH,0
28.764,0.0340,0.0340,APPROACH,0
28.798,0.0342,0.0340,APPROACH,0
28.832,0.0339,0.0340,APPROACH,0
28.866,0.0337,0.0340,APPROACH,0
28.900,0.0342,0.0340,APPROACH,0
28.934,0.0340,0.0340,APPROACH,0
28.968,0.0339,0.0340,APPROACH,0
29.002,0.0339,0.0340,APPROACH,0
29.036,0.0343,0.0340,APPROACH,0
29.070,0.0338,0.0340,APPROACH,0
29.104,0.0341,0.0340,APPROACH,0
29.138,0.0340,0.0340,APPROACH,0
29.172,0.0342,0.0340,APPROACH,0
29.206,0.0337,0.0340,APPROACH,0
29.240,0.0341,0.0340,APPROACH,0
29.274,0.0343,0.0340,APPROACH,0
29.308,0.0338,0.0340,APPROACH,0
29.342,0.0339,0.0340,APPROACH,0
29.376,0.0340,0.0340,APPROACH,0
29.410,0.0341,0.0340,APPROACH,0
29.444,0.0339,0.0340,APPROACH,0
29.478,0.0340,0.0340,APPROACH,0
29.512,0.0340,0.0340,APPROACH,0
29.546,0.0340,0.0340,APPROACH,0
29.580,0.0342,0.0340,APPROACH,0
29.614,0.0340,0.0340,APPROACH,0
29.648,0.0339,0.0340,APPROACH,0
29.682,0.0340,0.0340,APPROACH,0
29.716,0.0339,0.0340,APPROACH,0
29.750,0.0342,0.0340,APPROACH,0
29.784,0.0341,0.0340,APPROACH,0
29.818,0.0341,0.0340,APPROACH,0
29.852,0.0341,0.0340,APPROACH,0
29.886,0.0338,0.0340,APPROACH,0
29.920,0.0343,0.0340,APPROACH,0
29.954,0.0337,0.0340,APPROACH,0
29.988,0.0340,0.0340,APPROACH,0
30.022,0.0341,0.0340,APPROACH,0
30.056,0.0340,0.0340,APPROACH,0
30.090,0.0342,0.0340,APPROACH,0
30.124,0.0340,0.0340,BLIND_DASH,0
30.158,0.0340,0.0340,BLIND_DASH,0
30.193,0.0344,0.0340,BLIND_DASH,0
30.226,0.0336,0.0340,BLIND_DASH,0
30.260,0.0340,0.0340,BLIND_DASH,0
30.294,0.0340,0.0340,BLIND_DASH,0
30.328,0.0338,0.0340,BLIND_DASH,0
30.362,0.0342,0.0340,BLIND_DASH,0
30.396,0.0341,0.0340,BLIND_DASH,0
30.430,0.0339,0.0340,BLIND_DASH,0
30.464,0.0340,0.0340,BLIND_DASH,0
30.498,0.0341,0.0340,BLIND_DASH,0
30.532,0.0341,0.0340,BLIND_DASH,0
30.566,0.0340,0.0340,BLIND_DASH,0
30.601,0.0342,0.0340,BLIND_DASH,0
30.635,0.0341,0.0340,BLIND_DASH,0
30.668,0.0337,0.0340,BLIND_DASH,0
30.703,0.0342,0.0340,BLIND_DASH,0
30.737,0.0340,0.0340,BLIND_DASH,0
30.770,0.0339,0.0340,BLIND_DASH,0
30.805,0.0341,0.0340,BLIND_DASH,0
30.839,0.0341,0.0340,BLIND_DASH,0
30.873,0.0341,0.0340,BLIND_DASH,0
30.907,0.0343,0.0340,BLIND_DASH,0
30.941,0.0335,0.0340,BLIND_DASH,0
30.975,0.0340,0.0340,BLIND_DASH,0
31.010,0.0349,0.0340,BLIND_DASH,0
31.043,0.0332,0.0340,PATROL,0
31.077,0.0340,0.0340,PATROL,0
31.111,0.0339,0.0340,PATROL,0
31.145,0.0341,0.0340,PATROL,0
31.179,0.0339,0.0340,PATROL,0
31.213,0.0342,0.0340,PATROL,0
31.247,0.0339,0.0340,PATROL,0
31.281,0.0340,0.0340,PATROL,0
31.315,0.0342,0.0340,PATROL,0
31.349,0.0341,0.0340,PATROL,0
31.383,0.0343,0.0340,PATROL,0
31.417,0.0337,0.0340,PATROL,0
31.451,0.0340,0.0340,PATROL,0
31.485,0.0338,0.0340,PATROL,0
31.519,0.0341,0.0340,PATROL,0
31.553,0.0339,0.0340,PATROL,0
31.587,0.0341,0.0340,PATROL,0
31.621,0.0340,0.0340,PATROL,0
31.655,0.0340,0.0340,PATROL,0
31.689,0.0341,0.0340,PATROL,0
31.723,0.0338,0.0340,PATROL,0
31.757,0.0342,0.0340,PATROL,0
31.791,0.0339,0.0340,PATROL,0
31.825,0.0340,0.0340,PATROL,0
31.859,0.0340,0.0340,PATROL,0
31.893,0.0340,0.0340,PATROL,0
31.927,0.0343,0.0340,PATROL,0
31.961,0.0340,0.0340,PATROL,0
31.995,0.0340,0.0340,PATROL,0
32.029,0.0339,0.0340,PATROL,0
32.063,0.0340,0.0340,PATROL,0
32.097,0.0341,0.0340,PATROL,0
32.131,0.0341,0.0340,PATROL,0
32.165,0.0340,0.0340,PATROL,0
32.199,0.0340,0.0340,PATROL,0
32.233,0.0341,0.0340,PATROL,0
32.267,0.0340,0.0340,PATROL,0
32.301,0.0339,0.0340,PATROL,0
32.336,0.0342,0.0340,PATROL,0
32.369,0.0338,0.0340,PATROL,0
32.403,0.0341,0.0340,PATROL,0
32.438,0.0341,0.0340,PATROL,0
32.472,0.0340,0.0340,PATROL,0
32.505,0.0339,0.0340,PATROL,0
32.540,0.0342,0.0340,PATROL,0
32.574,0.0340,0.0340,PATROL,0
32.607,0.0337,0.0340,PATROL,0
32.642,0.0342,0.0340,PATROL,0
32.675,0.0338,0.0340,PATROL,0
32.710,0.0343,0.0340,PATROL,0
32.743,0.0338,0.0340,PATROL,0
32.777,0.0340,0.0340,PATROL,0
32.812,0.0340,0.0340,PATROL,0
32.845,0.0339,0.0340,PATROL,0
32.879,0.0340,0.0340,PATROL,0
32.914,0.0342,0.0340,PATROL,0
32.948,0.0339,0.0340,PATROL,0
32.982,0.0341,0.0340,PATROL,0
33.016,0.0341,0.0340,PATROL,0
33.050,0.0343,0.0340,PATROL,0
33.084,0.0336,0.0340,PATROL,0
33.118,0.0340,0.0340,PATROL,0
33.152,0.0339,0.0340,PATROL,0
33.186,0.0341,0.0340,PATROL,0
33.220,0.0339,0.0340,PATROL,0
33.254,0.0342,0.0340,PATROL,0
33.288,0.0338,0.0340,PATROL,0
33.322,0.0342,0.0340,PATROL,0
33.356,0.0338,0.0340,PATROL,0
33.390,0.0340,0.0340,PATROL,0
33.424,0.0342,0.0340,PATROL,0
33.458,0.0339,0.0340,PATROL,0
33.492,0.0340,0.0340,PATROL,0
33.526,0.0340,0.0340,ALIGN,0
33.560,0.0338,0.0340,ALIGN,0
33.594,0.0342,0.0340,ALIGN,0
33.628,0.0339,0.0340,ALIGN,0
33.662,0.0342,0.0340,ALIGN,0
33.696,0.0340,0.0340,ALIGN,0
33.730,0.0341,0.0340,ALIGN,0
33.764,0.0340,0.0340,ALIGN,0
33.798,0.0340,0.0340,ALIGN,0
33.832,0.0342,0.0340,ALIGN,0
33.866,0.0337,0.0340,ALIGN,0
33.900,0.0342,0.0340,ALIGN,0
33.934,0.0339,0.0340,PATROL,0
33.968,0.0341,0.0340,ALIGN,0
34.002,0.0339,0.0340,ALIGN,0
34.036,0.0341,0.0340,ALIGN,0
34.070,0.0340,0.0340,ALIGN,0
34.104,0.0342,0.0340,ALIGN,0
34.138,0.0340,0.0340,ALIGN,0
34.173,0.0343,0.0340,ALIGN,0
34.206,0.0336,0.0340,ALIGN,0
34.240,0.0340,0.0340,ALIGN,0
34.274,0.0341,0.0340,ALIGN,0
34.308,0.0339,0.0340,ALIGN,0
34.342,0.0341,0.0340,ALIGN,0
34.376,0.0340,0.0340,ALIGN,0
34.410,0.0339,0.0340,ALIGN,0
34.444,0.0341,0.0340,ALIGN,0
34.478,0.0340,0.0340,ALIGN,0
34.512,0.0340,0.0340,ALIGN,0
34.546,0.0340,0.0340,ALIGN,0
34.580,0.0341,0.0340,ALIGN,0
34.614,0.0339,0.0340,ALIGN,0
34.648,0.0341,0.0340,ALIGN,0
34.683,0.0342,0.0340,ALIGN,0
34.716,0.0337,0.0340,ALIGN,0
34.750,0.0340,0.0340,ALIGN,0
34.784,0.0342,0.0340,ALIGN,0
34.818,0.0340,0.0340,APPROACH,0
34.852,0.0341,0.0340,APPROACH,0
34.887,0.0341,0.0340,APPROACH,0
34.921,0.0342,0.0340,APPROACH,0
34.955,0.0342,0.0340,APPROACH,0
34.989,0.0339,0.0340,APPROACH,0
35.023,0.0340,0.0340,APPROACH,0
35.057,0.0340,0.0340,APPROACH,0
35.091,0.0340,0.0340,APPROACH,0
35.125,0.0340,0.0340,APPROACH,0
35.159,0.0341,0.0340,APPROACH,0
35.193,0.0340,0.0340,APPROACH,0
35.227,0.0343,0.0340,APPROACH,0
35.261,0.0337,0.0340,APPROACH,0
35.295,0.0340,0.0340,APPROACH,0
35.329,0.0341,0.0340,APPROACH,0
35.363,0.0339,0.0340,APPROACH,0
35.397,0.0342,0.0340,APPROACH,0
35.431,0.0341,0.0340,APPROACH,0
35.465,0.0341,0.0340,APPROACH,0
35.499,0.0341,0.0340,APPROACH,0
35.533,0.0338,0.0340,APPROACH,0
35.567,0.0340,0.0340,APPROACH,0
35.601,0.0340,0.0340,APPROACH,0
35.635,0.0341,0.0340,APPROACH,0
35.669,0.0339,0.0340,APPROACH,0
35.703,0.0343,0.0340,APPROACH,0
35.737,0.0339,0.0340,APPROACH,0
35.771,0.0340,0.0340,APPROACH,0
35.805,0.0340,0.0340,APPROACH,0
35.839,0.0339,0.0340,APPROACH,0
35.873,0.0340,0.0340,APPROACH,0
35.907,0.0341,0.0340,APPROACH,0
35.941,0.0342,0.0340,APPROACH,0
35.975,0.0338,0.0340,APPROACH,0
36.009,0.0342,0.0340,APPROACH,0
36.044,0.0342,0.0340,APPROACH,0
36.077,0.0338,0.0340,APPROACH,0
36.111,0.0341,0.0340,APPROACH,0
36.145,0.0340,0.0340,APPROACH,0
36.180,0.0341,0.0340,APPROACH,0
36.213,0.0339,0.0340,APPROACH,0
36.247,0.0339,0.0340,APPROACH,0
36.281,0.0340,0.0340,APPROACH,0
36.315,0.0341,0.0340,APPROACH,0
36.349,0.0340,0.0340,APPROACH,0
36.383,0.0340,0.0340,APPROACH,0
36.417,0.0341,0.0340,APPROACH,0
36.452,0.0344,0.0340,APPROACH,0
36.485,0.0335,0.0340,APPROACH,0
36.520,0.0341,0.0340,APPROACH,0
36.554,0.0340,0.0340,APPROACH,0
36.588,0.0340,0.0340,APPROACH,0
36.622,0.0341,0.0340,APPROACH,0
36.656,0.0339,0.0340,APPROACH,0
36.690,0.0340,0.0340,APPROACH,0
36.724,0.0340,0.0340,APPROACH,0
36.758,0.0341,0.0340,APPROACH,0
36.792,0.0339,0.0340,APPROACH,0
36.826,0.0341,0.0340,APPROACH,0
36.860,0.0346,0.0340,APPROACH,0
36.894,0.0332,0.0340,APPROACH,0
36.928,0.0342,0.0340,APPROACH,0
36.962,0.0338,0.0340,APPROACH,0
36.996,0.0341,0.0340,APPROACH,0
37.030,0.0341,0.0340,APPROACH,0
37.064,0.0340,0.0340,APPROACH,0
37.098,0.0339,0.0340,APPROACH,0
37.132,0.0341,0.0340,APPROACH,0
37.166,0.0340,0.0340,APPROACH,0
37.200,0.0340,0.0340,APPROACH,0
37.234,0.0340,0.0340,APPROACH,0
37.268,0.0340,0.0340,APPROACH,0
37.302,0.0340,0.0340,APPROACH,0
37.336,0.0341,0.0340,APPROACH,0
37.370,0.0340,0.0340,APPROACH,0
37.404,0.0341,0.0340,APPROACH,0
37.438,0.0340,0.0340,APPROACH,0
37.472,0.0340,0.0340,APPROACH,0
37.506,0.0342,0.0340,APPROACH,0
37.540,0.0340,0.0340,APPROACH,0
37.574,0.0338,0.0340,APPROACH,0
37.608,0.0339,0.0340,APPROACH,0
37.642,0.0341,0.0340,APPROACH,0
37.676,0.0341,0.0340,APPROACH,0
37.710,0.0339,0.0340,APPROACH,0
37.744,0.0341,0.0340,APPROACH,0
37.778,0.0340,0.0340,APPROACH,0
37.812,0.0340,0.0340,APPROACH,0
37.846,0.0338,0.0340,APPROACH,0
37.880,0.0342,0.0340,APPROACH,0
37.914,0.0339,0.0340,APPROACH,0
37.948,0.0341,0.0340,APPROACH,0
37.982,0.0341,0.0340,APPROACH,0
38.016,0.0340,0.0340,APPROACH,0
38.050,0.0341,0.0340,APPROACH,0
38.085,0.0342,0.0340,APPROACH,0
38.118,0.0338,0.0340,APPROACH,0
38.152,0.0340,0.0340,APPROACH,0
38.186,0.0340,0.0340,APPROACH,0
38.220,0.0339,0.0340,APPROACH,0
38.254,0.0339,0.0340,APPROACH,0
38.288,0.0341,0.0340,APPROACH,0
38.322,0.0340,0.0340,APPROACH,0
38.356,0.0339,0.0340,APPROACH,0
38.390,0.0340,0.0340,APPROACH,0
38.424,0.0341,0.0340,APPROACH,0
38.458,0.0340,0.0340,APPROACH,0
38.492,0.0339,0.0340,APPROACH,0
38.526,0.0341,0.0340,APPROACH,0
38.560,0.0342,0.0340,APPROACH,0
38.594,0.0338,0.0340,APPROACH,0
38.628,0.0340,0.0340,APPROACH,0
38.662,0.0341,0.0340,APPROACH,0
38.696,0.0339,0.0340,APPROACH,0
38.730,0.0341,0.0340,APPROACH,0
38.765,0.0342,0.0340,APPROACH,0
38.798,0.0339,0.0340,APPROACH,0
38.833,0.0341,0.0340,APPROACH,0
38.866,0.0339,0.0340,APPROACH,0
38.901,0.0341,0.0340,APPROACH,0
38.935,0.0339,0.0340,APPROACH,0
38.969,0.0341,0.0340,APPROACH,0
39.003,0.0341,0.0340,APPROACH,0
39.037,0.0340,0.0340,APPROACH,0
39.071,0.0341,0.0340,APPROACH,0
39.105,0.0339,0.0340,APPROACH,0
39.139,0.0340,0.0340,APPROACH,0
39.174,0.0347,0.0340,APPROACH,0
39.207,0.0334,0.0340,APPROACH,0
39.241,0.0339,0.0340,APPROACH,0
39.275,0.0340,0.0340,APPROACH,0
39.309,0.0342,0.0340,APPROACH,0
39.343,0.0339,0.0340,APPROACH,0
39.377,0.0340,0.0340,APPROACH,0
39.411,0.0342,0.0340,APPROACH,0
39.445,0.0338,0.0340,APPROACH,0
39.479,0.0338,0.0340,APPROACH,0
39.513,0.0340,0.0340,APPROACH,0
39.547,0.0341,0.0340,APPROACH,0
39.581,0.0342,0.0340,APPROACH,0
39.615,0.0338,0.0340,APPROACH,0
39.649,0.0340,0.0340,APPROACH,0
39.683,0.0340,0.0340,APPROACH,0
39.717,0.0340,0.0340,APPROACH,0
39.751,0.0341,0.0340,APPROACH,0
39.785,0.0339,0.0340,APPROACH,0
39.819,0.0341,0.0340,APPROACH,0
39.853,0.0339,0.0340,APPROACH,0
39.887,0.0341,0.0340,APPROACH,0
39.921,0.0341,0.0340,APPROACH,0
39.955,0.0339,0.0340,APPROACH,0
39.989,0.0341,0.0340,APPROACH,0
40.023,0.0340,0.0340,APPROACH,0
40.058,0.0343,0.0340,APPROACH,0
40.092,0.0342,0.0340,APPROACH,0
40.126,0.0337,0.0340,APPROACH,0
40.159,0.0339,0.0340,APPROACH,0
40.193,0.0340,0.0340,APPROACH,0
40.227,0.0340,0.0340,APPROACH,0
40.262,0.0341,0.0340,APPROACH,0
40.295,0.0339,0.0340,APPROACH,0
40.329,0.0339,0.0340,APPROACH,0
40.363,0.0341,0.0340,APPROACH,0
40.397,0.0340,0.0340,APPROACH,0
40.431,0.0339,0.0340,APPROACH,0
40.465,0.0341,0.0340,APPROACH,0
40.500,0.0342,0.0340,APPROACH,0
40.533,0.0338,0.0340,APPROACH,0
40.568,0.0343,0.0340,APPROACH,0
40.602,0.0338,0.0340,APPROACH,0
40.636,0.0341,0.0340,APPROACH,0
40.670,0.0339,0.0340,APPROACH,0
40.704,0.0344,0.0340,APPROACH,0
40.738,0.0338,0.0340,APPROACH,0
40.772,0.0341,0.0340,APPROACH,0
40.806,0.0343,0.0340,APPROACH,0
40.840,0.0337,0.0340,APPROACH,0
40.874,0.0342,0.0340,APPROACH,0
40.908,0.0338,0.0340,APPROACH,0
40.942,0.0339,0.0340,APPROACH,0
40.976,0.0340,0.0340,APPROACH,0
41.010,0.0343,0.0340,APPROACH,0
41.044,0.0342,0.0340,APPROACH,0
41.078,0.0342,0.0340,APPROACH,0
41.112,0.0336,0.0340,APPROACH,0
41.146,0.0341,0.0340,APPROACH,0
41.180,0.0339,0.0340,APPROACH,0
41.214,0.0340,0.0340,APPROACH,0
41.248,0.0340,0.0340,APPROACH,0
41.282,0.0340,0.0340,APPROACH,0
41.316,0.0339,0.0340,APPROACH,0
41.350,0.0340,0.0340,APPROACH,0
41.384,0.0341,0.0340,APPROACH,0
41.418,0.0340,0.0340,APPROACH,0
41.452,0.0341,0.0340,APPROACH,0
41.486,0.0341,0.0340,APPROACH,0
41.520,0.0338,0.0340,APPROACH,0
41.554,0.0340,0.0340,APPROACH,0
41.588,0.0342,0.0340,APPROACH,0
41.622,0.0339,0.0340,APPROACH,0
41.656,0.0339,0.0340,APPROACH,0
41.690,0.0341,0.0340,APPROACH,0
41.724,0.0343,0.0340,APPROACH,0
41.758,0.0338,0.0340,APPROACH,0
41.792,0.0339,0.0340,APPROACH,0
41.826,0.0341,0.0340,APPROACH,0
41.860,0.0340,0.0340,APPROACH,0
41.894,0.0339,0.0340,APPROACH,0
41.928,0.0342,0.0340,APPROACH,0
41.962,0.0341,0.0340,APPROACH,0
41.996,0.0339,0.0340,APPROACH,0
42.030,0.0341,0.0340,APPROACH,0
42.064,0.0340,0.0340,APPROACH,0
42.098,0.0340,0.0340,APPROACH,0
42.132,0.0340,0.0340,APPROACH,0
42.166,0.0340,0.0340,APPROACH,0
42.200,0.0340,0.0340,APPROACH,0
42.234,0.0340,0.0340,APPROACH,0
42.268,0.0342,0.0340,APPROACH,0
42.302,0.0338,0.0340,APPROACH,0
42.336,0.0340,0.0340,APPROACH,0
42.370,0.0341,0.0340,APPROACH,0
42.404,0.0339,0.0340,APPROACH,0
42.439,0.0347,0.0340,APPROACH,0
42.473,0.0342,0.0340,APPROACH,0
42.507,0.0335,0.0340,APPROACH,0
42.541,0.0341,0.0340,APPROACH,0
42.575,0.0338,0.0340,APPROACH,0
42.609,0.0346,0.0340,APPROACH,0
42.643,0.0336,0.0340,APPROACH,0
42.677,0.0340,0.0340,APPROACH,0
42.711,0.0338,0.0340,APPROACH,0
42.745,0.0340,0.0340,APPROACH,0
42.779,0.0345,0.0340,APPROACH,0
42.813,0.0337,0.0340,APPROACH,0
42.847,0.0339,0.0340,APPROACH,0
42.881,0.0341,0.0340,APPROACH,0
42.915,0.0339,0.0340,APPROACH,0
42.949,0.0341,0.0340,APPROACH,0
42.983,0.0341,0.0340,APPROACH,0
43.017,0.0340,0.0340,BLIND_DASH,0
43.051,0.0341,0.0340,BLIND_DASH,0
43.085,0.0338,0.0340,BLIND_DASH,0
43.119,0.0341,0.0340,BLIND_DASH,0
43.153,0.0344,0.0340,BLIND_DASH,0
43.187,0.0337,0.0340,BLIND_DASH,0
43.221,0.0344,0.0340,BLIND_DASH,0
43.255,0.0335,0.0340,BLIND_DASH,0
43.289,0.0340,0.0340,BLIND_DASH,0
43.323,0.0343,0.0340,BLIND_DASH,0
43.357,0.0338,0.0340,BLIND_DASH,0
43.391,0.0340,0.0340,BLIND_DASH,0
43.425,0.0340,0.0340,BLIND_DASH,0
43.459,0.0339,0.0340,BLIND_DASH,0
43.493,0.0342,0.0340,BLIND_DASH,0
43.527,0.0339,0.0340,BLIND_DASH,0
43.561,0.0342,0.0340,BLIND_DASH,0
43.595,0.0343,0.0340,BLIND_DASH,0
43.629,0.0340,0.0340,BLIND_DASH,0
43.663,0.0338,0.0340,BLIND_DASH,0
43.697,0.0339,0.0340,BLIND_DASH,0
43.731,0.0343,0.0340,BLIND_DASH,0
43.765,0.0337,0.0340,BLIND_DASH,0
43.799,0.0343,0.0340,BLIND_DASH,0
43.833,0.0339,0.0340,BLIND_DASH,0
43.867,0.0341,0.0340,BLIND_DASH,0
43.901,0.0338,0.0340,BLIND_DASH,0
43.935,0.0340,0.0340,BLIND_DASH,0
43.969,0.0341,0.0340,BLIND_DASH,0
44.003,0.0341,0.0340,BLIND_DASH,0
44.038,0.0342,0.0340,BLIND_DASH,0
44.071,0.0339,0.0340,BLIND_DASH,0
44.106,0.0343,0.0340,BLIND_DASH,0
44.140,0.0338,0.0340,BLIND_DASH,0
44.174,0.0339,0.0340,BLIND_DASH,0
44.208,0.0341,0.0340,BLIND_DASH,0
44.241,0.0338,0.0340,BLIND_DASH,0
44.275,0.0341,0.0340,BLIND_DASH,0
44.310,0.0342,0.0340,BLIND_DASH,0
44.343,0.0338,0.0340,BLIND_DASH,0
44.378,0.0342,0.0340,BLIND_DASH,0
44.412,0.0339,0.0340,BLIND_DASH,0
44.446,0.0340,0.0340,BLIND_DASH,0
44.480,0.0341,0.0340,BLIND_DASH,0
44.514,0.0339,0.0340,BLIND_DASH,0
44.548,0.0339,0.0340,BLIND_DASH,0
44.582,0.0341,0.0340,BLIND_DASH,0
44.616,0.0340,0.0340,BLIND_DASH,0
44.650,0.0340,0.0340,BLIND_DASH,0
44.684,0.0339,0.0340,BLIND_DASH,0
44.718,0.0340,0.0340,BLIND_DASH,0
44.752,0.0343,0.0340,BLIND_DASH,0
44.786,0.0340,0.0340,BLIND_DASH,0
44.820,0.0339,0.0340,BLIND_DASH,0
44.854,0.0339,0.0340,BLIND_DASH,0
44.888,0.0341,0.0340,BLIND_DASH,0
44.922,0.0339,0.0340,BLIND_DASH,0
44.956,0.0341,0.0340,BLIND_DASH,0
44.990,0.0340,0.0340,BLIND_DASH,0
45.024,0.0340,0.0340,PATROL,0
45.058,0.0340,0.0340,PATROL,0
45.092,0.0340,0.0340,PATROL,0
45.126,0.0340,0.0340,PATROL,0
45.160,0.0343,0.0340,PATROL,0
45.194,0.0337,0.0340,PATROL,0
45.228,0.0340,0.0340,PATROL,0
45.262,0.0341,0.0340,PATROL,0
45.296,0.0339,0.0340,PATROL,0
45.330,0.0343,0.0340,PATROL,0
45.364,0.0341,0.0340,PATROL,0
45.398,0.0338,0.0340,PATROL,0
45.432,0.0341,0.0340,PATROL,0
45.466,0.0341,0.0340,PATROL,0
45.500,0.0342,0.0340,PATROL,0
45.534,0.0337,0.0340,PATROL,0
45.568,0.0342,0.0340,PATROL,0
45.602,0.0340,0.0340,PATROL,0
45.636,0.0340,0.0340,PATROL,0
45.670,0.0340,0.0340,PATROL,0
45.704,0.0342,0.0340,PATROL,0
45.738,0.0339,0.0340,PATROL,0
45.772,0.0340,0.0340,PATROL,0
45.806,0.0340,0.0340,PATROL,0
45.840,0.0339,0.0340,PATROL,0
45.874,0.0341,0.0340,PATROL,0
45.908,0.0341,0.0340,PATROL,0
45.942,0.0339,0.0340,PATROL,0
45.976,0.0339,0.0340,PATROL,0
46.010,0.0341,0.0340,PATROL,0
46.044,0.0341,0.0340,PATROL,0
46.078,0.0338,0.0340,PATROL,0
46.112,0.0340,0.0340,PATROL,0
46.146,0.0341,0.0340,PATROL,0
46.180,0.0338,0.0340,PATROL,0
46.214,0.0340,0.0340,PATROL,0
46.248,0.0341,0.0340,PATROL,0
46.282,0.0339,0.0340,PATROL,0
46.316,0.0341,0.0340,PATROL,0
46.350,0.0341,0.0340,PATROL,0
46.384,0.0341,0.0340,PATROL,0
46.418,0.0340,0.0340,PATROL,0
46.453,0.0341,0.0340,PATROL,0
46.487,0.0340,0.0340,PATROL,0
46.521,0.0340,0.0340,PATROL,0
46.555,0.0340,0.0340,PATROL,0
46.588,0.0338,0.0340,PATROL,0
46.623,0.0340,0.0340,PATROL,0
46.656,0.0339,0.0340,PATROL,0
46.691,0.0342,0.0340,PATROL,0
46.724,0.0338,0.0340,PATROL,0
46.759,0.0341,0.0340,PATROL,0
46.793,0.0341,0.0340,PATROL,0
46.827,0.0339,0.0340,PATROL,0
46.861,0.0340,0.0340,PATROL,0
46.895,0.0341,0.0340,PATROL,0
46.929,0.0339,0.0340,PATROL,0
46.963,0.0342,0.0340,PATROL,0
46.997,0.0340,0.0340,PATROL,0
47.031,0.0341,0.0340,PATROL,0
47.065,0.0340,0.0340,PATROL,0
47.099,0.0340,0.0340,PATROL,0
47.133,0.0339,0.0340,PATROL,0
47.167,0.0342,0.0340,PATROL,0
47.201,0.0339,0.0340,PATROL,0
47.235,0.0340,0.0340,PATROL,0
47.269,0.0340,0.0340,PATROL,0
47.303,0.0340,0.0340,PATROL,0
47.337,0.0341,0.0340,PATROL,0
47.371,0.0340,0.0340,PATROL,0
47.405,0.0340,0.0340,PATROL,0
47.439,0.0339,0.0340,PATROL,0
47.473,0.0341,0.0340,PATROL,0
47.507,0.0342,0.0340,PATROL,0
47.541,0.0339,0.0340,PATROL,0
47.575,0.0342,0.0340,PATROL,0
47.609,0.0342,0.0340,PATROL,0
47.644,0.0340,0.0340,PATROL,0
47.677,0.0335,0.0340,PATROL,0
47.711,0.0341,0.0340,PATROL,0
47.745,0.0343,0.0340,PATROL,0
47.779,0.0340,0.0340,PATROL,0
47.813,0.0338,0.0340,PATROL,0
47.847,0.0339,0.0340,PATROL,0
47.881,0.0341,0.0340,PATROL,0
47.915,0.0340,0.0340,PATROL,0
47.949,0.0343,0.0340,PATROL,0
47.983,0.0338,0.0340,PATROL,0
48.017,0.0340,0.0340,PATROL,0
48.051,0.0341,0.0340,PATROL,0
48.085,0.0340,0.0340,PATROL,0
48.119,0.0339,0.0340,PATROL,0
48.153,0.0342,0.0340,PATROL,0
48.187,0.0340,0.0340,PATROL,0
48.221,0.0341,0.0340,PATROL,0
48.255,0.0340,0.0340,PATROL,0
48.289,0.0340,0.0340,PATROL,0
48.323,0.0339,0.0340,PATROL,0
48.358,0.0343,0.0340,PATROL,0
48.391,0.0339,0.0340,PATROL,0
48.426,0.0340,0.0340,PATROL,0
48.460,0.0340,0.0340,PATROL,0
48.493,0.0339,0.0340,PATROL,0
48.527,0.0341,0.0340,PATROL,0
48.562,0.0342,0.0340,PATROL,0
48.596,0.0340,0.0340,PATROL,0
48.630,0.0341,0.0340,PATROL,0
48.664,0.0339,0.0340,PATROL,0
48.698,0.0339,0.0340,PATROL,0
48.732,0.0344,0.0340,PATROL,0
48.766,0.0337,0.0340,PATROL,0
48.800,0.0339,0.0340,PATROL,0
48.834,0.0340,0.0340,PATROL,0
48.868,0.0342,0.0340,PATROL,0
48.902,0.0339,0.0340,PATROL,0
48.936,0.0341,0.0340,PATROL,0
48.970,0.0341,0.0340,PATROL,0
49.004,0.0342,0.0340,PATROL,0
49.038,0.0340,0.0340,PATROL,0
49.072,0.0340,0.0340,PATROL,0
49.106,0.0342,0.0340,PATROL,0
49.140,0.0337,0.0340,PATROL,0
49.174,0.0339,0.0340,PATROL,0
49.208,0.0342,0.0340,PATROL,0
49.242,0.0339,0.0340,PATROL,0
49.276,0.0338,0.0340,PATROL,0
49.310,0.0342,0.0340,PATROL,0
49.344,0.0338,0.0340,PATROL,0
49.378,0.0341,0.0340,PATROL,0
49.412,0.0339,0.0340,PATROL,0
49.446,0.0341,0.0340,PATROL,0
49.480,0.0340,0.0340,PATROL,0
49.514,0.0340,0.0340,PATROL,0
49.548,0.0341,0.0340,PATROL,0
49.582,0.0338,0.0340,PATROL,0
49.616,0.0341,0.0340,PATROL,0
49.650,0.0340,0.0340,PATROL,0
49.684,0.0340,0.0340,PATROL,0
49.718,0.0342,0.0340,PATROL,0
49.752,0.0341,0.0340,PATROL,0
49.786,0.0340,0.0340,PATROL,0
49.820,0.0340,0.0340,PATROL,0
49.854,0.0338,0.0340,PATROL,0
49.888,0.0342,0.0340,PATROL,0
49.922,0.0339,0.0340,PATROL,0
49.956,0.0341,0.0340,PATROL,0
49.990,0.0341,0.0340,PATROL,0
50.024,0.0340,0.0340,PATROL,0
50.058,0.0339,0.0340,PATROL,0
50.092,0.0343,0.0340,PATROL,0
50.126,0.0338,0.0340,PATROL,0
50.160,0.0340,0.0340,PATROL,0
50.194,0.0341,0.0340,PATROL,0
50.228,0.0340,0.0340,PATROL,0
50.262,0.0340,0.0340,PATROL,0
50.297,0.0342,0.0340,PATROL,0
50.331,0.0340,0.0340,PATROL,0
50.364,0.0340,0.0340,PATROL,0
50.399,0.0341,0.0340,PATROL,0
50.433,0.0341,0.0340,PATROL,0
50.467,0.0338,0.0340,PATROL,0
50.501,0.0341,0.0340,PATROL,0
50.535,0.0339,0.0340,PATROL,0
50.569,0.0340,0.0340,PATROL,0
50.602,0.0338,0.0340,PATROL,0
50.637,0.0341,0.0340,PATROL,0
50.671,0.0342,0.0340,PATROL,0
50.705,0.0339,0.0340,PATROL,0
50.739,0.0338,0.0340,PATROL,0
50.772,0.0340,0.0340,PATROL,0
50.807,0.0342,0.0340,PATROL,0
50.841,0.0339,0.0340,PATROL,0
50.875,0.0340,0.0340,PATROL,0
50.909,0.0342,0.0340,PATROL,0
50.943,0.0340,0.0340,PATROL,0
50.977,0.0339,0.0340,PATROL,0
51.011,0.0339,0.0340,PATROL,0
51.045,0.0341,0.0340,PATROL,0
51.079,0.0341,0.0340,PATROL,0
51.113,0.0343,0.0340,PATROL,0
51.147,0.0336,0.0340,PATROL,0
51.181,0.0340,0.0340,PATROL,0
51.215,0.0340,0.0340,PATROL,0
51.249,0.0340,0.0340,PATROL,0
51.283,0.0339,0.0340,PATROL,0
51.317,0.0344,0.0340,PATROL,0
51.351,0.0338,0.0340,PATROL,0
51.385,0.0339,0.0340,PATROL,0
51.419,0.0342,0.0340,PATROL,0
51.453,0.0341,0.0340,PATROL,0
51.487,0.0341,0.0340,PATROL,0
51.521,0.0339,0.0340,PATROL,0
51.555,0.0339,0.0340,PATROL,0
51.589,0.0339,0.0340,PATROL,0
51.623,0.0341,0.0340,PATROL,0
51.657,0.0340,0.0340,PATROL,0
51.691,0.0340,0.0340,PATROL,0
51.725,0.0337,0.0340,PATROL,0
51.759,0.0342,0.0340,PATROL,0
51.793,0.0341,0.0340,PATROL,0
51.827,0.0340,0.0340,PATROL,0
51.861,0.0342,0.0340,PATROL,0
51.895,0.0340,0.0340,PATROL,0
51.929,0.0340,0.0340,PATROL,0
51.963,0.0339,0.0340,PATROL,0
51.997,0.0341,0.0340,PATROL,0
52.031,0.0338,0.0340,PATROL,0
52.065,0.0341,0.0340,PATROL,0
52.099,0.0341,0.0340,PATROL,0
52.133,0.0340,0.0340,PATROL,0
52.167,0.0340,0.0340,PATROL,0
52.201,0.0339,0.0340,PATROL,0
52.235,0.0343,0.0340,PATROL,0
52.269,0.0337,0.0340,PATROL,0
52.303,0.0342,0.0340,PATROL,0
52.337,0.0338,0.0340,PATROL,0
52.371,0.0341,0.0340,PATROL,0
52.405,0.0340,0.0340,PATROL,0
52.439,0.0339,0.0340,PATROL,0
52.473,0.0340,0.0340,PATROL,0
52.507,0.0341,0.0340,PATROL,0
52.541,0.0338,0.0340,PATROL,0
52.575,0.0341,0.0340,PATROL,0
52.609,0.0340,0.0340,PATROL,0
52.643,0.0340,0.0340,PATROL,0
52.677,0.0342,0.0340,PATROL,0
52.711,0.0339,0.0340,PATROL,0
52.745,0.0341,0.0340,PATROL,0
52.780,0.0341,0.0340,PATROL,0
52.813,0.0338,0.0340,PATROL,0
52.847,0.0340,0.0340,PATROL,0
52.881,0.0341,0.0340,PATROL,0
52.915,0.0340,0.0340,PATROL,0
52.949,0.0340,0.0340,PATROL,0
52.984,0.0341,0.0340,PATROL,0
53.018,0.0342,0.0340,PATROL,0
53.052,0.0341,0.0340,PATROL,0
53.086,0.0339,0.0340,PATROL,0
53.120,0.0339,0.0340,PATROL,0
53.154,0.0342,0.0340,PATROL,0
53.188,0.0340,0.0340,PATROL,0
53.222,0.0340,0.0340,PATROL,0
53.256,0.0341,0.0340,PATROL,0
53.290,0.0337,0.0340,PATROL,0
53.324,0.0342,0.0340,PATROL,0
53.358,0.0340,0.0340,PATROL,0
53.392,0.0340,0.0340,PATROL,0
53.426,0.0341,0.0340,PATROL,0
53.460,0.0340,0.0340,PATROL,0
53.494,0.0340,0.0340,PATROL,0
53.528,0.0339,0.0340,PATROL,0
53.562,0.0340,0.0340,PATROL,0
53.596,0.0341,0.0340,PATROL,0
53.630,0.0339,0.0340,PATROL,0
53.664,0.0340,0.0340,PATROL,0
53.698,0.0340,0.0340,PATROL,0
53.732,0.0341,0.0340,PATROL,0
53.766,0.0339,0.0340,PATROL,0
53.800,0.0344,0.0340,PATROL,0
53.834,0.0337,0.0340,PATROL,0
53.869,0.0346,0.0340,PATROL,0
53.903,0.0338,0.0340,PATROL,0
53.936,0.0339,0.0340,PATROL,0
53.970,0.0340,0.0340,PATROL,0
54.004,0.0338,0.0340,PATROL,0
54.038,0.0341,0.0340,PATROL,0
54.072,0.0341,0.0340,PATROL,0
54.107,0.0342,0.0340,PATROL,0
54.140,0.0336,0.0340,PATROL,0
54.174,0.0341,0.0340,PATROL,0
54.208,0.0341,0.0340,PATROL,0
54.242,0.0340,0.0340,PATROL,0
54.276,0.0340,0.0340,PATROL,0
54.310,0.0340,0.0340,PATROL,0
54.344,0.0340,0.0340,PATROL,0
54.379,0.0345,0.0340,PATROL,0
54.412,0.0334,0.0340,PATROL,0
54.446,0.0340,0.0340,PATROL,0
54.480,0.0342,0.0340,PATROL,0
54.514,0.0339,0.0340,PATROL,0
54.549,0.0344,0.0340,PATROL,0
54.582,0.0338,0.0340,PATROL,0
54.617,0.0341,0.0340,PATROL,0
54.651,0.0341,0.0340,PATROL,0
54.685,0.0340,0.0340,PATROL,0
54.719,0.0340,0.0340,PATROL,0
54.753,0.0339,0.0340,PATROL,0
54.787,0.0340,0.0340,PATROL,0
54.821,0.0341,0.0340,PATROL,0
54.855,0.0341,0.0340,PATROL,0
54.889,0.0341,0.0340,PATROL,0
54.923,0.0339,0.0340,PATROL,0
54.957,0.0342,0.0340,PATROL,0
54.991,0.0337,0.0340,PATROL,0
55.025,0.0341,0.0340,PATROL,0
55.059,0.0343,0.0340,PATROL,0
55.093,0.0340,0.0340,PATROL,0
55.127,0.0338,0.0340,PATROL,0
55.161,0.0339,0.0340,PATROL,0
55.195,0.0342,0.0340,PATROL,0
55.229,0.0340,0.0340,PATROL,0
55.263,0.0340,0.0340,PATROL,0
55.297,0.0340,0.0340,PATROL,0
55.331,0.0339,0.0340,PATROL,0
55.365,0.0344,0.0340,PATROL,0
55.399,0.0336,0.0340,PATROL,0
55.433,0.0341,0.0340,PATROL,0
55.467,0.0343,0.0340,PATROL,0
55.501,0.0337,0.0340,PATROL,0
55.535,0.0341,0.0340,PATROL,0
55.569,0.0340,0.0340,PATROL,0
55.603,0.0340,0.0340,PATROL,0
55.637,0.0339,0.0340,PATROL,0
55.671,0.0342,0.0340,PATROL,0
55.705,0.0340,0.0340,PATROL,0
55.739,0.0340,0.0340,PATROL,0
55.773,0.0338,0.0340,PATROL,0
55.807,0.0342,0.0340,PATROL,0
55.841,0.0338,0.0340,PATROL,0
55.875,0.0341,0.0340,PATROL,0
55.909,0.0342,0.0340,PATROL,0
55.943,0.0339,0.0340,PATROL,0
55.977,0.0340,0.0340,PATROL,0
56.011,0.0340,0.0340,PATROL,0
56.046,0.0343,0.0340,PATROL,0
56.080,0.0340,0.0340,PATROL,0
56.113,0.0339,0.0340,PATROL,0
56.147,0.0341,0.0340,PATROL,0
56.181,0.0338,0.0340,PATROL,0
56.215,0.0341,0.0340,PATROL,0
56.249,0.0340,0.0340,PATROL,0
56.284,0.0342,0.0340,PATROL,0
56.317,0.0339,0.0340,PATROL,0
56.352,0.0341,0.0340,PATROL,0
56.385,0.0339,0.0340,PATROL,0
56.419,0.0339,0.0340,PATROL,0
56.453,0.0340,0.0340,PATROL,0
56.488,0.0341,0.0340,PATROL,0
56.522,0.0340,0.0340,PATROL,0
56.555,0.0338,0.0340,PATROL,0
56.589,0.0341,0.0340,PATROL,0
56.624,0.0340,0.0340,PATROL,0
56.657,0.0340,0.0340,PATROL,0
56.692,0.0340,0.0340,PATROL,0
56.725,0.0339,0.0340,PATROL,0
56.760,0.0341,0.0340,PATROL,0
56.794,0.0344,0.0340,PATROL,0
56.828,0.0339,0.0340,PATROL,0
56.862,0.0337,0.0340,PATROL,0
56.896,0.0342,0.0340,PATROL,0
56.930,0.0342,0.0340,PATROL,0
56.964,0.0338,0.0340,PATROL,0
56.998,0.0341,0.0340,PATROL,0
57.032,0.0340,0.0340,PATROL,0
57.066,0.0341,0.0340,PATROL,0
57.100,0.0340,0.0340,PATROL,0
57.134,0.0339,0.0340,PATROL,0
57.168,0.0342,0.0340,PATROL,0
57.202,0.0339,0.0340,PATROL,0
57.236,0.0339,0.0340,PATROL,0
57.270,0.0345,0.0340,PATROL,0
57.304,0.0337,0.0340,PATROL,0
57.338,0.0339,0.0340,PATROL,0
57.372,0.0339,0.0340,PATROL,0
57.406,0.0341,0.0340,PATROL,0
57.440,0.0340,0.0340,PATROL,0
57.474,0.0341,0.0340,PATROL,0
57.508,0.0339,0.0340,PATROL,0
57.542,0.0341,0.0340,PATROL,0
57.576,0.0340,0.0340,PATROL,0
57.610,0.0342,0.0340,PATROL,0
57.644,0.0341,0.0340,PATROL,0
57.678,0.0339,0.0340,PATROL,0
57.712,0.0338,0.0340,PATROL,0
57.746,0.0343,0.0340,PATROL,0
57.780,0.0341,0.0340,PATROL,0
57.814,0.0338,0.0340,PATROL,0
57.848,0.0341,0.0340,PATROL,0
57.882,0.0339,0.0340,PATROL,0
57.916,0.0339,0.0340,PATROL,0
57.950,0.0341,0.0340,PATROL,0
57.984,0.0341,0.0340,PATROL,0
58.018,0.0340,0.0340,PATROL,0
58.052,0.0341,0.0340,PATROL,0
58.086,0.0339,0.0340,PATROL,0
58.120,0.0341,0.0340,PATROL,0
58.154,0.0340,0.0340,PATROL,0
58.188,0.0339,0.0340,PATROL,0
58.222,0.0341,0.0340,PATROL,0
58.256,0.0340,0.0340,PATROL,0
58.290,0.0342,0.0340,PATROL,0
58.324,0.0340,0.0340,PATROL,0
58.358,0.0340,0.0340,PATROL,0
58.392,0.0339,0.0340,PATROL,0
58.427,0.0344,0.0340,PATROL,0
58.460,0.0338,0.0340,PATROL,0
58.494,0.0339,0.0340,PATROL,0
58.529,0.0343,0.0340,PATROL,0
58.563,0.0339,0.0340,PATROL,0
58.597,0.0341,0.0340,PATROL,0
58.631,0.0339,0.0340,PATROL,0
58.665,0.0342,0.0340,PATROL,0
58.699,0.0340,0.0340,PATROL,0
58.732,0.0338,0.0340,PATROL,0
58.767,0.0341,0.0340,PATROL,0
58.800,0.0339,0.0340,PATROL,0
58.835,0.0342,0.0340,PATROL,0
58.869,0.0339,0.0340,PATROL,0
58.903,0.0341,0.0340,PATROL,0
58.937,0.0340,0.0340,PATROL,0
58.971,0.0340,0.0340,PATROL,0
59.005,0.0340,0.0340,PATROL,0
59.039,0.0339,0.0340,PATROL,0
59.073,0.0340,0.0340,PATROL,0
59.107,0.0340,0.0340,PATROL,0
59.141,0.0342,0.0340,PATROL,0
59.175,0.0341,0.0340,PATROL,0
59.209,0.0341,0.0340,PATROL,0
59.243,0.0337,0.0340,PATROL,0
59.277,0.0341,0.0340,PATROL,0
59.311,0.0340,0.0340,PATROL,0
59.345,0.0342,0.0340,PATROL,0
59.379,0.0339,0.0340,PATROL,0
59.413,0.0339,0.0340,PATROL,0
59.447,0.0342,0.0340,PATROL,0
59.481,0.0339,0.0340,PATROL,0
59.515,0.0342,0.0340,PATROL,0
59.549,0.0340,0.0340,PATROL,0
59.583,0.0342,0.0340,PATROL,0
59.617,0.0338,0.0340,PATROL,0
59.651,0.0341,0.0340,PATROL,0
59.685,0.0341,0.0340,PATROL,0
59.719,0.0339,0.0340,PATROL,0
59.753,0.0339,0.0340,PATROL,0
59.787,0.0342,0.0340,PATROL,0
59.821,0.0344,0.0340,PATROL,0
59.855,0.0338,0.0340,PATROL,0
59.889,0.0339,0.0340,PATROL,0
59.923,0.0341,0.0340,PATROL,0
59.957,0.0340,0.0340,PATROL,0
59.991,0.0340,0.0340,PATROL,0
60.025,0.0339,0.0340,PATROL,0
60.059,0.0340,0.0340,PATROL,0
60.093,0.0344,0.0340,PATROL,0
60.127,0.0337,0.0340,PATROL,0
60.161,0.0340,0.0340,PATROL,0
60.195,0.0341,0.0340,PATROL,0
60.229,0.0339,0.0340,PATROL,0
60.263,0.0339,0.0340,PATROL,0
60.297,0.0340,0.0340,PATROL,0
60.331,0.0341,0.0340,PATROL,0
60.365,0.0340,0.0340,PATROL,0
60.399,0.0341,0.0340,PATROL,0
60.433,0.0339,0.0340,PATROL,0
60.467,0.0341,0.0340,PATROL,0
60.501,0.0340,0.0340,PATROL,0
60.536,0.0343,0.0340,PATROL,0
60.569,0.0338,0.0340,PATROL,0
60.604,0.0343,0.0340,PATROL,0
60.637,0.0337,0.0340,PATROL,0
60.672,0.0344,0.0340,PATROL,0
60.706,0.0336,0.0340,PATROL,0
60.739,0.0339,0.0340,PATROL,0
60.774,0.0341,0.0340,PATROL,0
60.808,0.0342,0.0340,PATROL,0
60.842,0.0339,0.0340,PATROL,0
60.876,0.0340,0.0340,PATROL,0
60.910,0.0339,0.0340,PATROL,0
60.944,0.0344,0.0340,PATROL,0
60.978,0.0339,0.0340,PATROL,0
61.012,0.0339,0.0340,PATROL,0
61.046,0.0343,0.0340,PATROL,0
61.080,0.0338,0.0340,PATROL,0
61.114,0.0338,0.0340,PATROL,0
61.148,0.0341,0.0340,PATROL,0
61.182,0.0340,0.0340,PATROL,0
61.216,0.0340,0.0340,PATROL,0
61.250,0.0339,0.0340,PATROL,0
61.284,0.0340,0.0340,PATROL,0
61.318,0.0345,0.0340,PATROL,0
61.352,0.0336,0.0340,PATROL,0
61.386,0.0344,0.0340,PATROL,0
61.420,0.0340,0.0340,PATROL,0
61.454,0.0338,0.0340,PATROL,0
61.488,0.0341,0.0340,PATROL,0
61.522,0.0341,0.0340,PATROL,0
61.556,0.0338,0.0340,PATROL,0
61.590,0.0342,0.0340,PATROL,0
61.624,0.0336,0.0340,PATROL,0
61.658,0.0340,0.0340,PATROL,0
61.692,0.0341,0.0340,PATROL,0
61.726,0.0340,0.0340,PATROL,0
61.760,0.0341,0.0340,PATROL,0
61.794,0.0339,0.0340,PATROL,0
61.828,0.0342,0.0340,PATROL,0
61.862,0.0338,0.0340,PATROL,0
61.896,0.0339,0.0340,PATROL,0
61.930,0.0342,0.0340,PATROL,0
61.964,0.0338,0.0340,PATROL,0
61.998,0.0341,0.0340,PATROL,0
62.032,0.0340,0.0340,PATROL,0
62.066,0.0341,0.0340,PATROL,0
62.100,0.0342,0.0340,PATROL,0
62.134,0.0340,0.0340,PATROL,0
62.168,0.0340,0.0340,PATROL,0
62.202,0.0342,0.0340,PATROL,0
62.236,0.0338,0.0340,PATROL,0
62.270,0.0340,0.0340,PATROL,0
62.305,0.0343,0.0340,PATROL,0
62.338,0.0337,0.0340,PATROL,0
62.372,0.0341,0.0340,PATROL,0
62.406,0.0340,0.0340,PATROL,0
62.440,0.0340,0.0340,PATROL,0
62.474,0.0340,0.0340,PATROL,0
62.508,0.0340,0.0340,PATROL,0
62.542,0.0339,0.0340,PATROL,0
62.576,0.0340,0.0340,PATROL,0
62.610,0.0341,0.0340,PATROL,0
62.645,0.0342,0.0340,PATROL,0
62.678,0.0340,0.0340,PATROL,0
62.712,0.0340,0.0340,PATROL,0
62.747,0.0341,0.0340,PATROL,0
62.781,0.0340,0.0340,PATROL,0
62.815,0.0339,0.0340,PATROL,0
62.848,0.0339,0.0340,PATROL,0
62.883,0.0343,0.0340,PATROL,0
62.917,0.0340,0.0340,PATROL,0
62.951,0.0338,0.0340,PATROL,0
62.985,0.0344,0.0340,PATROL,0
63.019,0.0340,0.0340,PATROL,0
63.053,0.0339,0.0340,PATROL,0
63.087,0.0340,0.0340,PATROL,0
63.121,0.0341,0.0340,PATROL,0
63.155,0.0341,0.0340,PATROL,0
63.189,0.0341,0.0340,PATROL,0
63.223,0.0339,0.0340,PATROL,0
63.257,0.0338,0.0340,PATROL,0
63.291,0.0341,0.0340,PATROL,0
63.325,0.0340,0.0340,PATROL,0
63.359,0.0343,0.0340,PATROL,0
63.393,0.0338,0.0340,PATROL,0
63.427,0.0341,0.0340,PATROL,0
63.461,0.0340,0.0340,PATROL,0
63.495,0.0338,0.0340,PATROL,0
63.529,0.0340,0.0340,PATROL,0
63.563,0.0342,0.0340,PATROL,0
63.597,0.0338,0.0340,PATROL,0
63.631,0.0340,0.0340,PATROL,0
63.665,0.0342,0.0340,PATROL,0
63.699,0.0340,0.0340,PATROL,0
63.733,0.0340,0.0340,PATROL,0
63.767,0.0339,0.0340,PATROL,0
63.801,0.0341,0.0340,PATROL,0
63.835,0.0340,0.0340,PATROL,0
63.869,0.0340,0.0340,PATROL,0
63.903,0.0341,0.0340,PATROL,0
63.937,0.0342,0.0340,PATROL,0
63.971,0.0337,0.0340,PATROL,0
64.005,0.0340,0.0340,PATROL,0
64.039,0.0341,0.0340,PATROL,0
64.073,0.0340,0.0340,PATROL,0
64.108,0.0343,0.0340,PATROL,0
64.141,0.0336,0.0340,PATROL,0
64.175,0.0342,0.0340,PATROL,0
64.209,0.0341,0.0340,PATROL,0
64.243,0.0338,0.0340,PATROL,0
64.277,0.0340,0.0340,PATROL,0
64.311,0.0339,0.0340,PATROL,0
64.345,0.0342,0.0340,PATROL,0
64.380,0.0342,0.0340,PATROL,0
64.413,0.0336,0.0340,PATROL,0
64.447,0.0341,0.0340,PATROL,0
64.481,0.0341,0.0340,PATROL,0
64.515,0.0339,0.0340,PATROL,0
64.549,0.0342,0.0340,PATROL,0
64.584,0.0341,0.0340,PATROL,0
64.617,0.0339,0.0340,PATROL,0
64.652,0.0341,0.0340,PATROL,0
64.685,0.0338,0.0340,PATROL,0
64.720,0.0342,0.0340,PATROL,0
64.753,0.0339,0.0340,PATROL,0
64.787,0.0339,0.0340,PATROL,0
64.822,0.0341,0.0340,PATROL,0
64.855,0.0339,0.0340,PATROL,0
64.890,0.0341,0.0340,PATROL,0
64.924,0.0340,0.0340,PATROL,0
64.958,0.0340,0.0340,PATROL,0
64.992,0.0340,0.0340,PATROL,0
65.026,0.0341,0.0340,PATROL,0
65.060,0.0340,0.0340,PATROL,0
65.094,0.0339,0.0340,PATROL,0
65.128,0.0345,0.0340,PATROL,0
65.162,0.0338,0.0340,PATROL,0
65.196,0.0338,0.0340,PATROL,0
65.230,0.0341,0.0340,PATROL,0
65.264,0.0345,0.0340,PATROL,0
65.298,0.0337,0.0340,PATROL,0
65.332,0.0340,0.0340,PATROL,0
65.366,0.0341,0.0340,PATROL,0
65.400,0.0339,0.0340,PATROL,0
65.434,0.0339,0.0340,PATROL,0
65.468,0.0340,0.0340,PATROL,0
65.502,0.0340,0.0340,PATROL,0
65.536,0.0339,0.0340,PATROL,0
65.570,0.0341,0.0340,PATROL,0
65.604,0.0339,0.0340,PATROL,0
65.638,0.0343,0.0340,PATROL,0
65.672,0.0339,0.0340,PATROL,0
65.706,0.0340,0.0340,PATROL,0
65.740,0.0340,0.0340,PATROL,0
65.774,0.0343,0.0340,PATROL,0
65.808,0.0339,0.0340,PATROL,0
65.842,0.0339,0.0340,PATROL,0
65.876,0.0340,0.0340,PATROL,0
65.910,0.0341,0.0340,PATROL,0
65.944,0.0339,0.0340,PATROL,0
65.978,0.0343,0.0340,PATROL,0
66.012,0.0338,0.0340,PATROL,0
66.046,0.0342,0.0340,PATROL,0
66.080,0.0338,0.0340,PATROL,0
66.114,0.0341,0.0340,PATROL,0
66.148,0.0340,0.0340,PATROL,0
66.182,0.0341,0.0340,PATROL,0
66.216,0.0340,0.0340,PATROL,0
66.250,0.0339,0.0340,PATROL,0
66.284,0.0340,0.0340,PATROL,0
66.318,0.0342,0.0340,PATROL,0
66.352,0.0339,0.0340,PATROL,0
66.386,0.0340,0.0340,PATROL,0
66.420,0.0341,0.0340,PATROL,0
66.454,0.0342,0.0340,PATROL,0
66.488,0.0338,0.0340,PATROL,0
66.522,0.0341,0.0340,PATROL,0
66.556,0.0339,0.0340,PATROL,0
66.590,0.0341,0.0340,PATROL,0
66.625,0.0344,0.0340,PATROL,0
66.658,0.0337,0.0340,PATROL,0
66.692,0.0341,0.0340,PATROL,0
66.726,0.0340,0.0340,PATROL,0
66.760,0.0340,0.0340,PATROL,0
66.795,0.0340,0.0340,PATROL,0
66.829,0.0340,0.0340,PATROL,0
66.863,0.0340,0.0340,PATROL,0
66.897,0.0340,0.0340,PATROL,0
66.931,0.0340,0.0340,PATROL,0
66.965,0.0340,0.0340,PATROL,0
66.999,0.0340,0.0340,PATROL,0
67.033,0.0340,0.0340,PATROL,0
67.067,0.0339,0.0340,PATROL,0
67.101,0.0341,0.0340,PATROL,0
67.135,0.0340,0.0340,PATROL,0
67.169,0.0339,0.0340,PATROL,0
67.203,0.0342,0.0340,PATROL,0
67.237,0.0339,0.0340,PATROL,0
67.271,0.0340,0.0340,PATROL,0
67.305,0.0340,0.0340,PATROL,0
67.339,0.0342,0.0340,PATROL,0
67.373,0.0340,0.0340,PATROL,0
67.407,0.0342,0.0340,PATROL,0
67.441,0.0337,0.0340,PATROL,0
67.475,0.0342,0.0340,PATROL,0
67.509,0.0342,0.0340,PATROL,0
67.543,0.0337,0.0340,PATROL,0
67.577,0.0342,0.0340,PATROL,0
67.611,0.0339,0.0340,PATROL,0
67.645,0.0340,0.0340,PATROL,0
67.679,0.0340,0.0340,PATROL,0
67.713,0.0342,0.0340,PATROL,0
67.747,0.0340,0.0340,PATROL,0
67.781,0.0340,0.0340,PATROL,0
67.815,0.0339,0.0340,PATROL,0
67.849,0.0339,0.0340,PATROL,0
67.883,0.0343,0.0340,PATROL,0
67.917,0.0337,0.0340,PATROL,0
67.951,0.0340,0.0340,PATROL,0
67.985,0.0344,0.0340,PATROL,0
68.019,0.0338,0.0340,PATROL,0
68.053,0.0339,0.0340,PATROL,0
68.087,0.0342,0.0340,PATROL,0
68.121,0.0340,0.0340,PATROL,0
68.155,0.0340,0.0340,PATROL,0
68.189,0.0342,0.0340,PATROL,0
68.223,0.0340,0.0340,PATROL,0
68.257,0.0340,0.0340,PATROL,0
68.291,0.0339,0.0340,PATROL,0
68.325,0.0342,0.0340,PATROL,0
68.359,0.0339,0.0340,PATROL,0
68.393,0.0339,0.0340,PATROL,0
68.427,0.0341,0.0340,PATROL,0
68.461,0.0340,0.0340,PATROL,0
68.495,0.0340,0.0340,PATROL,0
68.530,0.0342,0.0340,PATROL,0
68.564,0.0341,0.0340,PATROL,0
68.597,0.0336,0.0340,PATROL,0
68.632,0.0342,0.0340,PATROL,0
68.665,0.0339,0.0340,PATROL,0
68.700,0.0340,0.0340,PATROL,0
68.733,0.0339,0.0340,PATROL,0
68.768,0.0342,0.0340,PATROL,0
68.801,0.0339,0.0340,PATROL,0
68.836,0.0341,0.0340,PATROL,0
68.870,0.0340,0.0340,PATROL,0
68.903,0.0339,0.0340,PATROL,0
68.938,0.0341,0.0340,PATROL,0
68.972,0.0340,0.0340,PATROL,0
69.006,0.0340,0.0340,PATROL,0
69.040,0.0341,0.0340,PATROL,0
69.074,0.0342,0.0340,PATROL,0
69.108,0.0338,0.0340,PATROL,0
69.142,0.0341,0.0340,PATROL,0
69.176,0.0342,0.0340,PATROL,0
69.210,0.0337,0.0340,PATROL,0
69.244,0.0339,0.0340,PATROL,0
69.278,0.0341,0.0340,PATROL,0
69.312,0.0342,0.0340,PATROL,0
69.346,0.0337,0.0340,PATROL,0
69.380,0.0340,0.0340,PATROL,0
69.414,0.0342,0.0340,PATROL,0
69.448,0.0342,0.0340,PATROL,0
69.482,0.0342,0.0340,PATROL,0
69.516,0.0337,0.0340,PATROL,0
69.550,0.0339,0.0340,PATROL,0
69.584,0.0341,0.0340,PATROL,0
69.618,0.0339,0.0340,PATROL,0
69.652,0.0343,0.0340,PATROL,0
69.686,0.0337,0.0340,PATROL,0
69.720,0.0341,0.0340,PATROL,0
69.754,0.0344,0.0340,PATROL,0
69.788,0.0337,0.0340,PATROL,0
69.822,0.0340,0.0340,PATROL,0
69.856,0.0340,0.0340,PATROL,0
69.890,0.0339,0.0340,PATROL,0
69.924,0.0341,0.0340,PATROL,0
69.958,0.0342,0.0340,PATROL,0
69.992,0.0337,0.0340,PATROL,0
70.027,0.0347,0.0340,PATROL,0
70.060,0.0335,0.0340,PATROL,0
70.094,0.0339,0.0340,PATROL,0
70.128,0.0342,0.0340,PATROL,0
70.162,0.0340,0.0340,PATROL,0
70.196,0.0339,0.0340,PATROL,0
70.230,0.0342,0.0340,PATROL,0
70.264,0.0338,0.0340,PATROL,0
70.298,0.0343,0.0340,PATROL,0
70.332,0.0338,0.0340,PATROL,0
70.366,0.0342,0.0340,PATROL,0
70.400,0.0338,0.0340,PATROL,0
70.434,0.0342,0.0340,PATROL,0
70.468,0.0340,0.0340,PATROL,0
70.503,0.0347,0.0340,PATROL,0
70.537,0.0338,0.0340,PATROL,0
70.571,0.0339,0.0340,PATROL,0
70.605,0.0341,0.0340,PATROL,0
70.639,0.0339,0.0340,PATROL,0
70.673,0.0341,0.0340,PATROL,0
70.707,0.0339,0.0340,PATROL,0
70.741,0.0340,0.0340,PATROL,0
70.775,0.0340,0.0340,PATROL,0
70.809,0.0347,0.0340,PATROL,0
70.843,0.0335,0.0340,PATROL,0
70.877,0.0342,0.0340,PATROL,0
70.911,0.0336,0.0340,PATROL,0
70.944,0.0339,0.0340,PATROL,0
70.979,0.0343,0.0340,PATROL,0
71.013,0.0340,0.0340,PATROL,0
71.047,0.0340,0.0340,PATROL,0
71.081,0.0340,0.0340,PATROL,0
71.115,0.0340,0.0340,PATROL,0
71.149,0.0341,0.0340,PATROL,0
71.183,0.0340,0.0340,PATROL,0
71.217,0.0340,0.0340,PATROL,0
71.251,0.0340,0.0340,PATROL,0
71.285,0.0339,0.0340,PATROL,0
71.319,0.0341,0.0340,PATROL,0
71.353,0.0338,0.0340,PATROL,0
71.387,0.0342,0.0340,PATROL,0
71.421,0.0340,0.0340,PATROL,0
71.455,0.0340,0.0340,PATROL,0
71.489,0.0341,0.0340,PATROL,0
71.523,0.0340,0.0340,PATROL,0
71.557,0.0340,0.0340,PATROL,0
71.591,0.0338,0.0340,PATROL,0
71.625,0.0344,0.0340,PATROL,0
71.659,0.0338,0.0340,PATROL,0
71.693,0.0339,0.0340,PATROL,0
71.727,0.0341,0.0340,PATROL,0
71.761,0.0339,0.0340,PATROL,0
71.795,0.0341,0.0340,PATROL,0
71.829,0.0339,0.0340,PATROL,0
71.863,0.0342,0.0340,PATROL,0
71.897,0.0340,0.0340,PATROL,0
71.931,0.0342,0.0340,PATROL,0
71.965,0.0341,0.0340,PATROL,0
71.999,0.0337,0.0340,PATROL,0
72.033,0.0339,0.0340,PATROL,0
72.067,0.0343,0.0340,PATROL,0
72.101,0.0338,0.0340,PATROL,0
72.135,0.0341,0.0340,PATROL,0
72.169,0.0339,0.0340,PATROL,0
72.203,0.0342,0.0340,PATROL,0
72.237,0.0340,0.0340,PATROL,0
72.271,0.0340,0.0340,PATROL,0
72.305,0.0340,0.0340,PATROL,0
72.339,0.0339,0.0340,PATROL,0
72.373,0.0341,0.0340,PATROL,0
72.407,0.0339,0.0340,PATROL,0
72.441,0.0340,0.0340,PATROL,0
72.475,0.0343,0.0340,PATROL,0
72.509,0.0338,0.0340,PATROL,0
72.543,0.0340,0.0340,PATROL,0
72.577,0.0340,0.0340,PATROL,0
72.611,0.0340,0.0340,PATROL,0
72.645,0.0339,0.0340,PATROL,0
72.679,0.0342,0.0340,PATROL,0
72.713,0.0337,0.0340,PATROL,0
72.747,0.0342,0.0340,PATROL,0
72.782,0.0342,0.0340,PATROL,0
72.815,0.0337,0.0340,PATROL,0
72.849,0.0341,0.0340,PATROL,0
72.883,0.0340,0.0340,PATROL,0
72.917,0.0342,0.0340,PATROL,0
72.951,0.0340,0.0340,PATROL,0
72.985,0.0340,0.0340,PATROL,0
73.020,0.0341,0.0340,PATROL,0
73.054,0.0341,0.0340,PATROL,0
73.088,0.0340,0.0340,PATROL,0
73.122,0.0341,0.0340,PATROL,0
73.156,0.0343,0.0340,PATROL,0
73.190,0.0336,0.0340,PATROL,0
73.224,0.0340,0.0340,PATROL,0
73.258,0.0341,0.0340,PATROL,0
73.292,0.0341,0.0340,PATROL,0
73.326,0.0338,0.0340,PATROL,0
73.360,0.0340,0.0340,PATROL,0
73.394,0.0340,0.0340,PATROL,0
73.428,0.0340,0.0340,PATROL,0
73.462,0.0340,0.0340,PATROL,0
73.496,0.0340,0.0340,PATROL,0
73.530,0.0341,0.0340,PATROL,0
73.564,0.0339,0.0340,PATROL,0
73.598,0.0342,0.0340,PATROL,0
73.632,0.0340,0.0340,PATROL,0
73.666,0.0339,0.0340,PATROL,0
73.700,0.0341,0.0340,PATROL,0
73.734,0.0339,0.0340,PATROL,0
73.768,0.0341,0.0340,PATROL,0
73.802,0.0341,0.0340,PATROL,0
73.836,0.0340,0.0340,PATROL,0
73.870,0.0341,0.0340,PATROL,0
73.904,0.0339,0.0340,PATROL,0
73.938,0.0340,0.0340,PATROL,0
73.972,0.0340,0.0340,PATROL,0
74.006,0.0340,0.0340,PATROL,0
74.040,0.0340,0.0340,PATROL,0
74.074,0.0340,0.0340,PATROL,0
74.108,0.0340,0.0340,PATROL,0
74.143,0.0346,0.0340,PATROL,0
74.177,0.0338,0.0340,PATROL,0
74.210,0.0339,0.0340,PATROL,0
74.244,0.0339,0.0340,PATROL,0
74.278,0.0341,0.0340,PATROL,0
74.312,0.0339,0.0340,PATROL,0
74.347,0.0341,0.0340,PATROL,0
74.380,0.0338,0.0340,PATROL,0
74.414,0.0339,0.0340,PATROL,0
74.448,0.0340,0.0340,PATROL,0
74.482,0.0342,0.0340,PATROL,0
74.516,0.0338,0.0340,PATROL,0
74.550,0.0340,0.0340,PATROL,0
74.585,0.0343,0.0340,PATROL,0
74.619,0.0340,0.0340,PATROL,0
74.653,0.0340,0.0340,PATROL,0
74.686,0.0338,0.0340,PATROL,0
74.720,0.0342,0.0340,PATROL,0
74.754,0.0338,0.0340,PATROL,0
74.788,0.0341,0.0340,PATROL,0
74.822,0.0341,0.0340,PATROL,0
74.857,0.0340,0.0340,PATROL,0
74.891,0.0343,0.0340,PATROL,0
74.925,0.0338,0.0340,PATROL,0
74.959,0.0341,0.0340,PATROL,0
74.993,0.0342,0.0340,PATROL,0
75.028,0.0354,0.0340,PATROL,0
75.061,0.0323,0.0340,PATROL,0
75.095,0.0342,0.0340,PATROL,0
75.129,0.0339,0.0340,PATROL,0
75.163,0.0341,0.0340,PATROL,0
75.197,0.0339,0.0340,PATROL,0
75.231,0.0340,0.0340,PATROL,0
75.265,0.0340,0.0340,PATROL,0
75.299,0.0340,0.0340,PATROL,0
75.333,0.0342,0.0340,PATROL,0
75.367,0.0340,0.0340,PATROL,0
75.401,0.0338,0.0340,PATROL,0
75.435,0.0341,0.0340,PATROL,0
75.469,0.0340,0.0340,PATROL,0
75.503,0.0340,0.0340,PATROL,0
75.537,0.0343,0.0340,PATROL,0
75.571,0.0337,0.0340,PATROL,0
75.605,0.0341,0.0340,PATROL,0
75.639,0.0340,0.0340,PATROL,0
75.673,0.0340,0.0340,PATROL,0
75.707,0.0340,0.0340,PATROL,0
75.741,0.0339,0.0340,PATROL,0
75.775,0.0340,0.0340,PATROL,0
75.809,0.0342,0.0340,PATROL,0
75.843,0.0338,0.0340,PATROL,0
75.877,0.0341,0.0340,PATROL,0
75.911,0.0339,0.0340,PATROL,0
75.945,0.0343,0.0340,PATROL,0
75.979,0.0340,0.0340,PATROL,0
76.013,0.0336,0.0340,PATROL,0
76.047,0.0340,0.0340,PATROL,0
76.081,0.0342,0.0340,PATROL,0
76.115,0.0339,0.0340,PATROL,0
76.149,0.0341,0.0340,PATROL,0
76.183,0.0339,0.0340,PATROL,0
76.217,0.0345,0.0340,PATROL,0
76.251,0.0335,0.0340,PATROL,0
76.285,0.0340,0.0340,PATROL,0
76.319,0.0342,0.0340,PATROL,0
76.353,0.0339,0.0340,PATROL,0
76.387,0.0339,0.0340,PATROL,0
76.421,0.0342,0.0340,PATROL,0
76.455,0.0340,0.0340,PATROL,0
76.489,0.0341,0.0340,PATROL,0
76.523,0.0338,0.0340,PATROL,0
76.557,0.0342,0.0340,PATROL,0
76.591,0.0339,0.0340,PATROL,0
76.625,0.0338,0.0340,PATROL,0
76.659,0.0342,0.0340,PATROL,0
76.693,0.0340,0.0340,PATROL,0
76.727,0.0338,0.0340,PATROL,0
76.761,0.0341,0.0340,PATROL,0
76.796,0.0343,0.0340,PATROL,0
76.829,0.0339,0.0340,PATROL,0
76.864,0.0343,0.0340,PATROL,0
76.897,0.0337,0.0340,PATROL,0
76.931,0.0340,0.0340,PATROL,0
76.966,0.0344,0.0340,PATROL,0
76.999,0.0336,0.0340,PATROL,0
77.034,0.0340,0.0340,PATROL,0
77.068,0.0342,0.0340,PATROL,0
77.102,0.0339,0.0340,PATROL,0
77.136,0.0339,0.0340,PATROL,0
77.170,0.0341,0.0340,PATROL,0
77.204,0.0340,0.0340,PATROL,0
77.238,0.0340,0.0340,PATROL,0
77.272,0.0340,0.0340,PATROL,0
77.306,0.0341,0.0340,PATROL,0
77.340,0.0339,0.0340,PATROL,0
77.374,0.0341,0.0340,PATROL,0
77.408,0.0339,0.0340,PATROL,0
77.442,0.0340,0.0340,PATROL,0
77.476,0.0341,0.0340,PATROL,0
77.510,0.0341,0.0340,PATROL,0
77.544,0.0340,0.0340,PATROL,0
77.578,0.0340,0.0340,PATROL,0
77.612,0.0338,0.0340,PATROL,0
77.646,0.0341,0.0340,PATROL,0
77.680,0.0340,0.0340,PATROL,0
77.714,0.0340,0.0340,PATROL,0
77.748,0.0340,0.0340,PATROL,0
77.782,0.0341,0.0340,PATROL,0
77.816,0.0339,0.0340,PATROL,0
77.850,0.0342,0.0340,PATROL,0
77.884,0.0338,0.0340,PATROL,0
77.918,0.0340,0.0340,PATROL,0
77.952,0.0340,0.0340,PATROL,0
77.986,0.0342,0.0340,PATROL,0
78.020,0.0339,0.0340,PATROL,0
78.054,0.0342,0.0340,PATROL,0
78.088,0.0340,0.0340,PATROL,0
78.122,0.0338,0.0340,PATROL,0
78.156,0.0343,0.0340,PATROL,0
78.190,0.0337,0.0340,PATROL,0
78.224,0.0343,0.0340,PATROL,0
78.258,0.0337,0.0340,PATROL,0
78.292,0.0340,0.0340,PATROL,0
78.326,0.0342,0.0340,PATROL,0
78.360,0.0339,0.0340,PATROL,0
78.394,0.0338,0.0340,PATROL,0
78.428,0.0343,0.0340,PATROL,0
78.462,0.0337,0.0340,PATROL,0
78.496,0.0340,0.0340,PATROL,0
78.530,0.0341,0.0340,PATROL,0
78.564,0.0340,0.0340,PATROL,0
78.598,0.0339,0.0340,PATROL,0
78.632,0.0340,0.0340,PATROL,0
78.666,0.0342,0.0340,PATROL,0
78.700,0.0340,0.0340,PATROL,0
78.734,0.0339,0.0340,PATROL,0
78.768,0.0341,0.0340,PATROL,0
78.802,0.0339,0.0340,PATROL,0
78.837,0.0343,0.0340,PATROL,0
78.871,0.0341,0.0340,PATROL,0
78.904,0.0338,0.0340,PATROL,0
78.939,0.0343,0.0340,PATROL,0
78.973,0.0339,0.0340,PATROL,0
79.007,0.0339,0.0340,PATROL,0
79.041,0.0341,0.0340,PATROL,0
79.075,0.0339,0.0340,PATROL,0
79.109,0.0339,0.0340,PATROL,0
79.143,0.0342,0.0340,PATROL,0
79.177,0.0338,0.0340,PATROL,0
79.211,0.0342,0.0340,PATROL,0
79.245,0.0340,0.0340,PATROL,0
79.279,0.0340,0.0340,PATROL,0
79.313,0.0341,0.0340,PATROL,0
79.347,0.0339,0.0340,PATROL,0
79.381,0.0340,0.0340,PATROL,0
79.415,0.0342,0.0340,PATROL,0
79.449,0.0337,0.0340,PATROL,0
79.483,0.0341,0.0340,PATROL,0
79.517,0.0340,0.0340,PATROL,0
79.551,0.0339,0.0340,PATROL,0
79.585,0.0341,0.0340,PATROL,0
79.619,0.0342,0.0340,PATROL,0
79.653,0.0338,0.0340,PATROL,0
79.687,0.0341,0.0340,PATROL,0
79.721,0.0341,0.0340,PATROL,0
79.755,0.0342,0.0340,PATROL,0
79.789,0.0338,0.0340,PATROL,0
79.823,0.0338,0.0340,PATROL,0
79.857,0.0340,0.0340,PATROL,0
79.891,0.0340,0.0340,PATROL,0
79.925,0.0343,0.0340,PATROL,0
79.959,0.0337,0.0340,PATROL,0
79.993,0.0340,0.0340,PATROL,0
80.027,0.0344,0.0340,PATROL,0
80.061,0.0338,0.0340,PATROL,0
80.095,0.0340,0.0340,PATROL,0
80.129,0.0339,0.0340,PATROL,0
80.163,0.0342,0.0340,PATROL,0
80.197,0.0340,0.0340,PATROL,0
80.231,0.0340,0.0340,PATROL,0
80.265,0.0340,0.0340,PATROL,0
80.299,0.0341,0.0340,PATROL,0
80.333,0.0338,0.0340,PATROL,0
80.367,0.0341,0.0340,PATROL,0
80.401,0.0340,0.0340,PATROL,0
80.435,0.0340,0.0340,PATROL,0
80.469,0.0340,0.0340,PATROL,0
80.503,0.0339,0.0340,PATROL,0
80.537,0.0339,0.0340,PATROL,0
80.572,0.0345,0.0340,PATROL,0
80.605,0.0337,0.0340,PATROL,0
80.639,0.0340,0.0340,PATROL,0
80.673,0.0341,0.0340,PATROL,0
80.707,0.0339,0.0340,PATROL,0
80.741,0.0340,0.0340,PATROL,0
80.775,0.0340,0.0340,PATROL,0
80.809,0.0342,0.0340,PATROL,0
80.843,0.0339,0.0340,PATROL,0
80.877,0.0340,0.0340,PATROL,0
80.911,0.0338,0.0340,PATROL,0
80.945,0.0341,0.0340,PATROL,0
80.979,0.0341,0.0340,PATROL,0
81.013,0.0340,0.0340,PATROL,0
81.047,0.0340,0.0340,PATROL,0
81.081,0.0340,0.0340,PATROL,0
81.115,0.0340,0.0340,PATROL,0
81.149,0.0340,0.0340,PATROL,0
81.183,0.0342,0.0340,PATROL,0
81.218,0.0340,0.0340,PATROL,0
81.252,0.0341,0.0340,PATROL,0
81.285,0.0339,0.0340,PATROL,0
81.320,0.0344,0.0340,PATROL,0
81.354,0.0337,0.0340,PATROL,0
81.388,0.0341,0.0340,PATROL,0
81.422,0.0341,0.0340,PATROL,0
81.456,0.0340,0.0340,PATROL,0
81.490,0.0338,0.0340,PATROL,0
81.524,0.0340,0.0340,PATROL,0
81.558,0.0341,0.0340,PATROL,0
81.592,0.0339,0.0340,PATROL,0
81.626,0.0341,0.0340,PATROL,0
81.660,0.0344,0.0340,PATROL,0
81.694,0.0336,0.0340,PATROL,0
81.728,0.0342,0.0340,PATROL,0
81.762,0.0341,0.0340,PATROL,0
81.796,0.0339,0.0340,PATROL,0
81.830,0.0343,0.0340,PATROL,0
81.864,0.0341,0.0340,PATROL,0
81.898,0.0338,0.0340,PATROL,0
81.932,0.0341,0.0340,PATROL,0
81.966,0.0337,0.0340,PATROL,0
82.000,0.0342,0.0340,PATROL,0
82.034,0.0339,0.0340,PATROL,0
82.068,0.0341,0.0340,PATROL,0
82.102,0.0339,0.0340,PATROL,0
82.136,0.0341,0.0340,PATROL,0
82.170,0.0339,0.0340,PATROL,0
82.204,0.0341,0.0340,PATROL,0
82.238,0.0339,0.0340,PATROL,0
82.272,0.0340,0.0340,PATROL,0
82.306,0.0341,0.0340,PATROL,0
82.340,0.0340,0.0340,PATROL,0
82.374,0.0341,0.0340,PATROL,0
82.408,0.0339,0.0340,PATROL,0
82.442,0.0340,0.0340,PATROL,0
82.476,0.0341,0.0340,PATROL,0
82.510,0.0338,0.0340,PATROL,0
82.544,0.0342,0.0340,PATROL,0
82.578,0.0338,0.0340,PATROL,0
82.612,0.0340,0.0340,PATROL,0
82.646,0.0340,0.0340,PATROL,0
82.680,0.0341,0.0340,PATROL,0
82.714,0.0342,0.0340,PATROL,0
82.748,0.0339,0.0340,PATROL,0
82.782,0.0340,0.0340,PATROL,0
82.816,0.0340,0.0340,PATROL,0
82.850,0.0341,0.0340,PATROL,0
82.884,0.0340,0.0340,PATROL,0
82.918,0.0340,0.0340,PATROL,0
82.953,0.0344,0.0340,PATROL,0
82.987,0.0338,0.0340,PATROL,0
83.021,0.0340,0.0340,PATROL,0
83.055,0.0340,0.0340,PATROL,0
83.089,0.0340,0.0340,PATROL,0
83.123,0.0340,0.0340,PATROL,0
83.157,0.0340,0.0340,PATROL,0
83.191,0.0340,0.0340,PATROL,0
83.225,0.0339,0.0340,PATROL,0
83.259,0.0342,0.0340,PATROL,0
83.293,0.0340,0.0340,PATROL,0
83.327,0.0341,0.0340,PATROL,0
83.361,0.0340,0.0340,PATROL,0
83.395,0.0338,0.0340,PATROL,0
83.429,0.0340,0.0340,PATROL,0
83.463,0.0341,0.0340,PATROL,0
83.497,0.0340,0.0340,PATROL,0
83.531,0.0339,0.0340,PATROL,0
83.565,0.0341,0.0340,PATROL,0
83.599,0.0339,0.0340,PATROL,0
83.633,0.0342,0.0340,PATROL,0
83.667,0.0340,0.0340,PATROL,0
83.701,0.0339,0.0340,PATROL,0
83.735,0.0340,0.0340,PATROL,0
83.769,0.0342,0.0340,PATROL,0
83.803,0.0340,0.0340,PATROL,0
83.837,0.0340,0.0340,PATROL,0
83.871,0.0341,0.0340,PATROL,0
83.905,0.0338,0.0340,PATROL,0
83.939,0.0342,0.0340,PATROL,0
83.973,0.0340,0.0340,PATROL,0
84.007,0.0344,0.0340,PATROL,0
84.041,0.0339,0.0340,PATROL,0
84.075,0.0338,0.0340,PATROL,0
84.109,0.0341,0.0340,PATROL,0
84.143,0.0340,0.0340,PATROL,0
84.177,0.0342,0.0340,PATROL,0
84.211,0.0340,0.0340,PATROL,0
84.245,0.0339,0.0340,PATROL,0
84.279,0.0341,0.0340,PATROL,0
84.313,0.0339,0.0340,PATROL,0
84.347,0.0339,0.0340,PATROL,0
84.382,0.0343,0.0340,PATROL,0
84.415,0.0339,0.0340,PATROL,0
84.449,0.0340,0.0340,PATROL,0
84.483,0.0340,0.0340,PATROL,0
84.517,0.0338,0.0340,PATROL,0
84.551,0.0340,0.0340,PATROL,0
84.585,0.0340,0.0340,PATROL,0
84.619,0.0343,0.0340,PATROL,0
84.653,0.0338,0.0340,PATROL,0
84.688,0.0343,0.0340,PATROL,0
84.721,0.0338,0.0340,PATROL,0
84.755,0.0340,0.0340,PATROL,0
84.789,0.0339,0.0340,PATROL,0
84.823,0.0340,0.0340,PATROL,0
84.858,0.0343,0.0340,PATROL,0
84.892,0.0342,0.0340,PATROL,0
84.926,0.0337,0.0340,PATROL,0
84.959,0.0338,0.0340,PATROL,0
84.994,0.0342,0.0340,PATROL,0
85.028,0.0342,0.0340,PATROL,0
85.062,0.0337,0.0340,PATROL,0
85.096,0.0341,0.0340,PATROL,0
85.130,0.0342,0.0340,PATROL,0
85.164,0.0340,0.0340,PATROL,0
85.198,0.0338,0.0340,PATROL,0
85.232,0.0343,0.0340,PATROL,0
85.266,0.0339,0.0340,PATROL,0
85.300,0.0339,0.0340,PATROL,0
85.334,0.0344,0.0340,PATROL,0
85.368,0.0337,0.0340,PATROL,0
85.402,0.0339,0.0340,PATROL,0
85.436,0.0340,0.0340,PATROL,0
85.470,0.0342,0.0340,PATROL,0
85.504,0.0339,0.0340,PATROL,0
85.538,0.0340,0.0340,PATROL,0
85.572,0.0342,0.0340,PATROL,0
85.606,0.0340,0.0340,PATROL,0
85.640,0.0339,0.0340,PATROL,0
85.674,0.0341,0.0340,PATROL,0
85.708,0.0340,0.0340,PATROL,0
85.742,0.0338,0.0340,PATROL,0
85.776,0.0340,0.0340,PATROL,0
85.810,0.0341,0.0340,PATROL,0
85.844,0.0341,0.0340,PATROL,0
85.878,0.0343,0.0340,PATROL,0
85.912,0.0336,0.0340,PATROL,0
85.946,0.0342,0.0340,PATROL,0
85.980,0.0341,0.0340,PATROL,0
86.014,0.0337,0.0340,PATROL,0
86.048,0.0341,0.0340,PATROL,0
86.082,0.0339,0.0340,PATROL,0
86.116,0.0339,0.0340,PATROL,0
86.150,0.0341,0.0340,PATROL,0
86.184,0.0343,0.0340,PATROL,0
86.218,0.0338,0.0340,PATROL,0
86.252,0.0345,0.0340,PATROL,0
86.286,0.0336,0.0340,PATROL,0
86.320,0.0342,0.0340,PATROL,0
86.354,0.0339,0.0340,PATROL,0
86.388,0.0340,0.0340,PATROL,0
86.422,0.0341,0.0340,PATROL,0
86.456,0.0340,0.0340,PATROL,0
86.491,0.0342,0.0340,PATROL,0
86.524,0.0338,0.0340,PATROL,0
86.558,0.0339,0.0340,PATROL,0
86.592,0.0339,0.0340,PATROL,0
86.627,0.0344,0.0340,PATROL,0
86.660,0.0337,0.0340,PATROL,0
86.694,0.0341,0.0340,ALIGN,0
86.728,0.0340,0.0340,ALIGN,0
86.762,0.0340,0.0340,ALIGN,0
86.796,0.0341,0.0340,ALIGN,0
86.830,0.0338,0.0340,ALIGN,0
86.865,0.0343,0.0340,ALIGN,0
86.898,0.0338,0.0340,ALIGN,0
86.933,0.0342,0.0340,ALIGN,0
86.966,0.0339,0.0340,ALIGN,0
87.000,0.0339,0.0340,ALIGN,0
87.035,0.0341,0.0340,ALIGN,0
87.068,0.0339,0.0340,ALIGN,0
87.103,0.0342,0.0340,ALIGN,0
87.137,0.0340,0.0340,ALIGN,0
87.171,0.0341,0.0340,ALIGN,0
87.205,0.0340,0.0340,ALIGN,0
87.239,0.0340,0.0340,ALIGN,0
87.273,0.0340,0.0340,ALIGN,0
87.307,0.0343,0.0340,ALIGN,0
87.341,0.0338,0.0340,ALIGN,0
87.375,0.0339,0.0340,ALIGN,0
87.409,0.0344,0.0340,ALIGN,0
87.443,0.0337,0.0340,ALIGN,0
87.477,0.0339,0.0340,ALIGN,0
87.511,0.0340,0.0340,ALIGN,0
87.545,0.0343,0.0340,ALIGN,0
87.579,0.0341,0.0340,ALIGN,0
87.613,0.0338,0.0340,ALIGN,0
87.647,0.0341,0.0340,ALIGN,0
87.681,0.0344,0.0340,ALIGN,0
87.715,0.0337,0.0340,APPROACH,0
87.749,0.0341,0.0340,APPROACH,0
87.783,0.0340,0.0340,APPROACH,0
87.817,0.0339,0.0340,APPROACH,0
87.851,0.0345,0.0340,APPROACH,0
87.885,0.0337,0.0340,APPROACH,0
87.919,0.0341,0.0340,APPROACH,0
87.953,0.0338,0.0340,APPROACH,0
87.987,0.0343,0.0340,APPROACH,0
88.021,0.0336,0.0340,APPROACH,0
88.055,0.0340,0.0340,APPROACH,0
88.089,0.0341,0.0340,APPROACH,0
88.123,0.0339,0.0340,APPROACH,0
88.157,0.0341,0.0340,APPROACH,0
88.191,0.0340,0.0340,APPROACH,0
88.225,0.0340,0.0340,APPROACH,0
88.259,0.0339,0.0340,APPROACH,0
88.293,0.0343,0.0340,APPROACH,0
88.327,0.0339,0.0340,APPROACH,0
88.361,0.0340,0.0340,APPROACH,0
88.395,0.0342,0.0340,APPROACH,0
88.429,0.0338,0.0340,APPROACH,0
88.464,0.0342,0.0340,APPROACH,0
88.497,0.0338,0.0340,APPROACH,0
88.531,0.0339,0.0340,APPROACH,0
88.565,0.0340,0.0340,APPROACH,0
88.599,0.0341,0.0340,APPROACH,0
88.633,0.0340,0.0340,APPROACH,0
88.667,0.0341,0.0340,APPROACH,0
88.701,0.0337,0.0340,APPROACH,0
88.735,0.0341,0.0340,APPROACH,0
88.769,0.0341,0.0340,APPROACH,0
88.803,0.0339,0.0340,APPROACH,0
88.837,0.0341,0.0340,APPROACH,0
88.871,0.0338,0.0340,APPROACH,0
88.905,0.0342,0.0340,APPROACH,0
88.940,0.0342,0.0340,APPROACH,0
88.974,0.0341,0.0340,APPROACH,0
89.007,0.0336,0.0340,APPROACH,0
89.041,0.0339,0.0340,APPROACH,0
89.076,0.0342,0.0340,APPROACH,0
89.109,0.0339,0.0340,APPROACH,0
89.144,0.0342,0.0340,APPROACH,0
89.177,0.0339,0.0340,APPROACH,0
89.212,0.0343,0.0340,APPROACH,0
89.246,0.0339,0.0340,APPROACH,0
89.280,0.0341,0.0340,APPROACH,0
89.314,0.0337,0.0340,APPROACH,0
89.348,0.0341,0.0340,APPROACH,0
89.382,0.0340,0.0340,APPROACH,0
89.416,0.0340,0.0340,APPROACH,0
89.450,0.0341,0.0340,APPROACH,0
89.484,0.0340,0.0340,APPROACH,0
89.518,0.0338,0.0340,APPROACH,0
89.552,0.0340,0.0340,APPROACH,0
89.586,0.0343,0.0340,APPROACH,0
89.620,0.0339,0.0340,APPROACH,0
89.654,0.0340,0.0340,APPROACH,0
89.688,0.0341,0.0340,APPROACH,0
89.722,0.0340,0.0340,APPROACH,0
89.756,0.0343,0.0340,APPROACH,0
89.790,0.0337,0.0340,APPROACH,0
89.824,0.0341,0.0340,APPROACH,0
89.858,0.0339,0.0340,APPROACH,0
89.892,0.0340,0.0340,APPROACH,0
89.926,0.0341,0.0340,APPROACH,0
89.960,0.0341,0.0340,APPROACH,0
89.994,0.0338,0.0340,APPROACH,0
90.028,0.0342,0.0340,APPROACH,0
90.062,0.0339,0.0340,APPROACH,0
90.096,0.0339,0.0340,APPROACH,0
90.130,0.0340,0.0340,APPROACH,0
90.164,0.0341,0.0340,APPROACH,0
90.198,0.0343,0.0340,APPROACH,0
90.232,0.0337,0.0340,APPROACH,0
90.266,0.0340,0.0340,APPROACH,0
90.300,0.0342,0.0340,APPROACH,0
90.334,0.0341,0.0340,APPROACH,0
90.368,0.0339,0.0340,APPROACH,0
90.402,0.0340,0.0340,APPROACH,0
90.436,0.0340,0.0340,APPROACH,0
90.470,0.0341,0.0340,APPROACH,0
90.504,0.0343,0.0340,APPROACH,0
90.538,0.0338,0.0340,APPROACH,0
90.572,0.0339,0.0340,APPROACH,0
90.606,0.0340,0.0340,APPROACH,0
90.640,0.0339,0.0340,APPROACH,0
90.674,0.0342,0.0340,APPROACH,0
90.708,0.0340,0.0340,APPROACH,0
90.742,0.0338,0.0340,APPROACH,0
90.776,0.0341,0.0340,APPROACH,0
90.810,0.0339,0.0340,APPROACH,0
90.844,0.0342,0.0340,APPROACH,0
90.878,0.0341,0.0340,APPROACH,0
90.912,0.0339,0.0340,APPROACH,0
90.947,0.0342,0.0340,APPROACH,0
90.980,0.0337,0.0340,APPROACH,0
91.015,0.0343,0.0340,APPROACH,0
91.048,0.0338,0.0340,APPROACH,0
91.082,0.0341,0.0340,APPROACH,0
91.117,0.0342,0.0340,APPROACH,0
91.151,0.0339,0.0340,APPROACH,0
91.185,0.0341,0.0340,APPROACH,0
91.219,0.0340,0.0340,APPROACH,0
91.253,0.0341,0.0340,APPROACH,0
91.287,0.0340,0.0340,APPROACH,0
91.321,0.0340,0.0340,APPROACH,0
91.355,0.0340,0.0340,APPROACH,0
91.389,0.0344,0.0340,APPROACH,0
91.423,0.0337,0.0340,APPROACH,0
91.457,0.0340,0.0340,APPROACH,0
91.491,0.0344,0.0340,APPROACH,0
91.525,0.0337,0.0340,APPROACH,0
91.559,0.0338,0.0340,APPROACH,0
91.593,0.0341,0.0340,APPROACH,0
91.627,0.0341,0.0340,APPROACH,0
91.661,0.0339,0.0340,APPROACH,0
91.695,0.0340,0.0340,APPROACH,0
91.729,0.0342,0.0340,APPROACH,0
91.763,0.0340,0.0340,APPROACH,0
91.798,0.0346,0.0340,APPROACH,0
91.831,0.0334,0.0340,APPROACH,0
91.865,0.0342,0.0340,APPROACH,0
91.899,0.0338,0.0340,APPROACH,0
91.933,0.0343,0.0340,APPROACH,0
91.967,0.0337,0.0340,APPROACH,0
92.002,0.0345,0.0340,APPROACH,0
92.035,0.0336,0.0340,APPROACH,0
92.069,0.0341,0.0340,APPROACH,0
92.103,0.0342,0.0340,APPROACH,0
92.137,0.0337,0.0340,APPROACH,0
92.171,0.0341,0.0340,APPROACH,0
92.205,0.0338,0.0340,APPROACH,0
92.239,0.0341,0.0340,APPROACH,0
92.273,0.0340,0.0340,APPROACH,0
92.307,0.0340,0.0340,APPROACH,0
92.341,0.0341,0.0340,APPROACH,0
92.375,0.0340,0.0340,APPROACH,0
92.409,0.0343,0.0340,APPROACH,0
92.443,0.0338,0.0340,APPROACH,0
92.477,0.0339,0.0340,APPROACH,0
92.511,0.0338,0.0340,APPROACH,0
92.545,0.0342,0.0340,APPROACH,0
92.579,0.0342,0.0340,APPROACH,0
92.613,0.0337,0.0340,APPROACH,0
92.647,0.0341,0.0340,APPROACH,0
92.681,0.0340,0.0340,APPROACH,0
92.715,0.0339,0.0340,APPROACH,0
92.749,0.0340,0.0340,APPROACH,0
92.783,0.0342,0.0340,APPROACH,0
92.817,0.0340,0.0340,APPROACH,0
92.851,0.0341,0.0340,APPROACH,0
92.885,0.0339,0.0340,APPROACH,0
92.919,0.0339,0.0340,APPROACH,0
92.953,0.0341,0.0340,APPROACH,0
92.987,0.0340,0.0340,APPROACH,0
93.022,0.0343,0.0340,APPROACH,0
93.055,0.0337,0.0340,APPROACH,0
93.089,0.0340,0.0340,APPROACH,0
93.123,0.0342,0.0340,APPROACH,0
93.158,0.0342,0.0340,APPROACH,0
93.192,0.0339,0.0340,APPROACH,0
93.226,0.0340,0.0340,APPROACH,0
93.260,0.0340,0.0340,APPROACH,0
93.294,0.0340,0.0340,APPROACH,0
93.328,0.0340,0.0340,APPROACH,0
93.362,0.0340,0.0340,APPROACH,0
93.396,0.0340,0.0340,APPROACH,0
93.430,0.0342,0.0340,APPROACH,0
93.464,0.0342,0.0340,APPROACH,0
93.498,0.0337,0.0340,APPROACH,0
93.532,0.0341,0.0340,APPROACH,0
93.566,0.0338,0.0340,APPROACH,0
93.600,0.0340,0.0340,APPROACH,0
93.634,0.0341,0.0340,APPROACH,0
93.668,0.0339,0.0340,APPROACH,0
93.702,0.0342,0.0340,APPROACH,0
93.736,0.0340,0.0340,APPROACH,0
93.770,0.0342,0.0340,APPROACH,0
93.804,0.0339,0.0340,APPROACH,0
93.838,0.0340,0.0340,APPROACH,0
93.872,0.0340,0.0340,APPROACH,0
93.906,0.0340,0.0340,APPROACH,0
93.940,0.0340,0.0340,APPROACH,0
93.974,0.0339,0.0340,APPROACH,0
94.008,0.0341,0.0340,APPROACH,0
94.042,0.0340,0.0340,APPROACH,0
94.076,0.0339,0.0340,APPROACH,0
94.110,0.0341,0.0340,APPROACH,0
94.144,0.0340,0.0340,APPROACH,0
94.178,0.0342,0.0340,APPROACH,0
94.212,0.0341,0.0340,APPROACH,0
94.246,0.0339,0.0340,APPROACH,0
94.280,0.0340,0.0340,APPROACH,0
94.314,0.0341,0.0340,APPROACH,0
94.348,0.0337,0.0340,APPROACH,0
94.382,0.0341,0.0340,APPROACH,0
94.416,0.0340,0.0340,APPROACH,0
94.450,0.0342,0.0340,APPROACH,0
94.484,0.0338,0.0340,APPROACH,0
94.518,0.0340,0.0340,APPROACH,0
94.552,0.0342,0.0340,APPROACH,0
94.586,0.0338,0.0340,APPROACH,0
94.620,0.0340,0.0340,APPROACH,0
94.654,0.0343,0.0340,APPROACH,0
94.688,0.0337,0.0340,APPROACH,0
94.722,0.0342,0.0340,APPROACH,0
94.756,0.0338,0.0340,APPROACH,0
94.790,0.0342,0.0340,APPROACH,0
94.824,0.0339,0.0340,APPROACH,0
94.859,0.0343,0.0340,APPROACH,0
94.892,0.0338,0.0340,APPROACH,0
94.927,0.0342,0.0340,APPROACH,0
94.960,0.0338,0.0340,APPROACH,0
94.995,0.0341,0.0340,APPROACH,0
95.029,0.0341,0.0340,APPROACH,0
95.062,0.0339,0.0340,APPROACH,0
95.097,0.0341,0.0340,APPROACH,0
95.131,0.0341,0.0340,APPROACH,0
95.165,0.0339,0.0340,APPROACH,0
95.199,0.0341,0.0340,APPROACH,0
95.233,0.0339,0.0340,APPROACH,0
95.266,0.0340,0.0340,APPROACH,0
95.301,0.0341,0.0340,APPROACH,0
95.335,0.0341,0.0340,APPROACH,0
95.369,0.0338,0.0340,APPROACH,0
95.403,0.0341,0.0340,APPROACH,0
95.437,0.0341,0.0340,APPROACH,0
95.471,0.0339,0.0340,APPROACH,0
95.505,0.0342,0.0340,APPROACH,0
95.539,0.0341,0.0340,APPROACH,0
95.573,0.0338,0.0340,APPROACH,0
95.607,0.0340,0.0340,APPROACH,0
95.641,0.0339,0.0340,APPROACH,0
95.675,0.0342,0.0340,APPROACH,0
95.709,0.0342,0.0340,APPROACH,0
95.743,0.0337,0.0340,APPROACH,0
95.777,0.0340,0.0340,APPROACH,0
95.811,0.0341,0.0340,APPROACH,0
95.845,0.0344,0.0340,APPROACH,0
95.879,0.0334,0.0340,APPROACH,0
95.913,0.0341,0.0340,APPROACH,0
95.947,0.0345,0.0340,APPROACH,0
95.981,0.0337,0.0340,APPROACH,0
96.015,0.0340,0.0340,APPROACH,0
96.049,0.0342,0.0340,APPROACH,0
96.083,0.0339,0.0340,APPROACH,0
96.117,0.0340,0.0340,APPROACH,0
96.151,0.0339,0.0340,APPROACH,0
96.185,0.0343,0.0340,APPROACH,0
96.219,0.0339,0.0340,APPROACH,0
96.253,0.0340,0.0340,APPROACH,0
96.287,0.0339,0.0340,APPROACH,0
96.321,0.0342,0.0340,APPROACH,0
96.355,0.0338,0.0340,APPROACH,0
96.389,0.0340,0.0340,APPROACH,0
96.423,0.0342,0.0340,APPROACH,0
96.457,0.0338,0.0340,APPROACH,0
96.491,0.0342,0.0340,APPROACH,0
96.525,0.0341,0.0340,APPROACH,0
96.559,0.0339,0.0340,APPROACH,0
96.593,0.0340,0.0340,APPROACH,0
96.627,0.0340,0.0340,APPROACH,0
96.661,0.0341,0.0340,APPROACH,0
96.695,0.0339,0.0340,APPROACH,0
96.729,0.0339,0.0340,APPROACH,0
96.764,0.0344,0.0340,APPROACH,0
96.798,0.0341,0.0340,APPROACH,0
96.831,0.0337,0.0340,APPROACH,0
96.866,0.0343,0.0340,APPROACH,0
96.900,0.0342,0.0340,APPROACH,0
96.933,0.0335,0.0340,APPROACH,0
96.967,0.0341,0.0340,APPROACH,0
97.002,0.0342,0.0340,APPROACH,0
97.036,0.0342,0.0340,APPROACH,0
97.069,0.0336,0.0340,APPROACH,0
97.104,0.0341,0.0340,APPROACH,0
97.138,0.0340,0.0340,APPROACH,0
97.172,0.0342,0.0340,APPROACH,0
97.206,0.0338,0.0340,APPROACH,0
97.240,0.0340,0.0340,APPROACH,0
97.274,0.0341,0.0340,APPROACH,0
97.308,0.0340,0.0340,APPROACH,0
97.341,0.0338,0.0340,APPROACH,0
97.376,0.0341,0.0340,APPROACH,0
97.410,0.0342,0.0340,APPROACH,0
97.444,0.0338,0.0340,APPROACH,0
97.478,0.0342,0.0340,APPROACH,0
97.512,0.0339,0.0340,APPROACH,0
97.546,0.0339,0.0340,APPROACH,0
97.580,0.0341,0.0340,APPROACH,0
97.614,0.0340,0.0340,APPROACH,0
97.648,0.0342,0.0340,APPROACH,0
97.682,0.0342,0.0340,APPROACH,0
97.716,0.0337,0.0340,APPROACH,0
97.750,0.0341,0.0340,APPROACH,0
97.784,0.0340,0.0340,APPROACH,0
97.818,0.0340,0.0340,APPROACH,0
97.852,0.0340,0.0340,APPROACH,0
97.886,0.0339,0.0340,APPROACH,0
97.920,0.0340,0.0340,APPROACH,0
97.954,0.0341,0.0340,APPROACH,0
97.988,0.0339,0.0340,APPROACH,0
98.022,0.0339,0.0340,APPROACH,0
98.056,0.0342,0.0340,APPROACH,0
98.090,0.0340,0.0340,APPROACH,0
98.124,0.0340,0.0340,APPROACH,0
98.158,0.0340,0.0340,APPROACH,0
98.192,0.0340,0.0340,APPROACH,0
98.226,0.0342,0.0340,APPROACH,0
98.260,0.0341,0.0340,APPROACH,0
98.294,0.0339,0.0340,APPROACH,0
98.328,0.0339,0.0340,APPROACH,0
98.362,0.0339,0.0340,APPROACH,0
98.396,0.0343,0.0340,APPROACH,0
98.430,0.0338,0.0340,APPROACH,0
98.464,0.0340,0.0340,APPROACH,0
98.498,0.0341,0.0340,APPROACH,0
98.532,0.0340,0.0340,APPROACH,0
98.566,0.0341,0.0340,APPROACH,0
98.600,0.0339,0.0340,APPROACH,0
98.635,0.0344,0.0340,APPROACH,0
98.668,0.0338,0.0340,APPROACH,0
98.702,0.0337,0.0340,APPROACH,0
98.736,0.0342,0.0340,BLIND_DASH,0
98.770,0.0339,0.0340,BLIND_DASH,0
98.804,0.0340,0.0340,BLIND_DASH,0
98.838,0.0341,0.0340,BLIND_DASH,0
98.872,0.0341,0.0340,BLIND_DASH,0
98.906,0.0338,0.0340,BLIND_DASH,0
98.940,0.0340,0.0340,BLIND_DASH,0
98.974,0.0340,0.0340,BLIND_DASH,0
99.008,0.0341,0.0340,BLIND_DASH,0
99.042,0.0340,0.0340,BLIND_DASH,0
99.077,0.0343,0.0340,BLIND_DASH,0
99.110,0.0339,0.0340,BLIND_DASH,0
99.144,0.0340,0.0340,BLIND_DASH,0
99.179,0.0340,0.0340,BLIND_DASH,0
99.212,0.0339,0.0340,BLIND_DASH,0
99.247,0.0343,0.0340,BLIND_DASH,0
99.281,0.0338,0.0340,BLIND_DASH,0
99.314,0.0338,0.0340,BLIND_DASH,0
99.349,0.0343,0.0340,BLIND_DASH,0
99.383,0.0340,0.0340,BLIND_DASH,0
99.417,0.0341,0.0340,BLIND_DASH,0
99.450,0.0338,0.0340,BLIND_DASH,0
99.485,0.0341,0.0340,BLIND_DASH,0
99.518,0.0339,0.0340,BLIND_DASH,0
99.552,0.0340,0.0340,BLIND_DASH,0
99.586,0.0340,0.0340,BLIND_DASH,0
99.621,0.0342,0.0340,BLIND_DASH,0
99.655,0.0340,0.0340,BLIND_DASH,0
99.689,0.0340,0.0340,BLIND_DASH,0
99.723,0.0342,0.0340,BLIND_DASH,0
99.757,0.0339,0.0340,BLIND_DASH,0
99.791,0.0341,0.0340,BLIND_DASH,0
99.825,0.0340,0.0340,BLIND_DASH,0
99.859,0.0341,0.0340,BLIND_DASH,0
99.893,0.0340,0.0340,BLIND_DASH,0
99.927,0.0339,0.0340,BLIND_DASH,0
99.961,0.0342,0.0340,BLIND_DASH,0
99.995,0.0342,0.0340,BLIND_DASH,0
100.029,0.0340,0.0340,BLIND_DASH,0
100.063,0.0336,0.0340,BLIND_DASH,0
100.097,0.0342,0.0340,BLIND_DASH,0
100.131,0.0340,0.0340,BLIND_DASH,0
100.165,0.0342,0.0340,BLIND_DASH,0
100.199,0.0338,0.0340,BLIND_DASH,0
100.233,0.0340,0.0340,BLIND_DASH,0
100.267,0.0343,0.0340,BLIND_DASH,0
100.301,0.0337,0.0340,BLIND_DASH,0
100.335,0.0340,0.0340,PATROL,0
100.369,0.0340,0.0340,PATROL,0
100.403,0.0340,0.0340,PATROL,0
100.437,0.0344,0.0340,PATROL,0
100.471,0.0340,0.0340,PATROL,0
100.505,0.0340,0.0340,PATROL,0
100.539,0.0339,0.0340,PATROL,0
100.573,0.0340,0.0340,PATROL,0
100.607,0.0341,0.0340,PATROL,0
100.641,0.0339,0.0340,PATROL,0
100.675,0.0340,0.0340,PATROL,0
100.709,0.0340,0.0340,PATROL,0
100.743,0.0342,0.0340,PATROL,0
100.777,0.0339,0.0340,PATROL,0
100.811,0.0341,0.0340,PATROL,0
100.845,0.0340,0.0340,PATROL,0
100.879,0.0340,0.0340,PATROL,0
100.913,0.0340,0.0340,PATROL,0
100.947,0.0342,0.0340,PATROL,0
100.981,0.0340,0.0340,PATROL,0
101.015,0.0341,0.0340,PATROL,0
101.049,0.0340,0.0340,PATROL,0
101.083,0.0340,0.0340,PATROL,0
101.117,0.0338,0.0340,PATROL,0
101.151,0.0341,0.0340,PATROL,0
101.185,0.0340,0.0340,PATROL,0
101.219,0.0340,0.0340,PATROL,0
101.253,0.0340,0.0340,PATROL,0
101.288,0.0343,0.0340,PATROL,0
101.321,0.0337,0.0340,PATROL,0
101.355,0.0340,0.0340,PATROL,0
101.389,0.0340,0.0340,PATROL,0
101.424,0.0343,0.0340,PATROL,0
101.458,0.0340,0.0340,PATROL,0
101.492,0.0340,0.0340,PATROL,0
101.526,0.0340,0.0340,PATROL,0
101.560,0.0340,0.0340,PATROL,0
101.593,0.0339,0.0340,PATROL,0
101.628,0.0343,0.0340,PATROL,0
101.661,0.0337,0.0340,PATROL,0
101.696,0.0341,0.0340,PATROL,0
101.730,0.0339,0.0340,PATROL,0
101.764,0.0341,0.0340,PATROL,0
101.798,0.0341,0.0340,PATROL,0
101.832,0.0340,0.0340,PATROL,0
101.866,0.0341,0.0340,PATROL,0
101.900,0.0341,0.0340,PATROL,0
101.934,0.0339,0.0340,PATROL,0
101.968,0.0340,0.0340,PATROL,0
102.002,0.0339,0.0340,PATROL,0
102.036,0.0340,0.0340,PATROL,0
102.070,0.0344,0.0340,PATROL,0
102.104,0.0337,0.0340,PATROL,0
102.138,0.0342,0.0340,PATROL,0
102.172,0.0343,0.0340,PATROL,0
102.206,0.0337,0.0340,ALIGN,0
102.240,0.0341,0.0340,ALIGN,0
102.274,0.0341,0.0340,ALIGN,0
102.308,0.0338,0.0340,ALIGN,0
102.342,0.0342,0.0340,ALIGN,0
102.376,0.0343,0.0340,ALIGN,0
102.410,0.0336,0.0340,ALIGN,0
102.444,0.0342,0.0340,ALIGN,0
102.478,0.0338,0.0340,ALIGN,0
102.512,0.0341,0.0340,ALIGN,0
102.546,0.0339,0.0340,ALIGN,0
102.580,0.0341,0.0340,ALIGN,0
102.614,0.0339,0.0340,PATROL,0
102.648,0.0339,0.0340,ALIGN,0
102.682,0.0341,0.0340,ALIGN,0
102.716,0.0340,0.0340,ALIGN,0
102.750,0.0340,0.0340,ALIGN,0
102.784,0.0340,0.0340,ALIGN,0
102.818,0.0340,0.0340,ALIGN,0
102.852,0.0340,0.0340,ALIGN,0
102.886,0.0341,0.0340,ALIGN,0
102.920,0.0342,0.0340,ALIGN,0
102.954,0.0339,0.0340,ALIGN,0
102.988,0.0339,0.0340,ALIGN,0
103.022,0.0340,0.0340,ALIGN,0
103.056,0.0341,0.0340,ALIGN,0
103.090,0.0340,0.0340,ALIGN,0
103.124,0.0341,0.0340,ALIGN,0
103.158,0.0340,0.0340,ALIGN,0
103.192,0.0338,0.0340,ALIGN,0
103.226,0.0341,0.0340,ALIGN,0
103.260,0.0340,0.0340,ALIGN,0
103.294,0.0341,0.0340,ALIGN,0
103.328,0.0341,0.0340,ALIGN,0
103.363,0.0342,0.0340,ALIGN,0
103.396,0.0339,0.0340,ALIGN,0
103.430,0.0340,0.0340,ALIGN,0
103.464,0.0340,0.0340,ALIGN,0
103.499,0.0340,0.0340,ALIGN,0
103.532,0.0340,0.0340,APPROACH,0
103.566,0.0340,0.0340,APPROACH,0
103.600,0.0339,0.0340,APPROACH,0
103.634,0.0340,0.0340,APPROACH,0
103.669,0.0341,0.0340,APPROACH,0
103.703,0.0341,0.0340,APPROACH,0
103.737,0.0343,0.0340,APPROACH,0
103.771,0.0341,0.0340,APPROACH,0
103.805,0.0337,0.0340,APPROACH,0
103.839,0.0340,0.0340,APPROACH,0
103.873,0.0342,0.0340,APPROACH,0
103.907,0.0339,0.0340,APPROACH,0
103.941,0.0340,0.0340,APPROACH,0
103.975,0.0342,0.0340,APPROACH,0
104.009,0.0340,0.0340,APPROACH,0
104.043,0.0340,0.0340,APPROACH,0
104.077,0.0338,0.0340,APPROACH,0
104.111,0.0341,0.0340,APPROACH,0
104.145,0.0343,0.0340,APPROACH,0
104.179,0.0338,0.0340,APPROACH,0
104.213,0.0340,0.0340,APPROACH,0
104.247,0.0342,0.0340,APPROACH,0
104.281,0.0339,0.0340,APPROACH,0
104.315,0.0340,0.0340,APPROACH,0
104.349,0.0338,0.0340,APPROACH,0
104.383,0.0341,0.0340,APPROACH,0
104.417,0.0340,0.0340,APPROACH,0
104.451,0.0344,0.0340,APPROACH,0
104.485,0.0338,0.0340,APPROACH,0
104.519,0.0338,0.0340,APPROACH,0
104.553,0.0342,0.0340,APPROACH,0
104.587,0.0340,0.0340,APPROACH,0
104.621,0.0342,0.0340,APPROACH,0
104.655,0.0336,0.0340,APPROACH,0
104.689,0.0341,0.0340,APPROACH,0
104.723,0.0344,0.0340,APPROACH,0
104.757,0.0338,0.0340,APPROACH,0
104.791,0.0340,0.0340,APPROACH,0
104.825,0.0340,0.0340,APPROACH,0
104.859,0.0341,0.0340,APPROACH,0
104.893,0.0338,0.0340,APPROACH,0
104.927,0.0341,0.0340,APPROACH,0
104.961,0.0339,0.0340,APPROACH,0
104.995,0.0342,0.0340,APPROACH,0
105.030,0.0342,0.0340,APPROACH,0
105.063,0.0338,0.0340,APPROACH,0
105.097,0.0341,0.0340,APPROACH,0
105.131,0.0339,0.0340,APPROACH,0
105.165,0.0340,0.0340,APPROACH,0
105.199,0.0340,0.0340,APPROACH,0
105.233,0.0342,0.0340,APPROACH,0
105.267,0.0338,0.0340,APPROACH,0
105.301,0.0341,0.0340,APPROACH,0
105.335,0.0340,0.0340,APPROACH,0
105.369,0.0340,0.0340,APPROACH,0
105.404,0.0343,0.0340,APPROACH,0
105.438,0.0338,0.0340,APPROACH,0
105.471,0.0338,0.0340,APPROACH,0
105.506,0.0343,0.0340,APPROACH,0
105.539,0.0338,0.0340,APPROACH,0
105.573,0.0340,0.0340,APPROACH,0
105.608,0.0341,0.0340,APPROACH,0
105.642,0.0341,0.0340,APPROACH,0
105.676,0.0339,0.0340,APPROACH,0
105.710,0.0341,0.0340,APPROACH,0
105.743,0.0337,0.0340,APPROACH,0
105.778,0.0342,0.0340,APPROACH,0
105.811,0.0339,0.0340,APPROACH,0
105.846,0.0342,0.0340,APPROACH,0
105.879,0.0338,0.0340,APPROACH,0
105.914,0.0340,0.0340,APPROACH,0
105.948,0.0346,0.0340,APPROACH,0
105.982,0.0337,0.0340,APPROACH,0
106.016,0.0344,0.0340,APPROACH,0
106.050,0.0339,0.0340,APPROACH,0
106.084,0.0339,0.0340,APPROACH,0
106.118,0.0339,0.0340,APPROACH,0
106.152,0.0339,0.0340,APPROACH,0
106.186,0.0343,0.0340,APPROACH,0
106.220,0.0339,0.0340,APPROACH,0
106.254,0.0338,0.0340,APPROACH,0
106.288,0.0340,0.0340,APPROACH,0
106.322,0.0340,0.0340,APPROACH,0
106.356,0.0341,0.0340,APPROACH,0
106.390,0.0339,0.0340,APPROACH,0
106.424,0.0341,0.0340,APPROACH,0
106.458,0.0339,0.0340,APPROACH,0
106.492,0.0341,0.0340,APPROACH,0
106.526,0.0341,0.0340,APPROACH,0
106.560,0.0340,0.0340,APPROACH,0
106.594,0.0340,0.0340,APPROACH,0
106.628,0.0339,0.0340,APPROACH,0
106.662,0.0341,0.0340,APPROACH,0
106.696,0.0340,0.0340,APPROACH,0
106.730,0.0340,0.0340,APPROACH,0
106.764,0.0342,0.0340,APPROACH,0
106.798,0.0337,0.0340,APPROACH,0
106.832,0.0340,0.0340,APPROACH,0
106.866,0.0340,0.0340,APPROACH,0
106.900,0.0341,0.0340,APPROACH,0
106.934,0.0340,0.0340,APPROACH,0
106.968,0.0340,0.0340,APPROACH,0
107.002,0.0341,0.0340,APPROACH,0
107.037,0.0345,0.0340,APPROACH,0
107.070,0.0335,0.0340,APPROACH,0
107.104,0.0340,0.0340,APPROACH,0
107.138,0.0341,0.0340,APPROACH,0
107.172,0.0341,0.0340,APPROACH,0
107.206,0.0339,0.0340,APPROACH,0
107.240,0.0339,0.0340,APPROACH,0
107.274,0.0342,0.0340,APPROACH,0
107.308,0.0340,0.0340,APPROACH,0
107.342,0.0340,0.0340,APPROACH,0
107.376,0.0338,0.0340,APPROACH,0
107.410,0.0339,0.0340,APPROACH,0
107.444,0.0341,0.0340,APPROACH,0
107.478,0.0340,0.0340,APPROACH,0
107.512,0.0339,0.0340,APPROACH,0
107.546,0.0340,0.0340,APPROACH,0
107.580,0.0340,0.0340,APPROACH,0
107.614,0.0339,0.0340,APPROACH,0
107.648,0.0342,0.0340,APPROACH,0
107.682,0.0340,0.0340,APPROACH,0
107.717,0.0345,0.0340,APPROACH,0
107.751,0.0339,0.0340,APPROACH,0
107.785,0.0340,0.0340,APPROACH,0
107.819,0.0339,0.0340,APPROACH,0
107.852,0.0339,0.0340,APPROACH,0
107.887,0.0341,0.0340,APPROACH,0
107.920,0.0339,0.0340,APPROACH,0
107.955,0.0342,0.0340,APPROACH,0
107.989,0.0339,0.0340,APPROACH,0
108.023,0.0340,0.0340,APPROACH,0
108.057,0.0341,0.0340,APPROACH,0
108.091,0.0344,0.0340,APPROACH,0
108.125,0.0336,0.0340,APPROACH,0
108.159,0.0340,0.0340,APPROACH,0
108.193,0.0341,0.0340,APPROACH,0
108.227,0.0339,0.0340,APPROACH,0
108.261,0.0341,0.0340,APPROACH,0
108.295,0.0340,0.0340,APPROACH,0
108.329,0.0341,0.0340,APPROACH,0
108.363,0.0340,0.0340,APPROACH,0
108.397,0.0339,0.0340,APPROACH,0
108.431,0.0343,0.0340,APPROACH,0
108.465,0.0340,0.0340,APPROACH,0
108.499,0.0340,0.0340,APPROACH,0
108.533,0.0339,0.0340,APPROACH,0
108.567,0.0341,0.0340,APPROACH,0
108.601,0.0339,0.0340,APPROACH,0
108.635,0.0341,0.0340,APPROACH,0
108.669,0.0340,0.0340,APPROACH,0
108.703,0.0341,0.0340,APPROACH,0
108.737,0.0340,0.0340,APPROACH,0
108.771,0.0341,0.0340,APPROACH,0
108.805,0.0341,0.0340,APPROACH,0
108.839,0.0338,0.0340,APPROACH,0
108.873,0.0342,0.0340,APPROACH,0
108.907,0.0343,0.0340,APPROACH,0
108.941,0.0338,0.0340,APPROACH,0
108.975,0.0338,0.0340,APPROACH,0
109.009,0.0341,0.0340,APPROACH,0
109.043,0.0340,0.0340,APPROACH,0
109.077,0.0342,0.0340,APPROACH,0
109.111,0.0338,0.0340,APPROACH,0
109.145,0.0342,0.0340,APPROACH,0
109.179,0.0340,0.0340,APPROACH,0
109.213,0.0341,0.0340,APPROACH,0
109.247,0.0340,0.0340,APPROACH,0
109.281,0.0339,0.0340,APPROACH,0
109.315,0.0341,0.0340,APPROACH,0
109.349,0.0340,0.0340,APPROACH,0
109.383,0.0340,0.0340,APPROACH,0
109.417,0.0338,0.0340,APPROACH,0
109.451,0.0342,0.0340,APPROACH,0
109.485,0.0340,0.0340,APPROACH,0
109.519,0.0339,0.0340,APPROACH,0
109.554,0.0342,0.0340,APPROACH,0
109.587,0.0339,0.0340,APPROACH,0
109.621,0.0340,0.0340,APPROACH,0
109.656,0.0341,0.0340,APPROACH,0
109.689,0.0339,0.0340,APPROACH,0
109.724,0.0340,0.0340,APPROACH,0
109.757,0.0339,0.0340,APPROACH,0
109.792,0.0341,0.0340,APPROACH,0
109.826,0.0340,0.0340,APPROACH,0
109.860,0.0340,0.0340,APPROACH,0
109.894,0.0341,0.0340,APPROACH,0
109.928,0.0340,0.0340,APPROACH,0
109.961,0.0338,0.0340,APPROACH,0
109.996,0.0342,0.0340,APPROACH,0
110.030,0.0340,0.0340,APPROACH,0
110.064,0.0341,0.0340,APPROACH,0
110.098,0.0340,0.0340,APPROACH,0
110.132,0.0340,0.0340,APPROACH,0
110.166,0.0342,0.0340,APPROACH,0
110.200,0.0339,0.0340,APPROACH,0
110.234,0.0338,0.0340,APPROACH,0
110.268,0.0340,0.0340,APPROACH,0
110.302,0.0341,0.0340,APPROACH,0
110.336,0.0340,0.0340,APPROACH,0
110.370,0.0338,0.0340,APPROACH,0
110.404,0.0340,0.0340,APPROACH,0
110.438,0.0340,0.0340,APPROACH,0
110.472,0.0341,0.0340,APPROACH,0
110.506,0.0340,0.0340,APPROACH,0
110.540,0.0340,0.0340,APPROACH,0
110.574,0.0340,0.0340,APPROACH,0
110.608,0.0342,0.0340,APPROACH,0
110.642,0.0339,0.0340,APPROACH,0
110.676,0.0340,0.0340,APPROACH,0
110.710,0.0343,0.0340,APPROACH,0
110.744,0.0339,0.0340,APPROACH,0
110.778,0.0342,0.0340,APPROACH,0
110.812,0.0338,0.0340,APPROACH,0
110.846,0.0341,0.0340,APPROACH,0
110.880,0.0340,0.0340,APPROACH,0
110.914,0.0338,0.0340,APPROACH,0
110.948,0.0341,0.0340,APPROACH,0
110.982,0.0340,0.0340,APPROACH,0
111.016,0.0342,0.0340,APPROACH,0
111.050,0.0337,0.0340,APPROACH,0
111.084,0.0340,0.0340,APPROACH,0
111.118,0.0339,0.0340,APPROACH,0
111.152,0.0340,0.0340,APPROACH,0
111.186,0.0342,0.0340,APPROACH,0
111.220,0.0342,0.0340,APPROACH,0
111.254,0.0338,0.0340,APPROACH,0
111.288,0.0340,0.0340,APPROACH,0
111.322,0.0342,0.0340,APPROACH,0
111.356,0.0338,0.0340,APPROACH,0
111.390,0.0340,0.0340,APPROACH,0
111.424,0.0340,0.0340,APPROACH,0
111.458,0.0340,0.0340,APPROACH,0
111.492,0.0341,0.0340,APPROACH,0
111.526,0.0342,0.0340,BLIND_DASH,0
111.561,0.0343,0.0340,BLIND_DASH,0
111.594,0.0336,0.0340,BLIND_DASH,0
111.628,0.0341,0.0340,BLIND_DASH,0
111.662,0.0340,0.0340,BLIND_DASH,0
111.697,0.0341,0.0340,BLIND_DASH,0
111.730,0.0339,0.0340,BLIND_DASH,0
111.765,0.0341,0.0340,BLIND_DASH,0
111.799,0.0341,0.0340,BLIND_DASH,0
111.833,0.0340,0.0340,BLIND_DASH,0
111.867,0.0342,0.0340,BLIND_DASH,0
111.901,0.0337,0.0340,BLIND_DASH,0
111.935,0.0341,0.0340,BLIND_DASH,0
111.969,0.0342,0.0340,BLIND_DASH,0
112.003,0.0341,0.0340,BLIND_DASH,0
112.037,0.0337,0.0340,BLIND_DASH,0
112.071,0.0341,0.0340,BLIND_DASH,0
112.105,0.0340,0.0340,BLIND_DASH,0
112.139,0.0340,0.0340,BLIND_DASH,0
112.173,0.0340,0.0340,BLIND_DASH,0
112.207,0.0341,0.0340,BLIND_DASH,0
112.241,0.0341,0.0340,BLIND_DASH,0
112.275,0.0341,0.0340,BLIND_DASH,0
112.309,0.0335,0.0340,BLIND_DASH,0
112.343,0.0342,0.0340,BLIND_DASH,0
112.377,0.0341,0.0340,BLIND_DASH,0
112.411,0.0340,0.0340,BLIND_DASH,0
112.445,0.0340,0.0340,BLIND_DASH,0
112.479,0.0339,0.0340,BLIND_DASH,0
112.513,0.0340,0.0340,BLIND_DASH,0
112.547,0.0339,0.0340,BLIND_DASH,0
112.581,0.0341,0.0340,BLIND_DASH,0
112.615,0.0339,0.0340,BLIND_DASH,0
112.649,0.0341,0.0340,BLIND_DASH,0
112.683,0.0339,0.0340,BLIND_DASH,0
112.717,0.0343,0.0340,BLIND_DASH,0
112.751,0.0340,0.0340,BLIND_DASH,0
112.785,0.0340,0.0340,BLIND_DASH,0
112.819,0.0340,0.0340,BLIND_DASH,0
112.853,0.0339,0.0340,BLIND_DASH,0
112.887,0.0341,0.0340,BLIND_DASH,0
112.921,0.0340,0.0340,BLIND_DASH,0
112.955,0.0341,0.0340,BLIND_DASH,0
112.989,0.0340,0.0340,BLIND_DASH,0
113.023,0.0340,0.0340,BLIND_DASH,0
113.057,0.0339,0.0340,BLIND_DASH,0
113.091,0.0343,0.0340,BLIND_DASH,0
113.125,0.0338,0.0340,BLIND_DASH,0
113.159,0.0344,0.0340,BLIND_DASH,0
113.193,0.0338,0.0340,BLIND_DASH,0
113.227,0.0340,0.0340,BLIND_DASH,0
113.262,0.0343,0.0340,BLIND_DASH,0
113.295,0.0337,0.0340,BLIND_DASH,0
113.329,0.0340,0.0340,BLIND_DASH,0
113.363,0.0340,0.0340,BLIND_DASH,0
113.397,0.0341,0.0340,BLIND_DASH,0
113.431,0.0341,0.0340,BLIND_DASH,0
113.465,0.0338,0.0340,BLIND_DASH,0
113.499,0.0341,0.0340,BLIND_DASH,0
113.533,0.0342,0.0340,PATROL,0
113.567,0.0338,0.0340,PATROL,0
113.601,0.0340,0.0340,PATROL,0
113.635,0.0339,0.0340,PATROL,0
113.669,0.0340,0.0340,PATROL,0
113.703,0.0342,0.0340,PATROL,0
113.737,0.0340,0.0340,PATROL,0
113.771,0.0340,0.0340,PATROL,0
113.805,0.0338,0.0340,PATROL,0
113.839,0.0342,0.0340,PATROL,0
113.873,0.0338,0.0340,PATROL,0
113.907,0.0340,0.0340,PATROL,0
113.942,0.0343,0.0340,PATROL,0
113.976,0.0341,0.0340,PATROL,0
114.010,0.0340,0.0340,PATROL,0
114.044,0.0342,0.0340,PATROL,0
114.078,0.0337,0.0340,PATROL,0
114.112,0.0340,0.0340,PATROL,0
114.146,0.0341,0.0340,PATROL,0
114.179,0.0338,0.0340,PATROL,0
114.214,0.0342,0.0340,PATROL,0
114.248,0.0342,0.0340,PATROL,0
114.282,0.0338,0.0340,PATROL,0
114.316,0.0339,0.0340,PATROL,0
114.350,0.0340,0.0340,PATROL,0
114.384,0.0342,0.0340,PATROL,0
114.418,0.0341,0.0340,PATROL,0
114.452,0.0340,0.0340,PATROL,0
114.486,0.0339,0.0340,PATROL,0
114.520,0.0339,0.0340,PATROL,0
114.554,0.0345,0.0340,PATROL,0
114.588,0.0337,0.0340,PATROL,0
114.622,0.0338,0.0340,PATROL,0
114.656,0.0342,0.0340,PATROL,0
114.690,0.0340,0.0340,PATROL,0
114.724,0.0339,0.0340,PATROL,0
114.758,0.0341,0.0340,PATROL,0
114.792,0.0339,0.0340,PATROL,0
114.826,0.0341,0.0340,PATROL,0
114.860,0.0340,0.0340,PATROL,0
114.894,0.0342,0.0340,PATROL,0
114.928,0.0337,0.0340,PATROL,0
114.962,0.0340,0.0340,PATROL,0
114.996,0.0339,0.0340,PATROL,0
115.031,0.0347,0.0340,PATROL,0
115.064,0.0335,0.0340,PATROL,0
115.099,0.0345,0.0340,PATROL,0
115.132,0.0335,0.0340,PATROL,0
115.166,0.0339,0.0340,PATROL,0
115.200,0.0343,0.0340,PATROL,0
115.234,0.0339,0.0340,PATROL,0
115.268,0.0338,0.0340,PATROL,0
115.302,0.0341,0.0340,PATROL,0
115.336,0.0341,0.0340,PATROL,0
115.370,0.0341,0.0340,PATROL,0
115.404,0.0339,0.0340,PATROL,0
115.438,0.0340,0.0340,PATROL,0
115.472,0.0340,0.0340,PATROL,0
115.506,0.0340,0.0340,PATROL,0
115.540,0.0341,0.0340,PATROL,0
115.574,0.0340,0.0340,PATROL,0
115.608,0.0339,0.0340,PATROL,0
115.642,0.0340,0.0340,PATROL,0
115.676,0.0341,0.0340,PATROL,0
115.710,0.0342,0.0340,PATROL,0
115.744,0.0337,0.0340,PATROL,0
115.778,0.0340,0.0340,PATROL,0
115.812,0.0340,0.0340,PATROL,0
115.846,0.0340,0.0340,PATROL,0
115.880,0.0340,0.0340,PATROL,0
115.914,0.0340,0.0340,PATROL,0
115.948,0.0342,0.0340,PATROL,0
115.982,0.0339,0.0340,PATROL,0
116.016,0.0340,0.0340,PATROL,0
116.050,0.0339,0.0340,PATROL,0
116.084,0.0342,0.0340,PATROL,0
116.118,0.0340,0.0340,PATROL,0
116.152,0.0340,0.0340,PATROL,0
116.187,0.0343,0.0340,PATROL,0
116.221,0.0338,0.0340,PATROL,0
116.255,0.0340,0.0340,PATROL,0
116.289,0.0342,0.0340,PATROL,0
116.323,0.0340,0.0340,PATROL,0
116.357,0.0341,0.0340,PATROL,0
116.391,0.0339,0.0340,PATROL,0
116.424,0.0339,0.0340,PATROL,0
116.459,0.0342,0.0340,PATROL,0
116.493,0.0340,0.0340,PATROL,0
116.527,0.0340,0.0340,PATROL,0
116.561,0.0340,0.0340,PATROL,0
116.595,0.0340,0.0340,PATROL,0
116.629,0.0341,0.0340,PATROL,0
116.663,0.0341,0.0340,PATROL,0
116.697,0.0337,0.0340,PATROL,0
116.731,0.0344,0.0340,PATROL,0
116.765,0.0337,0.0340,PATROL,0
116.799,0.0339,0.0340,PATROL,0
116.833,0.0341,0.0340,PATROL,0
116.867,0.0340,0.0340,PATROL,0
116.901,0.0338,0.0340,PATROL,0
116.935,0.0342,0.0340,PATROL,0
116.969,0.0341,0.0340,PATROL,0
117.003,0.0340,0.0340,PATROL,0
117.037,0.0343,0.0340,PATROL,0
117.071,0.0337,0.0340,PATROL,0
117.105,0.0341,0.0340,PATROL,0
117.139,0.0343,0.0340,PATROL,0
117.173,0.0335,0.0340,PATROL,0
117.207,0.0341,0.0340,PATROL,0
117.241,0.0340,0.0340,PATROL,0
117.275,0.0343,0.0340,PATROL,0
117.309,0.0338,0.0340,PATROL,0
117.343,0.0339,0.0340,PATROL,0
117.377,0.0340,0.0340,PATROL,0
117.411,0.0339,0.0340,PATROL,0
117.445,0.0341,0.0340,PATROL,0
117.479,0.0339,0.0340,PATROL,0
117.513,0.0341,0.0340,PATROL,0
117.547,0.0342,0.0340,PATROL,0
117.581,0.0337,0.0340,PATROL,0
117.615,0.0343,0.0340,PATROL,0
117.649,0.0340,0.0340,PATROL,0
117.683,0.0338,0.0340,PATROL,0
117.717,0.0342,0.0340,PATROL,0
117.751,0.0339,0.0340,PATROL,0
117.785,0.0341,0.0340,PATROL,0
117.819,0.0340,0.0340,PATROL,0
117.853,0.0340,0.0340,PATROL,0
117.887,0.0341,0.0340,PATROL,0
117.921,0.0338,0.0340,PATROL,0
117.955,0.0342,0.0340,PATROL,0
117.990,0.0341,0.0340,PATROL,0
118.023,0.0339,0.0340,PATROL,0
118.058,0.0341,0.0340,PATROL,0
118.092,0.0340,0.0340,PATROL,0
118.125,0.0338,0.0340,PATROL,0
118.159,0.0341,0.0340,PATROL,0
118.194,0.0341,0.0340,PATROL,0
118.228,0.0340,0.0340,PATROL,0
118.261,0.0338,0.0340,PATROL,0
118.296,0.0342,0.0340,PATROL,0
118.330,0.0341,0.0340,PATROL,0
118.364,0.0339,0.0340,PATROL,0
118.398,0.0340,0.0340,PATROL,0
118.432,0.0342,0.0340,PATROL,0
118.465,0.0336,0.0340,PATROL,0
118.500,0.0341,0.0340,PATROL,0
118.534,0.0341,0.0340,PATROL,0
118.568,0.0341,0.0340,PATROL,0
118.602,0.0338,0.0340,PATROL,0
118.636,0.0339,0.0340,PATROL,0
118.670,0.0341,0.0340,PATROL,0
118.704,0.0340,0.0340,PATROL,0
118.738,0.0340,0.0340,PATROL,0
118.772,0.0342,0.0340,PATROL,0
118.806,0.0338,0.0340,PATROL,0
118.840,0.0339,0.0340,PATROL,0
118.874,0.0342,0.0340,PATROL,0
118.908,0.0341,0.0340,PATROL,0
118.942,0.0341,0.0340,PATROL,0
118.976,0.0339,0.0340,PATROL,0
119.010,0.0339,0.0340,PATROL,0
119.044,0.0340,0.0340,PATROL,0
119.078,0.0342,0.0340,PATROL,0
119.112,0.0337,0.0340,PATROL,0
119.146,0.0344,0.0340,PATROL,0
119.180,0.0339,0.0340,PATROL,0
119.214,0.0338,0.0340,PATROL,0
119.248,0.0340,0.0340,PATROL,0
119.282,0.0342,0.0340,PATROL,0
119.316,0.0340,0.0340,PATROL,0
119.350,0.0341,0.0340,PATROL,0
119.384,0.0339,0.0340,PATROL,0
119.418,0.0341,0.0340,PATROL,0
119.452,0.0338,0.0340,PATROL,0
119.486,0.0341,0.0340,PATROL,0
119.520,0.0340,0.0340,PATROL,0
119.554,0.0341,0.0340,PATROL,0
119.588,0.0341,0.0340,PATROL,0
119.622,0.0340,0.0340,PATROL,0
119.656,0.0340,0.0340,PATROL,0
119.690,0.0341,0.0340,PATROL,0
119.724,0.0339,0.0340,PATROL,0
119.758,0.0342,0.0340,PATROL,0
119.792,0.0340,0.0340,PATROL,0
119.826,0.0338,0.0340,PATROL,0
119.860,0.0341,0.0340,PATROL,0
119.894,0.0341,0.0340,PATROL,0
119.928,0.0338,0.0340,PATROL,0
119.962,0.0341,0.0340,PATROL,0
119.996,0.0340,0.0340,PATROL,0
120.030,0.0343,0.0340,PATROL,0
120.064,0.0339,0.0340,PATROL,0
120.098,0.0340,0.0340,PATROL,0
120.132,0.0342,0.0340,PATROL,0
120.166,0.0340,0.0340,PATROL,0
120.200,0.0341,0.0340,PATROL,0
120.234,0.0339,0.0340,PATROL,0
120.268,0.0339,0.0340,PATROL,0
120.302,0.0340,0.0340,PATROL,0
120.336,0.0342,0.0340,PATROL,0
120.370,0.0338,0.0340,PATROL,0
120.404,0.0341,0.0340,PATROL,0
120.438,0.0341,0.0340,PATROL,0
120.473,0.0344,0.0340,PATROL,0
120.506,0.0337,0.0340,PATROL,0
120.540,0.0340,0.0340,PATROL,0
120.574,0.0341,0.0340,PATROL,0
120.609,0.0341,0.0340,PATROL,0
120.643,0.0340,0.0340,PATROL,0
120.677,0.0339,0.0340,PATROL,0
120.711,0.0341,0.0340,PATROL,0
120.745,0.0340,0.0340,PATROL,0
120.779,0.0341,0.0340,PATROL,0
120.813,0.0339,0.0340,PATROL,0
120.847,0.0341,0.0340,PATROL,0
120.881,0.0339,0.0340,PATROL,0
120.915,0.0342,0.0340,PATROL,0
120.949,0.0338,0.0340,PATROL,0
120.983,0.0340,0.0340,PATROL,0
121.017,0.0340,0.0340,PATROL,0
121.051,0.0342,0.0340,PATROL,0
121.085,0.0338,0.0340,PATROL,0
121.119,0.0342,0.0340,PATROL,0
121.153,0.0340,0.0340,PATROL,0
121.187,0.0340,0.0340,PATROL,0
121.221,0.0340,0.0340,PATROL,0
121.255,0.0340,0.0340,PATROL,0
121.289,0.0341,0.0340,PATROL,0
121.323,0.0340,0.0340,PATROL,0
121.357,0.0340,0.0340,PATROL,0
121.391,0.0341,0.0340,PATROL,0
121.425,0.0340,0.0340,PATROL,0
121.459,0.0339,0.0340,PATROL,0
121.493,0.0340,0.0340,PATROL,0
121.527,0.0340,0.0340,PATROL,0
121.561,0.0342,0.0340,PATROL,0
121.596,0.0343,0.0340,PATROL,0
121.629,0.0339,0.0340,PATROL,0
121.663,0.0337,0.0340,PATROL,0
121.697,0.0341,0.0340,PATROL,0
121.731,0.0338,0.0340,PATROL,0
121.765,0.0341,0.0340,PATROL,0
121.799,0.0341,0.0340,PATROL,0
121.833,0.0340,0.0340,PATROL,0
121.868,0.0342,0.0340,PATROL,0
121.902,0.0341,0.0340,PATROL,0
121.935,0.0339,0.0340,PATROL,0
121.969,0.0338,0.0340,PATROL,0
122.003,0.0342,0.0340,PATROL,0
122.037,0.0339,0.0340,PATROL,0
122.071,0.0340,0.0340,PATROL,0
122.105,0.0339,0.0340,PATROL,0
122.140,0.0345,0.0340,PATROL,0
122.173,0.0337,0.0340,PATROL,0
122.207,0.0340,0.0340,PATROL,0
122.242,0.0342,0.0340,PATROL,0
122.275,0.0339,0.0340,PATROL,0
122.309,0.0340,0.0340,PATROL,0
122.344,0.0341,0.0340,PATROL,0
122.378,0.0340,0.0340,PATROL,0
122.412,0.0341,0.0340,PATROL,0
122.446,0.0339,0.0340,PATROL,0
122.479,0.0339,0.0340,PATROL,0
122.514,0.0342,0.0340,PATROL,0
122.548,0.0341,0.0340,PATROL,0
122.582,0.0339,0.0340,PATROL,0
122.616,0.0339,0.0340,PATROL,0
122.650,0.0342,0.0340,PATROL,0
122.684,0.0339,0.0340,PATROL,0
122.718,0.0342,0.0340,PATROL,0
122.752,0.0339,0.0340,PATROL,0
122.786,0.0339,0.0340,PATROL,0
122.820,0.0342,0.0340,PATROL,0
122.854,0.0340,0.0340,PATROL,0
122.888,0.0338,0.0340,PATROL,0
122.922,0.0341,0.0340,PATROL,0
122.956,0.0342,0.0340,PATROL,0
122.990,0.0339,0.0340,PATROL,0
123.024,0.0345,0.0340,PATROL,0
123.058,0.0335,0.0340,PATROL,0
123.092,0.0340,0.0340,PATROL,0
123.126,0.0339,0.0340,PATROL,0
123.160,0.0344,0.0340,PATROL,0
123.194,0.0339,0.0340,PATROL,0
123.228,0.0338,0.0340,PATROL,0
123.262,0.0344,0.0340,PATROL,0
123.296,0.0337,0.0340,PATROL,0
123.330,0.0338,0.0340,PATROL,0
123.364,0.0342,0.0340,PATROL,0
123.398,0.0341,0.0340,PATROL,0
123.432,0.0340,0.0340,PATROL,0
123.466,0.0340,0.0340,PATROL,0
123.500,0.0342,0.0340,PATROL,0
123.534,0.0338,0.0340,PATROL,0
123.568,0.0340,0.0340,PATROL,0
123.602,0.0340,0.0340,PATROL,0
123.636,0.0339,0.0340,PATROL,0
123.670,0.0340,0.0340,PATROL,0
123.704,0.0340,0.0340,PATROL,0
123.738,0.0341,0.0340,PATROL,0
123.772,0.0340,0.0340,PATROL,0
123.806,0.0338,0.0340,PATROL,0
123.840,0.0342,0.0340,PATROL,0
123.874,0.0341,0.0340,PATROL,0
123.908,0.0340,0.0340,PATROL,0
123.942,0.0343,0.0340,PATROL,0
123.976,0.0336,0.0340,PATROL,0
124.010,0.0341,0.0340,PATROL,0
124.044,0.0341,0.0340,PATROL,0
124.078,0.0340,0.0340,PATROL,0
124.112,0.0340,0.0340,PATROL,0
124.146,0.0339,0.0340,PATROL,0
124.180,0.0340,0.0340,PATROL,0
124.215,0.0344,0.0340,PATROL,0
124.248,0.0338,0.0340,PATROL,0
124.282,0.0338,0.0340,PATROL,0
124.316,0.0341,0.0340,PATROL,0
124.350,0.0340,0.0340,PATROL,0
124.384,0.0339,0.0340,PATROL,0
124.418,0.0341,0.0340,PATROL,0
124.452,0.0341,0.0340,PATROL,0
124.486,0.0338,0.0340,PATROL,0
124.520,0.0340,0.0340,PATROL,0
124.554,0.0341,0.0340,PATROL,0
124.588,0.0338,0.0340,PATROL,0
124.623,0.0344,0.0340,PATROL,0
124.657,0.0340,0.0340,PATROL,0
124.691,0.0340,0.0340,PATROL,0
124.725,0.0341,0.0340,PATROL,0
124.759,0.0340,0.0340,PATROL,0
124.793,0.0340,0.0340,PATROL,0
124.827,0.0341,0.0340,PATROL,0
124.861,0.0339,0.0340,PATROL,0
124.895,0.0339,0.0340,PATROL,0
124.929,0.0341,0.0340,PATROL,0
124.963,0.0339,0.0340,PATROL,0
124.997,0.0342,0.0340,PATROL,0
125.031,0.0343,0.0340,PATROL,0
125.065,0.0336,0.0340,PATROL,0
125.099,0.0342,0.0340,PATROL,0
125.133,0.0339,0.0340,PATROL,0
125.167,0.0339,0.0340,PATROL,0
125.201,0.0341,0.0340,PATROL,0
125.235,0.0340,0.0340,PATROL,0
125.269,0.0339,0.0340,PATROL,0
125.303,0.0340,0.0340,PATROL,0
125.337,0.0342,0.0340,PATROL,0
125.371,0.0340,0.0340,PATROL,0
125.405,0.0339,0.0340,PATROL,0
125.439,0.0340,0.0340,PATROL,0
125.473,0.0341,0.0340,PATROL,0
125.507,0.0339,0.0340,PATROL,0
125.541,0.0341,0.0340,PATROL,0
125.575,0.0340,0.0340,PATROL,0
125.609,0.0341,0.0340,PATROL,0
125.643,0.0342,0.0340,PATROL,0
125.677,0.0336,0.0340,PATROL,0
125.711,0.0341,0.0340,PATROL,0
125.745,0.0341,0.0340,PATROL,0
125.779,0.0341,0.0340,PATROL,0
125.813,0.0342,0.0340,PATROL,0
125.847,0.0336,0.0340,PATROL,0
125.881,0.0343,0.0340,PATROL,0
125.915,0.0340,0.0340,PATROL,0
125.949,0.0338,0.0340,PATROL,0
125.983,0.0339,0.0340,PATROL,0
126.017,0.0341,0.0340,PATROL,0
126.051,0.0342,0.0340,PATROL,0
126.085,0.0340,0.0340,ALIGN,0
126.119,0.0339,0.0340,ALIGN,0
126.153,0.0341,0.0340,ALIGN,0
126.187,0.0340,0.0340,ALIGN,0
126.221,0.0340,0.0340,ALIGN,0
126.255,0.0341,0.0340,ALIGN,0
126.289,0.0340,0.0340,ALIGN,0
126.323,0.0340,0.0340,ALIGN,0
126.357,0.0340,0.0340,ALIGN,0
126.391,0.0340,0.0340,ALIGN,0
126.425,0.0339,0.0340,ALIGN,0
126.459,0.0341,0.0340,ALIGN,0
126.493,0.0341,0.0340,ALIGN,0
126.527,0.0339,0.0340,ALIGN,0
126.561,0.0341,0.0340,ALIGN,0
126.595,0.0340,0.0340,ALIGN,0
126.629,0.0340,0.0340,ALIGN,0
126.664,0.0343,0.0340,ALIGN,0
126.697,0.0336,0.0340,ALIGN,0
126.732,0.0342,0.0340,ALIGN,0
126.766,0.0339,0.0340,ALIGN,0
126.799,0.0339,0.0340,ALIGN,0
126.834,0.0343,0.0340,ALIGN,0
126.868,0.0338,0.0340,ALIGN,0
126.901,0.0340,0.0340,ALIGN,0
126.936,0.0341,0.0340,ALIGN,0
126.970,0.0342,0.0340,ALIGN,0
127.004,0.0339,0.0340,ALIGN,0
127.038,0.0340,0.0340,ALIGN,0
127.072,0.0340,0.0340,ALIGN,0
127.106,0.0339,0.0340,ALIGN,0
127.140,0.0344,0.0340,ALIGN,0
127.174,0.0337,0.0340,ALIGN,0
127.208,0.0338,0.0340,ALIGN,0
127.242,0.0342,0.0340,ALIGN,0
127.276,0.0340,0.0340,ALIGN,0
127.310,0.0342,0.0340,APPROACH,0
127.344,0.0338,0.0340,APPROACH,0
127.378,0.0339,0.0340,APPROACH,0
127.412,0.0339,0.0340,APPROACH,0
127.446,0.0341,0.0340,APPROACH,0
127.480,0.0339,0.0340,APPROACH,0
127.514,0.0340,0.0340,APPROACH,0
127.548,0.0344,0.0340,APPROACH,0
127.582,0.0336,0.0340,APPROACH,0
127.616,0.0340,0.0340,APPROACH,0
127.650,0.0341,0.0340,APPROACH,0
127.684,0.0340,0.0340,APPROACH,0
127.718,0.0340,0.0340,APPROACH,0
127.752,0.0341,0.0340,APPROACH,0
127.786,0.0339,0.0340,APPROACH,0
127.820,0.0341,0.0340,APPROACH,0
127.854,0.0344,0.0340,APPROACH,0
127.888,0.0339,0.0340,APPROACH,0
127.922,0.0339,0.0340,APPROACH,0
127.956,0.0339,0.0340,APPROACH,0
127.990,0.0343,0.0340,APPROACH,0
128.024,0.0338,0.0340,APPROACH,0
128.058,0.0339,0.0340,APPROACH,0
128.092,0.0341,0.0340,APPROACH,0
128.126,0.0341,0.0340,APPROACH,0
128.160,0.0339,0.0340,APPROACH,0
128.195,0.0344,0.0340,APPROACH,0
128.228,0.0337,0.0340,APPROACH,0
128.262,0.0339,0.0340,APPROACH,0
128.296,0.0340,0.0340,APPROACH,0
128.330,0.0340,0.0340,APPROACH,0
128.364,0.0341,0.0340,APPROACH,0
128.398,0.0341,0.0340,APPROACH,0
128.433,0.0343,0.0340,APPROACH,0
128.466,0.0337,0.0340,APPROACH,0
128.501,0.0342,0.0340,APPROACH,0
128.534,0.0338,0.0340,APPROACH,0
128.568,0.0340,0.0340,APPROACH,0
128.603,0.0342,0.0340,APPROACH,0
128.636,0.0337,0.0340,APPROACH,0
128.670,0.0342,0.0340,APPROACH,0
128.704,0.0339,0.0340,APPROACH,0
128.739,0.0342,0.0340,APPROACH,0
128.772,0.0338,0.0340,APPROACH,0
128.807,0.0342,0.0340,APPROACH,0
128.840,0.0338,0.0340,APPROACH,0
128.875,0.0343,0.0340,APPROACH,0
128.909,0.0340,0.0340,APPROACH,0
128.943,0.0340,0.0340,APPROACH,0
128.977,0.0342,0.0340,APPROACH,0
129.011,0.0341,0.0340,APPROACH,0
129.045,0.0339,0.0340,APPROACH,0
129.079,0.0340,0.0340,APPROACH,0
129.113,0.0343,0.0340,APPROACH,0
129.147,0.0339,0.0340,APPROACH,0
129.181,0.0341,0.0340,APPROACH,0
129.215,0.0341,0.0340,APPROACH,0
129.249,0.0339,0.0340,APPROACH,0
129.283,0.0340,0.0340,APPROACH,0
129.317,0.0339,0.0340,APPROACH,0
129.351,0.0341,0.0340,APPROACH,0
129.385,0.0340,0.0340,APPROACH,0
129.420,0.0345,0.0340,APPROACH,0
129.453,0.0335,0.0340,APPROACH,0
129.487,0.0340,0.0340,APPROACH,0
129.521,0.0340,0.0340,APPROACH,0
129.555,0.0342,0.0340,APPROACH,0
129.589,0.0339,0.0340,APPROACH,0
129.623,0.0341,0.0340,APPROACH,0
129.657,0.0340,0.0340,APPROACH,0
129.691,0.0342,0.0340,APPROACH,0
129.725,0.0337,0.0340,APPROACH,0
129.759,0.0341,0.0340,APPROACH,0
129.793,0.0341,0.0340,APPROACH,0
129.827,0.0340,0.0340,APPROACH,0
129.861,0.0341,0.0340,APPROACH,0
129.895,0.0340,0.0340,APPROACH,0
129.929,0.0339,0.0340,APPROACH,0
129.963,0.0340,0.0340,APPROACH,0
129.997,0.0340,0.0340,APPROACH,0
130.031,0.0341,0.0340,APPROACH,0
130.065,0.0340,0.0340,APPROACH,0
130.099,0.0340,0.0340,APPROACH,0
130.134,0.0341,0.0340,APPROACH,0
130.167,0.0338,0.0340,APPROACH,0
130.201,0.0341,0.0340,APPROACH,0
130.235,0.0339,0.0340,APPROACH,0
130.270,0.0341,0.0340,APPROACH,0
130.303,0.0339,0.0340,APPROACH,0
130.338,0.0342,0.0340,APPROACH,0
130.372,0.0339,0.0340,APPROACH,0
130.405,0.0340,0.0340,APPROACH,0
130.440,0.0344,0.0340,APPROACH,0
130.474,0.0336,0.0340,APPROACH,0
130.508,0.0344,0.0340,APPROACH,0
130.542,0.0337,0.0340,APPROACH,0
130.576,0.0340,0.0340,APPROACH,0
130.610,0.0339,0.0340,APPROACH,0
130.644,0.0341,0.0340,APPROACH,0
130.678,0.0340,0.0340,APPROACH,0
130.712,0.0340,0.0340,APPROACH,0
130.746,0.0341,0.0340,APPROACH,0
130.780,0.0341,0.0340,APPROACH,0
130.814,0.0339,0.0340,APPROACH,0
130.848,0.0340,0.0340,APPROACH,0
130.882,0.0342,0.0340,APPROACH,0
130.916,0.0340,0.0340,APPROACH,0
130.950,0.0338,0.0340,APPROACH,0
130.984,0.0340,0.0340,APPROACH,0
131.018,0.0341,0.0340,APPROACH,0
131.052,0.0342,0.0340,APPROACH,0
131.086,0.0338,0.0340,APPROACH,0
131.120,0.0339,0.0340,APPROACH,0
131.154,0.0340,0.0340,APPROACH,0
131.188,0.0342,0.0340,APPROACH,0
131.222,0.0341,0.0340,APPROACH,0
131.256,0.0339,0.0340,APPROACH,0
131.290,0.0341,0.0340,APPROACH,0
131.324,0.0339,0.0340,APPROACH,0
131.358,0.0339,0.0340,APPROACH,0
131.392,0.0341,0.0340,APPROACH,0
131.426,0.0340,0.0340,APPROACH,0
131.460,0.0341,0.0340,APPROACH,0
131.494,0.0339,0.0340,APPROACH,0
131.528,0.0340,0.0340,APPROACH,0
131.562,0.0341,0.0340,APPROACH,0
131.596,0.0341,0.0340,APPROACH,0
131.630,0.0338,0.0340,APPROACH,0
131.664,0.0341,0.0340,APPROACH,0
131.698,0.0341,0.0340,APPROACH,0
131.732,0.0338,0.0340,APPROACH,0
131.766,0.0341,0.0340,APPROACH,0
131.800,0.0341,0.0340,APPROACH,0
131.835,0.0342,0.0340,APPROACH,0
131.868,0.0337,0.0340,APPROACH,0
131.902,0.0341,0.0340,APPROACH,0
131.936,0.0340,0.0340,APPROACH,0
131.970,0.0340,0.0340,APPROACH,0
132.004,0.0341,0.0340,APPROACH,0
132.038,0.0338,0.0340,APPROACH,0
132.072,0.0341,0.0340,APPROACH,0
132.107,0.0341,0.0340,APPROACH,0
132.140,0.0339,0.0340,APPROACH,0
132.174,0.0339,0.0340,APPROACH,0
132.208,0.0340,0.0340,APPROACH,0
132.242,0.0341,0.0340,APPROACH,0
132.276,0.0340,0.0340,APPROACH,0
132.310,0.0340,0.0340,APPROACH,0
132.345,0.0341,0.0340,APPROACH,0
132.379,0.0340,0.0340,APPROACH,0
132.413,0.0340,0.0340,APPROACH,0
132.447,0.0339,0.0340,APPROACH,0
132.481,0.0341,0.0340,APPROACH,0
132.515,0.0340,0.0340,APPROACH,0
132.549,0.0339,0.0340,APPROACH,0
132.583,0.0342,0.0340,APPROACH,0
132.617,0.0341,0.0340,APPROACH,0
132.651,0.0341,0.0340,APPROACH,0
132.685,0.0338,0.0340,APPROACH,0
132.719,0.0341,0.0340,APPROACH,0
132.753,0.0338,0.0340,APPROACH,0
132.787,0.0341,0.0340,APPROACH,0
132.821,0.0339,0.0340,APPROACH,0
132.855,0.0341,0.0340,APPROACH,0
132.889,0.0341,0.0340,APPROACH,0
132.923,0.0339,0.0340,APPROACH,0
132.957,0.0340,0.0340,APPROACH,0
132.991,0.0339,0.0340,APPROACH,0
133.025,0.0341,0.0340,APPROACH,0
133.059,0.0341,0.0340,APPROACH,0
133.093,0.0340,0.0340,APPROACH,0
133.127,0.0340,0.0340,APPROACH,0
133.161,0.0339,0.0340,APPROACH,0
133.195,0.0342,0.0340,APPROACH,0
133.229,0.0339,0.0340,APPROACH,0
133.263,0.0338,0.0340,APPROACH,0
133.297,0.0341,0.0340,APPROACH,0
133.331,0.0339,0.0340,APPROACH,0
133.365,0.0341,0.0340,APPROACH,0
133.399,0.0340,0.0340,APPROACH,0
133.433,0.0340,0.0340,APPROACH,0
133.467,0.0341,0.0340,APPROACH,0
133.501,0.0339,0.0340,APPROACH,0
133.535,0.0342,0.0340,APPROACH,0
133.569,0.0340,0.0340,APPROACH,0
133.603,0.0340,0.0340,APPROACH,0
133.637,0.0340,0.0340,APPROACH,0
133.671,0.0339,0.0340,APPROACH,0
133.705,0.0341,0.0340,APPROACH,0
133.739,0.0340,0.0340,APPROACH,0
133.773,0.0342,0.0340,APPROACH,0
133.808,0.0342,0.0340,APPROACH,0
133.842,0.0340,0.0340,APPROACH,0
133.875,0.0339,0.0340,APPROACH,0
133.909,0.0339,0.0340,APPROACH,0
133.943,0.0340,0.0340,APPROACH,0
133.977,0.0340,0.0340,APPROACH,0
134.011,0.0340,0.0340,APPROACH,0
134.045,0.0339,0.0340,APPROACH,0
134.079,0.0340,0.0340,APPROACH,0
134.113,0.0342,0.0340,APPROACH,0
134.147,0.0340,0.0340,APPROACH,0
134.181,0.0339,0.0340,APPROACH,0
134.215,0.0341,0.0340,APPROACH,0
134.249,0.0339,0.0340,APPROACH,0
134.284,0.0343,0.0340,APPROACH,0
134.317,0.0338,0.0340,APPROACH,0
134.351,0.0340,0.0340,APPROACH,0
134.386,0.0341,0.0340,APPROACH,0
134.420,0.0340,0.0340,APPROACH,0
134.454,0.0342,0.0340,APPROACH,0
134.488,0.0340,0.0340,APPROACH,0
134.522,0.0339,0.0340,APPROACH,0
134.556,0.0342,0.0340,APPROACH,0
134.590,0.0341,0.0340,APPROACH,0
134.624,0.0336,0.0340,APPROACH,0
134.658,0.0342,0.0340,APPROACH,0
134.692,0.0340,0.0340,APPROACH,0
134.726,0.0340,0.0340,APPROACH,0
134.760,0.0339,0.0340,APPROACH,0
134.794,0.0340,0.0340,APPROACH,0
134.828,0.0343,0.0340,APPROACH,0
134.862,0.0339,0.0340,APPROACH,0
134.896,0.0339,0.0340,APPROACH,0
134.930,0.0341,0.0340,APPROACH,0
134.964,0.0340,0.0340,APPROACH,0
134.998,0.0340,0.0340,APPROACH,0
135.032,0.0342,0.0340,APPROACH,0
135.066,0.0338,0.0340,APPROACH,0
135.100,0.0341,0.0340,APPROACH,0
135.134,0.0339,0.0340,APPROACH,0
135.168,0.0341,0.0340,APPROACH,0
135.202,0.0340,0.0340,APPROACH,0
135.236,0.0340,0.0340,APPROACH,0
135.270,0.0341,0.0340,APPROACH,0
135.304,0.0339,0.0340,APPROACH,0
135.338,0.0339,0.0340,APPROACH,0
135.372,0.0344,0.0340,APPROACH,0
135.406,0.0337,0.0340,APPROACH,0
135.440,0.0340,0.0340,APPROACH,0
135.474,0.0340,0.0340,APPROACH,0
135.508,0.0342,0.0340,APPROACH,0
135.542,0.0341,0.0340,APPROACH,0
135.576,0.0338,0.0340,APPROACH,0
135.610,0.0340,0.0340,APPROACH,0
135.644,0.0339,0.0340,APPROACH,0
135.678,0.0340,0.0340,APPROACH,0
135.712,0.0342,0.0340,APPROACH,0
135.746,0.0342,0.0340,APPROACH,0
135.780,0.0340,0.0340,APPROACH,0
135.814,0.0339,0.0340,APPROACH,0
135.849,0.0345,0.0340,APPROACH,0
135.882,0.0336,0.0340,APPROACH,0
135.916,0.0341,0.0340,APPROACH,0
135.950,0.0340,0.0340,APPROACH,0
135.984,0.0339,0.0340,APPROACH,0
136.018,0.0342,0.0340,APPROACH,0
136.052,0.0339,0.0340,APPROACH,0
136.086,0.0339,0.0340,APPROACH,0
136.120,0.0340,0.0340,APPROACH,0
136.154,0.0341,0.0340,APPROACH,0
136.188,0.0339,0.0340,APPROACH,0
136.222,0.0341,0.0340,APPROACH,0
136.256,0.0341,0.0340,APPROACH,0
136.290,0.0340,0.0340,APPROACH,0
136.324,0.0340,0.0340,APPROACH,0
136.358,0.0340,0.0340,APPROACH,0
136.392,0.0340,0.0340,APPROACH,0
136.426,0.0340,0.0340,APPROACH,0
136.460,0.0340,0.0340,APPROACH,0
136.494,0.0341,0.0340,APPROACH,0
136.529,0.0340,0.0340,APPROACH,0
136.562,0.0339,0.0340,APPROACH,0
136.596,0.0340,0.0340,APPROACH,0
136.631,0.0342,0.0340,APPROACH,0
136.664,0.0338,0.0340,APPROACH,0
136.699,0.0342,0.0340,APPROACH,0
136.733,0.0341,0.0340,APPROACH,0
136.767,0.0338,0.0340,APPROACH,0
136.801,0.0340,0.0340,APPROACH,0
136.835,0.0342,0.0340,APPROACH,0
136.869,0.0340,0.0340,APPROACH,0
136.903,0.0340,0.0340,APPROACH,0
136.937,0.0339,0.0340,APPROACH,0
136.971,0.0342,0.0340,APPROACH,0
137.005,0.0340,0.0340,APPROACH,0
137.039,0.0340,0.0340,APPROACH,0
137.073,0.0342,0.0340,APPROACH,0
137.107,0.0337,0.0340,APPROACH,0
137.141,0.0340,0.0340,APPROACH,0
137.175,0.0342,0.0340,APPROACH,0
137.209,0.0344,0.0340,APPROACH,0
137.243,0.0334,0.0340,APPROACH,0
137.277,0.0338,0.0340,APPROACH,0
137.311,0.0342,0.0340,APPROACH,0
137.345,0.0340,0.0340,APPROACH,0
137.379,0.0339,0.0340,APPROACH,0
137.413,0.0341,0.0340,APPROACH,0
137.447,0.0339,0.0340,APPROACH,0
137.481,0.0340,0.0340,APPROACH,0
137.515,0.0341,0.0340,APPROACH,0
137.549,0.0340,0.0340,APPROACH,0
137.583,0.0343,0.0340,APPROACH,0
137.617,0.0337,0.0340,APPROACH,0
137.651,0.0340,0.0340,APPROACH,0
137.685,0.0341,0.0340,APPROACH,0
137.719,0.0340,0.0340,APPROACH,0
137.753,0.0342,0.0340,APPROACH,0
137.787,0.0339,0.0340,APPROACH,0
137.821,0.0340,0.0340,APPROACH,0
137.855,0.0340,0.0340,APPROACH,0
137.889,0.0341,0.0340,APPROACH,0
137.923,0.0341,0.0340,APPROACH,0
137.957,0.0339,0.0340,APPROACH,0
137.991,0.0340,0.0340,APPROACH,0
138.025,0.0341,0.0340,APPROACH,0
138.060,0.0344,0.0340,APPROACH,0
138.093,0.0337,0.0340,APPROACH,0
138.127,0.0339,0.0340,APPROACH,0
138.161,0.0340,0.0340,APPROACH,0
138.195,0.0340,0.0340,APPROACH,0
138.229,0.0340,0.0340,BLIND_DASH,0
138.263,0.0338,0.0340,BLIND_DASH,0
138.297,0.0341,0.0340,BLIND_DASH,0
138.331,0.0341,0.0340,BLIND_DASH,0
138.365,0.0338,0.0340,BLIND_DASH,0
138.399,0.0342,0.0340,BLIND_DASH,0
138.433,0.0340,0.0340,BLIND_DASH,0
138.467,0.0340,0.0340,BLIND_DASH,0
138.501,0.0340,0.0340,BLIND_DASH,0
138.535,0.0339,0.0340,BLIND_DASH,0
138.569,0.0340,0.0340,BLIND_DASH,0
138.603,0.0340,0.0340,BLIND_DASH,0
138.637,0.0342,0.0340,BLIND_DASH,0
138.671,0.0339,0.0340,BLIND_DASH,0
138.706,0.0343,0.0340,BLIND_DASH,0
138.740,0.0341,0.0340,BLIND_DASH,0
138.774,0.0340,0.0340,BLIND_DASH,0
138.808,0.0341,0.0340,BLIND_DASH,0
138.842,0.0340,0.0340,BLIND_DASH,0
138.876,0.0341,0.0340,BLIND_DASH,0
138.910,0.0339,0.0340,BLIND_DASH,0
138.944,0.0339,0.0340,BLIND_DASH,0
138.978,0.0340,0.0340,BLIND_DASH,0
139.012,0.0341,0.0340,BLIND_DASH,0
139.046,0.0341,0.0340,BLIND_DASH,0
139.080,0.0339,0.0340,BLIND_DASH,0
139.114,0.0340,0.0340,BLIND_DASH,0
139.148,0.0342,0.0340,BLIND_DASH,0
139.182,0.0338,0.0340,BLIND_DASH,0
139.216,0.0340,0.0340,BLIND_DASH,0
139.250,0.0341,0.0340,BLIND_DASH,0
139.284,0.0339,0.0340,BLIND_DASH,0
139.318,0.0340,0.0340,BLIND_DASH,0
139.352,0.0341,0.0340,BLIND_DASH,0
139.386,0.0340,0.0340,BLIND_DASH,0
139.420,0.0339,0.0340,BLIND_DASH,0
139.454,0.0339,0.0340,BLIND_DASH,0
139.488,0.0340,0.0340,BLIND_DASH,0
139.522,0.0341,0.0340,BLIND_DASH,0
139.556,0.0339,0.0340,BLIND_DASH,0
139.590,0.0341,0.0340,BLIND_DASH,0
139.624,0.0339,0.0340,BLIND_DASH,0
139.658,0.0340,0.0340,BLIND_DASH,0
139.692,0.0342,0.0340,BLIND_DASH,0
139.726,0.0337,0.0340,BLIND_DASH,0
139.760,0.0342,0.0340,BLIND_DASH,0
139.794,0.0339,0.0340,BLIND_DASH,0
139.828,0.0342,0.0340,BLIND_DASH,0
139.862,0.0341,0.0340,BLIND_DASH,0
139.896,0.0339,0.0340,BLIND_DASH,0
139.930,0.0340,0.0340,BLIND_DASH,0
139.964,0.0340,0.0340,BLIND_DASH,0
139.998,0.0344,0.0340,BLIND_DASH,0
140.032,0.0339,0.0340,BLIND_DASH,0
140.066,0.0338,0.0340,BLIND_DASH,0
140.100,0.0340,0.0340,BLIND_DASH,0
140.134,0.0340,0.0340,BLIND_DASH,0
140.168,0.0340,0.0340,BLIND_DASH,0
140.202,0.0341,0.0340,BLIND_DASH,0
140.236,0.0340,0.0340,BLIND_DASH,0
140.270,0.0340,0.0340,BLIND_DASH,0
140.304,0.0339,0.0340,BLIND_DASH,0
140.338,0.0341,0.0340,PATROL,0
140.372,0.0340,0.0340,PATROL,0
140.406,0.0342,0.0340,PATROL,0
140.440,0.0339,0.0340,PATROL,0
140.474,0.0338,0.0340,PATROL,0
140.508,0.0339,0.0340,PATROL,0
140.542,0.0343,0.0340,PATROL,0
140.576,0.0337,0.0340,PATROL,0
140.610,0.0342,0.0340,PATROL,0
140.644,0.0339,0.0340,PATROL,0
140.678,0.0340,0.0340,PATROL,0
140.712,0.0339,0.0340,PATROL,0
140.746,0.0342,0.0340,PATROL,0
140.781,0.0343,0.0340,PATROL,0
140.814,0.0336,0.0340,PATROL,0
140.848,0.0342,0.0340,PATROL,0
140.882,0.0339,0.0340,PATROL,0
140.916,0.0342,0.0340,PATROL,0
140.951,0.0341,0.0340,PATROL,0
140.985,0.0339,0.0340,PATROL,0
141.019,0.0340,0.0340,PATROL,0
141.053,0.0341,0.0340,PATROL,0
141.087,0.0340,0.0340,PATROL,0
141.121,0.0341,0.0340,PATROL,0
141.155,0.0339,0.0340,PATROL,0
141.189,0.0340,0.0340,PATROL,0
141.223,0.0339,0.0340,PATROL,0
141.257,0.0340,0.0340,PATROL,0
141.291,0.0342,0.0340,PATROL,0
141.325,0.0339,0.0340,PATROL,0
141.359,0.0340,0.0340,PATROL,0
141.393,0.0339,0.0340,PATROL,0
141.427,0.0343,0.0340,PATROL,0
141.461,0.0339,0.0340,PATROL,0
141.495,0.0340,0.0340,PATROL,0
141.529,0.0340,0.0340,PATROL,0
141.563,0.0340,0.0340,PATROL,0
141.597,0.0340,0.0340,PATROL,0
141.631,0.0340,0.0340,PATROL,0
141.665,0.0341,0.0340,PATROL,0
141.699,0.0340,0.0340,PATROL,0
141.733,0.0339,0.0340,PATROL,0
141.767,0.0343,0.0340,PATROL,0
141.801,0.0340,0.0340,PATROL,0
141.835,0.0340,0.0340,PATROL,0
141.869,0.0339,0.0340,ALIGN,0
141.903,0.0341,0.0340,ALIGN,0
141.937,0.0342,0.0340,ALIGN,0
141.971,0.0338,0.0340,ALIGN,0
142.005,0.0339,0.0340,ALIGN,0
142.039,0.0341,0.0340,ALIGN,0
142.073,0.0340,0.0340,ALIGN,0
142.107,0.0341,0.0340,ALIGN,0
142.141,0.0340,0.0340,ALIGN,0
142.175,0.0340,0.0340,ALIGN,0
142.209,0.0338,0.0340,ALIGN,0
142.243,0.0341,0.0340,ALIGN,0
142.277,0.0339,0.0340,ALIGN,0
142.311,0.0341,0.0340,ALIGN,0
142.345,0.0339,0.0340,ALIGN,0
142.379,0.0343,0.0340,ALIGN,0
142.413,0.0337,0.0340,ALIGN,0
142.447,0.0342,0.0340,ALIGN,0
142.481,0.0341,0.0340,ALIGN,0
142.515,0.0340,0.0340,ALIGN,0
142.549,0.0340,0.0340,ALIGN,0
142.583,0.0340,0.0340,ALIGN,0
142.617,0.0339,0.0340,ALIGN,0
142.651,0.0342,0.0340,ALIGN,0
142.685,0.0338,0.0340,ALIGN,0
142.720,0.0344,0.0340,ALIGN,0
142.753,0.0338,0.0340,ALIGN,0
142.787,0.0338,0.0340,ALIGN,0
142.821,0.0340,0.0340,ALIGN,0
142.855,0.0340,0.0340,ALIGN,0
142.890,0.0344,0.0340,ALIGN,0
142.924,0.0341,0.0340,ALIGN,0
142.957,0.0336,0.0340,ALIGN,0
142.991,0.0340,0.0340,ALIGN,0
143.026,0.0342,0.0340,ALIGN,0
143.060,0.0340,0.0340,ALIGN,0
143.093,0.0338,0.0340,ALIGN,0
143.128,0.0341,0.0340,APPROACH,0
143.162,0.0341,0.0340,APPROACH,0
143.196,0.0340,0.0340,APPROACH,0
143.230,0.0340,0.0340,APPROACH,0
143.264,0.0340,0.0340,APPROACH,0
143.298,0.0340,0.0340,APPROACH,0
143.332,0.0340,0.0340,APPROACH,0
143.366,0.0339,0.0340,APPROACH,0
143.400,0.0339,0.0340,APPROACH,0
143.434,0.0342,0.0340,APPROACH,0
143.468,0.0340,0.0340,APPROACH,0
143.502,0.0342,0.0340,APPROACH,0
143.536,0.0337,0.0340,APPROACH,0
143.570,0.0340,0.0340,APPROACH,0
143.604,0.0340,0.0340,APPROACH,0
143.638,0.0342,0.0340,APPROACH,0
143.672,0.0339,0.0340,APPROACH,0
143.706,0.0340,0.0340,APPROACH,0
143.740,0.0341,0.0340,APPROACH,0
143.774,0.0338,0.0340,APPROACH,0
143.808,0.0341,0.0340,APPROACH,0
143.842,0.0341,0.0340,APPROACH,0
143.876,0.0341,0.0340,APPROACH,0
143.910,0.0340,0.0340,APPROACH,0
143.944,0.0339,0.0340,APPROACH,0
143.978,0.0341,0.0340,APPROACH,0
144.012,0.0340,0.0340,APPROACH,0
144.046,0.0340,0.0340,APPROACH,0
144.080,0.0339,0.0340,APPROACH,0
144.114,0.0340,0.0340,APPROACH,0
144.148,0.0344,0.0340,APPROACH,0
144.182,0.0337,0.0340,APPROACH,0
144.216,0.0341,0.0340,APPROACH,0
144.250,0.0340,0.0340,APPROACH,0
144.284,0.0342,0.0340,APPROACH,0
144.318,0.0340,0.0340,APPROACH,0
144.352,0.0339,0.0340,APPROACH,0
144.386,0.0341,0.0340,APPROACH,0
144.420,0.0339,0.0340,APPROACH,0
144.454,0.0340,0.0340,APPROACH,0
144.488,0.0342,0.0340,APPROACH,0
144.522,0.0340,0.0340,APPROACH,0
144.556,0.0340,0.0340,APPROACH,0
144.590,0.0339,0.0340,APPROACH,0
144.624,0.0339,0.0340,APPROACH,0
144.658,0.0342,0.0340,APPROACH,0
144.692,0.0339,0.0340,APPROACH,0
144.726,0.0341,0.0340,APPROACH,0
144.760,0.0339,0.0340,APPROACH,0
144.794,0.0340,0.0340,APPROACH,0
144.828,0.0340,0.0340,APPROACH,0
144.862,0.0342,0.0340,APPROACH,0
144.896,0.0341,0.0340,APPROACH,0
144.930,0.0340,0.0340,APPROACH,0
144.964,0.0339,0.0340,APPROACH,0
144.998,0.0340,0.0340,APPROACH,0
145.033,0.0343,0.0340,APPROACH,0
145.066,0.0337,0.0340,APPROACH,0
145.100,0.0342,0.0340,APPROACH,0
145.134,0.0339,0.0340,APPROACH,0
145.169,0.0343,0.0340,APPROACH,0
145.203,0.0338,0.0340,APPROACH,0
145.237,0.0342,0.0340,APPROACH,0
145.270,0.0337,0.0340,APPROACH,0
145.305,0.0341,0.0340,APPROACH,0
145.339,0.0345,0.0340,APPROACH,0
145.373,0.0336,0.0340,APPROACH,0
145.407,0.0340,0.0340,APPROACH,0
145.441,0.0341,0.0340,APPROACH,0
145.475,0.0340,0.0340,APPROACH,0
145.509,0.0342,0.0340,APPROACH,0
145.543,0.0337,0.0340,APPROACH,0
145.577,0.0342,0.0340,APPROACH,0
145.611,0.0340,0.0340,APPROACH,0
145.645,0.0338,0.0340,APPROACH,0
145.679,0.0342,0.0340,APPROACH,0
145.713,0.0338,0.0340,APPROACH,0
145.747,0.0341,0.0340,APPROACH,0
145.781,0.0340,0.0340,APPROACH,0
145.815,0.0341,0.0340,APPROACH,0
145.849,0.0342,0.0340,APPROACH,0
145.883,0.0340,0.0340,APPROACH,0
145.917,0.0340,0.0340,APPROACH,0
145.951,0.0341,0.0340,APPROACH,0
145.985,0.0337,0.0340,APPROACH,0
146.019,0.0343,0.0340,APPROACH,0
146.053,0.0339,0.0340,APPROACH,0
146.087,0.0340,0.0340,APPROACH,0
146.121,0.0343,0.0340,APPROACH,0
146.155,0.0338,0.0340,APPROACH,0
146.189,0.0340,0.0340,APPROACH,0
146.223,0.0339,0.0340,APPROACH,0
146.257,0.0341,0.0340,APPROACH,0
146.291,0.0342,0.0340,APPROACH,0
146.325,0.0340,0.0340,APPROACH,0
146.359,0.0340,0.0340,APPROACH,0
146.394,0.0345,0.0340,APPROACH,0
146.428,0.0340,0.0340,APPROACH,0
146.461,0.0337,0.0340,APPROACH,0
146.495,0.0339,0.0340,APPROACH,0
146.529,0.0339,0.0340,APPROACH,0
146.563,0.0340,0.0340,APPROACH,0
146.597,0.0341,0.0340,APPROACH,0
146.631,0.0341,0.0340,APPROACH,0
146.665,0.0340,0.0340,APPROACH,0
146.699,0.0341,0.0340,APPROACH,0
146.733,0.0340,0.0340,APPROACH,0
146.767,0.0338,0.0340,APPROACH,0
146.801,0.0340,0.0340,APPROACH,0
146.835,0.0340,0.0340,APPROACH,0
146.869,0.0341,0.0340,APPROACH,0
146.904,0.0344,0.0340,APPROACH,0
146.937,0.0337,0.0340,APPROACH,0
146.972,0.0341,0.0340,APPROACH,0
147.005,0.0338,0.0340,APPROACH,0
147.040,0.0341,0.0340,APPROACH,0
147.073,0.0340,0.0340,APPROACH,0
147.107,0.0339,0.0340,APPROACH,0
147.142,0.0341,0.0340,APPROACH,0
147.176,0.0343,0.0340,APPROACH,0
147.209,0.0336,0.0340,APPROACH,0
147.244,0.0341,0.0340,APPROACH,0
147.278,0.0340,0.0340,APPROACH,0
147.312,0.0340,0.0340,APPROACH,0
147.345,0.0339,0.0340,APPROACH,0
147.380,0.0341,0.0340,APPROACH,0
147.414,0.0341,0.0340,APPROACH,0
147.448,0.0339,0.0340,APPROACH,0
147.482,0.0341,0.0340,APPROACH,0
147.516,0.0340,0.0340,APPROACH,0
147.550,0.0339,0.0340,APPROACH,0
147.584,0.0342,0.0340,APPROACH,0
147.618,0.0340,0.0340,APPROACH,0
147.652,0.0340,0.0340,APPROACH,0
147.686,0.0339,0.0340,APPROACH,0
147.720,0.0341,0.0340,APPROACH,0
147.754,0.0342,0.0340,APPROACH,0
147.788,0.0340,0.0340,APPROACH,0
147.822,0.0340,0.0340,APPROACH,0
147.856,0.0340,0.0340,APPROACH,0
147.890,0.0339,0.0340,APPROACH,0
147.924,0.0341,0.0340,APPROACH,0
147.958,0.0341,0.0340,APPROACH,0
147.992,0.0341,0.0340,APPROACH,0
148.026,0.0340,0.0340,APPROACH,0
148.060,0.0339,0.0340,APPROACH,0
148.094,0.0340,0.0340,APPROACH,0
148.128,0.0343,0.0340,APPROACH,0
148.162,0.0339,0.0340,APPROACH,0
148.196,0.0338,0.0340,APPROACH,0
148.230,0.0341,0.0340,APPROACH,0
148.264,0.0339,0.0340,APPROACH,0
148.298,0.0340,0.0340,APPROACH,0
148.332,0.0342,0.0340,APPROACH,0
148.366,0.0338,0.0340,APPROACH,0
148.400,0.0340,0.0340,APPROACH,0
148.434,0.0341,0.0340,APPROACH,0
148.468,0.0341,0.0340,APPROACH,0
148.502,0.0340,0.0340,APPROACH,0
148.536,0.0339,0.0340,APPROACH,0
148.570,0.0341,0.0340,APPROACH,0
148.604,0.0343,0.0340,APPROACH,0
148.638,0.0338,0.0340,APPROACH,0
148.672,0.0340,0.0340,APPROACH,0
148.706,0.0340,0.0340,APPROACH,0
148.740,0.0342,0.0340,APPROACH,0
148.774,0.0338,0.0340,APPROACH,0
148.808,0.0341,0.0340,APPROACH,0
148.842,0.0341,0.0340,APPROACH,0
148.876,0.0339,0.0340,APPROACH,0
148.910,0.0341,0.0340,APPROACH,0
148.945,0.0343,0.0340,APPROACH,0
148.978,0.0338,0.0340,APPROACH,0
149.012,0.0341,0.0340,APPROACH,0
149.046,0.0340,0.0340,APPROACH,0
149.080,0.0340,0.0340,APPROACH,0
149.114,0.0339,0.0340,APPROACH,0
149.148,0.0340,0.0340,APPROACH,0
149.182,0.0340,0.0340,APPROACH,0
149.216,0.0342,0.0340,APPROACH,0
149.250,0.0340,0.0340,APPROACH,0
149.284,0.0340,0.0340,APPROACH,0
149.319,0.0341,0.0340,APPROACH,0
149.353,0.0339,0.0340,APPROACH,0
149.387,0.0342,0.0340,APPROACH,0
149.421,0.0339,0.0340,APPROACH,0
149.455,0.0339,0.0340,APPROACH,0
149.489,0.0340,0.0340,APPROACH,0
149.522,0.0338,0.0340,APPROACH,0
149.556,0.0340,0.0340,APPROACH,0
149.591,0.0341,0.0340,APPROACH,0
149.625,0.0342,0.0340,APPROACH,0
149.659,0.0339,0.0340,APPROACH,0
149.693,0.0340,0.0340,APPROACH,0
149.727,0.0341,0.0340,APPROACH,0
149.761,0.0340,0.0340,APPROACH,0
149.795,0.0339,0.0340,APPROACH,0
149.829,0.0342,0.0340,APPROACH,0
149.863,0.0338,0.0340,APPROACH,0
149.897,0.0340,0.0340,APPROACH,0
149.931,0.0343,0.0340,APPROACH,0
149.965,0.0338,0.0340,APPROACH,0
149.999,0.0340,0.0340,APPROACH,0
150.033,0.0340,0.0340,APPROACH,0
150.067,0.0341,0.0340,APPROACH,0
150.101,0.0339,0.0340,APPROACH,0
150.135,0.0340,0.0340,APPROACH,0
150.169,0.0341,0.0340,APPROACH,0
150.203,0.0340,0.0340,APPROACH,0
150.237,0.0338,0.0340,APPROACH,0
150.271,0.0341,0.0340,APPROACH,0
150.305,0.0341,0.0340,APPROACH,0
150.339,0.0338,0.0340,APPROACH,0
150.373,0.0340,0.0340,APPROACH,0
150.407,0.0341,0.0340,APPROACH,0
150.441,0.0339,0.0340,APPROACH,0
150.475,0.0342,0.0340,APPROACH,0
150.509,0.0342,0.0340,APPROACH,0
150.543,0.0337,0.0340,APPROACH,0
150.577,0.0339,0.0340,APPROACH,0
150.611,0.0341,0.0340,APPROACH,0
150.645,0.0342,0.0340,APPROACH,0
150.679,0.0338,0.0340,APPROACH,0
150.713,0.0340,0.0340,APPROACH,0
150.747,0.0341,0.0340,APPROACH,0
150.781,0.0340,0.0340,APPROACH,0
150.815,0.0339,0.0340,APPROACH,0
150.849,0.0342,0.0340,APPROACH,0
150.883,0.0340,0.0340,APPROACH,0
150.917,0.0339,0.0340,APPROACH,0
150.951,0.0343,0.0340,APPROACH,0
150.985,0.0338,0.0340,APPROACH,0
151.019,0.0342,0.0340,APPROACH,0
151.053,0.0340,0.0340,APPROACH,0
151.087,0.0339,0.0340,APPROACH,0
151.121,0.0342,0.0340,APPROACH,0
151.155,0.0339,0.0340,APPROACH,0
151.189,0.0342,0.0340,APPROACH,0
151.223,0.0341,0.0340,APPROACH,0
151.257,0.0338,0.0340,APPROACH,0
151.291,0.0341,0.0340,APPROACH,0
151.325,0.0339,0.0340,APPROACH,0
151.359,0.0341,0.0340,APPROACH,0
151.393,0.0339,0.0340,APPROACH,0
151.427,0.0340,0.0340,APPROACH,0
151.461,0.0341,0.0340,APPROACH,0
151.495,0.0340,0.0340,APPROACH,0
151.530,0.0342,0.0340,APPROACH,0
151.564,0.0339,0.0340,APPROACH,0
151.597,0.0340,0.0340,APPROACH,0
151.631,0.0338,0.0340,APPROACH,0
151.665,0.0342,0.0340,APPROACH,0
151.700,0.0341,0.0340,APPROACH,0
151.734,0.0340,0.0340,APPROACH,0
151.768,0.0340,0.0340,APPROACH,0
151.801,0.0339,0.0340,APPROACH,0
151.835,0.0340,0.0340,APPROACH,0
151.870,0.0341,0.0340,APPROACH,0
151.903,0.0339,0.0340,APPROACH,0
151.937,0.0340,0.0340,APPROACH,0
151.972,0.0341,0.0340,APPROACH,0
152.005,0.0338,0.0340,APPROACH,0
152.040,0.0342,0.0340,APPROACH,0
152.074,0.0340,0.0340,APPROACH,0
152.108,0.0341,0.0340,APPROACH,0
152.142,0.0338,0.0340,APPROACH,0
152.176,0.0342,0.0340,APPROACH,0
152.210,0.0340,0.0340,APPROACH,0
152.244,0.0341,0.0340,APPROACH,0
152.278,0.0339,0.0340,APPROACH,0
152.312,0.0340,0.0340,APPROACH,0
152.346,0.0340,0.0340,APPROACH,0
152.380,0.0340,0.0340,APPROACH,0
152.414,0.0340,0.0340,APPROACH,0
152.448,0.0340,0.0340,APPROACH,0
152.482,0.0340,0.0340,APPROACH,0
152.516,0.0339,0.0340,APPROACH,0
152.550,0.0341,0.0340,APPROACH,0
152.584,0.0340,0.0340,APPROACH,0
152.618,0.0339,0.0340,APPROACH,0
152.652,0.0346,0.0340,APPROACH,0
152.686,0.0335,0.0340,APPROACH,0
152.720,0.0339,0.0340,APPROACH,0
152.754,0.0342,0.0340,APPROACH,0
152.788,0.0340,0.0340,APPROACH,0
152.822,0.0341,0.0340,APPROACH,0
152.856,0.0338,0.0340,APPROACH,0
152.890,0.0345,0.0340,APPROACH,0
152.924,0.0337,0.0340,APPROACH,0
152.958,0.0339,0.0340,APPROACH,0
152.992,0.0341,0.0340,APPROACH,0
153.026,0.0340,0.0340,APPROACH,0
153.060,0.0342,0.0340,APPROACH,0
153.094,0.0338,0.0340,APPROACH,0
153.128,0.0342,0.0340,APPROACH,0
153.162,0.0340,0.0340,APPROACH,0
153.196,0.0340,0.0340,APPROACH,0
153.230,0.0341,0.0340,APPROACH,0
153.264,0.0339,0.0340,APPROACH,0
153.298,0.0340,0.0340,APPROACH,0
153.332,0.0340,0.0340,APPROACH,0
153.366,0.0340,0.0340,APPROACH,0
153.400,0.0340,0.0340,APPROACH,0
153.434,0.0340,0.0340,APPROACH,0
153.468,0.0340,0.0340,APPROACH,0
153.502,0.0339,0.0340,APPROACH,0
153.536,0.0339,0.0340,APPROACH,0
153.570,0.0342,0.0340,APPROACH,0
153.604,0.0339,0.0340,APPROACH,0
153.638,0.0340,0.0340,APPROACH,0
153.672,0.0340,0.0340,APPROACH,0
153.706,0.0340,0.0340,APPROACH,0
153.740,0.0339,0.0340,APPROACH,0
153.774,0.0341,0.0340,APPROACH,0
153.808,0.0341,0.0340,APPROACH,0
153.842,0.0341,0.0340,APPROACH,0
153.876,0.0341,0.0340,APPROACH,0
153.911,0.0340,0.0340,APPROACH,0
153.945,0.0340,0.0340,APPROACH,0
153.979,0.0340,0.0340,APPROACH,0
154.012,0.0339,0.0340,APPROACH,0
154.047,0.0341,0.0340,APPROACH,0
154.080,0.0339,0.0340,APPROACH,0
154.115,0.0342,0.0340,APPROACH,0
154.148,0.0338,0.0340,APPROACH,0
154.183,0.0342,0.0340,APPROACH,0
154.216,0.0339,0.0340,APPROACH,0
154.251,0.0341,0.0340,APPROACH,0
154.285,0.0342,0.0340,APPROACH,0
154.319,0.0338,0.0340,APPROACH,0
154.353,0.0340,0.0340,APPROACH,0
154.387,0.0340,0.0340,APPROACH,0
154.421,0.0339,0.0340,BLIND_DASH,0
154.455,0.0340,0.0340,BLIND_DASH,0
154.489,0.0339,0.0340,BLIND_DASH,0
154.523,0.0343,0.0340,BLIND_DASH,0
154.557,0.0339,0.0340,BLIND_DASH,0
154.591,0.0340,0.0340,BLIND_DASH,0
154.625,0.0341,0.0340,BLIND_DASH,0
154.659,0.0339,0.0340,BLIND_DASH,0
154.693,0.0340,0.0340,BLIND_DASH,0
154.727,0.0340,0.0340,BLIND_DASH,0
154.761,0.0340,0.0340,BLIND_DASH,0
154.795,0.0343,0.0340,BLIND_DASH,0
154.829,0.0338,0.0340,BLIND_DASH,0
154.863,0.0340,0.0340,BLIND_DASH,0
154.897,0.0340,0.0340,BLIND_DASH,0
154.931,0.0343,0.0340,BLIND_DASH,0
154.965,0.0338,0.0340,BLIND_DASH,0
154.999,0.0340,0.0340,BLIND_DASH,0
155.033,0.0343,0.0340,BLIND_DASH,0
155.067,0.0339,0.0340,BLIND_DASH,0
155.101,0.0338,0.0340,BLIND_DASH,0
155.135,0.0341,0.0340,BLIND_DASH,0
155.169,0.0339,0.0340,BLIND_DASH,0
155.203,0.0340,0.0340,BLIND_DASH,0
155.237,0.0340,0.0340,BLIND_DASH,0
155.271,0.0341,0.0340,BLIND_DASH,0
155.305,0.0340,0.0340,BLIND_DASH,0
155.339,0.0342,0.0340,BLIND_DASH,0
155.373,0.0339,0.0340,BLIND_DASH,0
155.407,0.0340,0.0340,BLIND_DASH,0
155.441,0.0340,0.0340,BLIND_DASH,0
155.475,0.0343,0.0340,BLIND_DASH,0
155.509,0.0338,0.0340,BLIND_DASH,0
155.543,0.0339,0.0340,BLIND_DASH,0
155.577,0.0340,0.0340,BLIND_DASH,0
155.611,0.0341,0.0340,BLIND_DASH,0
155.645,0.0340,0.0340,BLIND_DASH,0
155.679,0.0342,0.0340,BLIND_DASH,0
155.714,0.0341,0.0340,BLIND_DASH,0
155.747,0.0337,0.0340,BLIND_DASH,0
155.781,0.0340,0.0340,BLIND_DASH,0
155.815,0.0341,0.0340,BLIND_DASH,0
155.849,0.0340,0.0340,BLIND_DASH,0
155.883,0.0339,0.0340,BLIND_DASH,0
155.917,0.0339,0.0340,BLIND_DASH,0
155.951,0.0342,0.0340,BLIND_DASH,0
155.985,0.0340,0.0340,BLIND_DASH,0
156.019,0.0341,0.0340,BLIND_DASH,0
156.054,0.0341,0.0340,BLIND_DASH,0
156.087,0.0338,0.0340,BLIND_DASH,0
156.121,0.0340,0.0340,BLIND_DASH,0
156.155,0.0340,0.0340,BLIND_DASH,0
156.189,0.0340,0.0340,BLIND_DASH,0
156.223,0.0340,0.0340,BLIND_DASH,0
156.257,0.0340,0.0340,BLIND_DASH,0
156.292,0.0342,0.0340,BLIND_DASH,0
156.326,0.0340,0.0340,BLIND_DASH,0
156.360,0.0339,0.0340,BLIND_DASH,0
156.394,0.0340,0.0340,BLIND_DASH,0
156.428,0.0343,0.0340,BLIND_DASH,0
156.462,0.0338,0.0340,BLIND_DASH,0
156.496,0.0340,0.0340,BLIND_DASH,0
156.530,0.0344,0.0340,PATROL,0
156.564,0.0336,0.0340,PATROL,0
156.598,0.0341,0.0340,PATROL,0
156.632,0.0340,0.0340,PATROL,0
156.666,0.0339,0.0340,PATROL,0
156.700,0.0341,0.0340,PATROL,0
156.734,0.0339,0.0340,PATROL,0
156.768,0.0342,0.0340,PATROL,0
156.802,0.0338,0.0340,PATROL,0
156.836,0.0341,0.0340,PATROL,0
156.870,0.0341,0.0340,PATROL,0
156.904,0.0341,0.0340,PATROL,0
156.938,0.0339,0.0340,PATROL,0
156.972,0.0340,0.0340,PATROL,0
157.006,0.0339,0.0340,PATROL,0
157.040,0.0341,0.0340,PATROL,0
157.074,0.0342,0.0340,PATROL,0
157.108,0.0339,0.0340,PATROL,0
157.142,0.0339,0.0340,PATROL,0
157.176,0.0340,0.0340,PATROL,0
157.210,0.0340,0.0340,PATROL,0
157.244,0.0342,0.0340,PATROL,0
157.278,0.0341,0.0340,PATROL,0
157.312,0.0337,0.0340,PATROL,0
157.346,0.0343,0.0340,PATROL,0
157.380,0.0340,0.0340,PATROL,0
157.414,0.0338,0.0340,PATROL,0
157.448,0.0343,0.0340,PATROL,0
157.482,0.0339,0.0340,PATROL,0
157.516,0.0338,0.0340,PATROL,0
157.550,0.0340,0.0340,PATROL,0
157.584,0.0342,0.0340,PATROL,0
157.618,0.0340,0.0340,PATROL,0
157.652,0.0342,0.0340,PATROL,0
157.686,0.0338,0.0340,PATROL,0
157.720,0.0342,0.0340,PATROL,0
157.754,0.0341,0.0340,PATROL,0
157.788,0.0338,0.0340,PATROL,0
157.822,0.0340,0.0340,PATROL,0
157.856,0.0341,0.0340,PATROL,0
157.890,0.0340,0.0340,PATROL,0
157.924,0.0340,0.0340,PATROL,0
157.958,0.0340,0.0340,PATROL,0
157.992,0.0340,0.0340,PATROL,0
158.026,0.0341,0.0340,PATROL,0
158.060,0.0340,0.0340,PATROL,0
158.094,0.0342,0.0340,PATROL,0
158.128,0.0340,0.0340,PATROL,0
158.163,0.0341,0.0340,PATROL,0
158.196,0.0337,0.0340,PATROL,0
158.231,0.0343,0.0340,PATROL,0
158.264,0.0338,0.0340,PATROL,0
158.299,0.0344,0.0340,PATROL,0
158.333,0.0339,0.0340,PATROL,0
158.367,0.0339,0.0340,PATROL,0
158.401,0.0340,0.0340,PATROL,0
158.435,0.0339,0.0340,PATROL,0
158.469,0.0341,0.0340,PATROL,0
158.503,0.0340,0.0340,PATROL,0
158.537,0.0340,0.0340,PATROL,0
158.570,0.0339,0.0340,PATROL,0
158.605,0.0342,0.0340,PATROL,0
158.638,0.0339,0.0340,PATROL,0
158.672,0.0340,0.0340,PATROL,0
158.707,0.0341,0.0340,PATROL,0
158.741,0.0340,0.0340,PATROL,0
158.775,0.0343,0.0340,PATROL,0
158.809,0.0342,0.0340,PATROL,0
158.843,0.0337,0.0340,PATROL,0
158.877,0.0340,0.0340,PATROL,0
158.911,0.0340,0.0340,PATROL,0
158.945,0.0340,0.0340,PATROL,0
158.979,0.0340,0.0340,PATROL,0
159.013,0.0340,0.0340,PATROL,0
159.047,0.0343,0.0340,PATROL,0
159.081,0.0338,0.0340,PATROL,0
159.115,0.0341,0.0340,PATROL,0
159.149,0.0343,0.0340,PATROL,0
159.183,0.0335,0.0340,PATROL,0
159.217,0.0339,0.0340,PATROL,0
159.251,0.0341,0.0340,PATROL,0
159.285,0.0341,0.0340,PATROL,0
159.319,0.0338,0.0340,PATROL,0
159.353,0.0341,0.0340,PATROL,0
159.387,0.0344,0.0340,PATROL,0
159.421,0.0337,0.0340,PATROL,0
159.455,0.0339,0.0340,PATROL,0
159.489,0.0341,0.0340,PATROL,0
159.523,0.0340,0.0340,PATROL,0
159.557,0.0339,0.0340,PATROL,0
159.591,0.0339,0.0340,PATROL,0
159.625,0.0342,0.0340,PATROL,0
159.659,0.0343,0.0340,PATROL,0
159.693,0.0336,0.0340,PATROL,0
159.727,0.0340,0.0340,PATROL,0
159.761,0.0346,0.0340,PATROL,0
159.795,0.0335,0.0340,PATROL,0
159.829,0.0341,0.0340,PATROL,0
159.863,0.0341,0.0340,PATROL,0
159.897,0.0340,0.0340,PATROL,0
159.931,0.0340,0.0340,PATROL,0
159.965,0.0339,0.0340,PATROL,0
159.999,0.0341,0.0340,PATROL,0
160.033,0.0342,0.0340,PATROL,0
160.067,0.0336,0.0340,PATROL,0
160.101,0.0340,0.0340,PATROL,0
160.135,0.0340,0.0340,PATROL,0
160.169,0.0341,0.0340,PATROL,0
160.204,0.0342,0.0340,PATROL,0
160.237,0.0338,0.0340,PATROL,0
160.271,0.0338,0.0340,PATROL,0
160.305,0.0340,0.0340,PATROL,0
160.339,0.0341,0.0340,PATROL,0
160.373,0.0339,0.0340,PATROL,0
160.407,0.0341,0.0340,PATROL,0
160.441,0.0340,0.0340,PATROL,0
160.475,0.0341,0.0340,PATROL,0
160.509,0.0340,0.0340,PATROL,0
160.543,0.0339,0.0340,PATROL,0
160.577,0.0340,0.0340,PATROL,0
160.611,0.0339,0.0340,PATROL,0
160.645,0.0342,0.0340,PATROL,0
160.679,0.0338,0.0340,PATROL,0
160.713,0.0341,0.0340,PATROL,0
160.747,0.0341,0.0340,PATROL,0
160.781,0.0339,0.0340,PATROL,0
160.815,0.0340,0.0340,PATROL,0
160.849,0.0341,0.0340,PATROL,0
160.884,0.0341,0.0340,PATROL,0
160.918,0.0340,0.0340,PATROL,0
160.952,0.0342,0.0340,PATROL,0
160.985,0.0338,0.0340,PATROL,0
161.020,0.0342,0.0340,PATROL,0
161.054,0.0339,0.0340,PATROL,0
161.088,0.0340,0.0340,PATROL,0
161.122,0.0340,0.0340,PATROL,0
161.156,0.0343,0.0340,PATROL,0
161.190,0.0338,0.0340,PATROL,0
161.224,0.0341,0.0340,PATROL,0
161.258,0.0341,0.0340,PATROL,0
161.292,0.0340,0.0340,PATROL,0
161.326,0.0338,0.0340,PATROL,0
161.360,0.0340,0.0340,PATROL,0
161.394,0.0340,0.0340,PATROL,0
161.428,0.0341,0.0340,PATROL,0
161.462,0.0339,0.0340,PATROL,0
161.496,0.0342,0.0340,PATROL,0
161.530,0.0340,0.0340,PATROL,0
161.564,0.0343,0.0340,PATROL,0
161.598,0.0340,0.0340,PATROL,0
161.632,0.0338,0.0340,PATROL,0
161.666,0.0342,0.0340,PATROL,0
161.700,0.0338,0.0340,PATROL,0
161.734,0.0341,0.0340,PATROL,0
161.768,0.0339,0.0340,PATROL,0
161.802,0.0340,0.0340,PATROL,0
161.836,0.0343,0.0340,PATROL,0
161.870,0.0338,0.0340,PATROL,0
161.904,0.0341,0.0340,PATROL,0
161.938,0.0339,0.0340,PATROL,0
161.972,0.0340,0.0340,PATROL,0
162.006,0.0340,0.0340,PATROL,0
162.040,0.0341,0.0340,PATROL,0
162.074,0.0340,0.0340,PATROL,0
162.108,0.0340,0.0340,PATROL,0
162.142,0.0342,0.0340,PATROL,0
162.176,0.0339,0.0340,PATROL,0
162.210,0.0341,0.0340,PATROL,0
162.244,0.0340,0.0340,PATROL,0
162.278,0.0342,0.0340,PATROL,0
162.312,0.0338,0.0340,PATROL,0
162.346,0.0340,0.0340,PATROL,0
162.380,0.0340,0.0340,PATROL,0
162.414,0.0340,0.0340,PATROL,0
162.448,0.0340,0.0340,PATROL,0
162.483,0.0344,0.0340,PATROL,0
162.516,0.0337,0.0340,PATROL,0
162.550,0.0339,0.0340,PATROL,0
162.584,0.0340,0.0340,PATROL,0
162.618,0.0342,0.0340,PATROL,0
162.652,0.0338,0.0340,PATROL,0
162.686,0.0341,0.0340,PATROL,0
162.721,0.0342,0.0340,PATROL,0
162.755,0.0340,0.0340,PATROL,0
162.788,0.0338,0.0340,PATROL,0
162.822,0.0340,0.0340,PATROL,0
162.857,0.0343,0.0340,PATROL,0
162.891,0.0339,0.0340,PATROL,0
162.925,0.0340,0.0340,PATROL,0
162.958,0.0339,0.0340,PATROL,0
162.993,0.0342,0.0340,PATROL,0
163.027,0.0339,0.0340,PATROL,0
163.061,0.0340,0.0340,PATROL,0
163.095,0.0341,0.0340,PATROL,0
163.129,0.0341,0.0340,PATROL,0
163.163,0.0337,0.0340,PATROL,0
163.197,0.0341,0.0340,PATROL,0
163.231,0.0339,0.0340,PATROL,0
163.265,0.0345,0.0340,PATROL,0
163.299,0.0336,0.0340,PATROL,0
163.333,0.0341,0.0340,PATROL,0
163.367,0.0338,0.0340,PATROL,0
163.401,0.0343,0.0340,PATROL,0
163.435,0.0338,0.0340,PATROL,0
163.469,0.0342,0.0340,PATROL,0
163.503,0.0339,0.0340,PATROL,0
163.537,0.0340,0.0340,PATROL,0
163.571,0.0343,0.0340,PATROL,0
163.605,0.0337,0.0340,PATROL,0
163.639,0.0340,0.0340,PATROL,0
163.673,0.0340,0.0340,PATROL,0
163.707,0.0342,0.0340,PATROL,0
163.741,0.0339,0.0340,PATROL,0
163.775,0.0340,0.0340,PATROL,0
163.809,0.0342,0.0340,PATROL,0
163.843,0.0337,0.0340,PATROL,0
163.877,0.0341,0.0340,PATROL,0
163.911,0.0340,0.0340,PATROL,0
163.945,0.0341,0.0340,PATROL,0
163.979,0.0338,0.0340,PATROL,0
164.013,0.0340,0.0340,PATROL,0
164.047,0.0342,0.0340,PATROL,0
164.081,0.0340,0.0340,PATROL,0
164.115,0.0338,0.0340,PATROL,0
164.149,0.0341,0.0340,PATROL,0
164.183,0.0341,0.0340,PATROL,0
164.217,0.0338,0.0340,PATROL,0
164.251,0.0343,0.0340,PATROL,0
164.285,0.0338,0.0340,PATROL,0
164.319,0.0340,0.0340,PATROL,0
164.353,0.0341,0.0340,PATROL,0
164.387,0.0340,0.0340,PATROL,0
164.421,0.0340,0.0340,PATROL,0
164.455,0.0339,0.0340,PATROL,0
164.489,0.0340,0.0340,PATROL,0
164.523,0.0341,0.0340,PATROL,0
164.557,0.0338,0.0340,PATROL,0
164.591,0.0340,0.0340,PATROL,0
164.626,0.0346,0.0340,PATROL,0
164.659,0.0338,0.0340,PATROL,0
164.693,0.0338,0.0340,PATROL,0
164.727,0.0341,0.0340,PATROL,0
164.762,0.0342,0.0340,PATROL,0
164.795,0.0339,0.0340,PATROL,0
164.829,0.0340,0.0340,PATROL,0
164.863,0.0339,0.0340,PATROL,0
164.897,0.0340,0.0340,PATROL,0
164.931,0.0341,0.0340,PATROL,0
164.966,0.0341,0.0340,PATROL,0
165.000,0.0340,0.0340,PATROL,0
165.034,0.0343,0.0340,PATROL,0
165.068,0.0339,0.0340,PATROL,0
165.102,0.0338,0.0340,PATROL,0
165.136,0.0340,0.0340,PATROL,0
165.170,0.0341,0.0340,PATROL,0
165.203,0.0338,0.0340,PATROL,0
165.237,0.0340,0.0340,PATROL,0
165.271,0.0340,0.0340,PATROL,0
165.306,0.0342,0.0340,PATROL,0
165.340,0.0342,0.0340,PATROL,0
165.374,0.0336,0.0340,PATROL,0
165.408,0.0341,0.0340,PATROL,0
165.442,0.0340,0.0340,PATROL,0
165.476,0.0339,0.0340,PATROL,0
165.510,0.0343,0.0340,PATROL,0
165.544,0.0339,0.0340,PATROL,0
165.578,0.0338,0.0340,PATROL,0
165.612,0.0341,0.0340,PATROL,0
165.646,0.0339,0.0340,PATROL,0
165.680,0.0339,0.0340,PATROL,0
165.714,0.0341,0.0340,PATROL,0
165.748,0.0339,0.0340,PATROL,0
165.782,0.0340,0.0340,PATROL,0
165.816,0.0342,0.0340,PATROL,0
165.850,0.0339,0.0340,PATROL,0
165.884,0.0341,0.0340,PATROL,0
165.918,0.0340,0.0340,PATROL,0
165.952,0.0341,0.0340,PATROL,0
165.986,0.0338,0.0340,PATROL,0
166.020,0.0340,0.0340,PATROL,0
166.054,0.0339,0.0340,PATROL,0
166.088,0.0341,0.0340,PATROL,0
166.122,0.0342,0.0340,PATROL,0
166.156,0.0341,0.0340,PATROL,0
166.190,0.0340,0.0340,PATROL,0
166.224,0.0342,0.0340,PATROL,0
166.258,0.0337,0.0340,PATROL,0
166.292,0.0342,0.0340,PATROL,0
166.326,0.0340,0.0340,PATROL,0
166.360,0.0339,0.0340,PATROL,0
166.394,0.0340,0.0340,PATROL,0
166.428,0.0342,0.0340,PATROL,0
166.462,0.0340,0.0340,PATROL,0
166.496,0.0340,0.0340,PATROL,0
166.530,0.0342,0.0340,PATROL,0
166.564,0.0339,0.0340,PATROL,0
166.598,0.0339,0.0340,PATROL,0
166.632,0.0341,0.0340,PATROL,0
166.666,0.0340,0.0340,PATROL,0
166.700,0.0342,0.0340,PATROL,0
166.734,0.0338,0.0340,PATROL,0
166.768,0.0339,0.0340,PATROL,0
166.802,0.0341,0.0340,PATROL,0
166.836,0.0340,0.0340,PATROL,0
166.870,0.0342,0.0340,PATROL,0
166.904,0.0341,0.0340,PATROL,0
166.938,0.0339,0.0340,PATROL,0
166.972,0.0340,0.0340,PATROL,0
167.006,0.0340,0.0340,PATROL,0
167.040,0.0340,0.0340,PATROL,0
167.075,0.0342,0.0340,PATROL,0
167.108,0.0339,0.0340,PATROL,0
167.142,0.0340,0.0340,PATROL,0
167.176,0.0339,0.0340,PATROL,0
167.210,0.0342,0.0340,PATROL,0
167.244,0.0339,0.0340,PATROL,0
167.278,0.0341,0.0340,PATROL,0
167.312,0.0340,0.0340,PATROL,0
167.346,0.0339,0.0340,PATROL,0
167.381,0.0341,0.0340,PATROL,0
167.415,0.0340,0.0340,PATROL,0
167.449,0.0340,0.0340,PATROL,0
167.483,0.0341,0.0340,PATROL,0
167.516,0.0339,0.0340,PATROL,0
167.551,0.0341,0.0340,PATROL,0
167.585,0.0342,0.0340,PATROL,0
167.618,0.0337,0.0340,PATROL,0
167.653,0.0342,0.0340,PATROL,0
167.687,0.0341,0.0340,PATROL,0
167.721,0.0340,0.0340,PATROL,0
167.755,0.0346,0.0340,PATROL,0
167.789,0.0337,0.0340,PATROL,0
167.823,0.0341,0.0340,PATROL,0
167.857,0.0338,0.0340,PATROL,0
167.891,0.0341,0.0340,PATROL,0
167.925,0.0338,0.0340,PATROL,0
167.959,0.0339,0.0340,PATROL,0
167.993,0.0341,0.0340,PATROL,0
168.027,0.0343,0.0340,PATROL,0
168.061,0.0337,0.0340,PATROL,0
168.095,0.0342,0.0340,PATROL,0
168.129,0.0339,0.0340,PATROL,0
168.163,0.0339,0.0340,PATROL,0
168.197,0.0340,0.0340,PATROL,0
168.231,0.0342,0.0340,PATROL,0
168.265,0.0340,0.0340,PATROL,0
168.299,0.0341,0.0340,PATROL,0
168.333,0.0342,0.0340,PATROL,0
168.367,0.0339,0.0340,PATROL,0
168.401,0.0339,0.0340,PATROL,0
168.435,0.0343,0.0340,PATROL,0
168.469,0.0341,0.0340,PATROL,0
168.503,0.0338,0.0340,PATROL,0
168.537,0.0341,0.0340,PATROL,0
168.571,0.0341,0.0340,PATROL,0
168.605,0.0338,0.0340,PATROL,0
168.639,0.0340,0.0340,PATROL,0
168.673,0.0341,0.0340,PATROL,0
168.707,0.0341,0.0340,PATROL,0
168.741,0.0341,0.0340,PATROL,0
168.775,0.0339,0.0340,PATROL,0
168.809,0.0340,0.0340,PATROL,0
168.843,0.0341,0.0340,PATROL,0
168.877,0.0339,0.0340,PATROL,0
168.911,0.0340,0.0340,PATROL,0
168.945,0.0340,0.0340,PATROL,0
168.979,0.0339,0.0340,PATROL,0
169.013,0.0341,0.0340,PATROL,0
169.048,0.0343,0.0340,PATROL,0
169.081,0.0339,0.0340,PATROL,0
169.115,0.0339,0.0340,PATROL,0
169.150,0.0344,0.0340,PATROL,0
169.183,0.0337,0.0340,PATROL,0
169.218,0.0342,0.0340,PATROL,0
169.252,0.0341,0.0340,PATROL,0
169.286,0.0339,0.0340,PATROL,0
169.320,0.0340,0.0340,PATROL,0
169.354,0.0340,0.0340,PATROL,0
169.388,0.0343,0.0340,PATROL,0
169.422,0.0337,0.0340,PATROL,0
169.456,0.0342,0.0340,PATROL,0
169.490,0.0337,0.0340,PATROL,0
169.524,0.0341,0.0340,PATROL,0
169.558,0.0338,0.0340,PATROL,0
169.592,0.0342,0.0340,PATROL,0
169.626,0.0340,0.0340,PATROL,0
169.660,0.0339,0.0340,PATROL,0
169.694,0.0341,0.0340,PATROL,0
169.728,0.0340,0.0340,PATROL,0
169.762,0.0339,0.0340,PATROL,0
169.796,0.0341,0.0340,PATROL,0
169.830,0.0342,0.0340,PATROL,0
169.864,0.0339,0.0340,PATROL,0
169.898,0.0340,0.0340,PATROL,0
169.932,0.0342,0.0340,PATROL,0
169.966,0.0337,0.0340,PATROL,0
170.000,0.0340,0.0340,PATROL,0
170.034,0.0340,0.0340,PATROL,0
170.068,0.0343,0.0340,PATROL,0
170.102,0.0339,0.0340,PATROL,0
170.136,0.0338,0.0340,PATROL,0
170.170,0.0339,0.0340,PATROL,0
170.204,0.0342,0.0340,PATROL,0
170.238,0.0338,0.0340,PATROL,0
170.272,0.0341,0.0340,PATROL,0
170.306,0.0339,0.0340,PATROL,0
170.340,0.0343,0.0340,PATROL,0
170.374,0.0339,0.0340,PATROL,0
170.408,0.0339,0.0340,PATROL,0
170.442,0.0342,0.0340,PATROL,0
170.476,0.0341,0.0340,PATROL,0
170.510,0.0340,0.0340,PATROL,0
170.544,0.0340,0.0340,PATROL,0
170.578,0.0339,0.0340,PATROL,0
170.612,0.0340,0.0340,PATROL,0
170.646,0.0342,0.0340,PATROL,0
170.680,0.0340,0.0340,PATROL,0
170.714,0.0340,0.0340,PATROL,0
170.748,0.0338,0.0340,PATROL,0
170.782,0.0342,0.0340,PATROL,0
170.817,0.0342,0.0340,PATROL,0
170.850,0.0337,0.0340,PATROL,0
170.884,0.0340,0.0340,PATROL,0
170.918,0.0340,0.0340,PATROL,0
170.952,0.0342,0.0340,PATROL,0
170.987,0.0341,0.0340,PATROL,0
171.020,0.0339,0.0340,PATROL,0
171.054,0.0340,0.0340,PATROL,0
171.089,0.0341,0.0340,PATROL,0
171.122,0.0340,0.0340,PATROL,0
171.156,0.0339,0.0340,PATROL,0
171.190,0.0341,0.0340,PATROL,0
171.225,0.0342,0.0340,PATROL,0
171.259,0.0340,0.0340,PATROL,0
171.293,0.0339,0.0340,PATROL,0
171.326,0.0339,0.0340,PATROL,0
171.361,0.0341,0.0340,PATROL,0
171.394,0.0340,0.0340,PATROL,0
171.428,0.0340,0.0340,PATROL,0
171.463,0.0342,0.0340,PATROL,0
171.497,0.0340,0.0340,PATROL,0
171.531,0.0342,0.0340,PATROL,0
171.565,0.0338,0.0340,PATROL,0
171.599,0.0340,0.0340,PATROL,0
171.633,0.0340,0.0340,PATROL,0
171.667,0.0341,0.0340,PATROL,0
171.701,0.0338,0.0340,PATROL,0
171.735,0.0340,0.0340,PATROL,0
171.769,0.0345,0.0340,PATROL,0
171.803,0.0342,0.0340,PATROL,0
171.837,0.0334,0.0340,PATROL,0
171.871,0.0340,0.0340,PATROL,0
171.905,0.0340,0.0340,PATROL,0
171.939,0.0341,0.0340,PATROL,0
171.973,0.0342,0.0340,PATROL,0
172.007,0.0338,0.0340,PATROL,0
172.041,0.0342,0.0340,PATROL,0
172.075,0.0341,0.0340,PATROL,0
172.109,0.0340,0.0340,PATROL,0
172.143,0.0338,0.0340,PATROL,0
172.177,0.0341,0.0340,PATROL,0
172.211,0.0339,0.0340,PATROL,0
172.245,0.0341,0.0340,PATROL,0
172.279,0.0340,0.0340,PATROL,0
172.313,0.0340,0.0340,PATROL,0
172.347,0.0341,0.0340,PATROL,0
172.381,0.0339,0.0340,PATROL,0
172.415,0.0340,0.0340,PATROL,0
172.449,0.0340,0.0340,PATROL,0
172.483,0.0342,0.0340,PATROL,0
172.517,0.0338,0.0340,PATROL,0
172.551,0.0339,0.0340,PATROL,0
172.585,0.0340,0.0340,PATROL,0
172.619,0.0344,0.0340,PATROL,0
172.653,0.0338,0.0340,PATROL,0
172.687,0.0340,0.0340,PATROL,0
172.721,0.0341,0.0340,PATROL,0
172.755,0.0339,0.0340,PATROL,0
172.789,0.0341,0.0340,PATROL,0
172.823,0.0340,0.0340,PATROL,0
172.857,0.0340,0.0340,PATROL,0
172.892,0.0345,0.0340,PATROL,0
172.925,0.0336,0.0340,PATROL,0
172.959,0.0336,0.0340,PATROL,0
172.993,0.0342,0.0340,PATROL,0
173.027,0.0340,0.0340,PATROL,0
173.062,0.0343,0.0340,PATROL,0
173.095,0.0336,0.0340,PATROL,0
173.129,0.0340,0.0340,PATROL,0
173.164,0.0345,0.0340,PATROL,0
173.197,0.0337,0.0340,PATROL,0
173.231,0.0341,0.0340,PATROL,0
173.266,0.0342,0.0340,PATROL,0
173.299,0.0340,0.0340,PATROL,0
173.333,0.0340,0.0340,PATROL,0
173.368,0.0340,0.0340,PATROL,0
173.402,0.0340,0.0340,PATROL,0
173.436,0.0341,0.0340,PATROL,0
173.469,0.0338,0.0340,PATROL,0
173.504,0.0343,0.0340,PATROL,0
173.538,0.0339,0.0340,PATROL,0
173.572,0.0338,0.0340,PATROL,0
173.606,0.0343,0.0340,PATROL,0
173.640,0.0339,0.0340,PATROL,0
173.674,0.0340,0.0340,PATROL,0
173.708,0.0341,0.0340,PATROL,0
173.742,0.0339,0.0340,PATROL,0
173.776,0.0340,0.0340,PATROL,0
173.810,0.0340,0.0340,PATROL,0
173.844,0.0338,0.0340,PATROL,0
173.878,0.0341,0.0340,PATROL,0
173.912,0.0339,0.0340,PATROL,0
173.946,0.0341,0.0340,PATROL,0
173.980,0.0341,0.0340,PATROL,0
174.014,0.0338,0.0340,PATROL,0
174.048,0.0343,0.0340,PATROL,0
174.082,0.0341,0.0340,PATROL,0
174.116,0.0338,0.0340,PATROL,0
174.150,0.0342,0.0340,PATROL,0
174.184,0.0339,0.0340,PATROL,0
174.218,0.0342,0.0340,PATROL,0
174.252,0.0340,0.0340,PATROL,0
174.286,0.0340,0.0340,PATROL,0
174.320,0.0338,0.0340,PATROL,0
174.354,0.0341,0.0340,PATROL,0
174.388,0.0339,0.0340,PATROL,0
174.422,0.0341,0.0340,PATROL,0
174.456,0.0339,0.0340,PATROL,0
174.490,0.0340,0.0340,PATROL,0
174.524,0.0341,0.0340,PATROL,0
174.558,0.0340,0.0340,PATROL,0
174.592,0.0339,0.0340,PATROL,0
174.626,0.0342,0.0340,PATROL,0
174.660,0.0340,0.0340,PATROL,0
174.694,0.0340,0.0340,PATROL,0
174.728,0.0341,0.0340,PATROL,0
174.762,0.0339,0.0340,PATROL,0
174.796,0.0341,0.0340,PATROL,0
174.830,0.0338,0.0340,PATROL,0
174.864,0.0342,0.0340,PATROL,0
174.898,0.0338,0.0340,PATROL,0
174.933,0.0344,0.0340,PATROL,0
174.966,0.0337,0.0340,PATROL,0
175.000,0.0339,0.0340,PATROL,0
175.035,0.0347,0.0340,PATROL,0
175.068,0.0335,0.0340,PATROL,0
175.102,0.0340,0.0340,PATROL,0
175.136,0.0339,0.0340,PATROL,0
175.170,0.0341,0.0340,PATROL,0
175.204,0.0342,0.0340,PATROL,0
175.238,0.0340,0.0340,PATROL,0
175.272,0.0337,0.0340,PATROL,0
175.306,0.0341,0.0340,PATROL,0
175.340,0.0340,0.0340,PATROL,0
175.374,0.0339,0.0340,PATROL,0
175.408,0.0343,0.0340,PATROL,0
175.442,0.0338,0.0340,PATROL,0
175.476,0.0342,0.0340,PATROL,0
175.510,0.0339,0.0340,PATROL,0
175.545,0.0341,0.0340,PATROL,0
175.579,0.0343,0.0340,PATROL,0
175.612,0.0337,0.0340,PATROL,0
175.647,0.0342,0.0340,PATROL,0
175.681,0.0340,0.0340,PATROL,0
175.715,0.0339,0.0340,PATROL,0
175.749,0.0340,0.0340,PATROL,0
175.783,0.0341,0.0340,PATROL,0
175.817,0.0341,0.0340,PATROL,0
175.851,0.0339,0.0340,PATROL,0
175.885,0.0340,0.0340,PATROL,0
175.919,0.0341,0.0340,PATROL,0
175.953,0.0339,0.0340,PATROL,0
175.987,0.0342,0.0340,PATROL,0
176.021,0.0339,0.0340,PATROL,0
176.055,0.0340,0.0340,PATROL,0
176.089,0.0340,0.0340,PATROL,0
176.123,0.0341,0.0340,PATROL,0
176.157,0.0341,0.0340,PATROL,0
176.191,0.0340,0.0340,PATROL,0
176.225,0.0339,0.0340,PATROL,0
176.259,0.0341,0.0340,PATROL,0
176.293,0.0340,0.0340,PATROL,0
176.327,0.0340,0.0340,PATROL,0
176.361,0.0340,0.0340,PATROL,0
176.395,0.0339,0.0340,PATROL,0
176.429,0.0341,0.0340,PATROL,0
176.463,0.0339,0.0340,PATROL,0
176.497,0.0342,0.0340,PATROL,0
176.531,0.0341,0.0340,PATROL,0
176.565,0.0338,0.0340,PATROL,0
176.599,0.0341,0.0340,PATROL,0
176.633,0.0341,0.0340,PATROL,0
176.667,0.0340,0.0340,PATROL,0
176.701,0.0340,0.0340,PATROL,0
176.735,0.0338,0.0340,PATROL,0
176.769,0.0340,0.0340,PATROL,0
176.803,0.0341,0.0340,PATROL,0
176.837,0.0342,0.0340,PATROL,0
176.871,0.0342,0.0340,PATROL,0
176.905,0.0339,0.0340,PATROL,0
176.939,0.0340,0.0340,PATROL,0
176.973,0.0339,0.0340,PATROL,0
177.007,0.0340,0.0340,PATROL,0
177.041,0.0341,0.0340,PATROL,0
177.075,0.0341,0.0340,PATROL,0
177.109,0.0340,0.0340,PATROL,0
177.143,0.0340,0.0340,PATROL,0
177.177,0.0338,0.0340,PATROL,0
177.211,0.0342,0.0340,PATROL,0
177.245,0.0339,0.0340,PATROL,0
177.279,0.0340,0.0340,PATROL,0
177.313,0.0340,0.0340,PATROL,0
177.347,0.0340,0.0340,PATROL,0
177.381,0.0339,0.0340,PATROL,0
177.415,0.0339,0.0340,PATROL,0
177.449,0.0341,0.0340,PATROL,0
177.483,0.0340,0.0340,PATROL,0
177.517,0.0340,0.0340,PATROL,0
177.551,0.0340,0.0340,PATROL,0
177.586,0.0341,0.0340,PATROL,0
177.619,0.0339,0.0340,PATROL,0
177.654,0.0341,0.0340,PATROL,0
177.687,0.0339,0.0340,PATROL,0
177.721,0.0340,0.0340,PATROL,0
177.756,0.0341,0.0340,PATROL,0
177.790,0.0340,0.0340,PATROL,0
177.824,0.0339,0.0340,PATROL,0
177.858,0.0340,0.0340,PATROL,0
177.892,0.0341,0.0340,PATROL,0
177.926,0.0339,0.0340,PATROL,0
177.960,0.0340,0.0340,PATROL,0
177.994,0.0340,0.0340,PATROL,0
178.028,0.0343,0.0340,PATROL,0
178.062,0.0339,0.0340,PATROL,0
178.096,0.0339,0.0340,PATROL,0
178.130,0.0340,0.0340,PATROL,0
178.164,0.0341,0.0340,PATROL,0
178.198,0.0340,0.0340,PATROL,0
178.232,0.0341,0.0340,PATROL,0
178.266,0.0341,0.0340,PATROL,0
178.300,0.0337,0.0340,PATROL,0
178.334,0.0340,0.0340,PATROL,0
178.368,0.0342,0.0340,PATROL,0
178.402,0.0338,0.0340,PATROL,0
178.436,0.0342,0.0340,PATROL,0
178.470,0.0340,0.0340,PATROL,0
178.504,0.0340,0.0340,PATROL,0
178.538,0.0343,0.0340,PATROL,0
178.572,0.0339,0.0340,PATROL,0
178.606,0.0339,0.0340,PATROL,0
178.641,0.0345,0.0340,PATROL,0
178.674,0.0335,0.0340,PATROL,0
178.708,0.0339,0.0340,PATROL,0
178.742,0.0343,0.0340,PATROL,0
178.776,0.0339,0.0340,PATROL,0
178.810,0.0338,0.0340,PATROL,0
178.844,0.0341,0.0340,PATROL,0
178.878,0.0339,0.0340,PATROL,0
178.912,0.0343,0.0340,PATROL,0
178.946,0.0338,0.0340,PATROL,0
178.980,0.0340,0.0340,PATROL,0
179.014,0.0344,0.0340,PATROL,0
179.048,0.0338,0.0340,PATROL,0
179.082,0.0339,0.0340,PATROL,0
179.116,0.0340,0.0340,PATROL,0
179.150,0.0340,0.0340,PATROL,0
179.184,0.0340,0.0340,PATROL,0
179.218,0.0342,0.0340,PATROL,0
179.252,0.0340,0.0340,PATROL,0
179.286,0.0339,0.0340,PATROL,0
179.320,0.0339,0.0340,PATROL,0
179.354,0.0342,0.0340,PATROL,0
179.388,0.0341,0.0340,PATROL,0
179.422,0.0340,0.0340,PATROL,0
179.456,0.0338,0.0340,PATROL,0
179.490,0.0340,0.0340,PATROL,0
179.524,0.0340,0.0340,PATROL,0
179.558,0.0339,0.0340,PATROL,0
179.592,0.0341,0.0340,PATROL,0
179.626,0.0341,0.0340,PATROL,0
179.660,0.0339,0.0340,PATROL,0
179.694,0.0342,0.0340,PATROL,0
179.729,0.0341,0.0340,PATROL,0
179.762,0.0338,0.0340,PATROL,0
179.796,0.0340,0.0340,PATROL,0
179.831,0.0341,0.0340,PATROL,0
179.864,0.0339,0.0340,PATROL,0
179.899,0.0342,0.0340,PATROL,0
179.933,0.0340,0.0340,PATROL,0
179.966,0.0339,0.0340,PATROL,0
180.001,0.0340,0.0340,PATROL,0
180.035,0.0343,0.0340,PATROL,0
180.069,0.0339,0.0340,PATROL,0
180.103,0.0340,0.0340,PATROL,0
180.137,0.0340,0.0340,PATROL,0
180.171,0.0341,0.0340,PATROL,0
180.205,0.0340,0.0340,PATROL,0
180.239,0.0339,0.0340,PATROL,0
180.273,0.0342,0.0340,PATROL,0
180.307,0.0340,0.0340,PATROL,0
180.341,0.0339,0.0340,PATROL,0
180.375,0.0339,0.0340,PATROL,0
180.409,0.0343,0.0340,PATROL,0
180.443,0.0336,0.0340,PATROL,0
180.477,0.0339,0.0340,PATROL,0
180.511,0.0341,0.0340,PATROL,0
180.545,0.0340,0.0340,PATROL,0
180.579,0.0341,0.0340,PATROL,0
180.613,0.0340,0.0340,PATROL,0
180.647,0.0340,0.0340,PATROL,0
180.681,0.0339,0.0340,PATROL,0
180.715,0.0342,0.0340,PATROL,0
180.749,0.0340,0.0340,PATROL,0
180.783,0.0340,0.0340,PATROL,0
180.817,0.0341,0.0340,PATROL,0
180.851,0.0339,0.0340,PATROL,0
180.885,0.0340,0.0340,PATROL,0
180.919,0.0341,0.0340,PATROL,0
180.953,0.0341,0.0340,PATROL,0
180.987,0.0343,0.0340,PATROL,0
181.021,0.0338,0.0340,PATROL,0
181.055,0.0339,0.0340,PATROL,0
181.089,0.0342,0.0340,PATROL,0
181.123,0.0338,0.0340,PATROL,0
181.157,0.0340,0.0340,PATROL,0
181.191,0.0341,0.0340,PATROL,0
181.225,0.0339,0.0340,PATROL,0
181.259,0.0341,0.0340,PATROL,0
181.293,0.0339,0.0340,PATROL,0
181.327,0.0341,0.0340,PATROL,0
181.361,0.0341,0.0340,PATROL,0
181.395,0.0341,0.0340,PATROL,0
181.429,0.0339,0.0340,PATROL,0
181.463,0.0340,0.0340,PATROL,0
181.497,0.0339,0.0340,PATROL,0
181.531,0.0342,0.0340,PATROL,0
181.565,0.0340,0.0340,PATROL,0
181.599,0.0339,0.0340,PATROL,0
181.634,0.0344,0.0340,PATROL,0
181.667,0.0337,0.0340,PATROL,0
181.701,0.0340,0.0340,PATROL,0
181.735,0.0340,0.0340,PATROL,0
181.769,0.0340,0.0340,PATROL,0
181.804,0.0346,0.0340,PATROL,0
181.837,0.0335,0.0340,PATROL,0
181.872,0.0343,0.0340,PATROL,0
181.905,0.0338,0.0340,PATROL,0
181.940,0.0341,0.0340,PATROL,0
181.974,0.0340,0.0340,PATROL,0
182.008,0.0342,0.0340,PATROL,0
182.042,0.0340,0.0340,PATROL,0
182.076,0.0339,0.0340,PATROL,0
182.110,0.0340,0.0340,PATROL,0
182.144,0.0340,0.0340,PATROL,0
182.178,0.0341,0.0340,PATROL,0
182.212,0.0340,0.0340,PATROL,0
182.246,0.0340,0.0340,PATROL,0
182.280,0.0339,0.0340,PATROL,0
182.314,0.0340,0.0340,PATROL,0
182.348,0.0344,0.0340,PATROL,0
182.382,0.0338,0.0340,PATROL,0
182.416,0.0340,0.0340,PATROL,0
182.450,0.0339,0.0340,PATROL,0
182.484,0.0340,0.0340,PATROL,0
182.518,0.0341,0.0340,PATROL,0
182.552,0.0339,0.0340,PATROL,0
182.586,0.0341,0.0340,PATROL,0
182.620,0.0341,0.0340,PATROL,0
182.654,0.0340,0.0340,PATROL,0
182.688,0.0338,0.0340,PATROL,0
182.722,0.0342,0.0340,PATROL,0
182.756,0.0339,0.0340,PATROL,0
182.790,0.0341,0.0340,PATROL,0
182.824,0.0341,0.0340,PATROL,0
182.858,0.0341,0.0340,PATROL,0
182.892,0.0338,0.0340,PATROL,0
182.926,0.0340,0.0340,PATROL,0
182.960,0.0340,0.0340,PATROL,0
182.994,0.0340,0.0340,PATROL,0
183.028,0.0339,0.0340,PATROL,0
183.062,0.0340,0.0340,PATROL,0
183.096,0.0340,0.0340,PATROL,0
183.130,0.0343,0.0340,PATROL,0
183.165,0.0345,0.0340,PATROL,0
183.199,0.0340,0.0340,PATROL,0
183.232,0.0336,0.0340,PATROL,0
183.266,0.0339,0.0340,PATROL,0
183.300,0.0341,0.0340,PATROL,0
183.334,0.0340,0.0340,PATROL,0
183.368,0.0338,0.0340,PATROL,0
183.402,0.0341,0.0340,PATROL,0
183.436,0.0340,0.0340,PATROL,0
183.470,0.0338,0.0340,PATROL,0
183.504,0.0341,0.0340,PATROL,0
183.538,0.0339,0.0340,PATROL,0
183.572,0.0340,0.0340,PATROL,0
183.606,0.0341,0.0340,PATROL,0
183.640,0.0340,0.0340,PATROL,0
183.675,0.0342,0.0340,PATROL,0
183.708,0.0337,0.0340,PATROL,0
183.742,0.0341,0.0340,PATROL,0
183.776,0.0341,0.0340,PATROL,0
183.811,0.0342,0.0340,PATROL,0
183.844,0.0339,0.0340,PATROL,0
183.878,0.0339,0.0340,PATROL,0
183.913,0.0343,0.0340,PATROL,0
183.946,0.0337,0.0340,PATROL,0
183.980,0.0340,0.0340,PATROL,0
184.015,0.0341,0.0340,PATROL,0
184.049,0.0340,0.0340,PATROL,0
184.083,0.0341,0.0340,PATROL,0
184.117,0.0341,0.0340,PATROL,0
184.150,0.0338,0.0340,PATROL,0
184.185,0.0342,0.0340,PATROL,0
184.218,0.0338,0.0340,PATROL,0
184.253,0.0341,0.0340,PATROL,0
184.287,0.0340,0.0340,PATROL,0
184.321,0.0340,0.0340,PATROL,0
184.355,0.0340,0.0340,PATROL,0
184.389,0.0341,0.0340,PATROL,0
184.423,0.0341,0.0340,PATROL,0
184.457,0.0339,0.0340,PATROL,0
184.491,0.0340,0.0340,PATROL,0
184.525,0.0338,0.0340,PATROL,0
184.559,0.0341,0.0340,PATROL,0
184.593,0.0340,0.0340,PATROL,0
184.627,0.0340,0.0340,PATROL,0
184.661,0.0340,0.0340,PATROL,0
184.695,0.0341,0.0340,PATROL,0
184.729,0.0340,0.0340,PATROL,0
184.763,0.0338,0.0340,PATROL,0
184.797,0.0340,0.0340,PATROL,0
184.831,0.0345,0.0340,PATROL,0
184.865,0.0337,0.0340,PATROL,0
184.899,0.0338,0.0340,PATROL,0
184.933,0.0341,0.0340,PATROL,0
184.967,0.0340,0.0340,PATROL,0
185.001,0.0341,0.0340,PATROL,0
185.035,0.0343,0.0340,PATROL,0
185.069,0.0338,0.0340,PATROL,0
185.103,0.0341,0.0340,PATROL,0
185.137,0.0338,0.0340,PATROL,0
185.171,0.0340,0.0340,PATROL,0
185.205,0.0341,0.0340,PATROL,0
185.239,0.0340,0.0340,PATROL,0
185.273,0.0341,0.0340,PATROL,0
185.307,0.0339,0.0340,PATROL,0
185.341,0.0340,0.0340,PATROL,0
185.375,0.0340,0.0340,PATROL,0
185.409,0.0341,0.0340,PATROL,0
185.443,0.0338,0.0340,PATROL,0
185.477,0.0341,0.0340,PATROL,0
185.511,0.0339,0.0340,PATROL,0
185.545,0.0340,0.0340,PATROL,0
185.579,0.0342,0.0340,PATROL,0
185.613,0.0340,0.0340,PATROL,0
185.647,0.0340,0.0340,PATROL,0
185.681,0.0340,0.0340,PATROL,0
185.715,0.0341,0.0340,PATROL,0
185.749,0.0340,0.0340,PATROL,0
185.783,0.0340,0.0340,PATROL,0
185.817,0.0339,0.0340,PATROL,0
185.851,0.0343,0.0340,PATROL,0
185.885,0.0338,0.0340,PATROL,0
185.919,0.0338,0.0340,PATROL,0
185.953,0.0341,0.0340,PATROL,0
185.987,0.0340,0.0340,PATROL,0
186.021,0.0342,0.0340,PATROL,0
186.056,0.0342,0.0340,PATROL,0
186.089,0.0339,0.0340,PATROL,0
186.123,0.0339,0.0340,PATROL,0
186.157,0.0342,0.0340,PATROL,0
186.191,0.0340,0.0340,PATROL,0
186.225,0.0338,0.0340,PATROL,0
186.260,0.0342,0.0340,PATROL,0
186.293,0.0338,0.0340,PATROL,0
186.327,0.0340,0.0340,PATROL,0
186.362,0.0345,0.0340,PATROL,0
186.395,0.0337,0.0340,PATROL,0
186.429,0.0339,0.0340,PATROL,0
186.464,0.0342,0.0340,PATROL,0
186.498,0.0340,0.0340,PATROL,0
186.532,0.0340,0.0340,PATROL,0
186.565,0.0339,0.0340,PATROL,0
186.600,0.0340,0.0340,PATROL,0
186.633,0.0340,0.0340,PATROL,0
186.668,0.0343,0.0340,PATROL,0
186.702,0.0338,0.0340,PATROL,0
186.736,0.0341,0.0340,PATROL,0
186.770,0.0341,0.0340,PATROL,0
186.804,0.0339,0.0340,PATROL,0
186.838,0.0340,0.0340,PATROL,0
186.872,0.0339,0.0340,PATROL,0
186.906,0.0341,0.0340,PATROL,0
186.940,0.0342,0.0340,PATROL,0
186.974,0.0339,0.0340,PATROL,0
187.008,0.0340,0.0340,PATROL,0
187.042,0.0341,0.0340,PATROL,0
187.076,0.0341,0.0340,PATROL,0
187.110,0.0338,0.0340,PATROL,0
187.144,0.0342,0.0340,PATROL,0
187.178,0.0339,0.0340,PATROL,0
187.212,0.0342,0.0340,PATROL,0
187.246,0.0338,0.0340,PATROL,0
187.280,0.0342,0.0340,PATROL,0
187.314,0.0340,0.0340,PATROL,0
187.348,0.0343,0.0340,PATROL,0
187.382,0.0337,0.0340,PATROL,0
187.416,0.0341,0.0340,PATROL,0
187.450,0.0341,0.0340,PATROL,0
187.484,0.0340,0.0340,PATROL,0
187.518,0.0340,0.0340,PATROL,0
187.552,0.0339,0.0340,PATROL,0
187.586,0.0342,0.0340,PATROL,0
187.620,0.0339,0.0340,PATROL,0
187.654,0.0339,0.0340,PATROL,0
187.688,0.0341,0.0340,PATROL,0
187.722,0.0342,0.0340,PATROL,0
187.756,0.0339,0.0340,PATROL,0
187.790,0.0342,0.0340,PATROL,0
187.824,0.0336,0.0340,PATROL,0
187.858,0.0341,0.0340,PATROL,0
187.892,0.0343,0.0340,PATROL,0
187.926,0.0338,0.0340,PATROL,0
187.960,0.0339,0.0340,PATROL,0
187.994,0.0340,0.0340,PATROL,0
188.028,0.0341,0.0340,PATROL,0
188.062,0.0340,0.0340,PATROL,0
188.096,0.0339,0.0340,PATROL,0
188.130,0.0340,0.0340,PATROL,0
188.164,0.0342,0.0340,PATROL,0
188.198,0.0338,0.0340,PATROL,0
188.232,0.0340,0.0340,PATROL,0
188.266,0.0341,0.0340,PATROL,0
188.300,0.0339,0.0340,PATROL,0
188.334,0.0342,0.0340,PATROL,0
188.368,0.0339,0.0340,PATROL,0
188.402,0.0339,0.0340,PATROL,0
188.437,0.0343,0.0340,PATROL,0
188.470,0.0338,0.0340,PATROL,0
188.505,0.0343,0.0340,PATROL,0
188.538,0.0336,0.0340,PATROL,0
188.572,0.0342,0.0340,PATROL,0
188.606,0.0338,0.0340,PATROL,0
188.640,0.0341,0.0340,PATROL,0
188.674,0.0340,0.0340,PATROL,0
188.708,0.0340,0.0340,PATROL,0
188.742,0.0342,0.0340,PATROL,0
188.777,0.0342,0.0340,PATROL,0
188.811,0.0340,0.0340,PATROL,0
188.845,0.0339,0.0340,PATROL,0
188.879,0.0340,0.0340,PATROL,0
188.913,0.0341,0.0340,PATROL,0
188.947,0.0340,0.0340,PATROL,0
188.981,0.0340,0.0340,PATROL,0
189.015,0.0340,0.0340,PATROL,0
189.049,0.0340,0.0340,PATROL,0
189.083,0.0340,0.0340,PATROL,0
189.117,0.0340,0.0340,PATROL,0
189.151,0.0341,0.0340,PATROL,0
189.185,0.0340,0.0340,PATROL,0
189.219,0.0339,0.0340,PATROL,0
189.253,0.0341,0.0340,PATROL,0
189.287,0.0339,0.0340,PATROL,0
189.321,0.0340,0.0340,PATROL,0
189.355,0.0341,0.0340,PATROL,0
189.389,0.0340,0.0340,PATROL,0
189.423,0.0342,0.0340,PATROL,0
189.457,0.0339,0.0340,PATROL,0
189.491,0.0342,0.0340,PATROL,0
189.525,0.0341,0.0340,PATROL,0
189.559,0.0338,0.0340,PATROL,0
189.593,0.0340,0.0340,PATROL,0
189.627,0.0340,0.0340,PATROL,0
189.661,0.0340,0.0340,PATROL,0
189.695,0.0341,0.0340,PATROL,0
189.729,0.0339,0.0340,PATROL,0
189.763,0.0339,0.0340,PATROL,0
189.797,0.0341,0.0340,PATROL,0
189.831,0.0340,0.0340,PATROL,0
189.865,0.0341,0.0340,PATROL,0
189.899,0.0341,0.0340,PATROL,0
189.933,0.0339,0.0340,PATROL,0
189.967,0.0340,0.0340,PATROL,0
190.001,0.0341,0.0340,PATROL,0
190.036,0.0343,0.0340,PATROL,0
190.070,0.0340,0.0340,PATROL,0
190.103,0.0338,0.0340,PATROL,0
190.137,0.0340,0.0340,PATROL,0
190.172,0.0343,0.0340,PATROL,0
190.205,0.0335,0.0340,PATROL,0
190.239,0.0341,0.0340,PATROL,0
190.273,0.0340,0.0340,PATROL,0
190.307,0.0340,0.0340,PATROL,0
190.341,0.0339,0.0340,PATROL,0
190.375,0.0342,0.0340,PATROL,0
190.409,0.0338,0.0340,PATROL,0
190.443,0.0340,0.0340,PATROL,0
190.478,0.0343,0.0340,PATROL,0
190.511,0.0336,0.0340,PATROL,0
190.545,0.0340,0.0340,PATROL,0
190.579,0.0343,0.0340,PATROL,0
190.613,0.0340,0.0340,PATROL,0
190.648,0.0343,0.0340,PATROL,0
190.682,0.0340,0.0340,PATROL,0
190.715,0.0336,0.0340,PATROL,0
190.749,0.0340,0.0340,PATROL,0
190.783,0.0340,0.0340,PATROL,0
190.817,0.0340,0.0340,PATROL,0
190.852,0.0344,0.0340,PATROL,0
190.885,0.0335,0.0340,PATROL,0
190.920,0.0342,0.0340,PATROL,0
190.953,0.0339,0.0340,PATROL,0
190.988,0.0343,0.0340,PATROL,0
191.022,0.0338,0.0340,PATROL,0
191.056,0.0340,0.0340,PATROL,0
191.090,0.0340,0.0340,PATROL,0
191.124,0.0342,0.0340,PATROL,0
191.158,0.0340,0.0340,PATROL,0
191.192,0.0338,0.0340,PATROL,0
191.226,0.0340,0.0340,PATROL,0
191.260,0.0340,0.0340,PATROL,0
191.294,0.0342,0.0340,PATROL,0
191.328,0.0338,0.0340,PATROL,0
191.362,0.0341,0.0340,PATROL,0
191.396,0.0342,0.0340,PATROL,0
191.430,0.0340,0.0340,PATROL,0
191.464,0.0339,0.0340,PATROL,0
191.498,0.0340,0.0340,PATROL,0
191.532,0.0340,0.0340,PATROL,0
191.566,0.0342,0.0340,PATROL,0
191.600,0.0340,0.0340,PATROL,0
191.634,0.0342,0.0340,PATROL,0
191.668,0.0339,0.0340,PATROL,0
191.702,0.0340,0.0340,PATROL,0
191.736,0.0339,0.0340,PATROL,0
191.770,0.0342,0.0340,PATROL,0
191.804,0.0338,0.0340,PATROL,0
191.838,0.0342,0.0340,PATROL,0
191.872,0.0338,0.0340,PATROL,0
191.906,0.0341,0.0340,PATROL,0
191.940,0.0340,0.0340,PATROL,0
191.974,0.0341,0.0340,PATROL,0
192.008,0.0339,0.0340,PATROL,0
192.042,0.0342,0.0340,PATROL,0
192.076,0.0340,0.0340,PATROL,0
192.110,0.0343,0.0340,PATROL,0
192.144,0.0337,0.0340,PATROL,0
192.178,0.0343,0.0340,PATROL,0
192.212,0.0340,0.0340,PATROL,0
192.246,0.0338,0.0340,PATROL,0
192.280,0.0340,0.0340,PATROL,0
192.314,0.0342,0.0340,PATROL,0
192.348,0.0338,0.0340,PATROL,0
192.382,0.0341,0.0340,PATROL,0
192.416,0.0339,0.0340,PATROL,0
192.450,0.0342,0.0340,PATROL,0
192.484,0.0341,0.0340,PATROL,0
192.518,0.0339,0.0340,PATROL,0
192.552,0.0340,0.0340,PATROL,0
192.586,0.0341,0.0340,PATROL,0
192.620,0.0341,0.0340,PATROL,0
192.654,0.0339,0.0340,PATROL,0
192.688,0.0339,0.0340,PATROL,0
192.722,0.0341,0.0340,PATROL,0
192.756,0.0341,0.0340,PATROL,0
192.790,0.0341,0.0340,PATROL,0
192.824,0.0340,0.0340,PATROL,0
192.858,0.0340,0.0340,PATROL,0
192.892,0.0340,0.0340,PATROL,0
192.926,0.0338,0.0340,PATROL,0
192.960,0.0340,0.0340,PATROL,0
192.994,0.0341,0.0340,PATROL,0
193.028,0.0340,0.0340,PATROL,0
193.063,0.0343,0.0340,PATROL,0
193.096,0.0337,0.0340,PATROL,0
193.130,0.0340,0.0340,PATROL,0
193.165,0.0341,0.0340,PATROL,0
193.198,0.0339,0.0340,PATROL,0
193.233,0.0341,0.0340,PATROL,0
193.267,0.0341,0.0340,PATROL,0
193.300,0.0339,0.0340,PATROL,0
193.334,0.0340,0.0340,PATROL,0
193.368,0.0340,0.0340,PATROL,0
193.403,0.0341,0.0340,PATROL,0
193.437,0.0341,0.0340,PATROL,0
193.471,0.0339,0.0340,PATROL,0
193.505,0.0341,0.0340,PATROL,0
193.539,0.0340,0.0340,PATROL,0
193.573,0.0341,0.0340,PATROL,0
193.607,0.0339,0.0340,PATROL,0
193.641,0.0341,0.0340,PATROL,0
193.675,0.0339,0.0340,PATROL,0
193.709,0.0344,0.0340,PATROL,0
193.743,0.0336,0.0340,PATROL,0
193.777,0.0341,0.0340,PATROL,0
193.811,0.0341,0.0340,PATROL,0
193.845,0.0339,0.0340,PATROL,0
193.879,0.0341,0.0340,PATROL,0
193.913,0.0340,0.0340,PATROL,0
193.947,0.0339,0.0340,PATROL,0
193.981,0.0342,0.0340,PATROL,0
194.015,0.0338,0.0340,PATROL,0
194.049,0.0341,0.0340,PATROL,0
194.083,0.0341,0.0340,PATROL,0
194.117,0.0340,0.0340,PATROL,0
194.151,0.0339,0.0340,PATROL,0
194.185,0.0341,0.0340,PATROL,0
194.219,0.0339,0.0340,PATROL,0
194.253,0.0341,0.0340,PATROL,0
194.287,0.0338,0.0340,PATROL,0
194.321,0.0341,0.0340,PATROL,0
194.355,0.0342,0.0340,PATROL,0
194.389,0.0339,0.0340,PATROL,0
194.423,0.0342,0.0340,PATROL,0
194.457,0.0340,0.0340,PATROL,0
194.491,0.0341,0.0340,PATROL,0
194.525,0.0339,0.0340,PATROL,0
194.559,0.0341,0.0340,PATROL,0
194.593,0.0339,0.0340,PATROL,0
194.628,0.0345,0.0340,PATROL,0
194.661,0.0336,0.0340,PATROL,0
194.695,0.0340,0.0340,PATROL,0
194.729,0.0340,0.0340,PATROL,0
194.763,0.0340,0.0340,PATROL,0
194.797,0.0341,0.0340,PATROL,0
194.831,0.0340,0.0340,PATROL,0
194.865,0.0340,0.0340,PATROL,0
194.899,0.0339,0.0340,PATROL,0
194.934,0.0343,0.0340,PATROL,0
194.967,0.0338,0.0340,PATROL,0
195.001,0.0339,0.0340,PATROL,0
195.035,0.0342,0.0340,PATROL,0
195.069,0.0339,0.0340,PATROL,0
195.103,0.0340,0.0340,PATROL,0
195.137,0.0341,0.0340,PATROL,0
195.172,0.0343,0.0340,PATROL,0
195.205,0.0335,0.0340,PATROL,0
195.239,0.0342,0.0340,PATROL,0
195.274,0.0341,0.0340,PATROL,0
195.307,0.0339,0.0340,PATROL,0
195.342,0.0344,0.0340,PATROL,0
195.375,0.0337,0.0340,PATROL,0
195.410,0.0341,0.0340,PATROL,0
195.444,0.0341,0.0340,PATROL,0
195.478,0.0340,0.0340,PATROL,0
195.512,0.0339,0.0340,PATROL,0
195.546,0.0341,0.0340,PATROL,0
195.580,0.0339,0.0340,PATROL,0
195.614,0.0343,0.0340,PATROL,0
195.648,0.0337,0.0340,PATROL,0
195.682,0.0340,0.0340,PATROL,0
195.716,0.0343,0.0340,PATROL,0
195.750,0.0338,0.0340,PATROL,0
195.784,0.0340,0.0340,PATROL,0
195.818,0.0340,0.0340,PATROL,0
195.852,0.0341,0.0340,PATROL,0
195.886,0.0341,0.0340,PATROL,0
195.920,0.0340,0.0340,PATROL,0
195.954,0.0340,0.0340,PATROL,0
195.988,0.0341,0.0340,PATROL,0
196.022,0.0339,0.0340,PATROL,0
196.056,0.0340,0.0340,PATROL,0
196.090,0.0341,0.0340,PATROL,0
196.124,0.0339,0.0340,PATROL,0
196.158,0.0341,0.0340,PATROL,0
196.192,0.0340,0.0340,PATROL,0
196.226,0.0341,0.0340,PATROL,0
196.260,0.0340,0.0340,PATROL,0
196.294,0.0339,0.0340,PATROL,0
196.328,0.0340,0.0340,PATROL,0
196.362,0.0342,0.0340,PATROL,0
196.396,0.0338,0.0340,PATROL,0
196.430,0.0342,0.0340,PATROL,0
196.464,0.0339,0.0340,PATROL,0
196.498,0.0341,0.0340,PATROL,0
196.532,0.0342,0.0340,PATROL,0
196.566,0.0338,0.0340,PATROL,0
196.600,0.0342,0.0340,PATROL,0
196.634,0.0341,0.0340,PATROL,0
196.668,0.0338,0.0340,PATROL,0
196.702,0.0341,0.0340,PATROL,0
196.736,0.0339,0.0340,PATROL,0
196.770,0.0343,0.0340,PATROL,0
196.804,0.0340,0.0340,PATROL,0
196.838,0.0340,0.0340,PATROL,0
196.872,0.0340,0.0340,PATROL,0
196.906,0.0340,0.0340,PATROL,0
196.940,0.0339,0.0340,PATROL,0
196.974,0.0340,0.0340,PATROL,0
197.008,0.0340,0.0340,PATROL,0
197.042,0.0341,0.0340,PATROL,0
197.077,0.0343,0.0340,PATROL,0
197.110,0.0338,0.0340,PATROL,0
197.144,0.0339,0.0340,PATROL,0
197.178,0.0340,0.0340,PATROL,0
197.212,0.0340,0.0340,PATROL,0
197.246,0.0340,0.0340,PATROL,0
197.281,0.0341,0.0340,PATROL,0
197.314,0.0338,0.0340,PATROL,0
197.349,0.0343,0.0340,PATROL,0
197.382,0.0337,0.0340,PATROL,0
197.417,0.0341,0.0340,PATROL,0
197.450,0.0338,0.0340,PATROL,0
197.484,0.0339,0.0340,PATROL,0
197.519,0.0343,0.0340,PATROL,0
197.553,0.0339,0.0340,PATROL,0
197.587,0.0341,0.0340,PATROL,0
197.621,0.0340,0.0340,PATROL,0
197.655,0.0339,0.0340,PATROL,0
197.689,0.0340,0.0340,PATROL,0
197.723,0.0340,0.0340,PATROL,0
197.757,0.0341,0.0340,PATROL,0
197.791,0.0340,0.0340,PATROL,0
197.825,0.0340,0.0340,PATROL,0
197.859,0.0339,0.0340,PATROL,0
197.893,0.0340,0.0340,PATROL,0
197.927,0.0339,0.0340,PATROL,0
197.961,0.0340,0.0340,PATROL,0
197.995,0.0340,0.0340,PATROL,0
198.029,0.0341,0.0340,PATROL,0
198.063,0.0340,0.0340,PATROL,0
198.097,0.0340,0.0340,PATROL,0
198.131,0.0339,0.0340,PATROL,0
198.165,0.0343,0.0340,PATROL,0
198.199,0.0337,0.0340,PATROL,0
198.233,0.0340,0.0340,PATROL,0
198.267,0.0343,0.0340,PATROL,0
198.301,0.0338,0.0340,PATROL,0
198.335,0.0341,0.0340,PATROL,0
198.369,0.0340,0.0340,PATROL,0
198.403,0.0341,0.0340,PATROL,0
198.437,0.0339,0.0340,PATROL,0
198.471,0.0343,0.0340,PATROL,0
198.505,0.0338,0.0340,PATROL,0
198.539,0.0341,0.0340,PATROL,0
198.573,0.0339,0.0340,PATROL,0
198.607,0.0340,0.0340,PATROL,0
198.641,0.0340,0.0340,PATROL,0
198.675,0.0343,0.0340,PATROL,0
198.709,0.0339,0.0340,PATROL,0
198.743,0.0341,0.0340,PATROL,0
198.777,0.0338,0.0340,PATROL,0
198.811,0.0342,0.0340,PATROL,0
198.845,0.0340,0.0340,PATROL,0
198.879,0.0341,0.0340,PATROL,0
198.913,0.0341,0.0340,PATROL,0
198.947,0.0341,0.0340,PATROL,0
198.981,0.0337,0.0340,PATROL,0
199.015,0.0340,0.0340,PATROL,0
199.050,0.0344,0.0340,PATROL,0
199.083,0.0337,0.0340,PATROL,0
199.117,0.0340,0.0340,PATROL,0
199.151,0.0339,0.0340,PATROL,0
199.185,0.0341,0.0340,PATROL,0
199.219,0.0340,0.0340,PATROL,0
199.253,0.0340,0.0340,PATROL,0
199.287,0.0340,0.0340,PATROL,0
199.321,0.0340,0.0340,PATROL,0
199.355,0.0340,0.0340,PATROL,0
199.389,0.0340,0.0340,PATROL,0
199.423,0.0339,0.0340,PATROL,0
199.457,0.0341,0.0340,PATROL,0
199.492,0.0342,0.0340,PATROL,0
199.526,0.0339,0.0340,PATROL,0
199.559,0.0339,0.0340,PATROL,0
199.594,0.0341,0.0340,PATROL,0
199.628,0.0341,0.0340,PATROL,0
199.661,0.0339,0.0340,PATROL,0
199.696,0.0344,0.0340,PATROL,0
199.730,0.0338,0.0340,PATROL,0
199.764,0.0339,0.0340,PATROL,0
199.798,0.0340,0.0340,PATROL,0
199.832,0.0340,0.0340,PATROL,0
199.865,0.0339,0.0340,PATROL,0
199.900,0.0341,0.0340,PATROL,0
199.934,0.0341,0.0340,PATROL,0
199.968,0.0339,0.0340,PATROL,0
200.002,0.0339,0.0340,PATROL,0
200.036,0.0347,0.0340,PATROL,0
200.070,0.0338,0.0340,PATROL,0
200.104,0.0340,0.0340,PATROL,0
200.138,0.0338,0.0340,PATROL,0
200.172,0.0341,0.0340,PATROL,0
200.206,0.0340,0.0340,PATROL,0
200.240,0.0338,0.0340,PATROL,0
200.274,0.0341,0.0340,PATROL,0
200.308,0.0343,0.0340,PATROL,0
200.342,0.0337,0.0340,PATROL,0
200.376,0.0340,0.0340,PATROL,0
200.410,0.0341,0.0340,PATROL,0
200.444,0.0341,0.0340,PATROL,0
200.478,0.0340,0.0340,PATROL,0
200.512,0.0340,0.0340,PATROL,0
200.546,0.0339,0.0340,PATROL,0
200.580,0.0343,0.0340,PATROL,0
200.614,0.0339,0.0340,PATROL,0
200.648,0.0340,0.0340,PATROL,0
200.682,0.0341,0.0340,PATROL,0
200.716,0.0343,0.0340,PATROL,0
200.750,0.0337,0.0340,PATROL,0
200.784,0.0341,0.0340,PATROL,0
200.818,0.0341,0.0340,PATROL,0
200.852,0.0338,0.0340,PATROL,0
200.886,0.0341,0.0340,PATROL,0
200.920,0.0339,0.0340,PATROL,0
200.954,0.0343,0.0340,PATROL,0
200.988,0.0341,0.0340,PATROL,0
201.022,0.0338,0.0340,PATROL,0
201.056,0.0340,0.0340,PATROL,0
201.090,0.0341,0.0340,PATROL,0
201.124,0.0342,0.0340,PATROL,0
201.158,0.0338,0.0340,PATROL,0
201.192,0.0340,0.0340,PATROL,0
201.226,0.0341,0.0340,PATROL,0
201.260,0.0340,0.0340,PATROL,0
201.294,0.0340,0.0340,PATROL,0
201.328,0.0338,0.0340,PATROL,0
201.362,0.0342,0.0340,PATROL,0
201.396,0.0340,0.0340,PATROL,0
201.430,0.0340,0.0340,PATROL,0
201.464,0.0340,0.0340,PATROL,0
201.499,0.0344,0.0340,PATROL,0
201.532,0.0336,0.0340,PATROL,0
201.566,0.0340,0.0340,PATROL,0
201.601,0.0345,0.0340,PATROL,0
201.634,0.0335,0.0340,PATROL,0
201.668,0.0342,0.0340,PATROL,0
201.702,0.0340,0.0340,PATROL,0
201.736,0.0338,0.0340,PATROL,0
201.770,0.0340,0.0340,PATROL,0
201.805,0.0342,0.0340,PATROL,0
201.838,0.0340,0.0340,PATROL,0
201.873,0.0342,0.0340,PATROL,0
201.907,0.0339,0.0340,PATROL,0
201.941,0.0341,0.0340,PATROL,0
201.975,0.0338,0.0340,PATROL,0
202.008,0.0338,0.0340,PATROL,0
202.043,0.0341,0.0340,PATROL,0
202.077,0.0341,0.0340,PATROL,0
202.110,0.0338,0.0340,PATROL,0
202.145,0.0341,0.0340,PATROL,0
202.179,0.0343,0.0340,PATROL,0
202.213,0.0342,0.0340,PATROL,0
202.247,0.0337,0.0340,PATROL,0
202.281,0.0338,0.0340,PATROL,0
202.315,0.0341,0.0340,PATROL,0
202.349,0.0340,0.0340,PATROL,0
202.383,0.0344,0.0340,PATROL,0
202.417,0.0340,0.0340,PATROL,0
202.451,0.0340,0.0340,PATROL,0
202.485,0.0340,0.0340,PATROL,0
202.519,0.0338,0.0340,PATROL,0
202.553,0.0341,0.0340,PATROL,0
202.587,0.0341,0.0340,PATROL,0
202.621,0.0341,0.0340,PATROL,0
202.655,0.0336,0.0340,PATROL,0
202.689,0.0342,0.0340,PATROL,0
202.723,0.0340,0.0340,PATROL,0
202.757,0.0339,0.0340,PATROL,0
202.791,0.0340,0.0340,PATROL,0
202.825,0.0342,0.0340,PATROL,0
202.859,0.0340,0.0340,PATROL,0
202.893,0.0342,0.0340,PATROL,0
202.927,0.0339,0.0340,PATROL,0
202.961,0.0339,0.0340,PATROL,0
202.995,0.0342,0.0340,PATROL,0
203.029,0.0340,0.0340,PATROL,0
203.063,0.0340,0.0340,PATROL,0
203.097,0.0340,0.0340,PATROL,0
203.131,0.0343,0.0340,PATROL,0
203.165,0.0337,0.0340,PATROL,0
203.199,0.0341,0.0340,PATROL,0
203.233,0.0340,0.0340,PATROL,0
203.268,0.0343,0.0340,PATROL,0
203.301,0.0336,0.0340,PATROL,0
203.335,0.0341,0.0340,PATROL,0
203.369,0.0339,0.0340,PATROL,0
203.403,0.0342,0.0340,PATROL,0
203.438,0.0343,0.0340,PATROL,0
203.471,0.0338,0.0340,PATROL,0
203.505,0.0340,0.0340,PATROL,0
203.539,0.0338,0.0340,PATROL,0
203.573,0.0342,0.0340,PATROL,0
203.607,0.0338,0.0340,PATROL,0
203.641,0.0343,0.0340,PATROL,0
203.675,0.0336,0.0340,PATROL,0
203.710,0.0345,0.0340,PATROL,0
203.743,0.0338,0.0340,PATROL,0
203.778,0.0341,0.0340,PATROL,0
203.811,0.0339,0.0340,PATROL,0
203.845,0.0340,0.0340,PATROL,0
203.880,0.0341,0.0340,PATROL,0
203.914,0.0340,0.0340,PATROL,0
203.948,0.0341,0.0340,PATROL,0
203.982,0.0340,0.0340,PATROL,0
204.016,0.0340,0.0340,PATROL,0
204.050,0.0341,0.0340,PATROL,0
204.084,0.0341,0.0340,PATROL,0
204.118,0.0340,0.0340,PATROL,0
204.152,0.0337,0.0340,PATROL,0
204.186,0.0341,0.0340,PATROL,0
204.219,0.0339,0.0340,PATROL,0
204.254,0.0341,0.0340,PATROL,0
204.288,0.0340,0.0340,PATROL,0
204.321,0.0339,0.0340,PATROL,0
204.356,0.0343,0.0340,PATROL,0
204.390,0.0338,0.0340,PATROL,0
204.424,0.0340,0.0340,PATROL,0
204.458,0.0342,0.0340,PATROL,0
204.492,0.0340,0.0340,PATROL,0
204.526,0.0340,0.0340,PATROL,0
204.560,0.0342,0.0340,PATROL,0
204.594,0.0338,0.0340,PATROL,0
204.628,0.0341,0.0340,PATROL,0
204.662,0.0340,0.0340,PATROL,0
204.696,0.0340,0.0340,PATROL,0
204.730,0.0340,0.0340,PATROL,0
204.764,0.0340,0.0340,PATROL,0
204.798,0.0343,0.0340,PATROL,0
204.832,0.0341,0.0340,PATROL,0
204.866,0.0339,0.0340,PATROL,0
204.900,0.0340,0.0340,PATROL,0
204.934,0.0341,0.0340,PATROL,0
204.968,0.0338,0.0340,PATROL,0
205.002,0.0340,0.0340,PATROL,0
205.037,0.0347,0.0340,PATROL,0
205.070,0.0338,0.0340,PATROL,0
205.105,0.0340,0.0340,PATROL,0
205.138,0.0335,0.0340,PATROL,0
205.172,0.0343,0.0340,PATROL,0
205.206,0.0337,0.0340,PATROL,0
205.240,0.0341,0.0340,PATROL,0
205.274,0.0342,0.0340,PATROL,0
205.308,0.0339,0.0340,PATROL,0
205.342,0.0339,0.0340,PATROL,0
205.376,0.0339,0.0340,PATROL,0
205.410,0.0341,0.0340,PATROL,0
205.444,0.0343,0.0340,PATROL,0
205.478,0.0339,0.0340,PATROL,0
205.512,0.0339,0.0340,PATROL,0
205.546,0.0341,0.0340,PATROL,0
205.580,0.0341,0.0340,PATROL,0
205.614,0.0339,0.0340,PATROL,0
205.648,0.0341,0.0340,PATROL,0
205.682,0.0339,0.0340,PATROL,0
205.717,0.0343,0.0340,PATROL,0
205.750,0.0337,0.0340,PATROL,0
205.784,0.0341,0.0340,PATROL,0
205.818,0.0340,0.0340,PATROL,0
205.852,0.0339,0.0340,PATROL,0
205.886,0.0340,0.0340,PATROL,0
205.920,0.0342,0.0340,PATROL,0
205.954,0.0338,0.0340,PATROL,0
205.988,0.0339,0.0340,PATROL,0
206.022,0.0340,0.0340,PATROL,0
206.056,0.0341,0.0340,PATROL,0
206.091,0.0345,0.0340,PATROL,0
206.124,0.0334,0.0340,PATROL,0
206.158,0.0343,0.0340,PATROL,0
206.192,0.0338,0.0340,PATROL,0
206.226,0.0340,0.0340,PATROL,0
206.260,0.0341,0.0340,PATROL,0
206.294,0.0341,0.0340,PATROL,0
206.328,0.0339,0.0340,PATROL,0
206.363,0.0342,0.0340,PATROL,0
206.396,0.0338,0.0340,PATROL,0
206.431,0.0342,0.0340,PATROL,0
206.465,0.0340,0.0340,PATROL,0
206.499,0.0341,0.0340,PATROL,0
206.533,0.0338,0.0340,PATROL,0
206.567,0.0341,0.0340,PATROL,0
206.601,0.0340,0.0340,PATROL,0
206.635,0.0340,0.0340,PATROL,0
206.669,0.0340,0.0340,PATROL,0
206.703,0.0340,0.0340,PATROL,0
206.737,0.0340,0.0340,PATROL,0
206.771,0.0340,0.0340,PATROL,0
206.805,0.0340,0.0340,PATROL,0
206.839,0.0341,0.0340,PATROL,0
206.873,0.0340,0.0340,PATROL,0
206.907,0.0341,0.0340,PATROL,0
206.941,0.0340,0.0340,PATROL,0
206.975,0.0339,0.0340,PATROL,0
207.009,0.0343,0.0340,PATROL,0
207.043,0.0338,0.0340,PATROL,0
207.077,0.0339,0.0340,PATROL,0
207.111,0.0343,0.0340,PATROL,0
207.145,0.0340,0.0340,PATROL,0
207.179,0.0339,0.0340,PATROL,0
207.213,0.0342,0.0340,PATROL,0
207.247,0.0338,0.0340,PATROL,0
207.281,0.0340,0.0340,PATROL,0
207.315,0.0343,0.0340,PATROL,0
207.349,0.0337,0.0340,PATROL,0
207.383,0.0340,0.0340,PATROL,0
207.417,0.0340,0.0340,PATROL,0
207.451,0.0339,0.0340,PATROL,0
207.485,0.0341,0.0340,PATROL,0
207.519,0.0341,0.0340,PATROL,0
207.553,0.0338,0.0340,PATROL,0
207.587,0.0339,0.0340,PATROL,0
207.621,0.0341,0.0340,PATROL,0
207.655,0.0339,0.0340,PATROL,0
207.689,0.0340,0.0340,PATROL,0
207.723,0.0341,0.0340,PATROL,0
207.757,0.0340,0.0340,PATROL,0
207.791,0.0342,0.0340,PATROL,0
207.825,0.0340,0.0340,PATROL,0
207.859,0.0340,0.0340,PATROL,0
207.893,0.0338,0.0340,PATROL,0
207.927,0.0340,0.0340,PATROL,0
207.961,0.0341,0.0340,PATROL,0
207.995,0.0340,0.0340,PATROL,0
208.029,0.0340,0.0340,PATROL,0
208.063,0.0341,0.0340,PATROL,0
208.097,0.0341,0.0340,PATROL,0
208.131,0.0341,0.0340,PATROL,0
208.165,0.0339,0.0340,PATROL,0
208.199,0.0342,0.0340,PATROL,0
208.233,0.0339,0.0340,PATROL,0
208.268,0.0344,0.0340,PATROL,0
208.302,0.0338,0.0340,PATROL,0
208.336,0.0341,0.0340,PATROL,0
208.370,0.0340,0.0340,PATROL,0
208.404,0.0340,0.0340,PATROL,0
208.438,0.0340,0.0340,PATROL,0
208.471,0.0339,0.0340,PATROL,0
208.506,0.0343,0.0340,PATROL,0
208.540,0.0338,0.0340,PATROL,0
208.574,0.0339,0.0340,PATROL,0
208.608,0.0341,0.0340,PATROL,0
208.642,0.0340,0.0340,PATROL,0
208.676,0.0341,0.0340,PATROL,0
208.710,0.0339,0.0340,PATROL,0
208.744,0.0341,0.0340,PATROL,0
208.778,0.0341,0.0340,PATROL,0
208.812,0.0339,0.0340,PATROL,0
208.846,0.0340,0.0340,PATROL,0
208.880,0.0340,0.0340,PATROL,0
208.914,0.0340,0.0340,PATROL,0
208.948,0.0341,0.0340,PATROL,0
208.982,0.0340,0.0340,PATROL,0
209.016,0.0341,0.0340,PATROL,0
209.050,0.0339,0.0340,PATROL,0
209.084,0.0340,0.0340,PATROL,0
209.118,0.0340,0.0340,PATROL,0
209.152,0.0341,0.0340,PATROL,0
209.186,0.0340,0.0340,PATROL,0
209.220,0.0343,0.0340,PATROL,0
209.254,0.0341,0.0340,PATROL,0
209.288,0.0337,0.0340,PATROL,0
209.322,0.0340,0.0340,PATROL,0
209.356,0.0339,0.0340,PATROL,0
209.390,0.0343,0.0340,PATROL,0
209.424,0.0338,0.0340,PATROL,0
209.458,0.0340,0.0340,PATROL,0
209.492,0.0341,0.0340,PATROL,0
209.526,0.0340,0.0340,PATROL,0
209.560,0.0338,0.0340,PATROL,0
209.594,0.0341,0.0340,PATROL,0
209.628,0.0340,0.0340,PATROL,0
209.662,0.0341,0.0340,PATROL,0
209.696,0.0340,0.0340,PATROL,0
209.730,0.0340,0.0340,PATROL,0
209.764,0.0340,0.0340,PATROL,0
209.798,0.0338,0.0340,PATROL,0
209.832,0.0341,0.0340,PATROL,0
209.866,0.0341,0.0340,PATROL,0
209.900,0.0338,0.0340,PATROL,0
209.934,0.0344,0.0340,PATROL,0
209.968,0.0338,0.0340,PATROL,0
210.002,0.0341,0.0340,PATROL,0
210.037,0.0347,0.0340,PATROL,0
210.070,0.0333,0.0340,PATROL,0
210.104,0.0341,0.0340,PATROL,0
210.138,0.0340,0.0340,PATROL,0
210.172,0.0340,0.0340,PATROL,0
210.206,0.0341,0.0340,PATROL,0
210.240,0.0340,0.0340,PATROL,0
210.274,0.0340,0.0340,PATROL,0
210.308,0.0340,0.0340,PATROL,0
210.342,0.0341,0.0340,PATROL,0
210.376,0.0340,0.0340,PATROL,0
210.410,0.0340,0.0340,PATROL,0
210.445,0.0342,0.0340,PATROL,0
210.478,0.0338,0.0340,PATROL,0
210.513,0.0342,0.0340,PATROL,0
210.547,0.0339,0.0340,PATROL,0
210.581,0.0341,0.0340,PATROL,0
210.615,0.0340,0.0340,PATROL,0
210.648,0.0339,0.0340,PATROL,0
210.682,0.0340,0.0340,PATROL,0
210.716,0.0340,0.0340,PATROL,0
210.751,0.0341,0.0340,PATROL,0
210.785,0.0340,0.0340,PATROL,0
210.819,0.0344,0.0340,PATROL,0
210.853,0.0337,0.0340,PATROL,0
210.887,0.0340,0.0340,PATROL,0
210.921,0.0340,0.0340,PATROL,0
210.955,0.0342,0.0340,PATROL,0
210.989,0.0340,0.0340,PATROL,0
211.023,0.0339,0.0340,PATROL,0
211.057,0.0341,0.0340,PATROL,0
211.091,0.0340,0.0340,PATROL,0
211.125,0.0339,0.0340,PATROL,0
211.159,0.0340,0.0340,PATROL,0
211.193,0.0342,0.0340,PATROL,0
211.227,0.0339,0.0340,PATROL,0
211.261,0.0340,0.0340,PATROL,0
211.295,0.0341,0.0340,PATROL,0
211.329,0.0342,0.0340,PATROL,0
211.363,0.0339,0.0340,PATROL,0
211.397,0.0340,0.0340,PATROL,0
211.431,0.0340,0.0340,PATROL,0
211.465,0.0340,0.0340,PATROL,0
211.499,0.0344,0.0340,PATROL,0
211.533,0.0337,0.0340,PATROL,0
211.567,0.0340,0.0340,PATROL,0
211.601,0.0341,0.0340,PATROL,0
211.635,0.0339,0.0340,PATROL,0
211.669,0.0339,0.0340,PATROL,0
211.703,0.0342,0.0340,PATROL,0
211.737,0.0340,0.0340,PATROL,0
211.771,0.0340,0.0340,PATROL,0
211.805,0.0339,0.0340,PATROL,0
211.839,0.0341,0.0340,PATROL,0
211.873,0.0341,0.0340,PATROL,0
211.907,0.0338,0.0340,PATROL,0
211.941,0.0341,0.0340,PATROL,0
211.975,0.0340,0.0340,PATROL,0
212.009,0.0341,0.0340,PATROL,0
212.043,0.0338,0.0340,PATROL,0
212.077,0.0342,0.0340,PATROL,0
212.111,0.0340,0.0340,PATROL,0
212.145,0.0338,0.0340,PATROL,0
212.179,0.0341,0.0340,PATROL,0
212.213,0.0342,0.0340,PATROL,0
212.247,0.0338,0.0340,PATROL,0
212.281,0.0344,0.0340,PATROL,0
212.315,0.0338,0.0340,PATROL,0
212.349,0.0340,0.0340,PATROL,0
212.383,0.0342,0.0340,PATROL,0
212.417,0.0340,0.0340,PATROL,0
212.451,0.0340,0.0340,PATROL,0
212.485,0.0340,0.0340,PATROL,0
212.519,0.0340,0.0340,PATROL,0
212.553,0.0339,0.0340,PATROL,0
212.588,0.0343,0.0340,PATROL,0
212.621,0.0338,0.0340,PATROL,0
212.656,0.0343,0.0340,PATROL,0
212.690,0.0338,0.0340,PATROL,0
212.724,0.0342,0.0340,PATROL,0
212.757,0.0336,0.0340,PATROL,0
212.791,0.0341,0.0340,PATROL,0
212.826,0.0342,0.0340,PATROL,0
212.860,0.0339,0.0340,PATROL,0
212.894,0.0339,0.0340,PATROL,0
212.928,0.0340,0.0340,PATROL,0
212.961,0.0340,0.0340,PATROL,0
212.996,0.0342,0.0340,PATROL,0
213.029,0.0338,0.0340,PATROL,0
213.064,0.0341,0.0340,PATROL,0
213.098,0.0339,0.0340,PATROL,0
213.132,0.0340,0.0340,PATROL,0
213.166,0.0340,0.0340,PATROL,0
213.200,0.0340,0.0340,PATROL,0
213.234,0.0343,0.0340,PATROL,0
213.268,0.0339,0.0340,PATROL,0
213.302,0.0339,0.0340,PATROL,0
213.336,0.0340,0.0340,PATROL,0
213.370,0.0342,0.0340,PATROL,0
213.404,0.0340,0.0340,PATROL,0
213.438,0.0340,0.0340,PATROL,0
213.472,0.0340,0.0340,PATROL,0
213.506,0.0340,0.0340,PATROL,0
213.540,0.0342,0.0340,PATROL,0
213.574,0.0338,0.0340,PATROL,0
213.608,0.0340,0.0340,PATROL,0
213.642,0.0340,0.0340,PATROL,0
213.676,0.0341,0.0340,PATROL,0
213.710,0.0339,0.0340,PATROL,0
213.744,0.0343,0.0340,PATROL,0
213.778,0.0339,0.0340,PATROL,0
213.812,0.0339,0.0340,PATROL,0
213.846,0.0341,0.0340,PATROL,0
213.880,0.0341,0.0340,PATROL,0
213.914,0.0341,0.0340,PATROL,0
213.948,0.0339,0.0340,PATROL,0
213.982,0.0340,0.0340,PATROL,0
214.016,0.0339,0.0340,PATROL,0
214.050,0.0340,0.0340,PATROL,0
214.084,0.0345,0.0340,PATROL,0
214.118,0.0336,0.0340,PATROL,0
214.152,0.0341,0.0340,PATROL,0
214.186,0.0341,0.0340,PATROL,0
214.220,0.0338,0.0340,PATROL,0
214.254,0.0342,0.0340,PATROL,0
214.288,0.0340,0.0340,PATROL,0
214.322,0.0340,0.0340,PATROL,0
214.356,0.0340,0.0340,PATROL,0
214.390,0.0340,0.0340,PATROL,0
214.424,0.0339,0.0340,PATROL,0
214.458,0.0340,0.0340,PATROL,0
214.493,0.0345,0.0340,PATROL,0
214.526,0.0338,0.0340,PATROL,0
214.560,0.0339,0.0340,PATROL,0
214.594,0.0339,0.0340,PATROL,0
214.628,0.0340,0.0340,PATROL,0
214.662,0.0341,0.0340,PATROL,0
214.696,0.0340,0.0340,PATROL,0
214.730,0.0340,0.0340,PATROL,0
214.764,0.0340,0.0340,PATROL,0
214.798,0.0340,0.0340,PATROL,0
214.833,0.0341,0.0340,PATROL,0
214.866,0.0338,0.0340,PATROL,0
214.901,0.0344,0.0340,PATROL,0
214.935,0.0339,0.0340,PATROL,0
214.969,0.0339,0.0340,PATROL,0
215.002,0.0338,0.0340,PATROL,0
215.037,0.0344,0.0340,PATROL,0
215.071,0.0341,0.0340,PATROL,0
215.105,0.0338,0.0340,PATROL,0
215.139,0.0339,0.0340,PATROL,0
215.173,0.0341,0.0340,PATROL,0
215.206,0.0339,0.0340,PATROL,0
215.241,0.0341,0.0340,PATROL,0
215.274,0.0339,0.0340,PATROL,0
215.309,0.0345,0.0340,PATROL,0
215.343,0.0337,0.0340,PATROL,0
215.377,0.0341,0.0340,PATROL,0
215.411,0.0340,0.0340,PATROL,0
215.445,0.0340,0.0340,PATROL,0
215.479,0.0339,0.0340,PATROL,0
215.513,0.0339,0.0340,PATROL,0
215.547,0.0341,0.0340,PATROL,0
215.581,0.0340,0.0340,PATROL,0
215.615,0.0340,0.0340,PATROL,0
215.649,0.0340,0.0340,PATROL,0
215.683,0.0339,0.0340,PATROL,0
215.717,0.0339,0.0340,PATROL,0
215.751,0.0342,0.0340,PATROL,0
215.785,0.0340,0.0340,PATROL,0
215.819,0.0338,0.0340,PATROL,0
215.853,0.0340,0.0340,PATROL,0
215.887,0.0342,0.0340,PATROL,0
215.921,0.0338,0.0340,PATROL,0
215.955,0.0341,0.0340,PATROL,0
215.989,0.0342,0.0340,PATROL,0
216.023,0.0338,0.0340,PATROL,0
216.057,0.0340,0.0340,PATROL,0
216.091,0.0342,0.0340,PATROL,0
216.125,0.0340,0.0340,PATROL,0
216.159,0.0339,0.0340,PATROL,0
216.193,0.0341,0.0340,PATROL,0
216.227,0.0340,0.0340,PATROL,0
216.261,0.0340,0.0340,PATROL,0
216.295,0.0340,0.0340,PATROL,0
216.329,0.0339,0.0340,PATROL,0
216.363,0.0343,0.0340,PATROL,0
216.397,0.0337,0.0340,PATROL,0
216.431,0.0340,0.0340,PATROL,0
216.465,0.0339,0.0340,PATROL,0
216.499,0.0340,0.0340,PATROL,0
216.533,0.0340,0.0340,PATROL,0
216.567,0.0340,0.0340,PATROL,0
216.601,0.0340,0.0340,PATROL,0
216.635,0.0339,0.0340,PATROL,0
216.669,0.0341,0.0340,PATROL,0
216.703,0.0339,0.0340,PATROL,0
216.737,0.0340,0.0340,PATROL,0
216.771,0.0341,0.0340,PATROL,0
216.805,0.0340,0.0340,PATROL,0
216.839,0.0341,0.0340,PATROL,0
216.873,0.0341,0.0340,PATROL,0
216.907,0.0339,0.0340,PATROL,0
216.941,0.0341,0.0340,PATROL,0
216.975,0.0340,0.0340,PATROL,0
217.009,0.0341,0.0340,PATROL,0
217.043,0.0341,0.0340,PATROL,0
217.078,0.0342,0.0340,PATROL,0
217.112,0.0340,0.0340,PATROL,0
217.145,0.0338,0.0340,PATROL,0
217.179,0.0340,0.0340,PATROL,0
217.213,0.0339,0.0340,PATROL,0
217.247,0.0341,0.0340,PATROL,0
217.281,0.0339,0.0340,PATROL,0
217.315,0.0341,0.0340,PATROL,0
217.350,0.0340,0.0340,PATROL,0
217.384,0.0341,0.0340,PATROL,0
217.417,0.0338,0.0340,PATROL,0
217.451,0.0341,0.0340,PATROL,0
217.486,0.0341,0.0340,PATROL,0
217.520,0.0340,0.0340,PATROL,0
217.553,0.0339,0.0340,PATROL,0
217.588,0.0342,0.0340,PATROL,0
217.622,0.0339,0.0340,PATROL,0
217.656,0.0341,0.0340,PATROL,0
217.690,0.0341,0.0340,PATROL,0
217.724,0.0340,0.0340,PATROL,0
217.758,0.0339,0.0340,PATROL,0
217.792,0.0341,0.0340,PATROL,0
217.826,0.0341,0.0340,PATROL,0
217.860,0.0344,0.0340,PATROL,0
217.894,0.0336,0.0340,PATROL,0
217.928,0.0339,0.0340,PATROL,0
217.962,0.0342,0.0340,PATROL,0
217.996,0.0339,0.0340,PATROL,0
218.030,0.0341,0.0340,PATROL,0
218.064,0.0340,0.0340,PATROL,0
218.098,0.0340,0.0340,PATROL,0
218.132,0.0339,0.0340,PATROL,0
218.166,0.0342,0.0340,PATROL,0
218.200,0.0339,0.0340,PATROL,0
218.234,0.0341,0.0340,PATROL,0
218.268,0.0340,0.0340,PATROL,0
218.302,0.0340,0.0340,PATROL,0
218.336,0.0341,0.0340,PATROL,0
218.370,0.0339,0.0340,PATROL,0
218.404,0.0343,0.0340,PATROL,0
218.438,0.0337,0.0340,PATROL,0
218.472,0.0341,0.0340,PATROL,0
218.506,0.0344,0.0340,PATROL,0
218.540,0.0337,0.0340,PATROL,0
218.574,0.0342,0.0340,PATROL,0
218.608,0.0341,0.0340,PATROL,0
218.642,0.0340,0.0340,PATROL,0
218.677,0.0341,0.0340,PATROL,0
218.710,0.0337,0.0340,PATROL,0
218.744,0.0339,0.0340,PATROL,0
218.778,0.0340,0.0340,PATROL,0
218.812,0.0339,0.0340,PATROL,0
218.846,0.0344,0.0340,PATROL,0
218.880,0.0338,0.0340,PATROL,0
218.914,0.0340,0.0340,PATROL,0
218.948,0.0341,0.0340,PATROL,0
218.982,0.0339,0.0340,PATROL,0
219.016,0.0340,0.0340,PATROL,0
219.050,0.0343,0.0340,PATROL,0
219.085,0.0341,0.0340,PATROL,0
219.118,0.0339,0.0340,PATROL,0
219.153,0.0341,0.0340,PATROL,0
219.187,0.0340,0.0340,PATROL,0
219.220,0.0339,0.0340,PATROL,0
219.254,0.0340,0.0340,PATROL,0
219.288,0.0339,0.0340,PATROL,0
219.322,0.0341,0.0340,PATROL,0
219.357,0.0342,0.0340,PATROL,0
219.391,0.0341,0.0340,PATROL,0
219.425,0.0338,0.0340,PATROL,0
219.458,0.0339,0.0340,PATROL,0
219.493,0.0344,0.0340,PATROL,0
219.526,0.0335,0.0340,PATROL,0
219.561,0.0343,0.0340,PATROL,0
219.595,0.0340,0.0340,PATROL,0
219.629,0.0340,0.0340,PATROL,0
219.663,0.0340,0.0340,PATROL,0
219.697,0.0340,0.0340,PATROL,0
219.731,0.0341,0.0340,PATROL,0
219.765,0.0338,0.0340,PATROL,0
219.799,0.0341,0.0340,PATROL,0
219.833,0.0341,0.0340,PATROL,0
219.867,0.0340,0.0340,PATROL,0
219.901,0.0338,0.0340,PATROL,0
219.935,0.0343,0.0340,PATROL,0
219.969,0.0338,0.0340,PATROL,0
220.003,0.0340,0.0340,PATROL,0
220.037,0.0342,0.0340,PATROL,0
220.071,0.0339,0.0340,PATROL,0
220.105,0.0342,0.0340,PATROL,0
220.139,0.0337,0.0340,PATROL,0
220.173,0.0341,0.0340,PATROL,0
220.207,0.0341,0.0340,PATROL,0
220.241,0.0339,0.0340,PATROL,0
220.275,0.0342,0.0340,PATROL,0
220.309,0.0341,0.0340,PATROL,0
220.343,0.0338,0.0340,PATROL,0
220.377,0.0341,0.0340,PATROL,0
220.411,0.0339,0.0340,PATROL,0
220.445,0.0342,0.0340,PATROL,0
220.479,0.0339,0.0340,PATROL,0
220.513,0.0340,0.0340,PATROL,0
220.547,0.0339,0.0340,PATROL,0
220.581,0.0340,0.0340,PATROL,0
220.615,0.0341,0.0340,PATROL,0
220.649,0.0341,0.0340,PATROL,0
220.683,0.0339,0.0340,PATROL,0
220.717,0.0344,0.0340,PATROL,0
220.751,0.0336,0.0340,PATROL,0
220.785,0.0342,0.0340,PATROL,0
220.819,0.0342,0.0340,PATROL,0
220.853,0.0337,0.0340,PATROL,0
220.887,0.0340,0.0340,PATROL,0
220.921,0.0341,0.0340,PATROL,0
220.955,0.0340,0.0340,PATROL,0
220.989,0.0342,0.0340,PATROL,0
221.023,0.0339,0.0340,PATROL,0
221.057,0.0339,0.0340,PATROL,0
221.091,0.0342,0.0340,PATROL,0
221.125,0.0340,0.0340,PATROL,0
221.159,0.0338,0.0340,PATROL,0
221.193,0.0340,0.0340,PATROL,0
221.227,0.0340,0.0340,PATROL,0
221.261,0.0341,0.0340,PATROL,0
221.295,0.0341,0.0340,PATROL,0
221.329,0.0340,0.0340,PATROL,0
221.364,0.0343,0.0340,PATROL,0
221.397,0.0337,0.0340,PATROL,0
221.431,0.0341,0.0340,PATROL,0
221.466,0.0342,0.0340,PATROL,0
221.500,0.0340,0.0340,PATROL,0
221.533,0.0340,0.0340,PATROL,0
221.567,0.0340,0.0340,PATROL,0
221.601,0.0340,0.0340,PATROL,0
221.635,0.0340,0.0340,PATROL,0
221.669,0.0341,0.0340,PATROL,0
221.703,0.0340,0.0340,PATROL,0
221.737,0.0340,0.0340,PATROL,0
221.772,0.0341,0.0340,PATROL,0
221.806,0.0341,0.0340,PATROL,0
221.840,0.0339,0.0340,PATROL,0
221.874,0.0342,0.0340,PATROL,0
221.908,0.0340,0.0340,PATROL,0
221.942,0.0340,0.0340,PATROL,0
221.976,0.0340,0.0340,PATROL,0
222.010,0.0339,0.0340,PATROL,0
222.044,0.0340,0.0340,PATROL,0
222.078,0.0341,0.0340,PATROL,0
222.112,0.0340,0.0340,PATROL,0
222.146,0.0342,0.0340,PATROL,0
222.180,0.0342,0.0340,PATROL,0
222.214,0.0336,0.0340,PATROL,0
222.248,0.0342,0.0340,PATROL,0
222.282,0.0340,0.0340,PATROL,0
222.316,0.0339,0.0340,PATROL,0
222.350,0.0340,0.0340,PATROL,0
222.384,0.0340,0.0340,PATROL,0
222.418,0.0339,0.0340,PATROL,0
222.452,0.0342,0.0340,PATROL,0
222.486,0.0340,0.0340,PATROL,0
222.520,0.0339,0.0340,PATROL,0
222.554,0.0341,0.0340,PATROL,0
222.588,0.0341,0.0340,PATROL,0
222.622,0.0339,0.0340,PATROL,0
222.656,0.0341,0.0340,PATROL,0
222.690,0.0340,0.0340,PATROL,0
222.724,0.0341,0.0340,PATROL,0
222.758,0.0340,0.0340,PATROL,0
222.792,0.0340,0.0340,PATROL,0
222.826,0.0340,0.0340,PATROL,0
222.860,0.0338,0.0340,PATROL,0
222.894,0.0341,0.0340,PATROL,0
222.928,0.0340,0.0340,PATROL,0
222.962,0.0341,0.0340,PATROL,0
222.996,0.0341,0.0340,PATROL,0
223.030,0.0339,0.0340,PATROL,0
223.064,0.0340,0.0340,PATROL,0
223.098,0.0340,0.0340,PATROL,0
223.132,0.0342,0.0340,PATROL,0
223.166,0.0338,0.0340,PATROL,0
223.200,0.0343,0.0340,PATROL,0
223.234,0.0339,0.0340,PATROL,0
223.269,0.0342,0.0340,PATROL,0
223.302,0.0337,0.0340,PATROL,0
223.336,0.0341,0.0340,PATROL,0
223.370,0.0338,0.0340,PATROL,0
223.404,0.0342,0.0340,PATROL,0
223.438,0.0339,0.0340,PATROL,0
223.472,0.0340,0.0340,PATROL,0
223.506,0.0339,0.0340,PATROL,0
223.540,0.0341,0.0340,PATROL,0
223.574,0.0340,0.0340,PATROL,0
223.608,0.0342,0.0340,PATROL,0
223.642,0.0340,0.0340,PATROL,0
223.676,0.0340,0.0340,PATROL,0
223.710,0.0340,0.0340,PATROL,0
223.744,0.0340,0.0340,PATROL,0
223.778,0.0339,0.0340,PATROL,0
223.812,0.0342,0.0340,PATROL,0
223.846,0.0340,0.0340,PATROL,0
223.880,0.0340,0.0340,PATROL,0
223.914,0.0339,0.0340,PATROL,0
223.949,0.0342,0.0340,PATROL,0
223.983,0.0341,0.0340,PATROL,0
224.017,0.0338,0.0340,PATROL,0
224.051,0.0341,0.0340,PATROL,0
224.085,0.0341,0.0340,PATROL,0
224.119,0.0339,0.0340,PATROL,0
224.153,0.0339,0.0340,PATROL,0
224.187,0.0341,0.0340,PATROL,0
224.221,0.0340,0.0340,PATROL,0
224.255,0.0339,0.0340,PATROL,0
224.289,0.0341,0.0340,PATROL,0
224.323,0.0341,0.0340,PATROL,0
224.357,0.0339,0.0340,PATROL,0
224.391,0.0342,0.0340,PATROL,0
224.425,0.0337,0.0340,PATROL,0
224.459,0.0341,0.0340,PATROL,0
224.493,0.0342,0.0340,PATROL,0
224.527,0.0338,0.0340,PATROL,0
224.561,0.0341,0.0340,PATROL,0
224.595,0.0344,0.0340,PATROL,0
224.629,0.0339,0.0340,PATROL,0
224.663,0.0338,0.0340,PATROL,0
224.697,0.0340,0.0340,PATROL,0
224.731,0.0343,0.0340,PATROL,0
224.765,0.0339,0.0340,PATROL,0
224.799,0.0340,0.0340,PATROL,0
224.833,0.0339,0.0340,PATROL,0
224.867,0.0346,0.0340,PATROL,0
224.901,0.0339,0.0340,PATROL,0
224.935,0.0338,0.0340,PATROL,0
224.969,0.0340,0.0340,PATROL,0
225.003,0.0343,0.0340,PATROL,0
225.037,0.0336,0.0340,PATROL,0
225.071,0.0339,0.0340,PATROL,0
225.105,0.0341,0.0340,PATROL,0
225.139,0.0341,0.0340,PATROL,0
225.173,0.0338,0.0340,PATROL,0
225.207,0.0342,0.0340,PATROL,0
225.241,0.0338,0.0340,PATROL,0
225.275,0.0342,0.0340,PATROL,0
225.309,0.0341,0.0340,PATROL,0
225.343,0.0338,0.0340,PATROL,0
225.377,0.0342,0.0340,PATROL,0
225.411,0.0339,0.0340,PATROL,0
225.445,0.0341,0.0340,PATROL,0
225.480,0.0343,0.0340,PATROL,0
225.513,0.0337,0.0340,PATROL,0
225.547,0.0341,0.0340,PATROL,0
225.581,0.0340,0.0340,PATROL,0
225.615,0.0341,0.0340,PATROL,0
225.649,0.0340,0.0340,PATROL,0
225.683,0.0340,0.0340,PATROL,0
225.717,0.0337,0.0340,PATROL,0
225.751,0.0340,0.0340,PATROL,0
225.785,0.0342,0.0340,PATROL,0
225.819,0.0340,0.0340,PATROL,0
225.853,0.0340,0.0340,PATROL,0
225.887,0.0341,0.0340,PATROL,0
225.921,0.0338,0.0340,PATROL,0
225.956,0.0344,0.0340,PATROL,0
225.990,0.0338,0.0340,PATROL,0
226.023,0.0340,0.0340,PATROL,0
226.057,0.0340,0.0340,PATROL,0
226.092,0.0341,0.0340,PATROL,0
226.125,0.0338,0.0340,PATROL,0
226.160,0.0341,0.0340,PATROL,0
226.194,0.0340,0.0340,PATROL,0
226.228,0.0342,0.0340,PATROL,0
226.261,0.0337,0.0340,PATROL,0
226.296,0.0341,0.0340,PATROL,0
226.330,0.0340,0.0340,PATROL,0
226.364,0.0341,0.0340,PATROL,0
226.398,0.0339,0.0340,PATROL,0
226.432,0.0338,0.0340,PATROL,0
226.466,0.0342,0.0340,PATROL,0
226.500,0.0340,0.0340,PATROL,0
226.534,0.0340,0.0340,PATROL,0
226.568,0.0339,0.0340,PATROL,0
226.602,0.0340,0.0340,PATROL,0
226.636,0.0340,0.0340,PATROL,0
226.670,0.0341,0.0340,PATROL,0
226.704,0.0340,0.0340,PATROL,0
226.738,0.0339,0.0340,PATROL,0
226.772,0.0342,0.0340,PATROL,0
226.806,0.0339,0.0340,PATROL,0
226.840,0.0342,0.0340,PATROL,0
226.874,0.0341,0.0340,PATROL,0
226.908,0.0337,0.0340,PATROL,0
226.942,0.0340,0.0340,PATROL,0
226.976,0.0341,0.0340,PATROL,0
227.010,0.0342,0.0340,PATROL,0
227.044,0.0341,0.0340,PATROL,0
227.078,0.0338,0.0340,PATROL,0
227.112,0.0340,0.0340,PATROL,0
227.146,0.0341,0.0340,PATROL,0
227.180,0.0339,0.0340,PATROL,0
227.214,0.0345,0.0340,PATROL,0
227.248,0.0341,0.0340,PATROL,0
227.282,0.0337,0.0340,PATROL,0
227.316,0.0342,0.0340,PATROL,0
227.350,0.0339,0.0340,PATROL,0
227.384,0.0339,0.0340,PATROL,0
227.418,0.0340,0.0340,PATROL,0
227.452,0.0342,0.0340,PATROL,0
227.486,0.0339,0.0340,PATROL,0
227.520,0.0339,0.0340,PATROL,0
227.554,0.0339,0.0340,PATROL,0
227.588,0.0343,0.0340,PATROL,0
227.622,0.0338,0.0340,PATROL,0
227.656,0.0344,0.0340,PATROL,0
227.690,0.0340,0.0340,PATROL,0
227.724,0.0337,0.0340,PATROL,0
227.758,0.0339,0.0340,PATROL,0
227.792,0.0342,0.0340,PATROL,0
227.826,0.0340,0.0340,PATROL,0
227.860,0.0340,0.0340,PATROL,0
227.894,0.0340,0.0340,PATROL,0
227.928,0.0341,0.0340,PATROL,0
227.962,0.0339,0.0340,PATROL,0
227.996,0.0340,0.0340,PATROL,0
228.030,0.0343,0.0340,PATROL,0
228.065,0.0341,0.0340,PATROL,0
228.098,0.0338,0.0340,PATROL,0
228.132,0.0338,0.0340,PATROL,0
228.166,0.0342,0.0340,PATROL,0
228.200,0.0338,0.0340,PATROL,0
228.234,0.0340,0.0340,PATROL,0
228.268,0.0341,0.0340,PATROL,0
228.302,0.0340,0.0340,PATROL,0
228.336,0.0341,0.0340,PATROL,0
228.370,0.0341,0.0340,PATROL,0
228.405,0.0342,0.0340,PATROL,0
228.438,0.0338,0.0340,PATROL,0
228.472,0.0340,0.0340,PATROL,0
228.506,0.0340,0.0340,PATROL,0
228.541,0.0342,0.0340,PATROL,0
228.575,0.0340,0.0340,PATROL,0
228.608,0.0339,0.0340,PATROL,0
228.642,0.0340,0.0340,PATROL,0
228.676,0.0340,0.0340,PATROL,0
228.711,0.0342,0.0340,PATROL,0
228.745,0.0341,0.0340,PATROL,0
228.779,0.0342,0.0340,PATROL,0
228.813,0.0339,0.0340,PATROL,0
228.847,0.0343,0.0340,PATROL,0
228.881,0.0338,0.0340,PATROL,0
228.915,0.0341,0.0340,PATROL,0
228.949,0.0338,0.0340,PATROL,0
228.983,0.0340,0.0340,PATROL,0
229.017,0.0338,0.0340,PATROL,0
229.051,0.0342,0.0340,PATROL,0
229.085,0.0339,0.0340,PATROL,0
229.119,0.0344,0.0340,PATROL,0
229.153,0.0336,0.0340,PATROL,0
229.187,0.0341,0.0340,PATROL,0
229.221,0.0339,0.0340,PATROL,0
229.255,0.0342,0.0340,PATROL,0
229.289,0.0340,0.0340,PATROL,0
229.323,0.0341,0.0340,PATROL,0
229.357,0.0341,0.0340,PATROL,0
229.391,0.0339,0.0340,PATROL,0
229.425,0.0341,0.0340,PATROL,0
229.459,0.0338,0.0340,PATROL,0
229.493,0.0343,0.0340,PATROL,0
229.527,0.0339,0.0340,PATROL,0
229.561,0.0339,0.0340,PATROL,0
229.595,0.0343,0.0340,PATROL,0
229.629,0.0339,0.0340,PATROL,0
229.663,0.0339,0.0340,PATROL,0
229.697,0.0341,0.0340,PATROL,0
229.731,0.0341,0.0340,PATROL,0
229.765,0.0340,0.0340,PATROL,0
229.799,0.0340,0.0340,PATROL,0
229.833,0.0341,0.0340,PATROL,0
229.867,0.0337,0.0340,PATROL,0
229.901,0.0341,0.0340,PATROL,0
229.935,0.0339,0.0340,PATROL,0
229.969,0.0342,0.0340,PATROL,0
230.003,0.0342,0.0340,PATROL,0
230.037,0.0339,0.0340,PATROL,0
230.071,0.0340,0.0340,PATROL,0
230.105,0.0339,0.0340,PATROL,0
230.139,0.0342,0.0340,PATROL,0
230.173,0.0338,0.0340,PATROL,0
230.207,0.0341,0.0340,PATROL,0
230.242,0.0344,0.0340,PATROL,0
230.275,0.0337,0.0340,PATROL,0
230.309,0.0340,0.0340,PATROL,0
230.343,0.0339,0.0340,PATROL,0
230.377,0.0342,0.0340,PATROL,0
230.411,0.0339,0.0340,PATROL,0
230.446,0.0344,0.0340,PATROL,0
230.479,0.0337,0.0340,PATROL,0
230.514,0.0342,0.0340,PATROL,0
230.548,0.0341,0.0340,PATROL,0
230.581,0.0339,0.0340,PATROL,0
230.616,0.0340,0.0340,PATROL,0
230.650,0.0340,0.0340,PATROL,0
230.684,0.0340,0.0340,PATROL,0
230.718,0.0340,0.0340,PATROL,0
230.752,0.0342,0.0340,PATROL,0
230.786,0.0338,0.0340,PATROL,0
230.820,0.0340,0.0340,PATROL,0
230.854,0.0339,0.0340,PATROL,0
230.888,0.0342,0.0340,PATROL,0
230.922,0.0344,0.0340,PATROL,0
230.956,0.0338,0.0340,PATROL,0
230.990,0.0339,0.0340,PATROL,0
231.024,0.0339,0.0340,PATROL,0
231.058,0.0341,0.0340,PATROL,0
231.092,0.0341,0.0340,PATROL,0
231.126,0.0340,0.0340,PATROL,0
231.160,0.0340,0.0340,PATROL,0
231.194,0.0339,0.0340,PATROL,0
231.228,0.0345,0.0340,PATROL,0
231.262,0.0338,0.0340,PATROL,0
231.296,0.0341,0.0340,PATROL,0
231.330,0.0341,0.0340,PATROL,0
231.364,0.0338,0.0340,PATROL,0
231.398,0.0339,0.0340,PATROL,0
231.432,0.0342,0.0340,PATROL,0
231.466,0.0340,0.0340,PATROL,0
231.500,0.0337,0.0340,PATROL,0
231.534,0.0342,0.0340,PATROL,0
231.568,0.0338,0.0340,PATROL,0
231.602,0.0341,0.0340,PATROL,0
231.636,0.0342,0.0340,PATROL,0
231.670,0.0339,0.0340,PATROL,0
231.704,0.0339,0.0340,PATROL,0
231.738,0.0341,0.0340,PATROL,0
231.772,0.0343,0.0340,PATROL,0
231.806,0.0338,0.0340,PATROL,0
231.840,0.0342,0.0340,PATROL,0
231.874,0.0341,0.0340,PATROL,0
231.908,0.0338,0.0340,PATROL,0
231.942,0.0342,0.0340,PATROL,0
231.976,0.0339,0.0340,PATROL,0
232.010,0.0341,0.0340,PATROL,0
232.044,0.0341,0.0340,PATROL,0
232.078,0.0339,0.0340,PATROL,0
232.112,0.0338,0.0340,PATROL,0
232.146,0.0342,0.0340,PATROL,0
232.180,0.0339,0.0340,PATROL,0
232.214,0.0339,0.0340,PATROL,0
232.248,0.0342,0.0340,PATROL,0
232.282,0.0340,0.0340,PATROL,0
232.316,0.0340,0.0340,PATROL,0
232.350,0.0339,0.0340,PATROL,0
232.384,0.0342,0.0340,PATROL,0
232.418,0.0339,0.0340,PATROL,0
232.452,0.0340,0.0340,PATROL,0
232.486,0.0340,0.0340,PATROL,0
232.520,0.0341,0.0340,PATROL,0
232.554,0.0342,0.0340,PATROL,0
232.588,0.0340,0.0340,PATROL,0
232.623,0.0341,0.0340,PATROL,0
232.657,0.0340,0.0340,PATROL,0
232.691,0.0340,0.0340,PATROL,0
232.724,0.0339,0.0340,PATROL,0
232.758,0.0340,0.0340,PATROL,0
232.793,0.0342,0.0340,PATROL,0
232.827,0.0340,0.0340,PATROL,0
232.861,0.0341,0.0340,PATROL,0
232.895,0.0342,0.0340,PATROL,0
232.929,0.0337,0.0340,PATROL,0
232.963,0.0340,0.0340,PATROL,0
232.997,0.0345,0.0340,PATROL,0
233.031,0.0335,0.0340,PATROL,0
233.065,0.0347,0.0340,PATROL,0
233.099,0.0338,0.0340,PATROL,0
233.133,0.0339,0.0340,PATROL,0
233.167,0.0340,0.0340,PATROL,0
233.201,0.0339,0.0340,PATROL,0
233.235,0.0338,0.0340,PATROL,0
233.269,0.0341,0.0340,PATROL,0
233.303,0.0341,0.0340,PATROL,0
233.337,0.0339,0.0340,PATROL,0
233.371,0.0340,0.0340,PATROL,0
233.405,0.0341,0.0340,PATROL,0
233.439,0.0340,0.0340,PATROL,0
233.473,0.0340,0.0340,PATROL,0
233.507,0.0341,0.0340,PATROL,0
233.541,0.0339,0.0340,PATROL,0
233.575,0.0342,0.0340,PATROL,0
233.609,0.0341,0.0340,PATROL,0
233.643,0.0337,0.0340,PATROL,0
233.677,0.0340,0.0340,PATROL,0
233.711,0.0342,0.0340,PATROL,0
233.745,0.0339,0.0340,PATROL,0
233.779,0.0339,0.0340,PATROL,0
233.813,0.0341,0.0340,PATROL,0
233.847,0.0341,0.0340,PATROL,0
233.881,0.0339,0.0340,PATROL,0
233.915,0.0340,0.0340,PATROL,0
233.949,0.0341,0.0340,PATROL,0
233.983,0.0339,0.0340,PATROL,0
234.017,0.0343,0.0340,PATROL,0
234.051,0.0342,0.0340,PATROL,0
234.085,0.0337,0.0340,PATROL,0
234.119,0.0341,0.0340,PATROL,0
234.153,0.0343,0.0340,PATROL,0
234.187,0.0340,0.0340,PATROL,0
234.221,0.0338,0.0340,PATROL,0
234.255,0.0341,0.0340,PATROL,0
234.290,0.0346,0.0340,PATROL,0
234.324,0.0337,0.0340,PATROL,0
234.357,0.0339,0.0340,PATROL,0
234.391,0.0340,0.0340,PATROL,0
234.425,0.0340,0.0340,PATROL,0
234.459,0.0340,0.0340,PATROL,0
234.493,0.0340,0.0340,PATROL,0
234.527,0.0341,0.0340,PATROL,0
234.561,0.0339,0.0340,PATROL,0
234.595,0.0341,0.0340,PATROL,0
234.630,0.0341,0.0340,PATROL,0
234.663,0.0339,0.0340,PATROL,0
234.697,0.0339,0.0340,PATROL,0
234.732,0.0343,0.0340,PATROL,0
234.765,0.0338,0.0340,PATROL,0
234.800,0.0341,0.0340,PATROL,0
234.833,0.0340,0.0340,PATROL,0
234.867,0.0340,0.0340,PATROL,0
234.901,0.0340,0.0340,PATROL,0
234.936,0.0342,0.0340,PATROL,0
234.970,0.0339,0.0340,PATROL,0
235.004,0.0341,0.0340,PATROL,0
235.038,0.0342,0.0340,PATROL,0
235.072,0.0337,0.0340,PATROL,0
235.105,0.0339,0.0340,PATROL,0
235.140,0.0342,0.0340,PATROL,0
235.174,0.0340,0.0340,PATROL,0
235.208,0.0340,0.0340,PATROL,0
235.242,0.0339,0.0340,PATROL,0
235.276,0.0340,0.0340,PATROL,0
235.310,0.0341,0.0340,PATROL,0
235.344,0.0341,0.0340,PATROL,0
235.378,0.0340,0.0340,PATROL,0
235.412,0.0339,0.0340,PATROL,0
235.446,0.0340,0.0340,PATROL,0
235.480,0.0340,0.0340,PATROL,0
235.514,0.0340,0.0340,PATROL,0
235.548,0.0341,0.0340,PATROL,0
235.582,0.0339,0.0340,PATROL,0
235.616,0.0341,0.0340,PATROL,0
235.650,0.0341,0.0340,PATROL,0
235.684,0.0340,0.0340,PATROL,0
235.718,0.0338,0.0340,PATROL,0
235.752,0.0340,0.0340,PATROL,0
235.786,0.0339,0.0340,PATROL,0
235.820,0.0340,0.0340,PATROL,0
235.854,0.0342,0.0340,PATROL,0
235.888,0.0341,0.0340,PATROL,0
235.922,0.0340,0.0340,PATROL,0
235.956,0.0340,0.0340,PATROL,0
235.990,0.0339,0.0340,PATROL,0
236.024,0.0342,0.0340,PATROL,0
236.058,0.0341,0.0340,PATROL,0
236.092,0.0339,0.0340,PATROL,0
236.126,0.0343,0.0340,PATROL,0
236.160,0.0338,0.0340,PATROL,0
236.194,0.0341,0.0340,PATROL,0
236.228,0.0339,0.0340,PATROL,0
236.262,0.0338,0.0340,PATROL,0
236.296,0.0343,0.0340,PATROL,0
236.330,0.0338,0.0340,PATROL,0
236.364,0.0341,0.0340,PATROL,0
236.398,0.0342,0.0340,PATROL,0
236.433,0.0344,0.0340,PATROL,0
236.467,0.0339,0.0340,PATROL,0
236.501,0.0341,0.0340,PATROL,0
236.534,0.0337,0.0340,PATROL,0
236.568,0.0339,0.0340,PATROL,0
236.603,0.0343,0.0340,PATROL,0
236.636,0.0337,0.0340,PATROL,0
236.670,0.0340,0.0340,PATROL,0
236.704,0.0340,0.0340,PATROL,0
236.738,0.0340,0.0340,PATROL,0
236.772,0.0340,0.0340,PATROL,0
236.806,0.0340,0.0340,PATROL,0
236.840,0.0342,0.0340,PATROL,0
236.874,0.0340,0.0340,PATROL,0
236.908,0.0340,0.0340,PATROL,0
236.942,0.0339,0.0340,PATROL,0
236.976,0.0341,0.0340,PATROL,0
237.011,0.0341,0.0340,PATROL,0
237.044,0.0338,0.0340,PATROL,0
237.078,0.0341,0.0340,PATROL,0
237.112,0.0340,0.0340,PATROL,0
237.147,0.0341,0.0340,PATROL,0
237.180,0.0339,0.0340,PATROL,0
237.215,0.0344,0.0340,PATROL,0
237.248,0.0336,0.0340,PATROL,0
237.283,0.0342,0.0340,PATROL,0
237.317,0.0342,0.0340,PATROL,0
237.351,0.0338,0.0340,PATROL,0
237.385,0.0340,0.0340,PATROL,0
237.419,0.0340,0.0340,PATROL,0
237.453,0.0339,0.0340,PATROL,0
237.487,0.0340,0.0340,PATROL,0
237.521,0.0342,0.0340,PATROL,0
237.555,0.0339,0.0340,PATROL,0
237.589,0.0340,0.0340,PATROL,0
237.623,0.0343,0.0340,PATROL,0
237.657,0.0339,0.0340,PATROL,0
237.691,0.0340,0.0340,PATROL,0
237.725,0.0339,0.0340,PATROL,0
237.759,0.0342,0.0340,PATROL,0
237.793,0.0340,0.0340,PATROL,0
237.827,0.0343,0.0340,PATROL,0
237.861,0.0337,0.0340,PATROL,0
237.895,0.0340,0.0340,PATROL,0
237.929,0.0340,0.0340,PATROL,0
237.963,0.0342,0.0340,PATROL,0
237.997,0.0340,0.0340,PATROL,0
238.031,0.0340,0.0340,PATROL,0
238.065,0.0340,0.0340,PATROL,0
238.099,0.0342,0.0340,PATROL,0
238.133,0.0338,0.0340,PATROL,0
238.167,0.0340,0.0340,PATROL,0
238.201,0.0342,0.0340,PATROL,0
238.235,0.0339,0.0340,PATROL,0
238.269,0.0341,0.0340,PATROL,0
238.303,0.0340,0.0340,PATROL,0
238.337,0.0341,0.0340,PATROL,0
238.372,0.0344,0.0340,PATROL,0
238.405,0.0336,0.0340,PATROL,0
238.439,0.0339,0.0340,PATROL,0
238.473,0.0341,0.0340,PATROL,0
238.507,0.0339,0.0340,PATROL,0
238.541,0.0340,0.0340,PATROL,0
238.575,0.0340,0.0340,PATROL,0
238.609,0.0340,0.0340,PATROL,0
238.643,0.0340,0.0340,PATROL,0
238.677,0.0342,0.0340,PATROL,0
238.711,0.0337,0.0340,PATROL,0
238.745,0.0340,0.0340,PATROL,0
238.779,0.0340,0.0340,PATROL,0
238.813,0.0340,0.0340,PATROL,0
238.847,0.0341,0.0340,PATROL,0
238.881,0.0342,0.0340,PATROL,0
238.915,0.0340,0.0340,PATROL,0
238.950,0.0342,0.0340,PATROL,0
238.983,0.0339,0.0340,PATROL,0
239.017,0.0339,0.0340,PATROL,0
239.052,0.0343,0.0340,PATROL,0
239.086,0.0339,0.0340,PATROL,0
239.120,0.0340,0.0340,PATROL,0
239.154,0.0341,0.0340,PATROL,0
239.188,0.0339,0.0340,PATROL,0
239.222,0.0340,0.0340,PATROL,0
239.256,0.0340,0.0340,PATROL,0
239.290,0.0340,0.0340,PATROL,0
239.324,0.0340,0.0340,PATROL,0
239.358,0.0342,0.0340,PATROL,0
239.392,0.0340,0.0340,PATROL,0
239.426,0.0338,0.0340,PATROL,0
239.460,0.0341,0.0340,PATROL,0
239.494,0.0339,0.0340,PATROL,0
239.528,0.0342,0.0340,PATROL,0
239.562,0.0340,0.0340,PATROL,0
239.596,0.0340,0.0340,PATROL,0
239.630,0.0339,0.0340,PATROL,0
239.664,0.0340,0.0340,PATROL,0
239.698,0.0339,0.0340,PATROL,0
239.732,0.0345,0.0340,PATROL,0
239.766,0.0339,0.0340,PATROL,0
239.800,0.0341,0.0340,PATROL,0
239.834,0.0343,0.0340,PATROL,0
239.868,0.0335,0.0340,PATROL,0
239.902,0.0340,0.0340,PATROL,0
239.936,0.0341,0.0340,PATROL,0
239.970,0.0339,0.0340,PATROL,0
240.004,0.0342,0.0340,PATROL,0
240.038,0.0338,0.0340,PATROL,0
240.072,0.0340,0.0340,PATROL,0
240.106,0.0341,0.0340,PATROL,0
240.140,0.0342,0.0340,PATROL,0
240.174,0.0337,0.0340,PATROL,0
240.208,0.0341,0.0340,PATROL,0
240.242,0.0340,0.0340,PATROL,0
240.276,0.0341,0.0340,PATROL,0
240.310,0.0338,0.0340,PATROL,0
240.344,0.0341,0.0340,PATROL,0
240.378,0.0341,0.0340,PATROL,0
240.412,0.0340,0.0340,PATROL,0
240.446,0.0340,0.0340,PATROL,0
240.480,0.0340,0.0340,PATROL,0
240.514,0.0341,0.0340,PATROL,0
240.548,0.0341,0.0340,PATROL,0
240.583,0.0342,0.0340,PATROL,0
240.616,0.0339,0.0340,PATROL,0
240.650,0.0338,0.0340,PATROL,0
240.684,0.0342,0.0340,PATROL,0
240.718,0.0339,0.0340,PATROL,0
240.752,0.0339,0.0340,PATROL,0
240.786,0.0341,0.0340,PATROL,0
240.821,0.0342,0.0340,PATROL,0
240.854,0.0337,0.0340,PATROL,0
240.889,0.0346,0.0340,PATROL,0
240.923,0.0336,0.0340,PATROL,0
240.957,0.0340,0.0340,PATROL,0
240.991,0.0341,0.0340,PATROL,0
241.024,0.0338,0.0340,PATROL,0
241.059,0.0343,0.0340,PATROL,0
241.093,0.0340,0.0340,PATROL,0
241.126,0.0338,0.0340,PATROL,0
241.161,0.0341,0.0340,PATROL,0
241.195,0.0340,0.0340,PATROL,0
241.228,0.0338,0.0340,PATROL,0
241.263,0.0341,0.0340,PATROL,0
241.297,0.0341,0.0340,PATROL,0
241.331,0.0340,0.0340,PATROL,0
241.364,0.0338,0.0340,PATROL,0
241.399,0.0341,0.0340,PATROL,0
241.433,0.0341,0.0340,PATROL,0
241.467,0.0341,0.0340,PATROL,0
241.501,0.0342,0.0340,PATROL,0
241.535,0.0338,0.0340,PATROL,0
241.569,0.0342,0.0340,PATROL,0
241.603,0.0339,0.0340,PATROL,0
241.637,0.0343,0.0340,PATROL,0
241.671,0.0337,0.0340,PATROL,0
241.705,0.0339,0.0340,PATROL,0
241.739,0.0341,0.0340,PATROL,0
241.773,0.0340,0.0340,PATROL,0
241.807,0.0339,0.0340,PATROL,0
241.841,0.0340,0.0340,PATROL,0
241.875,0.0340,0.0340,PATROL,0
241.909,0.0343,0.0340,PATROL,0
241.943,0.0338,0.0340,PATROL,0
241.977,0.0339,0.0340,PATROL,0
242.011,0.0342,0.0340,PATROL,0
242.045,0.0340,0.0340,PATROL,0
242.079,0.0340,0.0340,PATROL,0
242.113,0.0339,0.0340,PATROL,0
242.147,0.0342,0.0340,PATROL,0
242.181,0.0340,0.0340,PATROL,0
242.215,0.0340,0.0340,PATROL,0
242.249,0.0340,0.0340,PATROL,0
242.283,0.0340,0.0340,PATROL,0
242.317,0.0340,0.0340,PATROL,0
242.351,0.0340,0.0340,PATROL,0
242.385,0.0341,0.0340,PATROL,0
242.419,0.0341,0.0340,PATROL,0
242.453,0.0338,0.0340,PATROL,0
242.487,0.0341,0.0340,PATROL,0
242.521,0.0340,0.0340,PATROL,0
242.555,0.0340,0.0340,PATROL,0
242.589,0.0342,0.0340,PATROL,0
242.623,0.0338,0.0340,PATROL,0
242.657,0.0340,0.0340,PATROL,0
242.691,0.0342,0.0340,PATROL,0
242.725,0.0342,0.0340,PATROL,0
242.759,0.0341,0.0340,PATROL,0
242.793,0.0338,0.0340,PATROL,0
242.827,0.0341,0.0340,PATROL,0
242.861,0.0341,0.0340,PATROL,0
242.895,0.0339,0.0340,PATROL,0
242.930,0.0342,0.0340,PATROL,0
242.963,0.0338,0.0340,PATROL,0
242.997,0.0338,0.0340,PATROL,0
243.031,0.0341,0.0340,PATROL,0
243.065,0.0341,0.0340,PATROL,0
243.099,0.0339,0.0340,PATROL,0
243.134,0.0342,0.0340,PATROL,0
243.167,0.0340,0.0340,PATROL,0
243.202,0.0342,0.0340,PATROL,0
243.236,0.0340,0.0340,PATROL,0
243.270,0.0338,0.0340,PATROL,0
243.304,0.0341,0.0340,PATROL,0
243.337,0.0338,0.0340,PATROL,0
243.372,0.0341,0.0340,PATROL,0
243.406,0.0341,0.0340,PATROL,0
243.440,0.0340,0.0340,PATROL,0
243.474,0.0340,0.0340,PATROL,0
243.508,0.0341,0.0340,PATROL,0
243.542,0.0339,0.0340,PATROL,0
243.576,0.0340,0.0340,PATROL,0
243.610,0.0341,0.0340,PATROL,0
243.644,0.0339,0.0340,PATROL,0
243.677,0.0339,0.0340,PATROL,0
243.711,0.0341,0.0340,PATROL,0
243.746,0.0342,0.0340,PATROL,0
243.780,0.0340,0.0340,PATROL,0
243.814,0.0338,0.0340,PATROL,0
243.848,0.0341,0.0340,PATROL,0
243.882,0.0339,0.0340,PATROL,0
243.916,0.0341,0.0340,PATROL,0
243.950,0.0339,0.0340,PATROL,0
243.984,0.0340,0.0340,PATROL,0
244.018,0.0342,0.0340,PATROL,0
244.052,0.0341,0.0340,PATROL,0
244.086,0.0339,0.0340,PATROL,0
244.120,0.0339,0.0340,PATROL,0
244.154,0.0340,0.0340,PATROL,0
244.188,0.0341,0.0340,PATROL,0
244.222,0.0341,0.0340,PATROL,0
244.256,0.0341,0.0340,PATROL,0
244.290,0.0339,0.0340,PATROL,0
244.324,0.0340,0.0340,PATROL,0
244.358,0.0339,0.0340,PATROL,0
244.392,0.0340,0.0340,PATROL,0
244.426,0.0340,0.0340,PATROL,0
244.460,0.0340,0.0340,PATROL,0
244.494,0.0341,0.0340,PATROL,0
244.528,0.0340,0.0340,PATROL,0
244.562,0.0343,0.0340,PATROL,0
244.596,0.0339,0.0340,PATROL,0
244.630,0.0342,0.0340,PATROL,0
244.664,0.0338,0.0340,PATROL,0
244.698,0.0339,0.0340,PATROL,0
244.732,0.0341,0.0340,PATROL,0
244.766,0.0340,0.0340,PATROL,0
244.800,0.0339,0.0340,PATROL,0
244.834,0.0341,0.0340,PATROL,0
244.869,0.0345,0.0340,PATROL,0
244.902,0.0335,0.0340,PATROL,0
244.936,0.0340,0.0340,PATROL,0
244.970,0.0343,0.0340,PATROL,0
245.004,0.0339,0.0340,PATROL,0
245.038,0.0340,0.0340,PATROL,0
245.072,0.0342,0.0340,PATROL,0
245.106,0.0337,0.0340,PATROL,0
245.140,0.0341,0.0340,PATROL,0
245.174,0.0340,0.0340,PATROL,0
245.208,0.0340,0.0340,PATROL,0
245.242,0.0342,0.0340,PATROL,0
245.277,0.0341,0.0340,PATROL,0
245.310,0.0338,0.0340,PATROL,0
245.344,0.0341,0.0340,PATROL,0
245.378,0.0339,0.0340,PATROL,0
245.412,0.0341,0.0340,PATROL,0
245.446,0.0340,0.0340,PATROL,0
245.480,0.0339,0.0340,PATROL,0
245.514,0.0342,0.0340,PATROL,0
245.549,0.0341,0.0340,PATROL,0
245.583,0.0340,0.0340,PATROL,0
245.616,0.0339,0.0340,PATROL,0
245.650,0.0340,0.0340,PATROL,0
245.684,0.0340,0.0340,PATROL,0
245.718,0.0341,0.0340,PATROL,0
245.752,0.0339,0.0340,PATROL,0
245.786,0.0340,0.0340,PATROL,0
245.821,0.0342,0.0340,PATROL,0
245.855,0.0340,0.0340,PATROL,0
245.889,0.0340,0.0340,PATROL,0
245.923,0.0339,0.0340,PATROL,0
245.957,0.0341,0.0340,PATROL,0
245.991,0.0341,0.0340,PATROL,0
246.025,0.0340,0.0340,PATROL,0
246.059,0.0342,0.0340,PATROL,0
246.093,0.0339,0.0340,PATROL,0
246.127,0.0339,0.0340,PATROL,0
246.161,0.0342,0.0340,PATROL,0
246.195,0.0342,0.0340,PATROL,0
246.229,0.0338,0.0340,PATROL,0
246.263,0.0339,0.0340,PATROL,0
246.297,0.0341,0.0340,PATROL,0
246.331,0.0340,0.0340,PATROL,0
246.365,0.0342,0.0340,PATROL,0
246.399,0.0340,0.0340,PATROL,0
246.433,0.0336,0.0340,PATROL,0
246.467,0.0340,0.0340,PATROL,0
246.501,0.0341,0.0340,PATROL,0
246.535,0.0340,0.0340,PATROL,0
246.569,0.0341,0.0340,PATROL,0
246.603,0.0340,0.0340,PATROL,0
246.637,0.0339,0.0340,PATROL,0
246.671,0.0342,0.0340,PATROL,0
246.705,0.0340,0.0340,PATROL,0
246.739,0.0340,0.0340,PATROL,0
246.773,0.0340,0.0340,PATROL,0
246.807,0.0340,0.0340,PATROL,0
246.841,0.0342,0.0340,PATROL,0
246.875,0.0340,0.0340,PATROL,0
246.909,0.0339,0.0340,PATROL,0
246.943,0.0339,0.0340,PATROL,0
246.977,0.0340,0.0340,PATROL,0
247.011,0.0342,0.0340,PATROL,0
247.046,0.0344,0.0340,PATROL,0
247.080,0.0340,0.0340,PATROL,0
247.113,0.0339,0.0340,PATROL,0
247.147,0.0338,0.0340,PATROL,0
247.181,0.0340,0.0340,PATROL,0
247.215,0.0339,0.0340,PATROL,0
247.249,0.0341,0.0340,PATROL,0
247.283,0.0340,0.0340,PATROL,0
247.317,0.0339,0.0340,PATROL,0
247.351,0.0340,0.0340,PATROL,0
247.385,0.0341,0.0340,PATROL,0
247.419,0.0341,0.0340,PATROL,0
247.453,0.0339,0.0340,PATROL,0
247.487,0.0340,0.0340,PATROL,0
247.521,0.0340,0.0340,PATROL,0
247.555,0.0341,0.0340,PATROL,0
247.589,0.0339,0.0340,PATROL,0
247.623,0.0340,0.0340,PATROL,0
247.657,0.0341,0.0340,PATROL,0
247.691,0.0339,0.0340,PATROL,0
247.725,0.0340,0.0340,PATROL,0
247.759,0.0341,0.0340,PATROL,0
247.793,0.0340,0.0340,PATROL,0
247.828,0.0342,0.0340,PATROL,0
247.861,0.0338,0.0340,PATROL,0
247.895,0.0341,0.0340,PATROL,0
247.929,0.0340,0.0340,PATROL,0
247.963,0.0340,0.0340,PATROL,0
247.997,0.0340,0.0340,PATROL,0
248.031,0.0340,0.0340,PATROL,0
248.066,0.0341,0.0340,PATROL,0
248.100,0.0341,0.0340,PATROL,0
248.134,0.0340,0.0340,PATROL,0
248.168,0.0340,0.0340,PATROL,0
248.202,0.0341,0.0340,PATROL,0
248.236,0.0338,0.0340,PATROL,0
248.270,0.0340,0.0340,PATROL,0
248.304,0.0341,0.0340,PATROL,0
248.338,0.0342,0.0340,PATROL,0
248.372,0.0339,0.0340,PATROL,0
248.406,0.0338,0.0340,PATROL,0
248.440,0.0342,0.0340,PATROL,0
248.474,0.0338,0.0340,PATROL,0
248.508,0.0340,0.0340,PATROL,0
248.542,0.0342,0.0340,PATROL,0
248.576,0.0342,0.0340,PATROL,0
248.610,0.0338,0.0340,PATROL,0
248.644,0.0340,0.0340,PATROL,0
248.678,0.0341,0.0340,PATROL,0
248.712,0.0338,0.0340,PATROL,0
248.746,0.0345,0.0340,PATROL,0
248.780,0.0337,0.0340,PATROL,0
248.814,0.0339,0.0340,PATROL,0
248.848,0.0344,0.0340,PATROL,0
248.882,0.0336,0.0340,PATROL,0
248.916,0.0344,0.0340,PATROL,0
248.950,0.0338,0.0340,PATROL,0
248.984,0.0339,0.0340,PATROL,0
249.018,0.0341,0.0340,PATROL,0
249.052,0.0341,0.0340,PATROL,0
249.086,0.0339,0.0340,PATROL,0
249.120,0.0341,0.0340,PATROL,0
249.154,0.0340,0.0340,PATROL,0
249.188,0.0341,0.0340,PATROL,0
249.222,0.0338,0.0340,PATROL,0
249.256,0.0340,0.0340,PATROL,0
249.290,0.0343,0.0340,PATROL,0
249.324,0.0339,0.0340,PATROL,0
249.358,0.0339,0.0340,PATROL,0
249.392,0.0340,0.0340,PATROL,0
249.426,0.0341,0.0340,PATROL,0
249.460,0.0340,0.0340,PATROL,0
249.494,0.0339,0.0340,PATROL,0
249.528,0.0341,0.0340,PATROL,0
249.562,0.0340,0.0340,PATROL,0
249.596,0.0339,0.0340,PATROL,0
249.630,0.0340,0.0340,PATROL,0
249.664,0.0341,0.0340,PATROL,0
249.698,0.0341,0.0340,PATROL,0
249.732,0.0340,0.0340,PATROL,0
249.767,0.0342,0.0340,PATROL,0
249.800,0.0337,0.0340,PATROL,0
249.834,0.0341,0.0340,PATROL,0
249.869,0.0343,0.0340,PATROL,0
249.903,0.0340,0.0340,PATROL,0
249.936,0.0339,0.0340,PATROL,0
249.971,0.0341,0.0340,PATROL,0
250.005,0.0340,0.0340,PATROL,0
250.039,0.0341,0.0340,PATROL,0
250.073,0.0338,0.0340,PATROL,0
250.106,0.0339,0.0340,PATROL,0
250.141,0.0340,0.0340,PATROL,0
250.175,0.0342,0.0340,PATROL,0
250.209,0.0348,0.0340,PATROL,0
250.243,0.0332,0.0340,PATROL,0
250.277,0.0342,0.0340,PATROL,0
250.311,0.0338,0.0340,PATROL,0
250.345,0.0340,0.0340,PATROL,0
250.379,0.0341,0.0340,PATROL,0
250.413,0.0339,0.0340,PATROL,0
250.447,0.0340,0.0340,PATROL,0
250.481,0.0340,0.0340,PATROL,0
250.515,0.0341,0.0340,PATROL,0
250.549,0.0340,0.0340,PATROL,0
250.583,0.0341,0.0340,PATROL,0
250.617,0.0339,0.0340,PATROL,0
250.651,0.0341,0.0340,PATROL,0
250.685,0.0340,0.0340,PATROL,0
250.719,0.0340,0.0340,PATROL,0
250.753,0.0339,0.0340,PATROL,0
250.787,0.0341,0.0340,PATROL,0
250.821,0.0340,0.0340,PATROL,0
250.855,0.0341,0.0340,PATROL,0
250.889,0.0340,0.0340,PATROL,0
250.923,0.0341,0.0340,PATROL,0
250.957,0.0339,0.0340,PATROL,0
250.991,0.0342,0.0340,PATROL,0
251.025,0.0339,0.0340,PATROL,0
251.059,0.0340,0.0340,PATROL,0
251.093,0.0341,0.0340,PATROL,0
251.127,0.0340,0.0340,PATROL,0
251.161,0.0339,0.0340,PATROL,0
251.195,0.0340,0.0340,PATROL,0
251.229,0.0339,0.0340,PATROL,0
251.263,0.0341,0.0340,PATROL,0
251.297,0.0340,0.0340,PATROL,0
251.331,0.0342,0.0340,PATROL,0
251.365,0.0340,0.0340,PATROL,0
251.399,0.0340,0.0340,PATROL,0
251.433,0.0339,0.0340,PATROL,0
251.467,0.0340,0.0340,PATROL,0
251.501,0.0339,0.0340,PATROL,0
251.535,0.0342,0.0340,PATROL,0
251.569,0.0341,0.0340,PATROL,0
251.603,0.0339,0.0340,PATROL,0
251.637,0.0340,0.0340,PATROL,0
251.671,0.0342,0.0340,PATROL,0
251.705,0.0338,0.0340,PATROL,0
251.739,0.0340,0.0340,PATROL,0
251.773,0.0341,0.0340,PATROL,0
251.807,0.0339,0.0340,PATROL,0
251.841,0.0340,0.0340,PATROL,0
251.875,0.0341,0.0340,PATROL,0
251.909,0.0340,0.0340,PATROL,0
251.943,0.0339,0.0340,PATROL,0
251.977,0.0340,0.0340,PATROL,0
252.011,0.0342,0.0340,PATROL,0
252.045,0.0340,0.0340,PATROL,0
252.079,0.0340,0.0340,PATROL,0
252.113,0.0340,0.0340,PATROL,0
252.148,0.0341,0.0340,PATROL,0
252.181,0.0338,0.0340,PATROL,0
252.215,0.0341,0.0340,PATROL,0
252.250,0.0341,0.0340,PATROL,0
252.283,0.0339,0.0340,PATROL,0
252.317,0.0340,0.0340,PATROL,0
252.352,0.0345,0.0340,PATROL,0
252.386,0.0337,0.0340,PATROL,0
252.420,0.0340,0.0340,PATROL,0
252.454,0.0340,0.0340,PATROL,0
252.488,0.0340,0.0340,PATROL,0
252.522,0.0341,0.0340,PATROL,0
252.556,0.0339,0.0340,PATROL,0
252.590,0.0341,0.0340,PATROL,0
252.624,0.0339,0.0340,PATROL,0
252.658,0.0340,0.0340,PATROL,0
252.692,0.0344,0.0340,PATROL,0
252.726,0.0338,0.0340,PATROL,0
252.760,0.0340,0.0340,PATROL,0
252.794,0.0339,0.0340,PATROL,0
252.828,0.0340,0.0340,PATROL,0
252.862,0.0341,0.0340,PATROL,0
252.896,0.0338,0.0340,PATROL,0
252.930,0.0341,0.0340,PATROL,0
252.964,0.0342,0.0340,PATROL,0
252.998,0.0339,0.0340,PATROL,0
253.032,0.0338,0.0340,PATROL,0
253.066,0.0342,0.0340,PATROL,0
253.100,0.0340,0.0340,PATROL,0
253.134,0.0341,0.0340,PATROL,0
253.168,0.0338,0.0340,PATROL,0
253.202,0.0342,0.0340,PATROL,0
253.236,0.0340,0.0340,PATROL,0
253.270,0.0338,0.0340,PATROL,0
253.304,0.0340,0.0340,PATROL,0
253.338,0.0341,0.0340,PATROL,0
253.372,0.0342,0.0340,PATROL,0
253.406,0.0338,0.0340,PATROL,0
253.440,0.0343,0.0340,PATROL,0
253.474,0.0341,0.0340,PATROL,0
253.508,0.0341,0.0340,PATROL,0
253.542,0.0338,0.0340,PATROL,0
253.576,0.0339,0.0340,PATROL,0
253.610,0.0341,0.0340,PATROL,0
253.644,0.0341,0.0340,PATROL,0
253.678,0.0339,0.0340,PATROL,0
253.712,0.0340,0.0340,PATROL,0
253.746,0.0340,0.0340,PATROL,0
253.780,0.0341,0.0340,PATROL,0
253.814,0.0340,0.0340,PATROL,0
253.848,0.0343,0.0340,PATROL,0
253.882,0.0340,0.0340,PATROL,0
253.916,0.0338,0.0340,PATROL,0
253.950,0.0340,0.0340,PATROL,0
253.984,0.0341,0.0340,PATROL,0
254.018,0.0341,0.0340,PATROL,0
254.053,0.0343,0.0340,PATROL,0
254.087,0.0340,0.0340,PATROL,0
254.121,0.0339,0.0340,PATROL,0
254.155,0.0340,0.0340,PATROL,0
254.189,0.0344,0.0340,PATROL,0
254.222,0.0335,0.0340,PATROL,0
254.256,0.0340,0.0340,PATROL,0
254.290,0.0339,0.0340,PATROL,0
254.325,0.0342,0.0340,PATROL,0
254.359,0.0340,0.0340,PATROL,0
254.393,0.0339,0.0340,PATROL,0
254.427,0.0339,0.0340,PATROL,0
254.461,0.0340,0.0340,PATROL,0
254.494,0.0339,0.0340,PATROL,0
254.528,0.0340,0.0340,PATROL,0
254.563,0.0342,0.0340,PATROL,0
254.597,0.0341,0.0340,PATROL,0
254.631,0.0338,0.0340,PATROL,0
254.664,0.0339,0.0340,PATROL,0
254.699,0.0341,0.0340,PATROL,0
254.733,0.0340,0.0340,PATROL,0
254.767,0.0339,0.0340,PATROL,0
254.800,0.0340,0.0340,PATROL,0
254.835,0.0342,0.0340,PATROL,0
254.869,0.0343,0.0340,PATROL,0
254.903,0.0337,0.0340,PATROL,0
254.937,0.0341,0.0340,PATROL,0
254.971,0.0341,0.0340,PATROL,0
255.005,0.0341,0.0340,PATROL,0
255.039,0.0345,0.0340,PATROL,0
255.073,0.0337,0.0340,PATROL,0
255.107,0.0341,0.0340,PATROL,0
255.141,0.0336,0.0340,PATROL,0
255.175,0.0341,0.0340,PATROL,0
255.209,0.0343,0.0340,PATROL,0
255.243,0.0336,0.0340,PATROL,0
255.277,0.0342,0.0340,PATROL,0
255.311,0.0340,0.0340,PATROL,0
255.345,0.0341,0.0340,PATROL,0
255.379,0.0341,0.0340,PATROL,0
255.413,0.0338,0.0340,PATROL,0
255.447,0.0339,0.0340,PATROL,0
255.481,0.0342,0.0340,PATROL,0
255.515,0.0341,0.0340,PATROL,0
255.549,0.0338,0.0340,PATROL,0
255.583,0.0342,0.0340,PATROL,0
255.617,0.0339,0.0340,PATROL,0
255.651,0.0341,0.0340,PATROL,0
255.685,0.0339,0.0340,PATROL,0
255.719,0.0339,0.0340,PATROL,0
255.753,0.0342,0.0340,PATROL,0
255.787,0.0342,0.0340,PATROL,0
255.821,0.0338,0.0340,PATROL,0
255.855,0.0339,0.0340,PATROL,0
255.889,0.0342,0.0340,PATROL,0
255.923,0.0343,0.0340,PATROL,0
255.957,0.0336,0.0340,PATROL,0
255.991,0.0341,0.0340,PATROL,0
256.025,0.0339,0.0340,PATROL,0
256.060,0.0347,0.0340,PATROL,0
256.094,0.0339,0.0340,PATROL,0
256.127,0.0338,0.0340,PATROL,0
256.161,0.0340,0.0340,PATROL,0
256.195,0.0339,0.0340,PATROL,0
256.229,0.0341,0.0340,PATROL,0
256.263,0.0340,0.0340,PATROL,0
256.298,0.0344,0.0340,PATROL,0
256.331,0.0335,0.0340,PATROL,0
256.366,0.0344,0.0340,PATROL,0
256.399,0.0336,0.0340,PATROL,0
256.433,0.0341,0.0340,PATROL,0
256.468,0.0342,0.0340,PATROL,0
256.501,0.0339,0.0340,PATROL,0
256.536,0.0341,0.0340,PATROL,0
256.569,0.0339,0.0340,PATROL,0
256.603,0.0340,0.0340,PATROL,0
256.637,0.0339,0.0340,PATROL,0
256.672,0.0342,0.0340,PATROL,0
256.706,0.0339,0.0340,PATROL,0
256.740,0.0342,0.0340,PATROL,0
256.774,0.0339,0.0340,PATROL,0
256.808,0.0339,0.0340,PATROL,0
256.842,0.0341,0.0340,PATROL,0
256.876,0.0340,0.0340,PATROL,0
256.910,0.0343,0.0340,PATROL,0
256.944,0.0336,0.0340,PATROL,0
256.978,0.0342,0.0340,PATROL,0
257.012,0.0341,0.0340,PATROL,0
257.046,0.0343,0.0340,PATROL,0
257.080,0.0340,0.0340,PATROL,0
257.114,0.0339,0.0340,PATROL,0
257.148,0.0339,0.0340,PATROL,0
257.182,0.0339,0.0340,PATROL,0
257.216,0.0340,0.0340,PATROL,0
257.250,0.0338,0.0340,PATROL,0
257.284,0.0344,0.0340,PATROL,0
257.318,0.0336,0.0340,PATROL,0
257.352,0.0342,0.0340,PATROL,0
257.386,0.0342,0.0340,PATROL,0
257.420,0.0337,0.0340,PATROL,0
257.454,0.0339,0.0340,PATROL,0
257.488,0.0341,0.0340,PATROL,0
257.522,0.0340,0.0340,PATROL,0
257.556,0.0339,0.0340,PATROL,0
257.590,0.0341,0.0340,PATROL,0
257.624,0.0341,0.0340,PATROL,0
257.658,0.0338,0.0340,PATROL,0
257.692,0.0342,0.0340,PATROL,0
257.726,0.0339,0.0340,PATROL,0
257.760,0.0342,0.0340,PATROL,0
257.794,0.0340,0.0340,PATROL,0
257.828,0.0341,0.0340,PATROL,0
257.862,0.0337,0.0340,PATROL,0
257.896,0.0341,0.0340,PATROL,0
257.930,0.0340,0.0340,PATROL,0
257.964,0.0340,0.0340,PATROL,0
257.998,0.0340,0.0340,PATROL,0
258.032,0.0340,0.0340,PATROL,0
258.066,0.0342,0.0340,PATROL,0
258.100,0.0339,0.0340,PATROL,0
258.134,0.0341,0.0340,PATROL,0
258.168,0.0339,0.0340,PATROL,0
258.202,0.0342,0.0340,PATROL,0
258.236,0.0338,0.0340,PATROL,0
258.270,0.0342,0.0340,PATROL,0
258.304,0.0339,0.0340,PATROL,0
258.338,0.0342,0.0340,PATROL,0
258.372,0.0338,0.0340,PATROL,0
258.406,0.0340,0.0340,PATROL,0
258.440,0.0342,0.0340,PATROL,0
258.474,0.0340,0.0340,PATROL,0
258.508,0.0340,0.0340,PATROL,0
258.542,0.0339,0.0340,PATROL,0
258.576,0.0340,0.0340,PATROL,0
258.610,0.0340,0.0340,PATROL,0
258.644,0.0340,0.0340,PATROL,0
258.678,0.0342,0.0340,PATROL,0
258.712,0.0339,0.0340,PATROL,0
258.746,0.0340,0.0340,PATROL,0
258.780,0.0340,0.0340,PATROL,0
258.814,0.0340,0.0340,PATROL,0
258.848,0.0339,0.0340,PATROL,0
258.882,0.0341,0.0340,PATROL,0
258.916,0.0338,0.0340,PATROL,0
258.950,0.0341,0.0340,PATROL,0
258.984,0.0339,0.0340,PATROL,0
259.019,0.0344,0.0340,PATROL,0
259.052,0.0337,0.0340,PATROL,0
259.086,0.0341,0.0340,PATROL,0
259.121,0.0342,0.0340,PATROL,0
259.155,0.0343,0.0340,PATROL,0
259.189,0.0339,0.0340,PATROL,0
259.223,0.0339,0.0340,PATROL,0
259.257,0.0340,0.0340,PATROL,0
259.291,0.0341,0.0340,PATROL,0
259.325,0.0340,0.0340,PATROL,0
259.359,0.0341,0.0340,PATROL,0
259.393,0.0341,0.0340,PATROL,0
259.427,0.0339,0.0340,PATROL,0
259.461,0.0340,0.0340,PATROL,0
259.495,0.0343,0.0340,PATROL,0
259.529,0.0336,0.0340,PATROL,0
259.563,0.0341,0.0340,PATROL,0
259.597,0.0341,0.0340,PATROL,0
259.631,0.0341,0.0340,PATROL,0
259.665,0.0341,0.0340,PATROL,0
259.699,0.0339,0.0340,PATROL,0
259.733,0.0341,0.0340,PATROL,0
259.767,0.0338,0.0340,PATROL,0
259.801,0.0341,0.0340,PATROL,0
259.835,0.0339,0.0340,PATROL,0
259.869,0.0340,0.0340,PATROL,0
259.903,0.0339,0.0340,PATROL,0
259.937,0.0340,0.0340,PATROL,0
259.971,0.0341,0.0340,PATROL,0
260.005,0.0341,0.0340,PATROL,0
260.039,0.0343,0.0340,PATROL,0
260.073,0.0339,0.0340,PATROL,0
260.107,0.0338,0.0340,PATROL,0
260.141,0.0344,0.0340,PATROL,0
260.175,0.0339,0.0340,PATROL,0
260.209,0.0339,0.0340,PATROL,0
260.243,0.0341,0.0340,PATROL,0
260.278,0.0342,0.0340,PATROL,0
260.312,0.0340,0.0340,PATROL,0
260.345,0.0338,0.0340,PATROL,0
260.379,0.0339,0.0340,PATROL,0
260.413,0.0340,0.0340,PATROL,0
260.447,0.0340,0.0340,PATROL,0
260.481,0.0341,0.0340,PATROL,0
260.515,0.0340,0.0340,PATROL,0
260.549,0.0338,0.0340,PATROL,0
260.583,0.0341,0.0340,PATROL,0
260.618,0.0343,0.0340,PATROL,0
260.651,0.0337,0.0340,PATROL,0
260.685,0.0340,0.0340,PATROL,0
260.719,0.0342,0.0340,PATROL,0
260.753,0.0340,0.0340,PATROL,0
260.787,0.0339,0.0340,PATROL,0
260.821,0.0341,0.0340,PATROL,0
260.855,0.0340,0.0340,PATROL,0
260.889,0.0338,0.0340,PATROL,0
260.923,0.0342,0.0340,PATROL,0
260.957,0.0339,0.0340,PATROL,0
260.992,0.0341,0.0340,PATROL,0
261.025,0.0340,0.0340,PATROL,0
261.060,0.0341,0.0340,PATROL,0
261.094,0.0340,0.0340,PATROL,0
261.127,0.0338,0.0340,PATROL,0
261.162,0.0341,0.0340,PATROL,0
261.196,0.0340,0.0340,PATROL,0
261.229,0.0339,0.0340,PATROL,0
261.264,0.0341,0.0340,PATROL,0
261.298,0.0340,0.0340,PATROL,0
261.332,0.0347,0.0340,PATROL,0
261.366,0.0340,0.0340,PATROL,0
261.400,0.0339,0.0340,PATROL,0
261.434,0.0335,0.0340,PATROL,0
261.468,0.0340,0.0340,PATROL,0
261.502,0.0340,0.0340,PATROL,0
261.536,0.0341,0.0340,PATROL,0
261.570,0.0342,0.0340,PATROL,0
261.604,0.0339,0.0340,PATROL,0
261.638,0.0339,0.0340,PATROL,0
261.672,0.0339,0.0340,PATROL,0
261.706,0.0341,0.0340,PATROL,0
261.740,0.0340,0.0340,PATROL,0
261.774,0.0339,0.0340,PATROL,0
261.808,0.0340,0.0340,PATROL,0
261.842,0.0342,0.0340,PATROL,0
261.876,0.0342,0.0340,PATROL,0
261.910,0.0337,0.0340,PATROL,0
261.944,0.0340,0.0340,PATROL,0
261.978,0.0340,0.0340,PATROL,0
262.012,0.0340,0.0340,PATROL,0
262.046,0.0340,0.0340,PATROL,0
262.080,0.0343,0.0340,PATROL,0
262.114,0.0337,0.0340,PATROL,0
262.148,0.0341,0.0340,PATROL,0
262.182,0.0339,0.0340,PATROL,0
262.216,0.0341,0.0340,PATROL,0
262.250,0.0339,0.0340,PATROL,0
262.284,0.0341,0.0340,PATROL,0
262.318,0.0340,0.0340,PATROL,0
262.352,0.0341,0.0340,PATROL,0
262.386,0.0340,0.0340,PATROL,0
262.420,0.0341,0.0340,PATROL,0
262.454,0.0338,0.0340,PATROL,0
262.488,0.0341,0.0340,PATROL,0
262.522,0.0339,0.0340,PATROL,0
262.556,0.0342,0.0340,PATROL,0
262.590,0.0340,0.0340,PATROL,0
262.624,0.0339,0.0340,PATROL,0
262.658,0.0341,0.0340,PATROL,0
262.692,0.0342,0.0340,PATROL,0
262.726,0.0340,0.0340,PATROL,0
262.761,0.0341,0.0340,PATROL,0
262.794,0.0340,0.0340,PATROL,0
262.828,0.0340,0.0340,PATROL,0
262.862,0.0340,0.0340,PATROL,0
262.896,0.0339,0.0340,PATROL,0
262.930,0.0342,0.0340,PATROL,0
262.964,0.0340,0.0340,PATROL,0
262.999,0.0341,0.0340,PATROL,0
263.032,0.0337,0.0340,PATROL,0
263.066,0.0339,0.0340,PATROL,0
263.101,0.0343,0.0340,PATROL,0
263.134,0.0339,0.0340,PATROL,0
263.168,0.0340,0.0340,PATROL,0
263.203,0.0341,0.0340,PATROL,0
263.237,0.0341,0.0340,PATROL,0
263.271,0.0339,0.0340,PATROL,0
263.304,0.0339,0.0340,PATROL,0
263.338,0.0340,0.0340,PATROL,0
263.373,0.0343,0.0340,PATROL,0
263.407,0.0338,0.0340,PATROL,0
263.441,0.0340,0.0340,PATROL,0
263.475,0.0341,0.0340,PATROL,0
263.508,0.0338,0.0340,PATROL,0
263.543,0.0341,0.0340,PATROL,0
263.577,0.0342,0.0340,PATROL,0
263.611,0.0339,0.0340,PATROL,0
263.645,0.0340,0.0340,PATROL,0
263.679,0.0340,0.0340,PATROL,0
263.713,0.0338,0.0340,PATROL,0
263.747,0.0341,0.0340,PATROL,0
263.781,0.0340,0.0340,PATROL,0
263.815,0.0342,0.0340,PATROL,0
263.849,0.0340,0.0340,PATROL,0
263.883,0.0339,0.0340,PATROL,0
263.917,0.0340,0.0340,PATROL,0
263.951,0.0341,0.0340,PATROL,0
263.985,0.0340,0.0340,PATROL,0
264.019,0.0341,0.0340,PATROL,0
264.053,0.0339,0.0340,PATROL,0
264.087,0.0340,0.0340,PATROL,0
264.121,0.0343,0.0340,PATROL,0
264.155,0.0338,0.0340,PATROL,0
264.189,0.0342,0.0340,PATROL,0
264.223,0.0338,0.0340,PATROL,0
264.257,0.0340,0.0340,PATROL,0
264.291,0.0340,0.0340,PATROL,0
264.325,0.0342,0.0340,PATROL,0
264.359,0.0341,0.0340,PATROL,0
264.393,0.0339,0.0340,PATROL,0
264.427,0.0340,0.0340,PATROL,0
264.461,0.0339,0.0340,PATROL,0
264.495,0.0340,0.0340,PATROL,0
264.529,0.0341,0.0340,PATROL,0
264.563,0.0340,0.0340,PATROL,0
264.597,0.0340,0.0340,PATROL,0
264.631,0.0343,0.0340,PATROL,0
264.665,0.0336,0.0340,PATROL,0
264.699,0.0341,0.0340,PATROL,0
264.733,0.0340,0.0340,PATROL,0
264.767,0.0341,0.0340,PATROL,0
264.801,0.0339,0.0340,PATROL,0
264.835,0.0341,0.0340,PATROL,0
264.869,0.0339,0.0340,PATROL,0
264.903,0.0340,0.0340,PATROL,0
264.937,0.0342,0.0340,PATROL,0
264.971,0.0341,0.0340,PATROL,0
265.005,0.0339,0.0340,PATROL,0
265.039,0.0342,0.0340,PATROL,0
265.073,0.0339,0.0340,PATROL,0
265.107,0.0341,0.0340,PATROL,0
265.141,0.0338,0.0340,PATROL,0
265.175,0.0341,0.0340,PATROL,0
265.209,0.0339,0.0340,PATROL,0
265.243,0.0341,0.0340,PATROL,0
265.278,0.0346,0.0340,PATROL,0
265.312,0.0336,0.0340,PATROL,0
265.346,0.0341,0.0340,PATROL,0
265.380,0.0343,0.0340,PATROL,0
265.414,0.0336,0.0340,PATROL,0
265.447,0.0339,0.0340,PATROL,0
265.481,0.0340,0.0340,PATROL,0
265.515,0.0340,0.0340,PATROL,0
265.550,0.0341,0.0340,PATROL,0
265.584,0.0343,0.0340,PATROL,0
265.617,0.0336,0.0340,PATROL,0
265.652,0.0343,0.0340,PATROL,0
265.686,0.0338,0.0340,PATROL,0
265.720,0.0340,0.0340,PATROL,0
265.754,0.0339,0.0340,PATROL,0
265.788,0.0341,0.0340,PATROL,0
265.821,0.0338,0.0340,PATROL,0
265.856,0.0343,0.0340,PATROL,0
265.890,0.0338,0.0340,PATROL,0
265.924,0.0341,0.0340,PATROL,0
265.958,0.0339,0.0340,PATROL,0
265.992,0.0341,0.0340,PATROL,0
266.026,0.0339,0.0340,PATROL,0
266.060,0.0340,0.0340,PATROL,0
266.094,0.0340,0.0340,PATROL,0
266.128,0.0341,0.0340,PATROL,0
266.162,0.0339,0.0340,PATROL,0
266.196,0.0344,0.0340,PATROL,0
266.230,0.0336,0.0340,PATROL,0
266.264,0.0340,0.0340,PATROL,0
266.298,0.0341,0.0340,PATROL,0
266.332,0.0339,0.0340,PATROL,0
266.366,0.0341,0.0340,PATROL,0
266.400,0.0339,0.0340,PATROL,0
266.434,0.0342,0.0340,PATROL,0
266.468,0.0342,0.0340,PATROL,0
266.502,0.0338,0.0340,PATROL,0
266.536,0.0341,0.0340,PATROL,0
266.570,0.0341,0.0340,PATROL,0
266.604,0.0342,0.0340,PATROL,0
266.638,0.0337,0.0340,PATROL,0
266.672,0.0342,0.0340,PATROL,0
266.706,0.0340,0.0340,PATROL,0
266.740,0.0340,0.0340,PATROL,0
266.774,0.0340,0.0340,PATROL,0
266.808,0.0341,0.0340,PATROL,0
266.842,0.0338,0.0340,PATROL,0
266.876,0.0344,0.0340,PATROL,0
266.910,0.0339,0.0340,PATROL,0
266.944,0.0340,0.0340,PATROL,0
266.978,0.0339,0.0340,PATROL,0
267.012,0.0342,0.0340,PATROL,0
267.046,0.0340,0.0340,PATROL,0
267.080,0.0341,0.0340,PATROL,0
267.114,0.0340,0.0340,PATROL,0
267.148,0.0339,0.0340,PATROL,0
267.182,0.0339,0.0340,PATROL,0
267.216,0.0341,0.0340,PATROL,0
267.250,0.0340,0.0340,PATROL,0
267.285,0.0344,0.0340,PATROL,0
267.318,0.0337,0.0340,PATROL,0
267.352,0.0341,0.0340,PATROL,0
267.387,0.0341,0.0340,PATROL,0
267.420,0.0338,0.0340,PATROL,0
267.454,0.0341,0.0340,PATROL,0
267.488,0.0340,0.0340,PATROL,0
267.523,0.0341,0.0340,PATROL,0
267.556,0.0339,0.0340,PATROL,0
267.590,0.0339,0.0340,PATROL,0
267.624,0.0341,0.0340,PATROL,0
267.659,0.0340,0.0340,PATROL,0
267.692,0.0339,0.0340,PATROL,0
267.726,0.0340,0.0340,PATROL,0
267.761,0.0342,0.0340,PATROL,0
267.795,0.0340,0.0340,PATROL,0
267.829,0.0339,0.0340,PATROL,0
267.863,0.0341,0.0340,PATROL,0
267.897,0.0339,0.0340,PATROL,0
267.931,0.0340,0.0340,PATROL,0
267.965,0.0341,0.0340,PATROL,0
267.999,0.0339,0.0340,PATROL,0
268.033,0.0341,0.0340,PATROL,0
268.067,0.0340,0.0340,PATROL,0
268.101,0.0342,0.0340,PATROL,0
268.135,0.0339,0.0340,PATROL,0
268.169,0.0340,0.0340,PATROL,0
268.203,0.0340,0.0340,PATROL,0
268.237,0.0340,0.0340,PATROL,0
268.271,0.0342,0.0340,PATROL,0
268.305,0.0340,0.0340,PATROL,0
268.339,0.0339,0.0340,PATROL,0
268.373,0.0340,0.0340,PATROL,0
268.407,0.0339,0.0340,PATROL,0
268.441,0.0340,0.0340,PATROL,0
268.475,0.0342,0.0340,PATROL,0
268.509,0.0341,0.0340,PATROL,0
268.543,0.0340,0.0340,PATROL,0
268.577,0.0338,0.0340,PATROL,0
268.611,0.0342,0.0340,PATROL,0
268.645,0.0339,0.0340,PATROL,0
268.679,0.0340,0.0340,PATROL,0
268.713,0.0340,0.0340,PATROL,0
268.747,0.0343,0.0340,PATROL,0
268.781,0.0338,0.0340,PATROL,0
268.815,0.0341,0.0340,PATROL,0
268.849,0.0339,0.0340,PATROL,0
268.883,0.0341,0.0340,PATROL,0
268.918,0.0344,0.0340,PATROL,0
268.951,0.0335,0.0340,PATROL,0
268.985,0.0342,0.0340,PATROL,0
269.019,0.0339,0.0340,PATROL,0
269.053,0.0340,0.0340,PATROL,0
269.087,0.0339,0.0340,PATROL,0
269.121,0.0340,0.0340,PATROL,0
269.155,0.0341,0.0340,PATROL,0
269.189,0.0337,0.0340,PATROL,0
269.223,0.0341,0.0340,PATROL,0
269.257,0.0340,0.0340,PATROL,0
269.291,0.0341,0.0340,PATROL,0
269.325,0.0339,0.0340,PATROL,0
269.359,0.0341,0.0340,PATROL,0
269.393,0.0341,0.0340,PATROL,0
269.427,0.0339,0.0340,PATROL,0
269.461,0.0340,0.0340,PATROL,0
269.495,0.0340,0.0340,PATROL,0
269.529,0.0341,0.0340,PATROL,0
269.563,0.0340,0.0340,PATROL,0
269.597,0.0340,0.0340,PATROL,0
269.631,0.0339,0.0340,PATROL,0
269.665,0.0340,0.0340,PATROL,0
269.699,0.0342,0.0340,PATROL,0
269.733,0.0340,0.0340,PATROL,0
269.768,0.0341,0.0340,PATROL,0
269.802,0.0340,0.0340,PATROL,0
269.835,0.0339,0.0340,PATROL,0
269.870,0.0342,0.0340,PATROL,0
269.904,0.0339,0.0340,PATROL,0
269.937,0.0339,0.0340,PATROL,0
269.972,0.0344,0.0340,PATROL,0
270.006,0.0339,0.0340,PATROL,0
270.040,0.0340,0.0340,PATROL,0
270.074,0.0340,0.0340,PATROL,0
270.108,0.0340,0.0340,PATROL,0
270.142,0.0343,0.0340,PATROL,0
270.176,0.0338,0.0340,PATROL,0
270.210,0.0341,0.0340,PATROL,0
270.244,0.0339,0.0340,PATROL,0
270.278,0.0339,0.0340,PATROL,0
270.312,0.0341,0.0340,PATROL,0
270.346,0.0340,0.0340,PATROL,0
270.380,0.0340,0.0340,PATROL,0
270.414,0.0341,0.0340,PATROL,0
270.448,0.0339,0.0340,PATROL,0
270.482,0.0343,0.0340,PATROL,0
270.516,0.0342,0.0340,PATROL,0
270.550,0.0336,0.0340,PATROL,0
270.584,0.0339,0.0340,PATROL,0
270.618,0.0340,0.0340,PATROL,0
270.652,0.0342,0.0340,PATROL,0
270.686,0.0338,0.0340,PATROL,0
270.720,0.0341,0.0340,PATROL,0
270.754,0.0339,0.0340,PATROL,0
270.788,0.0342,0.0340,PATROL,0
270.822,0.0339,0.0340,PATROL,0
270.856,0.0340,0.0340,PATROL,0
270.890,0.0338,0.0340,PATROL,0
270.924,0.0340,0.0340,PATROL,0
270.958,0.0342,0.0340,PATROL,0
270.992,0.0340,0.0340,PATROL,0
271.026,0.0339,0.0340,PATROL,0
271.060,0.0343,0.0340,PATROL,0
271.094,0.0338,0.0340,PATROL,0
271.128,0.0343,0.0340,PATROL,0
271.162,0.0337,0.0340,PATROL,0
271.196,0.0340,0.0340,PATROL,0
271.230,0.0341,0.0340,PATROL,0
271.264,0.0339,0.0340,PATROL,0
271.298,0.0345,0.0340,PATROL,0
271.332,0.0337,0.0340,PATROL,0
271.366,0.0340,0.0340,PATROL,0
271.400,0.0340,0.0340,PATROL,0
271.434,0.0341,0.0340,PATROL,0
271.468,0.0337,0.0340,PATROL,0
271.502,0.0342,0.0340,PATROL,0
271.536,0.0341,0.0340,PATROL,0
271.570,0.0339,0.0340,PATROL,0
271.604,0.0340,0.0340,PATROL,0
271.638,0.0340,0.0340,PATROL,0
271.672,0.0340,0.0340,PATROL,0
271.706,0.0340,0.0340,PATROL,0
271.740,0.0340,0.0340,PATROL,0
271.774,0.0340,0.0340,PATROL,0
271.808,0.0340,0.0340,PATROL,0
271.842,0.0339,0.0340,PATROL,0
271.877,0.0343,0.0340,PATROL,0
271.910,0.0339,0.0340,PATROL,0
271.945,0.0341,0.0340,PATROL,0
271.978,0.0340,0.0340,PATROL,0
272.013,0.0340,0.0340,PATROL,0
272.047,0.0340,0.0340,PATROL,0
272.081,0.0341,0.0340,PATROL,0
272.115,0.0340,0.0340,PATROL,0
272.149,0.0339,0.0340,PATROL,0
272.183,0.0340,0.0340,PATROL,0
272.217,0.0340,0.0340,PATROL,0
272.251,0.0341,0.0340,PATROL,0
272.285,0.0340,0.0340,PATROL,0
272.319,0.0341,0.0340,PATROL,0
272.353,0.0338,0.0340,PATROL,0
272.387,0.0341,0.0340,PATROL,0
272.421,0.0341,0.0340,PATROL,0
272.455,0.0340,0.0340,PATROL,0
272.489,0.0338,0.0340,PATROL,0
272.523,0.0340,0.0340,PATROL,0
272.557,0.0341,0.0340,PATROL,0
272.591,0.0342,0.0340,PATROL,0
272.625,0.0338,0.0340,PATROL,0
272.659,0.0343,0.0340,PATROL,0
272.693,0.0339,0.0340,PATROL,0
272.727,0.0339,0.0340,PATROL,0
272.761,0.0341,0.0340,PATROL,0
272.795,0.0339,0.0340,PATROL,0
272.829,0.0340,0.0340,PATROL,0
272.863,0.0342,0.0340,PATROL,0
272.897,0.0340,0.0340,PATROL,0
272.931,0.0342,0.0340,PATROL,0
272.965,0.0339,0.0340,PATROL,0
272.999,0.0341,0.0340,PATROL,0
273.033,0.0339,0.0340,PATROL,0
273.067,0.0342,0.0340,PATROL,0
273.101,0.0342,0.0340,PATROL,0
273.135,0.0337,0.0340,PATROL,0
273.170,0.0344,0.0340,PATROL,0
273.203,0.0337,0.0340,PATROL,0
273.237,0.0340,0.0340,PATROL,0
273.271,0.0340,0.0340,PATROL,0
273.305,0.0339,0.0340,PATROL,0
273.339,0.0342,0.0340,PATROL,0
273.373,0.0339,0.0340,PATROL,0
273.407,0.0340,0.0340,PATROL,0
273.441,0.0341,0.0340,PATROL,0
273.475,0.0339,0.0340,PATROL,0
273.509,0.0340,0.0340,PATROL,0
273.543,0.0339,0.0340,PATROL,0
273.577,0.0341,0.0340,PATROL,0
273.611,0.0340,0.0340,PATROL,0
273.645,0.0338,0.0340,PATROL,0
273.679,0.0343,0.0340,PATROL,0
273.713,0.0339,0.0340,PATROL,0
273.747,0.0341,0.0340,PATROL,0
273.782,0.0341,0.0340,PATROL,0
273.815,0.0339,0.0340,PATROL,0
273.849,0.0340,0.0340,PATROL,0
273.883,0.0341,0.0340,PATROL,0
273.918,0.0341,0.0340,PATROL,0
273.952,0.0339,0.0340,PATROL,0
273.986,0.0340,0.0340,PATROL,0
274.020,0.0342,0.0340,PATROL,0
274.054,0.0341,0.0340,PATROL,0
274.088,0.0339,0.0340,PATROL,0
274.122,0.0342,0.0340,PATROL,0
274.156,0.0339,0.0340,PATROL,0
274.190,0.0338,0.0340,PATROL,0
274.224,0.0341,0.0340,PATROL,0
274.258,0.0339,0.0340,PATROL,0
274.292,0.0341,0.0340,PATROL,0
274.326,0.0340,0.0340,PATROL,0
274.360,0.0345,0.0340,PATROL,0
274.394,0.0336,0.0340,PATROL,0
274.428,0.0339,0.0340,PATROL,0
274.462,0.0340,0.0340,PATROL,0
274.496,0.0342,0.0340,PATROL,0
274.530,0.0338,0.0340,PATROL,0
274.564,0.0341,0.0340,PATROL,0
274.598,0.0338,0.0340,PATROL,0
274.632,0.0341,0.0340,PATROL,0
274.666,0.0339,0.0340,PATROL,0
274.700,0.0341,0.0340,PATROL,0
274.734,0.0339,0.0340,PATROL,0
274.768,0.0341,0.0340,PATROL,0
274.802,0.0340,0.0340,PATROL,0
274.836,0.0342,0.0340,PATROL,0
274.870,0.0337,0.0340,PATROL,0
274.904,0.0341,0.0340,PATROL,0
274.938,0.0340,0.0340,PATROL,0
274.972,0.0340,0.0340,PATROL,0
275.006,0.0340,0.0340,PATROL,0
275.040,0.0341,0.0340,PATROL,0
275.074,0.0340,0.0340,PATROL,0
275.108,0.0339,0.0340,PATROL,0
275.142,0.0342,0.0340,PATROL,0
275.176,0.0340,0.0340,PATROL,0
275.210,0.0340,0.0340,PATROL,0
275.244,0.0340,0.0340,PATROL,0
275.278,0.0340,0.0340,PATROL,0
275.312,0.0339,0.0340,PATROL,0
275.346,0.0342,0.0340,PATROL,0
275.380,0.0342,0.0340,PATROL,0
275.414,0.0337,0.0340,PATROL,0
275.448,0.0342,0.0340,PATROL,0
275.482,0.0341,0.0340,PATROL,0
275.516,0.0341,0.0340,PATROL,0
275.551,0.0342,0.0340,PATROL,0
275.584,0.0336,0.0340,PATROL,0
275.618,0.0341,0.0340,PATROL,0
275.653,0.0342,0.0340,PATROL,0
275.687,0.0338,0.0340,PATROL,0
275.720,0.0339,0.0340,PATROL,0
275.754,0.0340,0.0340,PATROL,0
275.788,0.0339,0.0340,PATROL,0
275.822,0.0341,0.0340,PATROL,0
275.856,0.0339,0.0340,PATROL,0
275.890,0.0339,0.0340,PATROL,0
275.924,0.0341,0.0340,PATROL,0
275.958,0.0340,0.0340,PATROL,0
275.992,0.0340,0.0340,PATROL,0
276.026,0.0340,0.0340,PATROL,0
276.062,0.0352,0.0340,PATROL,0
276.096,0.0340,0.0340,PATROL,0
276.130,0.0339,0.0340,PATROL,0
276.164,0.0342,0.0340,PATROL,0
276.198,0.0337,0.0340,PATROL,0
276.232,0.0341,0.0340,PATROL,0
276.266,0.0339,0.0340,PATROL,0
276.300,0.0341,0.0340,PATROL,0
276.334,0.0339,0.0340,PATROL,0
276.368,0.0342,0.0340,PATROL,0
276.402,0.0340,0.0340,PATROL,0
276.436,0.0339,0.0340,PATROL,0
276.470,0.0341,0.0340,PATROL,0
276.504,0.0340,0.0340,PATROL,0
276.538,0.0339,0.0340,PATROL,0
276.572,0.0341,0.0340,PATROL,0
276.606,0.0340,0.0340,PATROL,0
276.640,0.0341,0.0340,PATROL,0
276.674,0.0340,0.0340,PATROL,0
276.708,0.0340,0.0340,PATROL,0
276.742,0.0341,0.0340,PATROL,0
276.776,0.0341,0.0340,PATROL,0
276.810,0.0340,0.0340,PATROL,0
276.844,0.0341,0.0340,PATROL,0
276.878,0.0339,0.0340,PATROL,0
276.912,0.0340,0.0340,PATROL,0
276.946,0.0343,0.0340,PATROL,0
276.981,0.0343,0.0340,PATROL,0
277.014,0.0336,0.0340,PATROL,0
277.048,0.0340,0.0340,PATROL,0
277.082,0.0340,0.0340,PATROL,0
277.116,0.0338,0.0340,PATROL,0
277.150,0.0341,0.0340,PATROL,0
277.184,0.0340,0.0340,PATROL,0
277.218,0.0340,0.0340,PATROL,0
277.252,0.0343,0.0340,PATROL,0
277.286,0.0340,0.0340,PATROL,0
277.320,0.0338,0.0340,PATROL,0
277.354,0.0339,0.0340,PATROL,0
277.388,0.0340,0.0340,PATROL,0
277.422,0.0340,0.0340,PATROL,0
277.456,0.0341,0.0340,PATROL,0
277.490,0.0339,0.0340,PATROL,0
277.524,0.0342,0.0340,PATROL,0
277.558,0.0339,0.0340,PATROL,0
277.592,0.0340,0.0340,PATROL,0
277.626,0.0340,0.0340,PATROL,0
277.660,0.0340,0.0340,PATROL,0
277.694,0.0340,0.0340,PATROL,0
277.728,0.0340,0.0340,PATROL,0
277.762,0.0341,0.0340,PATROL,0
277.796,0.0339,0.0340,PATROL,0
277.830,0.0341,0.0340,PATROL,0
277.864,0.0339,0.0340,PATROL,0
277.898,0.0340,0.0340,PATROL,0
277.932,0.0342,0.0340,PATROL,0
277.966,0.0341,0.0340,PATROL,0
278.001,0.0340,0.0340,PATROL,0
278.035,0.0341,0.0340,PATROL,0
278.068,0.0339,0.0340,PATROL,0
278.102,0.0339,0.0340,PATROL,0
278.136,0.0340,0.0340,PATROL,0
278.171,0.0345,0.0340,PATROL,0
278.204,0.0335,0.0340,PATROL,0
278.238,0.0340,0.0340,PATROL,0
278.273,0.0341,0.0340,PATROL,0
278.307,0.0340,0.0340,PATROL,0
278.340,0.0338,0.0340,PATROL,0
278.374,0.0340,0.0340,PATROL,0
278.409,0.0341,0.0340,PATROL,0
278.443,0.0340,0.0340,PATROL,0
278.476,0.0339,0.0340,PATROL,0
278.511,0.0341,0.0340,PATROL,0
278.545,0.0342,0.0340,PATROL,0
278.579,0.0340,0.0340,PATROL,0
278.613,0.0339,0.0340,PATROL,0
278.647,0.0340,0.0340,PATROL,0
278.681,0.0340,0.0340,PATROL,0
278.715,0.0341,0.0340,PATROL,0
278.749,0.0339,0.0340,PATROL,0
278.783,0.0341,0.0340,PATROL,0
278.817,0.0338,0.0340,PATROL,0
278.851,0.0342,0.0340,PATROL,0
278.885,0.0339,0.0340,PATROL,0
278.919,0.0342,0.0340,PATROL,0
278.953,0.0338,0.0340,PATROL,0
278.987,0.0340,0.0340,PATROL,0
279.021,0.0341,0.0340,PATROL,0
279.055,0.0345,0.0340,PATROL,0
279.089,0.0339,0.0340,PATROL,0
279.123,0.0341,0.0340,PATROL,0
279.157,0.0338,0.0340,PATROL,0
279.191,0.0340,0.0340,PATROL,0
279.225,0.0339,0.0340,PATROL,0
279.259,0.0340,0.0340,PATROL,0
279.293,0.0342,0.0340,PATROL,0
279.327,0.0339,0.0340,PATROL,0
279.361,0.0340,0.0340,PATROL,0
279.395,0.0341,0.0340,PATROL,0
279.429,0.0337,0.0340,PATROL,0
279.463,0.0340,0.0340,PATROL,0
279.497,0.0341,0.0340,PATROL,0
279.531,0.0340,0.0340,PATROL,0
279.565,0.0341,0.0340,PATROL,0
279.600,0.0344,0.0340,PATROL,0
279.633,0.0335,0.0340,PATROL,0
279.667,0.0339,0.0340,PATROL,0
279.701,0.0341,0.0340,PATROL,0
279.735,0.0342,0.0340,PATROL,0
279.769,0.0337,0.0340,PATROL,0
279.803,0.0341,0.0340,PATROL,0
279.837,0.0339,0.0340,PATROL,0
279.871,0.0342,0.0340,PATROL,0
279.905,0.0340,0.0340,PATROL,0
279.939,0.0340,0.0340,PATROL,0
279.973,0.0341,0.0340,PATROL,0
280.007,0.0339,0.0340,PATROL,0
280.042,0.0345,0.0340,PATROL,0
280.075,0.0337,0.0340,PATROL,0
280.110,0.0342,0.0340,PATROL,0
280.143,0.0338,0.0340,PATROL,0
280.177,0.0340,0.0340,PATROL,0
280.212,0.0341,0.0340,PATROL,0
280.245,0.0339,0.0340,PATROL,0
280.280,0.0341,0.0340,PATROL,0
280.314,0.0340,0.0340,PATROL,0
280.347,0.0338,0.0340,PATROL,0
280.381,0.0341,0.0340,PATROL,0
280.415,0.0340,0.0340,PATROL,0
280.449,0.0340,0.0340,PATROL,0
280.484,0.0345,0.0340,PATROL,0
280.518,0.0339,0.0340,PATROL,0
280.552,0.0339,0.0340,PATROL,0
280.586,0.0340,0.0340,PATROL,0
280.620,0.0340,0.0340,PATROL,0
280.653,0.0339,0.0340,PATROL,0
280.688,0.0340,0.0340,PATROL,0
280.722,0.0342,0.0340,PATROL,0
280.756,0.0342,0.0340,PATROL,0
280.790,0.0339,0.0340,PATROL,0
280.824,0.0339,0.0340,PATROL,0
280.858,0.0341,0.0340,PATROL,0
280.892,0.0340,0.0340,PATROL,0
280.926,0.0340,0.0340,PATROL,0
280.960,0.0341,0.0340,PATROL,0
280.994,0.0341,0.0340,PATROL,0
281.028,0.0339,0.0340,PATROL,0
281.062,0.0340,0.0340,PATROL,0
281.096,0.0340,0.0340,PATROL,0
281.130,0.0340,0.0340,PATROL,0
281.164,0.0340,0.0340,PATROL,0
281.198,0.0339,0.0340,PATROL,0
281.232,0.0340,0.0340,PATROL,0
281.266,0.0342,0.0340,PATROL,0
281.300,0.0339,0.0340,PATROL,0
281.334,0.0341,0.0340,PATROL,0
281.368,0.0342,0.0340,PATROL,0
281.402,0.0339,0.0340,PATROL,0
281.436,0.0342,0.0340,PATROL,0
281.470,0.0340,0.0340,PATROL,0
281.504,0.0339,0.0340,PATROL,0
281.538,0.0341,0.0340,PATROL,0
281.572,0.0340,0.0340,PATROL,0
281.606,0.0340,0.0340,PATROL,0
281.640,0.0340,0.0340,PATROL,0
281.674,0.0339,0.0340,PATROL,0
281.708,0.0341,0.0340,PATROL,0
281.742,0.0340,0.0340,PATROL,0
281.776,0.0340,0.0340,PATROL,0
281.810,0.0339,0.0340,PATROL,0
281.844,0.0340,0.0340,PATROL,0
281.878,0.0343,0.0340,PATROL,0
281.912,0.0339,0.0340,PATROL,0
281.946,0.0339,0.0340,PATROL,0
281.981,0.0346,0.0340,PATROL,0
282.014,0.0337,0.0340,PATROL,0
282.048,0.0340,0.0340,PATROL,0
282.082,0.0339,0.0340,PATROL,0
282.116,0.0342,0.0340,PATROL,0
282.150,0.0340,0.0340,PATROL,0
282.184,0.0340,0.0340,PATROL,0
282.219,0.0341,0.0340,PATROL,0
282.252,0.0337,0.0340,PATROL,0
282.286,0.0342,0.0340,PATROL,0
282.321,0.0344,0.0340,PATROL,0
282.354,0.0337,0.0340,PATROL,0
282.388,0.0339,0.0340,PATROL,0
282.422,0.0340,0.0340,PATROL,0
282.456,0.0339,0.0340,PATROL,0
282.491,0.0341,0.0340,PATROL,0
282.524,0.0339,0.0340,PATROL,0
282.559,0.0342,0.0340,PATROL,0
282.592,0.0338,0.0340,ALIGN,0
282.627,0.0343,0.0340,ALIGN,0
282.660,0.0338,0.0340,ALIGN,0
282.695,0.0340,0.0340,ALIGN,0
282.729,0.0340,0.0340,ALIGN,0
282.763,0.0341,0.0340,ALIGN,0
282.797,0.0340,0.0340,ALIGN,0
282.831,0.0341,0.0340,ALIGN,0
282.865,0.0339,0.0340,ALIGN,0
282.898,0.0339,0.0340,ALIGN,0
282.933,0.0342,0.0340,ALIGN,0
282.967,0.0339,0.0340,ALIGN,0
283.001,0.0343,0.0340,ALIGN,0
283.035,0.0339,0.0340,ALIGN,0
283.069,0.0341,0.0340,ALIGN,0
283.103,0.0339,0.0340,ALIGN,0
283.137,0.0340,0.0340,ALIGN,0
283.171,0.0341,0.0340,ALIGN,0
283.205,0.0339,0.0340,ALIGN,0
283.239,0.0340,0.0340,ALIGN,0
283.273,0.0340,0.0340,ALIGN,0
283.307,0.0341,0.0340,ALIGN,0
283.341,0.0339,0.0340,ALIGN,0
283.375,0.0341,0.0340,ALIGN,0
283.409,0.0345,0.0340,ALIGN,0
283.443,0.0337,0.0340,ALIGN,0
283.477,0.0338,0.0340,ALIGN,0
283.511,0.0340,0.0340,ALIGN,0
283.545,0.0341,0.0340,ALIGN,0
283.579,0.0340,0.0340,ALIGN,0
283.613,0.0340,0.0340,ALIGN,0
283.647,0.0340,0.0340,ALIGN,0
283.681,0.0340,0.0340,ALIGN,0
283.715,0.0342,0.0340,ALIGN,0
283.749,0.0339,0.0340,ALIGN,0
283.783,0.0341,0.0340,ALIGN,0
283.817,0.0338,0.0340,APPROACH,0
283.851,0.0342,0.0340,APPROACH,0
283.885,0.0340,0.0340,APPROACH,0
283.919,0.0341,0.0340,APPROACH,0
283.953,0.0341,0.0340,APPROACH,0
283.987,0.0342,0.0340,APPROACH,0
284.021,0.0337,0.0340,APPROACH,0
284.055,0.0341,0.0340,APPROACH,0
284.089,0.0341,0.0340,APPROACH,0
284.123,0.0340,0.0340,APPROACH,0
284.157,0.0339,0.0340,APPROACH,0
284.191,0.0341,0.0340,APPROACH,0
284.225,0.0340,0.0340,APPROACH,0
284.259,0.0341,0.0340,APPROACH,0
284.293,0.0339,0.0340,APPROACH,0
284.327,0.0342,0.0340,APPROACH,0
284.361,0.0339,0.0340,APPROACH,0
284.395,0.0340,0.0340,APPROACH,0
284.429,0.0340,0.0340,APPROACH,0
284.463,0.0339,0.0340,APPROACH,0
284.497,0.0341,0.0340,APPROACH,0
284.531,0.0341,0.0340,APPROACH,0
284.565,0.0339,0.0340,APPROACH,0
284.599,0.0341,0.0340,APPROACH,0
284.634,0.0349,0.0340,APPROACH,0
284.668,0.0340,0.0340,APPROACH,0
284.702,0.0335,0.0340,APPROACH,0
284.736,0.0339,0.0340,APPROACH,0
284.770,0.0341,0.0340,APPROACH,0
284.804,0.0340,0.0340,APPROACH,0
284.838,0.0339,0.0340,APPROACH,0
284.872,0.0342,0.0340,APPROACH,0
284.906,0.0338,0.0340,APPROACH,0
284.939,0.0340,0.0340,APPROACH,0
284.973,0.0340,0.0340,APPROACH,0
285.007,0.0340,0.0340,APPROACH,0
285.042,0.0342,0.0340,APPROACH,0
285.076,0.0340,0.0340,APPROACH,0
285.110,0.0341,0.0340,APPROACH,0
285.144,0.0340,0.0340,APPROACH,0
285.178,0.0340,0.0340,APPROACH,0
285.212,0.0339,0.0340,APPROACH,0
285.246,0.0340,0.0340,APPROACH,0
285.280,0.0340,0.0340,APPROACH,0
285.314,0.0340,0.0340,APPROACH,0
285.348,0.0342,0.0340,APPROACH,0
285.382,0.0338,0.0340,APPROACH,0
285.416,0.0340,0.0340,APPROACH,0
285.450,0.0340,0.0340,APPROACH,0
285.484,0.0342,0.0340,APPROACH,0
285.518,0.0340,0.0340,APPROACH,0
285.552,0.0340,0.0340,APPROACH,0
285.586,0.0341,0.0340,APPROACH,0
285.620,0.0340,0.0340,APPROACH,0
285.654,0.0338,0.0340,APPROACH,0
285.688,0.0341,0.0340,APPROACH,0
285.722,0.0342,0.0340,APPROACH,0
285.756,0.0340,0.0340,APPROACH,0
285.790,0.0339,0.0340,APPROACH,0
285.824,0.0338,0.0340,APPROACH,0
285.858,0.0340,0.0340,APPROACH,0
285.892,0.0341,0.0340,APPROACH,0
285.926,0.0339,0.0340,APPROACH,0
285.960,0.0340,0.0340,APPROACH,0
285.994,0.0340,0.0340,APPROACH,0
286.028,0.0341,0.0340,APPROACH,0
286.062,0.0341,0.0340,APPROACH,0
286.096,0.0338,0.0340,APPROACH,0
286.130,0.0340,0.0340,APPROACH,0
286.164,0.0341,0.0340,APPROACH,0
286.198,0.0340,0.0340,APPROACH,0
286.232,0.0340,0.0340,APPROACH,0
286.266,0.0340,0.0340,APPROACH,0
286.300,0.0340,0.0340,APPROACH,0
286.334,0.0340,0.0340,APPROACH,0
286.368,0.0340,0.0340,APPROACH,0
286.402,0.0341,0.0340,APPROACH,0
286.437,0.0343,0.0340,APPROACH,0
286.470,0.0337,0.0340,APPROACH,0
286.504,0.0339,0.0340,APPROACH,0
286.538,0.0342,0.0340,APPROACH,0
286.573,0.0343,0.0340,APPROACH,0
286.606,0.0339,0.0340,APPROACH,0
286.640,0.0339,0.0340,APPROACH,0
286.674,0.0340,0.0340,APPROACH,0
286.709,0.0343,0.0340,APPROACH,0
286.742,0.0337,0.0340,APPROACH,0
286.776,0.0340,0.0340,APPROACH,0
286.810,0.0340,0.0340,APPROACH,0
286.844,0.0341,0.0340,APPROACH,0
286.879,0.0341,0.0340,APPROACH,0
286.912,0.0339,0.0340,APPROACH,0
286.946,0.0340,0.0340,APPROACH,0
286.980,0.0341,0.0340,APPROACH,0
287.014,0.0339,0.0340,APPROACH,0
287.049,0.0347,0.0340,APPROACH,0
287.083,0.0336,0.0340,APPROACH,0
287.117,0.0343,0.0340,APPROACH,0
287.151,0.0336,0.0340,APPROACH,0
287.185,0.0340,0.0340,APPROACH,0
287.219,0.0338,0.0340,APPROACH,0
287.253,0.0341,0.0340,APPROACH,0
287.287,0.0340,0.0340,APPROACH,0
287.321,0.0339,0.0340,APPROACH,0
287.355,0.0341,0.0340,APPROACH,0
287.389,0.0340,0.0340,APPROACH,0
287.423,0.0341,0.0340,APPROACH,0
287.457,0.0341,0.0340,APPROACH,0
287.491,0.0338,0.0340,APPROACH,0
287.525,0.0339,0.0340,APPROACH,0
287.559,0.0340,0.0340,APPROACH,0
287.593,0.0341,0.0340,APPROACH,0
287.627,0.0339,0.0340,APPROACH,0
287.661,0.0341,0.0340,APPROACH,0
287.695,0.0340,0.0340,APPROACH,0
287.729,0.0339,0.0340,APPROACH,0
287.763,0.0343,0.0340,APPROACH,0
287.797,0.0338,0.0340,APPROACH,0
287.831,0.0341,0.0340,APPROACH,0
287.865,0.0340,0.0340,APPROACH,0
287.899,0.0339,0.0340,APPROACH,0
287.933,0.0341,0.0340,APPROACH,0
287.967,0.0340,0.0340,APPROACH,0
288.001,0.0340,0.0340,APPROACH,0
288.035,0.0341,0.0340,APPROACH,0
288.069,0.0340,0.0340,APPROACH,0
288.104,0.0346,0.0340,APPROACH,0
288.137,0.0333,0.0340,APPROACH,0
288.171,0.0340,0.0340,APPROACH,0
288.205,0.0341,0.0340,APPROACH,0
288.239,0.0341,0.0340,APPROACH,0
288.273,0.0340,0.0340,APPROACH,0
288.307,0.0341,0.0340,APPROACH,0
288.341,0.0340,0.0340,APPROACH,0
288.375,0.0339,0.0340,APPROACH,0
288.409,0.0342,0.0340,APPROACH,0
288.443,0.0339,0.0340,APPROACH,0
288.477,0.0340,0.0340,APPROACH,0
288.511,0.0340,0.0340,APPROACH,0
288.545,0.0341,0.0340,APPROACH,0
288.579,0.0339,0.0340,APPROACH,0
288.613,0.0340,0.0340,APPROACH,0
288.647,0.0339,0.0340,APPROACH,0
288.681,0.0342,0.0340,APPROACH,0
288.715,0.0340,0.0340,APPROACH,0
288.749,0.0338,0.0340,APPROACH,0
288.783,0.0341,0.0340,APPROACH,0
288.817,0.0342,0.0340,APPROACH,0
288.852,0.0345,0.0340,APPROACH,0
288.886,0.0337,0.0340,APPROACH,0
288.919,0.0338,0.0340,APPROACH,0
288.953,0.0340,0.0340,APPROACH,0
288.987,0.0339,0.0340,APPROACH,0
289.021,0.0341,0.0340,APPROACH,0
289.056,0.0350,0.0340,APPROACH,0
289.091,0.0343,0.0340,APPROACH,0
289.125,0.0339,0.0340,APPROACH,0
289.159,0.0340,0.0340,APPROACH,0
289.192,0.0339,0.0340,APPROACH,0
289.226,0.0340,0.0340,APPROACH,0
289.261,0.0342,0.0340,APPROACH,0
289.295,0.0340,0.0340,APPROACH,0
289.329,0.0341,0.0340,APPROACH,0
289.363,0.0340,0.0340,APPROACH,0
289.397,0.0340,0.0340,APPROACH,0
289.431,0.0340,0.0340,APPROACH,0
289.465,0.0342,0.0340,APPROACH,0
289.499,0.0338,0.0340,APPROACH,0
289.533,0.0341,0.0340,APPROACH,0
289.567,0.0339,0.0340,APPROACH,0
289.601,0.0342,0.0340,APPROACH,0
289.635,0.0339,0.0340,APPROACH,0
289.669,0.0340,0.0340,APPROACH,0
289.703,0.0341,0.0340,APPROACH,0
289.737,0.0339,0.0340,APPROACH,0
289.771,0.0340,0.0340,APPROACH,0
289.805,0.0340,0.0340,APPROACH,0
289.839,0.0341,0.0340,APPROACH,0
289.873,0.0340,0.0340,APPROACH,0
289.907,0.0339,0.0340,APPROACH,0
289.941,0.0342,0.0340,APPROACH,0
289.975,0.0338,0.0340,APPROACH,0
290.009,0.0343,0.0340,APPROACH,0
290.043,0.0338,0.0340,APPROACH,0
290.077,0.0341,0.0340,APPROACH,0
290.111,0.0342,0.0340,APPROACH,0
290.145,0.0338,0.0340,APPROACH,0
290.179,0.0339,0.0340,APPROACH,0
290.213,0.0340,0.0340,APPROACH,0
290.247,0.0340,0.0340,APPROACH,0
290.281,0.0341,0.0340,APPROACH,0
290.315,0.0340,0.0340,APPROACH,0
290.349,0.0339,0.0340,APPROACH,0
290.383,0.0340,0.0340,APPROACH,0
290.417,0.0344,0.0340,APPROACH,0
290.451,0.0338,0.0340,APPROACH,0
290.485,0.0339,0.0340,APPROACH,0
290.519,0.0342,0.0340,APPROACH,0
290.553,0.0340,0.0340,APPROACH,0
290.587,0.0343,0.0340,APPROACH,0
290.621,0.0338,0.0340,APPROACH,0
290.655,0.0342,0.0340,APPROACH,0
290.689,0.0338,0.0340,APPROACH,0
290.723,0.0340,0.0340,APPROACH,0
290.757,0.0341,0.0340,APPROACH,0
290.791,0.0341,0.0340,APPROACH,0
290.825,0.0340,0.0340,APPROACH,0
290.859,0.0341,0.0340,APPROACH,0
290.893,0.0338,0.0340,APPROACH,0
290.927,0.0340,0.0340,APPROACH,0
290.961,0.0340,0.0340,APPROACH,0
290.995,0.0341,0.0340,APPROACH,0
291.029,0.0341,0.0340,APPROACH,0
291.063,0.0339,0.0340,APPROACH,0
291.097,0.0342,0.0340,APPROACH,0
291.131,0.0339,0.0340,APPROACH,0
291.165,0.0340,0.0340,APPROACH,0
291.199,0.0341,0.0340,APPROACH,0
291.233,0.0340,0.0340,APPROACH,0
291.268,0.0342,0.0340,APPROACH,0
291.302,0.0340,0.0340,APPROACH,0
291.336,0.0340,0.0340,APPROACH,0
291.370,0.0340,0.0340,APPROACH,0
291.403,0.0339,0.0340,APPROACH,0
291.437,0.0340,0.0340,APPROACH,0
291.471,0.0339,0.0340,APPROACH,0
291.506,0.0343,0.0340,APPROACH,0
291.540,0.0341,0.0340,APPROACH,0
291.574,0.0339,0.0340,APPROACH,0
291.608,0.0341,0.0340,APPROACH,0
291.642,0.0340,0.0340,APPROACH,0
291.676,0.0340,0.0340,APPROACH,0
291.710,0.0339,0.0340,APPROACH,0
291.744,0.0341,0.0340,APPROACH,0
291.778,0.0340,0.0340,APPROACH,0
291.812,0.0340,0.0340,APPROACH,0
291.846,0.0339,0.0340,APPROACH,0
291.880,0.0341,0.0340,APPROACH,0
291.914,0.0339,0.0340,APPROACH,0
291.948,0.0341,0.0340,APPROACH,0
291.982,0.0339,0.0340,APPROACH,0
292.016,0.0341,0.0340,APPROACH,0
292.050,0.0340,0.0340,APPROACH,0
292.084,0.0342,0.0340,APPROACH,0
292.118,0.0338,0.0340,APPROACH,0
292.152,0.0341,0.0340,APPROACH,0
292.186,0.0339,0.0340,APPROACH,0
292.220,0.0341,0.0340,APPROACH,0
292.254,0.0339,0.0340,APPROACH,0
292.288,0.0342,0.0340,APPROACH,0
292.322,0.0340,0.0340,APPROACH,0
292.356,0.0341,0.0340,APPROACH,0
292.390,0.0341,0.0340,APPROACH,0
292.424,0.0338,0.0340,APPROACH,0
292.458,0.0340,0.0340,APPROACH,0
292.492,0.0341,0.0340,APPROACH,0
292.526,0.0340,0.0340,BLIND_DASH,0
292.560,0.0339,0.0340,BLIND_DASH,0
292.594,0.0342,0.0340,BLIND_DASH,0
292.628,0.0339,0.0340,BLIND_DASH,0
292.662,0.0339,0.0340,BLIND_DASH,0
292.696,0.0342,0.0340,BLIND_DASH,0
292.730,0.0339,0.0340,BLIND_DASH,0
292.764,0.0341,0.0340,BLIND_DASH,0
292.798,0.0340,0.0340,BLIND_DASH,0
292.832,0.0338,0.0340,BLIND_DASH,0
292.866,0.0341,0.0340,BLIND_DASH,0
292.900,0.0341,0.0340,BLIND_DASH,0
292.934,0.0341,0.0340,BLIND_DASH,0
292.968,0.0339,0.0340,BLIND_DASH,0
293.002,0.0341,0.0340,BLIND_DASH,0
293.036,0.0340,0.0340,BLIND_DASH,0
293.070,0.0339,0.0340,BLIND_DASH,0
293.104,0.0340,0.0340,BLIND_DASH,0
293.139,0.0344,0.0340,BLIND_DASH,0
293.172,0.0338,0.0340,BLIND_DASH,0
293.206,0.0339,0.0340,BLIND_DASH,0
293.240,0.0339,0.0340,BLIND_DASH,0
293.274,0.0340,0.0340,BLIND_DASH,0
293.308,0.0338,0.0340,BLIND_DASH,0
293.342,0.0343,0.0340,BLIND_DASH,0
293.376,0.0339,0.0340,BLIND_DASH,0
293.410,0.0340,0.0340,BLIND_DASH,0
293.444,0.0340,0.0340,BLIND_DASH,0
293.478,0.0340,0.0340,BLIND_DASH,0
293.512,0.0340,0.0340,BLIND_DASH,0
293.546,0.0340,0.0340,BLIND_DASH,0
293.580,0.0340,0.0340,BLIND_DASH,0
293.615,0.0342,0.0340,BLIND_DASH,0
293.649,0.0341,0.0340,BLIND_DASH,0
293.682,0.0338,0.0340,BLIND_DASH,0
293.717,0.0341,0.0340,BLIND_DASH,0
293.751,0.0340,0.0340,BLIND_DASH,0
293.785,0.0341,0.0340,BLIND_DASH,0
293.819,0.0341,0.0340,BLIND_DASH,0
293.853,0.0341,0.0340,BLIND_DASH,0
293.887,0.0337,0.0340,BLIND_DASH,0
293.921,0.0341,0.0340,BLIND_DASH,0
293.955,0.0340,0.0340,BLIND_DASH,0
293.989,0.0338,0.0340,BLIND_DASH,0
294.023,0.0342,0.0340,BLIND_DASH,0
294.057,0.0339,0.0340,BLIND_DASH,0
294.091,0.0341,0.0340,BLIND_DASH,0
294.125,0.0339,0.0340,BLIND_DASH,0
294.159,0.0340,0.0340,BLIND_DASH,0
294.193,0.0340,0.0340,BLIND_DASH,0
294.227,0.0342,0.0340,BLIND_DASH,0
294.261,0.0340,0.0340,BLIND_DASH,0
294.295,0.0340,0.0340,BLIND_DASH,0
294.329,0.0338,0.0340,BLIND_DASH,0
294.363,0.0341,0.0340,BLIND_DASH,0
294.397,0.0343,0.0340,BLIND_DASH,0
294.431,0.0337,0.0340,BLIND_DASH,0
294.465,0.0342,0.0340,BLIND_DASH,0
294.499,0.0341,0.0340,BLIND_DASH,0
294.533,0.0338,0.0340,PATROL,0
294.567,0.0339,0.0340,PATROL,0
294.601,0.0341,0.0340,PATROL,0
294.635,0.0340,0.0340,PATROL,0
294.669,0.0339,0.0340,PATROL,0
294.703,0.0341,0.0340,PATROL,0
294.737,0.0340,0.0340,PATROL,0
294.771,0.0341,0.0340,PATROL,0
294.805,0.0338,0.0340,PATROL,0
294.839,0.0341,0.0340,PATROL,0
294.873,0.0342,0.0340,PATROL,0
294.907,0.0340,0.0340,PATROL,0
294.941,0.0340,0.0340,PATROL,0
294.975,0.0340,0.0340,PATROL,0
295.009,0.0342,0.0340,PATROL,0
295.043,0.0338,0.0340,PATROL,0
295.077,0.0342,0.0340,PATROL,0
295.111,0.0339,0.0340,PATROL,0
295.145,0.0339,0.0340,PATROL,0
295.179,0.0341,0.0340,PATROL,0
295.213,0.0339,0.0340,PATROL,0
295.247,0.0340,0.0340,PATROL,0
295.281,0.0340,0.0340,PATROL,0
295.315,0.0340,0.0340,PATROL,0
295.349,0.0341,0.0340,PATROL,0
295.384,0.0342,0.0340,PATROL,0
295.417,0.0339,0.0340,PATROL,0
295.451,0.0339,0.0340,PATROL,0
295.485,0.0341,0.0340,PATROL,0
295.520,0.0341,0.0340,PATROL,0
295.554,0.0339,0.0340,PATROL,0
295.588,0.0340,0.0340,PATROL,0
295.622,0.0340,0.0340,PATROL,0
295.656,0.0340,0.0340,PATROL,0
295.689,0.0339,0.0340,PATROL,0
295.724,0.0341,0.0340,PATROL,0
295.757,0.0339,0.0340,PATROL,0
295.792,0.0342,0.0340,PATROL,0
295.826,0.0340,0.0340,PATROL,0
295.860,0.0342,0.0340,PATROL,0
295.894,0.0339,0.0340,PATROL,0
295.928,0.0340,0.0340,PATROL,0
295.962,0.0341,0.0340,PATROL,0
295.996,0.0338,0.0340,PATROL,0
296.030,0.0341,0.0340,PATROL,0
296.064,0.0341,0.0340,PATROL,0
296.098,0.0340,0.0340,PATROL,0
296.132,0.0342,0.0340,PATROL,0
296.166,0.0338,0.0340,PATROL,0
296.200,0.0341,0.0340,PATROL,0
296.234,0.0339,0.0340,PATROL,0
296.268,0.0341,0.0340,PATROL,0
296.302,0.0340,0.0340,PATROL,0
296.336,0.0339,0.0340,PATROL,0
296.370,0.0340,0.0340,PATROL,0
296.404,0.0341,0.0340,PATROL,0
296.438,0.0340,0.0340,PATROL,0
296.472,0.0341,0.0340,PATROL,0
296.506,0.0338,0.0340,PATROL,0
296.540,0.0342,0.0340,PATROL,0
296.574,0.0340,0.0340,PATROL,0
296.608,0.0340,0.0340,PATROL,0
296.642,0.0340,0.0340,PATROL,0
296.676,0.0341,0.0340,PATROL,0
296.710,0.0338,0.0340,PATROL,0
296.744,0.0343,0.0340,PATROL,0
296.778,0.0337,0.0340,PATROL,0
296.812,0.0341,0.0340,PATROL,0
296.846,0.0341,0.0340,PATROL,0
296.880,0.0340,0.0340,PATROL,0
296.914,0.0341,0.0340,PATROL,0
296.948,0.0338,0.0340,PATROL,0
296.982,0.0342,0.0340,PATROL,0
297.016,0.0340,0.0340,PATROL,0
297.050,0.0343,0.0340,PATROL,0
297.084,0.0341,0.0340,PATROL,0
297.118,0.0338,0.0340,PATROL,0
297.152,0.0340,0.0340,PATROL,0
297.187,0.0343,0.0340,PATROL,0
297.220,0.0337,0.0340,PATROL,0
297.254,0.0340,0.0340,PATROL,0
297.288,0.0338,0.0340,PATROL,0
297.322,0.0341,0.0340,PATROL,0
297.356,0.0340,0.0340,PATROL,0
297.390,0.0340,0.0340,PATROL,0
297.424,0.0339,0.0340,PATROL,0
297.458,0.0342,0.0340,PATROL,0
297.492,0.0340,0.0340,PATROL,0
297.526,0.0339,0.0340,PATROL,0
297.560,0.0341,0.0340,PATROL,0
297.594,0.0339,0.0340,PATROL,0
297.628,0.0339,0.0340,PATROL,0
297.662,0.0341,0.0340,PATROL,0
297.696,0.0339,0.0340,PATROL,0
297.730,0.0342,0.0340,PATROL,0
297.765,0.0341,0.0340,PATROL,0
297.798,0.0339,0.0340,PATROL,0
297.833,0.0343,0.0340,PATROL,0
297.867,0.0339,0.0340,PATROL,0
297.900,0.0338,0.0340,PATROL,0
297.934,0.0340,0.0340,PATROL,0
297.968,0.0341,0.0340,PATROL,0
298.003,0.0341,0.0340,PATROL,0
298.037,0.0340,0.0340,PATROL,0
298.071,0.0339,0.0340,PATROL,0
298.105,0.0342,0.0340,PATROL,0
298.139,0.0339,0.0340,PATROL,0
298.173,0.0340,0.0340,PATROL,0
298.207,0.0344,0.0340,PATROL,0
298.241,0.0336,0.0340,PATROL,0
298.275,0.0341,0.0340,PATROL,0
298.309,0.0343,0.0340,PATROL,0
298.343,0.0339,0.0340,PATROL,0
298.377,0.0339,0.0340,PATROL,0
298.411,0.0339,0.0340,PATROL,0
298.445,0.0341,0.0340,PATROL,0
298.479,0.0340,0.0340,PATROL,0
298.513,0.0340,0.0340,PATROL,0
298.547,0.0339,0.0340,PATROL,0
298.581,0.0340,0.0340,PATROL,0
298.615,0.0341,0.0340,PATROL,0
298.649,0.0341,0.0340,PATROL,0
298.683,0.0341,0.0340,PATROL,0
298.717,0.0338,0.0340,PATROL,0
298.751,0.0340,0.0340,PATROL,0
298.785,0.0340,0.0340,PATROL,0
298.819,0.0342,0.0340,PATROL,0
298.853,0.0340,0.0340,PATROL,0
298.887,0.0341,0.0340,PATROL,0
298.921,0.0341,0.0340,PATROL,0
298.955,0.0341,0.0340,PATROL,0
298.989,0.0340,0.0340,PATROL,0
299.023,0.0340,0.0340,PATROL,0
299.057,0.0339,0.0340,PATROL,0
299.092,0.0345,0.0340,PATROL,0
299.125,0.0336,0.0340,PATROL,0
299.159,0.0340,0.0340,PATROL,0
299.193,0.0344,0.0340,PATROL,0
299.228,0.0340,0.0340,PATROL,0
299.261,0.0336,0.0340,PATROL,0
299.295,0.0343,0.0340,PATROL,0
299.329,0.0339,0.0340,PATROL,0
299.363,0.0341,0.0340,PATROL,0
299.397,0.0340,0.0340,PATROL,0
299.431,0.0337,0.0340,PATROL,0
299.465,0.0343,0.0340,PATROL,0
299.499,0.0338,0.0340,PATROL,0
299.533,0.0341,0.0340,PATROL,0
299.568,0.0343,0.0340,PATROL,0
299.601,0.0338,0.0340,PATROL,0
299.635,0.0339,0.0340,PATROL,0
299.669,0.0339,0.0340,PATROL,0
299.703,0.0341,0.0340,PATROL,0
299.737,0.0337,0.0340,PATROL,0
299.771,0.0341,0.0340,PATROL,0
299.805,0.0339,0.0340,PATROL,0
299.839,0.0340,0.0340,PATROL,0
299.874,0.0345,0.0340,PATROL,0
299.907,0.0338,0.0340,PATROL,0
299.941,0.0338,0.0340,PATROL,0
299.976,0.0343,0.0340,PATROL,0
300.010,0.0339,0.0340,PATROL,0
300.043,0.0339,0.0340,PATROL,0
300.078,0.0341,0.0340,PATROL,0
300.112,0.0340,0.0340,PATROL,0
300.146,0.0341,0.0340,PATROL,0
300.180,0.0341,0.0340,PATROL,0
300.214,0.0339,0.0340,PATROL,0
300.248,0.0339,0.0340,PATROL,0
300.282,0.0343,0.0340,PATROL,0
300.316,0.0338,0.0340,PATROL,0
300.350,0.0339,0.0340,PATROL,0
300.384,0.0343,0.0340,PATROL,0
300.418,0.0339,0.0340,PATROL,0
300.452,0.0341,0.0340,PATROL,0
300.486,0.0340,0.0340,PATROL,0
300.520,0.0341,0.0340,PATROL,0
300.554,0.0339,0.0340,PATROL,0
300.588,0.0342,0.0340,PATROL,0
300.622,0.0340,0.0340,PATROL,0
300.656,0.0340,0.0340,PATROL,0
300.690,0.0340,0.0340,PATROL,0
300.724,0.0343,0.0340,PATROL,0
300.758,0.0336,0.0340,PATROL,0
300.792,0.0342,0.0340,PATROL,0
300.826,0.0339,0.0340,PATROL,0
300.860,0.0342,0.0340,PATROL,0
300.894,0.0340,0.0340,PATROL,0
300.928,0.0339,0.0340,PATROL,0
300.962,0.0339,0.0340,PATROL,0
300.996,0.0343,0.0340,PATROL,0
301.030,0.0337,0.0340,PATROL,0
301.064,0.0343,0.0340,PATROL,0
301.098,0.0338,0.0340,PATROL,0
301.132,0.0341,0.0340,PATROL,0
301.166,0.0338,0.0340,PATROL,0
301.200,0.0340,0.0340,PATROL,0
301.234,0.0340,0.0340,PATROL,0
301.268,0.0341,0.0340,PATROL,0
301.302,0.0343,0.0340,PATROL,0
301.336,0.0339,0.0340,PATROL,0
301.370,0.0340,0.0340,PATROL,0
301.404,0.0338,0.0340,PATROL,0
301.438,0.0341,0.0340,PATROL,0
301.472,0.0340,0.0340,PATROL,0
301.506,0.0339,0.0340,PATROL,0
301.540,0.0341,0.0340,PATROL,0
301.574,0.0340,0.0340,PATROL,0
301.608,0.0339,0.0340,PATROL,0
301.642,0.0341,0.0340,PATROL,0
301.676,0.0340,0.0340,PATROL,0
301.711,0.0344,0.0340,PATROL,0
301.744,0.0335,0.0340,PATROL,0
301.778,0.0341,0.0340,PATROL,0
301.812,0.0340,0.0340,PATROL,0
301.846,0.0339,0.0340,PATROL,0
301.880,0.0339,0.0340,PATROL,0
301.914,0.0340,0.0340,PATROL,0
301.948,0.0343,0.0340,PATROL,0
301.983,0.0342,0.0340,PATROL,0
302.017,0.0339,0.0340,PATROL,0
302.050,0.0339,0.0340,PATROL,0
302.084,0.0340,0.0340,PATROL,0
302.118,0.0342,0.0340,PATROL,0
302.152,0.0339,0.0340,PATROL,0
302.187,0.0341,0.0340,PATROL,0
302.221,0.0340,0.0340,PATROL,0
302.254,0.0339,0.0340,PATROL,0
302.289,0.0341,0.0340,PATROL,0
302.323,0.0340,0.0340,PATROL,0
302.357,0.0340,0.0340,PATROL,0
302.391,0.0341,0.0340,PATROL,0
302.425,0.0340,0.0340,PATROL,0
302.459,0.0340,0.0340,PATROL,0
302.492,0.0339,0.0340,PATROL,0
302.527,0.0344,0.0340,PATROL,0
302.561,0.0339,0.0340,PATROL,0
302.595,0.0340,0.0340,PATROL,0
302.629,0.0340,0.0340,PATROL,0
302.663,0.0340,0.0340,PATROL,0
302.697,0.0340,0.0340,PATROL,0
302.731,0.0340,0.0340,PATROL,0
302.765,0.0341,0.0340,PATROL,0
302.799,0.0338,0.0340,PATROL,0
302.833,0.0340,0.0340,PATROL,0
302.867,0.0342,0.0340,PATROL,0
302.901,0.0342,0.0340,PATROL,0
302.935,0.0340,0.0340,PATROL,0
302.969,0.0339,0.0340,PATROL,0
303.003,0.0340,0.0340,PATROL,0
303.037,0.0341,0.0340,PATROL,0
303.071,0.0340,0.0340,PATROL,0
303.105,0.0340,0.0340,PATROL,0
303.139,0.0340,0.0340,PATROL,0
303.173,0.0340,0.0340,PATROL,0
303.207,0.0340,0.0340,PATROL,0
303.241,0.0341,0.0340,PATROL,0
303.275,0.0338,0.0340,PATROL,0
303.309,0.0342,0.0340,PATROL,0
303.343,0.0341,0.0340,PATROL,0
303.377,0.0339,0.0340,PATROL,0
303.411,0.0340,0.0340,PATROL,0
303.445,0.0339,0.0340,PATROL,0
303.479,0.0342,0.0340,PATROL,0
303.513,0.0340,0.0340,PATROL,0
303.547,0.0340,0.0340,PATROL,0
303.581,0.0339,0.0340,PATROL,0
303.615,0.0343,0.0340,PATROL,0
303.649,0.0338,0.0340,PATROL,0
303.683,0.0341,0.0340,PATROL,0
303.717,0.0339,0.0340,PATROL,0
303.751,0.0342,0.0340,PATROL,0
303.785,0.0339,0.0340,PATROL,0
303.819,0.0341,0.0340,PATROL,0
303.853,0.0341,0.0340,PATROL,0
303.887,0.0341,0.0340,PATROL,0
303.921,0.0340,0.0340,PATROL,0
303.955,0.0338,0.0340,PATROL,0
303.989,0.0341,0.0340,PATROL,0
304.023,0.0340,0.0340,PATROL,0
304.057,0.0340,0.0340,PATROL,0
304.092,0.0343,0.0340,PATROL,0
304.125,0.0337,0.0340,PATROL,0
304.159,0.0339,0.0340,PATROL,0
304.193,0.0341,0.0340,PATROL,0
304.227,0.0340,0.0340,PATROL,0
304.261,0.0339,0.0340,PATROL,0
304.295,0.0340,0.0340,PATROL,0
304.329,0.0340,0.0340,PATROL,0
304.363,0.0342,0.0340,PATROL,0
304.397,0.0339,0.0340,PATROL,0
304.431,0.0341,0.0340,PATROL,0
304.466,0.0343,0.0340,PATROL,0
304.500,0.0338,0.0340,PATROL,0
304.533,0.0338,0.0340,PATROL,0
304.567,0.0340,0.0340,PATROL,0
304.602,0.0341,0.0340,PATROL,0
304.636,0.0340,0.0340,PATROL,0
304.670,0.0340,0.0340,PATROL,0
304.704,0.0339,0.0340,PATROL,0
304.738,0.0342,0.0340,PATROL,0
304.772,0.0342,0.0340,PATROL,0
304.806,0.0335,0.0340,PATROL,0
304.840,0.0340,0.0340,PATROL,0
304.874,0.0341,0.0340,PATROL,0
304.908,0.0341,0.0340,PATROL,0
304.942,0.0340,0.0340,PATROL,0
304.976,0.0339,0.0340,PATROL,0
305.010,0.0340,0.0340,PATROL,0
305.044,0.0340,0.0340,PATROL,0
305.078,0.0342,0.0340,PATROL,0
305.112,0.0340,0.0340,PATROL,0
305.146,0.0341,0.0340,PATROL,0
305.180,0.0338,0.0340,PATROL,0
305.214,0.0341,0.0340,PATROL,0
305.248,0.0339,0.0340,PATROL,0
305.282,0.0343,0.0340,PATROL,0
305.316,0.0339,0.0340,PATROL,0
305.350,0.0338,0.0340,PATROL,0
305.384,0.0342,0.0340,PATROL,0
305.418,0.0343,0.0340,PATROL,0
305.452,0.0336,0.0340,PATROL,0
305.486,0.0341,0.0340,PATROL,0
305.520,0.0340,0.0340,PATROL,0
305.554,0.0339,0.0340,PATROL,0
305.588,0.0343,0.0340,PATROL,0
305.622,0.0338,0.0340,PATROL,0
305.656,0.0340,0.0340,PATROL,0
305.690,0.0340,0.0340,PATROL,0
305.724,0.0341,0.0340,PATROL,0
305.758,0.0340,0.0340,PATROL,0
305.792,0.0340,0.0340,PATROL,0
305.826,0.0339,0.0340,PATROL,0
305.860,0.0343,0.0340,PATROL,0
305.894,0.0337,0.0340,PATROL,0
305.928,0.0342,0.0340,PATROL,0
305.962,0.0340,0.0340,PATROL,0
305.996,0.0340,0.0340,PATROL,0
306.030,0.0338,0.0340,PATROL,0
306.064,0.0341,0.0340,PATROL,0
306.098,0.0342,0.0340,PATROL,0
306.132,0.0340,0.0340,PATROL,0
306.166,0.0339,0.0340,PATROL,0
306.200,0.0338,0.0340,PATROL,0
306.234,0.0342,0.0340,PATROL,0
306.268,0.0338,0.0340,PATROL,0
306.302,0.0340,0.0340,PATROL,0
306.336,0.0341,0.0340,PATROL,0
306.370,0.0340,0.0340,PATROL,0
306.404,0.0341,0.0340,PATROL,0
306.438,0.0339,0.0340,PATROL,0
306.472,0.0339,0.0340,PATROL,0
306.506,0.0341,0.0340,PATROL,0
306.540,0.0340,0.0340,PATROL,0
306.575,0.0342,0.0340,PATROL,0
306.608,0.0337,0.0340,PATROL,0
306.642,0.0342,0.0340,PATROL,0
306.676,0.0340,0.0340,PATROL,0
306.711,0.0341,0.0340,PATROL,0
306.744,0.0339,0.0340,PATROL,0
306.779,0.0341,0.0340,PATROL,0
306.812,0.0339,0.0340,PATROL,0
306.847,0.0341,0.0340,PATROL,0
306.881,0.0342,0.0340,PATROL,0
306.915,0.0341,0.0340,PATROL,0
306.949,0.0340,0.0340,PATROL,0
306.983,0.0339,0.0340,PATROL,0
307.017,0.0340,0.0340,PATROL,0
307.051,0.0341,0.0340,PATROL,0
307.085,0.0338,0.0340,PATROL,0
307.119,0.0340,0.0340,PATROL,0
307.153,0.0342,0.0340,PATROL,0
307.187,0.0341,0.0340,PATROL,0
307.221,0.0343,0.0340,PATROL,0
307.255,0.0335,0.0340,PATROL,0
307.289,0.0341,0.0340,PATROL,0
307.323,0.0340,0.0340,PATROL,0
307.357,0.0338,0.0340,PATROL,0
307.391,0.0340,0.0340,PATROL,0
307.425,0.0342,0.0340,PATROL,0
307.459,0.0340,0.0340,PATROL,0
307.493,0.0338,0.0340,PATROL,0
307.527,0.0341,0.0340,PATROL,0
307.561,0.0340,0.0340,PATROL,0
307.595,0.0344,0.0340,PATROL,0
307.629,0.0338,0.0340,PATROL,0
307.663,0.0341,0.0340,PATROL,0
307.697,0.0339,0.0340,PATROL,0
307.731,0.0342,0.0340,PATROL,0
307.765,0.0337,0.0340,PATROL,0
307.799,0.0342,0.0340,PATROL,0
307.833,0.0339,0.0340,PATROL,0
307.867,0.0343,0.0340,PATROL,0
307.901,0.0336,0.0340,PATROL,0
307.935,0.0340,0.0340,PATROL,0
307.969,0.0340,0.0340,PATROL,0
308.003,0.0342,0.0340,PATROL,0
308.037,0.0339,0.0340,PATROL,0
308.071,0.0340,0.0340,PATROL,0
308.105,0.0340,0.0340,PATROL,0
308.139,0.0341,0.0340,PATROL,0
308.173,0.0341,0.0340,PATROL,0
308.207,0.0338,0.0340,PATROL,0
308.241,0.0341,0.0340,PATROL,0
308.275,0.0340,0.0340,PATROL,0
308.309,0.0340,0.0340,PATROL,0
308.343,0.0339,0.0340,PATROL,0
308.377,0.0342,0.0340,PATROL,0
308.411,0.0339,0.0340,PATROL,0
308.445,0.0342,0.0340,PATROL,0
308.479,0.0340,0.0340,PATROL,0
308.513,0.0338,0.0340,PATROL,0
308.547,0.0341,0.0340,PATROL,0
308.581,0.0339,0.0340,PATROL,0
308.615,0.0341,0.0340,PATROL,0
308.649,0.0340,0.0340,PATROL,0
308.683,0.0341,0.0340,PATROL,0
308.717,0.0339,0.0340,PATROL,0
308.751,0.0340,0.0340,PATROL,0
308.785,0.0340,0.0340,PATROL,0
308.820,0.0343,0.0340,PATROL,0
308.854,0.0340,0.0340,PATROL,0
308.888,0.0343,0.0340,PATROL,0
308.921,0.0336,0.0340,PATROL,0
308.956,0.0343,0.0340,PATROL,0
308.990,0.0337,0.0340,PATROL,0
309.023,0.0340,0.0340,PATROL,0
309.057,0.0339,0.0340,PATROL,0
309.092,0.0349,0.0340,PATROL,0
309.126,0.0332,0.0340,PATROL,0
309.160,0.0341,0.0340,PATROL,0
309.194,0.0341,0.0340,PATROL,0
309.228,0.0340,0.0340,PATROL,0
309.261,0.0338,0.0340,PATROL,0
309.296,0.0341,0.0340,PATROL,0
309.330,0.0340,0.0340,ALIGN,0
309.364,0.0343,0.0340,ALIGN,0
309.398,0.0338,0.0340,ALIGN,0
309.432,0.0339,0.0340,ALIGN,0
309.466,0.0340,0.0340,ALIGN,0
309.500,0.0341,0.0340,ALIGN,0
309.534,0.0341,0.0340,ALIGN,0
309.568,0.0339,0.0340,ALIGN,0
309.602,0.0341,0.0340,ALIGN,0
309.636,0.0340,0.0340,ALIGN,0
309.670,0.0341,0.0340,ALIGN,0
309.704,0.0340,0.0340,ALIGN,0
309.738,0.0339,0.0340,ALIGN,0
309.772,0.0338,0.0340,ALIGN,0
309.806,0.0341,0.0340,ALIGN,0
309.840,0.0343,0.0340,ALIGN,0
309.874,0.0340,0.0340,ALIGN,0
309.908,0.0340,0.0340,ALIGN,0
309.942,0.0338,0.0340,ALIGN,0
309.976,0.0341,0.0340,ALIGN,0
310.010,0.0341,0.0340,ALIGN,0
310.044,0.0339,0.0340,ALIGN,0
310.078,0.0341,0.0340,ALIGN,0
310.112,0.0338,0.0340,ALIGN,0
310.146,0.0340,0.0340,ALIGN,0
310.180,0.0340,0.0340,ALIGN,0
310.214,0.0339,0.0340,ALIGN,0
310.248,0.0341,0.0340,ALIGN,0
310.282,0.0339,0.0340,ALIGN,0
310.316,0.0340,0.0340,APPROACH,0
310.350,0.0340,0.0340,APPROACH,0
310.384,0.0342,0.0340,APPROACH,0
310.418,0.0340,0.0340,APPROACH,0
310.452,0.0339,0.0340,APPROACH,0
310.486,0.0341,0.0340,APPROACH,0
310.520,0.0341,0.0340,APPROACH,0
310.554,0.0340,0.0340,APPROACH,0
310.588,0.0342,0.0340,APPROACH,0
310.622,0.0336,0.0340,APPROACH,0
310.656,0.0341,0.0340,APPROACH,0
310.691,0.0344,0.0340,APPROACH,0
310.724,0.0337,0.0340,APPROACH,0
310.758,0.0340,0.0340,APPROACH,0
310.792,0.0338,0.0340,APPROACH,0
310.826,0.0340,0.0340,APPROACH,0
310.860,0.0343,0.0340,APPROACH,0
310.894,0.0340,0.0340,APPROACH,0
310.928,0.0340,0.0340,APPROACH,0
310.962,0.0341,0.0340,APPROACH,0
310.996,0.0340,0.0340,APPROACH,0
311.030,0.0339,0.0340,APPROACH,0
311.065,0.0343,0.0340,APPROACH,0
311.099,0.0340,0.0340,APPROACH,0
311.132,0.0340,0.0340,APPROACH,0
311.166,0.0338,0.0340,APPROACH,0
311.200,0.0341,0.0340,APPROACH,0
311.235,0.0344,0.0340,APPROACH,0
311.268,0.0337,0.0340,APPROACH,0
311.302,0.0339,0.0340,APPROACH,0
311.337,0.0344,0.0340,APPROACH,0
311.371,0.0340,0.0340,APPROACH,0
311.405,0.0341,0.0340,APPROACH,0
311.439,0.0339,0.0340,APPROACH,0
311.473,0.0340,0.0340,APPROACH,0
311.506,0.0339,0.0340,APPROACH,0
311.541,0.0341,0.0340,APPROACH,0
311.575,0.0340,0.0340,APPROACH,0
311.609,0.0340,0.0340,APPROACH,0
311.643,0.0340,0.0340,APPROACH,0
311.677,0.0342,0.0340,APPROACH,0
311.710,0.0338,0.0340,APPROACH,0
311.745,0.0341,0.0340,APPROACH,0
311.779,0.0341,0.0340,APPROACH,0
311.813,0.0343,0.0340,APPROACH,0
311.847,0.0337,0.0340,APPROACH,0
311.881,0.0340,0.0340,APPROACH,0
311.915,0.0342,0.0340,APPROACH,0
311.949,0.0337,0.0340,APPROACH,0
311.983,0.0342,0.0340,APPROACH,0
312.017,0.0339,0.0340,APPROACH,0
312.051,0.0343,0.0340,APPROACH,0
312.085,0.0338,0.0340,APPROACH,0
312.119,0.0341,0.0340,APPROACH,0
312.153,0.0339,0.0340,APPROACH,0
312.187,0.0340,0.0340,APPROACH,0
312.221,0.0340,0.0340,APPROACH,0
312.255,0.0341,0.0340,APPROACH,0
312.289,0.0339,0.0340,APPROACH,0
312.323,0.0341,0.0340,APPROACH,0
312.357,0.0339,0.0340,APPROACH,0
312.391,0.0341,0.0340,APPROACH,0
312.425,0.0340,0.0340,APPROACH,0
312.459,0.0339,0.0340,APPROACH,0
312.493,0.0342,0.0340,APPROACH,0
312.527,0.0341,0.0340,APPROACH,0
312.561,0.0339,0.0340,APPROACH,0
312.595,0.0340,0.0340,APPROACH,0
312.629,0.0341,0.0340,APPROACH,0
312.663,0.0339,0.0340,APPROACH,0
312.697,0.0340,0.0340,APPROACH,0
312.731,0.0343,0.0340,APPROACH,0
312.765,0.0337,0.0340,APPROACH,0
312.799,0.0340,0.0340,APPROACH,0
312.833,0.0341,0.0340,APPROACH,0
312.868,0.0347,0.0340,APPROACH,0
312.901,0.0335,0.0340,APPROACH,0
312.935,0.0341,0.0340,APPROACH,0
312.969,0.0340,0.0340,APPROACH,0
313.003,0.0338,0.0340,APPROACH,0
313.037,0.0342,0.0340,APPROACH,0
313.071,0.0339,0.0340,APPROACH,0
313.105,0.0339,0.0340,APPROACH,0
313.140,0.0343,0.0340,APPROACH,0
313.173,0.0338,0.0340,APPROACH,0
313.207,0.0339,0.0340,APPROACH,0
313.241,0.0341,0.0340,APPROACH,0
313.275,0.0340,0.0340,APPROACH,0
313.309,0.0339,0.0340,APPROACH,0
313.343,0.0341,0.0340,APPROACH,0
313.377,0.0338,0.0340,APPROACH,0
313.411,0.0342,0.0340,APPROACH,0
313.446,0.0341,0.0340,APPROACH,0
313.480,0.0342,0.0340,APPROACH,0
313.514,0.0338,0.0340,APPROACH,0
313.547,0.0338,0.0340,APPROACH,0
313.581,0.0341,0.0340,APPROACH,0
313.615,0.0340,0.0340,APPROACH,0
313.650,0.0341,0.0340,APPROACH,0
313.684,0.0340,0.0340,APPROACH,0
313.718,0.0341,0.0340,APPROACH,0
313.752,0.0340,0.0340,APPROACH,0
313.786,0.0341,0.0340,APPROACH,0
313.820,0.0339,0.0340,APPROACH,0
313.854,0.0341,0.0340,APPROACH,0
313.888,0.0339,0.0340,APPROACH,0
313.922,0.0340,0.0340,APPROACH,0
313.956,0.0342,0.0340,APPROACH,0
313.990,0.0339,0.0340,APPROACH,0
314.024,0.0341,0.0340,APPROACH,0
314.058,0.0341,0.0340,APPROACH,0
314.092,0.0339,0.0340,APPROACH,0
314.126,0.0340,0.0340,APPROACH,0
314.160,0.0340,0.0340,APPROACH,0
314.194,0.0343,0.0340,APPROACH,0
314.228,0.0342,0.0340,APPROACH,0
314.262,0.0337,0.0340,APPROACH,0
314.296,0.0340,0.0340,APPROACH,0
314.330,0.0341,0.0340,APPROACH,0
314.364,0.0340,0.0340,APPROACH,0
314.398,0.0341,0.0340,APPROACH,0
314.432,0.0339,0.0340,APPROACH,0
314.466,0.0338,0.0340,APPROACH,0
314.500,0.0341,0.0340,APPROACH,0
314.534,0.0339,0.0340,APPROACH,0
314.568,0.0341,0.0340,APPROACH,0
314.602,0.0340,0.0340,APPROACH,0
314.636,0.0341,0.0340,APPROACH,0
314.670,0.0340,0.0340,APPROACH,0
314.704,0.0339,0.0340,APPROACH,0
314.738,0.0341,0.0340,APPROACH,0
314.772,0.0341,0.0340,APPROACH,0
314.806,0.0340,0.0340,APPROACH,0
314.840,0.0342,0.0340,APPROACH,0
314.874,0.0338,0.0340,APPROACH,0
314.908,0.0339,0.0340,APPROACH,0
314.942,0.0341,0.0340,APPROACH,0
314.976,0.0340,0.0340,APPROACH,0
315.010,0.0340,0.0340,APPROACH,0
315.044,0.0339,0.0340,APPROACH,0
315.078,0.0340,0.0340,APPROACH,0
315.112,0.0340,0.0340,APPROACH,0
315.146,0.0343,0.0340,APPROACH,0
315.180,0.0338,0.0340,APPROACH,0
315.214,0.0341,0.0340,APPROACH,0
315.248,0.0339,0.0340,APPROACH,0
315.282,0.0342,0.0340,APPROACH,0
315.316,0.0338,0.0340,APPROACH,0
315.350,0.0340,0.0340,APPROACH,0
315.384,0.0340,0.0340,APPROACH,0
315.418,0.0341,0.0340,APPROACH,0
315.452,0.0339,0.0340,APPROACH,0
315.486,0.0342,0.0340,APPROACH,0
315.520,0.0340,0.0340,APPROACH,0
315.555,0.0342,0.0340,APPROACH,0
315.588,0.0338,0.0340,APPROACH,0
315.622,0.0341,0.0340,APPROACH,0
315.656,0.0340,0.0340,APPROACH,0
315.690,0.0339,0.0340,APPROACH,0
315.724,0.0341,0.0340,APPROACH,0
315.759,0.0342,0.0340,APPROACH,0
315.793,0.0340,0.0340,APPROACH,0
315.827,0.0339,0.0340,APPROACH,0
315.860,0.0339,0.0340,APPROACH,0
315.895,0.0342,0.0340,APPROACH,0
315.929,0.0340,0.0340,APPROACH,0
315.963,0.0340,0.0340,APPROACH,0
315.997,0.0339,0.0340,APPROACH,0
316.031,0.0343,0.0340,APPROACH,0
316.065,0.0337,0.0340,APPROACH,0
316.099,0.0341,0.0340,APPROACH,0
316.133,0.0340,0.0340,APPROACH,0
316.167,0.0339,0.0340,APPROACH,0
316.201,0.0341,0.0340,APPROACH,0
316.235,0.0341,0.0340,APPROACH,0
316.269,0.0340,0.0340,APPROACH,0
316.303,0.0340,0.0340,APPROACH,0
316.337,0.0341,0.0340,APPROACH,0
316.371,0.0341,0.0340,APPROACH,0
316.405,0.0337,0.0340,APPROACH,0
316.439,0.0343,0.0340,APPROACH,0
316.473,0.0338,0.0340,APPROACH,0
316.507,0.0340,0.0340,APPROACH,0
316.541,0.0342,0.0340,APPROACH,0
316.575,0.0338,0.0340,APPROACH,0
316.609,0.0345,0.0340,APPROACH,0
316.643,0.0336,0.0340,APPROACH,0
316.677,0.0340,0.0340,APPROACH,0
316.711,0.0341,0.0340,APPROACH,0
316.745,0.0340,0.0340,APPROACH,0
316.779,0.0341,0.0340,APPROACH,0
316.813,0.0342,0.0340,APPROACH,0
316.847,0.0342,0.0340,APPROACH,0
316.881,0.0337,0.0340,APPROACH,0
316.915,0.0340,0.0340,APPROACH,0
316.949,0.0338,0.0340,APPROACH,0
316.983,0.0341,0.0340,APPROACH,0
317.017,0.0340,0.0340,APPROACH,0
317.051,0.0340,0.0340,APPROACH,0
317.086,0.0345,0.0340,APPROACH,0
317.120,0.0340,0.0340,APPROACH,0
317.153,0.0338,0.0340,APPROACH,0
317.187,0.0339,0.0340,APPROACH,0
317.221,0.0338,0.0340,APPROACH,0
317.255,0.0341,0.0340,APPROACH,0
317.289,0.0340,0.0340,APPROACH,0
317.323,0.0342,0.0340,APPROACH,0
317.357,0.0337,0.0340,APPROACH,0
317.392,0.0344,0.0340,APPROACH,0
317.425,0.0338,0.0340,APPROACH,0
317.459,0.0339,0.0340,APPROACH,0
317.493,0.0339,0.0340,APPROACH,0
317.527,0.0340,0.0340,APPROACH,0
317.561,0.0340,0.0340,APPROACH,0
317.595,0.0340,0.0340,APPROACH,0
317.629,0.0342,0.0340,APPROACH,0
317.663,0.0340,0.0340,APPROACH,0
317.697,0.0339,0.0340,APPROACH,0
317.732,0.0348,0.0340,APPROACH,0
317.765,0.0333,0.0340,APPROACH,0
317.799,0.0339,0.0340,APPROACH,0
317.833,0.0341,0.0340,APPROACH,0
317.867,0.0342,0.0340,APPROACH,0
317.901,0.0339,0.0340,APPROACH,0
317.935,0.0339,0.0340,APPROACH,0
317.969,0.0342,0.0340,APPROACH,0
318.004,0.0341,0.0340,APPROACH,0
318.037,0.0339,0.0340,APPROACH,0
318.072,0.0340,0.0340,APPROACH,0
318.106,0.0340,0.0340,APPROACH,0
318.139,0.0339,0.0340,APPROACH,0
318.174,0.0341,0.0340,APPROACH,0
318.208,0.0341,0.0340,APPROACH,0
318.242,0.0341,0.0340,APPROACH,0
318.276,0.0347,0.0340,APPROACH,0
318.310,0.0333,0.0340,APPROACH,0
318.344,0.0341,0.0340,APPROACH,0
318.378,0.0339,0.0340,APPROACH,0
318.412,0.0341,0.0340,APPROACH,0
318.446,0.0340,0.0340,APPROACH,0
318.480,0.0340,0.0340,APPROACH,0
318.514,0.0339,0.0340,APPROACH,0
318.548,0.0341,0.0340,APPROACH,0
318.582,0.0340,0.0340,APPROACH,0
318.616,0.0339,0.0340,APPROACH,0
318.650,0.0340,0.0340,APPROACH,0
318.684,0.0342,0.0340,APPROACH,0
318.718,0.0340,0.0340,APPROACH,0
318.752,0.0340,0.0340,APPROACH,0
318.786,0.0342,0.0340,APPROACH,0
318.820,0.0340,0.0340,APPROACH,0
318.854,0.0339,0.0340,APPROACH,0
318.888,0.0339,0.0340,APPROACH,0
318.922,0.0341,0.0340,APPROACH,0
318.956,0.0340,0.0340,APPROACH,0
318.990,0.0340,0.0340,APPROACH,0
319.024,0.0340,0.0340,APPROACH,0
319.058,0.0340,0.0340,APPROACH,0
319.092,0.0339,0.0340,APPROACH,0
319.126,0.0341,0.0340,APPROACH,0
319.160,0.0340,0.0340,APPROACH,0
319.194,0.0341,0.0340,APPROACH,0
319.228,0.0341,0.0340,APPROACH,0
319.262,0.0339,0.0340,APPROACH,0
319.296,0.0340,0.0340,APPROACH,0
319.330,0.0340,0.0340,APPROACH,0
319.364,0.0341,0.0340,APPROACH,0
319.398,0.0339,0.0340,APPROACH,0
319.432,0.0341,0.0340,APPROACH,0
319.466,0.0339,0.0340,APPROACH,0
319.500,0.0340,0.0340,APPROACH,0
319.534,0.0339,0.0340,APPROACH,0
319.568,0.0341,0.0340,APPROACH,0
319.602,0.0340,0.0340,APPROACH,0
319.636,0.0342,0.0340,APPROACH,0
319.670,0.0339,0.0340,APPROACH,0
319.704,0.0341,0.0340,APPROACH,0
319.738,0.0338,0.0340,APPROACH,0
319.772,0.0342,0.0340,APPROACH,0
319.806,0.0337,0.0340,APPROACH,0
319.840,0.0340,0.0340,APPROACH,0
319.874,0.0341,0.0340,APPROACH,0
319.909,0.0350,0.0340,APPROACH,0
319.942,0.0330,0.0340,APPROACH,0
319.976,0.0342,0.0340,APPROACH,0
320.010,0.0339,0.0340,APPROACH,0
320.045,0.0343,0.0340,APPROACH,0
320.078,0.0338,0.0340,APPROACH,0
320.113,0.0341,0.0340,APPROACH,0
320.147,0.0341,0.0340,APPROACH,0
320.181,0.0340,0.0340,APPROACH,0
320.215,0.0340,0.0340,APPROACH,0
320.249,0.0340,0.0340,APPROACH,0
320.283,0.0340,0.0340,APPROACH,0
320.317,0.0339,0.0340,APPROACH,0
320.351,0.0341,0.0340,APPROACH,0
320.385,0.0339,0.0340,APPROACH,0
320.419,0.0346,0.0340,APPROACH,0
320.453,0.0334,0.0340,APPROACH,0
320.486,0.0339,0.0340,APPROACH,0
320.521,0.0340,0.0340,APPROACH,0
320.555,0.0342,0.0340,APPROACH,0
320.589,0.0339,0.0340,APPROACH,0
320.623,0.0341,0.0340,APPROACH,0
320.657,0.0339,0.0340,APPROACH,0
320.691,0.0343,0.0340,APPROACH,0
320.725,0.0337,0.0340,APPROACH,0
320.759,0.0340,0.0340,APPROACH,0
320.793,0.0342,0.0340,APPROACH,0
320.827,0.0339,0.0340,APPROACH,0
320.861,0.0339,0.0340,APPROACH,0
320.895,0.0342,0.0340,APPROACH,0
320.929,0.0339,0.0340,APPROACH,0
320.963,0.0342,0.0340,APPROACH,0
320.997,0.0342,0.0340,APPROACH,0
321.031,0.0339,0.0340,APPROACH,0
321.065,0.0340,0.0340,APPROACH,0
321.099,0.0340,0.0340,APPROACH,0
321.133,0.0339,0.0340,APPROACH,0
321.167,0.0340,0.0340,APPROACH,0
321.201,0.0342,0.0340,APPROACH,0
321.235,0.0343,0.0340,APPROACH,0
321.269,0.0336,0.0340,APPROACH,0
321.303,0.0340,0.0340,APPROACH,0
321.337,0.0342,0.0340,APPROACH,0
321.371,0.0339,0.0340,APPROACH,0
321.405,0.0339,0.0340,APPROACH,0
321.439,0.0342,0.0340,APPROACH,0
321.473,0.0339,0.0340,APPROACH,0
321.507,0.0341,0.0340,APPROACH,0
321.541,0.0340,0.0340,APPROACH,0
321.575,0.0341,0.0340,APPROACH,0
321.610,0.0343,0.0340,APPROACH,0
321.643,0.0337,0.0340,APPROACH,0
321.677,0.0339,0.0340,APPROACH,0
321.711,0.0339,0.0340,APPROACH,0
321.745,0.0341,0.0340,APPROACH,0
321.779,0.0340,0.0340,APPROACH,0
321.813,0.0341,0.0340,APPROACH,0
321.847,0.0339,0.0340,APPROACH,0
321.881,0.0342,0.0340,APPROACH,0
321.915,0.0338,0.0340,APPROACH,0
321.949,0.0342,0.0340,APPROACH,0
321.983,0.0338,0.0340,APPROACH,0
322.017,0.0340,0.0340,APPROACH,0
322.051,0.0341,0.0340,APPROACH,0
322.085,0.0340,0.0340,APPROACH,0
322.119,0.0339,0.0340,APPROACH,0
322.153,0.0341,0.0340,APPROACH,0
322.187,0.0340,0.0340,APPROACH,0
322.221,0.0342,0.0340,APPROACH,0
322.255,0.0337,0.0340,APPROACH,0
322.289,0.0341,0.0340,APPROACH,0
322.323,0.0341,0.0340,ALIGN,0
322.357,0.0340,0.0340,ALIGN,0
322.391,0.0342,0.0340,ALIGN,0
322.426,0.0341,0.0340,APPROACH,0
322.460,0.0340,0.0340,APPROACH,0
322.494,0.0340,0.0340,APPROACH,0
322.527,0.0338,0.0340,APPROACH,0
322.562,0.0342,0.0340,APPROACH,0
322.596,0.0339,0.0340,APPROACH,0
322.630,0.0342,0.0340,APPROACH,0
322.663,0.0338,0.0340,APPROACH,0
322.697,0.0340,0.0340,APPROACH,0
322.732,0.0342,0.0340,APPROACH,0
322.766,0.0340,0.0340,APPROACH,0
322.800,0.0340,0.0340,APPROACH,0
322.834,0.0342,0.0340,APPROACH,0
322.868,0.0340,0.0340,APPROACH,0
322.902,0.0338,0.0340,APPROACH,0
322.936,0.0339,0.0340,APPROACH,0
322.970,0.0340,0.0340,APPROACH,0
323.004,0.0342,0.0340,APPROACH,0
323.038,0.0341,0.0340,APPROACH,0
323.072,0.0342,0.0340,APPROACH,0
323.106,0.0338,0.0340,APPROACH,0
323.140,0.0341,0.0340,APPROACH,0
323.174,0.0338,0.0340,APPROACH,0
323.208,0.0342,0.0340,APPROACH,0
323.242,0.0338,0.0340,APPROACH,0
323.276,0.0340,0.0340,APPROACH,0
323.310,0.0341,0.0340,APPROACH,0
323.344,0.0342,0.0340,APPROACH,0
323.378,0.0340,0.0340,APPROACH,0
323.412,0.0339,0.0340,APPROACH,0
323.446,0.0339,0.0340,APPROACH,0
323.480,0.0342,0.0340,APPROACH,0
323.514,0.0341,0.0340,APPROACH,0
323.548,0.0338,0.0340,APPROACH,0
323.582,0.0341,0.0340,APPROACH,0
323.616,0.0341,0.0340,APPROACH,0
323.650,0.0339,0.0340,APPROACH,0
323.684,0.0339,0.0340,APPROACH,0
323.718,0.0341,0.0340,APPROACH,0
323.752,0.0340,0.0340,APPROACH,0
323.786,0.0340,0.0340,APPROACH,0
323.820,0.0340,0.0340,APPROACH,0
323.854,0.0343,0.0340,APPROACH,0
323.888,0.0338,0.0340,APPROACH,0
323.922,0.0342,0.0340,APPROACH,0
323.956,0.0339,0.0340,APPROACH,0
323.990,0.0338,0.0340,APPROACH,0
324.025,0.0346,0.0340,APPROACH,0
324.058,0.0335,0.0340,APPROACH,0
324.092,0.0341,0.0340,APPROACH,0
324.126,0.0340,0.0340,APPROACH,0
324.160,0.0341,0.0340,APPROACH,0
324.194,0.0339,0.0340,APPROACH,0
324.228,0.0340,0.0340,APPROACH,0
324.262,0.0341,0.0340,APPROACH,0
324.296,0.0340,0.0340,APPROACH,0
324.330,0.0339,0.0340,APPROACH,0
324.364,0.0341,0.0340,APPROACH,0
324.399,0.0342,0.0340,APPROACH,0
324.432,0.0339,0.0340,APPROACH,0
324.466,0.0340,0.0340,APPROACH,0
324.501,0.0341,0.0340,APPROACH,0
324.535,0.0340,0.0340,APPROACH,0
324.569,0.0338,0.0340,APPROACH,0
324.603,0.0341,0.0340,APPROACH,0
324.636,0.0338,0.0340,APPROACH,0
324.671,0.0341,0.0340,APPROACH,0
324.704,0.0338,0.0340,APPROACH,0
324.739,0.0342,0.0340,APPROACH,0
324.773,0.0340,0.0340,APPROACH,0
324.807,0.0339,0.0340,APPROACH,0
324.841,0.0342,0.0340,APPROACH,0
324.875,0.0342,0.0340,APPROACH,0
324.909,0.0340,0.0340,APPROACH,0
324.943,0.0336,0.0340,APPROACH,0
324.977,0.0340,0.0340,APPROACH,0
325.011,0.0342,0.0340,APPROACH,0
325.045,0.0340,0.0340,APPROACH,0
325.079,0.0340,0.0340,APPROACH,0
325.113,0.0341,0.0340,APPROACH,0
325.147,0.0341,0.0340,APPROACH,0
325.181,0.0342,0.0340,APPROACH,0
325.215,0.0336,0.0340,APPROACH,0
325.249,0.0341,0.0340,APPROACH,0
325.283,0.0341,0.0340,APPROACH,0
325.317,0.0338,0.0340,APPROACH,0
325.351,0.0340,0.0340,APPROACH,0
325.385,0.0342,0.0340,APPROACH,0
325.419,0.0343,0.0340,APPROACH,0
325.453,0.0338,0.0340,APPROACH,0
325.487,0.0341,0.0340,APPROACH,0
325.521,0.0340,0.0340,APPROACH,0
325.555,0.0341,0.0340,APPROACH,0
325.589,0.0338,0.0340,APPROACH,0
325.623,0.0341,0.0340,APPROACH,0
325.657,0.0340,0.0340,APPROACH,0
325.691,0.0340,0.0340,APPROACH,0
325.725,0.0342,0.0340,APPROACH,0
325.759,0.0338,0.0340,APPROACH,0
325.793,0.0340,0.0340,APPROACH,0
325.828,0.0345,0.0340,APPROACH,0
325.861,0.0335,0.0340,APPROACH,0
325.895,0.0343,0.0340,APPROACH,0
325.929,0.0336,0.0340,APPROACH,0
325.963,0.0342,0.0340,APPROACH,0
325.997,0.0341,0.0340,APPROACH,0
326.031,0.0339,0.0340,APPROACH,0
326.065,0.0342,0.0340,APPROACH,0
326.099,0.0341,0.0340,APPROACH,0
326.133,0.0339,0.0340,APPROACH,0
326.167,0.0339,0.0340,APPROACH,0
326.201,0.0341,0.0340,APPROACH,0
326.235,0.0340,0.0340,APPROACH,0
326.269,0.0340,0.0340,APPROACH,0
326.303,0.0341,0.0340,APPROACH,0
326.337,0.0339,0.0340,APPROACH,0
326.371,0.0341,0.0340,APPROACH,0
326.405,0.0338,0.0340,APPROACH,0
326.439,0.0340,0.0340,APPROACH,0
326.473,0.0340,0.0340,APPROACH,0
326.507,0.0341,0.0340,APPROACH,0
326.541,0.0339,0.0340,APPROACH,0
326.575,0.0342,0.0340,APPROACH,0
326.609,0.0341,0.0340,APPROACH,0
326.644,0.0343,0.0340,APPROACH,0
326.678,0.0339,0.0340,APPROACH,0
326.711,0.0336,0.0340,APPROACH,0
326.745,0.0340,0.0340,APPROACH,0
326.779,0.0342,0.0340,APPROACH,0
326.814,0.0349,0.0340,APPROACH,0
326.848,0.0338,0.0340,APPROACH,0
326.882,0.0338,0.0340,APPROACH,0
326.916,0.0339,0.0340,APPROACH,0
326.950,0.0339,0.0340,APPROACH,0
326.984,0.0340,0.0340,APPROACH,0
327.018,0.0339,0.0340,APPROACH,0
327.052,0.0341,0.0340,APPROACH,0
327.086,0.0339,0.0340,APPROACH,0
327.120,0.0339,0.0340,APPROACH,0
327.154,0.0341,0.0340,APPROACH,0
327.188,0.0341,0.0340,APPROACH,0
327.222,0.0338,0.0340,APPROACH,0
327.256,0.0341,0.0340,APPROACH,0
327.290,0.0341,0.0340,APPROACH,0
327.324,0.0339,0.0340,APPROACH,0
327.358,0.0340,0.0340,APPROACH,0
327.392,0.0341,0.0340,APPROACH,0
327.426,0.0340,0.0340,APPROACH,0
327.460,0.0340,0.0340,APPROACH,0
327.494,0.0339,0.0340,APPROACH,0
327.528,0.0341,0.0340,APPROACH,0
327.562,0.0340,0.0340,APPROACH,0
327.596,0.0341,0.0340,APPROACH,0
327.630,0.0339,0.0340,APPROACH,0
327.664,0.0341,0.0340,APPROACH,0
327.698,0.0340,0.0340,APPROACH,0
327.732,0.0339,0.0340,APPROACH,0
327.766,0.0341,0.0340,APPROACH,0
327.800,0.0339,0.0340,APPROACH,0
327.834,0.0342,0.0340,APPROACH,0
327.868,0.0343,0.0340,APPROACH,0
327.902,0.0337,0.0340,APPROACH,0
327.936,0.0340,0.0340,APPROACH,0
327.970,0.0339,0.0340,APPROACH,0
328.004,0.0344,0.0340,APPROACH,0
328.038,0.0338,0.0340,APPROACH,0
328.072,0.0341,0.0340,APPROACH,0
328.106,0.0339,0.0340,APPROACH,0
328.140,0.0339,0.0340,APPROACH,0
328.174,0.0341,0.0340,APPROACH,0
328.208,0.0341,0.0340,APPROACH,0
328.242,0.0340,0.0340,APPROACH,0
328.276,0.0341,0.0340,APPROACH,0
328.310,0.0339,0.0340,APPROACH,0
328.344,0.0340,0.0340,APPROACH,0
328.379,0.0343,0.0340,APPROACH,0
328.412,0.0339,0.0340,APPROACH,0
328.446,0.0340,0.0340,APPROACH,0
328.480,0.0339,0.0340,APPROACH,0
328.514,0.0341,0.0340,APPROACH,0
328.549,0.0345,0.0340,APPROACH,0
328.583,0.0336,0.0340,APPROACH,0
328.617,0.0341,0.0340,APPROACH,0
328.650,0.0339,0.0340,APPROACH,0
328.685,0.0344,0.0340,APPROACH,0
328.719,0.0338,0.0340,APPROACH,0
328.752,0.0338,0.0340,APPROACH,0
328.787,0.0341,0.0340,APPROACH,0
328.820,0.0339,0.0340,APPROACH,0
328.854,0.0340,0.0340,APPROACH,0
328.888,0.0340,0.0340,APPROACH,0
328.923,0.0341,0.0340,APPROACH,0
328.957,0.0340,0.0340,APPROACH,0
328.990,0.0339,0.0340,APPROACH,0
329.025,0.0341,0.0340,APPROACH,0
329.059,0.0345,0.0340,APPROACH,0
329.093,0.0340,0.0340,APPROACH,0
329.127,0.0344,0.0340,APPROACH,0
329.161,0.0338,0.0340,APPROACH,0
329.195,0.0341,0.0340,APPROACH,0
329.229,0.0340,0.0340,APPROACH,0
329.263,0.0340,0.0340,APPROACH,0
329.297,0.0341,0.0340,APPROACH,0
329.331,0.0338,0.0340,APPROACH,0
329.365,0.0341,0.0340,APPROACH,0
329.399,0.0339,0.0340,APPROACH,0
329.433,0.0341,0.0340,APPROACH,0
329.467,0.0340,0.0340,APPROACH,0
329.501,0.0340,0.0340,APPROACH,0
329.535,0.0340,0.0340,APPROACH,0
329.569,0.0341,0.0340,APPROACH,0
329.604,0.0341,0.0340,APPROACH,0
329.638,0.0340,0.0340,ALIGN,0
329.672,0.0341,0.0340,ALIGN,0
329.706,0.0339,0.0340,ALIGN,0
329.740,0.0341,0.0340,APPROACH,0
329.774,0.0339,0.0340,APPROACH,0
329.808,0.0341,0.0340,APPROACH,0
329.842,0.0340,0.0340,APPROACH,0
329.876,0.0341,0.0340,APPROACH,0
329.910,0.0338,0.0340,APPROACH,0
329.944,0.0342,0.0340,APPROACH,0
329.978,0.0340,0.0340,APPROACH,0
330.012,0.0339,0.0340,APPROACH,0
330.046,0.0341,0.0340,APPROACH,0
330.080,0.0340,0.0340,APPROACH,0
330.114,0.0341,0.0340,APPROACH,0
330.148,0.0340,0.0340,APPROACH,0
330.182,0.0342,0.0340,APPROACH,0
330.216,0.0340,0.0340,APPROACH,0
330.250,0.0338,0.0340,APPROACH,0
330.284,0.0341,0.0340,APPROACH,0
330.318,0.0340,0.0340,APPROACH,0
330.352,0.0339,0.0340,APPROACH,0
330.386,0.0342,0.0340,APPROACH,0
330.420,0.0342,0.0340,APPROACH,0
330.454,0.0340,0.0340,APPROACH,0
330.488,0.0341,0.0340,APPROACH,0
330.522,0.0339,0.0340,APPROACH,0
330.556,0.0340,0.0340,APPROACH,0
330.590,0.0340,0.0340,APPROACH,0
330.624,0.0339,0.0340,APPROACH,0
330.658,0.0339,0.0340,APPROACH,0
330.692,0.0342,0.0340,APPROACH,0
330.726,0.0339,0.0340,APPROACH,0
330.760,0.0340,0.0340,APPROACH,0
330.794,0.0340,0.0340,APPROACH,0
330.828,0.0341,0.0340,APPROACH,0
330.862,0.0340,0.0340,APPROACH,0
330.896,0.0340,0.0340,APPROACH,0
330.930,0.0339,0.0340,APPROACH,0
330.964,0.0340,0.0340,APPROACH,0
330.998,0.0340,0.0340,APPROACH,0
331.032,0.0343,0.0340,APPROACH,0
331.066,0.0340,0.0340,APPROACH,0
331.100,0.0340,0.0340,APPROACH,0
331.134,0.0337,0.0340,APPROACH,0
331.168,0.0342,0.0340,APPROACH,0
331.202,0.0340,0.0340,APPROACH,0
331.236,0.0340,0.0340,APPROACH,0
331.270,0.0340,0.0340,APPROACH,0
331.304,0.0340,0.0340,APPROACH,0
331.338,0.0340,0.0340,APPROACH,0
331.372,0.0339,0.0340,APPROACH,0
331.406,0.0342,0.0340,APPROACH,0
331.440,0.0339,0.0340,APPROACH,0
331.474,0.0339,0.0340,APPROACH,0
331.508,0.0343,0.0340,APPROACH,0
331.542,0.0339,0.0340,APPROACH,0
331.576,0.0341,0.0340,APPROACH,0
331.611,0.0342,0.0340,APPROACH,0
331.644,0.0339,0.0340,APPROACH,0
331.679,0.0341,0.0340,APPROACH,0
331.712,0.0339,0.0340,APPROACH,0
331.746,0.0340,0.0340,APPROACH,0
331.781,0.0341,0.0340,APPROACH,0
331.814,0.0339,0.0340,APPROACH,0
331.849,0.0342,0.0340,APPROACH,0
331.883,0.0340,0.0340,APPROACH,0
331.917,0.0341,0.0340,APPROACH,0
331.951,0.0340,0.0340,APPROACH,0
331.985,0.0338,0.0340,APPROACH,0
332.019,0.0343,0.0340,APPROACH,0
332.053,0.0338,0.0340,APPROACH,0
332.087,0.0340,0.0340,APPROACH,0
332.121,0.0340,0.0340,APPROACH,0
332.155,0.0340,0.0340,APPROACH,0
332.189,0.0339,0.0340,APPROACH,0
332.223,0.0339,0.0340,APPROACH,0
332.257,0.0341,0.0340,APPROACH,0
332.291,0.0345,0.0340,APPROACH,0
332.325,0.0335,0.0340,APPROACH,0
332.359,0.0341,0.0340,APPROACH,0
332.393,0.0339,0.0340,APPROACH,0
332.427,0.0341,0.0340,BLIND_DASH,0
332.461,0.0341,0.0340,BLIND_DASH,0
332.495,0.0339,0.0340,BLIND_DASH,0
332.529,0.0343,0.0340,BLIND_DASH,0
332.563,0.0338,0.0340,BLIND_DASH,0
332.597,0.0340,0.0340,BLIND_DASH,0
332.631,0.0344,0.0340,BLIND_DASH,0
332.665,0.0338,0.0340,BLIND_DASH,0
332.699,0.0340,0.0340,BLIND_DASH,0
332.733,0.0341,0.0340,BLIND_DASH,0
332.767,0.0339,0.0340,BLIND_DASH,0
332.801,0.0340,0.0340,BLIND_DASH,0
332.835,0.0341,0.0340,BLIND_DASH,0
332.869,0.0338,0.0340,BLIND_DASH,0
332.903,0.0340,0.0340,BLIND_DASH,0
332.937,0.0342,0.0340,BLIND_DASH,0
332.971,0.0338,0.0340,BLIND_DASH,0
333.005,0.0341,0.0340,BLIND_DASH,0
333.039,0.0340,0.0340,BLIND_DASH,0
333.073,0.0341,0.0340,BLIND_DASH,0
333.107,0.0341,0.0340,BLIND_DASH,0
333.141,0.0339,0.0340,BLIND_DASH,0
333.175,0.0340,0.0340,BLIND_DASH,0
333.209,0.0340,0.0340,BLIND_DASH,0
333.243,0.0338,0.0340,BLIND_DASH,0
333.277,0.0342,0.0340,BLIND_DASH,0
333.311,0.0340,0.0340,BLIND_DASH,0
333.345,0.0339,0.0340,BLIND_DASH,0
333.379,0.0343,0.0340,BLIND_DASH,0
333.413,0.0337,0.0340,BLIND_DASH,0
333.447,0.0342,0.0340,BLIND_DASH,0
333.481,0.0340,0.0340,BLIND_DASH,0
333.515,0.0341,0.0340,BLIND_DASH,0
333.549,0.0341,0.0340,BLIND_DASH,0
333.583,0.0338,0.0340,BLIND_DASH,0
333.617,0.0342,0.0340,BLIND_DASH,0
333.651,0.0340,0.0340,BLIND_DASH,0
333.685,0.0338,0.0340,BLIND_DASH,0
333.719,0.0341,0.0340,BLIND_DASH,0
333.753,0.0342,0.0340,BLIND_DASH,0
333.787,0.0339,0.0340,BLIND_DASH,0
333.821,0.0339,0.0340,BLIND_DASH,0
333.855,0.0340,0.0340,BLIND_DASH,0
333.889,0.0340,0.0340,BLIND_DASH,0
333.923,0.0340,0.0340,BLIND_DASH,0
333.957,0.0340,0.0340,BLIND_DASH,0
333.991,0.0341,0.0340,BLIND_DASH,0
334.025,0.0341,0.0340,BLIND_DASH,0
334.059,0.0339,0.0340,BLIND_DASH,0
334.094,0.0342,0.0340,BLIND_DASH,0
334.127,0.0339,0.0340,BLIND_DASH,0
334.162,0.0341,0.0340,BLIND_DASH,0
334.196,0.0340,0.0340,BLIND_DASH,0
334.230,0.0341,0.0340,BLIND_DASH,0
334.263,0.0338,0.0340,BLIND_DASH,0
334.298,0.0341,0.0340,BLIND_DASH,0
334.332,0.0340,0.0340,BLIND_DASH,0
334.365,0.0339,0.0340,BLIND_DASH,0
334.400,0.0341,0.0340,BLIND_DASH,0
334.434,0.0340,0.0340,ALIGN,0
334.468,0.0341,0.0340,ALIGN,0
334.502,0.0340,0.0340,ALIGN,0
334.536,0.0340,0.0340,ALIGN,0
334.570,0.0338,0.0340,ALIGN,0
334.604,0.0342,0.0340,ALIGN,0
334.638,0.0340,0.0340,ALIGN,0
334.672,0.0341,0.0340,ALIGN,0
334.706,0.0339,0.0340,ALIGN,0
334.740,0.0341,0.0340,ALIGN,0
334.774,0.0338,0.0340,ALIGN,0
334.808,0.0342,0.0340,ALIGN,0
334.842,0.0340,0.0340,ALIGN,0
334.876,0.0341,0.0340,ALIGN,0
334.910,0.0341,0.0340,ALIGN,0
334.944,0.0339,0.0340,ALIGN,0
334.978,0.0341,0.0340,ALIGN,0
335.012,0.0340,0.0340,ALIGN,0
335.046,0.0339,0.0340,ALIGN,0
335.080,0.0340,0.0340,ALIGN,0
335.114,0.0341,0.0340,ALIGN,0
335.148,0.0346,0.0340,ALIGN,0
335.182,0.0336,0.0340,ALIGN,0
335.216,0.0340,0.0340,ALIGN,0
335.250,0.0340,0.0340,ALIGN,0
335.284,0.0339,0.0340,ALIGN,0
335.318,0.0340,0.0340,ALIGN,0
335.352,0.0339,0.0340,ALIGN,0
335.386,0.0340,0.0340,ALIGN,0
335.420,0.0340,0.0340,ALIGN,0
335.454,0.0342,0.0340,ALIGN,0
335.488,0.0339,0.0340,ALIGN,0
335.522,0.0343,0.0340,APPROACH,0
335.556,0.0340,0.0340,APPROACH,0
335.590,0.0338,0.0340,APPROACH,0
335.624,0.0341,0.0340,APPROACH,0
335.658,0.0341,0.0340,APPROACH,0
335.692,0.0341,0.0340,APPROACH,0
335.726,0.0337,0.0340,APPROACH,0
335.760,0.0341,0.0340,APPROACH,0
335.794,0.0340,0.0340,APPROACH,0
335.829,0.0343,0.0340,APPROACH,0
335.862,0.0337,0.0340,APPROACH,0
335.896,0.0339,0.0340,APPROACH,0
335.930,0.0341,0.0340,APPROACH,0
335.964,0.0339,0.0340,APPROACH,0
335.998,0.0341,0.0340,APPROACH,0
336.032,0.0340,0.0340,APPROACH,0
336.066,0.0339,0.0340,APPROACH,0
336.100,0.0341,0.0340,APPROACH,0
336.134,0.0340,0.0340,APPROACH,0
336.168,0.0340,0.0340,APPROACH,0
336.202,0.0340,0.0340,APPROACH,0
336.237,0.0345,0.0340,APPROACH,0
336.270,0.0336,0.0340,APPROACH,0
336.304,0.0340,0.0340,APPROACH,0
336.338,0.0339,0.0340,APPROACH,0
336.372,0.0340,0.0340,APPROACH,0
336.406,0.0340,0.0340,APPROACH,0
336.440,0.0341,0.0340,APPROACH,0
336.475,0.0341,0.0340,APPROACH,0
336.509,0.0340,0.0340,APPROACH,0
336.543,0.0340,0.0340,APPROACH,0
336.576,0.0339,0.0340,APPROACH,0
336.610,0.0341,0.0340,APPROACH,0
336.644,0.0339,0.0340,APPROACH,0
336.679,0.0342,0.0340,APPROACH,0
336.713,0.0340,0.0340,APPROACH,0
336.747,0.0342,0.0340,APPROACH,0
336.781,0.0336,0.0340,APPROACH,0
336.815,0.0341,0.0340,APPROACH,0
336.849,0.0342,0.0340,APPROACH,0
336.883,0.0339,0.0340,APPROACH,0
336.917,0.0339,0.0340,APPROACH,0
336.951,0.0340,0.0340,APPROACH,0
336.985,0.0342,0.0340,APPROACH,0
337.019,0.0342,0.0340,APPROACH,0
337.053,0.0338,0.0340,APPROACH,0
337.087,0.0340,0.0340,APPROACH,0
337.121,0.0340,0.0340,APPROACH,0
337.155,0.0339,0.0340,APPROACH,0
337.189,0.0340,0.0340,APPROACH,0
337.223,0.0340,0.0340,APPROACH,0
337.257,0.0341,0.0340,APPROACH,0
337.291,0.0340,0.0340,APPROACH,0
337.325,0.0339,0.0340,APPROACH,0
337.359,0.0342,0.0340,APPROACH,0
337.393,0.0339,0.0340,APPROACH,0
337.427,0.0343,0.0340,APPROACH,0
337.461,0.0338,0.0340,APPROACH,0
337.495,0.0341,0.0340,APPROACH,0
337.529,0.0338,0.0340,APPROACH,0
337.563,0.0341,0.0340,APPROACH,0
337.597,0.0340,0.0340,APPROACH,0
337.631,0.0339,0.0340,APPROACH,0
337.665,0.0344,0.0340,APPROACH,0
337.700,0.0342,0.0340,APPROACH,0
337.733,0.0338,0.0340,APPROACH,0
337.767,0.0340,0.0340,APPROACH,0
337.801,0.0339,0.0340,APPROACH,0
337.835,0.0341,0.0340,APPROACH,0
337.869,0.0340,0.0340,APPROACH,0
337.903,0.0342,0.0340,APPROACH,0
337.937,0.0340,0.0340,APPROACH,0
337.971,0.0337,0.0340,APPROACH,0
338.005,0.0341,0.0340,APPROACH,0
338.039,0.0340,0.0340,APPROACH,0
338.073,0.0340,0.0340,APPROACH,0
338.107,0.0339,0.0340,APPROACH,0
338.141,0.0342,0.0340,APPROACH,0
338.175,0.0339,0.0340,APPROACH,0
338.209,0.0340,0.0340,APPROACH,0
338.243,0.0338,0.0340,APPROACH,0
338.277,0.0341,0.0340,APPROACH,0
338.311,0.0340,0.0340,APPROACH,0
338.345,0.0340,0.0340,APPROACH,0
338.379,0.0341,0.0340,APPROACH,0
338.413,0.0339,0.0340,APPROACH,0
338.447,0.0341,0.0340,APPROACH,0
338.482,0.0346,0.0340,APPROACH,0
338.516,0.0337,0.0340,APPROACH,0
338.549,0.0338,0.0340,APPROACH,0
338.584,0.0342,0.0340,APPROACH,0
338.617,0.0338,0.0340,APPROACH,0
338.651,0.0340,0.0340,APPROACH,0
338.686,0.0341,0.0340,APPROACH,0
338.720,0.0341,0.0340,APPROACH,0
338.754,0.0340,0.0340,APPROACH,0
338.788,0.0341,0.0340,APPROACH,0
338.822,0.0338,0.0340,APPROACH,0
338.856,0.0340,0.0340,APPROACH,0
338.889,0.0339,0.0340,APPROACH,0
338.924,0.0342,0.0340,APPROACH,0
338.958,0.0339,0.0340,APPROACH,0
338.991,0.0340,0.0340,APPROACH,0
339.025,0.0340,0.0340,APPROACH,0
339.060,0.0342,0.0340,APPROACH,0
339.094,0.0339,0.0340,APPROACH,0
339.128,0.0341,0.0340,APPROACH,0
339.162,0.0340,0.0340,APPROACH,0
339.196,0.0339,0.0340,APPROACH,0
339.230,0.0343,0.0340,APPROACH,0
339.264,0.0339,0.0340,APPROACH,0
339.298,0.0339,0.0340,APPROACH,0
339.332,0.0342,0.0340,APPROACH,0
339.366,0.0338,0.0340,APPROACH,0
339.400,0.0343,0.0340,APPROACH,0
339.434,0.0339,0.0340,APPROACH,0
339.468,0.0340,0.0340,APPROACH,0
339.502,0.0340,0.0340,APPROACH,0
339.536,0.0341,0.0340,APPROACH,0
339.570,0.0340,0.0340,APPROACH,0
339.604,0.0341,0.0340,APPROACH,0
339.638,0.0339,0.0340,APPROACH,0
339.672,0.0340,0.0340,APPROACH,0
339.706,0.0342,0.0340,APPROACH,0
339.740,0.0340,0.0340,APPROACH,0
339.774,0.0340,0.0340,APPROACH,0
339.808,0.0339,0.0340,APPROACH,0
339.842,0.0343,0.0340,APPROACH,0
339.876,0.0341,0.0340,APPROACH,0
339.910,0.0341,0.0340,APPROACH,0
339.944,0.0340,0.0340,APPROACH,0
339.978,0.0338,0.0340,APPROACH,0
340.012,0.0340,0.0340,APPROACH,0
340.046,0.0339,0.0340,APPROACH,0
340.080,0.0340,0.0340,APPROACH,0
340.114,0.0339,0.0340,APPROACH,0
340.148,0.0343,0.0340,APPROACH,0
340.182,0.0339,0.0340,APPROACH,0
340.216,0.0341,0.0340,APPROACH,0
340.250,0.0338,0.0340,APPROACH,0
340.284,0.0342,0.0340,APPROACH,0
340.318,0.0339,0.0340,APPROACH,0
340.352,0.0340,0.0340,APPROACH,0
340.386,0.0341,0.0340,APPROACH,0
340.420,0.0339,0.0340,APPROACH,0
340.454,0.0341,0.0340,APPROACH,0
340.488,0.0339,0.0340,APPROACH,0
340.522,0.0341,0.0340,APPROACH,0
340.556,0.0338,0.0340,APPROACH,0
340.590,0.0341,0.0340,APPROACH,0
340.624,0.0341,0.0340,APPROACH,0
340.658,0.0339,0.0340,APPROACH,0
340.692,0.0341,0.0340,APPROACH,0
340.726,0.0341,0.0340,APPROACH,0
340.761,0.0341,0.0340,APPROACH,0
340.795,0.0341,0.0340,APPROACH,0
340.828,0.0337,0.0340,APPROACH,0
340.863,0.0343,0.0340,APPROACH,0
340.897,0.0339,0.0340,APPROACH,0
340.931,0.0341,0.0340,APPROACH,0
340.965,0.0340,0.0340,APPROACH,0
340.998,0.0338,0.0340,APPROACH,0
341.033,0.0341,0.0340,APPROACH,0
341.067,0.0343,0.0340,APPROACH,0
341.101,0.0339,0.0340,APPROACH,0
341.134,0.0338,0.0340,APPROACH,0
341.169,0.0340,0.0340,APPROACH,0
341.203,0.0342,0.0340,APPROACH,0
341.237,0.0340,0.0340,APPROACH,0
341.271,0.0342,0.0340,APPROACH,0
341.305,0.0340,0.0340,APPROACH,0
341.339,0.0339,0.0340,APPROACH,0
341.373,0.0340,0.0340,APPROACH,0
341.407,0.0339,0.0340,APPROACH,0
341.441,0.0340,0.0340,APPROACH,0
341.475,0.0344,0.0340,APPROACH,0
341.509,0.0341,0.0340,APPROACH,0
341.543,0.0334,0.0340,APPROACH,0
341.577,0.0341,0.0340,APPROACH,0
341.611,0.0340,0.0340,APPROACH,0
341.645,0.0340,0.0340,APPROACH,0
341.679,0.0340,0.0340,APPROACH,0
341.713,0.0340,0.0340,APPROACH,0
341.747,0.0342,0.0340,APPROACH,0
341.781,0.0339,0.0340,APPROACH,0
341.815,0.0341,0.0340,APPROACH,0
341.849,0.0341,0.0340,APPROACH,0
341.883,0.0339,0.0340,APPROACH,0
341.917,0.0342,0.0340,APPROACH,0
341.951,0.0338,0.0340,APPROACH,0
341.985,0.0342,0.0340,APPROACH,0
342.019,0.0340,0.0340,APPROACH,0
342.053,0.0340,0.0340,APPROACH,0
342.087,0.0339,0.0340,APPROACH,0
342.121,0.0340,0.0340,APPROACH,0
342.155,0.0341,0.0340,APPROACH,0
342.189,0.0339,0.0340,APPROACH,0
342.223,0.0341,0.0340,APPROACH,0
342.257,0.0340,0.0340,APPROACH,0
342.291,0.0341,0.0340,APPROACH,0
342.325,0.0338,0.0340,APPROACH,0
342.359,0.0341,0.0340,APPROACH,0
342.393,0.0341,0.0340,APPROACH,0
342.427,0.0339,0.0340,APPROACH,0
342.461,0.0340,0.0340,APPROACH,0
342.495,0.0341,0.0340,APPROACH,0
342.529,0.0340,0.0340,APPROACH,0
342.563,0.0342,0.0340,APPROACH,0
342.597,0.0339,0.0340,APPROACH,0
342.631,0.0339,0.0340,APPROACH,0
342.665,0.0340,0.0340,APPROACH,0
342.699,0.0339,0.0340,APPROACH,0
342.733,0.0340,0.0340,APPROACH,0
342.767,0.0340,0.0340,APPROACH,0
342.801,0.0340,0.0340,APPROACH,0
342.835,0.0342,0.0340,APPROACH,0
342.869,0.0339,0.0340,APPROACH,0
342.903,0.0341,0.0340,APPROACH,0
342.937,0.0340,0.0340,APPROACH,0
342.972,0.0342,0.0340,APPROACH,0
343.005,0.0339,0.0340,APPROACH,0
343.039,0.0339,0.0340,APPROACH,0
343.074,0.0342,0.0340,APPROACH,0
343.108,0.0342,0.0340,APPROACH,0
343.142,0.0338,0.0340,APPROACH,0
343.175,0.0339,0.0340,APPROACH,0
343.210,0.0343,0.0340,APPROACH,0
343.243,0.0336,0.0340,APPROACH,0
343.278,0.0342,0.0340,APPROACH,0
343.311,0.0339,0.0340,APPROACH,0
343.346,0.0342,0.0340,APPROACH,0
343.380,0.0344,0.0340,APPROACH,0
343.414,0.0336,0.0340,APPROACH,0
343.448,0.0340,0.0340,APPROACH,0
343.482,0.0341,0.0340,APPROACH,0
343.516,0.0341,0.0340,APPROACH,0
343.550,0.0338,0.0340,APPROACH,0
343.584,0.0342,0.0340,APPROACH,0
343.618,0.0338,0.0340,APPROACH,0
343.653,0.0346,0.0340,APPROACH,0
343.686,0.0335,0.0340,APPROACH,0
343.720,0.0342,0.0340,APPROACH,0
343.754,0.0340,0.0340,APPROACH,0
343.788,0.0340,0.0340,APPROACH,0
343.822,0.0340,0.0340,APPROACH,0
343.856,0.0341,0.0340,APPROACH,0
343.890,0.0339,0.0340,APPROACH,0
343.924,0.0342,0.0340,APPROACH,0
343.958,0.0339,0.0340,APPROACH,0
343.992,0.0340,0.0340,APPROACH,0
344.026,0.0340,0.0340,APPROACH,0
344.060,0.0339,0.0340,APPROACH,0
344.094,0.0341,0.0340,APPROACH,0
344.128,0.0339,0.0340,APPROACH,0
344.162,0.0343,0.0340,APPROACH,0
344.196,0.0338,0.0340,APPROACH,0
344.230,0.0340,0.0340,APPROACH,0
344.264,0.0342,0.0340,APPROACH,0
344.298,0.0339,0.0340,APPROACH,0
344.332,0.0340,0.0340,APPROACH,0
344.366,0.0340,0.0340,APPROACH,0
344.400,0.0340,0.0340,APPROACH,0
344.434,0.0340,0.0340,APPROACH,0
344.468,0.0342,0.0340,APPROACH,0
344.502,0.0339,0.0340,APPROACH,0
344.536,0.0340,0.0340,APPROACH,0
344.570,0.0340,0.0340,APPROACH,0
344.604,0.0340,0.0340,APPROACH,0
344.638,0.0339,0.0340,BLIND_DASH,0
344.672,0.0344,0.0340,BLIND_DASH,0
344.706,0.0340,0.0340,BLIND_DASH,0
344.741,0.0342,0.0340,BLIND_DASH,0
344.774,0.0336,0.0340,BLIND_DASH,0
344.808,0.0340,0.0340,BLIND_DASH,0
344.842,0.0340,0.0340,BLIND_DASH,0
344.876,0.0338,0.0340,BLIND_DASH,0
344.910,0.0341,0.0340,BLIND_DASH,0
344.944,0.0340,0.0340,BLIND_DASH,0
344.979,0.0347,0.0340,BLIND_DASH,0
345.012,0.0335,0.0340,BLIND_DASH,0
345.046,0.0339,0.0340,BLIND_DASH,0
345.081,0.0342,0.0340,BLIND_DASH,0
345.114,0.0338,0.0340,BLIND_DASH,0
345.148,0.0340,0.0340,BLIND_DASH,0
345.182,0.0340,0.0340,BLIND_DASH,0
345.216,0.0341,0.0340,BLIND_DASH,0
345.251,0.0341,0.0340,BLIND_DASH,0
345.285,0.0340,0.0340,BLIND_DASH,0
345.318,0.0339,0.0340,BLIND_DASH,0
345.353,0.0341,0.0340,BLIND_DASH,0
345.387,0.0341,0.0340,BLIND_DASH,0
345.421,0.0339,0.0340,BLIND_DASH,0
345.455,0.0341,0.0340,BLIND_DASH,0
345.488,0.0338,0.0340,BLIND_DASH,0
345.524,0.0350,0.0340,BLIND_DASH,0
345.557,0.0332,0.0340,BLIND_DASH,0
345.590,0.0338,0.0340,BLIND_DASH,0
345.625,0.0342,0.0340,BLIND_DASH,0
345.658,0.0338,0.0340,BLIND_DASH,0
345.693,0.0343,0.0340,BLIND_DASH,0
345.727,0.0339,0.0340,BLIND_DASH,0
345.761,0.0340,0.0340,BLIND_DASH,0
345.795,0.0341,0.0340,BLIND_DASH,0
345.829,0.0339,0.0340,BLIND_DASH,0
345.863,0.0339,0.0340,BLIND_DASH,0
345.897,0.0341,0.0340,BLIND_DASH,0
345.931,0.0340,0.0340,BLIND_DASH,0
345.965,0.0342,0.0340,BLIND_DASH,0
345.999,0.0340,0.0340,BLIND_DASH,0
346.033,0.0338,0.0340,BLIND_DASH,0
346.067,0.0344,0.0340,BLIND_DASH,0
346.101,0.0338,0.0340,BLIND_DASH,0
346.135,0.0339,0.0340,BLIND_DASH,0
346.169,0.0340,0.0340,BLIND_DASH,0
346.203,0.0340,0.0340,BLIND_DASH,0
346.237,0.0340,0.0340,BLIND_DASH,0
346.271,0.0340,0.0340,BLIND_DASH,0
346.305,0.0341,0.0340,BLIND_DASH,0
346.339,0.0340,0.0340,BLIND_DASH,0
346.373,0.0340,0.0340,BLIND_DASH,0
346.407,0.0339,0.0340,BLIND_DASH,0
346.441,0.0340,0.0340,PATROL,0
346.475,0.0340,0.0340,PATROL,0
346.509,0.0342,0.0340,PATROL,0
346.543,0.0337,0.0340,PATROL,0
346.577,0.0340,0.0340,PATROL,0
346.611,0.0343,0.0340,PATROL,0
346.645,0.0338,0.0340,PATROL,0
346.679,0.0341,0.0340,PATROL,0
346.713,0.0340,0.0340,PATROL,0
346.747,0.0343,0.0340,PATROL,0
346.781,0.0336,0.0340,PATROL,0
346.815,0.0343,0.0340,PATROL,0
346.849,0.0339,0.0340,PATROL,0
346.884,0.0347,0.0340,PATROL,0
346.917,0.0335,0.0340,PATROL,0
346.951,0.0340,0.0340,PATROL,0
346.985,0.0342,0.0340,PATROL,0
347.019,0.0339,0.0340,PATROL,0
347.054,0.0345,0.0340,PATROL,0
347.087,0.0335,0.0340,PATROL,0
347.121,0.0341,0.0340,PATROL,0
347.155,0.0340,0.0340,PATROL,0
347.189,0.0339,0.0340,PATROL,0
347.223,0.0341,0.0340,PATROL,0
347.257,0.0340,0.0340,PATROL,0
347.291,0.0340,0.0340,PATROL,0
347.325,0.0338,0.0340,PATROL,0
347.359,0.0340,0.0340,PATROL,0
347.393,0.0342,0.0340,PATROL,0
347.427,0.0341,0.0340,PATROL,0
347.461,0.0339,0.0340,PATROL,0
347.495,0.0341,0.0340,PATROL,0
347.529,0.0340,0.0340,PATROL,0
347.563,0.0340,0.0340,PATROL,0
347.598,0.0342,0.0340,PATROL,0
347.631,0.0338,0.0340,PATROL,0
347.665,0.0341,0.0340,PATROL,0
347.700,0.0341,0.0340,PATROL,0
347.733,0.0339,0.0340,PATROL,0
347.767,0.0341,0.0340,PATROL,0
347.801,0.0340,0.0340,PATROL,0
347.835,0.0340,0.0340,PATROL,0
347.870,0.0345,0.0340,PATROL,0
347.903,0.0335,0.0340,PATROL,0
347.938,0.0343,0.0340,PATROL,0
347.972,0.0341,0.0340,PATROL,0
348.006,0.0340,0.0340,PATROL,0
348.040,0.0339,0.0340,PATROL,0
348.074,0.0340,0.0340,PATROL,0
348.108,0.0338,0.0340,PATROL,0
348.142,0.0342,0.0340,PATROL,0
348.176,0.0339,0.0340,PATROL,0
348.210,0.0343,0.0340,PATROL,0
348.244,0.0341,0.0340,PATROL,0
348.278,0.0336,0.0340,PATROL,0
348.312,0.0341,0.0340,PATROL,0
348.346,0.0341,0.0340,PATROL,0
348.380,0.0340,0.0340,PATROL,0
348.414,0.0339,0.0340,PATROL,0
348.448,0.0342,0.0340,PATROL,0
348.482,0.0341,0.0340,PATROL,0
348.516,0.0344,0.0340,PATROL,0
348.550,0.0334,0.0340,PATROL,0
348.584,0.0341,0.0340,PATROL,0
348.618,0.0341,0.0340,PATROL,0
348.652,0.0341,0.0340,PATROL,0
348.686,0.0340,0.0340,PATROL,0
348.720,0.0341,0.0340,PATROL,0
348.754,0.0340,0.0340,PATROL,0
348.788,0.0342,0.0340,PATROL,0
348.822,0.0339,0.0340,PATROL,0
348.856,0.0342,0.0340,PATROL,0
348.890,0.0339,0.0340,PATROL,0
348.924,0.0339,0.0340,PATROL,0
348.958,0.0342,0.0340,PATROL,0
348.992,0.0338,0.0340,PATROL,0
349.026,0.0342,0.0340,PATROL,0
349.060,0.0339,0.0340,PATROL,0
349.094,0.0339,0.0340,PATROL,0
349.128,0.0342,0.0340,PATROL,0
349.162,0.0340,0.0340,PATROL,0
349.196,0.0339,0.0340,PATROL,0
349.230,0.0339,0.0340,PATROL,0
349.264,0.0342,0.0340,PATROL,0
349.298,0.0340,0.0340,PATROL,0
349.332,0.0338,0.0340,PATROL,0
349.366,0.0342,0.0340,PATROL,0
349.400,0.0340,0.0340,PATROL,0
349.434,0.0340,0.0340,PATROL,0
349.468,0.0342,0.0340,PATROL,0
349.502,0.0341,0.0340,PATROL,0
349.536,0.0338,0.0340,PATROL,0
349.570,0.0341,0.0340,PATROL,0
349.604,0.0340,0.0340,PATROL,0
349.638,0.0341,0.0340,PATROL,0
349.672,0.0339,0.0340,PATROL,0
349.706,0.0340,0.0340,PATROL,0
349.740,0.0340,0.0340,PATROL,0
349.774,0.0340,0.0340,PATROL,0
349.808,0.0340,0.0340,PATROL,0
349.842,0.0341,0.0340,ALIGN,0
349.876,0.0339,0.0340,ALIGN,0
349.910,0.0341,0.0340,ALIGN,0
349.944,0.0340,0.0340,ALIGN,0
349.978,0.0339,0.0340,ALIGN,0
350.012,0.0340,0.0340,ALIGN,0
350.046,0.0341,0.0340,ALIGN,0
350.080,0.0340,0.0340,ALIGN,0
350.115,0.0342,0.0340,ALIGN,0
350.149,0.0343,0.0340,ALIGN,0
350.183,0.0337,0.0340,ALIGN,0
350.217,0.0340,0.0340,ALIGN,0
350.250,0.0339,0.0340,ALIGN,0
350.285,0.0342,0.0340,ALIGN,0
350.319,0.0340,0.0340,ALIGN,0
350.353,0.0342,0.0340,ALIGN,0
350.387,0.0337,0.0340,ALIGN,0
350.421,0.0341,0.0340,ALIGN,0
350.455,0.0342,0.0340,ALIGN,0
350.489,0.0339,0.0340,ALIGN,0
350.523,0.0340,0.0340,ALIGN,0
350.557,0.0341,0.0340,ALIGN,0
350.591,0.0342,0.0340,ALIGN,0
350.625,0.0339,0.0340,ALIGN,0
350.659,0.0342,0.0340,ALIGN,0
350.693,0.0338,0.0340,ALIGN,0
350.727,0.0342,0.0340,ALIGN,0
350.761,0.0338,0.0340,ALIGN,0
350.795,0.0340,0.0340,ALIGN,0
350.829,0.0341,0.0340,ALIGN,0
350.863,0.0340,0.0340,ALIGN,0
350.897,0.0338,0.0340,ALIGN,0
350.931,0.0341,0.0340,ALIGN,0
350.965,0.0339,0.0340,ALIGN,0
350.999,0.0340,0.0340,ALIGN,0
351.033,0.0340,0.0340,ALIGN,0
351.067,0.0340,0.0340,ALIGN,0
351.101,0.0340,0.0340,ALIGN,0
351.135,0.0341,0.0340,APPROACH,0
351.169,0.0340,0.0340,APPROACH,0
351.203,0.0343,0.0340,APPROACH,0
351.237,0.0337,0.0340,APPROACH,0
351.271,0.0343,0.0340,APPROACH,0
351.305,0.0339,0.0340,APPROACH,0
351.339,0.0340,0.0340,APPROACH,0
351.373,0.0340,0.0340,APPROACH,0
351.407,0.0338,0.0340,APPROACH,0
351.441,0.0342,0.0340,APPROACH,0
351.475,0.0342,0.0340,APPROACH,0
351.509,0.0338,0.0340,APPROACH,0
351.543,0.0340,0.0340,APPROACH,0
351.577,0.0339,0.0340,APPROACH,0
351.611,0.0340,0.0340,APPROACH,0
351.645,0.0340,0.0340,APPROACH,0
351.679,0.0342,0.0340,APPROACH,0
351.713,0.0339,0.0340,APPROACH,0
351.747,0.0341,0.0340,APPROACH,0
351.781,0.0340,0.0340,APPROACH,0
351.815,0.0340,0.0340,APPROACH,0
351.849,0.0339,0.0340,APPROACH,0
351.883,0.0341,0.0340,APPROACH,0
351.917,0.0341,0.0340,APPROACH,0
351.951,0.0340,0.0340,APPROACH,0
351.985,0.0339,0.0340,APPROACH,0
352.020,0.0343,0.0340,APPROACH,0
352.053,0.0339,0.0340,APPROACH,0
352.087,0.0340,0.0340,APPROACH,0
352.122,0.0341,0.0340,APPROACH,0
352.156,0.0343,0.0340,APPROACH,0
352.190,0.0338,0.0340,APPROACH,0
352.224,0.0340,0.0340,APPROACH,0
352.258,0.0340,0.0340,APPROACH,0
352.292,0.0339,0.0340,APPROACH,0
352.326,0.0340,0.0340,APPROACH,0
352.360,0.0340,0.0340,APPROACH,0
352.394,0.0341,0.0340,APPROACH,0
352.428,0.0340,0.0340,APPROACH,0
352.462,0.0339,0.0340,APPROACH,0
352.496,0.0341,0.0340,APPROACH,0
352.530,0.0341,0.0340,APPROACH,0
352.564,0.0340,0.0340,APPROACH,0
352.598,0.0340,0.0340,APPROACH,0
352.632,0.0340,0.0340,APPROACH,0
352.666,0.0340,0.0340,APPROACH,0
352.700,0.0340,0.0340,APPROACH,0
352.734,0.0342,0.0340,APPROACH,0
352.768,0.0340,0.0340,APPROACH,0
352.802,0.0340,0.0340,APPROACH,0
352.836,0.0341,0.0340,APPROACH,0
352.870,0.0340,0.0340,APPROACH,0
352.904,0.0339,0.0340,APPROACH,0
352.938,0.0341,0.0340,APPROACH,0
352.972,0.0338,0.0340,APPROACH,0
353.006,0.0341,0.0340,APPROACH,0
353.040,0.0339,0.0340,APPROACH,0
353.074,0.0342,0.0340,APPROACH,0
353.108,0.0339,0.0340,APPROACH,0
353.142,0.0340,0.0340,APPROACH,0
353.176,0.0340,0.0340,APPROACH,0
353.210,0.0342,0.0340,APPROACH,0
353.244,0.0338,0.0340,APPROACH,0
353.278,0.0340,0.0340,APPROACH,0
353.312,0.0340,0.0340,APPROACH,0
353.346,0.0341,0.0340,APPROACH,0
353.380,0.0342,0.0340,APPROACH,0
353.414,0.0336,0.0340,APPROACH,0
353.448,0.0344,0.0340,APPROACH,0
353.482,0.0338,0.0340,APPROACH,0
353.516,0.0339,0.0340,APPROACH,0
353.550,0.0341,0.0340,APPROACH,0
353.584,0.0340,0.0340,APPROACH,0
353.618,0.0341,0.0340,APPROACH,0
353.652,0.0339,0.0340,APPROACH,0
353.686,0.0340,0.0340,APPROACH,0
353.720,0.0340,0.0340,APPROACH,0
353.754,0.0342,0.0340,APPROACH,0
353.788,0.0339,0.0340,APPROACH,0
353.823,0.0342,0.0340,APPROACH,0
353.856,0.0340,0.0340,APPROACH,0
353.890,0.0338,0.0340,APPROACH,0
353.924,0.0340,0.0340,APPROACH,0
353.959,0.0342,0.0340,APPROACH,0
353.993,0.0342,0.0340,APPROACH,0
354.026,0.0337,0.0340,APPROACH,0
354.061,0.0342,0.0340,APPROACH,0
354.095,0.0341,0.0340,APPROACH,0
354.129,0.0338,0.0340,APPROACH,0
354.163,0.0340,0.0340,APPROACH,0
354.197,0.0341,0.0340,APPROACH,0
354.230,0.0339,0.0340,APPROACH,0
354.264,0.0339,0.0340,APPROACH,0
354.299,0.0341,0.0340,APPROACH,0
354.332,0.0339,0.0340,APPROACH,0
354.367,0.0341,0.0340,APPROACH,0
354.401,0.0341,0.0340,APPROACH,0
354.435,0.0346,0.0340,APPROACH,0
354.469,0.0333,0.0340,APPROACH,0
354.502,0.0339,0.0340,APPROACH,0
354.537,0.0342,0.0340,APPROACH,0
354.571,0.0338,0.0340,APPROACH,0
354.605,0.0340,0.0340,APPROACH,0
354.639,0.0340,0.0340,APPROACH,0
354.673,0.0343,0.0340,APPROACH,0
354.707,0.0339,0.0340,APPROACH,0
354.741,0.0339,0.0340,APPROACH,0
354.775,0.0339,0.0340,APPROACH,0
354.809,0.0346,0.0340,APPROACH,0
354.843,0.0337,0.0340,APPROACH,0
354.877,0.0339,0.0340,APPROACH,0
354.911,0.0341,0.0340,APPROACH,0
354.945,0.0342,0.0340,APPROACH,0
354.979,0.0339,0.0340,APPROACH,0
355.013,0.0339,0.0340,APPROACH,0
355.047,0.0340,0.0340,APPROACH,0
355.081,0.0340,0.0340,APPROACH,0
355.115,0.0340,0.0340,APPROACH,0
355.149,0.0342,0.0340,APPROACH,0
355.183,0.0340,0.0340,APPROACH,0
355.217,0.0339,0.0340,APPROACH,0
355.251,0.0342,0.0340,APPROACH,0
355.285,0.0339,0.0340,APPROACH,0
355.319,0.0341,0.0340,APPROACH,0
355.353,0.0339,0.0340,APPROACH,0
355.387,0.0341,0.0340,APPROACH,0
355.421,0.0340,0.0340,APPROACH,0
355.455,0.0339,0.0340,APPROACH,0
355.489,0.0342,0.0340,APPROACH,0
355.523,0.0341,0.0340,APPROACH,0
355.557,0.0339,0.0340,APPROACH,0
355.591,0.0342,0.0340,APPROACH,0
355.625,0.0339,0.0340,APPROACH,0
355.659,0.0339,0.0340,APPROACH,0
355.693,0.0339,0.0340,APPROACH,0
355.727,0.0344,0.0340,APPROACH,0
355.761,0.0340,0.0340,APPROACH,0
355.795,0.0339,0.0340,APPROACH,0
355.829,0.0340,0.0340,APPROACH,0
355.863,0.0341,0.0340,APPROACH,0
355.897,0.0338,0.0340,APPROACH,0
355.931,0.0340,0.0340,APPROACH,0
355.965,0.0340,0.0340,APPROACH,0
355.999,0.0340,0.0340,APPROACH,0
356.033,0.0338,0.0340,APPROACH,0
356.067,0.0343,0.0340,APPROACH,0
356.101,0.0339,0.0340,APPROACH,0
356.135,0.0339,0.0340,APPROACH,0
356.169,0.0340,0.0340,APPROACH,0
356.203,0.0340,0.0340,APPROACH,0
356.237,0.0340,0.0340,APPROACH,0
356.271,0.0341,0.0340,APPROACH,0
356.306,0.0342,0.0340,APPROACH,0
356.340,0.0340,0.0340,APPROACH,0
356.373,0.0340,0.0340,APPROACH,0
356.407,0.0340,0.0340,APPROACH,0
356.441,0.0340,0.0340,APPROACH,0
356.475,0.0339,0.0340,APPROACH,0
356.509,0.0340,0.0340,APPROACH,0
356.543,0.0341,0.0340,APPROACH,0
356.577,0.0341,0.0340,APPROACH,0
356.611,0.0340,0.0340,APPROACH,0
356.646,0.0340,0.0340,APPROACH,0
356.680,0.0340,0.0340,APPROACH,0
356.714,0.0341,0.0340,APPROACH,0
356.747,0.0337,0.0340,APPROACH,0
356.781,0.0340,0.0340,APPROACH,0
356.816,0.0342,0.0340,APPROACH,0
356.849,0.0338,0.0340,APPROACH,0
356.884,0.0342,0.0340,APPROACH,0
356.917,0.0338,0.0340,APPROACH,0
356.952,0.0342,0.0340,APPROACH,0
356.986,0.0339,0.0340,APPROACH,0
357.020,0.0341,0.0340,APPROACH,0
357.054,0.0340,0.0340,APPROACH,0
357.088,0.0340,0.0340,APPROACH,0
357.122,0.0345,0.0340,APPROACH,0
357.156,0.0336,0.0340,APPROACH,0
357.190,0.0339,0.0340,APPROACH,0
357.224,0.0341,0.0340,APPROACH,0
357.258,0.0339,0.0340,APPROACH,0
357.292,0.0342,0.0340,APPROACH,0
357.326,0.0341,0.0340,APPROACH,0
357.360,0.0338,0.0340,APPROACH,0
357.394,0.0341,0.0340,APPROACH,0
357.428,0.0341,0.0340,APPROACH,0
357.462,0.0338,0.0340,APPROACH,0
357.496,0.0341,0.0340,APPROACH,0
357.530,0.0339,0.0340,APPROACH,0
357.564,0.0340,0.0340,APPROACH,0
357.598,0.0340,0.0340,APPROACH,0
357.632,0.0340,0.0340,APPROACH,0
357.666,0.0341,0.0340,APPROACH,0
357.700,0.0340,0.0340,APPROACH,0
357.734,0.0339,0.0340,APPROACH,0
357.768,0.0341,0.0340,APPROACH,0
357.802,0.0342,0.0340,APPROACH,0
357.836,0.0339,0.0340,APPROACH,0
357.870,0.0339,0.0340,APPROACH,0
357.904,0.0339,0.0340,APPROACH,0
357.938,0.0343,0.0340,APPROACH,0
357.972,0.0342,0.0340,APPROACH,0
358.006,0.0337,0.0340,APPROACH,0
358.040,0.0341,0.0340,APPROACH,0
358.074,0.0343,0.0340,APPROACH,0
358.108,0.0338,0.0340,APPROACH,0
358.142,0.0339,0.0340,APPROACH,0
358.176,0.0340,0.0340,APPROACH,0
358.210,0.0340,0.0340,APPROACH,0
358.244,0.0339,0.0340,APPROACH,0
358.278,0.0342,0.0340,APPROACH,0
358.312,0.0340,0.0340,APPROACH,0
358.346,0.0339,0.0340,APPROACH,0
358.380,0.0341,0.0340,APPROACH,0
358.414,0.0340,0.0340,APPROACH,0
358.449,0.0342,0.0340,APPROACH,0
358.482,0.0339,0.0340,APPROACH,0
358.516,0.0340,0.0340,APPROACH,0
358.550,0.0339,0.0340,APPROACH,0
358.584,0.0341,0.0340,APPROACH,0
358.618,0.0339,0.0340,APPROACH,0
358.652,0.0340,0.0340,APPROACH,0
358.687,0.0342,0.0340,APPROACH,0
358.720,0.0338,0.0340,APPROACH,0
358.754,0.0341,0.0340,APPROACH,0
358.789,0.0342,0.0340,APPROACH,0
358.823,0.0340,0.0340,APPROACH,0
358.857,0.0340,0.0340,APPROACH,0
358.891,0.0343,0.0340,APPROACH,0
358.925,0.0338,0.0340,APPROACH,0
358.959,0.0341,0.0340,APPROACH,0
358.993,0.0339,0.0340,APPROACH,0
359.027,0.0344,0.0340,APPROACH,0
359.061,0.0338,0.0340,APPROACH,0
359.095,0.0339,0.0340,APPROACH,0
359.129,0.0339,0.0340,APPROACH,0
359.163,0.0341,0.0340,APPROACH,0
359.197,0.0341,0.0340,APPROACH,0
359.231,0.0340,0.0340,APPROACH,0
359.265,0.0340,0.0340,APPROACH,0
359.299,0.0339,0.0340,APPROACH,0
359.333,0.0340,0.0340,APPROACH,0
359.367,0.0340,0.0340,APPROACH,0
359.401,0.0341,0.0340,APPROACH,0
359.435,0.0344,0.0340,APPROACH,0
359.469,0.0336,0.0340,APPROACH,0
359.503,0.0342,0.0340,APPROACH,0
359.537,0.0339,0.0340,APPROACH,0
359.571,0.0340,0.0340,APPROACH,0
359.605,0.0341,0.0340,APPROACH,0
359.639,0.0341,0.0340,APPROACH,0
359.673,0.0339,0.0340,APPROACH,0
359.707,0.0340,0.0340,APPROACH,0
359.741,0.0340,0.0340,APPROACH,0
359.775,0.0340,0.0340,APPROACH,0
359.809,0.0341,0.0340,APPROACH,0
359.843,0.0342,0.0340,APPROACH,0
359.877,0.0337,0.0340,APPROACH,0
359.911,0.0340,0.0340,APPROACH,0
359.945,0.0339,0.0340,APPROACH,0
359.979,0.0343,0.0340,APPROACH,0
360.013,0.0339,0.0340,APPROACH,0
360.047,0.0340,0.0340,APPROACH,0
360.081,0.0341,0.0340,APPROACH,0
360.115,0.0341,0.0340,APPROACH,0
360.149,0.0339,0.0340,APPROACH,0
360.183,0.0339,0.0340,APPROACH,0
360.217,0.0342,0.0340,APPROACH,0
360.251,0.0341,0.0340,APPROACH,0
360.285,0.0339,0.0340,APPROACH,0
360.319,0.0340,0.0340,APPROACH,0
360.353,0.0341,0.0340,APPROACH,0
360.387,0.0342,0.0340,APPROACH,0
360.421,0.0338,0.0340,APPROACH,0
360.455,0.0339,0.0340,APPROACH,0
360.489,0.0340,0.0340,APPROACH,0
360.523,0.0344,0.0340,APPROACH,0
360.557,0.0338,0.0340,APPROACH,0
360.591,0.0339,0.0340,APPROACH,0
360.625,0.0343,0.0340,APPROACH,0
360.659,0.0338,0.0340,APPROACH,0
360.693,0.0340,0.0340,APPROACH,0
360.727,0.0341,0.0340,APPROACH,0
360.761,0.0338,0.0340,APPROACH,0
360.795,0.0341,0.0340,APPROACH,0
360.829,0.0340,0.0340,APPROACH,0
360.863,0.0340,0.0340,APPROACH,0
360.897,0.0342,0.0340,APPROACH,0
360.932,0.0341,0.0340,APPROACH,0
360.965,0.0339,0.0340,APPROACH,0
360.999,0.0340,0.0340,APPROACH,0
361.033,0.0340,0.0340,APPROACH,0
361.067,0.0340,0.0340,APPROACH,0
361.102,0.0341,0.0340,APPROACH,0
361.136,0.0339,0.0340,APPROACH,0
361.170,0.0340,0.0340,APPROACH,0
361.203,0.0339,0.0340,APPROACH,0
361.238,0.0343,0.0340,APPROACH,0
361.272,0.0339,0.0340,APPROACH,0
361.305,0.0339,0.0340,APPROACH,0
361.340,0.0341,0.0340,APPROACH,0
361.374,0.0340,0.0340,APPROACH,0
361.408,0.0340,0.0340,APPROACH,0
361.442,0.0339,0.0340,APPROACH,0
361.476,0.0340,0.0340,APPROACH,0
361.510,0.0342,0.0340,APPROACH,0
361.544,0.0339,0.0340,APPROACH,0
361.578,0.0341,0.0340,APPROACH,0
361.612,0.0339,0.0340,APPROACH,0
361.646,0.0341,0.0340,APPROACH,0
361.680,0.0339,0.0340,APPROACH,0
361.714,0.0341,0.0340,APPROACH,0
361.748,0.0340,0.0340,APPROACH,0
361.782,0.0340,0.0340,APPROACH,0
361.816,0.0340,0.0340,APPROACH,0
361.850,0.0341,0.0340,APPROACH,0
361.884,0.0340,0.0340,APPROACH,0
361.918,0.0342,0.0340,APPROACH,0
361.952,0.0339,0.0340,APPROACH,0
361.986,0.0342,0.0340,APPROACH,0
362.020,0.0338,0.0340,APPROACH,0
362.054,0.0344,0.0340,APPROACH,0
362.088,0.0340,0.0340,APPROACH,0
362.122,0.0338,0.0340,APPROACH,0
362.156,0.0341,0.0340,APPROACH,0
362.190,0.0342,0.0340,APPROACH,0
362.224,0.0339,0.0340,APPROACH,0
362.258,0.0340,0.0340,APPROACH,0
362.292,0.0339,0.0340,APPROACH,0
362.326,0.0342,0.0340,APPROACH,0
362.360,0.0339,0.0340,APPROACH,0
362.394,0.0341,0.0340,APPROACH,0
362.428,0.0339,0.0340,APPROACH,0
362.462,0.0340,0.0340,APPROACH,0
362.496,0.0342,0.0340,APPROACH,0
362.530,0.0341,0.0340,APPROACH,0
362.564,0.0338,0.0340,APPROACH,0
362.598,0.0341,0.0340,APPROACH,0
362.632,0.0340,0.0340,BLIND_DASH,0
362.666,0.0340,0.0340,BLIND_DASH,0
362.700,0.0340,0.0340,BLIND_DASH,0
362.734,0.0339,0.0340,BLIND_DASH,0
362.768,0.0339,0.0340,BLIND_DASH,0
362.802,0.0341,0.0340,BLIND_DASH,0
362.837,0.0343,0.0340,BLIND_DASH,0
362.870,0.0338,0.0340,BLIND_DASH,0
362.904,0.0339,0.0340,BLIND_DASH,0
362.938,0.0341,0.0340,BLIND_DASH,0
362.972,0.0339,0.0340,BLIND_DASH,0
363.006,0.0340,0.0340,BLIND_DASH,0
363.040,0.0339,0.0340,BLIND_DASH,0
363.075,0.0343,0.0340,BLIND_DASH,0
363.108,0.0338,0.0340,BLIND_DASH,0
363.142,0.0341,0.0340,BLIND_DASH,0
363.177,0.0343,0.0340,BLIND_DASH,0
363.210,0.0336,0.0340,BLIND_DASH,0
363.244,0.0342,0.0340,BLIND_DASH,0
363.278,0.0339,0.0340,BLIND_DASH,0
363.312,0.0340,0.0340,BLIND_DASH,0
363.346,0.0341,0.0340,BLIND_DASH,0
363.380,0.0339,0.0340,BLIND_DASH,0
363.415,0.0344,0.0340,BLIND_DASH,0
363.449,0.0338,0.0340,BLIND_DASH,0
363.482,0.0339,0.0340,BLIND_DASH,0
363.516,0.0340,0.0340,BLIND_DASH,0
363.550,0.0341,0.0340,BLIND_DASH,0
363.585,0.0340,0.0340,BLIND_DASH,0
363.618,0.0339,0.0340,BLIND_DASH,0
363.652,0.0341,0.0340,BLIND_DASH,0
363.687,0.0341,0.0340,BLIND_DASH,0
363.720,0.0339,0.0340,BLIND_DASH,0
363.754,0.0340,0.0340,BLIND_DASH,0
363.788,0.0340,0.0340,BLIND_DASH,0
363.823,0.0345,0.0340,BLIND_DASH,0
363.857,0.0338,0.0340,BLIND_DASH,0
363.891,0.0339,0.0340,BLIND_DASH,0
363.925,0.0341,0.0340,BLIND_DASH,0
363.959,0.0342,0.0340,BLIND_DASH,0
363.993,0.0339,0.0340,BLIND_DASH,0
364.027,0.0341,0.0340,PATROL,0
364.061,0.0339,0.0340,PATROL,0
364.095,0.0340,0.0340,PATROL,0
364.129,0.0340,0.0340,PATROL,0
364.163,0.0340,0.0340,PATROL,0
364.197,0.0339,0.0340,PATROL,0
364.231,0.0341,0.0340,PATROL,0
364.265,0.0340,0.0340,PATROL,0
364.299,0.0339,0.0340,PATROL,0
364.333,0.0341,0.0340,PATROL,0
364.367,0.0340,0.0340,PATROL,0
364.401,0.0339,0.0340,PATROL,0
364.435,0.0341,0.0340,PATROL,0
364.469,0.0339,0.0340,PATROL,0
364.503,0.0340,0.0340,PATROL,0
364.537,0.0340,0.0340,PATROL,0
364.571,0.0341,0.0340,PATROL,0
364.605,0.0339,0.0340,PATROL,0
364.639,0.0341,0.0340,PATROL,0
364.673,0.0339,0.0340,PATROL,0
364.707,0.0342,0.0340,PATROL,0
364.741,0.0338,0.0340,PATROL,0
364.775,0.0341,0.0340,PATROL,0
364.809,0.0342,0.0340,PATROL,0
364.843,0.0341,0.0340,PATROL,0
364.877,0.0338,0.0340,PATROL,0
364.911,0.0340,0.0340,PATROL,0
364.945,0.0341,0.0340,PATROL,0
364.979,0.0339,0.0340,PATROL,0
365.013,0.0342,0.0340,PATROL,0
365.047,0.0337,0.0340,PATROL,0
365.081,0.0339,0.0340,PATROL,0
365.115,0.0342,0.0340,PATROL,0
365.149,0.0340,0.0340,PATROL,0
365.183,0.0340,0.0340,PATROL,0
365.217,0.0339,0.0340,PATROL,0
365.251,0.0340,0.0340,PATROL,0
365.285,0.0339,0.0340,PATROL,0
365.319,0.0343,0.0340,PATROL,0
365.353,0.0338,0.0340,PATROL,0
365.387,0.0342,0.0340,PATROL,0
365.421,0.0338,0.0340,PATROL,0
365.455,0.0341,0.0340,PATROL,0
365.489,0.0340,0.0340,PATROL,0
365.523,0.0340,0.0340,PATROL,0
365.557,0.0340,0.0340,PATROL,0
365.591,0.0340,0.0340,PATROL,0
365.626,0.0343,0.0340,PATROL,0
365.659,0.0337,0.0340,PATROL,0
365.693,0.0340,0.0340,PATROL,0
365.727,0.0339,0.0340,PATROL,0
365.761,0.0340,0.0340,PATROL,0
365.796,0.0343,0.0340,PATROL,0
365.829,0.0339,0.0340,PATROL,0
365.864,0.0341,0.0340,PATROL,0
365.898,0.0340,0.0340,PATROL,0
365.931,0.0339,0.0340,PATROL,0
365.965,0.0340,0.0340,PATROL,0
365.999,0.0339,0.0340,PATROL,0
366.034,0.0343,0.0340,PATROL,0
366.068,0.0339,0.0340,PATROL,0
366.102,0.0340,0.0340,PATROL,0
366.136,0.0341,0.0340,PATROL,0
366.170,0.0339,0.0340,PATROL,0
366.204,0.0340,0.0340,PATROL,0
366.238,0.0340,0.0340,PATROL,0
366.272,0.0341,0.0340,PATROL,0
366.306,0.0340,0.0340,PATROL,0
366.340,0.0340,0.0340,PATROL,0
366.374,0.0340,0.0340,PATROL,0
366.408,0.0343,0.0340,PATROL,0
366.442,0.0336,0.0340,PATROL,0
366.476,0.0342,0.0340,PATROL,0
366.510,0.0339,0.0340,PATROL,0
366.544,0.0346,0.0340,PATROL,0
366.578,0.0337,0.0340,PATROL,0
366.612,0.0340,0.0340,PATROL,0
366.646,0.0338,0.0340,PATROL,0
366.680,0.0341,0.0340,PATROL,0
366.714,0.0340,0.0340,PATROL,0
366.748,0.0341,0.0340,PATROL,0
366.782,0.0340,0.0340,PATROL,0
366.816,0.0340,0.0340,PATROL,0
366.850,0.0341,0.0340,PATROL,0
366.884,0.0341,0.0340,PATROL,0
366.918,0.0337,0.0340,PATROL,0
366.952,0.0342,0.0340,PATROL,0
366.986,0.0340,0.0340,PATROL,0
367.020,0.0340,0.0340,PATROL,0
367.054,0.0340,0.0340,PATROL,0
367.088,0.0340,0.0340,PATROL,0
367.122,0.0340,0.0340,PATROL,0
367.156,0.0340,0.0340,PATROL,0
367.190,0.0339,0.0340,PATROL,0
367.224,0.0340,0.0340,PATROL,0
367.258,0.0341,0.0340,PATROL,0
367.292,0.0339,0.0340,PATROL,0
367.326,0.0343,0.0340,PATROL,0
367.360,0.0339,0.0340,PATROL,0
367.394,0.0340,0.0340,PATROL,0
367.428,0.0342,0.0340,PATROL,0
367.462,0.0339,0.0340,PATROL,0
367.496,0.0339,0.0340,PATROL,0
367.530,0.0341,0.0340,PATROL,0
367.564,0.0339,0.0340,PATROL,0
367.598,0.0342,0.0340,PATROL,0
367.632,0.0340,0.0340,PATROL,0
367.667,0.0346,0.0340,PATROL,0
367.701,0.0337,0.0340,PATROL,0
367.734,0.0336,0.0340,PATROL,0
367.768,0.0340,0.0340,PATROL,0
367.802,0.0340,0.0340,PATROL,0
367.836,0.0341,0.0340,PATROL,0
367.870,0.0341,0.0340,PATROL,0
367.904,0.0339,0.0340,PATROL,0
367.938,0.0339,0.0340,PATROL,0
367.973,0.0344,0.0340,PATROL,0
368.006,0.0338,0.0340,PATROL,0
368.040,0.0339,0.0340,PATROL,0
368.074,0.0339,0.0340,PATROL,0
368.108,0.0340,0.0340,PATROL,0
368.142,0.0339,0.0340,PATROL,0
368.176,0.0341,0.0340,PATROL,0
368.210,0.0339,0.0340,PATROL,0
368.244,0.0341,0.0340,PATROL,0
368.278,0.0338,0.0340,PATROL,0
368.312,0.0341,0.0340,PATROL,0
368.346,0.0340,0.0340,PATROL,0
368.380,0.0340,0.0340,PATROL,0
368.414,0.0339,0.0340,PATROL,0
368.448,0.0342,0.0340,PATROL,0
368.482,0.0339,0.0340,PATROL,0
368.516,0.0341,0.0340,PATROL,0
368.550,0.0338,0.0340,PATROL,0
368.584,0.0341,0.0340,PATROL,0
368.618,0.0341,0.0340,PATROL,0
368.652,0.0339,0.0340,PATROL,0
368.686,0.0341,0.0340,PATROL,0
368.720,0.0341,0.0340,PATROL,0
368.754,0.0340,0.0340,PATROL,0
368.789,0.0342,0.0340,PATROL,0
368.823,0.0340,0.0340,PATROL,0
368.857,0.0345,0.0340,PATROL,0
368.891,0.0335,0.0340,PATROL,0
368.925,0.0342,0.0340,PATROL,0
368.959,0.0339,0.0340,PATROL,0
368.993,0.0341,0.0340,PATROL,0
369.027,0.0341,0.0340,PATROL,0
369.061,0.0338,0.0340,PATROL,0
369.095,0.0342,0.0340,PATROL,0
369.129,0.0339,0.0340,PATROL,0
369.163,0.0340,0.0340,PATROL,0
369.197,0.0341,0.0340,PATROL,0
369.231,0.0339,0.0340,PATROL,0
369.265,0.0340,0.0340,PATROL,0
369.299,0.0339,0.0340,PATROL,0
369.333,0.0343,0.0340,PATROL,0
369.367,0.0341,0.0340,PATROL,0
369.401,0.0338,0.0340,PATROL,0
369.435,0.0341,0.0340,PATROL,0
369.469,0.0340,0.0340,PATROL,0
369.503,0.0339,0.0340,PATROL,0
369.537,0.0340,0.0340,PATROL,0
369.571,0.0340,0.0340,PATROL,0
369.605,0.0341,0.0340,PATROL,0
369.639,0.0338,0.0340,PATROL,0
369.673,0.0340,0.0340,PATROL,0
369.707,0.0340,0.0340,PATROL,0
369.741,0.0340,0.0340,PATROL,0
369.775,0.0342,0.0340,PATROL,0
369.809,0.0341,0.0340,PATROL,0
369.843,0.0341,0.0340,PATROL,0
369.877,0.0339,0.0340,PATROL,0
369.911,0.0338,0.0340,PATROL,0
369.945,0.0340,0.0340,PATROL,0
369.979,0.0342,0.0340,PATROL,0
370.013,0.0338,0.0340,PATROL,0
370.047,0.0342,0.0340,PATROL,0
370.081,0.0341,0.0340,PATROL,0
370.116,0.0342,0.0340,PATROL,0
370.149,0.0336,0.0340,PATROL,0
370.183,0.0340,0.0340,PATROL,0
370.217,0.0342,0.0340,PATROL,0
370.251,0.0341,0.0340,PATROL,0
370.285,0.0340,0.0340,PATROL,0
370.319,0.0340,0.0340,PATROL,0
370.353,0.0339,0.0340,PATROL,0
370.388,0.0345,0.0340,PATROL,0
370.421,0.0336,0.0340,PATROL,0
370.456,0.0342,0.0340,PATROL,0
370.489,0.0337,0.0340,PATROL,0
370.524,0.0342,0.0340,PATROL,0
370.557,0.0339,0.0340,PATROL,0
370.591,0.0339,0.0340,PATROL,0
370.626,0.0342,0.0340,PATROL,0
370.660,0.0342,0.0340,PATROL,0
370.693,0.0338,0.0340,PATROL,0
370.728,0.0341,0.0340,PATROL,0
370.761,0.0339,0.0340,PATROL,0
370.796,0.0341,0.0340,PATROL,0
370.830,0.0341,0.0340,PATROL,0
370.863,0.0338,0.0340,PATROL,0
370.898,0.0343,0.0340,PATROL,0
370.932,0.0339,0.0340,PATROL,0
370.966,0.0339,0.0340,PATROL,0
371.000,0.0342,0.0340,PATROL,0
371.034,0.0340,0.0340,PATROL,0
371.068,0.0341,0.0340,PATROL,0
371.102,0.0339,0.0340,PATROL,0
371.136,0.0340,0.0340,PATROL,0
371.170,0.0341,0.0340,PATROL,0
371.204,0.0339,0.0340,PATROL,0
371.238,0.0342,0.0340,PATROL,0
371.272,0.0339,0.0340,PATROL,0
371.306,0.0341,0.0340,PATROL,0
371.340,0.0339,0.0340,PATROL,0
371.374,0.0342,0.0340,PATROL,0
371.408,0.0339,0.0340,PATROL,0
371.442,0.0340,0.0340,PATROL,0
371.476,0.0337,0.0340,PATROL,0
371.510,0.0343,0.0340,PATROL,0
371.544,0.0338,0.0340,PATROL,0
371.578,0.0340,0.0340,PATROL,0
371.612,0.0339,0.0340,PATROL,0
371.646,0.0342,0.0340,PATROL,0
371.680,0.0341,0.0340,PATROL,0
371.714,0.0339,0.0340,PATROL,0
371.748,0.0342,0.0340,PATROL,0
371.782,0.0337,0.0340,PATROL,0
371.816,0.0343,0.0340,PATROL,0
371.850,0.0339,0.0340,PATROL,0
371.884,0.0341,0.0340,PATROL,0
371.918,0.0339,0.0340,PATROL,0
371.952,0.0340,0.0340,PATROL,0
371.986,0.0340,0.0340,PATROL,0
372.020,0.0343,0.0340,PATROL,0
372.054,0.0336,0.0340,PATROL,0
372.088,0.0340,0.0340,PATROL,0
372.122,0.0341,0.0340,PATROL,0
372.156,0.0340,0.0340,PATROL,0
372.190,0.0341,0.0340,PATROL,0
372.224,0.0337,0.0340,PATROL,0
372.258,0.0341,0.0340,PATROL,0
372.292,0.0342,0.0340,PATROL,0
372.326,0.0338,0.0340,PATROL,0
372.360,0.0341,0.0340,PATROL,0
372.394,0.0341,0.0340,PATROL,0
372.428,0.0340,0.0340,PATROL,0
372.462,0.0340,0.0340,PATROL,0
372.496,0.0340,0.0340,PATROL,0
372.530,0.0339,0.0340,PATROL,0
372.564,0.0341,0.0340,PATROL,0
372.598,0.0341,0.0340,PATROL,0
372.632,0.0340,0.0340,PATROL,0
372.666,0.0341,0.0340,PATROL,0
372.701,0.0342,0.0340,PATROL,0
372.734,0.0337,0.0340,PATROL,0
372.768,0.0341,0.0340,PATROL,0
372.803,0.0343,0.0340,PATROL,0
372.836,0.0335,0.0340,PATROL,0
372.871,0.0342,0.0340,PATROL,0
372.904,0.0338,0.0340,PATROL,0
372.939,0.0343,0.0340,PATROL,0
372.972,0.0337,0.0340,PATROL,0
373.007,0.0342,0.0340,PATROL,0
373.040,0.0338,0.0340,PATROL,0
373.075,0.0344,0.0340,PATROL,0
373.108,0.0337,0.0340,PATROL,0
373.143,0.0342,0.0340,PATROL,0
373.176,0.0337,0.0340,PATROL,0
373.210,0.0340,0.0340,PATROL,0
373.245,0.0346,0.0340,PATROL,0
373.279,0.0341,0.0340,PATROL,0
373.313,0.0337,0.0340,PATROL,0
373.347,0.0339,0.0340,PATROL,0
373.381,0.0341,0.0340,PATROL,0
373.415,0.0338,0.0340,PATROL,0
373.449,0.0340,0.0340,PATROL,0
373.483,0.0340,0.0340,PATROL,0
373.517,0.0340,0.0340,PATROL,0
373.551,0.0340,0.0340,PATROL,0
373.585,0.0340,0.0340,PATROL,0
373.619,0.0342,0.0340,PATROL,0
373.653,0.0340,0.0340,PATROL,0
373.687,0.0339,0.0340,PATROL,0
373.721,0.0339,0.0340,PATROL,0
373.755,0.0339,0.0340,PATROL,0
373.789,0.0340,0.0340,PATROL,0
373.823,0.0345,0.0340,PATROL,0
373.857,0.0340,0.0340,PATROL,0
373.891,0.0342,0.0340,PATROL,0
373.925,0.0336,0.0340,PATROL,0
373.959,0.0342,0.0340,PATROL,0
373.993,0.0338,0.0340,PATROL,0
374.027,0.0341,0.0340,PATROL,0
374.061,0.0339,0.0340,PATROL,0
374.095,0.0342,0.0340,PATROL,0
374.129,0.0339,0.0340,PATROL,0
374.163,0.0343,0.0340,PATROL,0
374.197,0.0338,0.0340,PATROL,0
374.231,0.0342,0.0340,PATROL,0
374.265,0.0337,0.0340,PATROL,0
374.299,0.0341,0.0340,PATROL,0
374.333,0.0340,0.0340,PATROL,0
374.367,0.0341,0.0340,PATROL,0
374.401,0.0340,0.0340,PATROL,0
374.435,0.0340,0.0340,PATROL,0
374.469,0.0340,0.0340,PATROL,0
374.503,0.0340,0.0340,PATROL,0
374.537,0.0339,0.0340,PATROL,0
374.571,0.0339,0.0340,PATROL,0
374.605,0.0340,0.0340,PATROL,0
374.639,0.0341,0.0340,PATROL,0
374.673,0.0340,0.0340,PATROL,0
374.707,0.0341,0.0340,PATROL,0
374.741,0.0340,0.0340,PATROL,0
374.775,0.0340,0.0340,PATROL,0
374.809,0.0341,0.0340,PATROL,0
374.843,0.0340,0.0340,PATROL,0
374.877,0.0340,0.0340,PATROL,0
374.911,0.0339,0.0340,PATROL,0
374.945,0.0342,0.0340,PATROL,0
374.979,0.0340,0.0340,PATROL,0
375.013,0.0340,0.0340,PATROL,0
375.047,0.0339,0.0340,PATROL,0
375.081,0.0339,0.0340,PATROL,0
375.115,0.0340,0.0340,PATROL,0
375.149,0.0342,0.0340,PATROL,0
375.184,0.0341,0.0340,PATROL,0
375.217,0.0339,0.0340,PATROL,0
375.251,0.0340,0.0340,PATROL,0
375.286,0.0341,0.0340,PATROL,0
375.319,0.0339,0.0340,PATROL,0
375.353,0.0340,0.0340,PATROL,0
375.387,0.0339,0.0340,PATROL,0
375.422,0.0341,0.0340,PATROL,0
375.456,0.0342,0.0340,PATROL,0
375.489,0.0337,0.0340,PATROL,0
375.524,0.0342,0.0340,PATROL,0
375.558,0.0339,0.0340,PATROL,0
375.591,0.0340,0.0340,PATROL,0
375.625,0.0340,0.0340,PATROL,0
375.660,0.0341,0.0340,PATROL,0
375.694,0.0340,0.0340,PATROL,0
375.728,0.0341,0.0340,PATROL,0
375.762,0.0341,0.0340,PATROL,0
375.796,0.0340,0.0340,PATROL,0
375.830,0.0340,0.0340,PATROL,0
375.864,0.0339,0.0340,PATROL,0
375.898,0.0342,0.0340,PATROL,0
375.932,0.0338,0.0340,PATROL,0
375.966,0.0340,0.0340,PATROL,0
376.000,0.0343,0.0340,PATROL,0
376.034,0.0339,0.0340,PATROL,0
376.068,0.0343,0.0340,PATROL,0
376.102,0.0336,0.0340,PATROL,0
376.136,0.0342,0.0340,PATROL,0
376.170,0.0340,0.0340,PATROL,0
376.204,0.0340,0.0340,PATROL,0
376.238,0.0342,0.0340,PATROL,0
376.272,0.0338,0.0340,PATROL,0
376.306,0.0342,0.0340,PATROL,0
376.340,0.0340,0.0340,PATROL,0
376.374,0.0339,0.0340,PATROL,0
376.408,0.0340,0.0340,PATROL,0
376.442,0.0340,0.0340,PATROL,0
376.476,0.0341,0.0340,PATROL,0
376.510,0.0339,0.0340,PATROL,0
376.544,0.0340,0.0340,PATROL,0
376.578,0.0340,0.0340,PATROL,0
376.612,0.0342,0.0340,PATROL,0
376.646,0.0336,0.0340,PATROL,0
376.680,0.0342,0.0340,PATROL,0
376.714,0.0341,0.0340,PATROL,0
376.749,0.0344,0.0340,PATROL,0
376.782,0.0336,0.0340,PATROL,0
376.816,0.0339,0.0340,PATROL,0
376.850,0.0343,0.0340,PATROL,0
376.884,0.0341,0.0340,PATROL,0
376.918,0.0339,0.0340,PATROL,0
376.952,0.0341,0.0340,PATROL,0
376.986,0.0340,0.0340,PATROL,0
377.020,0.0338,0.0340,PATROL,0
377.054,0.0341,0.0340,PATROL,0
377.088,0.0340,0.0340,PATROL,0
377.122,0.0339,0.0340,PATROL,0
377.157,0.0344,0.0340,PATROL,0
377.191,0.0340,0.0340,PATROL,0
377.224,0.0338,0.0340,PATROL,0
377.258,0.0340,0.0340,PATROL,0
377.292,0.0339,0.0340,PATROL,0
377.327,0.0341,0.0340,PATROL,0
377.360,0.0340,0.0340,PATROL,0
377.394,0.0340,0.0340,PATROL,0
377.429,0.0342,0.0340,PATROL,0
377.462,0.0338,0.0340,PATROL,0
377.497,0.0342,0.0340,PATROL,0
377.531,0.0340,0.0340,PATROL,0
377.565,0.0340,0.0340,PATROL,0
377.599,0.0340,0.0340,PATROL,0
377.632,0.0339,0.0340,PATROL,0
377.667,0.0341,0.0340,PATROL,0
377.701,0.0340,0.0340,PATROL,0
377.735,0.0340,0.0340,PATROL,0
377.769,0.0340,0.0340,PATROL,0
377.803,0.0346,0.0340,PATROL,0
377.837,0.0337,0.0340,PATROL,0
377.871,0.0339,0.0340,PATROL,0
377.905,0.0341,0.0340,PATROL,0
377.939,0.0338,0.0340,PATROL,0
377.973,0.0341,0.0340,PATROL,0
378.007,0.0339,0.0340,PATROL,0
378.041,0.0341,0.0340,PATROL,0
378.075,0.0340,0.0340,PATROL,0
378.109,0.0339,0.0340,PATROL,0
378.143,0.0343,0.0340,PATROL,0
378.177,0.0339,0.0340,PATROL,0
378.211,0.0340,0.0340,PATROL,0
378.245,0.0338,0.0340,PATROL,0
378.279,0.0340,0.0340,PATROL,0
378.313,0.0340,0.0340,PATROL,0
378.347,0.0341,0.0340,PATROL,0
378.381,0.0340,0.0340,PATROL,0
378.415,0.0342,0.0340,PATROL,0
378.449,0.0340,0.0340,PATROL,0
378.483,0.0340,0.0340,PATROL,0
378.517,0.0340,0.0340,PATROL,0
378.551,0.0342,0.0340,PATROL,0
378.585,0.0339,0.0340,PATROL,0
378.619,0.0339,0.0340,PATROL,0
378.653,0.0341,0.0340,PATROL,0
378.687,0.0339,0.0340,PATROL,0
378.721,0.0341,0.0340,PATROL,0
378.755,0.0341,0.0340,PATROL,0
378.789,0.0339,0.0340,PATROL,0
378.823,0.0339,0.0340,PATROL,0
378.857,0.0340,0.0340,PATROL,0
378.891,0.0340,0.0340,PATROL,0
378.926,0.0346,0.0340,PATROL,0
378.959,0.0336,0.0340,PATROL,0
378.993,0.0338,0.0340,PATROL,0
379.027,0.0342,0.0340,PATROL,0
379.061,0.0340,0.0340,PATROL,0
379.095,0.0341,0.0340,PATROL,0
379.129,0.0338,0.0340,PATROL,0
379.163,0.0339,0.0340,PATROL,0
379.197,0.0340,0.0340,PATROL,0
379.231,0.0342,0.0340,PATROL,0
379.266,0.0346,0.0340,PATROL,0
379.299,0.0335,0.0340,PATROL,0
379.333,0.0340,0.0340,PATROL,0
379.367,0.0342,0.0340,PATROL,0
379.401,0.0340,0.0340,PATROL,0
379.436,0.0341,0.0340,PATROL,0
379.469,0.0339,0.0340,PATROL,0
379.504,0.0341,0.0340,PATROL,0
379.538,0.0340,0.0340,PATROL,0
379.572,0.0340,0.0340,PATROL,0
379.606,0.0340,0.0340,PATROL,0
379.640,0.0342,0.0340,PATROL,0
379.674,0.0339,0.0340,PATROL,0
379.708,0.0339,0.0340,PATROL,0
379.741,0.0338,0.0340,PATROL,0
379.775,0.0340,0.0340,PATROL,0
379.809,0.0341,0.0340,PATROL,0
379.844,0.0340,0.0340,PATROL,0
379.877,0.0339,0.0340,PATROL,0
379.912,0.0341,0.0340,PATROL,0
379.945,0.0339,0.0340,PATROL,0
379.980,0.0341,0.0340,PATROL,0
380.014,0.0342,0.0340,PATROL,0
380.048,0.0341,0.0340,PATROL,0
380.082,0.0340,0.0340,PATROL,0
380.116,0.0341,0.0340,PATROL,0
380.150,0.0336,0.0340,PATROL,0
380.184,0.0340,0.0340,PATROL,0
380.218,0.0341,0.0340,PATROL,0
380.252,0.0341,0.0340,PATROL,0
380.286,0.0339,0.0340,PATROL,0
380.320,0.0341,0.0340,PATROL,0
380.354,0.0341,0.0340,PATROL,0
380.388,0.0338,0.0340,PATROL,0
380.422,0.0339,0.0340,PATROL,0
380.456,0.0341,0.0340,PATROL,0
380.490,0.0340,0.0340,PATROL,0
380.524,0.0339,0.0340,PATROL,0
380.558,0.0339,0.0340,PATROL,0
380.592,0.0342,0.0340,PATROL,0
380.626,0.0339,0.0340,PATROL,0
380.660,0.0344,0.0340,PATROL,0
380.694,0.0337,0.0340,PATROL,0
380.728,0.0340,0.0340,PATROL,0
380.762,0.0339,0.0340,PATROL,0
380.796,0.0340,0.0340,PATROL,0
380.830,0.0342,0.0340,PATROL,0
380.864,0.0338,0.0340,PATROL,0
380.898,0.0343,0.0340,PATROL,0
380.932,0.0342,0.0340,PATROL,0
380.966,0.0339,0.0340,PATROL,0
381.000,0.0342,0.0340,PATROL,0
381.034,0.0336,0.0340,PATROL,0
381.068,0.0341,0.0340,PATROL,0
381.102,0.0340,0.0340,PATROL,0
381.136,0.0341,0.0340,PATROL,0
381.170,0.0340,0.0340,PATROL,0
381.204,0.0341,0.0340,PATROL,0
381.238,0.0338,0.0340,PATROL,0
381.272,0.0342,0.0340,PATROL,0
381.306,0.0339,0.0340,ALIGN,0
381.340,0.0338,0.0340,ALIGN,0
381.374,0.0340,0.0340,ALIGN,0
381.408,0.0344,0.0340,ALIGN,0
381.442,0.0338,0.0340,ALIGN,0
381.476,0.0341,0.0340,ALIGN,0
381.510,0.0339,0.0340,ALIGN,0
381.544,0.0340,0.0340,ALIGN,0
381.578,0.0341,0.0340,ALIGN,0
381.612,0.0339,0.0340,ALIGN,0
381.646,0.0341,0.0340,ALIGN,0
381.680,0.0343,0.0340,ALIGN,0
381.714,0.0337,0.0340,ALIGN,0
381.748,0.0342,0.0340,ALIGN,0
381.782,0.0339,0.0340,ALIGN,0
381.816,0.0340,0.0340,ALIGN,0
381.850,0.0340,0.0340,ALIGN,0
381.884,0.0341,0.0340,ALIGN,0
381.918,0.0339,0.0340,ALIGN,0
381.952,0.0339,0.0340,ALIGN,0
381.986,0.0341,0.0340,ALIGN,0
382.020,0.0342,0.0340,ALIGN,0
382.055,0.0342,0.0340,ALIGN,0
382.088,0.0337,0.0340,ALIGN,0
382.122,0.0341,0.0340,ALIGN,0
382.156,0.0340,0.0340,ALIGN,0
382.190,0.0340,0.0340,ALIGN,0
382.224,0.0339,0.0340,ALIGN,0
382.258,0.0341,0.0340,ALIGN,0
382.292,0.0339,0.0340,ALIGN,0
382.327,0.0344,0.0340,ALIGN,0
382.361,0.0341,0.0340,ALIGN,0
382.395,0.0342,0.0340,ALIGN,0
382.429,0.0340,0.0340,ALIGN,0
382.463,0.0338,0.0340,ALIGN,0
382.497,0.0340,0.0340,ALIGN,0
382.531,0.0339,0.0340,ALIGN,0
382.565,0.0339,0.0340,ALIGN,0
382.599,0.0340,0.0340,ALIGN,0
382.633,0.0340,0.0340,APPROACH,0
382.667,0.0342,0.0340,APPROACH,0
382.701,0.0338,0.0340,APPROACH,0
382.735,0.0340,0.0340,APPROACH,0
382.769,0.0341,0.0340,APPROACH,0
382.803,0.0341,0.0340,APPROACH,0
382.837,0.0339,0.0340,APPROACH,0
382.871,0.0343,0.0340,APPROACH,0
382.905,0.0337,0.0340,APPROACH,0
382.939,0.0340,0.0340,APPROACH,0
382.973,0.0341,0.0340,APPROACH,0
383.007,0.0340,0.0340,APPROACH,0
383.041,0.0341,0.0340,APPROACH,0
383.075,0.0341,0.0340,APPROACH,0
383.109,0.0341,0.0340,APPROACH,0
383.143,0.0339,0.0340,APPROACH,0
383.177,0.0339,0.0340,APPROACH,0
383.211,0.0339,0.0340,APPROACH,0
383.245,0.0340,0.0340,APPROACH,0
383.279,0.0342,0.0340,APPROACH,0
383.313,0.0339,0.0340,APPROACH,0
383.347,0.0341,0.0340,APPROACH,0
383.381,0.0339,0.0340,APPROACH,0
383.415,0.0346,0.0340,APPROACH,0
383.450,0.0341,0.0340,APPROACH,0
383.483,0.0337,0.0340,APPROACH,0
383.517,0.0341,0.0340,APPROACH,0
383.551,0.0338,0.0340,APPROACH,0
383.585,0.0338,0.0340,APPROACH,0
383.619,0.0343,0.0340,APPROACH,0
383.653,0.0338,0.0340,APPROACH,0
383.687,0.0341,0.0340,APPROACH,0
383.721,0.0338,0.0340,APPROACH,0
383.755,0.0340,0.0340,APPROACH,0
383.789,0.0342,0.0340,APPROACH,0
383.823,0.0343,0.0340,APPROACH,0
383.857,0.0338,0.0340,APPROACH,0
383.891,0.0343,0.0340,APPROACH,0
383.925,0.0336,0.0340,APPROACH,0
383.959,0.0341,0.0340,APPROACH,0
383.993,0.0340,0.0340,APPROACH,0
384.027,0.0341,0.0340,APPROACH,0
384.061,0.0339,0.0340,APPROACH,0
384.095,0.0339,0.0340,APPROACH,0
384.129,0.0342,0.0340,APPROACH,0
384.163,0.0341,0.0340,APPROACH,0
384.197,0.0337,0.0340,APPROACH,0
384.231,0.0343,0.0340,APPROACH,0
384.265,0.0337,0.0340,APPROACH,0
384.299,0.0340,0.0340,APPROACH,0
384.333,0.0342,0.0340,APPROACH,0
384.367,0.0339,0.0340,APPROACH,0
384.401,0.0339,0.0340,APPROACH,0
384.436,0.0343,0.0340,APPROACH,0
384.469,0.0339,0.0340,APPROACH,0
384.503,0.0341,0.0340,APPROACH,0
384.537,0.0339,0.0340,APPROACH,0
384.571,0.0341,0.0340,APPROACH,0
384.606,0.0342,0.0340,APPROACH,0
384.639,0.0338,0.0340,APPROACH,0
384.673,0.0340,0.0340,APPROACH,0
384.708,0.0342,0.0340,APPROACH,0
384.741,0.0337,0.0340,APPROACH,0
384.776,0.0342,0.0340,APPROACH,0
384.810,0.0341,0.0340,APPROACH,0
384.844,0.0343,0.0340,APPROACH,0
384.878,0.0340,0.0340,APPROACH,0
384.912,0.0340,0.0340,APPROACH,0
384.946,0.0338,0.0340,APPROACH,0
384.980,0.0343,0.0340,APPROACH,0
385.014,0.0341,0.0340,APPROACH,0
385.048,0.0342,0.0340,APPROACH,0
385.082,0.0339,0.0340,APPROACH,0
385.116,0.0339,0.0340,APPROACH,0
385.150,0.0338,0.0340,APPROACH,0
385.184,0.0338,0.0340,APPROACH,0
385.218,0.0343,0.0340,APPROACH,0
385.252,0.0338,0.0340,APPROACH,0
385.286,0.0338,0.0340,APPROACH,0
385.320,0.0342,0.0340,APPROACH,0
385.354,0.0337,0.0340,APPROACH,0
385.388,0.0341,0.0340,APPROACH,0
385.422,0.0344,0.0340,APPROACH,0
385.456,0.0338,0.0340,APPROACH,0
385.490,0.0338,0.0340,APPROACH,0
385.524,0.0341,0.0340,APPROACH,0
385.558,0.0340,0.0340,APPROACH,0
385.592,0.0340,0.0340,APPROACH,0
385.626,0.0342,0.0340,APPROACH,0
385.660,0.0339,0.0340,APPROACH,0
385.694,0.0339,0.0340,APPROACH,0
385.728,0.0340,0.0340,APPROACH,0
385.762,0.0341,0.0340,APPROACH,0
385.796,0.0340,0.0340,APPROACH,0
385.830,0.0340,0.0340,APPROACH,0
385.864,0.0339,0.0340,APPROACH,0
385.898,0.0342,0.0340,APPROACH,0
385.932,0.0341,0.0340,APPROACH,0
385.966,0.0340,0.0340,APPROACH,0
386.000,0.0338,0.0340,APPROACH,0
386.034,0.0342,0.0340,APPROACH,0
386.068,0.0340,0.0340,APPROACH,0
386.102,0.0340,0.0340,APPROACH,0
386.136,0.0340,0.0340,APPROACH,0
386.170,0.0342,0.0340,APPROACH,0
386.204,0.0341,0.0340,APPROACH,0
386.238,0.0338,0.0340,APPROACH,0
386.272,0.0341,0.0340,APPROACH,0
386.306,0.0340,0.0340,APPROACH,0
386.340,0.0340,0.0340,APPROACH,0
386.374,0.0340,0.0340,APPROACH,0
386.408,0.0341,0.0340,APPROACH,0
386.442,0.0339,0.0340,APPROACH,0
386.476,0.0339,0.0340,APPROACH,0
386.510,0.0339,0.0340,APPROACH,0
386.544,0.0343,0.0340,APPROACH,0
386.579,0.0343,0.0340,APPROACH,0
386.612,0.0337,0.0340,APPROACH,0
386.646,0.0340,0.0340,APPROACH,0
386.680,0.0338,0.0340,APPROACH,0
386.714,0.0342,0.0340,APPROACH,0
386.748,0.0340,0.0340,APPROACH,0
386.783,0.0342,0.0340,APPROACH,0
386.816,0.0338,0.0340,APPROACH,0
386.851,0.0342,0.0340,APPROACH,0
386.885,0.0341,0.0340,APPROACH,0
386.918,0.0337,0.0340,APPROACH,0
386.952,0.0341,0.0340,APPROACH,0
386.986,0.0340,0.0340,APPROACH,0
387.020,0.0340,0.0340,APPROACH,0
387.055,0.0341,0.0340,APPROACH,0
387.089,0.0341,0.0340,APPROACH,0
387.123,0.0339,0.0340,APPROACH,0
387.157,0.0339,0.0340,APPROACH,0
387.191,0.0342,0.0340,APPROACH,0
387.225,0.0340,0.0340,APPROACH,0
387.259,0.0339,0.0340,APPROACH,0
387.293,0.0340,0.0340,APPROACH,0
387.327,0.0344,0.0340,APPROACH,0
387.361,0.0338,0.0340,APPROACH,0
387.395,0.0340,0.0340,APPROACH,0
387.429,0.0339,0.0340,APPROACH,0
387.463,0.0340,0.0340,APPROACH,0
387.497,0.0340,0.0340,APPROACH,0
387.531,0.0340,0.0340,APPROACH,0
387.565,0.0341,0.0340,APPROACH,0
387.599,0.0339,0.0340,APPROACH,0
387.633,0.0340,0.0340,APPROACH,0
387.667,0.0344,0.0340,APPROACH,0
387.701,0.0337,0.0340,APPROACH,0
387.735,0.0340,0.0340,APPROACH,0
387.769,0.0339,0.0340,APPROACH,0
387.803,0.0342,0.0340,APPROACH,0
387.837,0.0339,0.0340,APPROACH,0
387.871,0.0342,0.0340,APPROACH,0
387.905,0.0338,0.0340,APPROACH,0
387.939,0.0341,0.0340,APPROACH,0
387.973,0.0340,0.0340,APPROACH,0
388.007,0.0340,0.0340,APPROACH,0
388.041,0.0340,0.0340,APPROACH,0
388.075,0.0341,0.0340,APPROACH,0
388.109,0.0342,0.0340,APPROACH,0
388.143,0.0338,0.0340,APPROACH,0
388.177,0.0339,0.0340,APPROACH,0
388.211,0.0341,0.0340,APPROACH,0
388.245,0.0339,0.0340,APPROACH,0
388.279,0.0340,0.0340,APPROACH,0
388.313,0.0341,0.0340,APPROACH,0
388.347,0.0340,0.0340,APPROACH,0
388.381,0.0340,0.0340,APPROACH,0
388.415,0.0341,0.0340,APPROACH,0
388.449,0.0341,0.0340,APPROACH,0
388.483,0.0339,0.0340,APPROACH,0
388.517,0.0340,0.0340,APPROACH,0
388.551,0.0339,0.0340,APPROACH,0
388.585,0.0340,0.0340,APPROACH,0
388.619,0.0340,0.0340,APPROACH,0
388.653,0.0341,0.0340,APPROACH,0
388.687,0.0339,0.0340,APPROACH,0
388.721,0.0340,0.0340,APPROACH,0
388.755,0.0340,0.0340,APPROACH,0
388.789,0.0341,0.0340,APPROACH,0
388.824,0.0343,0.0340,APPROACH,0
388.858,0.0340,0.0340,APPROACH,0
388.891,0.0338,0.0340,APPROACH,0
388.925,0.0340,0.0340,APPROACH,0
388.959,0.0340,0.0340,APPROACH,0
388.993,0.0340,0.0340,APPROACH,0
389.028,0.0343,0.0340,APPROACH,0
389.061,0.0338,0.0340,APPROACH,0
389.095,0.0340,0.0340,APPROACH,0
389.129,0.0339,0.0340,APPROACH,0
389.163,0.0341,0.0340,APPROACH,0
389.197,0.0340,0.0340,APPROACH,0
389.232,0.0340,0.0340,APPROACH,0
389.266,0.0343,0.0340,APPROACH,0
389.300,0.0340,0.0340,APPROACH,0
389.334,0.0337,0.0340,APPROACH,0
389.368,0.0340,0.0340,APPROACH,0
389.401,0.0338,0.0340,APPROACH,0
389.435,0.0340,0.0340,APPROACH,0
389.470,0.0340,0.0340,APPROACH,0
389.504,0.0340,0.0340,APPROACH,0
389.538,0.0341,0.0340,APPROACH,0
389.572,0.0342,0.0340,APPROACH,0
389.606,0.0338,0.0340,APPROACH,0
389.640,0.0341,0.0340,APPROACH,0
389.674,0.0340,0.0340,APPROACH,0
389.708,0.0340,0.0340,APPROACH,0
389.742,0.0340,0.0340,APPROACH,0
389.776,0.0339,0.0340,APPROACH,0
389.810,0.0342,0.0340,APPROACH,0
389.844,0.0340,0.0340,APPROACH,0
389.878,0.0339,0.0340,APPROACH,0
389.912,0.0339,0.0340,APPROACH,0
389.946,0.0342,0.0340,APPROACH,0
389.980,0.0338,0.0340,APPROACH,0
390.014,0.0344,0.0340,APPROACH,0
390.048,0.0338,0.0340,APPROACH,0
390.082,0.0339,0.0340,APPROACH,0
390.116,0.0342,0.0340,APPROACH,0
390.150,0.0337,0.0340,APPROACH,0
390.184,0.0342,0.0340,APPROACH,0
390.218,0.0338,0.0340,APPROACH,0
390.252,0.0342,0.0340,APPROACH,0
390.286,0.0339,0.0340,APPROACH,0
390.320,0.0344,0.0340,APPROACH,0
390.354,0.0335,0.0340,APPROACH,0
390.388,0.0341,0.0340,APPROACH,0
390.422,0.0339,0.0340,APPROACH,0
390.456,0.0342,0.0340,APPROACH,0
390.490,0.0341,0.0340,APPROACH,0
390.524,0.0339,0.0340,APPROACH,0
390.558,0.0339,0.0340,APPROACH,0
390.592,0.0341,0.0340,APPROACH,0
390.626,0.0341,0.0340,APPROACH,0
390.660,0.0340,0.0340,APPROACH,0
390.694,0.0339,0.0340,APPROACH,0
390.728,0.0342,0.0340,APPROACH,0
390.762,0.0338,0.0340,APPROACH,0
390.796,0.0341,0.0340,APPROACH,0
390.830,0.0340,0.0340,APPROACH,0
390.864,0.0342,0.0340,APPROACH,0
390.899,0.0342,0.0340,APPROACH,0
390.932,0.0337,0.0340,APPROACH,0
390.966,0.0340,0.0340,APPROACH,0
391.000,0.0340,0.0340,APPROACH,0
391.034,0.0340,0.0340,APPROACH,0
391.068,0.0342,0.0340,APPROACH,0
391.102,0.0340,0.0340,APPROACH,0
391.136,0.0338,0.0340,APPROACH,0
391.170,0.0341,0.0340,APPROACH,0
391.204,0.0340,0.0340,APPROACH,0
391.239,0.0343,0.0340,APPROACH,0
391.272,0.0338,0.0340,APPROACH,0
391.306,0.0341,0.0340,APPROACH,0
391.340,0.0339,0.0340,APPROACH,0
391.375,0.0343,0.0340,APPROACH,0
391.408,0.0338,0.0340,APPROACH,0
391.442,0.0340,0.0340,APPROACH,0
391.477,0.0342,0.0340,APPROACH,0
391.510,0.0339,0.0340,APPROACH,0
391.544,0.0339,0.0340,APPROACH,0
391.578,0.0341,0.0340,APPROACH,0
391.612,0.0341,0.0340,APPROACH,0
391.646,0.0340,0.0340,APPROACH,0
391.680,0.0340,0.0340,APPROACH,0
391.715,0.0341,0.0340,APPROACH,0
391.748,0.0339,0.0340,APPROACH,0
391.782,0.0340,0.0340,APPROACH,0
391.817,0.0342,0.0340,APPROACH,0
391.851,0.0343,0.0340,APPROACH,0
391.885,0.0339,0.0340,APPROACH,0
391.919,0.0339,0.0340,APPROACH,0
391.953,0.0339,0.0340,APPROACH,0
391.987,0.0340,0.0340,APPROACH,0
392.021,0.0341,0.0340,APPROACH,0
392.055,0.0339,0.0340,APPROACH,0
392.089,0.0342,0.0340,APPROACH,0
392.123,0.0338,0.0340,APPROACH,0
392.157,0.0341,0.0340,APPROACH,0
392.191,0.0341,0.0340,APPROACH,0
392.225,0.0339,0.0340,APPROACH,0
392.259,0.0341,0.0340,APPROACH,0
392.293,0.0341,0.0340,APPROACH,0
392.327,0.0338,0.0340,APPROACH,0
392.361,0.0339,0.0340,APPROACH,0
392.395,0.0342,0.0340,APPROACH,0
392.429,0.0339,0.0340,APPROACH,0
392.463,0.0340,0.0340,APPROACH,0
392.497,0.0340,0.0340,APPROACH,0
392.531,0.0342,0.0340,APPROACH,0
392.565,0.0341,0.0340,APPROACH,0
392.599,0.0340,0.0340,APPROACH,0
392.633,0.0340,0.0340,APPROACH,0
392.667,0.0339,0.0340,APPROACH,0
392.701,0.0340,0.0340,APPROACH,0
392.735,0.0341,0.0340,APPROACH,0
392.769,0.0342,0.0340,APPROACH,0
392.803,0.0338,0.0340,APPROACH,0
392.837,0.0340,0.0340,APPROACH,0
392.871,0.0341,0.0340,APPROACH,0
392.905,0.0343,0.0340,APPROACH,0
392.939,0.0338,0.0340,APPROACH,0
392.973,0.0339,0.0340,APPROACH,0
393.007,0.0341,0.0340,APPROACH,0
393.041,0.0341,0.0340,APPROACH,0
393.075,0.0341,0.0340,APPROACH,0
393.109,0.0338,0.0340,APPROACH,0
393.143,0.0340,0.0340,APPROACH,0
393.177,0.0341,0.0340,APPROACH,0
393.211,0.0339,0.0340,APPROACH,0
393.245,0.0341,0.0340,APPROACH,0
393.279,0.0340,0.0340,APPROACH,0
393.313,0.0339,0.0340,APPROACH,0
393.347,0.0342,0.0340,APPROACH,0
393.381,0.0340,0.0340,APPROACH,0
393.415,0.0340,0.0340,APPROACH,0
393.449,0.0340,0.0340,APPROACH,0
393.483,0.0342,0.0340,APPROACH,0
393.517,0.0337,0.0340,APPROACH,0
393.551,0.0342,0.0340,APPROACH,0
393.585,0.0339,0.0340,APPROACH,0
393.620,0.0347,0.0340,APPROACH,0
393.653,0.0334,0.0340,APPROACH,0
393.687,0.0339,0.0340,APPROACH,0
393.721,0.0340,0.0340,APPROACH,0
393.755,0.0343,0.0340,APPROACH,0
393.789,0.0337,0.0340,APPROACH,0
393.823,0.0340,0.0340,APPROACH,0
393.857,0.0342,0.0340,APPROACH,0
393.891,0.0340,0.0340,APPROACH,0
393.925,0.0338,0.0340,BLIND_DASH,0
393.960,0.0344,0.0340,BLIND_DASH,0
393.993,0.0335,0.0340,BLIND_DASH,0
394.027,0.0342,0.0340,BLIND_DASH,0
394.061,0.0339,0.0340,BLIND_DASH,0
394.095,0.0341,0.0340,BLIND_DASH,0
394.129,0.0341,0.0340,BLIND_DASH,0
394.164,0.0342,0.0340,BLIND_DASH,0
394.198,0.0340,0.0340,BLIND_DASH,0
394.232,0.0340,0.0340,BLIND_DASH,0
394.266,0.0339,0.0340,BLIND_DASH,0
394.300,0.0340,0.0340,BLIND_DASH,0
394.334,0.0340,0.0340,BLIND_DASH,0
394.368,0.0341,0.0340,BLIND_DASH,0
394.402,0.0340,0.0340,BLIND_DASH,0
394.436,0.0341,0.0340,BLIND_DASH,0
394.470,0.0338,0.0340,BLIND_DASH,0
394.504,0.0340,0.0340,BLIND_DASH,0
394.538,0.0341,0.0340,BLIND_DASH,0
394.572,0.0341,0.0340,BLIND_DASH,0
394.606,0.0338,0.0340,BLIND_DASH,0
394.640,0.0342,0.0340,BLIND_DASH,0
394.674,0.0338,0.0340,BLIND_DASH,0
394.708,0.0341,0.0340,BLIND_DASH,0
394.742,0.0339,0.0340,BLIND_DASH,0
394.776,0.0340,0.0340,BLIND_DASH,0
394.810,0.0341,0.0340,BLIND_DASH,0
394.844,0.0341,0.0340,BLIND_DASH,0
394.878,0.0338,0.0340,BLIND_DASH,0
394.912,0.0339,0.0340,BLIND_DASH,0
394.946,0.0340,0.0340,BLIND_DASH,0
394.980,0.0340,0.0340,BLIND_DASH,0
395.014,0.0341,0.0340,BLIND_DASH,0
395.048,0.0343,0.0340,BLIND_DASH,0
395.082,0.0338,0.0340,BLIND_DASH,0
395.116,0.0340,0.0340,BLIND_DASH,0
395.150,0.0340,0.0340,BLIND_DASH,0
395.184,0.0339,0.0340,BLIND_DASH,0
395.218,0.0342,0.0340,BLIND_DASH,0
395.252,0.0340,0.0340,BLIND_DASH,0
395.286,0.0339,0.0340,BLIND_DASH,0
395.320,0.0340,0.0340,PATROL,0
395.354,0.0340,0.0340,PATROL,0
395.388,0.0341,0.0340,PATROL,0
395.422,0.0340,0.0340,PATROL,0
395.456,0.0342,0.0340,PATROL,0
395.490,0.0338,0.0340,PATROL,0
395.524,0.0341,0.0340,PATROL,0
395.558,0.0340,0.0340,PATROL,0
395.592,0.0339,0.0340,PATROL,0
395.626,0.0341,0.0340,PATROL,0
395.660,0.0339,0.0340,PATROL,0
395.694,0.0340,0.0340,PATROL,0
395.728,0.0340,0.0340,PATROL,0
395.762,0.0340,0.0340,PATROL,0
395.796,0.0340,0.0340,PATROL,0
395.830,0.0340,0.0340,PATROL,0
395.864,0.0342,0.0340,PATROL,0
395.898,0.0340,0.0340,PATROL,0
395.932,0.0341,0.0340,PATROL,0
395.966,0.0338,0.0340,PATROL,0
396.000,0.0341,0.0340,PATROL,0
396.034,0.0339,0.0340,PATROL,0
396.068,0.0341,0.0340,PATROL,0
396.102,0.0341,0.0340,PATROL,0
396.136,0.0339,0.0340,PATROL,0
396.170,0.0339,0.0340,PATROL,0
396.205,0.0344,0.0340,PATROL,0
396.238,0.0338,0.0340,PATROL,0
396.272,0.0339,0.0340,PATROL,0
396.307,0.0343,0.0340,PATROL,0
396.340,0.0338,0.0340,PATROL,0
396.375,0.0340,0.0340,PATROL,0
396.408,0.0339,0.0340,PATROL,0
396.442,0.0340,0.0340,PATROL,0
396.477,0.0342,0.0340,PATROL,0
396.510,0.0339,0.0340,PATROL,0
396.545,0.0342,0.0340,PATROL,0
396.579,0.0344,0.0340,PATROL,0
396.613,0.0335,0.0340,PATROL,0
396.647,0.0340,0.0340,PATROL,0
396.681,0.0343,0.0340,PATROL,0
396.715,0.0341,0.0340,PATROL,0
396.749,0.0338,0.0340,PATROL,0
396.783,0.0339,0.0340,PATROL,0
396.817,0.0341,0.0340,PATROL,0
396.851,0.0339,0.0340,PATROL,0
396.885,0.0342,0.0340,PATROL,0
396.919,0.0339,0.0340,PATROL,0
396.953,0.0339,0.0340,PATROL,0
396.987,0.0340,0.0340,PATROL,0
397.021,0.0338,0.0340,PATROL,0
397.055,0.0341,0.0340,PATROL,0
397.089,0.0340,0.0340,PATROL,0
397.123,0.0341,0.0340,PATROL,0
397.157,0.0340,0.0340,PATROL,0
397.191,0.0342,0.0340,PATROL,0
397.225,0.0338,0.0340,PATROL,0
397.259,0.0342,0.0340,PATROL,0
397.293,0.0339,0.0340,PATROL,0
397.327,0.0341,0.0340,PATROL,0
397.361,0.0339,0.0340,PATROL,0
397.395,0.0343,0.0340,PATROL,0
397.429,0.0340,0.0340,PATROL,0
397.463,0.0337,0.0340,PATROL,0
397.497,0.0341,0.0340,PATROL,0
397.531,0.0340,0.0340,PATROL,0
397.565,0.0340,0.0340,PATROL,0
397.599,0.0342,0.0340,PATROL,0
397.633,0.0339,0.0340,PATROL,0
397.667,0.0340,0.0340,PATROL,0
397.701,0.0339,0.0340,PATROL,0
397.735,0.0342,0.0340,PATROL,0
397.769,0.0339,0.0340,PATROL,0
397.803,0.0340,0.0340,PATROL,0
397.837,0.0342,0.0340,PATROL,0
397.871,0.0339,0.0340,PATROL,0
397.905,0.0340,0.0340,PATROL,0
397.939,0.0341,0.0340,PATROL,0
397.973,0.0340,0.0340,PATROL,0
398.007,0.0339,0.0340,PATROL,0
398.041,0.0340,0.0340,PATROL,0
398.075,0.0340,0.0340,PATROL,0
398.109,0.0340,0.0340,PATROL,0
398.143,0.0341,0.0340,PATROL,0
398.177,0.0341,0.0340,PATROL,0
398.211,0.0339,0.0340,PATROL,0
398.245,0.0339,0.0340,PATROL,0
398.279,0.0341,0.0340,PATROL,0
398.313,0.0340,0.0340,PATROL,0
398.347,0.0340,0.0340,PATROL,0
398.381,0.0339,0.0340,PATROL,0
398.415,0.0342,0.0340,PATROL,0
398.449,0.0339,0.0340,PATROL,0
398.483,0.0341,0.0340,PATROL,0
398.517,0.0340,0.0340,PATROL,0
398.551,0.0338,0.0340,PATROL,0
398.585,0.0341,0.0340,PATROL,0
398.620,0.0343,0.0340,PATROL,0
398.653,0.0338,0.0340,PATROL,0
398.688,0.0344,0.0340,PATROL,0
398.721,0.0338,0.0340,PATROL,0
398.756,0.0340,0.0340,PATROL,0
398.790,0.0340,0.0340,PATROL,0
398.823,0.0339,0.0340,PATROL,0
398.857,0.0340,0.0340,PATROL,0
398.891,0.0340,0.0340,PATROL,0
398.925,0.0341,0.0340,PATROL,0
398.960,0.0340,0.0340,PATROL,0
398.994,0.0341,0.0340,PATROL,0
399.028,0.0340,0.0340,PATROL,0
399.062,0.0341,0.0340,PATROL,0
399.096,0.0339,0.0340,PATROL,0
399.130,0.0339,0.0340,PATROL,0
399.164,0.0341,0.0340,PATROL,0
399.198,0.0339,0.0340,PATROL,0
399.231,0.0339,0.0340,PATROL,0
399.266,0.0342,0.0340,PATROL,0
399.299,0.0339,0.0340,PATROL,0
399.334,0.0342,0.0340,PATROL,0
399.368,0.0339,0.0340,PATROL,0
399.402,0.0340,0.0340,PATROL,0
399.436,0.0341,0.0340,PATROL,0
399.470,0.0339,0.0340,PATROL,0
399.504,0.0340,0.0340,PATROL,0
399.538,0.0340,0.0340,PATROL,0
399.572,0.0342,0.0340,PATROL,0
399.606,0.0338,0.0340,PATROL,0
399.640,0.0343,0.0340,PATROL,0
399.674,0.0338,0.0340,PATROL,0
399.708,0.0341,0.0340,PATROL,0
399.742,0.0341,0.0340,PATROL,0
399.776,0.0341,0.0340,PATROL,0
399.810,0.0339,0.0340,PATROL,0
399.844,0.0342,0.0340,PATROL,0
399.878,0.0337,0.0340,PATROL,0
399.912,0.0341,0.0340,PATROL,0
399.946,0.0341,0.0340,PATROL,0
399.980,0.0338,0.0340,PATROL,0
400.014,0.0340,0.0340,PATROL,0
400.048,0.0343,0.0340,PATROL,0
400.082,0.0338,0.0340,PATROL,0
400.116,0.0340,0.0340,PATROL,0
400.150,0.0341,0.0340,PATROL,0
400.184,0.0341,0.0340,PATROL,0
400.218,0.0339,0.0340,PATROL,0
400.252,0.0341,0.0340,PATROL,0
400.286,0.0342,0.0340,PATROL,0
400.320,0.0338,0.0340,PATROL,0
400.354,0.0338,0.0340,PATROL,0
400.388,0.0341,0.0340,PATROL,0
400.422,0.0341,0.0340,PATROL,0
400.456,0.0338,0.0340,PATROL,0
400.490,0.0341,0.0340,PATROL,0
400.524,0.0339,0.0340,PATROL,0
400.558,0.0341,0.0340,PATROL,0
400.592,0.0342,0.0340,PATROL,0
400.626,0.0339,0.0340,PATROL,0
400.660,0.0340,0.0340,PATROL,0
400.694,0.0339,0.0340,PATROL,0
400.728,0.0341,0.0340,PATROL,0
400.762,0.0339,0.0340,PATROL,0
400.796,0.0342,0.0340,PATROL,0
400.831,0.0342,0.0340,PATROL,0
400.864,0.0338,0.0340,PATROL,0
400.899,0.0341,0.0340,PATROL,0
400.932,0.0338,0.0340,PATROL,0
400.966,0.0340,0.0340,PATROL,0
401.000,0.0340,0.0340,PATROL,0
401.034,0.0341,0.0340,PATROL,0
401.068,0.0339,0.0340,PATROL,0
401.102,0.0339,0.0340,PATROL,0
401.136,0.0341,0.0340,PATROL,0
401.170,0.0341,0.0340,PATROL,0
401.204,0.0338,0.0340,PATROL,0
401.238,0.0341,0.0340,PATROL,0
401.272,0.0341,0.0340,PATROL,0
401.306,0.0340,0.0340,PATROL,0
401.340,0.0340,0.0340,PATROL,0
401.374,0.0340,0.0340,PATROL,0
401.409,0.0341,0.0340,PATROL,0
401.442,0.0339,0.0340,PATROL,0
401.477,0.0341,0.0340,PATROL,0
401.511,0.0340,0.0340,PATROL,0
401.545,0.0339,0.0340,PATROL,0
401.579,0.0341,0.0340,PATROL,0
401.613,0.0339,0.0340,PATROL,0
401.647,0.0340,0.0340,PATROL,0
401.681,0.0339,0.0340,PATROL,0
401.715,0.0342,0.0340,PATROL,0
401.749,0.0339,0.0340,PATROL,0
401.783,0.0341,0.0340,PATROL,0
401.817,0.0342,0.0340,PATROL,0
401.851,0.0338,0.0340,PATROL,0
401.885,0.0341,0.0340,PATROL,0
401.919,0.0339,0.0340,PATROL,0
401.953,0.0343,0.0340,PATROL,0
401.987,0.0341,0.0340,PATROL,0
402.021,0.0339,0.0340,PATROL,0
402.055,0.0340,0.0340,PATROL,0
402.089,0.0339,0.0340,PATROL,0
402.123,0.0340,0.0340,PATROL,0
402.157,0.0339,0.0340,PATROL,0
402.191,0.0343,0.0340,PATROL,0
402.225,0.0337,0.0340,PATROL,0
402.259,0.0343,0.0340,PATROL,0
402.293,0.0337,0.0340,PATROL,0
402.327,0.0340,0.0340,PATROL,0
402.361,0.0341,0.0340,PATROL,0
402.395,0.0341,0.0340,PATROL,0
402.429,0.0340,0.0340,PATROL,0
402.463,0.0340,0.0340,PATROL,0
402.497,0.0339,0.0340,PATROL,0
402.531,0.0342,0.0340,PATROL,0
402.565,0.0339,0.0340,PATROL,0
402.599,0.0339,0.0340,PATROL,0
402.633,0.0342,0.0340,PATROL,0
402.667,0.0338,0.0340,PATROL,0
402.701,0.0340,0.0340,PATROL,0
402.735,0.0341,0.0340,PATROL,0
402.769,0.0340,0.0340,PATROL,0
402.803,0.0342,0.0340,PATROL,0
402.837,0.0340,0.0340,PATROL,0
402.871,0.0339,0.0340,PATROL,0
402.905,0.0341,0.0340,PATROL,0
402.939,0.0341,0.0340,PATROL,0
402.973,0.0340,0.0340,PATROL,0
403.007,0.0340,0.0340,PATROL,0
403.041,0.0339,0.0340,PATROL,0
403.075,0.0341,0.0340,PATROL,0
403.109,0.0340,0.0340,PATROL,0
403.143,0.0342,0.0340,PATROL,0
403.177,0.0339,0.0340,PATROL,0
403.211,0.0342,0.0340,PATROL,0
403.245,0.0340,0.0340,PATROL,0
403.279,0.0340,0.0340,PATROL,0
403.313,0.0341,0.0340,PATROL,0
403.347,0.0339,0.0340,PATROL,0
403.381,0.0339,0.0340,PATROL,0
403.415,0.0339,0.0340,PATROL,0
403.449,0.0341,0.0340,PATROL,0
403.483,0.0339,0.0340,PATROL,0
403.517,0.0341,0.0340,PATROL,0
403.551,0.0340,0.0340,PATROL,0
403.585,0.0340,0.0340,PATROL,0
403.619,0.0341,0.0340,PATROL,0
403.653,0.0338,0.0340,PATROL,0
403.687,0.0341,0.0340,PATROL,0
403.721,0.0342,0.0340,PATROL,0
403.756,0.0340,0.0340,PATROL,0
403.789,0.0340,0.0340,PATROL,0
403.824,0.0340,0.0340,PATROL,0
403.857,0.0339,0.0340,PATROL,0
403.891,0.0341,0.0340,PATROL,0
403.926,0.0341,0.0340,PATROL,0
403.959,0.0339,0.0340,PATROL,0
403.994,0.0341,0.0340,PATROL,0
404.028,0.0340,0.0340,PATROL,0
404.062,0.0343,0.0340,PATROL,0
404.095,0.0336,0.0340,PATROL,0
404.130,0.0342,0.0340,PATROL,0
404.164,0.0341,0.0340,PATROL,0
404.198,0.0338,0.0340,PATROL,0
404.232,0.0343,0.0340,PATROL,0
404.266,0.0338,0.0340,PATROL,0
404.299,0.0339,0.0340,PATROL,0
404.334,0.0344,0.0340,PATROL,0
404.368,0.0340,0.0340,PATROL,0
404.402,0.0337,0.0340,PATROL,0
404.436,0.0344,0.0340,PATROL,0
404.470,0.0336,0.0340,PATROL,0
404.504,0.0340,0.0340,PATROL,0
404.538,0.0340,0.0340,PATROL,0
404.572,0.0340,0.0340,PATROL,0
404.606,0.0342,0.0340,PATROL,0
404.640,0.0339,0.0340,PATROL,0
404.674,0.0341,0.0340,PATROL,0
404.708,0.0342,0.0340,PATROL,0
404.742,0.0339,0.0340,PATROL,0
404.776,0.0341,0.0340,PATROL,0
404.810,0.0342,0.0340,PATROL,0
404.844,0.0337,0.0340,PATROL,0
404.878,0.0339,0.0340,PATROL,0
404.912,0.0341,0.0340,PATROL,0
404.946,0.0339,0.0340,PATROL,0
404.980,0.0343,0.0340,PATROL,0
405.014,0.0340,0.0340,PATROL,0
405.048,0.0339,0.0340,PATROL,0
405.082,0.0340,0.0340,PATROL,0
405.116,0.0341,0.0340,PATROL,0
405.150,0.0337,0.0340,PATROL,0
405.184,0.0341,0.0340,PATROL,0
405.218,0.0341,0.0340,PATROL,0
405.252,0.0341,0.0340,PATROL,0
405.286,0.0339,0.0340,PATROL,0
405.320,0.0339,0.0340,PATROL,0
405.354,0.0340,0.0340,PATROL,0
405.388,0.0344,0.0340,PATROL,0
405.422,0.0338,0.0340,PATROL,0
405.456,0.0341,0.0340,PATROL,0
405.490,0.0342,0.0340,PATROL,0
405.524,0.0338,0.0340,PATROL,0
405.558,0.0342,0.0340,PATROL,0
405.592,0.0340,0.0340,PATROL,0
405.626,0.0338,0.0340,PATROL,0
405.660,0.0340,0.0340,PATROL,0
405.694,0.0340,0.0340,PATROL,0
405.728,0.0342,0.0340,PATROL,0
405.762,0.0342,0.0340,PATROL,0
405.796,0.0339,0.0340,PATROL,0
405.830,0.0341,0.0340,PATROL,0
405.864,0.0339,0.0340,PATROL,0
405.898,0.0342,0.0340,PATROL,0
405.932,0.0337,0.0340,PATROL,0
405.967,0.0347,0.0340,PATROL,0
406.000,0.0334,0.0340,PATROL,0
406.034,0.0339,0.0340,PATROL,0
406.068,0.0341,0.0340,PATROL,0
406.102,0.0341,0.0340,PATROL,0
406.136,0.0340,0.0340,PATROL,0
406.170,0.0340,0.0340,PATROL,0
406.204,0.0341,0.0340,PATROL,0
406.238,0.0339,0.0340,PATROL,0
406.272,0.0342,0.0340,PATROL,0
406.306,0.0339,0.0340,PATROL,0
406.340,0.0339,0.0340,PATROL,0
406.374,0.0341,0.0340,PATROL,0
406.408,0.0339,0.0340,PATROL,0
406.442,0.0340,0.0340,PATROL,0
406.476,0.0341,0.0340,PATROL,0
406.510,0.0340,0.0340,PATROL,0
406.545,0.0342,0.0340,PATROL,0
406.578,0.0340,0.0340,PATROL,0
406.612,0.0340,0.0340,PATROL,0
406.646,0.0340,0.0340,PATROL,0
406.681,0.0341,0.0340,PATROL,0
406.715,0.0341,0.0340,PATROL,0
406.749,0.0341,0.0340,PATROL,0
406.783,0.0341,0.0340,PATROL,0
406.817,0.0339,0.0340,PATROL,0
406.851,0.0341,0.0340,PATROL,0
406.885,0.0338,0.0340,PATROL,0
406.919,0.0341,0.0340,PATROL,0
406.953,0.0339,0.0340,PATROL,0
406.987,0.0343,0.0340,PATROL,0
407.021,0.0337,0.0340,PATROL,0
407.055,0.0341,0.0340,PATROL,0
407.089,0.0341,0.0340,PATROL,0
407.123,0.0341,0.0340,PATROL,0
407.157,0.0340,0.0340,PATROL,0
407.191,0.0340,0.0340,PATROL,0
407.225,0.0339,0.0340,PATROL,0
407.259,0.0341,0.0340,PATROL,0
407.293,0.0339,0.0340,PATROL,0
407.327,0.0341,0.0340,PATROL,0
407.361,0.0340,0.0340,PATROL,0
407.395,0.0341,0.0340,PATROL,0
407.429,0.0338,0.0340,PATROL,0
407.463,0.0340,0.0340,PATROL,0
407.497,0.0340,0.0340,PATROL,0
407.531,0.0341,0.0340,PATROL,0
407.565,0.0340,0.0340,PATROL,0
407.599,0.0341,0.0340,PATROL,0
407.633,0.0338,0.0340,PATROL,0
407.667,0.0344,0.0340,PATROL,0
407.701,0.0338,0.0340,PATROL,0
407.735,0.0340,0.0340,PATROL,0
407.769,0.0341,0.0340,PATROL,0
407.803,0.0338,0.0340,PATROL,0
407.837,0.0342,0.0340,PATROL,0
407.871,0.0340,0.0340,PATROL,0
407.905,0.0338,0.0340,PATROL,0
407.939,0.0341,0.0340,PATROL,0
407.973,0.0339,0.0340,PATROL,0
408.007,0.0340,0.0340,PATROL,0
408.041,0.0341,0.0340,PATROL,0
408.075,0.0341,0.0340,PATROL,0
408.109,0.0342,0.0340,PATROL,0
408.143,0.0340,0.0340,PATROL,0
408.178,0.0341,0.0340,PATROL,0
408.211,0.0337,0.0340,PATROL,0
408.245,0.0339,0.0340,PATROL,0
408.279,0.0341,0.0340,PATROL,0
408.313,0.0341,0.0340,PATROL,0
408.347,0.0338,0.0340,PATROL,0
408.381,0.0340,0.0340,PATROL,0
408.415,0.0340,0.0340,PATROL,0
408.449,0.0341,0.0340,PATROL,0
408.484,0.0343,0.0340,ALIGN,0
408.518,0.0342,0.0340,ALIGN,0
408.552,0.0339,0.0340,ALIGN,0
408.586,0.0339,0.0340,ALIGN,0
408.619,0.0339,0.0340,ALIGN,0
408.654,0.0341,0.0340,ALIGN,0
408.687,0.0338,0.0340,ALIGN,0
408.721,0.0341,0.0340,ALIGN,0
408.755,0.0339,0.0340,ALIGN,0
408.789,0.0340,0.0340,ALIGN,0
408.823,0.0341,0.0340,ALIGN,0
408.858,0.0342,0.0340,ALIGN,0
408.891,0.0339,0.0340,ALIGN,0
408.925,0.0339,0.0340,ALIGN,0
408.960,0.0341,0.0340,ALIGN,0
408.993,0.0339,0.0340,ALIGN,0
409.028,0.0342,0.0340,ALIGN,0
409.061,0.0338,0.0340,ALIGN,0
409.096,0.0341,0.0340,ALIGN,0
409.130,0.0340,0.0340,ALIGN,0
409.164,0.0340,0.0340,ALIGN,0
409.198,0.0340,0.0340,ALIGN,0
409.232,0.0339,0.0340,ALIGN,0
409.266,0.0342,0.0340,ALIGN,0
409.300,0.0341,0.0340,ALIGN,0
409.334,0.0339,0.0340,ALIGN,0
409.368,0.0338,0.0340,ALIGN,0
409.402,0.0341,0.0340,ALIGN,0
409.436,0.0341,0.0340,ALIGN,0
409.470,0.0339,0.0340,ALIGN,0
409.504,0.0341,0.0340,ALIGN,0
409.538,0.0339,0.0340,ALIGN,0
409.572,0.0341,0.0340,ALIGN,0
409.606,0.0339,0.0340,ALIGN,0
409.640,0.0341,0.0340,ALIGN,0
409.674,0.0342,0.0340,ALIGN,0
409.708,0.0337,0.0340,ALIGN,0
409.742,0.0341,0.0340,ALIGN,0
409.776,0.0341,0.0340,ALIGN,0
409.810,0.0342,0.0340,ALIGN,0
409.844,0.0339,0.0340,ALIGN,0
409.878,0.0339,0.0340,ALIGN,0
409.912,0.0339,0.0340,ALIGN,0
409.946,0.0339,0.0340,ALIGN,0
409.980,0.0341,0.0340,ALIGN,0
410.014,0.0341,0.0340,ALIGN,0
410.048,0.0341,0.0340,ALIGN,0
410.082,0.0340,0.0340,ALIGN,0
410.116,0.0341,0.0340,ALIGN,0
410.150,0.0340,0.0340,ALIGN,0
410.184,0.0341,0.0340,ALIGN,0
410.218,0.0340,0.0340,APPROACH,0
410.252,0.0341,0.0340,APPROACH,0
410.286,0.0339,0.0340,APPROACH,0
410.320,0.0341,0.0340,APPROACH,0
410.354,0.0340,0.0340,APPROACH,0
410.388,0.0340,0.0340,APPROACH,0
410.422,0.0339,0.0340,APPROACH,0
410.456,0.0340,0.0340,APPROACH,0
410.490,0.0341,0.0340,APPROACH,0
410.524,0.0340,0.0340,APPROACH,0
410.558,0.0339,0.0340,APPROACH,0
410.592,0.0341,0.0340,APPROACH,0
410.626,0.0343,0.0340,APPROACH,0
410.660,0.0337,0.0340,APPROACH,0
410.694,0.0339,0.0340,APPROACH,0
410.728,0.0341,0.0340,APPROACH,0
410.762,0.0339,0.0340,APPROACH,0
410.796,0.0342,0.0340,APPROACH,0
410.830,0.0340,0.0340,APPROACH,0
410.864,0.0340,0.0340,APPROACH,0
410.898,0.0341,0.0340,APPROACH,0
410.932,0.0340,0.0340,APPROACH,0
410.966,0.0340,0.0340,APPROACH,0
411.000,0.0342,0.0340,APPROACH,0
411.034,0.0339,0.0340,APPROACH,0
411.068,0.0339,0.0340,APPROACH,0
411.102,0.0340,0.0340,APPROACH,0
411.136,0.0339,0.0340,APPROACH,0
411.170,0.0340,0.0340,APPROACH,0
411.204,0.0340,0.0340,APPROACH,0
411.238,0.0342,0.0340,APPROACH,0
411.272,0.0339,0.0340,APPROACH,0
411.306,0.0340,0.0340,APPROACH,0
411.340,0.0341,0.0340,APPROACH,0
411.375,0.0341,0.0340,APPROACH,0
411.408,0.0337,0.0340,APPROACH,0
411.443,0.0343,0.0340,APPROACH,0
411.476,0.0337,0.0340,APPROACH,0
411.510,0.0341,0.0340,APPROACH,0
411.545,0.0342,0.0340,APPROACH,0
411.578,0.0338,0.0340,APPROACH,0
411.613,0.0341,0.0340,APPROACH,0
411.646,0.0339,0.0340,APPROACH,0
411.680,0.0341,0.0340,APPROACH,0
411.715,0.0341,0.0340,APPROACH,0
411.749,0.0342,0.0340,APPROACH,0
411.783,0.0340,0.0340,APPROACH,0
411.817,0.0339,0.0340,APPROACH,0
411.851,0.0340,0.0340,APPROACH,0
411.885,0.0341,0.0340,APPROACH,0
411.919,0.0340,0.0340,APPROACH,0
411.953,0.0339,0.0340,APPROACH,0
411.987,0.0347,0.0340,APPROACH,0
412.021,0.0334,0.0340,APPROACH,0
412.055,0.0339,0.0340,APPROACH,0
412.089,0.0339,0.0340,APPROACH,0
412.123,0.0342,0.0340,APPROACH,0
412.157,0.0340,0.0340,APPROACH,0
412.191,0.0339,0.0340,APPROACH,0
412.225,0.0340,0.0340,APPROACH,0
412.259,0.0343,0.0340,APPROACH,0
412.293,0.0339,0.0340,APPROACH,0
412.327,0.0340,0.0340,APPROACH,0
412.361,0.0341,0.0340,APPROACH,0
412.395,0.0340,0.0340,APPROACH,0
412.429,0.0343,0.0340,APPROACH,0
412.463,0.0337,0.0340,APPROACH,0
412.497,0.0342,0.0340,APPROACH,0
412.531,0.0340,0.0340,APPROACH,0
412.565,0.0339,0.0340,APPROACH,0
412.599,0.0339,0.0340,APPROACH,0
412.633,0.0339,0.0340,APPROACH,0
412.667,0.0340,0.0340,APPROACH,0
412.701,0.0341,0.0340,APPROACH,0
412.735,0.0341,0.0340,APPROACH,0
412.769,0.0339,0.0340,APPROACH,0
412.803,0.0342,0.0340,APPROACH,0
412.837,0.0338,0.0340,APPROACH,0
412.871,0.0342,0.0340,APPROACH,0
412.905,0.0342,0.0340,APPROACH,0
412.939,0.0339,0.0340,APPROACH,0
412.973,0.0340,0.0340,APPROACH,0
413.007,0.0339,0.0340,APPROACH,0
413.041,0.0340,0.0340,APPROACH,0
413.075,0.0341,0.0340,APPROACH,0
413.109,0.0339,0.0340,APPROACH,0
413.143,0.0344,0.0340,APPROACH,0
413.177,0.0338,0.0340,APPROACH,0
413.211,0.0340,0.0340,APPROACH,0
413.245,0.0342,0.0340,APPROACH,0
413.279,0.0338,0.0340,APPROACH,0
413.313,0.0341,0.0340,APPROACH,0
413.348,0.0345,0.0340,APPROACH,0
413.381,0.0335,0.0340,APPROACH,0
413.415,0.0339,0.0340,APPROACH,0
413.449,0.0340,0.0340,APPROACH,0
413.483,0.0340,0.0340,APPROACH,0
413.517,0.0342,0.0340,APPROACH,0
413.551,0.0338,0.0340,APPROACH,0
413.585,0.0339,0.0340,APPROACH,0
413.619,0.0341,0.0340,APPROACH,0
413.653,0.0340,0.0340,APPROACH,0
413.688,0.0348,0.0340,APPROACH,0
413.722,0.0339,0.0340,APPROACH,0
413.756,0.0339,0.0340,APPROACH,0
413.790,0.0339,0.0340,APPROACH,0
413.824,0.0340,0.0340,APPROACH,0
413.857,0.0338,0.0340,APPROACH,0
413.892,0.0343,0.0340,APPROACH,0
413.925,0.0336,0.0340,APPROACH,0
413.960,0.0344,0.0340,APPROACH,0
413.994,0.0339,0.0340,APPROACH,0
414.028,0.0339,0.0340,APPROACH,0
414.062,0.0341,0.0340,APPROACH,0
414.096,0.0339,0.0340,APPROACH,0
414.129,0.0338,0.0340,APPROACH,0
414.164,0.0340,0.0340,APPROACH,0
414.198,0.0340,0.0340,APPROACH,0
414.232,0.0341,0.0340,APPROACH,0
414.266,0.0341,0.0340,APPROACH,0
414.299,0.0337,0.0340,APPROACH,0
414.333,0.0340,0.0340,APPROACH,0
414.367,0.0340,0.0340,APPROACH,0
414.402,0.0342,0.0340,APPROACH,0
414.436,0.0340,0.0340,APPROACH,0
414.470,0.0339,0.0340,APPROACH,0
414.504,0.0340,0.0340,APPROACH,0
414.538,0.0340,0.0340,APPROACH,0
414.572,0.0341,0.0340,APPROACH,0
414.606,0.0340,0.0340,APPROACH,0
414.640,0.0340,0.0340,APPROACH,0
414.674,0.0343,0.0340,APPROACH,0
414.708,0.0338,0.0340,APPROACH,0
414.742,0.0338,0.0340,APPROACH,0
414.776,0.0342,0.0340,APPROACH,0
414.810,0.0340,0.0340,APPROACH,0
414.844,0.0339,0.0340,APPROACH,0
414.878,0.0340,0.0340,APPROACH,0
414.912,0.0339,0.0340,APPROACH,0
414.946,0.0342,0.0340,APPROACH,0
414.980,0.0342,0.0340,APPROACH,0
415.014,0.0337,0.0340,APPROACH,0
415.048,0.0342,0.0340,APPROACH,0
415.082,0.0339,0.0340,APPROACH,0
415.116,0.0341,0.0340,APPROACH,0
415.150,0.0340,0.0340,APPROACH,0
415.184,0.0340,0.0340,APPROACH,0
415.218,0.0341,0.0340,APPROACH,0
415.252,0.0342,0.0340,APPROACH,0
415.286,0.0337,0.0340,APPROACH,0
415.320,0.0341,0.0340,APPROACH,0
415.354,0.0342,0.0340,APPROACH,0
415.388,0.0338,0.0340,APPROACH,0
415.422,0.0340,0.0340,APPROACH,0
415.456,0.0343,0.0340,APPROACH,0
415.490,0.0340,0.0340,APPROACH,0
415.524,0.0339,0.0340,APPROACH,0
415.558,0.0340,0.0340,APPROACH,0
415.592,0.0339,0.0340,APPROACH,0
415.626,0.0342,0.0340,APPROACH,0
415.660,0.0340,0.0340,APPROACH,0
415.695,0.0344,0.0340,APPROACH,0
415.728,0.0337,0.0340,APPROACH,0
415.762,0.0340,0.0340,APPROACH,0
415.796,0.0341,0.0340,APPROACH,0
415.830,0.0339,0.0340,APPROACH,0
415.864,0.0339,0.0340,APPROACH,0
415.898,0.0340,0.0340,APPROACH,0
415.932,0.0343,0.0340,APPROACH,0
415.966,0.0338,0.0340,APPROACH,0
416.000,0.0340,0.0340,APPROACH,0
416.034,0.0340,0.0340,APPROACH,0
416.069,0.0350,0.0340,APPROACH,0
416.103,0.0338,0.0340,APPROACH,0
416.137,0.0336,0.0340,APPROACH,0
416.170,0.0339,0.0340,APPROACH,0
416.204,0.0339,0.0340,APPROACH,0
416.238,0.0341,0.0340,APPROACH,0
416.272,0.0339,0.0340,APPROACH,0
416.307,0.0344,0.0340,APPROACH,0
416.341,0.0338,0.0340,APPROACH,0
416.374,0.0338,0.0340,APPROACH,0
416.408,0.0339,0.0340,APPROACH,0
416.442,0.0342,0.0340,APPROACH,0
416.476,0.0339,0.0340,APPROACH,0
416.510,0.0341,0.0340,APPROACH,0
416.545,0.0341,0.0340,APPROACH,0
416.579,0.0341,0.0340,APPROACH,0
416.612,0.0337,0.0340,APPROACH,0
416.647,0.0342,0.0340,APPROACH,0
416.681,0.0340,0.0340,APPROACH,0
416.715,0.0340,0.0340,APPROACH,0
416.749,0.0339,0.0340,APPROACH,0
416.783,0.0341,0.0340,APPROACH,0
416.817,0.0341,0.0340,APPROACH,0
416.851,0.0340,0.0340,APPROACH,0
416.885,0.0340,0.0340,APPROACH,0
416.919,0.0339,0.0340,APPROACH,0
416.953,0.0340,0.0340,APPROACH,0
416.987,0.0341,0.0340,APPROACH,0
417.021,0.0340,0.0340,APPROACH,0
417.055,0.0340,0.0340,APPROACH,0
417.089,0.0339,0.0340,APPROACH,0
417.123,0.0342,0.0340,APPROACH,0
417.157,0.0338,0.0340,APPROACH,0
417.191,0.0340,0.0340,APPROACH,0
417.225,0.0340,0.0340,APPROACH,0
417.259,0.0341,0.0340,APPROACH,0
417.293,0.0340,0.0340,APPROACH,0
417.327,0.0340,0.0340,APPROACH,0
417.361,0.0341,0.0340,APPROACH,0
417.395,0.0340,0.0340,APPROACH,0
417.429,0.0339,0.0340,APPROACH,0
417.463,0.0342,0.0340,APPROACH,0
417.497,0.0340,0.0340,APPROACH,0
417.531,0.0340,0.0340,APPROACH,0
417.565,0.0340,0.0340,APPROACH,0
417.599,0.0338,0.0340,APPROACH,0
417.633,0.0341,0.0340,APPROACH,0
417.667,0.0343,0.0340,APPROACH,0
417.701,0.0337,0.0340,APPROACH,0
417.735,0.0340,0.0340,APPROACH,0
417.769,0.0339,0.0340,APPROACH,0
417.803,0.0342,0.0340,APPROACH,0
417.837,0.0340,0.0340,APPROACH,0
417.871,0.0340,0.0340,APPROACH,0
417.905,0.0339,0.0340,APPROACH,0
417.939,0.0342,0.0340,APPROACH,0
417.973,0.0339,0.0340,APPROACH,0
418.007,0.0339,0.0340,APPROACH,0
418.041,0.0340,0.0340,APPROACH,0
418.075,0.0341,0.0340,APPROACH,0
418.109,0.0339,0.0340,APPROACH,0
418.143,0.0341,0.0340,APPROACH,0
418.177,0.0340,0.0340,APPROACH,0
418.211,0.0339,0.0340,APPROACH,0
418.245,0.0342,0.0340,APPROACH,0
418.279,0.0338,0.0340,APPROACH,0
418.313,0.0342,0.0340,APPROACH,0
418.347,0.0340,0.0340,APPROACH,0
418.382,0.0343,0.0340,APPROACH,0
418.415,0.0336,0.0340,APPROACH,0
418.449,0.0342,0.0340,APPROACH,0
418.483,0.0341,0.0340,APPROACH,0
418.517,0.0340,0.0340,APPROACH,0
418.552,0.0344,0.0340,APPROACH,0
418.585,0.0336,0.0340,APPROACH,0
418.619,0.0340,0.0340,APPROACH,0
418.653,0.0340,0.0340,APPROACH,0
418.687,0.0340,0.0340,APPROACH,0
418.722,0.0341,0.0340,APPROACH,0
418.755,0.0338,0.0340,APPROACH,0
418.789,0.0339,0.0340,APPROACH,0
418.823,0.0341,0.0340,APPROACH,0
418.857,0.0340,0.0340,APPROACH,0
418.891,0.0340,0.0340,APPROACH,0
418.925,0.0340,0.0340,APPROACH,0
418.959,0.0340,0.0340,APPROACH,0
418.994,0.0341,0.0340,APPROACH,0
419.028,0.0340,0.0340,APPROACH,0
419.061,0.0339,0.0340,APPROACH,0
419.095,0.0340,0.0340,APPROACH,0
419.129,0.0340,0.0340,APPROACH,0
419.163,0.0340,0.0340,APPROACH,0
419.197,0.0341,0.0340,APPROACH,0
419.231,0.0340,0.0340,APPROACH,0
419.266,0.0341,0.0340,APPROACH,0
419.300,0.0341,0.0340,APPROACH,0
419.334,0.0339,0.0340,APPROACH,0
419.368,0.0341,0.0340,APPROACH,0
419.402,0.0339,0.0340,APPROACH,0
419.436,0.0340,0.0340,APPROACH,0
419.470,0.0340,0.0340,APPROACH,0
419.504,0.0340,0.0340,APPROACH,0
419.538,0.0342,0.0340,APPROACH,0
419.572,0.0339,0.0340,APPROACH,0
419.606,0.0340,0.0340,APPROACH,0
419.640,0.0341,0.0340,APPROACH,0
419.674,0.0339,0.0340,APPROACH,0
419.708,0.0342,0.0340,APPROACH,0
419.742,0.0338,0.0340,APPROACH,0
419.776,0.0342,0.0340,APPROACH,0
419.810,0.0341,0.0340,APPROACH,0
419.844,0.0344,0.0340,APPROACH,0
419.878,0.0334,0.0340,APPROACH,0
419.912,0.0341,0.0340,APPROACH,0
419.946,0.0341,0.0340,APPROACH,0
419.980,0.0339,0.0340,APPROACH,0
420.014,0.0341,0.0340,APPROACH,0
420.048,0.0341,0.0340,APPROACH,0
420.082,0.0343,0.0340,APPROACH,0
420.116,0.0337,0.0340,APPROACH,0
420.150,0.0343,0.0340,APPROACH,0
420.184,0.0336,0.0340,APPROACH,0
420.218,0.0345,0.0340,APPROACH,0
420.252,0.0339,0.0340,APPROACH,0
420.286,0.0339,0.0340,APPROACH,0
420.320,0.0339,0.0340,APPROACH,0
420.354,0.0340,0.0340,APPROACH,0
420.388,0.0342,0.0340,APPROACH,0
420.422,0.0340,0.0340,APPROACH,0
420.456,0.0340,0.0340,APPROACH,0
420.490,0.0340,0.0340,APPROACH,0
420.524,0.0341,0.0340,APPROACH,0
420.558,0.0339,0.0340,APPROACH,0
420.592,0.0339,0.0340,APPROACH,0
420.626,0.0341,0.0340,APPROACH,0
420.660,0.0340,0.0340,APPROACH,0
420.694,0.0339,0.0340,APPROACH,0
420.728,0.0341,0.0340,APPROACH,0
420.762,0.0340,0.0340,APPROACH,0
420.796,0.0340,0.0340,APPROACH,0
420.830,0.0340,0.0340,APPROACH,0
420.864,0.0341,0.0340,APPROACH,0
420.898,0.0342,0.0340,APPROACH,0
420.932,0.0339,0.0340,APPROACH,0
420.966,0.0340,0.0340,APPROACH,0
421.000,0.0340,0.0340,APPROACH,0
421.034,0.0340,0.0340,APPROACH,0
421.068,0.0341,0.0340,APPROACH,0
421.102,0.0338,0.0340,APPROACH,0
421.136,0.0342,0.0340,APPROACH,0
421.170,0.0341,0.0340,APPROACH,0
421.204,0.0339,0.0340,APPROACH,0
421.238,0.0339,0.0340,APPROACH,0
421.272,0.0340,0.0340,APPROACH,0
421.306,0.0340,0.0340,APPROACH,0
421.340,0.0341,0.0340,BLIND_DASH,0
421.374,0.0341,0.0340,BLIND_DASH,0
421.408,0.0338,0.0340,BLIND_DASH,0
421.442,0.0342,0.0340,BLIND_DASH,0
421.477,0.0341,0.0340,BLIND_DASH,0
421.510,0.0339,0.0340,BLIND_DASH,0
421.544,0.0338,0.0340,BLIND_DASH,0
421.579,0.0343,0.0340,BLIND_DASH,0
421.612,0.0339,0.0340,BLIND_DASH,0
421.646,0.0339,0.0340,BLIND_DASH,0
421.681,0.0342,0.0340,BLIND_DASH,0
421.714,0.0340,0.0340,BLIND_DASH,0
421.749,0.0340,0.0340,BLIND_DASH,0
421.783,0.0342,0.0340,BLIND_DASH,0
421.816,0.0337,0.0340,BLIND_DASH,0
421.851,0.0341,0.0340,BLIND_DASH,0
421.885,0.0340,0.0340,BLIND_DASH,0
421.919,0.0340,0.0340,BLIND_DASH,0
421.953,0.0339,0.0340,BLIND_DASH,0
421.987,0.0340,0.0340,BLIND_DASH,0
422.021,0.0340,0.0340,BLIND_DASH,0
422.055,0.0343,0.0340,BLIND_DASH,0
422.089,0.0341,0.0340,BLIND_DASH,0
422.123,0.0338,0.0340,BLIND_DASH,0
422.157,0.0341,0.0340,BLIND_DASH,0
422.191,0.0339,0.0340,BLIND_DASH,0
422.225,0.0338,0.0340,BLIND_DASH,0
422.259,0.0341,0.0340,BLIND_DASH,0
422.293,0.0339,0.0340,BLIND_DASH,0
422.327,0.0340,0.0340,PATROL,0
422.361,0.0340,0.0340,PATROL,0
422.395,0.0340,0.0340,PATROL,0
422.429,0.0341,0.0340,PATROL,0
422.463,0.0341,0.0340,PATROL,0
422.497,0.0338,0.0340,PATROL,0
422.531,0.0342,0.0340,PATROL,0
422.565,0.0339,0.0340,PATROL,0
422.599,0.0340,0.0340,PATROL,0
422.633,0.0343,0.0340,PATROL,0
422.667,0.0339,0.0340,PATROL,0
422.701,0.0340,0.0340,PATROL,0
422.735,0.0339,0.0340,PATROL,0
422.769,0.0341,0.0340,PATROL,0
422.803,0.0341,0.0340,PATROL,0
422.837,0.0338,0.0340,PATROL,0
422.871,0.0342,0.0340,PATROL,0
422.905,0.0341,0.0340,PATROL,0
422.939,0.0339,0.0340,PATROL,0
422.973,0.0341,0.0340,PATROL,0
423.007,0.0340,0.0340,PATROL,0
423.041,0.0339,0.0340,PATROL,0
423.075,0.0345,0.0340,PATROL,0
423.109,0.0337,0.0340,PATROL,0
423.143,0.0339,0.0340,PATROL,0
423.177,0.0338,0.0340,PATROL,0
423.211,0.0340,0.0340,PATROL,0
423.245,0.0340,0.0340,PATROL,0
423.279,0.0340,0.0340,PATROL,0
423.313,0.0340,0.0340,PATROL,0
423.347,0.0343,0.0340,PATROL,0
423.381,0.0337,0.0340,PATROL,0
423.415,0.0341,0.0340,PATROL,0
423.449,0.0339,0.0340,PATROL,0
423.483,0.0343,0.0340,PATROL,0
423.517,0.0337,0.0340,PATROL,0
423.551,0.0341,0.0340,PATROL,0
423.585,0.0340,0.0340,PATROL,0
423.619,0.0344,0.0340,PATROL,0
423.653,0.0339,0.0340,PATROL,0
423.687,0.0338,0.0340,PATROL,0
423.721,0.0339,0.0340,PATROL,0
423.755,0.0340,0.0340,PATROL,0
423.789,0.0341,0.0340,PATROL,0
423.823,0.0339,0.0340,PATROL,0
423.857,0.0342,0.0340,PATROL,0
423.891,0.0341,0.0340,PATROL,0
423.925,0.0337,0.0340,PATROL,0
423.959,0.0341,0.0340,PATROL,0
423.993,0.0341,0.0340,PATROL,0
424.027,0.0340,0.0340,PATROL,0
424.061,0.0341,0.0340,PATROL,0
424.095,0.0340,0.0340,PATROL,0
424.129,0.0341,0.0340,PATROL,0
424.163,0.0339,0.0340,PATROL,0
424.197,0.0341,0.0340,PATROL,0
424.231,0.0339,0.0340,PATROL,0
424.266,0.0341,0.0340,PATROL,0
424.300,0.0340,0.0340,PATROL,0
424.334,0.0340,0.0340,PATROL,0
424.368,0.0341,0.0340,PATROL,0
424.402,0.0339,0.0340,PATROL,0
424.436,0.0340,0.0340,PATROL,0
424.470,0.0340,0.0340,PATROL,0
424.503,0.0339,0.0340,PATROL,0
424.537,0.0340,0.0340,PATROL,0
424.572,0.0341,0.0340,PATROL,0
424.606,0.0340,0.0340,PATROL,0
424.640,0.0341,0.0340,PATROL,0
424.674,0.0340,0.0340,PATROL,0
424.708,0.0341,0.0340,PATROL,0
424.741,0.0338,0.0340,PATROL,0
424.776,0.0342,0.0340,PATROL,0
424.810,0.0343,0.0340,PATROL,0
424.844,0.0339,0.0340,PATROL,0
424.878,0.0339,0.0340,PATROL,0
424.912,0.0340,0.0340,PATROL,0
424.946,0.0339,0.0340,PATROL,0
424.980,0.0344,0.0340,PATROL,0
425.014,0.0336,0.0340,PATROL,0
425.048,0.0342,0.0340,PATROL,0
425.082,0.0341,0.0340,PATROL,0
425.116,0.0337,0.0340,PATROL,0
425.150,0.0342,0.0340,PATROL,0
425.184,0.0340,0.0340,PATROL,0
425.218,0.0341,0.0340,PATROL,0
425.252,0.0340,0.0340,PATROL,0
425.286,0.0339,0.0340,PATROL,0
425.320,0.0340,0.0340,PATROL,0
425.354,0.0340,0.0340,PATROL,0
425.388,0.0339,0.0340,PATROL,0
425.422,0.0342,0.0340,PATROL,0
425.456,0.0339,0.0340,PATROL,0
425.490,0.0340,0.0340,PATROL,0
425.524,0.0339,0.0340,PATROL,0
425.558,0.0339,0.0340,PATROL,0
425.592,0.0341,0.0340,PATROL,0
425.626,0.0340,0.0340,PATROL,0
425.660,0.0342,0.0340,PATROL,0
425.694,0.0340,0.0340,PATROL,0
425.728,0.0341,0.0340,PATROL,0
425.762,0.0341,0.0340,PATROL,0
425.796,0.0339,0.0340,PATROL,0
425.830,0.0340,0.0340,PATROL,0
425.864,0.0339,0.0340,PATROL,0
425.898,0.0341,0.0340,PATROL,0
425.932,0.0340,0.0340,PATROL,0
425.966,0.0341,0.0340,PATROL,0
426.000,0.0339,0.0340,PATROL,0
426.034,0.0342,0.0340,PATROL,0
426.068,0.0338,0.0340,PATROL,0
426.102,0.0340,0.0340,PATROL,0
426.136,0.0340,0.0340,PATROL,0
426.170,0.0340,0.0340,PATROL,0
426.204,0.0341,0.0340,PATROL,0
426.238,0.0339,0.0340,PATROL,0
426.272,0.0342,0.0340,PATROL,0
426.306,0.0339,0.0340,PATROL,0
426.341,0.0343,0.0340,PATROL,0
426.374,0.0337,0.0340,PATROL,0
426.408,0.0339,0.0340,PATROL,0
426.442,0.0339,0.0340,PATROL,0
426.476,0.0340,0.0340,PATROL,0
426.510,0.0340,0.0340,PATROL,0
426.544,0.0340,0.0340,PATROL,0
426.578,0.0340,0.0340,PATROL,0
426.612,0.0341,0.0340,PATROL,0
426.646,0.0340,0.0340,PATROL,0
426.680,0.0340,0.0340,PATROL,0
426.714,0.0338,0.0340,PATROL,0
426.748,0.0340,0.0340,PATROL,0
426.782,0.0340,0.0340,PATROL,0
426.817,0.0344,0.0340,PATROL,0
426.850,0.0338,0.0340,PATROL,0
426.885,0.0341,0.0340,PATROL,0
426.918,0.0340,0.0340,PATROL,0
426.952,0.0340,0.0340,PATROL,0
426.987,0.0343,0.0340,PATROL,0
427.021,0.0340,0.0340,PATROL,0
427.055,0.0338,0.0340,PATROL,0
427.089,0.0340,0.0340,PATROL,0
427.123,0.0341,0.0340,PATROL,0
427.157,0.0339,0.0340,PATROL,0
427.191,0.0341,0.0340,PATROL,0
427.225,0.0341,0.0340,PATROL,0
427.259,0.0338,0.0340,PATROL,0
427.293,0.0341,0.0340,PATROL,0
427.327,0.0340,0.0340,PATROL,0
427.361,0.0339,0.0340,PATROL,0
427.395,0.0343,0.0340,PATROL,0
427.429,0.0339,0.0340,PATROL,0
427.463,0.0341,0.0340,PATROL,0
427.497,0.0338,0.0340,PATROL,0
427.531,0.0341,0.0340,PATROL,0
427.565,0.0340,0.0340,PATROL,0
427.599,0.0341,0.0340,PATROL,0
427.633,0.0339,0.0340,PATROL,0
427.667,0.0342,0.0340,PATROL,0
427.701,0.0337,0.0340,PATROL,0
427.735,0.0340,0.0340,PATROL,0
427.769,0.0341,0.0340,PATROL,0
427.803,0.0339,0.0340,PATROL,0
427.837,0.0341,0.0340,PATROL,0
427.871,0.0341,0.0340,PATROL,0
427.905,0.0340,0.0340,PATROL,0
427.939,0.0341,0.0340,PATROL,0
427.973,0.0342,0.0340,PATROL,0
428.007,0.0338,0.0340,PATROL,0
428.041,0.0340,0.0340,PATROL,0
428.075,0.0340,0.0340,PATROL,0
428.109,0.0341,0.0340,PATROL,0
428.143,0.0339,0.0340,PATROL,0
428.177,0.0342,0.0340,PATROL,0
428.211,0.0338,0.0340,PATROL,0
428.245,0.0340,0.0340,PATROL,0
428.279,0.0339,0.0340,PATROL,0
428.313,0.0342,0.0340,PATROL,0
428.347,0.0340,0.0340,PATROL,0
428.381,0.0340,0.0340,PATROL,0
428.415,0.0339,0.0340,PATROL,0
428.449,0.0341,0.0340,PATROL,0
428.483,0.0343,0.0340,PATROL,0
428.517,0.0337,0.0340,PATROL,0
428.551,0.0341,0.0340,PATROL,0
428.585,0.0340,0.0340,PATROL,0
428.619,0.0340,0.0340,PATROL,0
428.653,0.0339,0.0340,PATROL,0
428.687,0.0342,0.0340,PATROL,0
428.721,0.0339,0.0340,PATROL,0
428.755,0.0342,0.0340,PATROL,0
428.789,0.0338,0.0340,PATROL,0
428.823,0.0340,0.0340,PATROL,0
428.857,0.0341,0.0340,PATROL,0
428.891,0.0340,0.0340,PATROL,0
428.925,0.0340,0.0340,PATROL,0
428.959,0.0341,0.0340,PATROL,0
428.993,0.0339,0.0340,PATROL,0
429.027,0.0342,0.0340,PATROL,0
429.062,0.0341,0.0340,PATROL,0
429.095,0.0338,0.0340,PATROL,0
429.129,0.0341,0.0340,PATROL,0
429.164,0.0340,0.0340,PATROL,0
429.197,0.0339,0.0340,PATROL,0
429.232,0.0341,0.0340,PATROL,0
429.265,0.0338,0.0340,PATROL,0
429.300,0.0342,0.0340,PATROL,0
429.333,0.0338,0.0340,PATROL,0
429.367,0.0341,0.0340,PATROL,0
429.402,0.0342,0.0340,PATROL,0
429.436,0.0338,0.0340,PATROL,0
429.470,0.0341,0.0340,PATROL,0
429.504,0.0339,0.0340,PATROL,0
429.538,0.0342,0.0340,PATROL,0
429.572,0.0340,0.0340,PATROL,0
429.606,0.0338,0.0340,PATROL,0
429.640,0.0341,0.0340,PATROL,0
429.674,0.0340,0.0340,PATROL,0
429.708,0.0340,0.0340,PATROL,0
429.742,0.0339,0.0340,PATROL,0
429.776,0.0341,0.0340,PATROL,0
429.810,0.0344,0.0340,PATROL,0
429.844,0.0342,0.0340,PATROL,0
429.878,0.0336,0.0340,PATROL,0
429.912,0.0341,0.0340,PATROL,0
429.946,0.0340,0.0340,PATROL,0
429.980,0.0339,0.0340,PATROL,0
430.014,0.0339,0.0340,PATROL,0
430.048,0.0340,0.0340,PATROL,0
430.082,0.0341,0.0340,PATROL,0
430.116,0.0341,0.0340,PATROL,0
430.150,0.0341,0.0340,PATROL,0
430.184,0.0339,0.0340,PATROL,0
430.218,0.0340,0.0340,PATROL,0
430.252,0.0340,0.0340,PATROL,0
430.286,0.0340,0.0340,PATROL,0
430.320,0.0339,0.0340,PATROL,0
430.354,0.0341,0.0340,PATROL,0
430.388,0.0341,0.0340,PATROL,0
430.422,0.0341,0.0340,PATROL,0
430.456,0.0340,0.0340,PATROL,0
430.490,0.0341,0.0340,PATROL,0
430.524,0.0337,0.0340,PATROL,0
430.558,0.0340,0.0340,PATROL,0
430.592,0.0345,0.0340,PATROL,0
430.626,0.0340,0.0340,PATROL,0
430.660,0.0337,0.0340,PATROL,0
430.694,0.0341,0.0340,PATROL,0
430.728,0.0339,0.0340,PATROL,0
430.762,0.0341,0.0340,PATROL,0
430.796,0.0338,0.0340,PATROL,0
430.830,0.0341,0.0340,PATROL,0
430.864,0.0340,0.0340,PATROL,0
430.898,0.0341,0.0340,PATROL,0
430.932,0.0340,0.0340,PATROL,0
430.966,0.0339,0.0340,PATROL,0
431.000,0.0340,0.0340,PATROL,0
431.034,0.0340,0.0340,PATROL,0
431.068,0.0340,0.0340,PATROL,0
431.102,0.0341,0.0340,PATROL,0
431.136,0.0340,0.0340,PATROL,0
431.170,0.0339,0.0340,PATROL,0
431.204,0.0341,0.0340,PATROL,0
431.238,0.0340,0.0340,PATROL,0
431.272,0.0342,0.0340,PATROL,0
431.306,0.0337,0.0340,PATROL,0
431.340,0.0340,0.0340,PATROL,0
431.374,0.0342,0.0340,PATROL,0
431.408,0.0339,0.0340,PATROL,0
431.442,0.0341,0.0340,PATROL,0
431.476,0.0339,0.0340,PATROL,0
431.511,0.0344,0.0340,PATROL,0
431.544,0.0336,0.0340,PATROL,0
431.579,0.0344,0.0340,PATROL,0
431.613,0.0340,0.0340,PATROL,0
431.647,0.0338,0.0340,PATROL,0
431.681,0.0340,0.0340,PATROL,0
431.714,0.0338,0.0340,PATROL,0
431.749,0.0341,0.0340,PATROL,0
431.782,0.0339,0.0340,PATROL,0
431.816,0.0340,0.0340,PATROL,0
431.850,0.0340,0.0340,PATROL,0
431.885,0.0342,0.0340,PATROL,0
431.919,0.0339,0.0340,PATROL,0
431.953,0.0344,0.0340,PATROL,0
431.987,0.0338,0.0340,PATROL,0
432.021,0.0339,0.0340,PATROL,0
432.055,0.0343,0.0340,PATROL,0
432.089,0.0339,0.0340,PATROL,0
432.123,0.0339,0.0340,PATROL,0
432.157,0.0340,0.0340,PATROL,0
432.191,0.0340,0.0340,PATROL,0
432.225,0.0341,0.0340,PATROL,0
432.259,0.0339,0.0340,PATROL,0
432.293,0.0339,0.0340,PATROL,0
432.327,0.0341,0.0340,PATROL,0
432.361,0.0343,0.0340,PATROL,0
432.395,0.0335,0.0340,PATROL,0
432.429,0.0340,0.0340,PATROL,0
432.463,0.0340,0.0340,PATROL,0
432.497,0.0344,0.0340,PATROL,0
432.531,0.0339,0.0340,PATROL,0
432.565,0.0338,0.0340,PATROL,0
432.599,0.0340,0.0340,PATROL,0
432.633,0.0340,0.0340,PATROL,0
432.667,0.0340,0.0340,PATROL,0
432.701,0.0343,0.0340,PATROL,0
432.735,0.0339,0.0340,PATROL,0
432.769,0.0339,0.0340,PATROL,0
432.803,0.0340,0.0340,PATROL,0
432.837,0.0343,0.0340,PATROL,0
432.871,0.0337,0.0340,PATROL,0
432.905,0.0340,0.0340,PATROL,0
432.939,0.0340,0.0340,PATROL,0
432.973,0.0343,0.0340,PATROL,0
433.007,0.0337,0.0340,PATROL,0
433.041,0.0340,0.0340,PATROL,0
433.075,0.0343,0.0340,PATROL,0
433.109,0.0338,0.0340,PATROL,0
433.143,0.0340,0.0340,PATROL,0
433.177,0.0340,0.0340,PATROL,0
433.211,0.0340,0.0340,PATROL,0
433.245,0.0342,0.0340,PATROL,0
433.279,0.0339,0.0340,PATROL,0
433.313,0.0340,0.0340,PATROL,0
433.347,0.0340,0.0340,PATROL,0
433.381,0.0341,0.0340,PATROL,0
433.415,0.0340,0.0340,PATROL,0
433.449,0.0339,0.0340,PATROL,0
433.483,0.0341,0.0340,PATROL,0
433.517,0.0340,0.0340,PATROL,0
433.551,0.0340,0.0340,PATROL,0
433.585,0.0340,0.0340,PATROL,0
433.619,0.0340,0.0340,PATROL,0
433.653,0.0341,0.0340,PATROL,0
433.687,0.0340,0.0340,PATROL,0
433.721,0.0339,0.0340,PATROL,0
433.756,0.0342,0.0340,PATROL,0
433.789,0.0339,0.0340,PATROL,0
433.824,0.0341,0.0340,PATROL,0
433.858,0.0342,0.0340,PATROL,0
433.892,0.0338,0.0340,PATROL,0
433.926,0.0340,0.0340,PATROL,0
433.960,0.0341,0.0340,PATROL,0
433.994,0.0341,0.0340,PATROL,0
434.027,0.0338,0.0340,PATROL,0
434.062,0.0344,0.0340,PATROL,0
434.096,0.0339,0.0340,PATROL,0
434.130,0.0341,0.0340,PATROL,0
434.164,0.0339,0.0340,PATROL,0
434.198,0.0339,0.0340,PATROL,0
434.232,0.0339,0.0340,PATROL,0
434.266,0.0340,0.0340,PATROL,0
434.300,0.0341,0.0340,PATROL,0
434.334,0.0340,0.0340,PATROL,0
434.368,0.0341,0.0340,PATROL,0
434.402,0.0339,0.0340,PATROL,0
434.436,0.0343,0.0340,PATROL,0
434.470,0.0340,0.0340,PATROL,0
434.504,0.0337,0.0340,PATROL,0
434.538,0.0341,0.0340,PATROL,0
434.572,0.0341,0.0340,PATROL,0
434.606,0.0340,0.0340,PATROL,0
434.640,0.0340,0.0340,PATROL,0
434.674,0.0341,0.0340,PATROL,0
434.708,0.0340,0.0340,PATROL,0
434.742,0.0339,0.0340,PATROL,0
434.776,0.0340,0.0340,PATROL,0
434.810,0.0340,0.0340,PATROL,0
434.844,0.0341,0.0340,PATROL,0
434.878,0.0341,0.0340,PATROL,0
434.912,0.0338,0.0340,PATROL,0
434.946,0.0342,0.0340,PATROL,0
434.980,0.0343,0.0340,PATROL,0
435.014,0.0336,0.0340,PATROL,0
435.048,0.0343,0.0340,PATROL,0
435.082,0.0338,0.0340,PATROL,0
435.116,0.0338,0.0340,PATROL,0
435.150,0.0342,0.0340,PATROL,0
435.184,0.0339,0.0340,PATROL,0
435.218,0.0345,0.0340,PATROL,0
435.252,0.0336,0.0340,PATROL,0
435.286,0.0341,0.0340,PATROL,0
435.320,0.0341,0.0340,PATROL,0
435.354,0.0339,0.0340,PATROL,0
435.388,0.0340,0.0340,PATROL,0
435.422,0.0341,0.0340,PATROL,0
435.456,0.0340,0.0340,PATROL,0
435.490,0.0343,0.0340,PATROL,0
435.525,0.0344,0.0340,PATROL,0
435.558,0.0334,0.0340,PATROL,0
435.592,0.0338,0.0340,PATROL,0
435.626,0.0342,0.0340,PATROL,0
435.660,0.0338,0.0340,PATROL,0
435.694,0.0342,0.0340,PATROL,0
435.728,0.0339,0.0340,PATROL,0
435.762,0.0341,0.0340,PATROL,0
435.796,0.0339,0.0340,PATROL,0
435.830,0.0339,0.0340,PATROL,0
435.864,0.0341,0.0340,PATROL,0
435.898,0.0339,0.0340,PATROL,0
435.932,0.0341,0.0340,PATROL,0
435.966,0.0342,0.0340,PATROL,0
436.000,0.0338,0.0340,PATROL,0
436.034,0.0340,0.0340,PATROL,0
436.069,0.0347,0.0340,PATROL,0
436.102,0.0336,0.0340,PATROL,0
436.136,0.0339,0.0340,PATROL,0
436.170,0.0340,0.0340,PATROL,0
436.204,0.0340,0.0340,PATROL,0
436.238,0.0341,0.0340,PATROL,0
436.272,0.0339,0.0340,PATROL,0
436.306,0.0341,0.0340,PATROL,0
436.340,0.0341,0.0340,PATROL,0
436.374,0.0339,0.0340,PATROL,0
436.408,0.0340,0.0340,PATROL,0
436.442,0.0340,0.0340,PATROL,0
436.476,0.0341,0.0340,PATROL,0
436.510,0.0340,0.0340,PATROL,0
436.545,0.0343,0.0340,PATROL,0
436.579,0.0340,0.0340,PATROL,0
436.613,0.0341,0.0340,PATROL,0
436.647,0.0338,0.0340,PATROL,0
436.681,0.0340,0.0340,PATROL,0
436.715,0.0340,0.0340,PATROL,0
436.749,0.0341,0.0340,PATROL,0
436.783,0.0340,0.0340,PATROL,0
436.817,0.0340,0.0340,PATROL,0
436.851,0.0341,0.0340,PATROL,0
436.885,0.0340,0.0340,PATROL,0
436.919,0.0338,0.0340,PATROL,0
436.953,0.0341,0.0340,PATROL,0
436.987,0.0339,0.0340,PATROL,0
437.021,0.0338,0.0340,PATROL,0
437.055,0.0343,0.0340,PATROL,0
437.089,0.0339,0.0340,PATROL,0
437.123,0.0340,0.0340,PATROL,0
437.157,0.0340,0.0340,PATROL,0
437.191,0.0342,0.0340,PATROL,0
437.225,0.0339,0.0340,PATROL,0
437.259,0.0343,0.0340,PATROL,0
437.293,0.0339,0.0340,PATROL,0
437.327,0.0339,0.0340,PATROL,0
437.361,0.0341,0.0340,PATROL,0
437.395,0.0344,0.0340,PATROL,0
437.429,0.0335,0.0340,PATROL,0
437.463,0.0341,0.0340,PATROL,0
437.497,0.0341,0.0340,PATROL,0
437.531,0.0343,0.0340,PATROL,0
437.565,0.0336,0.0340,PATROL,0
437.599,0.0343,0.0340,PATROL,0
437.633,0.0337,0.0340,PATROL,0
437.667,0.0342,0.0340,PATROL,0
437.701,0.0338,0.0340,PATROL,0
437.736,0.0346,0.0340,PATROL,0
437.769,0.0335,0.0340,PATROL,0
437.803,0.0340,0.0340,PATROL,0
437.837,0.0341,0.0340,PATROL,0
437.871,0.0340,0.0340,PATROL,0
437.905,0.0341,0.0340,PATROL,0
437.939,0.0342,0.0340,PATROL,0
437.973,0.0336,0.0340,PATROL,0
438.007,0.0342,0.0340,PATROL,0
438.041,0.0339,0.0340,PATROL,0
438.075,0.0343,0.0340,PATROL,0
438.109,0.0339,0.0340,PATROL,0
438.143,0.0341,0.0340,PATROL,0
438.177,0.0338,0.0340,PATROL,0
438.211,0.0342,0.0340,PATROL,0
438.245,0.0337,0.0340,PATROL,0
438.279,0.0342,0.0340,PATROL,0
438.313,0.0339,0.0340,PATROL,0
438.347,0.0341,0.0340,PATROL,0
438.381,0.0340,0.0340,PATROL,0
438.415,0.0338,0.0340,PATROL,0
438.449,0.0342,0.0340,PATROL,0
438.484,0.0342,0.0340,PATROL,0
438.517,0.0338,0.0340,PATROL,0
438.551,0.0338,0.0340,PATROL,0
438.586,0.0343,0.0340,PATROL,0
438.619,0.0338,0.0340,PATROL,0
438.653,0.0338,0.0340,PATROL,0
438.687,0.0340,0.0340,PATROL,0
438.721,0.0342,0.0340,PATROL,0
438.755,0.0339,0.0340,PATROL,0
438.790,0.0342,0.0340,PATROL,0
438.823,0.0339,0.0340,PATROL,0
438.857,0.0338,0.0340,PATROL,0
438.891,0.0340,0.0340,PATROL,0
438.925,0.0340,0.0340,PATROL,0
438.959,0.0340,0.0340,PATROL,0
438.993,0.0340,0.0340,PATROL,0
439.027,0.0342,0.0340,PATROL,0
439.061,0.0337,0.0340,PATROL,0
439.095,0.0340,0.0340,PATROL,0
439.129,0.0340,0.0340,PATROL,0
439.163,0.0343,0.0340,PATROL,0
439.197,0.0337,0.0340,PATROL,0
439.231,0.0339,0.0340,PATROL,0
439.265,0.0341,0.0340,PATROL,0
439.299,0.0340,0.0340,PATROL,0
439.333,0.0340,0.0340,PATROL,0
439.367,0.0340,0.0340,PATROL,0
439.401,0.0340,0.0340,PATROL,0
439.435,0.0340,0.0340,PATROL,0
439.469,0.0342,0.0340,PATROL,0
439.503,0.0338,0.0340,PATROL,0
439.537,0.0341,0.0340,PATROL,0
439.571,0.0341,0.0340,PATROL,0
439.605,0.0339,0.0340,PATROL,0
439.640,0.0346,0.0340,PATROL,0
439.674,0.0338,0.0340,PATROL,0
439.708,0.0341,0.0340,PATROL,0
439.742,0.0340,0.0340,PATROL,0
439.776,0.0343,0.0340,PATROL,0
439.810,0.0338,0.0340,PATROL,0
439.844,0.0341,0.0340,PATROL,0
439.878,0.0343,0.0340,PATROL,0
439.912,0.0339,0.0340,PATROL,0
439.946,0.0340,0.0340,PATROL,0
439.980,0.0340,0.0340,PATROL,0
440.014,0.0337,0.0340,PATROL,0
440.048,0.0342,0.0340,PATROL,0
440.082,0.0341,0.0340,PATROL,0
440.116,0.0340,0.0340,PATROL,0
440.150,0.0339,0.0340,PATROL,0
440.184,0.0340,0.0340,PATROL,0
440.218,0.0338,0.0340,PATROL,0
440.252,0.0342,0.0340,PATROL,0
440.286,0.0342,0.0340,PATROL,0
440.320,0.0338,0.0340,PATROL,0
440.354,0.0339,0.0340,PATROL,0
440.388,0.0343,0.0340,PATROL,0
440.422,0.0338,0.0340,PATROL,0
440.456,0.0341,0.0340,PATROL,0
440.490,0.0341,0.0340,PATROL,0
440.524,0.0338,0.0340,PATROL,0
440.558,0.0340,0.0340,PATROL,0
440.592,0.0339,0.0340,PATROL,0
440.626,0.0343,0.0340,PATROL,0
440.660,0.0340,0.0340,PATROL,0
440.694,0.0338,0.0340,PATROL,0
440.729,0.0347,0.0340,PATROL,0
440.763,0.0339,0.0340,PATROL,0
440.797,0.0340,0.0340,PATROL,0
440.830,0.0337,0.0340,PATROL,0
440.864,0.0339,0.0340,PATROL,0
440.899,0.0342,0.0340,PATROL,0
440.932,0.0339,0.0340,PATROL,0
440.967,0.0341,0.0340,PATROL,0
441.001,0.0340,0.0340,PATROL,0
441.034,0.0338,0.0340,PATROL,0
441.068,0.0341,0.0340,PATROL,0
441.102,0.0341,0.0340,PATROL,0
441.137,0.0341,0.0340,PATROL,0
441.171,0.0340,0.0340,PATROL,0
441.204,0.0339,0.0340,PATROL,0
441.238,0.0339,0.0340,PATROL,0
441.272,0.0340,0.0340,PATROL,0
441.306,0.0341,0.0340,PATROL,0
441.340,0.0340,0.0340,PATROL,0
441.374,0.0340,0.0340,PATROL,0
441.409,0.0341,0.0340,PATROL,0
441.442,0.0340,0.0340,PATROL,0
441.477,0.0341,0.0340,PATROL,0
441.511,0.0340,0.0340,PATROL,0
441.544,0.0338,0.0340,PATROL,0
441.579,0.0342,0.0340,PATROL,0
441.612,0.0338,0.0340,PATROL,0
441.647,0.0342,0.0340,PATROL,0
441.681,0.0341,0.0340,PATROL,0
441.715,0.0338,0.0340,PATROL,0
441.749,0.0340,0.0340,PATROL,0
441.783,0.0341,0.0340,PATROL,0
441.817,0.0341,0.0340,PATROL,0
441.851,0.0341,0.0340,PATROL,0
441.885,0.0338,0.0340,PATROL,0
441.919,0.0340,0.0340,PATROL,0
441.953,0.0340,0.0340,PATROL,0
441.987,0.0339,0.0340,PATROL,0
442.021,0.0339,0.0340,PATROL,0
442.055,0.0342,0.0340,PATROL,0
442.089,0.0340,0.0340,PATROL,0
442.123,0.0342,0.0340,PATROL,0
442.157,0.0341,0.0340,PATROL,0
442.191,0.0339,0.0340,PATROL,0
442.225,0.0341,0.0340,PATROL,0
442.259,0.0340,0.0340,PATROL,0
442.293,0.0338,0.0340,PATROL,0
442.327,0.0340,0.0340,PATROL,0
442.361,0.0341,0.0340,PATROL,0
442.395,0.0338,0.0340,PATROL,0
442.429,0.0341,0.0340,PATROL,0
442.463,0.0343,0.0340,PATROL,0
442.497,0.0338,0.0340,PATROL,0
442.531,0.0340,0.0340,PATROL,0
442.565,0.0339,0.0340,PATROL,0
442.599,0.0341,0.0340,PATROL,0
442.633,0.0340,0.0340,PATROL,0
442.667,0.0339,0.0340,PATROL,0
442.701,0.0340,0.0340,PATROL,0
442.735,0.0342,0.0340,PATROL,0
442.769,0.0339,0.0340,PATROL,0
442.803,0.0343,0.0340,PATROL,0
442.837,0.0339,0.0340,PATROL,0
442.871,0.0340,0.0340,PATROL,0
442.905,0.0339,0.0340,PATROL,0
442.939,0.0341,0.0340,PATROL,0
442.973,0.0340,0.0340,PATROL,0
443.007,0.0340,0.0340,PATROL,0
443.041,0.0340,0.0340,PATROL,0
443.075,0.0342,0.0340,PATROL,0
443.109,0.0339,0.0340,PATROL,0
443.143,0.0338,0.0340,PATROL,0
443.178,0.0344,0.0340,PATROL,0
443.212,0.0341,0.0340,PATROL,0
443.245,0.0338,0.0340,PATROL,0
443.279,0.0338,0.0340,PATROL,0
443.313,0.0341,0.0340,PATROL,0
443.347,0.0338,0.0340,PATROL,0
443.381,0.0340,0.0340,PATROL,0
443.415,0.0339,0.0340,PATROL,0
443.449,0.0342,0.0340,PATROL,0
443.483,0.0339,0.0340,PATROL,0
443.517,0.0340,0.0340,PATROL,0
443.551,0.0341,0.0340,PATROL,0
443.585,0.0338,0.0340,PATROL,0
443.619,0.0341,0.0340,PATROL,0
443.653,0.0340,0.0340,PATROL,0
443.687,0.0340,0.0340,PATROL,0
443.721,0.0340,0.0340,PATROL,0
443.756,0.0342,0.0340,PATROL,0
443.789,0.0339,0.0340,PATROL,0
443.824,0.0342,0.0340,PATROL,0
443.858,0.0339,0.0340,PATROL,0
443.892,0.0344,0.0340,PATROL,0
443.925,0.0335,0.0340,PATROL,0
443.960,0.0341,0.0340,PATROL,0
443.994,0.0340,0.0340,PATROL,0
444.028,0.0342,0.0340,PATROL,0
444.062,0.0337,0.0340,PATROL,0
444.096,0.0341,0.0340,PATROL,0
444.130,0.0342,0.0340,PATROL,0
444.164,0.0341,0.0340,PATROL,0
444.198,0.0337,0.0340,PATROL,0
444.232,0.0341,0.0340,PATROL,0
444.266,0.0340,0.0340,PATROL,0
444.300,0.0341,0.0340,PATROL,0
444.334,0.0339,0.0340,PATROL,0
444.368,0.0340,0.0340,PATROL,0
444.402,0.0338,0.0340,PATROL,0
444.436,0.0342,0.0340,PATROL,0
444.470,0.0339,0.0340,PATROL,0
444.504,0.0341,0.0340,PATROL,0
444.538,0.0342,0.0340,PATROL,0
444.572,0.0337,0.0340,PATROL,0
444.606,0.0341,0.0340,PATROL,0
444.640,0.0341,0.0340,PATROL,0
444.674,0.0338,0.0340,PATROL,0
444.708,0.0340,0.0340,PATROL,0
444.742,0.0341,0.0340,PATROL,0
444.776,0.0341,0.0340,PATROL,0
444.810,0.0338,0.0340,PATROL,0
444.844,0.0341,0.0340,PATROL,0
444.878,0.0340,0.0340,PATROL,0
444.912,0.0340,0.0340,PATROL,0
444.946,0.0341,0.0340,PATROL,0
444.980,0.0340,0.0340,PATROL,0
445.014,0.0339,0.0340,PATROL,0
445.048,0.0340,0.0340,PATROL,0
445.082,0.0340,0.0340,PATROL,0
445.116,0.0340,0.0340,PATROL,0
445.150,0.0340,0.0340,PATROL,0
445.184,0.0339,0.0340,PATROL,0
445.218,0.0342,0.0340,PATROL,0
445.252,0.0341,0.0340,PATROL,0
445.286,0.0338,0.0340,PATROL,0
445.320,0.0339,0.0340,PATROL,0
445.354,0.0342,0.0340,PATROL,0
445.388,0.0340,0.0340,PATROL,0
445.422,0.0339,0.0340,PATROL,0
445.456,0.0341,0.0340,PATROL,0
445.490,0.0339,0.0340,PATROL,0
445.524,0.0342,0.0340,PATROL,0
445.558,0.0337,0.0340,PATROL,0
445.592,0.0340,0.0340,PATROL,0
445.626,0.0342,0.0340,PATROL,0
445.660,0.0341,0.0340,PATROL,0
445.694,0.0340,0.0340,PATROL,0
445.728,0.0341,0.0340,PATROL,0
445.762,0.0339,0.0340,PATROL,0
445.796,0.0339,0.0340,PATROL,0
445.830,0.0340,0.0340,PATROL,0
445.864,0.0340,0.0340,PATROL,0
445.898,0.0341,0.0340,PATROL,0
445.932,0.0339,0.0340,PATROL,0
445.966,0.0340,0.0340,PATROL,0
446.000,0.0340,0.0340,PATROL,0
446.034,0.0341,0.0340,PATROL,0
446.069,0.0343,0.0340,PATROL,0
446.102,0.0337,0.0340,PATROL,0
446.136,0.0340,0.0340,PATROL,0
446.170,0.0340,0.0340,PATROL,0
446.204,0.0341,0.0340,PATROL,0
446.238,0.0341,0.0340,PATROL,0
446.272,0.0338,0.0340,PATROL,0
446.306,0.0342,0.0340,PATROL,0
446.340,0.0339,0.0340,PATROL,0
446.374,0.0340,0.0340,PATROL,0
446.408,0.0342,0.0340,PATROL,0
446.442,0.0339,0.0340,PATROL,0
446.476,0.0341,0.0340,PATROL,0
446.510,0.0340,0.0340,PATROL,0
446.545,0.0342,0.0340,PATROL,0
446.579,0.0340,0.0340,PATROL,0
446.613,0.0339,0.0340,PATROL,0
446.647,0.0340,0.0340,PATROL,0
446.681,0.0340,0.0340,PATROL,0
446.714,0.0339,0.0340,PATROL,0
446.749,0.0342,0.0340,PATROL,0
446.783,0.0342,0.0340,PATROL,0
446.817,0.0339,0.0340,PATROL,0
446.851,0.0346,0.0340,PATROL,0
446.885,0.0337,0.0340,PATROL,0
446.919,0.0337,0.0340,PATROL,0
446.953,0.0341,0.0340,PATROL,0
446.987,0.0340,0.0340,PATROL,0
447.021,0.0339,0.0340,PATROL,0
447.055,0.0341,0.0340,PATROL,0
447.089,0.0342,0.0340,PATROL,0
447.123,0.0338,0.0340,PATROL,0
447.157,0.0341,0.0340,PATROL,0
447.191,0.0340,0.0340,PATROL,0
447.225,0.0340,0.0340,PATROL,0
447.259,0.0340,0.0340,PATROL,0
447.293,0.0340,0.0340,PATROL,0
447.327,0.0345,0.0340,ALIGN,0
447.361,0.0340,0.0340,ALIGN,0
447.395,0.0338,0.0340,ALIGN,0
447.429,0.0339,0.0340,ALIGN,0
447.463,0.0341,0.0340,ALIGN,0
447.497,0.0338,0.0340,ALIGN,0
447.531,0.0344,0.0340,ALIGN,0
447.566,0.0342,0.0340,ALIGN,0
447.599,0.0336,0.0340,ALIGN,0
447.633,0.0339,0.0340,ALIGN,0
447.667,0.0340,0.0340,ALIGN,0
447.701,0.0340,0.0340,ALIGN,0
447.735,0.0340,0.0340,ALIGN,0
447.769,0.0339,0.0340,ALIGN,0
447.803,0.0341,0.0340,ALIGN,0
447.837,0.0338,0.0340,ALIGN,0
447.871,0.0341,0.0340,ALIGN,0
447.905,0.0340,0.0340,ALIGN,0
447.939,0.0342,0.0340,ALIGN,0
447.973,0.0339,0.0340,ALIGN,0
448.007,0.0341,0.0340,ALIGN,0
448.041,0.0339,0.0340,ALIGN,0
448.075,0.0340,0.0340,ALIGN,0
448.109,0.0340,0.0340,ALIGN,0
448.143,0.0341,0.0340,ALIGN,0
448.177,0.0340,0.0340,ALIGN,0
448.211,0.0340,0.0340,ALIGN,0
448.245,0.0339,0.0340,ALIGN,0
448.279,0.0339,0.0340,ALIGN,0
448.313,0.0341,0.0340,ALIGN,0
448.347,0.0338,0.0340,ALIGN,0
448.381,0.0343,0.0340,ALIGN,0
448.415,0.0339,0.0340,ALIGN,0
448.449,0.0341,0.0340,ALIGN,0
448.483,0.0340,0.0340,ALIGN,0
448.517,0.0338,0.0340,ALIGN,0
448.551,0.0341,0.0340,ALIGN,0
448.585,0.0340,0.0340,ALIGN,0
448.619,0.0339,0.0340,ALIGN,0
448.653,0.0340,0.0340,ALIGN,0
448.687,0.0341,0.0340,ALIGN,0
448.721,0.0341,0.0340,ALIGN,0
448.755,0.0340,0.0340,ALIGN,0
448.789,0.0340,0.0340,ALIGN,0
448.823,0.0339,0.0340,ALIGN,0
448.857,0.0340,0.0340,ALIGN,0
448.891,0.0342,0.0340,ALIGN,0
448.925,0.0340,0.0340,ALIGN,0
448.960,0.0341,0.0340,ALIGN,0
448.993,0.0339,0.0340,ALIGN,0
449.028,0.0341,0.0340,APPROACH,0
449.062,0.0340,0.0340,APPROACH,0
449.095,0.0338,0.0340,APPROACH,0
449.130,0.0342,0.0340,APPROACH,0
449.164,0.0339,0.0340,APPROACH,0
449.198,0.0340,0.0340,APPROACH,0
449.232,0.0341,0.0340,APPROACH,0
449.266,0.0340,0.0340,APPROACH,0
449.300,0.0343,0.0340,APPROACH,0
449.334,0.0337,0.0340,APPROACH,0
449.368,0.0340,0.0340,APPROACH,0
449.402,0.0339,0.0340,APPROACH,0
449.436,0.0340,0.0340,APPROACH,0
449.470,0.0341,0.0340,APPROACH,0
449.504,0.0339,0.0340,APPROACH,0
449.538,0.0341,0.0340,APPROACH,0
449.572,0.0342,0.0340,APPROACH,0
449.606,0.0339,0.0340,APPROACH,0
449.640,0.0340,0.0340,APPROACH,0
449.674,0.0342,0.0340,APPROACH,0
449.708,0.0341,0.0340,APPROACH,0
449.742,0.0338,0.0340,APPROACH,0
449.776,0.0339,0.0340,APPROACH,0
449.810,0.0340,0.0340,APPROACH,0
449.844,0.0344,0.0340,APPROACH,0
449.878,0.0339,0.0340,APPROACH,0
449.912,0.0339,0.0340,APPROACH,0
449.946,0.0340,0.0340,APPROACH,0
449.980,0.0341,0.0340,APPROACH,0
450.014,0.0339,0.0340,APPROACH,0
450.048,0.0343,0.0340,APPROACH,0
450.082,0.0341,0.0340,APPROACH,0
450.116,0.0341,0.0340,APPROACH,0
450.150,0.0338,0.0340,APPROACH,0
450.184,0.0339,0.0340,APPROACH,0
450.218,0.0340,0.0340,APPROACH,0
450.252,0.0340,0.0340,APPROACH,0
450.286,0.0340,0.0340,APPROACH,0
450.320,0.0339,0.0340,APPROACH,0
450.354,0.0342,0.0340,APPROACH,0
450.388,0.0343,0.0340,APPROACH,0
450.422,0.0337,0.0340,APPROACH,0
450.456,0.0340,0.0340,APPROACH,0
450.490,0.0341,0.0340,APPROACH,0
450.524,0.0337,0.0340,APPROACH,0
450.558,0.0343,0.0340,APPROACH,0
450.592,0.0338,0.0340,APPROACH,0
450.626,0.0341,0.0340,APPROACH,0
450.660,0.0340,0.0340,APPROACH,0
450.694,0.0342,0.0340,APPROACH,0
450.728,0.0340,0.0340,APPROACH,0
450.762,0.0339,0.0340,APPROACH,0
450.796,0.0341,0.0340,APPROACH,0
450.830,0.0340,0.0340,APPROACH,0
450.864,0.0340,0.0340,APPROACH,0
450.898,0.0341,0.0340,APPROACH,0
450.932,0.0339,0.0340,APPROACH,0
450.966,0.0340,0.0340,APPROACH,0
451.000,0.0341,0.0340,APPROACH,0
451.034,0.0339,0.0340,APPROACH,0
451.068,0.0340,0.0340,APPROACH,0
451.102,0.0342,0.0340,APPROACH,0
451.136,0.0340,0.0340,APPROACH,0
451.170,0.0341,0.0340,APPROACH,0
451.204,0.0339,0.0340,APPROACH,0
451.238,0.0340,0.0340,APPROACH,0
451.272,0.0339,0.0340,APPROACH,0
451.306,0.0340,0.0340,APPROACH,0
451.341,0.0343,0.0340,APPROACH,0
451.374,0.0338,0.0340,APPROACH,0
451.408,0.0342,0.0340,APPROACH,0
451.443,0.0340,0.0340,APPROACH,0
451.476,0.0339,0.0340,APPROACH,0
451.510,0.0341,0.0340,APPROACH,0
451.544,0.0340,0.0340,APPROACH,0
451.579,0.0341,0.0340,APPROACH,0
451.612,0.0338,0.0340,APPROACH,0
451.647,0.0342,0.0340,APPROACH,0
451.680,0.0339,0.0340,APPROACH,0
451.714,0.0340,0.0340,APPROACH,0
451.749,0.0342,0.0340,APPROACH,0
451.782,0.0339,0.0340,APPROACH,0
451.817,0.0341,0.0340,APPROACH,0
451.851,0.0339,0.0340,APPROACH,0
451.885,0.0341,0.0340,APPROACH,0
451.919,0.0339,0.0340,APPROACH,0
451.953,0.0341,0.0340,APPROACH,0
451.987,0.0340,0.0340,APPROACH,0
452.021,0.0340,0.0340,APPROACH,0
452.055,0.0339,0.0340,APPROACH,0
452.089,0.0340,0.0340,APPROACH,0
452.123,0.0340,0.0340,APPROACH,0
452.157,0.0340,0.0340,APPROACH,0
452.191,0.0341,0.0340,APPROACH,0
452.225,0.0339,0.0340,APPROACH,0
452.259,0.0340,0.0340,APPROACH,0
452.293,0.0342,0.0340,APPROACH,0
452.327,0.0339,0.0340,APPROACH,0
452.361,0.0340,0.0340,APPROACH,0
452.395,0.0342,0.0340,APPROACH,0
452.429,0.0339,0.0340,APPROACH,0
452.463,0.0340,0.0340,APPROACH,0
452.497,0.0341,0.0340,APPROACH,0
452.531,0.0339,0.0340,APPROACH,0
452.565,0.0341,0.0340,APPROACH,0
452.599,0.0340,0.0340,APPROACH,0
452.633,0.0341,0.0340,APPROACH,0
452.667,0.0343,0.0340,APPROACH,0
452.701,0.0335,0.0340,APPROACH,0
452.735,0.0341,0.0340,APPROACH,0
452.769,0.0342,0.0340,APPROACH,0
452.803,0.0338,0.0340,APPROACH,0
452.837,0.0340,0.0340,APPROACH,0
452.871,0.0341,0.0340,APPROACH,0
452.905,0.0339,0.0340,APPROACH,0
452.939,0.0340,0.0340,APPROACH,0
452.973,0.0341,0.0340,APPROACH,0
453.007,0.0338,0.0340,APPROACH,0
453.041,0.0341,0.0340,APPROACH,0
453.075,0.0340,0.0340,APPROACH,0
453.109,0.0340,0.0340,APPROACH,0
453.143,0.0339,0.0340,APPROACH,0
453.177,0.0341,0.0340,APPROACH,0
453.211,0.0341,0.0340,APPROACH,0
453.245,0.0340,0.0340,APPROACH,0
453.279,0.0340,0.0340,APPROACH,0
453.313,0.0342,0.0340,APPROACH,0
453.347,0.0338,0.0340,APPROACH,0
453.381,0.0339,0.0340,APPROACH,0
453.415,0.0340,0.0340,APPROACH,0
453.449,0.0339,0.0340,APPROACH,0
453.483,0.0341,0.0340,APPROACH,0
453.517,0.0339,0.0340,APPROACH,0
453.551,0.0342,0.0340,APPROACH,0
453.585,0.0339,0.0340,APPROACH,0
453.619,0.0340,0.0340,APPROACH,0
453.653,0.0339,0.0340,APPROACH,0
453.687,0.0341,0.0340,APPROACH,0
453.721,0.0340,0.0340,APPROACH,0
453.755,0.0340,0.0340,APPROACH,0
453.789,0.0341,0.0340,APPROACH,0
453.823,0.0340,0.0340,APPROACH,0
453.857,0.0340,0.0340,APPROACH,0
453.891,0.0340,0.0340,APPROACH,0
453.925,0.0339,0.0340,APPROACH,0
453.959,0.0340,0.0340,APPROACH,0
453.993,0.0340,0.0340,APPROACH,0
454.027,0.0341,0.0340,APPROACH,0
454.061,0.0340,0.0340,APPROACH,0
454.096,0.0342,0.0340,APPROACH,0
454.130,0.0340,0.0340,APPROACH,0
454.164,0.0339,0.0340,APPROACH,0
454.198,0.0339,0.0340,APPROACH,0
454.232,0.0340,0.0340,APPROACH,0
454.266,0.0339,0.0340,APPROACH,0
454.300,0.0343,0.0340,APPROACH,0
454.334,0.0337,0.0340,APPROACH,0
454.367,0.0340,0.0340,APPROACH,0
454.402,0.0344,0.0340,APPROACH,0
454.436,0.0339,0.0340,APPROACH,0
454.470,0.0340,0.0340,APPROACH,0
454.504,0.0339,0.0340,APPROACH,0
454.538,0.0341,0.0340,APPROACH,0
454.572,0.0341,0.0340,APPROACH,0
454.606,0.0340,0.0340,APPROACH,0
454.640,0.0338,0.0340,APPROACH,0
454.674,0.0343,0.0340,APPROACH,0
454.708,0.0339,0.0340,APPROACH,0
454.742,0.0339,0.0340,APPROACH,0
454.776,0.0342,0.0340,APPROACH,0
454.810,0.0340,0.0340,APPROACH,0
454.844,0.0343,0.0340,APPROACH,0
454.878,0.0339,0.0340,APPROACH,0
454.912,0.0339,0.0340,APPROACH,0
454.946,0.0342,0.0340,APPROACH,0
454.980,0.0342,0.0340,APPROACH,0
455.014,0.0336,0.0340,APPROACH,0
455.048,0.0339,0.0340,APPROACH,0
455.082,0.0341,0.0340,APPROACH,0
455.116,0.0340,0.0340,APPROACH,0
455.150,0.0340,0.0340,APPROACH,0
455.184,0.0340,0.0340,APPROACH,0
455.218,0.0338,0.0340,APPROACH,0
455.252,0.0342,0.0340,APPROACH,0
455.286,0.0338,0.0340,APPROACH,0
455.320,0.0340,0.0340,APPROACH,0
455.354,0.0341,0.0340,APPROACH,0
455.388,0.0341,0.0340,APPROACH,0
455.422,0.0339,0.0340,APPROACH,0
455.456,0.0341,0.0340,APPROACH,0
455.490,0.0340,0.0340,APPROACH,0
455.524,0.0340,0.0340,APPROACH,0
455.558,0.0340,0.0340,APPROACH,0
455.592,0.0340,0.0340,APPROACH,0
455.626,0.0339,0.0340,APPROACH,0
455.660,0.0341,0.0340,APPROACH,0
455.694,0.0340,0.0340,APPROACH,0
455.728,0.0338,0.0340,APPROACH,0
455.762,0.0340,0.0340,APPROACH,0
455.796,0.0342,0.0340,APPROACH,0
455.830,0.0341,0.0340,APPROACH,0
455.865,0.0342,0.0340,APPROACH,0
455.898,0.0338,0.0340,APPROACH,0
455.932,0.0339,0.0340,APPROACH,0
455.966,0.0340,0.0340,APPROACH,0
456.000,0.0342,0.0340,APPROACH,0
456.034,0.0339,0.0340,APPROACH,0
456.068,0.0341,0.0340,APPROACH,0
456.103,0.0342,0.0340,APPROACH,0
456.136,0.0339,0.0340,APPROACH,0
456.170,0.0339,0.0340,APPROACH,0
456.204,0.0340,0.0340,APPROACH,0
456.238,0.0341,0.0340,APPROACH,0
456.272,0.0341,0.0340,APPROACH,0
456.306,0.0337,0.0340,APPROACH,0
456.340,0.0341,0.0340,APPROACH,0
456.374,0.0339,0.0340,APPROACH,0
456.408,0.0340,0.0340,APPROACH,0
456.442,0.0341,0.0340,APPROACH,0
456.476,0.0339,0.0340,APPROACH,0
456.510,0.0342,0.0340,APPROACH,0
456.544,0.0340,0.0340,APPROACH,0
456.578,0.0341,0.0340,APPROACH,0
456.613,0.0340,0.0340,APPROACH,0
456.646,0.0338,0.0340,APPROACH,0
456.680,0.0340,0.0340,APPROACH,0
456.714,0.0340,0.0340,APPROACH,0
456.749,0.0342,0.0340,APPROACH,0
456.783,0.0340,0.0340,APPROACH,0
456.817,0.0340,0.0340,APPROACH,0
456.851,0.0342,0.0340,APPROACH,0
456.885,0.0338,0.0340,APPROACH,0
456.918,0.0339,0.0340,APPROACH,0
456.953,0.0342,0.0340,APPROACH,0
456.987,0.0339,0.0340,APPROACH,0
457.021,0.0340,0.0340,APPROACH,0
457.055,0.0339,0.0340,APPROACH,0
457.089,0.0340,0.0340,APPROACH,0
457.122,0.0339,0.0340,APPROACH,0
457.156,0.0340,0.0340,APPROACH,0
457.191,0.0342,0.0340,APPROACH,0
457.225,0.0340,0.0340,APPROACH,0
457.259,0.0339,0.0340,APPROACH,0
457.293,0.0343,0.0340,APPROACH,0
457.327,0.0339,0.0340,APPROACH,0
457.361,0.0341,0.0340,APPROACH,0
457.395,0.0342,0.0340,APPROACH,0
457.429,0.0339,0.0340,APPROACH,0
457.463,0.0338,0.0340,APPROACH,0
457.497,0.0340,0.0340,APPROACH,0
457.531,0.0340,0.0340,APPROACH,0
457.565,0.0341,0.0340,APPROACH,0
457.599,0.0341,0.0340,APPROACH,0
457.633,0.0339,0.0340,APPROACH,0
457.667,0.0340,0.0340,APPROACH,0
457.701,0.0341,0.0340,APPROACH,0
457.735,0.0341,0.0340,APPROACH,0
457.769,0.0338,0.0340,APPROACH,0
457.803,0.0344,0.0340,APPROACH,0
457.837,0.0338,0.0340,APPROACH,0
457.871,0.0340,0.0340,APPROACH,0
457.905,0.0338,0.0340,APPROACH,0
457.939,0.0342,0.0340,APPROACH,0
457.973,0.0339,0.0340,APPROACH,0
458.007,0.0340,0.0340,APPROACH,0
458.041,0.0340,0.0340,APPROACH,0
458.075,0.0340,0.0340,APPROACH,0
458.109,0.0341,0.0340,APPROACH,0
458.143,0.0341,0.0340,APPROACH,0
458.177,0.0338,0.0340,APPROACH,0
458.211,0.0341,0.0340,APPROACH,0
458.245,0.0340,0.0340,APPROACH,0
458.279,0.0339,0.0340,APPROACH,0
458.313,0.0340,0.0340,APPROACH,0
458.347,0.0341,0.0340,APPROACH,0
458.381,0.0341,0.0340,APPROACH,0
458.415,0.0339,0.0340,APPROACH,0
458.449,0.0342,0.0340,APPROACH,0
458.483,0.0342,0.0340,APPROACH,0
458.517,0.0337,0.0340,APPROACH,0
458.551,0.0340,0.0340,APPROACH,0
458.585,0.0340,0.0340,APPROACH,0
458.619,0.0340,0.0340,APPROACH,0
458.653,0.0341,0.0340,APPROACH,0
458.687,0.0341,0.0340,APPROACH,0
458.721,0.0342,0.0340,APPROACH,0
458.756,0.0343,0.0340,APPROACH,0
458.789,0.0336,0.0340,APPROACH,0
458.823,0.0338,0.0340,APPROACH,0
458.857,0.0342,0.0340,APPROACH,0
458.891,0.0340,0.0340,APPROACH,0
458.925,0.0341,0.0340,APPROACH,0
458.959,0.0339,0.0340,APPROACH,0
458.994,0.0343,0.0340,APPROACH,0
459.028,0.0341,0.0340,APPROACH,0
459.061,0.0336,0.0340,APPROACH,0
459.095,0.0342,0.0340,APPROACH,0
459.129,0.0339,0.0340,APPROACH,0
459.163,0.0341,0.0340,APPROACH,0
459.198,0.0342,0.0340,APPROACH,0
459.232,0.0341,0.0340,APPROACH,0
459.265,0.0337,0.0340,APPROACH,0
459.300,0.0342,0.0340,APPROACH,0
459.333,0.0337,0.0340,APPROACH,0
459.368,0.0342,0.0340,APPROACH,0
459.402,0.0340,0.0340,APPROACH,0
459.436,0.0340,0.0340,APPROACH,0
459.470,0.0341,0.0340,APPROACH,0
459.503,0.0339,0.0340,APPROACH,0
459.538,0.0341,0.0340,APPROACH,0
459.571,0.0339,0.0340,APPROACH,0
459.605,0.0339,0.0340,APPROACH,0
459.639,0.0340,0.0340,APPROACH,0
459.674,0.0341,0.0340,APPROACH,0
459.708,0.0340,0.0340,APPROACH,0
459.742,0.0341,0.0340,APPROACH,0
459.776,0.0339,0.0340,APPROACH,0
459.810,0.0343,0.0340,APPROACH,0
459.844,0.0342,0.0340,APPROACH,0
459.878,0.0339,0.0340,APPROACH,0
459.912,0.0339,0.0340,APPROACH,0
459.946,0.0339,0.0340,APPROACH,0
459.980,0.0340,0.0340,APPROACH,0
460.014,0.0341,0.0340,APPROACH,0
460.048,0.0340,0.0340,APPROACH,0
460.082,0.0340,0.0340,APPROACH,0
460.116,0.0339,0.0340,APPROACH,0
460.150,0.0340,0.0340,APPROACH,0
460.184,0.0341,0.0340,APPROACH,0
460.218,0.0340,0.0340,APPROACH,0
460.252,0.0339,0.0340,APPROACH,0
460.286,0.0340,0.0340,APPROACH,0
460.320,0.0339,0.0340,APPROACH,0
460.354,0.0341,0.0340,APPROACH,0
460.388,0.0341,0.0340,APPROACH,0
460.422,0.0339,0.0340,APPROACH,0
460.456,0.0340,0.0340,APPROACH,0
460.490,0.0342,0.0340,APPROACH,0
460.524,0.0339,0.0340,BLIND_DASH,0
460.558,0.0340,0.0340,BLIND_DASH,0
460.592,0.0341,0.0340,BLIND_DASH,0
460.626,0.0338,0.0340,BLIND_DASH,0
460.660,0.0342,0.0340,BLIND_DASH,0
460.694,0.0338,0.0340,BLIND_DASH,0
460.728,0.0340,0.0340,BLIND_DASH,0
460.762,0.0340,0.0340,BLIND_DASH,0
460.796,0.0342,0.0340,BLIND_DASH,0
460.830,0.0340,0.0340,BLIND_DASH,0
460.864,0.0341,0.0340,BLIND_DASH,0
460.898,0.0337,0.0340,BLIND_DASH,0
460.932,0.0342,0.0340,BLIND_DASH,0
460.966,0.0342,0.0340,BLIND_DASH,0
461.000,0.0339,0.0340,BLIND_DASH,0
461.034,0.0341,0.0340,PATROL,0
461.068,0.0340,0.0340,PATROL,0
461.102,0.0340,0.0340,PATROL,0
461.136,0.0339,0.0340,PATROL,0
461.170,0.0339,0.0340,PATROL,0
461.204,0.0342,0.0340,PATROL,0
461.238,0.0338,0.0340,PATROL,0
461.272,0.0341,0.0340,PATROL,0
461.306,0.0340,0.0340,PATROL,0
461.340,0.0338,0.0340,PATROL,0
461.374,0.0341,0.0340,PATROL,0
461.408,0.0339,0.0340,PATROL,0
461.442,0.0340,0.0340,PATROL,0
461.476,0.0341,0.0340,PATROL,0
461.510,0.0340,0.0340,PATROL,0
461.544,0.0340,0.0340,PATROL,0
461.578,0.0340,0.0340,PATROL,0
461.612,0.0341,0.0340,PATROL,0
461.646,0.0339,0.0340,PATROL,0
461.680,0.0340,0.0340,ALIGN,0
461.714,0.0340,0.0340,ALIGN,0
461.748,0.0341,0.0340,ALIGN,0
461.782,0.0339,0.0340,ALIGN,0
461.816,0.0341,0.0340,ALIGN,0
461.851,0.0342,0.0340,ALIGN,0
461.885,0.0339,0.0340,ALIGN,0
461.919,0.0342,0.0340,ALIGN,0
461.952,0.0338,0.0340,ALIGN,0
461.987,0.0340,0.0340,ALIGN,0
462.021,0.0344,0.0340,ALIGN,0
462.055,0.0337,0.0340,ALIGN,0
462.088,0.0339,0.0340,ALIGN,0
462.123,0.0341,0.0340,ALIGN,0
462.156,0.0340,0.0340,ALIGN,0
462.191,0.0340,0.0340,ALIGN,0
462.224,0.0340,0.0340,ALIGN,0
462.259,0.0340,0.0340,ALIGN,0
462.292,0.0340,0.0340,ALIGN,0
462.327,0.0340,0.0340,ALIGN,0
462.360,0.0340,0.0340,ALIGN,0
462.394,0.0340,0.0340,ALIGN,0
462.429,0.0340,0.0340,ALIGN,0
462.463,0.0342,0.0340,ALIGN,0
462.497,0.0339,0.0340,ALIGN,0
462.531,0.0344,0.0340,ALIGN,0
462.565,0.0337,0.0340,ALIGN,0
462.599,0.0340,0.0340,ALIGN,0
462.633,0.0340,0.0340,ALIGN,0
462.667,0.0339,0.0340,ALIGN,0
462.701,0.0341,0.0340,ALIGN,0
462.735,0.0338,0.0340,ALIGN,0
462.769,0.0340,0.0340,ALIGN,0
462.803,0.0341,0.0340,ALIGN,0
462.837,0.0341,0.0340,ALIGN,0
462.871,0.0342,0.0340,ALIGN,0
462.905,0.0340,0.0340,ALIGN,0
462.939,0.0341,0.0340,ALIGN,0
462.973,0.0337,0.0340,ALIGN,0
463.007,0.0340,0.0340,ALIGN,0
463.041,0.0343,0.0340,ALIGN,0
463.075,0.0342,0.0340,ALIGN,0
463.109,0.0337,0.0340,APPROACH,0
463.143,0.0340,0.0340,APPROACH,0
463.177,0.0339,0.0340,APPROACH,0
463.211,0.0339,0.0340,APPROACH,0
463.245,0.0341,0.0340,APPROACH,0
463.279,0.0341,0.0340,APPROACH,0
463.313,0.0338,0.0340,APPROACH,0
463.347,0.0343,0.0340,APPROACH,0
463.381,0.0338,0.0340,APPROACH,0
463.415,0.0339,0.0340,APPROACH,0
463.449,0.0341,0.0340,APPROACH,0
463.483,0.0339,0.0340,APPROACH,0
463.517,0.0343,0.0340,APPROACH,0
463.551,0.0339,0.0340,APPROACH,0
463.585,0.0344,0.0340,APPROACH,0
463.619,0.0340,0.0340,APPROACH,0
463.653,0.0338,0.0340,APPROACH,0
463.687,0.0341,0.0340,APPROACH,0
463.721,0.0339,0.0340,APPROACH,0
463.755,0.0342,0.0340,APPROACH,0
463.789,0.0340,0.0340,APPROACH,0
463.823,0.0339,0.0340,APPROACH,0
463.857,0.0340,0.0340,APPROACH,0
463.892,0.0344,0.0340,APPROACH,0
463.925,0.0336,0.0340,APPROACH,0
463.959,0.0340,0.0340,APPROACH,0
463.993,0.0339,0.0340,APPROACH,0
464.027,0.0340,0.0340,APPROACH,0
464.061,0.0340,0.0340,APPROACH,0
464.095,0.0343,0.0340,APPROACH,0
464.129,0.0340,0.0340,APPROACH,0
464.163,0.0339,0.0340,APPROACH,0
464.197,0.0339,0.0340,APPROACH,0
464.231,0.0341,0.0340,APPROACH,0
464.265,0.0342,0.0340,APPROACH,0
464.299,0.0337,0.0340,APPROACH,0
464.333,0.0342,0.0340,APPROACH,0
464.367,0.0341,0.0340,APPROACH,0
464.401,0.0339,0.0340,APPROACH,0
464.435,0.0339,0.0340,APPROACH,0
464.470,0.0342,0.0340,APPROACH,0
464.503,0.0339,0.0340,APPROACH,0
464.537,0.0341,0.0340,APPROACH,0
464.571,0.0340,0.0340,APPROACH,0
464.605,0.0339,0.0340,APPROACH,0
464.639,0.0339,0.0340,APPROACH,0
464.673,0.0340,0.0340,APPROACH,0
464.707,0.0341,0.0340,APPROACH,0
464.741,0.0340,0.0340,APPROACH,0
464.776,0.0341,0.0340,APPROACH,0
464.810,0.0341,0.0340,APPROACH,0
464.844,0.0339,0.0340,APPROACH,0
464.878,0.0342,0.0340,APPROACH,0
464.912,0.0339,0.0340,APPROACH,0
464.946,0.0340,0.0340,APPROACH,0
464.980,0.0342,0.0340,APPROACH,0
465.014,0.0338,0.0340,APPROACH,0
465.048,0.0341,0.0340,APPROACH,0
465.082,0.0339,0.0340,APPROACH,0
465.116,0.0342,0.0340,APPROACH,0
465.150,0.0338,0.0340,APPROACH,0
465.184,0.0341,0.0340,APPROACH,0
465.218,0.0340,0.0340,APPROACH,0
465.252,0.0342,0.0340,APPROACH,0
465.286,0.0339,0.0340,APPROACH,0
465.320,0.0339,0.0340,APPROACH,0
465.354,0.0341,0.0340,APPROACH,0
465.388,0.0339,0.0340,APPROACH,0
465.422,0.0341,0.0340,APPROACH,0
465.456,0.0341,0.0340,APPROACH,0
465.490,0.0339,0.0340,APPROACH,0
465.524,0.0342,0.0340,APPROACH,0
465.558,0.0337,0.0340,APPROACH,0
465.592,0.0340,0.0340,APPROACH,0
465.626,0.0341,0.0340,APPROACH,0
465.660,0.0340,0.0340,APPROACH,0
465.694,0.0339,0.0340,APPROACH,0
465.728,0.0341,0.0340,APPROACH,0
465.762,0.0339,0.0340,APPROACH,0
465.796,0.0344,0.0340,APPROACH,0
465.830,0.0342,0.0340,APPROACH,0
465.864,0.0339,0.0340,APPROACH,0
465.898,0.0340,0.0340,APPROACH,0
465.932,0.0339,0.0340,APPROACH,0
465.966,0.0340,0.0340,APPROACH,0
466.000,0.0341,0.0340,APPROACH,0
466.035,0.0344,0.0340,APPROACH,0
466.068,0.0337,0.0340,APPROACH,0
466.102,0.0339,0.0340,APPROACH,0
466.136,0.0342,0.0340,APPROACH,0
466.170,0.0338,0.0340,APPROACH,0
466.204,0.0339,0.0340,APPROACH,0
466.238,0.0340,0.0340,APPROACH,0
466.272,0.0342,0.0340,APPROACH,0
466.306,0.0338,0.0340,APPROACH,0
466.340,0.0340,0.0340,APPROACH,0
466.374,0.0341,0.0340,APPROACH,0
466.408,0.0341,0.0340,APPROACH,0
466.442,0.0339,0.0340,APPROACH,0
466.476,0.0340,0.0340,APPROACH,0
466.510,0.0340,0.0340,APPROACH,0
466.544,0.0339,0.0340,APPROACH,0
466.578,0.0341,0.0340,APPROACH,0
466.612,0.0341,0.0340,APPROACH,0
466.646,0.0339,0.0340,APPROACH,0
466.680,0.0339,0.0340,APPROACH,0
466.714,0.0340,0.0340,APPROACH,0
466.748,0.0341,0.0340,APPROACH,0
466.782,0.0339,0.0340,APPROACH,0
466.816,0.0340,0.0340,APPROACH,0
466.850,0.0340,0.0340,APPROACH,0
466.884,0.0341,0.0340,APPROACH,0
466.918,0.0339,0.0340,APPROACH,0
466.952,0.0342,0.0340,APPROACH,0
466.986,0.0340,0.0340,APPROACH,0
467.020,0.0339,0.0340,APPROACH,0
467.054,0.0341,0.0340,APPROACH,0
467.089,0.0345,0.0340,APPROACH,0
467.123,0.0337,0.0340,APPROACH,0
467.157,0.0339,0.0340,APPROACH,0
467.191,0.0339,0.0340,APPROACH,0
467.224,0.0339,0.0340,APPROACH,0
467.259,0.0341,0.0340,APPROACH,0
467.292,0.0339,0.0340,APPROACH,0
467.326,0.0340,0.0340,APPROACH,0
467.361,0.0341,0.0340,APPROACH,0
467.395,0.0340,0.0340,APPROACH,0
467.429,0.0342,0.0340,APPROACH,0
467.463,0.0339,0.0340,APPROACH,0
467.497,0.0339,0.0340,APPROACH,0
467.531,0.0341,0.0340,APPROACH,0
467.565,0.0339,0.0340,APPROACH,0
467.599,0.0343,0.0340,APPROACH,0
467.633,0.0339,0.0340,APPROACH,0
467.667,0.0338,0.0340,APPROACH,0
467.701,0.0341,0.0340,APPROACH,0
467.735,0.0341,0.0340,APPROACH,0
467.769,0.0340,0.0340,APPROACH,0
467.803,0.0342,0.0340,APPROACH,0
467.837,0.0338,0.0340,APPROACH,0
467.871,0.0341,0.0340,APPROACH,0
467.905,0.0340,0.0340,APPROACH,0
467.939,0.0342,0.0340,APPROACH,0
467.973,0.0339,0.0340,APPROACH,0
468.007,0.0339,0.0340,APPROACH,0
468.041,0.0341,0.0340,APPROACH,0
468.075,0.0340,0.0340,APPROACH,0
468.109,0.0344,0.0340,APPROACH,0
468.143,0.0335,0.0340,APPROACH,0
468.177,0.0341,0.0340,APPROACH,0
468.211,0.0340,0.0340,APPROACH,0
468.245,0.0339,0.0340,APPROACH,0
468.279,0.0341,0.0340,APPROACH,0
468.313,0.0340,0.0340,APPROACH,0
468.347,0.0340,0.0340,APPROACH,0
468.381,0.0341,0.0340,APPROACH,0
468.415,0.0340,0.0340,APPROACH,0
468.449,0.0341,0.0340,APPROACH,0
468.483,0.0340,0.0340,APPROACH,0
468.517,0.0339,0.0340,APPROACH,0
468.551,0.0341,0.0340,APPROACH,0
468.585,0.0340,0.0340,APPROACH,0
468.619,0.0340,0.0340,APPROACH,0
468.653,0.0340,0.0340,APPROACH,0
468.687,0.0341,0.0340,APPROACH,0
468.721,0.0339,0.0340,APPROACH,0
468.755,0.0341,0.0340,APPROACH,0
468.789,0.0339,0.0340,APPROACH,0
468.823,0.0341,0.0340,APPROACH,0
468.857,0.0340,0.0340,APPROACH,0
468.891,0.0341,0.0340,APPROACH,0
468.925,0.0340,0.0340,APPROACH,0
468.959,0.0339,0.0340,APPROACH,0
468.993,0.0340,0.0340,APPROACH,0
469.027,0.0340,0.0340,APPROACH,0
469.061,0.0342,0.0340,APPROACH,0
469.095,0.0341,0.0340,APPROACH,0
469.129,0.0339,0.0340,APPROACH,0
469.163,0.0340,0.0340,APPROACH,0
469.197,0.0342,0.0340,APPROACH,0
469.231,0.0339,0.0340,APPROACH,0
469.265,0.0341,0.0340,APPROACH,0
469.300,0.0342,0.0340,APPROACH,0
469.333,0.0337,0.0340,APPROACH,0
469.367,0.0340,0.0340,APPROACH,0
469.401,0.0341,0.0340,APPROACH,0
469.436,0.0343,0.0340,APPROACH,0
469.469,0.0337,0.0340,APPROACH,0
469.504,0.0341,0.0340,APPROACH,0
469.537,0.0338,0.0340,APPROACH,0
469.571,0.0341,0.0340,APPROACH,0
469.605,0.0340,0.0340,APPROACH,0
469.640,0.0341,0.0340,APPROACH,0
469.674,0.0342,0.0340,APPROACH,0
469.708,0.0341,0.0340,APPROACH,0
469.742,0.0337,0.0340,APPROACH,0
469.775,0.0339,0.0340,APPROACH,0
469.810,0.0342,0.0340,APPROACH,0
469.844,0.0339,0.0340,APPROACH,0
469.878,0.0341,0.0340,APPROACH,0
469.912,0.0339,0.0340,APPROACH,0
469.946,0.0339,0.0340,APPROACH,0
469.980,0.0341,0.0340,APPROACH,0
470.014,0.0339,0.0340,APPROACH,0
470.048,0.0341,0.0340,APPROACH,0
470.082,0.0340,0.0340,APPROACH,0
470.116,0.0338,0.0340,APPROACH,0
470.150,0.0341,0.0340,APPROACH,0
470.184,0.0343,0.0340,APPROACH,0
470.218,0.0339,0.0340,APPROACH,0
470.252,0.0337,0.0340,APPROACH,0
470.286,0.0340,0.0340,APPROACH,0
470.320,0.0342,0.0340,APPROACH,0
470.354,0.0339,0.0340,APPROACH,0
470.388,0.0340,0.0340,APPROACH,0
470.422,0.0339,0.0340,APPROACH,0
470.456,0.0340,0.0340,APPROACH,0
470.490,0.0340,0.0340,APPROACH,0
470.524,0.0340,0.0340,APPROACH,0
470.558,0.0341,0.0340,APPROACH,0
470.592,0.0341,0.0340,APPROACH,0
470.626,0.0339,0.0340,APPROACH,0
470.660,0.0340,0.0340,APPROACH,0
470.694,0.0338,0.0340,APPROACH,0
470.728,0.0343,0.0340,APPROACH,0
470.762,0.0338,0.0340,APPROACH,0
470.796,0.0341,0.0340,APPROACH,0
470.830,0.0341,0.0340,APPROACH,0
470.864,0.0341,0.0340,APPROACH,0
470.898,0.0340,0.0340,APPROACH,0
470.932,0.0340,0.0340,APPROACH,0
470.966,0.0338,0.0340,APPROACH,0
471.000,0.0340,0.0340,APPROACH,0
471.034,0.0340,0.0340,APPROACH,0
471.068,0.0342,0.0340,APPROACH,0
471.102,0.0339,0.0340,APPROACH,0
471.136,0.0340,0.0340,APPROACH,0
471.170,0.0340,0.0340,APPROACH,0
471.204,0.0340,0.0340,APPROACH,0
471.238,0.0340,0.0340,APPROACH,0
471.272,0.0344,0.0340,APPROACH,0
471.306,0.0336,0.0340,APPROACH,0
471.340,0.0342,0.0340,APPROACH,0
471.374,0.0339,0.0340,APPROACH,0
471.408,0.0341,0.0340,APPROACH,0
471.442,0.0340,0.0340,APPROACH,0
471.476,0.0339,0.0340,APPROACH,0
471.510,0.0339,0.0340,APPROACH,0
471.545,0.0345,0.0340,APPROACH,0
471.578,0.0338,0.0340,APPROACH,0
471.612,0.0339,0.0340,APPROACH,0
471.646,0.0340,0.0340,APPROACH,0
471.680,0.0340,0.0340,APPROACH,0
471.714,0.0342,0.0340,APPROACH,0
471.748,0.0339,0.0340,APPROACH,0
471.782,0.0340,0.0340,APPROACH,0
471.816,0.0340,0.0340,APPROACH,0
471.850,0.0339,0.0340,APPROACH,0
471.885,0.0342,0.0340,APPROACH,0
471.919,0.0340,0.0340,APPROACH,0
471.952,0.0339,0.0340,APPROACH,0
471.987,0.0343,0.0340,APPROACH,0
472.021,0.0339,0.0340,APPROACH,0
472.054,0.0338,0.0340,APPROACH,0
472.088,0.0341,0.0340,APPROACH,0
472.122,0.0340,0.0340,APPROACH,0
472.156,0.0340,0.0340,APPROACH,0
472.190,0.0340,0.0340,APPROACH,0
472.224,0.0340,0.0340,APPROACH,0
472.258,0.0340,0.0340,APPROACH,0
472.293,0.0342,0.0340,APPROACH,0
472.327,0.0338,0.0340,APPROACH,0
472.360,0.0339,0.0340,APPROACH,0
472.394,0.0340,0.0340,APPROACH,0
472.428,0.0340,0.0340,APPROACH,0
472.463,0.0341,0.0340,APPROACH,0
472.497,0.0344,0.0340,APPROACH,0
472.531,0.0337,0.0340,APPROACH,0
472.565,0.0340,0.0340,APPROACH,0
472.598,0.0338,0.0340,APPROACH,0
472.633,0.0340,0.0340,APPROACH,0
472.667,0.0341,0.0340,APPROACH,0
472.701,0.0341,0.0340,APPROACH,0
472.735,0.0340,0.0340,APPROACH,0
472.769,0.0339,0.0340,APPROACH,0
472.803,0.0342,0.0340,APPROACH,0
472.837,0.0344,0.0340,APPROACH,0
472.871,0.0337,0.0340,APPROACH,0
472.905,0.0338,0.0340,APPROACH,0
472.939,0.0341,0.0340,APPROACH,0
472.973,0.0340,0.0340,APPROACH,0
473.007,0.0341,0.0340,APPROACH,0
473.041,0.0340,0.0340,APPROACH,0
473.075,0.0338,0.0340,APPROACH,0
473.109,0.0344,0.0340,APPROACH,0
473.143,0.0337,0.0340,APPROACH,0
473.177,0.0339,0.0340,APPROACH,0
473.211,0.0340,0.0340,APPROACH,0
473.245,0.0341,0.0340,APPROACH,0
473.279,0.0342,0.0340,APPROACH,0
473.313,0.0337,0.0340,APPROACH,0
473.347,0.0340,0.0340,APPROACH,0
473.381,0.0340,0.0340,APPROACH,0
473.415,0.0342,0.0340,APPROACH,0
473.449,0.0343,0.0340,APPROACH,0
473.483,0.0337,0.0340,APPROACH,0
473.517,0.0339,0.0340,APPROACH,0
473.551,0.0340,0.0340,APPROACH,0
473.585,0.0341,0.0340,APPROACH,0
473.619,0.0341,0.0340,APPROACH,0
473.653,0.0344,0.0340,APPROACH,0
473.687,0.0335,0.0340,APPROACH,0
473.721,0.0340,0.0340,APPROACH,0
473.755,0.0340,0.0340,APPROACH,0
473.789,0.0341,0.0340,APPROACH,0
473.823,0.0341,0.0340,APPROACH,0
473.857,0.0338,0.0340,APPROACH,0
473.891,0.0343,0.0340,APPROACH,0
473.925,0.0336,0.0340,APPROACH,0
473.959,0.0342,0.0340,APPROACH,0
473.993,0.0339,0.0340,APPROACH,0
474.027,0.0342,0.0340,APPROACH,0
474.061,0.0339,0.0340,APPROACH,0
474.095,0.0340,0.0340,APPROACH,0
474.129,0.0339,0.0340,APPROACH,0
474.163,0.0342,0.0340,APPROACH,0
474.197,0.0339,0.0340,APPROACH,0
474.231,0.0342,0.0340,APPROACH,0
474.265,0.0340,0.0340,APPROACH,0
474.299,0.0341,0.0340,APPROACH,0
474.333,0.0340,0.0340,APPROACH,0
474.367,0.0340,0.0340,APPROACH,0
474.401,0.0340,0.0340,APPROACH,0
474.435,0.0342,0.0340,APPROACH,0
474.469,0.0337,0.0340,APPROACH,0
474.503,0.0340,0.0340,APPROACH,0
474.537,0.0341,0.0340,APPROACH,0
474.571,0.0340,0.0340,APPROACH,0
474.605,0.0342,0.0340,APPROACH,0
474.639,0.0340,0.0340,BLIND_DASH,0
474.674,0.0342,0.0340,BLIND_DASH,0
474.708,0.0340,0.0340,BLIND_DASH,0
474.741,0.0338,0.0340,BLIND_DASH,0
474.775,0.0340,0.0340,BLIND_DASH,0
474.809,0.0342,0.0340,BLIND_DASH,0
474.844,0.0342,0.0340,BLIND_DASH,0
474.877,0.0337,0.0340,BLIND_DASH,0
474.911,0.0340,0.0340,BLIND_DASH,0
474.945,0.0341,0.0340,BLIND_DASH,0
474.980,0.0341,0.0340,BLIND_DASH,0
475.014,0.0341,0.0340,PATROL,0
475.048,0.0343,0.0340,PATROL,0
475.082,0.0337,0.0340,PATROL,0
475.115,0.0339,0.0340,PATROL,0
475.150,0.0341,0.0340,PATROL,0
475.183,0.0339,0.0340,PATROL,0
475.218,0.0344,0.0340,PATROL,0
475.251,0.0336,0.0340,PATROL,0
475.285,0.0340,0.0340,PATROL,0
475.320,0.0342,0.0340,PATROL,0
475.354,0.0341,0.0340,PATROL,0
475.388,0.0340,0.0340,PATROL,0
475.422,0.0340,0.0340,PATROL,0
475.456,0.0339,0.0340,PATROL,0
475.490,0.0340,0.0340,PATROL,0
475.524,0.0341,0.0340,PATROL,0
475.558,0.0339,0.0340,PATROL,0
475.592,0.0342,0.0340,PATROL,0
475.626,0.0340,0.0340,PATROL,0
475.660,0.0339,0.0340,PATROL,0
475.694,0.0341,0.0340,PATROL,0
475.728,0.0341,0.0340,PATROL,0
475.762,0.0340,0.0340,PATROL,0
475.796,0.0340,0.0340,PATROL,0
475.830,0.0339,0.0340,PATROL,0
475.864,0.0340,0.0340,PATROL,0
475.898,0.0340,0.0340,PATROL,0
475.932,0.0342,0.0340,PATROL,0
475.966,0.0340,0.0340,PATROL,0
476.000,0.0342,0.0340,PATROL,0
476.034,0.0342,0.0340,PATROL,0
476.068,0.0343,0.0340,PATROL,0
476.102,0.0338,0.0340,PATROL,0
476.136,0.0342,0.0340,PATROL,0
476.170,0.0340,0.0340,PATROL,0
476.204,0.0339,0.0340,PATROL,0
476.238,0.0340,0.0340,PATROL,0
476.272,0.0341,0.0340,PATROL,0
476.306,0.0341,0.0340,PATROL,0
476.340,0.0339,0.0340,PATROL,0
476.374,0.0338,0.0340,PATROL,0
476.408,0.0340,0.0340,PATROL,0
476.442,0.0341,0.0340,PATROL,0
476.476,0.0339,0.0340,PATROL,0
476.510,0.0342,0.0340,PATROL,0
476.544,0.0338,0.0340,PATROL,0
476.578,0.0341,0.0340,PATROL,0
476.612,0.0342,0.0340,PATROL,0
476.646,0.0337,0.0340,PATROL,0
476.680,0.0341,0.0340,PATROL,0
476.714,0.0339,0.0340,PATROL,0
476.748,0.0340,0.0340,PATROL,0
476.782,0.0340,0.0340,PATROL,0
476.816,0.0341,0.0340,PATROL,0
476.851,0.0346,0.0340,PATROL,0
476.885,0.0339,0.0340,PATROL,0
476.918,0.0334,0.0340,PATROL,0
476.952,0.0340,0.0340,PATROL,0
476.986,0.0340,0.0340,PATROL,0
477.020,0.0341,0.0340,PATROL,0
477.054,0.0340,0.0340,PATROL,0
477.088,0.0339,0.0340,PATROL,0
477.123,0.0343,0.0340,PATROL,0
477.157,0.0339,0.0340,PATROL,0
477.190,0.0338,0.0340,PATROL,0
477.224,0.0341,0.0340,PATROL,0
477.259,0.0341,0.0340,PATROL,0
477.292,0.0339,0.0340,PATROL,0
477.327,0.0341,0.0340,PATROL,0
477.360,0.0338,0.0340,PATROL,0
477.395,0.0342,0.0340,PATROL,0
477.428,0.0338,0.0340,PATROL,0
477.463,0.0341,0.0340,PATROL,0
477.496,0.0339,0.0340,PATROL,0
477.531,0.0341,0.0340,PATROL,0
477.564,0.0339,0.0340,PATROL,0
477.598,0.0340,0.0340,PATROL,0
477.633,0.0340,0.0340,PATROL,0
477.667,0.0340,0.0340,PATROL,0
477.701,0.0340,0.0340,PATROL,0
477.735,0.0342,0.0340,PATROL,0
477.769,0.0341,0.0340,PATROL,0
477.803,0.0340,0.0340,PATROL,0
477.837,0.0341,0.0340,PATROL,0
477.871,0.0341,0.0340,PATROL,0
477.905,0.0338,0.0340,PATROL,0
477.939,0.0345,0.0340,PATROL,0
477.973,0.0337,0.0340,PATROL,0
478.007,0.0340,0.0340,PATROL,0
478.041,0.0338,0.0340,PATROL,0
478.075,0.0342,0.0340,PATROL,0
478.109,0.0342,0.0340,PATROL,0
478.143,0.0337,0.0340,PATROL,0
478.177,0.0339,0.0340,PATROL,0
478.211,0.0339,0.0340,PATROL,0
478.245,0.0342,0.0340,PATROL,0
478.279,0.0339,0.0340,PATROL,0
478.313,0.0340,0.0340,PATROL,0
478.347,0.0340,0.0340,PATROL,0
478.381,0.0344,0.0340,PATROL,0
478.415,0.0337,0.0340,PATROL,0
478.449,0.0341,0.0340,PATROL,0
478.483,0.0339,0.0340,PATROL,0
478.517,0.0340,0.0340,PATROL,0
478.551,0.0341,0.0340,PATROL,0
478.585,0.0341,0.0340,PATROL,0
478.619,0.0338,0.0340,PATROL,0
478.653,0.0344,0.0340,PATROL,0
478.687,0.0340,0.0340,PATROL,0
478.722,0.0343,0.0340,PATROL,0
478.755,0.0337,0.0340,PATROL,0
478.789,0.0339,0.0340,PATROL,0
478.823,0.0339,0.0340,PATROL,0
478.858,0.0346,0.0340,PATROL,0
478.891,0.0338,0.0340,PATROL,0
478.925,0.0339,0.0340,PATROL,0
478.959,0.0339,0.0340,PATROL,0
478.993,0.0338,0.0340,PATROL,0
479.028,0.0345,0.0340,PATROL,0
479.061,0.0337,0.0340,PATROL,0
479.095,0.0340,0.0340,PATROL,0
479.129,0.0340,0.0340,PATROL,0
479.163,0.0341,0.0340,PATROL,0
479.197,0.0340,0.0340,PATROL,0
479.231,0.0338,0.0340,PATROL,0
479.265,0.0341,0.0340,PATROL,0
479.299,0.0341,0.0340,PATROL,0
479.333,0.0339,0.0340,PATROL,0
479.367,0.0339,0.0340,PATROL,0
479.401,0.0340,0.0340,PATROL,0
479.435,0.0341,0.0340,PATROL,0
479.469,0.0339,0.0340,PATROL,0
479.503,0.0342,0.0340,PATROL,0
479.537,0.0340,0.0340,PATROL,0
479.571,0.0340,0.0340,PATROL,0
479.606,0.0344,0.0340,PATROL,0
479.639,0.0335,0.0340,PATROL,0
479.674,0.0344,0.0340,PATROL,0
479.707,0.0339,0.0340,PATROL,0
479.741,0.0339,0.0340,PATROL,0
479.776,0.0342,0.0340,PATROL,0
479.810,0.0340,0.0340,PATROL,0
479.844,0.0341,0.0340,PATROL,0
479.877,0.0338,0.0340,PATROL,0
479.912,0.0342,0.0340,PATROL,0
479.945,0.0338,0.0340,PATROL,0
479.979,0.0340,0.0340,PATROL,0
480.014,0.0341,0.0340,PATROL,0
480.047,0.0339,0.0340,PATROL,0
480.082,0.0342,0.0340,PATROL,0
480.116,0.0341,0.0340,PATROL,0
480.150,0.0339,0.0340,PATROL,0
480.184,0.0340,0.0340,PATROL,0
480.218,0.0340,0.0340,PATROL,0
480.252,0.0341,0.0340,PATROL,0
480.286,0.0340,0.0340,PATROL,0
480.320,0.0340,0.0340,PATROL,0
480.354,0.0340,0.0340,PATROL,0
480.388,0.0346,0.0340,PATROL,0
480.422,0.0334,0.0340,PATROL,0
480.456,0.0341,0.0340,PATROL,0
480.490,0.0341,0.0340,PATROL,0
480.524,0.0339,0.0340,PATROL,0
480.558,0.0344,0.0340,PATROL,0
480.592,0.0342,0.0340,PATROL,0
480.626,0.0337,0.0340,PATROL,0
480.660,0.0339,0.0340,PATROL,0
480.694,0.0339,0.0340,PATROL,0
480.728,0.0340,0.0340,PATROL,0
480.762,0.0340,0.0340,PATROL,0
480.796,0.0340,0.0340,PATROL,0
480.830,0.0341,0.0340,PATROL,0
480.864,0.0343,0.0340,PATROL,0
480.898,0.0339,0.0340,PATROL,0
480.932,0.0341,0.0340,PATROL,0
480.966,0.0338,0.0340,PATROL,0
481.000,0.0340,0.0340,PATROL,0
481.034,0.0338,0.0340,PATROL,0
481.068,0.0340,0.0340,PATROL,0
481.102,0.0340,0.0340,PATROL,0
481.136,0.0340,0.0340,PATROL,0
481.170,0.0343,0.0340,PATROL,0
481.204,0.0337,0.0340,PATROL,0
481.238,0.0340,0.0340,PATROL,0
481.272,0.0341,0.0340,PATROL,0
481.306,0.0341,0.0340,PATROL,0
481.340,0.0338,0.0340,PATROL,0
481.374,0.0340,0.0340,PATROL,0
481.408,0.0341,0.0340,PATROL,0
481.442,0.0339,0.0340,PATROL,0
481.476,0.0342,0.0340,PATROL,0
481.510,0.0339,0.0340,PATROL,0
481.544,0.0342,0.0340,PATROL,0
481.578,0.0338,0.0340,PATROL,0
481.612,0.0338,0.0340,PATROL,0
481.646,0.0341,0.0340,PATROL,0
481.680,0.0340,0.0340,PATROL,0
481.714,0.0339,0.0340,PATROL,0
481.748,0.0344,0.0340,PATROL,0
481.782,0.0341,0.0340,PATROL,0
481.816,0.0337,0.0340,PATROL,0
481.850,0.0341,0.0340,PATROL,0
481.884,0.0339,0.0340,PATROL,0
481.918,0.0341,0.0340,PATROL,0
481.952,0.0340,0.0340,PATROL,0
481.986,0.0338,0.0340,PATROL,0
482.020,0.0341,0.0340,PATROL,0
482.054,0.0340,0.0340,PATROL,0
482.088,0.0339,0.0340,PATROL,0
482.122,0.0341,0.0340,PATROL,0
482.156,0.0341,0.0340,PATROL,0
482.190,0.0339,0.0340,PATROL,0
482.224,0.0339,0.0340,PATROL,0
482.258,0.0340,0.0340,PATROL,0
482.292,0.0340,0.0340,PATROL,0
482.326,0.0341,0.0340,PATROL,0
482.360,0.0340,0.0340,PATROL,0
482.394,0.0339,0.0340,PATROL,0
482.428,0.0341,0.0340,PATROL,0
482.462,0.0340,0.0340,PATROL,0
482.496,0.0339,0.0340,PATROL,0
482.530,0.0340,0.0340,PATROL,0
482.564,0.0341,0.0340,PATROL,0
482.598,0.0341,0.0340,PATROL,0
482.633,0.0341,0.0340,PATROL,0
482.666,0.0339,0.0340,PATROL,0
482.700,0.0340,0.0340,PATROL,0
482.735,0.0343,0.0340,PATROL,0
482.769,0.0338,0.0340,PATROL,0
482.803,0.0342,0.0340,PATROL,0
482.837,0.0340,0.0340,PATROL,0
482.871,0.0340,0.0340,PATROL,0
482.905,0.0340,0.0340,PATROL,0
482.939,0.0340,0.0340,PATROL,0
482.973,0.0339,0.0340,PATROL,0
483.007,0.0341,0.0340,PATROL,0
483.041,0.0343,0.0340,PATROL,0
483.075,0.0337,0.0340,PATROL,0
483.109,0.0340,0.0340,PATROL,0
483.143,0.0340,0.0340,PATROL,0
483.177,0.0340,0.0340,PATROL,0
483.211,0.0342,0.0340,PATROL,0
483.245,0.0340,0.0340,PATROL,0
483.279,0.0340,0.0340,PATROL,0
483.313,0.0341,0.0340,PATROL,0
483.347,0.0339,0.0340,PATROL,0
483.381,0.0339,0.0340,PATROL,0
483.415,0.0339,0.0340,PATROL,0
483.449,0.0340,0.0340,PATROL,0
483.483,0.0340,0.0340,PATROL,0
483.517,0.0340,0.0340,PATROL,0
483.551,0.0341,0.0340,PATROL,0
483.585,0.0341,0.0340,PATROL,0
483.619,0.0340,0.0340,ALIGN,0
483.653,0.0339,0.0340,ALIGN,0
483.687,0.0341,0.0340,ALIGN,0
483.721,0.0339,0.0340,APPROACH,0
483.755,0.0341,0.0340,APPROACH,0
483.789,0.0339,0.0340,APPROACH,0
483.823,0.0342,0.0340,APPROACH,0
483.857,0.0343,0.0340,APPROACH,0
483.891,0.0339,0.0340,APPROACH,0
483.925,0.0339,0.0340,APPROACH,0
483.959,0.0340,0.0340,APPROACH,0
483.993,0.0340,0.0340,APPROACH,0
484.027,0.0340,0.0340,APPROACH,0
484.061,0.0340,0.0340,APPROACH,0
484.095,0.0342,0.0340,APPROACH,0
484.129,0.0340,0.0340,APPROACH,0
484.163,0.0341,0.0340,APPROACH,0
484.197,0.0338,0.0340,APPROACH,0
484.231,0.0340,0.0340,APPROACH,0
484.265,0.0340,0.0340,APPROACH,0
484.299,0.0340,0.0340,APPROACH,0
484.333,0.0340,0.0340,APPROACH,0
484.367,0.0342,0.0340,APPROACH,0
484.401,0.0340,0.0340,APPROACH,0
484.436,0.0345,0.0340,APPROACH,0
484.469,0.0337,0.0340,APPROACH,0
484.503,0.0340,0.0340,APPROACH,0
484.537,0.0339,0.0340,APPROACH,0
484.571,0.0340,0.0340,APPROACH,0
484.605,0.0339,0.0340,APPROACH,0
484.639,0.0339,0.0340,APPROACH,0
484.673,0.0343,0.0340,APPROACH,0
484.707,0.0337,0.0340,APPROACH,0
484.741,0.0340,0.0340,APPROACH,0
484.775,0.0343,0.0340,APPROACH,0
484.809,0.0340,0.0340,APPROACH,0
484.843,0.0340,0.0340,APPROACH,0
484.877,0.0340,0.0340,APPROACH,0
484.911,0.0340,0.0340,APPROACH,0
484.945,0.0339,0.0340,APPROACH,0
484.980,0.0342,0.0340,APPROACH,0
485.013,0.0338,0.0340,APPROACH,0
485.047,0.0341,0.0340,APPROACH,0
485.081,0.0340,0.0340,APPROACH,0
485.115,0.0340,0.0340,APPROACH,0
485.149,0.0340,0.0340,APPROACH,0
485.183,0.0339,0.0340,APPROACH,0
485.217,0.0341,0.0340,APPROACH,0
485.252,0.0341,0.0340,APPROACH,0
485.285,0.0339,0.0340,APPROACH,0
485.319,0.0339,0.0340,APPROACH,0
485.353,0.0340,0.0340,APPROACH,0
485.387,0.0340,0.0340,APPROACH,0
485.422,0.0340,0.0340,APPROACH,0
485.455,0.0339,0.0340,APPROACH,0
485.490,0.0342,0.0340,APPROACH,0
485.524,0.0340,0.0340,APPROACH,0
485.558,0.0339,0.0340,APPROACH,0
485.591,0.0339,0.0340,APPROACH,0
485.625,0.0340,0.0340,APPROACH,0
485.660,0.0342,0.0340,APPROACH,0
485.694,0.0339,0.0340,APPROACH,0
485.728,0.0340,0.0340,APPROACH,0
485.762,0.0341,0.0340,APPROACH,0
485.796,0.0338,0.0340,APPROACH,0
485.830,0.0344,0.0340,APPROACH,0
485.864,0.0340,0.0340,APPROACH,0
485.898,0.0337,0.0340,APPROACH,0
485.932,0.0341,0.0340,APPROACH,0
485.966,0.0339,0.0340,APPROACH,0
486.000,0.0340,0.0340,APPROACH,0
486.034,0.0341,0.0340,APPROACH,0
486.068,0.0342,0.0340,APPROACH,0
486.102,0.0338,0.0340,APPROACH,0
486.136,0.0341,0.0340,APPROACH,0
486.170,0.0341,0.0340,APPROACH,0
486.204,0.0340,0.0340,APPROACH,0
486.238,0.0339,0.0340,APPROACH,0
486.272,0.0341,0.0340,APPROACH,0
486.306,0.0339,0.0340,APPROACH,0
486.340,0.0341,0.0340,APPROACH,0
486.374,0.0341,0.0340,APPROACH,0
486.408,0.0339,0.0340,APPROACH,0
486.442,0.0340,0.0340,APPROACH,0
486.476,0.0343,0.0340,APPROACH,0
486.510,0.0339,0.0340,APPROACH,0
486.544,0.0338,0.0340,APPROACH,0
486.578,0.0343,0.0340,APPROACH,0
486.612,0.0340,0.0340,APPROACH,0
486.646,0.0338,0.0340,APPROACH,0
486.680,0.0341,0.0340,APPROACH,0
486.714,0.0339,0.0340,APPROACH,0
486.748,0.0344,0.0340,APPROACH,0
486.782,0.0339,0.0340,APPROACH,0
486.816,0.0339,0.0340,APPROACH,0
486.850,0.0342,0.0340,APPROACH,0
486.884,0.0339,0.0340,APPROACH,0
486.918,0.0338,0.0340,APPROACH,0
486.952,0.0340,0.0340,APPROACH,0
486.986,0.0339,0.0340,APPROACH,0
487.020,0.0340,0.0340,APPROACH,0
487.055,0.0348,0.0340,APPROACH,0
487.089,0.0340,0.0340,APPROACH,0
487.123,0.0342,0.0340,APPROACH,0
487.157,0.0338,0.0340,APPROACH,0
487.191,0.0340,0.0340,APPROACH,0
487.225,0.0341,0.0340,APPROACH,0
487.259,0.0340,0.0340,APPROACH,0
487.293,0.0340,0.0340,APPROACH,0
487.327,0.0340,0.0340,APPROACH,0
487.361,0.0340,0.0340,APPROACH,0
487.395,0.0341,0.0340,APPROACH,0
487.429,0.0341,0.0340,APPROACH,0
487.463,0.0338,0.0340,APPROACH,0
487.497,0.0339,0.0340,APPROACH,0
487.531,0.0341,0.0340,APPROACH,0
487.565,0.0340,0.0340,APPROACH,0
487.599,0.0340,0.0340,APPROACH,0
487.633,0.0342,0.0340,APPROACH,0
487.667,0.0338,0.0340,APPROACH,0
487.701,0.0339,0.0340,APPROACH,0
487.735,0.0339,0.0340,APPROACH,0
487.769,0.0342,0.0340,APPROACH,0
487.803,0.0340,0.0340,APPROACH,0
487.837,0.0339,0.0340,APPROACH,0
487.871,0.0343,0.0340,APPROACH,0
487.905,0.0339,0.0340,APPROACH,0
487.940,0.0343,0.0340,APPROACH,0
487.973,0.0338,0.0340,APPROACH,0
488.007,0.0340,0.0340,APPROACH,0
488.041,0.0340,0.0340,APPROACH,0
488.075,0.0341,0.0340,APPROACH,0
488.109,0.0339,0.0340,APPROACH,0
488.143,0.0342,0.0340,APPROACH,0
488.178,0.0340,0.0340,APPROACH,0
488.212,0.0341,0.0340,APPROACH,0
488.245,0.0337,0.0340,APPROACH,0
488.279,0.0340,0.0340,APPROACH,0
488.314,0.0343,0.0340,APPROACH,0
488.347,0.0337,0.0340,APPROACH,0
488.381,0.0340,0.0340,APPROACH,0
488.415,0.0342,0.0340,APPROACH,0
488.449,0.0339,0.0340,APPROACH,0
488.484,0.0342,0.0340,APPROACH,0
488.517,0.0338,0.0340,APPROACH,0
488.551,0.0342,0.0340,APPROACH,0
488.585,0.0340,0.0340,APPROACH,0
488.619,0.0340,0.0340,APPROACH,0
488.653,0.0340,0.0340,APPROACH,0
488.688,0.0341,0.0340,APPROACH,0
488.722,0.0341,0.0340,APPROACH,0
488.756,0.0339,0.0340,APPROACH,0
488.790,0.0339,0.0340,APPROACH,0
488.823,0.0339,0.0340,APPROACH,0
488.858,0.0341,0.0340,APPROACH,0
488.892,0.0343,0.0340,APPROACH,0
488.926,0.0337,0.0340,APPROACH,0
488.960,0.0340,0.0340,APPROACH,0
488.994,0.0339,0.0340,APPROACH,0
489.028,0.0344,0.0340,APPROACH,0
489.062,0.0338,0.0340,APPROACH,0
489.096,0.0340,0.0340,APPROACH,0
489.130,0.0339,0.0340,APPROACH,0
489.164,0.0341,0.0340,APPROACH,0
489.198,0.0339,0.0340,APPROACH,0
489.232,0.0339,0.0340,APPROACH,0
489.266,0.0340,0.0340,APPROACH,0
489.300,0.0340,0.0340,APPROACH,0
489.334,0.0342,0.0340,APPROACH,0
489.368,0.0339,0.0340,APPROACH,0
489.402,0.0342,0.0340,APPROACH,0
489.436,0.0338,0.0340,APPROACH,0
489.470,0.0343,0.0340,APPROACH,0
489.504,0.0339,0.0340,APPROACH,0
489.538,0.0339,0.0340,APPROACH,0
489.572,0.0340,0.0340,APPROACH,0
489.606,0.0341,0.0340,APPROACH,0
489.640,0.0339,0.0340,APPROACH,0
489.674,0.0341,0.0340,APPROACH,0
489.708,0.0339,0.0340,APPROACH,0
489.742,0.0340,0.0340,APPROACH,0
489.776,0.0342,0.0340,APPROACH,0
489.810,0.0343,0.0340,APPROACH,0
489.844,0.0340,0.0340,APPROACH,0
489.878,0.0338,0.0340,APPROACH,0
489.912,0.0344,0.0340,APPROACH,0
489.946,0.0340,0.0340,APPROACH,0
489.980,0.0337,0.0340,APPROACH,0
490.014,0.0342,0.0340,APPROACH,0
490.048,0.0338,0.0340,APPROACH,0
490.082,0.0341,0.0340,APPROACH,0
490.116,0.0339,0.0340,APPROACH,0
490.150,0.0340,0.0340,APPROACH,0
490.184,0.0340,0.0340,APPROACH,0
490.218,0.0338,0.0340,APPROACH,0
490.252,0.0341,0.0340,APPROACH,0
490.286,0.0340,0.0340,APPROACH,0
490.320,0.0339,0.0340,APPROACH,0
490.354,0.0341,0.0340,APPROACH,0
490.388,0.0342,0.0340,APPROACH,0
490.422,0.0338,0.0340,APPROACH,0
490.456,0.0340,0.0340,APPROACH,0
490.490,0.0340,0.0340,APPROACH,0
490.524,0.0341,0.0340,APPROACH,0
490.558,0.0341,0.0340,APPROACH,0
490.592,0.0338,0.0340,APPROACH,0
490.626,0.0341,0.0340,APPROACH,0
490.660,0.0340,0.0340,APPROACH,0
490.694,0.0339,0.0340,APPROACH,0
490.728,0.0340,0.0340,APPROACH,0
490.762,0.0340,0.0340,APPROACH,0
490.796,0.0340,0.0340,APPROACH,0
490.830,0.0342,0.0340,APPROACH,0
490.864,0.0341,0.0340,APPROACH,0
490.899,0.0342,0.0340,APPROACH,0
490.933,0.0341,0.0340,APPROACH,0
490.966,0.0338,0.0340,APPROACH,0
491.001,0.0342,0.0340,APPROACH,0
491.034,0.0337,0.0340,APPROACH,0
491.068,0.0342,0.0340,APPROACH,0
491.102,0.0340,0.0340,APPROACH,0
491.136,0.0340,0.0340,APPROACH,0
491.170,0.0341,0.0340,APPROACH,0
491.204,0.0340,0.0340,APPROACH,0
491.239,0.0341,0.0340,APPROACH,0
491.273,0.0339,0.0340,APPROACH,0
491.306,0.0340,0.0340,APPROACH,0
491.340,0.0339,0.0340,APPROACH,0
491.375,0.0342,0.0340,APPROACH,0
491.409,0.0340,0.0340,APPROACH,0
491.443,0.0344,0.0340,APPROACH,0
491.477,0.0338,0.0340,APPROACH,0
491.511,0.0340,0.0340,APPROACH,0
491.545,0.0339,0.0340,APPROACH,0
491.579,0.0341,0.0340,APPROACH,0
491.613,0.0340,0.0340,APPROACH,0
491.647,0.0342,0.0340,APPROACH,0
491.681,0.0338,0.0340,APPROACH,0
491.715,0.0340,0.0340,APPROACH,0
491.749,0.0342,0.0340,APPROACH,0
491.783,0.0341,0.0340,APPROACH,0
491.817,0.0339,0.0340,APPROACH,0
491.851,0.0338,0.0340,APPROACH,0
491.885,0.0340,0.0340,APPROACH,0
491.919,0.0341,0.0340,APPROACH,0
491.953,0.0341,0.0340,APPROACH,0
491.987,0.0341,0.0340,APPROACH,0
492.021,0.0340,0.0340,BLIND_DASH,0
492.055,0.0343,0.0340,BLIND_DASH,0
492.089,0.0335,0.0340,BLIND_DASH,0
492.123,0.0340,0.0340,BLIND_DASH,0
492.157,0.0342,0.0340,BLIND_DASH,0
492.191,0.0342,0.0340,BLIND_DASH,0
492.225,0.0338,0.0340,BLIND_DASH,0
492.259,0.0339,0.0340,BLIND_DASH,0
492.293,0.0340,0.0340,BLIND_DASH,0
492.327,0.0340,0.0340,PATROL,0
492.361,0.0339,0.0340,PATROL,0
492.395,0.0340,0.0340,PATROL,0
