t,wall_dt,sim_dt,state,dropped,stale_wheel_detected,stale_wheel_fallback_used
0.057,0.0337,,PATROL,0,0,0
0.091,0.0341,0.0000,PATROL,0,0,0
0.125,0.0340,0.1000,PATROL,0,0,0
0.159,0.0341,0.0000,PATROL,0,0,0
0.193,0.0342,0.0000,PATROL,0,0,0
0.227,0.0336,0.1000,PATROL,0,0,0
0.261,0.0343,0.0000,PATROL,0,0,0
0.295,0.0341,0.0000,PATROL,0,0,0
0.329,0.0339,0.1000,PATROL,0,0,0
0.363,0.0344,0.0000,PATROL,0,0,0
0.397,0.0338,0.0000,PATROL,0,0,0
0.431,0.0338,0.1000,PATROL,0,0,0
0.465,0.0342,0.0000,PATROL,0,0,0
0.499,0.0340,0.0000,PATROL,0,0,0
0.533,0.0339,0.1000,PATROL,0,0,0
0.567,0.0341,0.0000,PATROL,0,0,0
0.601,0.0340,0.0000,PATROL,0,0,0
0.635,0.0338,0.1000,PATROL,0,0,0
0.669,0.0344,0.0000,PATROL,0,0,0
0.704,0.0348,0.0000,PATROL,0,0,0
0.737,0.0331,0.1000,PATROL,0,0,0
0.771,0.0340,0.0000,PATROL,0,0,0
0.805,0.0341,0.0000,PATROL,0,0,0
0.839,0.0339,0.1000,PATROL,0,0,0
0.873,0.0339,0.0000,PATROL,0,0,0
0.907,0.0344,0.0000,PATROL,0,0,0
0.941,0.0338,0.1000,PATROL,0,0,0
0.976,0.0348,0.0000,PATROL,0,0,0
1.010,0.0338,0.0000,PATROL,0,0,0
1.043,0.0332,0.1000,PATROL,0,0,0
1.077,0.0344,0.0000,PATROL,0,0,0
1.111,0.0339,0.0000,PATROL,0,0,0
1.146,0.0342,0.1000,PATROL,0,0,0
1.179,0.0337,0.0000,PATROL,0,0,0
1.213,0.0341,0.0000,PATROL,0,0,0
1.248,0.0341,0.1000,PATROL,0,0,0
1.282,0.0349,0.0000,PATROL,0,0,0
1.315,0.0328,0.0000,PATROL,0,0,0
1.350,0.0345,0.1000,PATROL,0,0,0
1.384,0.0338,0.0000,PATROL,0,0,0
1.417,0.0340,0.0000,PATROL,0,0,0
1.451,0.0339,0.1000,PATROL,0,0,0
1.485,0.0341,0.0000,PATROL,0,0,0
1.519,0.0339,0.0000,PATROL,0,0,0
1.554,0.0342,0.1000,PATROL,0,0,0
1.587,0.0339,0.0000,PATROL,0,0,0
1.621,0.0340,0.0000,PATROL,0,0,0
1.656,0.0345,0.1000,PATROL,0,0,0
1.690,0.0339,0.0000,PATROL,0,0,0
1.724,0.0339,0.0000,PATROL,0,0,0
1.758,0.0338,0.1000,PATROL,0,0,0
1.792,0.0345,0.0000,PATROL,0,0,0
1.826,0.0335,0.1000,PATROL,0,0,0
1.860,0.0347,0.0000,PATROL,0,0,0
1.894,0.0337,0.0000,PATROL,0,0,0
1.928,0.0338,0.1000,PATROL,0,0,0
1.962,0.0342,0.0000,PATROL,0,0,0
1.996,0.0342,0.0000,PATROL,0,0,0
2.030,0.0335,0.1000,PATROL,0,0,0
2.064,0.0343,0.0000,PATROL,0,0,0
2.098,0.0344,0.0000,PATROL,0,0,0
2.132,0.0336,0.1000,PATROL,0,0,0
2.166,0.0340,0.0000,PATROL,0,0,0
2.200,0.0339,0.0000,PATROL,0,0,0
2.234,0.0340,0.1000,PATROL,0,0,0
2.268,0.0341,0.0000,PATROL,0,0,0
2.302,0.0339,0.0000,PATROL,0,0,0
2.337,0.0348,0.1000,PATROL,0,0,0
2.370,0.0333,0.0000,PATROL,0,0,0
2.404,0.0339,0.0000,PATROL,0,0,0
2.438,0.0343,0.1000,PATROL,0,0,0
2.473,0.0344,0.0000,PATROL,0,0,0
2.506,0.0335,0.0000,PATROL,0,0,0
2.541,0.0344,0.1000,PATROL,0,0,0
2.575,0.0340,0.0000,PATROL,0,0,0
2.610,0.0352,0.0000,PATROL,0,0,0
2.642,0.0325,0.1000,PATROL,0,0,0
2.676,0.0342,0.0000,PATROL,0,0,0
2.710,0.0338,0.0000,PATROL,0,0,0
2.744,0.0341,0.1000,PATROL,0,0,0
2.778,0.0337,0.0000,PATROL,0,0,0
2.812,0.0340,0.0000,PATROL,0,0,0
2.846,0.0342,0.1000,PATROL,0,0,0
2.881,0.0343,0.0000,PATROL,0,0,0
2.914,0.0335,0.0000,PATROL,0,0,0
2.948,0.0343,0.1000,PATROL,0,0,0
2.982,0.0341,0.0000,PATROL,0,0,0
3.017,0.0341,0.0000,PATROL,0,0,0
3.051,0.0341,0.1000,PATROL,0,0,0
3.084,0.0338,0.0000,PATROL,0,0,0
3.119,0.0341,0.0000,PATROL,0,0,0
3.154,0.0359,0.1000,PATROL,0,0,0
3.187,0.0331,0.0000,PATROL,0,0,0
3.221,0.0336,0.0000,PATROL,0,0,0
3.255,0.0337,0.1000,PATROL,0,0,0
3.289,0.0344,0.0000,PATROL,0,0,0
3.323,0.0336,0.0000,PATROL,0,0,0
3.357,0.0343,0.1000,PATROL,0,0,0
3.391,0.0337,0.0000,PATROL,0,0,0
3.426,0.0350,0.0000,PATROL,0,0,0
3.459,0.0330,0.1000,PATROL,0,0,0
3.493,0.0343,0.0000,PATROL,0,0,0
3.526,0.0335,0.1000,PATROL,0,0,0
3.561,0.0344,0.0000,PATROL,0,0,0
3.595,0.0342,0.0000,PATROL,0,0,0
3.629,0.0338,0.1000,PATROL,0,0,0
3.663,0.0342,0.0000,PATROL,0,0,0
3.697,0.0339,0.0000,PATROL,0,0,0
3.731,0.0338,0.1000,PATROL,0,0,0
3.765,0.0341,0.0000,PATROL,0,0,0
3.799,0.0341,0.0000,PATROL,0,0,0
3.833,0.0339,0.1000,PATROL,0,0,0
3.867,0.0342,0.0000,PATROL,0,0,0
3.901,0.0342,0.0000,PATROL,0,0,0
3.935,0.0339,0.1000,PATROL,0,0,0
3.969,0.0339,0.0000,PATROL,0,0,0
4.003,0.0340,0.0000,PATROL,0,0,0
4.037,0.0343,0.1000,PATROL,0,0,0
4.071,0.0340,0.0000,PATROL,0,0,0
4.105,0.0339,0.0000,PATROL,0,0,0
4.139,0.0339,0.1000,PATROL,0,0,0
4.174,0.0347,0.0000,PATROL,0,0,0
4.207,0.0335,0.0000,PATROL,0,0,0
4.241,0.0339,0.1000,PATROL,0,0,0
4.276,0.0347,0.0000,PATROL,0,0,0
4.309,0.0335,0.0000,PATROL,0,0,0
4.343,0.0339,0.1000,PATROL,0,0,0
4.378,0.0344,0.0000,PATROL,0,0,0
4.411,0.0335,0.0000,PATROL,0,0,0
4.445,0.0339,0.1000,PATROL,0,0,0
4.479,0.0340,0.0000,PATROL,0,0,0
4.513,0.0344,0.0000,PATROL,0,0,0
4.547,0.0338,0.1000,PATROL,0,0,0
4.581,0.0341,0.0000,PATROL,0,0,0
4.615,0.0340,0.0000,PATROL,0,0,0
4.649,0.0340,0.1000,PATROL,0,0,0
4.683,0.0341,0.0000,PATROL,0,0,0
4.718,0.0341,0.0000,PATROL,0,0,0
4.752,0.0341,0.1000,PATROL,0,0,0
4.786,0.0339,0.0000,PATROL,0,0,0
4.819,0.0339,0.0000,PATROL,0,0,0
4.854,0.0345,0.1000,PATROL,0,0,0
4.888,0.0341,0.0000,PATROL,0,0,0
4.921,0.0335,0.0000,PATROL,0,0,0
4.956,0.0345,0.1000,PATROL,0,0,0
4.990,0.0338,0.0000,PATROL,0,0,0
5.024,0.0344,0.0000,PATROL,0,0,0
5.058,0.0338,0.1000,PATROL,0,0,0
5.092,0.0341,0.0000,PATROL,0,0,0
5.126,0.0339,0.0000,PATROL,0,0,0
5.159,0.0335,0.1000,PATROL,0,0,0
5.194,0.0344,0.0000,PATROL,0,0,0
5.227,0.0336,0.1000,PATROL,0,0,0
5.262,0.0343,0.0000,PATROL,0,0,0
5.296,0.0343,0.0000,PATROL,0,0,0
5.329,0.0334,0.1000,PATROL,0,0,0
5.364,0.0342,0.0000,PATROL,0,0,0
5.398,0.0346,0.0000,PATROL,0,0,0
5.432,0.0335,0.1000,PATROL,0,0,0
5.466,0.0343,0.0000,PATROL,0,0,0
5.500,0.0336,0.0000,PATROL,0,0,0
5.534,0.0340,0.1000,PATROL,0,0,0
5.568,0.0348,0.0000,PATROL,0,0,0
5.602,0.0333,0.0000,PATROL,0,0,0
5.636,0.0341,0.1000,PATROL,0,0,0
5.670,0.0340,0.0000,PATROL,0,0,0
5.704,0.0342,0.0000,PATROL,0,0,0
5.738,0.0336,0.1000,PATROL,0,0,0
5.772,0.0346,0.0000,PATROL,0,0,0
5.806,0.0338,0.0000,PATROL,0,0,0
5.840,0.0337,0.1000,PATROL,0,0,0
5.875,0.0348,0.0000,PATROL,0,0,0
5.909,0.0347,0.0000,PATROL,0,0,0
5.942,0.0328,0.1000,PATROL,0,0,0
5.976,0.0343,0.0000,PATROL,0,0,0
6.010,0.0337,0.0000,PATROL,0,0,0
6.044,0.0338,0.1000,PATROL,0,0,0
6.078,0.0340,0.0000,PATROL,0,0,0
6.112,0.0342,0.0000,PATROL,0,0,0
6.146,0.0339,0.1000,PATROL,0,0,0
6.180,0.0340,0.0000,PATROL,0,0,0
6.214,0.0342,0.0000,PATROL,0,0,0
6.248,0.0340,0.1000,PATROL,0,0,0
6.282,0.0340,0.0000,PATROL,0,0,0
6.316,0.0341,0.0000,PATROL,0,0,0
6.351,0.0343,0.1000,PATROL,0,0,0
6.384,0.0338,0.0000,PATROL,0,0,0
6.418,0.0342,0.0000,PATROL,0,0,0
6.452,0.0339,0.1000,PATROL,0,0,0
6.486,0.0339,0.0000,PATROL,0,0,0
6.520,0.0340,0.0000,PATROL,0,0,0
6.554,0.0340,0.1000,PATROL,0,0,0
6.588,0.0339,0.0000,PATROL,0,0,0
6.622,0.0341,0.0000,PATROL,0,0,0
6.657,0.0342,0.1000,PATROL,0,0,0
6.690,0.0336,0.0000,PATROL,0,0,0
6.724,0.0341,0.0000,PATROL,0,0,0
6.759,0.0346,0.1000,PATROL,0,0,0
6.792,0.0334,0.0000,PATROL,0,0,0
6.826,0.0341,0.0000,PATROL,0,0,0
6.861,0.0343,0.1000,PATROL,0,0,0
6.895,0.0340,0.0000,PATROL,0,0,0
6.929,0.0340,0.1000,PATROL,0,0,0
6.962,0.0337,0.0000,PATROL,0,0,0
6.997,0.0341,0.0000,PATROL,0,0,0
7.030,0.0337,0.1000,PATROL,0,0,0
7.064,0.0342,0.0000,PATROL,0,0,0
7.099,0.0346,0.0000,PATROL,0,0,0
7.132,0.0335,0.1000,PATROL,0,0,0
7.167,0.0344,0.0000,PATROL,0,0,0
7.201,0.0341,0.0000,PATROL,0,0,0
7.235,0.0341,0.1000,PATROL,0,0,0
7.269,0.0339,0.0000,PATROL,0,0,0
7.303,0.0338,0.0000,PATROL,0,0,0
7.336,0.0338,0.1000,PATROL,0,0,0
7.371,0.0344,0.0000,PATROL,0,0,0
7.405,0.0341,0.0000,PATROL,0,0,0
7.439,0.0340,0.1000,PATROL,0,0,0
7.473,0.0339,0.0000,PATROL,0,0,0
7.507,0.0338,0.0000,PATROL,0,0,0
7.541,0.0340,0.1000,PATROL,0,0,0
7.575,0.0341,0.0000,PATROL,0,0,0
7.609,0.0342,0.0000,PATROL,0,0,0
7.644,0.0345,0.1000,PATROL,0,0,0
7.677,0.0335,0.0000,PATROL,0,0,0
7.711,0.0337,0.0000,PATROL,0,0,0
7.745,0.0344,0.1000,PATROL,0,0,0
7.779,0.0337,0.0000,PATROL,0,0,0
7.813,0.0339,0.0000,PATROL,0,0,0
7.847,0.0344,0.1000,PATROL,0,0,0
7.881,0.0338,0.0000,PATROL,0,0,0
7.915,0.0340,0.0000,PATROL,0,0,0
7.949,0.0339,0.1000,PATROL,0,0,0
7.983,0.0341,0.0000,PATROL,0,0,0
8.017,0.0341,0.0000,PATROL,0,0,0
8.051,0.0339,0.1000,PATROL,0,0,0
8.085,0.0341,0.0000,PATROL,0,0,0
8.119,0.0338,0.0000,PATROL,0,0,0
8.153,0.0345,0.1000,PATROL,0,0,0
8.187,0.0337,0.0000,PATROL,0,0,0
8.221,0.0341,0.0000,PATROL,0,0,0
8.256,0.0345,0.1000,PATROL,0,0,0
8.290,0.0348,0.0000,PATROL,0,0,0
8.323,0.0327,0.0000,PATROL,0,0,0
8.357,0.0341,0.1000,PATROL,0,0,0
8.391,0.0340,0.0000,PATROL,0,0,0
8.425,0.0341,0.0000,PATROL,0,0,0
8.459,0.0340,0.1000,PATROL,0,0,0
8.493,0.0340,0.0000,PATROL,0,0,0
8.528,0.0341,0.0000,PATROL,0,0,0
8.561,0.0337,0.1000,PATROL,0,0,0
8.596,0.0348,0.0000,PATROL,0,0,0
8.629,0.0334,0.1000,PATROL,0,0,0
8.663,0.0339,0.0000,PATROL,0,0,0
8.698,0.0346,0.0000,PATROL,0,0,0
8.731,0.0334,0.1000,PATROL,0,0,0
8.765,0.0343,0.0000,PATROL,0,0,0
8.799,0.0340,0.0000,PATROL,0,0,0
8.833,0.0340,0.1000,PATROL,0,0,0
8.868,0.0342,0.0000,PATROL,0,0,0
8.902,0.0342,0.0000,PATROL,0,0,0
8.935,0.0336,0.1000,PATROL,0,0,0
8.970,0.0343,0.0000,PATROL,0,0,0
9.004,0.0338,0.0000,PATROL,0,0,0
9.037,0.0339,0.1000,PATROL,0,0,0
9.072,0.0343,0.0000,PATROL,0,0,0
9.106,0.0338,0.0000,PATROL,0,0,0
9.140,0.0341,0.1000,PATROL,0,0,0
9.174,0.0341,0.0000,PATROL,0,0,0
9.208,0.0343,0.0000,PATROL,0,0,0
9.242,0.0335,0.1000,PATROL,0,0,0
9.276,0.0345,0.0000,PATROL,0,0,0
9.310,0.0336,0.0000,PATROL,0,0,0
9.344,0.0346,0.1000,PATROL,0,0,0
9.378,0.0343,0.0000,PATROL,0,0,0
9.412,0.0332,0.0000,PATROL,0,0,0
9.446,0.0341,0.1000,PATROL,0,0,0
9.480,0.0344,0.0000,PATROL,0,0,0
9.514,0.0336,0.0000,PATROL,0,0,0
9.548,0.0340,0.1000,PATROL,0,0,0
9.582,0.0340,0.0000,PATROL,0,0,0
9.616,0.0342,0.0000,PATROL,0,0,0
9.650,0.0340,0.1000,PATROL,0,0,0
9.684,0.0342,0.0000,PATROL,0,0,0
9.718,0.0337,0.0000,PATROL,0,0,0
9.752,0.0342,0.1000,PATROL,0,0,0
9.786,0.0339,0.0000,PATROL,0,0,0
9.820,0.0341,0.0000,PATROL,0,0,0
9.854,0.0340,0.1000,ALIGN,0,0,0
9.889,0.0351,0.0000,ALIGN,0,0,0
9.922,0.0328,0.0000,ALIGN,0,0,0
9.956,0.0345,0.1000,ALIGN,0,0,0
9.990,0.0337,0.0000,ALIGN,0,0,0
10.024,0.0339,0.0000,ALIGN,0,0,0
10.058,0.0341,0.1000,ALIGN,0,0,0
10.092,0.0340,0.0000,ALIGN,0,0,0
10.126,0.0339,0.0000,ALIGN,0,0,0
10.161,0.0347,0.1000,ALIGN,0,0,0
10.194,0.0335,0.0000,ALIGN,0,0,0
10.228,0.0339,0.0000,ALIGN,0,0,0
10.262,0.0340,0.1000,ALIGN,0,0,0
10.296,0.0339,0.0000,ALIGN,0,0,0
10.330,0.0342,0.1000,ALIGN,0,0,0
10.365,0.0343,0.0000,ALIGN,0,0,0
10.399,0.0339,0.0000,ALIGN,0,0,0
10.432,0.0335,0.1000,ALIGN,0,0,0
10.466,0.0343,0.0000,ALIGN,0,0,0
10.501,0.0343,0.0000,ALIGN,0,0,0
10.534,0.0335,0.1000,ALIGN,0,0,0
10.568,0.0341,0.0000,ALIGN,0,0,0
10.602,0.0341,0.0000,ALIGN,0,0,0
10.636,0.0341,0.1000,ALIGN,0,0,0
10.671,0.0342,0.0000,ALIGN,0,0,0
10.705,0.0348,0.0000,ALIGN,0,0,0
10.739,0.0333,0.1000,ALIGN,0,0,0
10.773,0.0337,0.0000,ALIGN,0,0,0
10.807,0.0344,0.0000,ALIGN,0,0,0
10.841,0.0341,0.1000,ALIGN,0,0,0
10.875,0.0339,0.0000,ALIGN,0,0,0
10.909,0.0339,0.0000,ALIGN,0,0,0
10.943,0.0338,0.1000,ALIGN,0,0,0
10.978,0.0350,0.0000,ALIGN,0,0,0
11.011,0.0331,0.0000,ALIGN,0,0,0
11.045,0.0339,0.1000,ALIGN,0,0,0
11.079,0.0341,0.0000,ALIGN,0,0,0
11.113,0.0338,0.0000,ALIGN,0,0,0
11.147,0.0342,0.1000,ALIGN,0,0,0
11.181,0.0345,0.0000,ALIGN,0,0,0
11.215,0.0333,0.0000,ALIGN,0,0,0
11.249,0.0342,0.1000,ALIGN,0,0,0
11.283,0.0339,0.0000,ALIGN,0,0,0
11.317,0.0341,0.0000,ALIGN,0,0,0
11.351,0.0339,0.1000,ALIGN,0,0,0
11.385,0.0342,0.0000,ALIGN,0,0,0
11.419,0.0340,0.0000,ALIGN,0,0,0
11.453,0.0338,0.1000,ALIGN,0,0,0
11.487,0.0343,0.0000,ALIGN,0,0,0
11.521,0.0344,0.0000,APPROACH,0,0,0
11.555,0.0335,0.1000,APPROACH,0,0,0
11.589,0.0340,0.0000,APPROACH,0,0,0
11.623,0.0342,0.0000,APPROACH,0,0,0
11.657,0.0342,0.1000,APPROACH,0,0,0
11.691,0.0339,0.0000,APPROACH,0,0,0
11.725,0.0337,0.0000,APPROACH,0,0,0
11.759,0.0339,0.1000,APPROACH,0,0,0
11.793,0.0344,0.0000,APPROACH,0,0,0
11.827,0.0339,0.0000,APPROACH,0,0,0
11.861,0.0342,0.1000,APPROACH,0,0,0
11.895,0.0339,0.0000,APPROACH,0,0,0
11.929,0.0339,0.0000,APPROACH,0,0,0
11.963,0.0340,0.1000,APPROACH,0,0,0
11.997,0.0341,0.0000,APPROACH,0,0,0
12.032,0.0347,0.1000,APPROACH,0,0,0
12.066,0.0342,0.0000,APPROACH,0,0,0
12.099,0.0334,0.0000,APPROACH,0,0,0
12.133,0.0338,0.1000,APPROACH,0,0,0
12.167,0.0341,0.0000,APPROACH,0,0,0
12.201,0.0341,0.0000,APPROACH,0,0,0
12.235,0.0337,0.1000,APPROACH,0,0,0
12.269,0.0343,0.0000,APPROACH,0,0,0
12.303,0.0339,0.0000,APPROACH,0,0,0
12.337,0.0340,0.1000,APPROACH,0,0,0
12.371,0.0341,0.0000,APPROACH,0,0,0
12.405,0.0339,0.0000,APPROACH,0,0,0
12.439,0.0341,0.1000,APPROACH,0,0,0
12.473,0.0341,0.0000,APPROACH,0,0,0
12.508,0.0342,0.0000,APPROACH,0,0,0
12.542,0.0338,0.1000,APPROACH,0,0,0
12.576,0.0345,0.0000,APPROACH,0,0,0
12.609,0.0333,0.0000,APPROACH,0,0,0
12.643,0.0339,0.1000,APPROACH,0,0,0
12.678,0.0351,0.0000,APPROACH,0,0,0
12.711,0.0331,0.0000,APPROACH,0,0,0
12.746,0.0344,0.1000,APPROACH,0,0,0
12.780,0.0339,0.0000,APPROACH,0,0,0
12.814,0.0346,0.0000,APPROACH,0,0,0
12.848,0.0332,0.1000,APPROACH,0,0,0
12.882,0.0344,0.0000,APPROACH,0,0,0
12.916,0.0339,0.0000,APPROACH,0,0,0
12.950,0.0344,0.1000,APPROACH,0,0,0
12.984,0.0336,0.0000,APPROACH,0,0,0
13.018,0.0339,0.0000,APPROACH,0,0,0
13.052,0.0341,0.1000,APPROACH,0,0,0
13.086,0.0340,0.0000,APPROACH,0,0,0
13.120,0.0344,0.0000,APPROACH,0,0,0
13.154,0.0337,0.1000,APPROACH,0,0,0
13.188,0.0338,0.0000,APPROACH,0,0,0
13.222,0.0341,0.0000,APPROACH,0,0,0
13.256,0.0340,0.1000,APPROACH,0,0,0
13.290,0.0340,0.0000,APPROACH,0,0,0
13.324,0.0339,0.0000,APPROACH,0,0,0
13.358,0.0344,0.1000,APPROACH,0,0,0
13.392,0.0340,0.0000,APPROACH,0,0,0
13.426,0.0339,0.0000,APPROACH,0,0,0
13.460,0.0339,0.1000,APPROACH,0,0,0
13.494,0.0342,0.0000,APPROACH,0,0,0
13.528,0.0341,0.0000,APPROACH,0,0,0
13.562,0.0338,0.1000,APPROACH,0,0,0
13.596,0.0342,0.0000,APPROACH,0,0,0
13.630,0.0341,0.0000,APPROACH,0,0,0
13.664,0.0341,0.1000,APPROACH,0,0,0
13.698,0.0338,0.0000,APPROACH,0,0,0
13.732,0.0339,0.1000,APPROACH,0,0,0
13.766,0.0341,0.0000,APPROACH,0,0,0
13.800,0.0339,0.0000,APPROACH,0,0,0
13.834,0.0339,0.1000,APPROACH,0,0,0
13.868,0.0342,0.0000,APPROACH,0,0,0
13.902,0.0342,0.0000,APPROACH,0,0,0
13.936,0.0340,0.1000,APPROACH,0,0,0
13.970,0.0339,0.0000,APPROACH,0,0,0
14.004,0.0338,0.0000,APPROACH,0,0,0
14.038,0.0341,0.1000,APPROACH,0,0,0
14.072,0.0341,0.0000,APPROACH,0,0,0
14.106,0.0340,0.0000,APPROACH,0,0,0
14.140,0.0339,0.1000,APPROACH,0,0,0
14.174,0.0341,0.0000,APPROACH,0,0,0
14.209,0.0347,0.0000,APPROACH,0,0,0
14.243,0.0337,0.1000,APPROACH,0,0,0
14.276,0.0338,0.0000,APPROACH,0,0,0
14.311,0.0343,0.0000,APPROACH,0,0,0
14.344,0.0336,0.1000,APPROACH,0,0,0
14.379,0.0346,0.0000,APPROACH,0,0,0
14.412,0.0334,0.0000,APPROACH,0,0,0
14.447,0.0344,0.1000,APPROACH,0,0,0
14.481,0.0343,0.0000,APPROACH,0,0,0
14.515,0.0335,0.0000,APPROACH,0,0,0
14.549,0.0340,0.1000,APPROACH,0,0,0
14.582,0.0337,0.0000,APPROACH,0,0,0
14.616,0.0339,0.0000,APPROACH,0,0,0
14.650,0.0342,0.1000,APPROACH,0,0,0
14.685,0.0342,0.0000,APPROACH,0,0,0
14.719,0.0338,0.0000,APPROACH,0,0,0
14.752,0.0339,0.1000,APPROACH,0,0,0
14.786,0.0340,0.0000,APPROACH,0,0,0
14.820,0.0341,0.0000,APPROACH,0,0,0
14.854,0.0340,0.1000,APPROACH,0,0,0
14.888,0.0341,0.0000,APPROACH,0,0,0
14.923,0.0342,0.0000,APPROACH,0,0,0
14.957,0.0342,0.1000,APPROACH,0,0,0
14.991,0.0339,0.0000,APPROACH,0,0,0
15.024,0.0337,0.0000,APPROACH,0,0,0
15.059,0.0343,0.1000,APPROACH,0,0,0
15.093,0.0343,0.0000,APPROACH,0,0,0
15.127,0.0342,0.0000,APPROACH,0,0,0
15.161,0.0336,0.1000,APPROACH,0,0,0
15.195,0.0344,0.0000,APPROACH,0,0,0
15.229,0.0341,0.0000,APPROACH,0,0,0
15.263,0.0343,0.1000,APPROACH,0,0,0
15.297,0.0336,0.0000,APPROACH,0,0,0
15.331,0.0340,0.0000,APPROACH,0,0,0
15.365,0.0336,0.1000,APPROACH,0,0,0
15.399,0.0344,0.0000,APPROACH,0,0,0
15.433,0.0337,0.1000,APPROACH,0,0,0
15.467,0.0343,0.0000,APPROACH,0,0,0
15.501,0.0340,0.0000,APPROACH,0,0,0
15.535,0.0337,0.1000,APPROACH,0,0,0
15.569,0.0342,0.0000,APPROACH,0,0,0
15.604,0.0344,0.0000,APPROACH,0,0,0
15.637,0.0335,0.1000,APPROACH,0,0,0
15.671,0.0342,0.0000,APPROACH,0,0,0
15.705,0.0337,0.0000,APPROACH,0,0,0
15.739,0.0341,0.1000,APPROACH,0,0,0
15.773,0.0341,0.0000,APPROACH,0,0,0
15.807,0.0339,0.0000,APPROACH,0,0,0
15.841,0.0340,0.1000,APPROACH,0,0,0
15.876,0.0344,0.0000,APPROACH,0,0,0
15.910,0.0343,0.0000,APPROACH,0,0,0
15.943,0.0336,0.1000,APPROACH,0,0,0
15.978,0.0340,0.0000,APPROACH,0,0,0
16.012,0.0341,0.0000,APPROACH,0,0,0
16.045,0.0338,0.1000,APPROACH,0,0,0
16.080,0.0346,0.0000,APPROACH,0,0,0
16.114,0.0336,0.0000,APPROACH,0,0,0
16.147,0.0338,0.1000,APPROACH,0,0,0
16.181,0.0341,0.0000,APPROACH,0,0,0
16.216,0.0341,0.0000,APPROACH,0,0,0
16.249,0.0338,0.1000,APPROACH,0,0,0
16.283,0.0340,0.0000,APPROACH,0,0,0
16.317,0.0338,0.0000,APPROACH,0,0,0
16.351,0.0343,0.1000,APPROACH,0,0,0
16.385,0.0339,0.0000,APPROACH,0,0,0
16.419,0.0341,0.0000,APPROACH,0,0,0
16.453,0.0339,0.1000,APPROACH,0,0,0
16.488,0.0342,0.0000,APPROACH,0,0,0
16.521,0.0338,0.0000,APPROACH,0,0,0
16.555,0.0341,0.1000,APPROACH,0,0,0
16.590,0.0340,0.0000,APPROACH,0,0,0
16.623,0.0340,0.0000,APPROACH,0,0,0
16.658,0.0340,0.1000,APPROACH,0,0,0
16.691,0.0339,0.0000,APPROACH,0,0,0
16.725,0.0338,0.0000,APPROACH,0,0,0
16.760,0.0344,0.1000,APPROACH,0,0,0
16.794,0.0340,0.0000,APPROACH,0,0,0
16.828,0.0341,0.0000,APPROACH,0,0,0
16.862,0.0341,0.1000,APPROACH,0,0,0
16.896,0.0342,0.0000,APPROACH,0,0,0
16.930,0.0336,0.0000,APPROACH,0,0,0
16.964,0.0341,0.1000,APPROACH,0,0,0
16.998,0.0340,0.0000,APPROACH,0,0,0
17.032,0.0341,0.0000,APPROACH,0,0,0
17.066,0.0340,0.1000,APPROACH,0,0,0
17.100,0.0341,0.0000,APPROACH,0,0,0
17.134,0.0337,0.1000,APPROACH,0,0,0
17.168,0.0345,0.0000,APPROACH,0,0,0
17.202,0.0338,0.0000,APPROACH,0,0,0
17.236,0.0340,0.1000,APPROACH,0,0,0
17.270,0.0340,0.0000,APPROACH,0,0,0
17.304,0.0341,0.0000,APPROACH,0,0,0
17.338,0.0340,0.1000,APPROACH,0,0,0
17.372,0.0343,0.0000,APPROACH,0,0,0
17.406,0.0338,0.0000,APPROACH,0,0,0
17.440,0.0340,0.1000,APPROACH,0,0,0
17.474,0.0341,0.0000,APPROACH,0,0,0
17.509,0.0346,0.0000,APPROACH,0,0,0
17.542,0.0335,0.1000,APPROACH,0,0,0
17.577,0.0343,0.0000,APPROACH,0,0,0
17.610,0.0337,0.0000,APPROACH,0,0,0
17.644,0.0341,0.1000,APPROACH,0,0,0
17.678,0.0339,0.0000,APPROACH,0,0,0
17.712,0.0342,0.0000,APPROACH,0,0,0
17.746,0.0335,0.1000,APPROACH,0,0,0
17.780,0.0345,0.0000,APPROACH,0,0,0
17.815,0.0340,0.0000,APPROACH,0,0,0
17.848,0.0338,0.1000,APPROACH,0,0,0
17.882,0.0340,0.0000,APPROACH,0,0,0
17.916,0.0341,0.0000,APPROACH,0,0,0
17.950,0.0337,0.1000,APPROACH,0,0,0
17.985,0.0353,0.0000,APPROACH,0,0,0
18.019,0.0331,0.0000,APPROACH,0,0,0
18.052,0.0339,0.1000,APPROACH,0,0,0
18.086,0.0339,0.0000,APPROACH,0,0,0
18.121,0.0344,0.0000,APPROACH,0,0,0
18.155,0.0339,0.1000,APPROACH,0,0,0
18.189,0.0341,0.0000,APPROACH,0,0,0
18.223,0.0342,0.0000,APPROACH,0,0,0
18.257,0.0339,0.1000,APPROACH,0,0,0
18.291,0.0339,0.0000,APPROACH,0,0,0
18.325,0.0343,0.0000,APPROACH,0,0,0
18.358,0.0336,0.1000,APPROACH,0,0,0
18.393,0.0341,0.0000,APPROACH,0,0,0
18.427,0.0340,0.0000,APPROACH,0,0,0
18.461,0.0340,0.1000,APPROACH,0,0,0
18.495,0.0344,0.0000,APPROACH,0,0,0
18.529,0.0339,0.0000,APPROACH,0,0,0
18.563,0.0341,0.1000,APPROACH,0,0,0
18.596,0.0335,0.0000,APPROACH,0,0,0
18.631,0.0343,0.0000,APPROACH,0,0,0
18.665,0.0342,0.1000,APPROACH,0,0,0
18.699,0.0341,0.0000,APPROACH,0,0,0
18.733,0.0337,0.0000,APPROACH,0,0,0
18.767,0.0339,0.1000,APPROACH,0,0,0
18.801,0.0342,0.0000,APPROACH,0,0,0
18.835,0.0336,0.1000,APPROACH,0,0,0
18.869,0.0343,0.0000,APPROACH,0,0,0
18.903,0.0345,0.0000,APPROACH,0,0,0
18.937,0.0334,0.1000,APPROACH,0,0,0
18.971,0.0343,0.0000,APPROACH,0,0,0
19.005,0.0341,0.0000,APPROACH,0,0,0
19.039,0.0336,0.1000,APPROACH,0,0,0
19.073,0.0343,0.0000,APPROACH,0,0,0
19.107,0.0337,0.0000,APPROACH,0,0,0
19.141,0.0341,0.1000,APPROACH,0,0,0
19.175,0.0343,0.0000,APPROACH,0,0,0
19.209,0.0341,0.0000,APPROACH,0,0,0
19.243,0.0338,0.1000,APPROACH,0,0,0
19.277,0.0341,0.0000,APPROACH,0,0,0
19.311,0.0339,0.0000,APPROACH,0,0,0
19.346,0.0347,0.1000,APPROACH,0,0,0
19.379,0.0338,0.0000,APPROACH,0,0,0
19.413,0.0335,0.0000,APPROACH,0,0,0
19.447,0.0340,0.1000,APPROACH,0,0,0
19.482,0.0352,0.0000,APPROACH,0,0,0
19.515,0.0330,0.0000,APPROACH,0,0,0
19.549,0.0341,0.1000,APPROACH,0,0,0
19.583,0.0342,0.0000,APPROACH,0,0,0
19.618,0.0344,0.0000,APPROACH,0,0,0
19.651,0.0333,0.1000,APPROACH,0,0,0
19.685,0.0341,0.0000,APPROACH,0,0,0
19.719,0.0339,0.0000,APPROACH,0,0,0
19.753,0.0340,0.1000,APPROACH,0,0,0
19.787,0.0342,0.0000,APPROACH,0,0,0
19.821,0.0339,0.0000,APPROACH,0,0,0
19.855,0.0338,0.1000,APPROACH,0,0,0
19.890,0.0350,0.0000,APPROACH,0,0,0
19.923,0.0332,0.0000,APPROACH,0,0,0
19.957,0.0341,0.1000,APPROACH,0,0,0
19.991,0.0340,0.0000,APPROACH,0,0,0
20.025,0.0340,0.0000,APPROACH,0,0,0
20.059,0.0340,0.1000,APPROACH,0,0,0
20.093,0.0339,0.0000,APPROACH,0,0,0
20.127,0.0339,0.0000,APPROACH,0,0,0
20.162,0.0344,0.1000,APPROACH,0,0,0
20.196,0.0339,0.0000,APPROACH,0,0,0
20.230,0.0343,0.0000,APPROACH,0,0,0
20.264,0.0341,0.1000,APPROACH,0,0,0
20.298,0.0339,0.0000,APPROACH,0,0,0
20.332,0.0338,0.0000,APPROACH,0,0,0
20.366,0.0340,0.1000,APPROACH,0,0,0
20.400,0.0340,0.0000,APPROACH,0,0,0
20.434,0.0341,0.0000,APPROACH,0,0,0
20.468,0.0338,0.1000,APPROACH,0,0,0
20.502,0.0342,0.0000,APPROACH,0,0,0
20.535,0.0337,0.1000,APPROACH,0,0,0
20.570,0.0344,0.0000,APPROACH,0,0,0
20.604,0.0343,0.0000,APPROACH,0,0,0
20.637,0.0333,0.1000,APPROACH,0,0,0
20.672,0.0344,0.0000,APPROACH,0,0,0
20.707,0.0350,0.0000,APPROACH,0,0,0
20.740,0.0330,0.1000,APPROACH,0,0,0
20.774,0.0339,0.0000,APPROACH,0,0,0
20.809,0.0352,0.0000,APPROACH,0,0,0
20.842,0.0328,0.1000,APPROACH,0,0,0
20.876,0.0341,0.0000,APPROACH,0,0,0
20.910,0.0343,0.0000,APPROACH,0,0,0
20.944,0.0337,0.1000,APPROACH,0,0,0
20.978,0.0343,0.0000,APPROACH,0,0,0
21.012,0.0336,0.0000,APPROACH,0,0,0
21.046,0.0343,0.1000,APPROACH,0,0,0
21.080,0.0339,0.0000,APPROACH,0,0,0
21.114,0.0338,0.0000,APPROACH,0,0,0
21.148,0.0341,0.1000,APPROACH,0,0,0
21.182,0.0342,0.0000,APPROACH,0,0,0
21.216,0.0339,0.0000,APPROACH,0,0,0
21.251,0.0349,0.1000,APPROACH,0,0,0
21.285,0.0338,0.0000,APPROACH,0,0,0
21.318,0.0333,0.0000,APPROACH,0,0,0
21.352,0.0341,0.1000,APPROACH,0,0,0
21.386,0.0343,0.0000,APPROACH,0,0,0
21.420,0.0335,0.0000,APPROACH,0,0,0
21.454,0.0340,0.1000,APPROACH,0,0,0
21.488,0.0341,0.0000,APPROACH,0,0,0
21.522,0.0340,0.0000,APPROACH,0,0,0
21.556,0.0341,0.1000,APPROACH,0,0,0
21.590,0.0340,0.0000,APPROACH,0,0,0
21.624,0.0339,0.0000,APPROACH,0,0,0
21.658,0.0339,0.1000,APPROACH,0,0,0
21.692,0.0339,0.0000,APPROACH,0,0,0
21.726,0.0343,0.0000,APPROACH,0,0,0
21.760,0.0342,0.1000,APPROACH,0,0,0
21.794,0.0338,0.0000,APPROACH,0,0,0
21.828,0.0337,0.0000,APPROACH,0,0,0
21.862,0.0342,0.1000,APPROACH,0,0,0
21.896,0.0342,0.0000,APPROACH,0,0,0
21.930,0.0338,0.0000,APPROACH,0,0,0
21.964,0.0342,0.1000,APPROACH,0,0,0
21.998,0.0340,0.0000,APPROACH,0,0,0
22.033,0.0341,0.0000,APPROACH,0,0,0
22.066,0.0338,0.1000,APPROACH,0,0,0
22.100,0.0341,0.0000,APPROACH,0,0,0
22.134,0.0338,0.0000,APPROACH,0,0,0
22.168,0.0340,0.1000,APPROACH,0,0,0
22.203,0.0348,0.0000,APPROACH,0,0,0
22.236,0.0331,0.1000,APPROACH,0,0,0
22.271,0.0347,0.0000,APPROACH,0,0,0
22.306,0.0349,0.0000,APPROACH,0,0,0
22.339,0.0328,0.1000,APPROACH,0,0,0
22.373,0.0347,0.0000,APPROACH,0,0,0
22.407,0.0337,0.0000,APPROACH,0,0,0
22.440,0.0334,0.1000,APPROACH,0,0,0
22.475,0.0345,0.0000,APPROACH,0,0,0
22.509,0.0339,0.0000,BLIND_DASH,0,0,0
22.545,0.0359,0.1000,PATROL,0,0,0
22.577,0.0324,0.0000,PATROL,0,0,0
22.610,0.0332,0.0000,PATROL,0,0,0
22.645,0.0344,0.1000,PATROL,0,0,0
22.679,0.0342,0.0000,PATROL,0,0,0
22.713,0.0337,0.0000,PATROL,0,0,0
22.747,0.0343,0.1000,PATROL,0,0,0
22.781,0.0341,0.0000,PATROL,0,0,0
22.815,0.0341,0.0000,PATROL,0,0,0
22.849,0.0334,0.1000,PATROL,0,0,0
22.883,0.0340,0.0000,PATROL,0,0,0
22.917,0.0342,0.0000,PATROL,0,0,0
22.951,0.0339,0.1000,PATROL,0,0,0
22.985,0.0342,0.0000,PATROL,0,0,0
23.019,0.0341,0.0000,PATROL,0,0,0
23.053,0.0338,0.1000,PATROL,0,0,0
23.087,0.0343,0.0000,PATROL,0,0,0
23.121,0.0339,0.0000,PATROL,0,0,0
23.155,0.0337,0.1000,PATROL,0,0,0
23.189,0.0340,0.0000,PATROL,0,0,0
23.223,0.0346,0.0000,PATROL,0,0,0
23.257,0.0336,0.1000,PATROL,0,0,0
23.291,0.0339,0.0000,PATROL,0,0,0
23.325,0.0345,0.0000,PATROL,0,0,0
23.359,0.0340,0.1000,PATROL,0,0,0
23.393,0.0341,0.0000,PATROL,0,0,0
23.427,0.0338,0.0000,PATROL,0,0,0
23.461,0.0339,0.1000,PATROL,0,0,0
23.495,0.0340,0.0000,PATROL,0,0,0
23.529,0.0339,0.0000,PATROL,0,0,0
23.563,0.0341,0.1000,PATROL,0,0,0
23.597,0.0341,0.0000,PATROL,0,0,0
23.631,0.0342,0.0000,PATROL,0,0,0
23.666,0.0346,0.1000,PATROL,0,0,0
23.699,0.0334,0.0000,PATROL,0,0,0
23.733,0.0338,0.0000,PATROL,0,0,0
23.767,0.0341,0.1000,PATROL,0,0,0
23.801,0.0339,0.0000,PATROL,0,0,0
23.835,0.0341,0.0000,PATROL,0,0,0
23.869,0.0342,0.1000,PATROL,0,0,0
23.904,0.0342,0.0000,PATROL,0,0,0
23.937,0.0336,0.1000,PATROL,0,0,0
23.971,0.0342,0.0000,PATROL,0,0,0
24.005,0.0340,0.0000,PATROL,0,0,0
24.039,0.0338,0.1000,PATROL,0,0,0
24.073,0.0344,0.0000,PATROL,0,0,0
24.108,0.0342,0.0000,PATROL,0,0,0
24.141,0.0336,0.1000,PATROL,0,0,0
24.176,0.0345,0.0000,PATROL,0,0,0
24.210,0.0338,0.0000,PATROL,0,0,0
24.243,0.0338,0.1000,PATROL,0,0,0
24.278,0.0343,0.0000,PATROL,0,0,0
24.311,0.0336,0.0000,PATROL,0,0,0
24.345,0.0341,0.1000,PATROL,0,0,0
24.379,0.0342,0.0000,PATROL,0,0,0
24.413,0.0339,0.0000,PATROL,0,0,0
24.447,0.0340,0.1000,PATROL,0,0,0
24.482,0.0344,0.0000,PATROL,0,0,0
24.516,0.0341,0.0000,PATROL,0,0,0
24.550,0.0338,0.1000,PATROL,0,0,0
24.584,0.0348,0.0000,PATROL,0,0,0
24.618,0.0332,0.0000,PATROL,0,0,0
24.652,0.0341,0.1000,PATROL,0,0,0
24.686,0.0341,0.0000,PATROL,0,0,0
24.720,0.0344,0.0000,PATROL,0,0,0
24.754,0.0340,0.1000,PATROL,0,0,0
24.788,0.0335,0.0000,PATROL,0,0,0
24.822,0.0342,0.0000,PATROL,0,0,0
24.855,0.0337,0.1000,PATROL,0,0,0
24.890,0.0345,0.0000,PATROL,0,0,0
24.924,0.0338,0.0000,PATROL,0,0,0
24.958,0.0340,0.1000,PATROL,0,0,0
24.992,0.0340,0.0000,PATROL,0,0,0
25.026,0.0340,0.0000,PATROL,0,0,0
25.060,0.0346,0.1000,PATROL,0,0,0
25.094,0.0336,0.0000,PATROL,0,0,0
25.128,0.0339,0.0000,PATROL,0,0,0
25.162,0.0343,0.1000,PATROL,0,0,0
25.196,0.0336,0.0000,PATROL,0,0,0
25.230,0.0340,0.0000,PATROL,0,0,0
25.265,0.0346,0.1000,PATROL,0,0,0
25.298,0.0337,0.0000,PATROL,0,0,0
25.332,0.0341,0.0000,PATROL,0,0,0
25.366,0.0342,0.1000,PATROL,0,0,0
25.400,0.0335,0.0000,PATROL,0,0,0
25.434,0.0342,0.0000,PATROL,0,0,0
25.468,0.0340,0.1000,PATROL,0,0,0
25.502,0.0341,0.0000,PATROL,0,0,0
25.536,0.0341,0.0000,PATROL,0,0,0
25.570,0.0337,0.1000,PATROL,0,0,0
25.604,0.0343,0.0000,PATROL,0,0,0
25.638,0.0337,0.1000,PATROL,0,0,0
25.672,0.0343,0.0000,PATROL,0,0,0
25.707,0.0345,0.0000,PATROL,0,0,0
25.740,0.0334,0.1000,PATROL,0,0,0
25.774,0.0341,0.0000,PATROL,0,0,0
25.810,0.0362,0.0000,PATROL,0,0,0
25.842,0.0319,0.1000,PATROL,0,0,0
25.876,0.0341,0.0000,PATROL,0,0,0
25.910,0.0338,0.0000,PATROL,0,0,0
25.944,0.0340,0.1000,ALIGN,0,0,0
25.979,0.0344,0.0000,ALIGN,0,0,0
26.012,0.0334,0.0000,ALIGN,0,0,0
26.047,0.0345,0.1000,ALIGN,0,0,0
26.081,0.0341,0.0000,ALIGN,0,0,0
26.114,0.0336,0.0000,ALIGN,0,0,0
26.148,0.0340,0.1000,ALIGN,0,0,0
26.183,0.0342,0.0000,ALIGN,0,0,0
26.216,0.0337,0.0000,ALIGN,0,0,0
26.250,0.0343,0.1000,ALIGN,0,0,0
26.285,0.0344,0.0000,ALIGN,0,0,0
26.319,0.0339,0.0000,ALIGN,0,0,0
26.353,0.0338,0.1000,ALIGN,0,0,0
26.387,0.0344,0.0000,ALIGN,0,0,0
26.421,0.0338,0.0000,ALIGN,0,0,0
26.455,0.0338,0.1000,ALIGN,0,0,0
26.489,0.0341,0.0000,ALIGN,0,0,0
26.522,0.0339,0.0000,ALIGN,0,0,0
26.556,0.0339,0.1000,ALIGN,0,0,0
26.590,0.0340,0.0000,ALIGN,0,0,0
26.625,0.0343,0.0000,ALIGN,0,0,0
26.658,0.0338,0.1000,ALIGN,0,0,0
26.693,0.0342,0.0000,ALIGN,0,0,0
26.727,0.0339,0.0000,ALIGN,0,0,0
26.761,0.0340,0.1000,ALIGN,0,0,0
26.795,0.0341,0.0000,ALIGN,0,0,0
26.829,0.0342,0.0000,ALIGN,0,0,0
26.863,0.0338,0.1000,ALIGN,0,0,0
26.897,0.0343,0.0000,ALIGN,0,0,0
26.931,0.0337,0.0000,ALIGN,0,0,0
26.965,0.0344,0.1000,ALIGN,0,0,0
26.999,0.0338,0.0000,ALIGN,0,0,0
27.033,0.0342,0.0000,ALIGN,0,0,0
27.067,0.0340,0.1000,ALIGN,0,0,0
27.101,0.0341,0.0000,ALIGN,0,0,0
27.135,0.0340,0.0000,ALIGN,0,0,0
27.170,0.0345,0.1000,ALIGN,0,0,0
27.203,0.0336,0.0000,ALIGN,0,0,0
27.237,0.0340,0.0000,APPROACH,0,0,0
27.271,0.0337,0.1000,APPROACH,0,0,0
27.305,0.0345,0.0000,APPROACH,0,0,0
27.339,0.0335,0.1000,APPROACH,0,0,0
27.373,0.0342,0.0000,APPROACH,0,0,0
27.407,0.0341,0.0000,APPROACH,0,0,0
27.441,0.0340,0.1000,APPROACH,0,0,0
27.475,0.0339,0.0000,APPROACH,0,0,0
27.509,0.0342,0.0000,APPROACH,0,0,0
27.543,0.0337,0.1000,APPROACH,0,0,0
27.577,0.0341,0.0000,APPROACH,0,0,0
27.611,0.0339,0.0000,APPROACH,0,0,0
27.645,0.0341,0.1000,APPROACH,0,0,0
27.679,0.0342,0.0000,APPROACH,0,0,0
27.713,0.0339,0.0000,APPROACH,0,0,0
27.747,0.0342,0.1000,APPROACH,0,0,0
27.782,0.0343,0.0000,APPROACH,0,0,0
27.815,0.0338,0.0000,APPROACH,0,0,0
27.849,0.0339,0.1000,APPROACH,0,0,0
27.883,0.0340,0.0000,APPROACH,0,0,0
27.917,0.0340,0.0000,APPROACH,0,0,0
27.951,0.0338,0.1000,APPROACH,0,0,0
27.986,0.0345,0.0000,APPROACH,0,0,0
28.019,0.0335,0.0000,APPROACH,0,0,0
28.053,0.0339,0.1000,APPROACH,0,0,0
28.087,0.0342,0.0000,APPROACH,0,0,0
28.121,0.0338,0.0000,APPROACH,0,0,0
28.155,0.0343,0.1000,APPROACH,0,0,0
28.189,0.0340,0.0000,APPROACH,0,0,0
28.224,0.0340,0.0000,APPROACH,0,0,0
28.257,0.0340,0.1000,APPROACH,0,0,0
28.291,0.0340,0.0000,APPROACH,0,0,0
28.326,0.0341,0.0000,APPROACH,0,0,0
28.360,0.0340,0.1000,APPROACH,0,0,0
28.394,0.0341,0.0000,APPROACH,0,0,0
28.428,0.0339,0.0000,APPROACH,0,0,0
28.462,0.0343,0.1000,APPROACH,0,0,0
28.496,0.0339,0.0000,APPROACH,0,0,0
28.530,0.0339,0.0000,APPROACH,0,0,0
28.564,0.0340,0.1000,APPROACH,0,0,0
28.598,0.0341,0.0000,APPROACH,0,0,0
28.632,0.0338,0.0000,APPROACH,0,0,0
28.666,0.0342,0.1000,APPROACH,0,0,0
28.700,0.0341,0.0000,APPROACH,0,0,0
28.734,0.0340,0.0000,APPROACH,0,0,0
28.768,0.0338,0.1000,APPROACH,0,0,0
28.802,0.0341,0.0000,APPROACH,0,0,0
28.836,0.0339,0.0000,APPROACH,0,0,0
28.870,0.0343,0.1000,APPROACH,0,0,0
28.904,0.0338,0.0000,APPROACH,0,0,0
28.938,0.0343,0.0000,APPROACH,0,0,0
28.972,0.0339,0.1000,APPROACH,0,0,0
29.006,0.0341,0.0000,APPROACH,0,0,0
29.040,0.0339,0.0000,APPROACH,0,0,0
29.074,0.0338,0.1000,APPROACH,0,0,0
29.108,0.0342,0.0000,APPROACH,0,0,0
29.142,0.0339,0.1000,APPROACH,0,0,0
29.176,0.0342,0.0000,APPROACH,0,0,0
29.210,0.0338,0.0000,APPROACH,0,0,0
29.244,0.0340,0.1000,APPROACH,0,0,0
29.278,0.0344,0.0000,APPROACH,0,0,0
29.312,0.0335,0.0000,APPROACH,0,0,0
29.346,0.0345,0.1000,APPROACH,0,0,0
29.380,0.0338,0.0000,APPROACH,0,0,0
29.414,0.0339,0.0000,APPROACH,0,0,0
29.451,0.0371,0.1000,APPROACH,0,0,0
29.482,0.0312,0.0000,APPROACH,0,0,0
29.516,0.0340,0.0000,APPROACH,0,0,0
29.550,0.0340,0.1000,APPROACH,0,0,0
29.585,0.0343,0.0000,APPROACH,0,0,0
29.618,0.0335,0.0000,APPROACH,0,0,0
29.652,0.0338,0.1000,APPROACH,0,0,0
29.686,0.0346,0.0000,APPROACH,0,0,0
29.720,0.0339,0.0000,APPROACH,0,0,0
29.754,0.0337,0.1000,APPROACH,0,0,0
29.789,0.0345,0.0000,APPROACH,0,0,0
29.822,0.0337,0.0000,APPROACH,0,0,0
29.856,0.0339,0.1000,APPROACH,0,0,0
29.891,0.0350,0.0000,APPROACH,0,0,0
29.924,0.0332,0.0000,APPROACH,0,0,0
29.958,0.0337,0.1000,APPROACH,0,0,0
29.992,0.0342,0.0000,APPROACH,0,0,0
30.026,0.0340,0.0000,APPROACH,0,0,0
30.060,0.0342,0.1000,APPROACH,0,0,0
30.094,0.0341,0.0000,APPROACH,0,0,0
30.128,0.0340,0.0000,APPROACH,0,0,0
30.163,0.0345,0.1000,APPROACH,0,0,0
30.197,0.0336,0.0000,APPROACH,0,0,0
30.231,0.0340,0.0000,APPROACH,0,0,0
30.264,0.0339,0.1000,APPROACH,0,0,0
30.298,0.0340,0.0000,APPROACH,0,0,0
30.332,0.0339,0.0000,APPROACH,0,0,0
30.366,0.0340,0.1000,APPROACH,0,0,0
30.401,0.0343,0.0000,APPROACH,0,0,0
30.434,0.0336,0.0000,APPROACH,0,0,0
30.469,0.0343,0.1000,APPROACH,0,0,0
30.503,0.0340,0.0000,APPROACH,0,0,0
30.537,0.0339,0.0000,APPROACH,0,0,0
30.571,0.0343,0.1000,APPROACH,0,0,0
30.604,0.0337,0.0000,APPROACH,0,0,0
30.639,0.0342,0.0000,APPROACH,0,0,0
30.672,0.0337,0.1000,APPROACH,0,0,0
30.707,0.0345,0.0000,APPROACH,0,0,0
30.740,0.0337,0.1000,APPROACH,0,0,0
30.775,0.0346,0.0000,APPROACH,0,0,0
30.809,0.0338,0.0000,APPROACH,0,0,0
30.843,0.0338,0.1000,APPROACH,0,0,0
30.877,0.0346,0.0000,APPROACH,0,0,0
30.911,0.0336,0.0000,APPROACH,0,0,0
30.945,0.0341,0.1000,APPROACH,0,0,0
30.979,0.0340,0.0000,APPROACH,0,0,0
31.013,0.0338,0.0000,APPROACH,0,0,0
31.047,0.0341,0.1000,APPROACH,0,0,0
31.081,0.0344,0.0000,APPROACH,0,0,0
31.115,0.0338,0.0000,PATROL,0,0,0
31.149,0.0338,0.1000,PATROL,0,0,0
31.184,0.0349,0.0000,PATROL,0,0,0
31.217,0.0331,0.0000,PATROL,0,0,0
31.251,0.0343,0.1000,PATROL,0,0,0
31.285,0.0342,0.0000,PATROL,0,0,0
31.319,0.0337,0.0000,PATROL,0,0,0
31.353,0.0341,0.1000,PATROL,0,0,0
31.387,0.0341,0.0000,PATROL,0,0,0
31.421,0.0339,0.0000,PATROL,0,0,0
31.455,0.0339,0.1000,PATROL,0,0,0
31.489,0.0345,0.0000,PATROL,0,0,0
31.524,0.0343,0.0000,PATROL,0,0,0
31.557,0.0334,0.1000,PATROL,0,0,0
31.591,0.0340,0.0000,PATROL,0,0,0
31.625,0.0339,0.0000,PATROL,0,0,0
31.659,0.0341,0.1000,PATROL,0,0,0
31.693,0.0339,0.0000,PATROL,0,0,0
31.727,0.0341,0.0000,PATROL,0,0,0
31.761,0.0341,0.1000,PATROL,0,0,0
31.796,0.0349,0.0000,PATROL,0,0,0
31.829,0.0332,0.0000,PATROL,0,0,0
31.863,0.0339,0.1000,PATROL,0,0,0
31.897,0.0340,0.0000,PATROL,0,0,0
31.931,0.0341,0.0000,PATROL,0,0,0
31.965,0.0338,0.1000,PATROL,0,0,0
32.000,0.0348,0.0000,PATROL,0,0,0
32.033,0.0334,0.0000,PATROL,0,0,0
32.067,0.0339,0.1000,PATROL,0,0,0
32.102,0.0347,0.0000,PATROL,0,0,0
32.136,0.0337,0.0000,PATROL,0,0,0
32.170,0.0339,0.1000,PATROL,0,0,0
32.203,0.0338,0.0000,PATROL,0,0,0
32.238,0.0341,0.0000,PATROL,0,0,0
32.272,0.0345,0.1000,PATROL,0,0,0
32.305,0.0335,0.0000,PATROL,0,0,0
32.339,0.0340,0.0000,PATROL,0,0,0
32.374,0.0341,0.1000,PATROL,0,0,0
32.408,0.0342,0.0000,PATROL,0,0,0
32.441,0.0335,0.1000,PATROL,0,0,0
32.475,0.0342,0.0000,PATROL,0,0,0
32.509,0.0339,0.0000,PATROL,0,0,0
32.543,0.0339,0.1000,PATROL,0,0,0
32.577,0.0342,0.0000,PATROL,0,0,0
32.611,0.0338,0.0000,PATROL,0,0,0
32.645,0.0341,0.1000,PATROL,0,0,0
32.679,0.0340,0.0000,PATROL,0,0,0
32.713,0.0340,0.0000,PATROL,0,0,0
32.747,0.0339,0.1000,PATROL,0,0,0
32.782,0.0345,0.0000,PATROL,0,0,0
32.816,0.0339,0.0000,PATROL,0,0,0
32.850,0.0339,0.1000,PATROL,0,0,0
32.883,0.0338,0.0000,PATROL,0,0,0
32.918,0.0343,0.0000,PATROL,0,0,0
32.952,0.0341,0.1000,PATROL,0,0,0
32.986,0.0338,0.0000,PATROL,0,0,0
33.019,0.0339,0.0000,PATROL,0,0,0
33.053,0.0339,0.1000,PATROL,0,0,0
33.088,0.0344,0.0000,PATROL,0,0,0
33.122,0.0340,0.0000,PATROL,0,0,0
33.156,0.0340,0.1000,PATROL,0,0,0
33.189,0.0339,0.0000,PATROL,0,0,0
33.224,0.0344,0.0000,PATROL,0,0,0
33.258,0.0343,0.1000,PATROL,0,0,0
33.292,0.0339,0.0000,PATROL,0,0,0
33.326,0.0337,0.0000,PATROL,0,0,0
33.360,0.0346,0.1000,PATROL,0,0,0
33.395,0.0343,0.0000,PATROL,0,0,0
33.428,0.0336,0.0000,PATROL,0,0,0
33.462,0.0341,0.1000,PATROL,0,0,0
33.496,0.0339,0.0000,PATROL,0,0,0
33.530,0.0341,0.0000,PATROL,0,0,0
33.564,0.0340,0.1000,PATROL,0,0,0
33.598,0.0338,0.0000,PATROL,0,0,0
33.632,0.0343,0.0000,PATROL,0,0,0
33.666,0.0337,0.1000,PATROL,0,0,0
33.700,0.0341,0.0000,PATROL,0,0,0
33.734,0.0338,0.0000,PATROL,0,0,0
33.768,0.0342,0.1000,PATROL,0,0,0
33.802,0.0341,0.0000,PATROL,0,0,0
33.836,0.0339,0.0000,PATROL,0,0,0
33.870,0.0341,0.1000,PATROL,0,0,0
33.905,0.0346,0.0000,PATROL,0,0,0
33.938,0.0335,0.0000,PATROL,0,0,0
33.973,0.0341,0.1000,PATROL,0,0,0
34.006,0.0339,0.0000,PATROL,0,0,0
34.040,0.0339,0.0000,PATROL,0,0,0
34.074,0.0339,0.1000,PATROL,0,0,0
34.109,0.0348,0.0000,PATROL,0,0,0
34.142,0.0332,0.1000,PATROL,0,0,0
34.177,0.0344,0.0000,PATROL,0,0,0
34.210,0.0338,0.0000,PATROL,0,0,0
34.244,0.0338,0.1000,PATROL,0,0,0
34.279,0.0343,0.0000,PATROL,0,0,0
34.312,0.0337,0.0000,PATROL,0,0,0
34.346,0.0340,0.1000,PATROL,0,0,0
34.381,0.0344,0.0000,PATROL,0,0,0
34.414,0.0336,0.0000,PATROL,0,0,0
34.449,0.0343,0.1000,PATROL,0,0,0
34.483,0.0340,0.0000,PATROL,0,0,0
34.517,0.0340,0.0000,PATROL,0,0,0
34.551,0.0342,0.1000,PATROL,0,0,0
34.585,0.0339,0.0000,PATROL,0,0,0
34.619,0.0339,0.0000,PATROL,0,0,0
34.653,0.0344,0.1000,PATROL,0,0,0
34.687,0.0344,0.0000,PATROL,0,0,0
34.721,0.0335,0.0000,PATROL,0,0,0
34.755,0.0341,0.1000,PATROL,0,0,0
34.789,0.0343,0.0000,PATROL,0,0,0
34.823,0.0342,0.0000,PATROL,0,0,0
34.857,0.0335,0.1000,PATROL,0,0,0
34.891,0.0339,0.0000,PATROL,0,0,0
34.925,0.0339,0.0000,PATROL,0,0,0
34.959,0.0343,0.1000,PATROL,0,0,0
34.993,0.0338,0.0000,PATROL,0,0,0
35.027,0.0342,0.0000,PATROL,0,0,0
35.061,0.0339,0.1000,PATROL,0,0,0
35.095,0.0341,0.0000,PATROL,0,0,0
35.129,0.0339,0.0000,PATROL,0,0,0
35.163,0.0341,0.1000,PATROL,0,0,0
35.197,0.0338,0.0000,PATROL,0,0,0
35.231,0.0342,0.0000,PATROL,0,0,0
35.265,0.0338,0.1000,PATROL,0,0,0
35.299,0.0341,0.0000,PATROL,0,0,0
35.333,0.0340,0.0000,PATROL,0,0,0
35.367,0.0340,0.1000,PATROL,0,0,0
35.401,0.0341,0.0000,PATROL,0,0,0
35.435,0.0341,0.0000,PATROL,0,0,0
35.469,0.0340,0.1000,PATROL,0,0,0
35.503,0.0339,0.0000,PATROL,0,0,0
35.537,0.0339,0.0000,PATROL,0,0,0
35.571,0.0343,0.1000,PATROL,0,0,0
35.605,0.0341,0.0000,PATROL,0,0,0
35.639,0.0337,0.0000,PATROL,0,0,0
35.673,0.0343,0.1000,PATROL,0,0,0
35.707,0.0340,0.0000,PATROL,0,0,0
35.742,0.0342,0.0000,PATROL,0,0,0
35.776,0.0342,0.1000,PATROL,0,0,0
35.809,0.0334,0.0000,PATROL,0,0,0
35.843,0.0340,0.1000,PATROL,0,0,0
35.877,0.0341,0.0000,PATROL,0,0,0
35.911,0.0340,0.0000,PATROL,0,0,0
35.945,0.0340,0.1000,PATROL,0,0,0
35.979,0.0341,0.0000,PATROL,0,0,0
36.013,0.0341,0.0000,PATROL,0,0,0
36.047,0.0339,0.1000,PATROL,0,0,0
36.082,0.0344,0.0000,PATROL,0,0,0
36.115,0.0335,0.0000,PATROL,0,0,0
36.150,0.0343,0.1000,PATROL,0,0,0
36.183,0.0339,0.0000,PATROL,0,0,0
36.217,0.0340,0.0000,PATROL,0,0,0
36.251,0.0340,0.1000,PATROL,0,0,0
36.286,0.0341,0.0000,PATROL,0,0,0
36.320,0.0340,0.0000,PATROL,0,0,0
36.353,0.0338,0.1000,PATROL,0,0,0
36.388,0.0345,0.0000,PATROL,0,0,0
36.422,0.0338,0.0000,PATROL,0,0,0
36.456,0.0338,0.1000,PATROL,0,0,0
36.490,0.0347,0.0000,PATROL,0,0,0
36.524,0.0336,0.0000,PATROL,0,0,0
36.558,0.0337,0.1000,PATROL,0,0,0
36.592,0.0341,0.0000,PATROL,0,0,0
36.626,0.0342,0.0000,PATROL,0,0,0
36.660,0.0341,0.1000,PATROL,0,0,0
36.694,0.0339,0.0000,PATROL,0,0,0
36.728,0.0339,0.0000,PATROL,0,0,0
36.762,0.0341,0.1000,PATROL,0,0,0
36.796,0.0340,0.0000,PATROL,0,0,0
36.830,0.0340,0.0000,PATROL,0,0,0
36.864,0.0342,0.1000,PATROL,0,0,0
36.898,0.0339,0.0000,PATROL,0,0,0
36.932,0.0340,0.0000,PATROL,0,0,0
36.966,0.0340,0.1000,PATROL,0,0,0
37.000,0.0341,0.0000,PATROL,0,0,0
37.034,0.0342,0.0000,PATROL,0,0,0
37.068,0.0338,0.1000,PATROL,0,0,0
37.102,0.0339,0.0000,PATROL,0,0,0
37.137,0.0350,0.0000,PATROL,0,0,0
37.170,0.0331,0.1000,PATROL,0,0,0
37.204,0.0342,0.0000,PATROL,0,0,0
37.238,0.0338,0.0000,PATROL,0,0,0
37.272,0.0342,0.1000,PATROL,0,0,0
37.306,0.0341,0.0000,PATROL,0,0,0
37.340,0.0337,0.0000,PATROL,0,0,0
37.374,0.0343,0.1000,PATROL,0,0,0
37.409,0.0347,0.0000,PATROL,0,0,0
37.442,0.0331,0.0000,PATROL,0,0,0
37.476,0.0341,0.1000,PATROL,0,0,0
37.510,0.0342,0.0000,PATROL,0,0,0
37.544,0.0342,0.1000,PATROL,0,0,0
37.578,0.0336,0.0000,PATROL,0,0,0
37.612,0.0338,0.0000,PATROL,0,0,0
37.646,0.0341,0.1000,PATROL,0,0,0
37.681,0.0345,0.0000,PATROL,0,0,0
37.714,0.0339,0.0000,PATROL,0,0,0
37.748,0.0340,0.1000,PATROL,0,0,0
37.783,0.0342,0.0000,PATROL,0,0,0
37.816,0.0337,0.0000,PATROL,0,0,0
37.850,0.0342,0.1000,PATROL,0,0,0
37.885,0.0345,0.0000,PATROL,0,0,0
37.919,0.0337,0.0000,PATROL,0,0,0
37.953,0.0340,0.1000,PATROL,0,0,0
37.987,0.0340,0.0000,PATROL,0,0,0
38.021,0.0343,0.0000,PATROL,0,0,0
38.055,0.0341,0.1000,PATROL,0,0,0
38.089,0.0342,0.0000,PATROL,0,0,0
38.123,0.0335,0.0000,PATROL,0,0,0
38.157,0.0341,0.1000,PATROL,0,0,0
38.192,0.0348,0.0000,PATROL,0,0,0
38.225,0.0333,0.0000,PATROL,0,0,0
38.259,0.0340,0.1000,PATROL,0,0,0
38.293,0.0339,0.0000,PATROL,0,0,0
38.327,0.0341,0.0000,PATROL,0,0,0
38.361,0.0340,0.1000,PATROL,0,0,0
38.395,0.0339,0.0000,PATROL,0,0,0
38.429,0.0341,0.0000,PATROL,0,0,0
38.463,0.0339,0.1000,PATROL,0,0,0
38.497,0.0340,0.0000,PATROL,0,0,0
38.531,0.0340,0.0000,PATROL,0,0,0
38.565,0.0337,0.1000,PATROL,0,0,0
38.599,0.0341,0.0000,PATROL,0,0,0
38.633,0.0342,0.0000,PATROL,0,0,0
38.667,0.0340,0.1000,PATROL,0,0,0
38.701,0.0341,0.0000,PATROL,0,0,0
38.735,0.0342,0.0000,PATROL,0,0,0
38.769,0.0341,0.1000,PATROL,0,0,0
38.803,0.0340,0.0000,PATROL,0,0,0
38.837,0.0335,0.0000,PATROL,0,0,0
38.871,0.0345,0.1000,PATROL,0,0,0
38.905,0.0342,0.0000,PATROL,0,0,0
38.939,0.0336,0.0000,PATROL,0,0,0
38.973,0.0344,0.1000,PATROL,0,0,0
39.007,0.0338,0.0000,PATROL,0,0,0
39.042,0.0347,0.0000,PATROL,0,0,0
39.075,0.0333,0.1000,PATROL,0,0,0
39.110,0.0344,0.0000,PATROL,0,0,0
39.143,0.0336,0.0000,PATROL,0,0,0
39.177,0.0336,0.1000,PATROL,0,0,0
39.211,0.0341,0.0000,PATROL,0,0,0
39.245,0.0341,0.1000,PATROL,0,0,0
39.279,0.0342,0.0000,PATROL,0,0,0
39.313,0.0337,0.0000,PATROL,0,0,0
39.347,0.0339,0.1000,PATROL,0,0,0
39.381,0.0342,0.0000,PATROL,0,0,0
39.415,0.0340,0.0000,PATROL,0,0,0
39.449,0.0340,0.1000,PATROL,0,0,0
39.483,0.0341,0.0000,PATROL,0,0,0
39.517,0.0338,0.0000,PATROL,0,0,0
39.551,0.0342,0.1000,PATROL,0,0,0
39.585,0.0339,0.0000,PATROL,0,0,0
39.619,0.0340,0.0000,PATROL,0,0,0
39.653,0.0339,0.1000,PATROL,0,0,0
39.688,0.0346,0.0000,PATROL,0,0,0
39.721,0.0335,0.0000,PATROL,0,0,0
39.755,0.0341,0.1000,PATROL,0,0,0
39.789,0.0342,0.0000,PATROL,0,0,0
39.824,0.0341,0.0000,PATROL,0,0,0
39.858,0.0343,0.1000,PATROL,0,0,0
39.892,0.0338,0.0000,PATROL,0,0,0
39.926,0.0343,0.0000,PATROL,0,0,0
39.959,0.0335,0.1000,PATROL,0,0,0
39.994,0.0342,0.0000,PATROL,0,0,0
40.028,0.0345,0.0000,PATROL,0,0,0
40.062,0.0336,0.1000,PATROL,0,0,0
40.096,0.0345,0.0000,PATROL,0,0,0
40.130,0.0334,0.0000,PATROL,0,0,0
40.164,0.0340,0.1000,PATROL,0,0,0
40.197,0.0338,0.0000,PATROL,0,0,0
40.232,0.0341,0.0000,PATROL,0,0,0
40.266,0.0340,0.1000,PATROL,0,0,0
40.300,0.0342,0.0000,PATROL,0,0,0
40.334,0.0340,0.0000,PATROL,0,0,0
40.368,0.0339,0.1000,PATROL,0,0,0
40.402,0.0341,0.0000,PATROL,0,0,0
40.436,0.0343,0.0000,PATROL,0,0,0
40.470,0.0342,0.1000,PATROL,0,0,0
40.504,0.0338,0.0000,PATROL,0,0,0
40.538,0.0337,0.0000,PATROL,0,0,0
40.572,0.0341,0.1000,PATROL,0,0,0
40.606,0.0340,0.0000,PATROL,0,0,0
40.640,0.0339,0.0000,PATROL,0,0,0
40.674,0.0341,0.1000,PATROL,0,0,0
40.708,0.0339,0.0000,PATROL,0,0,0
40.742,0.0342,0.0000,PATROL,0,0,0
40.776,0.0343,0.1000,PATROL,0,0,0
40.810,0.0336,0.0000,PATROL,0,0,0
40.844,0.0344,0.0000,PATROL,0,0,0
40.878,0.0335,0.1000,PATROL,0,0,0
40.912,0.0343,0.0000,PATROL,0,0,0
40.946,0.0337,0.1000,PATROL,0,0,0
40.980,0.0343,0.0000,PATROL,0,0,0
41.014,0.0339,0.0000,PATROL,0,0,0
41.048,0.0340,0.1000,PATROL,0,0,0
41.082,0.0339,0.0000,PATROL,0,0,0
41.116,0.0342,0.0000,PATROL,0,0,0
41.150,0.0338,0.1000,PATROL,0,0,0
41.185,0.0350,0.0000,PATROL,0,0,0
41.218,0.0332,0.0000,PATROL,0,0,0
41.252,0.0339,0.1000,PATROL,0,0,0
41.287,0.0347,0.0000,PATROL,0,0,0
41.320,0.0335,0.0000,PATROL,0,0,0
41.354,0.0339,0.1000,PATROL,0,0,0
41.388,0.0343,0.0000,PATROL,0,0,0
41.422,0.0339,0.0000,PATROL,0,0,0
41.456,0.0339,0.1000,PATROL,0,0,0
41.491,0.0344,0.0000,PATROL,0,0,0
41.524,0.0337,0.0000,PATROL,0,0,0
41.558,0.0338,0.1000,PATROL,0,0,0
41.593,0.0344,0.0000,PATROL,0,0,0
41.627,0.0342,0.0000,PATROL,0,0,0
41.661,0.0339,0.1000,PATROL,0,0,0
41.694,0.0337,0.0000,PATROL,0,0,0
41.728,0.0343,0.0000,PATROL,0,0,0
41.762,0.0338,0.1000,PATROL,0,0,0
41.797,0.0344,0.0000,PATROL,0,0,0
41.830,0.0338,0.0000,PATROL,0,0,0
41.864,0.0338,0.1000,PATROL,0,0,0
41.898,0.0339,0.0000,PATROL,0,0,0
41.933,0.0345,0.0000,PATROL,0,0,0
41.966,0.0337,0.1000,PATROL,0,0,0
42.001,0.0342,0.0000,PATROL,0,0,0
42.035,0.0340,0.0000,PATROL,0,0,0
42.068,0.0338,0.1000,PATROL,0,0,0
42.103,0.0341,0.0000,PATROL,0,0,0
42.137,0.0342,0.0000,PATROL,0,0,0
42.171,0.0338,0.1000,PATROL,0,0,0
42.204,0.0339,0.0000,PATROL,0,0,0
42.239,0.0342,0.0000,PATROL,0,0,0
42.273,0.0339,0.1000,PATROL,0,0,0
42.307,0.0340,0.0000,PATROL,0,0,0
42.340,0.0338,0.0000,PATROL,0,0,0
42.374,0.0341,0.1000,PATROL,0,0,0
42.409,0.0346,0.0000,PATROL,0,0,0
42.442,0.0332,0.0000,PATROL,0,0,0
42.476,0.0341,0.1000,PATROL,0,0,0
42.510,0.0341,0.0000,PATROL,0,0,0
42.545,0.0349,0.0000,PATROL,0,0,0
42.578,0.0331,0.1000,PATROL,0,0,0
42.612,0.0339,0.0000,PATROL,0,0,0
42.647,0.0343,0.1000,PATROL,0,0,0
42.681,0.0342,0.0000,PATROL,0,0,0
42.715,0.0342,0.0000,PATROL,0,0,0
42.749,0.0339,0.1000,PATROL,0,0,0
42.784,0.0353,0.0000,PATROL,0,0,0
42.817,0.0331,0.0000,PATROL,0,0,0
42.851,0.0335,0.1000,PATROL,0,0,0
42.885,0.0346,0.0000,PATROL,0,0,0
42.919,0.0336,0.0000,PATROL,0,0,0
42.953,0.0340,0.1000,PATROL,0,0,0
42.987,0.0346,0.0000,PATROL,0,0,0
43.021,0.0336,0.0000,PATROL,0,0,0
43.055,0.0341,0.1000,PATROL,0,0,0
43.090,0.0351,0.0000,PATROL,0,0,0
43.123,0.0329,0.0000,PATROL,0,0,0
43.157,0.0341,0.1000,PATROL,0,0,0
43.192,0.0343,0.0000,PATROL,0,0,0
43.225,0.0337,0.0000,PATROL,0,0,0
43.259,0.0337,0.1000,PATROL,0,0,0
43.293,0.0344,0.0000,PATROL,0,0,0
43.327,0.0340,0.0000,PATROL,0,0,0
43.362,0.0345,0.1000,PATROL,0,0,0
43.396,0.0338,0.0000,PATROL,0,0,0
43.429,0.0338,0.0000,PATROL,0,0,0
43.463,0.0341,0.1000,PATROL,0,0,0
43.497,0.0340,0.0000,PATROL,0,0,0
43.531,0.0339,0.0000,PATROL,0,0,0
43.565,0.0340,0.1000,PATROL,0,0,0
43.599,0.0340,0.0000,PATROL,0,0,0
43.633,0.0342,0.0000,PATROL,0,0,0
43.667,0.0339,0.1000,PATROL,0,0,0
43.701,0.0341,0.0000,PATROL,0,0,0
43.736,0.0342,0.0000,PATROL,0,0,0
43.770,0.0338,0.1000,PATROL,0,0,0
43.804,0.0340,0.0000,PATROL,0,0,0
43.838,0.0340,0.0000,PATROL,0,0,0
43.872,0.0340,0.1000,PATROL,0,0,0
43.906,0.0340,0.0000,PATROL,0,0,0
43.939,0.0339,0.0000,PATROL,0,0,0
43.974,0.0343,0.1000,PATROL,0,0,0
44.008,0.0340,0.0000,PATROL,0,0,0
44.042,0.0339,0.0000,PATROL,0,0,0
44.076,0.0339,0.1000,PATROL,0,0,0
44.110,0.0341,0.0000,PATROL,0,0,0
44.144,0.0342,0.0000,PATROL,0,0,0
44.179,0.0345,0.1000,PATROL,0,0,0
44.211,0.0330,0.0000,PATROL,0,0,0
44.246,0.0343,0.0000,PATROL,0,0,0
44.280,0.0341,0.1000,PATROL,0,0,0
44.314,0.0338,0.0000,PATROL,0,0,0
44.348,0.0340,0.1000,PATROL,0,0,0
44.382,0.0342,0.0000,PATROL,0,0,0
44.416,0.0338,0.0000,PATROL,0,0,0
44.450,0.0340,0.1000,PATROL,0,0,0
44.484,0.0344,0.0000,PATROL,0,0,0
44.518,0.0337,0.0000,PATROL,0,0,0
44.552,0.0344,0.1000,PATROL,0,0,0
44.586,0.0336,0.0000,PATROL,0,0,0
44.620,0.0342,0.0000,PATROL,0,0,0
44.654,0.0341,0.1000,PATROL,0,0,0
44.689,0.0346,0.0000,PATROL,0,0,0
44.722,0.0332,0.0000,PATROL,0,0,0
44.756,0.0341,0.1000,PATROL,0,0,0
44.790,0.0343,0.0000,PATROL,0,0,0
44.824,0.0342,0.0000,PATROL,0,0,0
44.858,0.0339,0.1000,PATROL,0,0,0
44.892,0.0338,0.0000,PATROL,0,0,0
44.926,0.0339,0.0000,PATROL,0,0,0
44.960,0.0338,0.1000,PATROL,0,0,0
44.994,0.0341,0.0000,PATROL,0,0,0
45.029,0.0350,0.0000,PATROL,0,0,0
45.062,0.0330,0.1000,PATROL,0,0,0
45.097,0.0349,0.0000,PATROL,0,0,0
45.130,0.0335,0.0000,PATROL,0,0,0
45.164,0.0337,0.1000,PATROL,0,0,0
45.198,0.0339,0.0000,PATROL,0,0,0
45.233,0.0346,0.0000,PATROL,0,0,0
45.266,0.0335,0.1000,PATROL,0,0,0
45.300,0.0341,0.0000,PATROL,0,0,0
45.334,0.0341,0.0000,PATROL,0,0,0
45.368,0.0340,0.1000,PATROL,0,0,0
45.402,0.0342,0.0000,PATROL,0,0,0
45.436,0.0339,0.0000,PATROL,0,0,0
45.470,0.0338,0.1000,PATROL,0,0,0
45.504,0.0343,0.0000,PATROL,0,0,0
45.539,0.0341,0.0000,PATROL,0,0,0
45.572,0.0337,0.1000,PATROL,0,0,0
45.606,0.0341,0.0000,PATROL,0,0,0
45.640,0.0338,0.0000,PATROL,0,0,0
45.674,0.0342,0.1000,PATROL,0,0,0
45.709,0.0343,0.0000,PATROL,0,0,0
45.742,0.0338,0.0000,PATROL,0,0,0
45.777,0.0342,0.1000,PATROL,0,0,0
45.810,0.0337,0.0000,PATROL,0,0,0
45.845,0.0341,0.0000,PATROL,0,0,0
45.878,0.0340,0.1000,PATROL,0,0,0
45.912,0.0339,0.0000,PATROL,0,0,0
45.946,0.0341,0.0000,PATROL,0,0,0
45.980,0.0339,0.1000,PATROL,0,0,0
46.014,0.0342,0.0000,PATROL,0,0,0
46.048,0.0339,0.1000,PATROL,0,0,0
46.082,0.0341,0.0000,PATROL,0,0,0
46.117,0.0341,0.0000,PATROL,0,0,0
46.150,0.0339,0.1000,PATROL,0,0,0
46.185,0.0341,0.0000,PATROL,0,0,0
46.219,0.0339,0.0000,PATROL,0,0,0
46.253,0.0341,0.1000,PATROL,0,0,0
46.287,0.0341,0.0000,PATROL,0,0,0
46.321,0.0339,0.0000,PATROL,0,0,0
46.355,0.0341,0.1000,PATROL,0,0,0
46.389,0.0342,0.0000,PATROL,0,0,0
46.423,0.0340,0.0000,PATROL,0,0,0
46.457,0.0339,0.1000,PATROL,0,0,0
46.491,0.0342,0.0000,PATROL,0,0,0
46.525,0.0339,0.0000,PATROL,0,0,0
46.559,0.0340,0.1000,PATROL,0,0,0
46.593,0.0341,0.0000,PATROL,0,0,0
46.627,0.0340,0.0000,PATROL,0,0,0
46.661,0.0338,0.1000,PATROL,0,0,0
46.696,0.0347,0.0000,PATROL,0,0,0
46.729,0.0337,0.0000,PATROL,0,0,0
46.763,0.0338,0.1000,PATROL,0,0,0
46.797,0.0339,0.0000,PATROL,0,0,0
46.831,0.0341,0.0000,PATROL,0,0,0
46.865,0.0342,0.1000,PATROL,0,0,0
46.899,0.0340,0.0000,PATROL,0,0,0
46.933,0.0338,0.0000,PATROL,0,0,0
46.967,0.0340,0.1000,PATROL,0,0,0
47.001,0.0342,0.0000,PATROL,0,0,0
47.035,0.0340,0.0000,PATROL,0,0,0
47.069,0.0338,0.1000,ALIGN,0,0,0
47.103,0.0340,0.0000,ALIGN,0,0,0
47.137,0.0342,0.0000,ALIGN,0,0,0
47.171,0.0339,0.1000,ALIGN,0,0,0
47.205,0.0340,0.0000,ALIGN,0,0,0
47.239,0.0342,0.0000,ALIGN,0,0,0
47.273,0.0338,0.1000,ALIGN,0,0,0
47.307,0.0343,0.0000,ALIGN,0,0,0
47.341,0.0340,0.0000,ALIGN,0,0,0
47.375,0.0338,0.1000,ALIGN,0,0,0
47.409,0.0342,0.0000,ALIGN,0,0,0
47.443,0.0339,0.0000,ALIGN,0,0,0
47.477,0.0341,0.1000,ALIGN,0,0,0
47.511,0.0339,0.0000,ALIGN,0,0,0
47.546,0.0344,0.0000,ALIGN,0,0,0
47.579,0.0338,0.1000,ALIGN,0,0,0
47.613,0.0340,0.0000,ALIGN,0,0,0
47.648,0.0343,0.0000,ALIGN,0,0,0
47.681,0.0337,0.1000,ALIGN,0,0,0
47.715,0.0341,0.0000,ALIGN,0,0,0
47.749,0.0340,0.1000,ALIGN,0,0,0
47.784,0.0343,0.0000,ALIGN,0,0,0
47.817,0.0336,0.0000,ALIGN,0,0,0
47.851,0.0340,0.1000,ALIGN,0,0,0
47.886,0.0343,0.0000,ALIGN,0,0,0
47.920,0.0339,0.0000,ALIGN,0,0,0
47.953,0.0338,0.1000,ALIGN,0,0,0
47.988,0.0341,0.0000,ALIGN,0,0,0
48.022,0.0339,0.0000,ALIGN,0,0,0
48.055,0.0339,0.1000,ALIGN,0,0,0
48.090,0.0342,0.0000,ALIGN,0,0,0
48.124,0.0339,0.0000,ALIGN,0,0,0
48.157,0.0339,0.1000,ALIGN,0,0,0
48.192,0.0343,0.0000,ALIGN,0,0,0
48.226,0.0342,0.0000,ALIGN,0,0,0
48.260,0.0342,0.1000,ALIGN,0,0,0
48.293,0.0334,0.0000,ALIGN,0,0,0
48.328,0.0342,0.0000,ALIGN,0,0,0
48.361,0.0336,0.1000,ALIGN,0,0,0
48.396,0.0344,0.0000,ALIGN,0,0,0
48.430,0.0341,0.0000,ALIGN,0,0,0
48.464,0.0339,0.1000,ALIGN,0,0,0
48.498,0.0339,0.0000,ALIGN,0,0,0
48.532,0.0341,0.0000,ALIGN,0,0,0
48.566,0.0340,0.1000,ALIGN,0,0,0
48.599,0.0340,0.0000,ALIGN,0,0,0
48.634,0.0340,0.0000,APPROACH,0,0,0
48.668,0.0340,0.1000,APPROACH,0,0,0
48.701,0.0338,0.0000,APPROACH,0,0,0
48.736,0.0346,0.0000,APPROACH,0,0,0
48.770,0.0343,0.1000,APPROACH,0,0,0
48.804,0.0335,0.0000,APPROACH,0,0,0
48.838,0.0342,0.0000,APPROACH,0,0,0
48.872,0.0344,0.1000,APPROACH,0,0,0
48.907,0.0343,0.0000,APPROACH,0,0,0
48.940,0.0339,0.0000,APPROACH,0,0,0
48.974,0.0339,0.1000,APPROACH,0,0,0
49.010,0.0352,0.0000,APPROACH,0,0,0
49.043,0.0330,0.0000,APPROACH,0,0,0
49.077,0.0340,0.1000,APPROACH,0,0,0
49.111,0.0340,0.0000,APPROACH,0,0,0
49.145,0.0346,0.0000,APPROACH,0,0,0
49.179,0.0336,0.1000,APPROACH,0,0,0
49.213,0.0339,0.0000,APPROACH,0,0,0
49.247,0.0342,0.0000,APPROACH,0,0,0
49.282,0.0350,0.1000,APPROACH,0,0,0
49.315,0.0330,0.0000,APPROACH,0,0,0
49.349,0.0341,0.0000,APPROACH,0,0,0
49.383,0.0337,0.1000,APPROACH,0,0,0
49.417,0.0343,0.0000,APPROACH,0,0,0
49.451,0.0337,0.1000,APPROACH,0,0,0
49.485,0.0344,0.0000,APPROACH,0,0,0
49.519,0.0342,0.0000,APPROACH,0,0,0
49.553,0.0335,0.1000,APPROACH,0,0,0
49.587,0.0340,0.0000,APPROACH,0,0,0
49.621,0.0344,0.0000,APPROACH,0,0,0
49.655,0.0337,0.1000,APPROACH,0,0,0
49.689,0.0344,0.0000,APPROACH,0,0,0
49.723,0.0336,0.0000,APPROACH,0,0,0
49.757,0.0341,0.1000,APPROACH,0,0,0
49.791,0.0342,0.0000,APPROACH,0,0,0
49.826,0.0348,0.0000,APPROACH,0,0,0
49.859,0.0332,0.1000,APPROACH,0,0,0
49.893,0.0342,0.0000,APPROACH,0,0,0
49.927,0.0338,0.0000,APPROACH,0,0,0
49.961,0.0341,0.1000,APPROACH,0,0,0
49.995,0.0343,0.0000,APPROACH,0,0,0
50.030,0.0343,0.0000,APPROACH,0,0,0
50.063,0.0333,0.1000,APPROACH,0,0,0
50.098,0.0350,0.0000,APPROACH,0,0,0
50.132,0.0339,0.0000,APPROACH,0,0,0
50.165,0.0334,0.1000,APPROACH,0,0,0
50.199,0.0341,0.0000,APPROACH,0,0,0
50.233,0.0341,0.0000,APPROACH,0,0,0
50.267,0.0339,0.1000,APPROACH,0,0,0
50.302,0.0343,0.0000,APPROACH,0,0,0
50.336,0.0343,0.0000,APPROACH,0,0,0
50.369,0.0333,0.1000,APPROACH,0,0,0
50.403,0.0339,0.0000,APPROACH,0,0,0
50.437,0.0342,0.0000,APPROACH,0,0,0
50.472,0.0343,0.1000,APPROACH,0,0,0
50.505,0.0338,0.0000,APPROACH,0,0,0
50.539,0.0340,0.0000,APPROACH,0,0,0
50.574,0.0341,0.1000,APPROACH,0,0,0
50.607,0.0338,0.0000,APPROACH,0,0,0
50.641,0.0340,0.0000,APPROACH,0,0,0
50.675,0.0341,0.1000,APPROACH,0,0,0
50.709,0.0338,0.0000,APPROACH,0,0,0
50.743,0.0341,0.0000,APPROACH,0,0,0
50.778,0.0343,0.1000,APPROACH,0,0,0
50.811,0.0336,0.0000,APPROACH,0,0,0
50.846,0.0345,0.0000,APPROACH,0,0,0
50.880,0.0340,0.1000,APPROACH,0,0,0
50.914,0.0338,0.0000,APPROACH,0,0,0
50.948,0.0343,0.0000,APPROACH,0,0,0
50.982,0.0338,0.1000,APPROACH,0,0,0
51.016,0.0339,0.0000,APPROACH,0,0,0
51.050,0.0340,0.0000,APPROACH,0,0,0
51.084,0.0340,0.1000,APPROACH,0,0,0
51.118,0.0341,0.0000,APPROACH,0,0,0
51.152,0.0339,0.1000,APPROACH,0,0,0
51.186,0.0341,0.0000,APPROACH,0,0,0
51.220,0.0339,0.0000,APPROACH,0,0,0
51.253,0.0338,0.1000,APPROACH,0,0,0
51.288,0.0345,0.0000,APPROACH,0,0,0
51.322,0.0339,0.0000,APPROACH,0,0,0
51.356,0.0339,0.1000,APPROACH,0,0,0
51.390,0.0344,0.0000,APPROACH,0,0,0
51.424,0.0337,0.0000,APPROACH,0,0,0
51.458,0.0339,0.1000,APPROACH,0,0,0
51.492,0.0343,0.0000,APPROACH,0,0,0
51.526,0.0339,0.0000,APPROACH,0,0,0
51.560,0.0338,0.1000,APPROACH,0,0,0
51.594,0.0342,0.0000,APPROACH,0,0,0
51.628,0.0343,0.0000,APPROACH,0,0,0
51.662,0.0338,0.1000,APPROACH,0,0,0
51.697,0.0349,0.0000,APPROACH,0,0,0
51.730,0.0328,0.0000,APPROACH,0,0,0
51.764,0.0342,0.1000,APPROACH,0,0,0
51.798,0.0342,0.0000,APPROACH,0,0,0
51.832,0.0338,0.0000,APPROACH,0,0,0
51.866,0.0342,0.1000,APPROACH,0,0,0
51.900,0.0343,0.0000,APPROACH,0,0,0
51.934,0.0340,0.0000,APPROACH,0,0,0
51.969,0.0340,0.1000,APPROACH,0,0,0
52.002,0.0339,0.0000,APPROACH,0,0,0
52.036,0.0339,0.0000,APPROACH,0,0,0
52.071,0.0344,0.1000,APPROACH,0,0,0
52.104,0.0335,0.0000,APPROACH,0,0,0
52.138,0.0341,0.0000,APPROACH,0,0,0
52.172,0.0342,0.1000,APPROACH,0,0,0
52.206,0.0337,0.0000,APPROACH,0,0,0
52.241,0.0344,0.0000,APPROACH,0,0,0
52.274,0.0336,0.1000,APPROACH,0,0,0
52.309,0.0344,0.0000,APPROACH,0,0,0
52.342,0.0339,0.0000,APPROACH,0,0,0
52.376,0.0338,0.1000,APPROACH,0,0,0
52.410,0.0340,0.0000,APPROACH,0,0,0
52.444,0.0339,0.0000,APPROACH,0,0,0
52.478,0.0343,0.1000,APPROACH,0,0,0
52.513,0.0341,0.0000,APPROACH,0,0,0
52.546,0.0338,0.0000,APPROACH,0,0,0
52.581,0.0342,0.1000,APPROACH,0,0,0
52.614,0.0338,0.0000,APPROACH,0,0,0
52.649,0.0342,0.0000,APPROACH,0,0,0
52.682,0.0339,0.1000,APPROACH,0,0,0
52.717,0.0340,0.0000,APPROACH,0,0,0
52.751,0.0341,0.0000,APPROACH,0,0,0
52.785,0.0343,0.1000,APPROACH,0,0,0
52.819,0.0337,0.0000,APPROACH,0,0,0
52.853,0.0339,0.1000,APPROACH,0,0,0
52.887,0.0341,0.0000,APPROACH,0,0,0
52.921,0.0341,0.0000,APPROACH,0,0,0
52.955,0.0339,0.1000,APPROACH,0,0,0
52.989,0.0343,0.0000,APPROACH,0,0,0
53.023,0.0342,0.0000,APPROACH,0,0,0
53.057,0.0338,0.1000,APPROACH,0,0,0
53.091,0.0344,0.0000,APPROACH,0,0,0
53.125,0.0335,0.0000,APPROACH,0,0,0
53.159,0.0338,0.1000,APPROACH,0,0,0
53.193,0.0343,0.0000,APPROACH,0,0,0
53.227,0.0340,0.0000,APPROACH,0,0,0
53.261,0.0340,0.1000,APPROACH,0,0,0
53.295,0.0339,0.0000,APPROACH,0,0,0
53.330,0.0351,0.0000,APPROACH,0,0,0
53.363,0.0330,0.1000,APPROACH,0,0,0
53.397,0.0342,0.0000,APPROACH,0,0,0
53.431,0.0340,0.0000,APPROACH,0,0,0
53.465,0.0337,0.1000,APPROACH,0,0,0
53.500,0.0347,0.0000,APPROACH,0,0,0
53.533,0.0338,0.0000,APPROACH,0,0,0
53.568,0.0346,0.1000,APPROACH,0,0,0
53.601,0.0331,0.0000,APPROACH,0,0,0
53.635,0.0340,0.0000,APPROACH,0,0,0
53.669,0.0338,0.1000,APPROACH,0,0,0
53.703,0.0341,0.0000,APPROACH,0,0,0
53.737,0.0339,0.0000,APPROACH,0,0,0
53.771,0.0342,0.1000,APPROACH,0,0,0
53.805,0.0340,0.0000,APPROACH,0,0,0
53.839,0.0344,0.0000,APPROACH,0,0,0
53.873,0.0336,0.1000,APPROACH,0,0,0
53.907,0.0340,0.0000,APPROACH,0,0,0
53.941,0.0340,0.0000,APPROACH,0,0,0
53.975,0.0343,0.1000,APPROACH,0,0,0
54.009,0.0336,0.0000,APPROACH,0,0,0
54.044,0.0345,0.0000,APPROACH,0,0,0
54.077,0.0337,0.1000,APPROACH,0,0,0
54.111,0.0338,0.0000,APPROACH,0,0,0
54.145,0.0345,0.0000,APPROACH,0,0,0
54.179,0.0338,0.1000,APPROACH,0,0,0
54.213,0.0339,0.0000,APPROACH,0,0,0
54.248,0.0343,0.0000,APPROACH,0,0,0
54.281,0.0336,0.1000,APPROACH,0,0,0
54.315,0.0340,0.0000,APPROACH,0,0,0
54.349,0.0342,0.0000,APPROACH,0,0,0
54.384,0.0342,0.1000,APPROACH,0,0,0
54.417,0.0339,0.0000,APPROACH,0,0,0
54.452,0.0343,0.0000,APPROACH,0,0,0
54.486,0.0338,0.1000,APPROACH,0,0,0
54.520,0.0341,0.0000,APPROACH,0,0,0
54.553,0.0338,0.1000,APPROACH,0,0,0
54.588,0.0343,0.0000,APPROACH,0,0,0
54.622,0.0341,0.0000,APPROACH,0,0,0
54.655,0.0335,0.1000,APPROACH,0,0,0
54.691,0.0355,0.0000,APPROACH,0,0,0
54.723,0.0327,0.0000,APPROACH,0,0,0
54.757,0.0339,0.1000,APPROACH,0,0,0
54.791,0.0339,0.0000,APPROACH,0,0,0
54.825,0.0340,0.0000,APPROACH,0,0,0
54.860,0.0341,0.1000,APPROACH,0,0,0
54.894,0.0345,0.0000,APPROACH,0,0,0
54.928,0.0341,0.0000,APPROACH,0,0,0
54.962,0.0334,0.1000,APPROACH,0,0,0
54.996,0.0345,0.0000,APPROACH,0,0,0
55.030,0.0337,0.0000,APPROACH,0,0,0
55.064,0.0343,0.1000,APPROACH,0,0,0
55.098,0.0340,0.0000,APPROACH,0,0,0
55.132,0.0338,0.0000,APPROACH,0,0,0
55.166,0.0342,0.1000,APPROACH,0,0,0
55.200,0.0342,0.0000,APPROACH,0,0,0
55.234,0.0337,0.0000,APPROACH,0,0,0
55.269,0.0346,0.1000,APPROACH,0,0,0
55.302,0.0335,0.0000,APPROACH,0,0,0
55.336,0.0336,0.0000,APPROACH,0,0,0
55.370,0.0342,0.1000,APPROACH,0,0,0
55.404,0.0343,0.0000,APPROACH,0,0,0
55.438,0.0334,0.0000,APPROACH,0,0,0
55.472,0.0343,0.1000,APPROACH,0,0,0
55.506,0.0338,0.0000,APPROACH,0,0,0
55.540,0.0343,0.0000,APPROACH,0,0,0
55.574,0.0339,0.1000,APPROACH,0,0,0
55.608,0.0342,0.0000,APPROACH,0,0,0
55.642,0.0339,0.0000,APPROACH,0,0,0
55.676,0.0339,0.1000,APPROACH,0,0,0
55.710,0.0340,0.0000,APPROACH,0,0,0
55.744,0.0345,0.0000,APPROACH,0,0,0
55.778,0.0337,0.1000,APPROACH,0,0,0
55.812,0.0337,0.0000,APPROACH,0,0,0
55.847,0.0352,0.0000,APPROACH,0,0,0
55.880,0.0331,0.1000,APPROACH,0,0,0
55.914,0.0340,0.0000,APPROACH,0,0,0
55.948,0.0339,0.0000,APPROACH,0,0,0
55.983,0.0344,0.1000,APPROACH,0,0,0
56.017,0.0346,0.0000,APPROACH,0,0,0
56.050,0.0333,0.0000,APPROACH,0,0,0
56.084,0.0341,0.1000,APPROACH,0,0,0
56.118,0.0339,0.0000,APPROACH,0,0,0
56.153,0.0342,0.0000,APPROACH,0,0,0
56.186,0.0338,0.1000,APPROACH,0,0,0
56.220,0.0339,0.0000,APPROACH,0,0,0
56.254,0.0340,0.1000,APPROACH,0,0,0
56.288,0.0340,0.0000,APPROACH,0,0,0
56.323,0.0344,0.0000,APPROACH,0,0,0
56.357,0.0338,0.1000,APPROACH,0,0,0
56.390,0.0338,0.0000,APPROACH,0,0,0
56.425,0.0343,0.0000,APPROACH,0,0,0
56.459,0.0339,0.1000,APPROACH,0,0,0
56.493,0.0346,0.0000,APPROACH,0,0,0
56.527,0.0335,0.0000,APPROACH,0,0,0
56.561,0.0342,0.1000,APPROACH,0,0,0
56.595,0.0337,0.0000,APPROACH,0,0,0
56.629,0.0342,0.0000,APPROACH,0,0,0
56.663,0.0337,0.1000,APPROACH,0,0,0
56.697,0.0343,0.0000,APPROACH,0,0,0
56.731,0.0340,0.0000,APPROACH,0,0,0
56.765,0.0339,0.1000,APPROACH,0,0,0
56.799,0.0344,0.0000,APPROACH,0,0,0
56.833,0.0340,0.0000,APPROACH,0,0,0
56.867,0.0337,0.1000,APPROACH,0,0,0
56.902,0.0347,0.0000,APPROACH,0,0,0
56.935,0.0337,0.0000,APPROACH,0,0,0
56.969,0.0341,0.1000,APPROACH,0,0,0
57.003,0.0336,0.0000,APPROACH,0,0,0
57.037,0.0340,0.0000,APPROACH,0,0,0
57.071,0.0341,0.1000,APPROACH,0,0,0
57.106,0.0345,0.0000,APPROACH,0,0,0
57.139,0.0337,0.0000,APPROACH,0,0,0
57.173,0.0339,0.1000,APPROACH,0,0,0
57.207,0.0340,0.0000,APPROACH,0,0,0
57.241,0.0341,0.0000,APPROACH,0,0,0
57.275,0.0339,0.1000,APPROACH,0,0,0
57.309,0.0340,0.0000,APPROACH,0,0,0
57.344,0.0345,0.0000,APPROACH,0,0,0
57.377,0.0339,0.1000,APPROACH,0,0,0
57.411,0.0336,0.0000,APPROACH,0,0,0
57.445,0.0342,0.0000,APPROACH,0,0,0
57.479,0.0340,0.1000,APPROACH,0,0,0
57.513,0.0341,0.0000,APPROACH,0,0,0
57.547,0.0341,0.0000,APPROACH,0,0,0
57.581,0.0338,0.1000,APPROACH,0,0,0
57.615,0.0342,0.0000,APPROACH,0,0,0
57.649,0.0339,0.0000,APPROACH,0,0,0
57.683,0.0341,0.1000,APPROACH,0,0,0
57.717,0.0339,0.0000,APPROACH,0,0,0
57.751,0.0341,0.0000,APPROACH,0,0,0
57.786,0.0346,0.1000,APPROACH,0,0,0
57.820,0.0337,0.0000,APPROACH,0,0,0
57.853,0.0337,0.0000,APPROACH,0,0,0
57.888,0.0341,0.1000,APPROACH,0,0,0
57.922,0.0340,0.0000,APPROACH,0,0,0
57.955,0.0337,0.1000,APPROACH,0,0,0
57.990,0.0344,0.0000,APPROACH,0,0,0
58.024,0.0339,0.0000,APPROACH,0,0,0
58.057,0.0337,0.1000,APPROACH,0,0,0
58.091,0.0341,0.0000,APPROACH,0,0,0
58.126,0.0342,0.0000,APPROACH,0,0,0
58.159,0.0339,0.1000,APPROACH,0,0,0
58.194,0.0343,0.0000,APPROACH,0,0,0
58.228,0.0340,0.0000,APPROACH,0,0,0
58.262,0.0340,0.1000,APPROACH,0,0,0
58.296,0.0340,0.0000,APPROACH,0,0,0
58.330,0.0341,0.0000,APPROACH,0,0,0
58.364,0.0344,0.1000,APPROACH,0,0,0
58.398,0.0341,0.0000,APPROACH,0,0,0
58.433,0.0345,0.0000,APPROACH,0,0,0
58.466,0.0337,0.1000,APPROACH,0,0,0
58.501,0.0341,0.0000,APPROACH,0,0,0
58.534,0.0338,0.0000,APPROACH,0,0,0
58.568,0.0337,0.1000,APPROACH,0,0,0
58.602,0.0343,0.0000,APPROACH,0,0,0
58.637,0.0342,0.0000,APPROACH,0,0,0
58.670,0.0335,0.1000,APPROACH,0,0,0
58.705,0.0344,0.0000,APPROACH,0,0,0
58.738,0.0338,0.0000,APPROACH,0,0,0
58.773,0.0342,0.1000,APPROACH,0,0,0
58.806,0.0339,0.0000,APPROACH,0,0,0
58.841,0.0343,0.0000,APPROACH,0,0,0
58.874,0.0336,0.1000,APPROACH,0,0,0
58.908,0.0341,0.0000,APPROACH,0,0,0
58.942,0.0342,0.0000,APPROACH,0,0,0
58.977,0.0347,0.1000,APPROACH,0,0,0
59.010,0.0332,0.0000,PATROL,0,0,0
59.044,0.0341,0.0000,PATROL,0,0,0
59.078,0.0340,0.1000,PATROL,0,0,0
59.112,0.0339,0.0000,PATROL,0,0,0
59.147,0.0342,0.0000,PATROL,0,0,0
59.180,0.0339,0.1000,PATROL,0,0,0
59.214,0.0338,0.0000,PATROL,0,0,0
59.249,0.0343,0.0000,PATROL,0,0,0
59.283,0.0340,0.1000,PATROL,0,0,0
59.316,0.0338,0.0000,PATROL,0,0,0
59.350,0.0340,0.0000,PATROL,0,0,0
59.385,0.0343,0.1000,PATROL,0,0,0
59.418,0.0337,0.0000,PATROL,0,0,0
59.453,0.0343,0.0000,PATROL,0,0,0
59.487,0.0343,0.1000,PATROL,0,0,0
59.521,0.0337,0.0000,PATROL,0,0,0
59.554,0.0337,0.0000,PATROL,0,0,0
59.588,0.0339,0.1000,PATROL,0,0,0
59.623,0.0342,0.0000,PATROL,0,0,0
59.656,0.0338,0.1000,PATROL,0,0,0
59.690,0.0342,0.0000,PATROL,0,0,0
59.725,0.0345,0.0000,PATROL,0,0,0
59.758,0.0335,0.1000,PATROL,0,0,0
59.794,0.0352,0.0000,PATROL,0,0,0
59.827,0.0334,0.0000,PATROL,0,0,0
59.861,0.0338,0.1000,PATROL,0,0,0
59.896,0.0347,0.0000,PATROL,0,0,0
59.929,0.0331,0.0000,PATROL,0,0,0
59.963,0.0344,0.1000,PATROL,0,0,0
59.998,0.0344,0.0000,PATROL,0,0,0
60.031,0.0339,0.0000,PATROL,0,0,0
60.065,0.0337,0.1000,PATROL,0,0,0
60.100,0.0346,0.0000,PATROL,0,0,0
60.133,0.0335,0.0000,PATROL,0,0,0
60.168,0.0343,0.1000,PATROL,0,0,0
60.202,0.0341,0.0000,PATROL,0,0,0
60.235,0.0338,0.0000,PATROL,0,0,0
60.269,0.0340,0.1000,PATROL,0,0,0
60.304,0.0346,0.0000,PATROL,0,0,0
60.338,0.0344,0.0000,PATROL,0,0,0
60.371,0.0331,0.1000,PATROL,0,0,0
60.406,0.0343,0.0000,PATROL,0,0,0
60.440,0.0341,0.0000,PATROL,0,0,0
60.474,0.0337,0.1000,PATROL,0,0,0
60.509,0.0355,0.0000,PATROL,0,0,0
60.542,0.0326,0.0000,PATROL,0,0,0
60.576,0.0339,0.1000,PATROL,0,0,0
60.610,0.0339,0.0000,PATROL,0,0,0
60.644,0.0341,0.0000,PATROL,0,0,0
60.678,0.0339,0.1000,PATROL,0,0,0
60.711,0.0339,0.0000,PATROL,0,0,0
60.746,0.0346,0.0000,PATROL,0,0,0
60.780,0.0339,0.1000,PATROL,0,0,0
60.814,0.0338,0.0000,PATROL,0,0,0
60.848,0.0346,0.0000,PATROL,0,0,0
60.882,0.0335,0.1000,PATROL,0,0,0
60.916,0.0340,0.0000,PATROL,0,0,0
60.950,0.0338,0.0000,PATROL,0,0,0
60.984,0.0348,0.1000,PATROL,0,0,0
61.018,0.0335,0.0000,PATROL,0,0,0
61.052,0.0339,0.0000,PATROL,0,0,0
61.086,0.0341,0.1000,PATROL,0,0,0
61.120,0.0344,0.0000,PATROL,0,0,0
61.154,0.0336,0.0000,PATROL,0,0,0
61.188,0.0340,0.1000,PATROL,0,0,0
61.222,0.0341,0.0000,PATROL,0,0,0
61.256,0.0342,0.0000,PATROL,0,0,0
61.290,0.0338,0.1000,PATROL,0,0,0
61.324,0.0340,0.0000,PATROL,0,0,0
61.358,0.0338,0.1000,PATROL,0,0,0
61.392,0.0343,0.0000,PATROL,0,0,0
61.427,0.0349,0.0000,PATROL,0,0,0
61.460,0.0329,0.1000,PATROL,0,0,0
61.494,0.0341,0.0000,PATROL,0,0,0
61.528,0.0343,0.0000,PATROL,0,0,0
61.562,0.0337,0.1000,PATROL,0,0,0
61.596,0.0340,0.0000,PATROL,0,0,0
61.630,0.0341,0.0000,PATROL,0,0,0
61.664,0.0341,0.1000,PATROL,0,0,0
61.699,0.0343,0.0000,PATROL,0,0,0
61.732,0.0337,0.0000,PATROL,0,0,0
61.766,0.0339,0.1000,PATROL,0,0,0
61.800,0.0342,0.0000,PATROL,0,0,0
61.834,0.0339,0.0000,PATROL,0,0,0
61.869,0.0341,0.1000,PATROL,0,0,0
61.903,0.0340,0.0000,PATROL,0,0,0
61.937,0.0341,0.0000,PATROL,0,0,0
61.970,0.0336,0.1000,PATROL,0,0,0
62.005,0.0349,0.0000,PATROL,0,0,0
62.039,0.0334,0.0000,PATROL,0,0,0
62.072,0.0336,0.1000,PATROL,0,0,0
62.107,0.0348,0.0000,PATROL,0,0,0
62.140,0.0333,0.0000,PATROL,0,0,0
62.175,0.0341,0.1000,PATROL,0,0,0
62.209,0.0343,0.0000,PATROL,0,0,0
62.243,0.0339,0.0000,PATROL,0,0,0
62.276,0.0336,0.1000,PATROL,0,0,0
62.310,0.0339,0.0000,PATROL,0,0,0
62.345,0.0344,0.0000,PATROL,0,0,0
62.378,0.0338,0.1000,PATROL,0,0,0
62.412,0.0340,0.0000,PATROL,0,0,0
62.447,0.0343,0.0000,PATROL,0,0,0
62.481,0.0338,0.1000,PATROL,0,0,0
62.514,0.0338,0.0000,PATROL,0,0,0
62.549,0.0343,0.0000,PATROL,0,0,0
62.582,0.0339,0.1000,PATROL,0,0,0
62.618,0.0353,0.0000,PATROL,0,0,0
62.651,0.0329,0.0000,PATROL,0,0,0
62.685,0.0340,0.1000,PATROL,0,0,0
62.719,0.0345,0.0000,PATROL,0,0,0
62.753,0.0339,0.0000,PATROL,0,0,0
62.787,0.0339,0.1000,PATROL,0,0,0
62.821,0.0338,0.0000,PATROL,0,0,0
62.855,0.0340,0.0000,PATROL,0,0,0
62.889,0.0343,0.1000,PATROL,0,0,0
62.923,0.0340,0.0000,PATROL,0,0,0
62.957,0.0345,0.0000,PATROL,0,0,0
62.991,0.0335,0.1000,PATROL,0,0,0
63.025,0.0342,0.0000,PATROL,0,0,0
63.059,0.0336,0.1000,PATROL,0,0,0
63.093,0.0342,0.0000,PATROL,0,0,0
63.127,0.0341,0.0000,PATROL,0,0,0
63.161,0.0339,0.1000,PATROL,0,0,0
63.195,0.0341,0.0000,PATROL,0,0,0
63.229,0.0341,0.0000,PATROL,0,0,0
63.263,0.0339,0.1000,PATROL,0,0,0
63.298,0.0347,0.0000,PATROL,0,0,0
63.331,0.0333,0.0000,PATROL,0,0,0
63.365,0.0338,0.1000,PATROL,0,0,0
63.399,0.0344,0.0000,PATROL,0,0,0
63.433,0.0342,0.0000,PATROL,0,0,0
63.467,0.0336,0.1000,PATROL,0,0,0
63.501,0.0342,0.0000,PATROL,0,0,0
63.535,0.0340,0.0000,PATROL,0,0,0
63.570,0.0348,0.1000,PATROL,0,0,0
63.604,0.0335,0.0000,PATROL,0,0,0
63.637,0.0338,0.0000,PATROL,0,0,0
63.671,0.0338,0.1000,PATROL,0,0,0
63.706,0.0343,0.0000,PATROL,0,0,0
63.739,0.0339,0.0000,PATROL,0,0,0
63.773,0.0339,0.1000,PATROL,0,0,0
63.807,0.0341,0.0000,PATROL,0,0,0
63.841,0.0339,0.0000,PATROL,0,0,0
63.875,0.0342,0.1000,PATROL,0,0,0
63.910,0.0344,0.0000,PATROL,0,0,0
63.943,0.0335,0.0000,PATROL,0,0,0
63.977,0.0338,0.1000,PATROL,0,0,0
64.011,0.0341,0.0000,PATROL,0,0,0
64.045,0.0342,0.0000,PATROL,0,0,0
64.079,0.0338,0.1000,PATROL,0,0,0
64.113,0.0340,0.0000,PATROL,0,0,0
64.147,0.0341,0.0000,PATROL,0,0,0
64.181,0.0338,0.1000,PATROL,0,0,0
64.215,0.0342,0.0000,PATROL,0,0,0
64.250,0.0341,0.0000,PATROL,0,0,0
64.284,0.0343,0.1000,PATROL,0,0,0
64.317,0.0333,0.0000,PATROL,0,0,0
64.352,0.0344,0.0000,PATROL,0,0,0
64.386,0.0340,0.1000,PATROL,0,0,0
64.420,0.0341,0.0000,PATROL,0,0,0
64.454,0.0341,0.0000,PATROL,0,0,0
64.488,0.0343,0.1000,PATROL,0,0,0
64.522,0.0338,0.0000,PATROL,0,0,0
64.556,0.0339,0.0000,PATROL,0,0,0
64.590,0.0341,0.1000,PATROL,0,0,0
64.624,0.0343,0.0000,PATROL,0,0,0
64.658,0.0335,0.0000,PATROL,0,0,0
64.692,0.0340,0.1000,PATROL,0,0,0
64.726,0.0341,0.0000,PATROL,0,0,0
64.760,0.0340,0.1000,PATROL,0,0,0
64.794,0.0341,0.0000,PATROL,0,0,0
64.828,0.0340,0.0000,PATROL,0,0,0
64.862,0.0338,0.1000,PATROL,0,0,0
64.896,0.0343,0.0000,PATROL,0,0,0
64.930,0.0340,0.0000,PATROL,0,0,0
64.964,0.0338,0.1000,PATROL,0,0,0
64.998,0.0344,0.0000,PATROL,0,0,0
65.032,0.0337,0.0000,PATROL,0,0,0
65.066,0.0341,0.1000,PATROL,0,0,0
65.100,0.0340,0.0000,PATROL,0,0,0
65.134,0.0344,0.0000,PATROL,0,0,0
65.168,0.0336,0.1000,PATROL,0,0,0
65.202,0.0345,0.0000,PATROL,0,0,0
65.236,0.0337,0.0000,PATROL,0,0,0
65.270,0.0338,0.1000,PATROL,0,0,0
65.304,0.0344,0.0000,PATROL,0,0,0
65.338,0.0340,0.0000,PATROL,0,0,0
65.372,0.0336,0.1000,PATROL,0,0,0
65.407,0.0346,0.0000,PATROL,0,0,0
65.441,0.0345,0.0000,PATROL,0,0,0
65.474,0.0332,0.1000,PATROL,0,0,0
65.509,0.0349,0.0000,PATROL,0,0,0
65.543,0.0334,0.0000,PATROL,0,0,0
65.576,0.0336,0.1000,PATROL,0,0,0
65.610,0.0340,0.0000,PATROL,0,0,0
65.644,0.0342,0.0000,PATROL,0,0,0
65.678,0.0338,0.1000,PATROL,0,0,0
65.712,0.0343,0.0000,PATROL,0,0,0
65.746,0.0338,0.0000,PATROL,0,0,0
65.780,0.0342,0.1000,PATROL,0,0,0
65.814,0.0339,0.0000,PATROL,0,0,0
65.849,0.0345,0.0000,PATROL,0,0,0
65.883,0.0337,0.1000,PATROL,0,0,0
65.916,0.0338,0.0000,PATROL,0,0,0
65.951,0.0345,0.0000,PATROL,0,0,0
65.985,0.0336,0.1000,PATROL,0,0,0
66.018,0.0339,0.0000,PATROL,0,0,0
66.052,0.0338,0.0000,PATROL,0,0,0
66.086,0.0342,0.1000,PATROL,0,0,0
66.120,0.0340,0.0000,PATROL,0,0,0
66.154,0.0340,0.0000,PATROL,0,0,0
66.188,0.0340,0.1000,PATROL,0,0,0
66.223,0.0342,0.0000,PATROL,0,0,0
66.257,0.0340,0.0000,PATROL,0,0,0
66.290,0.0338,0.1000,PATROL,0,0,0
66.325,0.0343,0.0000,PATROL,0,0,0
66.358,0.0337,0.0000,PATROL,0,0,0
66.393,0.0344,0.1000,PATROL,0,0,0
66.427,0.0338,0.0000,PATROL,0,0,0
66.461,0.0341,0.1000,PATROL,0,0,0
66.495,0.0340,0.0000,PATROL,0,0,0
66.529,0.0345,0.0000,PATROL,0,0,0
66.563,0.0335,0.1000,PATROL,0,0,0
66.597,0.0342,0.0000,PATROL,0,0,0
66.631,0.0340,0.0000,PATROL,0,0,0
66.665,0.0340,0.1000,PATROL,0,0,0
66.699,0.0340,0.0000,PATROL,0,0,0
66.733,0.0342,0.0000,PATROL,0,0,0
66.767,0.0339,0.1000,PATROL,0,0,0
66.802,0.0349,0.0000,PATROL,0,0,0
66.835,0.0330,0.0000,PATROL,0,0,0
66.869,0.0339,0.1000,PATROL,0,0,0
66.903,0.0341,0.0000,PATROL,0,0,0
66.937,0.0344,0.0000,PATROL,0,0,0
66.971,0.0335,0.1000,PATROL,0,0,0
67.006,0.0347,0.0000,PATROL,0,0,0
67.040,0.0341,0.0000,PATROL,0,0,0
67.073,0.0332,0.1000,PATROL,0,0,0
67.107,0.0346,0.0000,PATROL,0,0,0
67.141,0.0338,0.0000,PATROL,0,0,0
67.175,0.0338,0.1000,PATROL,0,0,0
67.209,0.0342,0.0000,PATROL,0,0,0
67.243,0.0339,0.0000,PATROL,0,0,0
67.277,0.0341,0.1000,PATROL,0,0,0
67.311,0.0338,0.0000,PATROL,0,0,0
67.345,0.0342,0.0000,PATROL,0,0,0
67.379,0.0338,0.1000,PATROL,0,0,0
67.413,0.0339,0.0000,PATROL,0,0,0
67.447,0.0342,0.0000,PATROL,0,0,0
67.481,0.0342,0.1000,PATROL,0,0,0
67.515,0.0340,0.0000,PATROL,0,0,0
67.549,0.0340,0.0000,PATROL,0,0,0
67.583,0.0338,0.1000,PATROL,0,0,0
67.617,0.0341,0.0000,PATROL,0,0,0
67.652,0.0344,0.0000,PATROL,0,0,0
67.685,0.0339,0.1000,PATROL,0,0,0
67.720,0.0343,0.0000,PATROL,0,0,0
67.753,0.0337,0.0000,PATROL,0,0,0
67.787,0.0340,0.1000,PATROL,0,0,0
67.821,0.0340,0.0000,PATROL,0,0,0
67.856,0.0346,0.0000,PATROL,0,0,0
67.890,0.0338,0.1000,PATROL,0,0,0
67.923,0.0337,0.0000,PATROL,0,0,0
67.957,0.0340,0.0000,PATROL,0,0,0
67.992,0.0344,0.1000,PATROL,0,0,0
68.026,0.0338,0.0000,PATROL,0,0,0
68.060,0.0340,0.0000,PATROL,0,0,0
68.094,0.0338,0.1000,PATROL,0,0,0
68.128,0.0345,0.0000,PATROL,0,0,0
68.162,0.0338,0.1000,PATROL,0,0,0
68.196,0.0342,0.0000,PATROL,0,0,0
68.230,0.0342,0.0000,PATROL,0,0,0
68.264,0.0335,0.1000,PATROL,0,0,0
68.298,0.0342,0.0000,PATROL,0,0,0
68.332,0.0340,0.0000,PATROL,0,0,0
68.367,0.0347,0.1000,PATROL,0,0,0
68.400,0.0332,0.0000,PATROL,0,0,0
68.434,0.0342,0.0000,PATROL,0,0,0
68.468,0.0337,0.1000,PATROL,0,0,0
68.502,0.0344,0.0000,PATROL,0,0,0
68.536,0.0340,0.0000,PATROL,0,0,0
68.570,0.0340,0.1000,PATROL,0,0,0
68.604,0.0337,0.0000,PATROL,0,0,0
68.638,0.0341,0.0000,PATROL,0,0,0
68.672,0.0342,0.1000,PATROL,0,0,0
68.707,0.0347,0.0000,PATROL,0,0,0
68.740,0.0332,0.0000,PATROL,0,0,0
68.774,0.0341,0.1000,PATROL,0,0,0
68.809,0.0350,0.0000,PATROL,0,0,0
68.843,0.0335,0.0000,PATROL,0,0,0
68.876,0.0336,0.1000,PATROL,0,0,0
68.910,0.0340,0.0000,PATROL,0,0,0
68.944,0.0340,0.0000,PATROL,0,0,0
68.978,0.0339,0.1000,PATROL,0,0,0
69.012,0.0341,0.0000,PATROL,0,0,0
69.046,0.0342,0.0000,PATROL,0,0,0
69.080,0.0337,0.1000,PATROL,0,0,0
69.114,0.0340,0.0000,PATROL,0,0,0
69.148,0.0341,0.0000,PATROL,0,0,0
69.182,0.0340,0.1000,PATROL,0,0,0
69.216,0.0340,0.0000,PATROL,0,0,0
69.250,0.0341,0.0000,PATROL,0,0,0
69.284,0.0340,0.1000,PATROL,0,0,0
69.318,0.0341,0.0000,PATROL,0,0,0
69.353,0.0345,0.0000,PATROL,0,0,0
69.386,0.0334,0.1000,PATROL,0,0,0
69.420,0.0341,0.0000,PATROL,0,0,0
69.455,0.0344,0.0000,PATROL,0,0,0
69.489,0.0338,0.1000,PATROL,0,0,0
69.522,0.0337,0.0000,PATROL,0,0,0
69.557,0.0343,0.0000,PATROL,0,0,0
69.590,0.0338,0.1000,PATROL,0,0,0
69.624,0.0341,0.0000,PATROL,0,0,0
69.659,0.0340,0.0000,PATROL,0,0,0
69.693,0.0346,0.1000,PATROL,0,0,0
69.726,0.0334,0.0000,PATROL,0,0,0
69.761,0.0344,0.0000,PATROL,0,0,0
69.794,0.0335,0.1000,PATROL,0,0,0
69.829,0.0343,0.0000,PATROL,0,0,0
69.862,0.0336,0.1000,PATROL,0,0,0
69.897,0.0345,0.0000,PATROL,0,0,0
69.931,0.0341,0.0000,PATROL,0,0,0
69.964,0.0335,0.1000,PATROL,0,0,0
69.999,0.0344,0.0000,PATROL,0,0,0
70.033,0.0345,0.0000,PATROL,0,0,0
70.066,0.0331,0.1000,PATROL,0,0,0
70.101,0.0344,0.0000,PATROL,0,0,0
70.134,0.0337,0.0000,PATROL,0,0,0
70.168,0.0340,0.1000,PATROL,0,0,0
70.203,0.0343,0.0000,PATROL,0,0,0
70.237,0.0339,0.0000,PATROL,0,0,0
70.270,0.0338,0.1000,PATROL,0,0,0
70.306,0.0353,0.0000,PATROL,0,0,0
70.339,0.0328,0.0000,PATROL,0,0,0
70.373,0.0345,0.1000,PATROL,0,0,0
70.407,0.0339,0.0000,PATROL,0,0,0
70.441,0.0339,0.0000,PATROL,0,0,0
70.475,0.0337,0.1000,PATROL,0,0,0
70.510,0.0350,0.0000,PATROL,0,0,0
70.543,0.0331,0.0000,PATROL,0,0,0
70.577,0.0342,0.1000,PATROL,0,0,0
70.611,0.0339,0.0000,PATROL,0,0,0
70.645,0.0340,0.0000,PATROL,0,0,0
70.679,0.0340,0.1000,PATROL,0,0,0
70.713,0.0338,0.0000,PATROL,0,0,0
70.747,0.0340,0.0000,PATROL,0,0,0
70.781,0.0341,0.1000,PATROL,0,0,0
70.815,0.0338,0.0000,PATROL,0,0,0
70.849,0.0343,0.0000,PATROL,0,0,0
70.883,0.0339,0.1000,PATROL,0,0,0
70.917,0.0341,0.0000,PATROL,0,0,0
70.951,0.0342,0.0000,PATROL,0,0,0
70.985,0.0340,0.1000,PATROL,0,0,0
71.019,0.0339,0.0000,PATROL,0,0,0
71.053,0.0341,0.0000,PATROL,0,0,0
71.087,0.0339,0.1000,PATROL,0,0,0
71.121,0.0342,0.0000,PATROL,0,0,0
71.155,0.0338,0.0000,PATROL,0,0,0
71.190,0.0343,0.1000,PATROL,0,0,0
71.223,0.0336,0.0000,PATROL,0,0,0
71.257,0.0342,0.0000,PATROL,0,0,0
71.291,0.0338,0.1000,PATROL,0,0,0
71.325,0.0342,0.0000,PATROL,0,0,0
71.359,0.0340,0.0000,PATROL,0,0,0
71.394,0.0342,0.1000,PATROL,0,0,0
71.427,0.0337,0.0000,PATROL,0,0,0
71.461,0.0341,0.0000,PATROL,0,0,0
71.495,0.0338,0.1000,PATROL,0,0,0
71.530,0.0344,0.0000,PATROL,0,0,0
71.563,0.0336,0.1000,PATROL,0,0,0
71.597,0.0343,0.0000,PATROL,0,0,0
71.633,0.0353,0.0000,PATROL,0,0,0
71.665,0.0326,0.1000,PATROL,0,0,0
71.699,0.0342,0.0000,PATROL,0,0,0
71.733,0.0338,0.0000,PATROL,0,0,0
71.767,0.0341,0.1000,PATROL,0,0,0
71.802,0.0342,0.0000,PATROL,0,0,0
71.836,0.0346,0.0000,PATROL,0,0,0
71.870,0.0341,0.1000,PATROL,0,0,0
71.905,0.0344,0.0000,PATROL,0,0,0
71.938,0.0333,0.0000,PATROL,0,0,0
71.972,0.0340,0.1000,PATROL,0,0,0
72.006,0.0339,0.0000,PATROL,0,0,0
72.040,0.0340,0.0000,PATROL,0,0,0
72.074,0.0341,0.1000,PATROL,0,0,0
72.108,0.0339,0.0000,PATROL,0,0,0
72.142,0.0342,0.0000,PATROL,0,0,0
72.176,0.0337,0.1000,PATROL,0,0,0
72.210,0.0342,0.0000,PATROL,0,0,0
72.244,0.0340,0.0000,PATROL,0,0,0
72.278,0.0341,0.1000,PATROL,0,0,0
72.312,0.0337,0.0000,PATROL,0,0,0
72.346,0.0344,0.0000,PATROL,0,0,0
72.380,0.0337,0.1000,PATROL,0,0,0
72.414,0.0341,0.0000,PATROL,0,0,0
72.448,0.0345,0.0000,PATROL,0,0,0
72.482,0.0335,0.1000,PATROL,0,0,0
72.516,0.0342,0.0000,PATROL,0,0,0
72.550,0.0341,0.0000,PATROL,0,0,0
72.584,0.0339,0.1000,PATROL,0,0,0
72.618,0.0343,0.0000,PATROL,0,0,0
72.652,0.0339,0.0000,PATROL,0,0,0
72.686,0.0339,0.1000,PATROL,0,0,0
72.720,0.0342,0.0000,PATROL,0,0,0
72.754,0.0340,0.0000,PATROL,0,0,0
72.788,0.0338,0.1000,PATROL,0,0,0
72.822,0.0340,0.0000,PATROL,0,0,0
72.856,0.0339,0.0000,PATROL,0,0,0
72.890,0.0340,0.1000,PATROL,0,0,0
72.924,0.0342,0.0000,PATROL,0,0,0
72.958,0.0340,0.0000,PATROL,0,0,0
72.993,0.0345,0.1000,PATROL,0,0,0
73.026,0.0336,0.0000,PATROL,0,0,0
73.060,0.0340,0.0000,PATROL,0,0,0
73.094,0.0341,0.1000,PATROL,0,0,0
73.128,0.0340,0.0000,PATROL,0,0,0
73.162,0.0340,0.0000,PATROL,0,0,0
73.196,0.0340,0.1000,PATROL,0,0,0
73.231,0.0342,0.0000,PATROL,0,0,0
73.264,0.0338,0.1000,PATROL,0,0,0
73.298,0.0339,0.0000,PATROL,0,0,0
73.333,0.0343,0.0000,PATROL,0,0,0
73.366,0.0337,0.1000,PATROL,0,0,0
73.400,0.0340,0.0000,PATROL,0,0,0
73.435,0.0344,0.0000,PATROL,0,0,0
73.468,0.0334,0.1000,PATROL,0,0,0
73.502,0.0343,0.0000,PATROL,0,0,0
73.537,0.0341,0.0000,PATROL,0,0,0
73.570,0.0338,0.1000,PATROL,0,0,0
73.605,0.0343,0.0000,PATROL,0,0,0
73.639,0.0340,0.0000,PATROL,0,0,0
73.673,0.0340,0.1000,PATROL,0,0,0
73.707,0.0345,0.0000,PATROL,0,0,0
73.741,0.0335,0.0000,PATROL,0,0,0
73.775,0.0342,0.1000,PATROL,0,0,0
73.809,0.0339,0.0000,PATROL,0,0,0
73.843,0.0339,0.0000,PATROL,0,0,0
73.877,0.0340,0.1000,PATROL,0,0,0
73.911,0.0340,0.0000,PATROL,0,0,0
73.945,0.0342,0.0000,PATROL,0,0,0
73.979,0.0338,0.1000,PATROL,0,0,0
74.013,0.0340,0.0000,PATROL,0,0,0
74.047,0.0340,0.0000,PATROL,0,0,0
74.081,0.0340,0.1000,PATROL,0,0,0
74.115,0.0340,0.0000,PATROL,0,0,0
74.149,0.0340,0.0000,PATROL,0,0,0
74.183,0.0340,0.1000,PATROL,0,0,0
74.217,0.0341,0.0000,PATROL,0,0,0
74.251,0.0339,0.0000,PATROL,0,0,0
74.285,0.0340,0.1000,PATROL,0,0,0
74.319,0.0341,0.0000,PATROL,0,0,0
74.353,0.0343,0.0000,PATROL,0,0,0
74.387,0.0338,0.1000,PATROL,0,0,0
74.421,0.0340,0.0000,PATROL,0,0,0
74.455,0.0342,0.0000,PATROL,0,0,0
74.489,0.0340,0.1000,PATROL,0,0,0
74.523,0.0340,0.0000,PATROL,0,0,0
74.557,0.0339,0.0000,PATROL,0,0,0
74.591,0.0342,0.1000,PATROL,0,0,0
74.625,0.0341,0.0000,PATROL,0,0,0
74.659,0.0339,0.0000,PATROL,0,0,0
74.693,0.0341,0.1000,PATROL,0,0,0
74.727,0.0340,0.0000,PATROL,0,0,0
74.761,0.0341,0.0000,PATROL,0,0,0
74.795,0.0340,0.1000,PATROL,0,0,0
74.830,0.0343,0.0000,PATROL,0,0,0
74.864,0.0339,0.0000,PATROL,0,0,0
74.897,0.0337,0.1000,PATROL,0,0,0
74.932,0.0343,0.0000,PATROL,0,0,0
74.965,0.0337,0.1000,PATROL,0,0,0
74.999,0.0340,0.0000,PATROL,0,0,0
75.034,0.0342,0.0000,PATROL,0,0,0
75.067,0.0338,0.1000,PATROL,0,0,0
75.102,0.0342,0.0000,PATROL,0,0,0
75.136,0.0345,0.0000,PATROL,0,0,0
75.169,0.0333,0.1000,PATROL,0,0,0
75.203,0.0341,0.0000,PATROL,0,0,0
75.238,0.0344,0.0000,PATROL,0,0,0
75.272,0.0339,0.1000,PATROL,0,0,0
75.306,0.0339,0.0000,PATROL,0,0,0
75.340,0.0344,0.0000,PATROL,0,0,0
75.374,0.0335,0.1000,PATROL,0,0,0
75.408,0.0342,0.0000,PATROL,0,0,0
75.442,0.0345,0.0000,PATROL,0,0,0
75.476,0.0334,0.1000,PATROL,0,0,0
75.510,0.0342,0.0000,PATROL,0,0,0
75.544,0.0341,0.0000,PATROL,0,0,0
75.578,0.0338,0.1000,PATROL,0,0,0
75.612,0.0340,0.0000,PATROL,0,0,0
75.646,0.0344,0.0000,PATROL,0,0,0
75.680,0.0343,0.1000,PATROL,0,0,0
75.714,0.0339,0.0000,PATROL,0,0,0
75.748,0.0339,0.0000,PATROL,0,0,0
75.783,0.0343,0.1000,PATROL,0,0,0
75.816,0.0337,0.0000,PATROL,0,0,0
75.850,0.0338,0.0000,PATROL,0,0,0
75.884,0.0339,0.1000,PATROL,0,0,0
75.918,0.0341,0.0000,PATROL,0,0,0
75.952,0.0342,0.0000,PATROL,0,0,0
75.986,0.0339,0.1000,PATROL,0,0,0
76.020,0.0340,0.0000,PATROL,0,0,0
76.054,0.0340,0.0000,PATROL,0,0,0
76.088,0.0340,0.1000,PATROL,0,0,0
76.122,0.0340,0.0000,PATROL,0,0,0
76.157,0.0348,0.0000,PATROL,0,0,0
76.190,0.0333,0.1000,PATROL,0,0,0
76.224,0.0341,0.0000,PATROL,0,0,0
76.258,0.0336,0.0000,PATROL,0,0,0
76.292,0.0342,0.1000,PATROL,0,0,0
76.326,0.0341,0.0000,PATROL,0,0,0
76.361,0.0342,0.0000,PATROL,0,0,0
76.394,0.0336,0.1000,PATROL,0,0,0
76.428,0.0342,0.0000,PATROL,0,0,0
76.462,0.0340,0.0000,PATROL,0,0,0
76.497,0.0347,0.1000,PATROL,0,0,0
76.530,0.0332,0.0000,PATROL,0,0,0
76.564,0.0339,0.0000,PATROL,0,0,0
76.598,0.0341,0.1000,PATROL,0,0,0
76.633,0.0343,0.0000,PATROL,0,0,0
76.666,0.0337,0.1000,PATROL,0,0,0
76.700,0.0342,0.0000,PATROL,0,0,0
76.735,0.0341,0.0000,PATROL,0,0,0
76.768,0.0338,0.1000,PATROL,0,0,0
76.803,0.0344,0.0000,PATROL,0,0,0
76.837,0.0342,0.0000,PATROL,0,0,0
76.871,0.0337,0.1000,PATROL,0,0,0
76.905,0.0348,0.0000,PATROL,0,0,0
76.939,0.0336,0.0000,PATROL,0,0,0
76.973,0.0337,0.1000,PATROL,0,0,0
77.007,0.0341,0.0000,PATROL,0,0,0
77.041,0.0340,0.0000,PATROL,0,0,0
77.075,0.0339,0.1000,PATROL,0,0,0
77.109,0.0341,0.0000,PATROL,0,0,0
77.143,0.0342,0.0000,PATROL,0,0,0
77.177,0.0338,0.1000,PATROL,0,0,0
77.211,0.0340,0.0000,PATROL,0,0,0
77.245,0.0342,0.0000,PATROL,0,0,0
77.279,0.0339,0.1000,PATROL,0,0,0
77.313,0.0339,0.0000,PATROL,0,0,0
77.347,0.0342,0.0000,PATROL,0,0,0
77.381,0.0339,0.1000,PATROL,0,0,0
77.415,0.0345,0.0000,PATROL,0,0,0
77.449,0.0337,0.0000,PATROL,0,0,0
77.483,0.0337,0.1000,PATROL,0,0,0
77.517,0.0342,0.0000,PATROL,0,0,0
77.552,0.0346,0.0000,PATROL,0,0,0
77.585,0.0335,0.1000,PATROL,0,0,0
77.619,0.0339,0.0000,PATROL,0,0,0
77.653,0.0340,0.0000,PATROL,0,0,0
77.687,0.0340,0.1000,PATROL,0,0,0
77.721,0.0340,0.0000,PATROL,0,0,0
77.755,0.0341,0.0000,PATROL,0,0,0
77.789,0.0340,0.1000,PATROL,0,0,0
77.824,0.0342,0.0000,PATROL,0,0,0
77.857,0.0338,0.0000,PATROL,0,0,0
77.891,0.0340,0.1000,PATROL,0,0,0
77.925,0.0341,0.0000,PATROL,0,0,0
77.959,0.0339,0.0000,PATROL,0,0,0
77.994,0.0343,0.1000,PATROL,0,0,0
78.027,0.0338,0.0000,PATROL,0,0,0
78.061,0.0340,0.0000,PATROL,0,0,0
78.096,0.0342,0.1000,PATROL,0,0,0
78.129,0.0338,0.0000,PATROL,0,0,0
78.163,0.0339,0.0000,PATROL,0,0,0
78.197,0.0341,0.1000,PATROL,0,0,0
78.231,0.0340,0.0000,PATROL,0,0,0
78.266,0.0343,0.0000,PATROL,0,0,0
78.299,0.0335,0.1000,PATROL,0,0,0
78.333,0.0342,0.0000,PATROL,0,0,0
78.367,0.0337,0.1000,PATROL,0,0,0
78.402,0.0347,0.0000,PATROL,0,0,0
78.436,0.0337,0.0000,PATROL,0,0,0
78.469,0.0336,0.1000,PATROL,0,0,0
78.504,0.0346,0.0000,PATROL,0,0,0
78.538,0.0342,0.0000,PATROL,0,0,0
78.572,0.0336,0.1000,PATROL,0,0,0
78.606,0.0340,0.0000,PATROL,0,0,0
78.640,0.0341,0.0000,PATROL,0,0,0
78.674,0.0338,0.1000,PATROL,0,0,0
78.708,0.0341,0.0000,PATROL,0,0,0
78.742,0.0340,0.0000,PATROL,0,0,0
78.776,0.0339,0.1000,PATROL,0,0,0
78.810,0.0339,0.0000,PATROL,0,0,0
78.844,0.0342,0.0000,PATROL,0,0,0
78.878,0.0343,0.1000,PATROL,0,0,0
78.912,0.0339,0.0000,PATROL,0,0,0
78.946,0.0339,0.0000,PATROL,0,0,0
78.980,0.0338,0.1000,PATROL,0,0,0
79.014,0.0340,0.0000,PATROL,0,0,0
79.048,0.0346,0.0000,PATROL,0,0,0
79.082,0.0338,0.1000,PATROL,0,0,0
79.116,0.0337,0.0000,PATROL,0,0,0
79.150,0.0340,0.0000,PATROL,0,0,0
79.184,0.0344,0.1000,PATROL,0,0,0
79.218,0.0338,0.0000,PATROL,0,0,0
79.252,0.0340,0.0000,PATROL,0,0,0
79.286,0.0339,0.1000,PATROL,0,0,0
79.320,0.0342,0.0000,PATROL,0,0,0
79.354,0.0340,0.0000,PATROL,0,0,0
79.388,0.0340,0.1000,PATROL,0,0,0
79.422,0.0340,0.0000,PATROL,0,0,0
79.456,0.0343,0.0000,PATROL,0,0,0
79.490,0.0338,0.1000,PATROL,0,0,0
79.524,0.0341,0.0000,PATROL,0,0,0
79.559,0.0343,0.0000,PATROL,0,0,0
79.592,0.0337,0.1000,PATROL,0,0,0
79.626,0.0340,0.0000,PATROL,0,0,0
79.660,0.0340,0.0000,PATROL,0,0,0
79.694,0.0340,0.1000,PATROL,0,0,0
79.729,0.0343,0.0000,PATROL,0,0,0
79.762,0.0336,0.0000,ALIGN,0,0,0
79.796,0.0341,0.1000,ALIGN,0,0,0
79.830,0.0342,0.0000,ALIGN,0,0,0
79.864,0.0340,0.0000,ALIGN,0,0,0
79.899,0.0341,0.1000,ALIGN,0,0,0
79.932,0.0338,0.0000,ALIGN,0,0,0
79.966,0.0338,0.0000,ALIGN,0,0,0
80.000,0.0342,0.1000,ALIGN,0,0,0
80.035,0.0342,0.0000,ALIGN,0,0,0
80.068,0.0335,0.1000,ALIGN,0,0,0
80.102,0.0342,0.0000,ALIGN,0,0,0
80.136,0.0341,0.0000,ALIGN,0,0,0
80.170,0.0340,0.1000,ALIGN,0,0,0
80.204,0.0338,0.0000,ALIGN,0,0,0
80.239,0.0348,0.0000,ALIGN,0,0,0
80.272,0.0334,0.1000,ALIGN,0,0,0
80.306,0.0340,0.0000,ALIGN,0,0,0
80.340,0.0340,0.0000,ALIGN,0,0,0
80.374,0.0340,0.1000,ALIGN,0,0,0
80.409,0.0343,0.0000,ALIGN,0,0,0
80.443,0.0339,0.0000,ALIGN,0,0,0
80.476,0.0338,0.1000,ALIGN,0,0,0
80.510,0.0339,0.0000,ALIGN,0,0,0
80.546,0.0353,0.0000,ALIGN,0,0,0
80.579,0.0329,0.1000,ALIGN,0,0,0
80.613,0.0341,0.0000,ALIGN,0,0,0
80.647,0.0341,0.0000,ALIGN,0,0,0
80.681,0.0340,0.1000,ALIGN,0,0,0
80.715,0.0340,0.0000,ALIGN,0,0,0
80.749,0.0342,0.0000,ALIGN,0,0,0
80.783,0.0341,0.1000,ALIGN,0,0,0
80.817,0.0343,0.0000,ALIGN,0,0,0
80.851,0.0336,0.0000,ALIGN,0,0,0
80.885,0.0339,0.1000,ALIGN,0,0,0
80.919,0.0340,0.0000,ALIGN,0,0,0
80.953,0.0341,0.0000,ALIGN,0,0,0
80.987,0.0340,0.1000,ALIGN,0,0,0
81.021,0.0341,0.0000,APPROACH,0,0,0
81.055,0.0340,0.0000,APPROACH,0,0,0
81.090,0.0350,0.1000,APPROACH,0,0,0
81.123,0.0331,0.0000,APPROACH,0,0,0
81.157,0.0341,0.0000,APPROACH,0,0,0
81.191,0.0339,0.1000,APPROACH,0,0,0
81.225,0.0341,0.0000,APPROACH,0,0,0
81.259,0.0338,0.0000,APPROACH,0,0,0
81.293,0.0342,0.1000,APPROACH,0,0,0
81.327,0.0341,0.0000,APPROACH,0,0,0
81.361,0.0341,0.0000,APPROACH,0,0,0
81.395,0.0341,0.1000,APPROACH,0,0,0
81.429,0.0338,0.0000,APPROACH,0,0,0
81.463,0.0341,0.0000,APPROACH,0,0,0
81.497,0.0338,0.1000,APPROACH,0,0,0
81.532,0.0344,0.0000,APPROACH,0,0,0
81.565,0.0338,0.0000,APPROACH,0,0,0
81.599,0.0341,0.1000,APPROACH,0,0,0
81.633,0.0338,0.0000,APPROACH,0,0,0
81.667,0.0341,0.0000,APPROACH,0,0,0
81.701,0.0341,0.1000,APPROACH,0,0,0
81.735,0.0340,0.0000,APPROACH,0,0,0
81.769,0.0339,0.1000,APPROACH,0,0,0
81.803,0.0341,0.0000,APPROACH,0,0,0
81.838,0.0347,0.0000,APPROACH,0,0,0
81.871,0.0333,0.1000,APPROACH,0,0,0
81.905,0.0343,0.0000,APPROACH,0,0,0
81.940,0.0341,0.0000,APPROACH,0,0,0
81.973,0.0338,0.1000,APPROACH,0,0,0
82.007,0.0340,0.0000,APPROACH,0,0,0
82.042,0.0341,0.0000,APPROACH,0,0,0
82.076,0.0341,0.1000,APPROACH,0,0,0
82.110,0.0339,0.0000,APPROACH,0,0,0
82.144,0.0345,0.0000,APPROACH,0,0,0
82.178,0.0339,0.1000,APPROACH,0,0,0
82.212,0.0337,0.0000,APPROACH,0,0,0
82.246,0.0341,0.0000,APPROACH,0,0,0
82.280,0.0342,0.1000,APPROACH,0,0,0
82.314,0.0337,0.0000,APPROACH,0,0,0
82.348,0.0344,0.0000,APPROACH,0,0,0
82.381,0.0333,0.1000,APPROACH,0,0,0
82.416,0.0345,0.0000,APPROACH,0,0,0
82.450,0.0337,0.0000,APPROACH,0,0,0
82.484,0.0346,0.1000,APPROACH,0,0,0
82.518,0.0334,0.0000,APPROACH,0,0,0
82.552,0.0340,0.0000,APPROACH,0,0,0
82.586,0.0341,0.1000,APPROACH,0,0,0
82.620,0.0338,0.0000,APPROACH,0,0,0
82.654,0.0341,0.0000,APPROACH,0,0,0
82.688,0.0343,0.1000,APPROACH,0,0,0
82.722,0.0339,0.0000,APPROACH,0,0,0
82.756,0.0338,0.0000,APPROACH,0,0,0
82.790,0.0341,0.1000,APPROACH,0,0,0
82.824,0.0341,0.0000,APPROACH,0,0,0
82.858,0.0342,0.0000,APPROACH,0,0,0
82.892,0.0337,0.1000,APPROACH,0,0,0
82.926,0.0341,0.0000,APPROACH,0,0,0
82.961,0.0345,0.0000,APPROACH,0,0,0
82.995,0.0341,0.1000,APPROACH,0,0,0
83.028,0.0334,0.0000,APPROACH,0,0,0
83.062,0.0340,0.0000,APPROACH,0,0,0
83.096,0.0340,0.1000,APPROACH,0,0,0
83.130,0.0341,0.0000,APPROACH,0,0,0
83.164,0.0340,0.0000,APPROACH,0,0,0
83.198,0.0342,0.1000,APPROACH,0,0,0
83.232,0.0339,0.0000,APPROACH,0,0,0
83.266,0.0339,0.0000,APPROACH,0,0,0
83.300,0.0344,0.1000,APPROACH,0,0,0
83.334,0.0339,0.0000,APPROACH,0,0,0
83.368,0.0338,0.0000,APPROACH,0,0,0
83.402,0.0341,0.1000,APPROACH,0,0,0
83.436,0.0341,0.0000,APPROACH,0,0,0
83.470,0.0337,0.1000,APPROACH,0,0,0
83.504,0.0343,0.0000,APPROACH,0,0,0
83.538,0.0339,0.0000,APPROACH,0,0,0
83.572,0.0338,0.1000,APPROACH,0,0,0
83.606,0.0342,0.0000,APPROACH,0,0,0
83.641,0.0345,0.0000,APPROACH,0,0,0
83.674,0.0335,0.1000,APPROACH,0,0,0
83.709,0.0347,0.0000,APPROACH,0,0,0
83.742,0.0333,0.0000,APPROACH,0,0,0
83.777,0.0345,0.1000,APPROACH,0,0,0
83.810,0.0337,0.0000,APPROACH,0,0,0
83.844,0.0340,0.0000,APPROACH,0,0,0
83.879,0.0344,0.1000,APPROACH,0,0,0
83.912,0.0338,0.0000,APPROACH,0,0,0
83.946,0.0338,0.0000,APPROACH,0,0,0
83.980,0.0341,0.1000,APPROACH,0,0,0
84.015,0.0342,0.0000,APPROACH,0,0,0
84.050,0.0351,0.0000,APPROACH,0,0,0
84.082,0.0327,0.1000,APPROACH,0,0,0
84.116,0.0341,0.0000,APPROACH,0,0,0
84.151,0.0344,0.0000,APPROACH,0,0,0
84.184,0.0337,0.1000,APPROACH,0,0,0
84.219,0.0341,0.0000,APPROACH,0,0,0
84.252,0.0340,0.0000,APPROACH,0,0,0
84.286,0.0339,0.1000,APPROACH,0,0,0
84.321,0.0346,0.0000,APPROACH,0,0,0
84.354,0.0336,0.0000,APPROACH,0,0,0
84.388,0.0339,0.1000,APPROACH,0,0,0
84.422,0.0341,0.0000,APPROACH,0,0,0
84.457,0.0342,0.0000,APPROACH,0,0,0
84.491,0.0339,0.1000,APPROACH,0,0,0
84.525,0.0340,0.0000,APPROACH,0,0,0
84.559,0.0342,0.0000,APPROACH,0,0,0
84.593,0.0347,0.1000,APPROACH,0,0,0
84.627,0.0334,0.0000,APPROACH,0,0,0
84.661,0.0342,0.0000,APPROACH,0,0,0
84.695,0.0340,0.1000,APPROACH,0,0,0
84.729,0.0341,0.0000,APPROACH,0,0,0
84.763,0.0338,0.0000,APPROACH,0,0,0
84.797,0.0341,0.1000,APPROACH,0,0,0
84.831,0.0341,0.0000,APPROACH,0,0,0
84.865,0.0338,0.0000,APPROACH,0,0,0
84.899,0.0341,0.1000,APPROACH,0,0,0
84.933,0.0341,0.0000,APPROACH,0,0,0
84.967,0.0340,0.0000,APPROACH,0,0,0
85.001,0.0342,0.1000,APPROACH,0,0,0
85.035,0.0341,0.0000,APPROACH,0,0,0
85.069,0.0342,0.0000,APPROACH,0,0,0
85.103,0.0334,0.1000,APPROACH,0,0,0
85.137,0.0347,0.0000,APPROACH,0,0,0
85.171,0.0335,0.1000,APPROACH,0,0,0
85.205,0.0341,0.0000,APPROACH,0,0,0
85.239,0.0339,0.0000,APPROACH,0,0,0
85.273,0.0340,0.1000,APPROACH,0,0,0
85.307,0.0342,0.0000,APPROACH,0,0,0
85.342,0.0345,0.0000,APPROACH,0,0,0
85.375,0.0337,0.1000,APPROACH,0,0,0
85.410,0.0351,0.0000,APPROACH,0,0,0
85.443,0.0329,0.0000,APPROACH,0,0,0
85.477,0.0342,0.1000,APPROACH,0,0,0
85.511,0.0339,0.0000,APPROACH,0,0,0
85.546,0.0342,0.0000,APPROACH,0,0,0
85.579,0.0338,0.1000,APPROACH,0,0,0
85.613,0.0340,0.0000,APPROACH,0,0,0
85.648,0.0343,0.0000,APPROACH,0,0,0
85.681,0.0338,0.1000,APPROACH,0,0,0
85.716,0.0345,0.0000,APPROACH,0,0,0
85.749,0.0335,0.0000,APPROACH,0,0,0
85.783,0.0339,0.1000,APPROACH,0,0,0
85.818,0.0343,0.0000,APPROACH,0,0,0
85.851,0.0336,0.0000,APPROACH,0,0,0
85.885,0.0342,0.1000,APPROACH,0,0,0
85.920,0.0348,0.0000,APPROACH,0,0,0
85.954,0.0341,0.0000,APPROACH,0,0,0
85.987,0.0330,0.1000,APPROACH,0,0,0
86.022,0.0344,0.0000,APPROACH,0,0,0
86.055,0.0336,0.0000,APPROACH,0,0,0
86.090,0.0343,0.1000,APPROACH,0,0,0
86.123,0.0338,0.0000,APPROACH,0,0,0
86.158,0.0342,0.0000,APPROACH,0,0,0
86.193,0.0351,0.1000,APPROACH,0,0,0
86.226,0.0331,0.0000,APPROACH,0,0,0
86.260,0.0340,0.0000,APPROACH,0,0,0
86.294,0.0342,0.1000,APPROACH,0,0,0
86.328,0.0337,0.0000,APPROACH,0,0,0
86.362,0.0347,0.0000,APPROACH,0,0,0
86.396,0.0334,0.1000,APPROACH,0,0,0
86.430,0.0340,0.0000,APPROACH,0,0,0
86.464,0.0337,0.0000,APPROACH,0,0,0
86.498,0.0345,0.1000,APPROACH,0,0,0
86.532,0.0339,0.0000,APPROACH,0,0,0
86.566,0.0338,0.0000,APPROACH,0,0,0
86.600,0.0340,0.1000,APPROACH,0,0,0
86.634,0.0339,0.0000,APPROACH,0,0,0
86.668,0.0341,0.0000,APPROACH,0,0,0
86.702,0.0343,0.1000,APPROACH,0,0,0
86.736,0.0342,0.0000,APPROACH,0,0,0
86.770,0.0338,0.0000,APPROACH,0,0,0
86.804,0.0338,0.1000,APPROACH,0,0,0
86.838,0.0341,0.0000,APPROACH,0,0,0
86.872,0.0339,0.1000,APPROACH,0,0,0
86.906,0.0342,0.0000,APPROACH,0,0,0
86.940,0.0339,0.0000,APPROACH,0,0,0
86.974,0.0340,0.1000,APPROACH,0,0,0
87.010,0.0356,0.0000,APPROACH,0,0,0
87.042,0.0328,0.0000,APPROACH,0,0,0
87.076,0.0338,0.1000,APPROACH,0,0,0
87.110,0.0339,0.0000,APPROACH,0,0,0
87.145,0.0347,0.0000,APPROACH,0,0,0
87.178,0.0336,0.1000,APPROACH,0,0,0
87.212,0.0338,0.0000,APPROACH,0,0,0
87.246,0.0342,0.0000,APPROACH,0,0,0
87.281,0.0346,0.1000,APPROACH,0,0,0
87.314,0.0333,0.0000,APPROACH,0,0,0
87.349,0.0345,0.0000,APPROACH,0,0,0
87.382,0.0334,0.1000,APPROACH,0,0,0
87.417,0.0344,0.0000,APPROACH,0,0,0
87.450,0.0340,0.0000,APPROACH,0,0,0
87.484,0.0336,0.1000,APPROACH,0,0,0
87.519,0.0347,0.0000,APPROACH,0,0,0
87.554,0.0347,0.0000,APPROACH,0,0,0
87.587,0.0330,0.1000,APPROACH,0,0,0
87.621,0.0341,0.0000,APPROACH,0,0,0
87.655,0.0341,0.0000,APPROACH,0,0,0
87.688,0.0338,0.1000,APPROACH,0,0,0
87.723,0.0342,0.0000,APPROACH,0,0,0
87.757,0.0340,0.0000,APPROACH,0,0,0
87.790,0.0338,0.1000,APPROACH,0,0,0
87.825,0.0342,0.0000,APPROACH,0,0,0
87.859,0.0341,0.0000,APPROACH,0,0,0
87.893,0.0340,0.1000,APPROACH,0,0,0
87.927,0.0338,0.0000,APPROACH,0,0,0
87.961,0.0341,0.0000,APPROACH,0,0,0
87.995,0.0340,0.1000,APPROACH,0,0,0
88.029,0.0340,0.0000,APPROACH,0,0,0
88.063,0.0345,0.0000,APPROACH,0,0,0
88.097,0.0338,0.1000,APPROACH,0,0,0
88.131,0.0339,0.0000,APPROACH,0,0,0
88.165,0.0340,0.0000,APPROACH,0,0,0
88.199,0.0340,0.1000,APPROACH,0,0,0
88.233,0.0344,0.0000,APPROACH,0,0,0
88.267,0.0337,0.0000,APPROACH,0,0,0
88.301,0.0340,0.1000,APPROACH,0,0,0
88.335,0.0340,0.0000,APPROACH,0,0,0
88.369,0.0341,0.0000,APPROACH,0,0,0
88.403,0.0340,0.1000,APPROACH,0,0,0
88.437,0.0342,0.0000,APPROACH,0,0,0
88.471,0.0339,0.0000,APPROACH,0,0,0
88.505,0.0337,0.1000,APPROACH,0,0,0
88.539,0.0342,0.0000,APPROACH,0,0,0
88.573,0.0340,0.1000,APPROACH,0,0,0
88.607,0.0339,0.0000,APPROACH,0,0,0
88.641,0.0344,0.0000,APPROACH,0,0,0
88.675,0.0338,0.1000,APPROACH,0,0,0
88.710,0.0346,0.0000,APPROACH,0,0,0
88.744,0.0341,0.0000,APPROACH,0,0,0
88.777,0.0333,0.1000,APPROACH,0,0,0
88.811,0.0339,0.0000,APPROACH,0,0,0
88.845,0.0341,0.0000,APPROACH,0,0,0
88.880,0.0348,0.1000,APPROACH,0,0,0
88.914,0.0336,0.0000,APPROACH,0,0,0
88.947,0.0337,0.0000,APPROACH,0,0,0
88.981,0.0339,0.1000,APPROACH,0,0,0
89.015,0.0339,0.0000,APPROACH,0,0,0
89.049,0.0341,0.0000,APPROACH,0,0,0
89.083,0.0343,0.1000,APPROACH,0,0,0
89.117,0.0339,0.0000,APPROACH,0,0,0
89.151,0.0341,0.0000,APPROACH,0,0,0
89.185,0.0337,0.1000,APPROACH,0,0,0
89.220,0.0344,0.0000,APPROACH,0,0,0
89.255,0.0353,0.0000,APPROACH,0,0,0
89.288,0.0331,0.1000,APPROACH,0,0,0
89.322,0.0341,0.0000,APPROACH,0,0,0
89.356,0.0336,0.0000,APPROACH,0,0,0
89.390,0.0342,0.1000,APPROACH,0,0,0
89.425,0.0348,0.0000,APPROACH,0,0,0
89.458,0.0334,0.0000,APPROACH,0,0,0
89.491,0.0335,0.1000,APPROACH,0,0,0
89.526,0.0342,0.0000,APPROACH,0,0,0
89.560,0.0340,0.0000,APPROACH,0,0,0
89.594,0.0341,0.1000,APPROACH,0,0,0
89.628,0.0339,0.0000,APPROACH,0,0,0
89.662,0.0343,0.0000,APPROACH,0,0,0
89.696,0.0346,0.1000,APPROACH,0,0,0
89.730,0.0332,0.0000,APPROACH,0,0,0
89.764,0.0341,0.0000,APPROACH,0,0,0
89.797,0.0337,0.1000,APPROACH,0,0,0
89.832,0.0342,0.0000,APPROACH,0,0,0
89.866,0.0338,0.0000,APPROACH,0,0,0
89.900,0.0342,0.1000,APPROACH,0,0,0
89.934,0.0340,0.0000,APPROACH,0,0,0
89.968,0.0342,0.0000,APPROACH,0,0,0
90.002,0.0340,0.1000,APPROACH,0,0,0
90.036,0.0337,0.0000,APPROACH,0,0,0
90.070,0.0343,0.0000,APPROACH,0,0,0
90.104,0.0344,0.1000,APPROACH,0,0,0
90.138,0.0336,0.0000,APPROACH,0,0,0
90.172,0.0339,0.0000,APPROACH,0,0,0
90.206,0.0339,0.1000,APPROACH,0,0,0
90.240,0.0344,0.0000,APPROACH,0,0,0
90.274,0.0337,0.1000,APPROACH,0,0,0
90.308,0.0342,0.0000,APPROACH,0,0,0
90.342,0.0340,0.0000,APPROACH,0,0,0
90.376,0.0337,0.1000,APPROACH,0,0,0
90.410,0.0343,0.0000,BLIND_DASH,0,0,0
90.444,0.0342,0.0000,PATROL,0,0,0
90.478,0.0337,0.1000,PATROL,0,0,0
90.512,0.0343,0.0000,PATROL,0,0,0
90.546,0.0338,0.0000,PATROL,0,0,0
90.580,0.0339,0.1000,PATROL,0,0,0
90.614,0.0344,0.0000,PATROL,0,0,0
90.648,0.0338,0.0000,PATROL,0,0,0
90.682,0.0339,0.1000,PATROL,0,0,0
90.716,0.0340,0.0000,PATROL,0,0,0
90.750,0.0340,0.0000,PATROL,0,0,0
90.784,0.0344,0.1000,PATROL,0,0,0
90.818,0.0337,0.0000,PATROL,0,0,0
90.852,0.0339,0.0000,PATROL,0,0,0
90.886,0.0339,0.1000,PATROL,0,0,0
90.920,0.0346,0.0000,PATROL,0,0,0
90.954,0.0338,0.0000,PATROL,0,0,0
90.989,0.0343,0.1000,PATROL,0,0,0
91.022,0.0338,0.0000,PATROL,0,0,0
91.057,0.0345,0.0000,PATROL,0,0,0
91.090,0.0333,0.1000,PATROL,0,0,0
91.124,0.0340,0.0000,PATROL,0,0,0
91.158,0.0339,0.0000,PATROL,0,0,0
91.192,0.0340,0.1000,PATROL,0,0,0
91.226,0.0340,0.0000,PATROL,0,0,0
91.260,0.0341,0.0000,PATROL,0,0,0
91.294,0.0340,0.1000,PATROL,0,0,0
91.329,0.0342,0.0000,PATROL,0,0,0
91.362,0.0338,0.0000,PATROL,0,0,0
91.396,0.0339,0.1000,PATROL,0,0,0
91.430,0.0342,0.0000,PATROL,0,0,0
91.465,0.0342,0.0000,PATROL,0,0,0
91.499,0.0347,0.1000,PATROL,0,0,0
91.532,0.0332,0.0000,PATROL,0,0,0
91.566,0.0339,0.0000,PATROL,0,0,0
91.602,0.0352,0.1000,PATROL,0,0,0
91.634,0.0328,0.0000,PATROL,0,0,0
91.668,0.0340,0.0000,PATROL,0,0,0
91.703,0.0346,0.1000,PATROL,0,0,0
91.737,0.0337,0.0000,PATROL,0,0,0
91.771,0.0342,0.0000,PATROL,0,0,0
91.805,0.0345,0.1000,PATROL,0,0,0
91.839,0.0333,0.0000,PATROL,0,0,0
91.873,0.0344,0.0000,PATROL,0,0,0
91.907,0.0337,0.1000,PATROL,0,0,0
91.941,0.0342,0.0000,PATROL,0,0,0
91.975,0.0341,0.1000,PATROL,0,0,0
92.009,0.0342,0.0000,PATROL,0,0,0
92.043,0.0337,0.0000,PATROL,0,0,0
92.077,0.0338,0.1000,PATROL,0,0,0
92.111,0.0339,0.0000,PATROL,0,0,0
92.146,0.0350,0.0000,PATROL,0,0,0
92.179,0.0333,0.1000,PATROL,0,0,0
92.214,0.0352,0.0000,PATROL,0,0,0
92.247,0.0329,0.0000,PATROL,0,0,0
92.281,0.0339,0.1000,PATROL,0,0,0
92.315,0.0340,0.0000,PATROL,0,0,0
92.349,0.0343,0.0000,PATROL,0,0,0
92.383,0.0337,0.1000,PATROL,0,0,0
92.418,0.0350,0.0000,PATROL,0,0,0
92.451,0.0330,0.0000,PATROL,0,0,0
92.485,0.0341,0.1000,PATROL,0,0,0
92.519,0.0341,0.0000,PATROL,0,0,0
92.553,0.0339,0.0000,PATROL,0,0,0
92.587,0.0337,0.1000,PATROL,0,0,0
92.621,0.0344,0.0000,PATROL,0,0,0
92.656,0.0343,0.0000,PATROL,0,0,0
92.690,0.0340,0.1000,PATROL,0,0,0
92.723,0.0338,0.0000,PATROL,0,0,0
92.757,0.0339,0.0000,PATROL,0,0,0
92.791,0.0341,0.1000,PATROL,0,0,0
92.825,0.0341,0.0000,PATROL,0,0,0
92.859,0.0339,0.0000,PATROL,0,0,0
92.893,0.0338,0.1000,PATROL,0,0,0
92.928,0.0346,0.0000,PATROL,0,0,0
92.962,0.0338,0.0000,PATROL,0,0,0
92.995,0.0337,0.1000,PATROL,0,0,0
93.029,0.0342,0.0000,PATROL,0,0,0
93.064,0.0345,0.0000,PATROL,0,0,0
93.097,0.0334,0.1000,PATROL,0,0,0
93.131,0.0341,0.0000,PATROL,0,0,0
93.165,0.0340,0.0000,PATROL,0,0,0
93.200,0.0342,0.1000,PATROL,0,0,0
93.233,0.0338,0.0000,PATROL,0,0,0
93.267,0.0339,0.0000,PATROL,0,0,0
93.301,0.0341,0.1000,PATROL,0,0,0
93.335,0.0340,0.0000,PATROL,0,0,0
93.369,0.0340,0.0000,PATROL,0,0,0
93.404,0.0342,0.1000,PATROL,0,0,0
93.438,0.0341,0.0000,PATROL,0,0,0
93.472,0.0340,0.0000,PATROL,0,0,0
93.506,0.0346,0.1000,PATROL,0,0,0
93.539,0.0331,0.0000,PATROL,0,0,0
93.574,0.0341,0.0000,PATROL,0,0,0
93.607,0.0339,0.1000,PATROL,0,0,0
93.642,0.0343,0.0000,PATROL,0,0,0
93.675,0.0334,0.1000,PATROL,0,0,0
93.709,0.0343,0.0000,PATROL,0,0,0
93.744,0.0344,0.0000,PATROL,0,0,0
93.777,0.0336,0.1000,PATROL,0,0,0
93.811,0.0338,0.0000,PATROL,0,0,0
93.845,0.0343,0.0000,PATROL,0,0,0
93.879,0.0339,0.1000,PATROL,0,0,0
93.914,0.0342,0.0000,PATROL,0,0,0
93.948,0.0341,0.0000,PATROL,0,0,0
93.982,0.0339,0.1000,PATROL,0,0,0
94.016,0.0341,0.0000,PATROL,0,0,0
94.050,0.0341,0.0000,PATROL,0,0,0
94.084,0.0338,0.1000,PATROL,0,0,0
94.118,0.0342,0.0000,PATROL,0,0,0
94.152,0.0341,0.0000,PATROL,0,0,0
94.186,0.0339,0.1000,PATROL,0,0,0
94.220,0.0341,0.0000,PATROL,0,0,0
94.254,0.0341,0.0000,PATROL,0,0,0
94.288,0.0340,0.1000,PATROL,0,0,0
94.322,0.0339,0.0000,PATROL,0,0,0
94.356,0.0343,0.0000,PATROL,0,0,0
94.390,0.0339,0.1000,PATROL,0,0,0
94.424,0.0339,0.0000,PATROL,0,0,0
94.458,0.0340,0.0000,PATROL,0,0,0
94.493,0.0344,0.1000,PATROL,0,0,0
94.526,0.0335,0.0000,PATROL,0,0,0
94.561,0.0345,0.0000,PATROL,0,0,0
94.594,0.0335,0.1000,PATROL,0,0,0
94.628,0.0340,0.0000,PATROL,0,0,0
94.662,0.0342,0.0000,PATROL,0,0,0
94.696,0.0341,0.1000,PATROL,0,0,0
94.730,0.0339,0.0000,PATROL,0,0,0
94.764,0.0342,0.0000,PATROL,0,0,0
94.798,0.0339,0.1000,PATROL,0,0,0
94.833,0.0343,0.0000,PATROL,0,0,0
94.866,0.0338,0.0000,PATROL,0,0,0
94.900,0.0339,0.1000,PATROL,0,0,0
94.934,0.0340,0.0000,PATROL,0,0,0
94.968,0.0339,0.0000,PATROL,0,0,0
95.003,0.0348,0.1000,PATROL,0,0,0
95.036,0.0333,0.0000,PATROL,0,0,0
95.070,0.0341,0.0000,PATROL,0,0,0
95.105,0.0342,0.1000,PATROL,0,0,0
95.138,0.0338,0.0000,PATROL,0,0,0
95.173,0.0346,0.0000,PATROL,0,0,0
95.207,0.0337,0.1000,PATROL,0,0,0
95.241,0.0339,0.0000,PATROL,0,0,0
95.275,0.0340,0.0000,PATROL,0,0,0
95.309,0.0342,0.1000,PATROL,0,0,0
95.343,0.0339,0.0000,PATROL,0,0,0
95.377,0.0341,0.1000,PATROL,0,0,0
95.411,0.0337,0.0000,PATROL,0,0,0
95.444,0.0338,0.0000,PATROL,0,0,0
95.478,0.0338,0.1000,PATROL,0,0,0
95.513,0.0345,0.0000,PATROL,0,0,0
95.547,0.0343,0.0000,PATROL,0,0,0
95.581,0.0337,0.1000,PATROL,0,0,0
95.615,0.0345,0.0000,PATROL,0,0,0
95.650,0.0349,0.0000,PATROL,0,0,0
95.683,0.0329,0.1000,PATROL,0,0,0
95.717,0.0344,0.0000,PATROL,0,0,0
95.751,0.0338,0.0000,PATROL,0,0,0
95.785,0.0337,0.1000,PATROL,0,0,0
95.819,0.0338,0.0000,PATROL,0,0,0
95.853,0.0343,0.0000,PATROL,0,0,0
95.887,0.0341,0.1000,PATROL,0,0,0
95.921,0.0344,0.0000,PATROL,0,0,0
95.955,0.0336,0.0000,PATROL,0,0,0
95.989,0.0340,0.1000,PATROL,0,0,0
96.023,0.0340,0.0000,PATROL,0,0,0
96.057,0.0341,0.0000,PATROL,0,0,0
96.092,0.0348,0.1000,PATROL,0,0,0
96.125,0.0335,0.0000,PATROL,0,0,0
96.159,0.0336,0.0000,PATROL,0,0,0
96.193,0.0343,0.1000,PATROL,0,0,0
96.227,0.0336,0.0000,PATROL,0,0,0
96.261,0.0341,0.0000,PATROL,0,0,0
96.295,0.0339,0.1000,PATROL,0,0,0
96.329,0.0340,0.0000,PATROL,0,0,0
96.363,0.0340,0.0000,PATROL,0,0,0
96.397,0.0340,0.1000,PATROL,0,0,0
96.431,0.0343,0.0000,PATROL,0,0,0
96.465,0.0339,0.0000,PATROL,0,0,0
96.499,0.0339,0.1000,PATROL,0,0,0
96.533,0.0340,0.0000,PATROL,0,0,0
96.567,0.0340,0.0000,PATROL,0,0,0
96.601,0.0340,0.1000,PATROL,0,0,0
96.636,0.0343,0.0000,PATROL,0,0,0
96.669,0.0336,0.0000,PATROL,0,0,0
96.703,0.0342,0.1000,PATROL,0,0,0
96.737,0.0339,0.0000,PATROL,0,0,0
96.771,0.0342,0.0000,PATROL,0,0,0
96.805,0.0341,0.1000,PATROL,0,0,0
96.840,0.0342,0.0000,PATROL,0,0,0
96.873,0.0339,0.0000,PATROL,0,0,0
96.908,0.0344,0.1000,PATROL,0,0,0
96.942,0.0336,0.0000,PATROL,0,0,0
96.976,0.0340,0.0000,PATROL,0,0,0
97.009,0.0338,0.1000,PATROL,0,0,0
97.044,0.0343,0.0000,PATROL,0,0,0
97.077,0.0337,0.1000,PATROL,0,0,0
97.111,0.0341,0.0000,PATROL,0,0,0
97.146,0.0342,0.0000,PATROL,0,0,0
97.180,0.0339,0.1000,PATROL,0,0,0
97.214,0.0340,0.0000,PATROL,0,0,0
97.248,0.0343,0.0000,PATROL,0,0,0
97.282,0.0337,0.1000,PATROL,0,0,0
97.316,0.0343,0.0000,PATROL,0,0,0
97.350,0.0337,0.0000,PATROL,0,0,0
97.384,0.0340,0.1000,PATROL,0,0,0
97.418,0.0343,0.0000,PATROL,0,0,0
97.452,0.0339,0.0000,PATROL,0,0,0
97.486,0.0339,0.1000,PATROL,0,0,0
97.520,0.0343,0.0000,PATROL,0,0,0
97.554,0.0340,0.0000,PATROL,0,0,0
97.588,0.0336,0.1000,PATROL,0,0,0
97.622,0.0344,0.0000,PATROL,0,0,0
97.656,0.0338,0.0000,PATROL,0,0,0
97.690,0.0337,0.1000,PATROL,0,0,0
97.724,0.0347,0.0000,PATROL,0,0,0
97.758,0.0337,0.0000,PATROL,0,0,0
97.792,0.0342,0.1000,PATROL,0,0,0
97.827,0.0344,0.0000,PATROL,0,0,0
97.860,0.0334,0.0000,PATROL,0,0,0
97.894,0.0341,0.1000,PATROL,0,0,0
97.928,0.0342,0.0000,PATROL,0,0,0
97.962,0.0337,0.0000,PATROL,0,0,0
97.996,0.0341,0.1000,PATROL,0,0,0
98.030,0.0341,0.0000,PATROL,0,0,0
98.064,0.0343,0.0000,PATROL,0,0,0
98.098,0.0338,0.1000,PATROL,0,0,0
98.132,0.0340,0.0000,PATROL,0,0,0
98.167,0.0345,0.0000,PATROL,0,0,0
98.200,0.0334,0.1000,PATROL,0,0,0
98.234,0.0342,0.0000,PATROL,0,0,0
98.268,0.0342,0.0000,PATROL,0,0,0
98.302,0.0338,0.1000,PATROL,0,0,0
98.337,0.0343,0.0000,PATROL,0,0,0
98.370,0.0335,0.0000,PATROL,0,0,0
98.404,0.0342,0.1000,PATROL,0,0,0
98.438,0.0341,0.0000,PATROL,0,0,0
98.472,0.0339,0.0000,PATROL,0,0,0
98.506,0.0339,0.1000,PATROL,0,0,0
98.541,0.0347,0.0000,PATROL,0,0,0
98.574,0.0334,0.0000,PATROL,0,0,0
98.609,0.0351,0.1000,PATROL,0,0,0
98.643,0.0332,0.0000,PATROL,0,0,0
98.677,0.0340,0.0000,PATROL,0,0,0
98.710,0.0336,0.1000,PATROL,0,0,0
98.745,0.0344,0.0000,PATROL,0,0,0
98.778,0.0339,0.1000,PATROL,0,0,0
98.812,0.0340,0.0000,PATROL,0,0,0
98.847,0.0345,0.0000,PATROL,0,0,0
98.880,0.0334,0.1000,PATROL,0,0,0
98.914,0.0341,0.0000,PATROL,0,0,0
98.949,0.0344,0.0000,PATROL,0,0,0
98.982,0.0335,0.1000,PATROL,0,0,0
99.017,0.0343,0.0000,PATROL,0,0,0
99.050,0.0338,0.0000,PATROL,0,0,0
99.084,0.0340,0.1000,PATROL,0,0,0
99.118,0.0341,0.0000,PATROL,0,0,0
99.154,0.0351,0.0000,PATROL,0,0,0
99.187,0.0332,0.1000,PATROL,0,0,0
99.221,0.0342,0.0000,PATROL,0,0,0
99.255,0.0336,0.0000,PATROL,0,0,0
99.289,0.0342,0.1000,PATROL,0,0,0
99.323,0.0341,0.0000,PATROL,0,0,0
99.356,0.0337,0.0000,PATROL,0,0,0
99.390,0.0339,0.1000,PATROL,0,0,0
99.425,0.0344,0.0000,PATROL,0,0,0
99.459,0.0345,0.0000,PATROL,0,0,0
99.493,0.0337,0.1000,PATROL,0,0,0
99.527,0.0344,0.0000,PATROL,0,0,0
99.561,0.0336,0.0000,PATROL,0,0,0
99.595,0.0336,0.1000,PATROL,0,0,0
99.629,0.0346,0.0000,PATROL,0,0,0
99.663,0.0339,0.0000,PATROL,0,0,0
99.697,0.0337,0.1000,PATROL,0,0,0
99.731,0.0338,0.0000,PATROL,0,0,0
99.765,0.0342,0.0000,PATROL,0,0,0
99.799,0.0341,0.1000,PATROL,0,0,0
99.833,0.0338,0.0000,PATROL,0,0,0
99.867,0.0340,0.0000,PATROL,0,0,0
99.901,0.0340,0.1000,PATROL,0,0,0
99.936,0.0352,0.0000,PATROL,0,0,0
99.969,0.0332,0.0000,PATROL,0,0,0
100.003,0.0338,0.1000,PATROL,0,0,0
100.037,0.0339,0.0000,PATROL,0,0,0
100.071,0.0339,0.0000,PATROL,0,0,0
100.106,0.0348,0.1000,PATROL,0,0,0
100.139,0.0333,0.0000,PATROL,0,0,0
100.173,0.0341,0.0000,PATROL,0,0,0
100.207,0.0339,0.1000,PATROL,0,0,0
100.241,0.0340,0.0000,PATROL,0,0,0
100.275,0.0340,0.0000,PATROL,0,0,0
100.309,0.0340,0.1000,PATROL,0,0,0
100.343,0.0344,0.0000,PATROL,0,0,0
100.377,0.0340,0.0000,PATROL,0,0,0
100.411,0.0335,0.1000,PATROL,0,0,0
100.445,0.0344,0.0000,PATROL,0,0,0
100.479,0.0339,0.1000,PATROL,0,0,0
100.513,0.0340,0.0000,PATROL,0,0,0
100.547,0.0342,0.0000,PATROL,0,0,0
100.581,0.0337,0.1000,PATROL,0,0,0
100.616,0.0344,0.0000,PATROL,0,0,0
100.649,0.0337,0.0000,PATROL,0,0,0
100.683,0.0340,0.1000,PATROL,0,0,0
100.717,0.0340,0.0000,PATROL,0,0,0
100.751,0.0341,0.0000,PATROL,0,0,0
100.786,0.0342,0.1000,PATROL,0,0,0
100.819,0.0337,0.0000,PATROL,0,0,0
100.853,0.0341,0.0000,PATROL,0,0,0
100.888,0.0342,0.1000,PATROL,0,0,0
100.921,0.0338,0.0000,PATROL,0,0,0
100.956,0.0344,0.0000,PATROL,0,0,0
100.990,0.0339,0.1000,PATROL,0,0,0
101.024,0.0344,0.0000,PATROL,0,0,0
101.058,0.0334,0.0000,PATROL,0,0,0
101.091,0.0339,0.1000,PATROL,0,0,0
101.126,0.0343,0.0000,PATROL,0,0,0
101.160,0.0338,0.0000,PATROL,0,0,0
101.194,0.0341,0.1000,PATROL,0,0,0
101.228,0.0344,0.0000,PATROL,0,0,0
101.262,0.0335,0.0000,PATROL,0,0,0
101.296,0.0348,0.1000,PATROL,0,0,0
101.330,0.0334,0.0000,PATROL,0,0,0
101.364,0.0340,0.0000,PATROL,0,0,0
101.398,0.0339,0.1000,PATROL,0,0,0
101.432,0.0342,0.0000,PATROL,0,0,0
101.466,0.0341,0.0000,PATROL,0,0,0
101.500,0.0339,0.1000,PATROL,0,0,0
101.534,0.0340,0.0000,PATROL,0,0,0
101.569,0.0348,0.0000,PATROL,0,0,0
101.602,0.0331,0.1000,PATROL,0,0,0
101.636,0.0342,0.0000,PATROL,0,0,0
101.670,0.0340,0.0000,PATROL,0,0,0
101.704,0.0339,0.1000,PATROL,0,0,0
101.738,0.0340,0.0000,PATROL,0,0,0
101.772,0.0341,0.0000,PATROL,0,0,0
101.806,0.0340,0.1000,PATROL,0,0,0
101.840,0.0343,0.0000,PATROL,0,0,0
101.874,0.0337,0.0000,PATROL,0,0,0
101.908,0.0340,0.1000,PATROL,0,0,0
101.942,0.0341,0.0000,PATROL,0,0,0
101.976,0.0341,0.0000,PATROL,0,0,0
102.010,0.0338,0.1000,PATROL,0,0,0
102.044,0.0343,0.0000,PATROL,0,0,0
102.078,0.0337,0.0000,PATROL,0,0,0
102.112,0.0341,0.1000,PATROL,0,0,0
102.146,0.0341,0.0000,PATROL,0,0,0
102.180,0.0338,0.1000,PATROL,0,0,0
102.214,0.0342,0.0000,PATROL,0,0,0
102.249,0.0345,0.0000,PATROL,0,0,0
102.282,0.0335,0.1000,PATROL,0,0,0
102.316,0.0339,0.0000,PATROL,0,0,0
102.351,0.0347,0.0000,PATROL,0,0,0
102.384,0.0336,0.1000,PATROL,0,0,0
102.418,0.0338,0.0000,PATROL,0,0,0
102.452,0.0339,0.0000,PATROL,0,0,0
102.486,0.0341,0.1000,PATROL,0,0,0
102.520,0.0343,0.0000,PATROL,0,0,0
102.554,0.0340,0.0000,PATROL,0,0,0
102.588,0.0338,0.1000,PATROL,0,0,0
102.622,0.0342,0.0000,PATROL,0,0,0
102.657,0.0350,0.0000,PATROL,0,0,0
102.691,0.0332,0.1000,PATROL,0,0,0
102.725,0.0341,0.0000,PATROL,0,0,0
102.759,0.0342,0.0000,PATROL,0,0,0
102.792,0.0333,0.1000,PATROL,0,0,0
102.827,0.0344,0.0000,PATROL,0,0,0
102.861,0.0347,0.0000,PATROL,0,0,0
102.895,0.0333,0.1000,PATROL,0,0,0
102.929,0.0342,0.0000,PATROL,0,0,0
102.963,0.0340,0.0000,PATROL,0,0,0
102.997,0.0343,0.1000,PATROL,0,0,0
103.031,0.0337,0.0000,PATROL,0,0,0
103.065,0.0345,0.0000,PATROL,0,0,0
103.099,0.0333,0.1000,PATROL,0,0,0
103.133,0.0342,0.0000,PATROL,0,0,0
103.167,0.0344,0.0000,PATROL,0,0,0
103.201,0.0343,0.1000,PATROL,0,0,0
103.235,0.0333,0.0000,PATROL,0,0,0
103.269,0.0341,0.0000,PATROL,0,0,0
103.303,0.0339,0.1000,PATROL,0,0,0
103.337,0.0344,0.0000,PATROL,0,0,0
103.371,0.0343,0.0000,PATROL,0,0,0
103.405,0.0340,0.1000,PATROL,0,0,0
103.439,0.0340,0.0000,PATROL,0,0,0
103.473,0.0338,0.0000,PATROL,0,0,0
103.507,0.0337,0.1000,PATROL,0,0,0
103.541,0.0342,0.0000,PATROL,0,0,0
103.575,0.0340,0.0000,PATROL,0,0,0
103.609,0.0342,0.1000,PATROL,0,0,0
103.643,0.0341,0.0000,PATROL,0,0,0
103.677,0.0336,0.0000,PATROL,0,0,0
103.711,0.0342,0.1000,PATROL,0,0,0
103.745,0.0343,0.0000,PATROL,0,0,0
103.779,0.0336,0.0000,PATROL,0,0,0
103.813,0.0340,0.1000,PATROL,0,0,0
103.847,0.0342,0.0000,PATROL,0,0,0
103.881,0.0339,0.1000,PATROL,0,0,0
103.915,0.0340,0.0000,PATROL,0,0,0
103.949,0.0341,0.0000,PATROL,0,0,0
103.983,0.0337,0.1000,PATROL,0,0,0
104.018,0.0349,0.0000,PATROL,0,0,0
104.052,0.0338,0.0000,PATROL,0,0,0
104.085,0.0337,0.1000,PATROL,0,0,0
104.119,0.0339,0.0000,PATROL,0,0,0
104.153,0.0341,0.0000,PATROL,0,0,0
104.187,0.0342,0.1000,PATROL,0,0,0
104.222,0.0344,0.0000,PATROL,0,0,0
104.256,0.0340,0.0000,PATROL,0,0,0
104.290,0.0343,0.1000,PATROL,0,0,0
104.323,0.0333,0.0000,PATROL,0,0,0
104.357,0.0341,0.0000,PATROL,0,0,0
104.391,0.0340,0.1000,PATROL,0,0,0
104.425,0.0339,0.0000,PATROL,0,0,0
104.459,0.0338,0.0000,PATROL,0,0,0
104.493,0.0339,0.1000,PATROL,0,0,0
104.529,0.0360,0.0000,PATROL,0,0,0
104.562,0.0326,0.0000,PATROL,0,0,0
104.595,0.0337,0.1000,PATROL,0,0,0
104.630,0.0342,0.0000,PATROL,0,0,0
104.663,0.0337,0.0000,PATROL,0,0,0
104.698,0.0345,0.1000,PATROL,0,0,0
104.731,0.0336,0.0000,PATROL,0,0,0
104.765,0.0341,0.0000,PATROL,0,0,0
104.800,0.0342,0.1000,PATROL,0,0,0
104.834,0.0339,0.0000,PATROL,0,0,0
104.868,0.0339,0.0000,PATROL,0,0,0
104.902,0.0340,0.1000,PATROL,0,0,0
104.936,0.0339,0.0000,PATROL,0,0,0
104.970,0.0345,0.0000,PATROL,0,0,0
105.003,0.0335,0.1000,PATROL,0,0,0
105.038,0.0341,0.0000,PATROL,0,0,0
105.072,0.0341,0.0000,PATROL,0,0,0
105.105,0.0339,0.1000,PATROL,0,0,0
105.139,0.0340,0.0000,PATROL,0,0,0
105.173,0.0338,0.0000,PATROL,0,0,0
105.207,0.0340,0.1000,PATROL,0,0,0
105.241,0.0341,0.0000,PATROL,0,0,0
105.276,0.0342,0.0000,PATROL,0,0,0
105.309,0.0337,0.1000,PATROL,0,0,0
105.344,0.0345,0.0000,PATROL,0,0,0
105.378,0.0340,0.0000,PATROL,0,0,0
105.412,0.0341,0.1000,PATROL,0,0,0
105.446,0.0339,0.0000,PATROL,0,0,0
105.480,0.0341,0.0000,PATROL,0,0,0
105.514,0.0339,0.1000,PATROL,0,0,0
105.548,0.0343,0.0000,PATROL,0,0,0
105.582,0.0338,0.1000,PATROL,0,0,0
105.616,0.0343,0.0000,PATROL,0,0,0
105.650,0.0343,0.0000,PATROL,0,0,0
105.684,0.0335,0.1000,PATROL,0,0,0
105.718,0.0341,0.0000,PATROL,0,0,0
105.752,0.0340,0.0000,PATROL,0,0,0
105.786,0.0339,0.1000,PATROL,0,0,0
105.820,0.0341,0.0000,PATROL,0,0,0
105.854,0.0340,0.0000,PATROL,0,0,0
105.888,0.0342,0.1000,PATROL,0,0,0
105.922,0.0340,0.0000,PATROL,0,0,0
105.956,0.0340,0.0000,PATROL,0,0,0
105.990,0.0339,0.1000,PATROL,0,0,0
106.024,0.0343,0.0000,PATROL,0,0,0
106.058,0.0340,0.0000,PATROL,0,0,0
106.092,0.0338,0.1000,PATROL,0,0,0
106.126,0.0341,0.0000,PATROL,0,0,0
106.161,0.0349,0.0000,PATROL,0,0,0
106.195,0.0334,0.1000,PATROL,0,0,0
106.229,0.0340,0.0000,PATROL,0,0,0
106.263,0.0345,0.0000,PATROL,0,0,0
106.297,0.0337,0.1000,PATROL,0,0,0
106.331,0.0340,0.0000,PATROL,0,0,0
106.365,0.0342,0.0000,PATROL,0,0,0
106.399,0.0336,0.1000,PATROL,0,0,0
106.433,0.0343,0.0000,PATROL,0,0,0
106.467,0.0336,0.0000,PATROL,0,0,0
106.500,0.0337,0.1000,PATROL,0,0,0
106.534,0.0341,0.0000,PATROL,0,0,0
106.568,0.0341,0.0000,PATROL,0,0,0
106.602,0.0339,0.1000,PATROL,0,0,0
106.636,0.0341,0.0000,PATROL,0,0,0
106.671,0.0341,0.0000,PATROL,0,0,0
106.705,0.0344,0.1000,PATROL,0,0,0
106.739,0.0338,0.0000,PATROL,0,0,0
106.773,0.0341,0.0000,PATROL,0,0,0
106.807,0.0338,0.1000,PATROL,0,0,0
106.841,0.0342,0.0000,PATROL,0,0,0
106.875,0.0338,0.0000,PATROL,0,0,0
106.909,0.0341,0.1000,PATROL,0,0,0
106.943,0.0340,0.0000,PATROL,0,0,0
106.977,0.0343,0.0000,PATROL,0,0,0
107.011,0.0335,0.1000,PATROL,0,0,0
107.045,0.0341,0.0000,PATROL,0,0,0
107.079,0.0340,0.0000,PATROL,0,0,0
107.113,0.0339,0.1000,PATROL,0,0,0
107.147,0.0341,0.0000,PATROL,0,0,0
107.181,0.0342,0.0000,PATROL,0,0,0
107.215,0.0337,0.1000,PATROL,0,0,0
107.249,0.0344,0.0000,PATROL,0,0,0
107.283,0.0336,0.1000,PATROL,0,0,0
107.317,0.0341,0.0000,PATROL,0,0,0
107.351,0.0347,0.0000,PATROL,0,0,0
107.385,0.0337,0.1000,PATROL,0,0,0
107.419,0.0338,0.0000,PATROL,0,0,0
107.453,0.0342,0.0000,PATROL,0,0,0
107.487,0.0337,0.1000,PATROL,0,0,0
107.522,0.0351,0.0000,PATROL,0,0,0
107.555,0.0328,0.0000,PATROL,0,0,0
107.589,0.0342,0.1000,PATROL,0,0,0
107.623,0.0342,0.0000,PATROL,0,0,0
107.657,0.0338,0.0000,PATROL,0,0,0
107.691,0.0341,0.1000,PATROL,0,0,0
107.725,0.0344,0.0000,PATROL,0,0,0
107.759,0.0336,0.0000,PATROL,0,0,0
107.793,0.0340,0.1000,PATROL,0,0,0
107.827,0.0339,0.0000,PATROL,0,0,0
107.861,0.0342,0.0000,PATROL,0,0,0
107.895,0.0340,0.1000,PATROL,0,0,0
107.930,0.0348,0.0000,PATROL,0,0,0
107.964,0.0336,0.0000,PATROL,0,0,0
107.997,0.0337,0.1000,PATROL,0,0,0
108.032,0.0345,0.0000,PATROL,0,0,0
108.065,0.0336,0.0000,PATROL,0,0,0
108.099,0.0336,0.1000,PATROL,0,0,0
108.133,0.0341,0.0000,PATROL,0,0,0
108.167,0.0340,0.0000,PATROL,0,0,0
108.201,0.0339,0.1000,PATROL,0,0,0
108.235,0.0342,0.0000,PATROL,0,0,0
108.269,0.0338,0.0000,PATROL,0,0,0
108.303,0.0342,0.1000,PATROL,0,0,0
108.337,0.0340,0.0000,PATROL,0,0,0
108.371,0.0340,0.0000,PATROL,0,0,0
108.405,0.0341,0.1000,PATROL,0,0,0
108.440,0.0340,0.0000,PATROL,0,0,0
108.473,0.0339,0.0000,PATROL,0,0,0
108.507,0.0340,0.1000,PATROL,0,0,0
108.541,0.0340,0.0000,PATROL,0,0,0
108.575,0.0340,0.0000,PATROL,0,0,0
108.609,0.0340,0.1000,PATROL,0,0,0
108.644,0.0346,0.0000,PATROL,0,0,0
108.678,0.0341,0.0000,PATROL,0,0,0
108.711,0.0333,0.1000,PATROL,0,0,0
108.746,0.0348,0.0000,PATROL,0,0,0
108.780,0.0334,0.0000,PATROL,0,0,0
108.814,0.0341,0.1000,PATROL,0,0,0
108.848,0.0342,0.0000,PATROL,0,0,0
108.882,0.0337,0.0000,PATROL,0,0,0
108.916,0.0341,0.1000,PATROL,0,0,0
108.950,0.0344,0.0000,PATROL,0,0,0
108.983,0.0335,0.1000,PATROL,0,0,0
109.018,0.0341,0.0000,PATROL,0,0,0
109.052,0.0344,0.0000,PATROL,0,0,0
109.085,0.0334,0.1000,PATROL,0,0,0
109.120,0.0350,0.0000,PATROL,0,0,0
109.154,0.0338,0.0000,PATROL,0,0,0
109.188,0.0335,0.1000,PATROL,0,0,0
109.222,0.0342,0.0000,PATROL,0,0,0
109.256,0.0339,0.0000,PATROL,0,0,0
109.290,0.0339,0.1000,PATROL,0,0,0
109.324,0.0342,0.0000,PATROL,0,0,0
109.358,0.0339,0.0000,PATROL,0,0,0
109.392,0.0343,0.1000,PATROL,0,0,0
109.426,0.0337,0.0000,PATROL,0,0,0
109.460,0.0342,0.0000,PATROL,0,0,0
109.494,0.0341,0.1000,PATROL,0,0,0
109.528,0.0337,0.0000,PATROL,0,0,0
109.562,0.0343,0.0000,PATROL,0,0,0
109.596,0.0339,0.1000,PATROL,0,0,0
109.630,0.0343,0.0000,PATROL,0,0,0
109.665,0.0343,0.0000,PATROL,0,0,0
109.698,0.0334,0.1000,PATROL,0,0,0
109.732,0.0341,0.0000,PATROL,0,0,0
109.767,0.0348,0.0000,PATROL,0,0,0
109.800,0.0332,0.1000,PATROL,0,0,0
109.834,0.0340,0.0000,PATROL,0,0,0
109.868,0.0338,0.0000,PATROL,0,0,0
109.902,0.0343,0.1000,PATROL,0,0,0
109.936,0.0340,0.0000,PATROL,0,0,0
109.970,0.0337,0.0000,PATROL,0,0,0
110.005,0.0349,0.1000,PATROL,0,0,0
110.038,0.0333,0.0000,PATROL,0,0,0
110.072,0.0342,0.0000,PATROL,0,0,0
110.106,0.0339,0.1000,PATROL,0,0,0
110.140,0.0339,0.0000,PATROL,0,0,0
110.175,0.0343,0.0000,PATROL,0,0,0
110.209,0.0343,0.1000,PATROL,0,0,0
110.242,0.0336,0.0000,PATROL,0,0,0
110.276,0.0339,0.0000,PATROL,0,0,0
110.310,0.0339,0.1000,PATROL,0,0,0
110.345,0.0343,0.0000,PATROL,0,0,0
110.379,0.0342,0.0000,PATROL,0,0,0
110.412,0.0337,0.1000,PATROL,0,0,0
110.447,0.0341,0.0000,PATROL,0,0,0
110.482,0.0351,0.0000,PATROL,0,0,0
110.515,0.0329,0.1000,PATROL,0,0,0
110.549,0.0341,0.0000,PATROL,0,0,0
110.583,0.0341,0.0000,PATROL,0,0,0
110.616,0.0337,0.1000,PATROL,0,0,0
110.651,0.0342,0.0000,PATROL,0,0,0
110.684,0.0338,0.1000,PATROL,0,0,0
110.719,0.0341,0.0000,PATROL,0,0,0
110.753,0.0344,0.0000,PATROL,0,0,0
110.786,0.0336,0.1000,PATROL,0,0,0
110.821,0.0342,0.0000,PATROL,0,0,0
110.855,0.0341,0.0000,PATROL,0,0,0
110.889,0.0339,0.1000,PATROL,0,0,0
110.923,0.0347,0.0000,PATROL,0,0,0
110.957,0.0339,0.0000,PATROL,0,0,0
110.991,0.0337,0.1000,PATROL,0,0,0
111.025,0.0340,0.0000,PATROL,0,0,0
111.059,0.0340,0.0000,PATROL,0,0,0
111.093,0.0339,0.1000,PATROL,0,0,0
111.127,0.0342,0.0000,PATROL,0,0,0
111.161,0.0341,0.0000,PATROL,0,0,0
111.195,0.0339,0.1000,PATROL,0,0,0
111.229,0.0339,0.0000,PATROL,0,0,0
111.263,0.0342,0.0000,PATROL,0,0,0
111.297,0.0336,0.1000,PATROL,0,0,0
111.331,0.0343,0.0000,PATROL,0,0,0
111.365,0.0340,0.0000,PATROL,0,0,0
111.399,0.0341,0.1000,PATROL,0,0,0
111.433,0.0341,0.0000,PATROL,0,0,0
111.467,0.0340,0.0000,PATROL,0,0,0
111.501,0.0338,0.1000,PATROL,0,0,0
111.535,0.0340,0.0000,PATROL,0,0,0
111.569,0.0342,0.0000,PATROL,0,0,0
111.603,0.0340,0.1000,PATROL,0,0,0
111.637,0.0339,0.0000,PATROL,0,0,0
111.671,0.0342,0.0000,PATROL,0,0,0
111.705,0.0340,0.1000,PATROL,0,0,0
111.739,0.0342,0.0000,PATROL,0,0,0
111.774,0.0343,0.0000,PATROL,0,0,0
111.808,0.0341,0.1000,PATROL,0,0,0
111.842,0.0339,0.0000,PATROL,0,0,0
111.875,0.0339,0.0000,PATROL,0,0,0
111.909,0.0339,0.1000,PATROL,0,0,0
111.943,0.0340,0.0000,PATROL,0,0,0
111.977,0.0340,0.0000,PATROL,0,0,0
112.011,0.0337,0.1000,PATROL,0,0,0
112.045,0.0343,0.0000,PATROL,0,0,0
112.080,0.0342,0.0000,PATROL,0,0,0
112.113,0.0339,0.1000,PATROL,0,0,0
112.147,0.0339,0.0000,PATROL,0,0,0
112.182,0.0342,0.0000,PATROL,0,0,0
112.215,0.0336,0.1000,PATROL,0,0,0
112.250,0.0349,0.0000,PATROL,0,0,0
112.283,0.0332,0.0000,PATROL,0,0,0
112.317,0.0340,0.1000,PATROL,0,0,0
112.352,0.0351,0.0000,PATROL,0,0,0
112.386,0.0331,0.1000,PATROL,0,0,0
112.420,0.0341,0.0000,PATROL,0,0,0
112.454,0.0342,0.0000,PATROL,0,0,0
112.487,0.0337,0.1000,PATROL,0,0,0
112.522,0.0343,0.0000,PATROL,0,0,0
112.556,0.0343,0.0000,PATROL,0,0,0
112.590,0.0335,0.1000,PATROL,0,0,0
112.625,0.0351,0.0000,PATROL,0,0,0
112.658,0.0329,0.0000,PATROL,0,0,0
112.692,0.0342,0.1000,PATROL,0,0,0
112.726,0.0340,0.0000,PATROL,0,0,0
112.760,0.0339,0.0000,PATROL,0,0,0
112.794,0.0341,0.1000,PATROL,0,0,0
112.828,0.0340,0.0000,PATROL,0,0,0
112.862,0.0341,0.0000,PATROL,0,0,0
112.896,0.0341,0.1000,PATROL,0,0,0
112.930,0.0339,0.0000,PATROL,0,0,0
112.964,0.0342,0.0000,PATROL,0,0,0
112.998,0.0337,0.1000,PATROL,0,0,0
113.033,0.0351,0.0000,PATROL,0,0,0
113.066,0.0330,0.0000,PATROL,0,0,0
113.100,0.0343,0.1000,PATROL,0,0,0
113.135,0.0343,0.0000,PATROL,0,0,0
113.169,0.0343,0.0000,PATROL,0,0,0
113.202,0.0334,0.1000,PATROL,0,0,0
113.236,0.0341,0.0000,PATROL,0,0,0
113.270,0.0337,0.0000,PATROL,0,0,0
113.304,0.0343,0.1000,PATROL,0,0,0
113.338,0.0337,0.0000,PATROL,0,0,0
113.372,0.0341,0.0000,PATROL,0,0,0
113.406,0.0342,0.1000,PATROL,0,0,0
113.440,0.0342,0.0000,PATROL,0,0,0
113.474,0.0338,0.0000,PATROL,0,0,0
113.509,0.0348,0.1000,PATROL,0,0,0
113.542,0.0332,0.0000,PATROL,0,0,0
113.576,0.0341,0.0000,PATROL,0,0,0
113.610,0.0337,0.1000,PATROL,0,0,0
113.644,0.0343,0.0000,PATROL,0,0,0
113.678,0.0341,0.0000,PATROL,0,0,0
113.712,0.0338,0.1000,PATROL,0,0,0
113.746,0.0342,0.0000,PATROL,0,0,0
113.780,0.0340,0.0000,PATROL,0,0,0
113.814,0.0339,0.1000,PATROL,0,0,0
113.849,0.0344,0.0000,PATROL,0,0,0
113.882,0.0338,0.0000,PATROL,0,0,0
113.917,0.0340,0.1000,PATROL,0,0,0
113.951,0.0342,0.0000,PATROL,0,0,0
113.985,0.0341,0.0000,PATROL,0,0,0
114.018,0.0335,0.1000,PATROL,0,0,0
114.053,0.0344,0.0000,PATROL,0,0,0
114.086,0.0338,0.1000,PATROL,0,0,0
114.121,0.0341,0.0000,PATROL,0,0,0
114.155,0.0342,0.0000,PATROL,0,0,0
114.188,0.0338,0.1000,PATROL,0,0,0
114.223,0.0345,0.0000,PATROL,0,0,0
114.257,0.0343,0.0000,PATROL,0,0,0
114.291,0.0335,0.1000,PATROL,0,0,0
114.325,0.0339,0.0000,PATROL,0,0,0
114.359,0.0341,0.0000,PATROL,0,0,0
114.393,0.0340,0.1000,PATROL,0,0,0
114.427,0.0341,0.0000,PATROL,0,0,0
114.460,0.0338,0.0000,PATROL,0,0,0
114.495,0.0342,0.1000,PATROL,0,0,0
114.529,0.0343,0.0000,PATROL,0,0,0
114.563,0.0339,0.0000,PATROL,0,0,0
114.597,0.0340,0.1000,PATROL,0,0,0
114.631,0.0341,0.0000,PATROL,0,0,0
114.665,0.0338,0.0000,PATROL,0,0,0
114.699,0.0340,0.1000,PATROL,0,0,0
114.733,0.0341,0.0000,PATROL,0,0,0
114.767,0.0344,0.0000,PATROL,0,0,0
114.801,0.0339,0.1000,PATROL,0,0,0
114.836,0.0344,0.0000,PATROL,0,0,0
114.869,0.0335,0.0000,PATROL,0,0,0
114.903,0.0338,0.1000,PATROL,0,0,0
114.937,0.0343,0.0000,PATROL,0,0,0
114.971,0.0337,0.0000,PATROL,0,0,0
115.005,0.0341,0.1000,PATROL,0,0,0
115.039,0.0340,0.0000,PATROL,0,0,0
115.074,0.0349,0.0000,PATROL,0,0,0
115.107,0.0334,0.1000,PATROL,0,0,0
115.141,0.0339,0.0000,PATROL,0,0,0
115.175,0.0342,0.0000,PATROL,0,0,0
115.209,0.0340,0.1000,PATROL,0,0,0
115.243,0.0340,0.0000,PATROL,0,0,0
115.277,0.0338,0.0000,PATROL,0,0,0
115.311,0.0338,0.1000,PATROL,0,0,0
115.345,0.0342,0.0000,PATROL,0,0,0
115.379,0.0339,0.0000,PATROL,0,0,0
115.413,0.0341,0.1000,PATROL,0,0,0
115.447,0.0341,0.0000,PATROL,0,0,0
115.481,0.0339,0.0000,PATROL,0,0,0
115.515,0.0340,0.1000,PATROL,0,0,0
115.549,0.0340,0.0000,PATROL,0,0,0
115.583,0.0340,0.0000,PATROL,0,0,0
115.617,0.0339,0.1000,PATROL,0,0,0
115.651,0.0342,0.0000,PATROL,0,0,0
115.685,0.0340,0.0000,PATROL,0,0,0
115.719,0.0339,0.1000,PATROL,0,0,0
115.753,0.0342,0.0000,PATROL,0,0,0
115.787,0.0337,0.1000,PATROL,0,0,0
115.822,0.0344,0.0000,PATROL,0,0,0
115.856,0.0341,0.0000,PATROL,0,0,0
115.889,0.0335,0.1000,PATROL,0,0,0
115.923,0.0340,0.0000,PATROL,0,0,0
115.958,0.0346,0.0000,PATROL,0,0,0
115.991,0.0336,0.1000,PATROL,0,0,0
116.026,0.0342,0.0000,PATROL,0,0,0
116.059,0.0337,0.0000,PATROL,0,0,0
116.093,0.0341,0.1000,PATROL,0,0,0
116.128,0.0344,0.0000,PATROL,0,0,0
116.162,0.0339,0.0000,PATROL,0,0,0
116.196,0.0339,0.1000,PATROL,0,0,0
116.230,0.0341,0.0000,PATROL,0,0,0
116.264,0.0339,0.0000,PATROL,0,0,0
116.298,0.0340,0.1000,PATROL,0,0,0
116.332,0.0341,0.0000,PATROL,0,0,0
116.366,0.0340,0.0000,PATROL,0,0,0
116.400,0.0339,0.1000,PATROL,0,0,0
116.434,0.0346,0.0000,PATROL,0,0,0
116.468,0.0336,0.0000,PATROL,0,0,0
116.502,0.0340,0.1000,PATROL,0,0,0
116.536,0.0341,0.0000,PATROL,0,0,0
116.570,0.0342,0.0000,PATROL,0,0,0
116.604,0.0337,0.1000,PATROL,0,0,0
116.638,0.0340,0.0000,PATROL,0,0,0
116.672,0.0340,0.0000,PATROL,0,0,0
116.706,0.0339,0.1000,PATROL,0,0,0
116.740,0.0343,0.0000,PATROL,0,0,0
116.774,0.0339,0.0000,PATROL,0,0,0
116.808,0.0340,0.1000,PATROL,0,0,0
116.842,0.0340,0.0000,PATROL,0,0,0
116.876,0.0344,0.0000,PATROL,0,0,0
116.910,0.0338,0.1000,PATROL,0,0,0
116.944,0.0340,0.0000,PATROL,0,0,0
116.978,0.0340,0.0000,PATROL,0,0,0
117.012,0.0339,0.1000,PATROL,0,0,0
117.046,0.0343,0.0000,PATROL,0,0,0
117.080,0.0337,0.0000,PATROL,0,0,0
117.114,0.0340,0.1000,PATROL,0,0,0
117.148,0.0341,0.0000,PATROL,0,0,0
117.182,0.0341,0.0000,PATROL,0,0,0
117.216,0.0340,0.1000,PATROL,0,0,0
117.250,0.0344,0.0000,PATROL,0,0,0
117.284,0.0336,0.0000,PATROL,0,0,0
117.318,0.0340,0.1000,PATROL,0,0,0
117.352,0.0342,0.0000,PATROL,0,0,0
117.386,0.0339,0.0000,PATROL,0,0,0
117.420,0.0338,0.1000,PATROL,0,0,0
117.454,0.0343,0.0000,PATROL,0,0,0
117.488,0.0337,0.1000,PATROL,0,0,0
117.523,0.0347,0.0000,PATROL,0,0,0
117.557,0.0340,0.0000,PATROL,0,0,0
117.590,0.0337,0.1000,PATROL,0,0,0
117.625,0.0343,0.0000,PATROL,0,0,0
117.659,0.0339,0.0000,PATROL,0,0,0
117.692,0.0335,0.1000,PATROL,0,0,0
117.727,0.0345,0.0000,PATROL,0,0,0
117.761,0.0338,0.0000,PATROL,0,0,0
117.794,0.0338,0.1000,PATROL,0,0,0
117.829,0.0345,0.0000,PATROL,0,0,0
117.862,0.0336,0.0000,PATROL,0,0,0
117.896,0.0339,0.1000,PATROL,0,0,0
117.930,0.0341,0.0000,PATROL,0,0,0
117.965,0.0342,0.0000,PATROL,0,0,0
117.998,0.0338,0.1000,PATROL,0,0,0
118.033,0.0350,0.0000,PATROL,0,0,0
118.067,0.0334,0.0000,PATROL,0,0,0
118.101,0.0340,0.1000,PATROL,0,0,0
118.135,0.0339,0.0000,PATROL,0,0,0
118.169,0.0341,0.0000,PATROL,0,0,0
118.203,0.0340,0.1000,PATROL,0,0,0
118.237,0.0339,0.0000,PATROL,0,0,0
118.271,0.0343,0.0000,PATROL,0,0,0
118.306,0.0352,0.1000,PATROL,0,0,0
118.339,0.0332,0.0000,PATROL,0,0,0
118.373,0.0336,0.0000,PATROL,0,0,0
118.407,0.0339,0.1000,PATROL,0,0,0
118.441,0.0339,0.0000,PATROL,0,0,0
118.475,0.0343,0.0000,PATROL,0,0,0
118.509,0.0339,0.1000,PATROL,0,0,0
118.543,0.0341,0.0000,PATROL,0,0,0
118.577,0.0341,0.0000,PATROL,0,0,0
118.611,0.0336,0.1000,PATROL,0,0,0
118.645,0.0340,0.0000,PATROL,0,0,0
118.679,0.0345,0.0000,PATROL,0,0,0
118.713,0.0337,0.1000,PATROL,0,0,0
118.747,0.0340,0.0000,PATROL,0,0,0
118.781,0.0339,0.0000,PATROL,0,0,0
118.815,0.0341,0.1000,PATROL,0,0,0
118.849,0.0346,0.0000,PATROL,0,0,0
118.883,0.0335,0.0000,PATROL,0,0,0
118.917,0.0339,0.1000,PATROL,0,0,0
118.951,0.0344,0.0000,PATROL,0,0,0
118.985,0.0341,0.0000,ALIGN,0,0,0
119.019,0.0336,0.1000,ALIGN,0,0,0
119.053,0.0343,0.0000,ALIGN,0,0,0
119.087,0.0341,0.0000,ALIGN,0,0,0
119.121,0.0337,0.1000,ALIGN,0,0,0
119.155,0.0342,0.0000,ALIGN,0,0,0
119.189,0.0337,0.1000,ALIGN,0,0,0
119.223,0.0343,0.0000,ALIGN,0,0,0
119.257,0.0340,0.0000,ALIGN,0,0,0
119.291,0.0340,0.1000,ALIGN,0,0,0
119.325,0.0341,0.0000,ALIGN,0,0,0
119.360,0.0351,0.0000,ALIGN,0,0,0
119.393,0.0326,0.1000,ALIGN,0,0,0
119.427,0.0344,0.0000,ALIGN,0,0,0
119.462,0.0342,0.0000,ALIGN,0,0,0
119.495,0.0335,0.1000,ALIGN,0,0,0
119.529,0.0342,0.0000,ALIGN,0,0,0
119.565,0.0358,0.0000,ALIGN,0,0,0
119.597,0.0324,0.1000,ALIGN,0,0,0
119.632,0.0345,0.0000,ALIGN,0,0,0
119.665,0.0335,0.0000,ALIGN,0,0,0
119.700,0.0341,0.1000,ALIGN,0,0,0
119.734,0.0341,0.0000,ALIGN,0,0,0
119.768,0.0340,0.0000,ALIGN,0,0,0
119.801,0.0337,0.1000,ALIGN,0,0,0
119.836,0.0346,0.0000,ALIGN,0,0,0
119.870,0.0338,0.0000,ALIGN,0,0,0
119.904,0.0343,0.1000,ALIGN,0,0,0
119.938,0.0342,0.0000,ALIGN,0,0,0
119.972,0.0337,0.0000,ALIGN,0,0,0
120.006,0.0346,0.1000,ALIGN,0,0,0
120.040,0.0333,0.0000,ALIGN,0,0,0
120.074,0.0339,0.0000,ALIGN,0,0,0
120.109,0.0349,0.1000,ALIGN,0,0,0
120.142,0.0334,0.0000,ALIGN,0,0,0
120.176,0.0339,0.0000,ALIGN,0,0,0
120.209,0.0336,0.1000,ALIGN,0,0,0
120.244,0.0341,0.0000,ALIGN,0,0,0
120.278,0.0342,0.0000,ALIGN,0,0,0
120.311,0.0337,0.1000,ALIGN,0,0,0
120.346,0.0345,0.0000,ALIGN,0,0,0
120.380,0.0341,0.0000,ALIGN,0,0,0
120.414,0.0336,0.1000,ALIGN,0,0,0
120.449,0.0356,0.0000,ALIGN,0,0,0
120.482,0.0327,0.0000,ALIGN,0,0,0
120.516,0.0340,0.1000,ALIGN,0,0,0
120.550,0.0345,0.0000,ALIGN,0,0,0
120.584,0.0337,0.0000,ALIGN,0,0,0
120.618,0.0340,0.1000,ALIGN,0,0,0
120.652,0.0341,0.0000,ALIGN,0,0,0
120.686,0.0339,0.0000,ALIGN,0,0,0
120.720,0.0339,0.1000,APPROACH,0,0,0
120.754,0.0340,0.0000,APPROACH,0,0,0
120.788,0.0341,0.0000,APPROACH,0,0,0
120.822,0.0339,0.1000,APPROACH,0,0,0
120.856,0.0341,0.0000,APPROACH,0,0,0
120.890,0.0339,0.1000,APPROACH,0,0,0
120.924,0.0339,0.0000,APPROACH,0,0,0
120.958,0.0346,0.0000,APPROACH,0,0,0
120.992,0.0337,0.1000,APPROACH,0,0,0
121.026,0.0339,0.0000,APPROACH,0,0,0
121.061,0.0344,0.0000,APPROACH,0,0,0
121.094,0.0335,0.1000,APPROACH,0,0,0
121.128,0.0340,0.0000,APPROACH,0,0,0
121.162,0.0339,0.0000,APPROACH,0,0,0
121.196,0.0342,0.1000,APPROACH,0,0,0
121.230,0.0343,0.0000,APPROACH,0,0,0
121.264,0.0339,0.0000,APPROACH,0,0,0
121.298,0.0337,0.1000,APPROACH,0,0,0
121.332,0.0343,0.0000,APPROACH,0,0,0
121.366,0.0337,0.0000,APPROACH,0,0,0
121.400,0.0343,0.1000,APPROACH,0,0,0
121.434,0.0340,0.0000,APPROACH,0,0,0
121.468,0.0340,0.0000,APPROACH,0,0,0
121.502,0.0337,0.1000,APPROACH,0,0,0
121.537,0.0345,0.0000,APPROACH,0,0,0
121.571,0.0345,0.0000,APPROACH,0,0,0
121.605,0.0335,0.1000,APPROACH,0,0,0
121.638,0.0339,0.0000,APPROACH,0,0,0
121.672,0.0340,0.0000,APPROACH,0,0,0
121.707,0.0342,0.1000,APPROACH,0,0,0
121.741,0.0343,0.0000,APPROACH,0,0,0
121.775,0.0339,0.0000,APPROACH,0,0,0
121.809,0.0338,0.1000,APPROACH,0,0,0
121.842,0.0337,0.0000,APPROACH,0,0,0
121.877,0.0345,0.0000,APPROACH,0,0,0
121.910,0.0335,0.1000,APPROACH,0,0,0
121.945,0.0344,0.0000,APPROACH,0,0,0
121.979,0.0339,0.0000,APPROACH,0,0,0
122.012,0.0338,0.1000,APPROACH,0,0,0
122.047,0.0347,0.0000,APPROACH,0,0,0
122.081,0.0341,0.0000,APPROACH,0,0,0
122.115,0.0335,0.1000,APPROACH,0,0,0
122.149,0.0345,0.0000,APPROACH,0,0,0
122.183,0.0334,0.0000,APPROACH,0,0,0
122.217,0.0342,0.1000,APPROACH,0,0,0
122.251,0.0342,0.0000,APPROACH,0,0,0
122.285,0.0337,0.0000,APPROACH,0,0,0
122.319,0.0341,0.1000,APPROACH,0,0,0
122.353,0.0344,0.0000,APPROACH,0,0,0
122.387,0.0337,0.0000,APPROACH,0,0,0
122.421,0.0341,0.1000,APPROACH,0,0,0
122.455,0.0339,0.0000,APPROACH,0,0,0
122.489,0.0342,0.0000,APPROACH,0,0,0
122.523,0.0337,0.1000,APPROACH,0,0,0
122.557,0.0342,0.0000,APPROACH,0,0,0
122.591,0.0337,0.1000,APPROACH,0,0,0
122.625,0.0348,0.0000,APPROACH,0,0,0
122.659,0.0340,0.0000,APPROACH,0,0,0
122.693,0.0333,0.1000,APPROACH,0,0,0
122.727,0.0344,0.0000,APPROACH,0,0,0
122.761,0.0343,0.0000,APPROACH,0,0,0
122.795,0.0335,0.1000,APPROACH,0,0,0
122.829,0.0342,0.0000,APPROACH,0,0,0
122.863,0.0338,0.0000,APPROACH,0,0,0
122.897,0.0340,0.1000,APPROACH,0,0,0
122.931,0.0343,0.0000,APPROACH,0,0,0
122.965,0.0340,0.0000,APPROACH,0,0,0
122.999,0.0338,0.1000,APPROACH,0,0,0
123.033,0.0338,0.0000,APPROACH,0,0,0
123.067,0.0339,0.0000,APPROACH,0,0,0
123.101,0.0344,0.1000,APPROACH,0,0,0
123.136,0.0344,0.0000,APPROACH,0,0,0
123.170,0.0345,0.0000,APPROACH,0,0,0
123.203,0.0329,0.1000,APPROACH,0,0,0
123.237,0.0343,0.0000,APPROACH,0,0,0
123.271,0.0340,0.0000,APPROACH,0,0,0
123.305,0.0340,0.1000,APPROACH,0,0,0
123.339,0.0341,0.0000,APPROACH,0,0,0
123.373,0.0341,0.0000,APPROACH,0,0,0
123.408,0.0343,0.1000,APPROACH,0,0,0
123.441,0.0338,0.0000,APPROACH,0,0,0
123.475,0.0339,0.0000,APPROACH,0,0,0
123.509,0.0338,0.1000,APPROACH,0,0,0
123.543,0.0340,0.0000,APPROACH,0,0,0
123.577,0.0341,0.0000,APPROACH,0,0,0
123.611,0.0340,0.1000,APPROACH,0,0,0
123.646,0.0342,0.0000,APPROACH,0,0,0
123.679,0.0338,0.0000,APPROACH,0,0,0
123.713,0.0339,0.1000,APPROACH,0,0,0
123.747,0.0342,0.0000,APPROACH,0,0,0
123.782,0.0341,0.0000,APPROACH,0,0,0
123.816,0.0340,0.1000,APPROACH,0,0,0
123.850,0.0342,0.0000,APPROACH,0,0,0
123.884,0.0340,0.0000,APPROACH,0,0,0
123.918,0.0340,0.1000,APPROACH,0,0,0
123.952,0.0342,0.0000,APPROACH,0,0,0
123.986,0.0338,0.0000,APPROACH,0,0,0
124.020,0.0338,0.1000,APPROACH,0,0,0
124.054,0.0341,0.0000,APPROACH,0,0,0
124.088,0.0340,0.0000,APPROACH,0,0,0
124.122,0.0343,0.1000,APPROACH,0,0,0
124.156,0.0339,0.0000,APPROACH,0,0,0
124.190,0.0339,0.0000,APPROACH,0,0,0
124.224,0.0338,0.1000,APPROACH,0,0,0
124.258,0.0343,0.0000,APPROACH,0,0,0
124.291,0.0336,0.1000,APPROACH,0,0,0
124.326,0.0342,0.0000,APPROACH,0,0,0
124.360,0.0342,0.0000,APPROACH,0,0,0
124.394,0.0338,0.1000,APPROACH,0,0,0
124.428,0.0344,0.0000,APPROACH,0,0,0
124.462,0.0338,0.0000,APPROACH,0,0,0
124.496,0.0339,0.1000,APPROACH,0,0,0
124.530,0.0340,0.0000,APPROACH,0,0,0
124.564,0.0341,0.0000,APPROACH,0,0,0
124.598,0.0340,0.1000,APPROACH,0,0,0
124.632,0.0343,0.0000,APPROACH,0,0,0
124.666,0.0340,0.0000,APPROACH,0,0,0
124.700,0.0338,0.1000,APPROACH,0,0,0
124.734,0.0344,0.0000,APPROACH,0,0,0
124.769,0.0348,0.0000,APPROACH,0,0,0
124.802,0.0334,0.1000,APPROACH,0,0,0
124.836,0.0339,0.0000,APPROACH,0,0,0
124.870,0.0342,0.0000,APPROACH,0,0,0
124.904,0.0337,0.1000,APPROACH,0,0,0
124.938,0.0341,0.0000,APPROACH,0,0,0
124.972,0.0339,0.0000,APPROACH,0,0,0
125.006,0.0338,0.1000,APPROACH,0,0,0
125.041,0.0346,0.0000,APPROACH,0,0,0
125.074,0.0336,0.0000,APPROACH,0,0,0
125.109,0.0346,0.1000,APPROACH,0,0,0
125.142,0.0334,0.0000,APPROACH,0,0,0
125.176,0.0340,0.0000,APPROACH,0,0,0
125.210,0.0340,0.1000,APPROACH,0,0,0
125.244,0.0343,0.0000,APPROACH,0,0,0
125.279,0.0341,0.0000,APPROACH,0,0,0
125.312,0.0338,0.1000,APPROACH,0,0,0
125.346,0.0342,0.0000,APPROACH,0,0,0
125.381,0.0340,0.0000,APPROACH,0,0,0
125.414,0.0338,0.1000,APPROACH,0,0,0
125.448,0.0341,0.0000,APPROACH,0,0,0
125.483,0.0341,0.0000,APPROACH,0,0,0
125.517,0.0342,0.1000,APPROACH,0,0,0
125.551,0.0338,0.0000,APPROACH,0,0,0
125.585,0.0342,0.0000,APPROACH,0,0,0
125.618,0.0337,0.1000,APPROACH,0,0,0
125.653,0.0345,0.0000,APPROACH,0,0,0
125.686,0.0335,0.0000,APPROACH,0,0,0
125.721,0.0343,0.1000,APPROACH,0,0,0
125.755,0.0339,0.0000,APPROACH,0,0,0
125.789,0.0340,0.0000,APPROACH,0,0,0
125.823,0.0341,0.1000,APPROACH,0,0,0
125.857,0.0343,0.0000,APPROACH,0,0,0
125.891,0.0337,0.0000,APPROACH,0,0,0
125.925,0.0338,0.1000,APPROACH,0,0,0
125.959,0.0343,0.0000,APPROACH,0,0,0
125.993,0.0337,0.1000,APPROACH,0,0,0
126.027,0.0340,0.0000,APPROACH,0,0,0
126.061,0.0342,0.0000,APPROACH,0,0,0
126.095,0.0338,0.1000,APPROACH,0,0,0
126.129,0.0343,0.0000,APPROACH,0,0,0
126.163,0.0341,0.0000,APPROACH,0,0,0
126.197,0.0338,0.1000,APPROACH,0,0,0
126.231,0.0342,0.0000,APPROACH,0,0,0
126.265,0.0341,0.0000,APPROACH,0,0,0
126.299,0.0338,0.1000,APPROACH,0,0,0
126.333,0.0342,0.0000,APPROACH,0,0,0
126.367,0.0338,0.0000,APPROACH,0,0,0
126.401,0.0339,0.1000,APPROACH,0,0,0
126.435,0.0342,0.0000,APPROACH,0,0,0
126.469,0.0341,0.0000,APPROACH,0,0,0
126.503,0.0343,0.1000,APPROACH,0,0,0
126.537,0.0342,0.0000,APPROACH,0,0,0
126.571,0.0337,0.0000,APPROACH,0,0,0
126.605,0.0338,0.1000,APPROACH,0,0,0
126.639,0.0342,0.0000,APPROACH,0,0,0
126.674,0.0352,0.0000,APPROACH,0,0,0
126.707,0.0327,0.1000,APPROACH,0,0,0
126.741,0.0340,0.0000,APPROACH,0,0,0
126.775,0.0343,0.0000,APPROACH,0,0,0
126.809,0.0336,0.1000,APPROACH,0,0,0
126.843,0.0340,0.0000,APPROACH,0,0,0
126.877,0.0340,0.0000,APPROACH,0,0,0
126.911,0.0341,0.1000,APPROACH,0,0,0
126.945,0.0339,0.0000,APPROACH,0,0,0
126.979,0.0341,0.0000,APPROACH,0,0,0
127.013,0.0340,0.1000,APPROACH,0,0,0
127.047,0.0340,0.0000,APPROACH,0,0,0
127.081,0.0341,0.0000,APPROACH,0,0,0
127.115,0.0340,0.1000,APPROACH,0,0,0
127.150,0.0344,0.0000,APPROACH,0,0,0
127.183,0.0336,0.0000,APPROACH,0,0,0
127.217,0.0341,0.1000,APPROACH,0,0,0
127.251,0.0341,0.0000,APPROACH,0,0,0
127.285,0.0340,0.0000,APPROACH,0,0,0
127.319,0.0340,0.1000,APPROACH,0,0,0
127.353,0.0340,0.0000,APPROACH,0,0,0
127.387,0.0341,0.0000,APPROACH,0,0,0
127.421,0.0340,0.1000,APPROACH,0,0,0
127.455,0.0340,0.0000,APPROACH,0,0,0
127.489,0.0339,0.0000,APPROACH,0,0,0
127.523,0.0340,0.1000,APPROACH,0,0,0
127.558,0.0341,0.0000,APPROACH,0,0,0
127.592,0.0340,0.0000,APPROACH,0,0,0
127.626,0.0341,0.1000,APPROACH,0,0,0
127.659,0.0339,0.0000,APPROACH,0,0,0
127.693,0.0339,0.1000,APPROACH,0,0,0
127.729,0.0351,0.0000,APPROACH,0,0,0
127.762,0.0339,0.0000,APPROACH,0,0,0
127.795,0.0330,0.1000,APPROACH,0,0,0
127.830,0.0342,0.0000,APPROACH,0,0,0
127.864,0.0347,0.0000,APPROACH,0,0,0
127.898,0.0336,0.1000,APPROACH,0,0,0
127.932,0.0339,0.0000,APPROACH,0,0,0
127.966,0.0344,0.0000,APPROACH,0,0,0
128.000,0.0340,0.1000,APPROACH,0,0,0
128.034,0.0340,0.0000,APPROACH,0,0,0
128.068,0.0337,0.0000,APPROACH,0,0,0
128.102,0.0339,0.1000,APPROACH,0,0,0
128.136,0.0342,0.0000,APPROACH,0,0,0
128.170,0.0339,0.0000,APPROACH,0,0,0
128.204,0.0345,0.1000,APPROACH,0,0,0
128.238,0.0338,0.0000,APPROACH,0,0,0
128.273,0.0347,0.0000,APPROACH,0,0,0
128.306,0.0330,0.1000,APPROACH,0,0,0
128.341,0.0346,0.0000,APPROACH,0,0,0
128.374,0.0340,0.0000,APPROACH,0,0,0
128.408,0.0340,0.1000,APPROACH,0,0,0
128.442,0.0338,0.0000,APPROACH,0,0,0
128.476,0.0339,0.0000,APPROACH,0,0,0
128.510,0.0336,0.1000,APPROACH,0,0,0
128.544,0.0345,0.0000,APPROACH,0,0,0
128.578,0.0339,0.0000,APPROACH,0,0,0
128.612,0.0337,0.1000,APPROACH,0,0,0
128.647,0.0347,0.0000,APPROACH,0,0,0
128.680,0.0335,0.0000,APPROACH,0,0,0
128.714,0.0339,0.1000,APPROACH,0,0,0
128.748,0.0341,0.0000,APPROACH,0,0,0
128.782,0.0341,0.0000,APPROACH,0,0,0
128.816,0.0340,0.1000,APPROACH,0,0,0
128.850,0.0339,0.0000,APPROACH,0,0,0
128.885,0.0346,0.0000,APPROACH,0,0,0
128.918,0.0333,0.1000,APPROACH,0,0,0
128.953,0.0351,0.0000,APPROACH,0,0,0
128.987,0.0336,0.0000,APPROACH,0,0,0
129.021,0.0341,0.1000,APPROACH,0,0,0
129.055,0.0337,0.0000,APPROACH,0,0,0
129.089,0.0341,0.0000,APPROACH,0,0,0
129.122,0.0338,0.1000,APPROACH,0,0,0
129.156,0.0340,0.0000,APPROACH,0,0,0
129.191,0.0344,0.0000,APPROACH,0,0,0
129.225,0.0340,0.1000,APPROACH,0,0,0
129.259,0.0341,0.0000,APPROACH,0,0,0
129.292,0.0335,0.0000,APPROACH,0,0,0
129.326,0.0340,0.1000,APPROACH,0,0,0
129.361,0.0344,0.0000,APPROACH,0,0,0
129.394,0.0334,0.1000,APPROACH,0,0,0
129.429,0.0344,0.0000,APPROACH,0,0,0
129.463,0.0341,0.0000,APPROACH,0,0,0
129.496,0.0336,0.1000,APPROACH,0,0,0
129.531,0.0342,0.0000,APPROACH,0,0,0
129.565,0.0342,0.0000,APPROACH,0,0,0
129.598,0.0336,0.1000,APPROACH,0,0,0
129.633,0.0344,0.0000,APPROACH,0,0,0
129.667,0.0339,0.0000,APPROACH,0,0,0
129.700,0.0338,0.1000,APPROACH,0,0,0
129.735,0.0341,0.0000,APPROACH,0,0,0
129.769,0.0341,0.0000,APPROACH,0,0,0
129.803,0.0340,0.1000,APPROACH,0,0,0
129.837,0.0342,0.0000,APPROACH,0,0,0
129.871,0.0339,0.0000,APPROACH,0,0,0
129.905,0.0339,0.1000,APPROACH,0,0,0
129.939,0.0341,0.0000,APPROACH,0,0,0
129.973,0.0340,0.0000,APPROACH,0,0,0
130.007,0.0343,0.1000,APPROACH,0,0,0
130.041,0.0339,0.0000,APPROACH,0,0,0
130.075,0.0339,0.0000,APPROACH,0,0,0
130.109,0.0339,0.1000,APPROACH,0,0,0
130.143,0.0345,0.0000,APPROACH,0,0,0
130.178,0.0344,0.0000,APPROACH,0,0,0
130.211,0.0331,0.1000,APPROACH,0,0,0
130.245,0.0342,0.0000,APPROACH,0,0,0
130.279,0.0344,0.0000,APPROACH,0,0,0
130.313,0.0337,0.1000,APPROACH,0,0,0
130.347,0.0340,0.0000,APPROACH,0,0,0
130.381,0.0341,0.0000,APPROACH,0,0,0
130.415,0.0338,0.1000,APPROACH,0,0,0
130.449,0.0342,0.0000,APPROACH,0,0,0
130.483,0.0340,0.0000,APPROACH,0,0,0
130.517,0.0339,0.1000,APPROACH,0,0,0
130.551,0.0342,0.0000,APPROACH,0,0,0
130.585,0.0340,0.0000,APPROACH,0,0,0
130.619,0.0341,0.1000,APPROACH,0,0,0
130.653,0.0340,0.0000,APPROACH,0,0,0
130.687,0.0339,0.0000,APPROACH,0,0,0
130.721,0.0341,0.1000,APPROACH,0,0,0
130.755,0.0341,0.0000,APPROACH,0,0,0
130.789,0.0339,0.0000,APPROACH,0,0,0
130.823,0.0340,0.1000,APPROACH,0,0,0
130.857,0.0341,0.0000,APPROACH,0,0,0
130.891,0.0340,0.0000,APPROACH,0,0,0
130.925,0.0340,0.1000,APPROACH,0,0,0
130.960,0.0344,0.0000,APPROACH,0,0,0
130.993,0.0336,0.0000,APPROACH,0,0,0
131.027,0.0341,0.1000,APPROACH,0,0,0
131.062,0.0342,0.0000,APPROACH,0,0,0
131.095,0.0338,0.1000,APPROACH,0,0,0
131.129,0.0340,0.0000,APPROACH,0,0,0
131.164,0.0342,0.0000,APPROACH,0,0,0
131.197,0.0337,0.1000,APPROACH,0,0,0
131.232,0.0344,0.0000,APPROACH,0,0,0
131.267,0.0350,0.0000,APPROACH,0,0,0
131.300,0.0330,0.1000,APPROACH,0,0,0
131.334,0.0340,0.0000,APPROACH,0,0,0
131.368,0.0340,0.0000,APPROACH,0,0,0
131.402,0.0344,0.1000,APPROACH,0,0,0
131.436,0.0344,0.0000,APPROACH,0,0,0
131.470,0.0335,0.0000,APPROACH,0,0,0
131.504,0.0341,0.1000,APPROACH,0,0,0
131.538,0.0340,0.0000,APPROACH,0,0,0
131.572,0.0341,0.0000,APPROACH,0,0,0
131.606,0.0339,0.1000,APPROACH,0,0,0
131.640,0.0343,0.0000,APPROACH,0,0,0
131.674,0.0337,0.0000,APPROACH,0,0,0
131.708,0.0341,0.1000,APPROACH,0,0,0
131.742,0.0342,0.0000,APPROACH,0,0,0
131.776,0.0339,0.0000,APPROACH,0,0,0
131.810,0.0338,0.1000,APPROACH,0,0,0
131.844,0.0341,0.0000,APPROACH,0,0,0
131.878,0.0340,0.0000,APPROACH,0,0,0
131.912,0.0340,0.1000,APPROACH,0,0,0
131.946,0.0339,0.0000,APPROACH,0,0,0
131.980,0.0341,0.0000,APPROACH,0,0,0
132.014,0.0340,0.1000,ALIGN,0,0,0
132.048,0.0343,0.0000,ALIGN,0,0,0
132.082,0.0339,0.0000,ALIGN,0,0,0
132.116,0.0339,0.1000,ALIGN,0,0,0
132.150,0.0340,0.0000,ALIGN,0,0,0
132.184,0.0342,0.0000,ALIGN,0,0,0
132.218,0.0338,0.1000,ALIGN,0,0,0
132.252,0.0342,0.0000,ALIGN,0,0,0
132.287,0.0343,0.0000,ALIGN,0,0,0
132.321,0.0339,0.1000,ALIGN,0,0,0
132.354,0.0336,0.0000,ALIGN,0,0,0
132.388,0.0340,0.0000,ALIGN,0,0,0
132.422,0.0341,0.1000,ALIGN,0,0,0
132.457,0.0344,0.0000,ALIGN,0,0,0
132.490,0.0338,0.0000,ALIGN,0,0,0
132.524,0.0339,0.1000,ALIGN,0,0,0
132.559,0.0342,0.0000,ALIGN,0,0,0
132.593,0.0341,0.0000,ALIGN,0,0,0
132.627,0.0339,0.1000,APPROACH,0,0,0
132.661,0.0341,0.0000,APPROACH,0,0,0
132.695,0.0339,0.0000,APPROACH,0,0,0
132.728,0.0339,0.1000,APPROACH,0,0,0
132.762,0.0341,0.0000,APPROACH,0,0,0
132.796,0.0339,0.1000,APPROACH,0,0,0
132.831,0.0342,0.0000,APPROACH,0,0,0
132.865,0.0340,0.0000,APPROACH,0,0,0
132.898,0.0337,0.1000,APPROACH,0,0,0
132.933,0.0343,0.0000,APPROACH,0,0,0
132.967,0.0339,0.0000,APPROACH,0,0,0
133.001,0.0340,0.1000,APPROACH,0,0,0
133.035,0.0341,0.0000,APPROACH,0,0,0
133.069,0.0340,0.0000,APPROACH,0,0,0
133.103,0.0342,0.1000,APPROACH,0,0,0
133.137,0.0342,0.0000,APPROACH,0,0,0
133.171,0.0339,0.0000,APPROACH,0,0,0
133.205,0.0342,0.1000,APPROACH,0,0,0
133.239,0.0340,0.0000,APPROACH,0,0,0
133.273,0.0337,0.0000,APPROACH,0,0,0
133.307,0.0341,0.1000,APPROACH,0,0,0
133.341,0.0341,0.0000,APPROACH,0,0,0
133.375,0.0341,0.0000,APPROACH,0,0,0
133.409,0.0339,0.1000,APPROACH,0,0,0
133.443,0.0339,0.0000,APPROACH,0,0,0
133.477,0.0340,0.0000,APPROACH,0,0,0
133.511,0.0337,0.1000,APPROACH,0,0,0
133.545,0.0343,0.0000,APPROACH,0,0,0
133.579,0.0339,0.0000,APPROACH,0,0,0
133.613,0.0339,0.1000,APPROACH,0,0,0
133.647,0.0342,0.0000,APPROACH,0,0,0
133.681,0.0341,0.0000,APPROACH,0,0,0
133.715,0.0339,0.1000,APPROACH,0,0,0
133.749,0.0339,0.0000,APPROACH,0,0,0
133.783,0.0342,0.0000,APPROACH,0,0,0
133.817,0.0339,0.1000,APPROACH,0,0,0
133.851,0.0340,0.0000,APPROACH,0,0,0
133.885,0.0341,0.0000,APPROACH,0,0,0
133.919,0.0340,0.1000,APPROACH,0,0,0
133.953,0.0340,0.0000,APPROACH,0,0,0
133.988,0.0343,0.0000,APPROACH,0,0,0
134.021,0.0336,0.1000,APPROACH,0,0,0
134.055,0.0341,0.0000,APPROACH,0,0,0
134.089,0.0341,0.0000,APPROACH,0,0,0
134.124,0.0342,0.1000,APPROACH,0,0,0
134.158,0.0339,0.0000,APPROACH,0,0,0
134.191,0.0339,0.0000,APPROACH,0,0,0
134.225,0.0341,0.1000,APPROACH,0,0,0
134.260,0.0343,0.0000,APPROACH,0,0,0
134.294,0.0339,0.0000,APPROACH,0,0,0
134.328,0.0340,0.1000,APPROACH,0,0,0
134.362,0.0344,0.0000,APPROACH,0,0,0
134.396,0.0337,0.0000,APPROACH,0,0,0
134.430,0.0340,0.1000,APPROACH,0,0,0
134.464,0.0343,0.0000,APPROACH,0,0,0
134.498,0.0337,0.1000,APPROACH,0,0,0
134.532,0.0341,0.0000,APPROACH,0,0,0
134.566,0.0340,0.0000,APPROACH,0,0,0
134.600,0.0339,0.1000,APPROACH,0,0,0
134.634,0.0343,0.0000,APPROACH,0,0,0
134.668,0.0339,0.0000,APPROACH,0,0,0
134.702,0.0339,0.1000,APPROACH,0,0,0
134.736,0.0345,0.0000,APPROACH,0,0,0
134.770,0.0334,0.0000,APPROACH,0,0,0
134.804,0.0343,0.1000,APPROACH,0,0,0
134.838,0.0339,0.0000,APPROACH,0,0,0
134.872,0.0340,0.0000,APPROACH,0,0,0
134.906,0.0340,0.1000,APPROACH,0,0,0
134.940,0.0342,0.0000,APPROACH,0,0,0
134.974,0.0342,0.0000,APPROACH,0,0,0
135.009,0.0345,0.1000,APPROACH,0,0,0
135.042,0.0332,0.0000,APPROACH,0,0,0
135.076,0.0340,0.0000,APPROACH,0,0,0
135.110,0.0339,0.1000,APPROACH,0,0,0
135.144,0.0342,0.0000,APPROACH,0,0,0
135.178,0.0339,0.0000,APPROACH,0,0,0
135.212,0.0339,0.1000,APPROACH,0,0,0
135.246,0.0342,0.0000,APPROACH,0,0,0
135.280,0.0339,0.0000,APPROACH,0,0,0
135.314,0.0340,0.1000,APPROACH,0,0,0
135.348,0.0343,0.0000,APPROACH,0,0,0
135.382,0.0336,0.0000,APPROACH,0,0,0
135.416,0.0341,0.1000,APPROACH,0,0,0
135.450,0.0342,0.0000,APPROACH,0,0,0
135.484,0.0341,0.0000,APPROACH,0,0,0
135.518,0.0341,0.1000,APPROACH,0,0,0
135.553,0.0345,0.0000,APPROACH,0,0,0
135.586,0.0335,0.0000,APPROACH,0,0,0
135.620,0.0340,0.1000,APPROACH,0,0,0
135.654,0.0339,0.0000,APPROACH,0,0,0
135.688,0.0341,0.0000,APPROACH,0,0,0
135.722,0.0340,0.1000,APPROACH,0,0,0
135.756,0.0340,0.0000,APPROACH,0,0,0
135.790,0.0340,0.0000,APPROACH,0,0,0
135.825,0.0342,0.1000,APPROACH,0,0,0
135.858,0.0338,0.0000,APPROACH,0,0,0
135.893,0.0341,0.0000,APPROACH,0,0,0
135.926,0.0339,0.1000,APPROACH,0,0,0
135.960,0.0340,0.0000,APPROACH,0,0,0
135.994,0.0339,0.0000,APPROACH,0,0,0
136.029,0.0342,0.1000,APPROACH,0,0,0
136.063,0.0341,0.0000,APPROACH,0,0,0
136.097,0.0341,0.0000,APPROACH,0,0,0
136.131,0.0338,0.1000,APPROACH,0,0,0
136.165,0.0346,0.0000,APPROACH,0,0,0
136.199,0.0335,0.1000,APPROACH,0,0,0
136.233,0.0342,0.0000,APPROACH,0,0,0
136.268,0.0346,0.0000,APPROACH,0,0,0
136.301,0.0334,0.1000,APPROACH,0,0,0
136.335,0.0341,0.0000,APPROACH,0,0,0
136.369,0.0343,0.0000,APPROACH,0,0,0
136.403,0.0338,0.1000,APPROACH,0,0,0
136.437,0.0338,0.0000,APPROACH,0,0,0
136.471,0.0340,0.0000,APPROACH,0,0,0
136.506,0.0345,0.1000,APPROACH,0,0,0
136.539,0.0336,0.0000,APPROACH,0,0,0
136.573,0.0338,0.0000,APPROACH,0,0,0
136.607,0.0342,0.1000,APPROACH,0,0,0
136.641,0.0340,0.0000,APPROACH,0,0,0
136.675,0.0340,0.0000,APPROACH,0,0,0
136.709,0.0342,0.1000,APPROACH,0,0,0
136.743,0.0339,0.0000,APPROACH,0,0,0
136.777,0.0342,0.0000,APPROACH,0,0,0
136.811,0.0336,0.1000,APPROACH,0,0,0
136.846,0.0346,0.0000,APPROACH,0,0,0
136.880,0.0341,0.0000,APPROACH,0,0,0
136.913,0.0335,0.1000,APPROACH,0,0,0
136.947,0.0341,0.0000,APPROACH,0,0,0
136.982,0.0342,0.0000,APPROACH,0,0,0
137.015,0.0337,0.1000,APPROACH,0,0,0
137.050,0.0343,0.0000,APPROACH,0,0,0
137.083,0.0338,0.0000,APPROACH,0,0,0
137.117,0.0341,0.1000,APPROACH,0,0,0
137.151,0.0340,0.0000,APPROACH,0,0,0
137.185,0.0341,0.0000,APPROACH,0,0,0
137.219,0.0339,0.1000,APPROACH,0,0,0
137.253,0.0340,0.0000,APPROACH,0,0,0
137.288,0.0342,0.0000,APPROACH,0,0,0
137.321,0.0339,0.1000,APPROACH,0,0,0
137.356,0.0344,0.0000,APPROACH,0,0,0
137.390,0.0338,0.0000,APPROACH,0,0,0
137.424,0.0342,0.1000,APPROACH,0,0,0
137.458,0.0344,0.0000,APPROACH,0,0,0
137.491,0.0330,0.0000,APPROACH,0,0,0
137.526,0.0344,0.1000,APPROACH,0,0,0
137.560,0.0340,0.0000,APPROACH,0,0,0
137.594,0.0339,0.0000,APPROACH,0,0,0
137.628,0.0342,0.1000,APPROACH,0,0,0
137.662,0.0339,0.0000,APPROACH,0,0,0
137.696,0.0341,0.0000,APPROACH,0,0,0
137.730,0.0346,0.1000,APPROACH,0,0,0
137.764,0.0333,0.0000,APPROACH,0,0,0
137.798,0.0343,0.0000,APPROACH,0,0,0
137.832,0.0340,0.1000,APPROACH,0,0,0
137.866,0.0345,0.0000,APPROACH,0,0,0
137.900,0.0334,0.1000,APPROACH,0,0,0
137.934,0.0341,0.0000,APPROACH,0,0,0
137.968,0.0339,0.0000,APPROACH,0,0,0
138.002,0.0338,0.1000,APPROACH,0,0,0
138.036,0.0343,0.0000,APPROACH,0,0,0
138.070,0.0340,0.0000,APPROACH,0,0,0
138.104,0.0340,0.1000,APPROACH,0,0,0
138.138,0.0341,0.0000,APPROACH,0,0,0
138.172,0.0339,0.0000,APPROACH,0,0,0
138.206,0.0340,0.1000,APPROACH,0,0,0
138.241,0.0352,0.0000,APPROACH,0,0,0
138.274,0.0331,0.0000,APPROACH,0,0,0
138.309,0.0343,0.1000,APPROACH,0,0,0
138.342,0.0336,0.0000,APPROACH,0,0,0
138.376,0.0341,0.0000,APPROACH,0,0,0
138.410,0.0338,0.1000,APPROACH,0,0,0
138.444,0.0339,0.0000,APPROACH,0,0,0
138.478,0.0341,0.0000,APPROACH,0,0,0
138.513,0.0345,0.1000,APPROACH,0,0,0
138.547,0.0343,0.0000,APPROACH,0,0,0
138.580,0.0333,0.0000,APPROACH,0,0,0
138.614,0.0339,0.1000,APPROACH,0,0,0
138.649,0.0346,0.0000,APPROACH,0,0,0
138.682,0.0336,0.0000,APPROACH,0,0,0
138.717,0.0342,0.1000,APPROACH,0,0,0
138.750,0.0338,0.0000,APPROACH,0,0,0
138.784,0.0340,0.0000,APPROACH,0,0,0
138.818,0.0339,0.1000,APPROACH,0,0,0
138.852,0.0340,0.0000,APPROACH,0,0,0
138.886,0.0341,0.0000,APPROACH,0,0,0
138.920,0.0341,0.1000,APPROACH,0,0,0
138.955,0.0342,0.0000,APPROACH,0,0,0
138.988,0.0337,0.0000,APPROACH,0,0,0
139.022,0.0339,0.1000,APPROACH,0,0,0
139.057,0.0343,0.0000,APPROACH,0,0,0
139.090,0.0338,0.0000,APPROACH,0,0,0
139.125,0.0341,0.1000,APPROACH,0,0,0
139.159,0.0340,0.0000,APPROACH,0,0,0
139.193,0.0339,0.0000,APPROACH,0,0,0
139.227,0.0342,0.1000,APPROACH,0,0,0
139.261,0.0340,0.0000,APPROACH,0,0,0
139.295,0.0341,0.0000,APPROACH,0,0,0
139.329,0.0341,0.1000,APPROACH,0,0,0
139.363,0.0338,0.0000,APPROACH,0,0,0
139.397,0.0339,0.0000,APPROACH,0,0,0
139.431,0.0342,0.1000,APPROACH,0,0,0
139.465,0.0341,0.0000,APPROACH,0,0,0
139.499,0.0338,0.0000,APPROACH,0,0,0
139.533,0.0338,0.1000,APPROACH,0,0,0
139.567,0.0345,0.0000,APPROACH,0,0,0
139.601,0.0339,0.1000,APPROACH,0,0,0
139.635,0.0336,0.0000,APPROACH,0,0,0
139.669,0.0346,0.0000,APPROACH,0,0,0
139.703,0.0335,0.1000,APPROACH,0,0,0
139.737,0.0345,0.0000,APPROACH,0,0,0
139.771,0.0340,0.0000,APPROACH,0,0,0
139.805,0.0338,0.1000,APPROACH,0,0,0
139.839,0.0340,0.0000,APPROACH,0,0,0
139.873,0.0341,0.0000,APPROACH,0,0,0
139.907,0.0339,0.1000,APPROACH,0,0,0
139.941,0.0343,0.0000,APPROACH,0,0,0
139.975,0.0337,0.0000,APPROACH,0,0,0
140.009,0.0338,0.1000,APPROACH,0,0,0
140.043,0.0343,0.0000,APPROACH,0,0,0
140.077,0.0337,0.0000,APPROACH,0,0,0
140.111,0.0340,0.1000,APPROACH,0,0,0
140.146,0.0350,0.0000,APPROACH,0,0,0
140.179,0.0332,0.0000,APPROACH,0,0,0
140.213,0.0340,0.1000,APPROACH,0,0,0
140.248,0.0345,0.0000,APPROACH,0,0,0
140.282,0.0340,0.0000,APPROACH,0,0,0
140.315,0.0335,0.1000,APPROACH,0,0,0
140.349,0.0342,0.0000,APPROACH,0,0,0
140.384,0.0344,0.0000,APPROACH,0,0,0
140.417,0.0335,0.1000,APPROACH,0,0,0
140.451,0.0342,0.0000,APPROACH,0,0,0
140.485,0.0339,0.0000,APPROACH,0,0,0
140.519,0.0339,0.1000,APPROACH,0,0,0
140.553,0.0341,0.0000,APPROACH,0,0,0
140.587,0.0340,0.0000,APPROACH,0,0,0
140.621,0.0340,0.1000,APPROACH,0,0,0
140.656,0.0343,0.0000,APPROACH,0,0,0
140.689,0.0338,0.0000,APPROACH,0,0,0
140.723,0.0340,0.1000,PATROL,0,0,0
140.757,0.0339,0.0000,PATROL,0,0,0
140.792,0.0342,0.0000,PATROL,0,0,0
140.826,0.0342,0.1000,PATROL,0,0,0
140.859,0.0337,0.0000,PATROL,0,0,0
140.893,0.0339,0.0000,PATROL,0,0,0
140.928,0.0343,0.1000,PATROL,0,0,0
140.962,0.0345,0.0000,PATROL,0,0,0
140.995,0.0334,0.0000,PATROL,0,0,0
141.029,0.0340,0.1000,PATROL,0,0,0
141.064,0.0342,0.0000,PATROL,0,0,0
141.098,0.0340,0.0000,PATROL,0,0,0
141.132,0.0341,0.1000,PATROL,0,0,0
141.166,0.0340,0.0000,PATROL,0,0,0
141.200,0.0344,0.0000,PATROL,0,0,0
141.234,0.0336,0.1000,PATROL,0,0,0
141.268,0.0343,0.0000,PATROL,0,0,0
141.301,0.0335,0.1000,PATROL,0,0,0
141.336,0.0344,0.0000,PATROL,0,0,0
141.370,0.0340,0.0000,PATROL,0,0,0
141.404,0.0337,0.1000,PATROL,0,0,0
141.438,0.0343,0.0000,PATROL,0,0,0
141.472,0.0341,0.0000,PATROL,0,0,0
141.506,0.0338,0.1000,PATROL,0,0,0
141.540,0.0343,0.0000,PATROL,0,0,0
141.574,0.0338,0.0000,PATROL,0,0,0
141.608,0.0340,0.1000,PATROL,0,0,0
141.643,0.0349,0.0000,PATROL,0,0,0
141.676,0.0333,0.0000,PATROL,0,0,0
141.710,0.0338,0.1000,PATROL,0,0,0
141.744,0.0344,0.0000,PATROL,0,0,0
141.778,0.0339,0.0000,PATROL,0,0,0
141.812,0.0338,0.1000,PATROL,0,0,0
141.846,0.0342,0.0000,PATROL,0,0,0
141.880,0.0339,0.0000,PATROL,0,0,0
141.914,0.0338,0.1000,PATROL,0,0,0
141.948,0.0344,0.0000,PATROL,0,0,0
141.983,0.0346,0.0000,PATROL,0,0,0
142.017,0.0335,0.1000,PATROL,0,0,0
142.050,0.0337,0.0000,PATROL,0,0,0
142.084,0.0338,0.0000,PATROL,0,0,0
142.118,0.0344,0.1000,PATROL,0,0,0
142.152,0.0338,0.0000,PATROL,0,0,0
142.186,0.0341,0.0000,PATROL,0,0,0
142.220,0.0338,0.1000,PATROL,0,0,0
142.254,0.0340,0.0000,PATROL,0,0,0
142.289,0.0345,0.0000,PATROL,0,0,0
142.322,0.0336,0.1000,PATROL,0,0,0
142.356,0.0342,0.0000,PATROL,0,0,0
142.391,0.0341,0.0000,PATROL,0,0,0
142.425,0.0342,0.1000,PATROL,0,0,0
142.459,0.0339,0.0000,PATROL,0,0,0
142.493,0.0347,0.0000,PATROL,0,0,0
142.527,0.0339,0.1000,ALIGN,0,0,0
142.561,0.0338,0.0000,ALIGN,0,0,0
142.595,0.0338,0.0000,ALIGN,0,0,0
142.629,0.0341,0.1000,ALIGN,0,0,0
142.663,0.0343,0.0000,ALIGN,0,0,0
142.697,0.0338,0.0000,ALIGN,0,0,0
142.731,0.0339,0.1000,ALIGN,0,0,0
142.765,0.0337,0.0000,ALIGN,0,0,0
142.799,0.0341,0.0000,ALIGN,0,0,0
142.833,0.0340,0.1000,ALIGN,0,0,0
142.867,0.0341,0.0000,ALIGN,0,0,0
142.901,0.0339,0.0000,ALIGN,0,0,0
142.935,0.0340,0.1000,PATROL,0,0,0
142.969,0.0342,0.0000,PATROL,0,0,0
143.003,0.0340,0.1000,PATROL,0,0,0
143.037,0.0339,0.0000,PATROL,0,0,0
143.071,0.0341,0.0000,PATROL,0,0,0
143.105,0.0340,0.1000,PATROL,0,0,0
143.139,0.0342,0.0000,PATROL,0,0,0
143.173,0.0340,0.0000,PATROL,0,0,0
143.207,0.0338,0.1000,PATROL,0,0,0
143.241,0.0343,0.0000,PATROL,0,0,0
143.275,0.0337,0.0000,PATROL,0,0,0
143.309,0.0344,0.1000,PATROL,0,0,0
143.343,0.0339,0.0000,PATROL,0,0,0
143.377,0.0340,0.0000,PATROL,0,0,0
143.411,0.0337,0.1000,PATROL,0,0,0
143.445,0.0344,0.0000,PATROL,0,0,0
143.479,0.0338,0.0000,PATROL,0,0,0
143.513,0.0340,0.1000,PATROL,0,0,0
143.547,0.0345,0.0000,PATROL,0,0,0
143.581,0.0339,0.0000,PATROL,0,0,0
143.615,0.0336,0.1000,PATROL,0,0,0
143.649,0.0344,0.0000,PATROL,0,0,0
143.683,0.0338,0.0000,PATROL,0,0,0
143.717,0.0340,0.1000,PATROL,0,0,0
143.751,0.0340,0.0000,PATROL,0,0,0
143.785,0.0339,0.0000,PATROL,0,0,0
143.819,0.0340,0.1000,PATROL,0,0,0
143.853,0.0342,0.0000,PATROL,0,0,0
143.888,0.0343,0.0000,PATROL,0,0,0
143.921,0.0339,0.1000,PATROL,0,0,0
143.955,0.0338,0.0000,PATROL,0,0,0
143.989,0.0341,0.0000,PATROL,0,0,0
144.023,0.0339,0.1000,PATROL,0,0,0
144.057,0.0341,0.0000,PATROL,0,0,0
144.091,0.0339,0.0000,PATROL,0,0,0
144.125,0.0342,0.1000,PATROL,0,0,0
144.160,0.0342,0.0000,PATROL,0,0,0
144.193,0.0338,0.0000,PATROL,0,0,0
144.228,0.0343,0.1000,PATROL,0,0,0
144.262,0.0339,0.0000,PATROL,0,0,0
144.295,0.0338,0.0000,PATROL,0,0,0
144.330,0.0341,0.1000,PATROL,0,0,0
144.364,0.0340,0.0000,PATROL,0,0,0
144.398,0.0341,0.0000,PATROL,0,0,0
144.432,0.0341,0.1000,PATROL,0,0,0
144.466,0.0338,0.0000,PATROL,0,0,0
144.500,0.0340,0.0000,PATROL,0,0,0
144.534,0.0340,0.1000,PATROL,0,0,0
144.568,0.0341,0.0000,PATROL,0,0,0
144.602,0.0339,0.0000,PATROL,0,0,0
144.636,0.0339,0.1000,PATROL,0,0,0
144.670,0.0341,0.0000,PATROL,0,0,0
144.704,0.0340,0.1000,PATROL,0,0,0
144.738,0.0341,0.0000,PATROL,0,0,0
144.772,0.0341,0.0000,PATROL,0,0,0
144.805,0.0337,0.1000,PATROL,0,0,0
144.840,0.0343,0.0000,PATROL,0,0,0
144.874,0.0340,0.0000,PATROL,0,0,0
144.908,0.0339,0.1000,PATROL,0,0,0
144.942,0.0345,0.0000,PATROL,0,0,0
144.976,0.0334,0.0000,PATROL,0,0,0
145.010,0.0345,0.1000,PATROL,0,0,0
145.045,0.0346,0.0000,PATROL,0,0,0
145.078,0.0332,0.0000,PATROL,0,0,0
145.112,0.0342,0.1000,PATROL,0,0,0
145.146,0.0338,0.0000,PATROL,0,0,0
145.180,0.0341,0.0000,PATROL,0,0,0
145.214,0.0339,0.1000,PATROL,0,0,0
145.248,0.0344,0.0000,PATROL,0,0,0
145.282,0.0336,0.0000,PATROL,0,0,0
145.316,0.0343,0.1000,PATROL,0,0,0
145.350,0.0340,0.0000,PATROL,0,0,0
145.385,0.0345,0.0000,ALIGN,0,0,0
145.418,0.0335,0.1000,ALIGN,0,0,0
145.452,0.0341,0.0000,ALIGN,0,0,0
145.487,0.0343,0.0000,ALIGN,0,0,0
145.521,0.0341,0.1000,ALIGN,0,0,0
145.555,0.0339,0.0000,ALIGN,0,0,0
145.588,0.0335,0.0000,ALIGN,0,0,0
145.622,0.0339,0.1000,ALIGN,0,0,0
145.656,0.0340,0.0000,ALIGN,0,0,0
145.690,0.0344,0.0000,ALIGN,0,0,0
145.724,0.0338,0.1000,ALIGN,0,0,0
145.758,0.0339,0.0000,ALIGN,0,0,0
145.792,0.0344,0.0000,ALIGN,0,0,0
145.826,0.0338,0.1000,ALIGN,0,0,0
145.860,0.0341,0.0000,ALIGN,0,0,0
145.894,0.0340,0.0000,ALIGN,0,0,0
145.928,0.0340,0.1000,ALIGN,0,0,0
145.962,0.0340,0.0000,ALIGN,0,0,0
145.996,0.0340,0.0000,ALIGN,0,0,0
146.031,0.0341,0.1000,ALIGN,0,0,0
146.065,0.0346,0.0000,ALIGN,0,0,0
146.099,0.0335,0.0000,ALIGN,0,0,0
146.132,0.0338,0.1000,ALIGN,0,0,0
146.167,0.0346,0.0000,ALIGN,0,0,0
146.200,0.0333,0.0000,ALIGN,0,0,0
146.235,0.0347,0.1000,ALIGN,0,0,0
146.269,0.0338,0.0000,ALIGN,0,0,0
146.303,0.0342,0.0000,ALIGN,0,0,0
146.337,0.0338,0.1000,ALIGN,0,0,0
146.371,0.0338,0.0000,ALIGN,0,0,0
146.404,0.0339,0.1000,ALIGN,0,0,0
146.439,0.0343,0.0000,ALIGN,0,0,0
146.473,0.0340,0.0000,ALIGN,0,0,0
146.507,0.0339,0.1000,ALIGN,0,0,0
146.541,0.0340,0.0000,ALIGN,0,0,0
146.575,0.0343,0.0000,ALIGN,0,0,0
146.609,0.0337,0.1000,ALIGN,0,0,0
146.643,0.0342,0.0000,ALIGN,0,0,0
146.677,0.0338,0.0000,ALIGN,0,0,0
146.711,0.0338,0.1000,APPROACH,0,0,0
146.745,0.0342,0.0000,APPROACH,0,0,0
146.779,0.0344,0.0000,APPROACH,0,0,0
146.812,0.0334,0.1000,APPROACH,0,0,0
146.847,0.0347,0.0000,APPROACH,0,0,0
146.881,0.0338,0.0000,APPROACH,0,0,0
146.915,0.0341,0.1000,APPROACH,0,0,0
146.949,0.0341,0.0000,APPROACH,0,0,0
146.983,0.0336,0.0000,APPROACH,0,0,0
147.017,0.0340,0.1000,APPROACH,0,0,0
147.051,0.0341,0.0000,APPROACH,0,0,0
147.085,0.0341,0.0000,APPROACH,0,0,0
147.119,0.0344,0.1000,APPROACH,0,0,0
147.154,0.0347,0.0000,APPROACH,0,0,0
147.187,0.0329,0.0000,APPROACH,0,0,0
147.221,0.0340,0.1000,APPROACH,0,0,0
147.255,0.0343,0.0000,APPROACH,0,0,0
147.289,0.0336,0.0000,APPROACH,0,0,0
147.323,0.0340,0.1000,APPROACH,0,0,0
147.357,0.0340,0.0000,APPROACH,0,0,0
147.391,0.0341,0.0000,APPROACH,0,0,0
147.425,0.0339,0.1000,APPROACH,0,0,0
147.459,0.0342,0.0000,APPROACH,0,0,0
147.493,0.0341,0.0000,APPROACH,0,0,0
147.527,0.0340,0.1000,APPROACH,0,0,0
147.561,0.0341,0.0000,APPROACH,0,0,0
147.595,0.0339,0.0000,APPROACH,0,0,0
147.629,0.0340,0.1000,APPROACH,0,0,0
147.664,0.0345,0.0000,APPROACH,0,0,0
147.697,0.0336,0.0000,APPROACH,0,0,0
147.731,0.0341,0.1000,APPROACH,0,0,0
147.765,0.0340,0.0000,APPROACH,0,0,0
147.799,0.0338,0.0000,APPROACH,0,0,0
147.834,0.0344,0.1000,APPROACH,0,0,0
147.867,0.0339,0.0000,APPROACH,0,0,0
147.901,0.0339,0.0000,APPROACH,0,0,0
147.936,0.0343,0.1000,APPROACH,0,0,0
147.970,0.0339,0.0000,APPROACH,0,0,0
148.003,0.0338,0.0000,APPROACH,0,0,0
148.038,0.0345,0.1000,APPROACH,0,0,0
148.072,0.0340,0.0000,APPROACH,0,0,0
148.106,0.0339,0.1000,APPROACH,0,0,0
148.140,0.0338,0.0000,APPROACH,0,0,0
148.174,0.0343,0.0000,APPROACH,0,0,0
148.207,0.0337,0.1000,APPROACH,0,0,0
148.241,0.0340,0.0000,APPROACH,0,0,0
148.276,0.0346,0.0000,APPROACH,0,0,0
148.309,0.0333,0.1000,APPROACH,0,0,0
148.344,0.0342,0.0000,APPROACH,0,0,0
148.378,0.0341,0.0000,APPROACH,0,0,0
148.411,0.0337,0.1000,APPROACH,0,0,0
148.446,0.0342,0.0000,APPROACH,0,0,0
148.480,0.0342,0.0000,APPROACH,0,0,0
148.513,0.0337,0.1000,APPROACH,0,0,0
148.548,0.0346,0.0000,APPROACH,0,0,0
148.582,0.0337,0.0000,APPROACH,0,0,0
148.616,0.0339,0.1000,APPROACH,0,0,0
148.650,0.0346,0.0000,APPROACH,0,0,0
148.684,0.0335,0.0000,APPROACH,0,0,0
148.718,0.0340,0.1000,APPROACH,0,0,0
148.752,0.0343,0.0000,APPROACH,0,0,0
148.786,0.0341,0.0000,APPROACH,0,0,0
148.820,0.0337,0.1000,APPROACH,0,0,0
148.854,0.0343,0.0000,APPROACH,0,0,0
148.888,0.0338,0.0000,APPROACH,0,0,0
148.923,0.0347,0.1000,APPROACH,0,0,0
148.956,0.0337,0.0000,APPROACH,0,0,0
148.990,0.0339,0.0000,APPROACH,0,0,0
149.025,0.0343,0.1000,APPROACH,0,0,0
149.058,0.0335,0.0000,APPROACH,0,0,0
149.092,0.0341,0.0000,APPROACH,0,0,0
149.126,0.0340,0.1000,APPROACH,0,0,0
149.160,0.0341,0.0000,APPROACH,0,0,0
149.194,0.0341,0.0000,APPROACH,0,0,0
149.228,0.0339,0.1000,APPROACH,0,0,0
149.262,0.0341,0.0000,APPROACH,0,0,0
149.297,0.0343,0.0000,APPROACH,0,0,0
149.330,0.0337,0.1000,APPROACH,0,0,0
149.364,0.0340,0.0000,APPROACH,0,0,0
149.398,0.0340,0.0000,APPROACH,0,0,0
149.432,0.0340,0.1000,APPROACH,0,0,0
149.466,0.0341,0.0000,APPROACH,0,0,0
149.500,0.0339,0.0000,APPROACH,0,0,0
149.534,0.0339,0.1000,APPROACH,0,0,0
149.569,0.0344,0.0000,APPROACH,0,0,0
149.602,0.0338,0.0000,APPROACH,0,0,0
149.637,0.0344,0.1000,APPROACH,0,0,0
149.670,0.0336,0.0000,APPROACH,0,0,0
149.704,0.0340,0.0000,APPROACH,0,0,0
149.738,0.0338,0.1000,APPROACH,0,0,0
149.773,0.0343,0.0000,APPROACH,0,0,0
149.807,0.0340,0.1000,APPROACH,0,0,0
149.841,0.0340,0.0000,APPROACH,0,0,0
149.875,0.0339,0.0000,APPROACH,0,0,0
149.908,0.0339,0.1000,APPROACH,0,0,0
149.943,0.0342,0.0000,APPROACH,0,0,0
149.977,0.0340,0.0000,APPROACH,0,0,0
150.010,0.0337,0.1000,APPROACH,0,0,0
150.044,0.0340,0.0000,APPROACH,0,0,0
150.078,0.0341,0.0000,APPROACH,0,0,0
150.112,0.0341,0.1000,APPROACH,0,0,0
150.147,0.0341,0.0000,APPROACH,0,0,0
150.180,0.0338,0.0000,APPROACH,0,0,0
150.214,0.0340,0.1000,APPROACH,0,0,0
150.249,0.0345,0.0000,APPROACH,0,0,0
150.283,0.0339,0.0000,APPROACH,0,0,0
150.317,0.0339,0.1000,APPROACH,0,0,0
150.351,0.0342,0.0000,APPROACH,0,0,0
150.386,0.0350,0.0000,APPROACH,0,0,0
150.419,0.0327,0.1000,APPROACH,0,0,0
150.453,0.0346,0.0000,APPROACH,0,0,0
150.487,0.0338,0.0000,APPROACH,0,0,0
150.521,0.0341,0.1000,APPROACH,0,0,0
150.555,0.0337,0.0000,APPROACH,0,0,0
150.589,0.0342,0.0000,APPROACH,0,0,0
150.623,0.0338,0.1000,APPROACH,0,0,0
150.657,0.0344,0.0000,APPROACH,0,0,0
150.691,0.0336,0.0000,APPROACH,0,0,0
150.725,0.0341,0.1000,APPROACH,0,0,0
150.759,0.0338,0.0000,APPROACH,0,0,0
150.793,0.0343,0.0000,APPROACH,0,0,0
150.827,0.0339,0.1000,APPROACH,0,0,0
150.861,0.0342,0.0000,APPROACH,0,0,0
150.895,0.0339,0.0000,APPROACH,0,0,0
150.929,0.0341,0.1000,APPROACH,0,0,0
150.963,0.0337,0.0000,APPROACH,0,0,0
150.997,0.0341,0.0000,APPROACH,0,0,0
151.031,0.0340,0.1000,APPROACH,0,0,0
151.065,0.0340,0.0000,APPROACH,0,0,0
151.099,0.0339,0.0000,APPROACH,0,0,0
151.133,0.0342,0.1000,APPROACH,0,0,0
151.167,0.0340,0.0000,APPROACH,0,0,0
151.201,0.0340,0.0000,APPROACH,0,0,0
151.235,0.0340,0.1000,APPROACH,0,0,0
151.269,0.0343,0.0000,APPROACH,0,0,0
151.303,0.0339,0.0000,APPROACH,0,0,0
151.337,0.0340,0.1000,APPROACH,0,0,0
151.372,0.0342,0.0000,APPROACH,0,0,0
151.405,0.0339,0.0000,APPROACH,0,0,0
151.440,0.0341,0.1000,APPROACH,0,0,0
151.473,0.0339,0.0000,APPROACH,0,0,0
151.507,0.0336,0.1000,APPROACH,0,0,0
151.541,0.0344,0.0000,APPROACH,0,0,0
151.576,0.0340,0.0000,APPROACH,0,0,0
151.609,0.0337,0.1000,APPROACH,0,0,0
151.643,0.0342,0.0000,APPROACH,0,0,0
151.678,0.0341,0.0000,APPROACH,0,0,0
151.711,0.0337,0.1000,APPROACH,0,0,0
151.745,0.0343,0.0000,APPROACH,0,0,0
151.780,0.0341,0.0000,APPROACH,0,0,0
151.813,0.0339,0.1000,APPROACH,0,0,0
151.848,0.0342,0.0000,APPROACH,0,0,0
151.881,0.0337,0.0000,APPROACH,0,0,0
151.915,0.0340,0.1000,PATROL,0,0,0
151.950,0.0341,0.0000,PATROL,0,0,0
151.984,0.0347,0.0000,PATROL,0,0,0
152.017,0.0331,0.1000,PATROL,0,0,0
152.052,0.0344,0.0000,PATROL,0,0,0
152.086,0.0338,0.0000,PATROL,0,0,0
152.119,0.0338,0.1000,PATROL,0,0,0
152.154,0.0343,0.0000,PATROL,0,0,0
152.188,0.0341,0.0000,PATROL,0,0,0
152.221,0.0337,0.1000,PATROL,0,0,0
152.256,0.0347,0.0000,PATROL,0,0,0
152.291,0.0347,0.0000,PATROL,0,0,0
152.324,0.0334,0.1000,PATROL,0,0,0
152.359,0.0349,0.0000,PATROL,0,0,0
152.392,0.0332,0.0000,PATROL,0,0,0
152.426,0.0339,0.1000,PATROL,0,0,0
152.460,0.0340,0.0000,PATROL,0,0,0
152.494,0.0342,0.0000,PATROL,0,0,0
152.529,0.0344,0.1000,PATROL,0,0,0
152.563,0.0339,0.0000,PATROL,0,0,0
152.596,0.0338,0.0000,PATROL,0,0,0
152.631,0.0342,0.1000,PATROL,0,0,0
152.664,0.0339,0.0000,PATROL,0,0,0
152.699,0.0341,0.0000,PATROL,0,0,0
152.733,0.0341,0.1000,PATROL,0,0,0
152.767,0.0341,0.0000,PATROL,0,0,0
152.801,0.0339,0.0000,PATROL,0,0,0
152.835,0.0343,0.1000,PATROL,0,0,0
152.869,0.0337,0.0000,PATROL,0,0,0
152.903,0.0340,0.0000,PATROL,0,0,0
152.937,0.0342,0.1000,PATROL,0,0,0
152.971,0.0338,0.0000,PATROL,0,0,0
153.005,0.0341,0.0000,PATROL,0,0,0
153.039,0.0339,0.1000,PATROL,0,0,0
153.073,0.0344,0.0000,PATROL,0,0,0
153.107,0.0339,0.0000,PATROL,0,0,0
153.141,0.0336,0.1000,PATROL,0,0,0
153.175,0.0341,0.0000,PATROL,0,0,0
153.209,0.0343,0.1000,PATROL,0,0,0
153.243,0.0340,0.0000,PATROL,0,0,0
153.277,0.0337,0.0000,PATROL,0,0,0
153.311,0.0343,0.1000,PATROL,0,0,0
153.346,0.0347,0.0000,PATROL,0,0,0
153.379,0.0331,0.0000,PATROL,0,0,0
153.413,0.0341,0.1000,PATROL,0,0,0
153.447,0.0341,0.0000,PATROL,0,0,0
153.481,0.0337,0.0000,PATROL,0,0,0
153.515,0.0343,0.1000,PATROL,0,0,0
153.549,0.0341,0.0000,PATROL,0,0,0
153.583,0.0341,0.0000,PATROL,0,0,0
153.617,0.0339,0.1000,PATROL,0,0,0
153.651,0.0342,0.0000,PATROL,0,0,0
153.685,0.0339,0.0000,PATROL,0,0,0
153.719,0.0339,0.1000,PATROL,0,0,0
153.753,0.0342,0.0000,PATROL,0,0,0
153.787,0.0339,0.0000,PATROL,0,0,0
153.821,0.0338,0.1000,PATROL,0,0,0
153.855,0.0343,0.0000,PATROL,0,0,0
153.889,0.0342,0.0000,PATROL,0,0,0
153.923,0.0338,0.1000,PATROL,0,0,0
153.958,0.0353,0.0000,PATROL,0,0,0
153.991,0.0328,0.0000,PATROL,0,0,0
154.025,0.0340,0.1000,PATROL,0,0,0
154.059,0.0342,0.0000,PATROL,0,0,0
154.093,0.0339,0.0000,PATROL,0,0,0
154.128,0.0342,0.1000,PATROL,0,0,0
154.161,0.0336,0.0000,PATROL,0,0,0
154.195,0.0342,0.0000,PATROL,0,0,0
154.229,0.0339,0.1000,PATROL,0,0,0
154.263,0.0339,0.0000,PATROL,0,0,0
154.297,0.0340,0.0000,PATROL,0,0,0
154.331,0.0339,0.1000,PATROL,0,0,0
154.365,0.0341,0.0000,PATROL,0,0,0
154.400,0.0348,0.0000,PATROL,0,0,0
154.433,0.0333,0.1000,PATROL,0,0,0
154.468,0.0342,0.0000,PATROL,0,0,0
154.501,0.0338,0.0000,PATROL,0,0,0
154.535,0.0341,0.1000,PATROL,0,0,0
154.569,0.0339,0.0000,PATROL,0,0,0
154.603,0.0340,0.0000,PATROL,0,0,0
154.637,0.0341,0.1000,PATROL,0,0,0
154.672,0.0340,0.0000,PATROL,0,0,0
154.705,0.0339,0.0000,PATROL,0,0,0
154.739,0.0341,0.1000,PATROL,0,0,0
154.773,0.0340,0.0000,PATROL,0,0,0
154.808,0.0341,0.0000,PATROL,0,0,0
154.841,0.0337,0.1000,PATROL,0,0,0
154.876,0.0344,0.0000,PATROL,0,0,0
154.909,0.0337,0.1000,PATROL,0,0,0
154.944,0.0343,0.0000,PATROL,0,0,0
154.977,0.0338,0.0000,PATROL,0,0,0
155.011,0.0339,0.1000,PATROL,0,0,0
155.045,0.0341,0.0000,PATROL,0,0,0
155.080,0.0343,0.0000,PATROL,0,0,0
155.113,0.0337,0.1000,PATROL,0,0,0
155.147,0.0341,0.0000,PATROL,0,0,0
155.182,0.0341,0.0000,PATROL,0,0,0
155.216,0.0342,0.1000,PATROL,0,0,0
155.250,0.0341,0.0000,PATROL,0,0,0
155.284,0.0343,0.0000,PATROL,0,0,0
155.318,0.0337,0.1000,PATROL,0,0,0
155.352,0.0340,0.0000,PATROL,0,0,0
155.386,0.0346,0.0000,PATROL,0,0,0
155.420,0.0336,0.1000,PATROL,0,0,0
155.454,0.0340,0.0000,PATROL,0,0,0
155.488,0.0342,0.0000,PATROL,0,0,0
155.522,0.0335,0.1000,PATROL,0,0,0
155.556,0.0343,0.0000,PATROL,0,0,0
155.590,0.0341,0.0000,PATROL,0,0,0
155.624,0.0339,0.1000,PATROL,0,0,0
155.658,0.0340,0.0000,PATROL,0,0,0
155.692,0.0340,0.0000,PATROL,0,0,0
155.726,0.0342,0.1000,PATROL,0,0,0
155.761,0.0351,0.0000,PATROL,0,0,0
155.794,0.0329,0.0000,PATROL,0,0,0
155.828,0.0340,0.1000,PATROL,0,0,0
155.862,0.0339,0.0000,PATROL,0,0,0
155.896,0.0342,0.0000,PATROL,0,0,0
155.930,0.0338,0.1000,PATROL,0,0,0
155.965,0.0344,0.0000,PATROL,0,0,0
155.998,0.0339,0.0000,PATROL,0,0,0
156.033,0.0343,0.1000,PATROL,0,0,0
156.066,0.0336,0.0000,PATROL,0,0,0
156.101,0.0343,0.0000,PATROL,0,0,0
156.135,0.0343,0.1000,PATROL,0,0,0
156.169,0.0337,0.0000,PATROL,0,0,0
156.202,0.0338,0.0000,PATROL,0,0,0
156.236,0.0339,0.1000,PATROL,0,0,0
156.271,0.0343,0.0000,PATROL,0,0,0
156.305,0.0339,0.0000,PATROL,0,0,0
156.338,0.0339,0.1000,PATROL,0,0,0
156.372,0.0340,0.0000,PATROL,0,0,0
156.406,0.0341,0.0000,PATROL,0,0,0
156.441,0.0341,0.1000,PATROL,0,0,0
156.475,0.0340,0.0000,PATROL,0,0,0
156.509,0.0343,0.0000,PATROL,0,0,0
156.542,0.0334,0.1000,PATROL,0,0,0
156.576,0.0342,0.0000,PATROL,0,0,0
156.610,0.0339,0.1000,PATROL,0,0,0
156.645,0.0344,0.0000,PATROL,0,0,0
156.679,0.0343,0.0000,PATROL,0,0,0
156.713,0.0337,0.1000,PATROL,0,0,0
156.747,0.0342,0.0000,PATROL,0,0,0
156.781,0.0339,0.0000,PATROL,0,0,0
156.815,0.0339,0.1000,PATROL,0,0,0
156.850,0.0349,0.0000,PATROL,0,0,0
156.883,0.0334,0.0000,PATROL,0,0,0
156.917,0.0339,0.1000,PATROL,0,0,0
156.951,0.0341,0.0000,PATROL,0,0,0
156.985,0.0341,0.0000,PATROL,0,0,0
157.019,0.0338,0.1000,PATROL,0,0,0
157.053,0.0343,0.0000,PATROL,0,0,0
157.087,0.0340,0.0000,PATROL,0,0,0
157.122,0.0342,0.1000,PATROL,0,0,0
157.155,0.0337,0.0000,PATROL,0,0,0
157.189,0.0340,0.0000,PATROL,0,0,0
157.223,0.0341,0.1000,PATROL,0,0,0
157.257,0.0340,0.0000,PATROL,0,0,0
157.291,0.0339,0.0000,PATROL,0,0,0
157.325,0.0340,0.1000,PATROL,0,0,0
157.359,0.0341,0.0000,PATROL,0,0,0
157.393,0.0340,0.0000,PATROL,0,0,0
157.427,0.0340,0.1000,PATROL,0,0,0
157.461,0.0340,0.0000,PATROL,0,0,0
157.495,0.0340,0.0000,PATROL,0,0,0
157.529,0.0338,0.1000,PATROL,0,0,0
157.563,0.0340,0.0000,PATROL,0,0,0
157.598,0.0344,0.0000,PATROL,0,0,0
157.632,0.0342,0.1000,PATROL,0,0,0
157.665,0.0336,0.0000,PATROL,0,0,0
157.700,0.0342,0.0000,PATROL,0,0,0
157.734,0.0343,0.1000,PATROL,0,0,0
157.768,0.0336,0.0000,PATROL,0,0,0
157.802,0.0340,0.0000,PATROL,0,0,0
157.836,0.0341,0.1000,PATROL,0,0,0
157.870,0.0340,0.0000,PATROL,0,0,0
157.904,0.0343,0.0000,PATROL,0,0,0
157.938,0.0335,0.1000,PATROL,0,0,0
157.972,0.0342,0.0000,PATROL,0,0,0
158.006,0.0340,0.0000,PATROL,0,0,0
158.040,0.0341,0.1000,PATROL,0,0,0
158.074,0.0341,0.0000,PATROL,0,0,0
158.108,0.0345,0.0000,PATROL,0,0,0
158.143,0.0348,0.1000,PATROL,0,0,0
158.176,0.0328,0.0000,PATROL,0,0,0
158.210,0.0338,0.0000,PATROL,0,0,0
158.244,0.0340,0.1000,PATROL,0,0,0
158.278,0.0342,0.0000,PATROL,0,0,0
158.312,0.0336,0.1000,PATROL,0,0,0
158.346,0.0342,0.0000,PATROL,0,0,0
158.380,0.0343,0.0000,PATROL,0,0,0
158.414,0.0337,0.1000,PATROL,0,0,0
158.448,0.0344,0.0000,PATROL,0,0,0
158.482,0.0341,0.0000,PATROL,0,0,0
158.516,0.0335,0.1000,PATROL,0,0,0
158.550,0.0342,0.0000,PATROL,0,0,0
158.584,0.0339,0.0000,PATROL,0,0,0
158.618,0.0341,0.1000,PATROL,0,0,0
158.652,0.0340,0.0000,PATROL,0,0,0
158.686,0.0343,0.0000,PATROL,0,0,0
158.720,0.0339,0.1000,PATROL,0,0,0
158.754,0.0343,0.0000,PATROL,0,0,0
158.788,0.0337,0.0000,PATROL,0,0,0
158.822,0.0341,0.1000,PATROL,0,0,0
158.857,0.0344,0.0000,PATROL,0,0,0
158.890,0.0337,0.0000,PATROL,0,0,0
158.924,0.0340,0.1000,PATROL,0,0,0
158.959,0.0347,0.0000,PATROL,0,0,0
158.993,0.0335,0.0000,PATROL,0,0,0
159.026,0.0335,0.1000,PATROL,0,0,0
159.060,0.0342,0.0000,PATROL,0,0,0
159.094,0.0341,0.0000,PATROL,0,0,0
159.128,0.0338,0.1000,PATROL,0,0,0
159.162,0.0341,0.0000,PATROL,0,0,0
159.196,0.0339,0.0000,PATROL,0,0,0
159.231,0.0344,0.1000,PATROL,0,0,0
159.265,0.0340,0.0000,PATROL,0,0,0
159.298,0.0337,0.0000,PATROL,0,0,0
159.332,0.0341,0.1000,PATROL,0,0,0
159.366,0.0340,0.0000,PATROL,0,0,0
159.400,0.0340,0.0000,PATROL,0,0,0
159.434,0.0340,0.1000,PATROL,0,0,0
159.469,0.0342,0.0000,PATROL,0,0,0
159.502,0.0339,0.0000,PATROL,0,0,0
159.537,0.0342,0.1000,PATROL,0,0,0
159.571,0.0340,0.0000,PATROL,0,0,0
159.604,0.0338,0.0000,PATROL,0,0,0
159.639,0.0345,0.1000,PATROL,0,0,0
159.673,0.0337,0.0000,PATROL,0,0,0
159.707,0.0341,0.0000,PATROL,0,0,0
159.741,0.0345,0.1000,PATROL,0,0,0
159.775,0.0339,0.0000,PATROL,0,0,0
159.809,0.0340,0.0000,PATROL,0,0,0
159.843,0.0338,0.1000,PATROL,0,0,0
159.877,0.0338,0.0000,PATROL,0,0,0
159.911,0.0339,0.0000,PATROL,0,0,0
159.945,0.0341,0.1000,PATROL,0,0,0
159.979,0.0341,0.0000,PATROL,0,0,0
160.013,0.0337,0.1000,PATROL,0,0,0
160.047,0.0345,0.0000,PATROL,0,0,0
160.081,0.0345,0.0000,PATROL,0,0,0
160.115,0.0332,0.1000,PATROL,0,0,0
160.149,0.0345,0.0000,PATROL,0,0,0
160.183,0.0340,0.0000,PATROL,0,0,0
160.217,0.0339,0.1000,PATROL,0,0,0
160.251,0.0340,0.0000,PATROL,0,0,0
160.285,0.0339,0.0000,PATROL,0,0,0
160.319,0.0338,0.1000,PATROL,0,0,0
160.353,0.0343,0.0000,PATROL,0,0,0
160.387,0.0342,0.0000,PATROL,0,0,0
160.421,0.0337,0.1000,PATROL,0,0,0
160.455,0.0340,0.0000,PATROL,0,0,0
160.489,0.0340,0.0000,PATROL,0,0,0
160.523,0.0341,0.1000,PATROL,0,0,0
160.557,0.0341,0.0000,PATROL,0,0,0
160.591,0.0341,0.0000,PATROL,0,0,0
160.625,0.0338,0.1000,PATROL,0,0,0
160.659,0.0345,0.0000,PATROL,0,0,0
160.693,0.0335,0.0000,PATROL,0,0,0
160.727,0.0339,0.1000,PATROL,0,0,0
160.761,0.0345,0.0000,PATROL,0,0,0
160.795,0.0339,0.0000,PATROL,0,0,0
160.829,0.0339,0.1000,PATROL,0,0,0
160.864,0.0346,0.0000,PATROL,0,0,0
160.897,0.0337,0.0000,PATROL,0,0,0
160.931,0.0338,0.1000,PATROL,0,0,0
160.965,0.0339,0.0000,PATROL,0,0,0
161.000,0.0344,0.0000,PATROL,0,0,0
161.033,0.0337,0.1000,PATROL,0,0,0
161.067,0.0339,0.0000,PATROL,0,0,0
161.101,0.0340,0.0000,PATROL,0,0,0
161.135,0.0341,0.1000,PATROL,0,0,0
161.169,0.0341,0.0000,PATROL,0,0,0
161.203,0.0338,0.0000,PATROL,0,0,0
161.237,0.0341,0.1000,PATROL,0,0,0
161.272,0.0343,0.0000,PATROL,0,0,0
161.305,0.0337,0.0000,PATROL,0,0,0
161.340,0.0342,0.1000,PATROL,0,0,0
161.373,0.0338,0.0000,PATROL,0,0,0
161.407,0.0341,0.0000,PATROL,0,0,0
161.441,0.0340,0.1000,PATROL,0,0,0
161.476,0.0341,0.0000,PATROL,0,0,0
161.510,0.0340,0.0000,PATROL,0,0,0
161.544,0.0343,0.1000,PATROL,0,0,0
161.578,0.0339,0.0000,PATROL,0,0,0
161.611,0.0336,0.0000,PATROL,0,0,0
161.645,0.0341,0.1000,PATROL,0,0,0
161.680,0.0344,0.0000,PATROL,0,0,0
161.713,0.0334,0.1000,PATROL,0,0,0
161.748,0.0344,0.0000,PATROL,0,0,0
161.782,0.0345,0.0000,PATROL,0,0,0
161.815,0.0332,0.1000,PATROL,0,0,0
161.850,0.0342,0.0000,PATROL,0,0,0
161.884,0.0349,0.0000,PATROL,0,0,0
161.918,0.0331,0.1000,PATROL,0,0,0
161.952,0.0343,0.0000,PATROL,0,0,0
161.986,0.0337,0.0000,PATROL,0,0,0
162.020,0.0341,0.1000,PATROL,0,0,0
162.054,0.0345,0.0000,PATROL,0,0,0
162.088,0.0337,0.0000,PATROL,0,0,0
162.122,0.0338,0.1000,PATROL,0,0,0
162.156,0.0342,0.0000,PATROL,0,0,0
162.190,0.0337,0.0000,PATROL,0,0,0
162.224,0.0342,0.1000,PATROL,0,0,0
162.258,0.0345,0.0000,PATROL,0,0,0
162.292,0.0340,0.0000,PATROL,0,0,0
162.326,0.0334,0.1000,PATROL,0,0,0
162.360,0.0346,0.0000,PATROL,0,0,0
162.394,0.0341,0.0000,PATROL,0,0,0
162.428,0.0337,0.1000,PATROL,0,0,0
162.462,0.0340,0.0000,PATROL,0,0,0
162.496,0.0341,0.0000,PATROL,0,0,0
162.530,0.0340,0.1000,PATROL,0,0,0
162.564,0.0339,0.0000,PATROL,0,0,0
162.598,0.0341,0.0000,PATROL,0,0,0
162.632,0.0338,0.1000,PATROL,0,0,0
162.666,0.0341,0.0000,PATROL,0,0,0
162.700,0.0343,0.0000,PATROL,0,0,0
162.734,0.0335,0.1000,PATROL,0,0,0
162.768,0.0345,0.0000,PATROL,0,0,0
162.802,0.0338,0.0000,PATROL,0,0,0
162.836,0.0340,0.1000,PATROL,0,0,0
162.870,0.0339,0.0000,PATROL,0,0,0
162.904,0.0341,0.0000,PATROL,0,0,0
162.938,0.0342,0.1000,PATROL,0,0,0
162.972,0.0336,0.0000,PATROL,0,0,0
163.006,0.0339,0.0000,PATROL,0,0,0
163.041,0.0347,0.1000,PATROL,0,0,0
163.074,0.0334,0.0000,PATROL,0,0,0
163.109,0.0345,0.0000,PATROL,0,0,0
163.142,0.0336,0.1000,PATROL,0,0,0
163.177,0.0346,0.0000,PATROL,0,0,0
163.210,0.0333,0.0000,PATROL,0,0,0
163.244,0.0343,0.1000,PATROL,0,0,0
163.279,0.0341,0.0000,PATROL,0,0,0
163.312,0.0338,0.0000,PATROL,0,0,0
163.346,0.0339,0.1000,PATROL,0,0,0
163.380,0.0342,0.0000,PATROL,0,0,0
163.414,0.0337,0.1000,PATROL,0,0,0
163.448,0.0342,0.0000,PATROL,0,0,0
163.482,0.0342,0.0000,PATROL,0,0,0
163.516,0.0337,0.1000,PATROL,0,0,0
163.551,0.0343,0.0000,PATROL,0,0,0
163.585,0.0341,0.0000,PATROL,0,0,0
163.618,0.0338,0.1000,PATROL,0,0,0
163.653,0.0343,0.0000,PATROL,0,0,0
163.687,0.0340,0.0000,PATROL,0,0,0
163.721,0.0342,0.1000,PATROL,0,0,0
163.755,0.0338,0.0000,PATROL,0,0,0
163.789,0.0342,0.0000,PATROL,0,0,0
163.822,0.0337,0.1000,PATROL,0,0,0
163.858,0.0353,0.0000,PATROL,0,0,0
163.890,0.0328,0.0000,PATROL,0,0,0
163.924,0.0340,0.1000,PATROL,0,0,0
163.959,0.0347,0.0000,PATROL,0,0,0
163.993,0.0337,0.0000,PATROL,0,0,0
164.028,0.0349,0.1000,PATROL,0,0,0
164.061,0.0335,0.0000,PATROL,0,0,0
164.095,0.0337,0.0000,PATROL,0,0,0
164.129,0.0341,0.1000,PATROL,0,0,0
164.163,0.0339,0.0000,PATROL,0,0,0
164.197,0.0340,0.0000,PATROL,0,0,0
164.231,0.0338,0.1000,PATROL,0,0,0
164.265,0.0346,0.0000,PATROL,0,0,0
164.299,0.0336,0.0000,PATROL,0,0,0
164.333,0.0339,0.1000,PATROL,0,0,0
164.367,0.0340,0.0000,PATROL,0,0,0
164.402,0.0348,0.0000,PATROL,0,0,0
164.435,0.0332,0.1000,PATROL,0,0,0
164.469,0.0341,0.0000,PATROL,0,0,0
164.503,0.0341,0.0000,PATROL,0,0,0
164.537,0.0340,0.1000,PATROL,0,0,0
164.571,0.0341,0.0000,PATROL,0,0,0
164.605,0.0344,0.0000,PATROL,0,0,0
164.639,0.0337,0.1000,PATROL,0,0,0
164.673,0.0339,0.0000,PATROL,0,0,0
164.707,0.0339,0.0000,PATROL,0,0,0
164.742,0.0349,0.1000,PATROL,0,0,0
164.775,0.0333,0.0000,PATROL,0,0,0
164.809,0.0340,0.0000,PATROL,0,0,0
164.843,0.0340,0.1000,PATROL,0,0,0
164.877,0.0341,0.0000,PATROL,0,0,0
164.911,0.0339,0.0000,PATROL,0,0,0
164.945,0.0342,0.1000,PATROL,0,0,0
164.979,0.0340,0.0000,PATROL,0,0,0
165.013,0.0337,0.0000,PATROL,0,0,0
165.047,0.0343,0.1000,PATROL,0,0,0
165.081,0.0339,0.0000,PATROL,0,0,0
165.115,0.0338,0.1000,PATROL,0,0,0
165.149,0.0343,0.0000,PATROL,0,0,0
165.184,0.0342,0.0000,PATROL,0,0,0
165.217,0.0333,0.1000,PATROL,0,0,0
165.251,0.0344,0.0000,PATROL,0,0,0
165.286,0.0344,0.0000,PATROL,0,0,0
165.319,0.0334,0.1000,PATROL,0,0,0
165.354,0.0344,0.0000,PATROL,0,0,0
165.387,0.0336,0.0000,PATROL,0,0,0
165.421,0.0340,0.1000,PATROL,0,0,0
165.455,0.0342,0.0000,PATROL,0,0,0
165.489,0.0338,0.0000,PATROL,0,0,0
165.523,0.0342,0.1000,PATROL,0,0,0
165.558,0.0342,0.0000,PATROL,0,0,0
165.592,0.0339,0.0000,PATROL,0,0,0
165.625,0.0337,0.1000,PATROL,0,0,0
165.660,0.0349,0.0000,PATROL,0,0,0
165.693,0.0331,0.0000,PATROL,0,0,0
165.727,0.0341,0.1000,PATROL,0,0,0
165.762,0.0345,0.0000,PATROL,0,0,0
165.795,0.0336,0.0000,PATROL,0,0,0
165.829,0.0338,0.1000,PATROL,0,0,0
165.864,0.0343,0.0000,PATROL,0,0,0
165.897,0.0339,0.0000,PATROL,0,0,0
165.931,0.0339,0.1000,PATROL,0,0,0
165.966,0.0343,0.0000,PATROL,0,0,0
166.000,0.0341,0.0000,PATROL,0,0,0
166.034,0.0338,0.1000,PATROL,0,0,0
166.067,0.0338,0.0000,PATROL,0,0,0
166.101,0.0342,0.0000,PATROL,0,0,0
166.135,0.0340,0.1000,PATROL,0,0,0
166.169,0.0339,0.0000,PATROL,0,0,0
166.204,0.0341,0.0000,PATROL,0,0,0
166.237,0.0339,0.1000,PATROL,0,0,0
166.272,0.0341,0.0000,PATROL,0,0,0
166.306,0.0341,0.0000,PATROL,0,0,0
166.340,0.0339,0.1000,PATROL,0,0,0
166.374,0.0344,0.0000,PATROL,0,0,0
166.408,0.0337,0.0000,PATROL,0,0,0
166.442,0.0343,0.1000,PATROL,0,0,0
166.476,0.0341,0.0000,PATROL,0,0,0
166.510,0.0341,0.0000,PATROL,0,0,0
166.544,0.0341,0.1000,PATROL,0,0,0
166.578,0.0337,0.0000,PATROL,0,0,0
166.612,0.0340,0.0000,PATROL,0,0,0
166.646,0.0342,0.1000,PATROL,0,0,0
166.680,0.0339,0.0000,PATROL,0,0,0
166.714,0.0340,0.0000,PATROL,0,0,0
166.748,0.0339,0.1000,PATROL,0,0,0
166.782,0.0343,0.0000,PATROL,0,0,0
166.816,0.0340,0.1000,PATROL,0,0,0
166.850,0.0341,0.0000,PATROL,0,0,0
166.884,0.0341,0.0000,PATROL,0,0,0
166.918,0.0337,0.1000,PATROL,0,0,0
166.952,0.0341,0.0000,PATROL,0,0,0
166.987,0.0343,0.0000,PATROL,0,0,0
167.020,0.0338,0.1000,PATROL,0,0,0
167.054,0.0338,0.0000,PATROL,0,0,0
167.088,0.0342,0.0000,PATROL,0,0,0
167.122,0.0339,0.1000,PATROL,0,0,0
167.157,0.0345,0.0000,PATROL,0,0,0
167.190,0.0335,0.0000,PATROL,0,0,0
167.224,0.0341,0.1000,PATROL,0,0,0
167.258,0.0341,0.0000,PATROL,0,0,0
167.292,0.0340,0.0000,PATROL,0,0,0
167.326,0.0339,0.1000,PATROL,0,0,0
167.362,0.0353,0.0000,PATROL,0,0,0
167.395,0.0329,0.0000,PATROL,0,0,0
167.428,0.0338,0.1000,PATROL,0,0,0
167.463,0.0343,0.0000,PATROL,0,0,0
167.496,0.0339,0.0000,PATROL,0,0,0
167.531,0.0341,0.1000,PATROL,0,0,0
167.564,0.0339,0.0000,PATROL,0,0,0
167.598,0.0340,0.0000,PATROL,0,0,0
167.633,0.0343,0.1000,PATROL,0,0,0
167.666,0.0338,0.0000,PATROL,0,0,0
167.700,0.0340,0.0000,PATROL,0,0,0
167.734,0.0337,0.1000,PATROL,0,0,0
167.769,0.0346,0.0000,PATROL,0,0,0
167.803,0.0340,0.0000,PATROL,0,0,0
167.837,0.0340,0.1000,PATROL,0,0,0
167.871,0.0341,0.0000,PATROL,0,0,0
167.905,0.0341,0.0000,PATROL,0,0,0
167.939,0.0340,0.1000,PATROL,0,0,0
167.973,0.0340,0.0000,PATROL,0,0,0
168.007,0.0339,0.0000,PATROL,0,0,0
168.041,0.0341,0.1000,PATROL,0,0,0
168.075,0.0339,0.0000,PATROL,0,0,0
168.109,0.0340,0.0000,PATROL,0,0,0
168.143,0.0342,0.1000,PATROL,0,0,0
168.177,0.0337,0.0000,PATROL,0,0,0
168.211,0.0339,0.0000,PATROL,0,0,0
168.245,0.0343,0.1000,PATROL,0,0,0
168.279,0.0341,0.0000,PATROL,0,0,0
168.313,0.0336,0.0000,PATROL,0,0,0
168.347,0.0343,0.1000,PATROL,0,0,0
168.381,0.0340,0.0000,PATROL,0,0,0
168.415,0.0340,0.0000,PATROL,0,0,0
168.449,0.0344,0.1000,PATROL,0,0,0
168.483,0.0339,0.0000,PATROL,0,0,0
168.517,0.0339,0.1000,PATROL,0,0,0
168.551,0.0339,0.0000,PATROL,0,0,0
168.585,0.0340,0.0000,PATROL,0,0,0
168.619,0.0339,0.1000,PATROL,0,0,0
168.653,0.0343,0.0000,PATROL,0,0,0
168.687,0.0341,0.0000,PATROL,0,0,0
168.721,0.0341,0.1000,PATROL,0,0,0
168.755,0.0338,0.0000,PATROL,0,0,0
168.789,0.0338,0.0000,PATROL,0,0,0
168.823,0.0341,0.1000,PATROL,0,0,0
168.857,0.0342,0.0000,PATROL,0,0,0
168.892,0.0342,0.0000,PATROL,0,0,0
168.925,0.0338,0.1000,PATROL,0,0,0
168.959,0.0341,0.0000,PATROL,0,0,0
168.993,0.0340,0.0000,PATROL,0,0,0
169.027,0.0339,0.1000,PATROL,0,0,0
169.061,0.0341,0.0000,PATROL,0,0,0
169.095,0.0340,0.0000,PATROL,0,0,0
169.129,0.0339,0.1000,PATROL,0,0,0
169.164,0.0346,0.0000,PATROL,0,0,0
169.197,0.0336,0.0000,PATROL,0,0,0
169.232,0.0342,0.1000,PATROL,0,0,0
169.266,0.0346,0.0000,PATROL,0,0,0
169.300,0.0332,0.0000,PATROL,0,0,0
169.334,0.0340,0.1000,PATROL,0,0,0
169.367,0.0338,0.0000,PATROL,0,0,0
169.401,0.0340,0.0000,PATROL,0,0,0
169.435,0.0339,0.1000,PATROL,0,0,0
169.469,0.0342,0.0000,PATROL,0,0,0
169.504,0.0341,0.0000,PATROL,0,0,0
169.538,0.0340,0.1000,PATROL,0,0,0
169.571,0.0340,0.0000,PATROL,0,0,0
169.606,0.0343,0.0000,PATROL,0,0,0
169.640,0.0341,0.1000,PATROL,0,0,0
169.674,0.0341,0.0000,PATROL,0,0,0
169.708,0.0339,0.0000,PATROL,0,0,0
169.742,0.0341,0.1000,PATROL,0,0,0
169.776,0.0343,0.0000,PATROL,0,0,0
169.810,0.0335,0.0000,PATROL,0,0,0
169.844,0.0342,0.1000,PATROL,0,0,0
169.878,0.0340,0.0000,PATROL,0,0,0
169.912,0.0339,0.0000,PATROL,0,0,0
169.946,0.0340,0.1000,PATROL,0,0,0
169.980,0.0340,0.0000,PATROL,0,0,0
170.014,0.0339,0.0000,PATROL,0,0,0
170.049,0.0350,0.1000,PATROL,0,0,0
170.082,0.0333,0.0000,PATROL,0,0,0
170.116,0.0339,0.0000,PATROL,0,0,0
170.150,0.0341,0.1000,PATROL,0,0,0
170.184,0.0341,0.0000,PATROL,0,0,0
170.218,0.0337,0.1000,PATROL,0,0,0
170.253,0.0346,0.0000,PATROL,0,0,0
170.287,0.0344,0.0000,PATROL,0,0,0
170.320,0.0335,0.1000,PATROL,0,0,0
170.354,0.0339,0.0000,PATROL,0,0,0
170.389,0.0343,0.0000,PATROL,0,0,0
170.422,0.0335,0.1000,PATROL,0,0,0
170.457,0.0346,0.0000,PATROL,0,0,0
170.490,0.0337,0.0000,PATROL,0,0,0
170.524,0.0337,0.1000,PATROL,0,0,0
170.558,0.0343,0.0000,PATROL,0,0,0
170.593,0.0342,0.0000,PATROL,0,0,0
170.626,0.0337,0.1000,PATROL,0,0,0
170.661,0.0344,0.0000,PATROL,0,0,0
170.695,0.0339,0.0000,PATROL,0,0,0
170.728,0.0338,0.1000,PATROL,0,0,0
170.763,0.0344,0.0000,PATROL,0,0,0
170.797,0.0341,0.0000,PATROL,0,0,0
170.831,0.0339,0.1000,PATROL,0,0,0
170.866,0.0351,0.0000,PATROL,0,0,0
170.899,0.0333,0.0000,PATROL,0,0,0
170.933,0.0334,0.1000,PATROL,0,0,0
170.967,0.0340,0.0000,PATROL,0,0,0
171.001,0.0341,0.0000,PATROL,0,0,0
171.034,0.0339,0.1000,PATROL,0,0,0
171.069,0.0340,0.0000,PATROL,0,0,0
171.103,0.0340,0.0000,PATROL,0,0,0
171.137,0.0342,0.1000,PATROL,0,0,0
171.171,0.0340,0.0000,PATROL,0,0,0
171.205,0.0342,0.0000,PATROL,0,0,0
171.239,0.0340,0.1000,PATROL,0,0,0
171.273,0.0340,0.0000,PATROL,0,0,0
171.307,0.0342,0.0000,PATROL,0,0,0
171.341,0.0339,0.1000,PATROL,0,0,0
171.375,0.0341,0.0000,PATROL,0,0,0
171.409,0.0344,0.0000,PATROL,0,0,0
171.443,0.0336,0.1000,PATROL,0,0,0
171.477,0.0340,0.0000,PATROL,0,0,0
171.511,0.0338,0.0000,PATROL,0,0,0
171.545,0.0343,0.1000,PATROL,0,0,0
171.579,0.0339,0.0000,PATROL,0,0,0
171.613,0.0340,0.0000,PATROL,0,0,0
171.647,0.0344,0.1000,PATROL,0,0,0
171.681,0.0339,0.0000,PATROL,0,0,0
171.715,0.0337,0.0000,PATROL,0,0,0
171.749,0.0344,0.1000,PATROL,0,0,0
171.783,0.0340,0.0000,PATROL,0,0,0
171.817,0.0339,0.0000,PATROL,0,0,0
171.852,0.0343,0.1000,PATROL,0,0,0
171.886,0.0340,0.0000,PATROL,0,0,0
171.919,0.0340,0.1000,PATROL,0,0,0
171.953,0.0337,0.0000,PATROL,0,0,0
171.987,0.0340,0.0000,PATROL,0,0,0
172.021,0.0339,0.1000,PATROL,0,0,0
172.055,0.0343,0.0000,PATROL,0,0,0
172.090,0.0343,0.0000,PATROL,0,0,0
172.123,0.0335,0.1000,PATROL,0,0,0
172.157,0.0341,0.0000,PATROL,0,0,0
172.191,0.0341,0.0000,PATROL,0,0,0
172.225,0.0340,0.1000,PATROL,0,0,0
172.259,0.0342,0.0000,PATROL,0,0,0
172.293,0.0338,0.0000,PATROL,0,0,0
172.327,0.0341,0.1000,PATROL,0,0,0
172.361,0.0341,0.0000,PATROL,0,0,0
172.396,0.0341,0.0000,PATROL,0,0,0
172.429,0.0337,0.1000,PATROL,0,0,0
172.464,0.0345,0.0000,PATROL,0,0,0
172.497,0.0336,0.0000,PATROL,0,0,0
172.531,0.0339,0.1000,PATROL,0,0,0
172.566,0.0343,0.0000,PATROL,0,0,0
172.600,0.0341,0.0000,PATROL,0,0,0
172.633,0.0336,0.1000,PATROL,0,0,0
172.668,0.0342,0.0000,PATROL,0,0,0
172.701,0.0339,0.0000,PATROL,0,0,0
172.736,0.0345,0.1000,PATROL,0,0,0
172.770,0.0340,0.0000,PATROL,0,0,0
172.803,0.0334,0.0000,PATROL,0,0,0
172.837,0.0341,0.1000,PATROL,0,0,0
172.872,0.0341,0.0000,PATROL,0,0,0
172.905,0.0339,0.0000,PATROL,0,0,0
172.940,0.0343,0.1000,PATROL,0,0,0
172.974,0.0342,0.0000,PATROL,0,0,0
173.008,0.0341,0.0000,PATROL,0,0,0
173.042,0.0338,0.1000,PATROL,0,0,0
173.076,0.0339,0.0000,PATROL,0,0,0
173.110,0.0338,0.0000,PATROL,0,0,0
173.144,0.0342,0.1000,PATROL,0,0,0
173.178,0.0343,0.0000,PATROL,0,0,0
173.212,0.0336,0.0000,PATROL,0,0,0
173.246,0.0341,0.1000,PATROL,0,0,0
173.280,0.0347,0.0000,PATROL,0,0,0
173.314,0.0335,0.0000,PATROL,0,0,0
173.348,0.0340,0.1000,PATROL,0,0,0
173.382,0.0340,0.0000,PATROL,0,0,0
173.416,0.0339,0.0000,PATROL,0,0,0
173.450,0.0345,0.1000,PATROL,0,0,0
173.484,0.0338,0.0000,PATROL,0,0,0
173.518,0.0342,0.0000,PATROL,0,0,0
173.552,0.0336,0.1000,PATROL,0,0,0
173.586,0.0344,0.0000,PATROL,0,0,0
173.620,0.0335,0.1000,PATROL,0,0,0
173.654,0.0341,0.0000,PATROL,0,0,0
173.688,0.0342,0.0000,PATROL,0,0,0
173.722,0.0337,0.1000,PATROL,0,0,0
173.756,0.0346,0.0000,PATROL,0,0,0
173.791,0.0342,0.0000,PATROL,0,0,0
173.824,0.0336,0.1000,PATROL,0,0,0
173.859,0.0347,0.0000,PATROL,0,0,0
173.892,0.0335,0.0000,PATROL,0,0,0
173.926,0.0338,0.1000,PATROL,0,0,0
173.960,0.0340,0.0000,PATROL,0,0,0
173.994,0.0339,0.0000,PATROL,0,0,0
174.028,0.0340,0.1000,PATROL,0,0,0
174.062,0.0341,0.0000,PATROL,0,0,0
174.098,0.0353,0.0000,PATROL,0,0,0
174.131,0.0330,0.1000,PATROL,0,0,0
174.165,0.0342,0.0000,PATROL,0,0,0
174.198,0.0337,0.0000,PATROL,0,0,0
174.232,0.0339,0.1000,PATROL,0,0,0
174.268,0.0356,0.0000,PATROL,0,0,0
174.301,0.0327,0.0000,PATROL,0,0,0
174.334,0.0338,0.1000,PATROL,0,0,0
174.368,0.0340,0.0000,PATROL,0,0,0
174.402,0.0340,0.0000,PATROL,0,0,0
174.436,0.0339,0.1000,PATROL,0,0,0
174.470,0.0341,0.0000,PATROL,0,0,0
174.504,0.0340,0.0000,PATROL,0,0,0
174.539,0.0341,0.1000,PATROL,0,0,0
174.573,0.0343,0.0000,PATROL,0,0,0
174.607,0.0338,0.0000,PATROL,0,0,0
174.641,0.0346,0.1000,PATROL,0,0,0
174.675,0.0335,0.0000,PATROL,0,0,0
174.709,0.0339,0.0000,PATROL,0,0,0
174.743,0.0341,0.1000,PATROL,0,0,0
174.777,0.0342,0.0000,PATROL,0,0,0
174.810,0.0336,0.0000,PATROL,0,0,0
174.845,0.0344,0.1000,PATROL,0,0,0
174.879,0.0338,0.0000,PATROL,0,0,0
174.913,0.0340,0.0000,PATROL,0,0,0
174.947,0.0343,0.1000,PATROL,0,0,0
174.981,0.0339,0.0000,PATROL,0,0,0
175.014,0.0336,0.0000,PATROL,0,0,0
175.049,0.0346,0.1000,PATROL,0,0,0
175.083,0.0337,0.0000,PATROL,0,0,0
175.117,0.0340,0.0000,PATROL,0,0,0
175.151,0.0343,0.1000,PATROL,0,0,0
175.185,0.0341,0.0000,PATROL,0,0,0
175.219,0.0335,0.0000,PATROL,0,0,0
175.253,0.0340,0.1000,PATROL,0,0,0
175.287,0.0342,0.0000,PATROL,0,0,0
175.321,0.0338,0.1000,PATROL,0,0,0
175.355,0.0343,0.0000,PATROL,0,0,0
175.389,0.0340,0.0000,PATROL,0,0,0
175.423,0.0338,0.1000,PATROL,0,0,0
175.457,0.0341,0.0000,PATROL,0,0,0
175.491,0.0345,0.0000,PATROL,0,0,0
175.525,0.0335,0.1000,PATROL,0,0,0
175.559,0.0340,0.0000,PATROL,0,0,0
175.593,0.0340,0.0000,PATROL,0,0,0
175.627,0.0341,0.1000,PATROL,0,0,0
175.661,0.0339,0.0000,PATROL,0,0,0
175.695,0.0340,0.0000,PATROL,0,0,0
175.729,0.0342,0.1000,PATROL,0,0,0
175.763,0.0343,0.0000,PATROL,0,0,0
175.797,0.0335,0.0000,PATROL,0,0,0
175.831,0.0340,0.1000,PATROL,0,0,0
175.865,0.0340,0.0000,PATROL,0,0,0
175.899,0.0341,0.0000,PATROL,0,0,0
175.933,0.0341,0.1000,PATROL,0,0,0
175.968,0.0344,0.0000,PATROL,0,0,0
176.001,0.0338,0.0000,PATROL,0,0,0
176.035,0.0338,0.1000,PATROL,0,0,0
176.069,0.0340,0.0000,PATROL,0,0,0
176.104,0.0344,0.0000,PATROL,0,0,0
176.137,0.0335,0.1000,PATROL,0,0,0
176.172,0.0353,0.0000,PATROL,0,0,0
176.206,0.0332,0.0000,PATROL,0,0,0
176.240,0.0340,0.1000,PATROL,0,0,0
176.273,0.0339,0.0000,PATROL,0,0,0
176.307,0.0339,0.0000,PATROL,0,0,0
176.341,0.0339,0.1000,PATROL,0,0,0
176.375,0.0341,0.0000,PATROL,0,0,0
176.409,0.0340,0.0000,PATROL,0,0,0
176.444,0.0342,0.1000,PATROL,0,0,0
176.478,0.0340,0.0000,PATROL,0,0,0
176.512,0.0341,0.0000,PATROL,0,0,0
176.545,0.0338,0.1000,PATROL,0,0,0
176.579,0.0341,0.0000,PATROL,0,0,0
176.613,0.0338,0.0000,PATROL,0,0,0
176.648,0.0347,0.1000,PATROL,0,0,0
176.682,0.0336,0.0000,PATROL,0,0,0
176.715,0.0336,0.0000,PATROL,0,0,0
176.749,0.0342,0.1000,PATROL,0,0,0
176.784,0.0343,0.0000,PATROL,0,0,0
176.817,0.0337,0.0000,PATROL,0,0,0
176.851,0.0340,0.1000,PATROL,0,0,0
176.885,0.0340,0.0000,PATROL,0,0,0
176.920,0.0342,0.0000,PATROL,0,0,0
176.953,0.0338,0.1000,PATROL,0,0,0
176.988,0.0343,0.0000,PATROL,0,0,0
177.021,0.0337,0.1000,PATROL,0,0,0
177.056,0.0342,0.0000,PATROL,0,0,0
177.090,0.0340,0.0000,PATROL,0,0,0
177.124,0.0340,0.1000,PATROL,0,0,0
177.158,0.0342,0.0000,PATROL,0,0,0
177.192,0.0344,0.0000,PATROL,0,0,0
177.226,0.0336,0.1000,PATROL,0,0,0
177.260,0.0342,0.0000,PATROL,0,0,0
177.294,0.0339,0.0000,PATROL,0,0,0
177.328,0.0341,0.1000,PATROL,0,0,0
177.362,0.0339,0.0000,PATROL,0,0,0
177.396,0.0343,0.0000,PATROL,0,0,0
177.430,0.0337,0.1000,PATROL,0,0,0
177.464,0.0342,0.0000,PATROL,0,0,0
177.498,0.0338,0.0000,PATROL,0,0,0
177.532,0.0340,0.1000,PATROL,0,0,0
177.567,0.0346,0.0000,PATROL,0,0,0
177.600,0.0339,0.0000,PATROL,0,0,0
177.634,0.0337,0.1000,PATROL,0,0,0
177.669,0.0345,0.0000,PATROL,0,0,0
177.702,0.0336,0.0000,PATROL,0,0,0
177.736,0.0339,0.1000,PATROL,0,0,0
177.770,0.0341,0.0000,PATROL,0,0,0
177.804,0.0341,0.0000,PATROL,0,0,0
177.838,0.0340,0.1000,PATROL,0,0,0
177.872,0.0341,0.0000,PATROL,0,0,0
177.906,0.0338,0.0000,PATROL,0,0,0
177.940,0.0341,0.1000,PATROL,0,0,0
177.974,0.0337,0.0000,PATROL,0,0,0
178.009,0.0349,0.0000,PATROL,0,0,0
178.043,0.0338,0.1000,PATROL,0,0,0
178.076,0.0337,0.0000,PATROL,0,0,0
178.110,0.0338,0.0000,PATROL,0,0,0
178.145,0.0345,0.1000,PATROL,0,0,0
178.178,0.0337,0.0000,PATROL,0,0,0
178.213,0.0342,0.0000,PATROL,0,0,0
178.247,0.0339,0.1000,PATROL,0,0,0
178.280,0.0339,0.0000,PATROL,0,0,0
178.314,0.0340,0.0000,PATROL,0,0,0
178.349,0.0344,0.1000,PATROL,0,0,0
178.383,0.0340,0.0000,PATROL,0,0,0
178.417,0.0338,0.0000,PATROL,0,0,0
178.451,0.0339,0.1000,PATROL,0,0,0
178.485,0.0342,0.0000,PATROL,0,0,0
178.518,0.0338,0.0000,PATROL,0,0,0
178.553,0.0341,0.1000,PATROL,0,0,0
178.587,0.0340,0.0000,PATROL,0,0,0
178.620,0.0339,0.0000,PATROL,0,0,0
178.654,0.0339,0.1000,PATROL,0,0,0
178.689,0.0346,0.0000,PATROL,0,0,0
178.722,0.0334,0.1000,PATROL,0,0,0
178.757,0.0343,0.0000,PATROL,0,0,0
178.791,0.0344,0.0000,PATROL,0,0,0
178.825,0.0335,0.1000,PATROL,0,0,0
178.859,0.0342,0.0000,PATROL,0,0,0
178.893,0.0344,0.0000,PATROL,0,0,0
178.927,0.0336,0.1000,PATROL,0,0,0
178.962,0.0352,0.0000,PATROL,0,0,0
178.995,0.0330,0.0000,PATROL,0,0,0
179.029,0.0340,0.1000,PATROL,0,0,0
179.063,0.0340,0.0000,PATROL,0,0,0
179.097,0.0340,0.0000,PATROL,0,0,0
179.131,0.0340,0.1000,PATROL,0,0,0
179.165,0.0344,0.0000,PATROL,0,0,0
179.199,0.0336,0.0000,PATROL,0,0,0
179.233,0.0340,0.1000,PATROL,0,0,0
179.267,0.0343,0.0000,PATROL,0,0,0
179.301,0.0339,0.0000,PATROL,0,0,0
179.336,0.0346,0.1000,PATROL,0,0,0
179.369,0.0334,0.0000,PATROL,0,0,0
179.403,0.0341,0.0000,PATROL,0,0,0
179.437,0.0337,0.1000,PATROL,0,0,0
179.471,0.0341,0.0000,PATROL,0,0,0
179.506,0.0344,0.0000,PATROL,0,0,0
179.539,0.0338,0.1000,PATROL,0,0,0
179.573,0.0338,0.0000,PATROL,0,0,0
179.607,0.0340,0.0000,PATROL,0,0,0
179.641,0.0338,0.1000,PATROL,0,0,0
179.675,0.0341,0.0000,PATROL,0,0,0
179.709,0.0340,0.0000,PATROL,0,0,0
179.743,0.0343,0.1000,PATROL,0,0,0
179.777,0.0339,0.0000,PATROL,0,0,0
179.811,0.0340,0.0000,PATROL,0,0,0
179.845,0.0343,0.1000,PATROL,0,0,0
179.880,0.0342,0.0000,PATROL,0,0,0
179.913,0.0338,0.0000,PATROL,0,0,0
179.947,0.0339,0.1000,PATROL,0,0,0
179.982,0.0343,0.0000,PATROL,0,0,0
180.015,0.0338,0.0000,PATROL,0,0,0
180.050,0.0346,0.1000,PATROL,0,0,0
180.084,0.0336,0.0000,PATROL,0,0,0
180.118,0.0340,0.0000,PATROL,0,0,0
180.152,0.0343,0.1000,PATROL,0,0,0
180.185,0.0336,0.0000,PATROL,0,0,0
180.219,0.0340,0.0000,PATROL,0,0,0
180.254,0.0344,0.1000,PATROL,0,0,0
180.288,0.0338,0.0000,PATROL,0,0,0
180.321,0.0338,0.0000,PATROL,0,0,0
180.355,0.0341,0.1000,PATROL,0,0,0
180.390,0.0344,0.0000,PATROL,0,0,0
180.423,0.0336,0.1000,PATROL,0,0,0
180.458,0.0341,0.0000,PATROL,0,0,0
180.492,0.0344,0.0000,PATROL,0,0,0
180.525,0.0336,0.1000,PATROL,0,0,0
180.561,0.0351,0.0000,PATROL,0,0,0
180.595,0.0342,0.0000,PATROL,0,0,0
180.628,0.0328,0.1000,PATROL,0,0,0
180.662,0.0343,0.0000,PATROL,0,0,0
180.695,0.0335,0.0000,PATROL,0,0,0
180.730,0.0342,0.1000,PATROL,0,0,0
180.764,0.0345,0.0000,PATROL,0,0,0
180.798,0.0336,0.0000,PATROL,0,0,0
180.832,0.0337,0.1000,PATROL,0,0,0
180.867,0.0352,0.0000,PATROL,0,0,0
180.900,0.0333,0.0000,PATROL,0,0,0
180.934,0.0343,0.1000,PATROL,0,0,0
180.968,0.0335,0.0000,PATROL,0,0,0
181.002,0.0341,0.0000,PATROL,0,0,0
181.036,0.0339,0.1000,PATROL,0,0,0
181.071,0.0349,0.0000,PATROL,0,0,0
181.105,0.0342,0.0000,PATROL,0,0,0
181.138,0.0331,0.1000,PATROL,0,0,0
181.173,0.0346,0.0000,PATROL,0,0,0
181.206,0.0335,0.0000,PATROL,0,0,0
181.240,0.0341,0.1000,PATROL,0,0,0
181.274,0.0342,0.0000,PATROL,0,0,0
181.308,0.0340,0.0000,PATROL,0,0,0
181.342,0.0337,0.1000,PATROL,0,0,0
181.376,0.0342,0.0000,PATROL,0,0,0
181.410,0.0337,0.0000,PATROL,0,0,0
181.444,0.0342,0.1000,PATROL,0,0,0
181.478,0.0341,0.0000,PATROL,0,0,0
181.513,0.0345,0.0000,PATROL,0,0,0
181.546,0.0335,0.1000,PATROL,0,0,0
181.580,0.0340,0.0000,PATROL,0,0,0
181.615,0.0354,0.0000,PATROL,0,0,0
181.648,0.0329,0.1000,PATROL,0,0,0
181.682,0.0338,0.0000,PATROL,0,0,0
181.716,0.0340,0.0000,PATROL,0,0,0
181.750,0.0341,0.1000,PATROL,0,0,0
181.784,0.0341,0.0000,PATROL,0,0,0
181.818,0.0342,0.0000,PATROL,0,0,0
181.852,0.0340,0.1000,PATROL,0,0,0
181.887,0.0341,0.0000,PATROL,0,0,0
181.921,0.0343,0.0000,PATROL,0,0,0
181.954,0.0335,0.1000,PATROL,0,0,0
181.988,0.0340,0.0000,PATROL,0,0,0
182.022,0.0340,0.0000,PATROL,0,0,0
182.056,0.0340,0.1000,PATROL,0,0,0
182.091,0.0344,0.0000,PATROL,0,0,0
182.124,0.0334,0.1000,PATROL,0,0,0
182.159,0.0343,0.0000,PATROL,0,0,0
182.193,0.0341,0.0000,PATROL,0,0,0
182.226,0.0335,0.1000,PATROL,0,0,0
182.261,0.0344,0.0000,PATROL,0,0,0
182.295,0.0345,0.0000,PATROL,0,0,0
182.328,0.0333,0.1000,PATROL,0,0,0
182.363,0.0344,0.0000,PATROL,0,0,0
182.396,0.0337,0.0000,PATROL,0,0,0
182.430,0.0340,0.1000,PATROL,0,0,0
182.464,0.0341,0.0000,PATROL,0,0,0
182.499,0.0341,0.0000,PATROL,0,0,0
182.532,0.0339,0.1000,PATROL,0,0,0
182.567,0.0342,0.0000,PATROL,0,0,0
182.600,0.0338,0.0000,PATROL,0,0,0
182.635,0.0341,0.1000,PATROL,0,0,0
182.668,0.0339,0.0000,PATROL,0,0,0
182.703,0.0346,0.0000,PATROL,0,0,0
182.737,0.0335,0.1000,PATROL,0,0,0
182.771,0.0348,0.0000,PATROL,0,0,0
182.805,0.0336,0.0000,PATROL,0,0,0
182.839,0.0340,0.1000,PATROL,0,0,0
182.873,0.0341,0.0000,PATROL,0,0,0
182.907,0.0340,0.0000,PATROL,0,0,0
182.941,0.0345,0.1000,PATROL,0,0,0
182.977,0.0351,0.0000,PATROL,0,0,0
183.011,0.0343,0.0000,PATROL,0,0,0
183.043,0.0323,0.1000,PATROL,0,0,0
183.077,0.0338,0.0000,PATROL,0,0,0
183.111,0.0339,0.0000,PATROL,0,0,0
183.145,0.0344,0.1000,PATROL,0,0,0
183.179,0.0339,0.0000,PATROL,0,0,0
183.213,0.0340,0.0000,PATROL,0,0,0
183.247,0.0339,0.1000,PATROL,0,0,0
183.281,0.0341,0.0000,PATROL,0,0,0
183.315,0.0338,0.0000,PATROL,0,0,0
183.349,0.0342,0.1000,PATROL,0,0,0
183.383,0.0339,0.0000,PATROL,0,0,0
183.417,0.0338,0.0000,PATROL,0,0,0
183.452,0.0346,0.1000,PATROL,0,0,0
183.485,0.0337,0.0000,PATROL,0,0,0
183.519,0.0342,0.0000,PATROL,0,0,0
183.553,0.0337,0.1000,PATROL,0,0,0
183.587,0.0341,0.0000,PATROL,0,0,0
183.621,0.0341,0.0000,PATROL,0,0,0
183.656,0.0343,0.1000,PATROL,0,0,0
183.690,0.0342,0.0000,PATROL,0,0,0
183.723,0.0335,0.0000,PATROL,0,0,0
183.757,0.0340,0.1000,PATROL,0,0,0
183.791,0.0341,0.0000,PATROL,0,0,0
183.825,0.0339,0.1000,PATROL,0,0,0
183.859,0.0342,0.0000,PATROL,0,0,0
183.893,0.0340,0.0000,PATROL,0,0,0
183.927,0.0339,0.1000,PATROL,0,0,0
183.961,0.0340,0.0000,PATROL,0,0,0
183.996,0.0351,0.0000,PATROL,0,0,0
184.029,0.0330,0.1000,PATROL,0,0,0
184.064,0.0343,0.0000,PATROL,0,0,0
184.098,0.0340,0.0000,PATROL,0,0,0
184.132,0.0340,0.1000,PATROL,0,0,0
184.166,0.0343,0.0000,PATROL,0,0,0
184.200,0.0341,0.0000,PATROL,0,0,0
184.234,0.0340,0.1000,PATROL,0,0,0
184.268,0.0341,0.0000,PATROL,0,0,0
184.302,0.0340,0.0000,PATROL,0,0,0
184.337,0.0345,0.1000,PATROL,0,0,0
184.370,0.0336,0.0000,PATROL,0,0,0
184.404,0.0341,0.0000,PATROL,0,0,0
184.438,0.0335,0.1000,PATROL,0,0,0
184.473,0.0345,0.0000,PATROL,0,0,0
184.506,0.0337,0.0000,PATROL,0,0,0
184.540,0.0342,0.1000,PATROL,0,0,0
184.575,0.0341,0.0000,PATROL,0,0,0
184.610,0.0356,0.0000,PATROL,0,0,0
184.642,0.0321,0.1000,PATROL,0,0,0
184.676,0.0341,0.0000,PATROL,0,0,0
184.710,0.0341,0.0000,PATROL,0,0,0
184.744,0.0339,0.1000,PATROL,0,0,0
184.778,0.0340,0.0000,PATROL,0,0,0
184.812,0.0337,0.0000,PATROL,0,0,0
184.846,0.0343,0.1000,PATROL,0,0,0
184.880,0.0341,0.0000,PATROL,0,0,0
184.914,0.0338,0.0000,PATROL,0,0,0
184.948,0.0341,0.1000,PATROL,0,0,0
184.982,0.0339,0.0000,PATROL,0,0,0
185.016,0.0341,0.0000,PATROL,0,0,0
185.050,0.0341,0.1000,PATROL,0,0,0
185.085,0.0341,0.0000,PATROL,0,0,0
185.118,0.0337,0.0000,PATROL,0,0,0
185.152,0.0342,0.1000,PATROL,0,0,0
185.187,0.0341,0.0000,PATROL,0,0,0
185.220,0.0338,0.0000,PATROL,0,0,0
185.255,0.0342,0.1000,PATROL,0,0,0
185.289,0.0342,0.0000,PATROL,0,0,0
185.322,0.0336,0.0000,PATROL,0,0,0
185.356,0.0342,0.1000,PATROL,0,0,0
185.390,0.0340,0.0000,PATROL,0,0,0
185.425,0.0341,0.0000,PATROL,0,0,0
185.458,0.0336,0.1000,PATROL,0,0,0
185.492,0.0341,0.0000,PATROL,0,0,0
185.526,0.0338,0.1000,PATROL,0,0,0
185.560,0.0342,0.0000,PATROL,0,0,0
185.595,0.0344,0.0000,PATROL,0,0,0
185.628,0.0334,0.1000,PATROL,0,0,0
185.662,0.0342,0.0000,PATROL,0,0,0
185.697,0.0346,0.0000,PATROL,0,0,0
185.730,0.0332,0.1000,PATROL,0,0,0
185.765,0.0347,0.0000,PATROL,0,0,0
185.798,0.0333,0.0000,PATROL,0,0,0
185.832,0.0340,0.1000,PATROL,0,0,0
185.866,0.0339,0.0000,PATROL,0,0,0
185.901,0.0343,0.0000,PATROL,0,0,0
185.934,0.0337,0.1000,PATROL,0,0,0
185.969,0.0346,0.0000,PATROL,0,0,0
186.003,0.0338,0.0000,PATROL,0,0,0
186.037,0.0340,0.1000,PATROL,0,0,0
186.071,0.0339,0.0000,PATROL,0,0,0
186.105,0.0340,0.0000,PATROL,0,0,0
186.138,0.0338,0.1000,PATROL,0,0,0
186.173,0.0347,0.0000,PATROL,0,0,0
186.207,0.0336,0.0000,PATROL,0,0,0
186.241,0.0340,0.1000,PATROL,0,0,0
186.275,0.0342,0.0000,PATROL,0,0,0
186.309,0.0340,0.0000,PATROL,0,0,0
186.343,0.0336,0.1000,PATROL,0,0,0
186.376,0.0339,0.0000,PATROL,0,0,0
186.410,0.0338,0.0000,PATROL,0,0,0
186.444,0.0342,0.1000,PATROL,0,0,0
186.478,0.0339,0.0000,PATROL,0,0,0
186.512,0.0339,0.0000,PATROL,0,0,0
186.546,0.0342,0.1000,PATROL,0,0,0
186.580,0.0340,0.0000,PATROL,0,0,0
186.615,0.0341,0.0000,PATROL,0,0,0
186.649,0.0343,0.1000,PATROL,0,0,0
186.683,0.0341,0.0000,PATROL,0,0,0
186.717,0.0342,0.0000,PATROL,0,0,0
186.751,0.0339,0.1000,PATROL,0,0,0
186.785,0.0342,0.0000,PATROL,0,0,0
186.819,0.0340,0.0000,PATROL,0,0,0
186.853,0.0340,0.1000,PATROL,0,0,0
186.888,0.0343,0.0000,PATROL,0,0,0
186.922,0.0340,0.0000,PATROL,0,0,0
186.956,0.0342,0.1000,PATROL,0,0,0
186.990,0.0340,0.0000,PATROL,0,0,0
187.024,0.0339,0.0000,PATROL,0,0,0
187.058,0.0349,0.1000,PATROL,0,0,0
187.091,0.0329,0.0000,PATROL,0,0,0
187.125,0.0341,0.0000,PATROL,0,0,0
187.159,0.0338,0.1000,PATROL,0,0,0
187.194,0.0343,0.0000,PATROL,0,0,0
187.228,0.0339,0.1000,PATROL,0,0,0
187.262,0.0343,0.0000,PATROL,0,0,0
187.296,0.0342,0.0000,PATROL,0,0,0
187.330,0.0335,0.1000,PATROL,0,0,0
187.364,0.0340,0.0000,PATROL,0,0,0
187.398,0.0340,0.0000,PATROL,0,0,0
187.432,0.0341,0.1000,PATROL,0,0,0
187.466,0.0339,0.0000,PATROL,0,0,0
187.500,0.0341,0.0000,PATROL,0,0,0
187.534,0.0340,0.1000,PATROL,0,0,0
187.568,0.0343,0.0000,PATROL,0,0,0
187.602,0.0338,0.0000,PATROL,0,0,0
187.636,0.0342,0.1000,PATROL,0,0,0
187.670,0.0342,0.0000,PATROL,0,0,0
187.704,0.0337,0.0000,PATROL,0,0,0
187.738,0.0339,0.1000,PATROL,0,0,0
187.773,0.0346,0.0000,PATROL,0,0,0
187.806,0.0335,0.0000,PATROL,0,0,0
187.840,0.0344,0.1000,PATROL,0,0,0
187.874,0.0337,0.0000,PATROL,0,0,0
187.908,0.0339,0.0000,PATROL,0,0,0
187.942,0.0343,0.1000,PATROL,0,0,0
187.976,0.0341,0.0000,PATROL,0,0,0
188.010,0.0335,0.0000,PATROL,0,0,0
188.044,0.0342,0.1000,PATROL,0,0,0
188.079,0.0348,0.0000,PATROL,0,0,0
188.112,0.0335,0.0000,PATROL,0,0,0
188.146,0.0337,0.1000,PATROL,0,0,0
188.180,0.0341,0.0000,PATROL,0,0,0
188.214,0.0341,0.0000,PATROL,0,0,0
188.248,0.0338,0.1000,PATROL,0,0,0
188.282,0.0341,0.0000,PATROL,0,0,0
188.316,0.0339,0.0000,PATROL,0,0,0
188.350,0.0342,0.1000,PATROL,0,0,0
188.384,0.0342,0.0000,PATROL,0,0,0
188.418,0.0337,0.0000,PATROL,0,0,0
188.452,0.0342,0.1000,PATROL,0,0,0
188.486,0.0341,0.0000,PATROL,0,0,0
188.520,0.0338,0.0000,PATROL,0,0,0
188.554,0.0342,0.1000,PATROL,0,0,0
188.588,0.0340,0.0000,PATROL,0,0,0
188.622,0.0338,0.0000,PATROL,0,0,0
188.657,0.0345,0.1000,PATROL,0,0,0
188.690,0.0337,0.0000,PATROL,0,0,0
188.724,0.0341,0.0000,PATROL,0,0,0
188.759,0.0341,0.1000,PATROL,0,0,0
188.793,0.0340,0.0000,PATROL,0,0,0
188.827,0.0344,0.0000,PATROL,0,0,0
188.861,0.0337,0.1000,PATROL,0,0,0
188.895,0.0343,0.0000,PATROL,0,0,0
188.929,0.0337,0.1000,PATROL,0,0,0
188.963,0.0343,0.0000,PATROL,0,0,0
188.997,0.0338,0.0000,PATROL,0,0,0
189.031,0.0337,0.1000,PATROL,0,0,0
189.065,0.0340,0.0000,PATROL,0,0,0
189.099,0.0344,0.0000,PATROL,0,0,0
189.133,0.0335,0.1000,PATROL,0,0,0
189.167,0.0340,0.0000,PATROL,0,0,0
189.202,0.0353,0.0000,PATROL,0,0,0
189.235,0.0327,0.1000,PATROL,0,0,0
189.269,0.0343,0.0000,PATROL,0,0,0
189.303,0.0341,0.0000,PATROL,0,0,0
189.337,0.0337,0.1000,PATROL,0,0,0
189.371,0.0340,0.0000,PATROL,0,0,0
189.405,0.0343,0.0000,PATROL,0,0,0
189.439,0.0339,0.1000,PATROL,0,0,0
189.474,0.0350,0.0000,PATROL,0,0,0
189.507,0.0333,0.0000,PATROL,0,0,0
189.541,0.0339,0.1000,PATROL,0,0,0
189.575,0.0343,0.0000,PATROL,0,0,0
189.609,0.0340,0.0000,PATROL,0,0,0
189.643,0.0336,0.1000,PATROL,0,0,0
189.677,0.0342,0.0000,PATROL,0,0,0
189.711,0.0339,0.0000,PATROL,0,0,0
189.745,0.0340,0.1000,PATROL,0,0,0
189.779,0.0340,0.0000,PATROL,0,0,0
189.813,0.0340,0.0000,PATROL,0,0,0
189.847,0.0341,0.1000,PATROL,0,0,0
189.881,0.0339,0.0000,PATROL,0,0,0
189.915,0.0340,0.0000,PATROL,0,0,0
189.949,0.0340,0.1000,PATROL,0,0,0
189.983,0.0342,0.0000,PATROL,0,0,0
190.017,0.0340,0.0000,PATROL,0,0,0
190.051,0.0340,0.1000,PATROL,0,0,0
190.085,0.0341,0.0000,PATROL,0,0,0
190.119,0.0341,0.0000,PATROL,0,0,0
190.153,0.0338,0.1000,PATROL,0,0,0
190.187,0.0342,0.0000,PATROL,0,0,0
190.221,0.0340,0.0000,PATROL,0,0,0
190.255,0.0341,0.1000,PATROL,0,0,0
190.289,0.0341,0.0000,PATROL,0,0,0
190.323,0.0336,0.0000,PATROL,0,0,0
190.357,0.0343,0.1000,PATROL,0,0,0
190.391,0.0340,0.0000,PATROL,0,0,0
190.425,0.0339,0.0000,PATROL,0,0,0
190.459,0.0342,0.1000,PATROL,0,0,0
190.493,0.0341,0.0000,PATROL,0,0,0
190.527,0.0338,0.0000,PATROL,0,0,0
190.561,0.0342,0.1000,PATROL,0,0,0
190.595,0.0339,0.0000,PATROL,0,0,0
190.629,0.0338,0.1000,PATROL,0,0,0
190.663,0.0343,0.0000,PATROL,0,0,0
190.698,0.0342,0.0000,PATROL,0,0,0
190.731,0.0337,0.1000,PATROL,0,0,0
190.765,0.0341,0.0000,PATROL,0,0,0
190.800,0.0341,0.0000,PATROL,0,0,0
190.833,0.0338,0.1000,PATROL,0,0,0
190.867,0.0340,0.0000,PATROL,0,0,0
190.901,0.0339,0.0000,PATROL,0,0,0
190.935,0.0341,0.1000,PATROL,0,0,0
190.969,0.0340,0.0000,PATROL,0,0,0
191.003,0.0340,0.0000,PATROL,0,0,0
191.037,0.0338,0.1000,PATROL,0,0,0
191.072,0.0344,0.0000,PATROL,0,0,0
191.107,0.0351,0.0000,PATROL,0,0,0
191.140,0.0328,0.1000,PATROL,0,0,0
191.174,0.0342,0.0000,PATROL,0,0,0
191.208,0.0341,0.0000,PATROL,0,0,0
191.242,0.0342,0.1000,PATROL,0,0,0
191.276,0.0343,0.0000,PATROL,0,0,0
191.310,0.0334,0.0000,PATROL,0,0,0
191.344,0.0342,0.1000,PATROL,0,0,0
191.379,0.0352,0.0000,PATROL,0,0,0
191.412,0.0330,0.0000,PATROL,0,0,0
191.446,0.0339,0.1000,PATROL,0,0,0
191.480,0.0344,0.0000,PATROL,0,0,0
191.514,0.0335,0.0000,PATROL,0,0,0
191.548,0.0340,0.1000,PATROL,0,0,0
191.582,0.0339,0.0000,PATROL,0,0,0
191.616,0.0343,0.0000,PATROL,0,0,0
191.650,0.0337,0.1000,PATROL,0,0,0
191.684,0.0342,0.0000,PATROL,0,0,0
191.718,0.0340,0.0000,PATROL,0,0,0
191.752,0.0340,0.1000,PATROL,0,0,0
191.786,0.0344,0.0000,PATROL,0,0,0
191.820,0.0338,0.0000,PATROL,0,0,0
191.854,0.0340,0.1000,PATROL,0,0,0
191.889,0.0346,0.0000,PATROL,0,0,0
191.922,0.0334,0.0000,PATROL,0,0,0
191.956,0.0340,0.1000,PATROL,0,0,0
191.990,0.0340,0.0000,PATROL,0,0,0
192.024,0.0340,0.0000,PATROL,0,0,0
192.058,0.0341,0.1000,PATROL,0,0,0
192.092,0.0340,0.0000,PATROL,0,0,0
192.126,0.0340,0.0000,PATROL,0,0,0
192.160,0.0341,0.1000,PATROL,0,0,0
192.194,0.0341,0.0000,PATROL,0,0,0
192.229,0.0343,0.0000,PATROL,0,0,0
192.262,0.0336,0.1000,PATROL,0,0,0
192.296,0.0343,0.0000,PATROL,0,0,0
192.330,0.0338,0.1000,PATROL,0,0,0
192.364,0.0341,0.0000,PATROL,0,0,0
192.399,0.0345,0.0000,PATROL,0,0,0
192.432,0.0335,0.1000,PATROL,0,0,0
192.467,0.0346,0.0000,PATROL,0,0,0
192.501,0.0342,0.0000,PATROL,0,0,0
192.535,0.0334,0.1000,PATROL,0,0,0
192.569,0.0343,0.0000,PATROL,0,0,0
192.603,0.0336,0.0000,PATROL,0,0,0
192.636,0.0340,0.1000,PATROL,0,0,0
192.670,0.0340,0.0000,PATROL,0,0,0
192.705,0.0349,0.0000,PATROL,0,0,0
192.738,0.0330,0.1000,PATROL,0,0,0
192.773,0.0342,0.0000,PATROL,0,0,0
192.807,0.0340,0.0000,PATROL,0,0,0
192.841,0.0341,0.1000,PATROL,0,0,0
192.875,0.0341,0.0000,PATROL,0,0,0
192.909,0.0339,0.0000,PATROL,0,0,0
192.943,0.0341,0.1000,PATROL,0,0,0
192.978,0.0350,0.0000,PATROL,0,0,0
193.011,0.0330,0.0000,PATROL,0,0,0
193.045,0.0338,0.1000,PATROL,0,0,0
193.079,0.0342,0.0000,PATROL,0,0,0
193.113,0.0340,0.0000,PATROL,0,0,0
193.147,0.0340,0.1000,PATROL,0,0,0
193.181,0.0338,0.0000,PATROL,0,0,0
193.215,0.0339,0.0000,PATROL,0,0,0
193.249,0.0344,0.1000,PATROL,0,0,0
193.283,0.0340,0.0000,PATROL,0,0,0
193.317,0.0341,0.0000,PATROL,0,0,0
193.351,0.0337,0.1000,PATROL,0,0,0
193.385,0.0340,0.0000,PATROL,0,0,0
193.419,0.0341,0.0000,PATROL,0,0,0
193.453,0.0341,0.1000,PATROL,0,0,0
193.487,0.0340,0.0000,PATROL,0,0,0
193.521,0.0342,0.0000,PATROL,0,0,0
193.555,0.0339,0.1000,PATROL,0,0,0
193.589,0.0340,0.0000,PATROL,0,0,0
193.623,0.0340,0.0000,PATROL,0,0,0
193.657,0.0341,0.1000,PATROL,0,0,0
193.691,0.0340,0.0000,PATROL,0,0,0
193.725,0.0338,0.0000,PATROL,0,0,0
193.759,0.0342,0.1000,PATROL,0,0,0
193.793,0.0339,0.0000,PATROL,0,0,0
193.827,0.0341,0.0000,PATROL,0,0,0
193.861,0.0339,0.1000,PATROL,0,0,0
193.896,0.0344,0.0000,PATROL,0,0,0
193.929,0.0339,0.0000,PATROL,0,0,0
193.963,0.0337,0.1000,PATROL,0,0,0
193.997,0.0341,0.0000,PATROL,0,0,0
194.031,0.0337,0.1000,PATROL,0,0,0
194.065,0.0343,0.0000,PATROL,0,0,0
194.099,0.0340,0.0000,PATROL,0,0,0
194.133,0.0339,0.1000,PATROL,0,0,0
194.168,0.0343,0.0000,PATROL,0,0,0
194.201,0.0336,0.0000,PATROL,0,0,0
194.235,0.0340,0.1000,PATROL,0,0,0
194.269,0.0340,0.0000,PATROL,0,0,0
194.304,0.0343,0.0000,PATROL,0,0,0
194.337,0.0338,0.1000,PATROL,0,0,0
194.372,0.0344,0.0000,PATROL,0,0,0
194.405,0.0336,0.0000,PATROL,0,0,0
194.440,0.0344,0.1000,PATROL,0,0,0
194.474,0.0339,0.0000,PATROL,0,0,0
194.508,0.0341,0.0000,PATROL,0,0,0
194.541,0.0336,0.1000,PATROL,0,0,0
194.576,0.0344,0.0000,PATROL,0,0,0
194.609,0.0337,0.0000,PATROL,0,0,0
194.644,0.0340,0.1000,PATROL,0,0,0
194.678,0.0345,0.0000,PATROL,0,0,0
194.711,0.0334,0.0000,PATROL,0,0,0
194.745,0.0338,0.1000,PATROL,0,0,0
194.779,0.0342,0.0000,PATROL,0,0,0
194.813,0.0338,0.0000,PATROL,0,0,0
194.847,0.0341,0.1000,PATROL,0,0,0
194.882,0.0349,0.0000,PATROL,0,0,0
194.916,0.0334,0.0000,PATROL,0,0,0
194.950,0.0340,0.1000,PATROL,0,0,0
194.984,0.0339,0.0000,PATROL,0,0,0
195.018,0.0341,0.0000,PATROL,0,0,0
195.052,0.0340,0.1000,PATROL,0,0,0
195.086,0.0340,0.0000,PATROL,0,0,0
195.120,0.0344,0.0000,PATROL,0,0,0
195.154,0.0337,0.1000,PATROL,0,0,0
195.188,0.0341,0.0000,PATROL,0,0,0
195.222,0.0341,0.0000,PATROL,0,0,0
195.256,0.0341,0.1000,PATROL,0,0,0
195.290,0.0341,0.0000,PATROL,0,0,0
195.324,0.0336,0.0000,PATROL,0,0,0
195.358,0.0341,0.1000,PATROL,0,0,0
195.393,0.0355,0.0000,PATROL,0,0,0
195.426,0.0324,0.0000,PATROL,0,0,0
195.460,0.0342,0.1000,PATROL,0,0,0
195.494,0.0339,0.0000,PATROL,0,0,0
195.528,0.0342,0.0000,PATROL,0,0,0
195.562,0.0344,0.1000,PATROL,0,0,0
195.596,0.0334,0.0000,PATROL,0,0,0
195.630,0.0342,0.0000,PATROL,0,0,0
195.664,0.0341,0.1000,PATROL,0,0,0
195.698,0.0343,0.0000,PATROL,0,0,0
195.732,0.0335,0.1000,PATROL,0,0,0
195.766,0.0340,0.0000,PATROL,0,0,0
195.800,0.0342,0.0000,PATROL,0,0,0
195.834,0.0339,0.1000,PATROL,0,0,0
195.868,0.0341,0.0000,PATROL,0,0,0
195.902,0.0341,0.0000,PATROL,0,0,0
195.936,0.0339,0.1000,PATROL,0,0,0
195.970,0.0341,0.0000,PATROL,0,0,0
196.004,0.0341,0.0000,PATROL,0,0,0
196.038,0.0341,0.1000,PATROL,0,0,0
196.073,0.0342,0.0000,PATROL,0,0,0
196.106,0.0335,0.0000,PATROL,0,0,0
196.140,0.0341,0.1000,PATROL,0,0,0
196.174,0.0341,0.0000,PATROL,0,0,0
196.209,0.0351,0.0000,PATROL,0,0,0
196.242,0.0326,0.1000,PATROL,0,0,0
196.277,0.0345,0.0000,PATROL,0,0,0
196.310,0.0336,0.0000,PATROL,0,0,0
196.344,0.0340,0.1000,PATROL,0,0,0
196.379,0.0349,0.0000,PATROL,0,0,0
198.037,1.6578,1.7000,PATROL,1,0,0
198.037,0.0003,0.0000,PATROL,0,0,0
198.037,0.0002,0.0000,PATROL,0,0,0
198.038,0.0002,0.0000,PATROL,0,0,0
198.038,0.0002,0.0000,PATROL,0,0,0
198.038,0.0001,0.0000,PATROL,0,0,0
198.038,0.0002,0.0000,PATROL,0,0,0
198.038,0.0001,0.0000,PATROL,0,0,0
198.038,0.0001,0.0000,PATROL,0,0,0
198.038,0.0001,0.0000,PATROL,0,0,0
198.045,0.0066,0.0000,PATROL,0,0,0
198.080,0.0351,0.0000,PATROL,0,0,0
198.113,0.0333,0.0000,PATROL,0,0,0
198.147,0.0338,0.1000,PATROL,0,0,0
198.181,0.0339,0.0000,PATROL,0,0,0
198.215,0.0339,0.0000,PATROL,0,0,0
198.249,0.0340,0.1000,PATROL,0,0,0
198.284,0.0344,0.0000,PATROL,0,0,0
198.317,0.0338,0.0000,PATROL,0,0,0
198.351,0.0340,0.1000,PATROL,0,0,0
198.386,0.0344,0.0000,PATROL,0,0,0
198.419,0.0337,0.0000,PATROL,0,0,0
198.453,0.0341,0.1000,PATROL,0,0,0
198.488,0.0342,0.0000,PATROL,0,0,0
198.522,0.0343,0.0000,PATROL,0,0,0
198.555,0.0336,0.1000,PATROL,0,0,0
198.590,0.0340,0.0000,PATROL,0,0,0
198.624,0.0343,0.0000,PATROL,0,0,0
198.658,0.0341,0.1000,PATROL,0,0,0
198.692,0.0337,0.0000,PATROL,0,0,0
198.726,0.0339,0.0000,PATROL,0,0,0
198.760,0.0341,0.1000,PATROL,0,0,0
198.794,0.0340,0.0000,PATROL,0,0,0
198.828,0.0340,0.0000,PATROL,0,0,0
198.862,0.0340,0.1000,PATROL,0,0,0
198.896,0.0339,0.0000,PATROL,0,0,0
198.930,0.0341,0.0000,PATROL,0,0,0
198.964,0.0338,0.1000,PATROL,0,0,0
198.998,0.0345,0.0000,PATROL,0,0,0
199.032,0.0336,0.0000,PATROL,0,0,0
199.066,0.0341,0.1000,PATROL,0,0,0
199.100,0.0343,0.0000,PATROL,0,0,0
199.134,0.0336,0.1000,PATROL,0,0,0
199.168,0.0344,0.0000,PATROL,0,0,0
199.202,0.0339,0.0000,PATROL,0,0,0
199.236,0.0338,0.1000,PATROL,0,0,0
199.270,0.0344,0.0000,PATROL,0,0,0
199.304,0.0338,0.0000,PATROL,0,0,0
199.338,0.0340,0.1000,PATROL,0,0,0
199.372,0.0342,0.0000,PATROL,0,0,0
199.406,0.0341,0.0000,PATROL,0,0,0
199.440,0.0338,0.1000,PATROL,0,0,0
199.474,0.0341,0.0000,PATROL,0,0,0
199.509,0.0347,0.0000,PATROL,0,0,0
199.542,0.0332,0.1000,PATROL,0,0,0
199.576,0.0344,0.0000,PATROL,0,0,0
199.610,0.0337,0.0000,PATROL,0,0,0
199.644,0.0342,0.1000,PATROL,0,0,0
199.678,0.0341,0.0000,PATROL,0,0,0
199.712,0.0337,0.0000,PATROL,0,0,0
199.746,0.0341,0.1000,PATROL,0,0,0
199.781,0.0347,0.0000,PATROL,0,0,0
199.814,0.0334,0.0000,PATROL,0,0,0
199.848,0.0339,0.1000,PATROL,0,0,0
199.882,0.0341,0.0000,PATROL,0,0,0
199.916,0.0338,0.0000,PATROL,0,0,0
199.950,0.0343,0.1000,PATROL,0,0,0
199.984,0.0341,0.0000,PATROL,0,0,0
200.018,0.0337,0.0000,PATROL,0,0,0
200.052,0.0339,0.1000,PATROL,0,0,0
200.086,0.0340,0.0000,PATROL,0,0,0
200.120,0.0342,0.0000,PATROL,0,0,0
200.155,0.0342,0.1000,PATROL,0,0,0
200.188,0.0336,0.0000,PATROL,0,0,0
200.222,0.0341,0.0000,PATROL,0,0,0
200.256,0.0341,0.1000,PATROL,0,0,0
200.290,0.0339,0.0000,PATROL,0,0,0
200.324,0.0340,0.0000,PATROL,0,0,0
200.358,0.0341,0.1000,PATROL,0,0,0
200.392,0.0339,0.0000,PATROL,0,0,0
200.426,0.0339,0.0000,PATROL,0,0,0
200.460,0.0340,0.1000,PATROL,0,0,0
200.495,0.0346,0.0000,PATROL,0,0,0
200.529,0.0336,0.0000,PATROL,0,0,0
200.562,0.0338,0.1000,PATROL,0,0,0
200.596,0.0341,0.0000,PATROL,0,0,0
200.630,0.0341,0.0000,PATROL,0,0,0
200.665,0.0341,0.1000,PATROL,0,0,0
200.698,0.0339,0.0000,PATROL,0,0,0
200.733,0.0341,0.0000,PATROL,0,0,0
200.767,0.0340,0.1000,PATROL,0,0,0
200.801,0.0343,0.0000,PATROL,0,0,0
200.835,0.0337,0.1000,PATROL,0,0,0
200.869,0.0342,0.0000,PATROL,0,0,0
200.903,0.0340,0.0000,PATROL,0,0,0
200.937,0.0338,0.1000,PATROL,0,0,0
200.971,0.0345,0.0000,PATROL,0,0,0
201.005,0.0339,0.0000,PATROL,0,0,0
201.039,0.0336,0.1000,PATROL,0,0,0
201.074,0.0354,0.0000,PATROL,0,0,0
201.107,0.0331,0.0000,PATROL,0,0,0
201.141,0.0339,0.1000,PATROL,0,0,0
201.175,0.0338,0.0000,PATROL,0,0,0
201.209,0.0346,0.0000,PATROL,0,0,0
201.243,0.0339,0.1000,PATROL,0,0,0
201.277,0.0339,0.0000,PATROL,0,0,0
201.311,0.0338,0.0000,PATROL,0,0,0
201.345,0.0341,0.1000,PATROL,0,0,0
201.379,0.0339,0.0000,PATROL,0,0,0
201.413,0.0340,0.0000,PATROL,0,0,0
201.447,0.0340,0.1000,PATROL,0,0,0
201.481,0.0342,0.0000,PATROL,0,0,0
201.515,0.0341,0.0000,PATROL,0,0,0
201.549,0.0336,0.1000,PATROL,0,0,0
201.583,0.0343,0.0000,PATROL,0,0,0
201.617,0.0341,0.0000,PATROL,0,0,0
201.651,0.0340,0.1000,PATROL,0,0,0
201.685,0.0340,0.0000,PATROL,0,0,0
201.719,0.0337,0.0000,PATROL,0,0,0
201.753,0.0340,0.1000,PATROL,0,0,0
201.787,0.0340,0.0000,PATROL,0,0,0
201.821,0.0340,0.0000,PATROL,0,0,0
201.855,0.0341,0.1000,PATROL,0,0,0
201.889,0.0340,0.0000,PATROL,0,0,0
201.923,0.0340,0.0000,PATROL,0,0,0
201.957,0.0343,0.1000,PATROL,0,0,0
201.991,0.0338,0.0000,PATROL,0,0,0
202.025,0.0340,0.0000,PATROL,0,0,0
202.060,0.0342,0.1000,PATROL,0,0,0
202.093,0.0338,0.0000,PATROL,0,0,0
202.127,0.0339,0.0000,PATROL,0,0,0
202.161,0.0342,0.1000,PATROL,0,0,0
202.195,0.0342,0.0000,PATROL,0,0,0
202.230,0.0341,0.0000,PATROL,0,0,0
202.263,0.0339,0.1000,PATROL,0,0,0
202.297,0.0339,0.0000,PATROL,0,0,0
202.331,0.0341,0.0000,PATROL,0,0,0
202.366,0.0341,0.1000,PATROL,0,0,0
202.400,0.0345,0.0000,PATROL,0,0,0
202.434,0.0335,0.0000,PATROL,0,0,0
202.468,0.0340,0.1000,PATROL,0,0,0
202.502,0.0346,0.0000,PATROL,0,0,0
202.535,0.0334,0.1000,PATROL,0,0,0
202.569,0.0340,0.0000,PATROL,0,0,0
202.604,0.0342,0.0000,PATROL,0,0,0
202.637,0.0337,0.1000,PATROL,0,0,0
202.672,0.0342,0.0000,PATROL,0,0,0
202.706,0.0340,0.0000,PATROL,0,0,0
202.741,0.0349,0.1000,PATROL,0,0,0
202.774,0.0334,0.0000,PATROL,0,0,0
202.808,0.0336,0.0000,PATROL,0,0,0
202.842,0.0340,0.1000,PATROL,0,0,0
202.876,0.0344,0.0000,PATROL,0,0,0
202.910,0.0335,0.0000,PATROL,0,0,0
202.944,0.0341,0.1000,PATROL,0,0,0
202.978,0.0344,0.0000,PATROL,0,0,0
203.012,0.0343,0.0000,PATROL,0,0,0
203.046,0.0336,0.1000,PATROL,0,0,0
203.080,0.0343,0.0000,PATROL,0,0,0
203.114,0.0340,0.0000,PATROL,0,0,0
203.148,0.0336,0.1000,PATROL,0,0,0
203.182,0.0347,0.0000,PATROL,0,0,0
203.216,0.0335,0.0000,PATROL,0,0,0
203.250,0.0340,0.1000,PATROL,0,0,0
203.284,0.0339,0.0000,PATROL,0,0,0
203.318,0.0343,0.0000,PATROL,0,0,0
203.352,0.0337,0.1000,PATROL,0,0,0
203.386,0.0342,0.0000,PATROL,0,0,0
203.420,0.0337,0.0000,PATROL,0,0,0
203.454,0.0344,0.1000,PATROL,0,0,0
203.488,0.0337,0.0000,PATROL,0,0,0
203.522,0.0341,0.0000,PATROL,0,0,0
203.556,0.0340,0.1000,PATROL,0,0,0
203.590,0.0344,0.0000,PATROL,0,0,0
203.624,0.0337,0.0000,PATROL,0,0,0
203.658,0.0340,0.1000,PATROL,0,0,0
203.692,0.0340,0.0000,PATROL,0,0,0
203.726,0.0341,0.0000,PATROL,0,0,0
203.760,0.0338,0.1000,PATROL,0,0,0
203.794,0.0344,0.0000,PATROL,0,0,0
203.828,0.0340,0.0000,PATROL,0,0,0
203.862,0.0341,0.1000,PATROL,0,0,0
203.896,0.0339,0.0000,PATROL,0,0,0
203.930,0.0338,0.0000,PATROL,0,0,0
203.964,0.0341,0.1000,PATROL,0,0,0
203.998,0.0339,0.0000,PATROL,0,0,0
204.032,0.0340,0.0000,PATROL,0,0,0
204.066,0.0342,0.1000,PATROL,0,0,0
204.100,0.0339,0.0000,PATROL,0,0,0
204.135,0.0351,0.0000,PATROL,0,0,0
204.169,0.0330,0.1000,PATROL,0,0,0
204.203,0.0345,0.0000,PATROL,0,0,0
204.236,0.0332,0.1000,PATROL,0,0,0
204.270,0.0342,0.0000,PATROL,0,0,0
204.305,0.0345,0.0000,PATROL,0,0,0
204.338,0.0335,0.1000,PATROL,0,0,0
204.372,0.0340,0.0000,PATROL,0,0,0
204.407,0.0348,0.0000,PATROL,0,0,0
204.441,0.0335,0.1000,PATROL,0,0,0
204.474,0.0336,0.0000,PATROL,0,0,0
204.509,0.0344,0.0000,PATROL,0,0,0
204.543,0.0338,0.1000,PATROL,0,0,0
204.577,0.0340,0.0000,PATROL,0,0,0
204.611,0.0340,0.0000,PATROL,0,0,0
204.645,0.0341,0.1000,PATROL,0,0,0
204.679,0.0343,0.0000,PATROL,0,0,0
204.713,0.0341,0.0000,PATROL,0,0,0
204.747,0.0337,0.1000,PATROL,0,0,0
204.781,0.0346,0.0000,PATROL,0,0,0
204.815,0.0337,0.0000,PATROL,0,0,0
204.849,0.0339,0.1000,PATROL,0,0,0
204.884,0.0347,0.0000,PATROL,0,0,0
204.917,0.0335,0.0000,PATROL,0,0,0
204.951,0.0343,0.1000,PATROL,0,0,0
204.985,0.0337,0.0000,PATROL,0,0,0
205.019,0.0337,0.0000,PATROL,0,0,0
205.053,0.0341,0.1000,PATROL,0,0,0
205.087,0.0341,0.0000,PATROL,0,0,0
205.121,0.0340,0.0000,PATROL,0,0,0
205.155,0.0340,0.1000,PATROL,0,0,0
205.189,0.0338,0.0000,PATROL,0,0,0
205.223,0.0342,0.0000,PATROL,0,0,0
205.257,0.0341,0.1000,PATROL,0,0,0
205.291,0.0339,0.0000,PATROL,0,0,0
205.325,0.0342,0.0000,PATROL,0,0,0
205.359,0.0341,0.1000,PATROL,0,0,0
205.393,0.0339,0.0000,PATROL,0,0,0
205.427,0.0342,0.0000,PATROL,0,0,0
205.461,0.0337,0.1000,PATROL,0,0,0
205.495,0.0342,0.0000,PATROL,0,0,0
205.529,0.0339,0.0000,PATROL,0,0,0
205.563,0.0341,0.1000,PATROL,0,0,0
205.597,0.0340,0.0000,PATROL,0,0,0
205.631,0.0339,0.0000,PATROL,0,0,0
205.665,0.0341,0.1000,PATROL,0,0,0
205.699,0.0341,0.0000,PATROL,0,0,0
205.733,0.0340,0.0000,PATROL,0,0,0
205.767,0.0342,0.1000,PATROL,0,0,0
205.801,0.0339,0.0000,PATROL,0,0,0
205.835,0.0338,0.0000,PATROL,0,0,0
205.869,0.0342,0.1000,PATROL,0,0,0
205.904,0.0341,0.0000,PATROL,0,0,0
205.937,0.0336,0.1000,PATROL,0,0,0
205.971,0.0343,0.0000,PATROL,0,0,0
206.006,0.0342,0.0000,PATROL,0,0,0
206.039,0.0336,0.1000,PATROL,0,0,0
206.073,0.0342,0.0000,PATROL,0,0,0
206.108,0.0344,0.0000,PATROL,0,0,0
206.141,0.0335,0.1000,PATROL,0,0,0
206.176,0.0344,0.0000,PATROL,0,0,0
206.209,0.0335,0.0000,PATROL,0,0,0
206.243,0.0342,0.1000,PATROL,0,0,0
206.279,0.0353,0.0000,PATROL,0,0,0
206.311,0.0327,0.0000,PATROL,0,0,0
206.346,0.0343,0.1000,PATROL,0,0,0
206.380,0.0341,0.0000,PATROL,0,0,0
206.414,0.0337,0.0000,PATROL,0,0,0
206.448,0.0341,0.1000,PATROL,0,0,0
206.482,0.0346,0.0000,PATROL,0,0,0
206.516,0.0333,0.0000,PATROL,0,0,0
206.550,0.0340,0.1000,PATROL,0,0,0
206.584,0.0346,0.0000,PATROL,0,0,0
206.618,0.0337,0.0000,PATROL,0,0,0
206.652,0.0338,0.1000,PATROL,0,0,0
206.686,0.0339,0.0000,PATROL,0,0,0
206.720,0.0346,0.0000,PATROL,0,0,0
206.754,0.0339,0.1000,PATROL,0,0,0
206.788,0.0342,0.0000,PATROL,0,0,0
206.822,0.0339,0.0000,PATROL,0,0,0
206.856,0.0337,0.1000,PATROL,0,0,0
206.890,0.0339,0.0000,PATROL,0,0,0
206.924,0.0340,0.0000,PATROL,0,0,0
206.958,0.0342,0.1000,PATROL,0,0,0
206.992,0.0336,0.0000,PATROL,0,0,0
207.026,0.0343,0.0000,PATROL,0,0,0
207.060,0.0341,0.1000,PATROL,0,0,0
207.095,0.0346,0.0000,PATROL,0,0,0
207.128,0.0335,0.0000,PATROL,0,0,0
207.162,0.0338,0.1000,PATROL,0,0,0
207.196,0.0340,0.0000,PATROL,0,0,0
207.230,0.0343,0.0000,PATROL,0,0,0
207.264,0.0340,0.1000,PATROL,0,0,0
207.298,0.0340,0.0000,PATROL,0,0,0
207.332,0.0340,0.0000,PATROL,0,0,0
207.366,0.0342,0.1000,PATROL,0,0,0
207.400,0.0338,0.0000,PATROL,0,0,0
207.434,0.0339,0.0000,PATROL,0,0,0
207.468,0.0341,0.1000,PATROL,0,0,0
207.502,0.0343,0.0000,PATROL,0,0,0
207.536,0.0337,0.0000,PATROL,0,0,0
207.570,0.0339,0.1000,PATROL,0,0,0
207.604,0.0341,0.0000,PATROL,0,0,0
207.638,0.0340,0.1000,PATROL,0,0,0
207.672,0.0341,0.0000,PATROL,0,0,0
207.707,0.0343,0.0000,PATROL,0,0,0
207.740,0.0335,0.1000,PATROL,0,0,0
207.775,0.0346,0.0000,PATROL,0,0,0
207.809,0.0344,0.0000,PATROL,0,0,0
207.842,0.0333,0.1000,PATROL,0,0,0
207.877,0.0343,0.0000,PATROL,0,0,0
207.910,0.0336,0.0000,PATROL,0,0,0
207.944,0.0342,0.1000,PATROL,0,0,0
207.978,0.0340,0.0000,PATROL,0,0,0
208.012,0.0340,0.0000,PATROL,0,0,0
208.046,0.0340,0.1000,PATROL,0,0,0
208.080,0.0341,0.0000,PATROL,0,0,0
208.114,0.0340,0.0000,PATROL,0,0,0
208.148,0.0339,0.1000,PATROL,0,0,0
208.183,0.0343,0.0000,PATROL,0,0,0
208.216,0.0334,0.0000,PATROL,0,0,0
208.250,0.0341,0.1000,PATROL,0,0,0
208.286,0.0354,0.0000,PATROL,0,0,0
208.319,0.0333,0.0000,PATROL,0,0,0
208.352,0.0334,0.1000,PATROL,0,0,0
208.387,0.0346,0.0000,PATROL,0,0,0
208.420,0.0334,0.0000,PATROL,0,0,0
208.454,0.0342,0.1000,PATROL,0,0,0
208.489,0.0342,0.0000,PATROL,0,0,0
208.522,0.0337,0.0000,PATROL,0,0,0
208.557,0.0344,0.1000,PATROL,0,0,0
208.590,0.0336,0.0000,PATROL,0,0,0
208.624,0.0340,0.0000,PATROL,0,0,0
208.658,0.0340,0.1000,PATROL,0,0,0
208.692,0.0339,0.0000,PATROL,0,0,0
208.727,0.0342,0.0000,PATROL,0,0,0
208.761,0.0340,0.1000,PATROL,0,0,0
208.794,0.0339,0.0000,PATROL,0,0,0
208.829,0.0343,0.0000,PATROL,0,0,0
208.863,0.0338,0.1000,PATROL,0,0,0
208.897,0.0345,0.0000,PATROL,0,0,0
208.931,0.0338,0.0000,PATROL,0,0,0
208.965,0.0342,0.1000,PATROL,0,0,0
208.999,0.0339,0.0000,PATROL,0,0,0
209.033,0.0341,0.0000,PATROL,0,0,0
209.067,0.0339,0.1000,PATROL,0,0,0
209.101,0.0344,0.0000,PATROL,0,0,0
209.135,0.0338,0.0000,PATROL,0,0,0
209.169,0.0343,0.1000,PATROL,0,0,0
209.203,0.0337,0.0000,PATROL,0,0,0
209.237,0.0341,0.0000,PATROL,0,0,0
209.271,0.0339,0.1000,PATROL,0,0,0
209.305,0.0341,0.0000,PATROL,0,0,0
209.339,0.0339,0.1000,PATROL,0,0,0
209.373,0.0343,0.0000,PATROL,0,0,0
209.408,0.0342,0.0000,PATROL,0,0,0
209.441,0.0335,0.1000,PATROL,0,0,0
209.475,0.0343,0.0000,PATROL,0,0,0
209.510,0.0346,0.0000,PATROL,0,0,0
209.543,0.0332,0.1000,PATROL,0,0,0
209.577,0.0342,0.0000,PATROL,0,0,0
209.611,0.0337,0.0000,PATROL,0,0,0
209.645,0.0342,0.1000,PATROL,0,0,0
209.679,0.0339,0.0000,PATROL,0,0,0
209.713,0.0340,0.0000,PATROL,0,0,0
209.748,0.0343,0.1000,PATROL,0,0,0
209.782,0.0342,0.0000,PATROL,0,0,0
209.815,0.0336,0.0000,PATROL,0,0,0
209.849,0.0341,0.1000,PATROL,0,0,0
209.884,0.0342,0.0000,PATROL,0,0,0
209.918,0.0346,0.0000,PATROL,0,0,0
209.952,0.0335,0.1000,PATROL,0,0,0
209.985,0.0339,0.0000,PATROL,0,0,0
210.020,0.0342,0.0000,PATROL,0,0,0
210.053,0.0338,0.1000,PATROL,0,0,0
210.087,0.0341,0.0000,PATROL,0,0,0
210.121,0.0340,0.0000,PATROL,0,0,0
210.155,0.0339,0.1000,PATROL,0,0,0
210.189,0.0339,0.0000,PATROL,0,0,0
210.223,0.0342,0.0000,PATROL,0,0,0
210.257,0.0338,0.1000,PATROL,0,0,0
210.291,0.0340,0.0000,PATROL,0,0,0
210.326,0.0342,0.0000,PATROL,0,0,0
210.359,0.0338,0.1000,PATROL,0,0,0
210.393,0.0339,0.0000,PATROL,0,0,0
210.427,0.0342,0.0000,PATROL,0,0,0
210.461,0.0341,0.1000,PATROL,0,0,0
210.496,0.0343,0.0000,PATROL,0,0,0
210.530,0.0338,0.0000,PATROL,0,0,0
210.563,0.0338,0.1000,PATROL,0,0,0
210.598,0.0343,0.0000,PATROL,0,0,0
210.631,0.0337,0.0000,PATROL,0,0,0
210.666,0.0344,0.1000,PATROL,0,0,0
210.699,0.0337,0.0000,PATROL,0,0,0
210.733,0.0340,0.0000,PATROL,0,0,0
210.767,0.0341,0.1000,PATROL,0,0,0
210.802,0.0347,0.0000,PATROL,0,0,0
210.836,0.0341,0.0000,PATROL,0,0,0
210.872,0.0359,0.1000,PATROL,0,0,0
210.905,0.0327,0.0000,PATROL,0,0,0
210.938,0.0332,0.0000,PATROL,0,0,0
210.972,0.0338,0.1000,PATROL,0,0,0
211.007,0.0346,0.0000,PATROL,0,0,0
211.040,0.0337,0.1000,PATROL,0,0,0
211.074,0.0338,0.0000,PATROL,0,0,0
211.109,0.0348,0.0000,PATROL,0,0,0
211.142,0.0333,0.1000,PATROL,0,0,0
211.176,0.0341,0.0000,PATROL,0,0,0
211.210,0.0338,0.0000,PATROL,0,0,0
211.244,0.0341,0.1000,PATROL,0,0,0
211.279,0.0346,0.0000,PATROL,0,0,0
211.312,0.0332,0.0000,PATROL,0,0,0
211.346,0.0342,0.1000,PATROL,0,0,0
211.381,0.0345,0.0000,PATROL,0,0,0
211.415,0.0343,0.0000,PATROL,0,0,0
211.448,0.0332,0.1000,PATROL,0,0,0
211.482,0.0339,0.0000,PATROL,0,0,0
211.516,0.0342,0.0000,PATROL,0,0,0
211.550,0.0339,0.1000,PATROL,0,0,0
211.584,0.0340,0.0000,PATROL,0,0,0
211.619,0.0344,0.0000,PATROL,0,0,0
211.653,0.0340,0.1000,PATROL,0,0,0
211.687,0.0349,0.0000,PATROL,0,0,0
211.721,0.0341,0.0000,PATROL,0,0,0
211.755,0.0334,0.1000,PATROL,0,0,0
211.789,0.0343,0.0000,PATROL,0,0,0
211.823,0.0339,0.0000,PATROL,0,0,0
211.857,0.0335,0.1000,PATROL,0,0,0
211.891,0.0341,0.0000,PATROL,0,0,0
211.925,0.0341,0.0000,PATROL,0,0,0
211.959,0.0338,0.1000,PATROL,0,0,0
211.993,0.0340,0.0000,PATROL,0,0,0
212.027,0.0340,0.0000,PATROL,0,0,0
212.061,0.0340,0.1000,PATROL,0,0,0
212.095,0.0343,0.0000,PATROL,0,0,0
212.129,0.0339,0.0000,PATROL,0,0,0
212.163,0.0341,0.1000,PATROL,0,0,0
212.197,0.0346,0.0000,PATROL,0,0,0
212.231,0.0335,0.0000,ALIGN,0,0,0
212.265,0.0338,0.1000,ALIGN,0,0,0
212.299,0.0340,0.0000,ALIGN,0,0,0
212.333,0.0341,0.0000,ALIGN,0,0,0
212.367,0.0340,0.1000,ALIGN,0,0,0
212.401,0.0339,0.0000,ALIGN,0,0,0
212.435,0.0342,0.0000,ALIGN,0,0,0
212.469,0.0338,0.1000,ALIGN,0,0,0
212.503,0.0343,0.0000,ALIGN,0,0,0
212.537,0.0340,0.0000,ALIGN,0,0,0
212.571,0.0341,0.1000,ALIGN,0,0,0
212.605,0.0340,0.0000,ALIGN,0,0,0
212.639,0.0343,0.0000,ALIGN,0,0,0
212.673,0.0333,0.1000,ALIGN,0,0,0
212.707,0.0344,0.0000,ALIGN,0,0,0
212.741,0.0336,0.1000,ALIGN,0,0,0
212.775,0.0342,0.0000,ALIGN,0,0,0
212.809,0.0339,0.0000,ALIGN,0,0,0
212.843,0.0339,0.1000,ALIGN,0,0,0
212.877,0.0343,0.0000,ALIGN,0,0,0
212.911,0.0337,0.0000,ALIGN,0,0,0
212.945,0.0341,0.1000,ALIGN,0,0,0
212.980,0.0346,0.0000,ALIGN,0,0,0
213.013,0.0335,0.0000,ALIGN,0,0,0
213.047,0.0339,0.1000,ALIGN,0,0,0
213.081,0.0346,0.0000,ALIGN,0,0,0
213.115,0.0336,0.0000,ALIGN,0,0,0
213.149,0.0341,0.1000,ALIGN,0,0,0
213.183,0.0339,0.0000,ALIGN,0,0,0
213.217,0.0343,0.0000,ALIGN,0,0,0
213.251,0.0338,0.1000,ALIGN,0,0,0
213.285,0.0343,0.0000,ALIGN,0,0,0
213.319,0.0337,0.0000,ALIGN,0,0,0
213.353,0.0339,0.1000,ALIGN,0,0,0
213.388,0.0348,0.0000,ALIGN,0,0,0
213.421,0.0334,0.0000,ALIGN,0,0,0
213.456,0.0343,0.1000,ALIGN,0,0,0
213.489,0.0336,0.0000,ALIGN,0,0,0
213.523,0.0342,0.0000,APPROACH,0,0,0
213.558,0.0346,0.1000,APPROACH,0,0,0
213.592,0.0335,0.0000,APPROACH,0,0,0
213.625,0.0338,0.0000,APPROACH,0,0,0
213.660,0.0344,0.1000,APPROACH,0,0,0
213.693,0.0334,0.0000,APPROACH,0,0,0
213.728,0.0343,0.0000,APPROACH,0,0,0
213.762,0.0341,0.1000,APPROACH,0,0,0
213.795,0.0339,0.0000,APPROACH,0,0,0
213.830,0.0346,0.0000,APPROACH,0,0,0
213.864,0.0337,0.1000,APPROACH,0,0,0
213.898,0.0339,0.0000,APPROACH,0,0,0
213.932,0.0343,0.0000,APPROACH,0,0,0
213.966,0.0337,0.1000,APPROACH,0,0,0
214.000,0.0339,0.0000,APPROACH,0,0,0
214.034,0.0340,0.0000,APPROACH,0,0,0
214.068,0.0340,0.1000,APPROACH,0,0,0
214.102,0.0344,0.0000,APPROACH,0,0,0
214.136,0.0336,0.0000,APPROACH,0,0,0
214.170,0.0340,0.1000,APPROACH,0,0,0
214.204,0.0341,0.0000,APPROACH,0,0,0
214.238,0.0339,0.0000,APPROACH,0,0,0
214.272,0.0341,0.1000,APPROACH,0,0,0
214.306,0.0342,0.0000,APPROACH,0,0,0
214.340,0.0339,0.0000,APPROACH,0,0,0
214.374,0.0344,0.1000,APPROACH,0,0,0
214.408,0.0337,0.0000,APPROACH,0,0,0
214.442,0.0338,0.1000,APPROACH,0,0,0
214.476,0.0348,0.0000,APPROACH,0,0,0
214.510,0.0336,0.0000,APPROACH,0,0,0
214.544,0.0338,0.1000,APPROACH,0,0,0
214.578,0.0341,0.0000,APPROACH,0,0,0
214.612,0.0343,0.0000,APPROACH,0,0,0
214.646,0.0337,0.1000,APPROACH,0,0,0
214.680,0.0341,0.0000,APPROACH,0,0,0
214.714,0.0338,0.0000,APPROACH,0,0,0
214.748,0.0342,0.1000,APPROACH,0,0,0
214.782,0.0338,0.0000,APPROACH,0,0,0
214.816,0.0339,0.0000,APPROACH,0,0,0
214.850,0.0341,0.1000,APPROACH,0,0,0
214.884,0.0342,0.0000,APPROACH,0,0,0
214.918,0.0341,0.0000,APPROACH,0,0,0
214.952,0.0341,0.1000,APPROACH,0,0,0
214.986,0.0339,0.0000,APPROACH,0,0,0
215.021,0.0341,0.0000,APPROACH,0,0,0
215.054,0.0338,0.1000,APPROACH,0,0,0
215.088,0.0341,0.0000,APPROACH,0,0,0
215.122,0.0340,0.0000,APPROACH,0,0,0
215.157,0.0346,0.1000,APPROACH,0,0,0
215.191,0.0338,0.0000,APPROACH,0,0,0
215.225,0.0339,0.0000,APPROACH,0,0,0
215.258,0.0337,0.1000,APPROACH,0,0,0
215.293,0.0341,0.0000,APPROACH,0,0,0
215.327,0.0342,0.0000,APPROACH,0,0,0
215.360,0.0337,0.1000,APPROACH,0,0,0
215.394,0.0340,0.0000,APPROACH,0,0,0
215.429,0.0343,0.0000,APPROACH,0,0,0
215.462,0.0337,0.1000,APPROACH,0,0,0
215.497,0.0343,0.0000,APPROACH,0,0,0
215.531,0.0341,0.0000,APPROACH,0,0,0
215.565,0.0338,0.1000,APPROACH,0,0,0
215.599,0.0341,0.0000,APPROACH,0,0,0
215.633,0.0341,0.0000,APPROACH,0,0,0
215.667,0.0339,0.1000,APPROACH,0,0,0
215.701,0.0341,0.0000,APPROACH,0,0,0
215.735,0.0340,0.0000,APPROACH,0,0,0
215.769,0.0339,0.1000,APPROACH,0,0,0
215.803,0.0341,0.0000,APPROACH,0,0,0
215.837,0.0339,0.0000,APPROACH,0,0,0
215.871,0.0342,0.1000,APPROACH,0,0,0
215.905,0.0341,0.0000,APPROACH,0,0,0
215.939,0.0339,0.0000,APPROACH,0,0,0
215.973,0.0341,0.1000,APPROACH,0,0,0
216.007,0.0342,0.0000,APPROACH,0,0,0
216.041,0.0338,0.0000,APPROACH,0,0,0
216.075,0.0340,0.1000,APPROACH,0,0,0
216.110,0.0347,0.0000,APPROACH,0,0,0
216.143,0.0333,0.1000,APPROACH,0,0,0
216.177,0.0341,0.0000,APPROACH,0,0,0
216.211,0.0338,0.0000,APPROACH,0,0,0
216.245,0.0341,0.1000,APPROACH,0,0,0
216.279,0.0340,0.0000,APPROACH,0,0,0
216.313,0.0340,0.0000,APPROACH,0,0,0
216.347,0.0342,0.1000,APPROACH,0,0,0
216.381,0.0340,0.0000,APPROACH,0,0,0
216.415,0.0343,0.0000,APPROACH,0,0,0
216.449,0.0337,0.1000,APPROACH,0,0,0
216.483,0.0341,0.0000,APPROACH,0,0,0
216.517,0.0342,0.0000,APPROACH,0,0,0
216.551,0.0337,0.1000,APPROACH,0,0,0
216.585,0.0341,0.0000,APPROACH,0,0,0
216.619,0.0342,0.0000,APPROACH,0,0,0
216.653,0.0339,0.1000,APPROACH,0,0,0
216.687,0.0342,0.0000,APPROACH,0,0,0
216.721,0.0338,0.0000,APPROACH,0,0,0
216.755,0.0339,0.1000,APPROACH,0,0,0
216.790,0.0349,0.0000,APPROACH,0,0,0
216.823,0.0334,0.0000,APPROACH,0,0,0
216.857,0.0340,0.1000,APPROACH,0,0,0
216.892,0.0343,0.0000,APPROACH,0,0,0
216.925,0.0338,0.0000,APPROACH,0,0,0
216.959,0.0339,0.1000,APPROACH,0,0,0
216.993,0.0340,0.0000,APPROACH,0,0,0
217.027,0.0340,0.0000,APPROACH,0,0,0
217.062,0.0344,0.1000,APPROACH,0,0,0
217.096,0.0339,0.0000,APPROACH,0,0,0
217.129,0.0338,0.0000,APPROACH,0,0,0
217.164,0.0342,0.1000,APPROACH,0,0,0
217.198,0.0340,0.0000,APPROACH,0,0,0
217.232,0.0339,0.0000,APPROACH,0,0,0
217.265,0.0338,0.1000,APPROACH,0,0,0
217.299,0.0341,0.0000,APPROACH,0,0,0
217.334,0.0343,0.0000,APPROACH,0,0,0
217.367,0.0337,0.1000,APPROACH,0,0,0
217.402,0.0341,0.0000,APPROACH,0,0,0
217.435,0.0339,0.0000,APPROACH,0,0,0
217.469,0.0340,0.1000,APPROACH,0,0,0
217.503,0.0339,0.0000,APPROACH,0,0,0
217.537,0.0339,0.0000,APPROACH,0,0,0
217.572,0.0344,0.1000,APPROACH,0,0,0
217.606,0.0338,0.0000,APPROACH,0,0,0
217.639,0.0339,0.0000,APPROACH,0,0,0
217.673,0.0341,0.1000,APPROACH,0,0,0
217.708,0.0342,0.0000,APPROACH,0,0,0
217.742,0.0339,0.0000,APPROACH,0,0,0
217.775,0.0337,0.1000,APPROACH,0,0,0
217.810,0.0344,0.0000,APPROACH,0,0,0
217.843,0.0336,0.1000,APPROACH,0,0,0
217.878,0.0343,0.0000,APPROACH,0,0,0
217.911,0.0336,0.0000,APPROACH,0,0,0
217.945,0.0342,0.1000,APPROACH,0,0,0
217.980,0.0346,0.0000,APPROACH,0,0,0
218.014,0.0340,0.0000,APPROACH,0,0,0
218.048,0.0339,0.1000,APPROACH,0,0,0
218.082,0.0343,0.0000,APPROACH,0,0,0
218.116,0.0338,0.0000,APPROACH,0,0,0
218.150,0.0343,0.1000,APPROACH,0,0,0
218.184,0.0338,0.0000,APPROACH,0,0,0
218.218,0.0340,0.0000,APPROACH,0,0,0
218.252,0.0340,0.1000,APPROACH,0,0,0
218.286,0.0343,0.0000,APPROACH,0,0,0
218.320,0.0337,0.0000,APPROACH,0,0,0
218.354,0.0342,0.1000,APPROACH,0,0,0
218.388,0.0341,0.0000,APPROACH,0,0,0
218.422,0.0339,0.0000,APPROACH,0,0,0
218.456,0.0337,0.1000,APPROACH,0,0,0
218.491,0.0346,0.0000,APPROACH,0,0,0
218.525,0.0343,0.0000,APPROACH,0,0,0
218.558,0.0335,0.1000,APPROACH,0,0,0
218.592,0.0341,0.0000,APPROACH,0,0,0
218.626,0.0341,0.0000,APPROACH,0,0,0
218.660,0.0340,0.1000,APPROACH,0,0,0
218.694,0.0340,0.0000,APPROACH,0,0,0
218.728,0.0340,0.0000,APPROACH,0,0,0
218.762,0.0341,0.1000,APPROACH,0,0,0
218.796,0.0339,0.0000,APPROACH,0,0,0
218.830,0.0341,0.0000,APPROACH,0,0,0
218.864,0.0339,0.1000,APPROACH,0,0,0
218.899,0.0342,0.0000,APPROACH,0,0,0
218.932,0.0339,0.0000,APPROACH,0,0,0
218.967,0.0343,0.1000,APPROACH,0,0,0
219.001,0.0337,0.0000,APPROACH,0,0,0
219.035,0.0340,0.0000,PATROL,0,0,0
219.068,0.0339,0.1000,PATROL,0,0,0
219.103,0.0341,0.0000,PATROL,0,0,0
219.136,0.0337,0.0000,PATROL,0,0,0
219.171,0.0344,0.1000,PATROL,0,0,0
219.204,0.0337,0.0000,PATROL,0,0,0
219.238,0.0339,0.0000,PATROL,0,0,0
219.272,0.0340,0.1000,PATROL,0,0,0
219.306,0.0341,0.0000,PATROL,0,0,0
219.341,0.0341,0.0000,PATROL,0,0,0
219.374,0.0339,0.1000,PATROL,0,0,0
219.409,0.0343,0.0000,PATROL,0,0,0
219.443,0.0338,0.0000,PATROL,0,0,0
219.476,0.0338,0.1000,PATROL,0,0,0
219.510,0.0340,0.0000,PATROL,0,0,0
219.544,0.0339,0.1000,PATROL,0,0,0
219.578,0.0341,0.0000,PATROL,0,0,0
219.612,0.0339,0.0000,PATROL,0,0,0
219.646,0.0340,0.1000,PATROL,0,0,0
219.680,0.0341,0.0000,PATROL,0,0,0
219.715,0.0346,0.0000,PATROL,0,0,0
219.749,0.0340,0.1000,PATROL,0,0,0
219.783,0.0340,0.0000,PATROL,0,0,0
219.817,0.0342,0.0000,PATROL,0,0,0
219.851,0.0339,0.1000,PATROL,0,0,0
219.886,0.0347,0.0000,PATROL,0,0,0
219.919,0.0336,0.0000,PATROL,0,0,0
219.954,0.0343,0.1000,PATROL,0,0,0
219.987,0.0339,0.0000,PATROL,0,0,0
220.022,0.0341,0.0000,PATROL,0,0,0
220.055,0.0339,0.1000,PATROL,0,0,0
220.090,0.0342,0.0000,PATROL,0,0,0
220.124,0.0339,0.0000,PATROL,0,0,0
220.157,0.0336,0.1000,PATROL,0,0,0
220.192,0.0343,0.0000,PATROL,0,0,0
220.225,0.0340,0.0000,PATROL,0,0,0
220.260,0.0346,0.1000,PATROL,0,0,0
220.293,0.0333,0.0000,PATROL,0,0,0
220.327,0.0340,0.0000,PATROL,0,0,0
220.362,0.0341,0.1000,PATROL,0,0,0
220.396,0.0340,0.0000,PATROL,0,0,0
220.429,0.0338,0.0000,PATROL,0,0,0
220.463,0.0339,0.1000,PATROL,0,0,0
220.498,0.0343,0.0000,PATROL,0,0,0
220.531,0.0339,0.0000,PATROL,0,0,0
220.566,0.0343,0.1000,PATROL,0,0,0
220.599,0.0337,0.0000,PATROL,0,0,0
220.634,0.0343,0.0000,PATROL,0,0,0
220.668,0.0339,0.1000,PATROL,0,0,0
220.701,0.0336,0.0000,PATROL,0,0,0
220.736,0.0343,0.0000,PATROL,0,0,0
220.769,0.0339,0.1000,PATROL,0,0,0
220.804,0.0341,0.0000,PATROL,0,0,0
220.838,0.0342,0.0000,PATROL,0,0,0
220.872,0.0340,0.1000,PATROL,0,0,0
220.906,0.0339,0.0000,PATROL,0,0,0
220.939,0.0338,0.0000,PATROL,0,0,0
220.974,0.0344,0.1000,PATROL,0,0,0
221.008,0.0340,0.0000,PATROL,0,0,0
221.042,0.0337,0.0000,PATROL,0,0,0
221.076,0.0341,0.1000,PATROL,0,0,0
221.110,0.0344,0.0000,PATROL,0,0,0
221.144,0.0336,0.0000,PATROL,0,0,0
221.177,0.0337,0.1000,PATROL,0,0,0
221.212,0.0343,0.0000,PATROL,0,0,0
221.245,0.0339,0.1000,PATROL,0,0,0
221.280,0.0346,0.0000,PATROL,0,0,0
221.314,0.0340,0.0000,PATROL,0,0,0
221.348,0.0339,0.1000,PATROL,0,0,0
221.383,0.0353,0.0000,PATROL,0,0,0
221.416,0.0329,0.0000,PATROL,0,0,0
221.450,0.0339,0.1000,PATROL,0,0,0
221.484,0.0343,0.0000,PATROL,0,0,0
221.518,0.0340,0.0000,PATROL,0,0,0
221.552,0.0340,0.1000,PATROL,0,0,0
221.587,0.0343,0.0000,PATROL,0,0,0
221.620,0.0336,0.0000,PATROL,0,0,0
221.654,0.0342,0.1000,PATROL,0,0,0
221.688,0.0337,0.0000,PATROL,0,0,0
221.723,0.0345,0.0000,PATROL,0,0,0
221.756,0.0339,0.1000,PATROL,0,0,0
221.790,0.0340,0.0000,PATROL,0,0,0
221.824,0.0340,0.0000,PATROL,0,0,0
221.858,0.0339,0.1000,PATROL,0,0,0
221.893,0.0343,0.0000,PATROL,0,0,0
221.927,0.0344,0.0000,PATROL,0,0,0
221.961,0.0336,0.1000,PATROL,0,0,0
221.994,0.0339,0.0000,PATROL,0,0,0
222.029,0.0341,0.0000,PATROL,0,0,0
222.062,0.0340,0.1000,PATROL,0,0,0
222.097,0.0341,0.0000,PATROL,0,0,0
222.130,0.0339,0.0000,PATROL,0,0,0
222.164,0.0340,0.1000,PATROL,0,0,0
222.199,0.0341,0.0000,PATROL,0,0,0
222.233,0.0341,0.0000,PATROL,0,0,0
222.267,0.0340,0.1000,PATROL,0,0,0
222.301,0.0342,0.0000,PATROL,0,0,0
222.335,0.0340,0.0000,PATROL,0,0,0
222.369,0.0339,0.1000,PATROL,0,0,0
222.403,0.0340,0.0000,PATROL,0,0,0
222.437,0.0344,0.0000,PATROL,0,0,0
222.471,0.0337,0.1000,PATROL,0,0,0
222.505,0.0345,0.0000,PATROL,0,0,0
222.539,0.0335,0.0000,PATROL,0,0,0
222.573,0.0341,0.1000,PATROL,0,0,0
222.607,0.0338,0.0000,PATROL,0,0,0
222.641,0.0341,0.0000,PATROL,0,0,0
222.675,0.0340,0.1000,PATROL,0,0,0
222.709,0.0339,0.0000,PATROL,0,0,0
222.743,0.0342,0.0000,PATROL,0,0,0
222.777,0.0339,0.1000,PATROL,0,0,0
222.811,0.0337,0.0000,PATROL,0,0,0
222.845,0.0343,0.0000,PATROL,0,0,0
222.879,0.0338,0.1000,PATROL,0,0,0
222.913,0.0346,0.0000,PATROL,0,0,0
222.947,0.0337,0.1000,PATROL,0,0,0
222.982,0.0346,0.0000,PATROL,0,0,0
223.016,0.0343,0.0000,PATROL,0,0,0
223.049,0.0330,0.1000,PATROL,0,0,0
223.083,0.0342,0.0000,PATROL,0,0,0
223.117,0.0339,0.0000,PATROL,0,0,0
223.151,0.0340,0.1000,PATROL,0,0,0
223.185,0.0342,0.0000,PATROL,0,0,0
223.219,0.0340,0.0000,PATROL,0,0,0
223.253,0.0339,0.1000,PATROL,0,0,0
223.288,0.0349,0.0000,PATROL,0,0,0
223.321,0.0332,0.0000,PATROL,0,0,0
223.355,0.0340,0.1000,PATROL,0,0,0
223.389,0.0340,0.0000,PATROL,0,0,0
223.423,0.0340,0.0000,PATROL,0,0,0
223.457,0.0340,0.1000,PATROL,0,0,0
223.492,0.0343,0.0000,PATROL,0,0,0
223.526,0.0341,0.0000,PATROL,0,0,0
223.559,0.0336,0.1000,PATROL,0,0,0
223.594,0.0342,0.0000,PATROL,0,0,0
223.627,0.0339,0.0000,PATROL,0,0,0
223.662,0.0341,0.1000,PATROL,0,0,0
223.695,0.0339,0.0000,PATROL,0,0,0
223.730,0.0341,0.0000,PATROL,0,0,0
223.764,0.0340,0.1000,PATROL,0,0,0
223.798,0.0345,0.0000,PATROL,0,0,0
223.831,0.0334,0.0000,PATROL,0,0,0
223.865,0.0339,0.1000,PATROL,0,0,0
223.900,0.0343,0.0000,PATROL,0,0,0
223.934,0.0340,0.0000,PATROL,0,0,0
223.968,0.0339,0.1000,PATROL,0,0,0
224.002,0.0339,0.0000,PATROL,0,0,0
224.036,0.0342,0.0000,PATROL,0,0,0
224.070,0.0341,0.1000,PATROL,0,0,0
224.104,0.0340,0.0000,PATROL,0,0,0
224.138,0.0340,0.0000,PATROL,0,0,0
224.172,0.0339,0.1000,PATROL,0,0,0
224.206,0.0342,0.0000,PATROL,0,0,0
224.240,0.0339,0.0000,PATROL,0,0,0
224.274,0.0340,0.1000,PATROL,0,0,0
224.308,0.0339,0.0000,PATROL,0,0,0
224.342,0.0343,0.0000,PATROL,0,0,0
224.376,0.0337,0.1000,PATROL,0,0,0
224.410,0.0343,0.0000,PATROL,0,0,0
224.444,0.0338,0.0000,PATROL,0,0,0
224.478,0.0340,0.1000,PATROL,0,0,0
224.512,0.0339,0.0000,PATROL,0,0,0
224.546,0.0341,0.0000,PATROL,0,0,0
224.580,0.0342,0.1000,PATROL,0,0,0
224.614,0.0342,0.0000,PATROL,0,0,0
224.648,0.0336,0.1000,PATROL,0,0,0
224.682,0.0343,0.0000,PATROL,0,0,0
224.716,0.0340,0.0000,PATROL,0,0,0
224.750,0.0338,0.1000,PATROL,0,0,0
224.784,0.0341,0.0000,PATROL,0,0,0
224.818,0.0339,0.0000,PATROL,0,0,0
224.852,0.0340,0.1000,PATROL,0,0,0
224.887,0.0354,0.0000,PATROL,0,0,0
224.920,0.0327,0.0000,PATROL,0,0,0
224.954,0.0340,0.1000,PATROL,0,0,0
224.988,0.0341,0.0000,PATROL,0,0,0
225.022,0.0340,0.0000,PATROL,0,0,0
225.056,0.0339,0.1000,PATROL,0,0,0
225.090,0.0342,0.0000,PATROL,0,0,0
225.124,0.0337,0.0000,PATROL,0,0,0
225.158,0.0341,0.1000,PATROL,0,0,0
225.192,0.0343,0.0000,PATROL,0,0,0
225.226,0.0340,0.0000,PATROL,0,0,0
225.260,0.0336,0.1000,PATROL,0,0,0
225.294,0.0342,0.0000,PATROL,0,0,0
225.328,0.0340,0.0000,PATROL,0,0,0
225.362,0.0339,0.1000,PATROL,0,0,0
225.397,0.0347,0.0000,PATROL,0,0,0
225.431,0.0337,0.0000,PATROL,0,0,0
225.465,0.0339,0.1000,PATROL,0,0,0
225.499,0.0345,0.0000,PATROL,0,0,0
225.533,0.0335,0.0000,PATROL,0,0,0
225.567,0.0340,0.1000,PATROL,0,0,0
225.600,0.0339,0.0000,PATROL,0,0,0
225.634,0.0341,0.0000,PATROL,0,0,0
225.669,0.0342,0.1000,PATROL,0,0,0
225.703,0.0339,0.0000,PATROL,0,0,0
225.737,0.0345,0.0000,PATROL,0,0,0
225.771,0.0335,0.1000,PATROL,0,0,0
225.804,0.0338,0.0000,PATROL,0,0,0
225.839,0.0341,0.0000,PATROL,0,0,0
225.873,0.0345,0.1000,PATROL,0,0,0
225.907,0.0336,0.0000,PATROL,0,0,0
225.941,0.0340,0.0000,PATROL,0,0,0
225.975,0.0341,0.1000,PATROL,0,0,0
226.009,0.0342,0.0000,PATROL,0,0,0
226.043,0.0339,0.0000,PATROL,0,0,0
226.077,0.0340,0.1000,PATROL,0,0,0
226.111,0.0339,0.0000,PATROL,0,0,0
226.145,0.0342,0.0000,PATROL,0,0,0
226.179,0.0343,0.1000,PATROL,0,0,0
226.213,0.0336,0.0000,PATROL,0,0,0
226.247,0.0342,0.0000,PATROL,0,0,0
226.281,0.0338,0.1000,PATROL,0,0,0
226.315,0.0338,0.0000,PATROL,0,0,0
226.349,0.0341,0.1000,PATROL,0,0,0
226.383,0.0342,0.0000,PATROL,0,0,0
226.417,0.0345,0.0000,PATROL,0,0,0
226.451,0.0334,0.1000,PATROL,0,0,0
226.485,0.0347,0.0000,PATROL,0,0,0
226.519,0.0336,0.0000,PATROL,0,0,0
226.553,0.0338,0.1000,PATROL,0,0,0
226.587,0.0341,0.0000,PATROL,0,0,0
226.621,0.0340,0.0000,PATROL,0,0,0
226.655,0.0340,0.1000,PATROL,0,0,0
226.689,0.0343,0.0000,PATROL,0,0,0
226.723,0.0336,0.0000,PATROL,0,0,0
226.758,0.0349,0.1000,PATROL,0,0,0
226.791,0.0335,0.0000,PATROL,0,0,0
226.825,0.0341,0.0000,PATROL,0,0,0
226.859,0.0341,0.1000,PATROL,0,0,0
226.893,0.0339,0.0000,PATROL,0,0,0
226.927,0.0341,0.0000,PATROL,0,0,0
226.961,0.0337,0.1000,PATROL,0,0,0
226.996,0.0348,0.0000,PATROL,0,0,0
227.030,0.0338,0.0000,PATROL,0,0,0
227.063,0.0336,0.1000,PATROL,0,0,0
227.098,0.0343,0.0000,PATROL,0,0,0
227.131,0.0336,0.0000,PATROL,0,0,0
227.166,0.0350,0.1000,PATROL,0,0,0
227.199,0.0333,0.0000,PATROL,0,0,0
227.233,0.0340,0.0000,PATROL,0,0,0
227.267,0.0338,0.1000,PATROL,0,0,0
227.302,0.0343,0.0000,PATROL,0,0,0
227.336,0.0339,0.0000,PATROL,0,0,0
227.370,0.0340,0.1000,PATROL,0,0,0
227.404,0.0340,0.0000,PATROL,0,0,0
227.437,0.0338,0.0000,PATROL,0,0,0
227.472,0.0341,0.1000,PATROL,0,0,0
227.506,0.0340,0.0000,PATROL,0,0,0
227.540,0.0341,0.0000,PATROL,0,0,0
227.574,0.0342,0.1000,PATROL,0,0,0
227.608,0.0337,0.0000,PATROL,0,0,0
227.642,0.0342,0.0000,PATROL,0,0,0
227.675,0.0338,0.1000,PATROL,0,0,0
227.709,0.0340,0.0000,PATROL,0,0,0
227.743,0.0340,0.0000,PATROL,0,0,0
227.778,0.0349,0.1000,PATROL,0,0,0
227.812,0.0334,0.0000,PATROL,0,0,0
227.846,0.0342,0.0000,PATROL,0,0,0
227.880,0.0337,0.1000,PATROL,0,0,0
227.914,0.0341,0.0000,PATROL,0,0,0
227.948,0.0338,0.0000,PATROL,0,0,0
227.982,0.0340,0.1000,PATROL,0,0,0
228.016,0.0342,0.0000,PATROL,0,0,0
228.050,0.0337,0.1000,PATROL,0,0,0
228.084,0.0344,0.0000,PATROL,0,0,0
228.118,0.0341,0.0000,PATROL,0,0,0
228.152,0.0334,0.1000,PATROL,0,0,0
228.186,0.0342,0.0000,PATROL,0,0,0
228.220,0.0342,0.0000,PATROL,0,0,0
228.254,0.0338,0.1000,PATROL,0,0,0
228.288,0.0344,0.0000,PATROL,0,0,0
228.322,0.0336,0.0000,PATROL,0,0,0
228.356,0.0342,0.1000,PATROL,0,0,0
228.390,0.0343,0.0000,PATROL,0,0,0
228.424,0.0336,0.0000,PATROL,0,0,0
228.458,0.0342,0.1000,PATROL,0,0,0
228.492,0.0343,0.0000,PATROL,0,0,0
228.527,0.0342,0.0000,PATROL,0,0,0
228.561,0.0340,0.1000,PATROL,0,0,0
228.594,0.0340,0.0000,PATROL,0,0,0
228.629,0.0340,0.0000,PATROL,0,0,0
228.662,0.0336,0.1000,PATROL,0,0,0
228.696,0.0342,0.0000,PATROL,0,0,0
228.730,0.0339,0.0000,PATROL,0,0,0
228.764,0.0339,0.1000,PATROL,0,0,0
228.798,0.0342,0.0000,PATROL,0,0,0
228.832,0.0340,0.0000,PATROL,0,0,0
228.866,0.0339,0.1000,PATROL,0,0,0
228.900,0.0340,0.0000,PATROL,0,0,0
228.935,0.0344,0.0000,PATROL,0,0,0
228.968,0.0338,0.1000,PATROL,0,0,0
229.002,0.0340,0.0000,PATROL,0,0,0
229.037,0.0342,0.0000,PATROL,0,0,0
229.070,0.0339,0.1000,PATROL,0,0,0
229.104,0.0339,0.0000,PATROL,0,0,0
229.138,0.0340,0.0000,PATROL,0,0,0
229.172,0.0339,0.1000,PATROL,0,0,0
229.207,0.0347,0.0000,PATROL,0,0,0
229.241,0.0335,0.0000,PATROL,0,0,0
229.274,0.0340,0.1000,PATROL,0,0,0
229.309,0.0342,0.0000,PATROL,0,0,0
229.343,0.0340,0.0000,PATROL,0,0,0
229.377,0.0340,0.1000,PATROL,0,0,0
229.411,0.0339,0.0000,PATROL,0,0,0
229.445,0.0341,0.0000,PATROL,0,0,0
229.479,0.0343,0.1000,PATROL,0,0,0
229.513,0.0335,0.0000,PATROL,0,0,0
229.547,0.0343,0.0000,PATROL,0,0,0
229.581,0.0338,0.1000,PATROL,0,0,0
229.615,0.0341,0.0000,PATROL,0,0,0
229.650,0.0349,0.0000,PATROL,0,0,0
229.683,0.0336,0.1000,PATROL,0,0,0
229.717,0.0341,0.0000,PATROL,0,0,0
229.751,0.0337,0.1000,PATROL,0,0,0
229.785,0.0339,0.0000,PATROL,0,0,0
229.819,0.0345,0.0000,PATROL,0,0,0
229.853,0.0336,0.1000,PATROL,0,0,0
229.887,0.0342,0.0000,PATROL,0,0,0
229.921,0.0339,0.0000,PATROL,0,0,0
229.955,0.0341,0.1000,PATROL,0,0,0
229.989,0.0340,0.0000,PATROL,0,0,0
230.023,0.0336,0.0000,PATROL,0,0,0
230.057,0.0341,0.1000,PATROL,0,0,0
230.091,0.0342,0.0000,PATROL,0,0,0
230.125,0.0339,0.0000,PATROL,0,0,0
230.159,0.0341,0.1000,PATROL,0,0,0
230.193,0.0343,0.0000,PATROL,0,0,0
230.227,0.0338,0.0000,PATROL,0,0,0
230.261,0.0341,0.1000,PATROL,0,0,0
230.295,0.0342,0.0000,PATROL,0,0,0
230.329,0.0338,0.0000,PATROL,0,0,0
230.363,0.0340,0.1000,PATROL,0,0,0
230.397,0.0341,0.0000,PATROL,0,0,0
230.431,0.0340,0.0000,PATROL,0,0,0
230.465,0.0340,0.1000,PATROL,0,0,0
230.499,0.0342,0.0000,PATROL,0,0,0
230.535,0.0358,0.0000,PATROL,0,0,0
230.567,0.0321,0.1000,PATROL,0,0,0
230.602,0.0343,0.0000,PATROL,0,0,0
230.635,0.0337,0.0000,PATROL,0,0,0
230.669,0.0339,0.1000,PATROL,0,0,0
230.703,0.0342,0.0000,PATROL,0,0,0
230.737,0.0339,0.0000,PATROL,0,0,0
230.772,0.0342,0.1000,PATROL,0,0,0
230.806,0.0344,0.0000,PATROL,0,0,0
230.840,0.0338,0.0000,PATROL,0,0,0
230.873,0.0337,0.1000,PATROL,0,0,0
230.908,0.0345,0.0000,PATROL,0,0,0
230.942,0.0337,0.0000,PATROL,0,0,0
230.975,0.0339,0.1000,PATROL,0,0,0
231.009,0.0339,0.0000,PATROL,0,0,0
231.044,0.0342,0.0000,PATROL,0,0,0
231.078,0.0345,0.1000,PATROL,0,0,0
231.112,0.0335,0.0000,PATROL,0,0,0
231.146,0.0340,0.0000,PATROL,0,0,0
231.180,0.0343,0.1000,PATROL,0,0,0
231.214,0.0338,0.0000,PATROL,0,0,0
231.248,0.0343,0.0000,PATROL,0,0,0
231.282,0.0337,0.1000,PATROL,0,0,0
231.316,0.0340,0.0000,PATROL,0,0,0
231.351,0.0348,0.0000,PATROL,0,0,0
231.384,0.0331,0.1000,PATROL,0,0,0
231.418,0.0345,0.0000,PATROL,0,0,0
231.452,0.0336,0.1000,PATROL,0,0,0
231.486,0.0343,0.0000,PATROL,0,0,0
231.520,0.0339,0.0000,PATROL,0,0,0
231.554,0.0337,0.1000,PATROL,0,0,0
231.588,0.0343,0.0000,PATROL,0,0,0
231.623,0.0348,0.0000,PATROL,0,0,0
231.656,0.0331,0.1000,PATROL,0,0,0
231.690,0.0343,0.0000,PATROL,0,0,0
231.724,0.0338,0.0000,PATROL,0,0,0
231.758,0.0341,0.1000,PATROL,0,0,0
231.792,0.0341,0.0000,PATROL,0,0,0
231.826,0.0339,0.0000,PATROL,0,0,0
231.860,0.0339,0.1000,PATROL,0,0,0
231.895,0.0350,0.0000,PATROL,0,0,0
231.928,0.0335,0.0000,PATROL,0,0,0
231.962,0.0340,0.1000,PATROL,0,0,0
231.996,0.0339,0.0000,PATROL,0,0,0
232.031,0.0345,0.0000,PATROL,0,0,0
232.064,0.0332,0.1000,PATROL,0,0,0
232.098,0.0343,0.0000,PATROL,0,0,0
232.132,0.0341,0.0000,PATROL,0,0,0
232.167,0.0341,0.1000,PATROL,0,0,0
232.200,0.0340,0.0000,PATROL,0,0,0
232.235,0.0342,0.0000,PATROL,0,0,0
232.268,0.0337,0.1000,PATROL,0,0,0
232.302,0.0340,0.0000,PATROL,0,0,0
232.336,0.0340,0.0000,PATROL,0,0,0
232.370,0.0337,0.1000,PATROL,0,0,0
232.405,0.0344,0.0000,PATROL,0,0,0
232.438,0.0339,0.0000,PATROL,0,0,0
232.472,0.0339,0.1000,PATROL,0,0,0
232.506,0.0340,0.0000,PATROL,0,0,0
232.541,0.0344,0.0000,PATROL,0,0,0
232.574,0.0336,0.1000,PATROL,0,0,0
232.609,0.0347,0.0000,PATROL,0,0,0
232.643,0.0337,0.0000,PATROL,0,0,0
232.676,0.0337,0.1000,PATROL,0,0,0
232.711,0.0343,0.0000,PATROL,0,0,0
232.744,0.0337,0.0000,PATROL,0,0,0
232.779,0.0343,0.1000,PATROL,0,0,0
232.812,0.0338,0.0000,PATROL,0,0,0
232.846,0.0341,0.0000,PATROL,0,0,0
232.881,0.0341,0.1000,PATROL,0,0,0
232.914,0.0339,0.0000,PATROL,0,0,0
232.948,0.0340,0.0000,PATROL,0,0,0
232.983,0.0343,0.1000,PATROL,0,0,0
233.016,0.0337,0.0000,PATROL,0,0,0
233.050,0.0341,0.0000,PATROL,0,0,0
233.084,0.0338,0.1000,PATROL,0,0,0
233.119,0.0343,0.0000,PATROL,0,0,0
233.152,0.0338,0.1000,PATROL,0,0,0
233.187,0.0344,0.0000,PATROL,0,0,0
233.221,0.0344,0.0000,PATROL,0,0,0
233.255,0.0335,0.1000,PATROL,0,0,0
233.289,0.0342,0.0000,PATROL,0,0,0
233.323,0.0342,0.0000,PATROL,0,0,0
233.357,0.0342,0.1000,PATROL,0,0,0
233.391,0.0341,0.0000,PATROL,0,0,0
233.425,0.0341,0.0000,PATROL,0,0,0
233.459,0.0337,0.1000,PATROL,0,0,0
233.493,0.0341,0.0000,PATROL,0,0,0
233.527,0.0340,0.0000,PATROL,0,0,0
233.561,0.0338,0.1000,PATROL,0,0,0
233.595,0.0342,0.0000,PATROL,0,0,0
233.629,0.0339,0.0000,PATROL,0,0,0
233.663,0.0340,0.1000,PATROL,0,0,0
233.697,0.0343,0.0000,PATROL,0,0,0
233.731,0.0341,0.0000,PATROL,0,0,0
233.765,0.0338,0.1000,PATROL,0,0,0
233.799,0.0341,0.0000,PATROL,0,0,0
233.834,0.0344,0.0000,PATROL,0,0,0
233.867,0.0333,0.1000,PATROL,0,0,0
233.901,0.0342,0.0000,PATROL,0,0,0
233.935,0.0337,0.0000,PATROL,0,0,0
233.969,0.0343,0.1000,PATROL,0,0,0
234.004,0.0341,0.0000,PATROL,0,0,0
234.038,0.0341,0.0000,PATROL,0,0,0
234.071,0.0338,0.1000,PATROL,0,0,0
234.105,0.0341,0.0000,PATROL,0,0,0
234.140,0.0341,0.0000,PATROL,0,0,0
234.173,0.0339,0.1000,PATROL,0,0,0
234.208,0.0343,0.0000,PATROL,0,0,0
234.242,0.0341,0.0000,PATROL,0,0,0
234.276,0.0338,0.1000,PATROL,0,0,0
234.310,0.0339,0.0000,PATROL,0,0,0
234.344,0.0343,0.0000,PATROL,0,0,0
234.378,0.0338,0.1000,PATROL,0,0,0
234.412,0.0339,0.0000,PATROL,0,0,0
234.446,0.0341,0.0000,PATROL,0,0,0
234.480,0.0340,0.1000,PATROL,0,0,0
234.514,0.0340,0.0000,PATROL,0,0,0
234.548,0.0340,0.0000,PATROL,0,0,0
234.582,0.0344,0.1000,PATROL,0,0,0
234.616,0.0340,0.0000,PATROL,0,0,0
234.650,0.0339,0.0000,PATROL,0,0,0
234.684,0.0341,0.1000,PATROL,0,0,0
234.718,0.0338,0.0000,PATROL,0,0,0
234.752,0.0339,0.0000,PATROL,0,0,0
234.786,0.0340,0.1000,PATROL,0,0,0
234.820,0.0340,0.0000,PATROL,0,0,0
234.854,0.0341,0.1000,PATROL,0,0,0
234.888,0.0341,0.0000,PATROL,0,0,0
234.922,0.0339,0.0000,PATROL,0,0,0
234.956,0.0338,0.1000,PATROL,0,0,0
234.990,0.0343,0.0000,PATROL,0,0,0
235.024,0.0339,0.0000,PATROL,0,0,0
235.058,0.0339,0.1000,PATROL,0,0,0
235.092,0.0342,0.0000,PATROL,0,0,0
235.126,0.0340,0.0000,PATROL,0,0,0
235.160,0.0342,0.1000,PATROL,0,0,0
235.194,0.0339,0.0000,PATROL,0,0,0
235.228,0.0338,0.0000,PATROL,0,0,0
235.262,0.0341,0.1000,PATROL,0,0,0
235.296,0.0341,0.0000,PATROL,0,0,0
235.330,0.0339,0.0000,PATROL,0,0,0
235.364,0.0341,0.1000,PATROL,0,0,0
235.398,0.0342,0.0000,PATROL,0,0,0
235.432,0.0337,0.0000,PATROL,0,0,0
235.466,0.0340,0.1000,PATROL,0,0,0
235.501,0.0349,0.0000,PATROL,0,0,0
235.534,0.0332,0.0000,PATROL,0,0,0
235.568,0.0344,0.1000,PATROL,0,0,0
235.602,0.0337,0.0000,PATROL,0,0,0
235.636,0.0340,0.0000,PATROL,0,0,0
235.671,0.0346,0.1000,PATROL,0,0,0
235.705,0.0338,0.0000,PATROL,0,0,0
235.739,0.0340,0.0000,PATROL,0,0,0
235.772,0.0335,0.1000,PATROL,0,0,0
235.806,0.0341,0.0000,PATROL,0,0,0
235.840,0.0341,0.0000,PATROL,0,0,0
235.874,0.0339,0.1000,PATROL,0,0,0
235.908,0.0342,0.0000,PATROL,0,0,0
235.942,0.0340,0.0000,PATROL,0,0,0
235.976,0.0339,0.1000,PATROL,0,0,0
236.010,0.0340,0.0000,PATROL,0,0,0
236.045,0.0343,0.0000,PATROL,0,0,0
236.078,0.0339,0.1000,PATROL,0,0,0
236.112,0.0339,0.0000,PATROL,0,0,0
236.146,0.0340,0.0000,PATROL,0,0,0
236.181,0.0346,0.1000,PATROL,0,0,0
236.215,0.0337,0.0000,PATROL,0,0,0
236.248,0.0337,0.0000,PATROL,0,0,0
236.283,0.0345,0.1000,PATROL,0,0,0
236.316,0.0336,0.0000,PATROL,0,0,0
236.350,0.0340,0.0000,PATROL,0,0,0
236.385,0.0341,0.1000,PATROL,0,0,0
236.419,0.0342,0.0000,PATROL,0,0,0
236.453,0.0341,0.0000,PATROL,0,0,0
236.487,0.0337,0.1000,PATROL,0,0,0
236.520,0.0339,0.0000,PATROL,0,0,0
236.554,0.0337,0.1000,PATROL,0,0,0
236.589,0.0345,0.0000,PATROL,0,0,0
236.623,0.0340,0.0000,PATROL,0,0,0
236.657,0.0339,0.1000,PATROL,0,0,0
236.691,0.0344,0.0000,PATROL,0,0,0
236.725,0.0338,0.0000,PATROL,0,0,0
236.759,0.0339,0.1000,PATROL,0,0,0
236.793,0.0344,0.0000,PATROL,0,0,0
236.827,0.0338,0.0000,PATROL,0,0,0
236.861,0.0340,0.1000,PATROL,0,0,0
236.895,0.0341,0.0000,PATROL,0,0,0
236.929,0.0340,0.0000,PATROL,0,0,0
236.963,0.0339,0.1000,PATROL,0,0,0
236.997,0.0341,0.0000,PATROL,0,0,0
237.031,0.0339,0.0000,PATROL,0,0,0
237.065,0.0340,0.1000,PATROL,0,0,0
237.099,0.0342,0.0000,PATROL,0,0,0
237.133,0.0339,0.0000,PATROL,0,0,0
237.167,0.0342,0.1000,PATROL,0,0,0
237.201,0.0340,0.0000,PATROL,0,0,0
237.236,0.0343,0.0000,PATROL,0,0,0
237.269,0.0335,0.1000,PATROL,0,0,0
237.303,0.0343,0.0000,PATROL,0,0,0
237.337,0.0340,0.0000,PATROL,0,0,0
237.371,0.0340,0.1000,PATROL,0,0,0
237.405,0.0340,0.0000,PATROL,0,0,0
237.439,0.0341,0.0000,PATROL,0,0,0
237.473,0.0337,0.1000,PATROL,0,0,0
237.507,0.0341,0.0000,PATROL,0,0,0
237.542,0.0344,0.0000,PATROL,0,0,0
237.575,0.0337,0.1000,PATROL,0,0,0
237.609,0.0340,0.0000,PATROL,0,0,0
237.643,0.0342,0.0000,PATROL,0,0,0
237.678,0.0343,0.1000,PATROL,0,0,0
237.711,0.0336,0.0000,PATROL,0,0,0
237.745,0.0341,0.0000,PATROL,0,0,0
237.779,0.0340,0.1000,PATROL,0,0,0
237.814,0.0343,0.0000,PATROL,0,0,0
237.847,0.0339,0.0000,PATROL,0,0,0
237.881,0.0340,0.1000,PATROL,0,0,0
237.916,0.0342,0.0000,PATROL,0,0,0
237.950,0.0342,0.0000,PATROL,0,0,0
237.984,0.0341,0.1000,PATROL,0,0,0
238.018,0.0337,0.0000,PATROL,0,0,0
238.052,0.0341,0.0000,PATROL,0,0,0
238.087,0.0353,0.1000,PATROL,0,0,0
238.120,0.0328,0.0000,PATROL,0,0,0
238.154,0.0341,0.0000,PATROL,0,0,0
238.187,0.0337,0.1000,PATROL,0,0,0
238.222,0.0341,0.0000,PATROL,0,0,0
238.255,0.0339,0.1000,PATROL,0,0,0
238.290,0.0340,0.0000,PATROL,0,0,0
238.324,0.0341,0.0000,PATROL,0,0,0
238.358,0.0340,0.1000,PATROL,0,0,0
238.392,0.0340,0.0000,PATROL,0,0,0
238.426,0.0346,0.0000,PATROL,0,0,0
238.460,0.0334,0.1000,PATROL,0,0,0
238.494,0.0342,0.0000,PATROL,0,0,0
238.528,0.0340,0.0000,PATROL,0,0,0
238.562,0.0338,0.1000,PATROL,0,0,0
238.596,0.0342,0.0000,PATROL,0,0,0
238.630,0.0341,0.0000,PATROL,0,0,0
238.664,0.0339,0.1000,PATROL,0,0,0
238.698,0.0339,0.0000,PATROL,0,0,0
238.732,0.0345,0.0000,PATROL,0,0,0
238.766,0.0338,0.1000,PATROL,0,0,0
238.800,0.0338,0.0000,PATROL,0,0,0
238.834,0.0341,0.0000,PATROL,0,0,0
238.868,0.0341,0.1000,PATROL,0,0,0
238.903,0.0348,0.0000,PATROL,0,0,0
238.936,0.0334,0.0000,PATROL,0,0,0
238.970,0.0336,0.1000,PATROL,0,0,0
239.004,0.0342,0.0000,PATROL,0,0,0
239.038,0.0341,0.0000,PATROL,0,0,0
239.072,0.0337,0.1000,PATROL,0,0,0
239.106,0.0340,0.0000,PATROL,0,0,0
239.140,0.0340,0.0000,PATROL,0,0,0
239.175,0.0345,0.1000,PATROL,0,0,0
239.208,0.0338,0.0000,PATROL,0,0,0
239.242,0.0337,0.0000,PATROL,0,0,0
239.276,0.0342,0.1000,PATROL,0,0,0
239.310,0.0338,0.0000,PATROL,0,0,0
239.345,0.0346,0.0000,PATROL,0,0,0
239.378,0.0336,0.1000,PATROL,0,0,0
239.412,0.0339,0.0000,PATROL,0,0,0
239.447,0.0350,0.0000,PATROL,0,0,0
239.480,0.0331,0.1000,PATROL,0,0,0
239.514,0.0341,0.0000,PATROL,0,0,0
239.549,0.0343,0.0000,PATROL,0,0,0
239.583,0.0342,0.1000,PATROL,0,0,0
239.616,0.0336,0.0000,PATROL,0,0,0
239.651,0.0343,0.0000,PATROL,0,0,0
239.685,0.0340,0.1000,PATROL,0,0,0
239.719,0.0340,0.0000,PATROL,0,0,0
239.752,0.0337,0.0000,PATROL,0,0,0
239.787,0.0342,0.1000,PATROL,0,0,0
239.820,0.0338,0.0000,PATROL,0,0,0
239.855,0.0341,0.0000,PATROL,0,0,0
239.888,0.0339,0.1000,PATROL,0,0,0
239.923,0.0341,0.0000,PATROL,0,0,0
239.956,0.0337,0.1000,PATROL,0,0,0
239.991,0.0342,0.0000,PATROL,0,0,0
240.025,0.0341,0.0000,PATROL,0,0,0
240.058,0.0337,0.1000,PATROL,0,0,0
240.093,0.0343,0.0000,PATROL,0,0,0
240.127,0.0341,0.0000,PATROL,0,0,0
240.160,0.0337,0.1000,PATROL,0,0,0
240.194,0.0340,0.0000,PATROL,0,0,0
240.229,0.0345,0.0000,PATROL,0,0,0
240.263,0.0337,0.1000,PATROL,0,0,0
240.297,0.0341,0.0000,PATROL,0,0,0
240.331,0.0339,0.0000,PATROL,0,0,0
240.365,0.0341,0.1000,PATROL,0,0,0
240.399,0.0342,0.0000,PATROL,0,0,0
240.433,0.0340,0.0000,PATROL,0,0,0
240.467,0.0342,0.1000,PATROL,0,0,0
240.501,0.0342,0.0000,PATROL,0,0,0
240.535,0.0339,0.0000,PATROL,0,0,0
240.569,0.0336,0.1000,PATROL,0,0,0
240.603,0.0347,0.0000,PATROL,0,0,0
240.638,0.0343,0.0000,PATROL,0,0,0
240.671,0.0335,0.1000,PATROL,0,0,0
240.705,0.0340,0.0000,PATROL,0,0,0
240.739,0.0339,0.0000,PATROL,0,0,0
240.774,0.0344,0.1000,PATROL,0,0,0
240.807,0.0334,0.0000,PATROL,0,0,0
240.841,0.0339,0.0000,PATROL,0,0,0
240.875,0.0340,0.1000,PATROL,0,0,0
240.909,0.0341,0.0000,PATROL,0,0,0
240.943,0.0339,0.0000,PATROL,0,0,0
240.977,0.0340,0.1000,PATROL,0,0,0
241.011,0.0338,0.0000,PATROL,0,0,0
241.045,0.0347,0.0000,PATROL,0,0,0
241.079,0.0335,0.1000,PATROL,0,0,0
241.113,0.0340,0.0000,PATROL,0,0,0
241.147,0.0343,0.0000,PATROL,0,0,0
241.181,0.0338,0.1000,PATROL,0,0,0
241.215,0.0341,0.0000,PATROL,0,0,0
241.249,0.0339,0.0000,PATROL,0,0,0
241.283,0.0342,0.1000,PATROL,0,0,0
241.317,0.0339,0.0000,PATROL,0,0,0
241.351,0.0340,0.0000,PATROL,0,0,0
241.385,0.0342,0.1000,PATROL,0,0,0
241.419,0.0338,0.0000,PATROL,0,0,0
241.454,0.0347,0.0000,PATROL,0,0,0
241.488,0.0339,0.1000,PATROL,0,0,0
241.522,0.0340,0.0000,PATROL,0,0,0
241.555,0.0338,0.0000,PATROL,0,0,0
241.590,0.0345,0.1000,PATROL,0,0,0
241.624,0.0339,0.0000,PATROL,0,0,0
241.657,0.0336,0.1000,PATROL,0,0,0
241.692,0.0343,0.0000,PATROL,0,0,0
241.726,0.0340,0.0000,PATROL,0,0,0
241.759,0.0336,0.1000,PATROL,0,0,0
241.794,0.0342,0.0000,PATROL,0,0,0
241.828,0.0343,0.0000,PATROL,0,0,0
241.862,0.0337,0.1000,PATROL,0,0,0
241.896,0.0342,0.0000,PATROL,0,0,0
241.930,0.0340,0.0000,PATROL,0,0,0
241.963,0.0337,0.1000,PATROL,0,0,0
241.998,0.0344,0.0000,PATROL,0,0,0
242.031,0.0337,0.0000,PATROL,0,0,0
242.066,0.0343,0.1000,PATROL,0,0,0
242.100,0.0338,0.0000,PATROL,0,0,0
242.134,0.0344,0.0000,PATROL,0,0,0
242.167,0.0335,0.1000,PATROL,0,0,0
242.202,0.0342,0.0000,PATROL,0,0,0
242.236,0.0339,0.0000,PATROL,0,0,0
242.270,0.0344,0.1000,PATROL,0,0,0
242.304,0.0341,0.0000,PATROL,0,0,0
242.338,0.0341,0.0000,PATROL,0,0,0
242.372,0.0336,0.1000,PATROL,0,0,0
242.406,0.0345,0.0000,PATROL,0,0,0
242.440,0.0336,0.0000,PATROL,0,0,0
242.474,0.0340,0.1000,PATROL,0,0,0
242.508,0.0340,0.0000,PATROL,0,0,0
242.542,0.0340,0.0000,PATROL,0,0,0
242.576,0.0339,0.1000,PATROL,0,0,0
242.610,0.0340,0.0000,PATROL,0,0,0
242.644,0.0342,0.0000,PATROL,0,0,0
242.678,0.0342,0.1000,PATROL,0,0,0
242.712,0.0338,0.0000,PATROL,0,0,0
242.746,0.0342,0.0000,PATROL,0,0,0
242.780,0.0339,0.1000,PATROL,0,0,0
242.814,0.0340,0.0000,PATROL,0,0,0
242.849,0.0345,0.0000,PATROL,0,0,0
242.882,0.0339,0.1000,PATROL,0,0,0
242.916,0.0338,0.0000,PATROL,0,0,0
242.951,0.0346,0.0000,PATROL,0,0,0
242.984,0.0331,0.1000,PATROL,0,0,0
243.019,0.0347,0.0000,PATROL,0,0,0
243.052,0.0337,0.0000,PATROL,0,0,0
243.086,0.0340,0.1000,PATROL,0,0,0
243.120,0.0338,0.0000,PATROL,0,0,0
243.154,0.0340,0.0000,PATROL,0,0,0
243.189,0.0345,0.1000,PATROL,0,0,0
243.222,0.0335,0.0000,PATROL,0,0,0
243.256,0.0341,0.0000,PATROL,0,0,0
243.290,0.0339,0.1000,PATROL,0,0,0
243.324,0.0341,0.0000,PATROL,0,0,0
243.358,0.0337,0.1000,PATROL,0,0,0
243.392,0.0343,0.0000,PATROL,0,0,0
243.426,0.0340,0.0000,PATROL,0,0,0
243.460,0.0339,0.1000,PATROL,0,0,0
243.495,0.0350,0.0000,PATROL,0,0,0
243.529,0.0332,0.0000,PATROL,0,0,0
243.562,0.0338,0.1000,PATROL,0,0,0
243.596,0.0341,0.0000,PATROL,0,0,0
243.630,0.0340,0.0000,PATROL,0,0,0
243.664,0.0340,0.1000,PATROL,0,0,0
243.699,0.0344,0.0000,PATROL,0,0,0
243.733,0.0338,0.0000,PATROL,0,0,0
243.766,0.0338,0.1000,PATROL,0,0,0
243.800,0.0340,0.0000,PATROL,0,0,0
243.835,0.0343,0.0000,PATROL,0,0,0
243.869,0.0339,0.1000,PATROL,0,0,0
243.903,0.0345,0.0000,PATROL,0,0,0
243.937,0.0340,0.0000,PATROL,0,0,0
243.970,0.0333,0.1000,PATROL,0,0,0
244.005,0.0344,0.0000,PATROL,0,0,0
244.039,0.0340,0.0000,PATROL,0,0,0
244.073,0.0339,0.1000,PATROL,0,0,0
244.107,0.0339,0.0000,PATROL,0,0,0
244.141,0.0341,0.0000,PATROL,0,0,0
244.175,0.0339,0.1000,PATROL,0,0,0
244.209,0.0342,0.0000,PATROL,0,0,0
244.243,0.0338,0.0000,PATROL,0,0,0
244.277,0.0340,0.1000,PATROL,0,0,0
244.311,0.0339,0.0000,PATROL,0,0,0
244.345,0.0343,0.0000,PATROL,0,0,0
244.379,0.0342,0.1000,PATROL,0,0,0
244.413,0.0336,0.0000,PATROL,0,0,0
244.447,0.0340,0.0000,PATROL,0,0,0
244.481,0.0342,0.1000,PATROL,0,0,0
244.515,0.0340,0.0000,PATROL,0,0,0
244.549,0.0341,0.0000,PATROL,0,0,0
244.583,0.0340,0.1000,PATROL,0,0,0
244.617,0.0338,0.0000,PATROL,0,0,0
244.651,0.0341,0.0000,PATROL,0,0,0
244.685,0.0343,0.1000,PATROL,0,0,0
244.719,0.0341,0.0000,PATROL,0,0,0
244.753,0.0337,0.0000,PATROL,0,0,0
244.787,0.0341,0.1000,PATROL,0,0,0
244.821,0.0339,0.0000,PATROL,0,0,0
244.855,0.0341,0.0000,PATROL,0,0,0
244.889,0.0341,0.1000,PATROL,0,0,0
244.923,0.0341,0.0000,PATROL,0,0,0
244.957,0.0340,0.0000,PATROL,0,0,0
244.991,0.0340,0.1000,PATROL,0,0,0
245.025,0.0340,0.0000,PATROL,0,0,0
245.059,0.0338,0.1000,PATROL,0,0,0
245.093,0.0342,0.0000,PATROL,0,0,0
245.127,0.0342,0.0000,PATROL,0,0,0
245.161,0.0338,0.1000,PATROL,0,0,0
245.195,0.0343,0.0000,PATROL,0,0,0
245.230,0.0344,0.0000,PATROL,0,0,0
245.263,0.0336,0.1000,PATROL,0,0,0
245.298,0.0343,0.0000,PATROL,0,0,0
245.331,0.0337,0.0000,PATROL,0,0,0
245.366,0.0341,0.1000,PATROL,0,0,0
245.399,0.0338,0.0000,PATROL,0,0,0
245.434,0.0344,0.0000,PATROL,0,0,0
245.468,0.0340,0.1000,PATROL,0,0,0
245.502,0.0340,0.0000,PATROL,0,0,0
245.536,0.0341,0.0000,PATROL,0,0,0
245.570,0.0338,0.1000,PATROL,0,0,0
245.603,0.0338,0.0000,PATROL,0,0,0
245.639,0.0352,0.0000,PATROL,0,0,0
245.671,0.0326,0.1000,PATROL,0,0,0
245.706,0.0347,0.0000,PATROL,0,0,0
245.740,0.0340,0.0000,PATROL,0,0,0
245.774,0.0341,0.1000,PATROL,0,0,0
245.808,0.0339,0.0000,PATROL,0,0,0
245.842,0.0344,0.0000,PATROL,0,0,0
245.876,0.0342,0.1000,PATROL,0,0,0
245.910,0.0334,0.0000,PATROL,0,0,0
245.944,0.0343,0.0000,PATROL,0,0,0
245.978,0.0340,0.1000,PATROL,0,0,0
246.012,0.0337,0.0000,PATROL,0,0,0
246.046,0.0342,0.0000,PATROL,0,0,0
246.080,0.0338,0.1000,PATROL,0,0,0
246.114,0.0341,0.0000,PATROL,0,0,0
246.148,0.0341,0.0000,PATROL,0,0,0
246.182,0.0341,0.1000,PATROL,0,0,0
246.216,0.0338,0.0000,PATROL,0,0,0
246.250,0.0342,0.0000,PATROL,0,0,0
246.284,0.0339,0.1000,PATROL,0,0,0
246.318,0.0339,0.0000,PATROL,0,0,0
246.352,0.0340,0.0000,PATROL,0,0,0
246.386,0.0345,0.1000,PATROL,0,0,0
246.420,0.0337,0.0000,PATROL,0,0,0
246.454,0.0342,0.0000,PATROL,0,0,0
246.488,0.0339,0.1000,PATROL,0,0,0
246.522,0.0338,0.0000,PATROL,0,0,0
246.556,0.0341,0.0000,PATROL,0,0,0
246.590,0.0344,0.1000,PATROL,0,0,0
246.624,0.0339,0.0000,PATROL,0,0,0
246.658,0.0340,0.0000,PATROL,0,0,0
246.692,0.0337,0.1000,PATROL,0,0,0
246.727,0.0348,0.0000,PATROL,0,0,0
246.760,0.0332,0.1000,PATROL,0,0,0
246.794,0.0341,0.0000,PATROL,0,0,0
246.828,0.0342,0.0000,PATROL,0,0,0
246.862,0.0335,0.1000,PATROL,0,0,0
246.896,0.0344,0.0000,PATROL,0,0,0
246.930,0.0338,0.0000,PATROL,0,0,0
246.964,0.0341,0.1000,PATROL,0,0,0
246.999,0.0350,0.0000,PATROL,0,0,0
247.033,0.0332,0.0000,PATROL,0,0,0
247.067,0.0341,0.1000,PATROL,0,0,0
247.101,0.0339,0.0000,PATROL,0,0,0
247.134,0.0338,0.0000,PATROL,0,0,0
247.169,0.0343,0.1000,PATROL,0,0,0
247.203,0.0341,0.0000,PATROL,0,0,0
247.237,0.0341,0.0000,PATROL,0,0,0
247.271,0.0337,0.1000,PATROL,0,0,0
247.305,0.0339,0.0000,PATROL,0,0,0
247.339,0.0341,0.0000,PATROL,0,0,0
247.373,0.0340,0.1000,PATROL,0,0,0
247.407,0.0344,0.0000,PATROL,0,0,0
247.441,0.0340,0.0000,PATROL,0,0,0
247.474,0.0335,0.1000,PATROL,0,0,0
247.509,0.0349,0.0000,PATROL,0,0,0
247.543,0.0337,0.0000,PATROL,0,0,0
247.577,0.0338,0.1000,PATROL,0,0,0
247.611,0.0336,0.0000,PATROL,0,0,0
247.645,0.0342,0.0000,PATROL,0,0,0
247.679,0.0341,0.1000,PATROL,0,0,0
247.712,0.0336,0.0000,PATROL,0,0,0
247.747,0.0343,0.0000,PATROL,0,0,0
247.781,0.0338,0.1000,PATROL,0,0,0
247.815,0.0340,0.0000,PATROL,0,0,0
247.849,0.0344,0.0000,PATROL,0,0,0
247.883,0.0340,0.1000,PATROL,0,0,0
247.917,0.0338,0.0000,PATROL,0,0,0
247.951,0.0341,0.0000,PATROL,0,0,0
247.985,0.0339,0.1000,PATROL,0,0,0
248.019,0.0342,0.0000,PATROL,0,0,0
248.053,0.0338,0.0000,PATROL,0,0,0
248.087,0.0341,0.1000,PATROL,0,0,0
248.121,0.0343,0.0000,PATROL,0,0,0
248.155,0.0339,0.0000,PATROL,0,0,0
248.189,0.0339,0.1000,PATROL,0,0,0
248.223,0.0343,0.0000,PATROL,0,0,0
248.257,0.0336,0.0000,PATROL,0,0,0
248.291,0.0342,0.1000,PATROL,0,0,0
248.325,0.0343,0.0000,PATROL,0,0,0
248.359,0.0340,0.0000,PATROL,0,0,0
248.393,0.0338,0.1000,PATROL,0,0,0
248.427,0.0340,0.0000,PATROL,0,0,0
248.461,0.0339,0.1000,PATROL,0,0,0
248.495,0.0343,0.0000,PATROL,0,0,0
248.530,0.0343,0.0000,PATROL,0,0,0
248.563,0.0334,0.1000,PATROL,0,0,0
248.597,0.0341,0.0000,PATROL,0,0,0
248.631,0.0340,0.0000,PATROL,0,0,0
248.665,0.0341,0.1000,PATROL,0,0,0
248.699,0.0341,0.0000,PATROL,0,0,0
248.733,0.0338,0.0000,PATROL,0,0,0
248.767,0.0342,0.1000,PATROL,0,0,0
248.802,0.0345,0.0000,PATROL,0,0,0
248.836,0.0338,0.0000,PATROL,0,0,0
248.869,0.0338,0.1000,PATROL,0,0,0
248.903,0.0340,0.0000,PATROL,0,0,0
248.938,0.0344,0.0000,PATROL,0,0,0
248.971,0.0337,0.1000,PATROL,0,0,0
249.006,0.0345,0.0000,PATROL,0,0,0
249.040,0.0338,0.0000,PATROL,0,0,0
249.073,0.0337,0.1000,PATROL,0,0,0
249.108,0.0347,0.0000,PATROL,0,0,0
249.142,0.0338,0.0000,PATROL,0,0,0
249.176,0.0338,0.1000,PATROL,0,0,0
249.210,0.0341,0.0000,PATROL,0,0,0
249.244,0.0340,0.0000,PATROL,0,0,0
249.278,0.0338,0.1000,PATROL,0,0,0
249.311,0.0339,0.0000,PATROL,0,0,0
249.346,0.0341,0.0000,PATROL,0,0,0
249.380,0.0340,0.1000,PATROL,0,0,0
249.414,0.0341,0.0000,PATROL,0,0,0
249.448,0.0340,0.0000,PATROL,0,0,0
249.482,0.0340,0.1000,PATROL,0,0,0
249.516,0.0340,0.0000,PATROL,0,0,0
249.550,0.0343,0.0000,PATROL,0,0,0
249.584,0.0339,0.1000,PATROL,0,0,0
249.618,0.0338,0.0000,PATROL,0,0,0
249.652,0.0341,0.0000,PATROL,0,0,0
249.686,0.0340,0.1000,PATROL,0,0,0
249.720,0.0338,0.0000,PATROL,0,0,0
249.754,0.0341,0.0000,PATROL,0,0,0
249.788,0.0340,0.1000,PATROL,0,0,0
249.822,0.0341,0.0000,PATROL,0,0,0
249.856,0.0339,0.0000,PATROL,0,0,0
249.890,0.0341,0.1000,PATROL,0,0,0
249.924,0.0342,0.0000,PATROL,0,0,0
249.959,0.0348,0.0000,PATROL,0,0,0
249.992,0.0331,0.1000,PATROL,0,0,0
250.026,0.0340,0.0000,PATROL,0,0,0
250.060,0.0343,0.0000,PATROL,0,0,0
250.094,0.0336,0.1000,PATROL,0,0,0
250.128,0.0343,0.0000,PATROL,0,0,0
250.162,0.0337,0.1000,PATROL,0,0,0
250.196,0.0341,0.0000,PATROL,0,0,0
250.230,0.0342,0.0000,PATROL,0,0,0
250.264,0.0335,0.1000,PATROL,0,0,0
250.298,0.0342,0.0000,PATROL,0,0,0
250.332,0.0341,0.0000,PATROL,0,0,0
250.366,0.0339,0.1000,PATROL,0,0,0
250.400,0.0342,0.0000,PATROL,0,0,0
250.434,0.0340,0.0000,PATROL,0,0,0
250.468,0.0340,0.1000,PATROL,0,0,0
250.503,0.0346,0.0000,PATROL,0,0,0
250.536,0.0334,0.0000,PATROL,0,0,0
250.570,0.0342,0.1000,PATROL,0,0,0
250.605,0.0344,0.0000,PATROL,0,0,0
250.639,0.0342,0.0000,PATROL,0,0,0
250.672,0.0334,0.1000,PATROL,0,0,0
250.706,0.0342,0.0000,PATROL,0,0,0
250.741,0.0344,0.0000,PATROL,0,0,0
250.775,0.0339,0.1000,PATROL,0,0,0
250.809,0.0347,0.0000,PATROL,0,0,0
250.842,0.0329,0.0000,PATROL,0,0,0
250.877,0.0342,0.1000,PATROL,0,0,0
250.910,0.0336,0.0000,PATROL,0,0,0
250.944,0.0342,0.0000,PATROL,0,0,0
250.979,0.0344,0.1000,PATROL,0,0,0
251.013,0.0339,0.0000,PATROL,0,0,0
251.047,0.0346,0.0000,PATROL,0,0,0
251.081,0.0334,0.1000,PATROL,0,0,0
251.115,0.0338,0.0000,PATROL,0,0,0
251.149,0.0340,0.0000,PATROL,0,0,0
251.183,0.0340,0.1000,PATROL,0,0,0
251.217,0.0341,0.0000,PATROL,0,0,0
251.251,0.0340,0.0000,PATROL,0,0,0
251.285,0.0341,0.1000,PATROL,0,0,0
251.319,0.0339,0.0000,PATROL,0,0,0
251.353,0.0340,0.0000,PATROL,0,0,0
251.387,0.0340,0.1000,PATROL,0,0,0
251.421,0.0341,0.0000,PATROL,0,0,0
251.455,0.0344,0.0000,PATROL,0,0,0
251.489,0.0337,0.1000,PATROL,0,0,0
251.523,0.0339,0.0000,PATROL,0,0,0
251.557,0.0341,0.0000,PATROL,0,0,0
251.591,0.0341,0.1000,PATROL,0,0,0
251.625,0.0340,0.0000,PATROL,0,0,0
251.659,0.0339,0.0000,PATROL,0,0,0
251.693,0.0341,0.1000,PATROL,0,0,0
251.727,0.0341,0.0000,PATROL,0,0,0
251.761,0.0339,0.0000,PATROL,0,0,0
251.795,0.0341,0.1000,PATROL,0,0,0
251.829,0.0339,0.0000,PATROL,0,0,0
251.863,0.0338,0.1000,PATROL,0,0,0
251.897,0.0341,0.0000,PATROL,0,0,0
251.931,0.0343,0.0000,PATROL,0,0,0
251.965,0.0336,0.1000,PATROL,0,0,0
251.999,0.0343,0.0000,PATROL,0,0,0
252.033,0.0339,0.0000,PATROL,0,0,0
252.067,0.0340,0.1000,PATROL,0,0,0
252.101,0.0343,0.0000,PATROL,0,0,0
252.135,0.0337,0.0000,PATROL,0,0,0
252.169,0.0340,0.1000,PATROL,0,0,0
252.203,0.0342,0.0000,PATROL,0,0,0
252.237,0.0342,0.0000,PATROL,0,0,0
252.271,0.0336,0.1000,PATROL,0,0,0
252.305,0.0345,0.0000,PATROL,0,0,0
252.339,0.0337,0.0000,PATROL,0,0,0
252.374,0.0349,0.1000,PATROL,0,0,0
252.407,0.0333,0.0000,PATROL,0,0,0
252.441,0.0341,0.0000,PATROL,0,0,0
252.475,0.0336,0.1000,PATROL,0,0,0
252.510,0.0347,0.0000,PATROL,0,0,0
252.544,0.0338,0.0000,PATROL,0,0,0
252.577,0.0334,0.1000,PATROL,0,0,0
252.611,0.0341,0.0000,PATROL,0,0,0
252.646,0.0343,0.0000,PATROL,0,0,0
252.679,0.0337,0.1000,PATROL,0,0,0
252.713,0.0340,0.0000,PATROL,0,0,0
252.747,0.0341,0.0000,PATROL,0,0,0
252.781,0.0338,0.1000,PATROL,0,0,0
252.815,0.0341,0.0000,PATROL,0,0,0
252.849,0.0342,0.0000,PATROL,0,0,0
252.884,0.0344,0.1000,PATROL,0,0,0
252.917,0.0336,0.0000,PATROL,0,0,0
252.951,0.0340,0.0000,PATROL,0,0,0
252.985,0.0340,0.1000,PATROL,0,0,0
253.019,0.0340,0.0000,PATROL,0,0,0
253.053,0.0340,0.0000,PATROL,0,0,0
253.087,0.0338,0.1000,PATROL,0,0,0
253.122,0.0343,0.0000,PATROL,0,0,0
253.155,0.0338,0.0000,PATROL,0,0,0
253.189,0.0340,0.1000,PATROL,0,0,0
253.223,0.0340,0.0000,PATROL,0,0,0
253.257,0.0340,0.0000,PATROL,0,0,0
253.292,0.0345,0.1000,PATROL,0,0,0
253.325,0.0336,0.0000,PATROL,0,0,0
253.360,0.0342,0.0000,PATROL,0,0,0
253.394,0.0342,0.1000,PATROL,0,0,0
253.427,0.0335,0.0000,PATROL,0,0,0
253.462,0.0342,0.0000,PATROL,0,0,0
253.495,0.0339,0.1000,PATROL,0,0,0
253.530,0.0342,0.0000,PATROL,0,0,0
253.563,0.0337,0.1000,PATROL,0,0,0
253.597,0.0341,0.0000,PATROL,0,0,0
253.631,0.0341,0.0000,PATROL,0,0,0
253.665,0.0337,0.1000,PATROL,0,0,0
253.700,0.0344,0.0000,PATROL,0,0,0
253.734,0.0340,0.0000,PATROL,0,0,0
253.767,0.0337,0.1000,PATROL,0,0,0
253.802,0.0344,0.0000,PATROL,0,0,0
253.835,0.0337,0.0000,PATROL,0,0,0
253.869,0.0339,0.1000,PATROL,0,0,0
253.904,0.0343,0.0000,PATROL,0,0,0
253.937,0.0337,0.0000,PATROL,0,0,0
253.971,0.0341,0.1000,PATROL,0,0,0
254.007,0.0352,0.0000,PATROL,0,0,0
254.040,0.0333,0.0000,PATROL,0,0,0
254.074,0.0339,0.1000,PATROL,0,0,0
254.109,0.0349,0.0000,PATROL,0,0,0
254.142,0.0332,0.0000,PATROL,0,0,0
254.176,0.0343,0.1000,PATROL,0,0,0
254.210,0.0339,0.0000,PATROL,0,0,0
254.245,0.0345,0.0000,PATROL,0,0,0
254.278,0.0337,0.1000,PATROL,0,0,0
254.312,0.0337,0.0000,PATROL,0,0,0
254.347,0.0347,0.0000,PATROL,0,0,0
254.380,0.0335,0.1000,PATROL,0,0,0
254.414,0.0340,0.0000,PATROL,0,0,0
254.448,0.0342,0.0000,PATROL,0,0,0
254.482,0.0339,0.1000,PATROL,0,0,0
254.517,0.0343,0.0000,PATROL,0,0,0
254.550,0.0337,0.0000,PATROL,0,0,0
254.584,0.0340,0.1000,PATROL,0,0,0
254.618,0.0339,0.0000,PATROL,0,0,0
254.652,0.0341,0.0000,PATROL,0,0,0
254.686,0.0340,0.1000,PATROL,0,0,0
254.720,0.0339,0.0000,PATROL,0,0,0
254.754,0.0341,0.0000,PATROL,0,0,0
254.788,0.0340,0.1000,PATROL,0,0,0
254.823,0.0344,0.0000,PATROL,0,0,0
254.856,0.0334,0.0000,PATROL,0,0,0
254.891,0.0345,0.1000,PATROL,0,0,0
254.925,0.0341,0.0000,PATROL,0,0,0
254.958,0.0334,0.0000,PATROL,0,0,0
254.993,0.0346,0.1000,PATROL,0,0,0
255.027,0.0336,0.0000,PATROL,0,0,0
255.061,0.0340,0.0000,PATROL,0,0,0
255.094,0.0338,0.1000,PATROL,0,0,0
255.128,0.0341,0.0000,PATROL,0,0,0
255.162,0.0339,0.0000,PATROL,0,0,0
255.196,0.0339,0.1000,PATROL,0,0,0
255.231,0.0346,0.0000,PATROL,0,0,0
255.264,0.0333,0.1000,PATROL,0,0,0
255.299,0.0343,0.0000,PATROL,0,0,0
255.334,0.0352,0.0000,PATROL,0,0,0
255.366,0.0327,0.1000,PATROL,0,0,0
255.401,0.0344,0.0000,PATROL,0,0,0
255.435,0.0342,0.0000,PATROL,0,0,0
255.469,0.0338,0.1000,PATROL,0,0,0
255.503,0.0341,0.0000,PATROL,0,0,0
255.537,0.0343,0.0000,PATROL,0,0,0
255.571,0.0339,0.1000,PATROL,0,0,0
255.605,0.0343,0.0000,PATROL,0,0,0
255.639,0.0339,0.0000,PATROL,0,0,0
255.673,0.0340,0.1000,PATROL,0,0,0
255.707,0.0340,0.0000,PATROL,0,0,0
255.741,0.0342,0.0000,PATROL,0,0,0
255.775,0.0339,0.1000,PATROL,0,0,0
255.809,0.0340,0.0000,PATROL,0,0,0
255.843,0.0340,0.0000,PATROL,0,0,0
255.877,0.0338,0.1000,PATROL,0,0,0
255.912,0.0346,0.0000,PATROL,0,0,0
255.945,0.0334,0.0000,PATROL,0,0,0
255.979,0.0339,0.1000,PATROL,0,0,0
256.013,0.0341,0.0000,PATROL,0,0,0
256.048,0.0345,0.0000,PATROL,0,0,0
256.081,0.0337,0.1000,PATROL,0,0,0
256.115,0.0340,0.0000,PATROL,0,0,0
256.150,0.0342,0.0000,PATROL,0,0,0
256.183,0.0338,0.1000,PATROL,0,0,0
256.217,0.0338,0.0000,PATROL,0,0,0
256.251,0.0341,0.0000,PATROL,0,0,0
256.286,0.0342,0.1000,PATROL,0,0,0
256.319,0.0339,0.0000,PATROL,0,0,0
256.354,0.0341,0.0000,PATROL,0,0,0
256.388,0.0344,0.1000,PATROL,0,0,0
256.422,0.0337,0.0000,PATROL,0,0,0
256.455,0.0337,0.0000,PATROL,0,0,0
256.489,0.0341,0.1000,PATROL,0,0,0
256.523,0.0341,0.0000,PATROL,0,0,0
256.557,0.0338,0.0000,PATROL,0,0,0
256.592,0.0342,0.1000,PATROL,0,0,0
256.625,0.0338,0.0000,PATROL,0,0,0
256.659,0.0341,0.0000,PATROL,0,0,0
256.695,0.0352,0.1000,PATROL,0,0,0
256.728,0.0330,0.0000,PATROL,0,0,0
256.762,0.0341,0.0000,PATROL,0,0,0
256.796,0.0341,0.1000,PATROL,0,0,0
256.830,0.0340,0.0000,PATROL,0,0,0
256.864,0.0343,0.0000,PATROL,0,0,0
256.898,0.0336,0.1000,PATROL,0,0,0
256.932,0.0342,0.0000,PATROL,0,0,0
256.966,0.0342,0.1000,PATROL,0,0,0
257.000,0.0341,0.0000,PATROL,0,0,0
257.034,0.0340,0.0000,PATROL,0,0,0
257.067,0.0335,0.1000,PATROL,0,0,0
257.102,0.0345,0.0000,PATROL,0,0,0
257.136,0.0343,0.0000,PATROL,0,0,0
257.170,0.0334,0.1000,PATROL,0,0,0
257.204,0.0340,0.0000,PATROL,0,0,0
257.238,0.0343,0.0000,PATROL,0,0,0
257.272,0.0338,0.1000,PATROL,0,0,0
257.306,0.0345,0.0000,PATROL,0,0,0
257.340,0.0337,0.0000,PATROL,0,0,0
257.374,0.0338,0.1000,PATROL,0,0,0
257.409,0.0351,0.0000,PATROL,0,0,0
257.442,0.0334,0.0000,PATROL,0,0,0
257.476,0.0338,0.1000,PATROL,0,0,0
257.510,0.0344,0.0000,PATROL,0,0,0
257.544,0.0337,0.0000,PATROL,0,0,0
257.578,0.0338,0.1000,PATROL,0,0,0
257.612,0.0345,0.0000,PATROL,0,0,0
257.646,0.0340,0.0000,PATROL,0,0,0
257.680,0.0335,0.1000,PATROL,0,0,0
257.714,0.0344,0.0000,PATROL,0,0,0
257.748,0.0337,0.0000,PATROL,0,0,0
257.783,0.0351,0.1000,PATROL,0,0,0
257.816,0.0332,0.0000,PATROL,0,0,0
257.850,0.0338,0.0000,PATROL,0,0,0
257.884,0.0341,0.1000,PATROL,0,0,0
257.918,0.0342,0.0000,PATROL,0,0,0
257.952,0.0338,0.0000,PATROL,0,0,0
257.986,0.0340,0.1000,PATROL,0,0,0
258.020,0.0339,0.0000,PATROL,0,0,0
258.054,0.0341,0.0000,PATROL,0,0,0
258.088,0.0341,0.1000,PATROL,0,0,0
258.122,0.0340,0.0000,PATROL,0,0,0
258.157,0.0342,0.0000,PATROL,0,0,0
258.190,0.0337,0.1000,PATROL,0,0,0
258.224,0.0341,0.0000,PATROL,0,0,0
258.258,0.0338,0.0000,PATROL,0,0,0
258.293,0.0344,0.1000,PATROL,0,0,0
258.327,0.0340,0.0000,PATROL,0,0,0
258.360,0.0337,0.0000,PATROL,0,0,0
258.395,0.0345,0.1000,PATROL,0,0,0
258.429,0.0337,0.0000,PATROL,0,0,0
258.463,0.0339,0.0000,PATROL,0,0,0
258.497,0.0342,0.1000,PATROL,0,0,0
258.531,0.0338,0.0000,PATROL,0,0,0
258.564,0.0338,0.0000,PATROL,0,0,0
258.598,0.0340,0.1000,PATROL,0,0,0
258.632,0.0341,0.0000,PATROL,0,0,0
258.666,0.0337,0.1000,PATROL,0,0,0
258.701,0.0345,0.0000,PATROL,0,0,0
258.735,0.0342,0.0000,PATROL,0,0,0
258.769,0.0338,0.1000,PATROL,0,0,0
258.803,0.0342,0.0000,PATROL,0,0,0
258.837,0.0344,0.0000,PATROL,0,0,0
258.871,0.0337,0.1000,PATROL,0,0,0
258.905,0.0341,0.0000,PATROL,0,0,0
258.939,0.0339,0.0000,PATROL,0,0,0
258.973,0.0339,0.1000,PATROL,0,0,0
259.007,0.0345,0.0000,PATROL,0,0,0
259.041,0.0339,0.0000,PATROL,0,0,0
259.075,0.0339,0.1000,PATROL,0,0,0
259.109,0.0340,0.0000,PATROL,0,0,0
259.143,0.0345,0.0000,PATROL,0,0,0
259.177,0.0335,0.1000,PATROL,0,0,0
259.211,0.0337,0.0000,PATROL,0,0,0
259.245,0.0346,0.0000,PATROL,0,0,0
259.279,0.0336,0.1000,PATROL,0,0,0
259.313,0.0345,0.0000,PATROL,0,0,0
259.348,0.0347,0.0000,PATROL,0,0,0
259.382,0.0334,0.1000,PATROL,0,0,0
259.415,0.0334,0.0000,PATROL,0,0,0
259.449,0.0342,0.0000,PATROL,0,0,0
259.483,0.0339,0.1000,PATROL,0,0,0
259.517,0.0345,0.0000,PATROL,0,0,0
259.551,0.0336,0.0000,PATROL,0,0,0
259.585,0.0340,0.1000,PATROL,0,0,0
259.619,0.0340,0.0000,PATROL,0,0,0
259.654,0.0344,0.0000,PATROL,0,0,0
259.687,0.0336,0.1000,PATROL,0,0,0
259.721,0.0343,0.0000,PATROL,0,0,0
259.755,0.0338,0.0000,PATROL,0,0,0
259.789,0.0342,0.1000,PATROL,0,0,0
259.823,0.0341,0.0000,PATROL,0,0,0
259.857,0.0339,0.0000,PATROL,0,0,0
259.891,0.0340,0.1000,PATROL,0,0,0
259.926,0.0350,0.0000,PATROL,0,0,0
259.960,0.0334,0.0000,PATROL,0,0,0
259.994,0.0344,0.1000,PATROL,0,0,0
260.028,0.0338,0.0000,PATROL,0,0,0
260.062,0.0340,0.0000,PATROL,0,0,0
260.096,0.0341,0.1000,PATROL,0,0,0
260.130,0.0335,0.0000,PATROL,0,0,0
260.163,0.0339,0.0000,PATROL,0,0,0
260.198,0.0345,0.1000,PATROL,0,0,0
260.232,0.0340,0.0000,PATROL,0,0,0
260.265,0.0336,0.0000,PATROL,0,0,0
260.300,0.0342,0.1000,PATROL,0,0,0
260.334,0.0343,0.0000,PATROL,0,0,0
260.367,0.0336,0.1000,PATROL,0,0,0
260.402,0.0341,0.0000,PATROL,0,0,0
260.436,0.0341,0.0000,PATROL,0,0,0
260.470,0.0337,0.1000,PATROL,0,0,0
260.504,0.0345,0.0000,PATROL,0,0,0
260.538,0.0340,0.0000,PATROL,0,0,0
260.572,0.0336,0.1000,PATROL,0,0,0
260.606,0.0341,0.0000,PATROL,0,0,0
260.640,0.0342,0.0000,PATROL,0,0,0
260.673,0.0335,0.1000,PATROL,0,0,0
260.708,0.0345,0.0000,PATROL,0,0,0
260.742,0.0338,0.0000,PATROL,0,0,0
260.776,0.0340,0.1000,PATROL,0,0,0
260.810,0.0341,0.0000,PATROL,0,0,0
260.844,0.0340,0.0000,PATROL,0,0,0
260.878,0.0341,0.1000,PATROL,0,0,0
260.912,0.0340,0.0000,PATROL,0,0,0
260.946,0.0342,0.0000,PATROL,0,0,0
260.980,0.0340,0.1000,PATROL,0,0,0
261.014,0.0338,0.0000,PATROL,0,0,0
261.048,0.0343,0.0000,PATROL,0,0,0
261.082,0.0334,0.1000,PATROL,0,0,0
261.116,0.0341,0.0000,PATROL,0,0,0
261.150,0.0344,0.0000,PATROL,0,0,0
261.184,0.0336,0.1000,PATROL,0,0,0
261.218,0.0343,0.0000,PATROL,0,0,0
261.252,0.0338,0.0000,PATROL,0,0,0
261.286,0.0341,0.1000,PATROL,0,0,0
261.320,0.0337,0.0000,PATROL,0,0,0
261.354,0.0342,0.0000,PATROL,0,0,0
261.388,0.0340,0.1000,PATROL,0,0,0
261.422,0.0341,0.0000,PATROL,0,0,0
261.456,0.0342,0.0000,PATROL,0,0,0
261.490,0.0339,0.1000,PATROL,0,0,0
261.524,0.0340,0.0000,PATROL,0,0,0
261.558,0.0339,0.0000,PATROL,0,0,0
261.592,0.0340,0.1000,PATROL,0,0,0
261.626,0.0341,0.0000,PATROL,0,0,0
261.660,0.0337,0.0000,PATROL,0,0,0
261.694,0.0342,0.1000,PATROL,0,0,0
261.728,0.0340,0.0000,PATROL,0,0,0
261.762,0.0340,0.0000,PATROL,0,0,0
261.796,0.0340,0.1000,PATROL,0,0,0
261.830,0.0342,0.0000,PATROL,0,0,0
261.865,0.0341,0.0000,PATROL,0,0,0
261.899,0.0340,0.1000,PATROL,0,0,0
261.932,0.0339,0.0000,PATROL,0,0,0
261.966,0.0341,0.0000,PATROL,0,0,0
262.000,0.0339,0.1000,PATROL,0,0,0
262.035,0.0344,0.0000,PATROL,0,0,0
262.068,0.0335,0.1000,PATROL,0,0,0
262.103,0.0342,0.0000,PATROL,0,0,0
262.136,0.0338,0.0000,PATROL,0,0,0
262.170,0.0338,0.1000,PATROL,0,0,0
262.205,0.0344,0.0000,PATROL,0,0,0
262.239,0.0339,0.0000,PATROL,0,0,0
262.272,0.0340,0.1000,PATROL,0,0,0
262.307,0.0343,0.0000,PATROL,0,0,0
262.341,0.0339,0.0000,PATROL,0,0,0
262.375,0.0346,0.1000,PATROL,0,0,0
262.409,0.0340,0.0000,PATROL,0,0,0
262.443,0.0337,0.0000,PATROL,0,0,0
262.477,0.0339,0.1000,PATROL,0,0,0
262.511,0.0340,0.0000,PATROL,0,0,0
262.545,0.0340,0.0000,PATROL,0,0,0
262.579,0.0339,0.1000,PATROL,0,0,0
262.613,0.0343,0.0000,PATROL,0,0,0
262.647,0.0339,0.0000,PATROL,0,0,0
262.681,0.0337,0.1000,PATROL,0,0,0
262.715,0.0339,0.0000,PATROL,0,0,0
262.749,0.0344,0.0000,PATROL,0,0,0
262.783,0.0337,0.1000,PATROL,0,0,0
262.817,0.0341,0.0000,PATROL,0,0,0
262.851,0.0345,0.0000,PATROL,0,0,0
262.885,0.0340,0.1000,PATROL,0,0,0
262.920,0.0343,0.0000,PATROL,0,0,0
262.953,0.0334,0.0000,PATROL,0,0,0
262.987,0.0339,0.1000,PATROL,0,0,0
263.021,0.0342,0.0000,PATROL,0,0,0
263.055,0.0344,0.0000,PATROL,0,0,0
263.089,0.0335,0.1000,PATROL,0,0,0
263.123,0.0342,0.0000,PATROL,0,0,0
263.157,0.0342,0.0000,PATROL,0,0,0
263.192,0.0344,0.1000,PATROL,0,0,0
263.225,0.0334,0.0000,PATROL,0,0,0
263.259,0.0339,0.0000,PATROL,0,0,0
263.293,0.0341,0.1000,PATROL,0,0,0
263.327,0.0341,0.0000,PATROL,0,0,0
263.361,0.0339,0.0000,PATROL,0,0,0
263.395,0.0341,0.1000,PATROL,0,0,0
263.430,0.0346,0.0000,PATROL,0,0,0
263.463,0.0335,0.0000,PATROL,0,0,0
263.497,0.0340,0.1000,PATROL,0,0,0
263.532,0.0344,0.0000,PATROL,0,0,0
263.565,0.0334,0.0000,PATROL,0,0,0
263.600,0.0343,0.1000,PATROL,0,0,0
263.634,0.0340,0.0000,PATROL,0,0,0
263.667,0.0336,0.0000,PATROL,0,0,0
263.702,0.0344,0.1000,PATROL,0,0,0
263.736,0.0343,0.0000,PATROL,0,0,0
263.769,0.0336,0.1000,PATROL,0,0,0
263.803,0.0339,0.0000,PATROL,0,0,0
263.837,0.0341,0.0000,PATROL,0,0,0
263.871,0.0338,0.1000,PATROL,0,0,0
263.905,0.0340,0.0000,PATROL,0,0,0
263.940,0.0344,0.0000,PATROL,0,0,0
263.974,0.0338,0.1000,PATROL,0,0,0
264.008,0.0343,0.0000,PATROL,0,0,0
264.041,0.0334,0.0000,PATROL,0,0,0
264.075,0.0342,0.1000,PATROL,0,0,0
264.110,0.0342,0.0000,PATROL,0,0,0
264.144,0.0339,0.0000,PATROL,0,0,0
264.177,0.0339,0.1000,PATROL,0,0,0
264.211,0.0339,0.0000,PATROL,0,0,0
264.246,0.0344,0.0000,PATROL,0,0,0
264.280,0.0337,0.1000,PATROL,0,0,0
264.314,0.0340,0.0000,PATROL,0,0,0
264.347,0.0339,0.0000,PATROL,0,0,0
264.381,0.0340,0.1000,PATROL,0,0,0
264.416,0.0348,0.0000,PATROL,0,0,0
264.450,0.0334,0.0000,PATROL,0,0,0
264.484,0.0340,0.1000,PATROL,0,0,0
264.519,0.0356,0.0000,PATROL,0,0,0
264.552,0.0325,0.0000,PATROL,0,0,0
264.586,0.0340,0.1000,PATROL,0,0,0
264.620,0.0341,0.0000,PATROL,0,0,0
264.654,0.0340,0.0000,PATROL,0,0,0
264.688,0.0340,0.1000,PATROL,0,0,0
264.722,0.0339,0.0000,PATROL,0,0,0
264.756,0.0342,0.0000,PATROL,0,0,0
264.790,0.0342,0.1000,PATROL,0,0,0
264.824,0.0336,0.0000,PATROL,0,0,0
264.858,0.0342,0.0000,PATROL,0,0,0
264.892,0.0340,0.1000,PATROL,0,0,0
264.926,0.0341,0.0000,PATROL,0,0,0
264.960,0.0339,0.0000,PATROL,0,0,0
264.994,0.0342,0.1000,PATROL,0,0,0
265.028,0.0339,0.0000,PATROL,0,0,0
265.062,0.0339,0.0000,PATROL,0,0,0
265.096,0.0339,0.1000,PATROL,0,0,0
265.130,0.0341,0.0000,PATROL,0,0,0
265.164,0.0343,0.0000,PATROL,0,0,0
265.199,0.0343,0.1000,PATROL,0,0,0
265.232,0.0334,0.0000,PATROL,0,0,0
265.266,0.0343,0.0000,PATROL,0,0,0
265.301,0.0344,0.1000,PATROL,0,0,0
265.334,0.0335,0.0000,PATROL,0,0,0
265.368,0.0342,0.0000,PATROL,0,0,0
265.402,0.0337,0.1000,PATROL,0,0,0
265.436,0.0343,0.0000,PATROL,0,0,0
265.470,0.0339,0.1000,PATROL,0,0,0
265.504,0.0341,0.0000,PATROL,0,0,0
265.538,0.0343,0.0000,PATROL,0,0,0
265.572,0.0340,0.1000,PATROL,0,0,0
265.607,0.0341,0.0000,PATROL,0,0,0
265.640,0.0339,0.0000,PATROL,0,0,0
265.674,0.0337,0.1000,PATROL,0,0,0
265.708,0.0342,0.0000,PATROL,0,0,0
265.742,0.0339,0.0000,PATROL,0,0,0
265.776,0.0340,0.1000,PATROL,0,0,0
265.810,0.0340,0.0000,PATROL,0,0,0
265.844,0.0341,0.0000,PATROL,0,0,0
265.878,0.0339,0.1000,PATROL,0,0,0
265.912,0.0341,0.0000,PATROL,0,0,0
265.946,0.0339,0.0000,PATROL,0,0,0
265.980,0.0341,0.1000,PATROL,0,0,0
266.014,0.0338,0.0000,PATROL,0,0,0
266.048,0.0341,0.0000,PATROL,0,0,0
266.082,0.0340,0.1000,PATROL,0,0,0
266.117,0.0343,0.0000,PATROL,0,0,0
266.151,0.0338,0.0000,PATROL,0,0,0
266.185,0.0342,0.1000,PATROL,0,0,0
266.219,0.0342,0.0000,PATROL,0,0,0
266.253,0.0336,0.0000,PATROL,0,0,0
266.287,0.0339,0.1000,PATROL,0,0,0
266.320,0.0338,0.0000,PATROL,0,0,0
266.355,0.0346,0.0000,PATROL,0,0,0
266.389,0.0344,0.1000,PATROL,0,0,0
266.425,0.0354,0.0000,PATROL,0,0,0
266.457,0.0324,0.0000,PATROL,0,0,0
266.491,0.0342,0.1000,PATROL,0,0,0
266.525,0.0337,0.0000,PATROL,0,0,0
266.559,0.0340,0.0000,PATROL,0,0,0
266.593,0.0341,0.1000,PATROL,0,0,0
266.627,0.0338,0.0000,PATROL,0,0,0
266.661,0.0343,0.0000,PATROL,0,0,0
266.695,0.0337,0.1000,PATROL,0,0,0
266.729,0.0340,0.0000,PATROL,0,0,0
266.763,0.0339,0.0000,PATROL,0,0,0
266.797,0.0345,0.1000,PATROL,0,0,0
266.831,0.0340,0.0000,PATROL,0,0,0
266.865,0.0338,0.0000,PATROL,0,0,0
266.899,0.0342,0.1000,PATROL,0,0,0
266.933,0.0341,0.0000,PATROL,0,0,0
266.967,0.0336,0.0000,PATROL,0,0,0
267.001,0.0344,0.1000,PATROL,0,0,0
267.035,0.0337,0.0000,PATROL,0,0,0
267.069,0.0340,0.0000,PATROL,0,0,0
267.103,0.0340,0.1000,PATROL,0,0,0
267.137,0.0342,0.0000,PATROL,0,0,0
267.171,0.0335,0.1000,PATROL,0,0,0
267.205,0.0343,0.0000,PATROL,0,0,0
267.239,0.0342,0.0000,PATROL,0,0,0
267.273,0.0337,0.1000,PATROL,0,0,0
267.308,0.0346,0.0000,PATROL,0,0,0
267.341,0.0336,0.0000,PATROL,0,0,0
267.375,0.0339,0.1000,PATROL,0,0,0
267.409,0.0342,0.0000,PATROL,0,0,0
267.443,0.0340,0.0000,PATROL,0,0,0
267.477,0.0341,0.1000,PATROL,0,0,0
267.511,0.0337,0.0000,PATROL,0,0,0
267.545,0.0343,0.0000,PATROL,0,0,0
267.579,0.0339,0.1000,PATROL,0,0,0
267.614,0.0343,0.0000,PATROL,0,0,0
267.647,0.0337,0.0000,PATROL,0,0,0
267.681,0.0340,0.1000,PATROL,0,0,0
267.715,0.0340,0.0000,PATROL,0,0,0
267.751,0.0352,0.0000,PATROL,0,0,0
267.784,0.0330,0.1000,PATROL,0,0,0
267.817,0.0339,0.0000,PATROL,0,0,0
267.852,0.0347,0.0000,PATROL,0,0,0
267.885,0.0332,0.1000,PATROL,0,0,0
267.920,0.0342,0.0000,PATROL,0,0,0
267.954,0.0345,0.0000,PATROL,0,0,0
267.988,0.0336,0.1000,PATROL,0,0,0
268.022,0.0346,0.0000,PATROL,0,0,0
268.055,0.0332,0.0000,PATROL,0,0,0
268.089,0.0339,0.1000,PATROL,0,0,0
268.123,0.0340,0.0000,PATROL,0,0,0
268.158,0.0342,0.0000,PATROL,0,0,0
268.192,0.0342,0.1000,PATROL,0,0,0
268.226,0.0338,0.0000,PATROL,0,0,0
268.260,0.0339,0.0000,PATROL,0,0,0
268.294,0.0344,0.1000,PATROL,0,0,0
268.328,0.0337,0.0000,PATROL,0,0,0
268.362,0.0342,0.0000,PATROL,0,0,0
268.396,0.0341,0.1000,PATROL,0,0,0
268.430,0.0337,0.0000,PATROL,0,0,0
268.464,0.0340,0.0000,PATROL,0,0,0
268.498,0.0344,0.1000,PATROL,0,0,0
268.532,0.0338,0.0000,PATROL,0,0,0
268.566,0.0340,0.0000,PATROL,0,0,0
268.600,0.0341,0.1000,PATROL,0,0,0
268.634,0.0340,0.0000,PATROL,0,0,0
268.668,0.0340,0.0000,PATROL,0,0,0
268.702,0.0343,0.1000,PATROL,0,0,0
268.736,0.0336,0.0000,PATROL,0,0,0
268.770,0.0340,0.0000,PATROL,0,0,0
268.804,0.0341,0.1000,PATROL,0,0,0
268.838,0.0341,0.0000,PATROL,0,0,0
268.872,0.0336,0.1000,PATROL,0,0,0
268.906,0.0342,0.0000,PATROL,0,0,0
268.940,0.0344,0.0000,PATROL,0,0,0
268.974,0.0335,0.1000,PATROL,0,0,0
269.009,0.0351,0.0000,PATROL,0,0,0
269.042,0.0330,0.0000,PATROL,0,0,0
269.076,0.0341,0.1000,PATROL,0,0,0
269.110,0.0343,0.0000,PATROL,0,0,0
269.144,0.0336,0.0000,PATROL,0,0,0
269.178,0.0340,0.1000,PATROL,0,0,0
269.212,0.0341,0.0000,PATROL,0,0,0
269.246,0.0339,0.0000,PATROL,0,0,0
269.280,0.0342,0.1000,PATROL,0,0,0
269.314,0.0341,0.0000,PATROL,0,0,0
269.348,0.0339,0.0000,PATROL,0,0,0
269.383,0.0351,0.1000,PATROL,0,0,0
269.416,0.0331,0.0000,PATROL,0,0,0
269.450,0.0341,0.0000,PATROL,0,0,0
269.484,0.0337,0.1000,PATROL,0,0,0
269.518,0.0342,0.0000,PATROL,0,0,0
269.552,0.0341,0.0000,PATROL,0,0,0
269.586,0.0337,0.1000,PATROL,0,0,0
269.620,0.0344,0.0000,PATROL,0,0,0
269.655,0.0341,0.0000,PATROL,0,0,0
269.688,0.0337,0.1000,PATROL,0,0,0
269.723,0.0346,0.0000,PATROL,0,0,0
269.756,0.0336,0.0000,PATROL,0,0,0
269.791,0.0341,0.1000,PATROL,0,0,0
269.824,0.0338,0.0000,PATROL,0,0,0
269.858,0.0340,0.0000,PATROL,0,0,0
269.893,0.0342,0.1000,PATROL,0,0,0
269.926,0.0338,0.0000,PATROL,0,0,0
269.961,0.0342,0.0000,PATROL,0,0,0
269.995,0.0340,0.1000,PATROL,0,0,0
270.029,0.0339,0.0000,PATROL,0,0,0
270.063,0.0341,0.0000,PATROL,0,0,0
270.097,0.0340,0.1000,PATROL,0,0,0
270.131,0.0339,0.0000,PATROL,0,0,0
270.164,0.0339,0.0000,PATROL,0,0,0
270.199,0.0342,0.1000,PATROL,0,0,0
270.233,0.0339,0.0000,PATROL,0,0,0
270.267,0.0338,0.0000,PATROL,0,0,0
270.301,0.0341,0.1000,PATROL,0,0,0
270.335,0.0340,0.0000,PATROL,0,0,0
270.369,0.0340,0.0000,PATROL,0,0,0
270.403,0.0343,0.1000,PATROL,0,0,0
270.437,0.0339,0.0000,PATROL,0,0,0
270.471,0.0341,0.0000,PATROL,0,0,0
270.505,0.0338,0.1000,PATROL,0,0,0
270.539,0.0345,0.0000,PATROL,0,0,0
270.573,0.0335,0.1000,PATROL,0,0,0
270.607,0.0340,0.0000,PATROL,0,0,0
270.641,0.0341,0.0000,PATROL,0,0,0
270.675,0.0338,0.1000,PATROL,0,0,0
270.709,0.0344,0.0000,PATROL,0,0,0
270.744,0.0346,0.0000,PATROL,0,0,0
270.777,0.0334,0.1000,PATROL,0,0,0
270.811,0.0337,0.0000,PATROL,0,0,0
270.845,0.0345,0.0000,PATROL,0,0,0
270.879,0.0336,0.1000,PATROL,0,0,0
270.913,0.0343,0.0000,PATROL,0,0,0
270.947,0.0343,0.0000,PATROL,0,0,0
270.981,0.0336,0.1000,PATROL,0,0,0
271.015,0.0341,0.0000,PATROL,0,0,0
271.049,0.0344,0.0000,PATROL,0,0,0
271.083,0.0338,0.1000,PATROL,0,0,0
271.117,0.0340,0.0000,PATROL,0,0,0
271.151,0.0340,0.0000,PATROL,0,0,0
271.185,0.0338,0.1000,PATROL,0,0,0
271.219,0.0342,0.0000,PATROL,0,0,0
271.253,0.0342,0.0000,PATROL,0,0,0
