t,wall_dt,sim_dt,state,dropped
0.061,0.0340,0.0000,ALIGN,0
0.095,0.0341,0.0000,ALIGN,0
0.129,0.0340,0.1000,ALIGN,0
0.163,0.0340,0.0000,ALIGN,0
0.197,0.0339,0.0000,ALIGN,0
0.232,0.0349,0.1000,ALIGN,0
0.265,0.0335,0.0000,ALIGN,0
0.299,0.0341,0.0000,ALIGN,0
0.333,0.0338,0.1000,ALIGN,0
0.367,0.0342,0.0000,ALIGN,0
0.402,0.0341,0.0000,ALIGN,0
0.435,0.0338,0.1000,APPROACH,0
0.469,0.0340,0.0000,APPROACH,0
0.504,0.0345,0.0000,APPROACH,0
0.538,0.0338,0.1000,APPROACH,0
0.572,0.0341,0.0000,APPROACH,0
0.606,0.0341,0.0000,APPROACH,0
0.640,0.0338,0.1000,APPROACH,0
0.674,0.0339,0.0000,APPROACH,0
0.707,0.0338,0.0000,APPROACH,0
0.742,0.0343,0.1000,APPROACH,0
0.776,0.0340,0.0000,APPROACH,0
0.810,0.0338,0.0000,APPROACH,0
0.844,0.0341,0.1000,APPROACH,0
0.878,0.0341,0.0000,APPROACH,0
0.912,0.0340,0.0000,APPROACH,0
0.946,0.0341,0.1000,APPROACH,0
0.980,0.0339,0.0000,APPROACH,0
1.014,0.0338,0.0000,APPROACH,0
1.048,0.0342,0.1000,APPROACH,0
1.082,0.0340,0.0000,APPROACH,0
1.116,0.0340,0.1000,APPROACH,0
1.150,0.0341,0.0000,APPROACH,0
1.184,0.0341,0.0000,APPROACH,0
1.218,0.0339,0.1000,APPROACH,0
1.252,0.0342,0.0000,APPROACH,0
1.286,0.0338,0.0000,APPROACH,0
1.320,0.0340,0.1000,APPROACH,0
1.354,0.0338,0.0000,APPROACH,0
1.388,0.0347,0.0000,APPROACH,0
1.422,0.0336,0.1000,APPROACH,0
1.456,0.0340,0.0000,APPROACH,0
1.490,0.0341,0.0000,APPROACH,0
1.524,0.0340,0.1000,APPROACH,0
1.558,0.0339,0.0000,APPROACH,0
1.592,0.0344,0.0000,APPROACH,0
1.626,0.0338,0.1000,APPROACH,0
1.660,0.0341,0.0000,APPROACH,0
1.694,0.0337,0.0000,APPROACH,0
1.728,0.0341,0.1000,APPROACH,0
1.762,0.0341,0.0000,APPROACH,0
1.796,0.0340,0.0000,APPROACH,0
1.830,0.0341,0.1000,APPROACH,0
1.864,0.0342,0.0000,APPROACH,0
1.898,0.0338,0.0000,APPROACH,0
1.932,0.0340,0.1000,APPROACH,0
1.966,0.0342,0.0000,APPROACH,0
2.000,0.0338,0.0000,APPROACH,0
2.034,0.0339,0.1000,APPROACH,0
2.068,0.0341,0.0000,APPROACH,0
2.102,0.0341,0.0000,APPROACH,0
2.137,0.0342,0.1000,APPROACH,0
2.170,0.0339,0.0000,APPROACH,0
2.205,0.0344,0.0000,APPROACH,0
2.238,0.0335,0.1000,APPROACH,0
2.273,0.0345,0.0000,APPROACH,0
2.307,0.0339,0.0000,APPROACH,0
2.341,0.0339,0.1000,APPROACH,0
2.374,0.0339,0.0000,APPROACH,0
2.408,0.0338,0.0000,APPROACH,0
2.443,0.0343,0.1000,APPROACH,0
2.477,0.0341,0.0000,APPROACH,0
2.511,0.0341,0.0000,APPROACH,0
2.545,0.0340,0.1000,APPROACH,0
2.578,0.0338,0.0000,APPROACH,0
2.613,0.0347,0.0000,APPROACH,0
2.647,0.0336,0.1000,APPROACH,0
2.680,0.0338,0.0000,APPROACH,0
2.714,0.0339,0.0000,APPROACH,0
2.749,0.0346,0.1000,APPROACH,0
2.783,0.0337,0.0000,APPROACH,0
2.816,0.0337,0.1000,APPROACH,0
2.851,0.0342,0.0000,APPROACH,0
2.885,0.0341,0.0000,APPROACH,0
2.919,0.0339,0.1000,APPROACH,0
2.953,0.0342,0.0000,APPROACH,0
2.987,0.0342,0.0000,APPROACH,0
3.021,0.0339,0.1000,APPROACH,0
3.055,0.0338,0.0000,APPROACH,0
3.089,0.0342,0.0000,APPROACH,0
3.123,0.0339,0.1000,APPROACH,0
3.157,0.0339,0.0000,APPROACH,0
3.191,0.0343,0.0000,APPROACH,0
3.225,0.0340,0.1000,APPROACH,0
3.259,0.0342,0.0000,APPROACH,0
3.293,0.0343,0.0000,APPROACH,0
3.327,0.0336,0.1000,APPROACH,0
3.361,0.0341,0.0000,APPROACH,0
3.395,0.0338,0.0000,APPROACH,0
3.429,0.0341,0.1000,APPROACH,0
3.463,0.0343,0.0000,APPROACH,0
3.497,0.0338,0.0000,APPROACH,0
3.531,0.0340,0.1000,APPROACH,0
3.565,0.0343,0.0000,APPROACH,0
3.599,0.0337,0.0000,APPROACH,0
3.633,0.0339,0.1000,APPROACH,0
3.667,0.0342,0.0000,APPROACH,0
3.701,0.0340,0.0000,APPROACH,0
3.735,0.0338,0.1000,APPROACH,0
3.769,0.0342,0.0000,APPROACH,0
3.803,0.0342,0.0000,APPROACH,0
3.837,0.0340,0.1000,APPROACH,0
3.871,0.0341,0.0000,APPROACH,0
3.906,0.0343,0.0000,APPROACH,0
3.939,0.0338,0.1000,APPROACH,0
3.974,0.0341,0.0000,APPROACH,0
4.007,0.0337,0.0000,APPROACH,0
4.042,0.0343,0.1000,APPROACH,0
4.075,0.0337,0.0000,APPROACH,0
4.109,0.0340,0.0000,APPROACH,0
4.144,0.0343,0.1000,APPROACH,0
4.178,0.0340,0.0000,APPROACH,0
4.211,0.0338,0.0000,APPROACH,0
4.245,0.0340,0.1000,APPROACH,0
4.279,0.0339,0.0000,APPROACH,0
4.314,0.0343,0.0000,APPROACH,0
4.348,0.0345,0.1000,APPROACH,0
4.382,0.0336,0.0000,APPROACH,0
4.415,0.0337,0.0000,APPROACH,0
4.449,0.0341,0.1000,APPROACH,0
4.484,0.0342,0.0000,APPROACH,0
4.517,0.0338,0.1000,APPROACH,0
4.552,0.0342,0.0000,APPROACH,0
4.586,0.0340,0.0000,APPROACH,0
4.619,0.0338,0.1000,APPROACH,0
4.654,0.0344,0.0000,APPROACH,0
4.688,0.0338,0.0000,APPROACH,0
4.722,0.0339,0.1000,APPROACH,0
4.756,0.0341,0.0000,APPROACH,0
4.790,0.0341,0.0000,APPROACH,0
4.824,0.0340,0.1000,APPROACH,0
4.858,0.0339,0.0000,APPROACH,0
4.892,0.0344,0.0000,APPROACH,0
4.926,0.0337,0.1000,APPROACH,0
4.960,0.0340,0.0000,APPROACH,0
4.994,0.0344,0.0000,APPROACH,0
5.028,0.0338,0.1000,APPROACH,0
5.062,0.0341,0.0000,APPROACH,0
5.096,0.0339,0.0000,APPROACH,0
5.130,0.0341,0.1000,APPROACH,0
5.165,0.0346,0.0000,APPROACH,0
5.198,0.0333,0.0000,APPROACH,0
5.232,0.0339,0.1000,APPROACH,0
5.266,0.0341,0.0000,APPROACH,0
5.300,0.0339,0.0000,APPROACH,0
5.334,0.0343,0.1000,PATROL,0
5.368,0.0338,0.0000,PATROL,0
5.402,0.0341,0.0000,PATROL,0
5.436,0.0337,0.1000,PATROL,0
5.470,0.0342,0.0000,PATROL,0
5.504,0.0342,0.0000,PATROL,0
5.538,0.0335,0.1000,PATROL,0
5.572,0.0344,0.0000,PATROL,0
5.606,0.0343,0.0000,PATROL,0
5.640,0.0338,0.1000,PATROL,0
5.674,0.0340,0.0000,PATROL,0
5.709,0.0350,0.0000,PATROL,0
5.742,0.0329,0.1000,PATROL,0
5.776,0.0339,0.0000,PATROL,0
5.810,0.0341,0.0000,PATROL,0
5.844,0.0342,0.1000,PATROL,0
5.878,0.0338,0.0000,PATROL,0
5.912,0.0341,0.0000,PATROL,0
5.946,0.0338,0.1000,PATROL,0
5.980,0.0343,0.0000,PATROL,0
6.015,0.0343,0.0000,PATROL,0
6.048,0.0335,0.1000,PATROL,0
6.082,0.0343,0.0000,PATROL,0
6.116,0.0339,0.0000,PATROL,0
6.150,0.0340,0.1000,PATROL,0
6.184,0.0339,0.0000,PATROL,0
6.218,0.0339,0.1000,PATROL,0
6.253,0.0345,0.0000,PATROL,0
6.286,0.0337,0.0000,PATROL,0
6.320,0.0339,0.1000,PATROL,0
6.354,0.0342,0.0000,PATROL,0
6.389,0.0342,0.0000,PATROL,0
6.422,0.0338,0.1000,PATROL,0
6.456,0.0339,0.0000,PATROL,0
6.491,0.0342,0.0000,PATROL,0
6.524,0.0339,0.1000,PATROL,0
6.558,0.0340,0.0000,PATROL,0
6.593,0.0341,0.0000,PATROL,0
6.626,0.0339,0.1000,PATROL,0
6.661,0.0343,0.0000,PATROL,0
6.695,0.0340,0.0000,PATROL,0
6.729,0.0340,0.1000,PATROL,0
6.763,0.0339,0.0000,PATROL,0
6.797,0.0340,0.0000,PATROL,0
6.831,0.0342,0.1000,PATROL,0
6.865,0.0336,0.0000,PATROL,0
6.899,0.0340,0.0000,PATROL,0
6.933,0.0343,0.1000,PATROL,0
6.967,0.0336,0.0000,PATROL,0
7.001,0.0342,0.0000,PATROL,0
7.035,0.0339,0.1000,PATROL,0
7.069,0.0341,0.0000,PATROL,0
7.103,0.0339,0.0000,PATROL,0
7.137,0.0339,0.1000,PATROL,0
7.171,0.0344,0.0000,PATROL,0
7.205,0.0338,0.0000,PATROL,0
7.239,0.0341,0.1000,PATROL,0
7.273,0.0339,0.0000,PATROL,0
7.307,0.0341,0.0000,PATROL,0
7.342,0.0347,0.1000,PATROL,0
7.375,0.0332,0.0000,PATROL,0
7.409,0.0337,0.0000,PATROL,0
7.443,0.0342,0.1000,PATROL,0
7.477,0.0340,0.0000,PATROL,0
7.511,0.0342,0.0000,PATROL,0
7.545,0.0339,0.1000,PATROL,0
7.579,0.0342,0.0000,PATROL,0
7.613,0.0340,0.0000,PATROL,0
7.647,0.0339,0.1000,PATROL,0
7.681,0.0342,0.0000,PATROL,0
7.715,0.0337,0.0000,PATROL,0
7.749,0.0339,0.1000,PATROL,0
7.784,0.0345,0.0000,PATROL,0
7.817,0.0335,0.0000,PATROL,0
7.851,0.0340,0.1000,PATROL,0
7.886,0.0353,0.0000,PATROL,0
7.919,0.0328,0.1000,PATROL,0
7.954,0.0344,0.0000,PATROL,0
7.987,0.0339,0.0000,PATROL,0
8.021,0.0338,0.1000,PATROL,0
8.056,0.0347,0.0000,PATROL,0
8.090,0.0339,0.0000,PATROL,0
8.123,0.0337,0.1000,PATROL,0
8.158,0.0343,0.0000,PATROL,0
8.192,0.0339,0.0000,PATROL,0
8.226,0.0338,0.1000,PATROL,0
8.259,0.0338,0.0000,PATROL,0
8.293,0.0340,0.0000,PATROL,0
8.327,0.0340,0.1000,PATROL,0
8.361,0.0341,0.0000,PATROL,0
8.396,0.0342,0.0000,PATROL,0
8.430,0.0339,0.1000,PATROL,0
8.464,0.0341,0.0000,PATROL,0
8.497,0.0339,0.0000,PATROL,0
8.532,0.0341,0.1000,PATROL,0
8.566,0.0340,0.0000,PATROL,0
8.600,0.0341,0.0000,PATROL,0
8.634,0.0340,0.1000,PATROL,0
8.668,0.0347,0.0000,PATROL,0
8.702,0.0333,0.0000,PATROL,0
8.736,0.0340,0.1000,PATROL,0
8.770,0.0340,0.0000,PATROL,0
8.804,0.0345,0.0000,PATROL,0
8.838,0.0335,0.1000,PATROL,0
8.872,0.0341,0.0000,PATROL,0
8.906,0.0341,0.0000,PATROL,0
8.940,0.0343,0.1000,PATROL,0
8.974,0.0341,0.0000,PATROL,0
9.008,0.0336,0.0000,PATROL,0
9.042,0.0342,0.1000,PATROL,0
9.076,0.0341,0.0000,PATROL,0
9.110,0.0335,0.0000,PATROL,0
9.144,0.0341,0.1000,PATROL,0
9.178,0.0340,0.0000,PATROL,0
9.212,0.0341,0.0000,PATROL,0
9.246,0.0338,0.1000,PATROL,0
9.280,0.0341,0.0000,PATROL,0
9.314,0.0340,0.0000,PATROL,0
9.348,0.0340,0.1000,PATROL,0
9.382,0.0341,0.0000,PATROL,0
9.416,0.0341,0.0000,PATROL,0
9.450,0.0341,0.1000,PATROL,0
9.484,0.0342,0.0000,PATROL,0
9.518,0.0335,0.0000,PATROL,0
9.552,0.0342,0.1000,PATROL,0
9.586,0.0341,0.0000,PATROL,0
9.620,0.0338,0.1000,PATROL,0
9.654,0.0343,0.0000,PATROL,0
9.688,0.0340,0.0000,PATROL,0
9.722,0.0337,0.1000,PATROL,0
9.757,0.0346,0.0000,PATROL,0
9.790,0.0337,0.0000,PATROL,0
9.824,0.0339,0.1000,PATROL,0
9.858,0.0339,0.0000,PATROL,0
9.892,0.0342,0.0000,PATROL,0
9.926,0.0339,0.1000,PATROL,0
9.960,0.0341,0.0000,PATROL,0
9.994,0.0340,0.0000,PATROL,0
10.028,0.0340,0.1000,PATROL,0
10.062,0.0341,0.0000,PATROL,0
10.097,0.0343,0.0000,PATROL,0
10.130,0.0338,0.1000,PATROL,0
10.165,0.0343,0.0000,PATROL,0
10.198,0.0336,0.0000,PATROL,0
10.232,0.0341,0.1000,PATROL,0
10.267,0.0350,0.0000,PATROL,0
10.301,0.0338,0.0000,PATROL,0
10.335,0.0338,0.1000,PATROL,0
10.369,0.0341,0.0000,PATROL,0
10.403,0.0337,0.0000,PATROL,0
10.437,0.0339,0.1000,PATROL,0
10.471,0.0340,0.0000,PATROL,0
10.505,0.0340,0.0000,PATROL,0
10.539,0.0340,0.1000,PATROL,0
10.574,0.0351,0.0000,PATROL,0
10.607,0.0332,0.0000,PATROL,0
10.640,0.0337,0.1000,PATROL,0
10.675,0.0342,0.0000,PATROL,0
10.709,0.0340,0.0000,PATROL,0
10.743,0.0342,0.1000,PATROL,0
10.777,0.0343,0.0000,PATROL,0
10.811,0.0336,0.0000,PATROL,0
10.846,0.0349,0.1000,PATROL,0
10.879,0.0330,0.0000,PATROL,0
10.913,0.0343,0.0000,PATROL,0
10.947,0.0342,0.1000,PATROL,0
10.981,0.0339,0.0000,PATROL,0
11.015,0.0338,0.0000,PATROL,0
11.049,0.0345,0.1000,PATROL,0
11.083,0.0334,0.0000,PATROL,0
11.117,0.0342,0.0000,PATROL,0
11.151,0.0341,0.1000,PATROL,0
11.185,0.0339,0.0000,PATROL,0
11.219,0.0338,0.0000,PATROL,0
11.253,0.0342,0.1000,PATROL,0
11.287,0.0343,0.0000,PATROL,0
11.321,0.0336,0.1000,PATROL,0
11.355,0.0342,0.0000,PATROL,0
11.390,0.0355,0.0000,PATROL,0
11.423,0.0326,0.1000,PATROL,0
11.457,0.0345,0.0000,PATROL,0
11.491,0.0336,0.0000,PATROL,0
11.525,0.0339,0.1000,PATROL,0
11.559,0.0342,0.0000,PATROL,0
11.593,0.0343,0.0000,PATROL,0
11.627,0.0335,0.1000,PATROL,0
11.661,0.0339,0.0000,PATROL,0
11.695,0.0343,0.0000,PATROL,0
11.729,0.0339,0.1000,PATROL,0
11.763,0.0340,0.0000,PATROL,0
11.797,0.0342,0.0000,PATROL,0
11.831,0.0337,0.1000,PATROL,0
11.865,0.0340,0.0000,PATROL,0
11.899,0.0341,0.0000,PATROL,0
11.934,0.0348,0.1000,PATROL,0
11.967,0.0333,0.0000,PATROL,0
12.001,0.0340,0.0000,PATROL,0
12.035,0.0340,0.1000,PATROL,0
12.069,0.0340,0.0000,PATROL,0
12.103,0.0343,0.0000,PATROL,0
12.138,0.0342,0.1000,PATROL,0
12.171,0.0338,0.0000,PATROL,0
12.206,0.0346,0.0000,PATROL,0
12.239,0.0332,0.1000,PATROL,0
12.273,0.0343,0.0000,PATROL,0
12.307,0.0338,0.0000,PATROL,0
12.342,0.0343,0.1000,PATROL,0
12.376,0.0343,0.0000,PATROL,0
12.409,0.0334,0.0000,PATROL,0
12.444,0.0348,0.1000,PATROL,0
12.478,0.0340,0.0000,PATROL,0
12.511,0.0331,0.0000,PATROL,0
12.546,0.0343,0.1000,PATROL,0
12.579,0.0337,0.0000,PATROL,0
12.613,0.0340,0.0000,PATROL,0
12.648,0.0342,0.1000,PATROL,0
12.682,0.0345,0.0000,PATROL,0
12.716,0.0337,0.0000,PATROL,0
12.749,0.0338,0.1000,PATROL,0
12.784,0.0341,0.0000,PATROL,0
12.818,0.0340,0.0000,PATROL,0
12.852,0.0339,0.1000,PATROL,0
12.886,0.0341,0.0000,PATROL,0
12.920,0.0341,0.0000,PATROL,0
12.954,0.0341,0.1000,PATROL,0
12.988,0.0343,0.0000,PATROL,0
13.021,0.0334,0.1000,PATROL,0
13.056,0.0341,0.0000,PATROL,0
13.090,0.0342,0.0000,PATROL,0
13.124,0.0340,0.1000,PATROL,0
13.158,0.0341,0.0000,PATROL,0
13.192,0.0340,0.0000,PATROL,0
13.226,0.0340,0.1000,PATROL,0
13.260,0.0344,0.0000,PATROL,0
13.294,0.0337,0.0000,PATROL,0
13.328,0.0340,0.1000,PATROL,0
13.362,0.0340,0.0000,PATROL,0
13.396,0.0340,0.0000,PATROL,0
13.430,0.0338,0.1000,PATROL,0
13.464,0.0344,0.0000,PATROL,0
13.498,0.0338,0.0000,PATROL,0
13.532,0.0343,0.1000,PATROL,0
13.566,0.0337,0.0000,PATROL,0
13.600,0.0339,0.0000,PATROL,0
13.634,0.0344,0.1000,PATROL,0
13.668,0.0339,0.0000,PATROL,0
13.702,0.0339,0.0000,PATROL,0
13.736,0.0341,0.1000,PATROL,0
13.770,0.0340,0.0000,PATROL,0
13.804,0.0342,0.0000,PATROL,0
13.839,0.0350,0.1000,PATROL,0
13.873,0.0335,0.0000,PATROL,0
13.907,0.0339,0.0000,PATROL,0
13.940,0.0334,0.1000,PATROL,0
13.975,0.0344,0.0000,PATROL,0
14.008,0.0335,0.0000,PATROL,0
14.042,0.0342,0.1000,PATROL,0
14.077,0.0345,0.0000,PATROL,0
14.110,0.0338,0.0000,PATROL,0
14.144,0.0341,0.1000,PATROL,0
14.178,0.0340,0.0000,PATROL,0
14.213,0.0341,0.0000,PATROL,0
14.246,0.0338,0.1000,PATROL,0
14.280,0.0340,0.0000,PATROL,0
14.314,0.0340,0.0000,PATROL,0
14.349,0.0347,0.1000,PATROL,0
14.383,0.0337,0.0000,PATROL,0
14.416,0.0336,0.0000,PATROL,0
14.451,0.0344,0.1000,PATROL,0
14.485,0.0341,0.0000,PATROL,0
14.519,0.0337,0.0000,PATROL,0
14.553,0.0342,0.1000,PATROL,0
14.586,0.0335,0.0000,PATROL,0
14.621,0.0342,0.0000,PATROL,0
14.655,0.0342,0.1000,PATROL,0
14.688,0.0338,0.0000,PATROL,0
14.722,0.0338,0.1000,PATROL,0
14.757,0.0344,0.0000,PATROL,0
14.791,0.0341,0.0000,PATROL,0
14.824,0.0337,0.1000,PATROL,0
14.859,0.0346,0.0000,PATROL,0
14.893,0.0340,0.0000,PATROL,0
14.927,0.0336,0.1000,PATROL,0
14.961,0.0345,0.0000,PATROL,0
14.995,0.0337,0.0000,PATROL,0
15.029,0.0338,0.1000,PATROL,0
15.063,0.0343,0.0000,PATROL,0
15.097,0.0341,0.0000,PATROL,0
15.131,0.0336,0.1000,PATROL,0
15.165,0.0349,0.0000,PATROL,0
15.199,0.0335,0.0000,PATROL,0
15.233,0.0342,0.1000,PATROL,0
15.267,0.0337,0.0000,PATROL,0
15.301,0.0339,0.0000,PATROL,0
15.335,0.0341,0.1000,PATROL,0
15.369,0.0344,0.0000,PATROL,0
15.403,0.0336,0.0000,PATROL,0
15.437,0.0345,0.1000,PATROL,0
15.471,0.0336,0.0000,PATROL,0
15.505,0.0341,0.0000,PATROL,0
15.539,0.0343,0.1000,PATROL,0
15.573,0.0337,0.0000,PATROL,0
15.607,0.0340,0.0000,PATROL,0
15.641,0.0342,0.1000,PATROL,0
15.675,0.0341,0.0000,PATROL,0
15.709,0.0339,0.0000,PATROL,0
15.743,0.0339,0.1000,PATROL,0
15.777,0.0339,0.0000,PATROL,0
15.811,0.0340,0.0000,PATROL,0
15.845,0.0339,0.1000,PATROL,0
15.879,0.0342,0.0000,PATROL,0
15.913,0.0338,0.0000,PATROL,0
15.947,0.0341,0.1000,PATROL,0
15.982,0.0345,0.0000,PATROL,0
16.016,0.0341,0.0000,PATROL,0
16.049,0.0335,0.1000,PATROL,0
16.083,0.0342,0.0000,PATROL,0
16.117,0.0341,0.0000,PATROL,0
16.152,0.0342,0.1000,PATROL,0
16.186,0.0340,0.0000,PATROL,0
16.221,0.0351,0.0000,PATROL,0
16.254,0.0336,0.1000,PATROL,0
16.287,0.0331,0.0000,PATROL,0
16.321,0.0339,0.0000,PATROL,0
16.355,0.0342,0.1000,PATROL,0
16.389,0.0340,0.0000,PATROL,0
16.423,0.0338,0.1000,PATROL,0
16.458,0.0344,0.0000,PATROL,0
16.492,0.0340,0.0000,PATROL,0
16.525,0.0337,0.1000,PATROL,0
16.560,0.0344,0.0000,PATROL,0
16.594,0.0339,0.0000,PATROL,0
16.628,0.0340,0.1000,PATROL,0
16.662,0.0339,0.0000,PATROL,0
16.696,0.0343,0.0000,PATROL,0
16.729,0.0336,0.1000,PATROL,0
16.764,0.0343,0.0000,PATROL,0
16.798,0.0342,0.0000,PATROL,0
16.832,0.0337,0.1000,PATROL,0
16.866,0.0340,0.0000,PATROL,0
16.900,0.0342,0.0000,PATROL,0
16.934,0.0339,0.1000,PATROL,0
16.968,0.0341,0.0000,PATROL,0
17.002,0.0339,0.0000,PATROL,0
17.036,0.0345,0.1000,PATROL,0
17.070,0.0335,0.0000,PATROL,0
17.104,0.0342,0.0000,PATROL,0
17.138,0.0337,0.1000,PATROL,0
17.172,0.0340,0.0000,PATROL,0
17.206,0.0340,0.0000,PATROL,0
17.240,0.0347,0.1000,PATROL,0
17.274,0.0333,0.0000,PATROL,0
17.308,0.0341,0.0000,PATROL,0
17.342,0.0338,0.1000,PATROL,0
17.376,0.0345,0.0000,PATROL,0
17.410,0.0337,0.0000,PATROL,0
17.444,0.0347,0.1000,PATROL,0
17.478,0.0337,0.0000,PATROL,0
17.512,0.0341,0.0000,PATROL,0
17.546,0.0336,0.1000,PATROL,0
17.581,0.0355,0.0000,PATROL,0
17.614,0.0325,0.0000,PATROL,0
17.648,0.0346,0.1000,PATROL,0
17.682,0.0339,0.0000,PATROL,0
17.716,0.0339,0.0000,PATROL,0
17.750,0.0343,0.1000,PATROL,0
17.784,0.0337,0.0000,PATROL,0
17.818,0.0340,0.0000,PATROL,0
17.852,0.0341,0.1000,PATROL,0
17.886,0.0340,0.0000,PATROL,0
17.920,0.0341,0.0000,PATROL,0
17.954,0.0339,0.1000,PATROL,0
17.988,0.0340,0.0000,PATROL,0
18.022,0.0340,0.0000,PATROL,0
18.056,0.0341,0.1000,PATROL,0
18.090,0.0339,0.0000,PATROL,0
18.124,0.0338,0.1000,PATROL,0
18.158,0.0343,0.0000,PATROL,0
18.192,0.0339,0.0000,PATROL,0
18.226,0.0339,0.1000,PATROL,0
18.260,0.0342,0.0000,PATROL,0
18.294,0.0340,0.0000,PATROL,0
18.328,0.0339,0.1000,PATROL,0
18.362,0.0342,0.0000,PATROL,0
18.397,0.0344,0.0000,PATROL,0
18.430,0.0334,0.1000,PATROL,0
18.465,0.0347,0.0000,PATROL,0
18.498,0.0334,0.0000,PATROL,0
18.533,0.0344,0.1000,PATROL,0
18.566,0.0337,0.0000,PATROL,0
18.601,0.0344,0.0000,PATROL,0
18.634,0.0336,0.1000,PATROL,0
18.668,0.0341,0.0000,PATROL,0
18.702,0.0339,0.0000,PATROL,0
18.736,0.0341,0.1000,PATROL,0
18.771,0.0344,0.0000,PATROL,0
18.804,0.0336,0.0000,PATROL,0
18.839,0.0341,0.1000,PATROL,0
18.872,0.0339,0.0000,PATROL,0
18.906,0.0340,0.0000,PATROL,0
18.942,0.0352,0.1000,PATROL,0
18.975,0.0331,0.0000,PATROL,0
19.008,0.0336,0.0000,PATROL,0
19.043,0.0342,0.1000,PATROL,0
19.077,0.0345,0.0000,PATROL,0
19.111,0.0335,0.0000,PATROL,0
19.145,0.0340,0.1000,PATROL,0
19.179,0.0342,0.0000,PATROL,0
19.213,0.0339,0.0000,PATROL,0
19.247,0.0340,0.1000,PATROL,0
19.281,0.0344,0.0000,PATROL,0
19.315,0.0338,0.0000,PATROL,0
19.349,0.0340,0.1000,PATROL,0
19.383,0.0339,0.0000,PATROL,0
19.417,0.0341,0.0000,PATROL,0
19.451,0.0339,0.1000,PATROL,0
19.485,0.0343,0.0000,PATROL,0
19.519,0.0342,0.0000,PATROL,0
19.553,0.0336,0.1000,PATROL,0
19.587,0.0343,0.0000,PATROL,0
19.621,0.0340,0.0000,PATROL,0
19.655,0.0336,0.1000,PATROL,0
19.689,0.0345,0.0000,PATROL,0
19.723,0.0336,0.0000,PATROL,0
19.757,0.0341,0.1000,PATROL,0
19.791,0.0341,0.0000,PATROL,0
19.825,0.0338,0.1000,PATROL,0
19.859,0.0341,0.0000,PATROL,0
19.893,0.0340,0.0000,PATROL,0
19.927,0.0339,0.1000,PATROL,0
19.961,0.0345,0.0000,PATROL,0
19.995,0.0336,0.0000,PATROL,0
20.029,0.0340,0.1000,PATROL,0
20.063,0.0338,0.0000,PATROL,0
20.097,0.0343,0.0000,PATROL,0
20.131,0.0339,0.1000,PATROL,0
20.165,0.0340,0.0000,PATROL,0
20.200,0.0344,0.0000,PATROL,0
20.233,0.0335,0.1000,PATROL,0
20.267,0.0342,0.0000,PATROL,0
20.302,0.0343,0.0000,PATROL,0
20.335,0.0338,0.1000,PATROL,0
20.369,0.0341,0.0000,PATROL,0
20.403,0.0336,0.0000,PATROL,0
20.437,0.0342,0.1000,PATROL,0
20.471,0.0342,0.0000,PATROL,0
20.506,0.0342,0.0000,PATROL,0
20.539,0.0337,0.1000,PATROL,0
20.573,0.0340,0.0000,PATROL,0
20.607,0.0338,0.0000,PATROL,0
20.642,0.0344,0.1000,PATROL,0
20.676,0.0340,0.0000,PATROL,0
20.709,0.0334,0.0000,PATROL,0
20.743,0.0342,0.1000,PATROL,0
20.778,0.0342,0.0000,PATROL,0
20.811,0.0338,0.0000,PATROL,0
20.846,0.0344,0.1000,PATROL,0
20.880,0.0342,0.0000,PATROL,0
20.913,0.0336,0.0000,PATROL,0
20.948,0.0343,0.1000,PATROL,0
20.982,0.0338,0.0000,PATROL,0
21.016,0.0341,0.0000,PATROL,0
21.050,0.0340,0.1000,PATROL,0
21.084,0.0340,0.0000,PATROL,0
21.118,0.0341,0.0000,PATROL,0
21.152,0.0344,0.1000,PATROL,0
21.186,0.0335,0.0000,PATROL,0
21.220,0.0346,0.0000,PATROL,0
21.254,0.0335,0.1000,PATROL,0
21.288,0.0342,0.0000,PATROL,0
21.322,0.0339,0.0000,PATROL,0
21.356,0.0342,0.1000,PATROL,0
21.390,0.0339,0.0000,PATROL,0
21.424,0.0340,0.0000,PATROL,0
21.458,0.0344,0.1000,PATROL,0
21.492,0.0337,0.0000,PATROL,0
21.526,0.0337,0.1000,PATROL,0
21.560,0.0344,0.0000,PATROL,0
21.594,0.0340,0.0000,PATROL,0
21.628,0.0340,0.1000,PATROL,0
21.662,0.0341,0.0000,PATROL,0
21.696,0.0341,0.0000,PATROL,0
21.730,0.0336,0.1000,PATROL,0
21.764,0.0343,0.0000,PATROL,0
21.798,0.0338,0.0000,PATROL,0
21.832,0.0340,0.1000,PATROL,0
21.866,0.0340,0.0000,PATROL,0
21.900,0.0341,0.0000,PATROL,0
21.934,0.0339,0.1000,PATROL,0
21.968,0.0344,0.0000,PATROL,0
22.002,0.0339,0.0000,PATROL,0
22.036,0.0340,0.1000,PATROL,0
22.070,0.0336,0.0000,PATROL,0
22.104,0.0340,0.0000,PATROL,0
22.139,0.0346,0.1000,PATROL,0
22.172,0.0339,0.0000,PATROL,0
22.206,0.0337,0.0000,PATROL,0
22.240,0.0342,0.1000,PATROL,0
22.274,0.0340,0.0000,PATROL,0
22.308,0.0337,0.0000,PATROL,0
22.342,0.0345,0.1000,PATROL,0
22.376,0.0339,0.0000,PATROL,0
22.410,0.0339,0.0000,PATROL,0
22.444,0.0341,0.1000,PATROL,0
22.478,0.0340,0.0000,PATROL,0
22.512,0.0339,0.0000,PATROL,0
22.546,0.0341,0.1000,PATROL,0
22.580,0.0340,0.0000,PATROL,0
22.614,0.0340,0.0000,PATROL,0
22.648,0.0339,0.1000,PATROL,0
22.682,0.0343,0.0000,PATROL,0
22.716,0.0340,0.0000,PATROL,0
22.750,0.0338,0.1000,PATROL,0
22.784,0.0342,0.0000,PATROL,0
22.818,0.0340,0.0000,PATROL,0
22.853,0.0342,0.1000,PATROL,0
22.886,0.0337,0.0000,PATROL,0
22.921,0.0345,0.0000,PATROL,0
22.954,0.0334,0.1000,PATROL,0
22.989,0.0348,0.0000,PATROL,0
23.022,0.0332,0.0000,PATROL,0
23.057,0.0343,0.1000,PATROL,0
23.090,0.0336,0.0000,PATROL,0
23.124,0.0340,0.0000,PATROL,0
23.159,0.0345,0.1000,PATROL,0
23.193,0.0344,0.0000,PATROL,0
23.227,0.0336,0.1000,PATROL,0
23.261,0.0344,0.0000,PATROL,0
23.295,0.0339,0.0000,PATROL,0
23.329,0.0339,0.1000,PATROL,0
23.363,0.0341,0.0000,PATROL,0
23.397,0.0341,0.0000,PATROL,0
23.431,0.0338,0.1000,PATROL,0
23.465,0.0340,0.0000,PATROL,0
23.500,0.0348,0.0000,PATROL,0
23.534,0.0341,0.1000,PATROL,0
23.567,0.0335,0.0000,PATROL,0
23.601,0.0341,0.0000,PATROL,0
23.635,0.0339,0.1000,PATROL,0
23.669,0.0340,0.0000,PATROL,0
23.703,0.0341,0.0000,PATROL,0
23.737,0.0339,0.1000,PATROL,0
23.771,0.0342,0.0000,PATROL,0
23.805,0.0342,0.0000,PATROL,0
23.839,0.0337,0.1000,PATROL,0
23.873,0.0341,0.0000,PATROL,0
23.907,0.0338,0.0000,PATROL,0
23.941,0.0344,0.1000,PATROL,0
23.975,0.0336,0.0000,PATROL,0
24.009,0.0338,0.0000,PATROL,0
24.043,0.0340,0.1000,PATROL,0
24.077,0.0345,0.0000,PATROL,0
24.111,0.0337,0.0000,PATROL,0
24.145,0.0339,0.1000,PATROL,0
24.179,0.0344,0.0000,PATROL,0
24.214,0.0342,0.0000,PATROL,0
24.247,0.0337,0.1000,PATROL,0
24.282,0.0342,0.0000,PATROL,0
24.315,0.0339,0.0000,PATROL,0
24.349,0.0337,0.1000,PATROL,0
24.383,0.0341,0.0000,PATROL,0
24.418,0.0347,0.0000,PATROL,0
24.451,0.0334,0.1000,PATROL,0
24.485,0.0338,0.0000,PATROL,0
24.519,0.0343,0.0000,PATROL,0
24.554,0.0341,0.1000,PATROL,0
24.587,0.0338,0.0000,PATROL,0
24.621,0.0341,0.0000,PATROL,0
24.656,0.0341,0.1000,PATROL,0
24.690,0.0340,0.0000,PATROL,0
24.724,0.0344,0.0000,PATROL,0
24.757,0.0334,0.1000,PATROL,0
24.792,0.0342,0.0000,PATROL,0
24.825,0.0339,0.0000,PATROL,0
24.860,0.0341,0.1000,PATROL,0
24.893,0.0339,0.0000,PATROL,0
24.927,0.0339,0.1000,PATROL,0
24.962,0.0344,0.0000,PATROL,0
24.996,0.0341,0.0000,PATROL,0
25.030,0.0337,0.1000,PATROL,0
25.064,0.0343,0.0000,PATROL,0
25.098,0.0339,0.0000,PATROL,0
25.132,0.0338,0.1000,PATROL,0
25.166,0.0341,0.0000,PATROL,0
25.200,0.0344,0.0000,PATROL,0
25.234,0.0337,0.1000,PATROL,0
25.268,0.0342,0.0000,PATROL,0
25.302,0.0336,0.0000,PATROL,0
25.336,0.0344,0.1000,PATROL,0
25.370,0.0336,0.0000,PATROL,0
25.404,0.0342,0.0000,PATROL,0
25.438,0.0339,0.1000,PATROL,0
25.472,0.0344,0.0000,PATROL,0
25.506,0.0336,0.0000,PATROL,0
25.540,0.0341,0.1000,PATROL,0
25.574,0.0341,0.0000,PATROL,0
25.608,0.0338,0.0000,PATROL,0
25.642,0.0343,0.1000,PATROL,0
25.676,0.0341,0.0000,PATROL,0
25.710,0.0338,0.0000,PATROL,0
25.744,0.0341,0.1000,PATROL,0
25.778,0.0341,0.0000,PATROL,0
25.812,0.0339,0.0000,PATROL,0
25.846,0.0338,0.1000,PATROL,0
25.880,0.0346,0.0000,PATROL,0
25.914,0.0336,0.0000,PATROL,0
25.948,0.0342,0.1000,PATROL,0
25.982,0.0341,0.0000,PATROL,0
26.016,0.0339,0.0000,PATROL,0
26.050,0.0339,0.1000,PATROL,0
26.084,0.0341,0.0000,PATROL,0
26.118,0.0339,0.0000,PATROL,0
26.152,0.0341,0.1000,PATROL,0
26.186,0.0339,0.0000,PATROL,0
26.221,0.0346,0.0000,PATROL,0
26.254,0.0339,0.1000,PATROL,0
26.289,0.0342,0.0000,PATROL,0
26.322,0.0338,0.0000,PATROL,0
26.356,0.0339,0.1000,PATROL,0
26.391,0.0342,0.0000,PATROL,0
26.424,0.0337,0.0000,PATROL,0
26.459,0.0343,0.1000,PATROL,0
26.493,0.0346,0.0000,PATROL,0
26.526,0.0331,0.0000,PATROL,0
26.560,0.0342,0.1000,PATROL,0
26.595,0.0345,0.0000,PATROL,0
26.628,0.0333,0.1000,PATROL,0
26.662,0.0341,0.0000,PATROL,0
26.696,0.0340,0.0000,PATROL,0
26.730,0.0338,0.1000,PATROL,0
26.765,0.0344,0.0000,PATROL,0
26.798,0.0339,0.0000,PATROL,0
26.832,0.0338,0.1000,PATROL,0
26.866,0.0338,0.0000,PATROL,0
26.900,0.0342,0.0000,PATROL,0
26.934,0.0339,0.1000,PATROL,0
26.968,0.0340,0.0000,PATROL,0
27.002,0.0342,0.0000,PATROL,0
27.037,0.0341,0.1000,PATROL,0
27.071,0.0340,0.0000,PATROL,0
27.105,0.0344,0.0000,PATROL,0
27.139,0.0338,0.1000,PATROL,0
27.173,0.0342,0.0000,PATROL,0
27.207,0.0339,0.0000,PATROL,0
27.241,0.0341,0.1000,PATROL,0
27.275,0.0339,0.0000,PATROL,0
27.309,0.0338,0.0000,PATROL,0
27.343,0.0344,0.1000,PATROL,0
27.377,0.0340,0.0000,PATROL,0
27.411,0.0339,0.0000,PATROL,0
27.445,0.0342,0.1000,PATROL,0
27.479,0.0339,0.0000,PATROL,0
27.513,0.0340,0.0000,PATROL,0
27.547,0.0337,0.1000,PATROL,0
27.582,0.0354,0.0000,PATROL,0
27.615,0.0327,0.0000,PATROL,0
27.649,0.0340,0.1000,PATROL,0
27.683,0.0342,0.0000,PATROL,0
27.717,0.0340,0.0000,PATROL,0
27.751,0.0337,0.1000,PATROL,0
27.785,0.0342,0.0000,PATROL,0
27.819,0.0340,0.0000,PATROL,0
27.853,0.0339,0.1000,PATROL,0
27.887,0.0342,0.0000,PATROL,0
27.921,0.0339,0.0000,PATROL,0
27.955,0.0342,0.1000,PATROL,0
27.989,0.0340,0.0000,PATROL,0
28.023,0.0340,0.0000,PATROL,0
28.057,0.0339,0.1000,PATROL,0
28.091,0.0342,0.0000,PATROL,0
28.126,0.0352,0.0000,PATROL,0
28.160,0.0334,0.1000,PATROL,0
28.194,0.0339,0.0000,PATROL,0
28.228,0.0339,0.0000,PATROL,0
28.261,0.0338,0.1000,PATROL,0
28.296,0.0342,0.0000,PATROL,0
28.329,0.0336,0.1000,PATROL,0
28.364,0.0349,0.0000,PATROL,0
28.397,0.0334,0.0000,PATROL,0
28.431,0.0337,0.1000,PATROL,0
28.465,0.0343,0.0000,PATROL,0
28.499,0.0340,0.0000,PATROL,0
28.533,0.0337,0.1000,PATROL,0
28.567,0.0341,0.0000,PATROL,0
28.602,0.0346,0.0000,PATROL,0
28.635,0.0336,0.1000,PATROL,0
28.669,0.0339,0.0000,PATROL,0
28.703,0.0340,0.0000,PATROL,0
28.737,0.0339,0.1000,PATROL,0
28.772,0.0343,0.0000,PATROL,0
28.806,0.0343,0.0000,PATROL,0
28.839,0.0333,0.1000,PATROL,0
28.873,0.0340,0.0000,PATROL,0
28.907,0.0340,0.0000,PATROL,0
28.941,0.0340,0.1000,PATROL,0
28.976,0.0343,0.0000,PATROL,0
29.009,0.0336,0.0000,PATROL,0
29.043,0.0342,0.1000,PATROL,0
29.077,0.0340,0.0000,PATROL,0
29.111,0.0338,0.0000,PATROL,0
29.146,0.0343,0.1000,PATROL,0
29.181,0.0352,0.0000,PATROL,0
29.213,0.0325,0.0000,PATROL,0
29.247,0.0341,0.1000,PATROL,0
29.282,0.0344,0.0000,PATROL,0
29.316,0.0338,0.0000,PATROL,0
29.349,0.0339,0.1000,PATROL,0
29.383,0.0339,0.0000,PATROL,0
29.417,0.0341,0.0000,PATROL,0
29.451,0.0340,0.1000,PATROL,0
29.487,0.0352,0.0000,PATROL,0
29.519,0.0329,0.0000,PATROL,0
29.554,0.0342,0.1000,PATROL,0
29.587,0.0335,0.0000,PATROL,0
29.621,0.0343,0.0000,PATROL,0
29.656,0.0344,0.1000,PATROL,0
29.690,0.0339,0.0000,PATROL,0
29.724,0.0344,0.0000,PATROL,0
29.757,0.0332,0.1000,PATROL,0
29.791,0.0339,0.0000,PATROL,0
29.825,0.0340,0.0000,PATROL,0
29.859,0.0340,0.1000,PATROL,0
29.893,0.0341,0.0000,PATROL,0
29.927,0.0337,0.0000,PATROL,0
29.962,0.0345,0.1000,PATROL,0
29.996,0.0340,0.0000,PATROL,0
30.030,0.0340,0.1000,PATROL,0
30.064,0.0346,0.0000,PATROL,0
30.098,0.0340,0.0000,PATROL,0
30.132,0.0338,0.1000,PATROL,0
30.166,0.0344,0.0000,PATROL,0
30.201,0.0342,0.0000,PATROL,0
30.234,0.0336,0.1000,PATROL,0
30.269,0.0343,0.0000,PATROL,0
30.302,0.0337,0.0000,PATROL,0
30.336,0.0341,0.1000,PATROL,0
30.370,0.0342,0.0000,PATROL,0
30.404,0.0339,0.0000,PATROL,0
30.439,0.0347,0.1000,PATROL,0
30.473,0.0342,0.0000,PATROL,0
30.507,0.0340,0.0000,PATROL,0
30.541,0.0341,0.1000,PATROL,0
30.575,0.0341,0.0000,PATROL,0
30.610,0.0340,0.0000,PATROL,0
30.644,0.0341,0.1000,PATROL,0
30.678,0.0342,0.0000,PATROL,0
30.712,0.0339,0.0000,PATROL,0
30.746,0.0339,0.1000,PATROL,0
30.780,0.0343,0.0000,PATROL,0
30.814,0.0339,0.0000,PATROL,0
30.848,0.0339,0.1000,PATROL,0
30.882,0.0340,0.0000,PATROL,0
30.916,0.0339,0.0000,PATROL,0
30.949,0.0339,0.1000,PATROL,0
30.984,0.0344,0.0000,PATROL,0
31.018,0.0338,0.0000,PATROL,0
31.052,0.0340,0.1000,PATROL,0
31.086,0.0345,0.0000,PATROL,0
31.120,0.0334,0.0000,PATROL,0
31.154,0.0340,0.1000,PATROL,0
31.188,0.0341,0.0000,PATROL,0
31.222,0.0342,0.0000,PATROL,0
31.256,0.0338,0.1000,PATROL,0
31.290,0.0340,0.0000,PATROL,0
31.324,0.0343,0.0000,PATROL,0
31.358,0.0338,0.1000,PATROL,0
31.392,0.0342,0.0000,PATROL,0
31.426,0.0339,0.0000,PATROL,0
31.460,0.0340,0.1000,PATROL,0
31.494,0.0342,0.0000,PATROL,0
31.528,0.0340,0.0000,PATROL,0
31.562,0.0339,0.1000,PATROL,0
31.596,0.0341,0.0000,PATROL,0
31.630,0.0337,0.0000,PATROL,0
31.664,0.0341,0.1000,PATROL,0
31.698,0.0339,0.0000,PATROL,0
31.732,0.0339,0.1000,PATROL,0
31.766,0.0342,0.0000,PATROL,0
31.800,0.0340,0.0000,PATROL,0
31.834,0.0337,0.1000,PATROL,0
31.868,0.0345,0.0000,PATROL,0
31.902,0.0337,0.0000,PATROL,0
31.936,0.0341,0.1000,PATROL,0
31.970,0.0342,0.0000,PATROL,0
32.004,0.0342,0.0000,PATROL,0
32.038,0.0340,0.1000,PATROL,0
32.072,0.0340,0.0000,PATROL,0
32.107,0.0346,0.0000,PATROL,0
32.140,0.0335,0.1000,PATROL,0
32.174,0.0338,0.0000,PATROL,0
32.208,0.0340,0.0000,PATROL,0
32.242,0.0338,0.1000,PATROL,0
32.277,0.0345,0.0000,PATROL,0
32.310,0.0337,0.0000,PATROL,0
32.344,0.0339,0.1000,PATROL,0
32.378,0.0341,0.0000,PATROL,0
32.412,0.0340,0.0000,PATROL,0
32.446,0.0339,0.1000,PATROL,0
32.481,0.0343,0.0000,PATROL,0
32.514,0.0339,0.0000,PATROL,0
32.548,0.0339,0.1000,PATROL,0
32.583,0.0341,0.0000,PATROL,0
32.617,0.0340,0.0000,PATROL,0
32.650,0.0339,0.1000,PATROL,0
32.686,0.0353,0.0000,PATROL,0
32.719,0.0331,0.0000,PATROL,0
32.753,0.0337,0.1000,PATROL,0
32.787,0.0344,0.0000,PATROL,0
32.821,0.0340,0.0000,PATROL,0
32.855,0.0337,0.1000,PATROL,0
32.889,0.0343,0.0000,PATROL,0
32.923,0.0338,0.0000,PATROL,0
32.957,0.0347,0.1000,PATROL,0
32.991,0.0332,0.0000,PATROL,0
33.025,0.0341,0.0000,PATROL,0
33.059,0.0347,0.1000,PATROL,0
33.093,0.0334,0.0000,PATROL,0
33.127,0.0341,0.0000,PATROL,0
33.161,0.0339,0.1000,PATROL,0
33.195,0.0343,0.0000,PATROL,0
33.229,0.0339,0.0000,PATROL,0
33.263,0.0338,0.1000,PATROL,0
33.297,0.0341,0.0000,PATROL,0
33.331,0.0338,0.0000,PATROL,0
33.365,0.0342,0.1000,PATROL,0
33.399,0.0341,0.0000,PATROL,0
33.433,0.0337,0.1000,PATROL,0
33.467,0.0345,0.0000,PATROL,0
33.501,0.0338,0.0000,PATROL,0
33.535,0.0338,0.1000,PATROL,0
33.569,0.0341,0.0000,PATROL,0
33.603,0.0340,0.0000,PATROL,0
33.637,0.0341,0.1000,PATROL,0
33.671,0.0339,0.0000,PATROL,0
33.706,0.0347,0.0000,PATROL,0
33.739,0.0334,0.1000,PATROL,0
33.773,0.0341,0.0000,PATROL,0
33.807,0.0339,0.0000,PATROL,0
33.842,0.0347,0.1000,PATROL,0
33.875,0.0333,0.0000,PATROL,0
33.909,0.0341,0.0000,PATROL,0
33.943,0.0339,0.1000,PATROL,0
33.977,0.0341,0.0000,PATROL,0
34.011,0.0341,0.0000,PATROL,0
34.045,0.0341,0.1000,PATROL,0
34.079,0.0341,0.0000,PATROL,0
34.113,0.0340,0.0000,PATROL,0
34.147,0.0341,0.1000,PATROL,0
34.181,0.0339,0.0000,PATROL,0
34.215,0.0339,0.0000,PATROL,0
34.249,0.0342,0.1000,PATROL,0
34.284,0.0344,0.0000,PATROL,0
34.317,0.0334,0.0000,PATROL,0
34.351,0.0341,0.1000,PATROL,0
34.385,0.0342,0.0000,PATROL,0
34.419,0.0339,0.0000,PATROL,0
34.453,0.0339,0.1000,PATROL,0
34.487,0.0342,0.0000,PATROL,0
34.521,0.0338,0.0000,PATROL,0
34.555,0.0342,0.1000,PATROL,0
34.590,0.0348,0.0000,PATROL,0
34.623,0.0330,0.0000,PATROL,0
34.657,0.0341,0.1000,PATROL,0
34.691,0.0341,0.0000,PATROL,0
34.725,0.0338,0.0000,PATROL,0
34.759,0.0341,0.1000,PATROL,0
34.793,0.0339,0.0000,PATROL,0
34.828,0.0342,0.0000,PATROL,0
34.863,0.0351,0.1000,PATROL,0
34.895,0.0327,0.0000,PATROL,0
34.930,0.0343,0.0000,PATROL,0
34.964,0.0340,0.1000,PATROL,0
34.998,0.0341,0.0000,PATROL,0
35.032,0.0339,0.0000,PATROL,0
35.066,0.0345,0.1000,PATROL,0
35.100,0.0341,0.0000,PATROL,0
35.134,0.0341,0.1000,PATROL,0
35.168,0.0335,0.0000,PATROL,0
35.202,0.0345,0.0000,PATROL,0
35.236,0.0335,0.1000,PATROL,0
35.270,0.0344,0.0000,PATROL,0
35.304,0.0338,0.0000,PATROL,0
35.338,0.0337,0.1000,PATROL,0
35.372,0.0344,0.0000,PATROL,0
35.406,0.0342,0.0000,PATROL,0
35.440,0.0336,0.1000,PATROL,0
35.474,0.0341,0.0000,PATROL,0
35.508,0.0336,0.0000,PATROL,0
35.542,0.0342,0.1000,PATROL,0
35.576,0.0341,0.0000,PATROL,0
35.610,0.0340,0.0000,PATROL,0
35.644,0.0341,0.1000,PATROL,0
35.679,0.0345,0.0000,PATROL,0
35.712,0.0334,0.0000,PATROL,0
35.746,0.0342,0.1000,PATROL,0
35.780,0.0342,0.0000,PATROL,0
35.814,0.0337,0.0000,PATROL,0
35.848,0.0340,0.1000,PATROL,0
35.882,0.0341,0.0000,PATROL,0
35.916,0.0344,0.0000,PATROL,0
35.950,0.0339,0.1000,PATROL,0
35.984,0.0338,0.0000,PATROL,0
36.018,0.0342,0.0000,PATROL,0
36.052,0.0338,0.1000,PATROL,0
36.087,0.0347,0.0000,PATROL,0
36.120,0.0336,0.0000,PATROL,0
36.154,0.0340,0.1000,PATROL,0
36.189,0.0346,0.0000,PATROL,0
36.222,0.0334,0.0000,PATROL,0
36.256,0.0339,0.1000,PATROL,0
36.291,0.0344,0.0000,PATROL,0
36.324,0.0338,0.0000,PATROL,0
36.359,0.0341,0.1000,PATROL,0
36.392,0.0339,0.0000,PATROL,0
36.427,0.0342,0.0000,PATROL,0
36.461,0.0348,0.1000,PATROL,0
36.494,0.0329,0.0000,PATROL,0
36.528,0.0341,0.0000,PATROL,0
36.562,0.0340,0.1000,PATROL,0
36.597,0.0343,0.0000,PATROL,0
36.631,0.0338,0.0000,PATROL,0
36.664,0.0339,0.1000,PATROL,0
36.699,0.0342,0.0000,PATROL,0
36.733,0.0338,0.0000,PATROL,0
36.767,0.0341,0.1000,PATROL,0
36.800,0.0338,0.0000,PATROL,0
36.834,0.0339,0.1000,PATROL,0
36.869,0.0344,0.0000,PATROL,0
36.903,0.0341,0.0000,PATROL,0
36.936,0.0337,0.1000,PATROL,0
36.971,0.0341,0.0000,PATROL,0
37.005,0.0340,0.0000,PATROL,0
37.039,0.0340,0.1000,PATROL,0
37.073,0.0340,0.0000,PATROL,0
37.107,0.0340,0.0000,PATROL,0
37.141,0.0341,0.1000,PATROL,0
37.175,0.0342,0.0000,PATROL,0
37.208,0.0336,0.0000,PATROL,0
37.243,0.0342,0.1000,PATROL,0
37.277,0.0344,0.0000,PATROL,0
37.311,0.0339,0.0000,PATROL,0
37.345,0.0337,0.1000,PATROL,0
37.379,0.0342,0.0000,PATROL,0
37.413,0.0339,0.0000,PATROL,0
37.447,0.0344,0.1000,PATROL,0
37.481,0.0339,0.0000,PATROL,0
37.515,0.0338,0.0000,PATROL,0
37.549,0.0343,0.1000,PATROL,0
37.583,0.0338,0.0000,PATROL,0
37.617,0.0341,0.0000,PATROL,0
37.651,0.0340,0.1000,PATROL,0
37.685,0.0340,0.0000,PATROL,0
37.719,0.0338,0.0000,PATROL,0
37.753,0.0340,0.1000,PATROL,0
37.787,0.0342,0.0000,PATROL,0
37.821,0.0339,0.0000,PATROL,0
37.855,0.0341,0.1000,PATROL,0
37.889,0.0340,0.0000,PATROL,0
37.923,0.0340,0.0000,PATROL,0
37.957,0.0340,0.1000,PATROL,0
37.991,0.0343,0.0000,PATROL,0
38.025,0.0338,0.0000,PATROL,0
38.059,0.0339,0.1000,PATROL,0
38.093,0.0343,0.0000,PATROL,0
38.127,0.0337,0.0000,PATROL,0
38.161,0.0342,0.1000,PATROL,0
38.195,0.0338,0.0000,PATROL,0
38.230,0.0344,0.0000,PATROL,0
38.263,0.0335,0.1000,PATROL,0
38.297,0.0343,0.0000,PATROL,0
38.332,0.0346,0.0000,PATROL,0
38.365,0.0333,0.1000,PATROL,0
38.399,0.0338,0.0000,PATROL,0
38.433,0.0343,0.0000,PATROL,0
38.467,0.0339,0.1000,PATROL,0
38.502,0.0343,0.0000,PATROL,0
38.535,0.0338,0.1000,PATROL,0
38.569,0.0341,0.0000,PATROL,0
38.603,0.0340,0.0000,PATROL,0
38.637,0.0338,0.1000,PATROL,0
38.671,0.0342,0.0000,PATROL,0
38.706,0.0346,0.0000,PATROL,0
38.740,0.0336,0.1000,PATROL,0
38.774,0.0340,0.0000,PATROL,0
38.808,0.0338,0.0000,PATROL,0
38.842,0.0341,0.1000,PATROL,0
38.876,0.0341,0.0000,PATROL,0
38.910,0.0338,0.0000,PATROL,0
38.943,0.0340,0.1000,PATROL,0
38.978,0.0341,0.0000,PATROL,0
39.012,0.0340,0.0000,PATROL,0
39.046,0.0340,0.1000,PATROL,0
39.080,0.0340,0.0000,PATROL,0
39.114,0.0338,0.0000,PATROL,0
39.148,0.0342,0.1000,PATROL,0
39.182,0.0340,0.0000,PATROL,0
39.216,0.0341,0.0000,PATROL,0
39.250,0.0340,0.1000,PATROL,0
39.284,0.0341,0.0000,PATROL,0
39.318,0.0337,0.0000,PATROL,0
39.352,0.0346,0.1000,PATROL,0
39.386,0.0335,0.0000,PATROL,0
39.420,0.0342,0.0000,PATROL,0
39.454,0.0339,0.1000,PATROL,0
39.488,0.0346,0.0000,PATROL,0
39.522,0.0334,0.0000,PATROL,0
39.556,0.0342,0.1000,PATROL,0
39.590,0.0344,0.0000,PATROL,0
39.624,0.0335,0.0000,PATROL,0
39.658,0.0340,0.1000,PATROL,0
39.693,0.0348,0.0000,PATROL,0
39.726,0.0331,0.0000,PATROL,0
39.760,0.0340,0.1000,PATROL,0
39.794,0.0342,0.0000,PATROL,0
39.828,0.0344,0.0000,PATROL,0
39.862,0.0339,0.1000,PATROL,0
39.896,0.0341,0.0000,PATROL,0
39.930,0.0339,0.0000,PATROL,0
39.964,0.0338,0.1000,PATROL,0
39.998,0.0342,0.0000,PATROL,0
40.032,0.0340,0.0000,PATROL,0
40.066,0.0338,0.1000,PATROL,0
40.101,0.0345,0.0000,PATROL,0
40.134,0.0335,0.0000,PATROL,0
40.168,0.0343,0.1000,PATROL,0
40.202,0.0337,0.0000,PATROL,0
40.236,0.0339,0.1000,PATROL,0
40.270,0.0341,0.0000,PATROL,0
40.304,0.0340,0.0000,PATROL,0
40.338,0.0340,0.1000,PATROL,0
40.372,0.0342,0.0000,PATROL,0
40.406,0.0341,0.0000,PATROL,0
40.440,0.0337,0.1000,PATROL,0
40.474,0.0340,0.0000,PATROL,0
40.508,0.0340,0.0000,PATROL,0
40.542,0.0340,0.1000,PATROL,0
40.576,0.0343,0.0000,PATROL,0
40.610,0.0339,0.0000,PATROL,0
40.644,0.0341,0.1000,PATROL,0
40.678,0.0340,0.0000,PATROL,0
40.712,0.0340,0.0000,PATROL,0
40.746,0.0339,0.1000,PATROL,0
40.780,0.0342,0.0000,PATROL,0
40.814,0.0337,0.0000,PATROL,0
40.848,0.0341,0.1000,PATROL,0
40.882,0.0341,0.0000,PATROL,0
40.916,0.0339,0.0000,PATROL,0
40.951,0.0344,0.1000,PATROL,0
40.984,0.0336,0.0000,PATROL,0
41.018,0.0340,0.0000,PATROL,0
41.052,0.0340,0.1000,PATROL,0
41.086,0.0340,0.0000,PATROL,0
41.120,0.0340,0.0000,PATROL,0
41.154,0.0339,0.1000,PATROL,0
41.189,0.0343,0.0000,PATROL,0
41.223,0.0341,0.0000,PATROL,0
41.257,0.0341,0.1000,PATROL,0
41.291,0.0343,0.0000,PATROL,0
41.325,0.0340,0.0000,PATROL,0
41.359,0.0338,0.1000,PATROL,0
41.393,0.0340,0.0000,PATROL,0
41.427,0.0340,0.0000,PATROL,0
41.461,0.0339,0.1000,PATROL,0
41.495,0.0341,0.0000,PATROL,0
41.529,0.0342,0.0000,PATROL,0
41.563,0.0342,0.1000,PATROL,0
41.597,0.0336,0.0000,PATROL,0
41.631,0.0340,0.0000,PATROL,0
41.665,0.0342,0.1000,PATROL,0
41.699,0.0337,0.0000,PATROL,0
41.733,0.0344,0.0000,PATROL,0
41.767,0.0337,0.1000,PATROL,0
41.801,0.0344,0.0000,PATROL,0
41.835,0.0339,0.0000,PATROL,0
41.869,0.0339,0.1000,PATROL,0
41.903,0.0341,0.0000,PATROL,0
41.937,0.0337,0.1000,PATROL,0
41.971,0.0342,0.0000,PATROL,0
42.006,0.0345,0.0000,PATROL,0
42.039,0.0335,0.1000,PATROL,0
42.073,0.0343,0.0000,PATROL,0
42.107,0.0336,0.0000,PATROL,0
42.141,0.0340,0.1000,PATROL,0
42.175,0.0341,0.0000,PATROL,0
42.209,0.0338,0.0000,PATROL,0
42.243,0.0344,0.1000,PATROL,0
42.277,0.0340,0.0000,PATROL,0
42.312,0.0342,0.0000,PATROL,0
42.346,0.0341,0.1000,PATROL,0
42.380,0.0340,0.0000,PATROL,0
42.414,0.0344,0.0000,PATROL,0
42.447,0.0333,0.1000,PATROL,0
42.481,0.0340,0.0000,PATROL,0
42.515,0.0339,0.0000,PATROL,0
42.550,0.0342,0.1000,PATROL,0
42.583,0.0339,0.0000,PATROL,0
42.618,0.0341,0.0000,PATROL,0
42.651,0.0339,0.1000,PATROL,0
42.686,0.0343,0.0000,PATROL,0
42.719,0.0337,0.0000,PATROL,0
42.754,0.0342,0.1000,PATROL,0
42.788,0.0342,0.0000,PATROL,0
42.822,0.0338,0.0000,PATROL,0
42.855,0.0338,0.1000,PATROL,0
42.890,0.0344,0.0000,PATROL,0
42.924,0.0338,0.0000,PATROL,0
42.958,0.0346,0.1000,PATROL,0
42.992,0.0334,0.0000,PATROL,0
43.026,0.0341,0.0000,PATROL,0
43.060,0.0338,0.1000,PATROL,0
43.094,0.0344,0.0000,PATROL,0
43.128,0.0337,0.0000,PATROL,0
43.162,0.0339,0.1000,PATROL,0
43.196,0.0346,0.0000,PATROL,0
43.230,0.0337,0.0000,PATROL,0
43.264,0.0338,0.1000,PATROL,0
43.298,0.0344,0.0000,PATROL,0
43.332,0.0338,0.0000,PATROL,0
43.366,0.0339,0.1000,PATROL,0
43.400,0.0340,0.0000,PATROL,0
43.434,0.0342,0.0000,PATROL,0
43.468,0.0337,0.1000,PATROL,0
43.502,0.0339,0.0000,PATROL,0
43.536,0.0340,0.0000,PATROL,0
43.570,0.0341,0.1000,PATROL,0
43.604,0.0342,0.0000,PATROL,0
43.638,0.0336,0.1000,PATROL,0
43.672,0.0344,0.0000,PATROL,0
43.706,0.0341,0.0000,PATROL,0
43.740,0.0338,0.1000,PATROL,0
43.774,0.0342,0.0000,PATROL,0
43.808,0.0337,0.0000,PATROL,0
43.842,0.0341,0.1000,PATROL,0
43.876,0.0340,0.0000,PATROL,0
43.910,0.0338,0.0000,PATROL,0
43.944,0.0341,0.1000,PATROL,0
43.978,0.0342,0.0000,PATROL,0
44.012,0.0341,0.0000,PATROL,0
44.046,0.0338,0.1000,PATROL,0
44.080,0.0341,0.0000,PATROL,0
44.114,0.0341,0.0000,PATROL,0
44.148,0.0339,0.1000,PATROL,0
44.182,0.0341,0.0000,PATROL,0
44.216,0.0340,0.0000,PATROL,0
44.250,0.0339,0.1000,PATROL,0
44.284,0.0342,0.0000,PATROL,0
44.318,0.0339,0.0000,PATROL,0
44.352,0.0340,0.1000,PATROL,0
44.387,0.0344,0.0000,PATROL,0
44.420,0.0337,0.0000,PATROL,0
44.454,0.0340,0.1000,PATROL,0
44.489,0.0343,0.0000,PATROL,0
44.522,0.0339,0.0000,PATROL,0
44.556,0.0339,0.1000,PATROL,0
44.590,0.0341,0.0000,PATROL,0
44.624,0.0340,0.0000,PATROL,0
44.659,0.0341,0.1000,PATROL,0
44.693,0.0340,0.0000,PATROL,0
44.727,0.0341,0.0000,PATROL,0
44.761,0.0338,0.1000,PATROL,0
44.795,0.0342,0.0000,PATROL,0
44.829,0.0340,0.0000,PATROL,0
44.862,0.0338,0.1000,PATROL,0
44.897,0.0343,0.0000,PATROL,0
44.930,0.0336,0.0000,PATROL,0
44.965,0.0343,0.1000,PATROL,0
44.999,0.0338,0.0000,PATROL,0
45.033,0.0340,0.0000,PATROL,0
45.067,0.0342,0.1000,PATROL,0
45.101,0.0340,0.0000,PATROL,0
45.135,0.0342,0.0000,PATROL,0
45.169,0.0336,0.1000,PATROL,0
45.203,0.0342,0.0000,PATROL,0
45.237,0.0338,0.0000,PATROL,0
45.271,0.0340,0.1000,PATROL,0
45.305,0.0341,0.0000,PATROL,0
45.339,0.0340,0.1000,PATROL,0
45.373,0.0342,0.0000,PATROL,0
45.407,0.0343,0.0000,PATROL,0
45.441,0.0335,0.1000,PATROL,0
45.475,0.0341,0.0000,PATROL,0
45.509,0.0340,0.0000,PATROL,0
45.543,0.0340,0.1000,PATROL,0
45.577,0.0338,0.0000,PATROL,0
45.611,0.0342,0.0000,PATROL,0
45.645,0.0342,0.1000,PATROL,0
45.679,0.0338,0.0000,PATROL,0
45.713,0.0339,0.0000,PATROL,0
45.747,0.0341,0.1000,PATROL,0
45.781,0.0339,0.0000,PATROL,0
45.815,0.0345,0.0000,PATROL,0
45.849,0.0335,0.1000,PATROL,0
45.883,0.0341,0.0000,PATROL,0
45.917,0.0341,0.0000,PATROL,0
45.951,0.0339,0.1000,PATROL,0
45.985,0.0344,0.0000,PATROL,0
46.019,0.0337,0.0000,PATROL,0
46.053,0.0340,0.1000,PATROL,0
46.087,0.0340,0.0000,PATROL,0
46.121,0.0343,0.0000,PATROL,0
46.156,0.0348,0.1000,PATROL,0
46.189,0.0331,0.0000,PATROL,0
46.223,0.0340,0.0000,PATROL,0
46.257,0.0336,0.1000,PATROL,0
46.291,0.0344,0.0000,PATROL,0
46.325,0.0339,0.0000,PATROL,0
46.359,0.0340,0.1000,PATROL,0
46.393,0.0340,0.0000,PATROL,0
46.428,0.0345,0.0000,PATROL,0
46.462,0.0339,0.1000,PATROL,0
46.496,0.0342,0.0000,PATROL,0
46.529,0.0336,0.0000,PATROL,0
46.564,0.0342,0.1000,PATROL,0
46.597,0.0337,0.0000,PATROL,0
46.632,0.0341,0.0000,PATROL,0
46.665,0.0338,0.1000,PATROL,0
46.700,0.0343,0.0000,PATROL,0
46.735,0.0352,0.0000,PATROL,0
46.768,0.0328,0.1000,PATROL,0
46.802,0.0339,0.0000,PATROL,0
46.836,0.0343,0.0000,PATROL,0
46.870,0.0338,0.1000,PATROL,0
46.904,0.0341,0.0000,PATROL,0
46.937,0.0337,0.0000,PATROL,0
46.972,0.0342,0.1000,PATROL,0
47.006,0.0339,0.0000,PATROL,0
47.040,0.0339,0.1000,PATROL,0
47.074,0.0342,0.0000,PATROL,0
47.108,0.0339,0.0000,PATROL,0
47.142,0.0341,0.1000,PATROL,0
47.176,0.0341,0.0000,PATROL,0
47.210,0.0337,0.0000,PATROL,0
47.244,0.0343,0.1000,PATROL,0
47.278,0.0338,0.0000,PATROL,0
47.312,0.0341,0.0000,PATROL,0
47.346,0.0340,0.1000,PATROL,0
47.380,0.0341,0.0000,PATROL,0
47.414,0.0341,0.0000,PATROL,0
47.448,0.0338,0.1000,PATROL,0
47.482,0.0342,0.0000,PATROL,0
47.516,0.0338,0.0000,PATROL,0
47.550,0.0340,0.1000,PATROL,0
47.584,0.0343,0.0000,PATROL,0
47.618,0.0336,0.0000,PATROL,0
47.652,0.0343,0.1000,PATROL,0
47.686,0.0339,0.0000,PATROL,0
47.720,0.0340,0.0000,PATROL,0
47.754,0.0341,0.1000,PATROL,0
47.788,0.0341,0.0000,PATROL,0
47.822,0.0343,0.0000,PATROL,0
47.856,0.0337,0.1000,PATROL,0
47.890,0.0339,0.0000,PATROL,0
47.924,0.0341,0.0000,PATROL,0
47.958,0.0339,0.1000,PATROL,0
47.992,0.0341,0.0000,PATROL,0
48.026,0.0339,0.0000,ALIGN,0
48.060,0.0340,0.1000,ALIGN,0
48.095,0.0345,0.0000,ALIGN,0
48.128,0.0337,0.0000,ALIGN,0
48.162,0.0339,0.1000,ALIGN,0
48.196,0.0340,0.0000,ALIGN,0
48.230,0.0340,0.0000,ALIGN,0
48.264,0.0340,0.1000,ALIGN,0
48.298,0.0341,0.0000,ALIGN,0
48.333,0.0346,0.0000,ALIGN,0
48.366,0.0336,0.1000,ALIGN,0
48.400,0.0339,0.0000,ALIGN,0
48.434,0.0341,0.0000,ALIGN,0
48.469,0.0341,0.1000,ALIGN,0
48.502,0.0338,0.0000,ALIGN,0
48.536,0.0340,0.0000,ALIGN,0
48.570,0.0340,0.1000,ALIGN,0
48.605,0.0346,0.0000,ALIGN,0
48.638,0.0335,0.0000,ALIGN,0
48.673,0.0342,0.1000,ALIGN,0
48.707,0.0340,0.0000,ALIGN,0
48.740,0.0337,0.1000,ALIGN,0
48.774,0.0342,0.0000,ALIGN,0
48.808,0.0339,0.0000,ALIGN,0
48.842,0.0340,0.1000,ALIGN,0
48.877,0.0344,0.0000,ALIGN,0
48.910,0.0337,0.0000,ALIGN,0
48.944,0.0339,0.1000,ALIGN,0
48.979,0.0342,0.0000,ALIGN,0
49.013,0.0340,0.0000,ALIGN,0
49.047,0.0341,0.1000,ALIGN,0
49.081,0.0341,0.0000,ALIGN,0
49.115,0.0339,0.0000,ALIGN,0
49.149,0.0343,0.1000,ALIGN,0
49.183,0.0337,0.0000,ALIGN,0
49.217,0.0341,0.0000,ALIGN,0
49.251,0.0340,0.1000,ALIGN,0
49.285,0.0342,0.0000,ALIGN,0
49.319,0.0336,0.0000,ALIGN,0
49.353,0.0340,0.1000,ALIGN,0
49.387,0.0340,0.0000,ALIGN,0
49.421,0.0342,0.0000,ALIGN,0
49.455,0.0339,0.1000,ALIGN,0
49.489,0.0340,0.0000,ALIGN,0
49.523,0.0340,0.0000,ALIGN,0
49.557,0.0341,0.1000,ALIGN,0
49.591,0.0343,0.0000,ALIGN,0
49.625,0.0338,0.0000,APPROACH,0
49.659,0.0339,0.1000,APPROACH,0
49.694,0.0347,0.0000,APPROACH,0
49.727,0.0334,0.0000,APPROACH,0
49.761,0.0340,0.1000,APPROACH,0
49.795,0.0340,0.0000,APPROACH,0
49.829,0.0343,0.0000,APPROACH,0
49.863,0.0337,0.1000,APPROACH,0
49.897,0.0343,0.0000,APPROACH,0
49.931,0.0335,0.0000,APPROACH,0
49.965,0.0345,0.1000,APPROACH,0
49.999,0.0337,0.0000,APPROACH,0
50.033,0.0344,0.0000,APPROACH,0
50.067,0.0338,0.1000,APPROACH,0
50.101,0.0338,0.0000,APPROACH,0
50.136,0.0346,0.0000,APPROACH,0
50.169,0.0336,0.1000,APPROACH,0
50.204,0.0343,0.0000,APPROACH,0
50.238,0.0346,0.0000,APPROACH,0
50.271,0.0332,0.1000,APPROACH,0
50.305,0.0342,0.0000,APPROACH,0
50.339,0.0338,0.0000,APPROACH,0
50.373,0.0340,0.1000,APPROACH,0
50.407,0.0339,0.0000,APPROACH,0
50.442,0.0344,0.1000,APPROACH,0
50.475,0.0340,0.0000,APPROACH,0
50.509,0.0338,0.0000,APPROACH,0
50.543,0.0339,0.1000,APPROACH,0
50.577,0.0342,0.0000,APPROACH,0
50.611,0.0339,0.0000,APPROACH,0
50.645,0.0341,0.1000,APPROACH,0
50.679,0.0339,0.0000,APPROACH,0
50.713,0.0339,0.0000,APPROACH,0
50.747,0.0340,0.1000,APPROACH,0
50.781,0.0342,0.0000,APPROACH,0
50.815,0.0340,0.0000,APPROACH,0
50.850,0.0342,0.1000,APPROACH,0
50.884,0.0341,0.0000,APPROACH,0
50.918,0.0344,0.0000,APPROACH,0
50.952,0.0335,0.1000,APPROACH,0
50.986,0.0342,0.0000,APPROACH,0
51.020,0.0339,0.0000,APPROACH,0
51.054,0.0343,0.1000,APPROACH,0
51.088,0.0342,0.0000,APPROACH,0
51.122,0.0336,0.0000,APPROACH,0
51.156,0.0343,0.1000,APPROACH,0
51.190,0.0339,0.0000,APPROACH,0
51.224,0.0341,0.0000,APPROACH,0
51.258,0.0338,0.1000,APPROACH,0
51.292,0.0343,0.0000,APPROACH,0
51.326,0.0336,0.0000,APPROACH,0
51.360,0.0340,0.1000,APPROACH,0
51.394,0.0342,0.0000,APPROACH,0
51.428,0.0338,0.0000,APPROACH,0
51.462,0.0342,0.1000,APPROACH,0
51.496,0.0339,0.0000,APPROACH,0
51.530,0.0341,0.0000,APPROACH,0
51.564,0.0343,0.1000,APPROACH,0
51.598,0.0336,0.0000,APPROACH,0
51.632,0.0340,0.0000,APPROACH,0
51.666,0.0341,0.1000,APPROACH,0
51.700,0.0339,0.0000,APPROACH,0
51.734,0.0341,0.0000,APPROACH,0
51.768,0.0339,0.1000,APPROACH,0
51.802,0.0342,0.0000,APPROACH,0
51.836,0.0342,0.0000,APPROACH,0
51.870,0.0339,0.1000,APPROACH,0
51.904,0.0341,0.0000,APPROACH,0
51.938,0.0340,0.0000,APPROACH,0
51.972,0.0338,0.1000,APPROACH,0
52.006,0.0340,0.0000,APPROACH,0
52.040,0.0342,0.0000,APPROACH,0
52.074,0.0340,0.1000,APPROACH,0
52.108,0.0340,0.0000,APPROACH,0
52.142,0.0337,0.1000,APPROACH,0
52.176,0.0343,0.0000,APPROACH,0
52.210,0.0340,0.0000,APPROACH,0
52.244,0.0340,0.1000,APPROACH,0
52.278,0.0342,0.0000,APPROACH,0
52.312,0.0340,0.0000,APPROACH,0
52.347,0.0341,0.1000,APPROACH,0
52.380,0.0339,0.0000,APPROACH,0
52.414,0.0340,0.0000,APPROACH,0
52.449,0.0341,0.1000,APPROACH,0
52.482,0.0339,0.0000,APPROACH,0
52.517,0.0345,0.0000,APPROACH,0
52.551,0.0340,0.1000,APPROACH,0
52.585,0.0339,0.0000,APPROACH,0
52.620,0.0348,0.0000,APPROACH,0
52.654,0.0339,0.1000,APPROACH,0
52.687,0.0332,0.0000,APPROACH,0
52.721,0.0341,0.0000,APPROACH,0
52.755,0.0338,0.1000,APPROACH,0
52.789,0.0340,0.0000,APPROACH,0
52.823,0.0343,0.0000,APPROACH,0
52.857,0.0342,0.1000,APPROACH,0
52.891,0.0338,0.0000,APPROACH,0
52.925,0.0339,0.0000,APPROACH,0
52.959,0.0339,0.1000,APPROACH,0
52.993,0.0341,0.0000,APPROACH,0
53.027,0.0340,0.0000,APPROACH,0
53.061,0.0340,0.1000,APPROACH,0
53.095,0.0341,0.0000,APPROACH,0
53.129,0.0339,0.0000,APPROACH,0
53.163,0.0337,0.1000,APPROACH,0
53.198,0.0350,0.0000,APPROACH,0
53.231,0.0331,0.0000,APPROACH,0
53.265,0.0343,0.1000,APPROACH,0
53.299,0.0343,0.0000,APPROACH,0
53.333,0.0339,0.0000,APPROACH,0
53.367,0.0342,0.1000,APPROACH,0
53.401,0.0339,0.0000,APPROACH,0
53.435,0.0340,0.0000,APPROACH,0
53.470,0.0347,0.1000,APPROACH,0
53.503,0.0331,0.0000,APPROACH,0
53.537,0.0340,0.0000,APPROACH,0
53.571,0.0341,0.1000,APPROACH,0
53.606,0.0346,0.0000,APPROACH,0
53.639,0.0335,0.0000,APPROACH,0
53.673,0.0339,0.1000,APPROACH,0
53.707,0.0338,0.0000,APPROACH,0
53.741,0.0341,0.0000,APPROACH,0
53.775,0.0341,0.1000,APPROACH,0
53.809,0.0338,0.0000,APPROACH,0
53.843,0.0339,0.1000,APPROACH,0
53.877,0.0343,0.0000,APPROACH,0
53.911,0.0339,0.0000,APPROACH,0
53.945,0.0339,0.1000,APPROACH,0
53.979,0.0343,0.0000,APPROACH,0
54.013,0.0342,0.0000,APPROACH,0
54.047,0.0338,0.1000,APPROACH,0
54.081,0.0339,0.0000,APPROACH,0
54.115,0.0342,0.0000,APPROACH,0
54.149,0.0339,0.1000,APPROACH,0
54.183,0.0340,0.0000,APPROACH,0
54.217,0.0341,0.0000,APPROACH,0
54.251,0.0338,0.1000,APPROACH,0
54.286,0.0344,0.0000,APPROACH,0
54.319,0.0339,0.0000,APPROACH,0
54.353,0.0338,0.1000,APPROACH,0
54.387,0.0340,0.0000,APPROACH,0
54.421,0.0340,0.0000,APPROACH,0
54.455,0.0342,0.1000,APPROACH,0
54.490,0.0342,0.0000,APPROACH,0
54.523,0.0339,0.0000,APPROACH,0
54.558,0.0343,0.1000,APPROACH,0
54.592,0.0341,0.0000,APPROACH,0
54.626,0.0339,0.0000,APPROACH,0
54.660,0.0339,0.1000,APPROACH,0
54.694,0.0341,0.0000,APPROACH,0
54.728,0.0340,0.0000,APPROACH,0
54.761,0.0337,0.1000,APPROACH,0
54.796,0.0343,0.0000,APPROACH,0
54.830,0.0345,0.0000,APPROACH,0
54.864,0.0335,0.1000,APPROACH,0
54.898,0.0343,0.0000,APPROACH,0
54.932,0.0339,0.0000,APPROACH,0
54.966,0.0338,0.1000,APPROACH,0
55.000,0.0346,0.0000,APPROACH,0
55.034,0.0340,0.0000,APPROACH,0
55.068,0.0341,0.1000,APPROACH,0
55.102,0.0338,0.0000,APPROACH,0
55.136,0.0338,0.0000,APPROACH,0
55.170,0.0338,0.1000,APPROACH,0
55.204,0.0344,0.0000,APPROACH,0
55.238,0.0340,0.0000,APPROACH,0
55.272,0.0341,0.1000,APPROACH,0
55.307,0.0342,0.0000,APPROACH,0
55.341,0.0340,0.0000,APPROACH,0
55.374,0.0335,0.1000,APPROACH,0
55.408,0.0340,0.0000,APPROACH,0
55.442,0.0339,0.0000,APPROACH,0
55.476,0.0343,0.1000,APPROACH,0
55.510,0.0338,0.0000,APPROACH,0
55.544,0.0340,0.1000,APPROACH,0
55.578,0.0344,0.0000,APPROACH,0
55.612,0.0340,0.0000,APPROACH,0
55.646,0.0337,0.1000,APPROACH,0
55.680,0.0343,0.0000,APPROACH,0
55.714,0.0340,0.0000,APPROACH,0
55.748,0.0340,0.1000,APPROACH,0
55.782,0.0339,0.0000,APPROACH,0
55.816,0.0343,0.0000,APPROACH,0
55.850,0.0337,0.1000,APPROACH,0
55.884,0.0343,0.0000,APPROACH,0
55.918,0.0336,0.0000,APPROACH,0
55.952,0.0341,0.1000,APPROACH,0
55.986,0.0341,0.0000,APPROACH,0
56.020,0.0341,0.0000,APPROACH,0
56.054,0.0340,0.1000,APPROACH,0
56.088,0.0341,0.0000,APPROACH,0
56.123,0.0342,0.0000,APPROACH,0
56.157,0.0339,0.1000,APPROACH,0
56.191,0.0343,0.0000,APPROACH,0
56.224,0.0336,0.0000,APPROACH,0
56.259,0.0341,0.1000,APPROACH,0
56.292,0.0339,0.0000,APPROACH,0
56.326,0.0340,0.0000,APPROACH,0
56.361,0.0341,0.1000,APPROACH,0
56.395,0.0341,0.0000,APPROACH,0
56.430,0.0350,0.0000,APPROACH,0
56.463,0.0329,0.1000,APPROACH,0
56.497,0.0340,0.0000,APPROACH,0
56.531,0.0343,0.0000,APPROACH,0
56.565,0.0341,0.1000,APPROACH,0
56.599,0.0337,0.0000,APPROACH,0
56.633,0.0339,0.0000,APPROACH,0
56.667,0.0341,0.1000,APPROACH,0
56.701,0.0346,0.0000,APPROACH,0
56.735,0.0338,0.0000,APPROACH,0
56.769,0.0339,0.1000,APPROACH,0
56.803,0.0338,0.0000,APPROACH,0
56.837,0.0343,0.0000,APPROACH,0
56.871,0.0337,0.1000,APPROACH,0
56.905,0.0341,0.0000,APPROACH,0
56.939,0.0339,0.0000,APPROACH,0
56.974,0.0352,0.1000,APPROACH,0
57.007,0.0333,0.0000,APPROACH,0
57.041,0.0338,0.0000,APPROACH,0
57.075,0.0337,0.1000,APPROACH,0
57.109,0.0339,0.0000,APPROACH,0
57.143,0.0341,0.0000,APPROACH,0
57.177,0.0343,0.1000,APPROACH,0
57.211,0.0337,0.0000,APPROACH,0
57.245,0.0342,0.1000,APPROACH,0
57.279,0.0340,0.0000,APPROACH,0
57.313,0.0338,0.0000,APPROACH,0
57.347,0.0340,0.1000,APPROACH,0
57.381,0.0341,0.0000,APPROACH,0
57.415,0.0341,0.0000,APPROACH,0
57.449,0.0340,0.1000,APPROACH,0
57.483,0.0341,0.0000,APPROACH,0
57.517,0.0341,0.0000,APPROACH,0
57.551,0.0338,0.1000,APPROACH,0
57.585,0.0339,0.0000,APPROACH,0
57.619,0.0342,0.0000,APPROACH,0
57.653,0.0339,0.1000,APPROACH,0
57.687,0.0341,0.0000,APPROACH,0
57.722,0.0342,0.0000,APPROACH,0
57.755,0.0338,0.1000,APPROACH,0
57.789,0.0339,0.0000,APPROACH,0
57.823,0.0340,0.0000,APPROACH,0
57.857,0.0340,0.1000,APPROACH,0
57.892,0.0343,0.0000,APPROACH,0
57.925,0.0336,0.0000,APPROACH,0
57.960,0.0344,0.1000,APPROACH,0
57.994,0.0341,0.0000,APPROACH,0
58.027,0.0336,0.0000,APPROACH,0
58.061,0.0340,0.1000,APPROACH,0
58.095,0.0341,0.0000,APPROACH,0
58.129,0.0340,0.0000,APPROACH,0
58.163,0.0338,0.1000,APPROACH,0
58.198,0.0343,0.0000,APPROACH,0
58.232,0.0340,0.0000,APPROACH,0
58.265,0.0335,0.1000,APPROACH,0
58.299,0.0341,0.0000,APPROACH,0
58.334,0.0343,0.0000,APPROACH,0
58.367,0.0339,0.1000,APPROACH,0
58.401,0.0339,0.0000,APPROACH,0
58.435,0.0340,0.0000,APPROACH,0
58.470,0.0343,0.1000,APPROACH,0
58.504,0.0339,0.0000,APPROACH,0
58.537,0.0339,0.0000,APPROACH,0
58.573,0.0350,0.1000,APPROACH,0
58.607,0.0343,0.0000,APPROACH,0
58.640,0.0329,0.0000,APPROACH,0
58.674,0.0343,0.1000,APPROACH,0
58.708,0.0338,0.0000,APPROACH,0
58.742,0.0341,0.0000,APPROACH,0
58.776,0.0339,0.1000,APPROACH,0
58.810,0.0339,0.0000,APPROACH,0
58.844,0.0341,0.0000,APPROACH,0
58.878,0.0340,0.1000,APPROACH,0
58.912,0.0341,0.0000,APPROACH,0
58.946,0.0338,0.1000,APPROACH,0
58.980,0.0341,0.0000,APPROACH,0
59.014,0.0342,0.0000,APPROACH,0
59.048,0.0339,0.1000,APPROACH,0
59.082,0.0342,0.0000,APPROACH,0
59.116,0.0339,0.0000,APPROACH,0
59.150,0.0340,0.1000,APPROACH,0
59.184,0.0343,0.0000,APPROACH,0
59.218,0.0339,0.0000,APPROACH,0
59.252,0.0341,0.1000,APPROACH,0
59.286,0.0338,0.0000,APPROACH,0
59.320,0.0341,0.0000,APPROACH,0
59.354,0.0340,0.1000,APPROACH,0
59.388,0.0339,0.0000,APPROACH,0
59.423,0.0349,0.0000,APPROACH,0
59.456,0.0333,0.1000,APPROACH,0
59.490,0.0342,0.0000,APPROACH,0
59.524,0.0338,0.0000,APPROACH,0
59.558,0.0341,0.1000,APPROACH,0
59.592,0.0340,0.0000,APPROACH,0
59.626,0.0337,0.0000,APPROACH,0
59.661,0.0346,0.1000,APPROACH,0
59.694,0.0339,0.0000,APPROACH,0
59.728,0.0339,0.0000,APPROACH,0
59.763,0.0343,0.1000,APPROACH,0
59.797,0.0341,0.0000,APPROACH,0
59.831,0.0337,0.0000,APPROACH,0
59.865,0.0341,0.1000,APPROACH,0
59.899,0.0341,0.0000,APPROACH,0
59.933,0.0340,0.0000,APPROACH,0
59.967,0.0343,0.1000,APPROACH,0
60.001,0.0339,0.0000,APPROACH,0
60.035,0.0341,0.0000,APPROACH,0
60.069,0.0337,0.1000,APPROACH,0
60.103,0.0346,0.0000,APPROACH,0
60.137,0.0335,0.0000,APPROACH,0
60.171,0.0342,0.1000,APPROACH,0
60.205,0.0344,0.0000,APPROACH,0
60.239,0.0337,0.0000,APPROACH,0
60.273,0.0338,0.1000,APPROACH,0
60.307,0.0340,0.0000,APPROACH,0
60.341,0.0340,0.0000,APPROACH,0
60.375,0.0342,0.1000,APPROACH,0
60.409,0.0339,0.0000,APPROACH,0
60.443,0.0344,0.0000,APPROACH,0
60.477,0.0337,0.1000,APPROACH,0
60.511,0.0340,0.0000,APPROACH,0
60.545,0.0338,0.0000,APPROACH,0
60.579,0.0343,0.1000,APPROACH,0
60.613,0.0338,0.0000,APPROACH,0
60.647,0.0339,0.1000,APPROACH,0
60.682,0.0348,0.0000,APPROACH,0
60.715,0.0335,0.0000,ALIGN,0
60.749,0.0339,0.1000,ALIGN,0
60.783,0.0341,0.0000,ALIGN,0
60.817,0.0340,0.0000,APPROACH,0
60.851,0.0338,0.1000,APPROACH,0
60.885,0.0342,0.0000,APPROACH,0
60.919,0.0340,0.0000,APPROACH,0
60.953,0.0338,0.1000,APPROACH,0
60.987,0.0344,0.0000,APPROACH,0
61.023,0.0351,0.0000,APPROACH,0
61.055,0.0327,0.1000,APPROACH,0
61.090,0.0344,0.0000,APPROACH,0
61.124,0.0343,0.0000,APPROACH,0
61.157,0.0333,0.1000,APPROACH,0
61.191,0.0342,0.0000,APPROACH,0
61.225,0.0340,0.0000,APPROACH,0
61.259,0.0339,0.1000,APPROACH,0
61.295,0.0353,0.0000,APPROACH,0
61.327,0.0326,0.0000,APPROACH,0
61.361,0.0340,0.1000,APPROACH,0
61.395,0.0340,0.0000,APPROACH,0
61.430,0.0345,0.0000,APPROACH,0
61.463,0.0336,0.1000,APPROACH,0
61.498,0.0342,0.0000,APPROACH,0
61.532,0.0340,0.0000,APPROACH,0
61.565,0.0338,0.1000,APPROACH,0
61.600,0.0345,0.0000,APPROACH,0
61.634,0.0338,0.0000,APPROACH,0
61.667,0.0337,0.1000,APPROACH,0
61.701,0.0340,0.0000,APPROACH,0
61.736,0.0342,0.0000,APPROACH,0
61.770,0.0341,0.1000,APPROACH,0
61.804,0.0342,0.0000,APPROACH,0
61.838,0.0343,0.0000,APPROACH,0
61.872,0.0332,0.1000,APPROACH,0
61.906,0.0340,0.0000,APPROACH,0
61.940,0.0340,0.0000,APPROACH,0
61.974,0.0342,0.1000,APPROACH,0
62.008,0.0337,0.0000,APPROACH,0
62.042,0.0346,0.0000,APPROACH,0
62.076,0.0340,0.1000,APPROACH,0
62.110,0.0338,0.0000,APPROACH,0
62.144,0.0341,0.0000,APPROACH,0
62.178,0.0339,0.1000,APPROACH,0
62.212,0.0338,0.0000,APPROACH,0
62.246,0.0340,0.0000,APPROACH,0
62.280,0.0339,0.1000,APPROACH,0
62.314,0.0341,0.0000,APPROACH,0
62.348,0.0340,0.1000,APPROACH,0
62.382,0.0345,0.0000,APPROACH,0
62.416,0.0338,0.0000,APPROACH,0
62.450,0.0338,0.1000,APPROACH,0
62.484,0.0343,0.0000,APPROACH,0
62.518,0.0339,0.0000,APPROACH,0
62.552,0.0341,0.1000,APPROACH,0
62.586,0.0337,0.0000,APPROACH,0
62.620,0.0341,0.0000,APPROACH,0
62.654,0.0339,0.1000,APPROACH,0
62.688,0.0341,0.0000,APPROACH,0
62.722,0.0340,0.0000,APPROACH,0
62.756,0.0340,0.1000,APPROACH,0
62.790,0.0343,0.0000,APPROACH,0
62.824,0.0341,0.0000,APPROACH,0
62.858,0.0338,0.1000,APPROACH,0
62.892,0.0341,0.0000,APPROACH,0
62.926,0.0338,0.0000,APPROACH,0
62.960,0.0342,0.1000,APPROACH,0
62.994,0.0342,0.0000,APPROACH,0
63.029,0.0344,0.0000,APPROACH,0
63.063,0.0339,0.1000,APPROACH,0
63.097,0.0339,0.0000,APPROACH,0
63.130,0.0339,0.0000,APPROACH,0
63.166,0.0353,0.1000,APPROACH,0
63.199,0.0330,0.0000,APPROACH,0
63.232,0.0338,0.0000,APPROACH,0
63.266,0.0338,0.1000,APPROACH,0
63.301,0.0352,0.0000,APPROACH,0
63.334,0.0330,0.0000,APPROACH,0
63.369,0.0341,0.1000,APPROACH,0
63.403,0.0346,0.0000,APPROACH,0
63.437,0.0342,0.0000,APPROACH,0
63.471,0.0331,0.1000,APPROACH,0
63.505,0.0340,0.0000,APPROACH,0
63.539,0.0343,0.0000,APPROACH,0
63.573,0.0338,0.1000,APPROACH,0
63.607,0.0341,0.0000,APPROACH,0
63.641,0.0341,0.0000,APPROACH,0
63.675,0.0339,0.1000,APPROACH,0
63.709,0.0340,0.0000,APPROACH,0
63.743,0.0340,0.0000,APPROACH,0
63.777,0.0339,0.1000,APPROACH,0
63.811,0.0340,0.0000,APPROACH,0
63.845,0.0342,0.0000,APPROACH,0
63.879,0.0342,0.1000,APPROACH,0
63.913,0.0338,0.0000,APPROACH,0
63.947,0.0338,0.0000,APPROACH,0
63.981,0.0342,0.1000,APPROACH,0
64.015,0.0339,0.0000,APPROACH,0
64.049,0.0340,0.1000,APPROACH,0
64.083,0.0342,0.0000,APPROACH,0
64.117,0.0338,0.0000,APPROACH,0
64.151,0.0339,0.1000,APPROACH,0
64.185,0.0343,0.0000,APPROACH,0
64.219,0.0341,0.0000,APPROACH,0
64.253,0.0339,0.1000,APPROACH,0
64.287,0.0341,0.0000,APPROACH,0
64.321,0.0342,0.0000,APPROACH,0
64.355,0.0339,0.1000,APPROACH,0
64.389,0.0341,0.0000,APPROACH,0
64.423,0.0339,0.0000,APPROACH,0
64.457,0.0340,0.1000,APPROACH,0
64.491,0.0341,0.0000,APPROACH,0
64.526,0.0345,0.0000,APPROACH,0
64.559,0.0337,0.1000,APPROACH,0
64.593,0.0339,0.0000,APPROACH,0
64.627,0.0340,0.0000,APPROACH,0
64.661,0.0339,0.1000,APPROACH,0
64.695,0.0340,0.0000,APPROACH,0
64.729,0.0340,0.0000,APPROACH,0
64.763,0.0339,0.1000,APPROACH,0
64.797,0.0343,0.0000,APPROACH,0
64.831,0.0336,0.0000,APPROACH,0
64.865,0.0341,0.1000,APPROACH,0
64.899,0.0342,0.0000,APPROACH,0
64.933,0.0339,0.0000,APPROACH,0
64.967,0.0340,0.1000,APPROACH,0
65.001,0.0341,0.0000,APPROACH,0
65.036,0.0344,0.0000,APPROACH,0
65.069,0.0336,0.1000,APPROACH,0
65.103,0.0339,0.0000,APPROACH,0
65.137,0.0342,0.0000,APPROACH,0
65.171,0.0338,0.1000,APPROACH,0
65.206,0.0346,0.0000,APPROACH,0
65.240,0.0338,0.0000,APPROACH,0
65.273,0.0337,0.1000,APPROACH,0
65.307,0.0339,0.0000,APPROACH,0
65.341,0.0343,0.0000,APPROACH,0
65.375,0.0339,0.1000,APPROACH,0
65.409,0.0338,0.0000,APPROACH,0
65.444,0.0347,0.0000,APPROACH,0
65.477,0.0335,0.1000,APPROACH,0
65.512,0.0342,0.0000,APPROACH,0
65.546,0.0343,0.0000,APPROACH,0
65.580,0.0344,0.1000,APPROACH,0
65.613,0.0332,0.0000,APPROACH,0
65.648,0.0342,0.0000,APPROACH,0
65.682,0.0342,0.1000,APPROACH,0
65.716,0.0338,0.0000,APPROACH,0
65.749,0.0337,0.1000,APPROACH,0
65.784,0.0344,0.0000,APPROACH,0
65.818,0.0340,0.0000,APPROACH,0
65.852,0.0339,0.1000,APPROACH,0
65.886,0.0347,0.0000,APPROACH,0
65.920,0.0334,0.0000,APPROACH,0
65.954,0.0340,0.1000,APPROACH,0
65.988,0.0340,0.0000,APPROACH,0
66.022,0.0344,0.0000,APPROACH,0
66.056,0.0336,0.1000,APPROACH,0
66.090,0.0341,0.0000,APPROACH,0
66.124,0.0340,0.0000,APPROACH,0
66.158,0.0338,0.1000,APPROACH,0
66.192,0.0345,0.0000,APPROACH,0
66.226,0.0339,0.0000,APPROACH,0
66.260,0.0339,0.1000,APPROACH,0
66.294,0.0341,0.0000,APPROACH,0
66.328,0.0339,0.0000,APPROACH,0
66.362,0.0342,0.1000,APPROACH,0
66.396,0.0341,0.0000,APPROACH,0
66.430,0.0338,0.0000,APPROACH,0
66.464,0.0340,0.1000,APPROACH,0
66.498,0.0341,0.0000,APPROACH,0
66.532,0.0340,0.0000,APPROACH,0
66.566,0.0342,0.1000,APPROACH,0
66.600,0.0341,0.0000,APPROACH,0
66.634,0.0337,0.0000,APPROACH,0
66.669,0.0346,0.1000,APPROACH,0
66.702,0.0336,0.0000,APPROACH,0
66.737,0.0344,0.0000,APPROACH,0
66.770,0.0337,0.1000,APPROACH,0
66.804,0.0342,0.0000,APPROACH,0
66.838,0.0338,0.0000,APPROACH,0
66.872,0.0338,0.1000,APPROACH,0
66.906,0.0343,0.0000,APPROACH,0
66.940,0.0341,0.0000,APPROACH,0
66.974,0.0340,0.1000,APPROACH,0
67.008,0.0337,0.0000,APPROACH,0
67.043,0.0347,0.0000,APPROACH,0
67.076,0.0337,0.1000,APPROACH,0
67.110,0.0340,0.0000,PATROL,0
67.145,0.0345,0.0000,PATROL,0
67.178,0.0334,0.1000,PATROL,0
67.213,0.0345,0.0000,PATROL,0
67.246,0.0336,0.0000,PATROL,0
67.280,0.0341,0.1000,PATROL,0
67.314,0.0338,0.0000,PATROL,0
67.348,0.0340,0.0000,PATROL,0
67.383,0.0349,0.1000,PATROL,0
67.416,0.0332,0.0000,PATROL,0
67.450,0.0337,0.1000,PATROL,0
67.485,0.0345,0.0000,PATROL,0
67.518,0.0337,0.0000,PATROL,0
67.552,0.0340,0.1000,PATROL,0
67.586,0.0341,0.0000,PATROL,0
67.620,0.0340,0.0000,PATROL,0
67.654,0.0338,0.1000,PATROL,0
67.688,0.0340,0.0000,PATROL,0
67.723,0.0344,0.0000,PATROL,0
67.756,0.0339,0.1000,PATROL,0
67.791,0.0342,0.0000,PATROL,0
67.825,0.0341,0.0000,PATROL,0
67.859,0.0338,0.1000,PATROL,0
67.893,0.0340,0.0000,PATROL,0
67.927,0.0341,0.0000,PATROL,0
67.960,0.0338,0.1000,PATROL,0
67.995,0.0343,0.0000,PATROL,0
68.029,0.0345,0.0000,PATROL,0
68.063,0.0333,0.1000,PATROL,0
68.097,0.0342,0.0000,PATROL,0
68.131,0.0340,0.0000,PATROL,0
68.165,0.0338,0.1000,PATROL,0
68.199,0.0345,0.0000,PATROL,0
68.233,0.0336,0.0000,PATROL,0
68.267,0.0341,0.1000,PATROL,0
68.301,0.0340,0.0000,PATROL,0
68.335,0.0340,0.0000,PATROL,0
68.369,0.0338,0.1000,PATROL,0
68.403,0.0347,0.0000,PATROL,0
68.437,0.0340,0.0000,PATROL,0
68.471,0.0333,0.1000,PATROL,0
68.505,0.0344,0.0000,PATROL,0
68.539,0.0343,0.0000,PATROL,0
68.574,0.0343,0.1000,PATROL,0
68.607,0.0336,0.0000,PATROL,0
68.641,0.0342,0.0000,PATROL,0
68.675,0.0338,0.1000,PATROL,0
68.709,0.0338,0.0000,PATROL,0
68.743,0.0344,0.0000,PATROL,0
68.777,0.0337,0.1000,PATROL,0
68.811,0.0343,0.0000,PATROL,0
68.845,0.0340,0.0000,PATROL,0
68.879,0.0337,0.1000,PATROL,0
68.913,0.0341,0.0000,PATROL,0
68.947,0.0339,0.0000,PATROL,0
68.981,0.0340,0.1000,PATROL,0
69.015,0.0340,0.0000,PATROL,0
69.049,0.0339,0.0000,PATROL,0
69.083,0.0342,0.1000,PATROL,0
69.117,0.0339,0.0000,PATROL,0
69.151,0.0342,0.1000,PATROL,0
69.185,0.0341,0.0000,PATROL,0
69.220,0.0347,0.0000,PATROL,0
69.254,0.0335,0.1000,PATROL,0
69.288,0.0344,0.0000,PATROL,0
69.322,0.0336,0.0000,PATROL,0
69.355,0.0338,0.1000,PATROL,0
69.390,0.0341,0.0000,PATROL,0
69.424,0.0346,0.0000,PATROL,0
69.458,0.0334,0.1000,PATROL,0
69.492,0.0341,0.0000,PATROL,0
69.526,0.0340,0.0000,PATROL,0
69.559,0.0338,0.1000,PATROL,0
69.593,0.0339,0.0000,PATROL,0
69.628,0.0343,0.0000,PATROL,0
69.661,0.0337,0.1000,PATROL,0
69.696,0.0346,0.0000,PATROL,0
69.729,0.0335,0.0000,PATROL,0
69.764,0.0340,0.1000,PATROL,0
69.798,0.0342,0.0000,PATROL,0
69.832,0.0339,0.0000,PATROL,0
69.866,0.0342,0.1000,PATROL,0
69.900,0.0344,0.0000,PATROL,0
69.934,0.0333,0.0000,PATROL,0
69.968,0.0341,0.1000,PATROL,0
70.002,0.0344,0.0000,PATROL,0
70.036,0.0337,0.0000,PATROL,0
70.070,0.0340,0.1000,PATROL,0
70.104,0.0342,0.0000,PATROL,0
70.138,0.0342,0.0000,PATROL,0
70.172,0.0340,0.1000,PATROL,0
70.206,0.0338,0.0000,PATROL,0
70.240,0.0343,0.0000,PATROL,0
70.274,0.0339,0.1000,PATROL,0
70.308,0.0338,0.0000,PATROL,0
70.342,0.0345,0.0000,PATROL,0
70.376,0.0334,0.1000,PATROL,0
70.410,0.0340,0.0000,PATROL,0
70.444,0.0346,0.0000,PATROL,0
70.478,0.0340,0.1000,PATROL,0
70.512,0.0336,0.0000,PATROL,0
70.546,0.0342,0.0000,PATROL,0
70.580,0.0339,0.1000,PATROL,0
70.614,0.0340,0.0000,PATROL,0
70.648,0.0343,0.0000,PATROL,0
70.682,0.0340,0.1000,PATROL,0
70.717,0.0345,0.0000,PATROL,0
70.750,0.0334,0.0000,PATROL,0
70.784,0.0339,0.1000,PATROL,0
70.818,0.0341,0.0000,PATROL,0
70.852,0.0337,0.1000,PATROL,0
70.886,0.0343,0.0000,PATROL,0
70.920,0.0340,0.0000,PATROL,0
70.954,0.0338,0.1000,PATROL,0
70.988,0.0342,0.0000,PATROL,0
71.022,0.0340,0.0000,PATROL,0
71.056,0.0338,0.1000,PATROL,0
71.090,0.0339,0.0000,PATROL,0
71.124,0.0345,0.0000,PATROL,0
71.158,0.0337,0.1000,PATROL,0
71.192,0.0339,0.0000,PATROL,0
71.226,0.0342,0.0000,PATROL,0
71.260,0.0339,0.1000,PATROL,0
71.294,0.0340,0.0000,PATROL,0
71.328,0.0343,0.0000,PATROL,0
71.362,0.0338,0.1000,ALIGN,0
71.396,0.0341,0.0000,ALIGN,0
71.430,0.0339,0.0000,ALIGN,0
71.464,0.0341,0.1000,ALIGN,0
71.498,0.0340,0.0000,ALIGN,0
71.532,0.0340,0.0000,ALIGN,0
71.566,0.0338,0.1000,ALIGN,0
71.600,0.0341,0.0000,ALIGN,0
71.634,0.0342,0.0000,ALIGN,0
71.669,0.0340,0.1000,ALIGN,0
71.702,0.0340,0.0000,ALIGN,0
71.737,0.0341,0.0000,ALIGN,0
71.770,0.0338,0.1000,ALIGN,0
71.805,0.0343,0.0000,ALIGN,0
71.838,0.0338,0.0000,ALIGN,0
71.873,0.0342,0.1000,ALIGN,0
71.907,0.0341,0.0000,ALIGN,0
71.941,0.0338,0.0000,ALIGN,0
71.975,0.0342,0.1000,ALIGN,0
72.008,0.0336,0.0000,ALIGN,0
72.042,0.0340,0.0000,ALIGN,0
72.077,0.0347,0.1000,ALIGN,0
72.110,0.0332,0.0000,ALIGN,0
72.145,0.0345,0.0000,ALIGN,0
72.179,0.0343,0.1000,ALIGN,0
72.213,0.0339,0.0000,ALIGN,0
72.248,0.0345,0.0000,ALIGN,0
72.281,0.0336,0.1000,ALIGN,0
72.315,0.0338,0.0000,ALIGN,0
72.349,0.0342,0.0000,ALIGN,0
72.383,0.0341,0.1000,ALIGN,0
72.417,0.0336,0.0000,ALIGN,0
72.451,0.0338,0.0000,ALIGN,0
72.485,0.0344,0.1000,ALIGN,0
72.519,0.0337,0.0000,ALIGN,0
72.553,0.0338,0.1000,ALIGN,0
72.587,0.0342,0.0000,ALIGN,0
72.621,0.0347,0.0000,APPROACH,0
72.655,0.0334,0.1000,APPROACH,0
72.689,0.0341,0.0000,APPROACH,0
72.723,0.0341,0.0000,APPROACH,0
72.757,0.0339,0.1000,APPROACH,0
72.791,0.0340,0.0000,APPROACH,0
72.825,0.0342,0.0000,APPROACH,0
72.859,0.0339,0.1000,APPROACH,0
72.893,0.0342,0.0000,APPROACH,0
72.927,0.0339,0.0000,APPROACH,0
72.961,0.0340,0.1000,APPROACH,0
72.995,0.0340,0.0000,APPROACH,0
73.029,0.0344,0.0000,APPROACH,0
73.063,0.0336,0.1000,APPROACH,0
73.097,0.0344,0.0000,APPROACH,0
73.131,0.0340,0.0000,APPROACH,0
73.165,0.0339,0.1000,APPROACH,0
73.199,0.0339,0.0000,APPROACH,0
73.233,0.0343,0.0000,APPROACH,0
73.267,0.0339,0.1000,APPROACH,0
73.301,0.0338,0.0000,APPROACH,0
73.336,0.0345,0.0000,APPROACH,0
73.369,0.0336,0.1000,APPROACH,0
73.403,0.0340,0.0000,APPROACH,0
73.438,0.0348,0.0000,APPROACH,0
73.471,0.0333,0.1000,APPROACH,0
73.506,0.0347,0.0000,APPROACH,0
73.539,0.0334,0.0000,APPROACH,0
73.573,0.0340,0.1000,APPROACH,0
73.607,0.0339,0.0000,APPROACH,0
73.641,0.0340,0.0000,APPROACH,0
73.675,0.0340,0.1000,APPROACH,0
73.709,0.0338,0.0000,APPROACH,0
73.744,0.0344,0.0000,APPROACH,0
73.778,0.0340,0.1000,APPROACH,0
73.811,0.0337,0.0000,APPROACH,0
73.845,0.0342,0.0000,APPROACH,0
73.879,0.0339,0.1000,APPROACH,0
73.913,0.0339,0.0000,APPROACH,0
73.948,0.0348,0.0000,APPROACH,0
73.982,0.0335,0.1000,APPROACH,0
74.015,0.0340,0.0000,APPROACH,0
74.050,0.0342,0.0000,APPROACH,0
74.084,0.0341,0.1000,APPROACH,0
74.118,0.0340,0.0000,APPROACH,0
74.151,0.0336,0.0000,APPROACH,0
74.186,0.0344,0.1000,APPROACH,0
74.220,0.0342,0.0000,APPROACH,0
74.253,0.0336,0.1000,APPROACH,0
74.288,0.0345,0.0000,APPROACH,0
74.322,0.0338,0.0000,APPROACH,0
74.356,0.0339,0.1000,APPROACH,0
74.390,0.0343,0.0000,APPROACH,0
74.424,0.0338,0.0000,APPROACH,0
74.458,0.0341,0.1000,APPROACH,0
74.492,0.0343,0.0000,APPROACH,0
74.526,0.0339,0.0000,APPROACH,0
74.560,0.0339,0.1000,APPROACH,0
74.594,0.0340,0.0000,APPROACH,0
74.628,0.0341,0.0000,APPROACH,0
74.662,0.0338,0.1000,APPROACH,0
74.696,0.0344,0.0000,APPROACH,0
74.730,0.0340,0.0000,APPROACH,0
74.764,0.0341,0.1000,APPROACH,0
74.798,0.0336,0.0000,APPROACH,0
74.832,0.0339,0.0000,APPROACH,0
74.866,0.0341,0.1000,APPROACH,0
74.900,0.0344,0.0000,APPROACH,0
74.934,0.0338,0.0000,APPROACH,0
74.968,0.0339,0.1000,APPROACH,0
75.002,0.0341,0.0000,APPROACH,0
75.036,0.0342,0.0000,APPROACH,0
75.070,0.0338,0.1000,APPROACH,0
75.105,0.0345,0.0000,APPROACH,0
75.138,0.0336,0.0000,APPROACH,0
75.172,0.0339,0.1000,APPROACH,0
75.207,0.0345,0.0000,APPROACH,0
75.241,0.0341,0.0000,APPROACH,0
75.274,0.0337,0.1000,APPROACH,0
75.309,0.0342,0.0000,APPROACH,0
75.342,0.0337,0.0000,APPROACH,0
75.376,0.0341,0.1000,APPROACH,0
75.410,0.0340,0.0000,APPROACH,0
75.445,0.0344,0.0000,APPROACH,0
75.479,0.0338,0.1000,APPROACH,0
75.512,0.0337,0.0000,APPROACH,0
75.547,0.0346,0.0000,APPROACH,0
75.581,0.0344,0.1000,APPROACH,0
75.614,0.0332,0.0000,APPROACH,0
75.649,0.0345,0.0000,APPROACH,0
75.683,0.0337,0.1000,APPROACH,0
75.717,0.0340,0.0000,APPROACH,0
75.751,0.0341,0.0000,APPROACH,0
75.784,0.0338,0.1000,APPROACH,0
75.818,0.0340,0.0000,APPROACH,0
75.853,0.0345,0.0000,APPROACH,0
75.887,0.0337,0.1000,APPROACH,0
75.921,0.0340,0.0000,APPROACH,0
75.954,0.0338,0.1000,APPROACH,0
75.989,0.0345,0.0000,APPROACH,0
76.023,0.0336,0.0000,APPROACH,0
76.056,0.0339,0.1000,APPROACH,0
76.091,0.0342,0.0000,APPROACH,0
76.125,0.0341,0.0000,APPROACH,0
76.159,0.0339,0.1000,APPROACH,0
76.193,0.0340,0.0000,APPROACH,0
76.227,0.0345,0.0000,APPROACH,0
76.261,0.0338,0.1000,APPROACH,0
76.295,0.0338,0.0000,APPROACH,0
76.329,0.0342,0.0000,APPROACH,0
76.363,0.0339,0.1000,APPROACH,0
76.397,0.0340,0.0000,APPROACH,0
76.431,0.0340,0.0000,APPROACH,0
76.464,0.0338,0.1000,APPROACH,0
76.499,0.0344,0.0000,APPROACH,0
76.533,0.0337,0.0000,APPROACH,0
76.567,0.0341,0.1000,APPROACH,0
76.601,0.0344,0.0000,APPROACH,0
76.635,0.0339,0.0000,APPROACH,0
76.670,0.0348,0.1000,APPROACH,0
76.703,0.0333,0.0000,APPROACH,0
76.737,0.0339,0.0000,APPROACH,0
76.771,0.0340,0.1000,APPROACH,0
76.806,0.0351,0.0000,APPROACH,0
76.839,0.0330,0.0000,APPROACH,0
76.873,0.0338,0.1000,APPROACH,0
76.907,0.0342,0.0000,APPROACH,0
76.942,0.0350,0.0000,APPROACH,0
76.975,0.0331,0.1000,APPROACH,0
77.009,0.0338,0.0000,APPROACH,0
77.043,0.0342,0.0000,APPROACH,0
77.077,0.0338,0.1000,APPROACH,0
77.111,0.0341,0.0000,APPROACH,0
77.145,0.0342,0.0000,APPROACH,0
77.179,0.0341,0.1000,APPROACH,0
77.214,0.0343,0.0000,APPROACH,0
77.247,0.0337,0.0000,APPROACH,0
77.281,0.0339,0.1000,APPROACH,0
77.316,0.0342,0.0000,APPROACH,0
77.349,0.0339,0.0000,APPROACH,0
77.383,0.0340,0.1000,APPROACH,0
77.417,0.0338,0.0000,APPROACH,0
77.452,0.0345,0.0000,APPROACH,0
77.485,0.0335,0.1000,APPROACH,0
77.519,0.0339,0.0000,APPROACH,0
77.553,0.0341,0.0000,APPROACH,0
77.587,0.0341,0.1000,APPROACH,0
77.622,0.0343,0.0000,APPROACH,0
77.655,0.0335,0.1000,APPROACH,0
77.690,0.0347,0.0000,APPROACH,0
77.723,0.0337,0.0000,APPROACH,0
77.757,0.0339,0.1000,APPROACH,0
77.791,0.0340,0.0000,APPROACH,0
77.826,0.0343,0.0000,APPROACH,0
77.859,0.0336,0.1000,APPROACH,0
77.893,0.0339,0.0000,APPROACH,0
77.927,0.0343,0.0000,APPROACH,0
77.961,0.0339,0.1000,APPROACH,0
77.996,0.0342,0.0000,APPROACH,0
78.030,0.0341,0.0000,APPROACH,0
78.063,0.0335,0.1000,APPROACH,0
78.097,0.0340,0.0000,APPROACH,0
78.132,0.0346,0.0000,APPROACH,0
78.166,0.0338,0.1000,APPROACH,0
78.200,0.0340,0.0000,APPROACH,0
78.233,0.0339,0.0000,APPROACH,0
78.268,0.0343,0.1000,APPROACH,0
78.302,0.0340,0.0000,APPROACH,0
78.336,0.0340,0.0000,APPROACH,0
78.370,0.0342,0.1000,APPROACH,0
78.404,0.0339,0.0000,APPROACH,0
78.438,0.0339,0.0000,APPROACH,0
78.472,0.0341,0.1000,APPROACH,0
78.506,0.0343,0.0000,APPROACH,0
78.540,0.0340,0.0000,APPROACH,0
78.574,0.0336,0.1000,APPROACH,0
78.608,0.0340,0.0000,APPROACH,0
78.642,0.0342,0.0000,APPROACH,0
78.676,0.0341,0.1000,APPROACH,0
78.710,0.0338,0.0000,APPROACH,0
78.744,0.0340,0.0000,APPROACH,0
78.778,0.0339,0.1000,APPROACH,0
78.812,0.0343,0.0000,APPROACH,0
78.846,0.0339,0.0000,APPROACH,0
78.880,0.0342,0.1000,APPROACH,0
78.914,0.0340,0.0000,APPROACH,0
78.948,0.0342,0.0000,APPROACH,0
78.982,0.0337,0.1000,APPROACH,0
79.016,0.0341,0.0000,APPROACH,0
79.050,0.0339,0.0000,APPROACH,0
79.085,0.0346,0.1000,APPROACH,0
79.118,0.0334,0.0000,APPROACH,0
79.152,0.0340,0.0000,APPROACH,0
79.186,0.0339,0.1000,APPROACH,0
79.221,0.0344,0.0000,APPROACH,0
79.254,0.0337,0.0000,APPROACH,0
79.288,0.0342,0.1000,APPROACH,0
79.322,0.0340,0.0000,APPROACH,0
79.357,0.0342,0.1000,APPROACH,0
79.391,0.0340,0.0000,APPROACH,0
79.424,0.0338,0.0000,APPROACH,0
79.458,0.0338,0.1000,APPROACH,0
79.493,0.0346,0.0000,APPROACH,0
79.526,0.0335,0.0000,APPROACH,0
79.560,0.0340,0.1000,APPROACH,0
79.594,0.0342,0.0000,APPROACH,0
79.629,0.0342,0.0000,APPROACH,0
79.662,0.0335,0.1000,APPROACH,0
79.697,0.0344,0.0000,APPROACH,0
79.731,0.0343,0.0000,APPROACH,0
79.764,0.0335,0.1000,APPROACH,0
79.799,0.0343,0.0000,APPROACH,0
79.832,0.0337,0.0000,APPROACH,0
79.866,0.0340,0.1000,APPROACH,0
79.901,0.0342,0.0000,APPROACH,0
79.934,0.0337,0.0000,APPROACH,0
79.968,0.0341,0.1000,APPROACH,0
80.003,0.0347,0.0000,APPROACH,0
80.037,0.0336,0.0000,APPROACH,0
80.071,0.0342,0.1000,APPROACH,0
80.105,0.0341,0.0000,APPROACH,0
80.139,0.0341,0.0000,APPROACH,0
80.174,0.0346,0.1000,APPROACH,0
80.207,0.0329,0.0000,APPROACH,0
80.241,0.0339,0.0000,APPROACH,0
80.275,0.0340,0.1000,APPROACH,0
80.309,0.0339,0.0000,APPROACH,0
80.343,0.0341,0.0000,APPROACH,0
80.377,0.0342,0.1000,APPROACH,0
80.411,0.0340,0.0000,APPROACH,0
80.445,0.0343,0.0000,APPROACH,0
80.479,0.0336,0.1000,APPROACH,0
80.513,0.0342,0.0000,APPROACH,0
80.547,0.0342,0.0000,APPROACH,0
80.581,0.0339,0.1000,APPROACH,0
80.615,0.0340,0.0000,APPROACH,0
80.649,0.0345,0.0000,APPROACH,0
80.683,0.0336,0.1000,APPROACH,0
80.717,0.0340,0.0000,APPROACH,0
80.751,0.0343,0.0000,APPROACH,0
80.785,0.0338,0.1000,APPROACH,0
80.819,0.0340,0.0000,APPROACH,0
80.854,0.0345,0.0000,APPROACH,0
80.887,0.0337,0.1000,APPROACH,0
80.921,0.0339,0.0000,APPROACH,0
80.955,0.0339,0.0000,APPROACH,0
80.989,0.0342,0.1000,APPROACH,0
81.023,0.0340,0.0000,APPROACH,0
81.057,0.0337,0.1000,APPROACH,0
81.091,0.0344,0.0000,APPROACH,0
81.125,0.0338,0.0000,APPROACH,0
81.159,0.0341,0.1000,APPROACH,0
81.194,0.0343,0.0000,APPROACH,0
81.228,0.0341,0.0000,APPROACH,0
81.261,0.0337,0.1000,APPROACH,0
81.295,0.0340,0.0000,APPROACH,0
81.330,0.0342,0.0000,APPROACH,0
81.363,0.0340,0.1000,APPROACH,0
81.398,0.0341,0.0000,APPROACH,0
81.432,0.0340,0.0000,APPROACH,0
81.465,0.0338,0.1000,APPROACH,0
81.500,0.0342,0.0000,APPROACH,0
81.534,0.0339,0.0000,APPROACH,0
81.567,0.0339,0.1000,APPROACH,0
81.602,0.0341,0.0000,APPROACH,0
81.635,0.0339,0.0000,APPROACH,0
81.669,0.0340,0.1000,APPROACH,0
81.704,0.0340,0.0000,APPROACH,0
81.738,0.0341,0.0000,APPROACH,0
81.772,0.0339,0.1000,APPROACH,0
81.806,0.0342,0.0000,APPROACH,0
81.840,0.0339,0.0000,APPROACH,0
81.874,0.0340,0.1000,APPROACH,0
81.907,0.0338,0.0000,APPROACH,0
81.942,0.0342,0.0000,APPROACH,0
81.976,0.0339,0.1000,APPROACH,0
82.010,0.0341,0.0000,APPROACH,0
82.044,0.0345,0.0000,APPROACH,0
82.078,0.0337,0.1000,APPROACH,0
82.112,0.0340,0.0000,APPROACH,0
82.146,0.0340,0.0000,APPROACH,0
82.180,0.0342,0.1000,APPROACH,0
82.214,0.0339,0.0000,APPROACH,0
82.248,0.0341,0.0000,APPROACH,0
82.282,0.0340,0.1000,APPROACH,0
82.316,0.0338,0.0000,APPROACH,0
82.350,0.0344,0.0000,APPROACH,0
82.384,0.0339,0.1000,APPROACH,0
82.418,0.0339,0.0000,APPROACH,0
82.453,0.0349,0.0000,APPROACH,0
82.486,0.0331,0.1000,APPROACH,0
82.520,0.0339,0.0000,APPROACH,0
82.554,0.0341,0.0000,APPROACH,0
82.588,0.0341,0.1000,APPROACH,0
82.622,0.0338,0.0000,APPROACH,0
82.656,0.0340,0.0000,APPROACH,0
82.690,0.0341,0.1000,APPROACH,0
82.724,0.0343,0.0000,APPROACH,0
82.758,0.0336,0.1000,APPROACH,0
82.792,0.0343,0.0000,APPROACH,0
82.826,0.0340,0.0000,APPROACH,0
82.860,0.0340,0.1000,APPROACH,0
82.894,0.0340,0.0000,APPROACH,0
82.928,0.0341,0.0000,APPROACH,0
82.962,0.0337,0.1000,APPROACH,0
82.996,0.0342,0.0000,APPROACH,0
83.031,0.0344,0.0000,APPROACH,0
83.064,0.0334,0.1000,APPROACH,0
83.098,0.0341,0.0000,APPROACH,0
83.133,0.0351,0.0000,APPROACH,0
83.166,0.0328,0.1000,APPROACH,0
83.200,0.0342,0.0000,APPROACH,0
83.235,0.0345,0.0000,APPROACH,0
83.268,0.0334,0.1000,APPROACH,0
83.302,0.0342,0.0000,APPROACH,0
83.336,0.0338,0.0000,APPROACH,0
83.370,0.0341,0.1000,APPROACH,0
83.405,0.0343,0.0000,APPROACH,0
83.438,0.0339,0.0000,APPROACH,0
83.473,0.0348,0.1000,APPROACH,0
83.507,0.0333,0.0000,APPROACH,0
83.541,0.0342,0.0000,APPROACH,0
83.575,0.0341,0.1000,APPROACH,0
83.608,0.0334,0.0000,APPROACH,0
83.643,0.0342,0.0000,APPROACH,0
83.677,0.0341,0.1000,APPROACH,0
83.710,0.0337,0.0000,PATROL,0
83.745,0.0343,0.0000,PATROL,0
83.778,0.0339,0.1000,PATROL,0
83.812,0.0340,0.0000,PATROL,0
83.847,0.0341,0.0000,PATROL,0
83.880,0.0338,0.1000,PATROL,0
83.915,0.0341,0.0000,PATROL,0
83.949,0.0348,0.0000,PATROL,0
83.983,0.0334,0.1000,PATROL,0
84.017,0.0342,0.0000,PATROL,0
84.051,0.0338,0.0000,PATROL,0
84.085,0.0344,0.1000,PATROL,0
84.119,0.0335,0.0000,PATROL,0
84.153,0.0345,0.0000,PATROL,0
84.187,0.0337,0.1000,PATROL,0
84.221,0.0341,0.0000,PATROL,0
84.255,0.0342,0.0000,PATROL,0
84.289,0.0336,0.1000,PATROL,0
84.323,0.0340,0.0000,PATROL,0
84.357,0.0340,0.0000,PATROL,0
84.391,0.0343,0.1000,PATROL,0
84.425,0.0338,0.0000,PATROL,0
84.459,0.0340,0.1000,PATROL,0
84.493,0.0341,0.0000,PATROL,0
84.527,0.0343,0.0000,PATROL,0
84.561,0.0335,0.1000,PATROL,0
84.595,0.0342,0.0000,PATROL,0
84.629,0.0340,0.0000,PATROL,0
84.663,0.0339,0.1000,PATROL,0
84.697,0.0341,0.0000,PATROL,0
84.731,0.0341,0.0000,PATROL,0
84.765,0.0338,0.1000,PATROL,0
84.799,0.0341,0.0000,PATROL,0
84.833,0.0341,0.0000,PATROL,0
84.867,0.0340,0.1000,PATROL,0
84.901,0.0342,0.0000,PATROL,0
84.935,0.0340,0.0000,PATROL,0
84.969,0.0338,0.1000,PATROL,0
85.003,0.0340,0.0000,PATROL,0
85.037,0.0339,0.0000,PATROL,0
85.071,0.0340,0.1000,PATROL,0
85.106,0.0350,0.0000,PATROL,0
85.139,0.0331,0.0000,PATROL,0
85.173,0.0342,0.1000,PATROL,0
85.207,0.0339,0.0000,PATROL,0
85.241,0.0342,0.0000,PATROL,0
85.275,0.0339,0.1000,PATROL,0
85.309,0.0339,0.0000,PATROL,0
85.343,0.0340,0.0000,PATROL,0
85.377,0.0340,0.1000,PATROL,0
85.411,0.0339,0.0000,PATROL,0
85.445,0.0344,0.0000,PATROL,0
85.479,0.0338,0.1000,PATROL,0
85.513,0.0339,0.0000,PATROL,0
85.547,0.0343,0.0000,PATROL,0
85.582,0.0346,0.1000,PATROL,0
85.615,0.0333,0.0000,PATROL,0
85.649,0.0340,0.0000,PATROL,0
85.683,0.0340,0.1000,PATROL,0
85.717,0.0340,0.0000,PATROL,0
85.752,0.0343,0.0000,PATROL,0
85.786,0.0342,0.1000,PATROL,0
85.820,0.0337,0.0000,PATROL,0
85.853,0.0338,0.0000,PATROL,0
85.887,0.0341,0.1000,PATROL,0
85.922,0.0344,0.0000,PATROL,0
85.956,0.0341,0.0000,PATROL,0
85.990,0.0339,0.1000,PATROL,0
86.024,0.0337,0.0000,PATROL,0
86.058,0.0340,0.0000,PATROL,0
86.092,0.0341,0.1000,PATROL,0
86.126,0.0344,0.0000,PATROL,0
86.160,0.0335,0.1000,PATROL,0
86.194,0.0344,0.0000,PATROL,0
86.228,0.0340,0.0000,PATROL,0
86.262,0.0336,0.1000,PATROL,0
86.296,0.0342,0.0000,PATROL,0
86.330,0.0343,0.0000,PATROL,0
86.364,0.0337,0.1000,PATROL,0
86.398,0.0339,0.0000,PATROL,0
86.432,0.0341,0.0000,PATROL,0
86.466,0.0341,0.1000,PATROL,0
86.500,0.0339,0.0000,PATROL,0
86.534,0.0341,0.0000,PATROL,0
86.568,0.0339,0.1000,PATROL,0
86.602,0.0339,0.0000,PATROL,0
86.636,0.0344,0.0000,PATROL,0
86.670,0.0336,0.1000,PATROL,0
86.704,0.0340,0.0000,PATROL,0
86.738,0.0340,0.0000,PATROL,0
86.772,0.0340,0.1000,PATROL,0
86.806,0.0342,0.0000,PATROL,0
86.840,0.0338,0.0000,PATROL,0
86.874,0.0343,0.1000,PATROL,0
86.908,0.0338,0.0000,PATROL,0
86.942,0.0341,0.0000,PATROL,0
86.976,0.0342,0.1000,PATROL,0
87.010,0.0337,0.0000,PATROL,0
87.044,0.0340,0.0000,PATROL,0
87.078,0.0339,0.1000,PATROL,0
87.112,0.0340,0.0000,PATROL,0
87.146,0.0341,0.0000,PATROL,0
87.180,0.0341,0.1000,PATROL,0
87.214,0.0340,0.0000,PATROL,0
87.248,0.0339,0.0000,PATROL,0
87.282,0.0339,0.1000,PATROL,0
87.316,0.0343,0.0000,PATROL,0
87.350,0.0340,0.0000,PATROL,0
87.384,0.0337,0.1000,PATROL,0
87.418,0.0342,0.0000,PATROL,0
87.453,0.0344,0.0000,PATROL,0
87.486,0.0335,0.1000,PATROL,0
87.521,0.0344,0.0000,PATROL,0
87.555,0.0341,0.0000,PATROL,0
87.588,0.0337,0.1000,PATROL,0
87.623,0.0343,0.0000,PATROL,0
87.657,0.0341,0.0000,PATROL,0
87.690,0.0337,0.1000,PATROL,0
87.724,0.0341,0.0000,PATROL,0
87.758,0.0338,0.0000,PATROL,0
87.792,0.0342,0.1000,PATROL,0
87.827,0.0346,0.0000,PATROL,0
87.861,0.0336,0.1000,PATROL,0
87.895,0.0340,0.0000,PATROL,0
87.929,0.0341,0.0000,PATROL,0
87.962,0.0338,0.1000,PATROL,0
87.997,0.0342,0.0000,PATROL,0
88.031,0.0339,0.0000,PATROL,0
88.065,0.0339,0.1000,PATROL,0
88.099,0.0341,0.0000,PATROL,0
88.133,0.0340,0.0000,PATROL,0
88.167,0.0338,0.1000,PATROL,0
88.201,0.0344,0.0000,PATROL,0
88.235,0.0340,0.0000,PATROL,0
88.269,0.0337,0.1000,PATROL,0
88.303,0.0339,0.0000,PATROL,0
88.337,0.0345,0.0000,PATROL,0
88.370,0.0335,0.1000,PATROL,0
88.405,0.0343,0.0000,PATROL,0
88.439,0.0340,0.0000,PATROL,0
88.473,0.0340,0.1000,PATROL,0
88.507,0.0343,0.0000,PATROL,0
88.541,0.0338,0.0000,PATROL,0
88.575,0.0340,0.1000,PATROL,0
88.609,0.0338,0.0000,PATROL,0
88.643,0.0342,0.0000,PATROL,0
88.677,0.0338,0.1000,PATROL,0
88.711,0.0341,0.0000,PATROL,0
88.745,0.0339,0.0000,PATROL,0
88.779,0.0339,0.1000,PATROL,0
88.813,0.0342,0.0000,PATROL,0
88.847,0.0340,0.0000,PATROL,0
88.881,0.0341,0.1000,PATROL,0
88.915,0.0339,0.0000,PATROL,0
88.949,0.0342,0.0000,PATROL,0
88.983,0.0339,0.1000,PATROL,0
89.017,0.0342,0.0000,PATROL,0
89.051,0.0342,0.0000,PATROL,0
89.086,0.0346,0.1000,PATROL,0
89.119,0.0334,0.0000,PATROL,0
89.153,0.0340,0.0000,PATROL,0
89.188,0.0342,0.1000,PATROL,0
89.221,0.0337,0.0000,PATROL,0
89.256,0.0346,0.0000,PATROL,0
89.289,0.0338,0.1000,PATROL,0
89.323,0.0337,0.0000,PATROL,0
89.357,0.0341,0.0000,PATROL,0
89.391,0.0342,0.1000,PATROL,0
89.425,0.0337,0.0000,PATROL,0
89.459,0.0340,0.0000,PATROL,0
89.493,0.0340,0.1000,PATROL,0
89.527,0.0342,0.0000,PATROL,0
89.561,0.0339,0.1000,PATROL,0
89.596,0.0350,0.0000,PATROL,0
89.629,0.0332,0.0000,PATROL,0
89.663,0.0339,0.1000,PATROL,0
89.698,0.0345,0.0000,PATROL,0
89.731,0.0337,0.0000,PATROL,0
89.766,0.0343,0.1000,PATROL,0
89.799,0.0337,0.0000,PATROL,0
89.834,0.0342,0.0000,PATROL,0
89.867,0.0339,0.1000,PATROL,0
89.901,0.0339,0.0000,PATROL,0
89.936,0.0344,0.0000,PATROL,0
89.970,0.0339,0.1000,PATROL,0
90.004,0.0342,0.0000,PATROL,0
90.037,0.0337,0.0000,PATROL,0
90.071,0.0340,0.1000,PATROL,0
90.106,0.0343,0.0000,PATROL,0
90.140,0.0339,0.0000,PATROL,0
90.175,0.0350,0.1000,PATROL,0
90.208,0.0328,0.0000,PATROL,0
90.242,0.0344,0.0000,PATROL,0
90.276,0.0340,0.1000,PATROL,0
90.310,0.0338,0.0000,PATROL,0
90.344,0.0341,0.0000,PATROL,0
90.378,0.0340,0.1000,PATROL,0
90.412,0.0339,0.0000,PATROL,0
90.446,0.0340,0.0000,PATROL,0
90.480,0.0340,0.1000,PATROL,0
90.514,0.0344,0.0000,PATROL,0
90.548,0.0339,0.0000,PATROL,0
90.582,0.0339,0.1000,PATROL,0
90.616,0.0338,0.0000,PATROL,0
90.650,0.0341,0.0000,PATROL,0
90.684,0.0345,0.1000,PATROL,0
90.718,0.0342,0.0000,PATROL,0
90.752,0.0336,0.0000,PATROL,0
90.786,0.0338,0.1000,PATROL,0
90.820,0.0345,0.0000,PATROL,0
90.854,0.0337,0.0000,PATROL,0
90.888,0.0339,0.1000,PATROL,0
90.922,0.0340,0.0000,PATROL,0
90.957,0.0355,0.0000,PATROL,0
90.991,0.0333,0.1000,PATROL,0
91.024,0.0338,0.0000,PATROL,0
91.058,0.0336,0.0000,PATROL,0
91.092,0.0339,0.1000,PATROL,0
91.126,0.0341,0.0000,PATROL,0
91.160,0.0343,0.0000,PATROL,0
91.194,0.0340,0.1000,PATROL,0
91.229,0.0344,0.0000,PATROL,0
91.262,0.0335,0.1000,PATROL,0
91.296,0.0341,0.0000,PATROL,0
91.330,0.0340,0.0000,PATROL,0
91.364,0.0339,0.1000,PATROL,0
91.398,0.0342,0.0000,PATROL,0
91.433,0.0341,0.0000,PATROL,0
91.466,0.0336,0.1000,PATROL,0
91.500,0.0340,0.0000,PATROL,0
91.534,0.0344,0.0000,PATROL,0
91.568,0.0338,0.1000,PATROL,0
91.602,0.0341,0.0000,PATROL,0
91.637,0.0343,0.0000,PATROL,0
91.670,0.0336,0.1000,PATROL,0
91.704,0.0341,0.0000,PATROL,0
91.738,0.0339,0.0000,PATROL,0
91.772,0.0340,0.1000,PATROL,0
91.806,0.0339,0.0000,PATROL,0
91.840,0.0340,0.0000,PATROL,0
91.874,0.0341,0.1000,PATROL,0
91.908,0.0339,0.0000,PATROL,0
91.942,0.0343,0.0000,PATROL,0
91.976,0.0340,0.1000,PATROL,0
92.011,0.0341,0.0000,PATROL,0
92.045,0.0341,0.0000,PATROL,0
92.079,0.0342,0.1000,PATROL,0
92.112,0.0336,0.0000,PATROL,0
92.147,0.0341,0.0000,PATROL,0
92.181,0.0342,0.1000,PATROL,0
92.215,0.0337,0.0000,PATROL,0
92.249,0.0344,0.0000,PATROL,0
92.283,0.0337,0.1000,PATROL,0
92.317,0.0344,0.0000,PATROL,0
92.351,0.0337,0.0000,PATROL,0
92.385,0.0346,0.1000,PATROL,0
92.419,0.0338,0.0000,PATROL,0
92.453,0.0338,0.0000,PATROL,0
92.487,0.0341,0.1000,PATROL,0
92.521,0.0339,0.0000,PATROL,0
92.555,0.0340,0.0000,PATROL,0
92.590,0.0348,0.1000,PATROL,0
92.623,0.0332,0.0000,PATROL,0
92.657,0.0342,0.0000,PATROL,0
92.691,0.0342,0.1000,PATROL,0
92.725,0.0336,0.0000,PATROL,0
92.759,0.0343,0.0000,PATROL,0
92.793,0.0337,0.1000,PATROL,0
92.827,0.0338,0.0000,PATROL,0
92.861,0.0343,0.0000,PATROL,0
92.895,0.0338,0.1000,PATROL,0
92.929,0.0341,0.0000,PATROL,0
92.963,0.0338,0.1000,PATROL,0
92.997,0.0343,0.0000,PATROL,0
93.031,0.0341,0.0000,PATROL,0
93.065,0.0339,0.1000,PATROL,0
93.099,0.0344,0.0000,PATROL,0
93.133,0.0339,0.0000,PATROL,0
93.167,0.0339,0.1000,PATROL,0
93.201,0.0341,0.0000,PATROL,0
93.236,0.0345,0.0000,PATROL,0
93.269,0.0336,0.1000,PATROL,0
93.303,0.0340,0.0000,PATROL,0
93.338,0.0343,0.0000,PATROL,0
93.371,0.0337,0.1000,PATROL,0
93.406,0.0344,0.0000,PATROL,0
93.439,0.0338,0.0000,PATROL,0
93.473,0.0337,0.1000,PATROL,0
93.507,0.0339,0.0000,PATROL,0
93.541,0.0341,0.0000,PATROL,0
93.575,0.0342,0.1000,PATROL,0
93.609,0.0340,0.0000,PATROL,0
93.643,0.0342,0.0000,PATROL,0
93.677,0.0339,0.1000,PATROL,0
93.711,0.0340,0.0000,PATROL,0
93.745,0.0340,0.0000,PATROL,0
93.779,0.0341,0.1000,PATROL,0
93.813,0.0337,0.0000,PATROL,0
93.847,0.0343,0.0000,PATROL,0
93.881,0.0336,0.1000,PATROL,0
93.916,0.0345,0.0000,PATROL,0
93.949,0.0336,0.0000,PATROL,0
93.983,0.0341,0.1000,PATROL,0
94.018,0.0344,0.0000,PATROL,0
94.051,0.0336,0.0000,PATROL,0
94.086,0.0343,0.1000,PATROL,0
94.120,0.0343,0.0000,PATROL,0
94.154,0.0338,0.0000,PATROL,0
94.188,0.0339,0.1000,PATROL,0
94.222,0.0338,0.0000,PATROL,0
94.256,0.0346,0.0000,PATROL,0
94.290,0.0337,0.1000,PATROL,0
94.324,0.0340,0.0000,PATROL,0
94.358,0.0341,0.0000,PATROL,0
94.392,0.0338,0.1000,PATROL,0
94.426,0.0343,0.0000,PATROL,0
94.460,0.0338,0.0000,PATROL,0
94.494,0.0338,0.1000,PATROL,0
94.528,0.0342,0.0000,PATROL,0
94.562,0.0338,0.0000,PATROL,0
94.596,0.0343,0.1000,PATROL,0
94.630,0.0340,0.0000,PATROL,0
94.664,0.0339,0.1000,PATROL,0
94.698,0.0344,0.0000,PATROL,0
94.732,0.0340,0.0000,PATROL,0
94.766,0.0337,0.1000,PATROL,0
94.800,0.0343,0.0000,PATROL,0
94.834,0.0339,0.0000,PATROL,0
94.868,0.0338,0.1000,PATROL,0
94.902,0.0341,0.0000,PATROL,0
94.936,0.0340,0.0000,PATROL,0
94.970,0.0340,0.1000,PATROL,0
95.004,0.0343,0.0000,PATROL,0
95.038,0.0340,0.0000,PATROL,0
95.072,0.0341,0.1000,PATROL,0
95.106,0.0339,0.0000,PATROL,0
95.141,0.0344,0.0000,PATROL,0
95.174,0.0337,0.1000,PATROL,0
95.208,0.0336,0.0000,PATROL,0
95.242,0.0342,0.0000,PATROL,0
95.276,0.0343,0.1000,PATROL,0
95.310,0.0336,0.0000,PATROL,0
95.344,0.0341,0.0000,PATROL,0
95.378,0.0340,0.1000,PATROL,0
95.412,0.0341,0.0000,PATROL,0
95.446,0.0340,0.0000,PATROL,0
95.480,0.0340,0.1000,PATROL,0
95.515,0.0344,0.0000,PATROL,0
95.548,0.0338,0.0000,PATROL,0
95.582,0.0337,0.1000,PATROL,0
95.616,0.0342,0.0000,PATROL,0
95.651,0.0344,0.0000,PATROL,0
95.684,0.0337,0.1000,PATROL,0
95.718,0.0338,0.0000,PATROL,0
95.752,0.0342,0.0000,PATROL,0
95.786,0.0338,0.1000,PATROL,0
95.821,0.0346,0.0000,PATROL,0
95.855,0.0339,0.0000,PATROL,0
95.888,0.0338,0.1000,PATROL,0
95.922,0.0340,0.0000,PATROL,0
95.957,0.0343,0.0000,PATROL,0
95.991,0.0340,0.1000,PATROL,0
96.025,0.0338,0.0000,PATROL,0
96.059,0.0346,0.0000,PATROL,0
96.094,0.0344,0.1000,PATROL,0
96.127,0.0332,0.0000,PATROL,0
96.161,0.0340,0.0000,PATROL,0
96.195,0.0341,0.1000,PATROL,0
96.228,0.0338,0.0000,PATROL,0
96.263,0.0340,0.0000,PATROL,0
96.297,0.0343,0.1000,PATROL,0
96.331,0.0339,0.0000,PATROL,0
96.365,0.0338,0.1000,PATROL,0
96.399,0.0343,0.0000,PATROL,0
96.433,0.0339,0.0000,PATROL,0
96.467,0.0340,0.1000,PATROL,0
96.501,0.0343,0.0000,PATROL,0
96.535,0.0342,0.0000,PATROL,0
96.569,0.0336,0.1000,PATROL,0
96.603,0.0343,0.0000,PATROL,0
96.637,0.0342,0.0000,PATROL,0
96.671,0.0337,0.1000,PATROL,0
96.705,0.0339,0.0000,PATROL,0
96.739,0.0340,0.0000,PATROL,0
96.773,0.0340,0.1000,PATROL,0
96.807,0.0340,0.0000,PATROL,0
96.841,0.0345,0.0000,PATROL,0
96.875,0.0338,0.1000,PATROL,0
96.909,0.0340,0.0000,PATROL,0
96.943,0.0338,0.0000,PATROL,0
96.977,0.0341,0.1000,PATROL,0
97.011,0.0342,0.0000,PATROL,0
97.045,0.0339,0.0000,PATROL,0
97.079,0.0342,0.1000,PATROL,0
97.113,0.0339,0.0000,PATROL,0
97.147,0.0340,0.0000,PATROL,0
97.182,0.0346,0.1000,PATROL,0
97.215,0.0334,0.0000,PATROL,0
97.249,0.0340,0.0000,PATROL,0
97.283,0.0339,0.1000,PATROL,0
97.317,0.0341,0.0000,PATROL,0
97.351,0.0340,0.0000,PATROL,0
97.385,0.0341,0.1000,PATROL,0
97.419,0.0339,0.0000,PATROL,0
97.453,0.0340,0.0000,PATROL,0
97.487,0.0342,0.1000,PATROL,0
97.521,0.0339,0.0000,PATROL,0
97.555,0.0340,0.0000,PATROL,0
97.589,0.0341,0.1000,PATROL,0
97.623,0.0337,0.0000,PATROL,0
97.658,0.0345,0.0000,PATROL,0
97.692,0.0340,0.1000,PATROL,0
97.726,0.0341,0.0000,PATROL,0
97.759,0.0337,0.0000,PATROL,0
97.794,0.0342,0.1000,PATROL,0
97.827,0.0338,0.0000,PATROL,0
97.861,0.0341,0.0000,PATROL,0
97.895,0.0340,0.1000,PATROL,0
97.929,0.0338,0.0000,PATROL,0
97.963,0.0342,0.0000,PATROL,0
97.997,0.0339,0.1000,PATROL,0
98.032,0.0341,0.0000,PATROL,0
98.065,0.0338,0.1000,PATROL,0
98.100,0.0344,0.0000,PATROL,0
98.134,0.0340,0.0000,PATROL,0
98.167,0.0337,0.1000,PATROL,0
98.202,0.0341,0.0000,PATROL,0
98.236,0.0342,0.0000,PATROL,0
98.269,0.0336,0.1000,PATROL,0
98.304,0.0341,0.0000,PATROL,0
98.338,0.0344,0.0000,PATROL,0
98.372,0.0336,0.1000,PATROL,0
98.406,0.0347,0.0000,PATROL,0
98.440,0.0335,0.0000,PATROL,0
98.474,0.0338,0.1000,PATROL,0
98.508,0.0343,0.0000,PATROL,0
98.542,0.0339,0.0000,PATROL,0
98.576,0.0340,0.1000,PATROL,0
98.610,0.0339,0.0000,PATROL,0
98.644,0.0341,0.0000,PATROL,0
98.678,0.0341,0.1000,PATROL,0
98.712,0.0339,0.0000,PATROL,0
98.746,0.0342,0.0000,PATROL,0
98.780,0.0341,0.1000,PATROL,0
98.814,0.0340,0.0000,PATROL,0
98.848,0.0340,0.0000,PATROL,0
98.882,0.0339,0.1000,PATROL,0
98.916,0.0339,0.0000,PATROL,0
98.950,0.0341,0.0000,PATROL,0
98.984,0.0340,0.1000,PATROL,0
99.018,0.0340,0.0000,PATROL,0
99.053,0.0346,0.0000,PATROL,0
99.086,0.0335,0.1000,PATROL,0
99.120,0.0343,0.0000,PATROL,0
99.154,0.0337,0.0000,PATROL,0
99.188,0.0341,0.1000,PATROL,0
99.223,0.0343,0.0000,PATROL,0
99.256,0.0337,0.0000,PATROL,0
99.290,0.0341,0.1000,PATROL,0
99.325,0.0344,0.0000,PATROL,0
99.358,0.0338,0.0000,PATROL,0
99.393,0.0341,0.1000,PATROL,0
99.427,0.0341,0.0000,PATROL,0
99.460,0.0339,0.0000,PATROL,0
99.495,0.0341,0.1000,PATROL,0
99.528,0.0337,0.0000,PATROL,0
99.563,0.0344,0.0000,PATROL,0
99.596,0.0337,0.1000,PATROL,0
99.630,0.0341,0.0000,PATROL,0
99.664,0.0340,0.0000,PATROL,0
99.698,0.0338,0.1000,PATROL,0
99.732,0.0339,0.0000,PATROL,0
99.766,0.0340,0.1000,PATROL,0
99.800,0.0341,0.0000,PATROL,0
99.834,0.0340,0.0000,PATROL,0
99.868,0.0341,0.1000,PATROL,0
99.902,0.0340,0.0000,PATROL,0
99.936,0.0339,0.0000,PATROL,0
99.970,0.0340,0.1000,PATROL,0
100.006,0.0355,0.0000,PATROL,0
100.039,0.0329,0.0000,PATROL,0
100.072,0.0337,0.1000,PATROL,0
100.106,0.0340,0.0000,PATROL,0
100.141,0.0344,0.0000,PATROL,0
100.174,0.0336,0.1000,PATROL,0
100.208,0.0340,0.0000,PATROL,0
100.243,0.0347,0.0000,PATROL,0
100.276,0.0334,0.1000,PATROL,0
100.311,0.0342,0.0000,PATROL,0
100.345,0.0340,0.0000,PATROL,0
100.379,0.0340,0.1000,PATROL,0
100.413,0.0340,0.0000,PATROL,0
100.447,0.0341,0.0000,PATROL,0
100.481,0.0342,0.1000,PATROL,0
100.515,0.0338,0.0000,PATROL,0
100.549,0.0340,0.0000,PATROL,0
100.583,0.0345,0.1000,PATROL,0
100.617,0.0342,0.0000,PATROL,0
100.651,0.0337,0.0000,PATROL,0
100.685,0.0337,0.1000,PATROL,0
100.719,0.0341,0.0000,PATROL,0
100.753,0.0340,0.0000,PATROL,0
100.787,0.0343,0.1000,PATROL,0
100.821,0.0340,0.0000,PATROL,0
100.855,0.0338,0.0000,PATROL,0
100.889,0.0338,0.1000,PATROL,0
100.923,0.0342,0.0000,PATROL,0
100.958,0.0351,0.0000,PATROL,0
100.991,0.0330,0.1000,PATROL,0
101.025,0.0337,0.0000,PATROL,0
101.059,0.0343,0.0000,PATROL,0
101.093,0.0336,0.1000,PATROL,0
101.127,0.0344,0.0000,PATROL,0
101.161,0.0340,0.0000,PATROL,0
101.196,0.0341,0.1000,PATROL,0
101.229,0.0339,0.0000,PATROL,0
101.263,0.0340,0.0000,PATROL,0
101.297,0.0340,0.1000,PATROL,0
101.332,0.0348,0.0000,PATROL,0
101.365,0.0329,0.0000,PATROL,0
101.399,0.0340,0.1000,PATROL,0
101.434,0.0344,0.0000,PATROL,0
101.467,0.0335,0.1000,PATROL,0
101.501,0.0344,0.0000,PATROL,0
101.535,0.0337,0.0000,PATROL,0
101.569,0.0341,0.1000,PATROL,0
101.603,0.0340,0.0000,PATROL,0
101.639,0.0362,0.0000,PATROL,0
101.673,0.0335,0.1000,PATROL,0
101.707,0.0340,0.0000,PATROL,0
101.741,0.0342,0.0000,PATROL,0
101.775,0.0340,0.1000,PATROL,0
101.809,0.0338,0.0000,PATROL,0
101.843,0.0342,0.0000,PATROL,0
101.877,0.0339,0.1000,PATROL,0
101.911,0.0344,0.0000,PATROL,0
101.945,0.0338,0.0000,PATROL,0
101.979,0.0338,0.1000,PATROL,0
102.013,0.0340,0.0000,PATROL,0
102.047,0.0340,0.0000,PATROL,0
102.081,0.0343,0.1000,PATROL,0
102.115,0.0339,0.0000,PATROL,0
102.149,0.0341,0.0000,PATROL,0
102.183,0.0339,0.1000,PATROL,0
102.217,0.0341,0.0000,PATROL,0
102.251,0.0340,0.0000,PATROL,0
102.285,0.0338,0.1000,PATROL,0
102.320,0.0343,0.0000,PATROL,0
102.353,0.0337,0.0000,PATROL,0
102.387,0.0340,0.1000,PATROL,0
102.422,0.0344,0.0000,PATROL,0
102.456,0.0339,0.0000,PATROL,0
102.489,0.0338,0.1000,PATROL,0
102.523,0.0341,0.0000,PATROL,0
102.558,0.0341,0.0000,PATROL,0
102.591,0.0340,0.1000,PATROL,0
102.625,0.0338,0.0000,PATROL,0
102.659,0.0340,0.0000,PATROL,0
102.693,0.0340,0.1000,PATROL,0
102.728,0.0342,0.0000,PATROL,0
102.762,0.0340,0.0000,PATROL,0
102.795,0.0338,0.1000,PATROL,0
102.829,0.0340,0.0000,PATROL,0
102.863,0.0341,0.0000,PATROL,0
102.897,0.0338,0.1000,PATROL,0
102.931,0.0340,0.0000,PATROL,0
102.966,0.0342,0.0000,PATROL,0
102.999,0.0338,0.1000,PATROL,0
103.034,0.0348,0.0000,PATROL,0
103.068,0.0335,0.0000,PATROL,0
103.102,0.0342,0.1000,PATROL,0
103.136,0.0341,0.0000,PATROL,0
103.170,0.0338,0.1000,PATROL,0
103.204,0.0343,0.0000,PATROL,0
103.238,0.0343,0.0000,PATROL,0
103.272,0.0336,0.1000,PATROL,0
103.306,0.0342,0.0000,PATROL,0
103.341,0.0350,0.0000,PATROL,0
103.374,0.0331,0.1000,PATROL,0
103.408,0.0340,0.0000,PATROL,0
103.442,0.0342,0.0000,PATROL,0
103.476,0.0337,0.1000,PATROL,0
103.510,0.0340,0.0000,PATROL,0
103.544,0.0340,0.0000,PATROL,0
103.578,0.0340,0.1000,PATROL,0
103.612,0.0344,0.0000,PATROL,0
103.646,0.0339,0.0000,PATROL,0
103.680,0.0339,0.1000,PATROL,0
103.714,0.0340,0.0000,PATROL,0
103.748,0.0340,0.0000,PATROL,0
103.783,0.0342,0.1000,PATROL,0
103.816,0.0338,0.0000,PATROL,0
103.850,0.0340,0.0000,PATROL,0
103.884,0.0340,0.1000,PATROL,0
103.918,0.0338,0.0000,PATROL,0
103.952,0.0342,0.0000,PATROL,0
103.987,0.0342,0.1000,PATROL,0
104.020,0.0338,0.0000,PATROL,0
104.054,0.0341,0.0000,PATROL,0
104.088,0.0340,0.1000,PATROL,0
104.123,0.0341,0.0000,PATROL,0
104.157,0.0348,0.0000,PATROL,0
104.190,0.0330,0.1000,PATROL,0
104.225,0.0342,0.0000,PATROL,0
104.259,0.0341,0.0000,PATROL,0
104.292,0.0338,0.1000,PATROL,0
104.327,0.0343,0.0000,PATROL,0
104.361,0.0342,0.0000,PATROL,0
104.395,0.0336,0.1000,PATROL,0
104.429,0.0345,0.0000,PATROL,0
104.463,0.0338,0.0000,PATROL,0
104.497,0.0344,0.1000,PATROL,0
104.531,0.0336,0.0000,PATROL,0
104.565,0.0343,0.0000,PATROL,0
104.599,0.0338,0.1000,PATROL,0
104.633,0.0340,0.0000,PATROL,0
104.667,0.0340,0.0000,PATROL,0
104.702,0.0345,0.1000,PATROL,0
104.735,0.0332,0.0000,PATROL,0
104.769,0.0339,0.0000,PATROL,0
104.803,0.0343,0.1000,PATROL,0
104.837,0.0341,0.0000,PATROL,0
104.871,0.0339,0.1000,PATROL,0
104.905,0.0340,0.0000,PATROL,0
104.939,0.0343,0.0000,PATROL,0
104.973,0.0338,0.1000,PATROL,0
105.007,0.0343,0.0000,PATROL,0
105.041,0.0338,0.0000,PATROL,0
105.075,0.0337,0.1000,PATROL,0
105.109,0.0342,0.0000,PATROL,0
105.143,0.0342,0.0000,PATROL,0
105.177,0.0336,0.1000,PATROL,0
105.211,0.0341,0.0000,PATROL,0
105.246,0.0351,0.0000,PATROL,0
105.279,0.0328,0.1000,PATROL,0
105.313,0.0342,0.0000,PATROL,0
105.347,0.0343,0.0000,PATROL,0
105.381,0.0340,0.1000,PATROL,0
105.415,0.0338,0.0000,PATROL,0
105.449,0.0342,0.0000,PATROL,0
105.483,0.0340,0.1000,PATROL,0
105.518,0.0343,0.0000,PATROL,0
105.551,0.0337,0.0000,PATROL,0
105.585,0.0340,0.1000,PATROL,0
105.619,0.0338,0.0000,PATROL,0
105.653,0.0340,0.0000,PATROL,0
105.688,0.0344,0.1000,PATROL,0
105.722,0.0340,0.0000,PATROL,0
105.755,0.0338,0.0000,PATROL,0
105.790,0.0342,0.1000,PATROL,0
105.823,0.0337,0.0000,PATROL,0
105.857,0.0341,0.0000,PATROL,0
105.891,0.0340,0.1000,PATROL,0
105.925,0.0340,0.0000,PATROL,0
105.959,0.0340,0.0000,PATROL,0
105.993,0.0340,0.1000,PATROL,0
106.027,0.0341,0.0000,PATROL,0
106.061,0.0339,0.0000,PATROL,0
106.095,0.0342,0.1000,PATROL,0
106.130,0.0340,0.0000,PATROL,0
106.164,0.0341,0.0000,PATROL,0
106.198,0.0343,0.1000,PATROL,0
106.232,0.0340,0.0000,PATROL,0
106.265,0.0336,0.0000,PATROL,0
106.299,0.0340,0.1000,PATROL,0
106.334,0.0341,0.0000,PATROL,0
106.368,0.0340,0.0000,PATROL,0
106.402,0.0346,0.1000,PATROL,0
106.436,0.0336,0.0000,PATROL,0
106.470,0.0340,0.0000,PATROL,0
106.504,0.0341,0.1000,PATROL,0
106.538,0.0341,0.0000,PATROL,0
106.572,0.0340,0.1000,PATROL,0
106.606,0.0343,0.0000,PATROL,0
106.640,0.0335,0.0000,PATROL,0
106.674,0.0339,0.1000,PATROL,0
106.708,0.0341,0.0000,PATROL,0
106.742,0.0342,0.0000,PATROL,0
106.776,0.0339,0.1000,PATROL,0
106.810,0.0340,0.0000,PATROL,0
106.844,0.0344,0.0000,PATROL,0
106.878,0.0337,0.1000,PATROL,0
106.912,0.0344,0.0000,PATROL,0
106.946,0.0341,0.0000,PATROL,0
106.980,0.0339,0.1000,PATROL,0
107.014,0.0338,0.0000,PATROL,0
107.048,0.0344,0.0000,PATROL,0
107.082,0.0338,0.1000,PATROL,0
107.116,0.0338,0.0000,PATROL,0
107.150,0.0341,0.0000,PATROL,0
107.184,0.0340,0.1000,PATROL,0
107.218,0.0340,0.0000,PATROL,0
107.252,0.0341,0.0000,PATROL,0
107.286,0.0341,0.1000,PATROL,0
107.320,0.0338,0.0000,PATROL,0
107.354,0.0340,0.0000,PATROL,0
107.388,0.0344,0.1000,PATROL,0
107.422,0.0338,0.0000,PATROL,0
107.456,0.0341,0.0000,PATROL,0
107.490,0.0339,0.1000,PATROL,0
107.524,0.0343,0.0000,PATROL,0
107.558,0.0340,0.0000,PATROL,0
107.592,0.0338,0.1000,PATROL,0
107.626,0.0340,0.0000,PATROL,0
107.660,0.0342,0.0000,PATROL,0
107.694,0.0338,0.1000,PATROL,0
107.728,0.0340,0.0000,PATROL,0
107.762,0.0342,0.0000,PATROL,0
107.796,0.0337,0.1000,PATROL,0
107.830,0.0340,0.0000,PATROL,0
107.865,0.0345,0.0000,PATROL,0
107.898,0.0337,0.1000,PATROL,0
107.933,0.0342,0.0000,PATROL,0
107.967,0.0339,0.0000,PATROL,0
108.001,0.0340,0.1000,PATROL,0
108.034,0.0338,0.0000,PATROL,0
108.068,0.0341,0.0000,PATROL,0
108.102,0.0339,0.1000,PATROL,0
108.137,0.0343,0.0000,PATROL,0
108.171,0.0340,0.0000,PATROL,0
108.205,0.0344,0.1000,PATROL,0
108.238,0.0334,0.0000,PATROL,0
108.272,0.0338,0.1000,PATROL,0
108.307,0.0345,0.0000,PATROL,0
108.341,0.0339,0.0000,PATROL,0
108.374,0.0337,0.1000,PATROL,0
108.408,0.0340,0.0000,PATROL,0
108.443,0.0346,0.0000,PATROL,0
108.477,0.0336,0.1000,PATROL,0
108.511,0.0339,0.0000,PATROL,0
108.545,0.0341,0.0000,PATROL,0
108.579,0.0340,0.1000,PATROL,0
108.613,0.0341,0.0000,PATROL,0
108.647,0.0345,0.0000,PATROL,0
108.680,0.0332,0.1000,PATROL,0
108.715,0.0350,0.0000,PATROL,0
108.749,0.0337,0.0000,PATROL,0
108.783,0.0335,0.1000,PATROL,0
108.817,0.0343,0.0000,PATROL,0
108.851,0.0338,0.0000,PATROL,0
108.885,0.0340,0.1000,PATROL,0
108.919,0.0342,0.0000,PATROL,0
108.953,0.0339,0.0000,PATROL,0
108.987,0.0340,0.1000,PATROL,0
109.021,0.0340,0.0000,PATROL,0
109.055,0.0341,0.0000,PATROL,0
109.089,0.0343,0.1000,PATROL,0
109.123,0.0340,0.0000,PATROL,0
109.157,0.0337,0.0000,PATROL,0
109.191,0.0341,0.1000,PATROL,0
109.225,0.0342,0.0000,PATROL,0
109.259,0.0337,0.0000,PATROL,0
109.294,0.0346,0.1000,PATROL,0
109.327,0.0333,0.0000,PATROL,0
109.361,0.0344,0.0000,PATROL,0
109.395,0.0336,0.1000,PATROL,0
109.430,0.0349,0.0000,PATROL,0
109.464,0.0341,0.0000,PATROL,0
109.498,0.0336,0.1000,PATROL,0
109.531,0.0337,0.0000,PATROL,0
109.566,0.0345,0.0000,PATROL,0
109.600,0.0338,0.1000,PATROL,0
109.634,0.0344,0.0000,PATROL,0
109.667,0.0333,0.0000,PATROL,0
109.702,0.0342,0.1000,PATROL,0
109.735,0.0336,0.0000,PATROL,0
109.769,0.0341,0.0000,PATROL,0
109.804,0.0344,0.1000,PATROL,0
109.837,0.0338,0.0000,PATROL,0
109.871,0.0338,0.0000,PATROL,0
109.906,0.0343,0.1000,PATROL,0
109.939,0.0338,0.0000,PATROL,0
109.973,0.0338,0.1000,PATROL,0
110.007,0.0340,0.0000,PATROL,0
110.041,0.0342,0.0000,PATROL,0
110.075,0.0339,0.1000,PATROL,0
110.109,0.0341,0.0000,PATROL,0
110.143,0.0341,0.0000,PATROL,0
110.177,0.0338,0.1000,PATROL,0
110.211,0.0340,0.0000,PATROL,0
110.246,0.0343,0.0000,PATROL,0
110.279,0.0338,0.1000,PATROL,0
110.313,0.0339,0.0000,PATROL,0
110.348,0.0348,0.0000,PATROL,0
110.381,0.0334,0.1000,PATROL,0
110.415,0.0339,0.0000,PATROL,0
110.450,0.0345,0.0000,PATROL,0
110.484,0.0339,0.1000,PATROL,0
110.518,0.0339,0.0000,PATROL,0
110.551,0.0337,0.0000,PATROL,0
110.586,0.0343,0.1000,PATROL,0
110.620,0.0343,0.0000,PATROL,0
110.654,0.0335,0.0000,PATROL,0
110.688,0.0341,0.1000,PATROL,0
110.722,0.0340,0.0000,PATROL,0
110.756,0.0342,0.0000,PATROL,0
110.790,0.0340,0.1000,PATROL,0
110.824,0.0341,0.0000,PATROL,0
110.858,0.0337,0.0000,PATROL,0
110.892,0.0341,0.1000,PATROL,0
110.926,0.0345,0.0000,PATROL,0
110.960,0.0337,0.0000,PATROL,0
110.994,0.0337,0.1000,PATROL,0
111.028,0.0345,0.0000,PATROL,0
111.062,0.0341,0.0000,PATROL,0
111.096,0.0334,0.1000,PATROL,0
111.130,0.0342,0.0000,PATROL,0
111.164,0.0340,0.0000,PATROL,0
111.198,0.0341,0.1000,PATROL,0
111.232,0.0339,0.0000,PATROL,0
111.266,0.0343,0.0000,PATROL,0
111.300,0.0342,0.1000,PATROL,0
111.334,0.0337,0.0000,PATROL,0
111.368,0.0341,0.0000,PATROL,0
111.402,0.0339,0.1000,PATROL,0
111.436,0.0341,0.0000,PATROL,0
111.470,0.0339,0.0000,PATROL,0
111.504,0.0342,0.1000,PATROL,0
111.538,0.0338,0.0000,PATROL,0
111.572,0.0341,0.0000,PATROL,0
111.606,0.0339,0.1000,PATROL,0
111.640,0.0341,0.0000,PATROL,0
111.674,0.0338,0.1000,PATROL,0
111.708,0.0344,0.0000,PATROL,0
111.742,0.0338,0.0000,PATROL,0
111.776,0.0341,0.1000,PATROL,0
111.810,0.0341,0.0000,PATROL,0
111.844,0.0339,0.0000,PATROL,0
111.878,0.0340,0.1000,PATROL,0
111.912,0.0340,0.0000,PATROL,0
111.947,0.0344,0.0000,PATROL,0
111.980,0.0337,0.1000,PATROL,0
112.014,0.0341,0.0000,PATROL,0
112.048,0.0337,0.0000,PATROL,0
112.082,0.0341,0.1000,PATROL,0
112.116,0.0341,0.0000,PATROL,0
112.150,0.0341,0.0000,PATROL,0
112.185,0.0342,0.1000,PATROL,0
112.218,0.0338,0.0000,PATROL,0
112.253,0.0342,0.0000,PATROL,0
112.287,0.0339,0.1000,PATROL,0
112.320,0.0339,0.0000,PATROL,0
112.355,0.0341,0.0000,PATROL,0
112.389,0.0341,0.1000,PATROL,0
112.423,0.0338,0.0000,PATROL,0
112.456,0.0339,0.0000,PATROL,0
112.490,0.0341,0.1000,PATROL,0
112.525,0.0349,0.0000,PATROL,0
112.558,0.0331,0.0000,PATROL,0
112.592,0.0340,0.1000,PATROL,0
112.626,0.0341,0.0000,PATROL,0
112.660,0.0340,0.0000,PATROL,0
112.695,0.0342,0.1000,PATROL,0
112.729,0.0340,0.0000,PATROL,0
112.763,0.0340,0.0000,PATROL,0
112.797,0.0346,0.1000,PATROL,0
112.831,0.0337,0.0000,PATROL,0
112.865,0.0343,0.0000,PATROL,0
112.899,0.0335,0.1000,PATROL,0
112.933,0.0339,0.0000,PATROL,0
112.967,0.0343,0.0000,PATROL,0
113.001,0.0341,0.1000,PATROL,0
113.035,0.0339,0.0000,PATROL,0
113.070,0.0355,0.0000,PATROL,0
113.103,0.0331,0.1000,PATROL,0
113.137,0.0336,0.0000,PATROL,0
113.171,0.0342,0.0000,PATROL,0
113.206,0.0345,0.1000,PATROL,0
113.239,0.0336,0.0000,PATROL,0
113.273,0.0337,0.0000,PATROL,0
113.307,0.0340,0.1000,PATROL,0
113.341,0.0343,0.0000,PATROL,0
113.375,0.0337,0.1000,PATROL,0
113.409,0.0341,0.0000,PATROL,0
113.443,0.0341,0.0000,PATROL,0
113.477,0.0338,0.1000,PATROL,0
113.511,0.0343,0.0000,PATROL,0
113.545,0.0342,0.0000,PATROL,0
113.579,0.0337,0.1000,PATROL,0
113.614,0.0347,0.0000,PATROL,0
113.647,0.0335,0.0000,PATROL,0
113.681,0.0337,0.1000,PATROL,0
113.715,0.0342,0.0000,PATROL,0
113.749,0.0342,0.0000,PATROL,0
113.783,0.0338,0.1000,PATROL,0
113.818,0.0347,0.0000,PATROL,0
113.852,0.0340,0.0000,PATROL,0
113.885,0.0335,0.1000,PATROL,0
113.920,0.0342,0.0000,PATROL,0
113.953,0.0336,0.0000,PATROL,0
113.987,0.0342,0.1000,PATROL,0
114.021,0.0340,0.0000,PATROL,0
114.055,0.0338,0.0000,PATROL,0
114.089,0.0340,0.1000,PATROL,0
114.123,0.0340,0.0000,PATROL,0
114.158,0.0346,0.0000,PATROL,0
114.192,0.0338,0.1000,PATROL,0
114.226,0.0339,0.0000,PATROL,0
114.259,0.0339,0.0000,PATROL,0
114.293,0.0339,0.1000,PATROL,0
114.328,0.0348,0.0000,PATROL,0
114.361,0.0334,0.0000,PATROL,0
114.395,0.0339,0.1000,PATROL,0
114.429,0.0340,0.0000,PATROL,0
114.464,0.0343,0.0000,PATROL,0
114.498,0.0339,0.1000,PATROL,0
114.532,0.0342,0.0000,PATROL,0
114.566,0.0343,0.0000,PATROL,0
114.600,0.0336,0.1000,PATROL,0
114.633,0.0338,0.0000,PATROL,0
114.669,0.0352,0.0000,PATROL,0
114.702,0.0333,0.1000,PATROL,0
114.736,0.0337,0.0000,PATROL,0
114.770,0.0341,0.0000,PATROL,0
114.804,0.0340,0.1000,PATROL,0
114.838,0.0339,0.0000,PATROL,0
114.872,0.0341,0.0000,PATROL,0
114.906,0.0343,0.1000,PATROL,0
114.940,0.0337,0.0000,PATROL,0
114.974,0.0338,0.0000,PATROL,0
115.008,0.0342,0.1000,PATROL,0
115.042,0.0342,0.0000,PATROL,0
115.076,0.0337,0.1000,PATROL,0
115.110,0.0342,0.0000,PATROL,0
115.144,0.0340,0.0000,PATROL,0
115.178,0.0339,0.1000,PATROL,0
115.212,0.0342,0.0000,PATROL,0
115.246,0.0341,0.0000,PATROL,0
115.280,0.0336,0.1000,PATROL,0
115.314,0.0340,0.0000,PATROL,0
115.348,0.0343,0.0000,PATROL,0
115.382,0.0339,0.1000,PATROL,0
115.416,0.0341,0.0000,PATROL,0
115.450,0.0342,0.0000,PATROL,0
115.484,0.0340,0.1000,PATROL,0
115.518,0.0339,0.0000,PATROL,0
115.552,0.0340,0.0000,PATROL,0
115.586,0.0343,0.1000,PATROL,0
115.620,0.0338,0.0000,PATROL,0
115.654,0.0340,0.0000,PATROL,0
115.688,0.0340,0.1000,PATROL,0
115.722,0.0342,0.0000,PATROL,0
115.756,0.0339,0.0000,PATROL,0
115.790,0.0340,0.1000,PATROL,0
115.824,0.0340,0.0000,PATROL,0
115.858,0.0341,0.0000,PATROL,0
115.892,0.0338,0.1000,PATROL,0
115.926,0.0340,0.0000,PATROL,0
115.960,0.0340,0.0000,PATROL,0
115.994,0.0341,0.1000,PATROL,0
116.029,0.0343,0.0000,PATROL,0
116.062,0.0337,0.0000,PATROL,0
116.096,0.0341,0.1000,PATROL,0
116.130,0.0341,0.0000,PATROL,0
116.164,0.0339,0.0000,PATROL,0
116.198,0.0338,0.1000,PATROL,0
116.233,0.0344,0.0000,PATROL,0
116.266,0.0339,0.0000,PATROL,0
116.301,0.0345,0.1000,PATROL,0
116.335,0.0336,0.0000,PATROL,0
116.369,0.0339,0.0000,PATROL,0
116.403,0.0344,0.1000,PATROL,0
116.437,0.0340,0.0000,PATROL,0
116.471,0.0341,0.0000,PATROL,0
116.505,0.0337,0.1000,PATROL,0
116.539,0.0340,0.0000,PATROL,0
116.573,0.0342,0.0000,PATROL,0
116.607,0.0338,0.1000,PATROL,0
116.641,0.0342,0.0000,PATROL,0
116.675,0.0338,0.0000,PATROL,0
116.709,0.0340,0.1000,PATROL,0
116.743,0.0342,0.0000,PATROL,0
116.777,0.0339,0.1000,PATROL,0
116.811,0.0340,0.0000,PATROL,0
116.845,0.0343,0.0000,PATROL,0
116.879,0.0336,0.1000,PATROL,0
116.913,0.0341,0.0000,PATROL,0
116.947,0.0340,0.0000,PATROL,0
116.981,0.0340,0.1000,PATROL,0
117.015,0.0342,0.0000,PATROL,0
117.049,0.0342,0.0000,PATROL,0
117.083,0.0339,0.1000,PATROL,0
117.117,0.0341,0.0000,PATROL,0
117.151,0.0340,0.0000,PATROL,0
117.185,0.0338,0.1000,PATROL,0
117.219,0.0340,0.0000,PATROL,0
117.253,0.0340,0.0000,PATROL,0
117.287,0.0338,0.1000,PATROL,0
117.321,0.0340,0.0000,PATROL,0
117.355,0.0340,0.0000,PATROL,0
117.389,0.0341,0.1000,PATROL,0
117.423,0.0340,0.0000,PATROL,0
117.457,0.0341,0.0000,PATROL,0
117.491,0.0341,0.1000,PATROL,0
117.525,0.0339,0.0000,PATROL,0
117.559,0.0342,0.0000,PATROL,0
117.593,0.0341,0.1000,PATROL,0
117.627,0.0340,0.0000,PATROL,0
117.662,0.0347,0.0000,PATROL,0
117.695,0.0332,0.1000,PATROL,0
117.729,0.0338,0.0000,PATROL,0
117.763,0.0343,0.0000,PATROL,0
117.797,0.0339,0.1000,PATROL,0
117.832,0.0345,0.0000,PATROL,0
117.865,0.0335,0.0000,PATROL,0
117.899,0.0340,0.1000,PATROL,0
117.933,0.0340,0.0000,PATROL,0
117.967,0.0342,0.0000,PATROL,0
118.001,0.0340,0.1000,PATROL,0
118.035,0.0338,0.0000,PATROL,0
118.070,0.0343,0.0000,PATROL,0
118.104,0.0339,0.1000,PATROL,0
118.138,0.0343,0.0000,PATROL,0
118.172,0.0339,0.0000,PATROL,0
118.206,0.0345,0.1000,PATROL,0
118.240,0.0335,0.0000,PATROL,0
118.273,0.0338,0.0000,PATROL,0
118.307,0.0338,0.1000,PATROL,0
118.342,0.0344,0.0000,PATROL,0
118.375,0.0338,0.0000,PATROL,0
118.409,0.0338,0.1000,PATROL,0
118.445,0.0351,0.0000,PATROL,0
118.477,0.0331,0.1000,PATROL,0
118.512,0.0341,0.0000,PATROL,0
118.545,0.0339,0.0000,PATROL,0
118.580,0.0340,0.1000,PATROL,0
118.614,0.0341,0.0000,PATROL,0
118.648,0.0342,0.0000,PATROL,0
118.681,0.0336,0.1000,PATROL,0
118.715,0.0340,0.0000,PATROL,0
118.750,0.0345,0.0000,PATROL,0
118.784,0.0339,0.1000,PATROL,0
118.818,0.0337,0.0000,PATROL,0
118.852,0.0342,0.0000,PATROL,0
118.886,0.0339,0.1000,PATROL,0
118.920,0.0341,0.0000,PATROL,0
118.954,0.0340,0.0000,PATROL,0
118.988,0.0339,0.1000,PATROL,0
119.022,0.0347,0.0000,PATROL,0
119.056,0.0333,0.0000,PATROL,0
119.090,0.0341,0.1000,PATROL,0
119.124,0.0342,0.0000,PATROL,0
119.158,0.0337,0.0000,PATROL,0
119.192,0.0343,0.1000,PATROL,0
119.226,0.0339,0.0000,PATROL,0
119.260,0.0339,0.0000,PATROL,0
119.294,0.0339,0.1000,PATROL,0
119.328,0.0340,0.0000,PATROL,0
119.362,0.0339,0.0000,PATROL,0
119.396,0.0340,0.1000,PATROL,0
119.430,0.0346,0.0000,PATROL,0
119.464,0.0336,0.0000,PATROL,0
119.498,0.0342,0.1000,PATROL,0
119.533,0.0347,0.0000,PATROL,0
119.566,0.0331,0.0000,PATROL,0
119.600,0.0341,0.1000,PATROL,0
119.634,0.0342,0.0000,PATROL,0
119.668,0.0339,0.0000,PATROL,0
119.702,0.0340,0.1000,PATROL,0
119.736,0.0340,0.0000,PATROL,0
119.770,0.0340,0.0000,PATROL,0
119.805,0.0346,0.1000,PATROL,0
119.838,0.0335,0.0000,PATROL,0
119.872,0.0339,0.0000,PATROL,0
119.907,0.0348,0.1000,PATROL,0
119.940,0.0332,0.0000,PATROL,0
119.974,0.0342,0.0000,PATROL,0
120.008,0.0338,0.1000,PATROL,0
120.042,0.0341,0.0000,PATROL,0
120.076,0.0341,0.0000,PATROL,0
120.110,0.0338,0.1000,PATROL,0
120.145,0.0344,0.0000,PATROL,0
120.179,0.0340,0.1000,PATROL,0
120.213,0.0339,0.0000,PATROL,0
120.247,0.0343,0.0000,PATROL,0
120.280,0.0336,0.1000,PATROL,0
120.315,0.0342,0.0000,PATROL,0
120.349,0.0344,0.0000,PATROL,0
120.382,0.0335,0.1000,PATROL,0
120.417,0.0341,0.0000,PATROL,0
120.451,0.0344,0.0000,PATROL,0
120.485,0.0337,0.1000,PATROL,0
120.519,0.0341,0.0000,PATROL,0
120.553,0.0341,0.0000,PATROL,0
120.587,0.0337,0.1000,PATROL,0
120.621,0.0344,0.0000,PATROL,0
120.655,0.0340,0.0000,PATROL,0
120.689,0.0337,0.1000,PATROL,0
120.723,0.0341,0.0000,PATROL,0
120.757,0.0342,0.0000,PATROL,0
120.791,0.0340,0.1000,PATROL,0
120.825,0.0341,0.0000,PATROL,0
120.859,0.0338,0.0000,PATROL,0
120.893,0.0342,0.1000,PATROL,0
120.927,0.0340,0.0000,PATROL,0
120.961,0.0339,0.0000,PATROL,0
120.995,0.0341,0.1000,PATROL,0
121.029,0.0342,0.0000,PATROL,0
121.063,0.0337,0.0000,PATROL,0
121.097,0.0340,0.1000,PATROL,0
121.131,0.0346,0.0000,PATROL,0
121.166,0.0346,0.0000,PATROL,0
121.199,0.0329,0.1000,PATROL,0
121.233,0.0341,0.0000,PATROL,0
121.267,0.0339,0.0000,PATROL,0
121.301,0.0338,0.1000,PATROL,0
121.335,0.0347,0.0000,PATROL,0
121.369,0.0337,0.0000,PATROL,0
121.403,0.0339,0.1000,PATROL,0
121.438,0.0350,0.0000,PATROL,0
121.471,0.0335,0.0000,PATROL,0
121.506,0.0345,0.1000,PATROL,0
121.539,0.0333,0.0000,PATROL,0
121.574,0.0343,0.0000,PATROL,0
121.607,0.0335,0.1000,PATROL,0
121.641,0.0340,0.0000,PATROL,0
121.676,0.0346,0.0000,PATROL,0
121.709,0.0334,0.1000,PATROL,0
121.743,0.0340,0.0000,PATROL,0
121.778,0.0344,0.0000,PATROL,0
121.811,0.0337,0.1000,PATROL,0
121.845,0.0338,0.0000,PATROL,0
121.879,0.0339,0.1000,PATROL,0
121.913,0.0344,0.0000,PATROL,0
121.948,0.0344,0.0000,PATROL,0
121.981,0.0334,0.1000,PATROL,0
122.015,0.0343,0.0000,PATROL,0
122.049,0.0338,0.0000,PATROL,0
122.083,0.0341,0.1000,PATROL,0
122.117,0.0340,0.0000,PATROL,0
122.151,0.0340,0.0000,PATROL,0
122.185,0.0339,0.1000,PATROL,0
122.219,0.0343,0.0000,PATROL,0
122.253,0.0340,0.0000,PATROL,0
122.287,0.0339,0.1000,PATROL,0
122.321,0.0339,0.0000,PATROL,0
122.356,0.0343,0.0000,PATROL,0
122.389,0.0337,0.1000,PATROL,0
122.423,0.0341,0.0000,PATROL,0
122.457,0.0338,0.0000,PATROL,0
122.492,0.0349,0.1000,PATROL,0
122.526,0.0341,0.0000,PATROL,0
122.559,0.0332,0.0000,PATROL,0
122.594,0.0343,0.1000,PATROL,0
122.627,0.0337,0.0000,PATROL,0
122.661,0.0340,0.0000,PATROL,0
122.696,0.0342,0.1000,PATROL,0
122.729,0.0337,0.0000,PATROL,0
122.763,0.0341,0.0000,PATROL,0
122.798,0.0342,0.1000,PATROL,0
122.832,0.0341,0.0000,PATROL,0
122.866,0.0338,0.0000,PATROL,0
122.899,0.0338,0.1000,PATROL,0
122.933,0.0340,0.0000,PATROL,0
122.967,0.0342,0.0000,PATROL,0
123.001,0.0337,0.1000,PATROL,0
123.036,0.0348,0.0000,PATROL,0
123.069,0.0333,0.0000,PATROL,0
123.103,0.0342,0.1000,PATROL,0
123.137,0.0339,0.0000,PATROL,0
123.172,0.0341,0.0000,PATROL,0
123.206,0.0347,0.1000,PATROL,0
123.240,0.0334,0.0000,PATROL,0
123.274,0.0342,0.0000,PATROL,0
123.307,0.0337,0.1000,PATROL,0
123.341,0.0341,0.0000,PATROL,0
123.375,0.0340,0.0000,PATROL,0
123.409,0.0337,0.1000,PATROL,0
123.444,0.0343,0.0000,PATROL,0
123.477,0.0337,0.0000,PATROL,0
123.511,0.0340,0.1000,PATROL,0
123.546,0.0352,0.0000,PATROL,0
123.579,0.0328,0.1000,PATROL,0
123.613,0.0340,0.0000,PATROL,0
123.648,0.0345,0.0000,PATROL,0
123.682,0.0339,0.1000,PATROL,0
123.716,0.0345,0.0000,PATROL,0
123.750,0.0341,0.0000,PATROL,0
123.784,0.0340,0.1000,PATROL,0
123.818,0.0339,0.0000,PATROL,0
123.852,0.0343,0.0000,PATROL,0
123.886,0.0339,0.1000,PATROL,0
123.920,0.0339,0.0000,PATROL,0
123.954,0.0341,0.0000,PATROL,0
123.989,0.0342,0.1000,PATROL,0
124.022,0.0339,0.0000,PATROL,0
124.057,0.0342,0.0000,PATROL,0
124.090,0.0338,0.1000,PATROL,0
124.125,0.0345,0.0000,PATROL,0
124.158,0.0334,0.0000,PATROL,0
124.193,0.0342,0.1000,PATROL,0
124.227,0.0341,0.0000,PATROL,0
124.261,0.0341,0.0000,PATROL,0
124.295,0.0342,0.1000,PATROL,0
124.329,0.0337,0.0000,PATROL,0
124.363,0.0340,0.0000,PATROL,0
124.397,0.0340,0.1000,PATROL,0
124.431,0.0339,0.0000,PATROL,0
124.465,0.0340,0.0000,PATROL,0
124.498,0.0338,0.1000,PATROL,0
124.533,0.0345,0.0000,PATROL,0
124.567,0.0341,0.0000,PATROL,0
124.601,0.0337,0.1000,PATROL,0
124.635,0.0343,0.0000,PATROL,0
124.669,0.0341,0.0000,PATROL,0
124.703,0.0339,0.1000,PATROL,0
124.737,0.0340,0.0000,PATROL,0
124.771,0.0338,0.0000,PATROL,0
124.805,0.0339,0.1000,PATROL,0
124.839,0.0340,0.0000,PATROL,0
124.873,0.0342,0.0000,PATROL,0
124.907,0.0338,0.1000,PATROL,0
124.941,0.0342,0.0000,PATROL,0
124.975,0.0344,0.0000,PATROL,0
125.009,0.0334,0.1000,PATROL,0
125.043,0.0341,0.0000,PATROL,0
125.077,0.0340,0.0000,PATROL,0
125.111,0.0340,0.1000,PATROL,0
125.145,0.0340,0.0000,PATROL,0
125.179,0.0340,0.0000,PATROL,0
125.213,0.0341,0.1000,PATROL,0
125.247,0.0340,0.0000,PATROL,0
125.281,0.0336,0.1000,PATROL,0
125.315,0.0342,0.0000,PATROL,0
125.349,0.0341,0.0000,PATROL,0
125.383,0.0339,0.1000,PATROL,0
125.417,0.0344,0.0000,PATROL,0
125.451,0.0338,0.0000,PATROL,0
125.485,0.0340,0.1000,PATROL,0
125.519,0.0340,0.0000,PATROL,0
125.554,0.0346,0.0000,PATROL,0
125.587,0.0335,0.1000,PATROL,0
125.622,0.0344,0.0000,PATROL,0
125.656,0.0342,0.0000,PATROL,0
125.689,0.0337,0.1000,PATROL,0
125.723,0.0339,0.0000,PATROL,0
125.758,0.0342,0.0000,PATROL,0
125.791,0.0338,0.1000,PATROL,0
125.825,0.0339,0.0000,PATROL,0
125.859,0.0341,0.0000,PATROL,0
125.893,0.0340,0.1000,PATROL,0
125.928,0.0344,0.0000,PATROL,0
125.962,0.0339,0.0000,PATROL,0
125.996,0.0340,0.1000,PATROL,0
126.029,0.0337,0.0000,PATROL,0
126.064,0.0343,0.0000,PATROL,0
126.098,0.0342,0.1000,PATROL,0
126.131,0.0338,0.0000,PATROL,0
126.165,0.0339,0.0000,PATROL,0
126.199,0.0341,0.1000,PATROL,0
126.233,0.0339,0.0000,PATROL,0
126.267,0.0341,0.0000,PATROL,0
126.302,0.0349,0.1000,PATROL,0
126.336,0.0338,0.0000,PATROL,0
126.370,0.0337,0.0000,PATROL,0
126.404,0.0340,0.1000,PATROL,0
126.438,0.0345,0.0000,PATROL,0
126.472,0.0337,0.0000,PATROL,0
126.506,0.0337,0.1000,PATROL,0
126.540,0.0340,0.0000,PATROL,0
126.573,0.0339,0.0000,PATROL,0
126.608,0.0341,0.1000,PATROL,0
126.642,0.0343,0.0000,PATROL,0
126.676,0.0342,0.0000,PATROL,0
126.710,0.0338,0.1000,PATROL,0
126.744,0.0338,0.0000,PATROL,0
126.778,0.0342,0.0000,PATROL,0
126.812,0.0341,0.1000,PATROL,0
126.846,0.0343,0.0000,PATROL,0
126.880,0.0336,0.0000,PATROL,0
126.914,0.0344,0.1000,PATROL,0
126.948,0.0341,0.0000,PATROL,0
126.982,0.0336,0.1000,PATROL,0
127.016,0.0344,0.0000,PATROL,0
127.050,0.0340,0.0000,PATROL,0
127.084,0.0337,0.1000,PATROL,0
127.118,0.0344,0.0000,PATROL,0
127.152,0.0339,0.0000,PATROL,0
127.186,0.0338,0.1000,PATROL,0
127.220,0.0339,0.0000,PATROL,0
127.254,0.0342,0.0000,PATROL,0
127.288,0.0339,0.1000,PATROL,0
127.322,0.0340,0.0000,PATROL,0
127.357,0.0345,0.0000,PATROL,0
127.390,0.0334,0.1000,PATROL,0
127.424,0.0341,0.0000,PATROL,0
127.458,0.0344,0.0000,PATROL,0
127.492,0.0336,0.1000,PATROL,0
127.526,0.0341,0.0000,PATROL,0
127.560,0.0340,0.0000,PATROL,0
127.594,0.0339,0.1000,PATROL,0
127.628,0.0344,0.0000,PATROL,0
127.662,0.0337,0.0000,PATROL,0
127.696,0.0341,0.1000,PATROL,0
127.730,0.0341,0.0000,PATROL,0
127.764,0.0340,0.0000,PATROL,0
127.799,0.0343,0.1000,PATROL,0
127.832,0.0339,0.0000,PATROL,0
127.866,0.0341,0.0000,PATROL,0
127.901,0.0345,0.1000,PATROL,0
127.934,0.0333,0.0000,PATROL,0
127.969,0.0346,0.0000,PATROL,0
128.002,0.0336,0.1000,PATROL,0
128.037,0.0343,0.0000,PATROL,0
128.071,0.0339,0.0000,PATROL,0
128.104,0.0339,0.1000,PATROL,0
128.139,0.0346,0.0000,PATROL,0
128.173,0.0343,0.0000,PATROL,0
128.206,0.0330,0.1000,PATROL,0
128.240,0.0341,0.0000,PATROL,0
128.275,0.0342,0.0000,PATROL,0
128.309,0.0340,0.1000,PATROL,0
128.343,0.0340,0.0000,PATROL,0
128.377,0.0339,0.0000,PATROL,0
128.410,0.0338,0.1000,PATROL,0
128.445,0.0344,0.0000,PATROL,0
128.479,0.0337,0.0000,PATROL,0
128.513,0.0342,0.1000,PATROL,0
128.547,0.0340,0.0000,PATROL,0
128.580,0.0337,0.0000,PATROL,0
128.615,0.0342,0.1000,PATROL,0
128.649,0.0342,0.0000,PATROL,0
128.683,0.0337,0.1000,PATROL,0
128.717,0.0345,0.0000,PATROL,0
128.751,0.0336,0.0000,PATROL,0
128.785,0.0339,0.1000,PATROL,0
128.819,0.0343,0.0000,PATROL,0
128.853,0.0341,0.0000,PATROL,0
128.887,0.0339,0.1000,PATROL,0
128.921,0.0338,0.0000,PATROL,0
128.955,0.0345,0.0000,PATROL,0
128.989,0.0338,0.1000,PATROL,0
129.023,0.0340,0.0000,PATROL,0
129.057,0.0342,0.0000,PATROL,0
129.091,0.0338,0.1000,PATROL,0
129.125,0.0340,0.0000,PATROL,0
129.159,0.0342,0.0000,PATROL,0
129.193,0.0338,0.1000,PATROL,0
129.227,0.0341,0.0000,PATROL,0
129.261,0.0340,0.0000,PATROL,0
129.295,0.0339,0.1000,PATROL,0
129.329,0.0342,0.0000,PATROL,0
129.363,0.0340,0.0000,PATROL,0
129.397,0.0339,0.1000,PATROL,0
129.431,0.0343,0.0000,PATROL,0
129.465,0.0341,0.0000,PATROL,0
129.499,0.0337,0.1000,PATROL,0
129.535,0.0354,0.0000,PATROL,0
129.568,0.0332,0.0000,PATROL,0
129.601,0.0335,0.1000,PATROL,0
129.636,0.0344,0.0000,PATROL,0
129.669,0.0336,0.0000,PATROL,0
129.703,0.0337,0.1000,PATROL,0
129.737,0.0342,0.0000,PATROL,0
129.771,0.0342,0.0000,PATROL,0
129.805,0.0340,0.1000,PATROL,0
129.839,0.0340,0.0000,PATROL,0
129.874,0.0343,0.0000,PATROL,0
129.907,0.0335,0.1000,PATROL,0
129.941,0.0341,0.0000,PATROL,0
129.976,0.0347,0.0000,PATROL,0
130.009,0.0332,0.1000,PATROL,0
130.044,0.0344,0.0000,PATROL,0
130.078,0.0343,0.0000,PATROL,0
130.112,0.0336,0.1000,PATROL,0
130.145,0.0339,0.0000,PATROL,0
130.180,0.0341,0.0000,PATROL,0
130.213,0.0338,0.1000,PATROL,0
130.248,0.0343,0.0000,PATROL,0
130.282,0.0338,0.0000,PATROL,0
130.316,0.0340,0.1000,PATROL,0
130.350,0.0343,0.0000,PATROL,0
130.383,0.0335,0.1000,PATROL,0
130.418,0.0342,0.0000,PATROL,0
130.452,0.0344,0.0000,PATROL,0
130.486,0.0335,0.1000,PATROL,0
130.520,0.0340,0.0000,PATROL,0
130.554,0.0341,0.0000,PATROL,0
130.588,0.0339,0.1000,PATROL,0
130.622,0.0340,0.0000,PATROL,0
130.656,0.0341,0.0000,PATROL,0
130.690,0.0341,0.1000,PATROL,0
130.724,0.0341,0.0000,PATROL,0
130.758,0.0340,0.0000,PATROL,0
130.792,0.0340,0.1000,PATROL,0
130.826,0.0339,0.0000,PATROL,0
130.860,0.0340,0.0000,PATROL,0
130.894,0.0339,0.1000,PATROL,0
130.928,0.0341,0.0000,PATROL,0
130.962,0.0342,0.0000,PATROL,0
130.996,0.0337,0.1000,PATROL,0
131.030,0.0342,0.0000,PATROL,0
131.064,0.0339,0.0000,PATROL,0
131.098,0.0342,0.1000,PATROL,0
131.132,0.0344,0.0000,PATROL,0
131.166,0.0337,0.0000,PATROL,0
131.201,0.0346,0.1000,PATROL,0
131.234,0.0334,0.0000,PATROL,0
131.268,0.0339,0.0000,PATROL,0
131.302,0.0338,0.1000,PATROL,0
131.336,0.0343,0.0000,PATROL,0
131.370,0.0338,0.0000,PATROL,0
131.404,0.0342,0.1000,PATROL,0
131.439,0.0346,0.0000,PATROL,0
131.472,0.0334,0.0000,PATROL,0
131.506,0.0339,0.1000,PATROL,0
131.540,0.0342,0.0000,PATROL,0
131.574,0.0342,0.0000,PATROL,0
131.608,0.0336,0.1000,PATROL,0
131.642,0.0341,0.0000,PATROL,0
131.676,0.0343,0.0000,ALIGN,0
131.710,0.0336,0.1000,ALIGN,0
131.744,0.0342,0.0000,ALIGN,0
131.778,0.0341,0.0000,ALIGN,0
131.812,0.0338,0.1000,ALIGN,0
131.846,0.0341,0.0000,ALIGN,0
131.880,0.0341,0.0000,ALIGN,0
131.914,0.0342,0.1000,ALIGN,0
131.948,0.0340,0.0000,ALIGN,0
131.982,0.0336,0.0000,ALIGN,0
132.016,0.0344,0.1000,ALIGN,0
132.050,0.0338,0.0000,ALIGN,0
132.084,0.0339,0.1000,ALIGN,0
132.118,0.0342,0.0000,ALIGN,0
132.152,0.0342,0.0000,ALIGN,0
132.186,0.0338,0.1000,ALIGN,0
132.221,0.0343,0.0000,ALIGN,0
132.254,0.0338,0.0000,ALIGN,0
132.288,0.0338,0.1000,ALIGN,0
132.322,0.0342,0.0000,ALIGN,0
132.356,0.0338,0.0000,ALIGN,0
132.390,0.0338,0.1000,ALIGN,0
132.424,0.0343,0.0000,ALIGN,0
132.458,0.0339,0.0000,ALIGN,0
132.493,0.0344,0.1000,ALIGN,0
132.526,0.0336,0.0000,ALIGN,0
132.561,0.0342,0.0000,ALIGN,0
132.595,0.0340,0.1000,ALIGN,0
132.628,0.0340,0.0000,ALIGN,0
132.663,0.0340,0.0000,ALIGN,0
132.697,0.0341,0.1000,ALIGN,0
132.731,0.0343,0.0000,ALIGN,0
132.765,0.0342,0.0000,ALIGN,0
132.799,0.0340,0.1000,ALIGN,0
132.833,0.0338,0.0000,APPROACH,0
132.867,0.0338,0.0000,APPROACH,0
132.901,0.0342,0.1000,APPROACH,0
132.935,0.0343,0.0000,APPROACH,0
132.969,0.0337,0.0000,APPROACH,0
133.003,0.0339,0.1000,APPROACH,0
133.038,0.0347,0.0000,APPROACH,0
133.071,0.0333,0.0000,APPROACH,0
133.105,0.0341,0.1000,APPROACH,0
133.139,0.0343,0.0000,APPROACH,0
133.173,0.0336,0.0000,APPROACH,0
133.207,0.0342,0.1000,APPROACH,0
133.242,0.0346,0.0000,APPROACH,0
133.275,0.0334,0.0000,APPROACH,0
133.309,0.0339,0.1000,APPROACH,0
133.343,0.0340,0.0000,APPROACH,0
133.377,0.0343,0.0000,APPROACH,0
133.411,0.0337,0.1000,APPROACH,0
133.445,0.0341,0.0000,APPROACH,0
133.480,0.0344,0.0000,APPROACH,0
133.513,0.0336,0.1000,APPROACH,0
133.547,0.0342,0.0000,APPROACH,0
133.582,0.0350,0.0000,APPROACH,0
133.615,0.0328,0.1000,APPROACH,0
133.649,0.0340,0.0000,APPROACH,0
133.683,0.0340,0.0000,APPROACH,0
133.717,0.0342,0.1000,APPROACH,0
133.751,0.0339,0.0000,APPROACH,0
133.785,0.0337,0.1000,APPROACH,0
133.819,0.0343,0.0000,APPROACH,0
133.854,0.0343,0.0000,APPROACH,0
133.887,0.0337,0.1000,APPROACH,0
133.921,0.0341,0.0000,APPROACH,0
133.956,0.0342,0.0000,APPROACH,0
133.989,0.0338,0.1000,APPROACH,0
134.023,0.0338,0.0000,APPROACH,0
134.057,0.0341,0.0000,APPROACH,0
134.091,0.0342,0.1000,APPROACH,0
134.126,0.0343,0.0000,APPROACH,0
134.159,0.0338,0.0000,APPROACH,0
134.193,0.0340,0.1000,APPROACH,0
134.228,0.0342,0.0000,APPROACH,0
134.262,0.0341,0.0000,APPROACH,0
134.296,0.0339,0.1000,APPROACH,0
134.330,0.0340,0.0000,APPROACH,0
134.364,0.0340,0.0000,APPROACH,0
134.398,0.0341,0.1000,APPROACH,0
134.432,0.0340,0.0000,APPROACH,0
134.466,0.0340,0.0000,APPROACH,0
134.500,0.0342,0.1000,APPROACH,0
134.534,0.0339,0.0000,APPROACH,0
134.568,0.0343,0.0000,APPROACH,0
134.602,0.0338,0.1000,APPROACH,0
134.636,0.0341,0.0000,APPROACH,0
134.670,0.0339,0.0000,APPROACH,0
134.703,0.0336,0.1000,APPROACH,0
134.738,0.0344,0.0000,APPROACH,0
134.772,0.0338,0.0000,APPROACH,0
134.806,0.0344,0.1000,APPROACH,0
134.840,0.0337,0.0000,APPROACH,0
134.874,0.0341,0.0000,APPROACH,0
134.908,0.0339,0.1000,APPROACH,0
134.942,0.0343,0.0000,APPROACH,0
134.976,0.0343,0.0000,APPROACH,0
135.010,0.0336,0.1000,APPROACH,0
135.044,0.0340,0.0000,APPROACH,0
135.078,0.0343,0.0000,APPROACH,0
135.112,0.0336,0.1000,APPROACH,0
135.146,0.0339,0.0000,APPROACH,0
135.180,0.0345,0.0000,APPROACH,0
135.214,0.0335,0.1000,APPROACH,0
135.248,0.0342,0.0000,APPROACH,0
135.282,0.0343,0.0000,APPROACH,0
135.316,0.0338,0.1000,APPROACH,0
135.350,0.0337,0.0000,APPROACH,0
135.384,0.0342,0.0000,APPROACH,0
135.418,0.0343,0.1000,APPROACH,0
135.452,0.0339,0.0000,APPROACH,0
135.486,0.0339,0.1000,APPROACH,0
135.520,0.0340,0.0000,APPROACH,0
135.554,0.0342,0.0000,APPROACH,0
135.588,0.0337,0.1000,APPROACH,0
135.622,0.0342,0.0000,APPROACH,0
135.656,0.0341,0.0000,APPROACH,0
135.690,0.0336,0.1000,APPROACH,0
135.725,0.0346,0.0000,APPROACH,0
135.758,0.0335,0.0000,APPROACH,0
135.793,0.0345,0.1000,APPROACH,0
135.826,0.0338,0.0000,APPROACH,0
135.860,0.0338,0.0000,APPROACH,0
135.894,0.0340,0.1000,APPROACH,0
135.928,0.0339,0.0000,APPROACH,0
135.963,0.0345,0.0000,APPROACH,0
135.997,0.0343,0.1000,APPROACH,0
136.031,0.0337,0.0000,APPROACH,0
136.064,0.0339,0.0000,APPROACH,0
136.098,0.0341,0.1000,APPROACH,0
136.132,0.0340,0.0000,APPROACH,0
136.167,0.0344,0.0000,APPROACH,0
136.201,0.0340,0.1000,APPROACH,0
136.235,0.0342,0.0000,APPROACH,0
136.268,0.0333,0.0000,APPROACH,0
136.302,0.0341,0.1000,APPROACH,0
136.337,0.0344,0.0000,APPROACH,0
136.371,0.0339,0.0000,APPROACH,0
136.404,0.0338,0.1000,APPROACH,0
136.439,0.0343,0.0000,APPROACH,0
136.473,0.0339,0.0000,APPROACH,0
136.507,0.0342,0.1000,APPROACH,0
136.541,0.0340,0.0000,APPROACH,0
136.574,0.0337,0.0000,APPROACH,0
136.608,0.0339,0.1000,APPROACH,0
136.643,0.0344,0.0000,APPROACH,0
136.677,0.0341,0.0000,APPROACH,0
136.711,0.0337,0.1000,APPROACH,0
136.745,0.0343,0.0000,APPROACH,0
136.779,0.0340,0.0000,APPROACH,0
136.813,0.0341,0.1000,APPROACH,0
136.847,0.0340,0.0000,APPROACH,0
136.881,0.0340,0.0000,APPROACH,0
136.915,0.0340,0.1000,APPROACH,0
136.949,0.0339,0.0000,APPROACH,0
136.983,0.0343,0.0000,APPROACH,0
137.017,0.0337,0.1000,APPROACH,0
137.051,0.0339,0.0000,APPROACH,0
137.085,0.0342,0.0000,APPROACH,0
137.119,0.0337,0.1000,APPROACH,0
137.153,0.0343,0.0000,APPROACH,0
137.187,0.0336,0.1000,APPROACH,0
137.221,0.0343,0.0000,APPROACH,0
137.255,0.0342,0.0000,APPROACH,0
137.289,0.0337,0.1000,APPROACH,0
137.323,0.0345,0.0000,APPROACH,0
137.358,0.0348,0.0000,APPROACH,0
137.391,0.0329,0.1000,APPROACH,0
137.425,0.0339,0.0000,APPROACH,0
137.459,0.0342,0.0000,APPROACH,0
137.493,0.0340,0.1000,APPROACH,0
137.527,0.0339,0.0000,APPROACH,0
137.561,0.0343,0.0000,APPROACH,0
137.595,0.0338,0.1000,APPROACH,0
137.629,0.0340,0.0000,APPROACH,0
137.663,0.0339,0.0000,APPROACH,0
137.697,0.0341,0.1000,APPROACH,0
137.731,0.0339,0.0000,APPROACH,0
137.765,0.0339,0.0000,APPROACH,0
137.799,0.0341,0.1000,APPROACH,0
137.833,0.0341,0.0000,APPROACH,0
137.868,0.0349,0.0000,APPROACH,0
137.901,0.0333,0.1000,APPROACH,0
137.935,0.0339,0.0000,APPROACH,0
137.969,0.0340,0.0000,APPROACH,0
138.003,0.0341,0.1000,APPROACH,0
138.038,0.0341,0.0000,APPROACH,0
138.072,0.0340,0.0000,APPROACH,0
138.105,0.0339,0.1000,APPROACH,0
138.140,0.0344,0.0000,APPROACH,0
138.174,0.0341,0.0000,APPROACH,0
138.207,0.0331,0.1000,APPROACH,0
138.242,0.0345,0.0000,APPROACH,0
138.276,0.0343,0.0000,APPROACH,0
138.309,0.0336,0.1000,APPROACH,0
138.344,0.0344,0.0000,APPROACH,0
138.377,0.0336,0.0000,APPROACH,0
138.412,0.0341,0.1000,APPROACH,0
138.445,0.0338,0.0000,APPROACH,0
138.480,0.0349,0.0000,APPROACH,0
138.514,0.0335,0.1000,APPROACH,0
138.548,0.0341,0.0000,APPROACH,0
138.582,0.0342,0.0000,APPROACH,0
138.616,0.0335,0.1000,APPROACH,0
138.650,0.0341,0.0000,APPROACH,0
138.685,0.0348,0.0000,APPROACH,0
138.718,0.0331,0.1000,APPROACH,0
138.752,0.0340,0.0000,APPROACH,0
138.785,0.0339,0.0000,APPROACH,0
138.820,0.0340,0.1000,APPROACH,0
138.854,0.0342,0.0000,APPROACH,0
138.888,0.0338,0.1000,APPROACH,0
138.922,0.0341,0.0000,APPROACH,0
138.956,0.0342,0.0000,APPROACH,0
138.990,0.0339,0.1000,APPROACH,0
139.024,0.0343,0.0000,APPROACH,0
139.058,0.0337,0.0000,APPROACH,0
139.092,0.0340,0.1000,APPROACH,0
139.126,0.0340,0.0000,APPROACH,0
139.160,0.0341,0.0000,APPROACH,0
139.194,0.0341,0.1000,APPROACH,0
139.228,0.0342,0.0000,APPROACH,0
139.262,0.0337,0.0000,APPROACH,0
139.296,0.0341,0.1000,APPROACH,0
139.330,0.0340,0.0000,APPROACH,0
139.364,0.0341,0.0000,APPROACH,0
139.398,0.0341,0.1000,APPROACH,0
139.432,0.0345,0.0000,APPROACH,0
139.466,0.0333,0.0000,APPROACH,0
139.500,0.0342,0.1000,APPROACH,0
139.534,0.0339,0.0000,APPROACH,0
139.568,0.0340,0.0000,APPROACH,0
139.602,0.0340,0.1000,APPROACH,0
139.636,0.0342,0.0000,APPROACH,0
139.670,0.0340,0.0000,APPROACH,0
139.704,0.0343,0.1000,APPROACH,0
139.738,0.0338,0.0000,APPROACH,0
139.773,0.0344,0.0000,APPROACH,0
139.806,0.0334,0.1000,APPROACH,0
139.840,0.0343,0.0000,APPROACH,0
139.874,0.0339,0.0000,APPROACH,0
139.908,0.0340,0.1000,APPROACH,0
139.942,0.0341,0.0000,APPROACH,0
139.976,0.0341,0.0000,APPROACH,0
140.010,0.0339,0.1000,APPROACH,0
140.044,0.0342,0.0000,APPROACH,0
140.078,0.0339,0.0000,APPROACH,0
140.112,0.0340,0.1000,APPROACH,0
140.146,0.0340,0.0000,APPROACH,0
140.180,0.0342,0.0000,APPROACH,0
140.215,0.0341,0.1000,APPROACH,0
140.248,0.0338,0.0000,APPROACH,0
140.282,0.0339,0.0000,APPROACH,0
140.317,0.0342,0.1000,APPROACH,0
141.040,0.7240,0.7000,APPROACH,1
141.041,0.0003,0.0000,APPROACH,0
141.041,0.0004,0.0000,APPROACH,0
141.041,0.0003,0.0000,APPROACH,0
141.042,0.0002,0.0000,APPROACH,0
141.042,0.0001,0.0000,APPROACH,0
141.042,0.0001,0.0000,APPROACH,0
141.042,0.0001,0.0000,APPROACH,0
141.042,0.0001,0.0000,APPROACH,0
141.042,0.0001,0.0000,APPROACH,0
141.065,0.0226,0.0000,APPROACH,0
141.099,0.0338,0.1000,APPROACH,0
141.134,0.0348,0.0000,APPROACH,0
141.167,0.0331,0.0000,APPROACH,0
141.202,0.0352,0.1000,APPROACH,0
141.235,0.0331,0.0000,APPROACH,0
141.269,0.0339,0.0000,APPROACH,0
141.303,0.0341,0.1000,APPROACH,0
141.337,0.0340,0.0000,APPROACH,0
141.371,0.0340,0.0000,APPROACH,0
141.406,0.0354,0.1000,APPROACH,0
141.439,0.0329,0.0000,APPROACH,0
141.473,0.0340,0.0000,APPROACH,0
141.507,0.0339,0.1000,APPROACH,0
141.541,0.0341,0.0000,APPROACH,0
141.575,0.0340,0.0000,APPROACH,0
141.609,0.0337,0.1000,APPROACH,0
141.643,0.0345,0.0000,APPROACH,0
141.677,0.0338,0.0000,APPROACH,0
141.711,0.0342,0.1000,APPROACH,0
141.745,0.0341,0.0000,APPROACH,0
141.780,0.0344,0.0000,APPROACH,0
141.813,0.0335,0.1000,APPROACH,0
141.847,0.0337,0.0000,APPROACH,0
141.881,0.0343,0.0000,APPROACH,0
141.915,0.0342,0.1000,APPROACH,0
141.949,0.0341,0.0000,APPROACH,0
141.984,0.0343,0.0000,APPROACH,0
142.017,0.0336,0.1000,APPROACH,0
142.052,0.0342,0.0000,APPROACH,0
142.085,0.0340,0.0000,APPROACH,0
142.119,0.0340,0.1000,APPROACH,0
142.153,0.0340,0.0000,APPROACH,0
142.187,0.0338,0.0000,APPROACH,0
142.222,0.0344,0.1000,PATROL,0
142.256,0.0340,0.0000,ALIGN,0
142.289,0.0337,0.1000,ALIGN,0
142.324,0.0343,0.0000,ALIGN,0
142.358,0.0340,0.0000,ALIGN,0
142.391,0.0339,0.1000,ALIGN,0
142.426,0.0342,0.0000,ALIGN,0
142.460,0.0339,0.0000,ALIGN,0
142.494,0.0340,0.1000,ALIGN,0
142.527,0.0339,0.0000,ALIGN,0
142.562,0.0341,0.0000,ALIGN,0
142.596,0.0341,0.1000,ALIGN,0
142.630,0.0339,0.0000,ALIGN,0
142.664,0.0344,0.0000,ALIGN,0
142.698,0.0337,0.1000,ALIGN,0
142.732,0.0347,0.0000,ALIGN,0
142.766,0.0335,0.0000,ALIGN,0
142.800,0.0337,0.1000,ALIGN,0
142.834,0.0340,0.0000,ALIGN,0
142.868,0.0340,0.0000,ALIGN,0
142.902,0.0339,0.1000,ALIGN,0
142.936,0.0341,0.0000,ALIGN,0
142.970,0.0339,0.0000,ALIGN,0
143.004,0.0341,0.1000,ALIGN,0
143.039,0.0348,0.0000,ALIGN,0
143.072,0.0331,0.0000,ALIGN,0
143.106,0.0345,0.1000,ALIGN,0
143.140,0.0338,0.0000,ALIGN,0
143.174,0.0339,0.0000,ALIGN,0
143.208,0.0337,0.1000,ALIGN,0
143.242,0.0344,0.0000,ALIGN,0
143.276,0.0337,0.0000,ALIGN,0
143.310,0.0340,0.1000,ALIGN,0
143.344,0.0343,0.0000,ALIGN,0
143.378,0.0337,0.0000,ALIGN,0
143.412,0.0341,0.1000,ALIGN,0
143.446,0.0341,0.0000,ALIGN,0
143.480,0.0343,0.0000,ALIGN,0
143.514,0.0339,0.1000,ALIGN,0
143.548,0.0339,0.0000,ALIGN,0
143.583,0.0346,0.0000,ALIGN,0
143.616,0.0336,0.1000,APPROACH,0
143.650,0.0336,0.0000,APPROACH,0
143.684,0.0341,0.0000,APPROACH,0
143.718,0.0341,0.1000,APPROACH,0
143.752,0.0338,0.0000,APPROACH,0
143.786,0.0341,0.0000,APPROACH,0
143.820,0.0342,0.1000,APPROACH,0
143.854,0.0339,0.0000,APPROACH,0
143.888,0.0340,0.0000,APPROACH,0
143.922,0.0340,0.1000,APPROACH,0
143.956,0.0340,0.0000,APPROACH,0
143.990,0.0342,0.1000,APPROACH,0
144.024,0.0343,0.0000,APPROACH,0
144.058,0.0338,0.0000,APPROACH,0
144.093,0.0346,0.1000,APPROACH,0
144.127,0.0341,0.0000,APPROACH,0
144.161,0.0345,0.0000,APPROACH,0
144.195,0.0335,0.1000,APPROACH,0
144.229,0.0339,0.0000,APPROACH,0
144.263,0.0343,0.0000,APPROACH,0
144.297,0.0336,0.1000,APPROACH,0
144.331,0.0340,0.0000,APPROACH,0
144.366,0.0351,0.0000,APPROACH,0
144.399,0.0331,0.1000,APPROACH,0
144.433,0.0341,0.0000,APPROACH,0
144.467,0.0341,0.0000,APPROACH,0
144.501,0.0339,0.1000,APPROACH,0
144.535,0.0339,0.0000,APPROACH,0
144.569,0.0340,0.0000,APPROACH,0
144.603,0.0342,0.1000,APPROACH,0
144.637,0.0342,0.0000,APPROACH,0
144.671,0.0337,0.0000,APPROACH,0
144.706,0.0348,0.1000,APPROACH,0
144.739,0.0335,0.0000,APPROACH,0
144.773,0.0340,0.0000,APPROACH,0
144.807,0.0338,0.1000,APPROACH,0
144.841,0.0342,0.0000,APPROACH,0
144.875,0.0337,0.0000,APPROACH,0
144.909,0.0341,0.1000,APPROACH,0
144.943,0.0341,0.0000,APPROACH,0
144.977,0.0340,0.0000,APPROACH,0
145.011,0.0339,0.1000,APPROACH,0
145.045,0.0342,0.0000,APPROACH,0
145.079,0.0340,0.0000,APPROACH,0
145.113,0.0340,0.1000,APPROACH,0
145.148,0.0348,0.0000,APPROACH,0
145.182,0.0335,0.0000,APPROACH,0
145.215,0.0338,0.1000,APPROACH,0
145.249,0.0338,0.0000,APPROACH,0
145.283,0.0341,0.0000,APPROACH,0
145.317,0.0340,0.1000,APPROACH,0
145.352,0.0343,0.0000,APPROACH,0
145.385,0.0339,0.0000,APPROACH,0
145.420,0.0344,0.1000,APPROACH,0
145.454,0.0338,0.0000,APPROACH,0
145.488,0.0338,0.0000,APPROACH,0
145.522,0.0342,0.1000,APPROACH,0
145.556,0.0338,0.0000,APPROACH,0
145.590,0.0340,0.0000,APPROACH,0
145.624,0.0341,0.1000,APPROACH,0
145.658,0.0342,0.0000,APPROACH,0
145.691,0.0336,0.1000,APPROACH,0
145.726,0.0345,0.0000,APPROACH,0
145.760,0.0338,0.0000,APPROACH,0
145.793,0.0337,0.1000,APPROACH,0
145.828,0.0344,0.0000,APPROACH,0
145.862,0.0340,0.0000,APPROACH,0
145.896,0.0338,0.1000,APPROACH,0
145.930,0.0343,0.0000,APPROACH,0
145.965,0.0349,0.0000,APPROACH,0
145.998,0.0331,0.1000,APPROACH,0
146.032,0.0339,0.0000,APPROACH,0
146.066,0.0340,0.0000,APPROACH,0
146.100,0.0341,0.1000,APPROACH,0
146.134,0.0343,0.0000,APPROACH,0
146.168,0.0343,0.0000,APPROACH,0
146.202,0.0335,0.1000,APPROACH,0
146.236,0.0341,0.0000,APPROACH,0
146.270,0.0339,0.0000,APPROACH,0
146.304,0.0340,0.1000,APPROACH,0
146.338,0.0341,0.0000,APPROACH,0
146.372,0.0339,0.0000,APPROACH,0
146.406,0.0340,0.1000,APPROACH,0
146.440,0.0341,0.0000,APPROACH,0
146.474,0.0339,0.0000,APPROACH,0
146.508,0.0340,0.1000,APPROACH,0
146.542,0.0343,0.0000,APPROACH,0
146.576,0.0341,0.0000,APPROACH,0
146.610,0.0340,0.1000,APPROACH,0
146.644,0.0341,0.0000,APPROACH,0
146.679,0.0342,0.0000,APPROACH,0
146.712,0.0336,0.1000,APPROACH,0
146.746,0.0342,0.0000,APPROACH,0
146.781,0.0352,0.0000,APPROACH,0
146.814,0.0328,0.1000,APPROACH,0
146.849,0.0345,0.0000,APPROACH,0
146.882,0.0336,0.0000,APPROACH,0
146.916,0.0341,0.1000,APPROACH,0
146.950,0.0339,0.0000,APPROACH,0
146.984,0.0342,0.0000,APPROACH,0
147.018,0.0338,0.1000,APPROACH,0
147.053,0.0344,0.0000,APPROACH,0
147.087,0.0340,0.0000,APPROACH,0
147.120,0.0337,0.1000,APPROACH,0
147.155,0.0343,0.0000,APPROACH,0
147.189,0.0339,0.0000,APPROACH,0
147.222,0.0336,0.1000,APPROACH,0
147.256,0.0341,0.0000,APPROACH,0
147.290,0.0341,0.0000,APPROACH,0
147.325,0.0344,0.1000,APPROACH,0
147.359,0.0338,0.0000,APPROACH,0
147.392,0.0337,0.1000,APPROACH,0
147.426,0.0342,0.0000,APPROACH,0
147.461,0.0342,0.0000,APPROACH,0
147.494,0.0337,0.1000,APPROACH,0
147.529,0.0343,0.0000,APPROACH,0
147.563,0.0341,0.0000,APPROACH,0
147.597,0.0340,0.1000,APPROACH,0
147.631,0.0343,0.0000,APPROACH,0
147.665,0.0340,0.0000,APPROACH,0
147.699,0.0338,0.1000,APPROACH,0
147.733,0.0346,0.0000,APPROACH,0
147.767,0.0337,0.0000,APPROACH,0
147.801,0.0338,0.1000,APPROACH,0
147.835,0.0341,0.0000,APPROACH,0
147.870,0.0353,0.0000,APPROACH,0
147.903,0.0328,0.1000,APPROACH,0
147.937,0.0338,0.0000,APPROACH,0
147.971,0.0341,0.0000,APPROACH,0
148.005,0.0341,0.1000,APPROACH,0
148.039,0.0342,0.0000,APPROACH,0
148.073,0.0337,0.0000,APPROACH,0
148.108,0.0349,0.1000,APPROACH,0
148.141,0.0334,0.0000,APPROACH,0
148.175,0.0336,0.0000,APPROACH,0
148.209,0.0341,0.1000,APPROACH,0
148.243,0.0344,0.0000,APPROACH,0
148.277,0.0338,0.0000,APPROACH,0
148.311,0.0342,0.1000,APPROACH,0
148.345,0.0342,0.0000,APPROACH,0
148.379,0.0339,0.0000,APPROACH,0
148.414,0.0344,0.1000,APPROACH,0
148.447,0.0335,0.0000,APPROACH,0
148.481,0.0341,0.0000,APPROACH,0
148.515,0.0336,0.1000,APPROACH,0
148.549,0.0341,0.0000,APPROACH,0
148.583,0.0340,0.0000,APPROACH,0
148.617,0.0342,0.1000,APPROACH,0
148.651,0.0339,0.0000,APPROACH,0
148.685,0.0339,0.0000,APPROACH,0
148.719,0.0340,0.1000,APPROACH,0
148.753,0.0344,0.0000,APPROACH,0
148.788,0.0343,0.0000,APPROACH,0
148.821,0.0335,0.1000,APPROACH,0
148.856,0.0344,0.0000,APPROACH,0
148.889,0.0337,0.0000,APPROACH,0
148.923,0.0340,0.1000,APPROACH,0
148.958,0.0343,0.0000,APPROACH,0
148.991,0.0335,0.0000,APPROACH,0
149.025,0.0341,0.1000,APPROACH,0
149.059,0.0342,0.0000,APPROACH,0
149.093,0.0338,0.1000,APPROACH,0
149.127,0.0341,0.0000,APPROACH,0
149.161,0.0340,0.0000,APPROACH,0
149.195,0.0339,0.1000,APPROACH,0
149.230,0.0344,0.0000,APPROACH,0
149.263,0.0337,0.0000,APPROACH,0
149.297,0.0338,0.1000,APPROACH,0
149.331,0.0341,0.0000,APPROACH,0
149.366,0.0342,0.0000,APPROACH,0
149.399,0.0337,0.1000,APPROACH,0
149.434,0.0344,0.0000,APPROACH,0
149.468,0.0339,0.0000,APPROACH,0
149.502,0.0348,0.1000,APPROACH,0
149.535,0.0330,0.0000,APPROACH,0
149.570,0.0342,0.0000,APPROACH,0
149.604,0.0339,0.1000,APPROACH,0
149.638,0.0341,0.0000,APPROACH,0
149.671,0.0339,0.0000,APPROACH,0
149.706,0.0341,0.1000,APPROACH,0
149.740,0.0339,0.0000,APPROACH,0
149.774,0.0340,0.0000,APPROACH,0
149.807,0.0339,0.1000,APPROACH,0
149.842,0.0343,0.0000,APPROACH,0
149.876,0.0341,0.0000,APPROACH,0
149.910,0.0339,0.1000,APPROACH,0
149.944,0.0343,0.0000,APPROACH,0
149.978,0.0341,0.0000,APPROACH,0
150.012,0.0337,0.1000,APPROACH,0
150.046,0.0341,0.0000,APPROACH,0
150.080,0.0339,0.0000,APPROACH,0
150.114,0.0338,0.1000,APPROACH,0
150.148,0.0344,0.0000,APPROACH,0
150.182,0.0341,0.0000,APPROACH,0
150.216,0.0338,0.1000,APPROACH,0
150.250,0.0340,0.0000,APPROACH,0
150.284,0.0343,0.0000,APPROACH,0
150.318,0.0339,0.1000,APPROACH,0
150.352,0.0341,0.0000,APPROACH,0
150.386,0.0340,0.0000,APPROACH,0
150.421,0.0343,0.1000,APPROACH,0
150.454,0.0337,0.0000,APPROACH,0
150.488,0.0342,0.0000,APPROACH,0
150.522,0.0337,0.1000,APPROACH,0
150.556,0.0341,0.0000,APPROACH,0
150.591,0.0353,0.0000,APPROACH,0
150.624,0.0327,0.1000,APPROACH,0
150.659,0.0343,0.0000,APPROACH,0
150.692,0.0337,0.0000,APPROACH,0
150.727,0.0343,0.1000,APPROACH,0
150.760,0.0336,0.0000,APPROACH,0
150.794,0.0339,0.1000,APPROACH,0
150.828,0.0343,0.0000,PATROL,0
150.862,0.0338,0.0000,PATROL,0
150.896,0.0338,0.1000,PATROL,0
150.930,0.0344,0.0000,PATROL,0
150.965,0.0343,0.0000,PATROL,0
150.998,0.0334,0.1000,PATROL,0
151.033,0.0349,0.0000,PATROL,0
151.067,0.0336,0.0000,PATROL,0
151.101,0.0340,0.1000,PATROL,0
151.134,0.0336,0.0000,PATROL,0
151.169,0.0344,0.0000,PATROL,0
151.202,0.0334,0.1000,PATROL,0
151.237,0.0343,0.0000,PATROL,0
151.270,0.0339,0.0000,PATROL,0
151.304,0.0338,0.1000,PATROL,0
151.338,0.0342,0.0000,PATROL,0
151.372,0.0338,0.0000,PATROL,0
151.407,0.0344,0.1000,PATROL,0
151.440,0.0337,0.0000,PATROL,0
151.474,0.0340,0.0000,PATROL,0
151.508,0.0338,0.1000,PATROL,0
151.542,0.0342,0.0000,PATROL,0
151.576,0.0339,0.0000,PATROL,0
151.610,0.0342,0.1000,PATROL,0
151.645,0.0341,0.0000,PATROL,0
151.678,0.0339,0.0000,PATROL,0
151.712,0.0339,0.1000,PATROL,0
151.747,0.0342,0.0000,PATROL,0
151.781,0.0341,0.0000,PATROL,0
151.815,0.0339,0.1000,PATROL,0
151.849,0.0342,0.0000,PATROL,0
151.883,0.0341,0.0000,PATROL,0
151.917,0.0345,0.1000,PATROL,0
151.951,0.0336,0.0000,PATROL,0
151.985,0.0341,0.0000,PATROL,0
152.019,0.0340,0.1000,PATROL,0
152.053,0.0340,0.0000,PATROL,0
152.087,0.0343,0.0000,PATROL,0
152.121,0.0339,0.1000,PATROL,0
152.155,0.0339,0.0000,PATROL,0
152.189,0.0340,0.0000,PATROL,0
152.224,0.0346,0.1000,PATROL,0
152.257,0.0332,0.0000,PATROL,0
152.292,0.0348,0.0000,PATROL,0
152.325,0.0331,0.1000,PATROL,0
152.359,0.0342,0.0000,PATROL,0
152.393,0.0340,0.0000,PATROL,0
152.427,0.0340,0.1000,PATROL,0
152.461,0.0343,0.0000,PATROL,0
152.495,0.0334,0.1000,PATROL,0
152.529,0.0341,0.0000,PATROL,0
152.563,0.0342,0.0000,PATROL,0
152.597,0.0337,0.1000,PATROL,0
152.631,0.0343,0.0000,PATROL,0
152.665,0.0340,0.0000,PATROL,0
152.699,0.0340,0.1000,PATROL,0
152.733,0.0342,0.0000,PATROL,0
152.767,0.0341,0.0000,PATROL,0
152.801,0.0338,0.1000,PATROL,0
152.835,0.0341,0.0000,PATROL,0
152.869,0.0340,0.0000,PATROL,0
152.903,0.0338,0.1000,PATROL,0
152.937,0.0344,0.0000,PATROL,0
152.971,0.0340,0.0000,PATROL,0
153.006,0.0343,0.1000,PATROL,0
153.039,0.0337,0.0000,PATROL,0
153.073,0.0338,0.0000,PATROL,0
153.107,0.0339,0.1000,PATROL,0
153.142,0.0346,0.0000,PATROL,0
153.175,0.0336,0.0000,PATROL,0
153.209,0.0338,0.1000,PATROL,0
153.244,0.0345,0.0000,PATROL,0
153.277,0.0337,0.0000,PATROL,0
153.311,0.0342,0.1000,PATROL,0
153.346,0.0344,0.0000,PATROL,0
153.379,0.0336,0.0000,PATROL,0
153.413,0.0337,0.1000,PATROL,0
153.448,0.0345,0.0000,PATROL,0
153.481,0.0338,0.0000,PATROL,0
153.515,0.0339,0.1000,PATROL,0
153.550,0.0344,0.0000,PATROL,0
153.584,0.0339,0.0000,PATROL,0
153.617,0.0338,0.1000,PATROL,0
153.652,0.0342,0.0000,PATROL,0
153.686,0.0342,0.0000,PATROL,0
153.720,0.0339,0.1000,PATROL,0
153.754,0.0338,0.0000,PATROL,0
153.788,0.0343,0.0000,PATROL,0
153.822,0.0343,0.1000,PATROL,0
153.856,0.0335,0.0000,PATROL,0
153.890,0.0341,0.0000,PATROL,0
153.924,0.0344,0.1000,PATROL,0
153.958,0.0336,0.0000,PATROL,0
153.992,0.0342,0.0000,PATROL,0
154.026,0.0338,0.1000,PATROL,0
154.060,0.0339,0.0000,PATROL,0
154.094,0.0344,0.0000,PATROL,0
154.128,0.0338,0.1000,PATROL,0
154.162,0.0342,0.0000,PATROL,0
154.196,0.0338,0.1000,PATROL,0
154.230,0.0340,0.0000,PATROL,0
154.264,0.0339,0.0000,PATROL,0
154.298,0.0339,0.1000,PATROL,0
154.333,0.0350,0.0000,PATROL,0
154.366,0.0334,0.0000,PATROL,0
154.400,0.0337,0.1000,PATROL,0
154.434,0.0341,0.0000,PATROL,0
154.468,0.0342,0.0000,PATROL,0
154.502,0.0338,0.1000,PATROL,0
154.536,0.0342,0.0000,PATROL,0
154.570,0.0344,0.0000,PATROL,0
154.604,0.0337,0.1000,PATROL,0
154.638,0.0339,0.0000,PATROL,0
154.672,0.0341,0.0000,PATROL,0
154.706,0.0343,0.1000,PATROL,0
154.740,0.0337,0.0000,PATROL,0
154.774,0.0339,0.0000,PATROL,0
154.808,0.0340,0.1000,PATROL,0
154.842,0.0343,0.0000,PATROL,0
154.876,0.0338,0.0000,PATROL,0
154.910,0.0339,0.1000,PATROL,0
154.944,0.0343,0.0000,PATROL,0
154.978,0.0339,0.0000,PATROL,0
155.012,0.0342,0.1000,PATROL,0
155.046,0.0339,0.0000,PATROL,0
155.080,0.0340,0.0000,PATROL,0
155.114,0.0339,0.1000,PATROL,0
155.149,0.0353,0.0000,PATROL,0
155.182,0.0330,0.0000,PATROL,0
155.216,0.0339,0.1000,PATROL,0
155.250,0.0341,0.0000,PATROL,0
155.285,0.0343,0.0000,PATROL,0
155.318,0.0336,0.1000,PATROL,0
155.353,0.0346,0.0000,PATROL,0
155.387,0.0336,0.0000,PATROL,0
155.421,0.0340,0.1000,PATROL,0
155.454,0.0339,0.0000,PATROL,0
155.489,0.0342,0.0000,PATROL,0
155.523,0.0339,0.1000,PATROL,0
155.557,0.0340,0.0000,PATROL,0
155.591,0.0344,0.0000,PATROL,0
155.624,0.0335,0.1000,PATROL,0
155.659,0.0341,0.0000,PATROL,0
155.694,0.0359,0.0000,PATROL,0
155.727,0.0323,0.1000,PATROL,0
155.760,0.0338,0.0000,PATROL,0
155.795,0.0340,0.0000,PATROL,0
155.829,0.0343,0.1000,PATROL,0
155.863,0.0339,0.0000,PATROL,0
155.897,0.0339,0.1000,PATROL,0
155.931,0.0344,0.0000,PATROL,0
155.965,0.0338,0.0000,PATROL,0
155.999,0.0337,0.1000,PATROL,0
156.033,0.0342,0.0000,PATROL,0
156.067,0.0342,0.0000,PATROL,0
156.101,0.0338,0.1000,PATROL,0
156.135,0.0339,0.0000,PATROL,0
156.169,0.0343,0.0000,PATROL,0
156.203,0.0339,0.1000,PATROL,0
156.237,0.0341,0.0000,PATROL,0
156.271,0.0341,0.0000,PATROL,0
156.305,0.0339,0.1000,PATROL,0
156.339,0.0340,0.0000,PATROL,0
156.374,0.0347,0.0000,PATROL,0
156.407,0.0334,0.1000,PATROL,0
156.441,0.0340,0.0000,PATROL,0
156.475,0.0341,0.0000,PATROL,0
156.509,0.0339,0.1000,PATROL,0
156.543,0.0342,0.0000,PATROL,0
156.577,0.0342,0.0000,PATROL,0
156.611,0.0337,0.1000,PATROL,0
156.645,0.0339,0.0000,PATROL,0
156.679,0.0341,0.0000,PATROL,0
156.713,0.0340,0.1000,PATROL,0
156.747,0.0343,0.0000,PATROL,0
156.781,0.0338,0.0000,PATROL,0
156.815,0.0339,0.1000,PATROL,0
156.849,0.0343,0.0000,PATROL,0
156.883,0.0341,0.0000,PATROL,0
156.917,0.0340,0.1000,PATROL,0
156.951,0.0341,0.0000,PATROL,0
156.985,0.0339,0.0000,PATROL,0
157.019,0.0340,0.1000,PATROL,0
157.053,0.0340,0.0000,PATROL,0
157.088,0.0343,0.0000,PATROL,0
157.121,0.0337,0.1000,PATROL,0
157.155,0.0340,0.0000,PATROL,0
157.189,0.0341,0.0000,PATROL,0
157.224,0.0341,0.1000,PATROL,0
157.257,0.0338,0.0000,PATROL,0
157.292,0.0350,0.0000,PATROL,0
157.327,0.0342,0.1000,PATROL,0
157.359,0.0327,0.0000,PATROL,0
157.393,0.0341,0.0000,PATROL,0
157.427,0.0340,0.1000,PATROL,0
157.461,0.0340,0.0000,PATROL,0
157.496,0.0341,0.0000,PATROL,0
157.529,0.0339,0.1000,PATROL,0
157.564,0.0347,0.0000,PATROL,0
157.597,0.0332,0.1000,PATROL,0
157.632,0.0342,0.0000,PATROL,0
157.666,0.0341,0.0000,PATROL,0
157.699,0.0338,0.1000,PATROL,0
157.734,0.0342,0.0000,PATROL,0
157.768,0.0339,0.0000,PATROL,0
157.801,0.0338,0.1000,PATROL,0
157.835,0.0341,0.0000,PATROL,0
157.870,0.0342,0.0000,PATROL,0
157.904,0.0340,0.1000,PATROL,0
157.938,0.0341,0.0000,PATROL,0
157.972,0.0339,0.0000,PATROL,0
158.006,0.0342,0.1000,PATROL,0
158.040,0.0341,0.0000,PATROL,0
158.074,0.0340,0.0000,PATROL,0
158.108,0.0338,0.1000,PATROL,0
158.142,0.0344,0.0000,PATROL,0
158.176,0.0337,0.0000,PATROL,0
158.210,0.0341,0.1000,PATROL,0
158.244,0.0342,0.0000,PATROL,0
158.278,0.0338,0.0000,PATROL,0
158.312,0.0339,0.1000,PATROL,0
158.346,0.0343,0.0000,PATROL,0
158.380,0.0343,0.0000,PATROL,0
158.414,0.0338,0.1000,PATROL,0
158.448,0.0337,0.0000,PATROL,0
158.482,0.0340,0.0000,PATROL,0
158.516,0.0340,0.1000,PATROL,0
158.550,0.0345,0.0000,PATROL,0
158.584,0.0335,0.0000,PATROL,0
158.618,0.0340,0.1000,PATROL,0
158.652,0.0345,0.0000,PATROL,0
158.687,0.0344,0.0000,PATROL,0
158.720,0.0332,0.1000,PATROL,0
158.754,0.0341,0.0000,PATROL,0
158.789,0.0344,0.0000,PATROL,0
158.822,0.0335,0.1000,PATROL,0
158.856,0.0340,0.0000,PATROL,0
158.891,0.0345,0.0000,PATROL,0
158.925,0.0340,0.1000,PATROL,0
158.958,0.0338,0.0000,PATROL,0
158.993,0.0342,0.0000,PATROL,0
159.026,0.0335,0.1000,PATROL,0
159.060,0.0341,0.0000,PATROL,0
159.095,0.0345,0.0000,PATROL,0
159.128,0.0336,0.1000,PATROL,0
159.162,0.0339,0.0000,PATROL,0
159.197,0.0348,0.0000,PATROL,0
159.230,0.0334,0.1000,PATROL,0
159.264,0.0340,0.0000,PATROL,0
159.298,0.0338,0.1000,PATROL,0
159.332,0.0343,0.0000,PATROL,0
159.366,0.0339,0.0000,PATROL,0
159.400,0.0340,0.1000,PATROL,0
159.435,0.0343,0.0000,PATROL,0
159.469,0.0347,0.0000,PATROL,0
159.502,0.0331,0.1000,PATROL,0
159.537,0.0342,0.0000,PATROL,0
159.571,0.0343,0.0000,PATROL,0
159.604,0.0336,0.1000,PATROL,0
159.638,0.0340,0.0000,PATROL,0
159.673,0.0343,0.0000,PATROL,0
159.707,0.0341,0.1000,PATROL,0
159.741,0.0341,0.0000,PATROL,0
159.775,0.0337,0.0000,PATROL,0
159.808,0.0339,0.1000,PATROL,0
159.843,0.0345,0.0000,PATROL,0
159.877,0.0336,0.0000,PATROL,0
159.911,0.0340,0.1000,PATROL,0
159.945,0.0344,0.0000,PATROL,0
159.979,0.0337,0.0000,PATROL,0
160.013,0.0342,0.1000,PATROL,0
160.047,0.0340,0.0000,PATROL,0
160.081,0.0341,0.0000,PATROL,0
160.115,0.0339,0.1000,PATROL,0
160.149,0.0343,0.0000,PATROL,0
160.183,0.0338,0.0000,PATROL,0
160.217,0.0337,0.1000,PATROL,0
160.251,0.0343,0.0000,PATROL,0
160.285,0.0342,0.0000,PATROL,0
160.319,0.0336,0.1000,PATROL,0
160.354,0.0350,0.0000,PATROL,0
160.387,0.0336,0.0000,PATROL,0
160.421,0.0337,0.1000,PATROL,0
160.455,0.0341,0.0000,PATROL,0
160.490,0.0343,0.0000,PATROL,0
160.523,0.0336,0.1000,PATROL,0
160.557,0.0338,0.0000,PATROL,0
160.591,0.0345,0.0000,PATROL,0
160.625,0.0340,0.1000,PATROL,0
160.659,0.0339,0.0000,PATROL,0
160.694,0.0343,0.0000,PATROL,0
160.727,0.0336,0.1000,PATROL,0
160.761,0.0341,0.0000,PATROL,0
160.796,0.0345,0.0000,PATROL,0
160.829,0.0335,0.1000,PATROL,0
160.864,0.0344,0.0000,PATROL,0
160.897,0.0338,0.0000,PATROL,0
160.931,0.0339,0.1000,PATROL,0
160.965,0.0341,0.0000,PATROL,0
160.999,0.0340,0.1000,PATROL,0
161.034,0.0343,0.0000,PATROL,0
161.067,0.0337,0.0000,PATROL,0
161.101,0.0338,0.1000,PATROL,0
161.135,0.0343,0.0000,PATROL,0
161.169,0.0341,0.0000,PATROL,0
161.203,0.0338,0.1000,PATROL,0
161.237,0.0341,0.0000,PATROL,0
161.271,0.0340,0.0000,PATROL,0
161.306,0.0345,0.1000,PATROL,0
161.340,0.0337,0.0000,PATROL,0
161.374,0.0340,0.0000,PATROL,0
161.407,0.0338,0.1000,PATROL,0
161.441,0.0341,0.0000,PATROL,0
161.476,0.0346,0.0000,PATROL,0
161.509,0.0335,0.1000,PATROL,0
161.544,0.0344,0.0000,PATROL,0
161.578,0.0338,0.0000,PATROL,0
161.612,0.0338,0.1000,PATROL,0
161.646,0.0345,0.0000,PATROL,0
161.680,0.0339,0.0000,PATROL,0
161.714,0.0338,0.1000,PATROL,0
161.748,0.0339,0.0000,PATROL,0
161.782,0.0339,0.0000,PATROL,0
161.816,0.0340,0.1000,PATROL,0
161.850,0.0341,0.0000,PATROL,0
161.884,0.0341,0.0000,PATROL,0
161.917,0.0336,0.1000,PATROL,0
161.952,0.0344,0.0000,PATROL,0
161.986,0.0339,0.0000,PATROL,0
162.020,0.0340,0.1000,PATROL,0
162.054,0.0345,0.0000,PATROL,0
162.088,0.0336,0.0000,PATROL,0
162.122,0.0337,0.1000,PATROL,0
162.157,0.0351,0.0000,PATROL,0
162.191,0.0340,0.0000,PATROL,0
162.224,0.0331,0.1000,PATROL,0
162.258,0.0340,0.0000,PATROL,0
162.292,0.0342,0.0000,PATROL,0
162.326,0.0341,0.1000,PATROL,0
162.360,0.0342,0.0000,PATROL,0
162.395,0.0343,0.0000,PATROL,0
162.428,0.0337,0.1000,PATROL,0
162.462,0.0341,0.0000,PATROL,0
162.496,0.0338,0.0000,PATROL,0
162.530,0.0343,0.1000,PATROL,0
162.564,0.0338,0.0000,PATROL,0
162.598,0.0338,0.0000,PATROL,0
162.632,0.0344,0.1000,PATROL,0
162.666,0.0338,0.0000,PATROL,0
162.700,0.0339,0.1000,PATROL,0
162.734,0.0339,0.0000,PATROL,0
162.768,0.0341,0.0000,PATROL,0
162.802,0.0339,0.1000,PATROL,0
162.836,0.0343,0.0000,PATROL,0
162.870,0.0339,0.0000,PATROL,0
162.904,0.0340,0.1000,PATROL,0
162.938,0.0339,0.0000,PATROL,0
162.972,0.0342,0.0000,PATROL,0
163.006,0.0339,0.1000,PATROL,0
163.040,0.0340,0.0000,PATROL,0
163.074,0.0342,0.0000,PATROL,0
163.108,0.0337,0.1000,PATROL,0
163.142,0.0343,0.0000,PATROL,0
163.177,0.0343,0.0000,PATROL,0
163.210,0.0336,0.1000,PATROL,0
163.245,0.0345,0.0000,PATROL,0
163.278,0.0335,0.0000,PATROL,0
163.312,0.0342,0.1000,PATROL,0
163.346,0.0341,0.0000,PATROL,0
163.380,0.0340,0.0000,PATROL,0
163.414,0.0340,0.1000,PATROL,0
163.448,0.0339,0.0000,PATROL,0
163.482,0.0340,0.0000,PATROL,0
163.517,0.0343,0.1000,PATROL,0
163.551,0.0339,0.0000,PATROL,0
163.585,0.0341,0.0000,PATROL,0
163.618,0.0338,0.1000,PATROL,0
163.653,0.0346,0.0000,PATROL,0
163.687,0.0336,0.0000,PATROL,0
163.721,0.0340,0.1000,PATROL,0
163.755,0.0343,0.0000,PATROL,0
163.790,0.0345,0.0000,PATROL,0
163.823,0.0333,0.1000,PATROL,0
163.857,0.0341,0.0000,PATROL,0
163.891,0.0337,0.0000,PATROL,0
163.925,0.0341,0.1000,PATROL,0
163.959,0.0340,0.0000,PATROL,0
163.993,0.0339,0.0000,PATROL,0
164.027,0.0345,0.1000,PATROL,0
164.061,0.0340,0.0000,PATROL,0
164.095,0.0340,0.0000,PATROL,0
164.129,0.0339,0.1000,PATROL,0
164.163,0.0337,0.0000,PATROL,0
164.197,0.0343,0.0000,PATROL,0
164.231,0.0337,0.1000,PATROL,0
164.265,0.0342,0.0000,PATROL,0
164.299,0.0337,0.0000,PATROL,0
164.333,0.0346,0.1000,PATROL,0
164.367,0.0337,0.0000,PATROL,0
164.401,0.0340,0.1000,PATROL,0
164.435,0.0341,0.0000,PATROL,0
164.469,0.0339,0.0000,PATROL,0
164.503,0.0338,0.1000,PATROL,0
164.537,0.0343,0.0000,PATROL,0
164.571,0.0341,0.0000,PATROL,0
164.605,0.0341,0.1000,PATROL,0
164.639,0.0338,0.0000,PATROL,0
164.673,0.0341,0.0000,PATROL,0
164.707,0.0337,0.1000,PATROL,0
164.741,0.0341,0.0000,PATROL,0
164.775,0.0340,0.0000,PATROL,0
164.809,0.0340,0.1000,PATROL,0
164.843,0.0342,0.0000,PATROL,0
164.877,0.0341,0.0000,PATROL,0
164.911,0.0338,0.1000,PATROL,0
164.945,0.0342,0.0000,PATROL,0
164.979,0.0337,0.0000,PATROL,0
165.013,0.0341,0.1000,PATROL,0
165.047,0.0342,0.0000,PATROL,0
165.081,0.0340,0.0000,PATROL,0
165.115,0.0338,0.1000,PATROL,0
165.149,0.0341,0.0000,PATROL,0
165.183,0.0338,0.0000,PATROL,0
165.217,0.0341,0.1000,PATROL,0
165.252,0.0344,0.0000,PATROL,0
165.285,0.0337,0.0000,PATROL,0
165.319,0.0340,0.1000,PATROL,0
165.353,0.0340,0.0000,PATROL,0
165.388,0.0342,0.0000,PATROL,0
165.421,0.0337,0.1000,PATROL,0
165.456,0.0344,0.0000,PATROL,0
165.490,0.0340,0.0000,PATROL,0
165.524,0.0339,0.1000,PATROL,0
165.558,0.0340,0.0000,PATROL,0
165.591,0.0339,0.0000,PATROL,0
165.625,0.0339,0.1000,PATROL,0
165.660,0.0342,0.0000,PATROL,0
165.694,0.0345,0.0000,PATROL,0
165.728,0.0341,0.1000,PATROL,0
165.761,0.0334,0.0000,PATROL,0
165.796,0.0342,0.0000,PATROL,0
165.830,0.0342,0.1000,PATROL,0
165.864,0.0339,0.0000,PATROL,0
165.898,0.0341,0.0000,PATROL,0
165.932,0.0339,0.1000,PATROL,0
165.966,0.0340,0.0000,PATROL,0
166.000,0.0340,0.0000,PATROL,0
166.034,0.0340,0.1000,PATROL,0
166.068,0.0342,0.0000,PATROL,0
166.102,0.0339,0.1000,PATROL,0
166.136,0.0341,0.0000,PATROL,0
166.170,0.0343,0.0000,PATROL,0
166.204,0.0335,0.1000,PATROL,0
166.239,0.0352,0.0000,PATROL,0
166.272,0.0332,0.0000,PATROL,0
166.306,0.0340,0.1000,PATROL,0
166.340,0.0337,0.0000,PATROL,0
166.374,0.0343,0.0000,PATROL,0
166.408,0.0338,0.1000,PATROL,0
166.442,0.0344,0.0000,PATROL,0
166.476,0.0341,0.0000,PATROL,0
166.510,0.0336,0.1000,PATROL,0
166.544,0.0341,0.0000,PATROL,0
166.578,0.0341,0.0000,PATROL,0
166.612,0.0340,0.1000,PATROL,0
166.646,0.0341,0.0000,PATROL,0
166.680,0.0339,0.0000,PATROL,0
166.714,0.0339,0.1000,PATROL,0
166.748,0.0344,0.0000,PATROL,0
166.783,0.0342,0.0000,PATROL,0
166.816,0.0337,0.1000,PATROL,0
166.850,0.0341,0.0000,PATROL,0
166.884,0.0339,0.0000,PATROL,0
166.918,0.0340,0.1000,PATROL,0
166.952,0.0342,0.0000,PATROL,0
166.986,0.0341,0.0000,PATROL,0
167.021,0.0343,0.1000,PATROL,0
167.054,0.0336,0.0000,PATROL,0
167.088,0.0341,0.0000,PATROL,0
167.122,0.0339,0.1000,PATROL,0
167.156,0.0340,0.0000,PATROL,0
167.191,0.0345,0.0000,PATROL,0
167.224,0.0336,0.1000,PATROL,0
167.259,0.0343,0.0000,PATROL,0
167.292,0.0337,0.0000,PATROL,0
167.326,0.0340,0.1000,PATROL,0
167.361,0.0343,0.0000,PATROL,0
167.394,0.0338,0.0000,PATROL,0
167.428,0.0340,0.1000,PATROL,0
167.463,0.0343,0.0000,PATROL,0
167.497,0.0340,0.0000,PATROL,0
167.530,0.0338,0.1000,PATROL,0
167.565,0.0347,0.0000,PATROL,0
167.599,0.0336,0.0000,PATROL,0
167.633,0.0342,0.1000,PATROL,0
167.667,0.0336,0.0000,PATROL,0
167.701,0.0340,0.0000,PATROL,0
167.735,0.0341,0.1000,PATROL,0
167.769,0.0339,0.0000,PATROL,0
167.802,0.0339,0.1000,PATROL,0
167.837,0.0343,0.0000,PATROL,0
167.871,0.0339,0.0000,PATROL,0
167.905,0.0340,0.1000,PATROL,0
167.939,0.0343,0.0000,PATROL,0
167.973,0.0342,0.0000,PATROL,0
168.006,0.0334,0.1000,PATROL,0
168.041,0.0342,0.0000,PATROL,0
168.075,0.0342,0.0000,PATROL,0
168.109,0.0340,0.1000,PATROL,0
168.143,0.0339,0.0000,PATROL,0
168.177,0.0342,0.0000,PATROL,0
168.211,0.0337,0.1000,PATROL,0
168.245,0.0343,0.0000,PATROL,0
168.279,0.0340,0.0000,PATROL,0
168.313,0.0339,0.1000,PATROL,0
168.347,0.0341,0.0000,PATROL,0
168.381,0.0341,0.0000,PATROL,0
168.415,0.0337,0.1000,PATROL,0
168.449,0.0342,0.0000,PATROL,0
168.483,0.0344,0.0000,PATROL,0
168.517,0.0336,0.1000,PATROL,0
168.551,0.0341,0.0000,PATROL,0
168.585,0.0342,0.0000,PATROL,0
168.619,0.0341,0.1000,PATROL,0
168.653,0.0338,0.0000,PATROL,0
168.688,0.0344,0.0000,PATROL,0
168.721,0.0335,0.1000,PATROL,0
168.755,0.0342,0.0000,PATROL,0
168.789,0.0339,0.0000,PATROL,0
168.823,0.0341,0.1000,PATROL,0
168.857,0.0338,0.0000,PATROL,0
168.891,0.0342,0.0000,PATROL,0
168.925,0.0339,0.1000,PATROL,0
168.959,0.0340,0.0000,PATROL,0
168.993,0.0340,0.0000,PATROL,0
169.027,0.0341,0.1000,PATROL,0
169.061,0.0340,0.0000,PATROL,0
169.095,0.0340,0.0000,PATROL,0
169.129,0.0340,0.1000,PATROL,0
169.163,0.0342,0.0000,PATROL,0
169.198,0.0341,0.0000,PATROL,0
169.232,0.0340,0.1000,PATROL,0
169.265,0.0338,0.0000,PATROL,0
169.300,0.0343,0.0000,PATROL,0
169.333,0.0339,0.1000,PATROL,0
169.368,0.0342,0.0000,PATROL,0
169.401,0.0337,0.0000,PATROL,0
169.436,0.0342,0.1000,PATROL,0
169.470,0.0340,0.0000,PATROL,0
169.503,0.0338,0.1000,PATROL,0
169.537,0.0340,0.0000,PATROL,0
169.572,0.0342,0.0000,PATROL,0
169.605,0.0338,0.1000,PATROL,0
169.640,0.0342,0.0000,PATROL,0
169.674,0.0339,0.0000,PATROL,0
169.707,0.0338,0.1000,PATROL,0
169.742,0.0342,0.0000,PATROL,0
169.776,0.0341,0.0000,PATROL,0
169.810,0.0340,0.1000,PATROL,0
169.844,0.0341,0.0000,PATROL,0
169.878,0.0340,0.0000,PATROL,0
169.912,0.0340,0.1000,PATROL,0
169.946,0.0341,0.0000,PATROL,0
169.980,0.0343,0.0000,PATROL,0
170.014,0.0341,0.1000,PATROL,0
170.048,0.0338,0.0000,PATROL,0
170.082,0.0338,0.0000,PATROL,0
170.116,0.0340,0.1000,PATROL,0
170.150,0.0342,0.0000,PATROL,0
170.184,0.0343,0.0000,PATROL,0
170.218,0.0337,0.1000,PATROL,0
170.252,0.0342,0.0000,PATROL,0
170.287,0.0349,0.0000,PATROL,0
170.320,0.0328,0.1000,PATROL,0
170.354,0.0342,0.0000,PATROL,0
170.388,0.0342,0.0000,PATROL,0
170.422,0.0338,0.1000,PATROL,0
170.456,0.0340,0.0000,PATROL,0
170.490,0.0340,0.0000,PATROL,0
170.524,0.0339,0.1000,PATROL,0
170.559,0.0349,0.0000,PATROL,0
170.592,0.0332,0.0000,PATROL,0
170.626,0.0339,0.1000,PATROL,0
170.660,0.0341,0.0000,PATROL,0
170.694,0.0338,0.0000,PATROL,0
170.728,0.0341,0.1000,PATROL,0
170.762,0.0341,0.0000,PATROL,0
170.796,0.0342,0.0000,PATROL,0
170.831,0.0344,0.1000,PATROL,0
170.864,0.0334,0.0000,PATROL,0
170.898,0.0343,0.0000,PATROL,0
170.933,0.0341,0.1000,PATROL,0
170.966,0.0337,0.0000,PATROL,0
171.000,0.0340,0.0000,PATROL,0
171.034,0.0342,0.1000,PATROL,0
171.069,0.0342,0.0000,PATROL,0
171.102,0.0336,0.0000,PATROL,0
171.136,0.0341,0.1000,PATROL,0
171.170,0.0340,0.0000,PATROL,0
171.204,0.0338,0.1000,PATROL,0
171.238,0.0343,0.0000,PATROL,0
171.272,0.0339,0.0000,PATROL,0
171.306,0.0340,0.1000,PATROL,0
171.341,0.0343,0.0000,PATROL,0
171.376,0.0348,0.0000,PATROL,0
171.408,0.0330,0.1000,PATROL,0
171.442,0.0339,0.0000,PATROL,0
171.477,0.0343,0.0000,PATROL,0
171.510,0.0338,0.1000,PATROL,0
171.545,0.0341,0.0000,PATROL,0
171.579,0.0342,0.0000,PATROL,0
171.613,0.0339,0.1000,PATROL,0
171.647,0.0340,0.0000,PATROL,0
171.681,0.0341,0.0000,PATROL,0
171.715,0.0340,0.1000,PATROL,0
171.749,0.0340,0.0000,PATROL,0
171.783,0.0339,0.0000,PATROL,0
171.817,0.0347,0.1000,PATROL,0
171.851,0.0334,0.0000,PATROL,0
171.885,0.0339,0.0000,PATROL,0
171.919,0.0339,0.1000,PATROL,0
171.953,0.0341,0.0000,PATROL,0
171.987,0.0341,0.0000,PATROL,0
172.021,0.0339,0.1000,PATROL,0
172.055,0.0340,0.0000,PATROL,0
172.089,0.0341,0.0000,PATROL,0
172.123,0.0338,0.1000,PATROL,0
172.157,0.0344,0.0000,PATROL,0
172.191,0.0341,0.0000,PATROL,0
172.225,0.0337,0.1000,PATROL,0
172.259,0.0345,0.0000,PATROL,0
172.293,0.0340,0.0000,PATROL,0
172.327,0.0337,0.1000,PATROL,0
172.362,0.0344,0.0000,PATROL,0
172.395,0.0335,0.0000,PATROL,0
172.429,0.0340,0.1000,PATROL,0
172.463,0.0340,0.0000,PATROL,0
172.497,0.0342,0.0000,PATROL,0
172.531,0.0338,0.1000,PATROL,0
172.565,0.0341,0.0000,PATROL,0
172.599,0.0340,0.0000,PATROL,0
172.633,0.0339,0.1000,PATROL,0
172.667,0.0342,0.0000,PATROL,0
172.702,0.0347,0.0000,PATROL,0
172.735,0.0334,0.1000,PATROL,0
172.769,0.0338,0.0000,PATROL,0
172.803,0.0340,0.0000,PATROL,0
172.837,0.0341,0.1000,PATROL,0
172.871,0.0341,0.0000,PATROL,0
172.905,0.0340,0.1000,PATROL,0
172.939,0.0340,0.0000,PATROL,0
172.975,0.0355,0.0000,PATROL,0
173.007,0.0323,0.1000,PATROL,0
173.041,0.0343,0.0000,PATROL,0
173.075,0.0339,0.0000,PATROL,0
173.109,0.0342,0.1000,PATROL,0
173.143,0.0341,0.0000,PATROL,0
173.178,0.0347,0.0000,PATROL,0
173.211,0.0331,0.1000,PATROL,0
173.245,0.0341,0.0000,PATROL,0
173.279,0.0340,0.0000,PATROL,0
173.313,0.0339,0.1000,PATROL,0
173.348,0.0342,0.0000,PATROL,0
173.381,0.0340,0.0000,PATROL,0
173.415,0.0337,0.1000,PATROL,0
173.449,0.0343,0.0000,PATROL,0
173.483,0.0338,0.0000,PATROL,0
173.517,0.0343,0.1000,PATROL,0
173.551,0.0338,0.0000,PATROL,0
173.585,0.0342,0.0000,PATROL,0
173.619,0.0337,0.1000,PATROL,0
173.654,0.0343,0.0000,PATROL,0
173.687,0.0338,0.0000,PATROL,0
173.722,0.0344,0.1000,PATROL,0
173.756,0.0338,0.0000,PATROL,0
173.790,0.0340,0.0000,PATROL,0
173.823,0.0338,0.1000,PATROL,0
173.857,0.0339,0.0000,PATROL,0
173.891,0.0342,0.0000,PATROL,0
173.925,0.0340,0.1000,PATROL,0
173.960,0.0344,0.0000,PATROL,0
173.994,0.0338,0.0000,PATROL,0
174.028,0.0340,0.1000,PATROL,0
174.063,0.0350,0.0000,PATROL,0
174.096,0.0332,0.0000,PATROL,0
174.130,0.0339,0.1000,PATROL,0
174.164,0.0340,0.0000,PATROL,0
174.198,0.0341,0.0000,PATROL,0
174.232,0.0344,0.1000,PATROL,0
174.266,0.0338,0.0000,PATROL,0
174.301,0.0348,0.0000,PATROL,0
174.334,0.0334,0.1000,PATROL,0
174.368,0.0342,0.0000,PATROL,0
174.402,0.0339,0.0000,PATROL,0
174.436,0.0337,0.1000,PATROL,0
174.470,0.0342,0.0000,PATROL,0
174.504,0.0339,0.0000,PATROL,0
174.538,0.0342,0.1000,PATROL,0
174.572,0.0339,0.0000,PATROL,0
174.606,0.0341,0.1000,PATROL,0
174.640,0.0341,0.0000,PATROL,0
174.674,0.0338,0.0000,PATROL,0
174.708,0.0337,0.1000,PATROL,0
174.743,0.0347,0.0000,PATROL,0
174.776,0.0335,0.0000,PATROL,0
174.810,0.0339,0.1000,PATROL,0
174.844,0.0341,0.0000,PATROL,0
174.878,0.0343,0.0000,PATROL,0
174.912,0.0336,0.1000,PATROL,0
174.946,0.0342,0.0000,PATROL,0
174.981,0.0344,0.0000,PATROL,0
175.014,0.0336,0.1000,PATROL,0
175.048,0.0340,0.0000,PATROL,0
175.083,0.0343,0.0000,PATROL,0
175.116,0.0336,0.1000,PATROL,0
175.150,0.0341,0.0000,PATROL,0
175.184,0.0338,0.0000,PATROL,0
175.218,0.0342,0.1000,PATROL,0
175.253,0.0344,0.0000,PATROL,0
175.287,0.0338,0.0000,PATROL,0
175.320,0.0340,0.1000,PATROL,0
175.354,0.0340,0.0000,PATROL,0
175.388,0.0340,0.0000,PATROL,0
175.423,0.0343,0.1000,PATROL,0
175.457,0.0341,0.0000,PATROL,0
175.491,0.0341,0.0000,PATROL,0
175.525,0.0337,0.1000,PATROL,0
175.558,0.0338,0.0000,PATROL,0
175.593,0.0341,0.0000,PATROL,0
175.627,0.0340,0.1000,PATROL,0
175.661,0.0342,0.0000,PATROL,0
175.695,0.0338,0.0000,PATROL,0
175.729,0.0343,0.1000,PATROL,0
175.763,0.0341,0.0000,PATROL,0
175.797,0.0337,0.0000,PATROL,0
175.831,0.0341,0.1000,PATROL,0
175.865,0.0340,0.0000,PATROL,0
175.899,0.0342,0.0000,PATROL,0
175.933,0.0341,0.1000,PATROL,0
175.967,0.0341,0.0000,PATROL,0
176.001,0.0342,0.0000,PATROL,0
176.035,0.0336,0.1000,PATROL,0
176.069,0.0340,0.0000,PATROL,0
176.103,0.0340,0.0000,PATROL,0
176.137,0.0343,0.1000,PATROL,0
176.171,0.0335,0.0000,PATROL,0
176.205,0.0342,0.0000,PATROL,0
176.240,0.0347,0.1000,PATROL,0
176.273,0.0333,0.0000,PATROL,0
176.307,0.0337,0.1000,PATROL,0
176.341,0.0342,0.0000,PATROL,0
176.375,0.0343,0.0000,PATROL,0
176.409,0.0337,0.1000,PATROL,0
176.443,0.0342,0.0000,PATROL,0
176.477,0.0339,0.0000,PATROL,0
176.511,0.0338,0.1000,PATROL,0
176.545,0.0343,0.0000,PATROL,0
176.579,0.0344,0.0000,PATROL,0
176.613,0.0337,0.1000,PATROL,0
176.647,0.0338,0.0000,PATROL,0
176.681,0.0341,0.0000,PATROL,0
176.715,0.0339,0.1000,PATROL,0
176.749,0.0340,0.0000,PATROL,0
176.783,0.0341,0.0000,PATROL,0
176.817,0.0339,0.1000,PATROL,0
176.851,0.0339,0.0000,PATROL,0
176.885,0.0341,0.0000,PATROL,0
176.919,0.0340,0.1000,PATROL,0
176.953,0.0339,0.0000,PATROL,0
176.987,0.0340,0.0000,PATROL,0
177.021,0.0342,0.1000,PATROL,0
177.056,0.0343,0.0000,PATROL,0
177.089,0.0339,0.0000,PATROL,0
177.123,0.0340,0.1000,PATROL,0
177.158,0.0343,0.0000,PATROL,0
177.191,0.0336,0.0000,PATROL,0
177.225,0.0342,0.1000,PATROL,0
177.259,0.0340,0.0000,PATROL,0
177.294,0.0340,0.0000,PATROL,0
177.327,0.0338,0.1000,PATROL,0
177.362,0.0345,0.0000,PATROL,0
177.396,0.0340,0.0000,PATROL,0
177.430,0.0337,0.1000,PATROL,0
177.464,0.0341,0.0000,PATROL,0
177.498,0.0340,0.0000,PATROL,0
177.531,0.0337,0.1000,PATROL,0
177.565,0.0340,0.0000,PATROL,0
177.600,0.0344,0.0000,PATROL,0
177.634,0.0343,0.1000,PATROL,0
177.668,0.0335,0.0000,PATROL,0
177.702,0.0342,0.0000,PATROL,0
177.736,0.0339,0.1000,PATROL,0
177.770,0.0340,0.0000,PATROL,0
177.804,0.0341,0.0000,PATROL,0
177.838,0.0341,0.1000,PATROL,0
177.871,0.0336,0.0000,PATROL,0
177.906,0.0341,0.0000,PATROL,0
177.940,0.0341,0.1000,PATROL,0
177.974,0.0341,0.0000,PATROL,0
178.007,0.0336,0.1000,PATROL,0
178.042,0.0346,0.0000,PATROL,0
178.076,0.0337,0.0000,PATROL,0
178.110,0.0342,0.1000,PATROL,0
178.144,0.0339,0.0000,PATROL,0
178.178,0.0343,0.0000,PATROL,0
178.212,0.0335,0.1000,PATROL,0
178.246,0.0341,0.0000,PATROL,0
178.280,0.0342,0.0000,PATROL,0
178.314,0.0337,0.1000,PATROL,0
178.348,0.0341,0.0000,PATROL,0
178.383,0.0349,0.0000,PATROL,0
178.416,0.0331,0.1000,PATROL,0
178.450,0.0343,0.0000,PATROL,0
178.484,0.0341,0.0000,PATROL,0
178.518,0.0337,0.1000,PATROL,0
178.552,0.0340,0.0000,PATROL,0
178.586,0.0342,0.0000,PATROL,0
178.620,0.0339,0.1000,PATROL,0
178.654,0.0343,0.0000,PATROL,0
178.688,0.0338,0.0000,PATROL,0
178.722,0.0344,0.1000,PATROL,0
178.756,0.0337,0.0000,PATROL,0
178.790,0.0341,0.0000,PATROL,0
178.824,0.0341,0.1000,PATROL,0
178.858,0.0340,0.0000,PATROL,0
178.892,0.0338,0.0000,PATROL,0
178.926,0.0340,0.1000,PATROL,0
178.960,0.0341,0.0000,PATROL,0
178.994,0.0340,0.0000,PATROL,0
179.028,0.0340,0.1000,PATROL,0
179.062,0.0341,0.0000,PATROL,0
179.096,0.0340,0.0000,PATROL,0
179.130,0.0340,0.1000,PATROL,0
179.164,0.0340,0.0000,PATROL,0
179.199,0.0345,0.0000,PATROL,0
179.232,0.0334,0.1000,PATROL,0
179.266,0.0339,0.0000,PATROL,0
179.301,0.0347,0.0000,PATROL,0
179.334,0.0335,0.1000,PATROL,0
179.368,0.0340,0.0000,PATROL,0
179.402,0.0341,0.0000,PATROL,0
179.436,0.0341,0.1000,PATROL,0
179.471,0.0346,0.0000,PATROL,0
179.505,0.0334,0.0000,PATROL,0
179.538,0.0339,0.1000,PATROL,0
179.573,0.0341,0.0000,PATROL,0
179.606,0.0339,0.0000,PATROL,0
179.641,0.0343,0.1000,PATROL,0
179.675,0.0340,0.0000,PATROL,0
179.708,0.0337,0.1000,PATROL,0
179.743,0.0343,0.0000,PATROL,0
179.777,0.0340,0.0000,PATROL,0
179.810,0.0338,0.1000,PATROL,0
179.845,0.0342,0.0000,PATROL,0
179.879,0.0340,0.0000,PATROL,0
179.913,0.0339,0.1000,PATROL,0
179.947,0.0342,0.0000,PATROL,0
179.981,0.0343,0.0000,PATROL,0
180.015,0.0338,0.1000,PATROL,0
180.049,0.0341,0.0000,PATROL,0
180.083,0.0342,0.0000,PATROL,0
180.117,0.0338,0.1000,PATROL,0
180.151,0.0338,0.0000,PATROL,0
180.185,0.0344,0.0000,PATROL,0
180.219,0.0335,0.1000,PATROL,0
180.253,0.0341,0.0000,PATROL,0
180.287,0.0340,0.0000,PATROL,0
180.321,0.0342,0.1000,PATROL,0
180.355,0.0342,0.0000,PATROL,0
180.389,0.0339,0.0000,PATROL,0
180.423,0.0339,0.1000,PATROL,0
180.457,0.0343,0.0000,PATROL,0
180.491,0.0342,0.0000,PATROL,0
180.525,0.0337,0.1000,PATROL,0
180.559,0.0339,0.0000,PATROL,0
180.593,0.0341,0.0000,PATROL,0
180.627,0.0336,0.1000,PATROL,0
180.661,0.0344,0.0000,PATROL,0
180.695,0.0339,0.0000,PATROL,0
180.729,0.0338,0.1000,PATROL,0
180.763,0.0341,0.0000,PATROL,0
180.798,0.0350,0.0000,PATROL,0
180.831,0.0331,0.1000,PATROL,0
180.865,0.0339,0.0000,PATROL,0
180.899,0.0340,0.0000,PATROL,0
180.933,0.0340,0.1000,PATROL,0
180.967,0.0343,0.0000,PATROL,0
181.001,0.0338,0.0000,PATROL,0
181.036,0.0346,0.1000,PATROL,0
181.069,0.0335,0.0000,PATROL,0
181.103,0.0339,0.0000,PATROL,0
181.138,0.0343,0.1000,PATROL,0
181.171,0.0338,0.0000,PATROL,0
181.206,0.0346,0.0000,PATROL,0
181.240,0.0336,0.1000,PATROL,0
181.273,0.0336,0.0000,PATROL,0
181.307,0.0339,0.0000,PATROL,0
181.341,0.0344,0.1000,PATROL,0
181.376,0.0341,0.0000,PATROL,0
181.409,0.0337,0.1000,PATROL,0
181.443,0.0342,0.0000,PATROL,0
181.477,0.0339,0.0000,PATROL,0
181.511,0.0339,0.1000,PATROL,0
181.546,0.0344,0.0000,PATROL,0
181.580,0.0340,0.0000,PATROL,0
181.613,0.0338,0.1000,PATROL,0
181.647,0.0339,0.0000,PATROL,0
181.681,0.0342,0.0000,PATROL,0
181.715,0.0339,0.1000,PATROL,0
181.750,0.0343,0.0000,PATROL,0
181.784,0.0339,0.0000,PATROL,0
181.818,0.0339,0.1000,PATROL,0
181.852,0.0344,0.0000,PATROL,0
181.886,0.0340,0.0000,PATROL,0
181.920,0.0336,0.1000,PATROL,0
181.954,0.0341,0.0000,PATROL,0
181.987,0.0338,0.0000,PATROL,0
182.022,0.0341,0.1000,PATROL,0
182.056,0.0340,0.0000,PATROL,0
182.090,0.0340,0.0000,PATROL,0
182.124,0.0342,0.1000,PATROL,0
182.158,0.0342,0.0000,PATROL,0
182.192,0.0336,0.0000,PATROL,0
182.226,0.0342,0.1000,PATROL,0
182.260,0.0341,0.0000,PATROL,0
182.294,0.0337,0.0000,PATROL,0
182.327,0.0339,0.1000,PATROL,0
182.362,0.0345,0.0000,PATROL,0
182.396,0.0338,0.0000,PATROL,0
182.430,0.0340,0.1000,PATROL,0
182.464,0.0342,0.0000,PATROL,0
182.498,0.0340,0.0000,PATROL,0
182.532,0.0340,0.1000,PATROL,0
182.566,0.0342,0.0000,PATROL,0
182.600,0.0342,0.0000,PATROL,0
182.634,0.0338,0.1000,PATROL,0
182.668,0.0336,0.0000,PATROL,0
182.703,0.0354,0.0000,PATROL,0
182.737,0.0335,0.1000,PATROL,0
182.770,0.0332,0.0000,PATROL,0
183.041,0.2713,0.3000,PATROL,0
183.041,0.0002,0.0000,PATROL,0
183.042,0.0001,0.0000,PATROL,0
183.042,0.0002,0.0000,PATROL,0
183.042,0.0002,0.0000,PATROL,0
183.042,0.0001,0.0000,PATROL,0
183.042,0.0001,0.0000,PATROL,0
183.042,0.0001,0.0000,PATROL,0
183.076,0.0337,0.0000,PATROL,0
183.110,0.0338,0.1000,PATROL,0
183.144,0.0344,0.0000,PATROL,0
183.178,0.0339,0.0000,PATROL,0
183.212,0.0338,0.1000,PATROL,0
183.246,0.0342,0.0000,PATROL,0
183.280,0.0339,0.0000,PATROL,0
183.314,0.0341,0.1000,PATROL,0
183.348,0.0338,0.0000,PATROL,0
183.382,0.0344,0.0000,PATROL,0
183.416,0.0338,0.1000,PATROL,0
183.450,0.0339,0.0000,PATROL,0
183.484,0.0343,0.0000,PATROL,0
183.518,0.0338,0.1000,PATROL,0
183.552,0.0343,0.0000,PATROL,0
183.587,0.0341,0.0000,PATROL,0
183.620,0.0337,0.1000,PATROL,0
183.654,0.0341,0.0000,PATROL,0
183.688,0.0340,0.0000,PATROL,0
183.723,0.0344,0.1000,PATROL,0
183.757,0.0338,0.0000,PATROL,0
183.791,0.0343,0.0000,PATROL,0
183.825,0.0338,0.1000,PATROL,0
183.859,0.0340,0.0000,PATROL,0
183.892,0.0338,0.0000,PATROL,0
183.927,0.0341,0.1000,PATROL,0
183.961,0.0344,0.0000,PATROL,0
183.995,0.0336,0.0000,PATROL,0
184.028,0.0338,0.1000,PATROL,0
184.063,0.0344,0.0000,PATROL,0
184.097,0.0340,0.0000,PATROL,0
184.131,0.0338,0.1000,PATROL,0
184.165,0.0343,0.0000,PATROL,0
184.199,0.0339,0.0000,PATROL,0
184.233,0.0340,0.1000,PATROL,0
184.267,0.0344,0.0000,PATROL,0
184.302,0.0345,0.0000,PATROL,0
184.336,0.0340,0.1000,PATROL,0
184.369,0.0332,0.0000,PATROL,0
184.403,0.0341,0.0000,PATROL,0
184.437,0.0343,0.1000,PATROL,0
184.471,0.0336,0.0000,PATROL,0
184.505,0.0339,0.0000,PATROL,0
184.539,0.0344,0.1000,PATROL,0
184.573,0.0338,0.0000,PATROL,0
184.607,0.0340,0.0000,PATROL,0
184.641,0.0343,0.1000,PATROL,0
184.675,0.0338,0.0000,PATROL,0
184.709,0.0337,0.0000,PATROL,0
184.743,0.0342,0.1000,PATROL,0
184.777,0.0339,0.0000,PATROL,0
184.811,0.0339,0.1000,PATROL,0
184.845,0.0345,0.0000,PATROL,0
184.879,0.0339,0.0000,PATROL,0
184.913,0.0339,0.1000,PATROL,0
184.947,0.0343,0.0000,PATROL,0
184.981,0.0340,0.0000,PATROL,0
185.015,0.0337,0.1000,PATROL,0
185.049,0.0342,0.0000,PATROL,0
185.083,0.0340,0.0000,PATROL,0
185.117,0.0339,0.1000,PATROL,0
185.151,0.0343,0.0000,PATROL,0
185.185,0.0339,0.0000,PATROL,0
185.219,0.0341,0.1000,PATROL,0
185.253,0.0340,0.0000,PATROL,0
185.288,0.0343,0.0000,PATROL,0
185.321,0.0336,0.1000,PATROL,0
185.355,0.0340,0.0000,PATROL,0
185.389,0.0340,0.0000,PATROL,0
185.424,0.0344,0.1000,PATROL,0
185.457,0.0338,0.0000,PATROL,0
185.491,0.0338,0.0000,PATROL,0
185.525,0.0340,0.1000,PATROL,0
185.559,0.0341,0.0000,PATROL,0
185.594,0.0342,0.0000,PATROL,0
185.627,0.0338,0.1000,PATROL,0
185.662,0.0343,0.0000,PATROL,0
185.695,0.0337,0.0000,PATROL,0
185.729,0.0339,0.1000,PATROL,0
185.764,0.0343,0.0000,PATROL,0
185.798,0.0341,0.0000,PATROL,0
185.831,0.0337,0.1000,PATROL,0
185.866,0.0343,0.0000,PATROL,0
185.899,0.0337,0.0000,PATROL,0
185.933,0.0340,0.1000,PATROL,0
185.968,0.0343,0.0000,PATROL,0
186.001,0.0336,0.0000,PATROL,0
186.035,0.0338,0.1000,PATROL,0
186.069,0.0343,0.0000,PATROL,0
186.104,0.0342,0.0000,PATROL,0
186.138,0.0340,0.1000,PATROL,0
186.172,0.0344,0.0000,PATROL,0
186.206,0.0342,0.0000,PATROL,0
186.240,0.0339,0.1000,PATROL,0
186.274,0.0336,0.0000,PATROL,0
186.307,0.0338,0.0000,PATROL,0
186.342,0.0341,0.1000,PATROL,0
186.376,0.0341,0.0000,PATROL,0
186.410,0.0338,0.0000,PATROL,0
186.444,0.0342,0.1000,PATROL,0
186.478,0.0343,0.0000,PATROL,0
186.512,0.0338,0.1000,PATROL,0
186.546,0.0340,0.0000,PATROL,0
186.580,0.0340,0.0000,PATROL,0
186.614,0.0339,0.1000,PATROL,0
186.648,0.0342,0.0000,PATROL,0
186.682,0.0343,0.0000,PATROL,0
186.716,0.0338,0.1000,PATROL,0
186.750,0.0339,0.0000,PATROL,0
186.784,0.0342,0.0000,PATROL,0
186.818,0.0339,0.1000,PATROL,0
186.852,0.0339,0.0000,PATROL,0
186.886,0.0341,0.0000,PATROL,0
186.920,0.0338,0.1000,PATROL,0
186.954,0.0340,0.0000,PATROL,0
186.988,0.0342,0.0000,PATROL,0
187.022,0.0341,0.1000,PATROL,0
187.056,0.0341,0.0000,PATROL,0
187.090,0.0340,0.0000,PATROL,0
187.124,0.0339,0.1000,PATROL,0
187.159,0.0344,0.0000,PATROL,0
187.192,0.0336,0.0000,PATROL,0
187.227,0.0343,0.1000,PATROL,0
187.260,0.0337,0.0000,PATROL,0
187.295,0.0346,0.0000,PATROL,0
187.328,0.0333,0.1000,PATROL,0
187.363,0.0346,0.0000,PATROL,0
187.396,0.0335,0.0000,PATROL,0
187.430,0.0340,0.1000,PATROL,0
187.465,0.0343,0.0000,PATROL,0
187.499,0.0340,0.0000,PATROL,0
187.533,0.0343,0.1000,PATROL,0
187.567,0.0346,0.0000,PATROL,0
187.601,0.0332,0.0000,PATROL,0
187.634,0.0337,0.1000,PATROL,0
187.669,0.0346,0.0000,PATROL,0
187.703,0.0338,0.0000,PATROL,0
187.736,0.0338,0.1000,PATROL,0
187.771,0.0341,0.0000,PATROL,0
187.805,0.0344,0.0000,PATROL,0
187.839,0.0340,0.1000,PATROL,0
187.873,0.0338,0.0000,PATROL,0
187.907,0.0338,0.0000,PATROL,0
187.941,0.0342,0.1000,PATROL,0
187.975,0.0339,0.0000,PATROL,0
188.009,0.0339,0.0000,PATROL,0
188.042,0.0339,0.1000,PATROL,0
188.077,0.0344,0.0000,PATROL,0
188.111,0.0337,0.0000,PATROL,0
188.144,0.0339,0.1000,PATROL,0
188.179,0.0342,0.0000,PATROL,0
188.212,0.0337,0.1000,PATROL,0
188.247,0.0342,0.0000,PATROL,0
188.281,0.0340,0.0000,PATROL,0
188.315,0.0340,0.1000,PATROL,0
188.349,0.0343,0.0000,PATROL,0
188.383,0.0338,0.0000,PATROL,0
188.417,0.0340,0.1000,PATROL,0
188.451,0.0339,0.0000,PATROL,0
188.485,0.0346,0.0000,PATROL,0
188.519,0.0335,0.1000,PATROL,0
188.553,0.0343,0.0000,PATROL,0
188.587,0.0340,0.0000,PATROL,0
188.621,0.0339,0.1000,PATROL,0
188.656,0.0349,0.0000,PATROL,0
188.689,0.0336,0.0000,PATROL,0
188.723,0.0338,0.1000,PATROL,0
188.757,0.0339,0.0000,PATROL,0
188.791,0.0340,0.0000,PATROL,0
188.825,0.0340,0.1000,PATROL,0
188.859,0.0342,0.0000,PATROL,0
188.893,0.0341,0.0000,PATROL,0
188.927,0.0339,0.1000,PATROL,0
188.961,0.0339,0.0000,PATROL,0
188.995,0.0342,0.0000,PATROL,0
189.029,0.0339,0.1000,PATROL,0
189.063,0.0342,0.0000,PATROL,0
189.097,0.0338,0.0000,PATROL,0
189.131,0.0338,0.1000,PATROL,0
189.165,0.0342,0.0000,PATROL,0
189.199,0.0338,0.0000,PATROL,0
189.233,0.0343,0.1000,PATROL,0
189.267,0.0340,0.0000,PATROL,0
189.301,0.0339,0.0000,PATROL,0
189.335,0.0339,0.1000,PATROL,0
189.369,0.0341,0.0000,PATROL,0
189.404,0.0343,0.0000,PATROL,0
189.437,0.0338,0.1000,PATROL,0
189.471,0.0342,0.0000,PATROL,0
189.506,0.0344,0.0000,PATROL,0
189.540,0.0339,0.1000,PATROL,0
189.573,0.0334,0.0000,PATROL,0
189.607,0.0340,0.0000,PATROL,0
189.641,0.0342,0.1000,PATROL,0
189.675,0.0341,0.0000,PATROL,0
189.710,0.0344,0.0000,PATROL,0
189.743,0.0337,0.1000,PATROL,0
189.777,0.0340,0.0000,PATROL,0
189.812,0.0343,0.0000,PATROL,0
189.845,0.0337,0.1000,PATROL,0
189.879,0.0340,0.0000,PATROL,0
189.913,0.0339,0.1000,PATROL,0
189.948,0.0343,0.0000,PATROL,0
189.981,0.0338,0.0000,PATROL,0
190.015,0.0339,0.1000,PATROL,0
190.050,0.0343,0.0000,PATROL,0
190.084,0.0339,0.0000,PATROL,0
190.117,0.0338,0.1000,PATROL,0
190.151,0.0340,0.0000,PATROL,0
190.186,0.0341,0.0000,PATROL,0
190.219,0.0339,0.1000,PATROL,0
190.254,0.0345,0.0000,PATROL,0
190.288,0.0341,0.0000,PATROL,0
190.322,0.0334,0.1000,PATROL,0
190.356,0.0340,0.0000,PATROL,0
190.390,0.0342,0.0000,PATROL,0
190.424,0.0338,0.1000,PATROL,0
190.458,0.0344,0.0000,PATROL,0
190.492,0.0339,0.0000,PATROL,0
190.526,0.0342,0.1000,PATROL,0
190.560,0.0340,0.0000,PATROL,0
190.594,0.0337,0.0000,PATROL,0
190.628,0.0340,0.1000,PATROL,0
190.662,0.0342,0.0000,PATROL,0
190.696,0.0341,0.0000,PATROL,0
190.730,0.0336,0.1000,PATROL,0
190.764,0.0341,0.0000,PATROL,0
190.798,0.0340,0.0000,PATROL,0
190.832,0.0337,0.1000,PATROL,0
190.866,0.0344,0.0000,PATROL,0
190.900,0.0338,0.0000,PATROL,0
190.934,0.0340,0.1000,PATROL,0
190.968,0.0344,0.0000,PATROL,0
191.002,0.0336,0.0000,PATROL,0
191.036,0.0343,0.1000,PATROL,0
191.071,0.0348,0.0000,PATROL,0
191.104,0.0331,0.0000,PATROL,0
191.138,0.0339,0.1000,PATROL,0
191.172,0.0340,0.0000,PATROL,0
191.206,0.0341,0.0000,PATROL,0
191.241,0.0344,0.1000,PATROL,0
191.275,0.0341,0.0000,PATROL,0
191.308,0.0334,0.0000,PATROL,0
191.343,0.0355,0.1000,PATROL,0
191.376,0.0328,0.0000,PATROL,0
191.410,0.0339,0.0000,PATROL,0
191.444,0.0342,0.1000,PATROL,0
191.478,0.0340,0.0000,PATROL,0
191.512,0.0338,0.0000,PATROL,0
191.547,0.0344,0.1000,PATROL,0
191.580,0.0338,0.0000,PATROL,0
191.614,0.0340,0.1000,PATROL,0
191.648,0.0342,0.0000,PATROL,0
191.682,0.0340,0.0000,PATROL,0
191.716,0.0339,0.1000,PATROL,0
191.751,0.0342,0.0000,PATROL,0
191.784,0.0337,0.0000,PATROL,0
191.819,0.0341,0.1000,PATROL,0
191.852,0.0338,0.0000,PATROL,0
191.887,0.0343,0.0000,PATROL,0
191.920,0.0338,0.1000,PATROL,0
191.954,0.0341,0.0000,PATROL,0
191.989,0.0342,0.0000,PATROL,0
192.022,0.0337,0.1000,PATROL,0
192.056,0.0341,0.0000,PATROL,0
192.091,0.0342,0.0000,PATROL,0
192.125,0.0339,0.1000,PATROL,0
192.159,0.0340,0.0000,PATROL,0
192.193,0.0340,0.0000,PATROL,0
192.227,0.0343,0.1000,PATROL,0
192.261,0.0338,0.0000,PATROL,0
192.295,0.0340,0.0000,PATROL,0
192.329,0.0341,0.1000,PATROL,0
192.363,0.0343,0.0000,PATROL,0
192.397,0.0342,0.0000,PATROL,0
192.431,0.0335,0.1000,PATROL,0
192.465,0.0340,0.0000,PATROL,0
192.499,0.0339,0.0000,PATROL,0
192.533,0.0341,0.1000,PATROL,0
192.567,0.0339,0.0000,PATROL,0
192.601,0.0340,0.0000,PATROL,0
192.635,0.0339,0.1000,PATROL,0
192.669,0.0343,0.0000,PATROL,0
192.703,0.0338,0.0000,PATROL,0
192.737,0.0341,0.1000,PATROL,0
192.771,0.0343,0.0000,PATROL,0
192.805,0.0337,0.0000,PATROL,0
192.839,0.0340,0.1000,PATROL,0
192.873,0.0339,0.0000,PATROL,0
192.907,0.0339,0.0000,PATROL,0
192.941,0.0345,0.1000,PATROL,0
192.975,0.0338,0.0000,PATROL,0
193.009,0.0339,0.0000,PATROL,0
193.043,0.0340,0.1000,PATROL,0
193.077,0.0339,0.0000,PATROL,0
193.111,0.0343,0.0000,PATROL,0
193.145,0.0341,0.1000,PATROL,0
193.179,0.0340,0.0000,PATROL,0
193.213,0.0340,0.0000,PATROL,0
193.247,0.0337,0.1000,PATROL,0
193.281,0.0342,0.0000,PATROL,0
193.315,0.0338,0.1000,PATROL,0
193.349,0.0343,0.0000,PATROL,0
193.383,0.0339,0.0000,PATROL,0
193.417,0.0338,0.1000,PATROL,0
193.451,0.0345,0.0000,PATROL,0
193.485,0.0338,0.0000,PATROL,0
193.519,0.0339,0.1000,PATROL,0
193.553,0.0342,0.0000,PATROL,0
193.587,0.0339,0.0000,PATROL,0
193.621,0.0338,0.1000,PATROL,0
193.656,0.0344,0.0000,PATROL,0
193.689,0.0338,0.0000,PATROL,0
193.724,0.0342,0.1000,PATROL,0
193.757,0.0337,0.0000,PATROL,0
193.792,0.0343,0.0000,PATROL,0
193.826,0.0339,0.1000,PATROL,0
193.859,0.0339,0.0000,PATROL,0
193.893,0.0339,0.0000,PATROL,0
193.927,0.0340,0.1000,PATROL,0
193.961,0.0341,0.0000,PATROL,0
193.996,0.0342,0.0000,PATROL,0
194.030,0.0338,0.1000,PATROL,0
194.064,0.0341,0.0000,PATROL,0
194.098,0.0343,0.0000,PATROL,0
194.132,0.0337,0.1000,PATROL,0
194.166,0.0341,0.0000,PATROL,0
194.200,0.0339,0.0000,PATROL,0
194.234,0.0339,0.1000,PATROL,0
194.268,0.0341,0.0000,PATROL,0
194.302,0.0340,0.0000,PATROL,0
194.335,0.0338,0.1000,PATROL,0
194.370,0.0343,0.0000,PATROL,0
194.404,0.0339,0.0000,PATROL,0
194.438,0.0341,0.1000,PATROL,0
194.472,0.0342,0.0000,PATROL,0
194.506,0.0344,0.0000,PATROL,0
194.540,0.0332,0.1000,PATROL,0
194.574,0.0346,0.0000,PATROL,0
194.608,0.0335,0.0000,PATROL,0
194.642,0.0340,0.1000,PATROL,0
194.676,0.0342,0.0000,PATROL,0
194.710,0.0344,0.0000,PATROL,0
194.744,0.0335,0.1000,PATROL,0
194.778,0.0342,0.0000,PATROL,0
194.812,0.0339,0.0000,PATROL,0
194.846,0.0341,0.1000,PATROL,0
194.880,0.0337,0.0000,PATROL,0
194.914,0.0341,0.0000,PATROL,0
194.948,0.0345,0.1000,PATROL,0
194.982,0.0338,0.0000,PATROL,0
195.016,0.0338,0.1000,PATROL,0
195.050,0.0341,0.0000,PATROL,0
195.084,0.0342,0.0000,PATROL,0
195.118,0.0339,0.1000,PATROL,0
195.152,0.0340,0.0000,PATROL,0
195.186,0.0344,0.0000,PATROL,0
195.220,0.0335,0.1000,PATROL,0
195.254,0.0342,0.0000,PATROL,0
195.288,0.0340,0.0000,PATROL,0
195.322,0.0339,0.1000,PATROL,0
195.356,0.0341,0.0000,PATROL,0
195.390,0.0340,0.0000,PATROL,0
195.424,0.0340,0.1000,PATROL,0
195.458,0.0340,0.0000,PATROL,0
195.493,0.0343,0.0000,PATROL,0
195.527,0.0340,0.1000,PATROL,0
195.560,0.0337,0.0000,PATROL,0
195.594,0.0338,0.0000,PATROL,0
195.628,0.0341,0.1000,PATROL,0
195.662,0.0343,0.0000,PATROL,0
195.697,0.0341,0.0000,PATROL,0
195.730,0.0338,0.1000,PATROL,0
195.765,0.0343,0.0000,PATROL,0
195.798,0.0336,0.0000,PATROL,0
195.833,0.0344,0.1000,PATROL,0
195.867,0.0342,0.0000,PATROL,0
195.900,0.0337,0.0000,PATROL,0
195.934,0.0339,0.1000,PATROL,0
195.969,0.0345,0.0000,PATROL,0
196.002,0.0334,0.0000,PATROL,0
196.037,0.0344,0.1000,PATROL,0
196.071,0.0341,0.0000,PATROL,0
196.105,0.0337,0.0000,PATROL,0
196.139,0.0341,0.1000,PATROL,0
196.173,0.0340,0.0000,PATROL,0
196.206,0.0337,0.0000,PATROL,0
196.241,0.0343,0.1000,PATROL,0
196.275,0.0340,0.0000,PATROL,0
196.308,0.0338,0.0000,PATROL,0
196.343,0.0345,0.1000,PATROL,0
196.377,0.0338,0.0000,PATROL,0
196.411,0.0339,0.0000,PATROL,0
196.445,0.0341,0.1000,PATROL,0
196.479,0.0339,0.0000,PATROL,0
196.513,0.0343,0.0000,PATROL,0
196.547,0.0339,0.1000,PATROL,0
196.581,0.0342,0.0000,PATROL,0
196.615,0.0337,0.0000,PATROL,0
196.649,0.0341,0.1000,PATROL,0
196.683,0.0340,0.0000,PATROL,0
196.717,0.0338,0.1000,PATROL,0
196.751,0.0344,0.0000,PATROL,0
196.785,0.0339,0.0000,PATROL,0
196.819,0.0338,0.1000,PATROL,0
196.853,0.0344,0.0000,PATROL,0
196.887,0.0340,0.0000,PATROL,0
196.921,0.0335,0.1000,PATROL,0
196.955,0.0341,0.0000,PATROL,0
196.989,0.0343,0.0000,PATROL,0
197.023,0.0337,0.1000,PATROL,0
197.057,0.0342,0.0000,PATROL,0
197.091,0.0339,0.0000,PATROL,0
197.125,0.0342,0.1000,PATROL,0
197.159,0.0340,0.0000,PATROL,0
197.193,0.0342,0.0000,PATROL,0
197.227,0.0340,0.1000,PATROL,0
197.261,0.0339,0.0000,PATROL,0
197.295,0.0342,0.0000,PATROL,0
197.329,0.0339,0.1000,PATROL,0
197.364,0.0344,0.0000,PATROL,0
197.397,0.0335,0.0000,PATROL,0
197.431,0.0342,0.1000,PATROL,0
197.466,0.0342,0.0000,PATROL,0
197.499,0.0337,0.0000,PATROL,0
197.535,0.0354,0.1000,PATROL,0
197.568,0.0330,0.0000,PATROL,0
197.601,0.0338,0.0000,PATROL,0
197.635,0.0337,0.1000,PATROL,0
197.670,0.0345,0.0000,PATROL,0
197.703,0.0337,0.0000,PATROL,0
197.737,0.0340,0.1000,PATROL,0
197.771,0.0341,0.0000,PATROL,0
197.806,0.0350,0.0000,PATROL,0
197.839,0.0330,0.1000,PATROL,0
197.874,0.0346,0.0000,PATROL,0
197.907,0.0332,0.0000,PATROL,0
197.941,0.0341,0.1000,PATROL,0
197.976,0.0343,0.0000,PATROL,0
198.009,0.0337,0.0000,PATROL,0
198.044,0.0351,0.1000,PATROL,0
198.077,0.0332,0.0000,PATROL,0
198.111,0.0339,0.0000,PATROL,0
198.145,0.0340,0.1000,PATROL,0
198.180,0.0343,0.0000,PATROL,0
198.214,0.0341,0.0000,PATROL,0
198.247,0.0338,0.1000,PATROL,0
198.281,0.0338,0.0000,PATROL,0
198.316,0.0344,0.0000,ALIGN,0
198.349,0.0338,0.1000,ALIGN,0
198.384,0.0344,0.0000,ALIGN,0
198.417,0.0335,0.1000,ALIGN,0
198.452,0.0346,0.0000,ALIGN,0
198.486,0.0336,0.0000,ALIGN,0
198.519,0.0339,0.1000,ALIGN,0
198.554,0.0347,0.0000,ALIGN,0
198.588,0.0337,0.0000,ALIGN,0
198.622,0.0339,0.1000,ALIGN,0
198.655,0.0339,0.0000,ALIGN,0
198.690,0.0344,0.0000,ALIGN,0
198.724,0.0339,0.1000,ALIGN,0
198.758,0.0345,0.0000,ALIGN,0
198.792,0.0336,0.0000,ALIGN,0
198.826,0.0338,0.1000,ALIGN,0
198.860,0.0341,0.0000,ALIGN,0
198.894,0.0343,0.0000,ALIGN,0
198.928,0.0338,0.1000,ALIGN,0
198.962,0.0340,0.0000,ALIGN,0
198.996,0.0339,0.0000,ALIGN,0
199.030,0.0342,0.1000,ALIGN,0
199.064,0.0340,0.0000,ALIGN,0
199.098,0.0343,0.0000,ALIGN,0
199.132,0.0338,0.1000,ALIGN,0
199.166,0.0342,0.0000,ALIGN,0
199.200,0.0339,0.0000,ALIGN,0
199.234,0.0339,0.1000,ALIGN,0
199.268,0.0340,0.0000,ALIGN,0
199.302,0.0340,0.0000,ALIGN,0
199.336,0.0340,0.1000,ALIGN,0
199.370,0.0343,0.0000,ALIGN,0
199.404,0.0340,0.0000,ALIGN,0
199.438,0.0341,0.1000,ALIGN,0
199.472,0.0337,0.0000,ALIGN,0
199.506,0.0342,0.0000,ALIGN,0
199.540,0.0341,0.1000,ALIGN,0
199.574,0.0342,0.0000,ALIGN,0
199.608,0.0336,0.0000,ALIGN,0
199.642,0.0343,0.1000,ALIGN,0
199.676,0.0340,0.0000,ALIGN,0
199.710,0.0341,0.0000,ALIGN,0
199.744,0.0340,0.1000,ALIGN,0
199.779,0.0345,0.0000,ALIGN,0
199.812,0.0334,0.0000,APPROACH,0
199.846,0.0342,0.1000,APPROACH,0
199.880,0.0338,0.0000,APPROACH,0
199.914,0.0342,0.0000,APPROACH,0
199.948,0.0338,0.1000,APPROACH,0
199.983,0.0346,0.0000,APPROACH,0
200.017,0.0339,0.0000,APPROACH,0
200.051,0.0341,0.1000,APPROACH,0
200.085,0.0342,0.0000,APPROACH,0
200.119,0.0337,0.1000,APPROACH,0
200.154,0.0350,0.0000,APPROACH,0
200.187,0.0333,0.0000,APPROACH,0
200.221,0.0339,0.1000,APPROACH,0
200.255,0.0343,0.0000,APPROACH,0
200.289,0.0341,0.0000,APPROACH,0
200.323,0.0337,0.1000,APPROACH,0
200.357,0.0341,0.0000,APPROACH,0
200.391,0.0344,0.0000,APPROACH,0
200.425,0.0337,0.1000,APPROACH,0
200.459,0.0343,0.0000,APPROACH,0
200.493,0.0339,0.0000,APPROACH,0
200.527,0.0338,0.1000,APPROACH,0
200.561,0.0344,0.0000,APPROACH,0
200.595,0.0341,0.0000,APPROACH,0
200.629,0.0336,0.1000,APPROACH,0
200.664,0.0347,0.0000,APPROACH,0
200.697,0.0336,0.0000,APPROACH,0
200.732,0.0341,0.1000,APPROACH,0
200.766,0.0341,0.0000,APPROACH,0
200.799,0.0337,0.0000,APPROACH,0
200.833,0.0339,0.1000,APPROACH,0
200.867,0.0341,0.0000,APPROACH,0
200.902,0.0341,0.0000,APPROACH,0
200.935,0.0338,0.1000,APPROACH,0
200.970,0.0344,0.0000,APPROACH,0
201.004,0.0340,0.0000,APPROACH,0
201.038,0.0341,0.1000,APPROACH,0
201.073,0.0350,0.0000,APPROACH,0
201.106,0.0328,0.0000,APPROACH,0
201.140,0.0339,0.1000,APPROACH,0
201.173,0.0338,0.0000,APPROACH,0
201.208,0.0342,0.0000,APPROACH,0
201.241,0.0339,0.1000,APPROACH,0
201.276,0.0341,0.0000,APPROACH,0
201.310,0.0340,0.0000,APPROACH,0
201.343,0.0339,0.1000,APPROACH,0
201.378,0.0343,0.0000,APPROACH,0
201.411,0.0338,0.0000,APPROACH,0
201.446,0.0344,0.1000,APPROACH,0
201.480,0.0340,0.0000,APPROACH,0
201.514,0.0343,0.0000,APPROACH,0
201.548,0.0335,0.1000,APPROACH,0
201.582,0.0341,0.0000,APPROACH,0
201.616,0.0338,0.0000,APPROACH,0
201.650,0.0342,0.1000,APPROACH,0
201.684,0.0339,0.0000,APPROACH,0
201.718,0.0339,0.0000,APPROACH,0
201.752,0.0344,0.1000,APPROACH,0
201.786,0.0337,0.0000,APPROACH,0
201.820,0.0339,0.1000,APPROACH,0
201.854,0.0342,0.0000,APPROACH,0
201.888,0.0340,0.0000,APPROACH,0
201.922,0.0338,0.1000,APPROACH,0
201.956,0.0341,0.0000,APPROACH,0
201.990,0.0343,0.0000,APPROACH,0
202.024,0.0336,0.1000,APPROACH,0
202.058,0.0339,0.0000,APPROACH,0
202.092,0.0343,0.0000,APPROACH,0
202.126,0.0340,0.1000,APPROACH,0
202.160,0.0340,0.0000,APPROACH,0
202.194,0.0342,0.0000,APPROACH,0
202.228,0.0338,0.1000,APPROACH,0
202.262,0.0342,0.0000,APPROACH,0
202.296,0.0339,0.0000,APPROACH,0
202.330,0.0339,0.1000,APPROACH,0
202.364,0.0341,0.0000,APPROACH,0
202.398,0.0342,0.0000,APPROACH,0
202.432,0.0339,0.1000,APPROACH,0
202.466,0.0340,0.0000,APPROACH,0
202.500,0.0340,0.0000,APPROACH,0
202.534,0.0339,0.1000,APPROACH,0
202.568,0.0342,0.0000,APPROACH,0
202.602,0.0337,0.0000,APPROACH,0
202.636,0.0344,0.1000,APPROACH,0
202.670,0.0341,0.0000,APPROACH,0
202.704,0.0338,0.0000,APPROACH,0
202.738,0.0340,0.1000,APPROACH,0
202.772,0.0341,0.0000,APPROACH,0
202.806,0.0341,0.0000,APPROACH,0
202.840,0.0338,0.1000,APPROACH,0
202.874,0.0344,0.0000,APPROACH,0
202.908,0.0339,0.0000,APPROACH,0
202.942,0.0339,0.1000,APPROACH,0
202.976,0.0342,0.0000,APPROACH,0
203.010,0.0337,0.0000,APPROACH,0
203.044,0.0341,0.1000,APPROACH,0
203.078,0.0342,0.0000,APPROACH,0
203.112,0.0337,0.0000,APPROACH,0
203.146,0.0343,0.1000,APPROACH,0
203.180,0.0338,0.0000,APPROACH,0
203.214,0.0341,0.0000,APPROACH,0
203.248,0.0341,0.1000,APPROACH,0
203.283,0.0348,0.0000,APPROACH,0
203.316,0.0332,0.0000,APPROACH,0
203.350,0.0340,0.1000,APPROACH,0
203.384,0.0340,0.0000,APPROACH,0
203.418,0.0338,0.0000,APPROACH,0
203.452,0.0340,0.1000,APPROACH,0
203.486,0.0342,0.0000,APPROACH,0
203.520,0.0338,0.1000,APPROACH,0
203.554,0.0341,0.0000,APPROACH,0
203.588,0.0341,0.0000,APPROACH,0
203.622,0.0339,0.1000,APPROACH,0
203.657,0.0344,0.0000,APPROACH,0
203.691,0.0339,0.0000,APPROACH,0
203.725,0.0340,0.1000,APPROACH,0
203.759,0.0343,0.0000,APPROACH,0
203.793,0.0339,0.0000,APPROACH,0
203.827,0.0338,0.1000,APPROACH,0
203.861,0.0341,0.0000,APPROACH,0
203.895,0.0341,0.0000,APPROACH,0
203.929,0.0339,0.1000,APPROACH,0
203.963,0.0340,0.0000,APPROACH,0
203.997,0.0345,0.0000,APPROACH,0
204.031,0.0341,0.1000,APPROACH,0
204.065,0.0334,0.0000,APPROACH,0
204.099,0.0338,0.0000,APPROACH,0
204.133,0.0341,0.1000,APPROACH,0
204.167,0.0340,0.0000,APPROACH,0
204.201,0.0341,0.0000,APPROACH,0
204.235,0.0339,0.1000,APPROACH,0
204.269,0.0343,0.0000,APPROACH,0
204.303,0.0338,0.0000,APPROACH,0
204.337,0.0341,0.1000,APPROACH,0
204.371,0.0340,0.0000,APPROACH,0
204.405,0.0343,0.0000,APPROACH,0
204.439,0.0336,0.1000,APPROACH,0
204.473,0.0343,0.0000,APPROACH,0
204.507,0.0336,0.0000,APPROACH,0
204.541,0.0342,0.1000,APPROACH,0
204.576,0.0346,0.0000,APPROACH,0
204.609,0.0334,0.0000,APPROACH,0
204.643,0.0345,0.1000,APPROACH,0
204.678,0.0347,0.0000,APPROACH,0
204.711,0.0331,0.0000,APPROACH,0
204.745,0.0343,0.1000,APPROACH,0
204.779,0.0338,0.0000,APPROACH,0
204.814,0.0344,0.0000,APPROACH,0
204.847,0.0338,0.1000,APPROACH,0
204.881,0.0336,0.0000,APPROACH,0
204.915,0.0341,0.0000,APPROACH,0
204.950,0.0347,0.1000,APPROACH,0
204.983,0.0335,0.0000,APPROACH,0
205.017,0.0339,0.0000,APPROACH,0
205.051,0.0340,0.1000,APPROACH,0
205.085,0.0340,0.0000,APPROACH,0
205.119,0.0340,0.0000,APPROACH,0
205.153,0.0342,0.1000,APPROACH,0
205.188,0.0343,0.0000,APPROACH,0
205.221,0.0334,0.1000,APPROACH,0
205.256,0.0343,0.0000,APPROACH,0
205.290,0.0340,0.0000,APPROACH,0
205.323,0.0337,0.1000,APPROACH,0
205.357,0.0342,0.0000,APPROACH,0
205.391,0.0340,0.0000,APPROACH,0
205.425,0.0339,0.1000,APPROACH,0
205.459,0.0338,0.0000,APPROACH,0
205.494,0.0344,0.0000,APPROACH,0
205.527,0.0340,0.1000,APPROACH,0
205.562,0.0342,0.0000,APPROACH,0
205.596,0.0340,0.0000,APPROACH,0
205.630,0.0343,0.1000,APPROACH,0
205.664,0.0337,0.0000,APPROACH,0
205.698,0.0340,0.0000,APPROACH,0
205.732,0.0339,0.1000,APPROACH,0
205.766,0.0341,0.0000,APPROACH,0
205.800,0.0339,0.0000,APPROACH,0
205.834,0.0342,0.1000,APPROACH,0
205.868,0.0340,0.0000,APPROACH,0
205.902,0.0341,0.0000,APPROACH,0
205.936,0.0338,0.1000,APPROACH,0
205.970,0.0341,0.0000,APPROACH,0
206.004,0.0341,0.0000,APPROACH,0
206.038,0.0340,0.1000,APPROACH,0
206.072,0.0344,0.0000,APPROACH,0
206.106,0.0339,0.0000,APPROACH,0
206.140,0.0336,0.1000,APPROACH,0
206.174,0.0342,0.0000,APPROACH,0
206.208,0.0337,0.0000,APPROACH,0
206.242,0.0342,0.1000,APPROACH,0
206.276,0.0344,0.0000,APPROACH,0
206.310,0.0335,0.0000,APPROACH,0
206.344,0.0341,0.1000,APPROACH,0
206.378,0.0345,0.0000,APPROACH,0
206.412,0.0337,0.0000,APPROACH,0
206.446,0.0339,0.1000,APPROACH,0
206.480,0.0339,0.0000,APPROACH,0
206.514,0.0344,0.0000,APPROACH,0
206.548,0.0340,0.1000,APPROACH,0
206.582,0.0340,0.0000,APPROACH,0
206.616,0.0342,0.0000,APPROACH,0
206.650,0.0337,0.1000,APPROACH,0
206.684,0.0340,0.0000,APPROACH,0
206.718,0.0342,0.0000,APPROACH,0
206.752,0.0337,0.1000,APPROACH,0
206.786,0.0342,0.0000,APPROACH,0
206.820,0.0338,0.0000,APPROACH,0
206.854,0.0343,0.1000,APPROACH,0
206.888,0.0342,0.0000,APPROACH,0
206.922,0.0335,0.1000,APPROACH,0
206.956,0.0342,0.0000,APPROACH,0
206.991,0.0349,0.0000,APPROACH,0
207.024,0.0330,0.1000,APPROACH,0
207.058,0.0342,0.0000,APPROACH,0
207.092,0.0341,0.0000,APPROACH,0
207.126,0.0339,0.1000,APPROACH,0
207.160,0.0341,0.0000,APPROACH,0
207.194,0.0341,0.0000,APPROACH,0
207.228,0.0339,0.1000,APPROACH,0
207.262,0.0339,0.0000,APPROACH,0
207.297,0.0342,0.0000,APPROACH,0
207.330,0.0339,0.1000,APPROACH,0
207.364,0.0340,0.0000,APPROACH,0
207.399,0.0346,0.0000,APPROACH,0
207.433,0.0336,0.1000,APPROACH,0
207.467,0.0340,0.0000,APPROACH,0
207.500,0.0339,0.0000,APPROACH,0
207.535,0.0346,0.1000,APPROACH,0
207.569,0.0337,0.0000,APPROACH,0
207.603,0.0339,0.0000,APPROACH,0
207.637,0.0341,0.1000,APPROACH,0
207.671,0.0338,0.0000,APPROACH,0
207.705,0.0344,0.0000,APPROACH,0
207.739,0.0338,0.1000,APPROACH,0
207.773,0.0340,0.0000,APPROACH,0
207.807,0.0340,0.0000,APPROACH,0
207.841,0.0337,0.1000,APPROACH,0
207.875,0.0344,0.0000,APPROACH,0
207.909,0.0336,0.0000,APPROACH,0
207.943,0.0341,0.1000,APPROACH,0
207.977,0.0340,0.0000,APPROACH,0
208.011,0.0342,0.0000,APPROACH,0
208.045,0.0338,0.1000,APPROACH,0
208.080,0.0352,0.0000,APPROACH,0
208.113,0.0330,0.0000,APPROACH,0
208.147,0.0340,0.1000,APPROACH,0
208.181,0.0339,0.0000,APPROACH,0
208.215,0.0345,0.0000,APPROACH,0
208.249,0.0338,0.1000,APPROACH,0
208.283,0.0339,0.0000,APPROACH,0
208.317,0.0341,0.0000,APPROACH,0
208.351,0.0338,0.1000,APPROACH,0
208.385,0.0340,0.0000,APPROACH,0
208.419,0.0339,0.0000,APPROACH,0
208.453,0.0341,0.1000,APPROACH,0
208.487,0.0341,0.0000,APPROACH,0
208.521,0.0339,0.0000,APPROACH,0
208.555,0.0340,0.1000,APPROACH,0
208.589,0.0342,0.0000,APPROACH,0
208.623,0.0336,0.1000,APPROACH,0
208.657,0.0343,0.0000,APPROACH,0
208.691,0.0339,0.0000,APPROACH,0
208.725,0.0338,0.1000,APPROACH,0
208.759,0.0343,0.0000,APPROACH,0
208.793,0.0342,0.0000,APPROACH,0
208.827,0.0337,0.1000,APPROACH,0
208.861,0.0339,0.0000,APPROACH,0
208.895,0.0342,0.0000,APPROACH,0
208.929,0.0339,0.1000,APPROACH,0
208.963,0.0341,0.0000,APPROACH,0
208.997,0.0341,0.0000,APPROACH,0
209.031,0.0338,0.1000,APPROACH,0
209.066,0.0345,0.0000,APPROACH,0
209.099,0.0338,0.0000,APPROACH,0
209.134,0.0341,0.1000,APPROACH,0
209.167,0.0339,0.0000,APPROACH,0
209.201,0.0339,0.0000,APPROACH,0
209.235,0.0339,0.1000,APPROACH,0
209.269,0.0341,0.0000,APPROACH,0
209.303,0.0340,0.0000,APPROACH,0
209.337,0.0341,0.1000,APPROACH,0
209.371,0.0339,0.0000,APPROACH,0
209.406,0.0346,0.0000,APPROACH,0
209.440,0.0342,0.1000,APPROACH,0
209.474,0.0339,0.0000,APPROACH,0
209.508,0.0336,0.0000,APPROACH,0
209.542,0.0340,0.1000,APPROACH,0
209.576,0.0343,0.0000,APPROACH,0
209.610,0.0340,0.0000,APPROACH,0
209.644,0.0339,0.1000,APPROACH,0
209.678,0.0341,0.0000,APPROACH,0
209.712,0.0339,0.0000,APPROACH,0
209.746,0.0339,0.1000,APPROACH,0
209.780,0.0345,0.0000,APPROACH,0
209.814,0.0337,0.0000,APPROACH,0
209.848,0.0342,0.1000,APPROACH,0
209.881,0.0336,0.0000,APPROACH,0
209.916,0.0344,0.0000,APPROACH,0
209.950,0.0339,0.1000,APPROACH,0
209.984,0.0342,0.0000,APPROACH,0
210.018,0.0338,0.0000,APPROACH,0
210.052,0.0339,0.1000,APPROACH,0
210.086,0.0340,0.0000,APPROACH,0
210.120,0.0341,0.0000,APPROACH,0
210.154,0.0339,0.1000,APPROACH,0
210.188,0.0345,0.0000,APPROACH,0
210.222,0.0336,0.0000,APPROACH,0
210.256,0.0338,0.1000,APPROACH,0
210.290,0.0342,0.0000,APPROACH,0
210.324,0.0340,0.1000,APPROACH,0
210.358,0.0341,0.0000,APPROACH,0
210.392,0.0343,0.0000,APPROACH,0
210.426,0.0336,0.1000,APPROACH,0
210.460,0.0343,0.0000,APPROACH,0
210.495,0.0349,0.0000,APPROACH,0
210.528,0.0330,0.1000,APPROACH,0
210.562,0.0341,0.0000,APPROACH,0
210.596,0.0344,0.0000,APPROACH,0
210.631,0.0342,0.1000,APPROACH,0
210.664,0.0336,0.0000,APPROACH,0
210.698,0.0339,0.0000,APPROACH,0
210.732,0.0339,0.1000,APPROACH,0
210.766,0.0345,0.0000,APPROACH,0
210.800,0.0341,0.0000,APPROACH,0
210.834,0.0336,0.1000,APPROACH,0
210.868,0.0340,0.0000,APPROACH,0
210.902,0.0340,0.0000,APPROACH,0
210.936,0.0340,0.1000,APPROACH,0
210.970,0.0342,0.0000,APPROACH,0
211.006,0.0356,0.0000,APPROACH,0
211.038,0.0325,0.1000,APPROACH,0
211.072,0.0339,0.0000,APPROACH,0
211.106,0.0341,0.0000,APPROACH,0
211.140,0.0340,0.1000,APPROACH,0
211.174,0.0341,0.0000,APPROACH,0
211.208,0.0337,0.0000,APPROACH,0
211.242,0.0342,0.1000,APPROACH,0
211.276,0.0342,0.0000,APPROACH,0
211.310,0.0340,0.0000,APPROACH,0
211.344,0.0339,0.1000,APPROACH,0
211.378,0.0341,0.0000,APPROACH,0
211.412,0.0338,0.0000,APPROACH,0
211.447,0.0343,0.1000,APPROACH,0
211.481,0.0346,0.0000,APPROACH,0
211.514,0.0332,0.0000,APPROACH,0
211.548,0.0341,0.1000,APPROACH,0
211.582,0.0338,0.0000,APPROACH,0
211.616,0.0342,0.0000,APPROACH,0
211.651,0.0342,0.1000,APPROACH,0
211.685,0.0342,0.0000,APPROACH,0
211.719,0.0341,0.0000,APPROACH,0
211.753,0.0336,0.1000,APPROACH,0
211.787,0.0344,0.0000,APPROACH,0
211.821,0.0338,0.0000,APPROACH,0
211.855,0.0338,0.1000,APPROACH,0
211.888,0.0338,0.0000,APPROACH,0
211.922,0.0340,0.0000,APPROACH,0
211.958,0.0356,0.1000,APPROACH,0
211.991,0.0327,0.0000,APPROACH,0
212.024,0.0338,0.1000,APPROACH,0
212.059,0.0341,0.0000,APPROACH,0
212.093,0.0341,0.0000,APPROACH,0
212.127,0.0340,0.1000,APPROACH,0
212.161,0.0343,0.0000,APPROACH,0
212.195,0.0339,0.0000,APPROACH,0
212.229,0.0338,0.1000,APPROACH,0
212.263,0.0339,0.0000,APPROACH,0
212.297,0.0345,0.0000,APPROACH,0
212.331,0.0340,0.1000,APPROACH,0
212.365,0.0338,0.0000,APPROACH,0
212.399,0.0343,0.0000,APPROACH,0
212.433,0.0338,0.1000,ALIGN,0
212.467,0.0339,0.0000,ALIGN,0
212.501,0.0344,0.0000,ALIGN,0
212.535,0.0337,0.1000,ALIGN,0
212.569,0.0341,0.0000,ALIGN,0
212.603,0.0340,0.0000,ALIGN,0
212.637,0.0342,0.1000,ALIGN,0
212.671,0.0337,0.0000,ALIGN,0
212.705,0.0339,0.0000,ALIGN,0
212.739,0.0342,0.1000,ALIGN,0
212.773,0.0342,0.0000,ALIGN,0
212.807,0.0339,0.0000,ALIGN,0
212.841,0.0340,0.1000,ALIGN,0
212.875,0.0341,0.0000,ALIGN,0
212.909,0.0339,0.0000,ALIGN,0
212.943,0.0338,0.1000,ALIGN,0
212.977,0.0345,0.0000,ALIGN,0
213.011,0.0338,0.0000,ALIGN,0
213.045,0.0339,0.1000,ALIGN,0
213.079,0.0342,0.0000,ALIGN,0
213.114,0.0342,0.0000,ALIGN,0
213.147,0.0337,0.1000,ALIGN,0
213.182,0.0343,0.0000,ALIGN,0
213.215,0.0334,0.0000,ALIGN,0
213.249,0.0343,0.1000,ALIGN,0
213.284,0.0342,0.0000,ALIGN,0
213.317,0.0339,0.0000,ALIGN,0
213.352,0.0343,0.1000,ALIGN,0
213.386,0.0341,0.0000,ALIGN,0
213.420,0.0338,0.0000,APPROACH,0
213.453,0.0338,0.1000,APPROACH,0
213.487,0.0340,0.0000,APPROACH,0
213.522,0.0341,0.0000,APPROACH,0
213.556,0.0341,0.1000,APPROACH,0
213.589,0.0339,0.0000,APPROACH,0
213.623,0.0338,0.0000,APPROACH,0
213.658,0.0343,0.1000,APPROACH,0
213.691,0.0339,0.0000,APPROACH,0
213.726,0.0343,0.1000,APPROACH,0
213.760,0.0340,0.0000,APPROACH,0
213.794,0.0339,0.0000,APPROACH,0
213.827,0.0337,0.1000,APPROACH,0
213.862,0.0346,0.0000,APPROACH,0
213.896,0.0338,0.0000,APPROACH,0
213.929,0.0338,0.1000,APPROACH,0
213.964,0.0341,0.0000,APPROACH,0
213.998,0.0344,0.0000,APPROACH,0
214.032,0.0339,0.1000,APPROACH,0
214.066,0.0337,0.0000,APPROACH,0
214.100,0.0342,0.0000,APPROACH,0
214.134,0.0337,0.1000,APPROACH,0
214.168,0.0341,0.0000,APPROACH,0
214.202,0.0342,0.0000,APPROACH,0
214.236,0.0339,0.1000,APPROACH,0
214.270,0.0342,0.0000,APPROACH,0
214.304,0.0339,0.0000,APPROACH,0
214.338,0.0341,0.1000,APPROACH,0
214.372,0.0342,0.0000,APPROACH,0
214.406,0.0344,0.0000,APPROACH,0
214.440,0.0338,0.1000,APPROACH,0
214.474,0.0337,0.0000,APPROACH,0
214.508,0.0340,0.0000,APPROACH,0
214.542,0.0342,0.1000,APPROACH,0
214.576,0.0342,0.0000,APPROACH,0
214.610,0.0336,0.0000,APPROACH,0
214.644,0.0339,0.1000,APPROACH,0
214.678,0.0341,0.0000,APPROACH,0
214.712,0.0342,0.0000,APPROACH,0
214.746,0.0339,0.1000,APPROACH,0
214.781,0.0345,0.0000,APPROACH,0
214.814,0.0336,0.0000,APPROACH,0
214.848,0.0339,0.1000,APPROACH,0
214.882,0.0344,0.0000,APPROACH,0
214.916,0.0336,0.0000,APPROACH,0
214.950,0.0340,0.1000,APPROACH,0
214.984,0.0341,0.0000,APPROACH,0
215.018,0.0339,0.0000,APPROACH,0
215.052,0.0343,0.1000,APPROACH,0
215.086,0.0341,0.0000,APPROACH,0
215.121,0.0341,0.0000,APPROACH,0
215.154,0.0337,0.1000,APPROACH,0
215.188,0.0341,0.0000,APPROACH,0
215.222,0.0341,0.0000,APPROACH,0
215.257,0.0342,0.1000,APPROACH,0
215.291,0.0340,0.0000,APPROACH,0
215.324,0.0336,0.0000,APPROACH,0
215.358,0.0341,0.1000,APPROACH,0
215.393,0.0343,0.0000,APPROACH,0
215.426,0.0336,0.1000,APPROACH,0
215.460,0.0341,0.0000,APPROACH,0
215.494,0.0340,0.0000,APPROACH,0
215.528,0.0340,0.1000,APPROACH,0
215.562,0.0343,0.0000,APPROACH,0
215.597,0.0344,0.0000,APPROACH,0
215.630,0.0335,0.1000,APPROACH,0
215.665,0.0341,0.0000,APPROACH,0
215.699,0.0340,0.0000,APPROACH,0
215.733,0.0340,0.1000,APPROACH,0
215.767,0.0341,0.0000,APPROACH,0
215.801,0.0339,0.0000,APPROACH,0
215.834,0.0338,0.1000,APPROACH,0
215.869,0.0343,0.0000,APPROACH,0
215.903,0.0340,0.0000,APPROACH,0
215.936,0.0338,0.1000,APPROACH,0
215.971,0.0344,0.0000,APPROACH,0
216.005,0.0337,0.0000,APPROACH,0
216.039,0.0341,0.1000,APPROACH,0
216.073,0.0339,0.0000,APPROACH,0
216.106,0.0338,0.0000,APPROACH,0
216.141,0.0344,0.1000,APPROACH,0
216.175,0.0341,0.0000,APPROACH,0
216.208,0.0335,0.0000,APPROACH,0
216.243,0.0343,0.1000,APPROACH,0
216.277,0.0340,0.0000,APPROACH,0
216.311,0.0339,0.0000,APPROACH,0
216.345,0.0340,0.1000,APPROACH,0
216.379,0.0344,0.0000,APPROACH,0
216.413,0.0340,0.0000,APPROACH,0
216.447,0.0339,0.1000,APPROACH,0
216.481,0.0341,0.0000,APPROACH,0
216.515,0.0338,0.0000,APPROACH,0
216.549,0.0341,0.1000,APPROACH,0
216.583,0.0341,0.0000,APPROACH,0
216.617,0.0339,0.0000,APPROACH,0
216.651,0.0342,0.1000,APPROACH,0
216.686,0.0345,0.0000,APPROACH,0
216.719,0.0339,0.0000,APPROACH,0
216.753,0.0335,0.1000,APPROACH,0
216.787,0.0338,0.0000,APPROACH,0
216.821,0.0343,0.0000,APPROACH,0
216.855,0.0339,0.1000,APPROACH,0
216.889,0.0341,0.0000,APPROACH,0
216.923,0.0339,0.0000,APPROACH,0
216.957,0.0343,0.1000,APPROACH,0
216.992,0.0344,0.0000,APPROACH,0
217.025,0.0335,0.0000,APPROACH,0
217.059,0.0342,0.1000,APPROACH,0
217.094,0.0344,0.0000,APPROACH,0
217.127,0.0332,0.1000,APPROACH,0
217.161,0.0345,0.0000,APPROACH,0
217.195,0.0339,0.0000,APPROACH,0
217.229,0.0336,0.1000,APPROACH,0
217.263,0.0342,0.0000,APPROACH,0
217.297,0.0340,0.0000,APPROACH,0
217.331,0.0340,0.1000,APPROACH,0
217.365,0.0341,0.0000,APPROACH,0
217.399,0.0339,0.0000,APPROACH,0
217.433,0.0343,0.1000,APPROACH,0
217.468,0.0341,0.0000,APPROACH,0
217.502,0.0342,0.0000,APPROACH,0
217.535,0.0338,0.1000,APPROACH,0
217.570,0.0342,0.0000,APPROACH,0
217.603,0.0338,0.0000,APPROACH,0
217.637,0.0339,0.1000,APPROACH,0
217.671,0.0342,0.0000,APPROACH,0
217.705,0.0338,0.0000,APPROACH,0
217.739,0.0342,0.1000,APPROACH,0
217.773,0.0340,0.0000,APPROACH,0
217.807,0.0338,0.0000,APPROACH,0
217.841,0.0341,0.1000,APPROACH,0
217.876,0.0349,0.0000,APPROACH,0
217.910,0.0337,0.0000,APPROACH,0
217.944,0.0340,0.1000,APPROACH,0
217.978,0.0341,0.0000,APPROACH,0
218.012,0.0336,0.0000,APPROACH,0
218.046,0.0340,0.1000,APPROACH,0
218.080,0.0340,0.0000,APPROACH,0
218.114,0.0344,0.0000,APPROACH,0
218.148,0.0336,0.1000,APPROACH,0
218.182,0.0342,0.0000,APPROACH,0
218.216,0.0338,0.0000,APPROACH,0
218.250,0.0341,0.1000,APPROACH,0
218.284,0.0342,0.0000,APPROACH,0
218.318,0.0341,0.0000,APPROACH,0
218.352,0.0339,0.1000,APPROACH,0
218.386,0.0338,0.0000,APPROACH,0
218.420,0.0342,0.0000,APPROACH,0
218.454,0.0341,0.1000,APPROACH,0
218.488,0.0339,0.0000,APPROACH,0
218.522,0.0340,0.0000,APPROACH,0
218.556,0.0341,0.1000,APPROACH,0
218.590,0.0341,0.0000,APPROACH,0
218.624,0.0338,0.0000,APPROACH,0
218.658,0.0339,0.1000,APPROACH,0
218.692,0.0342,0.0000,APPROACH,0
218.726,0.0338,0.0000,APPROACH,0
218.760,0.0344,0.1000,APPROACH,0
218.794,0.0339,0.0000,APPROACH,0
218.828,0.0336,0.1000,APPROACH,0
218.862,0.0346,0.0000,APPROACH,0
218.896,0.0337,0.0000,APPROACH,0
218.930,0.0339,0.1000,APPROACH,0
218.964,0.0344,0.0000,APPROACH,0
218.998,0.0340,0.0000,APPROACH,0
219.032,0.0337,0.1000,APPROACH,0
219.066,0.0341,0.0000,APPROACH,0
219.100,0.0341,0.0000,APPROACH,0
219.135,0.0342,0.1000,APPROACH,0
219.168,0.0335,0.0000,APPROACH,0
219.202,0.0341,0.0000,APPROACH,0
219.236,0.0341,0.1000,APPROACH,0
219.270,0.0341,0.0000,APPROACH,0
219.304,0.0341,0.0000,APPROACH,0
219.338,0.0339,0.1000,APPROACH,0
219.372,0.0341,0.0000,APPROACH,0
219.406,0.0340,0.0000,APPROACH,0
219.441,0.0341,0.1000,APPROACH,0
219.475,0.0342,0.0000,APPROACH,0
219.508,0.0337,0.0000,APPROACH,0
219.543,0.0343,0.1000,APPROACH,0
219.577,0.0342,0.0000,APPROACH,0
219.611,0.0338,0.0000,APPROACH,0
219.645,0.0340,0.1000,APPROACH,0
219.679,0.0342,0.0000,APPROACH,0
219.713,0.0337,0.0000,APPROACH,0
219.746,0.0338,0.1000,APPROACH,0
219.781,0.0344,0.0000,APPROACH,0
219.815,0.0339,0.0000,APPROACH,0
219.849,0.0339,0.1000,APPROACH,0
219.883,0.0340,0.0000,APPROACH,0
219.917,0.0340,0.0000,APPROACH,0
219.951,0.0341,0.1000,APPROACH,0
219.985,0.0343,0.0000,APPROACH,0
220.019,0.0337,0.0000,APPROACH,0
220.053,0.0338,0.1000,APPROACH,0
220.087,0.0342,0.0000,APPROACH,0
220.121,0.0342,0.0000,PATROL,0
220.155,0.0341,0.1000,PATROL,0
220.189,0.0342,0.0000,PATROL,0
220.223,0.0335,0.0000,PATROL,0
220.257,0.0341,0.1000,PATROL,0
220.291,0.0338,0.0000,PATROL,0
220.325,0.0341,0.0000,PATROL,0
220.359,0.0339,0.1000,PATROL,0
220.393,0.0342,0.0000,PATROL,0
220.427,0.0338,0.0000,PATROL,0
220.461,0.0344,0.1000,PATROL,0
220.495,0.0338,0.0000,PATROL,0
220.529,0.0342,0.1000,PATROL,0
220.563,0.0340,0.0000,PATROL,0
220.597,0.0339,0.0000,PATROL,0
220.631,0.0338,0.1000,PATROL,0
220.665,0.0343,0.0000,PATROL,0
220.699,0.0342,0.0000,PATROL,0
220.733,0.0336,0.1000,PATROL,0
220.767,0.0340,0.0000,PATROL,0
220.801,0.0343,0.0000,PATROL,0
220.835,0.0339,0.1000,PATROL,0
220.869,0.0341,0.0000,PATROL,0
220.903,0.0340,0.0000,PATROL,0
220.937,0.0337,0.1000,PATROL,0
220.971,0.0342,0.0000,PATROL,0
221.006,0.0348,0.0000,PATROL,0
221.039,0.0331,0.1000,PATROL,0
221.073,0.0340,0.0000,PATROL,0
221.107,0.0338,0.0000,PATROL,0
221.141,0.0343,0.1000,PATROL,0
221.176,0.0342,0.0000,PATROL,0
221.209,0.0337,0.0000,PATROL,0
221.244,0.0343,0.1000,PATROL,0
221.278,0.0341,0.0000,PATROL,0
221.311,0.0336,0.0000,PATROL,0
221.345,0.0342,0.1000,PATROL,0
221.379,0.0339,0.0000,PATROL,0
221.413,0.0339,0.0000,PATROL,0
221.447,0.0340,0.1000,PATROL,0
221.481,0.0341,0.0000,PATROL,0
221.515,0.0340,0.0000,PATROL,0
221.549,0.0341,0.1000,PATROL,0
221.583,0.0340,0.0000,PATROL,0
221.617,0.0339,0.0000,PATROL,0
221.651,0.0342,0.1000,PATROL,0
221.686,0.0341,0.0000,PATROL,0
221.720,0.0341,0.0000,PATROL,0
221.754,0.0344,0.1000,PATROL,0
221.788,0.0341,0.0000,PATROL,0
221.822,0.0338,0.0000,PATROL,0
221.856,0.0340,0.1000,PATROL,0
221.890,0.0339,0.0000,PATROL,0
221.924,0.0339,0.0000,PATROL,0
221.958,0.0343,0.1000,PATROL,0
221.992,0.0338,0.0000,PATROL,0
222.026,0.0341,0.0000,PATROL,0
222.060,0.0337,0.1000,PATROL,0
222.094,0.0343,0.0000,PATROL,0
222.128,0.0341,0.0000,PATROL,0
222.162,0.0337,0.1000,PATROL,0
222.196,0.0339,0.0000,PATROL,0
222.230,0.0339,0.1000,PATROL,0
222.264,0.0343,0.0000,PATROL,0
222.298,0.0342,0.0000,PATROL,0
222.332,0.0336,0.1000,PATROL,0
222.367,0.0349,0.0000,PATROL,0
222.400,0.0333,0.0000,PATROL,0
222.434,0.0339,0.1000,PATROL,0
222.468,0.0342,0.0000,PATROL,0
222.502,0.0341,0.0000,PATROL,0
222.536,0.0337,0.1000,PATROL,0
222.570,0.0343,0.0000,PATROL,0
222.604,0.0342,0.0000,PATROL,0
222.639,0.0345,0.1000,PATROL,0
222.672,0.0334,0.0000,PATROL,0
222.706,0.0337,0.0000,PATROL,0
222.740,0.0342,0.1000,PATROL,0
222.774,0.0339,0.0000,PATROL,0
222.808,0.0338,0.0000,PATROL,0
222.842,0.0341,0.1000,PATROL,0
222.876,0.0342,0.0000,PATROL,0
222.910,0.0339,0.0000,PATROL,0
222.944,0.0340,0.1000,PATROL,0
222.978,0.0342,0.0000,PATROL,0
223.012,0.0338,0.0000,PATROL,0
223.046,0.0342,0.1000,PATROL,0
223.080,0.0340,0.0000,PATROL,0
223.114,0.0338,0.0000,PATROL,0
223.148,0.0343,0.1000,PATROL,0
223.182,0.0340,0.0000,PATROL,0
223.216,0.0335,0.0000,PATROL,0
223.250,0.0343,0.1000,PATROL,0
223.284,0.0342,0.0000,PATROL,0
223.318,0.0339,0.0000,PATROL,0
223.352,0.0340,0.1000,PATROL,0
223.386,0.0340,0.0000,PATROL,0
223.420,0.0340,0.0000,PATROL,0
223.455,0.0348,0.1000,PATROL,0
223.488,0.0332,0.0000,PATROL,0
223.523,0.0348,0.0000,PATROL,0
223.556,0.0334,0.1000,PATROL,0
223.590,0.0339,0.0000,PATROL,0
223.624,0.0341,0.0000,PATROL,0
223.658,0.0339,0.1000,PATROL,0
223.693,0.0342,0.0000,PATROL,0
223.726,0.0339,0.0000,PATROL,0
223.760,0.0338,0.1000,PATROL,0
223.794,0.0341,0.0000,PATROL,0
223.828,0.0339,0.0000,PATROL,0
223.862,0.0341,0.1000,PATROL,0
223.896,0.0339,0.0000,PATROL,0
223.930,0.0340,0.1000,PATROL,0
223.965,0.0347,0.0000,PATROL,0
223.999,0.0339,0.0000,PATROL,0
224.033,0.0339,0.1000,PATROL,0
224.067,0.0341,0.0000,PATROL,0
224.101,0.0341,0.0000,PATROL,0
224.135,0.0339,0.1000,PATROL,0
224.169,0.0339,0.0000,PATROL,0
224.203,0.0347,0.0000,PATROL,0
224.237,0.0337,0.1000,PATROL,0
224.271,0.0341,0.0000,PATROL,0
224.305,0.0341,0.0000,PATROL,0
224.339,0.0338,0.1000,PATROL,0
224.373,0.0338,0.0000,PATROL,0
224.407,0.0338,0.0000,PATROL,0
224.441,0.0343,0.1000,PATROL,0
224.475,0.0342,0.0000,PATROL,0
224.509,0.0340,0.0000,PATROL,0
224.544,0.0346,0.1000,PATROL,0
224.577,0.0334,0.0000,PATROL,0
224.611,0.0339,0.0000,PATROL,0
224.645,0.0341,0.1000,PATROL,0
224.679,0.0342,0.0000,PATROL,0
224.713,0.0337,0.0000,PATROL,0
224.747,0.0340,0.1000,PATROL,0
224.781,0.0342,0.0000,PATROL,0
224.816,0.0344,0.0000,PATROL,0
224.849,0.0332,0.1000,PATROL,0
224.883,0.0346,0.0000,PATROL,0
224.917,0.0337,0.0000,PATROL,0
224.951,0.0339,0.1000,PATROL,0
224.985,0.0344,0.0000,PATROL,0
225.019,0.0338,0.0000,PATROL,0
225.054,0.0349,0.1000,PATROL,0
225.088,0.0335,0.0000,PATROL,0
225.121,0.0337,0.0000,PATROL,0
225.155,0.0340,0.1000,PATROL,0
225.189,0.0339,0.0000,PATROL,0
225.223,0.0342,0.0000,PATROL,0
225.257,0.0338,0.1000,PATROL,0
225.291,0.0341,0.0000,PATROL,0
225.326,0.0345,0.0000,PATROL,0
225.360,0.0341,0.1000,PATROL,0
225.394,0.0337,0.0000,PATROL,0
225.427,0.0339,0.0000,PATROL,0
225.461,0.0340,0.1000,PATROL,0
225.495,0.0340,0.0000,PATROL,0
225.530,0.0340,0.0000,PATROL,0
225.564,0.0341,0.1000,PATROL,0
225.598,0.0341,0.0000,PATROL,0
225.631,0.0335,0.1000,PATROL,0
225.666,0.0343,0.0000,PATROL,0
225.700,0.0340,0.0000,PATROL,0
225.734,0.0339,0.1000,PATROL,0
225.768,0.0342,0.0000,PATROL,0
225.802,0.0341,0.0000,PATROL,0
225.836,0.0337,0.1000,PATROL,0
225.870,0.0341,0.0000,PATROL,0
225.904,0.0340,0.0000,PATROL,0
225.938,0.0339,0.1000,PATROL,0
225.972,0.0340,0.0000,PATROL,0
226.006,0.0343,0.0000,PATROL,0
226.040,0.0338,0.1000,PATROL,0
226.074,0.0339,0.0000,PATROL,0
226.108,0.0338,0.0000,PATROL,0
226.142,0.0344,0.1000,PATROL,0
226.176,0.0340,0.0000,PATROL,0
226.210,0.0339,0.0000,PATROL,0
226.244,0.0341,0.1000,PATROL,0
226.278,0.0342,0.0000,PATROL,0
226.312,0.0337,0.0000,PATROL,0
226.346,0.0341,0.1000,PATROL,0
226.380,0.0341,0.0000,PATROL,0
226.414,0.0340,0.0000,PATROL,0
226.448,0.0343,0.1000,PATROL,0
226.482,0.0338,0.0000,PATROL,0
226.516,0.0338,0.0000,PATROL,0
226.550,0.0339,0.1000,PATROL,0
226.584,0.0342,0.0000,PATROL,0
226.618,0.0340,0.0000,PATROL,0
226.652,0.0340,0.1000,PATROL,0
226.686,0.0339,0.0000,PATROL,0
226.720,0.0340,0.0000,PATROL,0
226.754,0.0340,0.1000,PATROL,0
226.788,0.0340,0.0000,PATROL,0
226.822,0.0339,0.0000,PATROL,0
226.856,0.0343,0.1000,PATROL,0
226.890,0.0340,0.0000,PATROL,0
226.924,0.0340,0.0000,PATROL,0
226.959,0.0347,0.1000,PATROL,0
226.992,0.0332,0.0000,PATROL,0
227.027,0.0343,0.0000,PATROL,0
227.060,0.0337,0.1000,PATROL,0
227.094,0.0342,0.0000,PATROL,0
227.129,0.0341,0.0000,PATROL,0
227.162,0.0335,0.1000,PATROL,0
227.196,0.0343,0.0000,PATROL,0
227.231,0.0342,0.0000,PATROL,0
227.264,0.0337,0.1000,PATROL,0
227.299,0.0344,0.0000,PATROL,0
227.332,0.0334,0.1000,PATROL,0
227.366,0.0342,0.0000,PATROL,0
227.400,0.0340,0.0000,PATROL,0
227.434,0.0337,0.1000,PATROL,0
227.469,0.0350,0.0000,PATROL,0
227.504,0.0345,0.0000,PATROL,0
227.536,0.0326,0.1000,PATROL,0
227.570,0.0340,0.0000,PATROL,0
227.605,0.0344,0.0000,PATROL,0
227.639,0.0339,0.1000,PATROL,0
227.673,0.0342,0.0000,PATROL,0
227.707,0.0341,0.0000,PATROL,0
227.741,0.0339,0.1000,PATROL,0
227.775,0.0339,0.0000,PATROL,0
227.809,0.0341,0.0000,PATROL,0
227.843,0.0339,0.1000,PATROL,0
227.877,0.0342,0.0000,PATROL,0
227.911,0.0339,0.0000,PATROL,0
227.945,0.0343,0.1000,PATROL,0
227.979,0.0338,0.0000,PATROL,0
228.013,0.0339,0.0000,PATROL,0
228.047,0.0343,0.1000,PATROL,0
228.081,0.0337,0.0000,PATROL,0
228.115,0.0341,0.0000,PATROL,0
228.149,0.0342,0.1000,PATROL,0
228.183,0.0339,0.0000,PATROL,0
228.217,0.0338,0.0000,PATROL,0
228.251,0.0341,0.1000,PATROL,0
228.285,0.0342,0.0000,PATROL,0
228.319,0.0338,0.0000,PATROL,0
228.353,0.0344,0.1000,PATROL,0
228.387,0.0343,0.0000,PATROL,0
228.421,0.0338,0.0000,PATROL,0
228.455,0.0337,0.1000,PATROL,0
228.490,0.0346,0.0000,PATROL,0
228.523,0.0337,0.0000,PATROL,0
228.557,0.0341,0.1000,PATROL,0
228.591,0.0337,0.0000,PATROL,0
228.626,0.0345,0.0000,PATROL,0
228.660,0.0340,0.1000,PATROL,0
228.694,0.0338,0.0000,PATROL,0
228.728,0.0340,0.0000,PATROL,0
228.761,0.0336,0.1000,PATROL,0
228.795,0.0339,0.0000,PATROL,0
228.830,0.0345,0.0000,PATROL,0
228.863,0.0336,0.1000,PATROL,0
228.897,0.0340,0.0000,PATROL,0
228.931,0.0342,0.0000,PATROL,0
228.965,0.0339,0.1000,PATROL,0
228.999,0.0342,0.0000,PATROL,0
229.033,0.0339,0.1000,PATROL,0
229.067,0.0342,0.0000,PATROL,0
229.102,0.0343,0.0000,PATROL,0
229.135,0.0334,0.1000,PATROL,0
229.169,0.0342,0.0000,PATROL,0
229.203,0.0339,0.0000,PATROL,0
229.237,0.0339,0.1000,PATROL,0
229.271,0.0341,0.0000,PATROL,0
229.306,0.0343,0.0000,PATROL,0
229.339,0.0337,0.1000,PATROL,0
229.373,0.0341,0.0000,PATROL,0
229.407,0.0338,0.0000,PATROL,0
229.441,0.0341,0.1000,PATROL,0
229.476,0.0341,0.0000,PATROL,0
229.510,0.0341,0.0000,PATROL,0
229.543,0.0338,0.1000,PATROL,0
229.578,0.0341,0.0000,PATROL,0
229.612,0.0339,0.0000,PATROL,0
229.646,0.0343,0.1000,PATROL,0
229.680,0.0340,0.0000,PATROL,0
229.714,0.0339,0.0000,PATROL,0
229.748,0.0343,0.1000,PATROL,0
229.782,0.0339,0.0000,PATROL,0
229.816,0.0338,0.0000,PATROL,0
229.850,0.0345,0.1000,PATROL,0
229.884,0.0338,0.0000,PATROL,0
229.918,0.0338,0.0000,PATROL,0
229.952,0.0338,0.1000,PATROL,0
229.986,0.0343,0.0000,PATROL,0
230.020,0.0341,0.0000,PATROL,0
230.054,0.0338,0.1000,PATROL,0
230.089,0.0350,0.0000,PATROL,0
230.122,0.0331,0.0000,PATROL,0
230.156,0.0342,0.1000,PATROL,0
230.191,0.0347,0.0000,PATROL,0
230.224,0.0332,0.0000,PATROL,0
230.258,0.0339,0.1000,PATROL,0
230.292,0.0342,0.0000,PATROL,0
230.326,0.0340,0.0000,PATROL,0
230.360,0.0343,0.1000,PATROL,0
230.394,0.0336,0.0000,PATROL,0
230.428,0.0342,0.0000,PATROL,0
230.463,0.0345,0.1000,PATROL,0
230.496,0.0336,0.0000,PATROL,0
230.530,0.0342,0.0000,PATROL,0
230.564,0.0336,0.1000,PATROL,0
230.598,0.0344,0.0000,PATROL,0
230.632,0.0335,0.0000,PATROL,0
230.666,0.0342,0.1000,PATROL,0
230.700,0.0342,0.0000,PATROL,0
230.734,0.0337,0.1000,PATROL,0
230.769,0.0345,0.0000,PATROL,0
230.802,0.0337,0.0000,PATROL,0
230.836,0.0338,0.1000,PATROL,0
230.870,0.0342,0.0000,PATROL,0
230.904,0.0342,0.0000,PATROL,0
230.938,0.0338,0.1000,PATROL,0
230.972,0.0340,0.0000,PATROL,0
231.006,0.0342,0.0000,PATROL,0
231.040,0.0338,0.1000,PATROL,0
231.074,0.0342,0.0000,PATROL,0
231.108,0.0338,0.0000,PATROL,0
231.142,0.0341,0.1000,PATROL,0
231.176,0.0341,0.0000,PATROL,0
231.210,0.0338,0.0000,PATROL,0
231.244,0.0342,0.1000,PATROL,0
231.278,0.0339,0.0000,PATROL,0
231.312,0.0339,0.0000,PATROL,0
231.346,0.0341,0.1000,PATROL,0
231.380,0.0341,0.0000,PATROL,0
231.414,0.0341,0.0000,PATROL,0
231.448,0.0339,0.1000,PATROL,0
231.482,0.0341,0.0000,PATROL,0
231.517,0.0341,0.0000,PATROL,0
231.551,0.0342,0.1000,PATROL,0
231.585,0.0343,0.0000,PATROL,0
231.619,0.0338,0.0000,PATROL,0
231.653,0.0339,0.1000,PATROL,0
231.687,0.0339,0.0000,PATROL,0
231.721,0.0341,0.0000,PATROL,0
231.755,0.0342,0.1000,PATROL,0
231.789,0.0342,0.0000,PATROL,0
231.823,0.0340,0.0000,PATROL,0
231.857,0.0336,0.1000,PATROL,0
231.891,0.0343,0.0000,PATROL,0
231.925,0.0339,0.0000,PATROL,0
231.959,0.0339,0.1000,PATROL,0
231.993,0.0342,0.0000,PATROL,0
232.027,0.0340,0.0000,PATROL,0
232.061,0.0339,0.1000,PATROL,0
232.096,0.0350,0.0000,PATROL,0
232.129,0.0329,0.0000,PATROL,0
232.163,0.0340,0.1000,PATROL,0
232.197,0.0341,0.0000,PATROL,0
232.231,0.0340,0.0000,PATROL,0
232.265,0.0343,0.1000,PATROL,0
232.299,0.0338,0.0000,PATROL,0
232.333,0.0339,0.0000,PATROL,0
232.367,0.0340,0.1000,PATROL,0
232.401,0.0343,0.0000,PATROL,0
232.435,0.0335,0.1000,PATROL,0
232.469,0.0343,0.0000,PATROL,0
232.503,0.0342,0.0000,PATROL,0
232.537,0.0337,0.1000,PATROL,0
232.571,0.0341,0.0000,PATROL,0
232.606,0.0351,0.0000,PATROL,0
232.639,0.0329,0.1000,PATROL,0
232.673,0.0341,0.0000,PATROL,0
232.707,0.0339,0.0000,PATROL,0
232.741,0.0341,0.1000,PATROL,0
232.775,0.0341,0.0000,PATROL,0
232.809,0.0337,0.0000,PATROL,0
232.844,0.0346,0.1000,PATROL,0
232.878,0.0340,0.0000,PATROL,0
232.911,0.0339,0.0000,PATROL,0
232.945,0.0339,0.1000,PATROL,0
232.979,0.0341,0.0000,PATROL,0
233.013,0.0338,0.0000,PATROL,0
233.047,0.0341,0.1000,PATROL,0
233.081,0.0341,0.0000,PATROL,0
233.115,0.0340,0.0000,PATROL,0
233.150,0.0342,0.1000,PATROL,0
233.183,0.0338,0.0000,PATROL,0
233.217,0.0341,0.0000,PATROL,0
233.251,0.0339,0.1000,PATROL,0
233.286,0.0343,0.0000,PATROL,0
233.320,0.0340,0.0000,PATROL,0
233.353,0.0336,0.1000,PATROL,0
233.388,0.0343,0.0000,PATROL,0
233.423,0.0351,0.0000,PATROL,0
233.455,0.0328,0.1000,PATROL,0
233.490,0.0344,0.0000,PATROL,0
233.524,0.0338,0.0000,PATROL,0
233.558,0.0341,0.1000,PATROL,0
233.592,0.0342,0.0000,PATROL,0
233.626,0.0338,0.0000,PATROL,0
233.660,0.0341,0.1000,PATROL,0
233.695,0.0351,0.0000,PATROL,0
233.728,0.0329,0.0000,PATROL,0
233.762,0.0340,0.1000,PATROL,0
233.796,0.0339,0.0000,PATROL,0
233.830,0.0341,0.0000,PATROL,0
233.864,0.0340,0.1000,PATROL,0
233.898,0.0343,0.0000,PATROL,0
233.932,0.0339,0.0000,PATROL,0
233.966,0.0342,0.1000,PATROL,0
234.000,0.0340,0.0000,PATROL,0
234.034,0.0336,0.0000,PATROL,0
234.068,0.0340,0.1000,PATROL,0
234.102,0.0342,0.0000,PATROL,0
234.136,0.0338,0.1000,PATROL,0
234.170,0.0342,0.0000,PATROL,0
234.204,0.0343,0.0000,PATROL,0
234.238,0.0336,0.1000,PATROL,0
234.272,0.0340,0.0000,PATROL,0
234.306,0.0342,0.0000,PATROL,0
234.340,0.0339,0.1000,PATROL,0
234.374,0.0340,0.0000,PATROL,0
234.408,0.0341,0.0000,PATROL,0
234.442,0.0341,0.1000,PATROL,0
234.476,0.0338,0.0000,PATROL,0
234.510,0.0343,0.0000,PATROL,0
234.544,0.0339,0.1000,PATROL,0
234.578,0.0342,0.0000,PATROL,0
234.612,0.0340,0.0000,PATROL,0
234.646,0.0339,0.1000,PATROL,0
234.680,0.0338,0.0000,PATROL,0
234.714,0.0340,0.0000,PATROL,0
234.748,0.0340,0.1000,PATROL,0
234.782,0.0341,0.0000,PATROL,0
234.816,0.0339,0.0000,PATROL,0
234.850,0.0342,0.1000,PATROL,0
234.884,0.0339,0.0000,PATROL,0
234.918,0.0339,0.0000,PATROL,0
234.952,0.0342,0.1000,PATROL,0
234.986,0.0339,0.0000,PATROL,0
235.020,0.0341,0.0000,PATROL,0
235.054,0.0339,0.1000,PATROL,0
235.088,0.0341,0.0000,PATROL,0
235.122,0.0339,0.0000,PATROL,0
235.156,0.0341,0.1000,PATROL,0
235.190,0.0338,0.0000,PATROL,0
235.224,0.0342,0.0000,PATROL,0
235.259,0.0342,0.1000,PATROL,0
235.293,0.0339,0.0000,PATROL,0
235.327,0.0344,0.0000,PATROL,0
235.361,0.0338,0.1000,PATROL,0
235.394,0.0335,0.0000,PATROL,0
235.429,0.0349,0.0000,PATROL,0
235.462,0.0333,0.1000,PATROL,0
235.496,0.0339,0.0000,PATROL,0
235.531,0.0346,0.0000,PATROL,0
235.564,0.0337,0.1000,PATROL,0
235.599,0.0349,0.0000,PATROL,0
235.632,0.0331,0.0000,PATROL,0
235.666,0.0338,0.1000,PATROL,0
235.700,0.0342,0.0000,PATROL,0
235.734,0.0339,0.0000,PATROL,0
235.768,0.0340,0.1000,PATROL,0
235.802,0.0341,0.0000,PATROL,0
235.836,0.0337,0.1000,PATROL,0
235.870,0.0342,0.0000,PATROL,0
235.904,0.0342,0.0000,PATROL,0
235.938,0.0337,0.1000,PATROL,0
235.972,0.0343,0.0000,PATROL,0
236.006,0.0339,0.0000,PATROL,0
236.040,0.0341,0.1000,PATROL,0
236.075,0.0342,0.0000,PATROL,0
236.109,0.0342,0.0000,PATROL,0
236.143,0.0340,0.1000,PATROL,0
236.177,0.0342,0.0000,PATROL,0
236.211,0.0340,0.0000,PATROL,0
236.245,0.0339,0.1000,PATROL,0
236.279,0.0340,0.0000,PATROL,0
236.313,0.0339,0.0000,PATROL,0
236.347,0.0340,0.1000,PATROL,0
236.381,0.0342,0.0000,PATROL,0
236.415,0.0338,0.0000,PATROL,0
236.449,0.0343,0.1000,PATROL,0
236.483,0.0338,0.0000,PATROL,0
236.517,0.0339,0.0000,PATROL,0
236.551,0.0342,0.1000,PATROL,0
236.585,0.0339,0.0000,PATROL,0
236.619,0.0343,0.0000,PATROL,0
236.653,0.0338,0.1000,PATROL,0
236.687,0.0343,0.0000,PATROL,0
236.721,0.0337,0.0000,PATROL,0
236.755,0.0339,0.1000,PATROL,0
236.789,0.0341,0.0000,PATROL,0
236.823,0.0341,0.0000,PATROL,0
236.857,0.0340,0.1000,PATROL,0
236.892,0.0344,0.0000,PATROL,0
236.926,0.0340,0.0000,PATROL,0
236.959,0.0338,0.1000,PATROL,0
236.993,0.0341,0.0000,PATROL,0
237.028,0.0343,0.0000,PATROL,0
237.061,0.0335,0.1000,PATROL,0
237.095,0.0341,0.0000,PATROL,0
237.130,0.0343,0.0000,PATROL,0
237.164,0.0340,0.1000,PATROL,0
237.197,0.0338,0.0000,PATROL,0
237.232,0.0344,0.0000,PATROL,0
237.266,0.0339,0.1000,PATROL,0
237.300,0.0339,0.0000,PATROL,0
237.334,0.0340,0.0000,PATROL,0
237.367,0.0340,0.1000,PATROL,0
237.402,0.0344,0.0000,PATROL,0
237.435,0.0336,0.0000,PATROL,0
237.469,0.0340,0.1000,PATROL,0
237.504,0.0349,0.0000,PATROL,0
237.537,0.0328,0.1000,PATROL,0
237.572,0.0343,0.0000,PATROL,0
237.606,0.0342,0.0000,PATROL,0
237.640,0.0338,0.1000,PATROL,0
237.674,0.0341,0.0000,PATROL,0
237.708,0.0339,0.0000,PATROL,0
237.742,0.0342,0.1000,PATROL,0
237.776,0.0340,0.0000,PATROL,0
237.810,0.0338,0.0000,PATROL,0
237.844,0.0340,0.1000,PATROL,0
237.878,0.0340,0.0000,PATROL,0
237.912,0.0344,0.0000,PATROL,0
237.946,0.0338,0.1000,PATROL,0
237.980,0.0340,0.0000,PATROL,0
238.014,0.0345,0.0000,PATROL,0
238.048,0.0334,0.1000,PATROL,0
238.082,0.0344,0.0000,PATROL,0
238.116,0.0338,0.0000,PATROL,0
238.150,0.0340,0.1000,PATROL,0
238.184,0.0340,0.0000,PATROL,0
238.218,0.0339,0.0000,PATROL,0
238.252,0.0343,0.1000,PATROL,0
238.286,0.0341,0.0000,PATROL,0
238.320,0.0338,0.0000,PATROL,0
238.354,0.0340,0.1000,PATROL,0
238.388,0.0340,0.0000,PATROL,0
238.422,0.0341,0.0000,PATROL,0
238.456,0.0339,0.1000,PATROL,0
238.490,0.0342,0.0000,PATROL,0
238.524,0.0341,0.0000,PATROL,0
238.558,0.0338,0.1000,PATROL,0
238.592,0.0342,0.0000,PATROL,0
238.626,0.0338,0.0000,PATROL,0
238.660,0.0341,0.1000,PATROL,0
238.694,0.0340,0.0000,PATROL,0
238.729,0.0342,0.0000,PATROL,0
238.762,0.0336,0.1000,PATROL,0
238.797,0.0346,0.0000,PATROL,0
238.831,0.0342,0.0000,PATROL,0
238.865,0.0340,0.1000,PATROL,0
238.898,0.0331,0.0000,PATROL,0
238.933,0.0345,0.0000,PATROL,0
238.966,0.0337,0.1000,PATROL,0
239.001,0.0343,0.0000,PATROL,0
239.034,0.0335,0.0000,PATROL,0
239.068,0.0342,0.1000,PATROL,0
239.102,0.0341,0.0000,PATROL,0
239.136,0.0337,0.0000,PATROL,0
239.170,0.0342,0.1000,PATROL,0
239.204,0.0339,0.0000,PATROL,0
239.238,0.0338,0.1000,PATROL,0
239.272,0.0343,0.0000,PATROL,0
239.306,0.0338,0.0000,PATROL,0
239.340,0.0341,0.1000,PATROL,0
239.375,0.0347,0.0000,PATROL,0
239.408,0.0331,0.0000,PATROL,0
239.442,0.0343,0.1000,PATROL,0
239.477,0.0341,0.0000,PATROL,0
239.511,0.0342,0.0000,PATROL,0
239.544,0.0337,0.1000,PATROL,0
239.579,0.0347,0.0000,PATROL,0
239.613,0.0340,0.0000,PATROL,0
239.647,0.0338,0.1000,PATROL,0
239.681,0.0340,0.0000,PATROL,0
239.715,0.0339,0.0000,PATROL,0
239.749,0.0336,0.1000,PATROL,0
239.783,0.0344,0.0000,PATROL,0
239.816,0.0336,0.0000,PATROL,0
239.851,0.0340,0.1000,PATROL,0
239.885,0.0342,0.0000,PATROL,0
239.919,0.0340,0.0000,PATROL,0
239.953,0.0339,0.1000,PATROL,0
239.987,0.0344,0.0000,PATROL,0
240.021,0.0343,0.0000,PATROL,0
240.055,0.0337,0.1000,PATROL,0
240.089,0.0342,0.0000,PATROL,0
240.123,0.0337,0.0000,PATROL,0
240.157,0.0340,0.1000,PATROL,0
240.191,0.0342,0.0000,PATROL,0
240.225,0.0338,0.0000,PATROL,0
240.259,0.0339,0.1000,PATROL,0
240.293,0.0344,0.0000,PATROL,0
240.327,0.0336,0.0000,PATROL,0
240.361,0.0342,0.1000,PATROL,0
240.395,0.0343,0.0000,PATROL,0
240.429,0.0340,0.0000,PATROL,0
240.463,0.0341,0.1000,PATROL,0
240.497,0.0337,0.0000,PATROL,0
240.531,0.0343,0.0000,PATROL,0
240.565,0.0341,0.1000,PATROL,0
240.599,0.0340,0.0000,PATROL,0
240.633,0.0341,0.0000,PATROL,0
240.667,0.0340,0.1000,PATROL,0
240.701,0.0337,0.0000,PATROL,0
240.735,0.0342,0.0000,PATROL,0
240.770,0.0342,0.1000,PATROL,0
240.803,0.0336,0.0000,PATROL,0
240.837,0.0339,0.0000,PATROL,0
240.871,0.0342,0.1000,PATROL,0
240.906,0.0346,0.0000,PATROL,0
240.940,0.0336,0.1000,PATROL,0
240.974,0.0345,0.0000,PATROL,0
241.007,0.0329,0.0000,PATROL,0
241.041,0.0341,0.1000,PATROL,0
241.075,0.0344,0.0000,PATROL,0
241.109,0.0337,0.0000,PATROL,0
241.143,0.0341,0.1000,PATROL,0
241.177,0.0341,0.0000,PATROL,0
241.211,0.0340,0.0000,PATROL,0
241.245,0.0340,0.1000,PATROL,0
241.279,0.0339,0.0000,PATROL,0
241.313,0.0339,0.0000,PATROL,0
241.348,0.0344,0.1000,PATROL,0
241.381,0.0338,0.0000,PATROL,0
241.415,0.0338,0.0000,PATROL,0
241.449,0.0340,0.1000,PATROL,0
241.484,0.0344,0.0000,PATROL,0
241.517,0.0335,0.0000,PATROL,0
241.551,0.0341,0.1000,PATROL,0
241.585,0.0341,0.0000,PATROL,0
241.620,0.0341,0.0000,PATROL,0
241.654,0.0342,0.1000,PATROL,0
241.688,0.0340,0.0000,PATROL,0
241.722,0.0342,0.0000,PATROL,0
241.756,0.0341,0.1000,PATROL,0
241.790,0.0342,0.0000,PATROL,0
241.824,0.0335,0.0000,PATROL,0
241.858,0.0339,0.1000,PATROL,0
241.892,0.0341,0.0000,PATROL,0
241.926,0.0342,0.0000,PATROL,0
241.960,0.0341,0.1000,PATROL,0
241.994,0.0339,0.0000,PATROL,0
242.028,0.0341,0.0000,PATROL,0
242.062,0.0338,0.1000,PATROL,0
242.096,0.0341,0.0000,PATROL,0
242.130,0.0342,0.0000,PATROL,0
242.164,0.0339,0.1000,PATROL,0
242.198,0.0343,0.0000,PATROL,0
242.232,0.0335,0.0000,PATROL,0
242.266,0.0341,0.1000,PATROL,0
242.300,0.0345,0.0000,PATROL,0
242.334,0.0338,0.0000,PATROL,0
242.368,0.0336,0.1000,PATROL,0
242.402,0.0342,0.0000,PATROL,0
242.436,0.0344,0.0000,PATROL,0
242.470,0.0337,0.1000,PATROL,0
242.504,0.0339,0.0000,PATROL,0
242.538,0.0340,0.0000,PATROL,0
242.572,0.0340,0.1000,PATROL,0
242.606,0.0345,0.0000,PATROL,0
242.640,0.0335,0.1000,PATROL,0
242.674,0.0341,0.0000,PATROL,0
242.708,0.0341,0.0000,PATROL,0
242.742,0.0340,0.1000,PATROL,0
242.776,0.0344,0.0000,PATROL,0
242.810,0.0337,0.0000,PATROL,0
242.844,0.0339,0.1000,PATROL,0
242.878,0.0341,0.0000,PATROL,0
242.912,0.0339,0.0000,PATROL,0
242.947,0.0345,0.1000,PATROL,0
242.980,0.0337,0.0000,PATROL,0
243.014,0.0340,0.0000,PATROL,0
243.048,0.0340,0.1000,PATROL,0
243.082,0.0340,0.0000,PATROL,0
243.117,0.0345,0.0000,PATROL,0
243.151,0.0338,0.1000,PATROL,0
243.184,0.0339,0.0000,PATROL,0
243.218,0.0340,0.0000,PATROL,0
243.252,0.0339,0.1000,PATROL,0
243.286,0.0341,0.0000,PATROL,0
243.321,0.0340,0.0000,PATROL,0
243.354,0.0338,0.1000,PATROL,0
243.388,0.0341,0.0000,PATROL,0
243.423,0.0342,0.0000,PATROL,0
243.457,0.0342,0.1000,PATROL,0
243.491,0.0342,0.0000,PATROL,0
243.525,0.0337,0.0000,PATROL,0
243.559,0.0339,0.1000,PATROL,0
243.593,0.0339,0.0000,PATROL,0
243.627,0.0342,0.0000,PATROL,0
243.661,0.0339,0.1000,PATROL,0
243.695,0.0342,0.0000,PATROL,0
243.729,0.0338,0.0000,PATROL,0
243.763,0.0341,0.1000,PATROL,0
243.797,0.0339,0.0000,PATROL,0
243.831,0.0341,0.0000,PATROL,0
243.865,0.0340,0.1000,PATROL,0
243.899,0.0341,0.0000,PATROL,0
243.933,0.0340,0.0000,PATROL,0
243.967,0.0341,0.1000,PATROL,0
244.001,0.0339,0.0000,PATROL,0
244.035,0.0344,0.0000,PATROL,0
244.069,0.0339,0.1000,PATROL,0
244.103,0.0339,0.0000,PATROL,0
244.137,0.0341,0.0000,PATROL,0
244.171,0.0340,0.1000,PATROL,0
244.205,0.0337,0.0000,PATROL,0
244.239,0.0340,0.0000,PATROL,0
244.273,0.0340,0.1000,PATROL,0
244.307,0.0338,0.0000,PATROL,0
244.341,0.0341,0.1000,PATROL,0
244.375,0.0341,0.0000,PATROL,0
244.409,0.0340,0.0000,PATROL,0
244.443,0.0338,0.1000,PATROL,0
244.477,0.0344,0.0000,PATROL,0
244.511,0.0339,0.0000,PATROL,0
244.545,0.0339,0.1000,PATROL,0
244.579,0.0340,0.0000,PATROL,0
244.613,0.0343,0.0000,PATROL,0
244.647,0.0342,0.1000,PATROL,0
244.681,0.0339,0.0000,PATROL,0
244.715,0.0338,0.0000,PATROL,0
244.749,0.0340,0.1000,PATROL,0
244.783,0.0342,0.0000,PATROL,0
244.817,0.0339,0.0000,PATROL,0
244.851,0.0339,0.1000,PATROL,0
244.885,0.0341,0.0000,PATROL,0
244.919,0.0340,0.0000,PATROL,0
244.953,0.0340,0.1000,PATROL,0
244.987,0.0339,0.0000,PATROL,0
245.021,0.0340,0.0000,PATROL,0
245.055,0.0341,0.1000,PATROL,0
245.089,0.0341,0.0000,PATROL,0
245.123,0.0340,0.0000,PATROL,0
245.157,0.0338,0.1000,PATROL,0
245.191,0.0342,0.0000,PATROL,0
245.225,0.0338,0.0000,PATROL,0
245.259,0.0339,0.1000,PATROL,0
245.293,0.0343,0.0000,PATROL,0
245.327,0.0338,0.0000,PATROL,0
245.361,0.0339,0.1000,PATROL,0
245.395,0.0342,0.0000,PATROL,0
245.430,0.0341,0.0000,PATROL,0
245.464,0.0343,0.1000,PATROL,0
245.498,0.0341,0.0000,PATROL,0
245.532,0.0337,0.0000,PATROL,0
245.566,0.0341,0.1000,PATROL,0
245.600,0.0338,0.0000,PATROL,0
245.634,0.0340,0.0000,PATROL,0
245.668,0.0344,0.1000,PATROL,0
245.702,0.0336,0.0000,PATROL,0
245.736,0.0341,0.0000,PATROL,0
245.770,0.0339,0.1000,PATROL,0
245.804,0.0341,0.0000,PATROL,0
245.838,0.0339,0.0000,PATROL,0
245.872,0.0341,0.1000,PATROL,0
245.906,0.0338,0.0000,PATROL,0
245.940,0.0340,0.0000,PATROL,0
245.974,0.0344,0.1000,PATROL,0
246.008,0.0338,0.0000,PATROL,0
246.041,0.0337,0.1000,PATROL,0
246.076,0.0343,0.0000,PATROL,0
246.110,0.0342,0.0000,PATROL,0
246.144,0.0336,0.1000,PATROL,0
246.178,0.0345,0.0000,PATROL,0
246.212,0.0341,0.0000,PATROL,0
246.246,0.0338,0.1000,PATROL,0
246.280,0.0339,0.0000,PATROL,0
246.314,0.0340,0.0000,PATROL,0
246.348,0.0340,0.1000,PATROL,0
246.382,0.0340,0.0000,PATROL,0
246.416,0.0341,0.0000,PATROL,0
246.450,0.0339,0.1000,PATROL,0
246.484,0.0340,0.0000,PATROL,0
246.518,0.0343,0.0000,PATROL,0
246.552,0.0339,0.1000,PATROL,0
246.586,0.0339,0.0000,PATROL,0
246.620,0.0339,0.0000,PATROL,0
246.654,0.0342,0.1000,PATROL,0
246.688,0.0339,0.0000,PATROL,0
246.722,0.0340,0.0000,PATROL,0
246.756,0.0342,0.1000,PATROL,0
246.790,0.0340,0.0000,PATROL,0
246.824,0.0342,0.0000,PATROL,0
246.858,0.0340,0.1000,PATROL,0
246.892,0.0339,0.0000,PATROL,0
246.926,0.0341,0.0000,PATROL,0
246.960,0.0336,0.1000,PATROL,0
246.994,0.0342,0.0000,PATROL,0
247.028,0.0339,0.0000,PATROL,0
247.062,0.0342,0.1000,PATROL,0
247.096,0.0341,0.0000,PATROL,0
247.130,0.0338,0.0000,PATROL,0
247.164,0.0341,0.1000,PATROL,0
247.200,0.0352,0.0000,PATROL,0
247.233,0.0331,0.0000,PATROL,0
247.266,0.0337,0.1000,PATROL,0
247.301,0.0345,0.0000,PATROL,0
247.335,0.0339,0.0000,PATROL,0
247.369,0.0339,0.1000,PATROL,0
247.403,0.0340,0.0000,PATROL,0
247.438,0.0349,0.0000,PATROL,0
247.471,0.0338,0.1000,PATROL,0
247.505,0.0333,0.0000,PATROL,0
247.539,0.0342,0.0000,PATROL,0
247.573,0.0338,0.1000,PATROL,0
247.607,0.0339,0.0000,PATROL,0
247.641,0.0342,0.0000,PATROL,0
247.675,0.0340,0.1000,PATROL,0
247.709,0.0339,0.0000,PATROL,0
247.743,0.0338,0.1000,PATROL,0
247.777,0.0342,0.0000,PATROL,0
247.811,0.0341,0.0000,PATROL,0
247.845,0.0339,0.1000,PATROL,0
247.879,0.0344,0.0000,PATROL,0
247.913,0.0337,0.0000,PATROL,0
247.947,0.0338,0.1000,PATROL,0
247.981,0.0340,0.0000,PATROL,0
248.015,0.0343,0.0000,PATROL,0
248.049,0.0339,0.1000,PATROL,0
248.083,0.0341,0.0000,PATROL,0
248.117,0.0342,0.0000,PATROL,0
248.151,0.0336,0.1000,PATROL,0
248.185,0.0344,0.0000,PATROL,0
248.219,0.0338,0.0000,PATROL,0
248.253,0.0340,0.1000,PATROL,0
248.287,0.0341,0.0000,PATROL,0
248.321,0.0340,0.0000,PATROL,0
248.355,0.0342,0.1000,PATROL,0
248.389,0.0340,0.0000,PATROL,0
248.423,0.0340,0.0000,PATROL,0
248.457,0.0340,0.1000,PATROL,0
248.491,0.0341,0.0000,PATROL,0
248.525,0.0341,0.0000,PATROL,0
248.560,0.0345,0.1000,PATROL,0
248.594,0.0338,0.0000,PATROL,0
248.627,0.0335,0.0000,PATROL,0
248.661,0.0340,0.1000,PATROL,0
248.696,0.0345,0.0000,PATROL,0
248.730,0.0339,0.0000,PATROL,0
248.763,0.0339,0.1000,PATROL,0
248.798,0.0350,0.0000,PATROL,0
248.832,0.0332,0.0000,PATROL,0
248.866,0.0340,0.1000,PATROL,0
248.900,0.0343,0.0000,PATROL,0
248.933,0.0336,0.0000,PATROL,0
248.967,0.0339,0.1000,PATROL,0
249.002,0.0342,0.0000,PATROL,0
249.035,0.0338,0.0000,PATROL,0
249.071,0.0353,0.1000,PATROL,0
249.103,0.0327,0.0000,PATROL,0
249.138,0.0342,0.0000,PATROL,0
249.172,0.0343,0.1000,PATROL,0
249.206,0.0338,0.0000,PATROL,0
249.240,0.0344,0.0000,PATROL,0
249.274,0.0336,0.1000,PATROL,0
249.307,0.0339,0.0000,PATROL,0
249.342,0.0341,0.0000,PATROL,0
249.376,0.0342,0.1000,PATROL,0
249.410,0.0337,0.0000,PATROL,0
249.444,0.0342,0.1000,PATROL,0
249.478,0.0341,0.0000,PATROL,0
249.512,0.0337,0.0000,PATROL,0
249.546,0.0339,0.1000,PATROL,0
249.580,0.0345,0.0000,PATROL,0
249.614,0.0338,0.0000,PATROL,0
249.648,0.0338,0.1000,PATROL,0
249.682,0.0342,0.0000,PATROL,0
249.716,0.0341,0.0000,PATROL,0
249.750,0.0338,0.1000,PATROL,0
249.784,0.0340,0.0000,PATROL,0
249.818,0.0342,0.0000,PATROL,0
249.852,0.0339,0.1000,PATROL,0
249.886,0.0343,0.0000,PATROL,0
249.920,0.0343,0.0000,PATROL,0
249.954,0.0335,0.1000,PATROL,0
249.988,0.0341,0.0000,PATROL,0
250.022,0.0339,0.0000,PATROL,0
250.056,0.0342,0.1000,PATROL,0
250.090,0.0342,0.0000,PATROL,0
250.124,0.0336,0.0000,PATROL,0
250.158,0.0341,0.1000,PATROL,0
250.192,0.0340,0.0000,PATROL,0
250.226,0.0343,0.0000,PATROL,0
250.260,0.0339,0.1000,PATROL,0
250.294,0.0338,0.0000,PATROL,0
250.328,0.0338,0.0000,PATROL,0
250.362,0.0341,0.1000,PATROL,0
250.396,0.0340,0.0000,PATROL,0
250.431,0.0348,0.0000,PATROL,0
250.465,0.0337,0.1000,PATROL,0
250.498,0.0335,0.0000,PATROL,0
250.532,0.0342,0.0000,PATROL,0
250.566,0.0340,0.1000,PATROL,0
250.601,0.0343,0.0000,PATROL,0
250.635,0.0339,0.0000,PATROL,0
250.668,0.0338,0.1000,PATROL,0
250.703,0.0350,0.0000,PATROL,0
250.737,0.0332,0.0000,PATROL,0
250.770,0.0338,0.1000,PATROL,0
250.804,0.0339,0.0000,PATROL,0
250.838,0.0341,0.0000,PATROL,0
250.872,0.0340,0.1000,PATROL,0
250.906,0.0340,0.0000,PATROL,0
250.941,0.0342,0.0000,PATROL,0
250.974,0.0335,0.1000,PATROL,0
251.008,0.0339,0.0000,PATROL,0
251.042,0.0341,0.0000,PATROL,0
251.076,0.0341,0.1000,PATROL,0
251.110,0.0341,0.0000,PATROL,0
251.144,0.0337,0.1000,PATROL,0
251.178,0.0343,0.0000,PATROL,0
251.212,0.0341,0.0000,PATROL,0
251.246,0.0339,0.1000,PATROL,0
251.282,0.0358,0.0000,PATROL,0
251.314,0.0322,0.0000,PATROL,0
251.348,0.0339,0.1000,PATROL,0
251.382,0.0340,0.0000,PATROL,0
251.417,0.0343,0.0000,PATROL,0
251.450,0.0337,0.1000,PATROL,0
251.484,0.0340,0.0000,PATROL,0
251.518,0.0340,0.0000,PATROL,0
251.552,0.0340,0.1000,PATROL,0
251.586,0.0339,0.0000,PATROL,0
251.620,0.0341,0.0000,PATROL,0
251.654,0.0340,0.1000,PATROL,0
251.689,0.0343,0.0000,PATROL,0
251.722,0.0336,0.0000,PATROL,0
251.756,0.0340,0.1000,PATROL,0
251.790,0.0343,0.0000,PATROL,0
251.824,0.0339,0.0000,PATROL,0
251.858,0.0339,0.1000,PATROL,0
251.892,0.0341,0.0000,PATROL,0
251.926,0.0339,0.0000,PATROL,0
251.960,0.0341,0.1000,PATROL,0
251.995,0.0342,0.0000,PATROL,0
252.029,0.0340,0.0000,PATROL,0
252.063,0.0340,0.1000,PATROL,0
252.097,0.0342,0.0000,PATROL,0
252.131,0.0341,0.0000,PATROL,0
252.166,0.0347,0.1000,PATROL,0
252.199,0.0337,0.0000,PATROL,0
252.233,0.0337,0.0000,PATROL,0
252.267,0.0340,0.1000,PATROL,0
252.301,0.0344,0.0000,PATROL,0
252.335,0.0338,0.0000,PATROL,0
252.369,0.0339,0.1000,PATROL,0
252.403,0.0338,0.0000,PATROL,0
252.437,0.0342,0.0000,PATROL,0
252.472,0.0344,0.1000,PATROL,0
252.506,0.0341,0.0000,PATROL,0
252.539,0.0337,0.0000,PATROL,0
252.573,0.0339,0.1000,PATROL,0
252.607,0.0337,0.0000,PATROL,0
252.642,0.0347,0.0000,PATROL,0
252.675,0.0337,0.1000,PATROL,0
252.709,0.0337,0.0000,PATROL,0
252.743,0.0342,0.0000,PATROL,0
252.777,0.0339,0.1000,PATROL,0
252.811,0.0340,0.0000,PATROL,0
252.845,0.0339,0.1000,PATROL,0
252.879,0.0342,0.0000,PATROL,0
252.913,0.0340,0.0000,PATROL,0
252.947,0.0338,0.1000,PATROL,0
252.982,0.0346,0.0000,PATROL,0
253.015,0.0336,0.0000,PATROL,0
253.049,0.0339,0.1000,PATROL,0
253.083,0.0339,0.0000,PATROL,0
253.118,0.0344,0.0000,PATROL,0
253.152,0.0341,0.1000,PATROL,0
253.185,0.0337,0.0000,PATROL,0
253.220,0.0344,0.0000,PATROL,0
253.254,0.0339,0.1000,PATROL,0
253.288,0.0338,0.0000,PATROL,0
253.322,0.0343,0.0000,PATROL,0
253.356,0.0338,0.1000,PATROL,0
253.390,0.0341,0.0000,PATROL,0
253.424,0.0339,0.0000,PATROL,0
253.458,0.0341,0.1000,PATROL,0
253.492,0.0342,0.0000,PATROL,0
253.526,0.0339,0.0000,PATROL,0
253.560,0.0342,0.1000,PATROL,0
253.594,0.0340,0.0000,PATROL,0
253.628,0.0338,0.0000,PATROL,0
253.662,0.0346,0.1000,PATROL,0
253.696,0.0338,0.0000,PATROL,0
253.730,0.0337,0.0000,PATROL,0
253.764,0.0337,0.1000,PATROL,0
253.798,0.0342,0.0000,PATROL,0
253.832,0.0341,0.0000,PATROL,0
253.866,0.0339,0.1000,PATROL,0
253.900,0.0342,0.0000,PATROL,0
253.934,0.0343,0.0000,PATROL,0
253.968,0.0337,0.1000,PATROL,0
254.002,0.0341,0.0000,PATROL,0
254.036,0.0339,0.0000,PATROL,0
254.070,0.0340,0.1000,PATROL,0
254.104,0.0341,0.0000,PATROL,0
254.138,0.0341,0.0000,PATROL,0
254.172,0.0337,0.1000,PATROL,0
254.206,0.0338,0.0000,PATROL,0
254.240,0.0345,0.0000,PATROL,0
254.274,0.0338,0.1000,PATROL,0
254.308,0.0337,0.0000,PATROL,0
254.342,0.0345,0.0000,PATROL,0
254.376,0.0337,0.1000,PATROL,0
254.410,0.0341,0.0000,PATROL,0
254.445,0.0343,0.0000,PATROL,0
254.479,0.0348,0.1000,PATROL,0
254.512,0.0329,0.0000,PATROL,0
254.546,0.0339,0.1000,PATROL,0
254.580,0.0342,0.0000,PATROL,0
254.614,0.0339,0.0000,PATROL,0
254.648,0.0339,0.1000,PATROL,0
254.683,0.0346,0.0000,PATROL,0
254.717,0.0338,0.0000,PATROL,0
254.750,0.0340,0.1000,PATROL,0
254.784,0.0340,0.0000,PATROL,0
254.819,0.0341,0.0000,PATROL,0
254.852,0.0339,0.1000,PATROL,0
254.886,0.0340,0.0000,PATROL,0
254.921,0.0342,0.0000,PATROL,0
254.955,0.0339,0.1000,PATROL,0
254.989,0.0339,0.0000,PATROL,0
255.023,0.0341,0.0000,PATROL,0
255.057,0.0341,0.1000,PATROL,0
255.091,0.0339,0.0000,PATROL,0
255.125,0.0339,0.0000,PATROL,0
255.159,0.0341,0.1000,PATROL,0
255.193,0.0340,0.0000,PATROL,0
255.227,0.0342,0.0000,PATROL,0
255.261,0.0340,0.1000,PATROL,0
255.296,0.0347,0.0000,PATROL,0
255.329,0.0331,0.0000,PATROL,0
255.363,0.0341,0.1000,PATROL,0
255.397,0.0339,0.0000,PATROL,0
255.431,0.0341,0.0000,PATROL,0
255.465,0.0341,0.1000,PATROL,0
255.499,0.0340,0.0000,PATROL,0
255.533,0.0341,0.0000,PATROL,0
255.567,0.0338,0.1000,PATROL,0
255.601,0.0345,0.0000,PATROL,0
255.635,0.0335,0.0000,PATROL,0
255.669,0.0339,0.1000,PATROL,0
255.703,0.0343,0.0000,PATROL,0
255.738,0.0345,0.0000,PATROL,0
255.771,0.0335,0.1000,PATROL,0
255.805,0.0342,0.0000,PATROL,0
255.840,0.0342,0.0000,PATROL,0
255.873,0.0335,0.1000,PATROL,0
255.907,0.0339,0.0000,PATROL,0
255.941,0.0341,0.0000,PATROL,0
255.975,0.0340,0.1000,PATROL,0
256.009,0.0339,0.0000,PATROL,0
256.044,0.0346,0.0000,PATROL,0
256.077,0.0335,0.1000,PATROL,0
256.111,0.0339,0.0000,PATROL,0
256.145,0.0341,0.0000,PATROL,0
256.179,0.0341,0.1000,PATROL,0
256.213,0.0340,0.0000,PATROL,0
256.247,0.0340,0.1000,PATROL,0
256.281,0.0341,0.0000,PATROL,0
256.315,0.0340,0.0000,PATROL,0
256.349,0.0340,0.1000,PATROL,0
256.383,0.0343,0.0000,PATROL,0
256.418,0.0344,0.0000,PATROL,0
256.452,0.0337,0.1000,PATROL,0
256.486,0.0340,0.0000,PATROL,0
256.520,0.0341,0.0000,PATROL,0
256.553,0.0338,0.1000,PATROL,0
256.588,0.0342,0.0000,PATROL,0
256.622,0.0341,0.0000,PATROL,0
256.655,0.0338,0.1000,PATROL,0
256.690,0.0345,0.0000,PATROL,0
256.724,0.0337,0.0000,PATROL,0
256.758,0.0339,0.1000,PATROL,0
256.792,0.0341,0.0000,PATROL,0
256.825,0.0338,0.0000,PATROL,0
256.859,0.0340,0.1000,PATROL,0
256.894,0.0343,0.0000,PATROL,0
256.928,0.0341,0.0000,PATROL,0
256.962,0.0337,0.1000,PATROL,0
256.996,0.0340,0.0000,PATROL,0
257.030,0.0340,0.0000,PATROL,0
257.064,0.0346,0.1000,PATROL,0
257.098,0.0338,0.0000,PATROL,0
257.132,0.0339,0.0000,PATROL,0
257.166,0.0337,0.1000,PATROL,0
257.200,0.0345,0.0000,PATROL,0
257.234,0.0337,0.0000,PATROL,0
257.268,0.0339,0.1000,PATROL,0
257.302,0.0343,0.0000,PATROL,0
257.336,0.0337,0.0000,PATROL,0
257.370,0.0341,0.1000,PATROL,0
257.404,0.0342,0.0000,PATROL,0
257.439,0.0347,0.0000,PATROL,0
257.472,0.0334,0.1000,PATROL,0
257.506,0.0338,0.0000,PATROL,0
257.540,0.0344,0.0000,PATROL,0
257.574,0.0339,0.1000,PATROL,0
257.608,0.0336,0.0000,PATROL,0
257.642,0.0344,0.0000,PATROL,0
257.676,0.0335,0.1000,PATROL,0
257.710,0.0345,0.0000,PATROL,0
257.744,0.0337,0.0000,PATROL,0
257.778,0.0341,0.1000,PATROL,0
257.812,0.0341,0.0000,PATROL,0
257.846,0.0338,0.0000,PATROL,0
257.880,0.0339,0.1000,PATROL,0
257.914,0.0343,0.0000,PATROL,0
257.948,0.0339,0.1000,PATROL,0
257.982,0.0342,0.0000,PATROL,0
258.016,0.0341,0.0000,PATROL,0
258.050,0.0337,0.1000,PATROL,0
258.084,0.0343,0.0000,PATROL,0
258.118,0.0337,0.0000,PATROL,0
258.152,0.0341,0.1000,PATROL,0
258.186,0.0339,0.0000,PATROL,0
258.220,0.0344,0.0000,PATROL,0
258.254,0.0339,0.1000,PATROL,0
258.288,0.0341,0.0000,PATROL,0
258.322,0.0340,0.0000,PATROL,0
258.356,0.0338,0.1000,PATROL,0
258.390,0.0342,0.0000,PATROL,0
258.424,0.0341,0.0000,PATROL,0
258.458,0.0339,0.1000,PATROL,0
258.492,0.0343,0.0000,PATROL,0
258.527,0.0347,0.0000,PATROL,0
258.560,0.0332,0.1000,PATROL,0
258.594,0.0341,0.0000,PATROL,0
258.628,0.0340,0.0000,PATROL,0
258.662,0.0339,0.1000,PATROL,0
258.697,0.0342,0.0000,PATROL,0
258.730,0.0337,0.0000,PATROL,0
258.765,0.0344,0.1000,PATROL,0
258.799,0.0343,0.0000,PATROL,0
258.833,0.0336,0.0000,PATROL,0
258.866,0.0339,0.1000,PATROL,0
258.901,0.0341,0.0000,PATROL,0
258.935,0.0340,0.0000,PATROL,0
258.969,0.0342,0.1000,PATROL,0
259.003,0.0341,0.0000,PATROL,0
259.037,0.0338,0.0000,PATROL,0
259.071,0.0339,0.1000,PATROL,0
259.105,0.0347,0.0000,PATROL,0
259.139,0.0336,0.0000,PATROL,0
259.173,0.0337,0.1000,PATROL,0
259.207,0.0342,0.0000,PATROL,0
259.241,0.0345,0.0000,PATROL,0
259.275,0.0338,0.1000,PATROL,0
259.309,0.0337,0.0000,PATROL,0
259.343,0.0344,0.0000,PATROL,0
259.377,0.0336,0.1000,PATROL,0
259.411,0.0342,0.0000,PATROL,0
259.445,0.0343,0.0000,PATROL,0
259.479,0.0337,0.1000,PATROL,0
259.513,0.0339,0.0000,PATROL,0
259.547,0.0339,0.0000,PATROL,0
259.581,0.0341,0.1000,PATROL,0
259.615,0.0341,0.0000,PATROL,0
259.649,0.0341,0.1000,PATROL,0
259.683,0.0341,0.0000,PATROL,0
259.717,0.0341,0.0000,PATROL,0
259.751,0.0337,0.1000,PATROL,0
259.785,0.0343,0.0000,PATROL,0
259.819,0.0340,0.0000,PATROL,0
259.853,0.0339,0.1000,PATROL,0
259.887,0.0343,0.0000,PATROL,0
259.921,0.0340,0.0000,PATROL,0
259.955,0.0338,0.1000,PATROL,0
259.989,0.0339,0.0000,PATROL,0
260.023,0.0340,0.0000,PATROL,0
260.057,0.0341,0.1000,PATROL,0
260.091,0.0340,0.0000,PATROL,0
260.125,0.0341,0.0000,PATROL,0
260.159,0.0340,0.1000,PATROL,0
260.193,0.0340,0.0000,PATROL,0
260.227,0.0339,0.0000,PATROL,0
260.261,0.0341,0.1000,PATROL,0
260.295,0.0340,0.0000,PATROL,0
260.329,0.0338,0.0000,PATROL,0
260.363,0.0341,0.1000,PATROL,0
260.398,0.0348,0.0000,PATROL,0
260.431,0.0332,0.0000,PATROL,0
260.465,0.0342,0.1000,PATROL,0
260.499,0.0339,0.0000,PATROL,0
260.534,0.0343,0.0000,PATROL,0
260.567,0.0337,0.1000,PATROL,0
260.602,0.0341,0.0000,PATROL,0
260.636,0.0346,0.0000,PATROL,0
260.669,0.0333,0.1000,PATROL,0
260.704,0.0350,0.0000,PATROL,0
260.738,0.0331,0.0000,PATROL,0
260.772,0.0341,0.1000,PATROL,0
260.806,0.0344,0.0000,PATROL,0
260.840,0.0337,0.0000,PATROL,0
260.874,0.0339,0.1000,PATROL,0
260.908,0.0341,0.0000,PATROL,0
260.942,0.0344,0.0000,PATROL,0
260.976,0.0338,0.1000,PATROL,0
261.010,0.0338,0.0000,PATROL,0
261.044,0.0344,0.0000,PATROL,0
261.078,0.0339,0.1000,PATROL,0
261.112,0.0342,0.0000,PATROL,0
261.146,0.0343,0.0000,PATROL,0
261.180,0.0335,0.1000,PATROL,0
261.214,0.0340,0.0000,PATROL,0
261.248,0.0338,0.0000,PATROL,0
261.282,0.0344,0.1000,PATROL,0
261.316,0.0339,0.0000,PATROL,0
261.350,0.0337,0.1000,PATROL,0
261.384,0.0342,0.0000,PATROL,0
261.418,0.0342,0.0000,PATROL,0
261.452,0.0337,0.1000,PATROL,0
261.486,0.0344,0.0000,PATROL,0
261.520,0.0336,0.0000,PATROL,0
261.554,0.0340,0.1000,PATROL,0
261.588,0.0343,0.0000,PATROL,0
261.622,0.0340,0.0000,PATROL,0
261.656,0.0339,0.1000,PATROL,0
261.690,0.0340,0.0000,PATROL,0
261.724,0.0341,0.0000,PATROL,0
261.758,0.0339,0.1000,PATROL,0
261.792,0.0337,0.0000,PATROL,0
261.826,0.0346,0.0000,PATROL,0
261.860,0.0335,0.1000,PATROL,0
261.894,0.0341,0.0000,PATROL,0
261.928,0.0340,0.0000,PATROL,0
261.962,0.0340,0.1000,PATROL,0
261.997,0.0347,0.0000,PATROL,0
262.030,0.0336,0.0000,PATROL,0
262.064,0.0341,0.1000,PATROL,0
262.098,0.0338,0.0000,PATROL,0
262.132,0.0341,0.0000,PATROL,0
262.166,0.0341,0.1000,PATROL,0
262.201,0.0341,0.0000,PATROL,0
262.235,0.0342,0.0000,PATROL,0
262.268,0.0336,0.1000,PATROL,0
262.303,0.0343,0.0000,PATROL,0
262.336,0.0338,0.0000,PATROL,0
262.370,0.0340,0.1000,PATROL,0
262.404,0.0341,0.0000,PATROL,0
262.439,0.0342,0.0000,PATROL,0
262.472,0.0337,0.1000,PATROL,0
262.507,0.0346,0.0000,PATROL,0
262.541,0.0338,0.0000,PATROL,0
262.575,0.0342,0.1000,PATROL,0
262.608,0.0335,0.0000,PATROL,0
262.643,0.0342,0.0000,PATROL,0
262.677,0.0342,0.1000,PATROL,0
262.711,0.0340,0.0000,PATROL,0
262.745,0.0339,0.0000,PATROL,0
262.779,0.0339,0.1000,PATROL,0
262.813,0.0346,0.0000,PATROL,0
262.847,0.0340,0.0000,PATROL,0
262.881,0.0337,0.1000,PATROL,0
262.915,0.0338,0.0000,PATROL,0
262.949,0.0339,0.0000,PATROL,0
262.983,0.0346,0.1000,PATROL,0
263.017,0.0336,0.0000,PATROL,0
263.051,0.0339,0.1000,PATROL,0
263.085,0.0342,0.0000,PATROL,0
263.119,0.0340,0.0000,PATROL,0
263.153,0.0338,0.1000,PATROL,0
263.187,0.0345,0.0000,PATROL,0
263.221,0.0338,0.0000,PATROL,0
263.255,0.0339,0.1000,PATROL,0
263.289,0.0341,0.0000,PATROL,0
263.323,0.0341,0.0000,PATROL,0
263.357,0.0339,0.1000,PATROL,0
263.391,0.0343,0.0000,PATROL,0
263.425,0.0340,0.0000,PATROL,0
263.459,0.0339,0.1000,PATROL,0
263.493,0.0338,0.0000,PATROL,0
263.527,0.0341,0.0000,PATROL,0
263.561,0.0340,0.1000,PATROL,0
263.595,0.0340,0.0000,PATROL,0
263.629,0.0339,0.0000,PATROL,0
263.663,0.0340,0.1000,PATROL,0
263.697,0.0344,0.0000,PATROL,0
263.731,0.0339,0.0000,PATROL,0
263.765,0.0339,0.1000,PATROL,0
263.799,0.0340,0.0000,PATROL,0
263.833,0.0339,0.0000,PATROL,0
263.867,0.0341,0.1000,PATROL,0
263.902,0.0353,0.0000,PATROL,0
263.935,0.0329,0.0000,PATROL,0
263.969,0.0338,0.1000,PATROL,0
264.003,0.0344,0.0000,PATROL,0
264.037,0.0338,0.0000,PATROL,0
264.071,0.0343,0.1000,PATROL,0
264.106,0.0345,0.0000,PATROL,0
264.139,0.0335,0.0000,PATROL,0
264.173,0.0338,0.1000,PATROL,0
264.208,0.0346,0.0000,PATROL,0
264.241,0.0335,0.0000,PATROL,0
264.275,0.0339,0.1000,PATROL,0
264.309,0.0341,0.0000,PATROL,0
264.344,0.0343,0.0000,PATROL,0
264.377,0.0337,0.1000,PATROL,0
264.412,0.0341,0.0000,PATROL,0
264.446,0.0339,0.0000,PATROL,0
264.479,0.0339,0.1000,PATROL,0
264.513,0.0339,0.0000,PATROL,0
264.547,0.0340,0.0000,PATROL,0
264.581,0.0340,0.1000,PATROL,0
264.615,0.0341,0.0000,PATROL,0
264.649,0.0340,0.0000,PATROL,0
264.684,0.0346,0.1000,PATROL,0
264.718,0.0340,0.0000,PATROL,0
264.751,0.0335,0.1000,PATROL,0
264.786,0.0343,0.0000,PATROL,0
264.820,0.0339,0.0000,PATROL,0
264.854,0.0339,0.1000,PATROL,0
264.888,0.0342,0.0000,PATROL,0
264.922,0.0343,0.0000,PATROL,0
264.955,0.0334,0.1000,PATROL,0
264.990,0.0345,0.0000,PATROL,0
265.024,0.0337,0.0000,PATROL,0
265.058,0.0341,0.1000,PATROL,0
265.092,0.0338,0.0000,PATROL,0
265.126,0.0341,0.0000,PATROL,0
265.160,0.0340,0.1000,PATROL,0
265.194,0.0340,0.0000,PATROL,0
265.228,0.0339,0.0000,PATROL,0
265.262,0.0340,0.1000,PATROL,0
265.296,0.0342,0.0000,PATROL,0
265.330,0.0338,0.0000,ALIGN,0
265.364,0.0342,0.1000,ALIGN,0
265.398,0.0340,0.0000,ALIGN,0
265.432,0.0342,0.0000,ALIGN,0
265.466,0.0338,0.1000,ALIGN,0
265.500,0.0340,0.0000,ALIGN,0
265.534,0.0342,0.0000,ALIGN,0
265.568,0.0342,0.1000,ALIGN,0
265.602,0.0339,0.0000,ALIGN,0
265.636,0.0340,0.0000,ALIGN,0
265.670,0.0335,0.1000,ALIGN,0
265.704,0.0346,0.0000,ALIGN,0
265.738,0.0338,0.0000,ALIGN,0
265.772,0.0340,0.1000,ALIGN,0
265.806,0.0342,0.0000,ALIGN,0
265.840,0.0339,0.0000,ALIGN,0
265.874,0.0337,0.1000,ALIGN,0
265.908,0.0340,0.0000,ALIGN,0
265.942,0.0344,0.0000,ALIGN,0
265.976,0.0336,0.1000,ALIGN,0
266.010,0.0342,0.0000,ALIGN,0
266.044,0.0342,0.0000,ALIGN,0
266.079,0.0342,0.1000,ALIGN,0
266.112,0.0337,0.0000,ALIGN,0
266.146,0.0340,0.0000,ALIGN,0
266.180,0.0341,0.1000,ALIGN,0
266.214,0.0340,0.0000,ALIGN,0
266.249,0.0344,0.0000,ALIGN,0
266.282,0.0337,0.1000,ALIGN,0
266.317,0.0341,0.0000,ALIGN,0
266.350,0.0339,0.0000,ALIGN,0
266.386,0.0357,0.1000,ALIGN,0
266.420,0.0342,0.0000,ALIGN,0
266.454,0.0337,0.1000,ALIGN,0
266.488,0.0343,0.0000,ALIGN,0
266.522,0.0342,0.0000,ALIGN,0
266.556,0.0336,0.1000,ALIGN,0
266.590,0.0342,0.0000,ALIGN,0
266.624,0.0340,0.0000,ALIGN,0
266.658,0.0338,0.1000,ALIGN,0
266.692,0.0341,0.0000,ALIGN,0
266.726,0.0340,0.0000,ALIGN,0
266.760,0.0340,0.1000,ALIGN,0
266.794,0.0339,0.0000,ALIGN,0
266.828,0.0342,0.0000,ALIGN,0
266.863,0.0345,0.1000,ALIGN,0
266.896,0.0335,0.0000,ALIGN,0
266.931,0.0345,0.0000,APPROACH,0
266.964,0.0336,0.1000,APPROACH,0
266.998,0.0338,0.0000,APPROACH,0
267.032,0.0340,0.0000,APPROACH,0
267.066,0.0343,0.1000,APPROACH,0
267.100,0.0339,0.0000,APPROACH,0
267.134,0.0340,0.0000,APPROACH,0
267.168,0.0340,0.1000,APPROACH,0
267.202,0.0341,0.0000,APPROACH,0
267.237,0.0341,0.0000,APPROACH,0
267.271,0.0340,0.1000,APPROACH,0
267.305,0.0340,0.0000,APPROACH,0
267.338,0.0338,0.0000,APPROACH,0
267.372,0.0341,0.1000,APPROACH,0
267.406,0.0339,0.0000,APPROACH,0
267.441,0.0342,0.0000,APPROACH,0
267.475,0.0339,0.1000,APPROACH,0
267.509,0.0343,0.0000,APPROACH,0
267.543,0.0344,0.0000,APPROACH,0
267.577,0.0336,0.1000,APPROACH,0
267.611,0.0340,0.0000,APPROACH,0
267.645,0.0342,0.0000,APPROACH,0
267.679,0.0339,0.1000,APPROACH,0
267.713,0.0340,0.0000,APPROACH,0
267.747,0.0342,0.0000,APPROACH,0
267.781,0.0340,0.1000,APPROACH,0
267.815,0.0337,0.0000,APPROACH,0
267.849,0.0342,0.0000,APPROACH,0
267.883,0.0338,0.1000,APPROACH,0
267.917,0.0344,0.0000,APPROACH,0
267.951,0.0340,0.0000,APPROACH,0
267.985,0.0338,0.1000,APPROACH,0
268.019,0.0341,0.0000,APPROACH,0
268.053,0.0339,0.0000,APPROACH,0
268.087,0.0340,0.1000,APPROACH,0
268.121,0.0341,0.0000,APPROACH,0
268.155,0.0337,0.1000,APPROACH,0
268.189,0.0342,0.0000,APPROACH,0
268.224,0.0348,0.0000,APPROACH,0
268.257,0.0331,0.1000,APPROACH,0
268.292,0.0344,0.0000,APPROACH,0
268.325,0.0338,0.0000,APPROACH,0
268.359,0.0338,0.1000,APPROACH,0
268.393,0.0343,0.0000,APPROACH,0
268.427,0.0340,0.0000,APPROACH,0
268.462,0.0347,0.1000,APPROACH,0
268.495,0.0333,0.0000,APPROACH,0
268.529,0.0340,0.0000,APPROACH,0
268.563,0.0340,0.1000,APPROACH,0
268.598,0.0343,0.0000,APPROACH,0
268.632,0.0341,0.0000,APPROACH,0
268.665,0.0337,0.1000,APPROACH,0
268.699,0.0339,0.0000,APPROACH,0
268.734,0.0345,0.0000,APPROACH,0
268.768,0.0337,0.1000,APPROACH,0
268.802,0.0341,0.0000,APPROACH,0
268.835,0.0338,0.0000,APPROACH,0
268.870,0.0341,0.1000,APPROACH,0
268.906,0.0365,0.0000,APPROACH,0
268.938,0.0317,0.0000,APPROACH,0
268.972,0.0345,0.1000,APPROACH,0
269.006,0.0336,0.0000,APPROACH,0
269.040,0.0343,0.0000,APPROACH,0
269.073,0.0334,0.1000,APPROACH,0
269.108,0.0341,0.0000,APPROACH,0
269.142,0.0345,0.0000,APPROACH,0
269.176,0.0339,0.1000,APPROACH,0
269.210,0.0339,0.0000,APPROACH,0
269.244,0.0341,0.0000,APPROACH,0
269.278,0.0341,0.1000,APPROACH,0
269.312,0.0339,0.0000,APPROACH,0
269.346,0.0340,0.0000,APPROACH,0
269.380,0.0339,0.1000,APPROACH,0
269.414,0.0339,0.0000,APPROACH,0
269.448,0.0344,0.0000,APPROACH,0
269.482,0.0338,0.1000,APPROACH,0
269.516,0.0342,0.0000,APPROACH,0
269.550,0.0341,0.0000,APPROACH,0
269.584,0.0340,0.1000,APPROACH,0
269.618,0.0340,0.0000,APPROACH,0
269.652,0.0341,0.0000,APPROACH,0
269.686,0.0336,0.1000,APPROACH,0
269.720,0.0338,0.0000,APPROACH,0
269.754,0.0340,0.0000,APPROACH,0
269.788,0.0340,0.1000,APPROACH,0
269.823,0.0352,0.0000,APPROACH,0
269.856,0.0331,0.1000,APPROACH,0
269.890,0.0341,0.0000,APPROACH,0
269.925,0.0342,0.0000,APPROACH,0
269.958,0.0337,0.1000,APPROACH,0
269.993,0.0343,0.0000,APPROACH,0
270.026,0.0337,0.0000,APPROACH,0
270.060,0.0340,0.1000,APPROACH,0
270.094,0.0342,0.0000,APPROACH,0
270.129,0.0343,0.0000,APPROACH,0
270.162,0.0335,0.1000,APPROACH,0
270.197,0.0343,0.0000,APPROACH,0
270.231,0.0341,0.0000,APPROACH,0
270.264,0.0337,0.1000,APPROACH,0
270.299,0.0343,0.0000,APPROACH,0
270.333,0.0341,0.0000,APPROACH,0
270.367,0.0344,0.1000,APPROACH,0
270.401,0.0338,0.0000,APPROACH,0
270.434,0.0335,0.0000,APPROACH,0
270.469,0.0341,0.1000,APPROACH,0
270.503,0.0340,0.0000,APPROACH,0
270.536,0.0338,0.0000,APPROACH,0
270.571,0.0342,0.1000,APPROACH,0
270.605,0.0342,0.0000,APPROACH,0
270.639,0.0344,0.0000,APPROACH,0
270.673,0.0334,0.1000,APPROACH,0
270.706,0.0337,0.0000,APPROACH,0
270.741,0.0342,0.0000,APPROACH,0
270.774,0.0338,0.1000,APPROACH,0
270.809,0.0342,0.0000,APPROACH,0
270.843,0.0341,0.0000,APPROACH,0
270.877,0.0340,0.1000,APPROACH,0
270.911,0.0346,0.0000,APPROACH,0
270.945,0.0337,0.0000,APPROACH,0
270.979,0.0339,0.1000,APPROACH,0
271.013,0.0338,0.0000,APPROACH,0
271.047,0.0341,0.0000,APPROACH,0
271.081,0.0341,0.1000,APPROACH,0
271.115,0.0338,0.0000,APPROACH,0
271.149,0.0346,0.0000,APPROACH,0
271.183,0.0337,0.1000,APPROACH,0
271.217,0.0340,0.0000,APPROACH,0
271.251,0.0342,0.0000,APPROACH,0
271.285,0.0337,0.1000,APPROACH,0
271.319,0.0340,0.0000,APPROACH,0
271.353,0.0342,0.0000,APPROACH,0
271.387,0.0340,0.1000,APPROACH,0
271.421,0.0337,0.0000,APPROACH,0
271.456,0.0347,0.0000,APPROACH,0
271.489,0.0340,0.1000,APPROACH,0
271.523,0.0339,0.0000,APPROACH,0
271.557,0.0336,0.1000,APPROACH,0
271.592,0.0346,0.0000,APPROACH,0
271.626,0.0340,0.0000,APPROACH,0
271.659,0.0335,0.1000,APPROACH,0
271.693,0.0342,0.0000,APPROACH,0
271.727,0.0340,0.0000,APPROACH,0
271.761,0.0337,0.1000,APPROACH,0
271.795,0.0341,0.0000,APPROACH,0
271.829,0.0343,0.0000,APPROACH,0
271.863,0.0336,0.1000,APPROACH,0
271.897,0.0341,0.0000,APPROACH,0
271.931,0.0340,0.0000,APPROACH,0
271.965,0.0338,0.1000,APPROACH,0
272.000,0.0349,0.0000,APPROACH,0
272.033,0.0332,0.0000,APPROACH,0
272.067,0.0340,0.1000,APPROACH,0
272.101,0.0343,0.0000,APPROACH,0
272.135,0.0336,0.0000,APPROACH,0
272.169,0.0342,0.1000,APPROACH,0
272.203,0.0340,0.0000,APPROACH,0
272.237,0.0340,0.0000,APPROACH,0
272.272,0.0343,0.1000,APPROACH,0
272.306,0.0344,0.0000,APPROACH,0
272.339,0.0334,0.0000,APPROACH,0
272.373,0.0339,0.1000,APPROACH,0
272.407,0.0340,0.0000,APPROACH,0
272.442,0.0342,0.0000,APPROACH,0
272.475,0.0336,0.1000,APPROACH,0
272.509,0.0342,0.0000,APPROACH,0
272.544,0.0346,0.0000,APPROACH,0
272.578,0.0335,0.1000,APPROACH,0
272.612,0.0342,0.0000,APPROACH,0
272.646,0.0342,0.0000,APPROACH,0
272.679,0.0336,0.1000,APPROACH,0
272.714,0.0341,0.0000,APPROACH,0
272.748,0.0340,0.0000,APPROACH,0
272.782,0.0340,0.1000,APPROACH,0
272.816,0.0342,0.0000,APPROACH,0
272.850,0.0341,0.0000,APPROACH,0
272.884,0.0345,0.1000,APPROACH,0
272.918,0.0332,0.0000,APPROACH,0
272.952,0.0343,0.0000,APPROACH,0
272.986,0.0340,0.1000,APPROACH,0
273.020,0.0342,0.0000,APPROACH,0
273.055,0.0346,0.0000,APPROACH,0
273.088,0.0335,0.1000,APPROACH,0
273.122,0.0335,0.0000,APPROACH,0
273.156,0.0341,0.0000,APPROACH,0
273.190,0.0342,0.1000,APPROACH,0
273.224,0.0341,0.0000,APPROACH,0
273.257,0.0335,0.1000,APPROACH,0
273.292,0.0342,0.0000,APPROACH,0
273.327,0.0355,0.0000,APPROACH,0
273.360,0.0325,0.1000,APPROACH,0
273.394,0.0342,0.0000,APPROACH,0
273.428,0.0341,0.0000,APPROACH,0
273.462,0.0340,0.1000,APPROACH,0
273.496,0.0338,0.0000,APPROACH,0
273.530,0.0342,0.0000,APPROACH,0
273.564,0.0337,0.1000,APPROACH,0
273.598,0.0342,0.0000,APPROACH,0
273.632,0.0341,0.0000,APPROACH,0
273.666,0.0340,0.1000,APPROACH,0
273.700,0.0340,0.0000,APPROACH,0
273.734,0.0343,0.0000,APPROACH,0
273.768,0.0337,0.1000,APPROACH,0
273.802,0.0339,0.0000,APPROACH,0
273.836,0.0342,0.0000,APPROACH,0
273.870,0.0341,0.1000,APPROACH,0
273.904,0.0341,0.0000,APPROACH,0
273.938,0.0339,0.0000,APPROACH,0
273.972,0.0343,0.1000,APPROACH,0
274.006,0.0341,0.0000,APPROACH,0
274.040,0.0338,0.0000,APPROACH,0
274.074,0.0340,0.1000,APPROACH,0
274.108,0.0339,0.0000,APPROACH,0
274.143,0.0350,0.0000,APPROACH,0
274.176,0.0329,0.1000,APPROACH,0
274.210,0.0342,0.0000,APPROACH,0
274.245,0.0345,0.0000,APPROACH,0
274.278,0.0334,0.1000,APPROACH,0
274.312,0.0339,0.0000,APPROACH,0
274.346,0.0341,0.0000,APPROACH,0
274.380,0.0341,0.1000,APPROACH,0
274.414,0.0340,0.0000,APPROACH,0
274.448,0.0340,0.0000,APPROACH,0
274.483,0.0341,0.1000,APPROACH,0
274.516,0.0338,0.0000,APPROACH,0
274.551,0.0348,0.0000,APPROACH,0
274.585,0.0338,0.1000,APPROACH,0
274.619,0.0341,0.0000,APPROACH,0
274.653,0.0339,0.0000,APPROACH,0
274.687,0.0343,0.1000,APPROACH,0
274.721,0.0338,0.0000,APPROACH,0
274.755,0.0344,0.0000,APPROACH,0
274.789,0.0333,0.1000,APPROACH,0
274.822,0.0337,0.0000,APPROACH,0
274.857,0.0342,0.0000,APPROACH,0
274.891,0.0341,0.1000,APPROACH,0
274.925,0.0338,0.0000,APPROACH,0
274.959,0.0339,0.1000,APPROACH,0
274.993,0.0344,0.0000,APPROACH,0
275.027,0.0337,0.0000,APPROACH,0
275.060,0.0339,0.1000,APPROACH,0
275.095,0.0346,0.0000,APPROACH,0
275.129,0.0336,0.0000,APPROACH,0
275.163,0.0341,0.1000,APPROACH,0
275.197,0.0340,0.0000,APPROACH,0
275.231,0.0341,0.0000,APPROACH,0
275.265,0.0339,0.1000,APPROACH,0
275.299,0.0343,0.0000,APPROACH,0
275.333,0.0337,0.0000,APPROACH,0
275.367,0.0340,0.1000,APPROACH,0
275.401,0.0342,0.0000,APPROACH,0
275.435,0.0343,0.0000,APPROACH,0
275.469,0.0339,0.1000,APPROACH,0
275.503,0.0339,0.0000,APPROACH,0
275.537,0.0338,0.0000,APPROACH,0
275.571,0.0342,0.1000,APPROACH,0
275.605,0.0341,0.0000,APPROACH,0
275.639,0.0341,0.0000,APPROACH,0
275.673,0.0341,0.1000,APPROACH,0
275.707,0.0340,0.0000,APPROACH,0
275.742,0.0343,0.0000,APPROACH,0
275.775,0.0336,0.1000,APPROACH,0
275.809,0.0340,0.0000,APPROACH,0
275.843,0.0340,0.0000,APPROACH,0
275.877,0.0340,0.1000,APPROACH,0
275.911,0.0341,0.0000,APPROACH,0
275.945,0.0340,0.0000,APPROACH,0
275.979,0.0341,0.1000,APPROACH,0
276.013,0.0342,0.0000,APPROACH,0
276.047,0.0338,0.0000,APPROACH,0
276.081,0.0342,0.1000,APPROACH,0
276.115,0.0340,0.0000,APPROACH,0
276.150,0.0342,0.0000,APPROACH,0
276.183,0.0337,0.1000,APPROACH,0
276.217,0.0339,0.0000,APPROACH,0
276.251,0.0342,0.0000,APPROACH,0
276.285,0.0341,0.1000,APPROACH,0
276.319,0.0339,0.0000,APPROACH,0
276.354,0.0344,0.0000,APPROACH,0
276.387,0.0336,0.1000,APPROACH,0
276.422,0.0343,0.0000,APPROACH,0
276.456,0.0343,0.0000,APPROACH,0
276.489,0.0335,0.1000,APPROACH,0
276.524,0.0342,0.0000,APPROACH,0
276.558,0.0349,0.0000,APPROACH,0
276.591,0.0330,0.1000,APPROACH,0
276.625,0.0340,0.0000,APPROACH,0
276.659,0.0339,0.1000,APPROACH,0
276.693,0.0341,0.0000,APPROACH,0
276.728,0.0343,0.0000,APPROACH,0
276.761,0.0334,0.1000,APPROACH,0
276.796,0.0345,0.0000,APPROACH,0
276.830,0.0344,0.0000,APPROACH,0
276.863,0.0334,0.1000,APPROACH,0
276.897,0.0340,0.0000,APPROACH,0
276.931,0.0341,0.0000,APPROACH,0
276.965,0.0337,0.1000,APPROACH,0
276.999,0.0342,0.0000,APPROACH,0
277.034,0.0345,0.0000,APPROACH,0
277.068,0.0337,0.1000,APPROACH,0
277.102,0.0343,0.0000,APPROACH,0
277.136,0.0338,0.0000,APPROACH,0
277.170,0.0341,0.1000,APPROACH,0
277.204,0.0339,0.0000,APPROACH,0
277.238,0.0339,0.0000,APPROACH,0
277.272,0.0343,0.1000,APPROACH,0
277.306,0.0342,0.0000,BLIND_DASH,0
277.340,0.0337,0.0000,PATROL,0
277.374,0.0341,0.1000,PATROL,0
