t,x,y,yaw,state,wp_index,cell_number,real_x,real_y,real_yaw,target_ball_guess,x_wall,y_wall,yaw_wall
0.21,-9.545,-3.510,0.030,ALIGN,0,1,-9.545,-3.510,0.030,ball_8,-9.545,-3.510,0.030
0.41,-9.545,-3.510,0.137,ALIGN,0,1,-9.544,-3.510,0.138,ball_8,-9.545,-3.510,0.138
0.61,-9.545,-3.510,0.245,ALIGN,0,1,-9.543,-3.510,0.246,ball_8,-9.545,-3.510,0.245
0.81,-9.545,-3.510,0.352,ALIGN,0,1,-9.543,-3.509,0.353,ball_8,-9.545,-3.510,0.353
1.01,-9.545,-3.510,0.455,ALIGN,0,1,-9.543,-3.509,0.456,ball_8,-9.545,-3.510,0.455
1.21,-9.545,-3.510,0.530,ALIGN,0,1,-9.542,-3.509,0.530,ball_8,-9.545,-3.510,0.530
1.41,-9.545,-3.510,0.579,APPROACH,0,1,-9.542,-3.509,0.579,ball_8,-9.545,-3.510,0.579
1.61,-9.542,-3.508,0.630,APPROACH,0,1,-9.538,-3.506,0.630,ball_8,-9.542,-3.508,0.631
1.81,-9.513,-3.485,0.691,APPROACH,0,1,-9.508,-3.482,0.691,ball_8,-9.513,-3.485,0.691
2.01,-9.467,-3.447,0.687,APPROACH,0,1,-9.463,-3.444,0.687,ball_8,-9.467,-3.447,0.688
2.21,-9.419,-3.408,0.687,APPROACH,0,1,-9.417,-3.406,0.687,ball_8,-9.419,-3.408,0.687
2.41,-9.372,-3.369,0.685,APPROACH,0,1,-9.370,-3.368,0.685,ball_8,-9.372,-3.369,0.686
2.61,-9.325,-3.331,0.684,APPROACH,0,1,-9.324,-3.331,0.684,ball_8,-9.325,-3.331,0.684
2.81,-9.277,-3.292,0.683,APPROACH,0,1,-9.277,-3.293,0.683,ball_8,-9.277,-3.292,0.684
3.01,-9.230,-3.253,0.682,APPROACH,0,1,-9.231,-3.255,0.683,ball_8,-9.230,-3.253,0.683
3.21,-9.190,-3.221,0.681,APPROACH,0,1,-9.184,-3.217,0.682,ball_8,-9.190,-3.221,0.682
3.41,-9.143,-3.183,0.681,APPROACH,0,1,-9.138,-3.179,0.681,ball_8,-9.143,-3.182,0.681
3.61,-9.095,-3.144,0.680,APPROACH,0,1,-9.091,-3.142,0.680,ball_8,-9.095,-3.144,0.680
3.81,-9.047,-3.106,0.679,APPROACH,0,1,-9.045,-3.104,0.680,ball_8,-9.047,-3.105,0.680
4.01,-9.000,-3.067,0.679,APPROACH,0,1,-8.998,-3.066,0.679,ball_8,-9.000,-3.067,0.679
4.21,-8.952,-3.029,0.678,APPROACH,0,1,-8.951,-3.029,0.678,ball_8,-8.952,-3.029,0.678
4.41,-8.904,-2.991,0.677,APPROACH,0,1,-8.905,-2.991,0.678,ball_8,-8.904,-2.990,0.678
4.61,-8.857,-2.952,0.677,APPROACH,0,1,-8.858,-2.954,0.677,ball_8,-8.857,-2.952,0.677
4.81,-8.817,-2.920,0.676,APPROACH,0,1,-8.811,-2.916,0.677,ball_8,-8.817,-2.920,0.676
5.01,-8.769,-2.882,0.676,APPROACH,0,1,-8.765,-2.879,0.676,ball_8,-8.769,-2.881,0.676
5.21,-8.721,-2.844,0.675,APPROACH,0,1,-8.718,-2.841,0.675,ball_8,-8.721,-2.843,0.675
5.41,-8.674,-2.806,0.674,APPROACH,0,1,-8.671,-2.804,0.675,ball_8,-8.674,-2.805,0.675
5.61,-8.626,-2.767,0.674,APPROACH,0,1,-8.624,-2.766,0.674,ball_8,-8.626,-2.767,0.674
5.81,-8.578,-2.729,0.673,APPROACH,0,1,-8.577,-2.729,0.674,ball_8,-8.578,-2.729,0.673
6.01,-8.530,-2.691,0.672,APPROACH,0,1,-8.531,-2.692,0.673,ball_8,-8.530,-2.690,0.672
6.21,-8.482,-2.653,0.671,APPROACH,0,1,-8.484,-2.654,0.672,ball_8,-8.482,-2.652,0.672
6.41,-8.442,-2.621,0.670,APPROACH,0,1,-8.437,-2.617,0.671,ball_8,-8.442,-2.620,0.671
6.61,-8.394,-2.583,0.669,APPROACH,0,1,-8.390,-2.580,0.670,ball_8,-8.394,-2.582,0.669
6.81,-8.346,-2.545,0.668,APPROACH,0,1,-8.343,-2.543,0.669,,-8.346,-2.544,0.669
7.01,-8.298,-2.507,0.668,PATROL,0,1,-8.296,-2.505,0.668,,-8.298,-2.507,0.668
7.21,-8.267,-2.483,0.661,PATROL,0,1,-8.266,-2.482,0.662,,-8.267,-2.482,0.662
7.41,-8.261,-2.478,0.715,PATROL,0,1,-8.260,-2.477,0.716,,-8.261,-2.477,0.715
7.61,-8.261,-2.478,0.822,PATROL,0,1,-8.260,-2.476,0.823,,-8.261,-2.477,0.822
7.81,-8.261,-2.478,0.928,PATROL,0,1,-8.259,-2.476,0.929,,-8.261,-2.477,0.928
8.01,-8.261,-2.478,1.035,PATROL,0,1,-8.259,-2.475,1.036,,-8.261,-2.477,1.035
8.21,-8.261,-2.478,1.142,PATROL,0,1,-8.259,-2.474,1.143,,-8.261,-2.477,1.142
8.41,-8.261,-2.478,1.249,PATROL,0,1,-8.259,-2.474,1.249,,-8.261,-2.477,1.249
8.61,-8.261,-2.478,1.355,PATROL,0,1,-8.259,-2.473,1.356,,-8.261,-2.477,1.355
8.81,-8.261,-2.478,1.462,ALIGN,0,1,-8.259,-2.472,1.463,ball_4,-8.261,-2.477,1.462
9.01,-8.261,-2.478,1.569,ALIGN,0,1,-8.259,-2.472,1.570,ball_4,-8.261,-2.477,1.570
9.21,-8.261,-2.478,1.676,ALIGN,0,1,-8.259,-2.471,1.677,ball_4,-8.261,-2.477,1.677
9.41,-8.261,-2.478,1.783,ALIGN,0,1,-8.259,-2.470,1.785,ball_4,-8.261,-2.477,1.785
9.61,-8.261,-2.478,1.886,ALIGN,0,1,-8.260,-2.470,1.887,ball_4,-8.261,-2.477,1.887
9.81,-8.261,-2.478,1.958,ALIGN,0,1,-8.260,-2.470,1.959,ball_4,-8.261,-2.477,1.959
10.01,-8.261,-2.478,2.004,APPROACH,0,1,-8.260,-2.470,2.004,ball_4,-8.261,-2.477,2.005
10.21,-8.263,-2.474,2.055,APPROACH,0,1,-8.263,-2.465,2.055,ball_4,-8.263,-2.473,2.056
10.41,-8.282,-2.440,2.113,APPROACH,0,1,-8.282,-2.431,2.113,ball_4,-8.282,-2.439,2.114
10.61,-8.313,-2.388,2.106,APPROACH,0,1,-8.313,-2.380,2.106,ball_4,-8.313,-2.387,2.107
10.81,-8.345,-2.336,2.106,APPROACH,0,1,-8.343,-2.329,2.107,ball_4,-8.345,-2.335,2.107
11.01,-8.376,-2.283,2.104,APPROACH,0,1,-8.374,-2.277,2.105,ball_4,-8.376,-2.282,2.105
11.21,-8.407,-2.230,2.103,APPROACH,0,1,-8.404,-2.226,2.104,ball_4,-8.407,-2.229,2.104
11.41,-8.433,-2.186,2.102,APPROACH,0,1,-8.434,-2.174,2.103,ball_4,-8.433,-2.185,2.103
11.61,-8.464,-2.134,2.101,APPROACH,0,1,-8.465,-2.123,2.102,ball_4,-8.464,-2.132,2.102
11.81,-8.495,-2.081,2.100,APPROACH,0,1,-8.495,-2.071,2.101,ball_4,-8.495,-2.079,2.101
12.01,-8.526,-2.028,2.099,APPROACH,0,1,-8.525,-2.019,2.100,ball_4,-8.526,-2.026,2.100
12.21,-8.556,-1.975,2.099,APPROACH,0,1,-8.555,-1.968,2.099,ball_4,-8.557,-1.974,2.100
12.41,-8.587,-1.922,2.098,APPROACH,0,1,-8.586,-1.916,2.099,ball_4,-8.588,-1.921,2.099
12.61,-8.618,-1.869,2.097,APPROACH,0,1,-8.616,-1.864,2.098,ball_4,-8.619,-1.868,2.098
12.81,-8.649,-1.816,2.097,APPROACH,0,1,-8.646,-1.812,2.098,ball_4,-8.650,-1.815,2.098
13.01,-8.674,-1.772,2.096,APPROACH,0,1,-8.676,-1.760,2.097,ball_4,-8.675,-1.771,2.097
13.21,-8.705,-1.719,2.096,APPROACH,0,1,-8.706,-1.709,2.097,ball_4,-8.706,-1.718,2.097
13.41,-8.736,-1.666,2.096,APPROACH,0,1,-8.736,-1.657,2.096,ball_4,-8.737,-1.665,2.097
13.61,-8.766,-1.613,2.095,APPROACH,0,1,-8.766,-1.605,2.096,ball_4,-8.767,-1.612,2.096
13.81,-8.797,-1.560,2.095,APPROACH,0,1,-8.796,-1.553,2.096,ball_4,-8.798,-1.559,2.096
14.01,-8.827,-1.507,2.094,APPROACH,0,1,-8.826,-1.501,2.095,ball_4,-8.829,-1.506,2.095
14.21,-8.858,-1.454,2.094,APPROACH,0,1,-8.856,-1.449,2.095,ball_4,-8.860,-1.453,2.095
14.41,-8.889,-1.401,2.094,APPROACH,0,1,-8.886,-1.398,2.095,ball_4,-8.890,-1.400,2.095
14.61,-8.914,-1.357,2.093,APPROACH,0,1,-8.916,-1.346,2.095,ball_4,-8.916,-1.356,2.095
14.81,-8.945,-1.304,2.093,APPROACH,0,1,-8.946,-1.294,2.094,ball_4,-8.946,-1.303,2.094
15.01,-8.975,-1.251,2.093,APPROACH,0,1,-8.976,-1.242,2.094,ball_4,-8.977,-1.250,2.094
15.21,-9.006,-1.198,2.093,APPROACH,0,1,-9.006,-1.190,2.094,ball_4,-9.007,-1.197,2.094
15.41,-9.036,-1.145,2.093,APPROACH,0,1,-9.036,-1.138,2.094,ball_4,-9.038,-1.144,2.094
15.61,-9.067,-1.092,2.092,APPROACH,0,1,-9.066,-1.086,2.094,ball_4,-9.069,-1.091,2.093
15.81,-9.097,-1.039,2.092,APPROACH,0,1,-9.096,-1.034,2.093,ball_4,-9.099,-1.037,2.093
16.01,-9.128,-0.986,2.092,APPROACH,0,1,-9.126,-0.982,2.093,ball_4,-9.130,-0.984,2.093
16.21,-9.158,-0.933,2.092,APPROACH,0,1,-9.155,-0.930,2.093,ball_4,-9.160,-0.931,2.093
16.41,-9.183,-0.889,2.091,APPROACH,0,1,-9.185,-0.879,2.093,ball_4,-9.186,-0.887,2.092
16.61,-9.214,-0.835,2.091,APPROACH,0,1,-9.215,-0.827,2.093,ball_4,-9.216,-0.834,2.092
16.81,-9.244,-0.782,2.091,APPROACH,0,1,-9.245,-0.775,2.092,ball_4,-9.247,-0.781,2.092
17.01,-9.275,-0.729,2.091,APPROACH,0,1,-9.275,-0.723,2.092,ball_4,-9.277,-0.728,2.092
17.21,-9.305,-0.676,2.090,APPROACH,0,1,-9.305,-0.671,2.092,ball_4,-9.308,-0.675,2.091
17.41,-9.336,-0.623,2.090,APPROACH,0,1,-9.334,-0.619,2.092,ball_4,-9.338,-0.622,2.091
17.61,-9.366,-0.570,2.090,APPROACH,0,1,-9.364,-0.567,2.091,ball_4,-9.368,-0.568,2.091
17.81,-9.396,-0.517,2.089,APPROACH,0,1,-9.394,-0.515,2.091,ball_4,-9.399,-0.515,2.090
18.01,-9.421,-0.472,2.089,APPROACH,0,1,-9.424,-0.463,2.091,ball_4,-9.424,-0.471,2.090
18.21,-9.452,-0.419,2.089,APPROACH,0,1,-9.454,-0.411,2.090,ball_4,-9.455,-0.418,2.090
18.41,-9.482,-0.366,2.088,APPROACH,0,1,-9.483,-0.359,2.090,ball_4,-9.485,-0.365,2.089
18.61,-9.512,-0.313,2.088,APPROACH,0,1,-9.513,-0.307,2.090,ball_4,-9.515,-0.311,2.089
18.81,-9.543,-0.260,2.087,APPROACH,0,1,-9.543,-0.255,2.089,ball_4,-9.546,-0.258,2.088
19.01,-9.573,-0.206,2.087,APPROACH,0,1,-9.572,-0.203,2.089,ball_4,-9.576,-0.205,2.088
19.21,-9.603,-0.153,2.086,APPROACH,0,1,-9.602,-0.151,2.088,ball_4,-9.606,-0.152,2.087
19.41,-9.633,-0.100,2.085,APPROACH,0,1,-9.632,-0.099,2.087,ball_4,-9.636,-0.098,2.086
19.61,-9.658,-0.055,2.084,APPROACH,0,1,-9.661,-0.046,2.086,,-9.662,-0.054,2.085
19.81,-9.688,-0.002,2.083,APPROACH,0,1,-9.691,0.006,2.085,,-9.692,-0.001,2.084
20.01,-9.718,0.051,2.083,PATROL,0,1,-9.720,0.058,2.084,,-9.722,0.053,2.084
20.21,-9.739,0.089,2.067,PATROL,0,1,-9.740,0.093,2.069,,-9.743,0.090,2.068
20.41,-9.744,0.097,2.110,PATROL,0,1,-9.744,0.102,2.113,,-9.747,0.099,2.111
20.61,-9.744,0.097,2.216,PATROL,0,1,-9.745,0.102,2.218,,-9.747,0.099,2.217
20.81,-9.744,0.097,2.323,PATROL,0,1,-9.745,0.103,2.325,,-9.747,0.099,2.324
21.01,-9.744,0.097,2.430,PATROL,0,1,-9.746,0.103,2.431,,-9.747,0.099,2.431
21.21,-9.744,0.097,2.535,PATROL,0,1,-9.747,0.103,2.538,,-9.747,0.099,2.537
21.41,-9.744,0.097,2.642,PATROL,0,1,-9.747,0.103,2.644,,-9.747,0.099,2.643
21.61,-9.744,0.097,2.747,PATROL,0,1,-9.748,0.103,2.749,,-9.747,0.099,2.749
21.81,-9.744,0.097,2.854,PATROL,0,1,-9.749,0.103,2.857,,-9.747,0.099,2.856
22.01,-9.744,0.097,2.962,PATROL,0,1,-9.749,0.103,2.964,,-9.747,0.099,2.963
22.21,-9.744,0.097,3.069,PATROL,0,1,-9.750,0.103,3.071,,-9.747,0.099,3.071
22.41,-9.744,0.097,3.176,PATROL,0,1,-9.751,0.103,-3.105,,-9.747,0.099,3.178
22.61,-9.745,0.097,3.283,PATROL,0,1,-9.753,0.103,-2.998,,-9.749,0.099,3.285
22.81,-9.752,0.096,3.390,PATROL,0,1,-9.760,0.102,-2.891,,-9.755,0.097,3.392
23.01,-9.762,0.093,3.497,PATROL,0,1,-9.771,0.098,-2.784,,-9.765,0.094,3.499
23.21,-9.777,0.086,3.603,ALIGN,0,1,-9.787,0.091,-2.678,ball_5,-9.781,0.087,3.605
23.41,-9.782,0.084,3.710,ALIGN,0,1,-9.791,0.088,-2.571,ball_5,-9.785,0.085,3.712
23.61,-9.782,0.084,3.817,ALIGN,0,1,-9.792,0.088,-2.464,ball_5,-9.785,0.085,3.819
23.81,-9.782,0.084,3.923,ALIGN,0,1,-9.792,0.087,-2.358,ball_5,-9.785,0.085,3.925
24.01,-9.782,0.084,4.019,ALIGN,0,1,-9.792,0.087,-2.262,ball_5,-9.785,0.085,4.020
24.21,-9.782,0.084,4.082,ALIGN,0,1,-9.792,0.087,-2.199,ball_5,-9.785,0.085,4.084
24.41,-9.782,0.084,4.122,APPROACH,0,1,-9.792,0.086,-2.160,ball_5,-9.785,0.085,4.124
24.61,-9.784,0.081,4.170,APPROACH,0,1,-9.795,0.082,-2.112,ball_5,-9.787,0.082,4.172
24.81,-9.802,0.048,4.232,APPROACH,0,1,-9.814,0.047,-2.050,ball_5,-9.806,0.049,4.234
25.01,-9.830,-0.005,4.223,APPROACH,0,1,-9.841,-0.005,-2.059,ball_5,-9.833,-0.004,4.225
25.21,-9.859,-0.059,4.220,APPROACH,0,1,-9.869,-0.058,-2.062,ball_5,-9.862,-0.058,4.222
25.41,-9.888,-0.113,4.216,APPROACH,0,1,-9.897,-0.110,-2.066,ball_5,-9.891,-0.112,4.218
25.61,-9.917,-0.167,4.212,APPROACH,0,1,-9.925,-0.163,-2.069,ball_5,-9.920,-0.166,4.214
25.81,-9.946,-0.220,4.208,APPROACH,0,1,-9.954,-0.215,-2.073,ball_5,-9.949,-0.220,4.211
26.01,-9.976,-0.274,4.205,APPROACH,0,1,-9.983,-0.267,-2.077,ball_5,-9.979,-0.273,4.207
26.21,-10.001,-0.319,4.201,APPROACH,0,1,-10.012,-0.320,-2.081,ball_5,-10.004,-0.318,4.203
26.41,-10.031,-0.372,4.197,APPROACH,0,1,-10.041,-0.372,-2.085,ball_5,-10.034,-0.371,4.199
26.61,-10.061,-0.425,4.192,APPROACH,0,1,-10.070,-0.424,-2.090,ball_5,-10.064,-0.424,4.194
26.81,-10.092,-0.478,4.187,APPROACH,0,1,-10.099,-0.475,-2.095,ball_5,-10.094,-0.478,4.189
27.01,-10.123,-0.531,4.181,APPROACH,0,1,-10.129,-0.527,-2.100,,-10.125,-0.531,4.183
27.21,-10.154,-0.584,4.176,PATROL,0,1,-10.160,-0.578,-2.106,,-10.156,-0.583,4.178
27.41,-10.179,-0.628,4.240,PATROL,0,1,-10.184,-0.622,-2.041,,-10.181,-0.627,4.242
27.61,-10.198,-0.672,4.351,PATROL,0,1,-10.203,-0.665,-1.930,,-10.200,-0.671,4.353
27.81,-10.213,-0.722,4.461,PATROL,0,1,-10.218,-0.714,-1.820,,-10.215,-0.722,4.463
28.01,-10.223,-0.770,4.561,PATROL,0,1,-10.229,-0.770,-1.720,,-10.225,-0.770,4.563
28.21,-10.230,-0.832,4.641,PATROL,0,1,-10.236,-0.831,-1.640,,-10.232,-0.832,4.643
28.41,-10.233,-0.898,4.705,PATROL,0,1,-10.238,-0.896,-1.577,,-10.234,-0.898,4.707
28.61,-10.232,-0.967,4.756,PATROL,0,1,-10.237,-0.964,-1.526,,-10.233,-0.968,4.758
28.81,-10.227,-1.039,4.797,PATROL,0,1,-10.232,-1.033,-1.485,,-10.228,-1.039,4.799
29.01,-10.219,-1.112,4.830,PATROL,0,1,-10.225,-1.105,-1.451,,-10.221,-1.112,4.833
29.21,-10.209,-1.186,4.858,PATROL,0,1,-10.215,-1.177,-1.423,,-10.210,-1.186,4.861
29.41,-10.197,-1.261,4.883,PATROL,0,1,-10.203,-1.251,-1.399,,-10.198,-1.261,4.885
29.61,-10.186,-1.324,4.903,PATROL,0,1,-10.189,-1.325,-1.378,,-10.186,-1.324,4.906
29.81,-10.171,-1.400,4.920,PATROL,0,1,-10.174,-1.400,-1.362,,-10.171,-1.400,4.922
30.01,-10.154,-1.477,4.933,PATROL,0,1,-10.157,-1.475,-1.348,,-10.154,-1.477,4.936
30.21,-10.136,-1.554,4.944,PATROL,0,1,-10.140,-1.550,-1.337,,-10.136,-1.554,4.947
30.41,-10.117,-1.631,4.954,PATROL,0,1,-10.122,-1.626,-1.328,,-10.117,-1.631,4.956
30.61,-10.098,-1.709,4.961,PATROL,0,1,-10.103,-1.702,-1.321,,-10.098,-1.709,4.964
30.81,-10.078,-1.786,4.967,PATROL,0,1,-10.083,-1.778,-1.314,,-10.077,-1.786,4.970
31.01,-10.057,-1.864,4.973,PATROL,0,1,-10.063,-1.854,-1.309,,-10.057,-1.864,4.975
31.21,-10.040,-1.929,4.977,PATROL,0,1,-10.042,-1.930,-1.305,,-10.039,-1.929,4.979
31.41,-10.019,-2.007,4.980,PATROL,0,1,-10.021,-2.007,-1.301,,-10.018,-2.007,4.983
31.61,-9.997,-2.085,4.983,PATROL,0,1,-10.000,-2.083,-1.298,,-9.996,-2.085,4.986
31.81,-9.975,-2.163,4.986,PATROL,0,1,-9.978,-2.160,-1.296,,-9.974,-2.163,4.988
32.01,-9.953,-2.241,4.988,PATROL,0,1,-9.957,-2.237,-1.294,,-9.952,-2.241,4.990
32.21,-9.931,-2.319,4.989,PATROL,0,1,-9.935,-2.313,-1.292,,-9.929,-2.320,4.992
32.41,-9.909,-2.398,4.991,PATROL,0,1,-9.913,-2.390,-1.291,,-9.907,-2.398,4.993
32.61,-9.887,-2.476,4.992,PATROL,0,1,-9.891,-2.467,-1.290,,-9.884,-2.476,4.995
32.81,-9.864,-2.554,4.993,PATROL,0,1,-9.869,-2.543,-1.289,,-9.861,-2.554,4.996
33.01,-9.845,-2.619,4.994,PATROL,0,1,-9.847,-2.619,-1.288,,-9.842,-2.619,4.996
33.21,-9.823,-2.698,4.995,PATROL,0,1,-9.824,-2.696,-1.287,,-9.820,-2.698,4.997
33.41,-9.800,-2.776,4.995,PATROL,0,1,-9.802,-2.773,-1.286,,-9.797,-2.776,4.998
33.61,-9.777,-2.854,4.996,PATROL,0,1,-9.779,-2.850,-1.286,,-9.774,-2.854,4.998
33.81,-9.754,-2.933,4.996,PATROL,0,1,-9.757,-2.926,-1.286,,-9.751,-2.933,4.999
34.01,-9.731,-3.011,4.997,PATROL,0,1,-9.734,-3.003,-1.285,,-9.728,-3.011,4.999
34.21,-9.708,-3.089,4.997,PATROL,1,2,-9.712,-3.080,-1.285,,-9.704,-3.089,4.999
34.41,-9.689,-3.155,5.021,PATROL,1,2,-9.692,-3.146,-1.260,,-9.685,-3.155,5.024
34.61,-9.681,-3.178,5.092,PATROL,1,2,-9.682,-3.175,-1.189,,-9.676,-3.178,5.095
34.81,-9.671,-3.200,5.199,PATROL,1,2,-9.672,-3.196,-1.083,,-9.666,-3.200,5.201
35.01,-9.656,-3.225,5.304,PATROL,1,2,-9.657,-3.221,-0.976,,-9.652,-3.225,5.307
35.21,-9.635,-3.252,5.412,PATROL,1,2,-9.636,-3.248,-0.870,,-9.631,-3.252,5.414
35.41,-9.608,-3.281,5.520,PATROL,1,2,-9.609,-3.277,-0.761,,-9.604,-3.281,5.523
35.61,-9.574,-3.310,5.630,PATROL,1,2,-9.576,-3.305,-0.652,,-9.569,-3.310,5.632
35.81,-9.532,-3.338,5.740,PATROL,1,2,-9.535,-3.332,-0.542,,-9.528,-3.338,5.743
36.01,-9.483,-3.364,5.848,PATROL,1,2,-9.488,-3.357,-0.434,,-9.478,-3.363,5.851
36.21,-9.437,-3.383,5.940,PATROL,1,2,-9.434,-3.379,-0.341,,-9.432,-3.382,5.943
36.41,-9.376,-3.402,6.014,PATROL,1,2,-9.374,-3.398,-0.268,,-9.371,-3.402,6.017
36.61,-9.311,-3.418,6.074,PATROL,1,2,-9.309,-3.413,-0.208,,-9.306,-3.417,6.077
36.81,-9.242,-3.431,6.122,PATROL,1,2,-9.242,-3.425,-0.160,,-9.237,-3.430,6.125
37.01,-9.170,-3.442,6.161,PATROL,1,2,-9.172,-3.435,-0.121,,-9.165,-3.440,6.164
37.21,-9.096,-3.450,6.191,PATROL,1,2,-9.100,-3.443,-0.090,,-9.091,-3.448,6.194
37.41,-9.021,-3.455,6.217,PATROL,1,2,-9.026,-3.449,-0.065,,-9.016,-3.453,6.220
37.61,-8.945,-3.460,6.237,PATROL,1,2,-8.952,-3.453,-0.045,,-8.940,-3.457,6.240
37.81,-8.881,-3.462,6.254,PATROL,1,2,-8.876,-3.455,-0.028,,-8.875,-3.460,6.257
38.01,-8.803,-3.464,6.267,PATROL,1,2,-8.800,-3.457,-0.014,,-8.797,-3.461,6.271
38.21,-8.724,-3.465,6.279,PATROL,1,2,-8.723,-3.457,-0.003,,-8.719,-3.462,6.282
38.41,-8.645,-3.465,6.288,PATROL,1,2,-8.646,-3.457,0.006,,-8.640,-3.461,6.292
38.61,-8.566,-3.464,6.296,PATROL,1,2,-8.568,-3.456,0.014,,-8.560,-3.460,6.299
38.81,-8.486,-3.463,6.303,PATROL,1,2,-8.490,-3.455,0.021,,-8.481,-3.459,6.306
39.01,-8.407,-3.461,6.309,PATROL,1,2,-8.412,-3.453,0.027,,-8.401,-3.457,6.312
39.21,-8.327,-3.458,6.315,PATROL,1,2,-8.334,-3.451,0.033,,-8.321,-3.454,6.318
39.41,-8.246,-3.456,6.321,PATROL,1,2,-8.255,-3.448,0.039,,-8.241,-3.451,6.324
39.61,-8.179,-3.453,6.326,PATROL,1,2,-8.176,-3.445,0.044,,-8.174,-3.448,6.329
39.81,-8.099,-3.449,6.330,PATROL,1,2,-8.097,-3.441,0.048,,-8.093,-3.444,6.333
40.01,-8.018,-3.445,6.334,PATROL,1,2,-8.018,-3.437,0.052,,-8.012,-3.440,6.337
40.21,-7.937,-3.441,6.336,PATROL,1,2,-7.939,-3.433,0.054,,-7.931,-3.436,6.340
40.41,-7.856,-3.437,6.339,PATROL,1,2,-7.859,-3.428,0.057,,-7.850,-3.431,6.342
40.61,-7.775,-3.432,6.341,PATROL,1,2,-7.780,-3.424,0.059,,-7.769,-3.426,6.344
40.81,-7.693,-3.427,6.342,PATROL,1,2,-7.700,-3.419,0.060,,-7.688,-3.421,6.346
41.01,-7.612,-3.422,6.344,PATROL,1,2,-7.621,-3.414,0.062,,-7.606,-3.416,6.347
41.21,-7.545,-3.418,6.345,PATROL,1,2,-7.541,-3.409,0.063,,-7.539,-3.412,6.348
41.41,-7.463,-3.413,6.346,PATROL,1,2,-7.462,-3.404,0.064,,-7.457,-3.406,6.349
41.61,-7.382,-3.408,6.347,PATROL,1,2,-7.382,-3.399,0.065,,-7.376,-3.401,6.350
41.81,-7.300,-3.403,6.348,PATROL,1,2,-7.302,-3.394,0.066,,-7.295,-3.395,6.351
42.01,-7.219,-3.398,6.348,PATROL,1,2,-7.222,-3.389,0.066,,-7.213,-3.390,6.352
42.21,-7.138,-3.392,6.349,PATROL,2,3,-7.142,-3.383,0.067,,-7.132,-3.384,6.352
42.41,-7.060,-3.387,6.358,PATROL,2,3,-7.067,-3.378,0.076,,-7.054,-3.379,6.361
42.61,-6.982,-3.382,6.344,PATROL,2,3,-6.990,-3.373,0.061,,-6.976,-3.373,6.347
42.81,-6.917,-3.378,6.332,PATROL,2,3,-6.914,-3.369,0.050,,-6.911,-3.369,6.335
43.01,-6.838,-3.375,6.322,PATROL,2,3,-6.836,-3.365,0.040,,-6.831,-3.366,6.325
43.21,-6.758,-3.372,6.314,PATROL,2,3,-6.758,-3.362,0.032,,-6.752,-3.362,6.318
43.41,-6.678,-3.370,6.308,PATROL,2,3,-6.680,-3.360,0.026,,-6.672,-3.360,6.311
43.61,-6.598,-3.368,6.303,PATROL,2,3,-6.601,-3.358,0.021,,-6.592,-3.358,6.306
43.81,-6.517,-3.366,6.298,PATROL,2,3,-6.522,-3.357,0.016,,-6.511,-3.356,6.302
44.01,-6.437,-3.365,6.295,APPROACH,2,3,-6.443,-3.356,0.013,ball_1,-6.430,-3.355,6.298
44.21,-6.362,-3.365,6.296,APPROACH,2,3,-6.370,-3.355,0.014,ball_1,-6.356,-3.354,6.299
44.41,-6.301,-3.363,6.307,APPROACH,2,3,-6.310,-3.353,0.024,ball_1,-6.295,-3.352,6.310
44.61,-6.250,-3.362,6.314,APPROACH,2,3,-6.250,-3.352,0.032,ball_1,-6.244,-3.351,6.317
44.81,-6.189,-3.360,6.321,APPROACH,2,3,-6.190,-3.350,0.039,ball_1,-6.182,-3.349,6.324
45.01,-6.128,-3.357,6.327,APPROACH,2,3,-6.130,-3.347,0.046,ball_1,-6.121,-3.346,6.331
45.21,-6.067,-3.354,6.334,APPROACH,2,3,-6.070,-3.344,0.052,ball_1,-6.060,-3.343,6.338
45.41,-6.006,-3.351,6.341,APPROACH,2,3,-6.010,-3.341,0.059,ball_1,-5.999,-3.339,6.344
45.61,-5.944,-3.347,6.346,APPROACH,2,3,-5.951,-3.337,0.064,ball_1,-5.938,-3.335,6.349
45.81,-5.883,-3.343,6.351,APPROACH,2,3,-5.891,-3.333,0.069,ball_1,-5.877,-3.331,6.354
46.01,-5.822,-3.339,6.355,APPROACH,2,3,-5.831,-3.329,0.073,ball_1,-5.816,-3.327,6.358
46.21,-5.771,-3.335,6.359,APPROACH,2,3,-5.771,-3.325,0.077,ball_1,-5.765,-3.323,6.362
46.41,-5.710,-3.331,6.362,APPROACH,2,3,-5.711,-3.320,0.080,ball_1,-5.704,-3.318,6.365
46.61,-5.649,-3.326,6.365,APPROACH,2,3,-5.652,-3.315,0.083,ball_1,-5.643,-3.313,6.368
46.81,-5.588,-3.321,6.367,APPROACH,2,3,-5.592,-3.310,0.085,ball_1,-5.582,-3.308,6.370
47.01,-5.527,-3.315,6.369,APPROACH,2,3,-5.532,-3.305,0.087,ball_1,-5.521,-3.302,6.373
47.21,-5.466,-3.310,6.371,APPROACH,2,3,-5.472,-3.300,0.089,ball_1,-5.460,-3.297,6.375
47.41,-5.406,-3.305,6.373,APPROACH,2,3,-5.413,-3.294,0.091,ball_1,-5.399,-3.291,6.376
47.61,-5.345,-3.299,6.375,APPROACH,2,3,-5.353,-3.289,0.093,ball_1,-5.338,-3.285,6.378
47.81,-5.294,-3.294,6.376,APPROACH,2,3,-5.293,-3.283,0.094,ball_1,-5.287,-3.280,6.379
48.01,-5.233,-3.289,6.377,APPROACH,2,3,-5.233,-3.277,0.095,ball_1,-5.226,-3.274,6.381
48.21,-5.172,-3.283,6.379,APPROACH,2,3,-5.174,-3.272,0.097,ball_1,-5.165,-3.268,6.382
48.41,-5.111,-3.277,6.379,APPROACH,2,3,-5.114,-3.266,0.097,ball_1,-5.104,-3.262,6.383
48.61,-5.050,-3.271,6.380,APPROACH,2,3,-5.054,-3.260,0.098,ball_1,-5.043,-3.256,6.384
48.81,-4.989,-3.265,6.381,APPROACH,2,3,-4.995,-3.254,0.099,ball_1,-4.983,-3.250,6.384
49.01,-4.928,-3.259,6.382,APPROACH,2,3,-4.935,-3.248,0.100,ball_1,-4.922,-3.244,6.385
49.21,-4.867,-3.253,6.382,APPROACH,2,3,-4.876,-3.242,0.100,ball_1,-4.861,-3.238,6.385
49.41,-4.817,-3.248,6.383,APPROACH,2,3,-4.816,-3.236,0.101,ball_1,-4.810,-3.232,6.386
49.61,-4.756,-3.242,6.383,APPROACH,2,3,-4.756,-3.230,0.101,ball_1,-4.749,-3.226,6.386
49.81,-4.695,-3.236,6.383,APPROACH,2,3,-4.696,-3.224,0.101,ball_1,-4.688,-3.220,6.387
50.01,-4.634,-3.230,6.384,APPROACH,2,3,-4.637,-3.218,0.102,ball_1,-4.627,-3.214,6.387
50.21,-4.573,-3.224,6.384,APPROACH,2,3,-4.577,-3.212,0.102,ball_1,-4.566,-3.207,6.387
50.41,-4.512,-3.218,6.384,APPROACH,2,3,-4.517,-3.206,0.102,ball_1,-4.505,-3.201,6.387
50.61,-4.451,-3.211,6.384,APPROACH,2,3,-4.458,-3.200,0.102,ball_1,-4.444,-3.194,6.387
50.81,-4.390,-3.205,6.384,APPROACH,2,3,-4.398,-3.194,0.102,ball_1,-4.384,-3.188,6.387
51.01,-4.330,-3.199,6.384,APPROACH,2,3,-4.339,-3.188,0.102,ball_1,-4.323,-3.182,6.387
51.21,-4.279,-3.194,6.384,APPROACH,2,3,-4.279,-3.182,0.102,ball_1,-4.272,-3.176,6.387
51.41,-4.218,-3.188,6.384,APPROACH,2,3,-4.219,-3.176,0.102,ball_1,-4.211,-3.170,6.387
51.61,-4.157,-3.182,6.383,APPROACH,2,3,-4.160,-3.169,0.101,ball_1,-4.150,-3.164,6.387
51.81,-4.096,-3.176,6.383,APPROACH,2,3,-4.100,-3.163,0.101,ball_1,-4.089,-3.157,6.386
52.01,-4.035,-3.169,6.382,APPROACH,2,3,-4.040,-3.157,0.100,ball_1,-4.028,-3.151,6.385
52.21,-3.974,-3.163,6.382,APPROACH,2,3,-3.981,-3.151,0.100,,-3.967,-3.145,6.385
52.41,-3.913,-3.157,6.381,BLIND_DASH,2,3,-3.921,-3.146,0.099,,-3.907,-3.139,6.385
52.61,-3.859,-3.152,6.387,PATROL,2,3,-3.866,-3.140,0.105,,-3.852,-3.133,6.390
52.81,-3.840,-3.150,6.388,PATROL,2,3,-3.844,-3.138,0.106,,-3.833,-3.131,6.391
53.01,-3.837,-3.150,6.293,PATROL,2,3,-3.842,-3.137,0.010,,-3.830,-3.131,6.296
53.21,-3.837,-3.150,6.183,PATROL,2,3,-3.842,-3.137,-0.100,,-3.830,-3.131,6.186
53.41,-3.837,-3.150,6.072,PATROL,2,3,-3.843,-3.137,-0.210,,-3.830,-3.131,6.075
53.61,-3.837,-3.150,5.962,PATROL,2,3,-3.843,-3.137,-0.320,,-3.830,-3.131,5.965
53.81,-3.837,-3.150,5.852,PATROL,2,3,-3.843,-3.137,-0.430,,-3.830,-3.131,5.855
54.01,-3.837,-3.150,5.742,PATROL,2,3,-3.843,-3.137,-0.541,,-3.830,-3.131,5.745
54.21,-3.837,-3.150,5.632,PATROL,2,3,-3.843,-3.137,-0.651,,-3.830,-3.131,5.635
54.41,-3.837,-3.150,5.521,PATROL,2,3,-3.844,-3.137,-0.761,,-3.830,-3.131,5.524
54.61,-3.837,-3.150,5.411,PATROL,2,3,-3.844,-3.137,-0.871,,-3.830,-3.131,5.414
54.81,-3.837,-3.150,5.301,PATROL,2,3,-3.844,-3.137,-0.981,,-3.830,-3.131,5.304
55.01,-3.835,-3.154,5.192,PATROL,2,3,-3.841,-3.141,-1.091,,-3.828,-3.135,5.194
55.21,-3.831,-3.163,5.082,PATROL,2,3,-3.838,-3.150,-1.201,,-3.824,-3.144,5.084
55.41,-3.826,-3.176,4.972,PATROL,2,3,-3.833,-3.162,-1.311,,-3.820,-3.157,4.974
55.61,-3.823,-3.194,4.861,PATROL,2,3,-3.830,-3.179,-1.421,,-3.816,-3.175,4.864
55.81,-3.821,-3.215,4.751,PATROL,2,3,-3.828,-3.199,-1.531,,-3.814,-3.196,4.754
56.01,-3.822,-3.239,4.641,PATROL,2,3,-3.829,-3.223,-1.642,,-3.815,-3.220,4.643
56.21,-3.825,-3.261,4.531,PATROL,2,3,-3.832,-3.248,-1.752,,-3.817,-3.242,4.533
56.41,-3.831,-3.288,4.421,PATROL,2,3,-3.838,-3.275,-1.862,,-3.824,-3.269,4.423
56.61,-3.841,-3.316,4.310,PATROL,3,4,-3.848,-3.303,-1.972,,-3.834,-3.298,4.313
56.81,-3.846,-3.327,4.313,PATROL,3,4,-3.853,-3.313,-1.968,,-3.839,-3.309,4.315
57.01,-3.846,-3.328,4.419,PATROL,3,4,-3.853,-3.313,-1.863,,-3.839,-3.309,4.421
57.21,-3.846,-3.328,4.526,PATROL,3,4,-3.853,-3.314,-1.756,,-3.839,-3.309,4.528
57.41,-3.846,-3.328,4.632,PATROL,3,4,-3.853,-3.315,-1.649,,-3.839,-3.309,4.635
57.61,-3.846,-3.328,4.739,PATROL,3,4,-3.853,-3.316,-1.542,,-3.839,-3.309,4.742
57.81,-3.846,-3.330,4.846,PATROL,3,4,-3.852,-3.320,-1.435,,-3.839,-3.312,4.849
58.01,-3.844,-3.339,4.953,PATROL,3,4,-3.850,-3.329,-1.329,,-3.837,-3.320,4.955
58.21,-3.840,-3.352,5.060,PATROL,3,4,-3.846,-3.342,-1.222,,-3.833,-3.333,5.063
58.41,-3.833,-3.370,5.166,PATROL,3,4,-3.838,-3.360,-1.116,,-3.825,-3.351,5.169
58.61,-3.821,-3.391,5.273,PATROL,3,4,-3.826,-3.381,-1.009,,-3.813,-3.372,5.276
58.81,-3.804,-3.415,5.379,PATROL,3,4,-3.809,-3.405,-0.903,,-3.796,-3.396,5.381
59.01,-3.780,-3.441,5.485,PATROL,3,4,-3.786,-3.430,-0.797,,-3.773,-3.422,5.488
59.21,-3.751,-3.468,5.594,PATROL,3,4,-3.758,-3.456,-0.688,,-3.743,-3.449,5.597
59.41,-3.721,-3.490,5.704,PATROL,3,4,-3.723,-3.482,-0.578,,-3.713,-3.471,5.707
59.61,-3.678,-3.515,5.815,PATROL,3,4,-3.680,-3.506,-0.467,,-3.670,-3.496,5.818
59.81,-3.629,-3.537,5.923,PATROL,3,4,-3.631,-3.528,-0.359,,-3.621,-3.518,5.926
60.01,-3.572,-3.556,6.015,PATROL,3,4,-3.575,-3.546,-0.267,,-3.564,-3.536,6.018
60.21,-3.510,-3.570,6.090,PATROL,3,4,-3.514,-3.560,-0.192,,-3.501,-3.551,6.094
60.41,-3.443,-3.581,6.151,PATROL,3,4,-3.449,-3.570,-0.131,,-3.435,-3.561,6.154
60.61,-3.373,-3.588,6.200,PATROL,3,4,-3.381,-3.577,-0.082,,-3.365,-3.568,6.203
60.81,-3.301,-3.593,6.238,PATROL,3,4,-3.311,-3.582,-0.044,,-3.293,-3.573,6.242
61.01,-3.240,-3.595,6.270,PATROL,3,4,-3.239,-3.584,-0.012,,-3.232,-3.574,6.273
61.21,-3.165,-3.595,6.296,PATROL,3,4,-3.165,-3.583,0.014,,-3.157,-3.574,6.299
61.41,-3.089,-3.593,6.318,PATROL,3,4,-3.091,-3.581,0.035,,-3.080,-3.572,6.321
61.61,-3.012,-3.590,6.335,PATROL,3,4,-3.015,-3.578,0.053,,-3.003,-3.568,6.339
61.81,-2.934,-3.585,6.350,PATROL,3,4,-2.939,-3.573,0.068,,-2.926,-3.564,6.354
62.01,-2.856,-3.579,6.364,PATROL,3,4,-2.863,-3.568,0.082,,-2.848,-3.557,6.367
62.21,-2.778,-3.572,6.377,PATROL,3,4,-2.786,-3.561,0.094,,-2.769,-3.550,6.380
62.41,-2.699,-3.564,6.387,PATROL,3,4,-2.709,-3.553,0.105,,-2.690,-3.542,6.390
62.61,-2.620,-3.556,6.396,PATROL,3,4,-2.631,-3.545,0.113,,-2.611,-3.533,6.399
62.81,-2.553,-3.548,6.403,PATROL,3,4,-2.553,-3.536,0.120,,-2.545,-3.525,6.406
63.01,-2.474,-3.538,6.409,PATROL,3,4,-2.475,-3.526,0.126,,-2.465,-3.515,6.412
63.21,-2.394,-3.528,6.414,PATROL,3,4,-2.397,-3.516,0.131,,-2.385,-3.505,6.417
63.41,-2.314,-3.517,6.418,PATROL,3,4,-2.319,-3.505,0.136,,-2.305,-3.494,6.421
63.61,-2.234,-3.506,6.422,PATROL,3,4,-2.240,-3.494,0.139,,-2.225,-3.482,6.425
63.81,-2.154,-3.495,6.425,PATROL,3,4,-2.162,-3.483,0.143,,-2.145,-3.471,6.428
64.01,-2.073,-3.483,6.428,PATROL,3,4,-2.083,-3.472,0.145,,-2.065,-3.459,6.431
64.21,-1.993,-3.472,6.430,PATROL,3,4,-2.004,-3.460,0.148,,-1.985,-3.447,6.433
64.41,-1.926,-3.462,6.432,PATROL,3,4,-1.925,-3.449,0.150,,-1.918,-3.437,6.436
64.61,-1.846,-3.449,6.434,PATROL,3,4,-1.847,-3.437,0.152,,-1.837,-3.424,6.437
64.81,-1.765,-3.437,6.436,PATROL,3,4,-1.768,-3.425,0.153,,-1.757,-3.412,6.439
65.01,-1.685,-3.425,6.437,PATROL,3,4,-1.690,-3.412,0.155,,-1.677,-3.399,6.441
65.21,-1.616,-3.414,6.461,ALIGN,3,4,-1.621,-3.401,0.179,ball_3,-1.607,-3.388,6.465
65.41,-1.589,-3.408,6.514,ALIGN,3,4,-1.594,-3.396,0.231,ball_3,-1.581,-3.382,6.517
65.61,-1.588,-3.408,6.610,ALIGN,3,4,-1.593,-3.395,0.328,ball_3,-1.579,-3.382,6.613
65.81,-1.588,-3.408,6.717,ALIGN,3,4,-1.592,-3.395,0.434,ball_3,-1.579,-3.382,6.720
66.01,-1.588,-3.408,6.815,ALIGN,3,4,-1.592,-3.394,0.533,ball_3,-1.579,-3.382,6.818
66.21,-1.588,-3.408,6.885,ALIGN,3,4,-1.592,-3.394,0.603,ball_3,-1.579,-3.382,6.888
66.41,-1.588,-3.408,6.932,APPROACH,3,4,-1.592,-3.394,0.650,ball_3,-1.579,-3.382,6.936
66.61,-1.584,-3.405,6.989,APPROACH,3,4,-1.588,-3.390,0.707,ball_3,-1.575,-3.379,6.993
66.81,-1.555,-3.378,7.060,APPROACH,3,4,-1.559,-3.364,0.777,ball_3,-1.547,-3.352,7.063
67.01,-1.513,-3.336,7.051,APPROACH,3,4,-1.517,-3.323,0.768,ball_3,-1.504,-3.310,7.054
67.21,-1.469,-3.294,7.049,APPROACH,3,4,-1.475,-3.281,0.766,ball_3,-1.460,-3.268,7.053
67.41,-1.424,-3.252,7.046,APPROACH,3,4,-1.431,-3.240,0.763,ball_3,-1.416,-3.225,7.049
67.61,-1.380,-3.209,7.043,APPROACH,3,4,-1.388,-3.199,0.760,ball_3,-1.372,-3.183,7.047
67.81,-1.343,-3.174,7.040,APPROACH,3,4,-1.345,-3.157,0.758,ball_3,-1.335,-3.147,7.044
68.01,-1.298,-3.132,7.038,APPROACH,3,4,-1.301,-3.116,0.755,ball_3,-1.291,-3.105,7.042
68.21,-1.254,-3.090,7.036,APPROACH,3,4,-1.257,-3.075,0.754,ball_3,-1.246,-3.063,7.040
68.41,-1.209,-3.049,7.035,APPROACH,3,4,-1.214,-3.034,0.752,ball_3,-1.202,-3.021,7.038
68.61,-1.164,-3.007,7.033,APPROACH,3,4,-1.170,-2.993,0.750,ball_3,-1.157,-2.979,7.037
68.81,-1.120,-2.965,7.032,APPROACH,3,4,-1.126,-2.952,0.749,ball_3,-1.112,-2.937,7.035
69.01,-1.075,-2.924,7.031,APPROACH,3,4,-1.082,-2.912,0.748,ball_3,-1.068,-2.896,7.034
69.21,-1.030,-2.882,7.029,APPROACH,3,4,-1.038,-2.871,0.747,ball_3,-1.023,-2.854,7.033
69.41,-0.992,-2.847,7.028,APPROACH,3,4,-0.994,-2.830,0.746,ball_3,-0.986,-2.819,7.032
69.61,-0.947,-2.806,7.027,APPROACH,3,4,-0.950,-2.790,0.745,ball_3,-0.941,-2.777,7.031
69.81,-0.902,-2.765,7.027,APPROACH,3,4,-0.906,-2.749,0.744,ball_3,-0.896,-2.736,7.030
70.01,-0.857,-2.723,7.026,APPROACH,3,4,-0.862,-2.709,0.744,ball_3,-0.851,-2.694,7.029
70.21,-0.812,-2.682,7.025,APPROACH,3,4,-0.818,-2.668,0.743,ball_3,-0.806,-2.653,7.029
70.41,-0.767,-2.640,7.025,APPROACH,3,4,-0.774,-2.627,0.742,ball_3,-0.761,-2.611,7.028
70.61,-0.722,-2.599,7.024,APPROACH,3,4,-0.730,-2.587,0.742,ball_3,-0.716,-2.570,7.028
70.81,-0.677,-2.558,7.024,APPROACH,3,4,-0.686,-2.546,0.742,ball_3,-0.671,-2.528,7.027
71.01,-0.639,-2.523,7.023,APPROACH,3,4,-0.641,-2.506,0.741,ball_3,-0.633,-2.494,7.027
71.21,-0.594,-2.482,7.023,APPROACH,3,4,-0.597,-2.466,0.741,ball_3,-0.588,-2.452,7.026
71.41,-0.549,-2.441,7.022,APPROACH,3,4,-0.553,-2.425,0.740,ball_3,-0.543,-2.411,7.026
71.61,-0.503,-2.400,7.022,APPROACH,3,4,-0.509,-2.385,0.740,ball_3,-0.498,-2.369,7.026
71.81,-0.458,-2.358,7.022,APPROACH,3,4,-0.464,-2.344,0.740,ball_3,-0.453,-2.328,7.025
72.01,-0.413,-2.317,7.022,APPROACH,3,4,-0.420,-2.304,0.740,ball_3,-0.408,-2.287,7.025
72.21,-0.368,-2.276,7.021,APPROACH,3,4,-0.376,-2.264,0.739,ball_3,-0.363,-2.245,7.025
72.41,-0.322,-2.235,7.021,APPROACH,3,4,-0.332,-2.223,0.739,ball_3,-0.317,-2.204,7.025
72.61,-0.277,-2.194,7.021,APPROACH,3,4,-0.288,-2.183,0.739,ball_3,-0.272,-2.162,7.024
72.81,-0.239,-2.159,7.020,APPROACH,3,4,-0.244,-2.143,0.739,ball_3,-0.235,-2.128,7.024
73.01,-0.194,-2.118,7.020,APPROACH,3,4,-0.199,-2.102,0.739,ball_3,-0.189,-2.087,7.024
73.21,-0.149,-2.077,7.020,APPROACH,3,4,-0.155,-2.062,0.738,ball_3,-0.144,-2.045,7.023
73.41,-0.103,-2.036,7.020,APPROACH,3,4,-0.111,-2.022,0.738,ball_3,-0.099,-2.004,7.023
73.61,-0.058,-1.995,7.019,APPROACH,3,4,-0.066,-1.981,0.738,ball_3,-0.054,-1.963,7.023
73.81,-0.013,-1.954,7.019,APPROACH,3,4,-0.022,-1.941,0.738,ball_3,-0.008,-1.922,7.023
74.01,0.033,-1.913,7.019,APPROACH,3,4,0.022,-1.901,0.737,ball_3,0.037,-1.880,7.022
74.21,0.078,-1.872,7.019,APPROACH,3,4,0.067,-1.860,0.737,ball_3,0.082,-1.839,7.022
74.41,0.116,-1.838,7.018,APPROACH,3,4,0.111,-1.820,0.737,ball_3,0.120,-1.805,7.022
74.61,0.161,-1.797,7.018,APPROACH,3,4,0.156,-1.780,0.737,ball_3,0.165,-1.764,7.022
74.81,0.207,-1.755,7.018,APPROACH,3,4,0.200,-1.740,0.737,ball_3,0.210,-1.722,7.021
75.01,0.252,-1.714,7.018,APPROACH,3,4,0.244,-1.699,0.736,ball_3,0.256,-1.681,7.021
75.21,0.298,-1.673,7.017,APPROACH,3,4,0.289,-1.659,0.736,ball_3,0.301,-1.640,7.021
75.41,0.343,-1.632,7.017,APPROACH,3,4,0.333,-1.619,0.736,ball_3,0.346,-1.599,7.021
75.61,0.388,-1.591,7.017,APPROACH,3,4,0.377,-1.579,0.736,ball_3,0.392,-1.558,7.020
75.81,0.434,-1.551,7.016,APPROACH,3,4,0.422,-1.539,0.735,ball_3,0.437,-1.517,7.020
76.01,0.472,-1.516,7.016,APPROACH,3,4,0.466,-1.498,0.735,ball_3,0.475,-1.482,7.019
76.21,0.517,-1.475,7.015,APPROACH,3,4,0.511,-1.458,0.735,ball_3,0.520,-1.441,7.019
76.41,0.563,-1.435,7.015,APPROACH,3,4,0.555,-1.418,0.734,ball_3,0.566,-1.400,7.018
76.61,0.608,-1.394,7.014,APPROACH,3,4,0.600,-1.378,0.733,ball_3,0.611,-1.359,7.018
76.81,0.654,-1.353,7.014,APPROACH,3,4,0.644,-1.338,0.733,ball_3,0.656,-1.318,7.017
77.01,0.700,-1.312,7.013,APPROACH,3,4,0.689,-1.298,0.732,ball_10,0.702,-1.277,7.016
77.21,0.746,-1.273,6.963,APPROACH,3,4,0.734,-1.259,0.681,ball_10,0.748,-1.237,6.966
77.41,0.795,-1.236,6.909,ALIGN,3,4,0.781,-1.223,0.628,ball_10,0.797,-1.200,6.912
77.61,0.824,-1.216,6.854,ALIGN,3,4,0.814,-1.200,0.573,ball_10,0.826,-1.180,6.857
77.81,0.830,-1.212,6.779,ALIGN,3,4,0.819,-1.197,0.498,ball_10,0.832,-1.176,6.782
78.01,0.830,-1.212,6.708,ALIGN,3,4,0.819,-1.197,0.427,ball_10,0.832,-1.176,6.711
78.21,0.830,-1.212,6.661,APPROACH,3,4,0.819,-1.197,0.380,ball_10,0.832,-1.176,6.665
78.41,0.835,-1.210,6.613,APPROACH,3,4,0.824,-1.195,0.332,ball_10,0.837,-1.174,6.616
78.61,0.873,-1.198,6.558,APPROACH,3,4,0.861,-1.184,0.277,ball_10,0.875,-1.163,6.561
78.81,0.931,-1.182,6.565,APPROACH,3,4,0.918,-1.168,0.285,ball_10,0.933,-1.146,6.569
79.01,0.990,-1.165,6.567,APPROACH,3,4,0.976,-1.151,0.286,ball_10,0.992,-1.129,6.570
79.21,1.049,-1.147,6.569,APPROACH,3,4,1.033,-1.134,0.288,ball_10,1.051,-1.111,6.572
79.41,1.098,-1.133,6.571,APPROACH,3,4,1.090,-1.117,0.290,ball_10,1.100,-1.097,6.574
79.61,1.157,-1.116,6.573,APPROACH,3,4,1.148,-1.099,0.292,ball_10,1.158,-1.079,6.576
79.81,1.215,-1.098,6.574,APPROACH,3,4,1.205,-1.082,0.294,ball_10,1.217,-1.061,6.578
80.01,1.274,-1.080,6.576,APPROACH,3,4,1.263,-1.065,0.295,ball_10,1.275,-1.043,6.579
80.21,1.332,-1.063,6.577,APPROACH,3,4,1.320,-1.047,0.297,ball_10,1.334,-1.026,6.581
80.41,1.391,-1.045,6.579,APPROACH,3,4,1.377,-1.030,0.298,ball_10,1.393,-1.008,6.582
80.61,1.449,-1.027,6.580,APPROACH,3,4,1.435,-1.012,0.300,ball_10,1.451,-0.989,6.584
80.81,1.508,-1.009,6.582,APPROACH,3,4,1.492,-0.994,0.301,ball_10,1.510,-0.971,6.585
81.01,1.557,-0.994,6.583,APPROACH,3,4,1.549,-0.977,0.302,ball_10,1.558,-0.956,6.586
81.21,1.615,-0.976,6.585,APPROACH,3,4,1.606,-0.959,0.304,,1.617,-0.938,6.588
81.41,1.674,-0.958,6.586,PATROL,3,4,1.664,-0.941,0.306,,1.675,-0.919,6.590
81.61,1.714,-0.945,6.602,PATROL,3,4,1.702,-0.928,0.321,,1.716,-0.906,6.605
81.81,1.724,-0.942,6.558,PATROL,3,4,1.711,-0.925,0.277,,1.725,-0.903,6.562
82.01,1.724,-0.942,6.448,PATROL,3,4,1.711,-0.925,0.167,,1.725,-0.903,6.451
82.21,1.724,-0.942,6.338,PATROL,3,4,1.711,-0.925,0.056,,1.725,-0.903,6.341
82.41,1.724,-0.942,6.227,PATROL,3,4,1.711,-0.925,-0.054,,1.725,-0.903,6.231
82.61,1.724,-0.942,6.117,PATROL,3,4,1.711,-0.925,-0.164,,1.725,-0.903,6.120
82.81,1.724,-0.942,6.007,PATROL,3,4,1.710,-0.925,-0.275,,1.725,-0.903,6.010
83.01,1.724,-0.942,5.896,PATROL,3,4,1.710,-0.925,-0.385,,1.725,-0.903,5.899
83.21,1.724,-0.942,5.786,ALIGN,3,4,1.710,-0.925,-0.495,ball_2,1.725,-0.903,5.789
83.41,1.724,-0.942,5.676,ALIGN,3,4,1.710,-0.925,-0.605,ball_2,1.725,-0.903,5.679
83.61,1.724,-0.942,5.566,ALIGN,3,4,1.710,-0.925,-0.715,ball_2,1.725,-0.903,5.569
83.81,1.724,-0.942,5.456,ALIGN,3,4,1.709,-0.925,-0.826,ball_2,1.725,-0.903,5.458
84.01,1.724,-0.942,5.372,ALIGN,3,4,1.709,-0.925,-0.909,ball_2,1.725,-0.903,5.375
84.21,1.724,-0.942,5.318,ALIGN,3,4,1.709,-0.925,-0.963,ball_2,1.725,-0.903,5.320
84.41,1.724,-0.942,5.280,APPROACH,3,4,1.709,-0.925,-1.001,ball_2,1.725,-0.903,5.282
84.61,1.733,-0.958,5.213,APPROACH,3,4,1.719,-0.942,-1.069,ball_2,1.734,-0.919,5.215
84.81,1.758,-1.005,5.190,APPROACH,3,4,1.744,-0.989,-1.091,ball_2,1.759,-0.966,5.193
85.01,1.786,-1.059,5.195,APPROACH,3,4,1.771,-1.042,-1.086,ball_2,1.788,-1.020,5.197
85.21,1.814,-1.113,5.198,APPROACH,3,4,1.799,-1.095,-1.083,ball_2,1.816,-1.074,5.201
85.41,1.843,-1.167,5.201,APPROACH,3,4,1.828,-1.148,-1.080,ball_2,1.845,-1.129,5.203
85.61,1.872,-1.221,5.203,APPROACH,3,4,1.856,-1.201,-1.078,ball_2,1.874,-1.183,5.206
85.81,1.901,-1.275,5.205,APPROACH,3,4,1.884,-1.254,-1.076,ball_2,1.903,-1.237,5.208
86.01,1.925,-1.320,5.207,APPROACH,3,4,1.913,-1.306,-1.074,ball_2,1.927,-1.281,5.210
86.21,1.954,-1.374,5.209,APPROACH,3,4,1.942,-1.359,-1.072,ball_2,1.957,-1.335,5.211
86.41,1.983,-1.428,5.210,APPROACH,3,4,1.970,-1.412,-1.071,ball_2,1.986,-1.389,5.213
86.61,2.012,-1.482,5.211,APPROACH,3,4,1.999,-1.464,-1.069,ball_2,2.015,-1.443,5.214
86.81,2.042,-1.535,5.212,APPROACH,3,4,2.028,-1.517,-1.068,ball_2,2.045,-1.496,5.215
87.01,2.071,-1.589,5.213,APPROACH,3,4,2.057,-1.569,-1.067,ball_2,2.074,-1.550,5.216
87.21,2.100,-1.643,5.214,APPROACH,3,4,2.086,-1.622,-1.066,ball_2,2.104,-1.603,5.217
87.41,2.130,-1.696,5.215,APPROACH,3,4,2.115,-1.674,-1.066,ball_2,2.133,-1.657,5.218
87.61,2.154,-1.741,5.216,APPROACH,3,4,2.144,-1.727,-1.065,ball_2,2.158,-1.702,5.218
87.81,2.184,-1.795,5.216,APPROACH,3,4,2.173,-1.779,-1.064,ball_2,2.188,-1.755,5.219
88.01,2.214,-1.848,5.216,APPROACH,3,4,2.202,-1.831,-1.064,ball_2,2.218,-1.809,5.219
88.21,2.243,-1.902,5.217,APPROACH,3,4,2.231,-1.884,-1.064,ball_2,2.247,-1.862,5.220
88.41,2.273,-1.955,5.217,APPROACH,3,4,2.260,-1.936,-1.063,ball_2,2.277,-1.916,5.220
88.61,2.302,-2.009,5.217,APPROACH,3,4,2.289,-1.989,-1.063,ball_2,2.307,-1.969,5.220
88.81,2.332,-2.063,5.218,APPROACH,3,4,2.318,-2.041,-1.063,ball_2,2.337,-2.023,5.220
89.01,2.362,-2.116,5.218,APPROACH,3,4,2.347,-2.093,-1.062,ball_2,2.366,-2.076,5.221
89.21,2.386,-2.161,5.218,APPROACH,3,4,2.376,-2.145,-1.062,ball_2,2.391,-2.121,5.221
89.41,2.416,-2.214,5.218,APPROACH,3,4,2.406,-2.198,-1.062,ball_2,2.421,-2.174,5.221
89.61,2.446,-2.268,5.218,APPROACH,3,4,2.435,-2.250,-1.062,ball_2,2.451,-2.228,5.221
89.81,2.475,-2.321,5.218,APPROACH,3,4,2.464,-2.303,-1.062,ball_2,2.481,-2.281,5.221
90.01,2.505,-2.375,5.218,APPROACH,3,4,2.493,-2.355,-1.062,ball_2,2.510,-2.335,5.221
90.21,2.535,-2.428,5.218,APPROACH,3,4,2.522,-2.407,-1.062,ball_2,2.540,-2.388,5.221
90.41,2.564,-2.482,5.218,APPROACH,3,4,2.552,-2.460,-1.062,ball_2,2.570,-2.442,5.221
90.61,2.594,-2.535,5.218,APPROACH,3,4,2.581,-2.512,-1.062,ball_2,2.600,-2.495,5.221
90.81,2.623,-2.589,5.218,APPROACH,3,4,2.610,-2.564,-1.062,ball_2,2.630,-2.549,5.221
91.01,2.648,-2.634,5.218,APPROACH,3,4,2.639,-2.617,-1.062,ball_2,2.654,-2.593,5.221
91.21,2.678,-2.687,5.218,APPROACH,3,4,2.668,-2.669,-1.062,ball_2,2.684,-2.647,5.221
91.41,2.708,-2.741,5.218,APPROACH,3,4,2.698,-2.721,-1.062,ball_2,2.714,-2.700,5.221
91.61,2.737,-2.794,5.218,APPROACH,3,4,2.727,-2.773,-1.062,ball_2,2.744,-2.754,5.221
91.81,2.767,-2.848,5.218,APPROACH,3,4,2.756,-2.826,-1.062,ball_2,2.774,-2.807,5.220
92.01,2.796,-2.901,5.218,APPROACH,3,4,2.785,-2.878,-1.062,ball_2,2.803,-2.861,5.220
92.21,2.826,-2.955,5.218,APPROACH,3,4,2.814,-2.930,-1.062,ball_2,2.833,-2.914,5.220
92.41,2.856,-3.008,5.217,APPROACH,3,4,2.843,-2.983,-1.062,ball_2,2.863,-2.968,5.220
92.61,2.880,-3.053,5.217,APPROACH,3,4,2.872,-3.035,-1.063,ball_2,2.888,-3.012,5.220
92.81,2.910,-3.107,5.217,APPROACH,3,4,2.902,-3.088,-1.063,ball_2,2.918,-3.066,5.220
93.01,2.940,-3.160,5.217,APPROACH,3,4,2.931,-3.140,-1.063,ball_2,2.947,-3.119,5.219
93.21,2.969,-3.214,5.217,APPROACH,3,4,2.960,-3.192,-1.063,ball_2,2.977,-3.173,5.219
93.41,2.999,-3.267,5.216,APPROACH,3,4,2.989,-3.244,-1.063,ball_2,3.007,-3.227,5.219
93.61,3.028,-3.321,5.216,APPROACH,3,4,3.018,-3.297,-1.064,ball_2,3.037,-3.280,5.219
93.81,3.058,-3.375,5.216,APPROACH,3,4,3.047,-3.349,-1.064,ball_2,3.066,-3.334,5.218
94.01,3.087,-3.428,5.215,APPROACH,3,4,3.076,-3.402,-1.064,ball_2,3.096,-3.387,5.218
94.21,3.112,-3.473,5.215,APPROACH,3,4,3.105,-3.454,-1.065,ball_2,3.121,-3.432,5.218
94.41,3.141,-3.526,5.214,APPROACH,3,4,3.134,-3.507,-1.065,ball_2,3.150,-3.485,5.217
94.61,3.171,-3.580,5.214,APPROACH,3,4,3.163,-3.559,-1.066,ball_2,3.180,-3.539,5.217
94.81,3.200,-3.634,5.213,APPROACH,3,4,3.192,-3.611,-1.066,ball_2,3.209,-3.593,5.216
95.01,3.230,-3.688,5.212,APPROACH,3,4,3.221,-3.664,-1.067,ball_2,3.239,-3.646,5.215
95.21,3.259,-3.741,5.211,APPROACH,3,4,3.250,-3.716,-1.068,ball_2,3.268,-3.700,5.214
95.41,3.288,-3.795,5.210,APPROACH,3,4,3.279,-3.769,-1.069,,3.298,-3.754,5.213
95.61,3.317,-3.849,5.209,PATROL,3,4,3.308,-3.821,-1.070,,3.327,-3.807,5.212
95.81,3.335,-3.882,5.214,PATROL,3,4,3.327,-3.856,-1.066,,3.345,-3.840,5.216
96.01,3.339,-3.888,5.161,PATROL,3,4,3.331,-3.864,-1.119,,3.349,-3.847,5.164
96.21,3.339,-3.888,5.051,PATROL,3,4,3.331,-3.863,-1.229,,3.349,-3.847,5.054
96.41,3.339,-3.888,4.941,PATROL,3,4,3.331,-3.863,-1.339,,3.349,-3.847,4.943
96.61,3.339,-3.888,4.830,PATROL,3,4,3.331,-3.863,-1.450,,3.349,-3.847,4.832
96.81,3.339,-3.888,4.720,PATROL,3,4,3.330,-3.863,-1.560,,3.349,-3.847,4.722
97.01,3.339,-3.888,4.610,PATROL,3,4,3.330,-3.863,-1.670,,3.349,-3.847,4.612
97.21,3.338,-3.889,4.500,PATROL,3,4,3.330,-3.863,-1.780,,3.348,-3.848,4.502
97.41,3.337,-3.896,4.390,PATROL,3,4,3.329,-3.869,-1.890,,3.346,-3.854,4.392
97.61,3.333,-3.905,4.281,PATROL,3,4,3.324,-3.880,-1.999,,3.343,-3.864,4.283
97.81,3.325,-3.920,4.172,PATROL,3,4,3.316,-3.895,-2.108,,3.335,-3.879,4.174
98.01,3.312,-3.939,4.063,PATROL,3,4,3.304,-3.913,-2.217,,3.322,-3.898,4.065
98.21,3.294,-3.961,3.954,PATROL,3,4,3.286,-3.934,-2.326,,3.304,-3.919,3.956
98.41,3.269,-3.984,3.844,PATROL,3,4,3.262,-3.957,-2.436,,3.280,-3.943,3.846
98.61,3.238,-4.007,3.735,PATROL,3,4,3.232,-3.980,-2.546,,3.248,-3.966,3.736
98.81,3.199,-4.030,3.625,PATROL,3,4,3.195,-4.002,-2.655,,3.209,-3.989,3.627
99.01,3.153,-4.051,3.516,PATROL,3,4,3.151,-4.022,-2.764,,3.163,-4.010,3.518
99.21,3.109,-4.066,3.410,PATROL,3,4,3.101,-4.039,-2.870,,3.119,-4.025,3.412
99.41,3.051,-4.079,3.321,PATROL,3,4,3.043,-4.052,-2.959,,3.061,-4.038,3.322
99.61,2.987,-4.088,3.249,PATROL,3,4,2.981,-4.062,-3.031,,2.997,-4.048,3.251
99.81,2.920,-4.094,3.191,PATROL,3,4,2.914,-4.067,-3.089,,2.930,-4.053,3.193
100.01,2.849,-4.096,3.145,PATROL,3,4,2.845,-4.069,-3.135,,2.859,-4.055,3.146
100.21,2.775,-4.094,3.109,PATROL,3,4,2.774,-4.068,3.112,,2.785,-4.054,3.110
100.41,2.701,-4.091,3.080,PATROL,3,4,2.701,-4.065,3.083,,2.711,-4.051,3.081
100.61,2.625,-4.085,3.056,PATROL,3,4,2.626,-4.059,3.060,,2.635,-4.045,3.058
100.81,2.548,-4.078,3.038,PATROL,3,4,2.551,-4.053,3.041,,2.558,-4.038,3.039
101.01,2.484,-4.070,3.021,PATROL,3,4,2.475,-4.045,3.025,,2.494,-4.030,3.023
101.21,2.406,-4.060,3.008,PATROL,3,4,2.400,-4.035,3.012,,2.415,-4.021,3.010
101.41,2.327,-4.050,2.998,PATROL,3,4,2.323,-4.025,3.001,,2.337,-4.010,2.999
101.61,2.248,-4.038,2.989,PATROL,3,4,2.246,-4.014,2.993,,2.258,-3.998,2.991
101.81,2.169,-4.025,2.982,PATROL,3,4,2.168,-4.002,2.986,,2.179,-3.986,2.984
102.01,2.089,-4.012,2.977,PATROL,3,4,2.091,-3.990,2.980,,2.099,-3.973,2.978
102.21,2.010,-3.999,2.972,PATROL,3,4,2.012,-3.978,2.976,,2.019,-3.960,2.974
102.41,1.930,-3.985,2.969,PATROL,3,4,1.935,-3.964,2.973,,1.940,-3.946,2.971
102.61,1.863,-3.973,2.967,PATROL,3,4,1.856,-3.951,2.971,,1.873,-3.934,2.968
102.81,1.783,-3.959,2.965,PATROL,3,4,1.778,-3.937,2.969,,1.793,-3.920,2.966
103.01,1.703,-3.945,2.963,PATROL,3,4,1.699,-3.924,2.967,,1.713,-3.906,2.965
103.21,1.623,-3.930,2.962,PATROL,3,4,1.621,-3.910,2.966,,1.633,-3.892,2.964
103.41,1.543,-3.916,2.961,PATROL,3,4,1.543,-3.896,2.965,,1.553,-3.877,2.963
103.61,1.463,-3.901,2.960,PATROL,3,4,1.464,-3.882,2.964,,1.472,-3.863,2.962
103.81,1.383,-3.886,2.960,PATROL,3,4,1.385,-3.868,2.963,,1.392,-3.848,2.961
104.01,1.303,-3.872,2.959,PATROL,3,4,1.307,-3.854,2.963,,1.312,-3.833,2.961
104.21,1.236,-3.859,2.959,PATROL,3,4,1.228,-3.839,2.962,,1.245,-3.821,2.960
104.41,1.156,-3.844,2.958,PATROL,3,4,1.149,-3.825,2.962,,1.165,-3.806,2.960
104.61,1.076,-3.830,2.958,PATROL,3,4,1.071,-3.811,2.962,,1.084,-3.792,2.959
104.81,0.995,-3.815,2.958,PATROL,3,4,0.992,-3.796,2.962,,1.004,-3.777,2.959
105.01,0.915,-3.800,2.958,PATROL,3,4,0.913,-3.782,2.961,,0.924,-3.762,2.959
105.21,0.835,-3.785,2.958,PATROL,3,4,0.835,-3.768,2.961,,0.844,-3.747,2.959
105.41,0.755,-3.770,2.957,PATROL,3,4,0.756,-3.753,2.961,,0.763,-3.732,2.959
105.61,0.675,-3.755,2.957,PATROL,3,4,0.677,-3.739,2.961,,0.683,-3.718,2.959
105.81,0.608,-3.743,2.957,PATROL,3,4,0.599,-3.725,2.961,,0.616,-3.705,2.958
106.01,0.528,-3.728,2.956,PATROL,3,4,0.521,-3.711,2.960,,0.536,-3.690,2.958
106.21,0.448,-3.712,2.956,PATROL,3,4,0.443,-3.697,2.960,,0.456,-3.675,2.958
106.41,0.367,-3.697,2.956,PATROL,3,4,0.364,-3.682,2.960,,0.376,-3.660,2.957
106.61,0.287,-3.682,2.956,PATROL,3,4,0.286,-3.668,2.959,,0.296,-3.646,2.957
106.81,0.207,-3.667,2.956,PATROL,3,4,0.208,-3.654,2.959,,0.216,-3.631,2.957
107.01,0.127,-3.652,2.956,PATROL,3,4,0.129,-3.640,2.959,,0.135,-3.616,2.957
107.21,0.047,-3.637,2.956,PATROL,3,4,0.051,-3.626,2.959,,0.055,-3.601,2.957
107.41,-0.033,-3.622,2.956,PATROL,3,4,-0.027,-3.611,2.959,,-0.025,-3.586,2.957
107.61,-0.099,-3.610,2.956,PATROL,3,4,-0.105,-3.597,2.959,,-0.091,-3.573,2.957
107.81,-0.179,-3.595,2.956,PATROL,3,4,-0.183,-3.583,2.959,,-0.171,-3.558,2.957
108.01,-0.259,-3.580,2.956,PATROL,3,4,-0.261,-3.569,2.960,,-0.251,-3.543,2.957
108.21,-0.339,-3.565,2.956,PATROL,3,4,-0.339,-3.554,2.960,,-0.331,-3.528,2.958
108.41,-0.419,-3.550,2.956,PATROL,3,4,-0.418,-3.540,2.960,,-0.411,-3.514,2.958
108.61,-0.499,-3.535,2.957,PATROL,3,4,-0.496,-3.526,2.960,,-0.492,-3.499,2.958
108.81,-0.579,-3.520,2.957,PATROL,3,4,-0.574,-3.512,2.960,,-0.572,-3.484,2.958
109.01,-0.659,-3.505,2.957,PATROL,3,4,-0.652,-3.498,2.961,,-0.652,-3.469,2.959
109.21,-0.726,-3.492,2.958,PATROL,3,4,-0.730,-3.484,2.961,,-0.718,-3.457,2.959
109.41,-0.806,-3.477,2.958,PATROL,3,4,-0.809,-3.470,2.961,,-0.798,-3.442,2.959
109.61,-0.886,-3.463,2.958,PATROL,3,4,-0.886,-3.456,2.962,,-0.878,-3.427,2.960
109.81,-0.966,-3.448,2.959,PATROL,3,4,-0.965,-3.442,2.963,,-0.958,-3.413,2.960
110.01,-1.046,-3.433,2.960,PATROL,3,4,-1.043,-3.428,2.963,,-1.038,-3.398,2.961
110.21,-1.125,-3.418,2.961,PATROL,4,5,-1.121,-3.414,2.964,,-1.118,-3.383,2.962
110.41,-1.173,-3.409,2.917,PATROL,4,5,-1.169,-3.404,2.920,,-1.166,-3.374,2.918
110.61,-1.183,-3.406,2.852,PATROL,4,5,-1.180,-3.402,2.855,,-1.176,-3.371,2.853
110.81,-1.183,-3.406,2.742,PATROL,4,5,-1.180,-3.402,2.745,,-1.176,-3.371,2.743
111.01,-1.183,-3.406,2.631,PATROL,4,5,-1.180,-3.402,2.635,,-1.176,-3.371,2.632
111.21,-1.183,-3.406,2.521,PATROL,4,5,-1.179,-3.402,2.524,,-1.176,-3.371,2.522
111.41,-1.183,-3.406,2.411,PATROL,4,5,-1.179,-3.402,2.414,,-1.176,-3.371,2.412
111.61,-1.183,-3.406,2.301,PATROL,4,5,-1.179,-3.402,2.304,,-1.176,-3.371,2.302
111.81,-1.183,-3.406,2.191,PATROL,4,5,-1.179,-3.402,2.194,,-1.176,-3.371,2.192
112.01,-1.183,-3.406,2.080,PATROL,4,5,-1.179,-3.403,2.084,,-1.176,-3.371,2.081
112.21,-1.183,-3.406,1.971,PATROL,4,5,-1.179,-3.403,1.974,,-1.176,-3.371,1.972
112.41,-1.183,-3.406,1.861,PATROL,4,5,-1.179,-3.403,1.864,,-1.176,-3.371,1.861
112.61,-1.183,-3.406,1.750,PATROL,4,5,-1.178,-3.403,1.753,,-1.176,-3.371,1.751
112.81,-1.183,-3.406,1.640,PATROL,4,5,-1.178,-3.403,1.643,,-1.176,-3.371,1.641
113.01,-1.183,-3.406,1.530,PATROL,4,5,-1.178,-3.404,1.533,,-1.176,-3.371,1.530
113.21,-1.182,-3.403,1.419,PATROL,4,5,-1.178,-3.400,1.423,,-1.175,-3.368,1.420
113.41,-1.180,-3.393,1.310,PATROL,4,5,-1.176,-3.391,1.313,,-1.173,-3.358,1.311
113.61,-1.176,-3.379,1.200,PATROL,4,5,-1.172,-3.378,1.203,,-1.168,-3.344,1.201
113.81,-1.167,-3.360,1.091,PATROL,4,5,-1.163,-3.360,1.094,,-1.160,-3.325,1.091
114.01,-1.154,-3.338,0.981,PATROL,4,5,-1.151,-3.338,0.985,,-1.146,-3.303,0.982
114.21,-1.138,-3.317,0.872,PATROL,4,5,-1.133,-3.314,0.875,,-1.131,-3.282,0.872
114.41,-1.114,-3.291,0.762,PATROL,4,5,-1.109,-3.289,0.766,,-1.107,-3.256,0.763
114.61,-1.083,-3.265,0.653,PATROL,4,5,-1.078,-3.263,0.656,,-1.076,-3.230,0.654
114.81,-1.045,-3.239,0.544,PATROL,4,5,-1.042,-3.237,0.547,,-1.038,-3.204,0.544
115.01,-1.000,-3.215,0.435,PATROL,4,5,-0.998,-3.214,0.438,,-0.993,-3.180,0.435
115.21,-0.947,-3.194,0.330,PATROL,4,5,-0.948,-3.194,0.333,,-0.940,-3.159,0.330
115.41,-0.888,-3.177,0.244,PATROL,4,5,-0.891,-3.177,0.247,,-0.881,-3.142,0.244
115.61,-0.825,-3.164,0.174,PATROL,4,5,-0.829,-3.164,0.177,,-0.817,-3.128,0.174
115.81,-0.768,-3.156,0.116,PATROL,4,5,-0.763,-3.154,0.120,,-0.761,-3.120,0.116
116.01,-0.698,-3.149,0.070,PATROL,4,5,-0.694,-3.147,0.073,,-0.691,-3.114,0.070
116.21,-0.626,-3.145,0.032,PATROL,4,5,-0.623,-3.143,0.036,,-0.619,-3.110,0.032
116.41,-0.552,-3.144,0.001,PATROL,4,5,-0.550,-3.142,0.005,,-0.544,-3.109,0.001
116.61,-0.476,-3.145,-0.024,PATROL,4,5,-0.476,-3.143,-0.020,,-0.469,-3.109,-0.024
116.81,-0.399,-3.147,-0.045,PATROL,4,5,-0.401,-3.145,-0.041,,-0.392,-3.112,-0.045
117.01,-0.322,-3.151,-0.062,PATROL,4,5,-0.326,-3.149,-0.058,,-0.315,-3.116,-0.062
117.21,-0.244,-3.157,-0.076,PATROL,4,5,-0.249,-3.154,-0.072,,-0.236,-3.122,-0.076
117.41,-0.166,-3.163,-0.089,PATROL,4,5,-0.172,-3.160,-0.086,,-0.158,-3.128,-0.089
117.61,-0.100,-3.170,-0.101,PATROL,4,5,-0.095,-3.167,-0.097,,-0.092,-3.135,-0.101
117.81,-0.021,-3.178,-0.110,PATROL,4,5,-0.018,-3.175,-0.106,,-0.013,-3.143,-0.110
118.01,0.059,-3.187,-0.117,PATROL,4,5,0.060,-3.183,-0.114,,0.067,-3.152,-0.117
118.21,0.139,-3.197,-0.123,PATROL,4,5,0.138,-3.192,-0.120,,0.147,-3.162,-0.124
118.41,0.219,-3.207,-0.129,PATROL,4,5,0.216,-3.201,-0.125,,0.227,-3.172,-0.129
118.61,0.299,-3.217,-0.133,PATROL,4,5,0.294,-3.211,-0.129,,0.307,-3.182,-0.133
118.81,0.379,-3.228,-0.136,PATROL,4,5,0.373,-3.221,-0.133,,0.387,-3.193,-0.136
119.01,0.459,-3.239,-0.139,PATROL,4,5,0.451,-3.232,-0.136,,0.467,-3.204,-0.139
119.21,0.526,-3.249,-0.141,PATROL,4,5,0.530,-3.243,-0.138,,0.534,-3.214,-0.141
119.41,0.607,-3.260,-0.143,PATROL,4,5,0.609,-3.254,-0.139,,0.615,-3.225,-0.143
119.61,0.687,-3.272,-0.144,PATROL,4,5,0.688,-3.265,-0.141,,0.695,-3.237,-0.144
119.81,0.768,-3.284,-0.145,PATROL,4,5,0.767,-3.276,-0.142,,0.776,-3.249,-0.146
120.01,0.848,-3.296,-0.147,PATROL,4,5,0.846,-3.287,-0.143,,0.857,-3.261,-0.147
120.21,0.929,-3.308,-0.147,PATROL,4,5,0.925,-3.299,-0.144,,0.937,-3.273,-0.148
120.41,1.010,-3.320,-0.148,PATROL,4,5,1.004,-3.310,-0.145,,1.018,-3.285,-0.148
120.61,1.090,-3.332,-0.149,PATROL,5,6,1.083,-3.322,-0.146,,1.098,-3.297,-0.149
120.81,1.153,-3.341,-0.153,PATROL,5,6,1.157,-3.333,-0.150,,1.161,-3.306,-0.154
121.01,1.227,-3.352,-0.125,PATROL,5,6,1.229,-3.342,-0.121,,1.235,-3.317,-0.125
121.21,1.302,-3.360,-0.102,PATROL,5,6,1.303,-3.350,-0.098,,1.310,-3.326,-0.102
121.41,1.378,-3.367,-0.083,PATROL,5,6,1.377,-3.357,-0.079,,1.387,-3.333,-0.083
121.61,1.456,-3.373,-0.068,PATROL,5,6,1.453,-3.362,-0.064,,1.464,-3.338,-0.068
121.81,1.534,-3.378,-0.055,PATROL,5,6,1.529,-3.367,-0.052,,1.542,-3.343,-0.055
122.01,1.612,-3.382,-0.045,PATROL,5,6,1.606,-3.370,-0.041,,1.621,-3.347,-0.045
122.21,1.691,-3.385,-0.037,PATROL,5,6,1.684,-3.373,-0.033,,1.700,-3.350,-0.037
122.41,1.758,-3.387,-0.029,PATROL,5,6,1.762,-3.375,-0.026,,1.766,-3.353,-0.030
122.61,1.838,-3.389,-0.024,PATROL,5,6,1.840,-3.377,-0.020,,1.846,-3.355,-0.024
122.81,1.918,-3.391,-0.019,PATROL,5,6,1.918,-3.378,-0.015,,1.926,-3.356,-0.019
123.01,1.998,-3.393,-0.015,PATROL,5,6,1.996,-3.379,-0.011,,2.007,-3.358,-0.015
123.21,2.078,-3.394,-0.011,PATROL,5,6,2.075,-3.379,-0.007,,2.087,-3.359,-0.011
123.41,2.159,-3.394,-0.008,PATROL,5,6,2.154,-3.380,-0.004,,2.168,-3.360,-0.008
123.61,2.240,-3.395,-0.006,PATROL,5,6,2.233,-3.380,-0.002,,2.249,-3.360,-0.006
123.81,2.320,-3.395,-0.004,PATROL,5,6,2.312,-3.380,0.000,,2.329,-3.361,-0.004
124.01,2.401,-3.395,-0.002,PATROL,5,6,2.391,-3.379,0.002,,2.410,-3.361,-0.002
124.21,2.469,-3.396,-0.000,PATROL,5,6,2.470,-3.379,0.004,,2.478,-3.361,-0.000
124.41,2.550,-3.395,0.002,PATROL,5,6,2.549,-3.379,0.005,,2.559,-3.361,0.002
124.61,2.631,-3.395,0.003,PATROL,5,6,2.628,-3.378,0.007,,2.640,-3.361,0.003
124.81,2.712,-3.395,0.005,PATROL,5,6,2.707,-3.377,0.009,,2.721,-3.360,0.005
125.01,2.793,-3.394,0.007,PATROL,5,6,2.787,-3.377,0.011,,2.802,-3.360,0.007
125.21,2.874,-3.394,0.009,PATROL,5,6,2.867,-3.376,0.013,,2.883,-3.359,0.009
125.41,2.955,-3.393,0.011,PATROL,5,6,2.946,-3.374,0.015,,2.965,-3.358,0.011
125.61,3.037,-3.392,0.013,PATROL,5,6,3.025,-3.373,0.016,,3.046,-3.357,0.013
125.81,3.105,-3.391,0.014,PATROL,5,6,3.106,-3.372,0.018,,3.114,-3.356,0.014
126.01,3.186,-3.390,0.016,PATROL,5,6,3.185,-3.370,0.020,,3.196,-3.355,0.016
126.21,3.268,-3.388,0.016,PATROL,5,6,3.265,-3.369,0.020,,3.277,-3.354,0.016
126.41,3.349,-3.387,0.017,PATROL,5,6,3.345,-3.367,0.020,,3.359,-3.353,0.017
126.61,3.431,-3.386,0.017,PATROL,5,6,3.425,-3.366,0.021,,3.440,-3.351,0.017
126.81,3.512,-3.384,0.017,PATROL,5,6,3.505,-3.364,0.021,,3.522,-3.350,0.017
127.01,3.594,-3.383,0.017,PATROL,5,6,3.585,-3.362,0.021,,3.603,-3.348,0.017
127.21,3.675,-3.382,0.017,PATROL,5,6,3.665,-3.361,0.021,,3.685,-3.347,0.017
127.41,3.743,-3.380,0.017,PATROL,5,6,3.744,-3.359,0.021,,3.753,-3.346,0.017
127.61,3.825,-3.379,0.017,PATROL,5,6,3.824,-3.357,0.021,,3.834,-3.344,0.017
127.81,3.906,-3.378,0.017,PATROL,6,7,3.904,-3.356,0.020,,3.916,-3.343,0.016
128.01,3.987,-3.376,0.014,PATROL,6,7,3.983,-3.354,0.017,,3.997,-3.342,0.014
128.21,4.068,-3.375,0.011,PATROL,6,7,4.062,-3.353,0.015,,4.078,-3.341,0.011
128.41,4.149,-3.375,0.010,PATROL,6,7,4.142,-3.352,0.013,,4.159,-3.340,0.009
128.61,4.230,-3.374,0.008,PATROL,6,7,4.221,-3.351,0.012,,4.240,-3.339,0.008
128.81,4.311,-3.373,0.007,PATROL,6,7,4.301,-3.350,0.010,,4.321,-3.339,0.007
129.01,4.392,-3.373,0.006,PATROL,6,7,4.380,-3.349,0.009,,4.402,-3.338,0.006
129.21,4.460,-3.372,0.005,PATROL,6,7,4.460,-3.349,0.008,,4.470,-3.338,0.005
129.41,4.541,-3.372,0.004,PATROL,6,7,4.540,-3.348,0.008,,4.551,-3.338,0.004
129.61,4.623,-3.372,0.004,PATROL,6,7,4.619,-3.348,0.007,,4.633,-3.337,0.003
129.81,4.704,-3.371,0.003,PATROL,6,7,4.699,-3.347,0.007,,4.714,-3.337,0.003
130.01,4.785,-3.371,0.003,PATROL,6,7,4.778,-3.347,0.006,,4.795,-3.337,0.003
130.21,4.867,-3.371,0.002,PATROL,6,7,4.858,-3.346,0.006,,4.877,-3.337,0.002
130.41,4.948,-3.371,0.002,PATROL,6,7,4.938,-3.346,0.006,,4.958,-3.336,0.002
130.61,5.030,-3.371,0.002,PATROL,6,7,5.018,-3.345,0.006,,5.040,-3.336,0.002
130.81,5.097,-3.371,0.002,PATROL,6,7,5.097,-3.345,0.005,,5.108,-3.336,0.002
131.01,5.179,-3.370,0.002,PATROL,6,7,5.177,-3.344,0.005,,5.189,-3.336,0.001
131.21,5.260,-3.370,0.001,PATROL,6,7,5.257,-3.344,0.005,,5.270,-3.336,0.001
131.41,5.341,-3.370,0.001,PATROL,6,7,5.337,-3.344,0.005,,5.352,-3.336,0.001
131.61,5.423,-3.370,0.001,PATROL,6,7,5.416,-3.343,0.005,,5.433,-3.336,0.001
131.81,5.504,-3.370,0.001,PATROL,6,7,5.496,-3.343,0.004,,5.515,-3.336,0.001
132.01,5.586,-3.370,0.000,PATROL,6,7,5.576,-3.343,0.004,,5.596,-3.336,0.000
132.21,5.667,-3.370,-0.000,PATROL,6,7,5.655,-3.342,0.004,,5.677,-3.336,-0.000
132.41,5.735,-3.370,-0.000,PATROL,6,7,5.735,-3.342,0.003,,5.745,-3.336,-0.001
132.61,5.816,-3.370,-0.001,PATROL,6,7,5.815,-3.342,0.003,,5.827,-3.336,-0.001
132.81,5.898,-3.370,-0.001,PATROL,6,7,5.895,-3.342,0.003,,5.908,-3.336,-0.001
133.01,5.979,-3.370,-0.001,PATROL,6,7,5.974,-3.342,0.002,,5.990,-3.336,-0.001
133.21,6.060,-3.370,-0.001,PATROL,6,7,6.054,-3.341,0.002,,6.071,-3.336,-0.002
133.41,6.142,-3.370,-0.002,PATROL,6,7,6.134,-3.341,0.002,,6.152,-3.336,-0.002
133.61,6.223,-3.371,-0.002,PATROL,6,7,6.213,-3.341,0.001,,6.234,-3.336,-0.002
133.81,6.304,-3.371,-0.003,PATROL,6,7,6.293,-3.341,0.001,,6.315,-3.336,-0.003
134.01,6.386,-3.371,-0.003,PATROL,6,7,6.372,-3.341,0.001,,6.397,-3.337,-0.003
134.21,6.454,-3.371,-0.004,PATROL,6,7,6.452,-3.341,-0.000,,6.464,-3.337,-0.004
134.41,6.535,-3.372,-0.004,PATROL,6,7,6.532,-3.341,-0.001,,6.546,-3.337,-0.004
134.61,6.616,-3.372,-0.005,PATROL,7,8,6.611,-3.341,-0.001,,6.627,-3.338,-0.005
134.81,6.698,-3.372,-0.005,PATROL,7,8,6.691,-3.341,-0.001,,6.709,-3.338,-0.005
135.01,6.779,-3.373,-0.004,PATROL,7,8,6.770,-3.341,-0.001,,6.790,-3.338,-0.004
135.21,6.860,-3.373,-0.004,PATROL,7,8,6.850,-3.341,-0.000,,6.872,-3.339,-0.004
135.41,6.942,-3.373,-0.003,PATROL,7,8,6.930,-3.341,0.000,,6.953,-3.339,-0.003
135.61,7.023,-3.373,-0.003,PATROL,7,8,7.009,-3.341,0.001,,7.035,-3.339,-0.003
135.81,7.091,-3.374,-0.002,PATROL,7,8,7.089,-3.340,0.001,,7.102,-3.339,-0.002
136.01,7.173,-3.374,-0.002,PATROL,7,8,7.169,-3.340,0.002,,7.184,-3.340,-0.002
136.21,7.254,-3.374,-0.002,PATROL,7,8,7.248,-3.340,0.002,,7.266,-3.340,-0.002
136.41,7.336,-3.374,-0.001,PATROL,7,8,7.328,-3.340,0.002,,7.347,-3.340,-0.001
136.61,7.417,-3.374,-0.001,PATROL,7,8,7.408,-3.340,0.003,,7.429,-3.340,-0.001
136.81,7.499,-3.374,-0.001,PATROL,7,8,7.488,-3.339,0.003,,7.510,-3.340,-0.001
137.01,7.581,-3.374,-0.000,PATROL,7,8,7.568,-3.339,0.003,,7.592,-3.340,-0.000
137.21,7.662,-3.374,0.000,PATROL,7,8,7.648,-3.339,0.004,,7.674,-3.340,-0.000
137.41,7.730,-3.374,0.000,PATROL,7,8,7.728,-3.338,0.004,,7.742,-3.340,0.000
137.61,7.812,-3.374,0.000,PATROL,7,8,7.807,-3.338,0.004,,7.823,-3.340,0.000
137.81,7.893,-3.374,0.001,PATROL,7,8,7.888,-3.338,0.004,,7.905,-3.340,0.000
138.01,7.975,-3.374,0.001,PATROL,7,8,7.967,-3.338,0.004,,7.986,-3.340,0.001
138.21,8.056,-3.374,0.001,PATROL,7,8,8.047,-3.337,0.005,,8.068,-3.340,0.001
138.41,8.138,-3.374,0.001,PATROL,7,8,8.127,-3.337,0.005,,8.150,-3.340,0.001
138.61,8.219,-3.374,0.002,PATROL,7,8,8.206,-3.336,0.005,,8.231,-3.340,0.001
138.81,8.301,-3.374,0.002,PATROL,7,8,8.286,-3.336,0.005,,8.313,-3.340,0.002
139.01,8.369,-3.374,0.002,PATROL,7,8,8.366,-3.336,0.005,,8.381,-3.339,0.002
139.21,8.450,-3.373,0.002,PATROL,7,8,8.445,-3.335,0.006,,8.462,-3.339,0.002
139.41,8.532,-3.373,0.002,PATROL,7,8,8.525,-3.335,0.006,,8.544,-3.339,0.002
139.61,8.613,-3.373,0.002,PATROL,7,8,8.605,-3.334,0.006,,8.625,-3.339,0.002
139.81,8.694,-3.373,0.002,PATROL,7,8,8.685,-3.334,0.006,,8.706,-3.339,0.002
140.01,8.776,-3.373,0.002,PATROL,7,8,8.764,-3.333,0.006,,8.788,-3.339,0.002
140.21,8.857,-3.373,0.002,PATROL,7,8,8.844,-3.333,0.006,,8.869,-3.339,0.002
140.41,8.938,-3.372,0.002,PATROL,7,8,8.924,-3.333,0.005,,8.951,-3.338,0.002
140.61,9.020,-3.372,0.002,PATROL,7,8,9.003,-3.332,0.005,,9.032,-3.338,0.001
140.81,9.087,-3.372,0.001,PATROL,7,8,9.083,-3.332,0.005,,9.100,-3.338,0.001
141.01,9.169,-3.372,0.001,PATROL,7,8,9.163,-3.331,0.004,,9.181,-3.338,0.001
141.21,9.250,-3.372,0.000,PATROL,7,8,9.242,-3.331,0.004,,9.262,-3.338,0.000
141.41,9.331,-3.372,-0.000,PATROL,8,16,9.322,-3.331,0.003,,9.344,-3.338,-0.001
141.61,9.404,-3.372,0.009,PATROL,8,16,9.393,-3.331,0.013,,9.416,-3.338,0.009
141.81,9.437,-3.371,0.034,PATROL,8,16,9.427,-3.330,0.038,,9.450,-3.337,0.034
142.01,9.446,-3.371,0.124,PATROL,8,16,9.436,-3.329,0.128,,9.459,-3.337,0.124
142.21,9.458,-3.369,0.231,PATROL,8,16,9.448,-3.327,0.235,,9.470,-3.335,0.231
142.41,9.471,-3.365,0.337,PATROL,8,16,9.464,-3.321,0.341,,9.484,-3.331,0.337
142.61,9.492,-3.356,0.444,PATROL,8,16,9.485,-3.313,0.448,,9.504,-3.322,0.444
142.81,9.515,-3.344,0.551,PATROL,8,16,9.508,-3.300,0.555,,9.528,-3.310,0.552
143.01,9.542,-3.325,0.657,PATROL,8,16,9.534,-3.281,0.661,,9.555,-3.291,0.658
143.21,9.570,-3.301,0.764,PATROL,8,16,9.562,-3.257,0.767,,9.583,-3.267,0.764
143.41,9.599,-3.270,0.873,PATROL,8,16,9.590,-3.227,0.877,,9.612,-3.236,0.874
143.61,9.627,-3.232,0.983,PATROL,8,16,9.617,-3.190,0.987,,9.640,-3.198,0.984
143.81,9.653,-3.187,1.094,PATROL,8,16,9.643,-3.146,1.098,,9.666,-3.153,1.094
144.01,9.673,-3.144,1.198,PATROL,8,16,9.666,-3.095,1.202,,9.685,-3.109,1.199
144.21,9.693,-3.086,1.283,PATROL,8,16,9.685,-3.038,1.287,,9.705,-3.051,1.283
144.41,9.709,-3.022,1.351,PATROL,8,16,9.700,-2.975,1.355,,9.722,-2.988,1.352
144.61,9.722,-2.955,1.407,PATROL,8,16,9.713,-2.910,1.411,,9.735,-2.921,1.408
144.81,9.732,-2.885,1.453,PATROL,8,16,9.722,-2.841,1.456,,9.745,-2.851,1.453
145.01,9.739,-2.813,1.489,PATROL,8,16,9.729,-2.770,1.493,,9.752,-2.778,1.490
145.21,9.744,-2.739,1.519,PATROL,8,16,9.733,-2.698,1.522,,9.757,-2.704,1.520
145.41,9.747,-2.663,1.544,PATROL,8,16,9.736,-2.624,1.547,,9.760,-2.629,1.544
145.61,9.748,-2.587,1.565,PATROL,8,16,9.737,-2.550,1.568,,9.761,-2.553,1.565
145.81,9.748,-2.523,1.582,PATROL,8,16,9.736,-2.474,1.585,,9.760,-2.488,1.582
146.01,9.747,-2.445,1.597,PATROL,8,16,9.734,-2.398,1.600,,9.759,-2.411,1.598
146.21,9.744,-2.367,1.609,PATROL,8,16,9.732,-2.321,1.613,,9.756,-2.332,1.610
146.41,9.741,-2.288,1.620,PATROL,8,16,9.728,-2.244,1.624,,9.753,-2.254,1.621
146.61,9.737,-2.209,1.631,PATROL,8,16,9.723,-2.167,1.634,,9.749,-2.175,1.631
146.81,9.731,-2.130,1.641,PATROL,8,16,9.718,-2.089,1.644,,9.743,-2.095,1.641
147.01,9.725,-2.050,1.649,PATROL,8,16,9.712,-2.011,1.652,,9.737,-2.016,1.649
147.21,9.719,-1.971,1.656,PATROL,8,16,9.705,-1.934,1.659,,9.731,-1.936,1.656
147.41,9.713,-1.904,1.662,PATROL,8,16,9.698,-1.855,1.665,,9.725,-1.869,1.662
147.61,9.705,-1.824,1.667,PATROL,8,16,9.691,-1.777,1.670,,9.717,-1.789,1.667
147.81,9.698,-1.743,1.671,PATROL,8,16,9.683,-1.698,1.675,,9.709,-1.709,1.672
148.01,9.689,-1.663,1.675,PATROL,8,16,9.674,-1.619,1.678,,9.701,-1.628,1.676
148.21,9.681,-1.583,1.679,PATROL,8,16,9.666,-1.540,1.682,,9.692,-1.548,1.679
148.41,9.672,-1.502,1.682,PATROL,8,16,9.657,-1.462,1.685,,9.683,-1.467,1.683
148.61,9.663,-1.422,1.685,PATROL,9,15,9.648,-1.383,1.689,,9.674,-1.387,1.686
148.81,9.655,-1.354,1.710,PATROL,9,15,9.639,-1.314,1.714,,9.666,-1.319,1.711
149.01,9.651,-1.330,1.769,PATROL,9,15,9.634,-1.286,1.773,,9.662,-1.295,1.770
149.21,9.647,-1.315,1.875,PATROL,9,15,9.630,-1.271,1.879,,9.658,-1.280,1.876
149.41,9.640,-1.296,1.983,PATROL,9,15,9.623,-1.253,1.986,,9.651,-1.261,1.983
149.61,9.629,-1.274,2.088,PATROL,9,15,9.611,-1.230,2.092,,9.640,-1.239,2.089
149.81,9.612,-1.248,2.196,PATROL,9,15,9.595,-1.205,2.200,,9.623,-1.213,2.197
150.01,9.589,-1.220,2.302,PATROL,9,15,9.573,-1.177,2.306,,9.601,-1.185,2.303
150.21,9.560,-1.191,2.411,PATROL,9,15,9.544,-1.149,2.415,,9.571,-1.156,2.412
150.41,9.524,-1.162,2.521,PATROL,9,15,9.509,-1.121,2.525,,9.535,-1.127,2.522
150.61,9.488,-1.140,2.632,PATROL,9,15,9.466,-1.095,2.636,,9.499,-1.105,2.634
150.81,9.438,-1.115,2.739,PATROL,9,15,9.417,-1.071,2.742,,9.449,-1.080,2.740
151.01,9.381,-1.093,2.826,PATROL,9,15,9.361,-1.050,2.829,,9.392,-1.058,2.827
151.21,9.319,-1.075,2.896,PATROL,9,15,9.299,-1.033,2.899,,9.329,-1.040,2.897
151.41,9.252,-1.060,2.953,PATROL,9,15,9.234,-1.019,2.956,,9.263,-1.026,2.954
151.61,9.182,-1.049,2.998,PATROL,9,15,9.165,-1.008,3.002,,9.193,-1.014,3.000
151.81,9.110,-1.040,3.035,PATROL,9,15,9.095,-0.999,3.038,,9.120,-1.005,3.036
152.01,9.036,-1.033,3.064,PATROL,9,15,9.022,-0.993,3.067,,9.046,-0.999,3.065
152.21,8.960,-1.028,3.088,PATROL,9,15,8.948,-0.988,3.091,,8.971,-0.994,3.089
152.41,8.896,-1.026,3.107,PATROL,9,15,8.873,-0.985,3.110,,8.907,-0.991,3.109
152.61,8.819,-1.023,3.123,PATROL,9,15,8.797,-0.984,3.126,,8.830,-0.989,3.125
152.81,8.741,-1.022,3.136,PATROL,9,15,8.721,-0.983,3.139,,8.752,-0.988,3.137
153.01,8.662,-1.022,3.147,PATROL,9,15,8.644,-0.983,-3.133,,8.673,-0.989,3.148
153.21,8.583,-1.023,3.156,PATROL,9,15,8.567,-0.984,-3.124,,8.594,-0.989,3.158
153.41,8.504,-1.025,3.164,PATROL,9,15,8.489,-0.986,-3.116,,8.515,-0.991,3.165
153.61,8.425,-1.027,3.171,PATROL,9,15,8.412,-0.988,-3.109,,8.435,-0.993,3.172
153.81,8.345,-1.029,3.178,PATROL,9,15,8.333,-0.991,-3.103,,8.355,-0.996,3.179
154.01,8.278,-1.032,3.185,PATROL,9,15,8.255,-0.994,-3.096,,8.288,-0.999,3.186
154.21,8.198,-1.036,3.190,PATROL,9,15,8.176,-0.998,-3.090,,8.208,-1.003,3.192
154.41,8.117,-1.040,3.195,PATROL,9,15,8.097,-1.003,-3.086,,8.127,-1.007,3.196
154.61,8.036,-1.044,3.198,PATROL,9,15,8.018,-1.007,-3.082,,8.047,-1.011,3.200
154.81,7.956,-1.049,3.202,PATROL,9,15,7.939,-1.012,-3.079,,7.966,-1.016,3.203
155.01,7.875,-1.054,3.204,PATROL,9,15,7.860,-1.017,-3.076,,7.885,-1.021,3.206
155.21,7.794,-1.059,3.206,PATROL,9,15,7.780,-1.022,-3.074,,7.804,-1.027,3.208
155.41,7.712,-1.065,3.208,PATROL,9,15,7.701,-1.028,-3.072,,7.723,-1.032,3.210
155.61,7.645,-1.069,3.210,PATROL,9,15,7.621,-1.033,-3.070,,7.655,-1.037,3.211
155.81,7.564,-1.075,3.211,PATROL,9,15,7.542,-1.039,-3.069,,7.574,-1.042,3.213
156.01,7.482,-1.080,3.212,PATROL,9,15,7.462,-1.045,-3.068,,7.492,-1.048,3.214
156.21,7.401,-1.086,3.213,PATROL,9,15,7.383,-1.051,-3.067,,7.411,-1.054,3.215
156.41,7.320,-1.092,3.214,PATROL,9,15,7.303,-1.057,-3.066,,7.330,-1.060,3.216
156.61,7.239,-1.098,3.215,PATROL,9,15,7.223,-1.063,-3.065,,7.248,-1.066,3.216
156.81,7.157,-1.104,3.215,PATROL,10,14,7.144,-1.069,-3.065,,7.167,-1.072,3.217
157.01,7.080,-1.110,3.226,PATROL,10,14,7.069,-1.075,-3.054,,7.090,-1.078,3.228
157.21,7.016,-1.115,3.210,PATROL,10,14,6.993,-1.081,-3.070,,7.026,-1.083,3.212
157.41,6.938,-1.120,3.197,PATROL,10,14,6.916,-1.086,-3.084,,6.948,-1.088,3.198
157.61,6.859,-1.124,3.186,PATROL,10,14,6.839,-1.090,-3.095,,6.869,-1.092,3.187
157.81,6.780,-1.127,3.177,PATROL,10,14,6.761,-1.093,-3.103,,6.789,-1.096,3.178
158.01,6.700,-1.129,3.170,PATROL,10,14,6.683,-1.096,-3.111,,6.710,-1.098,3.171
158.21,6.620,-1.131,3.164,PATROL,10,14,6.604,-1.098,-3.117,,6.630,-1.101,3.165
158.41,6.539,-1.133,3.159,PATROL,10,14,6.526,-1.100,-3.121,,6.549,-1.102,3.160
158.61,6.459,-1.134,3.155,PATROL,10,14,6.447,-1.101,-3.125,,6.469,-1.104,3.156
158.81,6.378,-1.135,3.152,PATROL,10,14,6.368,-1.102,-3.129,,6.388,-1.105,3.153
159.01,6.311,-1.136,3.149,PATROL,10,14,6.288,-1.103,-3.131,,6.320,-1.105,3.151
159.21,6.230,-1.136,3.147,PATROL,10,14,6.209,-1.104,-3.133,,6.239,-1.106,3.148
159.41,6.149,-1.137,3.145,PATROL,10,14,6.130,-1.105,-3.135,,6.158,-1.106,3.147
159.61,6.068,-1.137,3.144,PATROL,10,14,6.050,-1.105,-3.137,,6.077,-1.107,3.145
159.81,5.986,-1.137,3.143,PATROL,10,14,5.971,-1.105,-3.138,,5.996,-1.107,3.144
160.01,5.905,-1.137,3.142,PATROL,10,14,5.891,-1.106,-3.139,,5.915,-1.107,3.143
160.21,5.824,-1.137,3.141,PATROL,10,14,5.812,-1.106,-3.139,,5.833,-1.107,3.142
160.41,5.743,-1.137,3.140,PATROL,10,14,5.732,-1.106,-3.140,,5.752,-1.107,3.142
160.61,5.675,-1.137,3.140,PATROL,10,14,5.652,-1.106,-3.141,,5.684,-1.107,3.141
160.81,5.594,-1.137,3.139,PATROL,10,14,5.573,-1.106,-3.141,,5.603,-1.107,3.140
161.01,5.512,-1.136,3.138,PATROL,10,14,5.493,-1.106,3.141,,5.521,-1.107,3.140
161.21,5.431,-1.136,3.138,PATROL,10,14,5.414,-1.106,3.140,,5.440,-1.107,3.139
161.41,5.350,-1.136,3.137,PATROL,10,14,5.334,-1.106,3.140,,5.359,-1.107,3.138
161.61,5.268,-1.135,3.136,PATROL,10,14,5.254,-1.106,3.139,,5.277,-1.106,3.138
161.81,5.187,-1.135,3.136,PATROL,10,14,5.174,-1.105,3.138,,5.196,-1.106,3.137
162.01,5.105,-1.134,3.135,PATROL,10,14,5.094,-1.105,3.138,,5.114,-1.106,3.136
162.21,5.037,-1.134,3.134,PATROL,10,14,5.015,-1.105,3.137,,5.046,-1.105,3.136
162.41,4.956,-1.133,3.134,PATROL,10,14,4.935,-1.104,3.136,,4.965,-1.105,3.135
162.61,4.874,-1.133,3.133,PATROL,10,14,4.855,-1.104,3.136,,4.883,-1.104,3.134
162.81,4.793,-1.132,3.132,PATROL,10,14,4.776,-1.104,3.135,,4.802,-1.103,3.134
163.01,4.711,-1.131,3.132,PATROL,10,14,4.696,-1.103,3.135,,4.720,-1.103,3.133
163.21,4.630,-1.130,3.131,PATROL,10,14,4.617,-1.103,3.134,,4.639,-1.102,3.133
163.41,4.548,-1.129,3.131,PATROL,10,14,4.537,-1.103,3.134,,4.557,-1.101,3.132
163.61,4.467,-1.129,3.130,PATROL,10,14,4.457,-1.102,3.133,,4.475,-1.101,3.132
163.81,4.385,-1.128,3.130,PATROL,11,13,4.377,-1.101,3.133,,4.394,-1.100,3.131
164.01,4.317,-1.127,3.130,PATROL,11,13,4.298,-1.101,3.133,,4.326,-1.099,3.131
164.21,4.236,-1.126,3.131,PATROL,11,13,4.219,-1.100,3.134,,4.245,-1.098,3.132
164.41,4.155,-1.125,3.132,PATROL,11,13,4.139,-1.100,3.135,,4.164,-1.098,3.133
164.61,4.074,-1.124,3.133,PATROL,11,13,4.060,-1.099,3.136,,4.083,-1.097,3.134
164.81,3.993,-1.124,3.134,PATROL,11,13,3.980,-1.099,3.137,,4.001,-1.096,3.135
165.01,3.912,-1.123,3.134,PATROL,11,13,3.901,-1.099,3.137,,3.920,-1.096,3.136
165.21,3.831,-1.122,3.135,PATROL,11,13,3.822,-1.098,3.138,,3.839,-1.095,3.136
165.41,3.750,-1.122,3.135,PATROL,11,13,3.742,-1.098,3.138,,3.758,-1.095,3.137
165.61,3.682,-1.121,3.136,PATROL,11,13,3.663,-1.098,3.139,,3.690,-1.095,3.137
165.81,3.601,-1.121,3.136,PATROL,11,13,3.583,-1.098,3.139,,3.609,-1.094,3.138
166.01,3.519,-1.121,3.137,PATROL,11,13,3.504,-1.097,3.140,,3.527,-1.094,3.138
166.21,3.438,-1.120,3.137,PATROL,11,13,3.424,-1.097,3.140,,3.446,-1.094,3.138
166.41,3.357,-1.120,3.137,PATROL,11,13,3.345,-1.097,3.140,,3.365,-1.094,3.139
166.61,3.276,-1.120,3.138,PATROL,11,13,3.265,-1.097,3.141,,3.284,-1.093,3.139
166.81,3.194,-1.119,3.139,PATROL,11,13,3.186,-1.097,3.141,,3.202,-1.093,3.140
167.01,3.113,-1.119,3.139,PATROL,11,13,3.106,-1.097,-3.141,,3.121,-1.093,3.141
167.21,3.045,-1.119,3.140,PATROL,11,13,3.027,-1.097,-3.140,,3.053,-1.093,3.142
167.41,2.964,-1.119,3.141,PATROL,11,13,2.948,-1.098,-3.139,,2.972,-1.093,3.142
167.61,2.883,-1.119,3.142,PATROL,11,13,2.868,-1.098,-3.138,,2.890,-1.093,3.143
167.81,2.801,-1.119,3.143,PATROL,11,13,2.788,-1.098,-3.137,,2.809,-1.093,3.144
168.01,2.720,-1.119,3.144,PATROL,11,13,2.709,-1.099,-3.137,,2.728,-1.094,3.145
168.21,2.638,-1.119,3.144,PATROL,11,13,2.629,-1.099,-3.136,,2.646,-1.094,3.146
168.41,2.557,-1.119,3.145,PATROL,11,13,2.549,-1.100,-3.135,,2.564,-1.094,3.146
168.61,2.475,-1.120,3.146,PATROL,11,13,2.469,-1.100,-3.135,,2.483,-1.095,3.147
168.81,2.394,-1.120,3.146,PATROL,11,13,2.389,-1.101,-3.134,,2.401,-1.095,3.148
169.01,2.326,-1.120,3.147,PATROL,11,13,2.309,-1.101,-3.133,,2.333,-1.096,3.148
169.21,2.244,-1.121,3.148,PATROL,11,13,2.229,-1.102,-3.132,,2.252,-1.096,3.149
169.41,2.163,-1.121,3.148,PATROL,11,13,2.150,-1.103,-3.132,,2.170,-1.097,3.150
169.61,2.081,-1.122,3.149,PATROL,11,13,2.070,-1.104,-3.131,,2.088,-1.098,3.150
169.81,2.000,-1.123,3.149,PATROL,11,13,1.990,-1.104,-3.131,,2.007,-1.098,3.151
170.01,1.918,-1.123,3.150,PATROL,11,13,1.911,-1.105,-3.131,,1.926,-1.099,3.151
170.21,1.837,-1.124,3.150,PATROL,11,13,1.831,-1.106,-3.130,,1.844,-1.100,3.151
170.41,1.756,-1.125,3.150,PATROL,11,13,1.751,-1.107,-3.131,,1.763,-1.101,3.151
170.61,1.688,-1.125,3.149,PATROL,11,13,1.672,-1.108,-3.132,,1.695,-1.101,3.150
170.81,1.607,-1.126,3.148,PATROL,12,12,1.592,-1.108,-3.133,,1.614,-1.102,3.149
171.01,1.526,-1.126,3.147,PATROL,12,12,1.512,-1.109,-3.133,,1.533,-1.102,3.148
171.21,1.444,-1.126,3.146,PATROL,12,12,1.433,-1.110,-3.134,,1.451,-1.103,3.148
171.41,1.363,-1.127,3.146,PATROL,12,12,1.353,-1.110,-3.135,,1.370,-1.103,3.147
171.61,1.282,-1.127,3.145,PATROL,12,12,1.274,-1.111,-3.135,,1.289,-1.104,3.147
171.81,1.200,-1.127,3.145,PATROL,12,12,1.194,-1.111,-3.135,,1.207,-1.104,3.146
172.00,1.119,-1.128,3.145,PATROL,12,12,1.114,-1.112,-3.136,,1.126,-1.105,3.146
172.21,1.051,-1.128,3.145,PATROL,12,12,1.034,-1.112,-3.136,,1.058,-1.105,3.146
172.41,0.970,-1.128,3.144,PATROL,12,12,0.955,-1.113,-3.136,,0.977,-1.105,3.146
172.61,0.888,-1.128,3.144,PATROL,12,12,0.875,-1.113,-3.136,,0.895,-1.106,3.146
172.81,0.807,-1.129,3.144,PATROL,12,12,0.795,-1.113,-3.136,,0.814,-1.106,3.146
173.01,0.725,-1.129,3.144,PATROL,12,12,0.715,-1.114,-3.136,,0.732,-1.106,3.145
173.21,0.644,-1.129,3.144,PATROL,12,12,0.636,-1.114,-3.136,,0.651,-1.107,3.145
173.41,0.563,-1.129,3.144,PATROL,12,12,0.556,-1.115,-3.136,,0.569,-1.107,3.145
173.61,0.481,-1.129,3.143,PATROL,12,12,0.476,-1.115,-3.137,,0.488,-1.107,3.145
173.81,0.413,-1.129,3.143,PATROL,12,12,0.396,-1.115,-3.137,,0.420,-1.107,3.145
174.01,0.332,-1.130,3.143,PATROL,12,12,0.317,-1.116,-3.137,,0.339,-1.108,3.144
174.21,0.251,-1.130,3.142,PATROL,12,12,0.237,-1.116,-3.138,,0.257,-1.108,3.144
174.41,0.169,-1.130,3.142,PATROL,12,12,0.157,-1.116,-3.138,,0.176,-1.108,3.144
174.61,0.088,-1.130,3.142,PATROL,12,12,0.077,-1.116,-3.138,,0.094,-1.108,3.143
174.81,0.006,-1.130,3.142,PATROL,12,12,-0.003,-1.117,-3.139,,0.013,-1.108,3.143
175.01,-0.075,-1.130,3.141,PATROL,12,12,-0.082,-1.117,-3.139,,-0.068,-1.108,3.143
175.21,-0.156,-1.130,3.141,PATROL,12,12,-0.162,-1.117,-3.139,,-0.150,-1.108,3.142
175.41,-0.238,-1.130,3.141,PATROL,12,12,-0.242,-1.117,-3.139,,-0.232,-1.108,3.142
175.61,-0.306,-1.130,3.141,PATROL,12,12,-0.321,-1.117,-3.139,,-0.299,-1.109,3.143
175.81,-0.387,-1.130,3.141,PATROL,12,12,-0.401,-1.117,-3.139,,-0.381,-1.109,3.143
176.01,-0.468,-1.130,3.141,PATROL,12,12,-0.481,-1.118,-3.139,,-0.462,-1.109,3.142
176.21,-0.550,-1.129,3.140,PATROL,12,12,-0.561,-1.118,-3.140,,-0.544,-1.109,3.142
176.41,-0.631,-1.129,3.140,PATROL,12,12,-0.640,-1.118,-3.140,,-0.625,-1.109,3.141
176.61,-0.713,-1.129,3.140,PATROL,12,12,-0.720,-1.118,-3.141,,-0.706,-1.109,3.141
176.81,-0.794,-1.129,3.139,PATROL,12,12,-0.800,-1.118,-3.141,,-0.788,-1.109,3.141
177.01,-0.875,-1.129,3.139,PATROL,12,12,-0.880,-1.118,-3.142,,-0.869,-1.109,3.140
177.21,-0.943,-1.129,3.138,PATROL,12,12,-0.959,-1.118,3.141,,-0.937,-1.108,3.140
177.41,-1.024,-1.128,3.138,PATROL,12,12,-1.039,-1.118,3.140,,-1.018,-1.108,3.139
177.61,-1.106,-1.128,3.137,PATROL,13,11,-1.118,-1.118,3.140,,-1.100,-1.108,3.138
177.81,-1.187,-1.128,3.137,PATROL,13,11,-1.198,-1.118,3.139,,-1.181,-1.108,3.138
178.01,-1.268,-1.127,3.137,PATROL,13,11,-1.277,-1.118,3.140,,-1.263,-1.108,3.139
178.21,-1.350,-1.127,3.138,PATROL,13,11,-1.357,-1.118,3.140,,-1.344,-1.107,3.139
178.41,-1.431,-1.127,3.138,PATROL,13,11,-1.436,-1.118,3.141,,-1.426,-1.107,3.139
178.61,-1.513,-1.126,3.138,PATROL,13,11,-1.516,-1.118,3.141,,-1.507,-1.107,3.140
178.81,-1.581,-1.126,3.139,PATROL,13,11,-1.596,-1.118,-3.141,,-1.575,-1.107,3.140
179.01,-1.662,-1.126,3.139,PATROL,13,11,-1.675,-1.118,-3.141,,-1.656,-1.107,3.141
179.21,-1.744,-1.126,3.140,PATROL,13,11,-1.754,-1.118,-3.141,,-1.738,-1.107,3.141
179.41,-1.825,-1.126,3.140,PATROL,13,11,-1.834,-1.119,-3.140,,-1.820,-1.107,3.142
179.61,-1.907,-1.125,3.140,PATROL,13,11,-1.914,-1.119,-3.140,,-1.901,-1.107,3.142
179.81,-1.988,-1.125,3.141,PATROL,13,11,-1.994,-1.119,-3.140,,-1.983,-1.107,3.142
180.01,-2.070,-1.125,3.141,PATROL,13,11,-2.074,-1.119,-3.139,,-2.064,-1.107,3.142
180.21,-2.151,-1.125,3.141,PATROL,13,11,-2.154,-1.119,-3.139,,-2.146,-1.107,3.143
180.41,-2.233,-1.125,3.142,PATROL,13,11,-2.234,-1.120,-3.139,,-2.228,-1.107,3.143
180.61,-2.301,-1.125,3.142,PATROL,13,11,-2.314,-1.120,-3.138,,-2.296,-1.107,3.143
180.81,-2.382,-1.125,3.142,PATROL,13,11,-2.393,-1.120,-3.138,,-2.377,-1.107,3.144
181.01,-2.464,-1.125,3.142,PATROL,13,11,-2.473,-1.120,-3.138,,-2.459,-1.107,3.144
181.21,-2.546,-1.125,3.142,PATROL,13,11,-2.553,-1.121,-3.138,,-2.540,-1.108,3.144
181.41,-2.627,-1.125,3.142,PATROL,13,11,-2.633,-1.121,-3.138,,-2.622,-1.108,3.144
181.61,-2.709,-1.125,3.143,PATROL,13,11,-2.713,-1.121,-3.138,,-2.704,-1.108,3.144
181.81,-2.790,-1.126,3.143,PATROL,13,11,-2.793,-1.122,-3.137,,-2.785,-1.108,3.144
182.01,-2.872,-1.126,3.143,PATROL,13,11,-2.872,-1.122,-3.137,,-2.867,-1.108,3.144
182.21,-2.940,-1.126,3.143,PATROL,13,11,-2.952,-1.122,-3.137,,-2.935,-1.109,3.145
182.41,-3.021,-1.126,3.143,PATROL,13,11,-3.032,-1.123,-3.137,,-3.016,-1.109,3.145
182.61,-3.103,-1.126,3.143,PATROL,13,11,-3.112,-1.123,-3.137,,-3.098,-1.109,3.145
182.81,-3.184,-1.126,3.144,PATROL,13,11,-3.192,-1.123,-3.137,,-3.179,-1.109,3.145
183.01,-3.265,-1.126,3.144,PATROL,13,11,-3.271,-1.124,-3.137,,-3.261,-1.110,3.145
183.21,-3.347,-1.127,3.144,PATROL,13,11,-3.351,-1.124,-3.137,,-3.342,-1.110,3.145
183.41,-3.428,-1.127,3.144,PATROL,13,11,-3.430,-1.124,-3.137,,-3.424,-1.110,3.145
183.61,-3.510,-1.127,3.143,PATROL,13,11,-3.510,-1.125,-3.137,,-3.505,-1.110,3.145
183.81,-3.577,-1.127,3.143,PATROL,13,11,-3.590,-1.125,-3.137,,-3.573,-1.111,3.145
184.01,-3.659,-1.127,3.143,PATROL,13,11,-3.669,-1.126,-3.137,,-3.654,-1.111,3.144
184.21,-3.740,-1.127,3.143,PATROL,13,11,-3.749,-1.126,-3.138,,-3.735,-1.111,3.144
184.41,-3.821,-1.127,3.142,PATROL,13,11,-3.829,-1.126,-3.138,,-3.817,-1.111,3.143
184.61,-3.902,-1.127,3.141,PATROL,14,10,-3.908,-1.126,-3.139,,-3.898,-1.111,3.143
184.81,-3.984,-1.127,3.141,PATROL,14,10,-3.988,-1.127,-3.139,,-3.980,-1.112,3.143
185.01,-4.066,-1.127,3.142,PATROL,14,10,-4.068,-1.127,-3.139,,-4.061,-1.112,3.143
185.21,-4.147,-1.127,3.142,PATROL,14,10,-4.148,-1.127,-3.139,,-4.143,-1.112,3.143
185.41,-4.215,-1.127,3.142,PATROL,14,10,-4.228,-1.127,-3.138,,-4.211,-1.112,3.143
185.61,-4.297,-1.127,3.142,PATROL,14,10,-4.307,-1.127,-3.138,,-4.292,-1.112,3.143
185.81,-4.378,-1.127,3.142,PATROL,14,10,-4.388,-1.128,-3.138,,-4.374,-1.112,3.143
186.01,-4.460,-1.127,3.142,PATROL,14,10,-4.467,-1.128,-3.138,,-4.455,-1.112,3.143
186.21,-4.541,-1.127,3.142,PATROL,14,10,-4.547,-1.128,-3.138,,-4.537,-1.112,3.143
186.41,-4.623,-1.127,3.142,PATROL,14,10,-4.627,-1.129,-3.138,,-4.619,-1.113,3.144
186.61,-4.704,-1.127,3.142,PATROL,14,10,-4.707,-1.129,-3.138,,-4.700,-1.113,3.144
186.81,-4.786,-1.127,3.142,PATROL,14,10,-4.787,-1.129,-3.138,,-4.782,-1.113,3.144
187.01,-4.867,-1.128,3.142,PATROL,14,10,-4.866,-1.129,-3.138,,-4.864,-1.113,3.144
187.21,-4.935,-1.128,3.143,PATROL,14,10,-4.946,-1.130,-3.138,,-4.931,-1.113,3.144
187.41,-5.017,-1.128,3.143,PATROL,14,10,-5.026,-1.130,-3.138,,-5.013,-1.114,3.144
187.61,-5.098,-1.128,3.143,PATROL,14,10,-5.106,-1.130,-3.137,,-5.094,-1.114,3.144
187.81,-5.180,-1.128,3.143,PATROL,14,10,-5.185,-1.131,-3.137,,-5.176,-1.114,3.144
188.01,-5.261,-1.128,3.143,PATROL,14,10,-5.265,-1.131,-3.137,,-5.257,-1.114,3.144
188.21,-5.342,-1.128,3.143,PATROL,14,10,-5.345,-1.131,-3.137,,-5.339,-1.114,3.144
188.41,-5.424,-1.128,3.143,PATROL,14,10,-5.425,-1.132,-3.137,,-5.420,-1.115,3.144
188.61,-5.505,-1.128,3.143,PATROL,14,10,-5.504,-1.132,-3.137,,-5.502,-1.115,3.144
188.81,-5.573,-1.128,3.143,PATROL,14,10,-5.584,-1.132,-3.137,,-5.569,-1.115,3.144
189.01,-5.655,-1.128,3.143,PATROL,14,10,-5.664,-1.133,-3.138,,-5.651,-1.115,3.144
189.21,-5.736,-1.129,3.143,PATROL,14,10,-5.744,-1.133,-3.138,,-5.732,-1.115,3.144
189.41,-5.817,-1.129,3.142,PATROL,14,10,-5.823,-1.133,-3.138,,-5.814,-1.116,3.144
189.61,-5.899,-1.129,3.142,PATROL,14,10,-5.903,-1.134,-3.138,,-5.895,-1.116,3.144
189.81,-5.980,-1.129,3.142,PATROL,14,10,-5.982,-1.134,-3.138,,-5.977,-1.116,3.143
190.01,-6.061,-1.129,3.142,PATROL,14,10,-6.062,-1.134,-3.138,,-6.058,-1.116,3.143
190.21,-6.143,-1.129,3.141,PATROL,14,10,-6.142,-1.134,-3.139,,-6.139,-1.116,3.143
190.41,-6.211,-1.129,3.141,PATROL,14,10,-6.221,-1.135,-3.139,,-6.207,-1.116,3.143
190.61,-6.292,-1.129,3.141,PATROL,14,10,-6.301,-1.135,-3.140,,-6.289,-1.116,3.142
190.81,-6.373,-1.129,3.140,PATROL,14,10,-6.381,-1.135,-3.140,,-6.370,-1.116,3.142
191.01,-6.455,-1.128,3.140,PATROL,14,10,-6.460,-1.135,-3.141,,-6.451,-1.116,3.141
191.21,-6.536,-1.128,3.139,PATROL,14,10,-6.540,-1.135,-3.141,,-6.532,-1.116,3.140
191.41,-6.617,-1.128,3.138,PATROL,15,9,-6.619,-1.135,3.141,,-6.614,-1.116,3.140
191.61,-6.699,-1.128,3.138,PATROL,15,9,-6.699,-1.135,3.141,,-6.695,-1.116,3.140
191.81,-6.780,-1.128,3.139,PATROL,15,9,-6.779,-1.135,-3.141,,-6.777,-1.116,3.140
192.01,-6.861,-1.127,3.139,PATROL,15,9,-6.858,-1.135,-3.141,,-6.858,-1.116,3.141
192.21,-6.929,-1.127,3.140,PATROL,15,9,-6.938,-1.135,-3.141,,-6.926,-1.116,3.141
192.41,-7.011,-1.127,3.140,PATROL,15,9,-7.018,-1.136,-3.140,,-7.008,-1.116,3.141
192.61,-7.093,-1.127,3.140,PATROL,15,9,-7.098,-1.136,-3.140,,-7.090,-1.116,3.142
192.81,-7.174,-1.127,3.140,PATROL,15,9,-7.177,-1.136,-3.140,,-7.171,-1.116,3.142
193.01,-7.256,-1.127,3.141,PATROL,15,9,-7.257,-1.136,-3.140,,-7.253,-1.116,3.142
193.21,-7.337,-1.127,3.141,PATROL,15,9,-7.337,-1.136,-3.139,,-7.334,-1.116,3.142
193.41,-7.419,-1.127,3.141,PATROL,15,9,-7.417,-1.136,-3.139,,-7.416,-1.116,3.143
193.61,-7.500,-1.127,3.141,PATROL,15,9,-7.496,-1.137,-3.139,,-7.498,-1.116,3.143
193.81,-7.568,-1.127,3.142,PATROL,15,9,-7.576,-1.137,-3.139,,-7.566,-1.116,3.143
194.01,-7.650,-1.127,3.142,PATROL,15,9,-7.656,-1.137,-3.138,,-7.647,-1.116,3.143
194.21,-7.732,-1.127,3.142,PATROL,15,9,-7.736,-1.137,-3.138,,-7.729,-1.116,3.143
194.41,-7.813,-1.127,3.142,PATROL,15,9,-7.816,-1.138,-3.138,,-7.810,-1.116,3.143
194.61,-7.895,-1.127,3.142,PATROL,15,9,-7.896,-1.138,-3.138,,-7.892,-1.117,3.143
194.81,-7.976,-1.127,3.142,PATROL,15,9,-7.976,-1.138,-3.138,,-7.974,-1.117,3.143
195.01,-8.058,-1.127,3.142,PATROL,15,9,-8.056,-1.138,-3.138,,-8.055,-1.117,3.144
195.21,-8.139,-1.127,3.142,PATROL,15,9,-8.136,-1.139,-3.138,,-8.137,-1.117,3.144
195.41,-8.207,-1.127,3.142,PATROL,15,9,-8.216,-1.139,-3.138,,-8.205,-1.117,3.144
195.61,-8.289,-1.127,3.142,PATROL,15,9,-8.296,-1.139,-3.138,,-8.286,-1.117,3.144
195.81,-8.370,-1.127,3.142,PATROL,15,9,-8.375,-1.140,-3.138,,-8.368,-1.118,3.144
196.01,-8.452,-1.127,3.143,PATROL,15,9,-8.455,-1.140,-3.138,,-8.449,-1.118,3.144
196.21,-8.533,-1.127,3.143,PATROL,15,9,-8.535,-1.140,-3.138,,-8.531,-1.118,3.144
196.41,-8.615,-1.127,3.143,PATROL,15,9,-8.614,-1.141,-3.137,,-8.612,-1.118,3.144
196.61,-8.696,-1.127,3.143,PATROL,15,9,-8.694,-1.141,-3.137,,-8.694,-1.118,3.144
196.81,-8.777,-1.127,3.143,PATROL,15,9,-8.774,-1.141,-3.138,,-8.775,-1.119,3.144
197.01,-8.859,-1.127,3.143,PATROL,15,9,-8.854,-1.142,-3.138,,-8.857,-1.119,3.144
197.21,-8.927,-1.127,3.142,PATROL,15,9,-8.933,-1.142,-3.138,,-8.925,-1.119,3.144
197.41,-9.008,-1.127,3.142,PATROL,15,9,-9.013,-1.142,-3.138,,-9.006,-1.119,3.144
197.61,-9.089,-1.127,3.142,PATROL,15,9,-9.092,-1.142,-3.138,,-9.087,-1.119,3.143
197.81,-9.171,-1.127,3.142,PATROL,15,9,-9.172,-1.143,-3.138,,-9.169,-1.119,3.143
198.01,-9.252,-1.127,3.141,PATROL,15,9,-9.252,-1.143,-3.139,,-9.250,-1.120,3.143
198.21,-9.333,-1.127,3.141,PATROL,16,17,-9.331,-1.143,-3.139,,-9.331,-1.120,3.142
198.41,-9.407,-1.127,3.137,PATROL,16,17,-9.404,-1.143,3.140,,-9.405,-1.120,3.139
198.61,-9.441,-1.127,3.130,PATROL,16,17,-9.440,-1.143,3.133,,-9.439,-1.119,3.131
198.81,-9.449,-1.127,3.049,PATROL,16,17,-9.450,-1.143,3.052,,-9.447,-1.119,3.051
199.01,-9.458,-1.125,2.940,PATROL,16,17,-9.459,-1.141,2.943,,-9.456,-1.118,2.942
199.21,-9.472,-1.122,2.830,PATROL,16,17,-9.473,-1.137,2.833,,-9.471,-1.114,2.832
199.41,-9.492,-1.114,2.720,PATROL,16,17,-9.492,-1.130,2.723,,-9.490,-1.107,2.721
199.61,-9.514,-1.103,2.611,PATROL,16,17,-9.514,-1.119,2.613,,-9.513,-1.095,2.612
199.81,-9.540,-1.085,2.500,PATROL,16,17,-9.540,-1.102,2.503,,-9.539,-1.078,2.501
200.01,-9.568,-1.062,2.391,PATROL,16,17,-9.566,-1.080,2.394,,-9.567,-1.054,2.392
200.21,-9.597,-1.031,2.282,PATROL,16,17,-9.594,-1.051,2.284,,-9.595,-1.024,2.283
200.41,-9.620,-1.001,2.173,PATROL,16,17,-9.622,-1.015,2.175,,-9.619,-0.993,2.174
200.61,-9.647,-0.958,2.065,PATROL,16,17,-9.647,-0.973,2.067,,-9.646,-0.950,2.065
200.81,-9.671,-0.907,1.959,PATROL,16,17,-9.670,-0.924,1.962,,-9.670,-0.900,1.960
201.01,-9.691,-0.850,1.871,PATROL,16,17,-9.690,-0.869,1.873,,-9.690,-0.843,1.871
201.21,-9.708,-0.788,1.798,PATROL,16,17,-9.707,-0.808,1.801,,-9.707,-0.780,1.799
201.41,-9.722,-0.721,1.740,PATROL,16,17,-9.720,-0.743,1.743,,-9.720,-0.714,1.741
201.61,-9.732,-0.651,1.693,PATROL,16,17,-9.730,-0.674,1.696,,-9.730,-0.644,1.694
201.81,-9.739,-0.579,1.655,PATROL,16,17,-9.738,-0.604,1.658,,-9.738,-0.571,1.655
202.01,-9.743,-0.517,1.623,PATROL,16,17,-9.743,-0.532,1.626,,-9.742,-0.510,1.624
202.21,-9.746,-0.442,1.597,PATROL,16,17,-9.746,-0.458,1.600,,-9.745,-0.435,1.598
202.41,-9.747,-0.366,1.576,PATROL,16,17,-9.747,-0.383,1.579,,-9.746,-0.358,1.576
202.61,-9.747,-0.288,1.558,PATROL,16,17,-9.747,-0.307,1.561,,-9.746,-0.281,1.558
202.81,-9.746,-0.211,1.542,PATROL,16,17,-9.746,-0.231,1.546,,-9.745,-0.203,1.543
203.01,-9.743,-0.132,1.530,PATROL,16,17,-9.743,-0.154,1.533,,-9.742,-0.124,1.530
203.21,-9.739,-0.053,1.519,PATROL,16,17,-9.740,-0.077,1.522,,-9.738,-0.045,1.520
203.41,-9.735,0.026,1.510,PATROL,16,17,-9.736,0.001,1.513,,-9.734,0.034,1.510
203.61,-9.729,0.106,1.501,PATROL,16,17,-9.731,0.078,1.504,,-9.729,0.114,1.501
203.81,-9.724,0.172,1.493,PATROL,16,17,-9.726,0.156,1.496,,-9.724,0.180,1.493
204.01,-9.718,0.252,1.486,PATROL,16,17,-9.720,0.234,1.489,,-9.717,0.260,1.487
204.21,-9.711,0.332,1.481,PATROL,16,17,-9.714,0.313,1.484,,-9.710,0.340,1.481
204.41,-9.703,0.413,1.476,PATROL,16,17,-9.707,0.391,1.479,,-9.703,0.421,1.476
204.61,-9.696,0.493,1.472,PATROL,16,17,-9.700,0.470,1.475,,-9.695,0.501,1.472
204.81,-9.687,0.574,1.468,PATROL,16,17,-9.692,0.549,1.471,,-9.687,0.582,1.469
205.01,-9.679,0.654,1.465,PATROL,16,17,-9.684,0.627,1.468,,-9.678,0.663,1.465
205.21,-9.670,0.735,1.462,PATROL,16,17,-9.676,0.706,1.465,,-9.670,0.743,1.463
205.41,-9.663,0.803,1.460,PATROL,16,17,-9.668,0.785,1.463,,-9.662,0.811,1.460
205.61,-9.654,0.883,1.457,PATROL,17,18,-9.660,0.864,1.460,,-9.653,0.892,1.458
205.81,-9.647,0.933,1.402,PATROL,17,18,-9.654,0.910,1.405,,-9.647,0.942,1.403
206.01,-9.644,0.950,1.310,PATROL,17,18,-9.650,0.925,1.313,,-9.643,0.958,1.311
206.21,-9.638,0.967,1.201,PATROL,17,18,-9.645,0.942,1.203,,-9.638,0.975,1.201
206.41,-9.628,0.988,1.091,PATROL,17,18,-9.636,0.963,1.094,,-9.628,0.997,1.092
206.61,-9.613,1.013,0.981,PATROL,17,18,-9.621,0.986,0.984,,-9.613,1.022,0.982
206.81,-9.593,1.040,0.872,PATROL,17,18,-9.602,1.013,0.874,,-9.593,1.049,0.872
207.01,-9.571,1.064,0.762,PATROL,17,18,-9.576,1.041,0.765,,-9.570,1.072,0.762
207.21,-9.538,1.092,0.653,PATROL,17,18,-9.543,1.068,0.656,,-9.537,1.101,0.653
207.41,-9.497,1.120,0.544,PATROL,17,18,-9.504,1.095,0.547,,-9.497,1.129,0.544
207.61,-9.450,1.146,0.436,PATROL,17,18,-9.458,1.120,0.439,,-9.449,1.154,0.436
207.81,-9.395,1.168,0.343,PATROL,17,18,-9.405,1.142,0.345,,-9.394,1.177,0.343
208.01,-9.334,1.187,0.267,PATROL,17,18,-9.346,1.160,0.269,,-9.333,1.196,0.267
208.21,-9.269,1.203,0.205,PATROL,17,18,-9.282,1.176,0.208,,-9.268,1.211,0.205
208.41,-9.200,1.215,0.155,PATROL,17,18,-9.215,1.188,0.158,,-9.199,1.223,0.155
208.61,-9.128,1.224,0.114,PATROL,17,18,-9.145,1.198,0.117,,-9.128,1.233,0.114
208.81,-9.067,1.230,0.081,PATROL,17,18,-9.073,1.205,0.084,,-9.067,1.239,0.081
209.01,-8.992,1.235,0.054,PATROL,17,18,-9.000,1.210,0.057,,-8.992,1.244,0.054
209.21,-8.916,1.239,0.032,PATROL,17,18,-8.925,1.214,0.035,,-8.915,1.247,0.032
209.41,-8.839,1.241,0.014,PATROL,17,18,-8.849,1.216,0.017,,-8.838,1.249,0.014
209.61,-8.761,1.241,-0.001,PATROL,17,18,-8.773,1.216,0.002,,-8.760,1.250,-0.001
209.81,-8.682,1.240,-0.013,PATROL,17,18,-8.696,1.216,-0.011,,-8.682,1.249,-0.014
210.01,-8.603,1.239,-0.024,PATROL,17,18,-8.619,1.215,-0.021,,-8.602,1.247,-0.024
210.21,-8.524,1.237,-0.032,PATROL,17,18,-8.541,1.213,-0.029,,-8.523,1.245,-0.032
210.41,-8.457,1.234,-0.039,PATROL,17,18,-8.463,1.210,-0.036,,-8.456,1.243,-0.039
210.61,-8.377,1.231,-0.046,PATROL,17,18,-8.384,1.207,-0.043,,-8.376,1.239,-0.046
210.81,-8.297,1.227,-0.052,PATROL,17,18,-8.306,1.204,-0.049,,-8.296,1.235,-0.052
211.01,-8.216,1.223,-0.057,PATROL,17,18,-8.227,1.200,-0.054,,-8.215,1.231,-0.058
211.21,-8.136,1.218,-0.062,PATROL,17,18,-8.149,1.196,-0.059,,-8.135,1.226,-0.062
211.41,-8.055,1.213,-0.065,PATROL,17,18,-8.070,1.191,-0.062,,-8.054,1.221,-0.066
211.61,-7.974,1.207,-0.068,PATROL,17,18,-7.991,1.186,-0.065,,-7.973,1.216,-0.069
211.81,-7.893,1.201,-0.071,PATROL,17,18,-7.912,1.181,-0.068,,-7.892,1.210,-0.071
212.01,-7.825,1.197,-0.073,PATROL,17,18,-7.832,1.176,-0.070,,-7.824,1.205,-0.073
212.21,-7.744,1.191,-0.074,PATROL,17,18,-7.753,1.170,-0.071,,-7.743,1.199,-0.075
212.41,-7.663,1.185,-0.076,PATROL,17,18,-7.673,1.165,-0.073,,-7.661,1.193,-0.076
212.61,-7.581,1.178,-0.077,PATROL,17,18,-7.594,1.159,-0.074,,-7.580,1.187,-0.077
212.81,-7.500,1.172,-0.077,PATROL,17,18,-7.514,1.154,-0.075,,-7.499,1.180,-0.078
213.01,-7.419,1.166,-0.078,PATROL,17,18,-7.435,1.148,-0.075,,-7.417,1.174,-0.078
213.21,-7.338,1.159,-0.078,PATROL,17,18,-7.356,1.142,-0.075,,-7.336,1.168,-0.079
213.41,-7.256,1.153,-0.078,PATROL,17,18,-7.276,1.136,-0.076,,-7.255,1.161,-0.079
213.61,-7.175,1.147,-0.078,PATROL,17,18,-7.197,1.131,-0.075,,-7.174,1.155,-0.079
213.81,-7.108,1.141,-0.078,PATROL,18,19,-7.118,1.125,-0.075,,-7.106,1.149,-0.078
214.01,-7.032,1.135,-0.079,PATROL,18,19,-7.045,1.119,-0.076,,-7.030,1.143,-0.079
214.21,-6.954,1.129,-0.064,PATROL,18,19,-6.969,1.114,-0.061,,-6.953,1.138,-0.064
214.41,-6.876,1.125,-0.053,PATROL,18,19,-6.892,1.110,-0.050,,-6.874,1.133,-0.053
214.61,-6.797,1.121,-0.043,PATROL,18,19,-6.815,1.106,-0.040,,-6.795,1.129,-0.044
214.81,-6.718,1.118,-0.036,PATROL,18,19,-6.738,1.103,-0.033,,-6.716,1.126,-0.036
215.01,-6.638,1.115,-0.030,PATROL,18,19,-6.660,1.101,-0.027,,-6.636,1.123,-0.030
215.21,-6.558,1.113,-0.024,PATROL,18,19,-6.581,1.099,-0.021,,-6.556,1.121,-0.024
215.41,-6.491,1.112,-0.020,PATROL,18,19,-6.503,1.098,-0.017,,-6.490,1.120,-0.020
215.61,-6.411,1.110,-0.016,PATROL,18,19,-6.424,1.097,-0.013,,-6.409,1.118,-0.016
215.81,-6.331,1.109,-0.012,PATROL,18,19,-6.346,1.096,-0.009,,-6.329,1.117,-0.012
216.01,-6.250,1.108,-0.009,PATROL,18,19,-6.267,1.096,-0.006,,-6.248,1.116,-0.010
216.21,-6.169,1.108,-0.007,PATROL,18,19,-6.189,1.096,-0.004,,-6.167,1.116,-0.007
216.41,-6.089,1.107,-0.005,PATROL,18,19,-6.110,1.096,-0.002,,-6.086,1.115,-0.005
216.61,-6.008,1.107,-0.003,PATROL,18,19,-6.030,1.096,-0.000,,-6.006,1.115,-0.004
216.81,-5.927,1.107,-0.002,PATROL,18,19,-5.951,1.096,0.001,,-5.925,1.114,-0.002
217.01,-5.859,1.107,-0.000,PATROL,18,19,-5.872,1.096,0.003,,-5.857,1.114,-0.001
217.21,-5.778,1.107,0.001,PATROL,18,19,-5.793,1.096,0.004,,-5.776,1.114,0.001
217.41,-5.697,1.107,0.002,PATROL,18,19,-5.713,1.097,0.005,,-5.695,1.114,0.002
217.61,-5.616,1.107,0.004,PATROL,18,19,-5.634,1.097,0.007,,-5.614,1.115,0.004
217.81,-5.535,1.107,0.006,PATROL,18,19,-5.555,1.098,0.009,,-5.533,1.115,0.006
218.01,-5.454,1.108,0.007,PATROL,18,19,-5.475,1.099,0.010,,-5.451,1.116,0.007
218.21,-5.372,1.109,0.009,PATROL,18,19,-5.396,1.100,0.012,,-5.370,1.116,0.009
218.41,-5.291,1.109,0.011,PATROL,18,19,-5.316,1.101,0.014,,-5.288,1.117,0.010
218.61,-5.223,1.110,0.012,PATROL,18,19,-5.236,1.102,0.015,,-5.221,1.118,0.012
218.81,-5.141,1.111,0.013,PATROL,18,19,-5.156,1.103,0.017,,-5.139,1.119,0.013
219.01,-5.060,1.112,0.015,PATROL,18,19,-5.076,1.104,0.018,,-5.057,1.120,0.014
219.21,-4.978,1.113,0.015,PATROL,18,19,-4.996,1.106,0.018,,-4.976,1.121,0.015
219.41,-4.897,1.115,0.015,PATROL,18,19,-4.917,1.107,0.018,,-4.894,1.122,0.015
219.61,-4.815,1.116,0.015,PATROL,18,19,-4.837,1.109,0.018,,-4.813,1.124,0.015
219.81,-4.734,1.117,0.015,PATROL,18,19,-4.757,1.110,0.018,,-4.731,1.125,0.015
220.01,-4.652,1.118,0.015,PATROL,18,19,-4.677,1.112,0.018,,-4.650,1.126,0.015
220.21,-4.571,1.120,0.015,PATROL,18,19,-4.598,1.113,0.018,,-4.568,1.127,0.015
220.41,-4.503,1.121,0.015,PATROL,18,19,-4.518,1.114,0.018,,-4.500,1.128,0.015
220.61,-4.422,1.122,0.015,PATROL,19,20,-4.438,1.116,0.018,,-4.419,1.129,0.014
220.81,-4.341,1.123,0.013,ALIGN,19,20,-4.358,1.117,0.016,ball_7,-4.338,1.131,0.013
221.01,-4.282,1.124,0.021,ALIGN,19,20,-4.302,1.118,0.024,ball_7,-4.279,1.132,0.021
221.21,-4.263,1.125,0.044,ALIGN,19,20,-4.284,1.119,0.047,ball_7,-4.260,1.132,0.044
221.41,-4.262,1.125,0.146,ALIGN,19,20,-4.282,1.119,0.149,ball_7,-4.259,1.132,0.146
221.61,-4.262,1.125,0.253,ALIGN,19,20,-4.282,1.119,0.256,ball_7,-4.259,1.132,0.253
221.81,-4.262,1.125,0.360,ALIGN,19,20,-4.281,1.120,0.363,ball_7,-4.259,1.132,0.360
222.01,-4.262,1.125,0.444,ALIGN,19,20,-4.281,1.120,0.448,ball_7,-4.259,1.132,0.444
222.21,-4.262,1.125,0.498,ALIGN,19,20,-4.281,1.120,0.502,ball_7,-4.259,1.132,0.499
222.41,-4.262,1.125,0.537,APPROACH,19,20,-4.281,1.121,0.540,ball_7,-4.259,1.132,0.537
222.61,-4.245,1.136,0.599,APPROACH,19,20,-4.263,1.132,0.602,ball_7,-4.243,1.143,0.599
222.81,-4.201,1.167,0.623,APPROACH,19,20,-4.220,1.163,0.626,ball_7,-4.198,1.175,0.623
223.01,-4.151,1.203,0.620,APPROACH,19,20,-4.171,1.198,0.623,ball_7,-4.149,1.210,0.620
223.21,-4.102,1.238,0.618,APPROACH,19,20,-4.123,1.233,0.621,ball_7,-4.099,1.246,0.618
223.41,-4.052,1.274,0.616,APPROACH,19,20,-4.074,1.268,0.620,ball_7,-4.049,1.281,0.617
223.61,-4.010,1.303,0.615,APPROACH,19,20,-4.025,1.303,0.618,ball_7,-4.007,1.311,0.615
223.81,-3.960,1.338,0.614,APPROACH,19,20,-3.976,1.337,0.617,ball_7,-3.957,1.346,0.614
224.01,-3.910,1.374,0.612,APPROACH,19,20,-3.927,1.372,0.615,ball_7,-3.907,1.381,0.612
224.21,-3.860,1.409,0.611,APPROACH,19,20,-3.878,1.407,0.615,ball_7,-3.857,1.416,0.611
224.41,-3.810,1.444,0.610,APPROACH,19,20,-3.829,1.441,0.614,ball_7,-3.807,1.452,0.610
224.61,-3.760,1.479,0.609,APPROACH,19,20,-3.780,1.476,0.613,ball_7,-3.757,1.487,0.609
224.81,-3.709,1.514,0.609,APPROACH,19,20,-3.731,1.510,0.612,ball_7,-3.706,1.522,0.609
225.01,-3.659,1.549,0.608,APPROACH,19,20,-3.682,1.545,0.611,ball_7,-3.656,1.557,0.608
225.21,-3.609,1.584,0.607,APPROACH,19,20,-3.633,1.579,0.611,ball_7,-3.606,1.592,0.608
225.41,-3.567,1.613,0.607,APPROACH,19,20,-3.584,1.613,0.610,ball_7,-3.564,1.621,0.607
225.61,-3.517,1.648,0.606,APPROACH,19,20,-3.535,1.648,0.610,ball_7,-3.514,1.656,0.607
225.81,-3.466,1.683,0.606,APPROACH,19,20,-3.486,1.682,0.609,ball_7,-3.463,1.691,0.606
226.01,-3.416,1.718,0.605,APPROACH,19,20,-3.437,1.716,0.609,ball_7,-3.413,1.725,0.606
226.21,-3.366,1.752,0.605,APPROACH,19,20,-3.388,1.750,0.609,ball_7,-3.363,1.760,0.605
226.41,-3.315,1.787,0.605,APPROACH,19,20,-3.339,1.785,0.608,ball_7,-3.312,1.795,0.605
226.61,-3.265,1.822,0.604,APPROACH,19,20,-3.289,1.819,0.608,ball_7,-3.262,1.830,0.605
226.81,-3.215,1.857,0.604,APPROACH,19,20,-3.240,1.853,0.608,ball_7,-3.211,1.865,0.604
227.01,-3.173,1.886,0.604,APPROACH,19,20,-3.191,1.887,0.608,ball_7,-3.170,1.894,0.604
227.21,-3.122,1.920,0.603,APPROACH,19,20,-3.142,1.922,0.607,ball_7,-3.119,1.929,0.604
227.41,-3.072,1.955,0.603,APPROACH,19,20,-3.093,1.956,0.607,ball_7,-3.069,1.963,0.603
227.61,-3.022,1.990,0.603,APPROACH,19,20,-3.043,1.990,0.607,ball_7,-3.018,1.998,0.603
227.81,-2.971,2.025,0.603,APPROACH,19,20,-2.994,2.024,0.607,ball_7,-2.968,2.033,0.603
228.01,-2.921,2.059,0.603,APPROACH,19,20,-2.945,2.058,0.606,ball_7,-2.917,2.067,0.603
228.21,-2.870,2.094,0.602,APPROACH,19,20,-2.896,2.092,0.606,ball_7,-2.867,2.102,0.602
228.41,-2.820,2.129,0.602,APPROACH,19,20,-2.847,2.126,0.606,ball_7,-2.816,2.137,0.602
228.61,-2.778,2.157,0.602,APPROACH,19,20,-2.797,2.161,0.606,ball_7,-2.774,2.166,0.602
228.81,-2.727,2.192,0.602,APPROACH,19,20,-2.748,2.195,0.606,ball_7,-2.724,2.200,0.602
229.01,-2.677,2.227,0.602,APPROACH,19,20,-2.699,2.229,0.606,ball_7,-2.673,2.235,0.602
229.21,-2.626,2.261,0.601,APPROACH,19,20,-2.649,2.263,0.605,ball_7,-2.623,2.270,0.601
229.41,-2.576,2.296,0.601,APPROACH,19,20,-2.600,2.297,0.605,ball_7,-2.573,2.304,0.601
229.61,-2.526,2.331,0.601,APPROACH,19,20,-2.551,2.331,0.605,ball_7,-2.522,2.339,0.601
229.81,-2.475,2.365,0.601,APPROACH,19,20,-2.502,2.365,0.605,ball_7,-2.472,2.374,0.601
230.01,-2.425,2.400,0.600,APPROACH,19,20,-2.452,2.399,0.605,ball_7,-2.421,2.408,0.600
230.21,-2.374,2.434,0.600,APPROACH,19,20,-2.403,2.433,0.604,ball_7,-2.370,2.443,0.600
230.41,-2.332,2.463,0.600,APPROACH,19,20,-2.354,2.467,0.604,ball_7,-2.328,2.472,0.600
230.61,-2.281,2.498,0.600,APPROACH,19,20,-2.305,2.501,0.604,ball_7,-2.278,2.506,0.600
230.81,-2.231,2.532,0.599,APPROACH,19,20,-2.255,2.535,0.604,ball_7,-2.227,2.541,0.600
231.01,-2.180,2.567,0.599,APPROACH,19,20,-2.206,2.569,0.604,ball_7,-2.177,2.575,0.599
231.21,-2.130,2.601,0.599,APPROACH,19,20,-2.156,2.603,0.603,ball_7,-2.126,2.610,0.599
231.41,-2.079,2.636,0.599,APPROACH,19,20,-2.107,2.637,0.603,ball_7,-2.076,2.644,0.599
231.61,-2.029,2.670,0.598,APPROACH,19,20,-2.058,2.671,0.603,ball_7,-2.025,2.679,0.598
231.81,-1.978,2.705,0.598,APPROACH,19,20,-2.008,2.705,0.602,ball_7,-1.974,2.713,0.598
232.01,-1.936,2.733,0.597,APPROACH,19,20,-1.959,2.739,0.602,ball_7,-1.932,2.742,0.597
232.21,-1.885,2.768,0.597,APPROACH,19,20,-1.910,2.773,0.601,ball_7,-1.882,2.776,0.597
232.41,-1.835,2.802,0.596,APPROACH,19,20,-1.860,2.807,0.601,ball_7,-1.831,2.811,0.596
232.61,-1.784,2.836,0.595,APPROACH,19,20,-1.811,2.841,0.600,ball_7,-1.780,2.845,0.595
232.81,-1.733,2.871,0.595,APPROACH,19,20,-1.761,2.875,0.599,,-1.730,2.880,0.595
233.01,-1.683,2.905,0.594,APPROACH,19,20,-1.712,2.908,0.599,,-1.679,2.914,0.594
233.21,-1.637,2.936,0.592,PATROL,19,20,-1.667,2.939,0.597,,-1.633,2.945,0.592
233.41,-1.621,2.947,0.579,PATROL,19,20,-1.649,2.951,0.583,,-1.617,2.956,0.579
233.61,-1.620,2.947,0.479,PATROL,19,20,-1.648,2.952,0.484,,-1.616,2.956,0.479
233.81,-1.620,2.947,0.369,PATROL,19,20,-1.648,2.952,0.373,,-1.616,2.956,0.369
234.01,-1.620,2.947,0.259,PATROL,19,20,-1.649,2.951,0.263,,-1.616,2.956,0.259
234.21,-1.620,2.947,0.149,PATROL,19,20,-1.649,2.951,0.153,,-1.616,2.956,0.149
234.41,-1.619,2.948,0.039,PATROL,19,20,-1.648,2.951,0.044,,-1.615,2.956,0.039
234.61,-1.612,2.947,-0.070,PATROL,19,20,-1.642,2.951,-0.066,,-1.608,2.956,-0.071
234.81,-1.601,2.946,-0.180,PATROL,19,20,-1.631,2.950,-0.176,,-1.597,2.955,-0.181
235.01,-1.584,2.942,-0.290,PATROL,19,20,-1.616,2.946,-0.285,,-1.580,2.951,-0.290
235.21,-1.567,2.936,-0.399,PATROL,19,20,-1.596,2.939,-0.395,,-1.563,2.944,-0.400
235.41,-1.543,2.924,-0.509,PATROL,19,20,-1.572,2.927,-0.505,,-1.539,2.933,-0.510
235.61,-1.516,2.907,-0.619,PATROL,19,20,-1.545,2.911,-0.615,,-1.512,2.916,-0.620
235.81,-1.487,2.884,-0.729,PATROL,19,20,-1.517,2.888,-0.725,,-1.483,2.893,-0.729
236.01,-1.458,2.855,-0.837,PATROL,19,20,-1.488,2.860,-0.833,,-1.454,2.863,-0.838
236.21,-1.428,2.818,-0.947,PATROL,19,20,-1.460,2.824,-0.942,,-1.424,2.827,-0.948
236.41,-1.400,2.774,-1.055,PATROL,19,20,-1.433,2.783,-1.051,,-1.396,2.783,-1.056
236.61,-1.375,2.723,-1.160,PATROL,19,20,-1.408,2.734,-1.156,,-1.371,2.732,-1.161
236.81,-1.354,2.666,-1.248,PATROL,19,20,-1.387,2.679,-1.243,,-1.350,2.674,-1.249
237.01,-1.339,2.614,-1.320,PATROL,19,20,-1.369,2.618,-1.315,,-1.335,2.623,-1.321
237.21,-1.324,2.548,-1.379,PATROL,19,20,-1.354,2.554,-1.374,,-1.320,2.557,-1.379
237.41,-1.312,2.479,-1.427,PATROL,19,20,-1.342,2.486,-1.422,,-1.308,2.488,-1.428
237.61,-1.303,2.408,-1.467,PATROL,19,20,-1.333,2.416,-1.463,,-1.299,2.416,-1.468
237.81,-1.297,2.334,-1.501,PATROL,19,20,-1.327,2.345,-1.496,,-1.293,2.343,-1.502
238.01,-1.293,2.259,-1.530,PATROL,19,20,-1.323,2.271,-1.525,,-1.289,2.268,-1.531
238.21,-1.290,2.184,-1.554,PATROL,19,20,-1.320,2.197,-1.549,,-1.287,2.192,-1.555
238.41,-1.290,2.107,-1.574,PATROL,19,20,-1.319,2.122,-1.569,,-1.287,2.115,-1.575
238.61,-1.291,2.042,-1.591,PATROL,19,20,-1.320,2.046,-1.587,,-1.287,2.050,-1.592
238.81,-1.293,1.964,-1.606,PATROL,19,20,-1.322,1.970,-1.601,,-1.290,1.973,-1.607
239.01,-1.296,1.886,-1.619,PATROL,19,20,-1.324,1.893,-1.614,,-1.293,1.894,-1.620
239.21,-1.300,1.807,-1.630,PATROL,19,20,-1.328,1.816,-1.626,,-1.297,1.816,-1.631
239.41,-1.306,1.728,-1.641,PATROL,19,20,-1.333,1.738,-1.636,,-1.302,1.736,-1.642
239.61,-1.312,1.649,-1.652,PATROL,19,20,-1.338,1.661,-1.647,,-1.309,1.657,-1.653
239.81,-1.318,1.570,-1.661,PATROL,19,20,-1.344,1.584,-1.657,,-1.315,1.578,-1.662
240.01,-1.326,1.491,-1.670,PATROL,19,20,-1.351,1.506,-1.665,,-1.323,1.499,-1.671
240.21,-1.333,1.424,-1.679,PATROL,19,20,-1.358,1.429,-1.674,,-1.330,1.432,-1.680
240.41,-1.342,1.345,-1.687,PATROL,20,21,-1.367,1.351,-1.682,,-1.339,1.353,-1.688
240.61,-1.349,1.293,-1.740,PATROL,20,21,-1.373,1.304,-1.736,,-1.346,1.301,-1.741
240.81,-1.352,1.276,-1.742,PATROL,20,21,-1.376,1.288,-1.736,,-1.349,1.284,-1.743
241.01,-1.352,1.275,-1.641,PATROL,20,21,-1.376,1.286,-1.636,,-1.349,1.282,-1.642
241.21,-1.352,1.274,-1.534,PATROL,20,21,-1.376,1.284,-1.528,,-1.349,1.281,-1.535
241.41,-1.351,1.268,-1.427,PATROL,20,21,-1.375,1.278,-1.422,,-1.349,1.275,-1.428
241.61,-1.349,1.256,-1.321,PATROL,20,21,-1.372,1.267,-1.316,,-1.347,1.264,-1.322
241.81,-1.344,1.241,-1.214,PATROL,20,21,-1.367,1.252,-1.209,,-1.341,1.248,-1.215
242.01,-1.337,1.224,-1.107,PATROL,20,21,-1.359,1.232,-1.102,,-1.334,1.232,-1.108
242.21,-1.324,1.201,-1.002,PATROL,20,21,-1.345,1.209,-0.997,,-1.321,1.209,-1.003
242.41,-1.305,1.175,-0.895,PATROL,20,21,-1.326,1.184,-0.889,,-1.303,1.183,-0.895
242.61,-1.281,1.147,-0.787,PATROL,20,21,-1.302,1.157,-0.782,,-1.278,1.155,-0.788
242.81,-1.249,1.119,-0.678,PATROL,20,21,-1.271,1.129,-0.673,,-1.246,1.127,-0.679
243.01,-1.210,1.091,-0.568,PATROL,20,21,-1.233,1.103,-0.563,,-1.208,1.099,-0.568
243.21,-1.164,1.066,-0.457,PATROL,20,21,-1.188,1.078,-0.452,,-1.162,1.074,-0.457
243.41,-1.111,1.044,-0.355,PATROL,20,21,-1.136,1.056,-0.349,,-1.108,1.051,-0.355
243.61,-1.061,1.028,-0.272,PATROL,20,21,-1.078,1.038,-0.267,,-1.059,1.035,-0.272
243.81,-0.997,1.012,-0.206,PATROL,20,21,-1.015,1.023,-0.201,,-0.995,1.019,-0.206
244.01,-0.930,1.000,-0.152,PATROL,20,21,-0.949,1.012,-0.148,,-0.927,1.007,-0.153
244.21,-0.859,0.990,-0.109,PATROL,20,21,-0.880,1.003,-0.105,,-0.856,0.998,-0.110
244.41,-0.786,0.984,-0.075,PATROL,20,21,-0.808,0.997,-0.070,,-0.783,0.991,-0.076
244.61,-0.712,0.979,-0.047,PATROL,20,21,-0.735,0.993,-0.042,,-0.709,0.986,-0.047
244.81,-0.636,0.976,-0.024,PATROL,20,21,-0.661,0.991,-0.019,,-0.633,0.984,-0.024
245.01,-0.559,0.975,-0.005,PATROL,20,21,-0.586,0.990,-0.000,,-0.556,0.983,-0.005
245.21,-0.495,0.976,0.010,PATROL,20,21,-0.510,0.991,0.015,,-0.492,0.983,0.010
245.41,-0.417,0.977,0.023,PATROL,20,21,-0.434,0.992,0.028,,-0.414,0.984,0.023
245.61,-0.338,0.979,0.034,PATROL,20,21,-0.357,0.995,0.038,,-0.335,0.986,0.033
245.81,-0.259,0.982,0.043,PATROL,20,21,-0.279,0.998,0.048,,-0.256,0.989,0.043
246.01,-0.180,0.986,0.053,PATROL,20,21,-0.202,1.002,0.058,,-0.177,0.993,0.053
246.21,-0.100,0.990,0.062,PATROL,20,21,-0.124,1.007,0.066,,-0.097,0.998,0.061
246.41,-0.020,0.996,0.068,PATROL,20,21,-0.046,1.013,0.073,,-0.017,1.003,0.068
246.61,0.060,1.001,0.074,PATROL,20,21,0.033,1.019,0.079,,0.063,1.009,0.074
246.81,0.127,1.007,0.079,PATROL,20,21,0.112,1.025,0.083,,0.130,1.014,0.078
247.01,0.208,1.013,0.082,PATROL,20,21,0.191,1.032,0.087,,0.211,1.020,0.082
247.21,0.288,1.020,0.086,PATROL,20,21,0.270,1.039,0.090,,0.292,1.027,0.085
247.41,0.369,1.027,0.088,PATROL,20,21,0.349,1.046,0.093,,0.372,1.034,0.088
247.61,0.450,1.034,0.091,PATROL,20,21,0.428,1.053,0.095,,0.453,1.041,0.091
247.81,0.531,1.042,0.093,PATROL,20,21,0.507,1.061,0.097,,0.534,1.049,0.092
248.01,0.612,1.049,0.094,PATROL,20,21,0.586,1.069,0.099,,0.615,1.056,0.094
248.21,0.693,1.057,0.096,PATROL,20,21,0.666,1.077,0.100,,0.696,1.064,0.096
248.41,0.774,1.065,0.097,PATROL,20,21,0.745,1.085,0.102,,0.777,1.072,0.097
248.61,0.841,1.071,0.098,PATROL,20,21,0.824,1.093,0.103,,0.845,1.078,0.098
248.81,0.922,1.079,0.099,PATROL,20,21,0.904,1.101,0.104,,0.926,1.086,0.099
249.01,1.004,1.087,0.100,PATROL,20,21,0.983,1.109,0.104,,1.007,1.095,0.099
249.21,1.085,1.096,0.100,PATROL,21,22,1.063,1.118,0.105,,1.088,1.103,0.100
249.41,1.161,1.103,0.108,PATROL,21,22,1.137,1.126,0.113,,1.164,1.111,0.108
249.61,1.237,1.111,0.087,PATROL,21,22,1.212,1.134,0.092,,1.241,1.118,0.087
249.81,1.314,1.117,0.070,PATROL,21,22,1.288,1.140,0.075,,1.318,1.124,0.070
250.01,1.392,1.122,0.056,PATROL,21,22,1.364,1.145,0.061,,1.396,1.129,0.056
250.21,1.458,1.125,0.045,PATROL,21,22,1.441,1.149,0.050,,1.462,1.132,0.045
250.41,1.537,1.128,0.036,PATROL,21,22,1.519,1.153,0.041,,1.541,1.135,0.036
250.61,1.617,1.131,0.029,PATROL,21,22,1.597,1.156,0.033,,1.621,1.138,0.028
250.81,1.697,1.133,0.022,PATROL,21,22,1.675,1.158,0.027,,1.701,1.140,0.022
251.01,1.777,1.135,0.017,PATROL,21,22,1.754,1.160,0.022,,1.781,1.142,0.017
251.21,1.858,1.136,0.013,PATROL,21,22,1.833,1.161,0.018,,1.862,1.143,0.013
251.41,1.938,1.137,0.010,PATROL,21,22,1.912,1.163,0.015,,1.942,1.144,0.010
251.61,2.019,1.137,0.007,PATROL,21,22,1.991,1.164,0.012,,2.023,1.144,0.007
251.81,2.087,1.138,0.005,PATROL,21,22,2.070,1.165,0.010,,2.091,1.145,0.005
252.01,2.168,1.138,0.003,PATROL,21,22,2.150,1.165,0.008,,2.172,1.145,0.003
252.21,2.249,1.138,0.001,PATROL,21,22,2.229,1.166,0.006,,2.253,1.145,0.001
252.41,2.330,1.138,0.000,PATROL,21,22,2.309,1.166,0.005,,2.334,1.145,-0.000
252.61,2.411,1.138,-0.001,PATROL,21,22,2.388,1.166,0.004,,2.416,1.145,-0.001
252.81,2.492,1.138,-0.002,PATROL,21,22,2.468,1.167,0.003,,2.497,1.145,-0.002
253.01,2.574,1.138,-0.002,PATROL,21,22,2.547,1.167,0.002,,2.578,1.145,-0.003
253.21,2.655,1.138,-0.003,PATROL,21,22,2.627,1.167,0.002,,2.659,1.145,-0.003
253.41,2.736,1.138,-0.004,PATROL,21,22,2.707,1.167,0.001,,2.741,1.144,-0.004
253.61,2.804,1.137,-0.004,PATROL,21,22,2.787,1.167,0.000,,2.809,1.144,-0.004
253.81,2.885,1.137,-0.005,PATROL,21,22,2.866,1.167,-0.000,,2.890,1.144,-0.005
254.01,2.967,1.137,-0.006,PATROL,21,22,2.946,1.167,-0.001,,2.971,1.143,-0.006
254.21,3.048,1.136,-0.006,PATROL,21,22,3.026,1.167,-0.002,,3.053,1.143,-0.007
254.41,3.130,1.135,-0.007,PATROL,21,22,3.106,1.167,-0.002,,3.134,1.142,-0.007
254.61,3.211,1.135,-0.008,PATROL,21,22,3.185,1.167,-0.003,,3.216,1.142,-0.008
254.81,3.292,1.134,-0.008,PATROL,21,22,3.265,1.166,-0.004,,3.297,1.141,-0.008
255.01,3.374,1.134,-0.009,PATROL,21,22,3.345,1.166,-0.004,,3.379,1.140,-0.009
255.21,3.442,1.133,-0.010,PATROL,21,22,3.424,1.166,-0.005,,3.447,1.140,-0.010
255.41,3.523,1.132,-0.010,PATROL,21,22,3.504,1.166,-0.005,,3.528,1.139,-0.010
255.61,3.605,1.131,-0.011,PATROL,21,22,3.584,1.165,-0.006,,3.610,1.138,-0.011
255.81,3.686,1.130,-0.011,PATROL,21,22,3.663,1.165,-0.007,,3.691,1.137,-0.011
256.01,3.768,1.129,-0.012,PATROL,21,22,3.743,1.164,-0.007,,3.773,1.136,-0.012
256.21,3.849,1.128,-0.012,PATROL,22,23,3.822,1.164,-0.008,,3.854,1.135,-0.013
256.41,3.931,1.127,-0.012,PATROL,22,23,3.902,1.164,-0.007,,3.936,1.134,-0.012
256.61,4.012,1.127,-0.011,PATROL,22,23,3.981,1.163,-0.006,,4.017,1.133,-0.011
256.81,4.079,1.126,-0.010,PATROL,22,23,4.060,1.163,-0.005,,4.084,1.132,-0.010
257.01,4.160,1.125,-0.009,PATROL,22,23,4.139,1.163,-0.005,,4.165,1.132,-0.010
257.21,4.241,1.124,-0.008,PATROL,22,23,4.219,1.162,-0.004,,4.247,1.131,-0.009
257.41,4.323,1.124,-0.008,PATROL,22,23,4.298,1.162,-0.003,,4.328,1.130,-0.008
257.61,4.404,1.123,-0.007,PATROL,22,23,4.378,1.162,-0.002,,4.409,1.129,-0.007
257.81,4.485,1.122,-0.006,PATROL,22,23,4.457,1.162,-0.002,,4.490,1.129,-0.007
258.01,4.566,1.122,-0.006,PATROL,22,23,4.537,1.162,-0.001,,4.571,1.128,-0.006
258.21,4.647,1.122,-0.005,PATROL,22,23,4.616,1.162,-0.001,,4.653,1.128,-0.006
258.41,4.729,1.121,-0.005,PATROL,22,23,4.696,1.162,-0.000,,4.734,1.128,-0.005
258.61,4.796,1.121,-0.004,PATROL,22,23,4.775,1.162,0.001,,4.802,1.127,-0.004
258.81,4.878,1.121,-0.003,PATROL,22,23,4.854,1.162,0.002,,4.883,1.127,-0.003
259.01,4.959,1.120,-0.002,PATROL,22,23,4.934,1.162,0.003,,4.965,1.127,-0.002
259.21,5.040,1.120,-0.001,PATROL,22,23,5.014,1.163,0.003,,5.046,1.127,-0.002
259.41,5.122,1.120,-0.000,PATROL,22,23,5.093,1.163,0.004,,5.127,1.126,-0.001
259.61,5.203,1.120,0.000,PATROL,22,23,5.173,1.163,0.005,,5.209,1.126,0.000
259.81,5.285,1.120,0.001,PATROL,22,23,5.253,1.164,0.006,,5.290,1.126,0.001
260.01,5.366,1.120,0.002,PATROL,22,23,5.333,1.164,0.007,,5.372,1.127,0.002
260.21,5.434,1.120,0.003,PATROL,22,23,5.413,1.165,0.007,,5.440,1.127,0.002
260.41,5.516,1.121,0.003,PATROL,22,23,5.492,1.166,0.008,,5.522,1.127,0.003
260.61,5.597,1.121,0.004,PATROL,22,23,5.572,1.166,0.009,,5.603,1.127,0.004
260.81,5.679,1.121,0.005,PATROL,22,23,5.652,1.167,0.009,,5.685,1.128,0.004
261.01,5.760,1.122,0.005,PATROL,22,23,5.732,1.168,0.010,,5.766,1.128,0.005
261.21,5.842,1.122,0.006,PATROL,22,23,5.811,1.168,0.011,,5.848,1.128,0.006
261.41,5.923,1.123,0.006,PATROL,22,23,5.891,1.169,0.011,,5.929,1.129,0.006
261.61,6.005,1.123,0.007,PATROL,22,23,5.971,1.170,0.011,,6.011,1.129,0.006
261.81,6.072,1.124,0.007,PATROL,22,23,6.051,1.171,0.012,,6.079,1.130,0.007
262.01,6.154,1.124,0.007,PATROL,22,23,6.130,1.172,0.012,,6.160,1.130,0.007
262.21,6.235,1.125,0.006,PATROL,22,23,6.210,1.173,0.011,,6.241,1.131,0.006
262.41,6.316,1.125,0.006,PATROL,22,23,6.290,1.174,0.010,,6.323,1.131,0.005
262.61,6.398,1.126,0.005,PATROL,22,23,6.369,1.174,0.009,,6.404,1.132,0.005
262.81,6.479,1.126,0.004,PATROL,22,23,6.448,1.175,0.009,,6.485,1.132,0.004
263.01,6.560,1.126,0.003,PATROL,22,23,6.528,1.176,0.008,,6.566,1.132,0.003
263.21,6.641,1.127,0.002,PATROL,23,24,6.608,1.176,0.007,,6.648,1.133,0.002
263.41,6.709,1.127,0.002,PATROL,23,24,6.688,1.177,0.007,,6.716,1.133,0.002
263.61,6.791,1.127,0.002,PATROL,23,24,6.767,1.177,0.007,,6.797,1.133,0.002
263.81,6.872,1.127,0.002,PATROL,23,24,6.847,1.178,0.007,,6.878,1.133,0.002
264.01,6.954,1.127,0.002,PATROL,23,24,6.927,1.178,0.007,,6.960,1.133,0.002
264.21,7.035,1.128,0.003,PATROL,23,24,7.007,1.179,0.007,,7.042,1.133,0.002
264.41,7.116,1.128,0.003,PATROL,23,24,7.086,1.179,0.007,,7.123,1.134,0.002
264.61,7.198,1.128,0.002,PATROL,23,24,7.167,1.180,0.007,,7.204,1.134,0.002
264.81,7.279,1.128,0.002,PATROL,23,24,7.246,1.180,0.007,,7.286,1.134,0.002
265.01,7.361,1.128,0.002,PATROL,23,24,7.326,1.181,0.007,,7.367,1.134,0.002
265.21,7.428,1.128,0.002,PATROL,23,24,7.406,1.181,0.007,,7.435,1.134,0.002
265.41,7.510,1.129,0.002,PATROL,23,24,7.485,1.182,0.007,,7.517,1.134,0.002
265.61,7.591,1.129,0.002,PATROL,23,24,7.565,1.183,0.007,,7.598,1.135,0.002
265.81,7.673,1.129,0.002,PATROL,23,24,7.645,1.183,0.007,,7.680,1.135,0.002
266.01,7.754,1.129,0.002,PATROL,23,24,7.724,1.183,0.006,,7.761,1.135,0.002
266.21,7.835,1.129,0.002,PATROL,23,24,7.804,1.184,0.006,,7.842,1.135,0.001
266.41,7.917,1.129,0.002,PATROL,23,24,7.884,1.184,0.006,,7.924,1.135,0.001
266.61,7.998,1.129,0.001,PATROL,23,24,7.964,1.185,0.006,,8.005,1.135,0.001
266.81,8.066,1.130,0.001,PATROL,23,24,8.043,1.185,0.006,,8.073,1.135,0.001
267.01,8.147,1.130,0.001,PATROL,23,24,8.123,1.186,0.006,,8.155,1.135,0.001
267.21,8.229,1.130,0.001,PATROL,23,24,8.203,1.186,0.006,,8.236,1.135,0.001
267.41,8.310,1.130,0.001,PATROL,23,24,8.283,1.187,0.005,,8.317,1.135,0.001
267.61,8.392,1.130,0.001,PATROL,23,24,8.362,1.187,0.005,,8.399,1.136,0.000
267.81,8.473,1.130,0.000,PATROL,23,24,8.442,1.187,0.005,,8.480,1.136,0.000
268.01,8.554,1.130,0.000,PATROL,23,24,8.522,1.188,0.005,,8.562,1.136,-0.000
268.21,8.636,1.130,-0.000,PATROL,23,24,8.602,1.188,0.005,,8.643,1.136,-0.000
268.41,8.703,1.130,-0.000,PATROL,23,24,8.681,1.188,0.004,,8.711,1.135,-0.001
268.61,8.785,1.130,-0.001,PATROL,23,24,8.761,1.189,0.004,,8.792,1.135,-0.001
268.81,8.866,1.130,-0.001,PATROL,23,24,8.841,1.189,0.004,,8.873,1.135,-0.001
269.01,8.947,1.130,-0.002,PATROL,23,24,8.920,1.189,0.003,,8.955,1.135,-0.002
269.21,9.029,1.130,-0.002,PATROL,23,24,9.000,1.189,0.002,,9.036,1.135,-0.003
269.41,9.110,1.129,-0.003,PATROL,23,24,9.080,1.190,0.002,,9.118,1.135,-0.003
269.61,9.191,1.129,-0.004,PATROL,23,24,9.159,1.190,0.001,,9.199,1.135,-0.004
269.81,9.273,1.129,-0.004,PATROL,23,24,9.239,1.190,0.000,,9.280,1.134,-0.005
270.01,9.354,1.128,-0.005,PATROL,24,32,9.319,1.190,-0.000,,9.362,1.134,-0.005
270.21,9.416,1.128,-0.012,PATROL,24,32,9.391,1.189,-0.007,,9.424,1.133,-0.012
270.41,9.454,1.127,-0.023,PATROL,24,32,9.425,1.189,-0.018,,9.461,1.133,-0.023
270.61,9.463,1.127,0.047,PATROL,24,32,9.434,1.189,0.052,,9.471,1.133,0.047
270.81,9.470,1.128,0.153,PATROL,24,32,9.441,1.190,0.158,,9.478,1.133,0.153
271.01,9.483,1.131,0.259,PATROL,24,32,9.454,1.193,0.264,,9.491,1.136,0.259
271.21,9.500,1.136,0.366,PATROL,24,32,9.471,1.199,0.371,,9.508,1.142,0.366
271.41,9.521,1.146,0.473,PATROL,24,32,9.491,1.208,0.478,,9.529,1.151,0.473
271.61,9.546,1.160,0.581,PATROL,24,32,9.515,1.222,0.585,,9.553,1.166,0.581
271.81,9.568,1.177,0.686,PATROL,24,32,9.541,1.242,0.691,,9.576,1.182,0.687
272.01,9.595,1.202,0.794,PATROL,24,32,9.569,1.267,0.799,,9.603,1.207,0.795
272.21,9.624,1.233,0.902,PATROL,24,32,9.596,1.299,0.907,,9.632,1.239,0.903
272.41,9.651,1.272,1.013,PATROL,24,32,9.623,1.338,1.018,,9.659,1.278,1.014
272.61,9.677,1.319,1.124,PATROL,24,32,9.648,1.383,1.129,,9.684,1.324,1.125
272.81,9.699,1.372,1.225,PATROL,24,32,9.669,1.436,1.230,,9.707,1.378,1.226
273.01,9.717,1.432,1.307,PATROL,24,32,9.687,1.494,1.311,,9.725,1.438,1.307
273.21,9.732,1.497,1.373,PATROL,24,32,9.701,1.557,1.377,,9.740,1.502,1.373
273.41,9.742,1.553,1.427,PATROL,24,32,9.712,1.624,1.432,,9.750,1.559,1.428
273.61,9.751,1.624,1.471,PATROL,24,32,9.720,1.693,1.475,,9.758,1.629,1.471
273.81,9.757,1.696,1.506,PATROL,24,32,9.726,1.764,1.510,,9.764,1.702,1.506
274.01,9.761,1.771,1.534,PATROL,24,32,9.729,1.837,1.538,,9.768,1.777,1.535
274.21,9.762,1.846,1.558,PATROL,24,32,9.730,1.911,1.563,,9.770,1.852,1.559
274.41,9.763,1.923,1.578,PATROL,24,32,9.730,1.985,1.583,,9.770,1.929,1.579
274.61,9.761,2.000,1.595,PATROL,24,32,9.729,2.061,1.600,,9.769,2.006,1.596
274.81,9.759,2.078,1.610,PATROL,24,32,9.726,2.137,1.614,,9.766,2.084,1.610
275.01,9.755,2.156,1.622,PATROL,24,32,9.722,2.214,1.626,,9.763,2.162,1.622
275.21,9.751,2.222,1.633,PATROL,24,32,9.717,2.291,1.637,,9.759,2.228,1.634
275.41,9.746,2.301,1.644,PATROL,24,32,9.712,2.368,1.648,,9.753,2.307,1.644
275.61,9.740,2.380,1.653,PATROL,24,32,9.705,2.446,1.657,,9.747,2.386,1.653
275.81,9.733,2.460,1.660,PATROL,24,32,9.698,2.524,1.664,,9.740,2.466,1.661
276.01,9.726,2.540,1.667,PATROL,24,32,9.691,2.602,1.671,,9.733,2.546,1.667
276.21,9.718,2.620,1.672,PATROL,24,32,9.683,2.681,1.676,,9.725,2.626,1.673
276.41,9.709,2.700,1.677,PATROL,24,32,9.674,2.759,1.681,,9.716,2.706,1.678
276.61,9.701,2.780,1.681,PATROL,24,32,9.665,2.838,1.686,,9.708,2.786,1.682
276.81,9.693,2.847,1.685,PATROL,24,32,9.656,2.916,1.689,,9.700,2.853,1.686
277.01,9.684,2.927,1.689,PATROL,24,32,9.647,2.995,1.693,,9.691,2.934,1.689
277.21,9.674,3.008,1.692,PATROL,24,32,9.637,3.074,1.696,,9.681,3.014,1.692
277.41,9.664,3.088,1.695,PATROL,25,31,9.627,3.152,1.699,,9.671,3.094,1.695
277.61,9.655,3.158,1.719,PATROL,25,31,9.618,3.221,1.724,,9.662,3.165,1.720
277.81,9.650,3.187,1.777,PATROL,25,31,9.612,3.250,1.782,,9.657,3.193,1.778
278.01,9.646,3.202,1.884,PATROL,25,31,9.608,3.265,1.888,,9.653,3.208,1.884
278.21,9.639,3.221,1.990,PATROL,25,31,9.601,3.284,1.994,,9.645,3.228,1.991
278.41,9.629,3.240,2.096,PATROL,25,31,9.589,3.306,2.101,,9.635,3.247,2.097
278.61,9.612,3.266,2.203,PATROL,25,31,9.572,3.332,2.208,,9.619,3.272,2.204
278.81,9.590,3.293,2.311,PATROL,25,31,9.550,3.359,2.315,,9.597,3.299,2.312
279.01,9.561,3.322,2.419,PATROL,25,31,9.521,3.386,2.423,,9.567,3.328,2.420
279.21,9.525,3.350,2.529,PATROL,25,31,9.485,3.414,2.533,,9.531,3.357,2.530
279.41,9.481,3.377,2.640,PATROL,25,31,9.443,3.440,2.644,,9.488,3.384,2.641
279.61,9.430,3.401,2.746,PATROL,25,31,9.393,3.464,2.751,,9.437,3.408,2.747
279.81,9.372,3.422,2.834,PATROL,25,31,9.337,3.484,2.838,,9.379,3.428,2.835
280.01,9.320,3.437,2.904,PATROL,25,31,9.275,3.501,2.908,,9.326,3.443,2.905
280.21,9.253,3.451,2.960,PATROL,25,31,9.209,3.514,2.964,,9.260,3.457,2.961
280.41,9.184,3.462,3.005,PATROL,25,31,9.141,3.525,3.009,,9.190,3.468,3.006
280.61,9.111,3.471,3.041,PATROL,25,31,9.070,3.533,3.045,,9.117,3.477,3.042
280.81,9.037,3.477,3.070,PATROL,25,31,8.998,3.538,3.074,,9.043,3.483,3.071
281.01,8.962,3.482,3.094,PATROL,25,31,8.924,3.543,3.098,,8.968,3.488,3.095
281.21,8.885,3.485,3.113,PATROL,25,31,8.849,3.545,3.117,,8.891,3.490,3.114
281.41,8.808,3.486,3.129,PATROL,25,31,8.773,3.546,3.133,,8.814,3.492,3.130
281.61,8.729,3.487,3.142,PATROL,25,31,8.697,3.546,-3.137,,8.735,3.492,3.144
281.81,8.664,3.486,3.153,PATROL,25,31,8.620,3.545,-3.126,,8.670,3.492,3.154
282.01,8.585,3.485,3.162,PATROL,25,31,8.542,3.544,-3.118,,8.591,3.490,3.163
282.21,8.506,3.483,3.170,PATROL,25,31,8.464,3.542,-3.110,,8.511,3.488,3.171
282.41,8.426,3.481,3.177,PATROL,25,31,8.387,3.539,-3.102,,8.432,3.486,3.178
282.61,8.346,3.477,3.184,PATROL,25,31,8.308,3.536,-3.095,,8.352,3.482,3.186
282.81,8.266,3.474,3.191,PATROL,25,31,8.230,3.532,-3.088,,8.272,3.479,3.192
283.01,8.185,3.470,3.196,PATROL,25,31,8.151,3.527,-3.083,,8.191,3.474,3.197
283.21,8.105,3.465,3.200,PATROL,25,31,8.072,3.523,-3.079,,8.110,3.470,3.202
283.41,8.038,3.461,3.204,PATROL,25,31,7.993,3.517,-3.076,,8.043,3.465,3.205
283.61,7.957,3.456,3.207,PATROL,25,31,7.914,3.512,-3.073,,7.962,3.460,3.208
283.81,7.876,3.450,3.209,PATROL,25,31,7.835,3.507,-3.070,,7.881,3.455,3.210
284.01,7.795,3.445,3.211,PATROL,25,31,7.755,3.501,-3.068,,7.800,3.449,3.213
284.21,7.714,3.439,3.213,PATROL,25,31,7.676,3.495,-3.067,,7.719,3.443,3.214
284.41,7.632,3.433,3.214,PATROL,25,31,7.596,3.489,-3.065,,7.638,3.437,3.216
284.61,7.551,3.427,3.216,PATROL,25,31,7.517,3.483,-3.064,,7.557,3.431,3.217
284.81,7.470,3.421,3.217,PATROL,25,31,7.437,3.477,-3.063,,7.476,3.425,3.218
285.01,7.402,3.416,3.218,PATROL,25,31,7.357,3.470,-3.062,,7.408,3.420,3.219
285.21,7.321,3.410,3.218,PATROL,25,31,7.278,3.464,-3.061,,7.326,3.413,3.220
285.41,7.240,3.404,3.219,PATROL,25,31,7.198,3.457,-3.060,,7.245,3.407,3.220
285.61,7.158,3.397,3.220,PATROL,26,30,7.119,3.451,-3.060,,7.164,3.401,3.221
285.81,7.082,3.391,3.231,PATROL,26,30,7.044,3.444,-3.048,,7.087,3.394,3.232
286.01,7.005,3.385,3.214,PATROL,26,30,6.968,3.438,-3.065,,7.010,3.388,3.215
286.21,6.927,3.380,3.200,PATROL,26,30,6.892,3.433,-3.080,,6.932,3.383,3.201
286.41,6.848,3.376,3.188,PATROL,26,30,6.815,3.429,-3.091,,6.853,3.378,3.190
286.61,6.769,3.372,3.179,PATROL,26,30,6.737,3.425,-3.101,,6.774,3.375,3.180
286.81,6.703,3.370,3.171,PATROL,26,30,6.659,3.422,-3.108,,6.708,3.373,3.173
287.01,6.623,3.368,3.165,PATROL,26,30,6.581,3.420,-3.114,,6.628,3.371,3.166
287.21,6.542,3.366,3.160,PATROL,26,30,6.502,3.418,-3.120,,6.547,3.369,3.161
287.41,6.462,3.365,3.156,PATROL,26,30,6.423,3.416,-3.124,,6.467,3.367,3.157
287.61,6.381,3.364,3.152,PATROL,26,30,6.344,3.415,-3.127,,6.386,3.366,3.154
287.81,6.300,3.363,3.149,PATROL,26,30,6.265,3.414,-3.130,,6.305,3.365,3.151
288.01,6.219,3.363,3.147,PATROL,26,30,6.186,3.413,-3.132,,6.224,3.365,3.148
288.21,6.138,3.362,3.145,PATROL,26,30,6.106,3.413,-3.134,,6.143,3.364,3.147
288.41,6.071,3.362,3.144,PATROL,26,30,6.027,3.412,-3.136,,6.076,3.364,3.145
288.61,5.990,3.362,3.142,PATROL,26,30,5.947,3.412,-3.137,,5.994,3.364,3.144
288.81,5.908,3.362,3.141,PATROL,26,30,5.868,3.411,-3.138,,5.913,3.364,3.143
289.01,5.827,3.362,3.140,PATROL,26,30,5.788,3.411,-3.139,,5.832,3.364,3.142
289.21,5.746,3.362,3.140,PATROL,26,30,5.708,3.411,-3.140,,5.751,3.364,3.141
289.41,5.665,3.362,3.139,PATROL,26,30,5.629,3.411,-3.140,,5.669,3.364,3.141
289.61,5.583,3.363,3.139,PATROL,26,30,5.549,3.411,-3.141,,5.588,3.364,3.140
289.81,5.502,3.363,3.138,PATROL,26,30,5.470,3.411,-3.141,,5.507,3.364,3.139
290.01,5.434,3.363,3.138,ALIGN,26,30,5.390,3.411,3.141,ball_9,5.439,3.364,3.139
290.21,5.375,3.364,3.124,ALIGN,26,30,5.335,3.411,3.128,ball_9,5.379,3.364,3.126
290.41,5.356,3.364,3.102,ALIGN,26,30,5.319,3.411,3.105,ball_9,5.361,3.365,3.103
290.61,5.356,3.364,3.033,ALIGN,26,30,5.319,3.411,3.037,ball_9,5.361,3.365,3.035
290.81,5.356,3.364,2.987,APPROACH,26,30,5.319,3.411,2.991,ball_9,5.361,3.365,2.988
291.01,5.351,3.365,2.931,APPROACH,26,30,5.314,3.412,2.934,ball_9,5.355,3.366,2.932
291.21,5.312,3.375,2.865,APPROACH,26,30,5.277,3.422,2.869,ball_9,5.316,3.376,2.866
291.41,5.254,3.392,2.872,APPROACH,26,30,5.221,3.438,2.876,ball_9,5.258,3.392,2.873
291.61,5.195,3.408,2.874,APPROACH,26,30,5.163,3.453,2.878,ball_9,5.199,3.409,2.875
291.81,5.145,3.421,2.878,APPROACH,26,30,5.105,3.469,2.882,ball_9,5.150,3.422,2.879
292.01,5.086,3.437,2.881,APPROACH,26,30,5.047,3.484,2.885,ball_9,5.090,3.438,2.882
292.21,5.027,3.453,2.883,APPROACH,26,30,4.989,3.499,2.887,ball_9,5.031,3.453,2.884
292.41,4.968,3.468,2.885,APPROACH,26,30,4.931,3.514,2.889,ball_9,4.972,3.469,2.886
292.61,4.909,3.484,2.887,APPROACH,26,30,4.873,3.528,2.891,ball_9,4.913,3.484,2.888
292.81,4.849,3.499,2.888,APPROACH,26,30,4.816,3.543,2.892,ball_9,4.854,3.500,2.890
293.01,4.790,3.515,2.890,APPROACH,26,30,4.758,3.558,2.894,ball_9,4.794,3.515,2.891
293.21,4.731,3.530,2.891,APPROACH,26,30,4.700,3.572,2.895,ball_9,4.735,3.530,2.892
293.41,4.682,3.542,2.892,APPROACH,26,30,4.642,3.586,2.896,ball_9,4.685,3.542,2.894
293.61,4.622,3.557,2.893,APPROACH,26,30,4.584,3.601,2.897,ball_9,4.626,3.557,2.895
293.81,4.563,3.572,2.894,APPROACH,26,30,4.526,3.615,2.898,ball_9,4.567,3.572,2.895
294.01,4.504,3.587,2.895,APPROACH,26,30,4.468,3.629,2.899,ball_9,4.507,3.587,2.896
294.21,4.444,3.602,2.896,APPROACH,26,30,4.410,3.643,2.899,ball_9,4.448,3.602,2.897
294.41,4.385,3.617,2.896,APPROACH,26,30,4.352,3.657,2.900,ball_9,4.388,3.617,2.898
294.61,4.325,3.632,2.897,APPROACH,26,30,4.294,3.672,2.901,ball_9,4.329,3.632,2.898
294.81,4.266,3.647,2.897,APPROACH,26,30,4.236,3.686,2.901,ball_9,4.270,3.647,2.899
295.01,4.217,3.659,2.898,APPROACH,26,30,4.178,3.700,2.901,ball_9,4.220,3.659,2.899
295.21,4.157,3.674,2.898,APPROACH,26,30,4.120,3.714,2.902,ball_9,4.161,3.673,2.899
295.41,4.098,3.689,2.898,APPROACH,26,30,4.062,3.728,2.902,ball_9,4.101,3.688,2.900
295.61,4.038,3.703,2.899,APPROACH,26,30,4.004,3.742,2.902,ball_9,4.042,3.703,2.900
295.81,3.979,3.718,2.899,APPROACH,26,30,3.946,3.756,2.903,ball_9,3.982,3.717,2.900
296.01,3.920,3.733,2.899,APPROACH,26,30,3.888,3.769,2.903,ball_9,3.923,3.732,2.900
296.21,3.860,3.748,2.899,APPROACH,26,30,3.830,3.783,2.903,ball_9,3.863,3.747,2.901
296.41,3.801,3.762,2.900,APPROACH,26,30,3.772,3.797,2.903,ball_9,3.804,3.761,2.901
296.61,3.751,3.774,2.900,APPROACH,26,30,3.714,3.811,2.904,ball_9,3.754,3.773,2.901
296.81,3.692,3.789,2.900,APPROACH,26,30,3.656,3.825,2.904,ball_9,3.695,3.788,2.901
297.01,3.632,3.804,2.900,APPROACH,26,30,3.598,3.839,2.904,ball_9,3.636,3.803,2.901
297.21,3.573,3.818,2.900,APPROACH,26,30,3.540,3.853,2.904,ball_9,3.576,3.817,2.901
297.41,3.514,3.833,2.900,APPROACH,26,30,3.482,3.867,2.904,ball_9,3.516,3.832,2.901
297.61,3.454,3.848,2.900,APPROACH,26,30,3.424,3.881,2.904,ball_9,3.457,3.846,2.902
297.81,3.395,3.862,2.900,APPROACH,26,30,3.366,3.895,2.904,ball_9,3.398,3.861,2.902
298.01,3.335,3.877,2.900,APPROACH,26,30,3.308,3.908,2.904,ball_9,3.338,3.875,2.902
298.21,3.276,3.891,2.901,APPROACH,26,30,3.250,3.922,2.904,ball_9,3.279,3.890,2.902
298.41,3.226,3.904,2.901,APPROACH,26,30,3.192,3.936,2.904,ball_9,3.229,3.902,2.902
298.61,3.167,3.918,2.901,APPROACH,26,30,3.134,3.950,2.904,ball_9,3.170,3.917,2.902
298.81,3.107,3.933,2.901,APPROACH,26,30,3.076,3.964,2.904,ball_9,3.110,3.931,2.902
299.01,3.048,3.947,2.901,APPROACH,26,30,3.018,3.978,2.904,ball_9,3.051,3.946,2.902
299.21,2.989,3.962,2.900,APPROACH,26,30,2.960,3.992,2.904,ball_9,2.991,3.960,2.902
299.41,2.929,3.977,2.901,APPROACH,26,30,2.901,4.006,2.904,,2.932,3.975,2.902
299.61,2.870,3.991,2.901,BLIND_DASH,26,30,2.844,4.019,2.905,,2.872,3.989,2.902
