t,wall_dt,sim_dt,state,dropped
0.055,0.0342,0.0340,PATROL,0
0.089,0.0339,0.0340,PATROL,0
0.123,0.0341,0.0340,PATROL,0
0.157,0.0339,0.0340,PATROL,0
0.191,0.0342,0.0340,PATROL,0
0.225,0.0341,0.0340,PATROL,0
0.259,0.0340,0.0340,PATROL,0
0.293,0.0340,0.0340,PATROL,0
0.327,0.0340,0.0340,PATROL,0
0.361,0.0340,0.0340,PATROL,0
0.395,0.0338,0.0340,PATROL,0
0.429,0.0340,0.0340,PATROL,0
0.463,0.0341,0.0340,PATROL,0
0.497,0.0345,0.0340,PATROL,0
0.531,0.0336,0.0340,PATROL,0
0.565,0.0341,0.0340,PATROL,0
0.599,0.0340,0.0340,PATROL,0
0.633,0.0340,0.0340,PATROL,0
0.667,0.0342,0.0340,PATROL,0
0.701,0.0338,0.0340,PATROL,0
0.735,0.0343,0.0340,PATROL,0
0.769,0.0339,0.0340,PATROL,0
0.803,0.0339,0.0340,PATROL,0
0.837,0.0342,0.0340,PATROL,0
0.872,0.0343,0.0340,PATROL,0
0.905,0.0336,0.0340,PATROL,0
0.939,0.0343,0.0340,PATROL,0
0.973,0.0339,0.0340,PATROL,0
1.007,0.0341,0.0340,PATROL,0
1.041,0.0338,0.0340,PATROL,0
1.075,0.0341,0.0340,PATROL,0
1.109,0.0340,0.0340,PATROL,0
1.143,0.0339,0.0340,PATROL,0
1.177,0.0342,0.0340,PATROL,0
1.211,0.0341,0.0340,PATROL,0
1.245,0.0340,0.0340,PATROL,0
1.279,0.0340,0.0340,PATROL,0
1.314,0.0343,0.0340,PATROL,0
1.347,0.0338,0.0340,PATROL,0
1.381,0.0340,0.0340,PATROL,0
1.415,0.0341,0.0340,PATROL,0
1.449,0.0339,0.0340,PATROL,0
1.484,0.0346,0.0340,PATROL,0
1.518,0.0337,0.0340,PATROL,0
1.551,0.0338,0.0340,PATROL,0
1.585,0.0340,0.0340,PATROL,0
1.619,0.0340,0.0340,PATROL,0
1.654,0.0341,0.0340,PATROL,0
1.688,0.0340,0.0340,PATROL,0
1.721,0.0339,0.0340,PATROL,0
1.756,0.0340,0.0340,PATROL,0
1.790,0.0341,0.0340,PATROL,0
1.824,0.0339,0.0340,PATROL,0
1.858,0.0341,0.0340,PATROL,0
1.891,0.0338,0.0340,PATROL,0
1.926,0.0341,0.0340,PATROL,0
1.960,0.0340,0.0340,PATROL,0
1.994,0.0340,0.0340,PATROL,0
2.028,0.0340,0.0340,PATROL,0
2.061,0.0339,0.0340,PATROL,0
2.096,0.0342,0.0340,PATROL,0
2.130,0.0341,0.0340,PATROL,0
2.164,0.0339,0.0340,PATROL,0
2.198,0.0345,0.0340,PATROL,0
2.232,0.0336,0.0340,PATROL,0
2.266,0.0342,0.0340,PATROL,0
2.300,0.0341,0.0340,PATROL,0
2.334,0.0339,0.0340,PATROL,0
2.368,0.0340,0.0340,PATROL,0
2.402,0.0340,0.0340,PATROL,0
2.436,0.0342,0.0340,PATROL,0
2.470,0.0340,0.0340,PATROL,0
2.504,0.0341,0.0340,PATROL,0
2.538,0.0339,0.0340,PATROL,0
2.572,0.0341,0.0340,PATROL,0
2.606,0.0339,0.0340,PATROL,0
2.640,0.0341,0.0340,PATROL,0
2.674,0.0340,0.0340,PATROL,0
2.708,0.0339,0.0340,PATROL,0
2.742,0.0340,0.0340,PATROL,0
2.776,0.0342,0.0340,PATROL,0
2.810,0.0339,0.0340,PATROL,0
2.844,0.0340,0.0340,PATROL,0
2.878,0.0341,0.0340,PATROL,0
2.912,0.0341,0.0340,PATROL,0
2.946,0.0341,0.0340,PATROL,0
2.980,0.0340,0.0340,PATROL,0
3.014,0.0341,0.0340,PATROL,0
3.049,0.0341,0.0340,PATROL,0
3.083,0.0340,0.0340,PATROL,0
3.117,0.0341,0.0340,PATROL,0
3.151,0.0340,0.0340,PATROL,0
3.185,0.0340,0.0340,PATROL,0
3.219,0.0338,0.0340,PATROL,0
3.253,0.0341,0.0340,PATROL,0
3.287,0.0341,0.0340,PATROL,0
3.321,0.0339,0.0340,PATROL,0
3.355,0.0342,0.0340,PATROL,0
3.389,0.0338,0.0340,PATROL,0
3.422,0.0339,0.0340,PATROL,0
3.457,0.0342,0.0340,PATROL,0
3.491,0.0340,0.0340,PATROL,0
3.525,0.0342,0.0340,PATROL,0
3.559,0.0342,0.0340,PATROL,0
3.593,0.0337,0.0340,PATROL,0
3.627,0.0341,0.0340,PATROL,0
3.661,0.0343,0.0340,PATROL,0
3.695,0.0336,0.0340,PATROL,0
3.729,0.0341,0.0340,PATROL,0
3.763,0.0340,0.0340,PATROL,0
3.797,0.0339,0.0340,PATROL,0
3.831,0.0342,0.0340,PATROL,0
3.865,0.0339,0.0340,PATROL,0
3.899,0.0339,0.0340,PATROL,0
3.933,0.0341,0.0340,PATROL,0
3.967,0.0341,0.0340,PATROL,0
4.002,0.0345,0.0340,PATROL,0
4.035,0.0336,0.0340,PATROL,0
4.069,0.0339,0.0340,PATROL,0
4.103,0.0342,0.0340,PATROL,0
4.137,0.0341,0.0340,PATROL,0
4.171,0.0340,0.0340,PATROL,0
4.205,0.0339,0.0340,PATROL,0
4.239,0.0343,0.0340,PATROL,0
4.273,0.0341,0.0340,PATROL,0
4.307,0.0337,0.0340,PATROL,0
4.341,0.0341,0.0340,PATROL,0
4.375,0.0338,0.0340,PATROL,0
4.409,0.0340,0.0340,PATROL,0
4.443,0.0340,0.0340,PATROL,0
4.477,0.0341,0.0340,PATROL,0
4.511,0.0340,0.0340,PATROL,0
4.545,0.0341,0.0340,PATROL,0
4.579,0.0339,0.0340,PATROL,0
4.613,0.0341,0.0340,PATROL,0
4.647,0.0340,0.0340,PATROL,0
4.682,0.0343,0.0340,PATROL,0
4.715,0.0337,0.0340,PATROL,0
4.749,0.0340,0.0340,PATROL,0
4.783,0.0340,0.0340,PATROL,0
4.817,0.0341,0.0340,PATROL,0
4.851,0.0340,0.0340,PATROL,0
4.885,0.0339,0.0340,PATROL,0
4.920,0.0342,0.0340,PATROL,0
4.954,0.0339,0.0340,PATROL,0
4.988,0.0340,0.0340,PATROL,0
5.022,0.0341,0.0340,ALIGN,0
5.056,0.0339,0.0340,ALIGN,0
5.090,0.0341,0.0340,ALIGN,0
5.124,0.0340,0.0340,ALIGN,0
5.158,0.0339,0.0340,ALIGN,0
5.192,0.0341,0.0340,ALIGN,0
5.226,0.0340,0.0340,ALIGN,0
5.260,0.0341,0.0340,ALIGN,0
5.294,0.0339,0.0340,ALIGN,0
5.328,0.0340,0.0340,ALIGN,0
5.362,0.0340,0.0340,ALIGN,0
5.396,0.0341,0.0340,ALIGN,0
5.430,0.0341,0.0340,ALIGN,0
5.463,0.0338,0.0340,ALIGN,0
5.498,0.0341,0.0340,ALIGN,0
5.531,0.0339,0.0340,ALIGN,0
5.565,0.0340,0.0340,ALIGN,0
5.600,0.0340,0.0340,ALIGN,0
5.634,0.0344,0.0340,ALIGN,0
5.668,0.0338,0.0340,ALIGN,0
5.702,0.0342,0.0340,ALIGN,0
5.736,0.0338,0.0340,ALIGN,0
5.770,0.0342,0.0340,ALIGN,0
5.804,0.0339,0.0340,ALIGN,0
5.838,0.0343,0.0340,ALIGN,0
5.872,0.0338,0.0340,ALIGN,0
5.906,0.0344,0.0340,ALIGN,0
5.941,0.0341,0.0340,ALIGN,0
5.975,0.0341,0.0340,ALIGN,0
6.008,0.0336,0.0340,APPROACH,0
6.042,0.0340,0.0340,APPROACH,0
6.076,0.0339,0.0340,APPROACH,0
6.110,0.0339,0.0340,APPROACH,0
6.144,0.0341,0.0340,APPROACH,0
6.178,0.0341,0.0340,APPROACH,0
6.212,0.0340,0.0340,APPROACH,0
6.246,0.0341,0.0340,APPROACH,0
6.280,0.0338,0.0340,APPROACH,0
6.314,0.0340,0.0340,APPROACH,0
6.348,0.0340,0.0340,APPROACH,0
6.382,0.0341,0.0340,APPROACH,0
6.416,0.0340,0.0340,APPROACH,0
6.450,0.0339,0.0340,APPROACH,0
6.484,0.0340,0.0340,APPROACH,0
6.518,0.0342,0.0340,APPROACH,0
6.552,0.0340,0.0340,APPROACH,0
6.587,0.0342,0.0340,APPROACH,0
6.620,0.0337,0.0340,APPROACH,0
6.655,0.0343,0.0340,APPROACH,0
6.688,0.0337,0.0340,APPROACH,0
6.723,0.0342,0.0340,APPROACH,0
6.757,0.0340,0.0340,APPROACH,0
6.791,0.0339,0.0340,APPROACH,0
6.824,0.0339,0.0340,APPROACH,0
6.859,0.0342,0.0340,APPROACH,0
6.893,0.0339,0.0340,APPROACH,0
6.926,0.0339,0.0340,APPROACH,0
6.960,0.0340,0.0340,APPROACH,0
6.994,0.0340,0.0340,APPROACH,0
7.029,0.0341,0.0340,APPROACH,0
7.063,0.0344,0.0340,APPROACH,0
7.098,0.0352,0.0340,APPROACH,0
7.132,0.0341,0.0340,APPROACH,0
7.166,0.0335,0.0340,APPROACH,0
7.199,0.0336,0.0340,APPROACH,0
7.233,0.0338,0.0340,APPROACH,0
7.267,0.0339,0.0340,APPROACH,0
7.301,0.0338,0.0340,APPROACH,0
7.335,0.0341,0.0340,APPROACH,0
7.369,0.0339,0.0340,APPROACH,0
7.403,0.0340,0.0340,APPROACH,0
7.437,0.0340,0.0340,APPROACH,0
7.471,0.0341,0.0340,APPROACH,0
7.505,0.0341,0.0340,APPROACH,0
7.539,0.0336,0.0340,APPROACH,0
7.573,0.0341,0.0340,APPROACH,0
7.607,0.0341,0.0340,APPROACH,0
7.641,0.0340,0.0340,APPROACH,0
7.675,0.0342,0.0340,APPROACH,0
7.709,0.0340,0.0340,APPROACH,0
7.743,0.0340,0.0340,APPROACH,0
7.777,0.0339,0.0340,APPROACH,0
7.811,0.0339,0.0340,APPROACH,0
7.845,0.0340,0.0340,APPROACH,0
7.879,0.0340,0.0340,APPROACH,0
7.913,0.0340,0.0340,APPROACH,0
7.947,0.0339,0.0340,APPROACH,0
7.981,0.0342,0.0340,APPROACH,0
8.015,0.0341,0.0340,APPROACH,0
8.049,0.0339,0.0340,APPROACH,0
8.083,0.0341,0.0340,APPROACH,0
8.117,0.0340,0.0340,APPROACH,0
8.151,0.0339,0.0340,APPROACH,0
8.185,0.0342,0.0340,APPROACH,0
8.219,0.0338,0.0340,APPROACH,0
8.253,0.0343,0.0340,APPROACH,0
8.287,0.0338,0.0340,APPROACH,0
8.321,0.0341,0.0340,APPROACH,0
8.355,0.0342,0.0340,APPROACH,0
8.389,0.0339,0.0340,APPROACH,0
8.424,0.0341,0.0340,APPROACH,0
8.457,0.0340,0.0340,APPROACH,0
8.491,0.0339,0.0340,APPROACH,0
8.525,0.0339,0.0340,APPROACH,0
8.559,0.0340,0.0340,APPROACH,0
8.594,0.0342,0.0340,APPROACH,0
8.627,0.0339,0.0340,APPROACH,0
8.662,0.0342,0.0340,APPROACH,0
8.695,0.0338,0.0340,APPROACH,0
8.730,0.0341,0.0340,APPROACH,0
8.764,0.0340,0.0340,APPROACH,0
8.798,0.0342,0.0340,APPROACH,0
8.831,0.0337,0.0340,APPROACH,0
8.865,0.0340,0.0340,APPROACH,0
8.899,0.0340,0.0340,APPROACH,0
8.934,0.0340,0.0340,APPROACH,0
8.968,0.0341,0.0340,APPROACH,0
9.002,0.0340,0.0340,APPROACH,0
9.036,0.0338,0.0340,APPROACH,0
9.070,0.0340,0.0340,APPROACH,0
9.104,0.0341,0.0340,APPROACH,0
9.138,0.0340,0.0340,APPROACH,0
9.172,0.0340,0.0340,APPROACH,0
9.206,0.0342,0.0340,APPROACH,0
9.240,0.0339,0.0340,APPROACH,0
9.274,0.0338,0.0340,APPROACH,0
9.308,0.0341,0.0340,APPROACH,0
9.342,0.0341,0.0340,APPROACH,0
9.376,0.0342,0.0340,APPROACH,0
9.410,0.0336,0.0340,APPROACH,0
9.444,0.0340,0.0340,APPROACH,0
9.478,0.0340,0.0340,APPROACH,0
9.511,0.0340,0.0340,APPROACH,0
9.545,0.0340,0.0340,APPROACH,0
9.579,0.0340,0.0340,APPROACH,0
9.614,0.0342,0.0340,APPROACH,0
9.648,0.0341,0.0340,APPROACH,0
9.682,0.0342,0.0340,APPROACH,0
9.716,0.0340,0.0340,APPROACH,0
9.750,0.0342,0.0340,APPROACH,0
9.784,0.0341,0.0340,APPROACH,0
9.818,0.0338,0.0340,APPROACH,0
9.852,0.0341,0.0340,APPROACH,0
9.886,0.0341,0.0340,APPROACH,0
9.920,0.0340,0.0340,APPROACH,0
9.954,0.0340,0.0340,APPROACH,0
9.988,0.0340,0.0340,APPROACH,0
10.022,0.0339,0.0340,APPROACH,0
10.056,0.0342,0.0340,APPROACH,0
10.090,0.0339,0.0340,APPROACH,0
10.124,0.0340,0.0340,APPROACH,0
10.158,0.0340,0.0340,APPROACH,0
10.192,0.0340,0.0340,APPROACH,0
10.226,0.0340,0.0340,APPROACH,0
10.260,0.0341,0.0340,APPROACH,0
10.294,0.0341,0.0340,APPROACH,0
10.328,0.0340,0.0340,APPROACH,0
10.362,0.0340,0.0340,APPROACH,0
10.397,0.0343,0.0340,APPROACH,0
10.431,0.0338,0.0340,APPROACH,0
10.465,0.0341,0.0340,APPROACH,0
10.499,0.0339,0.0340,APPROACH,0
10.533,0.0340,0.0340,APPROACH,0
10.567,0.0341,0.0340,APPROACH,0
10.601,0.0342,0.0340,APPROACH,0
10.635,0.0339,0.0340,APPROACH,0
10.669,0.0340,0.0340,APPROACH,0
10.703,0.0339,0.0340,APPROACH,0
10.737,0.0341,0.0340,APPROACH,0
10.771,0.0339,0.0340,APPROACH,0
10.805,0.0343,0.0340,APPROACH,0
10.839,0.0339,0.0340,APPROACH,0
10.873,0.0340,0.0340,APPROACH,0
10.907,0.0338,0.0340,APPROACH,0
10.941,0.0339,0.0340,APPROACH,0
10.975,0.0340,0.0340,APPROACH,0
11.009,0.0341,0.0340,APPROACH,0
11.043,0.0344,0.0340,APPROACH,0
11.077,0.0340,0.0340,APPROACH,0
11.111,0.0338,0.0340,APPROACH,0
11.145,0.0340,0.0340,APPROACH,0
11.179,0.0338,0.0340,APPROACH,0
11.213,0.0342,0.0340,APPROACH,0
11.247,0.0339,0.0340,APPROACH,0
11.281,0.0341,0.0340,APPROACH,0
11.315,0.0340,0.0340,APPROACH,0
11.349,0.0339,0.0340,APPROACH,0
11.383,0.0342,0.0340,APPROACH,0
11.417,0.0340,0.0340,APPROACH,0
11.451,0.0339,0.0340,APPROACH,0
11.485,0.0340,0.0340,APPROACH,0
11.519,0.0340,0.0340,APPROACH,0
11.553,0.0341,0.0340,APPROACH,0
11.587,0.0340,0.0340,APPROACH,0
11.621,0.0340,0.0340,APPROACH,0
11.655,0.0342,0.0340,APPROACH,0
11.689,0.0339,0.0340,APPROACH,0
11.723,0.0338,0.0340,APPROACH,0
11.757,0.0341,0.0340,APPROACH,0
11.791,0.0339,0.0340,APPROACH,0
11.825,0.0341,0.0340,APPROACH,0
11.859,0.0340,0.0340,APPROACH,0
11.893,0.0339,0.0340,APPROACH,0
11.927,0.0342,0.0340,APPROACH,0
11.961,0.0340,0.0340,APPROACH,0
11.995,0.0339,0.0340,APPROACH,0
12.029,0.0341,0.0340,APPROACH,0
12.063,0.0339,0.0340,APPROACH,0
12.097,0.0340,0.0340,APPROACH,0
12.131,0.0341,0.0340,APPROACH,0
12.165,0.0338,0.0340,APPROACH,0
12.199,0.0340,0.0340,APPROACH,0
12.234,0.0344,0.0340,APPROACH,0
12.268,0.0339,0.0340,APPROACH,0
12.301,0.0338,0.0340,APPROACH,0
12.335,0.0340,0.0340,APPROACH,0
12.370,0.0342,0.0340,APPROACH,0
12.403,0.0338,0.0340,APPROACH,0
12.438,0.0344,0.0340,APPROACH,0
12.472,0.0339,0.0340,APPROACH,0
12.506,0.0341,0.0340,APPROACH,0
12.540,0.0339,0.0340,APPROACH,0
12.574,0.0341,0.0340,APPROACH,0
12.607,0.0338,0.0340,APPROACH,0
12.642,0.0341,0.0340,APPROACH,0
12.676,0.0339,0.0340,APPROACH,0
12.710,0.0341,0.0340,APPROACH,0
12.744,0.0339,0.0340,APPROACH,0
12.778,0.0344,0.0340,APPROACH,0
12.812,0.0339,0.0340,APPROACH,0
12.846,0.0337,0.0340,APPROACH,0
12.879,0.0339,0.0340,APPROACH,0
12.914,0.0341,0.0340,APPROACH,0
12.947,0.0339,0.0340,APPROACH,0
12.982,0.0342,0.0340,APPROACH,0
13.016,0.0340,0.0340,APPROACH,0
13.050,0.0340,0.0340,APPROACH,0
13.084,0.0340,0.0340,APPROACH,0
13.118,0.0344,0.0340,APPROACH,0
13.152,0.0337,0.0340,APPROACH,0
13.186,0.0341,0.0340,APPROACH,0
13.220,0.0340,0.0340,APPROACH,0
13.254,0.0341,0.0340,APPROACH,0
13.288,0.0338,0.0340,APPROACH,0
13.322,0.0341,0.0340,APPROACH,0
13.356,0.0340,0.0340,APPROACH,0
13.390,0.0341,0.0340,APPROACH,0
13.424,0.0338,0.0340,APPROACH,0
13.458,0.0343,0.0340,APPROACH,0
13.492,0.0341,0.0340,APPROACH,0
13.526,0.0339,0.0340,APPROACH,0
13.560,0.0339,0.0340,APPROACH,0
13.594,0.0342,0.0340,APPROACH,0
13.628,0.0339,0.0340,APPROACH,0
13.662,0.0340,0.0340,APPROACH,0
13.696,0.0340,0.0340,APPROACH,0
13.730,0.0340,0.0340,APPROACH,0
13.764,0.0340,0.0340,APPROACH,0
13.798,0.0342,0.0340,APPROACH,0
13.832,0.0338,0.0340,APPROACH,0
13.866,0.0342,0.0340,APPROACH,0
13.900,0.0339,0.0340,APPROACH,0
13.934,0.0340,0.0340,APPROACH,0
13.968,0.0342,0.0340,APPROACH,0
14.002,0.0339,0.0340,APPROACH,0
14.036,0.0342,0.0340,APPROACH,0
14.071,0.0341,0.0340,APPROACH,0
14.104,0.0339,0.0340,APPROACH,0
14.138,0.0340,0.0340,APPROACH,0
14.173,0.0344,0.0340,APPROACH,0
14.207,0.0337,0.0340,APPROACH,0
14.240,0.0339,0.0340,APPROACH,0
14.275,0.0342,0.0340,APPROACH,0
14.309,0.0340,0.0340,APPROACH,0
14.343,0.0339,0.0340,APPROACH,0
14.377,0.0341,0.0340,APPROACH,0
14.411,0.0339,0.0340,APPROACH,0
14.445,0.0340,0.0340,APPROACH,0
14.479,0.0342,0.0340,APPROACH,0
14.513,0.0339,0.0340,APPROACH,0
14.547,0.0341,0.0340,APPROACH,0
14.581,0.0339,0.0340,APPROACH,0
14.615,0.0343,0.0340,APPROACH,0
14.649,0.0339,0.0340,APPROACH,0
14.683,0.0340,0.0340,APPROACH,0
14.717,0.0341,0.0340,APPROACH,0
14.751,0.0340,0.0340,APPROACH,0
14.785,0.0339,0.0340,APPROACH,0
14.819,0.0340,0.0340,APPROACH,0
14.853,0.0341,0.0340,APPROACH,0
14.887,0.0340,0.0340,APPROACH,0
14.921,0.0340,0.0340,BLIND_DASH,0
14.955,0.0339,0.0340,BLIND_DASH,0
14.989,0.0342,0.0340,BLIND_DASH,0
15.023,0.0340,0.0340,PATROL,0
15.057,0.0338,0.0340,PATROL,0
15.091,0.0341,0.0340,PATROL,0
15.125,0.0341,0.0340,PATROL,0
15.159,0.0339,0.0340,PATROL,0
15.193,0.0342,0.0340,PATROL,0
15.227,0.0339,0.0340,PATROL,0
15.261,0.0340,0.0340,PATROL,0
15.295,0.0341,0.0340,PATROL,0
15.329,0.0340,0.0340,PATROL,0
15.363,0.0340,0.0340,PATROL,0
15.397,0.0339,0.0340,PATROL,0
15.431,0.0342,0.0340,PATROL,0
15.465,0.0340,0.0340,PATROL,0
15.499,0.0339,0.0340,PATROL,0
15.533,0.0341,0.0340,PATROL,0
15.567,0.0339,0.0340,PATROL,0
15.601,0.0341,0.0340,PATROL,0
15.635,0.0340,0.0340,PATROL,0
15.669,0.0341,0.0340,PATROL,0
15.703,0.0340,0.0340,PATROL,0
15.737,0.0340,0.0340,PATROL,0
15.771,0.0340,0.0340,PATROL,0
15.805,0.0339,0.0340,PATROL,0
15.839,0.0340,0.0340,PATROL,0
15.873,0.0342,0.0340,PATROL,0
15.907,0.0339,0.0340,PATROL,0
15.941,0.0340,0.0340,PATROL,0
15.975,0.0341,0.0340,PATROL,0
16.009,0.0339,0.0340,PATROL,0
16.043,0.0340,0.0340,PATROL,0
16.078,0.0345,0.0340,PATROL,0
16.112,0.0339,0.0340,PATROL,0
16.146,0.0341,0.0340,PATROL,0
16.180,0.0340,0.0340,PATROL,0
16.214,0.0342,0.0340,PATROL,0
16.248,0.0336,0.0340,PATROL,0
16.282,0.0342,0.0340,PATROL,0
16.316,0.0340,0.0340,PATROL,0
16.350,0.0339,0.0340,PATROL,0
16.384,0.0340,0.0340,PATROL,0
16.418,0.0340,0.0340,PATROL,0
16.452,0.0339,0.0340,PATROL,0
16.486,0.0341,0.0340,PATROL,0
16.520,0.0341,0.0340,PATROL,0
16.554,0.0341,0.0340,PATROL,0
16.588,0.0340,0.0340,PATROL,0
16.622,0.0338,0.0340,PATROL,0
16.656,0.0340,0.0340,PATROL,0
16.690,0.0341,0.0340,PATROL,0
16.724,0.0340,0.0340,PATROL,0
16.758,0.0341,0.0340,PATROL,0
16.792,0.0341,0.0340,PATROL,0
16.826,0.0340,0.0340,PATROL,0
16.860,0.0338,0.0340,PATROL,0
16.894,0.0340,0.0340,PATROL,0
16.928,0.0341,0.0340,PATROL,0
16.962,0.0341,0.0340,PATROL,0
16.996,0.0339,0.0340,PATROL,0
17.030,0.0342,0.0340,PATROL,0
17.064,0.0339,0.0340,PATROL,0
17.098,0.0341,0.0340,PATROL,0
17.132,0.0341,0.0340,PATROL,0
17.166,0.0339,0.0340,PATROL,0
17.200,0.0340,0.0340,PATROL,0
17.234,0.0339,0.0340,PATROL,0
17.268,0.0342,0.0340,PATROL,0
17.302,0.0340,0.0340,PATROL,0
17.336,0.0340,0.0340,PATROL,0
17.370,0.0341,0.0340,PATROL,0
17.404,0.0338,0.0340,PATROL,0
17.438,0.0341,0.0340,PATROL,0
17.472,0.0341,0.0340,PATROL,0
17.506,0.0338,0.0340,PATROL,0
17.540,0.0340,0.0340,PATROL,0
17.574,0.0342,0.0340,PATROL,0
17.608,0.0338,0.0340,PATROL,0
17.642,0.0341,0.0340,PATROL,0
17.676,0.0343,0.0340,PATROL,0
17.710,0.0339,0.0340,PATROL,0
17.744,0.0340,0.0340,PATROL,0
17.778,0.0339,0.0340,PATROL,0
17.812,0.0340,0.0340,PATROL,0
17.846,0.0341,0.0340,PATROL,0
17.881,0.0342,0.0340,PATROL,0
17.914,0.0337,0.0340,PATROL,0
17.948,0.0341,0.0340,PATROL,0
17.982,0.0339,0.0340,PATROL,0
18.017,0.0342,0.0340,PATROL,0
18.050,0.0339,0.0340,PATROL,0
18.085,0.0341,0.0340,PATROL,0
18.119,0.0341,0.0340,PATROL,0
18.152,0.0339,0.0340,PATROL,0
18.187,0.0340,0.0340,PATROL,0
18.221,0.0340,0.0340,PATROL,0
18.255,0.0341,0.0340,PATROL,0
18.289,0.0341,0.0340,PATROL,0
18.323,0.0339,0.0340,PATROL,0
18.357,0.0342,0.0340,PATROL,0
18.391,0.0339,0.0340,PATROL,0
18.425,0.0339,0.0340,PATROL,0
18.459,0.0341,0.0340,PATROL,0
18.493,0.0340,0.0340,PATROL,0
18.527,0.0340,0.0340,PATROL,0
18.561,0.0340,0.0340,PATROL,0
18.595,0.0341,0.0340,PATROL,0
18.629,0.0341,0.0340,PATROL,0
18.663,0.0338,0.0340,PATROL,0
18.697,0.0340,0.0340,PATROL,0
18.731,0.0343,0.0340,PATROL,0
18.765,0.0338,0.0340,PATROL,0
18.799,0.0341,0.0340,PATROL,0
18.833,0.0339,0.0340,PATROL,0
18.867,0.0339,0.0340,PATROL,0
18.901,0.0341,0.0340,PATROL,0
18.935,0.0340,0.0340,PATROL,0
18.969,0.0340,0.0340,PATROL,0
19.003,0.0342,0.0340,PATROL,0
19.037,0.0339,0.0340,PATROL,0
19.071,0.0339,0.0340,PATROL,0
19.105,0.0342,0.0340,PATROL,0
19.139,0.0340,0.0340,PATROL,0
19.173,0.0340,0.0340,PATROL,0
19.207,0.0339,0.0340,PATROL,0
19.241,0.0341,0.0340,PATROL,0
19.275,0.0341,0.0340,PATROL,0
19.309,0.0340,0.0340,PATROL,0
19.343,0.0339,0.0340,PATROL,0
19.377,0.0340,0.0340,PATROL,0
19.411,0.0342,0.0340,PATROL,0
19.445,0.0338,0.0340,PATROL,0
19.479,0.0341,0.0340,PATROL,0
19.513,0.0341,0.0340,PATROL,0
19.547,0.0340,0.0340,PATROL,0
19.581,0.0341,0.0340,PATROL,0
19.615,0.0339,0.0340,PATROL,0
19.650,0.0342,0.0340,PATROL,0
19.683,0.0338,0.0340,PATROL,0
19.718,0.0342,0.0340,PATROL,0
19.751,0.0338,0.0340,PATROL,0
19.785,0.0341,0.0340,PATROL,0
19.819,0.0341,0.0340,PATROL,0
19.854,0.0341,0.0340,PATROL,0
19.888,0.0340,0.0340,PATROL,0
19.922,0.0340,0.0340,PATROL,0
19.956,0.0341,0.0340,PATROL,0
19.990,0.0341,0.0340,PATROL,0
20.024,0.0339,0.0340,PATROL,0
20.058,0.0344,0.0340,PATROL,0
20.092,0.0336,0.0340,PATROL,0
20.126,0.0344,0.0340,PATROL,0
20.160,0.0337,0.0340,PATROL,0
20.194,0.0339,0.0340,PATROL,0
20.228,0.0341,0.0340,PATROL,0
20.262,0.0340,0.0340,PATROL,0
20.296,0.0341,0.0340,PATROL,0
20.330,0.0340,0.0340,PATROL,0
20.364,0.0338,0.0340,PATROL,0
20.398,0.0341,0.0340,PATROL,0
20.432,0.0340,0.0340,PATROL,0
20.466,0.0340,0.0340,PATROL,0
20.500,0.0340,0.0340,PATROL,0
20.534,0.0339,0.0340,PATROL,0
20.568,0.0340,0.0340,PATROL,0
20.602,0.0340,0.0340,PATROL,0
20.636,0.0340,0.0340,PATROL,0
20.670,0.0341,0.0340,PATROL,0
20.704,0.0341,0.0340,PATROL,0
20.738,0.0339,0.0340,PATROL,0
20.772,0.0340,0.0340,PATROL,0
20.806,0.0340,0.0340,PATROL,0
20.840,0.0340,0.0340,PATROL,0
20.874,0.0342,0.0340,PATROL,0
20.908,0.0338,0.0340,PATROL,0
20.942,0.0341,0.0340,PATROL,0
20.976,0.0341,0.0340,PATROL,0
21.010,0.0339,0.0340,PATROL,0
21.044,0.0341,0.0340,PATROL,0
21.078,0.0340,0.0340,PATROL,0
21.112,0.0342,0.0340,PATROL,0
21.146,0.0339,0.0340,PATROL,0
21.180,0.0339,0.0340,PATROL,0
21.214,0.0340,0.0340,PATROL,0
21.248,0.0340,0.0340,PATROL,0
21.283,0.0344,0.0340,PATROL,0
21.316,0.0336,0.0340,PATROL,0
21.350,0.0340,0.0340,PATROL,0
21.384,0.0341,0.0340,PATROL,0
21.418,0.0339,0.0340,PATROL,0
21.453,0.0343,0.0340,PATROL,0
21.487,0.0341,0.0340,PATROL,0
21.521,0.0339,0.0340,PATROL,0
21.554,0.0340,0.0340,PATROL,0
21.589,0.0341,0.0340,PATROL,0
21.623,0.0340,0.0340,PATROL,0
21.656,0.0339,0.0340,PATROL,0
21.691,0.0341,0.0340,PATROL,0
21.725,0.0340,0.0340,PATROL,0
21.759,0.0340,0.0340,PATROL,0
21.792,0.0338,0.0340,PATROL,0
21.827,0.0342,0.0340,PATROL,0
21.861,0.0340,0.0340,PATROL,0
21.894,0.0340,0.0340,PATROL,0
21.929,0.0341,0.0340,PATROL,0
21.962,0.0339,0.0340,PATROL,0
21.997,0.0341,0.0340,PATROL,0
22.030,0.0340,0.0340,PATROL,0
22.065,0.0340,0.0340,PATROL,0
22.098,0.0339,0.0340,PATROL,0
22.133,0.0341,0.0340,PATROL,0
22.167,0.0342,0.0340,PATROL,0
22.200,0.0336,0.0340,PATROL,0
22.234,0.0340,0.0340,PATROL,0
22.269,0.0341,0.0340,PATROL,0
22.302,0.0339,0.0340,PATROL,0
22.337,0.0340,0.0340,PATROL,0
22.371,0.0340,0.0340,PATROL,0
22.405,0.0344,0.0340,PATROL,0
22.439,0.0338,0.0340,PATROL,0
22.472,0.0338,0.0340,PATROL,0
22.507,0.0341,0.0340,PATROL,0
22.541,0.0341,0.0340,PATROL,0
22.575,0.0342,0.0340,PATROL,0
22.608,0.0337,0.0340,PATROL,0
22.643,0.0341,0.0340,PATROL,0
22.677,0.0339,0.0340,PATROL,0
22.711,0.0341,0.0340,PATROL,0
22.745,0.0339,0.0340,PATROL,0
22.779,0.0343,0.0340,PATROL,0
22.813,0.0338,0.0340,PATROL,0
22.847,0.0344,0.0340,PATROL,0
22.881,0.0340,0.0340,PATROL,0
22.915,0.0340,0.0340,PATROL,0
22.949,0.0341,0.0340,PATROL,0
22.983,0.0343,0.0340,PATROL,0
23.017,0.0339,0.0340,PATROL,0
23.051,0.0340,0.0340,PATROL,0
23.085,0.0338,0.0340,PATROL,0
23.119,0.0342,0.0340,PATROL,0
23.153,0.0340,0.0340,PATROL,0
23.187,0.0339,0.0340,PATROL,0
23.221,0.0343,0.0340,PATROL,0
23.255,0.0340,0.0340,PATROL,0
23.289,0.0340,0.0340,PATROL,0
23.323,0.0340,0.0340,PATROL,0
23.357,0.0340,0.0340,PATROL,0
23.391,0.0340,0.0340,PATROL,0
23.426,0.0343,0.0340,PATROL,0
23.459,0.0338,0.0340,PATROL,0
23.494,0.0341,0.0340,PATROL,0
23.527,0.0338,0.0340,PATROL,0
23.562,0.0341,0.0340,PATROL,0
23.596,0.0341,0.0340,PATROL,0
23.630,0.0339,0.0340,PATROL,0
23.663,0.0339,0.0340,PATROL,0
23.698,0.0341,0.0340,PATROL,0
23.732,0.0343,0.0340,PATROL,0
23.766,0.0340,0.0340,PATROL,0
23.800,0.0340,0.0340,PATROL,0
23.834,0.0338,0.0340,PATROL,0
23.868,0.0342,0.0340,PATROL,0
23.902,0.0339,0.0340,PATROL,0
23.936,0.0340,0.0340,PATROL,0
23.970,0.0340,0.0340,PATROL,0
24.004,0.0339,0.0340,PATROL,0
24.038,0.0340,0.0340,PATROL,0
24.072,0.0342,0.0340,PATROL,0
24.106,0.0339,0.0340,PATROL,0
24.140,0.0342,0.0340,PATROL,0
24.174,0.0341,0.0340,PATROL,0
24.208,0.0339,0.0340,PATROL,0
24.242,0.0340,0.0340,PATROL,0
24.276,0.0340,0.0340,PATROL,0
24.310,0.0341,0.0340,PATROL,0
24.344,0.0338,0.0340,PATROL,0
24.378,0.0341,0.0340,PATROL,0
24.412,0.0340,0.0340,PATROL,0
24.446,0.0341,0.0340,PATROL,0
24.480,0.0339,0.0340,PATROL,0
24.514,0.0342,0.0340,PATROL,0
24.548,0.0339,0.0340,PATROL,0
24.582,0.0340,0.0340,PATROL,0
24.616,0.0341,0.0340,PATROL,0
24.650,0.0341,0.0340,PATROL,0
24.684,0.0343,0.0340,PATROL,0
24.718,0.0337,0.0340,PATROL,0
24.752,0.0341,0.0340,PATROL,0
24.786,0.0340,0.0340,PATROL,0
24.820,0.0342,0.0340,PATROL,0
24.855,0.0343,0.0340,PATROL,0
24.888,0.0337,0.0340,PATROL,0
24.923,0.0344,0.0340,PATROL,0
24.956,0.0337,0.0340,PATROL,0
24.990,0.0339,0.0340,PATROL,0
25.024,0.0340,0.0340,PATROL,0
25.058,0.0340,0.0340,PATROL,0
25.093,0.0343,0.0340,PATROL,0
25.126,0.0337,0.0340,PATROL,0
25.160,0.0342,0.0340,PATROL,0
25.194,0.0339,0.0340,PATROL,0
25.228,0.0340,0.0340,PATROL,0
25.262,0.0341,0.0340,PATROL,0
25.296,0.0340,0.0340,PATROL,0
25.330,0.0340,0.0340,PATROL,0
25.364,0.0339,0.0340,PATROL,0
25.399,0.0342,0.0340,PATROL,0
25.432,0.0339,0.0340,PATROL,0
25.466,0.0340,0.0340,PATROL,0
25.501,0.0341,0.0340,PATROL,0
25.535,0.0349,0.0340,PATROL,0
25.569,0.0337,0.0340,PATROL,0
25.603,0.0340,0.0340,PATROL,0
25.637,0.0339,0.0340,PATROL,0
25.671,0.0340,0.0340,PATROL,0
25.705,0.0338,0.0340,PATROL,0
25.739,0.0340,0.0340,PATROL,0
25.773,0.0340,0.0340,PATROL,0
25.807,0.0339,0.0340,PATROL,0
25.841,0.0342,0.0340,PATROL,0
25.875,0.0340,0.0340,PATROL,0
25.909,0.0340,0.0340,PATROL,0
25.943,0.0341,0.0340,PATROL,0
25.977,0.0339,0.0340,PATROL,0
26.011,0.0340,0.0340,PATROL,0
26.045,0.0339,0.0340,PATROL,0
26.079,0.0342,0.0340,PATROL,0
26.113,0.0340,0.0340,PATROL,0
26.147,0.0340,0.0340,PATROL,0
26.181,0.0343,0.0340,PATROL,0
26.215,0.0341,0.0340,PATROL,0
26.249,0.0339,0.0340,PATROL,0
26.283,0.0340,0.0340,PATROL,0
26.317,0.0340,0.0340,PATROL,0
26.351,0.0340,0.0340,PATROL,0
26.385,0.0341,0.0340,PATROL,0
26.419,0.0339,0.0340,PATROL,0
26.453,0.0340,0.0340,PATROL,0
26.487,0.0341,0.0340,PATROL,0
26.521,0.0340,0.0340,PATROL,0
26.555,0.0340,0.0340,PATROL,0
26.589,0.0341,0.0340,PATROL,0
26.623,0.0341,0.0340,PATROL,0
26.658,0.0341,0.0340,PATROL,0
26.691,0.0336,0.0340,PATROL,0
26.725,0.0341,0.0340,PATROL,0
26.759,0.0340,0.0340,PATROL,0
26.793,0.0339,0.0340,PATROL,0
26.827,0.0340,0.0340,PATROL,0
26.861,0.0341,0.0340,PATROL,0
26.895,0.0341,0.0340,PATROL,0
26.929,0.0339,0.0340,PATROL,0
26.963,0.0341,0.0340,PATROL,0
26.997,0.0340,0.0340,PATROL,0
27.031,0.0340,0.0340,PATROL,0
27.066,0.0341,0.0340,PATROL,0
27.099,0.0339,0.0340,PATROL,0
27.134,0.0340,0.0340,PATROL,0
27.168,0.0341,0.0340,PATROL,0
27.202,0.0340,0.0340,PATROL,0
27.236,0.0339,0.0340,PATROL,0
27.270,0.0341,0.0340,PATROL,0
27.304,0.0342,0.0340,PATROL,0
27.338,0.0337,0.0340,PATROL,0
27.372,0.0341,0.0340,PATROL,0
27.406,0.0343,0.0340,PATROL,0
27.440,0.0338,0.0340,PATROL,0
27.474,0.0340,0.0340,PATROL,0
27.508,0.0340,0.0340,PATROL,0
27.542,0.0342,0.0340,PATROL,0
27.576,0.0340,0.0340,PATROL,0
27.610,0.0338,0.0340,PATROL,0
27.644,0.0344,0.0340,PATROL,0
27.678,0.0337,0.0340,PATROL,0
27.712,0.0340,0.0340,PATROL,0
27.746,0.0340,0.0340,PATROL,0
27.780,0.0339,0.0340,PATROL,0
27.814,0.0341,0.0340,PATROL,0
27.848,0.0340,0.0340,PATROL,0
27.882,0.0339,0.0340,PATROL,0
27.916,0.0341,0.0340,PATROL,0
27.950,0.0341,0.0340,PATROL,0
27.984,0.0340,0.0340,PATROL,0
28.018,0.0341,0.0340,PATROL,0
28.052,0.0338,0.0340,PATROL,0
28.086,0.0343,0.0340,PATROL,0
28.120,0.0337,0.0340,PATROL,0
28.154,0.0343,0.0340,PATROL,0
28.188,0.0340,0.0340,PATROL,0
28.222,0.0340,0.0340,PATROL,0
28.256,0.0341,0.0340,PATROL,0
28.291,0.0343,0.0340,PATROL,0
28.324,0.0337,0.0340,PATROL,0
28.358,0.0340,0.0340,PATROL,0
28.392,0.0339,0.0340,PATROL,0
28.426,0.0340,0.0340,PATROL,0
28.460,0.0341,0.0340,PATROL,0
28.494,0.0340,0.0340,PATROL,0
28.528,0.0339,0.0340,PATROL,0
28.562,0.0341,0.0340,PATROL,0
28.596,0.0342,0.0340,PATROL,0
28.630,0.0338,0.0340,PATROL,0
28.664,0.0341,0.0340,PATROL,0
28.698,0.0339,0.0340,PATROL,0
28.732,0.0340,0.0340,PATROL,0
28.766,0.0341,0.0340,PATROL,0
28.800,0.0339,0.0340,PATROL,0
28.834,0.0342,0.0340,PATROL,0
28.868,0.0340,0.0340,PATROL,0
28.903,0.0341,0.0340,PATROL,0
28.936,0.0338,0.0340,PATROL,0
28.971,0.0341,0.0340,PATROL,0
29.005,0.0343,0.0340,PATROL,0
29.038,0.0336,0.0340,PATROL,0
29.073,0.0344,0.0340,PATROL,0
29.106,0.0336,0.0340,PATROL,0
29.140,0.0340,0.0340,PATROL,0
29.175,0.0341,0.0340,PATROL,0
29.208,0.0338,0.0340,PATROL,0
29.242,0.0340,0.0340,PATROL,0
29.277,0.0342,0.0340,PATROL,0
29.311,0.0339,0.0340,PATROL,0
29.345,0.0340,0.0340,PATROL,0
29.379,0.0340,0.0340,PATROL,0
29.412,0.0338,0.0340,PATROL,0
29.447,0.0342,0.0340,PATROL,0
29.480,0.0338,0.0340,PATROL,0
29.515,0.0343,0.0340,PATROL,0
29.549,0.0340,0.0340,PATROL,0
29.583,0.0339,0.0340,PATROL,0
29.617,0.0341,0.0340,PATROL,0
29.651,0.0340,0.0340,PATROL,0
29.685,0.0339,0.0340,PATROL,0
29.719,0.0341,0.0340,PATROL,0
29.753,0.0340,0.0340,PATROL,0
29.787,0.0340,0.0340,PATROL,0
29.821,0.0338,0.0340,PATROL,0
29.854,0.0340,0.0340,PATROL,0
29.888,0.0340,0.0340,PATROL,0
29.923,0.0342,0.0340,PATROL,0
29.957,0.0341,0.0340,PATROL,0
29.991,0.0342,0.0340,PATROL,0
30.025,0.0338,0.0340,PATROL,0
30.059,0.0342,0.0340,PATROL,0
30.093,0.0339,0.0340,PATROL,0
30.127,0.0340,0.0340,PATROL,0
30.161,0.0344,0.0340,PATROL,0
30.195,0.0338,0.0340,PATROL,0
30.229,0.0339,0.0340,PATROL,0
30.263,0.0343,0.0340,PATROL,0
30.297,0.0338,0.0340,PATROL,0
30.331,0.0341,0.0340,PATROL,0
30.365,0.0340,0.0340,PATROL,0
30.399,0.0342,0.0340,PATROL,0
30.433,0.0339,0.0340,PATROL,0
30.467,0.0339,0.0340,PATROL,0
30.501,0.0342,0.0340,PATROL,0
30.535,0.0340,0.0340,PATROL,0
30.570,0.0341,0.0340,PATROL,0
30.603,0.0337,0.0340,PATROL,0
30.638,0.0343,0.0340,PATROL,0
30.671,0.0338,0.0340,PATROL,0
30.706,0.0341,0.0340,PATROL,0
30.739,0.0340,0.0340,PATROL,0
30.773,0.0339,0.0340,PATROL,0
30.807,0.0340,0.0340,PATROL,0
30.842,0.0342,0.0340,PATROL,0
30.876,0.0340,0.0340,PATROL,0
30.909,0.0339,0.0340,PATROL,0
30.944,0.0340,0.0340,PATROL,0
30.978,0.0341,0.0340,PATROL,0
31.012,0.0341,0.0340,PATROL,0
31.046,0.0342,0.0340,PATROL,0
31.080,0.0337,0.0340,PATROL,0
31.114,0.0340,0.0340,PATROL,0
31.148,0.0339,0.0340,PATROL,0
31.182,0.0341,0.0340,PATROL,0
31.215,0.0338,0.0340,PATROL,0
31.250,0.0342,0.0340,PATROL,0
31.284,0.0341,0.0340,PATROL,0
31.318,0.0340,0.0340,PATROL,0
31.352,0.0342,0.0340,PATROL,0
31.386,0.0339,0.0340,PATROL,0
31.420,0.0339,0.0340,PATROL,0
31.454,0.0340,0.0340,PATROL,0
31.488,0.0342,0.0340,PATROL,0
31.522,0.0339,0.0340,PATROL,0
31.556,0.0343,0.0340,PATROL,0
31.590,0.0337,0.0340,PATROL,0
31.624,0.0341,0.0340,PATROL,0
31.658,0.0339,0.0340,PATROL,0
31.692,0.0340,0.0340,PATROL,0
31.726,0.0341,0.0340,PATROL,0
31.760,0.0339,0.0340,PATROL,0
31.794,0.0342,0.0340,PATROL,0
31.828,0.0339,0.0340,PATROL,0
31.862,0.0340,0.0340,PATROL,0
31.896,0.0340,0.0340,PATROL,0
31.930,0.0340,0.0340,PATROL,0
31.964,0.0340,0.0340,PATROL,0
31.998,0.0340,0.0340,PATROL,0
32.032,0.0342,0.0340,PATROL,0
32.066,0.0338,0.0340,PATROL,0
32.100,0.0342,0.0340,PATROL,0
32.134,0.0341,0.0340,PATROL,0
32.168,0.0338,0.0340,PATROL,0
32.202,0.0342,0.0340,PATROL,0
32.236,0.0341,0.0340,PATROL,0
32.270,0.0338,0.0340,PATROL,0
32.304,0.0341,0.0340,PATROL,0
32.338,0.0341,0.0340,PATROL,0
32.373,0.0341,0.0340,PATROL,0
32.407,0.0341,0.0340,PATROL,0
32.440,0.0338,0.0340,PATROL,0
32.475,0.0342,0.0340,PATROL,0
32.508,0.0339,0.0340,PATROL,0
32.543,0.0342,0.0340,PATROL,0
32.576,0.0338,0.0340,PATROL,0
32.610,0.0340,0.0340,PATROL,0
32.645,0.0341,0.0340,PATROL,0
32.679,0.0341,0.0340,PATROL,0
32.713,0.0341,0.0340,PATROL,0
32.747,0.0338,0.0340,PATROL,0
32.781,0.0340,0.0340,PATROL,0
32.815,0.0342,0.0340,PATROL,0
32.849,0.0339,0.0340,PATROL,0
32.883,0.0340,0.0340,PATROL,0
32.917,0.0343,0.0340,PATROL,0
32.951,0.0344,0.0340,PATROL,0
32.985,0.0337,0.0340,PATROL,0
33.019,0.0344,0.0340,PATROL,0
33.053,0.0336,0.0340,PATROL,0
33.087,0.0340,0.0340,PATROL,0
33.121,0.0338,0.0340,PATROL,0
33.155,0.0341,0.0340,PATROL,0
33.189,0.0344,0.0340,PATROL,0
33.223,0.0337,0.0340,PATROL,0
33.257,0.0338,0.0340,PATROL,0
33.291,0.0339,0.0340,PATROL,0
33.325,0.0340,0.0340,PATROL,0
33.359,0.0343,0.0340,PATROL,0
33.393,0.0338,0.0340,PATROL,0
33.427,0.0341,0.0340,PATROL,0
33.461,0.0340,0.0340,PATROL,0
33.495,0.0342,0.0340,PATROL,0
33.529,0.0339,0.0340,PATROL,0
33.563,0.0340,0.0340,PATROL,0
33.597,0.0340,0.0340,PATROL,0
33.631,0.0339,0.0340,PATROL,0
33.665,0.0341,0.0340,PATROL,0
33.699,0.0341,0.0340,PATROL,0
33.733,0.0341,0.0340,PATROL,0
33.767,0.0341,0.0340,PATROL,0
33.801,0.0338,0.0340,PATROL,0
33.835,0.0343,0.0340,PATROL,0
33.869,0.0338,0.0340,PATROL,0
33.903,0.0341,0.0340,PATROL,0
33.937,0.0338,0.0340,PATROL,0
33.971,0.0341,0.0340,PATROL,0
34.005,0.0340,0.0340,PATROL,0
34.039,0.0339,0.0340,PATROL,0
34.074,0.0343,0.0340,PATROL,0
34.107,0.0339,0.0340,PATROL,0
34.141,0.0338,0.0340,PATROL,0
34.175,0.0341,0.0340,PATROL,0
34.209,0.0340,0.0340,PATROL,0
34.244,0.0343,0.0340,PATROL,0
34.278,0.0340,0.0340,PATROL,0
34.312,0.0338,0.0340,PATROL,0
34.346,0.0340,0.0340,PATROL,0
34.380,0.0340,0.0340,PATROL,0
34.413,0.0339,0.0340,PATROL,0
34.448,0.0341,0.0340,PATROL,0
34.481,0.0339,0.0340,PATROL,0
34.516,0.0342,0.0340,PATROL,0
34.550,0.0339,0.0340,PATROL,0
34.584,0.0340,0.0340,PATROL,0
34.617,0.0339,0.0340,PATROL,0
34.651,0.0340,0.0340,PATROL,0
34.686,0.0341,0.0340,PATROL,0
34.719,0.0339,0.0340,PATROL,0
34.754,0.0342,0.0340,PATROL,0
34.788,0.0340,0.0340,PATROL,0
34.822,0.0341,0.0340,PATROL,0
34.856,0.0340,0.0340,PATROL,0
34.890,0.0340,0.0340,PATROL,0
34.923,0.0337,0.0340,PATROL,0
34.958,0.0341,0.0340,PATROL,0
34.992,0.0340,0.0340,PATROL,0
35.026,0.0340,0.0340,PATROL,0
35.060,0.0340,0.0340,PATROL,0
35.094,0.0339,0.0340,PATROL,0
35.128,0.0339,0.0340,PATROL,0
35.161,0.0340,0.0340,PATROL,0
35.196,0.0341,0.0340,PATROL,0
35.230,0.0340,0.0340,PATROL,0
35.264,0.0340,0.0340,PATROL,0
35.298,0.0340,0.0340,PATROL,0
35.332,0.0340,0.0340,PATROL,0
35.365,0.0339,0.0340,PATROL,0
35.400,0.0342,0.0340,PATROL,0
35.433,0.0338,0.0340,PATROL,0
35.468,0.0342,0.0340,PATROL,0
35.502,0.0339,0.0340,PATROL,0
35.536,0.0341,0.0340,PATROL,0
35.570,0.0342,0.0340,PATROL,0
35.604,0.0338,0.0340,PATROL,0
35.638,0.0340,0.0340,PATROL,0
35.672,0.0341,0.0340,PATROL,0
35.706,0.0340,0.0340,PATROL,0
35.740,0.0342,0.0340,PATROL,0
35.774,0.0338,0.0340,PATROL,0
35.808,0.0339,0.0340,PATROL,0
35.843,0.0352,0.0340,PATROL,0
35.876,0.0336,0.0340,PATROL,0
35.910,0.0340,0.0340,PATROL,0
35.944,0.0341,0.0340,PATROL,0
35.978,0.0341,0.0340,PATROL,0
36.012,0.0340,0.0340,PATROL,0
36.047,0.0342,0.0340,PATROL,0
36.081,0.0339,0.0340,PATROL,0
36.115,0.0341,0.0340,PATROL,0
36.149,0.0340,0.0340,PATROL,0
36.183,0.0342,0.0340,PATROL,0
36.216,0.0336,0.0340,PATROL,0
36.250,0.0341,0.0340,PATROL,0
36.285,0.0341,0.0340,PATROL,0
36.319,0.0339,0.0340,PATROL,0
36.353,0.0341,0.0340,PATROL,0
36.387,0.0339,0.0340,PATROL,0
36.421,0.0340,0.0340,PATROL,0
36.455,0.0340,0.0340,PATROL,0
36.489,0.0341,0.0340,PATROL,0
36.523,0.0339,0.0340,PATROL,0
36.557,0.0339,0.0340,PATROL,0
36.591,0.0343,0.0340,PATROL,0
36.625,0.0339,0.0340,PATROL,0
36.659,0.0341,0.0340,PATROL,0
36.693,0.0341,0.0340,PATROL,0
36.727,0.0340,0.0340,PATROL,0
36.761,0.0339,0.0340,PATROL,0
36.795,0.0340,0.0340,PATROL,0
36.829,0.0340,0.0340,PATROL,0
36.863,0.0341,0.0340,PATROL,0
36.897,0.0340,0.0340,PATROL,0
36.931,0.0340,0.0340,PATROL,0
36.965,0.0340,0.0340,PATROL,0
36.999,0.0341,0.0340,PATROL,0
37.033,0.0339,0.0340,PATROL,0
37.067,0.0340,0.0340,PATROL,0
37.101,0.0341,0.0340,PATROL,0
37.135,0.0340,0.0340,PATROL,0
37.169,0.0341,0.0340,PATROL,0
37.203,0.0339,0.0340,PATROL,0
37.237,0.0341,0.0340,PATROL,0
37.271,0.0340,0.0340,PATROL,0
37.305,0.0338,0.0340,PATROL,0
37.339,0.0340,0.0340,PATROL,0
37.373,0.0340,0.0340,PATROL,0
37.407,0.0341,0.0340,PATROL,0
37.441,0.0340,0.0340,PATROL,0
37.475,0.0340,0.0340,PATROL,0
37.509,0.0341,0.0340,PATROL,0
37.543,0.0340,0.0340,PATROL,0
37.577,0.0340,0.0340,PATROL,0
37.611,0.0340,0.0340,PATROL,0
37.646,0.0346,0.0340,PATROL,0
37.680,0.0338,0.0340,PATROL,0
37.713,0.0336,0.0340,PATROL,0
37.748,0.0342,0.0340,PATROL,0
37.782,0.0340,0.0340,PATROL,0
37.816,0.0340,0.0340,PATROL,0
37.850,0.0340,0.0340,PATROL,0
37.884,0.0339,0.0340,PATROL,0
37.918,0.0340,0.0340,PATROL,0
37.952,0.0339,0.0340,PATROL,0
37.986,0.0341,0.0340,PATROL,0
38.020,0.0340,0.0340,PATROL,0
38.054,0.0340,0.0340,PATROL,0
38.088,0.0341,0.0340,PATROL,0
38.122,0.0342,0.0340,PATROL,0
38.156,0.0336,0.0340,PATROL,0
38.190,0.0342,0.0340,PATROL,0
38.224,0.0342,0.0340,PATROL,0
38.258,0.0339,0.0340,PATROL,0
38.292,0.0342,0.0340,PATROL,0
38.326,0.0339,0.0340,PATROL,0
38.360,0.0342,0.0340,PATROL,0
38.394,0.0337,0.0340,PATROL,0
38.428,0.0341,0.0340,PATROL,0
38.462,0.0339,0.0340,PATROL,0
38.496,0.0341,0.0340,PATROL,0
38.530,0.0339,0.0340,PATROL,0
38.564,0.0341,0.0340,PATROL,0
38.598,0.0340,0.0340,PATROL,0
38.632,0.0340,0.0340,PATROL,0
38.666,0.0341,0.0340,PATROL,0
38.700,0.0340,0.0340,PATROL,0
38.734,0.0340,0.0340,PATROL,0
38.768,0.0339,0.0340,PATROL,0
38.802,0.0341,0.0340,PATROL,0
38.836,0.0340,0.0340,PATROL,0
38.870,0.0341,0.0340,PATROL,0
38.904,0.0340,0.0340,PATROL,0
38.938,0.0340,0.0340,PATROL,0
38.972,0.0341,0.0340,PATROL,0
39.006,0.0339,0.0340,APPROACH,0
39.040,0.0341,0.0340,APPROACH,0
39.074,0.0339,0.0340,APPROACH,0
39.108,0.0338,0.0340,APPROACH,0
39.142,0.0342,0.0340,APPROACH,0
39.176,0.0339,0.0340,APPROACH,0
39.210,0.0340,0.0340,APPROACH,0
39.244,0.0341,0.0340,APPROACH,0
39.278,0.0339,0.0340,APPROACH,0
39.312,0.0341,0.0340,APPROACH,0
39.347,0.0342,0.0340,APPROACH,0
39.380,0.0337,0.0340,APPROACH,0
39.415,0.0342,0.0340,APPROACH,0
39.449,0.0342,0.0340,APPROACH,0
39.482,0.0338,0.0340,APPROACH,0
39.517,0.0341,0.0340,APPROACH,0
39.551,0.0340,0.0340,APPROACH,0
39.585,0.0342,0.0340,APPROACH,0
39.619,0.0339,0.0340,APPROACH,0
39.653,0.0341,0.0340,APPROACH,0
39.687,0.0340,0.0340,APPROACH,0
39.721,0.0343,0.0340,APPROACH,0
39.755,0.0336,0.0340,APPROACH,0
39.789,0.0343,0.0340,APPROACH,0
39.823,0.0340,0.0340,APPROACH,0
39.857,0.0338,0.0340,APPROACH,0
39.891,0.0344,0.0340,APPROACH,0
39.925,0.0337,0.0340,APPROACH,0
39.959,0.0345,0.0340,APPROACH,0
39.993,0.0336,0.0340,APPROACH,0
40.027,0.0340,0.0340,APPROACH,0
40.061,0.0339,0.0340,APPROACH,0
40.095,0.0338,0.0340,APPROACH,0
40.129,0.0342,0.0340,APPROACH,0
40.163,0.0338,0.0340,APPROACH,0
40.197,0.0340,0.0340,APPROACH,0
40.231,0.0342,0.0340,APPROACH,0
40.265,0.0340,0.0340,APPROACH,0
40.299,0.0342,0.0340,APPROACH,0
40.333,0.0338,0.0340,APPROACH,0
40.367,0.0341,0.0340,APPROACH,0
40.401,0.0340,0.0340,APPROACH,0
40.435,0.0340,0.0340,APPROACH,0
40.469,0.0340,0.0340,APPROACH,0
40.503,0.0341,0.0340,APPROACH,0
40.537,0.0340,0.0340,APPROACH,0
40.571,0.0339,0.0340,APPROACH,0
40.605,0.0342,0.0340,APPROACH,0
40.639,0.0338,0.0340,APPROACH,0
40.673,0.0341,0.0340,APPROACH,0
40.707,0.0340,0.0340,APPROACH,0
40.741,0.0340,0.0340,APPROACH,0
40.775,0.0341,0.0340,APPROACH,0
40.809,0.0339,0.0340,APPROACH,0
40.843,0.0339,0.0340,APPROACH,0
40.877,0.0341,0.0340,APPROACH,0
40.911,0.0341,0.0340,APPROACH,0
40.945,0.0341,0.0340,APPROACH,0
40.979,0.0338,0.0340,APPROACH,0
41.013,0.0342,0.0340,APPROACH,0
41.047,0.0340,0.0340,APPROACH,0
41.081,0.0340,0.0340,APPROACH,0
41.115,0.0340,0.0340,APPROACH,0
41.150,0.0342,0.0340,APPROACH,0
41.183,0.0338,0.0340,APPROACH,0
41.218,0.0341,0.0340,APPROACH,0
41.252,0.0341,0.0340,APPROACH,0
41.286,0.0339,0.0340,APPROACH,0
41.320,0.0340,0.0340,APPROACH,0
41.354,0.0340,0.0340,APPROACH,0
41.388,0.0340,0.0340,APPROACH,0
41.422,0.0340,0.0340,APPROACH,0
41.456,0.0341,0.0340,APPROACH,0
41.490,0.0339,0.0340,APPROACH,0
41.524,0.0340,0.0340,APPROACH,0
41.558,0.0340,0.0340,APPROACH,0
41.592,0.0343,0.0340,APPROACH,0
41.626,0.0338,0.0340,APPROACH,0
41.660,0.0339,0.0340,APPROACH,0
41.694,0.0342,0.0340,APPROACH,0
41.728,0.0339,0.0340,APPROACH,0
41.761,0.0339,0.0340,APPROACH,0
41.796,0.0341,0.0340,APPROACH,0
41.830,0.0342,0.0340,APPROACH,0
41.864,0.0339,0.0340,APPROACH,0
41.898,0.0340,0.0340,APPROACH,0
41.932,0.0340,0.0340,APPROACH,0
41.966,0.0342,0.0340,APPROACH,0
42.000,0.0339,0.0340,APPROACH,0
42.034,0.0342,0.0340,APPROACH,0
42.068,0.0343,0.0340,APPROACH,0
42.102,0.0337,0.0340,APPROACH,0
42.136,0.0340,0.0340,APPROACH,0
42.170,0.0339,0.0340,APPROACH,0
42.204,0.0340,0.0340,APPROACH,0
42.238,0.0340,0.0340,APPROACH,0
42.272,0.0341,0.0340,APPROACH,0
42.306,0.0340,0.0340,APPROACH,0
42.340,0.0340,0.0340,APPROACH,0
42.374,0.0340,0.0340,APPROACH,0
42.408,0.0341,0.0340,APPROACH,0
42.442,0.0340,0.0340,APPROACH,0
42.476,0.0339,0.0340,APPROACH,0
42.510,0.0341,0.0340,APPROACH,0
42.544,0.0343,0.0340,APPROACH,0
42.578,0.0338,0.0340,APPROACH,0
42.612,0.0339,0.0340,APPROACH,0
42.646,0.0341,0.0340,APPROACH,0
42.680,0.0340,0.0340,APPROACH,0
42.714,0.0341,0.0340,APPROACH,0
42.748,0.0339,0.0340,APPROACH,0
42.783,0.0345,0.0340,APPROACH,0
42.816,0.0335,0.0340,APPROACH,0
42.850,0.0340,0.0340,APPROACH,0
42.884,0.0341,0.0340,APPROACH,0
42.919,0.0342,0.0340,APPROACH,0
42.953,0.0340,0.0340,APPROACH,0
42.987,0.0339,0.0340,APPROACH,0
43.021,0.0344,0.0340,APPROACH,0
43.055,0.0338,0.0340,APPROACH,0
43.089,0.0339,0.0340,APPROACH,0
43.123,0.0339,0.0340,APPROACH,0
43.157,0.0341,0.0340,APPROACH,0
43.191,0.0340,0.0340,APPROACH,0
43.224,0.0338,0.0340,APPROACH,0
43.259,0.0341,0.0340,APPROACH,0
43.293,0.0341,0.0340,APPROACH,0
43.327,0.0341,0.0340,APPROACH,0
43.361,0.0340,0.0340,APPROACH,0
43.395,0.0342,0.0340,APPROACH,0
43.429,0.0338,0.0340,APPROACH,0
43.463,0.0342,0.0340,APPROACH,0
43.497,0.0339,0.0340,APPROACH,0
43.531,0.0340,0.0340,APPROACH,0
43.565,0.0340,0.0340,APPROACH,0
43.599,0.0340,0.0340,APPROACH,0
43.633,0.0340,0.0340,APPROACH,0
43.667,0.0340,0.0340,APPROACH,0
43.701,0.0340,0.0340,APPROACH,0
43.735,0.0342,0.0340,APPROACH,0
43.769,0.0340,0.0340,APPROACH,0
43.803,0.0338,0.0340,APPROACH,0
43.837,0.0341,0.0340,APPROACH,0
43.871,0.0340,0.0340,APPROACH,0
43.905,0.0342,0.0340,APPROACH,0
43.939,0.0338,0.0340,APPROACH,0
43.973,0.0340,0.0340,APPROACH,0
44.007,0.0341,0.0340,APPROACH,0
44.041,0.0340,0.0340,APPROACH,0
44.075,0.0339,0.0340,APPROACH,0
44.109,0.0340,0.0340,APPROACH,0
44.143,0.0341,0.0340,APPROACH,0
44.177,0.0340,0.0340,APPROACH,0
44.211,0.0338,0.0340,APPROACH,0
44.245,0.0341,0.0340,APPROACH,0
44.279,0.0342,0.0340,APPROACH,0
44.313,0.0338,0.0340,APPROACH,0
44.347,0.0341,0.0340,APPROACH,0
44.381,0.0341,0.0340,APPROACH,0
44.415,0.0341,0.0340,APPROACH,0
44.449,0.0339,0.0340,APPROACH,0
44.483,0.0342,0.0340,APPROACH,0
44.517,0.0339,0.0340,APPROACH,0
44.551,0.0340,0.0340,APPROACH,0
44.585,0.0340,0.0340,APPROACH,0
44.619,0.0341,0.0340,APPROACH,0
44.653,0.0340,0.0340,APPROACH,0
44.687,0.0340,0.0340,APPROACH,0
44.721,0.0341,0.0340,APPROACH,0
44.755,0.0339,0.0340,APPROACH,0
44.789,0.0339,0.0340,APPROACH,0
44.824,0.0342,0.0340,APPROACH,0
44.858,0.0340,0.0340,APPROACH,0
44.892,0.0340,0.0340,APPROACH,0
44.925,0.0338,0.0340,APPROACH,0
44.960,0.0344,0.0340,APPROACH,0
44.993,0.0337,0.0340,APPROACH,0
45.028,0.0341,0.0340,APPROACH,0
45.062,0.0343,0.0340,APPROACH,0
45.096,0.0341,0.0340,APPROACH,0
45.130,0.0337,0.0340,APPROACH,0
45.164,0.0341,0.0340,APPROACH,0
45.198,0.0339,0.0340,APPROACH,0
45.231,0.0339,0.0340,APPROACH,0
45.266,0.0340,0.0340,APPROACH,0
45.300,0.0341,0.0340,APPROACH,0
45.334,0.0340,0.0340,APPROACH,0
45.368,0.0342,0.0340,APPROACH,0
45.402,0.0340,0.0340,APPROACH,0
45.436,0.0337,0.0340,APPROACH,0
45.470,0.0341,0.0340,APPROACH,0
45.504,0.0339,0.0340,APPROACH,0
45.538,0.0341,0.0340,APPROACH,0
45.572,0.0339,0.0340,APPROACH,0
45.606,0.0342,0.0340,APPROACH,0
45.640,0.0340,0.0340,APPROACH,0
45.674,0.0340,0.0340,APPROACH,0
45.708,0.0340,0.0340,APPROACH,0
45.742,0.0342,0.0340,APPROACH,0
45.776,0.0340,0.0340,APPROACH,0
45.810,0.0340,0.0340,APPROACH,0
45.844,0.0342,0.0340,APPROACH,0
45.878,0.0342,0.0340,APPROACH,0
45.912,0.0336,0.0340,APPROACH,0
45.946,0.0342,0.0340,APPROACH,0
45.980,0.0339,0.0340,APPROACH,0
46.014,0.0342,0.0340,APPROACH,0
46.048,0.0339,0.0340,APPROACH,0
46.082,0.0340,0.0340,APPROACH,0
46.116,0.0341,0.0340,APPROACH,0
46.150,0.0341,0.0340,APPROACH,0
46.184,0.0339,0.0340,APPROACH,0
46.218,0.0340,0.0340,APPROACH,0
46.252,0.0340,0.0340,APPROACH,0
46.286,0.0341,0.0340,APPROACH,0
46.320,0.0341,0.0340,APPROACH,0
46.354,0.0340,0.0340,APPROACH,0
46.388,0.0339,0.0340,APPROACH,0
46.423,0.0344,0.0340,APPROACH,0
46.456,0.0338,0.0340,APPROACH,0
46.490,0.0340,0.0340,APPROACH,0
46.524,0.0341,0.0340,APPROACH,0
46.558,0.0340,0.0340,APPROACH,0
46.592,0.0339,0.0340,APPROACH,0
46.627,0.0342,0.0340,APPROACH,0
46.661,0.0339,0.0340,APPROACH,0
46.695,0.0341,0.0340,APPROACH,0
46.729,0.0341,0.0340,APPROACH,0
46.763,0.0339,0.0340,APPROACH,0
46.797,0.0342,0.0340,APPROACH,0
46.831,0.0338,0.0340,APPROACH,0
46.865,0.0340,0.0340,APPROACH,0
46.899,0.0340,0.0340,APPROACH,0
46.933,0.0340,0.0340,APPROACH,0
46.967,0.0341,0.0340,APPROACH,0
47.001,0.0340,0.0340,APPROACH,0
47.035,0.0339,0.0340,APPROACH,0
47.069,0.0339,0.0340,APPROACH,0
47.103,0.0341,0.0340,APPROACH,0
47.137,0.0342,0.0340,APPROACH,0
47.171,0.0339,0.0340,APPROACH,0
47.206,0.0348,0.0340,BLIND_DASH,0
47.239,0.0333,0.0340,BLIND_DASH,0
47.273,0.0341,0.0340,BLIND_DASH,0
47.307,0.0337,0.0340,BLIND_DASH,0
47.341,0.0341,0.0340,BLIND_DASH,0
47.375,0.0341,0.0340,BLIND_DASH,0
47.409,0.0340,0.0340,PATROL,0
47.443,0.0339,0.0340,PATROL,0
47.477,0.0343,0.0340,PATROL,0
47.511,0.0338,0.0340,PATROL,0
47.545,0.0343,0.0340,PATROL,0
47.579,0.0337,0.0340,PATROL,0
47.613,0.0340,0.0340,PATROL,0
47.647,0.0342,0.0340,PATROL,0
47.681,0.0339,0.0340,PATROL,0
47.715,0.0341,0.0340,PATROL,0
47.749,0.0339,0.0340,PATROL,0
47.783,0.0341,0.0340,PATROL,0
47.817,0.0340,0.0340,PATROL,0
47.851,0.0341,0.0340,PATROL,0
47.885,0.0339,0.0340,PATROL,0
47.919,0.0342,0.0340,PATROL,0
47.953,0.0339,0.0340,PATROL,0
47.987,0.0341,0.0340,PATROL,0
48.021,0.0342,0.0340,PATROL,0
48.055,0.0337,0.0340,PATROL,0
48.089,0.0340,0.0340,PATROL,0
48.123,0.0342,0.0340,PATROL,0
48.157,0.0341,0.0340,PATROL,0
48.191,0.0340,0.0340,PATROL,0
48.226,0.0342,0.0340,PATROL,0
48.259,0.0339,0.0340,PATROL,0
48.293,0.0338,0.0340,PATROL,0
48.327,0.0340,0.0340,PATROL,0
48.361,0.0340,0.0340,PATROL,0
48.396,0.0343,0.0340,PATROL,0
48.429,0.0338,0.0340,PATROL,0
48.464,0.0341,0.0340,PATROL,0
48.498,0.0341,0.0340,PATROL,0
48.532,0.0340,0.0340,PATROL,0
48.566,0.0338,0.0340,PATROL,0
48.600,0.0341,0.0340,PATROL,0
48.634,0.0340,0.0340,PATROL,0
48.668,0.0341,0.0340,PATROL,0
48.701,0.0339,0.0340,PATROL,0
48.736,0.0341,0.0340,PATROL,0
48.770,0.0340,0.0340,PATROL,0
48.804,0.0341,0.0340,PATROL,0
48.838,0.0338,0.0340,PATROL,0
48.872,0.0342,0.0340,PATROL,0
48.906,0.0339,0.0340,PATROL,0
48.940,0.0339,0.0340,PATROL,0
48.974,0.0340,0.0340,PATROL,0
49.008,0.0340,0.0340,PATROL,0
49.042,0.0340,0.0340,PATROL,0
49.075,0.0339,0.0340,PATROL,0
49.110,0.0340,0.0340,PATROL,0
49.144,0.0341,0.0340,PATROL,0
49.177,0.0338,0.0340,PATROL,0
49.212,0.0341,0.0340,PATROL,0
49.246,0.0341,0.0340,PATROL,0
49.279,0.0338,0.0340,PATROL,0
49.313,0.0340,0.0340,PATROL,0
49.348,0.0341,0.0340,PATROL,0
49.382,0.0346,0.0340,PATROL,0
49.416,0.0336,0.0340,PATROL,0
49.450,0.0340,0.0340,PATROL,0
49.484,0.0339,0.0340,PATROL,0
49.518,0.0342,0.0340,PATROL,0
49.552,0.0339,0.0340,PATROL,0
49.586,0.0341,0.0340,PATROL,0
49.620,0.0342,0.0340,PATROL,0
49.654,0.0339,0.0340,PATROL,0
49.688,0.0339,0.0340,PATROL,0
49.722,0.0341,0.0340,PATROL,0
49.756,0.0341,0.0340,PATROL,0
49.790,0.0340,0.0340,PATROL,0
49.824,0.0339,0.0340,PATROL,0
49.858,0.0341,0.0340,PATROL,0
49.892,0.0342,0.0340,PATROL,0
49.926,0.0338,0.0340,PATROL,0
49.960,0.0341,0.0340,PATROL,0
49.994,0.0340,0.0340,PATROL,0
50.028,0.0339,0.0340,PATROL,0
50.062,0.0340,0.0340,PATROL,0
50.096,0.0342,0.0340,PATROL,0
50.130,0.0338,0.0340,PATROL,0
50.164,0.0341,0.0340,PATROL,0
50.199,0.0342,0.0340,PATROL,0
50.232,0.0338,0.0340,PATROL,0
50.266,0.0340,0.0340,PATROL,0
50.300,0.0341,0.0340,PATROL,0
50.334,0.0340,0.0340,PATROL,0
50.368,0.0340,0.0340,PATROL,0
50.402,0.0339,0.0340,PATROL,0
50.437,0.0342,0.0340,PATROL,0
50.471,0.0340,0.0340,PATROL,0
50.505,0.0341,0.0340,PATROL,0
50.539,0.0339,0.0340,PATROL,0
50.572,0.0339,0.0340,PATROL,0
50.606,0.0340,0.0340,PATROL,0
50.641,0.0341,0.0340,PATROL,0
50.675,0.0341,0.0340,PATROL,0
50.709,0.0339,0.0340,PATROL,0
50.743,0.0341,0.0340,PATROL,0
50.777,0.0338,0.0340,PATROL,0
50.811,0.0341,0.0340,PATROL,0
50.845,0.0341,0.0340,PATROL,0
50.879,0.0338,0.0340,PATROL,0
50.913,0.0340,0.0340,PATROL,0
50.947,0.0340,0.0340,PATROL,0
50.981,0.0342,0.0340,PATROL,0
51.015,0.0338,0.0340,PATROL,0
51.048,0.0339,0.0340,PATROL,0
51.083,0.0342,0.0340,PATROL,0
51.117,0.0339,0.0340,PATROL,0
51.150,0.0339,0.0340,PATROL,0
51.185,0.0340,0.0340,PATROL,0
51.219,0.0341,0.0340,PATROL,0
51.253,0.0342,0.0340,PATROL,0
51.287,0.0339,0.0340,PATROL,0
51.321,0.0339,0.0340,PATROL,0
51.354,0.0339,0.0340,PATROL,0
51.388,0.0340,0.0340,PATROL,0
51.422,0.0340,0.0340,PATROL,0
51.457,0.0341,0.0340,PATROL,0
51.491,0.0339,0.0340,PATROL,0
51.524,0.0340,0.0340,PATROL,0
51.559,0.0341,0.0340,PATROL,0
51.593,0.0342,0.0340,PATROL,0
51.627,0.0341,0.0340,PATROL,0
51.661,0.0340,0.0340,PATROL,0
51.695,0.0341,0.0340,PATROL,0
51.729,0.0341,0.0340,PATROL,0
51.763,0.0341,0.0340,PATROL,0
51.797,0.0340,0.0340,PATROL,0
51.831,0.0341,0.0340,PATROL,0
51.865,0.0342,0.0340,PATROL,0
51.900,0.0342,0.0340,PATROL,0
51.933,0.0337,0.0340,PATROL,0
51.967,0.0339,0.0340,PATROL,0
52.001,0.0340,0.0340,PATROL,0
52.035,0.0342,0.0340,PATROL,0
52.069,0.0340,0.0340,PATROL,0
52.103,0.0340,0.0340,PATROL,0
52.137,0.0340,0.0340,PATROL,0
52.171,0.0341,0.0340,PATROL,0
52.205,0.0339,0.0340,PATROL,0
52.239,0.0342,0.0340,PATROL,0
52.274,0.0341,0.0340,PATROL,0
52.307,0.0338,0.0340,PATROL,0
52.341,0.0341,0.0340,PATROL,0
52.376,0.0342,0.0340,PATROL,0
52.409,0.0339,0.0340,PATROL,0
52.444,0.0341,0.0340,PATROL,0
52.478,0.0340,0.0340,PATROL,0
52.511,0.0339,0.0340,PATROL,0
52.546,0.0341,0.0340,PATROL,0
52.580,0.0340,0.0340,PATROL,0
52.614,0.0342,0.0340,PATROL,0
52.648,0.0339,0.0340,PATROL,0
52.682,0.0339,0.0340,PATROL,0
52.716,0.0340,0.0340,PATROL,0
52.749,0.0338,0.0340,PATROL,0
52.784,0.0341,0.0340,PATROL,0
52.818,0.0340,0.0340,PATROL,0
52.852,0.0339,0.0340,PATROL,0
52.886,0.0342,0.0340,PATROL,0
52.920,0.0338,0.0340,PATROL,0
52.954,0.0340,0.0340,PATROL,0
52.988,0.0341,0.0340,PATROL,0
53.022,0.0342,0.0340,PATROL,0
53.056,0.0340,0.0340,PATROL,0
53.090,0.0344,0.0340,PATROL,0
53.124,0.0336,0.0340,PATROL,0
53.158,0.0340,0.0340,PATROL,0
53.192,0.0341,0.0340,PATROL,0
53.226,0.0340,0.0340,PATROL,0
53.260,0.0339,0.0340,PATROL,0
53.294,0.0342,0.0340,PATROL,0
53.328,0.0339,0.0340,PATROL,0
53.362,0.0340,0.0340,PATROL,0
53.396,0.0341,0.0340,PATROL,0
53.430,0.0341,0.0340,PATROL,0
53.464,0.0342,0.0340,PATROL,0
53.498,0.0339,0.0340,PATROL,0
53.532,0.0340,0.0340,PATROL,0
53.566,0.0340,0.0340,PATROL,0
53.600,0.0342,0.0340,PATROL,0
53.634,0.0341,0.0340,PATROL,0
53.668,0.0339,0.0340,PATROL,0
53.702,0.0341,0.0340,PATROL,0
53.736,0.0340,0.0340,PATROL,0
53.770,0.0339,0.0340,PATROL,0
53.804,0.0341,0.0340,PATROL,0
53.838,0.0339,0.0340,PATROL,0
53.872,0.0342,0.0340,PATROL,0
53.906,0.0340,0.0340,PATROL,0
53.941,0.0341,0.0340,PATROL,0
53.974,0.0339,0.0340,PATROL,0
54.008,0.0340,0.0340,PATROL,0
54.042,0.0339,0.0340,PATROL,0
54.077,0.0342,0.0340,PATROL,0
54.110,0.0339,0.0340,PATROL,0
54.144,0.0340,0.0340,PATROL,0
54.178,0.0340,0.0340,PATROL,0
54.212,0.0340,0.0340,PATROL,0
54.247,0.0342,0.0340,PATROL,0
54.281,0.0339,0.0340,PATROL,0
54.315,0.0340,0.0340,PATROL,0
54.349,0.0340,0.0340,PATROL,0
54.383,0.0340,0.0340,PATROL,0
54.416,0.0339,0.0340,PATROL,0
54.451,0.0340,0.0340,PATROL,0
54.485,0.0340,0.0340,PATROL,0
54.519,0.0340,0.0340,PATROL,0
54.552,0.0339,0.0340,PATROL,0
54.587,0.0342,0.0340,PATROL,0
54.620,0.0338,0.0340,PATROL,0
54.655,0.0340,0.0340,PATROL,0
54.689,0.0341,0.0340,PATROL,0
54.722,0.0339,0.0340,PATROL,0
54.757,0.0342,0.0340,PATROL,0
54.791,0.0339,0.0340,PATROL,0
54.824,0.0339,0.0340,PATROL,0
54.859,0.0341,0.0340,PATROL,0
54.892,0.0339,0.0340,PATROL,0
54.927,0.0343,0.0340,PATROL,0
54.961,0.0340,0.0340,PATROL,0
54.995,0.0342,0.0340,PATROL,0
55.029,0.0340,0.0340,PATROL,0
55.063,0.0343,0.0340,PATROL,0
55.097,0.0338,0.0340,PATROL,0
55.131,0.0340,0.0340,PATROL,0
55.165,0.0343,0.0340,PATROL,0
55.199,0.0337,0.0340,PATROL,0
55.233,0.0340,0.0340,PATROL,0
55.267,0.0341,0.0340,PATROL,0
55.301,0.0343,0.0340,PATROL,0
55.335,0.0337,0.0340,PATROL,0
55.369,0.0343,0.0340,PATROL,0
55.403,0.0339,0.0340,PATROL,0
55.438,0.0343,0.0340,PATROL,0
55.471,0.0336,0.0340,PATROL,0
55.505,0.0341,0.0340,PATROL,0
55.539,0.0340,0.0340,PATROL,0
55.573,0.0341,0.0340,PATROL,0
55.607,0.0338,0.0340,PATROL,0
55.641,0.0340,0.0340,PATROL,0
55.675,0.0341,0.0340,PATROL,0
55.710,0.0342,0.0340,PATROL,0
55.743,0.0338,0.0340,PATROL,0
55.777,0.0341,0.0340,PATROL,0
55.811,0.0339,0.0340,PATROL,0
55.845,0.0340,0.0340,PATROL,0
55.879,0.0341,0.0340,PATROL,0
55.914,0.0344,0.0340,PATROL,0
55.948,0.0338,0.0340,PATROL,0
55.981,0.0337,0.0340,PATROL,0
56.016,0.0342,0.0340,PATROL,0
56.050,0.0340,0.0340,PATROL,0
56.084,0.0339,0.0340,PATROL,0
56.118,0.0340,0.0340,PATROL,0
56.151,0.0340,0.0340,PATROL,0
56.186,0.0341,0.0340,PATROL,0
56.220,0.0340,0.0340,PATROL,0
56.254,0.0340,0.0340,PATROL,0
56.287,0.0339,0.0340,PATROL,0
56.322,0.0341,0.0340,PATROL,0
56.356,0.0340,0.0340,PATROL,0
56.390,0.0342,0.0340,PATROL,0
56.424,0.0340,0.0340,PATROL,0
56.458,0.0339,0.0340,PATROL,0
56.492,0.0341,0.0340,PATROL,0
56.526,0.0342,0.0340,PATROL,0
56.560,0.0342,0.0340,PATROL,0
56.594,0.0337,0.0340,PATROL,0
56.628,0.0341,0.0340,PATROL,0
56.662,0.0342,0.0340,PATROL,0
56.696,0.0340,0.0340,PATROL,0
56.730,0.0342,0.0340,PATROL,0
56.764,0.0338,0.0340,PATROL,0
56.798,0.0340,0.0340,PATROL,0
56.832,0.0341,0.0340,PATROL,0
56.866,0.0340,0.0340,PATROL,0
56.900,0.0343,0.0340,PATROL,0
56.934,0.0339,0.0340,PATROL,0
56.968,0.0339,0.0340,PATROL,0
57.003,0.0344,0.0340,PATROL,0
57.036,0.0337,0.0340,PATROL,0
57.071,0.0342,0.0340,PATROL,0
57.104,0.0337,0.0340,PATROL,0
57.138,0.0340,0.0340,PATROL,0
57.172,0.0341,0.0340,PATROL,0
57.206,0.0340,0.0340,PATROL,0
57.241,0.0344,0.0340,PATROL,0
57.274,0.0337,0.0340,PATROL,0
57.308,0.0339,0.0340,PATROL,0
57.342,0.0341,0.0340,PATROL,0
57.376,0.0339,0.0340,PATROL,0
57.410,0.0341,0.0340,PATROL,0
57.444,0.0340,0.0340,PATROL,0
57.479,0.0344,0.0340,PATROL,0
57.513,0.0339,0.0340,PATROL,0
57.547,0.0340,0.0340,PATROL,0
57.580,0.0338,0.0340,PATROL,0
57.614,0.0340,0.0340,PATROL,0
57.649,0.0341,0.0340,PATROL,0
57.682,0.0339,0.0340,PATROL,0
57.717,0.0342,0.0340,PATROL,0
57.751,0.0341,0.0340,PATROL,0
57.785,0.0340,0.0340,PATROL,0
57.819,0.0338,0.0340,PATROL,0
57.852,0.0340,0.0340,PATROL,0
57.887,0.0341,0.0340,PATROL,0
57.921,0.0341,0.0340,PATROL,0
57.954,0.0338,0.0340,PATROL,0
57.989,0.0341,0.0340,PATROL,0
58.023,0.0340,0.0340,PATROL,0
58.057,0.0341,0.0340,PATROL,0
58.091,0.0340,0.0340,PATROL,0
58.125,0.0338,0.0340,PATROL,0
58.158,0.0340,0.0340,PATROL,0
58.193,0.0342,0.0340,PATROL,0
58.227,0.0340,0.0340,PATROL,0
58.261,0.0339,0.0340,PATROL,0
58.295,0.0341,0.0340,PATROL,0
58.329,0.0340,0.0340,PATROL,0
58.363,0.0340,0.0340,PATROL,0
58.397,0.0342,0.0340,PATROL,0
58.431,0.0342,0.0340,PATROL,0
58.465,0.0340,0.0340,PATROL,0
58.499,0.0339,0.0340,PATROL,0
58.533,0.0340,0.0340,PATROL,0
58.567,0.0343,0.0340,PATROL,0
58.601,0.0340,0.0340,PATROL,0
58.635,0.0338,0.0340,PATROL,0
58.669,0.0341,0.0340,PATROL,0
58.703,0.0342,0.0340,PATROL,0
58.737,0.0341,0.0340,PATROL,0
58.771,0.0340,0.0340,PATROL,0
58.805,0.0341,0.0340,PATROL,0
58.839,0.0340,0.0340,PATROL,0
58.873,0.0340,0.0340,PATROL,0
58.907,0.0338,0.0340,PATROL,0
58.941,0.0342,0.0340,PATROL,0
58.975,0.0340,0.0340,PATROL,0
59.009,0.0340,0.0340,PATROL,0
59.043,0.0340,0.0340,PATROL,0
59.078,0.0343,0.0340,PATROL,0
59.111,0.0338,0.0340,PATROL,0
59.145,0.0340,0.0340,PATROL,0
59.179,0.0339,0.0340,PATROL,0
59.213,0.0339,0.0340,PATROL,0
59.247,0.0341,0.0340,PATROL,0
59.281,0.0342,0.0340,PATROL,0
59.316,0.0340,0.0340,PATROL,0
59.350,0.0340,0.0340,PATROL,0
59.384,0.0343,0.0340,PATROL,0
59.418,0.0337,0.0340,PATROL,0
59.452,0.0340,0.0340,PATROL,0
59.486,0.0340,0.0340,PATROL,0
59.521,0.0351,0.0340,PATROL,0
59.554,0.0336,0.0340,PATROL,0
59.588,0.0337,0.0340,PATROL,0
59.622,0.0339,0.0340,PATROL,0
59.656,0.0341,0.0340,PATROL,0
59.690,0.0339,0.0340,PATROL,0
59.724,0.0339,0.0340,PATROL,0
59.758,0.0342,0.0340,PATROL,0
59.792,0.0340,0.0340,PATROL,0
59.826,0.0341,0.0340,PATROL,0
59.860,0.0338,0.0340,PATROL,0
59.894,0.0340,0.0340,PATROL,0
59.928,0.0340,0.0340,PATROL,0
59.962,0.0342,0.0340,PATROL,0
59.996,0.0339,0.0340,PATROL,0
60.030,0.0339,0.0340,PATROL,0
60.064,0.0341,0.0340,PATROL,0
60.098,0.0340,0.0340,PATROL,0
60.132,0.0341,0.0340,PATROL,0
60.166,0.0340,0.0340,PATROL,0
60.200,0.0340,0.0340,PATROL,0
60.234,0.0339,0.0340,PATROL,0
60.268,0.0341,0.0340,PATROL,0
60.302,0.0339,0.0340,PATROL,0
60.336,0.0342,0.0340,PATROL,0
60.370,0.0338,0.0340,PATROL,0
60.404,0.0342,0.0340,PATROL,0
60.438,0.0338,0.0340,PATROL,0
60.472,0.0341,0.0340,PATROL,0
60.506,0.0341,0.0340,PATROL,0
60.540,0.0340,0.0340,PATROL,0
60.574,0.0340,0.0340,PATROL,0
60.608,0.0341,0.0340,PATROL,0
60.642,0.0339,0.0340,PATROL,0
60.676,0.0341,0.0340,PATROL,0
60.710,0.0340,0.0340,PATROL,0
60.744,0.0340,0.0340,PATROL,0
60.778,0.0340,0.0340,PATROL,0
60.812,0.0340,0.0340,PATROL,0
60.846,0.0340,0.0340,PATROL,0
60.880,0.0341,0.0340,PATROL,0
60.914,0.0338,0.0340,PATROL,0
60.949,0.0344,0.0340,PATROL,0
60.982,0.0337,0.0340,PATROL,0
61.016,0.0340,0.0340,PATROL,0
61.050,0.0342,0.0340,PATROL,0
61.084,0.0340,0.0340,PATROL,0
61.119,0.0343,0.0340,PATROL,0
61.152,0.0338,0.0340,PATROL,0
61.187,0.0341,0.0340,PATROL,0
61.220,0.0339,0.0340,PATROL,0
61.254,0.0341,0.0340,PATROL,0
61.288,0.0339,0.0340,PATROL,0
61.322,0.0341,0.0340,PATROL,0
61.357,0.0340,0.0340,PATROL,0
61.391,0.0343,0.0340,PATROL,0
61.425,0.0338,0.0340,PATROL,0
61.459,0.0340,0.0340,PATROL,0
61.492,0.0339,0.0340,PATROL,0
61.527,0.0341,0.0340,PATROL,0
61.561,0.0340,0.0340,PATROL,0
61.595,0.0341,0.0340,PATROL,0
61.629,0.0340,0.0340,PATROL,0
61.662,0.0339,0.0340,PATROL,0
61.696,0.0340,0.0340,PATROL,0
61.730,0.0340,0.0340,PATROL,0
61.764,0.0340,0.0340,PATROL,0
61.799,0.0342,0.0340,PATROL,0
61.833,0.0340,0.0340,PATROL,0
61.867,0.0339,0.0340,PATROL,0
61.901,0.0339,0.0340,PATROL,0
61.935,0.0340,0.0340,PATROL,0
61.969,0.0341,0.0340,PATROL,0
62.003,0.0341,0.0340,PATROL,0
62.037,0.0341,0.0340,PATROL,0
62.071,0.0340,0.0340,PATROL,0
62.105,0.0343,0.0340,PATROL,0
62.139,0.0336,0.0340,PATROL,0
62.173,0.0342,0.0340,PATROL,0
62.207,0.0339,0.0340,PATROL,0
62.241,0.0340,0.0340,PATROL,0
62.275,0.0340,0.0340,PATROL,0
62.309,0.0340,0.0340,PATROL,0
62.343,0.0341,0.0340,PATROL,0
62.377,0.0340,0.0340,PATROL,0
62.411,0.0340,0.0340,PATROL,0
62.445,0.0339,0.0340,PATROL,0
62.479,0.0340,0.0340,PATROL,0
62.513,0.0343,0.0340,PATROL,0
62.547,0.0338,0.0340,PATROL,0
62.581,0.0342,0.0340,PATROL,0
62.615,0.0340,0.0340,PATROL,0
62.649,0.0339,0.0340,PATROL,0
62.683,0.0341,0.0340,PATROL,0
62.717,0.0340,0.0340,PATROL,0
62.751,0.0342,0.0340,PATROL,0
62.785,0.0338,0.0340,PATROL,0
62.819,0.0339,0.0340,PATROL,0
62.853,0.0340,0.0340,PATROL,0
62.887,0.0341,0.0340,ALIGN,0
62.921,0.0340,0.0340,ALIGN,0
62.955,0.0340,0.0340,ALIGN,0
62.989,0.0340,0.0340,ALIGN,0
63.024,0.0344,0.0340,ALIGN,0
63.058,0.0339,0.0340,ALIGN,0
63.091,0.0339,0.0340,ALIGN,0
63.125,0.0339,0.0340,ALIGN,0
63.159,0.0339,0.0340,ALIGN,0
63.194,0.0341,0.0340,ALIGN,0
63.227,0.0339,0.0340,APPROACH,0
63.262,0.0342,0.0340,APPROACH,0
63.295,0.0339,0.0340,APPROACH,0
63.329,0.0340,0.0340,APPROACH,0
63.364,0.0342,0.0340,APPROACH,0
63.397,0.0338,0.0340,APPROACH,0
63.432,0.0341,0.0340,APPROACH,0
63.466,0.0340,0.0340,APPROACH,0
63.500,0.0340,0.0340,APPROACH,0
63.534,0.0341,0.0340,APPROACH,0
63.568,0.0339,0.0340,APPROACH,0
63.602,0.0341,0.0340,APPROACH,0
63.636,0.0341,0.0340,APPROACH,0
63.670,0.0337,0.0340,APPROACH,0
63.704,0.0341,0.0340,APPROACH,0
63.737,0.0339,0.0340,APPROACH,0
63.772,0.0342,0.0340,APPROACH,0
63.806,0.0340,0.0340,APPROACH,0
63.840,0.0341,0.0340,APPROACH,0
63.874,0.0341,0.0340,APPROACH,0
63.908,0.0339,0.0340,APPROACH,0
63.942,0.0341,0.0340,APPROACH,0
63.976,0.0342,0.0340,APPROACH,0
64.010,0.0339,0.0340,APPROACH,0
64.044,0.0341,0.0340,APPROACH,0
64.078,0.0340,0.0340,APPROACH,0
64.112,0.0339,0.0340,APPROACH,0
64.146,0.0341,0.0340,APPROACH,0
64.180,0.0341,0.0340,APPROACH,0
64.214,0.0341,0.0340,APPROACH,0
64.248,0.0339,0.0340,APPROACH,0
64.282,0.0339,0.0340,APPROACH,0
64.316,0.0341,0.0340,APPROACH,0
64.350,0.0341,0.0340,APPROACH,0
64.384,0.0340,0.0340,APPROACH,0
64.418,0.0338,0.0340,APPROACH,0
64.452,0.0341,0.0340,APPROACH,0
64.486,0.0340,0.0340,APPROACH,0
64.520,0.0341,0.0340,APPROACH,0
64.554,0.0339,0.0340,APPROACH,0
64.588,0.0340,0.0340,APPROACH,0
64.622,0.0341,0.0340,APPROACH,0
64.656,0.0340,0.0340,APPROACH,0
64.690,0.0341,0.0340,APPROACH,0
64.724,0.0340,0.0340,APPROACH,0
64.758,0.0340,0.0340,APPROACH,0
64.792,0.0340,0.0340,APPROACH,0
64.826,0.0339,0.0340,APPROACH,0
64.860,0.0341,0.0340,APPROACH,0
64.894,0.0341,0.0340,APPROACH,0
64.928,0.0339,0.0340,APPROACH,0
64.962,0.0341,0.0340,APPROACH,0
64.996,0.0340,0.0340,APPROACH,0
65.030,0.0340,0.0340,APPROACH,0
65.065,0.0341,0.0340,APPROACH,0
65.098,0.0339,0.0340,APPROACH,0
65.133,0.0341,0.0340,APPROACH,0
65.167,0.0342,0.0340,APPROACH,0
65.201,0.0339,0.0340,APPROACH,0
65.235,0.0340,0.0340,APPROACH,0
65.268,0.0339,0.0340,APPROACH,0
65.303,0.0341,0.0340,APPROACH,0
65.337,0.0343,0.0340,APPROACH,0
65.371,0.0337,0.0340,APPROACH,0
65.405,0.0347,0.0340,APPROACH,0
65.439,0.0334,0.0340,APPROACH,0
65.473,0.0340,0.0340,APPROACH,0
65.507,0.0343,0.0340,APPROACH,0
65.541,0.0339,0.0340,APPROACH,0
65.575,0.0344,0.0340,APPROACH,0
65.609,0.0339,0.0340,APPROACH,0
65.643,0.0339,0.0340,APPROACH,0
65.677,0.0340,0.0340,APPROACH,0
65.711,0.0339,0.0340,APPROACH,0
65.745,0.0342,0.0340,APPROACH,0
65.779,0.0342,0.0340,APPROACH,0
65.813,0.0338,0.0340,APPROACH,0
65.847,0.0341,0.0340,APPROACH,0
65.881,0.0339,0.0340,APPROACH,0
65.915,0.0341,0.0340,APPROACH,0
65.949,0.0338,0.0340,APPROACH,0
65.983,0.0341,0.0340,APPROACH,0
66.017,0.0339,0.0340,APPROACH,0
66.051,0.0340,0.0340,APPROACH,0
66.085,0.0344,0.0340,APPROACH,0
66.119,0.0337,0.0340,APPROACH,0
66.153,0.0339,0.0340,APPROACH,0
66.187,0.0340,0.0340,APPROACH,0
66.221,0.0342,0.0340,APPROACH,0
66.255,0.0340,0.0340,APPROACH,0
66.289,0.0339,0.0340,APPROACH,0
66.323,0.0340,0.0340,APPROACH,0
66.357,0.0340,0.0340,APPROACH,0
66.391,0.0340,0.0340,APPROACH,0
66.425,0.0341,0.0340,APPROACH,0
66.459,0.0340,0.0340,APPROACH,0
66.493,0.0339,0.0340,APPROACH,0
66.527,0.0341,0.0340,APPROACH,0
66.561,0.0340,0.0340,APPROACH,0
66.595,0.0342,0.0340,APPROACH,0
66.629,0.0340,0.0340,APPROACH,0
66.664,0.0342,0.0340,APPROACH,0
66.697,0.0337,0.0340,APPROACH,0
66.731,0.0340,0.0340,APPROACH,0
66.765,0.0341,0.0340,APPROACH,0
66.799,0.0340,0.0340,APPROACH,0
66.833,0.0340,0.0340,APPROACH,0
66.867,0.0341,0.0340,APPROACH,0
66.901,0.0339,0.0340,APPROACH,0
66.936,0.0344,0.0340,APPROACH,0
66.969,0.0338,0.0340,APPROACH,0
67.004,0.0345,0.0340,APPROACH,0
67.038,0.0337,0.0340,APPROACH,0
67.072,0.0339,0.0340,APPROACH,0
67.106,0.0341,0.0340,APPROACH,0
67.140,0.0339,0.0340,APPROACH,0
67.174,0.0340,0.0340,APPROACH,0
67.208,0.0342,0.0340,APPROACH,0
67.242,0.0338,0.0340,APPROACH,0
67.276,0.0341,0.0340,APPROACH,0
67.310,0.0339,0.0340,APPROACH,0
67.344,0.0342,0.0340,APPROACH,0
67.378,0.0339,0.0340,APPROACH,0
67.412,0.0339,0.0340,APPROACH,0
67.446,0.0343,0.0340,APPROACH,0
67.480,0.0338,0.0340,APPROACH,0
67.514,0.0342,0.0340,APPROACH,0
67.548,0.0339,0.0340,APPROACH,0
67.582,0.0343,0.0340,APPROACH,0
67.616,0.0338,0.0340,APPROACH,0
67.650,0.0340,0.0340,APPROACH,0
67.684,0.0340,0.0340,APPROACH,0
67.718,0.0340,0.0340,APPROACH,0
67.752,0.0342,0.0340,APPROACH,0
67.786,0.0340,0.0340,APPROACH,0
67.820,0.0339,0.0340,APPROACH,0
67.854,0.0342,0.0340,APPROACH,0
67.888,0.0343,0.0340,APPROACH,0
67.922,0.0337,0.0340,APPROACH,0
67.956,0.0341,0.0340,APPROACH,0
67.990,0.0339,0.0340,APPROACH,0
68.024,0.0342,0.0340,APPROACH,0
68.058,0.0340,0.0340,APPROACH,0
68.092,0.0340,0.0340,APPROACH,0
68.126,0.0340,0.0340,APPROACH,0
68.160,0.0340,0.0340,APPROACH,0
68.194,0.0339,0.0340,APPROACH,0
68.228,0.0340,0.0340,APPROACH,0
68.262,0.0340,0.0340,APPROACH,0
68.296,0.0341,0.0340,APPROACH,0
68.330,0.0340,0.0340,APPROACH,0
68.364,0.0340,0.0340,APPROACH,0
68.398,0.0341,0.0340,APPROACH,0
68.432,0.0338,0.0340,APPROACH,0
68.466,0.0341,0.0340,APPROACH,0
68.500,0.0339,0.0340,APPROACH,0
68.535,0.0345,0.0340,APPROACH,0
68.568,0.0336,0.0340,APPROACH,0
68.602,0.0340,0.0340,APPROACH,0
68.636,0.0341,0.0340,APPROACH,0
68.670,0.0340,0.0340,APPROACH,0
68.705,0.0344,0.0340,APPROACH,0
68.739,0.0337,0.0340,APPROACH,0
68.773,0.0340,0.0340,APPROACH,0
68.807,0.0341,0.0340,APPROACH,0
68.841,0.0339,0.0340,APPROACH,0
68.875,0.0340,0.0340,APPROACH,0
68.909,0.0342,0.0340,APPROACH,0
68.942,0.0338,0.0340,APPROACH,0
68.977,0.0341,0.0340,APPROACH,0
69.011,0.0339,0.0340,APPROACH,0
69.045,0.0340,0.0340,APPROACH,0
69.079,0.0340,0.0340,APPROACH,0
69.112,0.0340,0.0340,APPROACH,0
69.146,0.0340,0.0340,APPROACH,0
69.181,0.0341,0.0340,APPROACH,0
69.215,0.0339,0.0340,APPROACH,0
69.249,0.0340,0.0340,APPROACH,0
69.283,0.0340,0.0340,APPROACH,0
69.317,0.0342,0.0340,APPROACH,0
69.351,0.0341,0.0340,APPROACH,0
69.385,0.0338,0.0340,APPROACH,0
69.419,0.0341,0.0340,APPROACH,0
69.453,0.0340,0.0340,APPROACH,0
69.487,0.0340,0.0340,APPROACH,0
69.521,0.0341,0.0340,APPROACH,0
69.555,0.0339,0.0340,APPROACH,0
69.589,0.0341,0.0340,APPROACH,0
69.623,0.0342,0.0340,APPROACH,0
69.657,0.0340,0.0340,APPROACH,0
69.691,0.0340,0.0340,APPROACH,0
69.725,0.0343,0.0340,APPROACH,0
69.759,0.0337,0.0340,APPROACH,0
69.793,0.0339,0.0340,APPROACH,0
69.827,0.0340,0.0340,APPROACH,0
69.861,0.0340,0.0340,APPROACH,0
69.895,0.0341,0.0340,APPROACH,0
69.929,0.0341,0.0340,APPROACH,0
69.963,0.0340,0.0340,APPROACH,0
69.997,0.0340,0.0340,APPROACH,0
70.031,0.0341,0.0340,APPROACH,0
70.065,0.0341,0.0340,APPROACH,0
70.099,0.0340,0.0340,APPROACH,0
70.133,0.0339,0.0340,APPROACH,0
70.167,0.0342,0.0340,APPROACH,0
70.201,0.0338,0.0340,APPROACH,0
70.235,0.0341,0.0340,APPROACH,0
70.269,0.0341,0.0340,APPROACH,0
70.304,0.0342,0.0340,APPROACH,0
70.338,0.0339,0.0340,APPROACH,0
70.372,0.0340,0.0340,APPROACH,0
70.405,0.0339,0.0340,APPROACH,0
70.440,0.0341,0.0340,APPROACH,0
70.473,0.0339,0.0340,APPROACH,0
70.507,0.0340,0.0340,APPROACH,0
70.542,0.0342,0.0340,APPROACH,0
70.576,0.0340,0.0340,APPROACH,0
70.610,0.0342,0.0340,APPROACH,0
70.644,0.0338,0.0340,APPROACH,0
70.678,0.0341,0.0340,APPROACH,0
70.712,0.0340,0.0340,APPROACH,0
70.746,0.0339,0.0340,APPROACH,0
70.780,0.0340,0.0340,APPROACH,0
70.814,0.0340,0.0340,APPROACH,0
70.848,0.0340,0.0340,APPROACH,0
70.882,0.0341,0.0340,APPROACH,0
70.916,0.0340,0.0340,APPROACH,0
70.950,0.0340,0.0340,APPROACH,0
70.984,0.0341,0.0340,APPROACH,0
71.018,0.0338,0.0340,APPROACH,0
71.052,0.0340,0.0340,APPROACH,0
71.086,0.0342,0.0340,APPROACH,0
71.120,0.0339,0.0340,APPROACH,0
71.154,0.0341,0.0340,APPROACH,0
71.188,0.0341,0.0340,APPROACH,0
71.222,0.0341,0.0340,APPROACH,0
71.256,0.0339,0.0340,APPROACH,0
71.290,0.0340,0.0340,APPROACH,0
71.324,0.0340,0.0340,APPROACH,0
71.358,0.0340,0.0340,APPROACH,0
71.392,0.0343,0.0340,APPROACH,0
71.426,0.0339,0.0340,APPROACH,0
71.460,0.0339,0.0340,APPROACH,0
71.494,0.0341,0.0340,APPROACH,0
71.528,0.0341,0.0340,APPROACH,0
71.562,0.0340,0.0340,APPROACH,0
71.596,0.0340,0.0340,APPROACH,0
71.630,0.0339,0.0340,APPROACH,0
71.664,0.0341,0.0340,APPROACH,0
71.698,0.0339,0.0340,APPROACH,0
71.732,0.0341,0.0340,APPROACH,0
71.766,0.0341,0.0340,APPROACH,0
71.800,0.0340,0.0340,APPROACH,0
71.834,0.0339,0.0340,APPROACH,0
71.868,0.0341,0.0340,APPROACH,0
71.902,0.0339,0.0340,APPROACH,0
71.936,0.0339,0.0340,BLIND_DASH,0
71.970,0.0340,0.0340,BLIND_DASH,0
72.005,0.0345,0.0340,BLIND_DASH,0
72.039,0.0339,0.0340,PATROL,0
72.072,0.0338,0.0340,PATROL,0
72.106,0.0338,0.0340,PATROL,0
72.141,0.0343,0.0340,PATROL,0
72.175,0.0340,0.0340,PATROL,0
72.208,0.0337,0.0340,PATROL,0
72.242,0.0341,0.0340,PATROL,0
72.276,0.0340,0.0340,PATROL,0
72.311,0.0342,0.0340,PATROL,0
72.344,0.0338,0.0340,PATROL,0
72.378,0.0341,0.0340,PATROL,0
72.412,0.0339,0.0340,PATROL,0
72.446,0.0340,0.0340,PATROL,0
72.481,0.0342,0.0340,PATROL,0
72.514,0.0338,0.0340,PATROL,0
72.549,0.0345,0.0340,PATROL,0
72.583,0.0339,0.0340,PATROL,0
72.617,0.0341,0.0340,PATROL,0
72.651,0.0339,0.0340,PATROL,0
72.685,0.0339,0.0340,PATROL,0
72.719,0.0340,0.0340,PATROL,0
72.753,0.0339,0.0340,PATROL,0
72.787,0.0341,0.0340,PATROL,0
72.821,0.0340,0.0340,PATROL,0
72.855,0.0343,0.0340,PATROL,0
72.889,0.0338,0.0340,PATROL,0
72.923,0.0341,0.0340,PATROL,0
72.957,0.0340,0.0340,PATROL,0
72.991,0.0340,0.0340,PATROL,0
73.025,0.0340,0.0340,PATROL,0
73.059,0.0340,0.0340,PATROL,0
73.093,0.0340,0.0340,PATROL,0
73.127,0.0339,0.0340,PATROL,0
73.161,0.0341,0.0340,PATROL,0
73.195,0.0341,0.0340,PATROL,0
73.229,0.0339,0.0340,PATROL,0
73.263,0.0341,0.0340,PATROL,0
73.297,0.0341,0.0340,PATROL,0
73.331,0.0341,0.0340,PATROL,0
73.365,0.0338,0.0340,PATROL,0
73.399,0.0341,0.0340,PATROL,0
73.433,0.0338,0.0340,PATROL,0
73.467,0.0341,0.0340,PATROL,0
73.501,0.0340,0.0340,PATROL,0
73.535,0.0344,0.0340,PATROL,0
73.569,0.0338,0.0340,PATROL,0
73.603,0.0341,0.0340,PATROL,0
73.637,0.0340,0.0340,PATROL,0
73.671,0.0340,0.0340,PATROL,0
73.705,0.0340,0.0340,PATROL,0
73.739,0.0341,0.0340,PATROL,0
73.773,0.0338,0.0340,PATROL,0
73.807,0.0341,0.0340,PATROL,0
73.841,0.0341,0.0340,PATROL,0
73.875,0.0340,0.0340,PATROL,0
73.909,0.0341,0.0340,PATROL,0
73.943,0.0340,0.0340,PATROL,0
73.977,0.0340,0.0340,PATROL,0
74.012,0.0342,0.0340,PATROL,0
74.045,0.0339,0.0340,PATROL,0
74.079,0.0339,0.0340,PATROL,0
74.113,0.0340,0.0340,PATROL,0
74.147,0.0340,0.0340,PATROL,0
74.181,0.0340,0.0340,PATROL,0
74.216,0.0341,0.0340,PATROL,0
74.250,0.0339,0.0340,PATROL,0
74.284,0.0340,0.0340,PATROL,0
74.318,0.0340,0.0340,PATROL,0
74.352,0.0340,0.0340,PATROL,0
74.386,0.0340,0.0340,PATROL,0
74.420,0.0342,0.0340,PATROL,0
74.454,0.0342,0.0340,PATROL,0
74.488,0.0338,0.0340,PATROL,0
74.522,0.0340,0.0340,PATROL,0
74.556,0.0340,0.0340,PATROL,0
74.590,0.0341,0.0340,PATROL,0
74.624,0.0345,0.0340,PATROL,0
74.658,0.0334,0.0340,PATROL,0
74.692,0.0341,0.0340,PATROL,0
74.726,0.0342,0.0340,PATROL,0
74.760,0.0337,0.0340,PATROL,0
74.794,0.0342,0.0340,PATROL,0
74.828,0.0339,0.0340,PATROL,0
74.862,0.0340,0.0340,PATROL,0
74.896,0.0341,0.0340,PATROL,0
74.930,0.0340,0.0340,PATROL,0
74.964,0.0340,0.0340,PATROL,0
74.998,0.0340,0.0340,PATROL,0
75.032,0.0340,0.0340,PATROL,0
75.066,0.0341,0.0340,PATROL,0
75.100,0.0340,0.0340,PATROL,0
75.134,0.0341,0.0340,PATROL,0
75.168,0.0339,0.0340,PATROL,0
75.202,0.0342,0.0340,PATROL,0
75.236,0.0339,0.0340,PATROL,0
75.270,0.0341,0.0340,PATROL,0
75.304,0.0339,0.0340,PATROL,0
75.338,0.0341,0.0340,PATROL,0
75.372,0.0341,0.0340,PATROL,0
75.406,0.0338,0.0340,PATROL,0
75.440,0.0341,0.0340,PATROL,0
75.474,0.0340,0.0340,PATROL,0
75.508,0.0340,0.0340,PATROL,0
75.542,0.0340,0.0340,PATROL,0
75.576,0.0341,0.0340,PATROL,0
75.610,0.0342,0.0340,PATROL,0
75.644,0.0339,0.0340,PATROL,0
75.678,0.0339,0.0340,PATROL,0
75.713,0.0344,0.0340,PATROL,0
75.746,0.0336,0.0340,PATROL,0
75.780,0.0340,0.0340,PATROL,0
75.814,0.0341,0.0340,PATROL,0
75.848,0.0339,0.0340,PATROL,0
75.882,0.0341,0.0340,PATROL,0
75.916,0.0340,0.0340,PATROL,0
75.950,0.0341,0.0340,PATROL,0
75.984,0.0339,0.0340,PATROL,0
76.018,0.0340,0.0340,PATROL,0
76.053,0.0343,0.0340,PATROL,0
76.087,0.0339,0.0340,PATROL,0
76.121,0.0340,0.0340,PATROL,0
76.155,0.0340,0.0340,PATROL,0
76.189,0.0341,0.0340,PATROL,0
76.223,0.0339,0.0340,PATROL,0
76.257,0.0339,0.0340,PATROL,0
76.291,0.0343,0.0340,PATROL,0
76.325,0.0339,0.0340,PATROL,0
76.359,0.0342,0.0340,PATROL,0
76.393,0.0339,0.0340,PATROL,0
76.427,0.0339,0.0340,PATROL,0
76.461,0.0341,0.0340,PATROL,0
76.495,0.0339,0.0340,PATROL,0
76.529,0.0341,0.0340,PATROL,0
76.563,0.0339,0.0340,PATROL,0
76.597,0.0340,0.0340,PATROL,0
76.631,0.0341,0.0340,PATROL,0
76.665,0.0340,0.0340,PATROL,0
76.699,0.0345,0.0340,PATROL,0
76.733,0.0338,0.0340,PATROL,0
76.767,0.0340,0.0340,PATROL,0
76.801,0.0338,0.0340,PATROL,0
76.835,0.0343,0.0340,PATROL,0
76.869,0.0337,0.0340,PATROL,0
76.903,0.0341,0.0340,PATROL,0
76.937,0.0339,0.0340,PATROL,0
76.971,0.0339,0.0340,PATROL,0
77.005,0.0342,0.0340,PATROL,0
77.039,0.0340,0.0340,PATROL,0
77.073,0.0341,0.0340,PATROL,0
77.107,0.0340,0.0340,PATROL,0
77.142,0.0343,0.0340,PATROL,0
77.175,0.0339,0.0340,PATROL,0
77.209,0.0337,0.0340,PATROL,0
77.243,0.0343,0.0340,PATROL,0
77.277,0.0337,0.0340,PATROL,0
77.311,0.0341,0.0340,PATROL,0
77.346,0.0343,0.0340,PATROL,0
77.379,0.0339,0.0340,PATROL,0
77.413,0.0341,0.0340,PATROL,0
77.447,0.0339,0.0340,PATROL,0
77.481,0.0340,0.0340,PATROL,0
77.515,0.0340,0.0340,PATROL,0
77.549,0.0340,0.0340,PATROL,0
77.583,0.0340,0.0340,PATROL,0
77.617,0.0340,0.0340,PATROL,0
77.651,0.0339,0.0340,PATROL,0
77.686,0.0341,0.0340,PATROL,0
77.720,0.0341,0.0340,PATROL,0
77.754,0.0340,0.0340,PATROL,0
77.787,0.0340,0.0340,PATROL,0
77.822,0.0342,0.0340,PATROL,0
77.855,0.0338,0.0340,PATROL,0
77.890,0.0341,0.0340,PATROL,0
77.924,0.0340,0.0340,PATROL,0
77.958,0.0341,0.0340,PATROL,0
77.992,0.0341,0.0340,PATROL,0
78.026,0.0338,0.0340,PATROL,0
78.059,0.0340,0.0340,PATROL,0
78.093,0.0340,0.0340,PATROL,0
78.128,0.0341,0.0340,PATROL,0
78.162,0.0340,0.0340,PATROL,0
78.196,0.0340,0.0340,PATROL,0
78.230,0.0341,0.0340,PATROL,0
78.264,0.0340,0.0340,PATROL,0
78.298,0.0341,0.0340,PATROL,0
78.332,0.0339,0.0340,PATROL,0
78.366,0.0339,0.0340,PATROL,0
78.400,0.0342,0.0340,PATROL,0
78.434,0.0338,0.0340,PATROL,0
78.468,0.0341,0.0340,PATROL,0
78.502,0.0341,0.0340,PATROL,0
78.536,0.0340,0.0340,PATROL,0
78.570,0.0340,0.0340,PATROL,0
78.604,0.0339,0.0340,PATROL,0
78.638,0.0341,0.0340,PATROL,0
78.672,0.0341,0.0340,PATROL,0
78.706,0.0341,0.0340,PATROL,0
78.740,0.0339,0.0340,PATROL,0
78.774,0.0340,0.0340,PATROL,0
78.808,0.0341,0.0340,PATROL,0
78.842,0.0343,0.0340,PATROL,0
78.876,0.0337,0.0340,PATROL,0
78.910,0.0340,0.0340,PATROL,0
78.944,0.0341,0.0340,PATROL,0
78.978,0.0340,0.0340,PATROL,0
79.012,0.0342,0.0340,PATROL,0
79.046,0.0338,0.0340,PATROL,0
79.080,0.0342,0.0340,PATROL,0
79.114,0.0341,0.0340,PATROL,0
79.148,0.0337,0.0340,PATROL,0
79.182,0.0341,0.0340,PATROL,0
79.216,0.0339,0.0340,PATROL,0
79.250,0.0341,0.0340,PATROL,0
79.284,0.0340,0.0340,PATROL,0
79.318,0.0340,0.0340,PATROL,0
79.352,0.0342,0.0340,PATROL,0
79.386,0.0339,0.0340,PATROL,0
79.420,0.0340,0.0340,PATROL,0
79.454,0.0340,0.0340,PATROL,0
79.488,0.0341,0.0340,PATROL,0
79.522,0.0339,0.0340,PATROL,0
79.556,0.0340,0.0340,PATROL,0
79.591,0.0343,0.0340,PATROL,0
79.625,0.0341,0.0340,PATROL,0
79.659,0.0339,0.0340,PATROL,0
79.693,0.0341,0.0340,PATROL,0
79.727,0.0345,0.0340,PATROL,0
79.761,0.0337,0.0340,PATROL,0
79.795,0.0338,0.0340,PATROL,0
79.829,0.0344,0.0340,PATROL,0
79.863,0.0336,0.0340,PATROL,0
79.897,0.0339,0.0340,PATROL,0
79.931,0.0340,0.0340,PATROL,0
79.965,0.0340,0.0340,PATROL,0
79.999,0.0341,0.0340,PATROL,0
80.033,0.0341,0.0340,PATROL,0
80.067,0.0338,0.0340,PATROL,0
80.101,0.0343,0.0340,PATROL,0
80.135,0.0337,0.0340,PATROL,0
80.169,0.0341,0.0340,PATROL,0
80.203,0.0339,0.0340,PATROL,0
80.237,0.0340,0.0340,PATROL,0
80.270,0.0339,0.0340,PATROL,0
80.305,0.0342,0.0340,PATROL,0
80.339,0.0339,0.0340,PATROL,0
80.373,0.0341,0.0340,PATROL,0
80.407,0.0340,0.0340,PATROL,0
80.441,0.0341,0.0340,PATROL,0
80.474,0.0338,0.0340,PATROL,0
80.509,0.0341,0.0340,PATROL,0
80.543,0.0342,0.0340,PATROL,0
80.577,0.0339,0.0340,PATROL,0
80.611,0.0342,0.0340,PATROL,0
80.645,0.0341,0.0340,PATROL,0
80.679,0.0343,0.0340,PATROL,0
80.713,0.0342,0.0340,PATROL,0
80.747,0.0336,0.0340,PATROL,0
80.781,0.0341,0.0340,PATROL,0
80.815,0.0342,0.0340,PATROL,0
80.849,0.0338,0.0340,PATROL,0
80.883,0.0341,0.0340,PATROL,0
80.917,0.0338,0.0340,PATROL,0
80.951,0.0341,0.0340,PATROL,0
80.985,0.0339,0.0340,PATROL,0
81.019,0.0340,0.0340,PATROL,0
81.053,0.0342,0.0340,PATROL,0
81.087,0.0341,0.0340,PATROL,0
81.121,0.0338,0.0340,PATROL,0
81.155,0.0341,0.0340,PATROL,0
81.189,0.0339,0.0340,PATROL,0
81.223,0.0341,0.0340,PATROL,0
81.257,0.0341,0.0340,PATROL,0
81.291,0.0339,0.0340,PATROL,0
81.326,0.0344,0.0340,PATROL,0
81.359,0.0338,0.0340,PATROL,0
81.394,0.0345,0.0340,PATROL,0
81.428,0.0339,0.0340,PATROL,0
81.462,0.0339,0.0340,PATROL,0
81.496,0.0339,0.0340,PATROL,0
81.530,0.0340,0.0340,PATROL,0
81.564,0.0340,0.0340,PATROL,0
81.598,0.0340,0.0340,PATROL,0
81.632,0.0339,0.0340,PATROL,0
81.666,0.0341,0.0340,PATROL,0
81.700,0.0340,0.0340,PATROL,0
81.733,0.0339,0.0340,PATROL,0
81.768,0.0341,0.0340,PATROL,0
81.801,0.0339,0.0340,PATROL,0
81.836,0.0341,0.0340,PATROL,0
81.870,0.0339,0.0340,PATROL,0
81.904,0.0341,0.0340,PATROL,0
81.938,0.0339,0.0340,PATROL,0
81.972,0.0340,0.0340,PATROL,0
82.006,0.0343,0.0340,PATROL,0
82.040,0.0338,0.0340,PATROL,0
82.074,0.0340,0.0340,PATROL,0
82.108,0.0339,0.0340,PATROL,0
82.142,0.0341,0.0340,PATROL,0
82.175,0.0339,0.0340,PATROL,0
82.210,0.0344,0.0340,PATROL,0
82.244,0.0340,0.0340,PATROL,0
82.278,0.0341,0.0340,PATROL,0
82.312,0.0339,0.0340,PATROL,0
82.346,0.0341,0.0340,PATROL,0
82.380,0.0341,0.0340,PATROL,0
82.414,0.0338,0.0340,PATROL,0
82.448,0.0342,0.0340,PATROL,0
82.482,0.0339,0.0340,PATROL,0
82.516,0.0342,0.0340,PATROL,0
82.550,0.0339,0.0340,PATROL,0
82.584,0.0342,0.0340,PATROL,0
82.618,0.0336,0.0340,PATROL,0
82.652,0.0342,0.0340,PATROL,0
82.686,0.0341,0.0340,PATROL,0
82.720,0.0338,0.0340,PATROL,0
82.754,0.0341,0.0340,PATROL,0
82.788,0.0340,0.0340,PATROL,0
82.822,0.0341,0.0340,PATROL,0
82.856,0.0339,0.0340,PATROL,0
82.890,0.0340,0.0340,PATROL,0
82.924,0.0342,0.0340,PATROL,0
82.958,0.0339,0.0340,PATROL,0
82.993,0.0347,0.0340,PATROL,0
83.026,0.0334,0.0340,PATROL,0
83.060,0.0340,0.0340,PATROL,0
83.094,0.0342,0.0340,PATROL,0
83.128,0.0339,0.0340,PATROL,0
83.162,0.0341,0.0340,PATROL,0
83.196,0.0340,0.0340,PATROL,0
83.231,0.0341,0.0340,PATROL,0
83.264,0.0340,0.0340,PATROL,0
83.298,0.0340,0.0340,PATROL,0
83.333,0.0340,0.0340,PATROL,0
83.367,0.0341,0.0340,PATROL,0
83.400,0.0339,0.0340,PATROL,0
83.435,0.0340,0.0340,PATROL,0
83.468,0.0339,0.0340,PATROL,0
83.503,0.0341,0.0340,PATROL,0
83.536,0.0339,0.0340,PATROL,0
83.571,0.0341,0.0340,PATROL,0
83.605,0.0343,0.0340,PATROL,0
83.639,0.0337,0.0340,PATROL,0
83.672,0.0339,0.0340,PATROL,0
83.707,0.0341,0.0340,PATROL,0
83.741,0.0341,0.0340,PATROL,0
83.775,0.0340,0.0340,PATROL,0
83.809,0.0339,0.0340,PATROL,0
83.843,0.0340,0.0340,PATROL,0
83.877,0.0344,0.0340,PATROL,0
83.911,0.0337,0.0340,PATROL,0
83.945,0.0340,0.0340,PATROL,0
83.979,0.0341,0.0340,PATROL,0
84.013,0.0339,0.0340,PATROL,0
84.047,0.0340,0.0340,PATROL,0
84.081,0.0340,0.0340,PATROL,0
84.115,0.0346,0.0340,PATROL,0
84.149,0.0335,0.0340,PATROL,0
84.183,0.0341,0.0340,PATROL,0
84.217,0.0342,0.0340,PATROL,0
84.251,0.0337,0.0340,PATROL,0
84.285,0.0342,0.0340,PATROL,0
84.319,0.0339,0.0340,PATROL,0
84.353,0.0339,0.0340,PATROL,0
84.387,0.0341,0.0340,PATROL,0
84.421,0.0339,0.0340,PATROL,0
84.455,0.0345,0.0340,PATROL,0
84.489,0.0337,0.0340,PATROL,0
84.523,0.0341,0.0340,PATROL,0
84.557,0.0339,0.0340,PATROL,0
84.591,0.0340,0.0340,PATROL,0
84.625,0.0342,0.0340,PATROL,0
84.659,0.0339,0.0340,PATROL,0
84.693,0.0342,0.0340,PATROL,0
84.727,0.0340,0.0340,PATROL,0
84.761,0.0342,0.0340,PATROL,0
84.796,0.0343,0.0340,PATROL,0
84.829,0.0337,0.0340,PATROL,0
84.863,0.0339,0.0340,PATROL,0
84.897,0.0340,0.0340,PATROL,0
84.931,0.0340,0.0340,PATROL,0
84.965,0.0341,0.0340,PATROL,0
85.000,0.0341,0.0340,PATROL,0
85.033,0.0339,0.0340,PATROL,0
85.068,0.0342,0.0340,PATROL,0
85.102,0.0339,0.0340,PATROL,0
85.135,0.0339,0.0340,PATROL,0
85.169,0.0341,0.0340,PATROL,0
85.203,0.0340,0.0340,PATROL,0
85.238,0.0342,0.0340,PATROL,0
85.272,0.0339,0.0340,PATROL,0
85.306,0.0341,0.0340,PATROL,0
85.339,0.0339,0.0340,PATROL,0
85.374,0.0343,0.0340,PATROL,0
85.408,0.0339,0.0340,PATROL,0
85.442,0.0341,0.0340,PATROL,0
85.476,0.0340,0.0340,PATROL,0
85.510,0.0339,0.0340,PATROL,0
85.544,0.0341,0.0340,PATROL,0
85.578,0.0340,0.0340,PATROL,0
85.612,0.0341,0.0340,PATROL,0
85.646,0.0341,0.0340,PATROL,0
85.680,0.0339,0.0340,PATROL,0
85.714,0.0342,0.0340,PATROL,0
85.748,0.0339,0.0340,PATROL,0
85.782,0.0341,0.0340,PATROL,0
85.816,0.0340,0.0340,PATROL,0
85.850,0.0340,0.0340,PATROL,0
85.884,0.0341,0.0340,PATROL,0
85.918,0.0343,0.0340,PATROL,0
85.952,0.0336,0.0340,PATROL,0
85.986,0.0341,0.0340,PATROL,0
86.020,0.0338,0.0340,PATROL,0
86.054,0.0342,0.0340,PATROL,0
86.088,0.0339,0.0340,PATROL,0
86.122,0.0340,0.0340,PATROL,0
86.156,0.0342,0.0340,PATROL,0
86.190,0.0340,0.0340,PATROL,0
86.224,0.0339,0.0340,PATROL,0
86.258,0.0340,0.0340,PATROL,0
86.292,0.0342,0.0340,PATROL,0
86.326,0.0340,0.0340,PATROL,0
86.360,0.0340,0.0340,PATROL,0
86.394,0.0341,0.0340,PATROL,0
86.428,0.0339,0.0340,PATROL,0
86.462,0.0342,0.0340,PATROL,0
86.496,0.0338,0.0340,PATROL,0
86.530,0.0340,0.0340,PATROL,0
86.564,0.0342,0.0340,PATROL,0
86.598,0.0340,0.0340,PATROL,0
86.632,0.0339,0.0340,PATROL,0
86.666,0.0341,0.0340,PATROL,0
86.700,0.0340,0.0340,PATROL,0
86.735,0.0342,0.0340,PATROL,0
86.769,0.0340,0.0340,PATROL,0
86.802,0.0338,0.0340,PATROL,0
86.836,0.0340,0.0340,PATROL,0
86.870,0.0339,0.0340,PATROL,0
86.904,0.0342,0.0340,PATROL,0
86.938,0.0338,0.0340,PATROL,0
86.972,0.0342,0.0340,PATROL,0
87.006,0.0339,0.0340,PATROL,0
87.040,0.0340,0.0340,PATROL,0
87.074,0.0340,0.0340,PATROL,0
87.108,0.0340,0.0340,PATROL,0
87.143,0.0341,0.0340,PATROL,0
87.177,0.0340,0.0340,PATROL,0
87.210,0.0340,0.0340,PATROL,0
87.244,0.0339,0.0340,PATROL,0
87.278,0.0340,0.0340,PATROL,0
87.313,0.0341,0.0340,PATROL,0
87.347,0.0340,0.0340,PATROL,0
87.381,0.0341,0.0340,PATROL,0
87.415,0.0341,0.0340,PATROL,0
87.449,0.0338,0.0340,PATROL,0
87.483,0.0340,0.0340,PATROL,0
87.517,0.0341,0.0340,PATROL,0
87.551,0.0342,0.0340,PATROL,0
87.585,0.0340,0.0340,PATROL,0
87.619,0.0341,0.0340,PATROL,0
87.653,0.0339,0.0340,PATROL,0
87.687,0.0340,0.0340,PATROL,0
87.721,0.0340,0.0340,PATROL,0
87.755,0.0340,0.0340,PATROL,0
87.789,0.0339,0.0340,PATROL,0
87.823,0.0341,0.0340,PATROL,0
87.857,0.0341,0.0340,PATROL,0
87.891,0.0339,0.0340,PATROL,0
87.925,0.0342,0.0340,PATROL,0
87.959,0.0339,0.0340,PATROL,0
87.993,0.0342,0.0340,PATROL,0
88.027,0.0338,0.0340,PATROL,0
88.061,0.0341,0.0340,PATROL,0
88.095,0.0341,0.0340,PATROL,0
88.129,0.0339,0.0340,PATROL,0
88.163,0.0341,0.0340,PATROL,0
88.197,0.0339,0.0340,PATROL,0
88.231,0.0342,0.0340,PATROL,0
88.265,0.0339,0.0340,PATROL,0
88.299,0.0340,0.0340,PATROL,0
88.333,0.0340,0.0340,PATROL,0
88.367,0.0341,0.0340,PATROL,0
88.401,0.0339,0.0340,PATROL,0
88.435,0.0340,0.0340,PATROL,0
88.469,0.0341,0.0340,PATROL,0
88.503,0.0341,0.0340,PATROL,0
88.537,0.0339,0.0340,PATROL,0
88.571,0.0340,0.0340,PATROL,0
88.605,0.0342,0.0340,PATROL,0
88.639,0.0340,0.0340,PATROL,0
88.673,0.0338,0.0340,PATROL,0
88.707,0.0341,0.0340,PATROL,0
88.741,0.0339,0.0340,PATROL,0
88.775,0.0342,0.0340,PATROL,0
88.809,0.0339,0.0340,PATROL,0
88.843,0.0339,0.0340,PATROL,0
88.877,0.0340,0.0340,PATROL,0
88.912,0.0342,0.0340,PATROL,0
88.945,0.0339,0.0340,PATROL,0
88.980,0.0343,0.0340,PATROL,0
89.014,0.0339,0.0340,PATROL,0
89.048,0.0340,0.0340,PATROL,0
89.082,0.0340,0.0340,PATROL,0
89.116,0.0340,0.0340,PATROL,0
89.150,0.0340,0.0340,PATROL,0
89.184,0.0340,0.0340,PATROL,0
89.218,0.0340,0.0340,PATROL,0
89.252,0.0340,0.0340,PATROL,0
89.286,0.0342,0.0340,PATROL,0
89.320,0.0343,0.0340,PATROL,0
89.354,0.0335,0.0340,PATROL,0
89.388,0.0342,0.0340,PATROL,0
89.422,0.0340,0.0340,PATROL,0
89.455,0.0339,0.0340,PATROL,0
89.490,0.0342,0.0340,PATROL,0
89.524,0.0341,0.0340,PATROL,0
89.558,0.0341,0.0340,PATROL,0
89.592,0.0339,0.0340,PATROL,0
89.626,0.0341,0.0340,PATROL,0
89.660,0.0339,0.0340,PATROL,0
89.694,0.0341,0.0340,PATROL,0
89.728,0.0338,0.0340,PATROL,0
89.762,0.0342,0.0340,PATROL,0
89.796,0.0340,0.0340,PATROL,0
89.830,0.0342,0.0340,PATROL,0
89.864,0.0339,0.0340,PATROL,0
89.898,0.0340,0.0340,PATROL,0
89.932,0.0340,0.0340,PATROL,0
89.966,0.0339,0.0340,PATROL,0
90.000,0.0342,0.0340,PATROL,0
90.034,0.0338,0.0340,PATROL,0
90.068,0.0340,0.0340,PATROL,0
90.102,0.0340,0.0340,PATROL,0
90.136,0.0340,0.0340,PATROL,0
90.170,0.0342,0.0340,PATROL,0
90.204,0.0339,0.0340,PATROL,0
90.238,0.0340,0.0340,PATROL,0
90.272,0.0339,0.0340,PATROL,0
90.306,0.0341,0.0340,PATROL,0
90.340,0.0341,0.0340,PATROL,0
90.374,0.0339,0.0340,PATROL,0
90.408,0.0341,0.0340,PATROL,0
90.442,0.0340,0.0340,PATROL,0
90.476,0.0339,0.0340,PATROL,0
90.510,0.0341,0.0340,PATROL,0
90.544,0.0340,0.0340,PATROL,0
90.578,0.0340,0.0340,PATROL,0
90.612,0.0340,0.0340,ALIGN,0
90.646,0.0341,0.0340,ALIGN,0
90.681,0.0342,0.0340,ALIGN,0
90.714,0.0338,0.0340,ALIGN,0
90.748,0.0341,0.0340,ALIGN,0
90.783,0.0341,0.0340,ALIGN,0
90.816,0.0339,0.0340,ALIGN,0
90.850,0.0339,0.0340,ALIGN,0
90.884,0.0341,0.0340,ALIGN,0
90.919,0.0340,0.0340,ALIGN,0
90.953,0.0341,0.0340,ALIGN,0
90.987,0.0340,0.0340,ALIGN,0
91.021,0.0344,0.0340,ALIGN,0
91.055,0.0337,0.0340,ALIGN,0
91.088,0.0338,0.0340,ALIGN,0
91.122,0.0340,0.0340,ALIGN,0
91.157,0.0341,0.0340,ALIGN,0
91.191,0.0342,0.0340,ALIGN,0
91.225,0.0337,0.0340,ALIGN,0
91.259,0.0340,0.0340,ALIGN,0
91.293,0.0342,0.0340,ALIGN,0
91.327,0.0339,0.0340,ALIGN,0
91.361,0.0342,0.0340,ALIGN,0
91.395,0.0339,0.0340,ALIGN,0
91.429,0.0339,0.0340,ALIGN,0
91.463,0.0341,0.0340,ALIGN,0
91.497,0.0340,0.0340,ALIGN,0
91.531,0.0342,0.0340,ALIGN,0
91.565,0.0337,0.0340,ALIGN,0
91.599,0.0341,0.0340,ALIGN,0
91.633,0.0340,0.0340,APPROACH,0
91.667,0.0339,0.0340,APPROACH,0
91.701,0.0340,0.0340,APPROACH,0
91.735,0.0342,0.0340,APPROACH,0
91.769,0.0338,0.0340,APPROACH,0
91.803,0.0340,0.0340,APPROACH,0
91.837,0.0340,0.0340,APPROACH,0
91.871,0.0341,0.0340,APPROACH,0
91.905,0.0338,0.0340,APPROACH,0
91.939,0.0340,0.0340,APPROACH,0
91.973,0.0340,0.0340,APPROACH,0
92.007,0.0341,0.0340,APPROACH,0
92.041,0.0341,0.0340,APPROACH,0
92.075,0.0339,0.0340,APPROACH,0
92.109,0.0341,0.0340,APPROACH,0
92.143,0.0341,0.0340,APPROACH,0
92.177,0.0342,0.0340,APPROACH,0
92.211,0.0339,0.0340,APPROACH,0
92.245,0.0340,0.0340,APPROACH,0
92.279,0.0341,0.0340,APPROACH,0
92.313,0.0340,0.0340,APPROACH,0
92.347,0.0339,0.0340,APPROACH,0
92.381,0.0341,0.0340,APPROACH,0
92.415,0.0339,0.0340,APPROACH,0
92.449,0.0342,0.0340,APPROACH,0
92.483,0.0337,0.0340,APPROACH,0
92.517,0.0342,0.0340,APPROACH,0
92.551,0.0340,0.0340,APPROACH,0
92.585,0.0339,0.0340,APPROACH,0
92.619,0.0340,0.0340,APPROACH,0
92.653,0.0340,0.0340,APPROACH,0
92.687,0.0341,0.0340,APPROACH,0
92.722,0.0343,0.0340,APPROACH,0
92.755,0.0337,0.0340,APPROACH,0
92.790,0.0341,0.0340,APPROACH,0
92.823,0.0340,0.0340,APPROACH,0
92.857,0.0340,0.0340,APPROACH,0
92.892,0.0341,0.0340,APPROACH,0
92.926,0.0340,0.0340,APPROACH,0
92.960,0.0340,0.0340,APPROACH,0
92.993,0.0339,0.0340,APPROACH,0
93.028,0.0341,0.0340,APPROACH,0
93.062,0.0342,0.0340,APPROACH,0
93.096,0.0339,0.0340,APPROACH,0
93.130,0.0340,0.0340,APPROACH,0
93.163,0.0338,0.0340,APPROACH,0
93.198,0.0340,0.0340,APPROACH,0
93.231,0.0340,0.0340,APPROACH,0
93.265,0.0340,0.0340,APPROACH,0
93.300,0.0341,0.0340,APPROACH,0
93.333,0.0339,0.0340,APPROACH,0
93.368,0.0342,0.0340,APPROACH,0
93.402,0.0340,0.0340,APPROACH,0
93.436,0.0339,0.0340,APPROACH,0
93.470,0.0340,0.0340,APPROACH,0
93.504,0.0341,0.0340,APPROACH,0
93.538,0.0340,0.0340,APPROACH,0
93.572,0.0340,0.0340,APPROACH,0
93.606,0.0342,0.0340,APPROACH,0
93.640,0.0340,0.0340,APPROACH,0
93.674,0.0342,0.0340,APPROACH,0
93.708,0.0340,0.0340,APPROACH,0
93.742,0.0340,0.0340,APPROACH,0
93.776,0.0340,0.0340,APPROACH,0
93.810,0.0341,0.0340,APPROACH,0
93.844,0.0340,0.0340,APPROACH,0
93.878,0.0342,0.0340,APPROACH,0
93.912,0.0338,0.0340,APPROACH,0
93.946,0.0341,0.0340,APPROACH,0
93.980,0.0340,0.0340,APPROACH,0
94.014,0.0341,0.0340,APPROACH,0
94.048,0.0340,0.0340,APPROACH,0
94.082,0.0341,0.0340,APPROACH,0
94.116,0.0340,0.0340,APPROACH,0
94.150,0.0339,0.0340,APPROACH,0
94.184,0.0340,0.0340,APPROACH,0
94.218,0.0341,0.0340,APPROACH,0
94.254,0.0355,0.0340,APPROACH,0
94.286,0.0326,0.0340,APPROACH,0
94.320,0.0340,0.0340,APPROACH,0
94.354,0.0339,0.0340,APPROACH,0
94.388,0.0342,0.0340,APPROACH,0
94.423,0.0341,0.0340,APPROACH,0
94.457,0.0339,0.0340,APPROACH,0
94.490,0.0339,0.0340,APPROACH,0
94.524,0.0340,0.0340,APPROACH,0
94.559,0.0341,0.0340,APPROACH,0
94.592,0.0339,0.0340,APPROACH,0
94.626,0.0339,0.0340,APPROACH,0
94.660,0.0340,0.0340,APPROACH,0
94.695,0.0343,0.0340,APPROACH,0
94.729,0.0340,0.0340,APPROACH,0
94.762,0.0339,0.0340,APPROACH,0
94.796,0.0340,0.0340,APPROACH,0
94.831,0.0340,0.0340,APPROACH,0
94.864,0.0340,0.0340,APPROACH,0
94.899,0.0342,0.0340,APPROACH,0
94.933,0.0338,0.0340,APPROACH,0
94.967,0.0341,0.0340,APPROACH,0
95.000,0.0339,0.0340,APPROACH,0
95.034,0.0340,0.0340,APPROACH,0
95.069,0.0343,0.0340,APPROACH,0
95.102,0.0337,0.0340,APPROACH,0
95.137,0.0341,0.0340,APPROACH,0
95.171,0.0341,0.0340,APPROACH,0
95.205,0.0340,0.0340,APPROACH,0
95.239,0.0338,0.0340,APPROACH,0
95.272,0.0339,0.0340,APPROACH,0
95.307,0.0341,0.0340,APPROACH,0
95.340,0.0339,0.0340,APPROACH,0
95.375,0.0342,0.0340,APPROACH,0
95.409,0.0339,0.0340,APPROACH,0
95.443,0.0341,0.0340,APPROACH,0
95.477,0.0342,0.0340,APPROACH,0
95.511,0.0342,0.0340,APPROACH,0
95.545,0.0340,0.0340,APPROACH,0
95.579,0.0339,0.0340,APPROACH,0
95.613,0.0340,0.0340,APPROACH,0
95.647,0.0342,0.0340,APPROACH,0
95.681,0.0340,0.0340,APPROACH,0
95.715,0.0340,0.0340,APPROACH,0
95.749,0.0339,0.0340,APPROACH,0
95.783,0.0342,0.0340,APPROACH,0
95.817,0.0340,0.0340,APPROACH,0
95.851,0.0342,0.0340,APPROACH,0
95.885,0.0339,0.0340,APPROACH,0
95.919,0.0338,0.0340,APPROACH,0
95.953,0.0343,0.0340,APPROACH,0
95.987,0.0337,0.0340,APPROACH,0
96.021,0.0341,0.0340,APPROACH,0
96.055,0.0340,0.0340,APPROACH,0
96.089,0.0340,0.0340,APPROACH,0
96.123,0.0343,0.0340,APPROACH,0
96.157,0.0339,0.0340,APPROACH,0
96.191,0.0340,0.0340,APPROACH,0
96.225,0.0340,0.0340,APPROACH,0
96.259,0.0338,0.0340,APPROACH,0
96.293,0.0341,0.0340,APPROACH,0
96.327,0.0340,0.0340,APPROACH,0
96.362,0.0343,0.0340,APPROACH,0
96.395,0.0338,0.0340,APPROACH,0
96.429,0.0340,0.0340,APPROACH,0
96.463,0.0342,0.0340,APPROACH,0
96.497,0.0340,0.0340,APPROACH,0
96.532,0.0341,0.0340,APPROACH,0
96.565,0.0339,0.0340,APPROACH,0
96.600,0.0341,0.0340,APPROACH,0
96.634,0.0340,0.0340,APPROACH,0
96.668,0.0340,0.0340,APPROACH,0
96.702,0.0341,0.0340,APPROACH,0
96.736,0.0340,0.0340,APPROACH,0
96.770,0.0340,0.0340,APPROACH,0
96.803,0.0339,0.0340,APPROACH,0
96.837,0.0340,0.0340,APPROACH,0
96.872,0.0342,0.0340,APPROACH,0
96.906,0.0339,0.0340,APPROACH,0
96.940,0.0338,0.0340,APPROACH,0
96.973,0.0340,0.0340,APPROACH,0
97.008,0.0341,0.0340,APPROACH,0
97.042,0.0340,0.0340,APPROACH,0
97.076,0.0340,0.0340,APPROACH,0
97.110,0.0341,0.0340,APPROACH,0
97.144,0.0340,0.0340,APPROACH,0
97.178,0.0341,0.0340,APPROACH,0
97.212,0.0340,0.0340,APPROACH,0
97.246,0.0341,0.0340,APPROACH,0
97.280,0.0339,0.0340,APPROACH,0
97.314,0.0341,0.0340,APPROACH,0
97.348,0.0341,0.0340,APPROACH,0
97.382,0.0340,0.0340,APPROACH,0
97.416,0.0339,0.0340,APPROACH,0
97.450,0.0340,0.0340,APPROACH,0
97.484,0.0340,0.0340,APPROACH,0
97.518,0.0340,0.0340,APPROACH,0
97.552,0.0340,0.0340,APPROACH,0
97.586,0.0341,0.0340,APPROACH,0
97.620,0.0342,0.0340,APPROACH,0
97.654,0.0341,0.0340,APPROACH,0
97.688,0.0337,0.0340,APPROACH,0
97.722,0.0340,0.0340,APPROACH,0
97.756,0.0342,0.0340,APPROACH,0
97.790,0.0339,0.0340,APPROACH,0
97.824,0.0342,0.0340,APPROACH,0
97.858,0.0339,0.0340,APPROACH,0
97.892,0.0341,0.0340,APPROACH,0
97.926,0.0339,0.0340,APPROACH,0
97.960,0.0341,0.0340,APPROACH,0
97.994,0.0338,0.0340,APPROACH,0
98.028,0.0340,0.0340,APPROACH,0
98.062,0.0342,0.0340,APPROACH,0
98.096,0.0339,0.0340,APPROACH,0
98.130,0.0340,0.0340,APPROACH,0
98.164,0.0340,0.0340,APPROACH,0
98.199,0.0344,0.0340,APPROACH,0
98.232,0.0335,0.0340,APPROACH,0
98.266,0.0341,0.0340,APPROACH,0
98.300,0.0340,0.0340,APPROACH,0
98.334,0.0341,0.0340,APPROACH,0
98.368,0.0339,0.0340,APPROACH,0
98.402,0.0340,0.0340,APPROACH,0
98.436,0.0340,0.0340,APPROACH,0
98.470,0.0340,0.0340,APPROACH,0
98.505,0.0345,0.0340,APPROACH,0
98.538,0.0336,0.0340,APPROACH,0
98.573,0.0342,0.0340,APPROACH,0
98.606,0.0339,0.0340,APPROACH,0
98.641,0.0342,0.0340,APPROACH,0
98.675,0.0339,0.0340,APPROACH,0
98.709,0.0339,0.0340,APPROACH,0
98.743,0.0341,0.0340,APPROACH,0
98.777,0.0340,0.0340,APPROACH,0
98.811,0.0339,0.0340,APPROACH,0
98.845,0.0342,0.0340,APPROACH,0
98.879,0.0340,0.0340,APPROACH,0
98.913,0.0342,0.0340,APPROACH,0
98.947,0.0339,0.0340,APPROACH,0
98.981,0.0339,0.0340,APPROACH,0
99.015,0.0342,0.0340,APPROACH,0
99.049,0.0338,0.0340,APPROACH,0
99.083,0.0340,0.0340,APPROACH,0
99.117,0.0340,0.0340,APPROACH,0
99.151,0.0341,0.0340,APPROACH,0
99.185,0.0339,0.0340,APPROACH,0
99.219,0.0341,0.0340,APPROACH,0
99.253,0.0344,0.0340,APPROACH,0
99.287,0.0338,0.0340,APPROACH,0
99.321,0.0340,0.0340,APPROACH,0
99.355,0.0340,0.0340,APPROACH,0
99.389,0.0340,0.0340,APPROACH,0
99.423,0.0339,0.0340,APPROACH,0
99.457,0.0342,0.0340,APPROACH,0
99.491,0.0339,0.0340,APPROACH,0
99.525,0.0342,0.0340,APPROACH,0
99.559,0.0337,0.0340,APPROACH,0
99.593,0.0344,0.0340,APPROACH,0
99.627,0.0338,0.0340,APPROACH,0
99.661,0.0339,0.0340,APPROACH,0
99.695,0.0340,0.0340,APPROACH,0
99.729,0.0339,0.0340,APPROACH,0
99.763,0.0340,0.0340,APPROACH,0
99.797,0.0340,0.0340,APPROACH,0
99.831,0.0342,0.0340,APPROACH,0
99.865,0.0338,0.0340,APPROACH,0
99.899,0.0341,0.0340,APPROACH,0
99.933,0.0341,0.0340,APPROACH,0
99.967,0.0341,0.0340,APPROACH,0
100.001,0.0341,0.0340,APPROACH,0
100.035,0.0338,0.0340,APPROACH,0
100.069,0.0341,0.0340,APPROACH,0
100.103,0.0341,0.0340,APPROACH,0
100.138,0.0341,0.0340,APPROACH,0
100.172,0.0341,0.0340,APPROACH,0
100.205,0.0337,0.0340,APPROACH,0
100.240,0.0342,0.0340,APPROACH,0
100.274,0.0340,0.0340,APPROACH,0
100.307,0.0339,0.0340,APPROACH,0
100.341,0.0341,0.0340,APPROACH,0
100.376,0.0341,0.0340,APPROACH,0
100.409,0.0338,0.0340,APPROACH,0
100.443,0.0341,0.0340,APPROACH,0
100.478,0.0342,0.0340,APPROACH,0
100.512,0.0340,0.0340,APPROACH,0
100.546,0.0340,0.0340,APPROACH,0
100.580,0.0338,0.0340,APPROACH,0
100.614,0.0342,0.0340,BLIND_DASH,0
100.648,0.0338,0.0340,BLIND_DASH,0
100.681,0.0340,0.0340,BLIND_DASH,0
100.716,0.0342,0.0340,BLIND_DASH,0
100.750,0.0339,0.0340,BLIND_DASH,0
100.784,0.0343,0.0340,BLIND_DASH,0
100.817,0.0336,0.0340,PATROL,0
100.852,0.0341,0.0340,PATROL,0
100.885,0.0339,0.0340,PATROL,0
100.920,0.0341,0.0340,PATROL,0
100.954,0.0341,0.0340,PATROL,0
100.988,0.0339,0.0340,PATROL,0
101.022,0.0341,0.0340,PATROL,0
101.056,0.0340,0.0340,PATROL,0
101.090,0.0339,0.0340,PATROL,0
101.124,0.0342,0.0340,PATROL,0
101.158,0.0340,0.0340,PATROL,0
101.192,0.0340,0.0340,PATROL,0
101.226,0.0342,0.0340,PATROL,0
101.260,0.0339,0.0340,PATROL,0
101.294,0.0341,0.0340,PATROL,0
101.328,0.0338,0.0340,PATROL,0
101.362,0.0341,0.0340,PATROL,0
101.396,0.0341,0.0340,PATROL,0
101.430,0.0339,0.0340,PATROL,0
101.464,0.0341,0.0340,PATROL,0
101.498,0.0339,0.0340,PATROL,0
101.532,0.0340,0.0340,PATROL,0
101.566,0.0340,0.0340,PATROL,0
101.600,0.0344,0.0340,PATROL,0
101.634,0.0338,0.0340,PATROL,0
101.668,0.0340,0.0340,PATROL,0
101.702,0.0341,0.0340,PATROL,0
101.736,0.0339,0.0340,PATROL,0
101.770,0.0341,0.0340,PATROL,0
101.804,0.0338,0.0340,PATROL,0
101.838,0.0341,0.0340,PATROL,0
101.872,0.0340,0.0340,PATROL,0
101.906,0.0342,0.0340,PATROL,0
101.940,0.0338,0.0340,PATROL,0
101.974,0.0342,0.0340,PATROL,0
102.008,0.0340,0.0340,PATROL,0
102.042,0.0339,0.0340,PATROL,0
102.076,0.0340,0.0340,PATROL,0
102.110,0.0342,0.0340,PATROL,0
102.145,0.0341,0.0340,PATROL,0
102.179,0.0340,0.0340,PATROL,0
102.212,0.0339,0.0340,PATROL,0
102.246,0.0339,0.0340,PATROL,0
102.281,0.0341,0.0340,PATROL,0
102.315,0.0341,0.0340,PATROL,0
102.349,0.0339,0.0340,PATROL,0
102.383,0.0340,0.0340,PATROL,0
102.416,0.0338,0.0340,PATROL,0
102.451,0.0341,0.0340,PATROL,0
102.485,0.0340,0.0340,PATROL,0
102.518,0.0339,0.0340,PATROL,0
102.552,0.0340,0.0340,PATROL,0
102.586,0.0340,0.0340,PATROL,0
102.621,0.0340,0.0340,PATROL,0
102.655,0.0341,0.0340,PATROL,0
102.689,0.0340,0.0340,PATROL,0
102.723,0.0340,0.0340,PATROL,0
102.757,0.0342,0.0340,PATROL,0
102.791,0.0341,0.0340,PATROL,0
102.825,0.0338,0.0340,PATROL,0
102.859,0.0340,0.0340,PATROL,0
102.893,0.0340,0.0340,PATROL,0
102.927,0.0343,0.0340,PATROL,0
102.961,0.0338,0.0340,PATROL,0
102.995,0.0341,0.0340,PATROL,0
103.029,0.0340,0.0340,PATROL,0
103.063,0.0341,0.0340,PATROL,0
103.097,0.0338,0.0340,PATROL,0
103.131,0.0340,0.0340,PATROL,0
103.165,0.0341,0.0340,PATROL,0
103.199,0.0344,0.0340,PATROL,0
103.233,0.0338,0.0340,PATROL,0
103.267,0.0340,0.0340,PATROL,0
103.301,0.0339,0.0340,PATROL,0
103.335,0.0340,0.0340,PATROL,0
103.369,0.0339,0.0340,PATROL,0
103.403,0.0340,0.0340,PATROL,0
103.437,0.0341,0.0340,PATROL,0
103.471,0.0340,0.0340,PATROL,0
103.505,0.0340,0.0340,PATROL,0
103.539,0.0339,0.0340,PATROL,0
103.573,0.0342,0.0340,PATROL,0
103.607,0.0339,0.0340,PATROL,0
103.641,0.0340,0.0340,PATROL,0
103.675,0.0341,0.0340,PATROL,0
103.709,0.0339,0.0340,PATROL,0
103.743,0.0340,0.0340,PATROL,0
103.777,0.0341,0.0340,PATROL,0
103.811,0.0339,0.0340,PATROL,0
103.845,0.0340,0.0340,PATROL,0
103.879,0.0342,0.0340,PATROL,0
103.913,0.0339,0.0340,PATROL,0
103.947,0.0340,0.0340,PATROL,0
103.981,0.0339,0.0340,PATROL,0
104.015,0.0341,0.0340,PATROL,0
104.049,0.0340,0.0340,PATROL,0
104.083,0.0341,0.0340,PATROL,0
104.117,0.0341,0.0340,PATROL,0
104.152,0.0341,0.0340,PATROL,0
104.186,0.0340,0.0340,PATROL,0
104.219,0.0339,0.0340,PATROL,0
104.254,0.0342,0.0340,PATROL,0
104.288,0.0340,0.0340,PATROL,0
104.322,0.0341,0.0340,PATROL,0
104.355,0.0338,0.0340,PATROL,0
104.390,0.0343,0.0340,PATROL,0
104.424,0.0339,0.0340,PATROL,0
104.458,0.0344,0.0340,PATROL,0
104.492,0.0336,0.0340,PATROL,0
104.526,0.0340,0.0340,PATROL,0
104.560,0.0341,0.0340,PATROL,0
104.594,0.0340,0.0340,PATROL,0
104.628,0.0342,0.0340,PATROL,0
104.662,0.0338,0.0340,PATROL,0
104.696,0.0342,0.0340,PATROL,0
104.730,0.0337,0.0340,PATROL,0
104.764,0.0340,0.0340,PATROL,0
104.798,0.0341,0.0340,PATROL,0
104.832,0.0340,0.0340,PATROL,0
104.866,0.0341,0.0340,PATROL,0
104.900,0.0337,0.0340,PATROL,0
104.934,0.0340,0.0340,PATROL,0
104.968,0.0341,0.0340,PATROL,0
105.002,0.0340,0.0340,PATROL,0
105.036,0.0342,0.0340,PATROL,0
105.070,0.0340,0.0340,PATROL,0
105.104,0.0339,0.0340,PATROL,0
105.138,0.0342,0.0340,PATROL,0
105.172,0.0340,0.0340,PATROL,0
105.206,0.0339,0.0340,PATROL,0
105.240,0.0340,0.0340,PATROL,0
105.274,0.0341,0.0340,PATROL,0
105.308,0.0340,0.0340,PATROL,0
105.342,0.0339,0.0340,PATROL,0
105.376,0.0341,0.0340,PATROL,0
105.410,0.0339,0.0340,PATROL,0
105.444,0.0340,0.0340,PATROL,0
105.478,0.0341,0.0340,PATROL,0
105.512,0.0341,0.0340,PATROL,0
105.546,0.0339,0.0340,PATROL,0
105.580,0.0340,0.0340,PATROL,0
105.614,0.0340,0.0340,PATROL,0
105.648,0.0341,0.0340,PATROL,0
105.682,0.0340,0.0340,PATROL,0
105.716,0.0342,0.0340,PATROL,0
105.750,0.0340,0.0340,PATROL,0
105.784,0.0341,0.0340,PATROL,0
105.818,0.0341,0.0340,PATROL,0
105.852,0.0340,0.0340,PATROL,0
105.886,0.0338,0.0340,PATROL,0
105.920,0.0341,0.0340,PATROL,0
105.955,0.0343,0.0340,PATROL,0
105.988,0.0337,0.0340,PATROL,0
106.023,0.0341,0.0340,PATROL,0
106.057,0.0342,0.0340,PATROL,0
106.091,0.0339,0.0340,PATROL,0
106.125,0.0342,0.0340,PATROL,0
106.158,0.0337,0.0340,PATROL,0
106.192,0.0340,0.0340,PATROL,0
106.227,0.0342,0.0340,PATROL,0
106.261,0.0341,0.0340,PATROL,0
106.296,0.0351,0.0340,PATROL,0
106.329,0.0337,0.0340,PATROL,0
106.363,0.0336,0.0340,PATROL,0
106.397,0.0339,0.0340,PATROL,0
106.431,0.0339,0.0340,PATROL,0
106.465,0.0340,0.0340,PATROL,0
106.499,0.0339,0.0340,PATROL,0
106.533,0.0341,0.0340,PATROL,0
106.567,0.0339,0.0340,PATROL,0
106.601,0.0340,0.0340,PATROL,0
106.635,0.0340,0.0340,PATROL,0
106.669,0.0339,0.0340,PATROL,0
106.703,0.0342,0.0340,PATROL,0
106.737,0.0340,0.0340,PATROL,0
106.771,0.0339,0.0340,PATROL,0
106.805,0.0342,0.0340,PATROL,0
106.839,0.0341,0.0340,PATROL,0
106.873,0.0338,0.0340,PATROL,0
106.907,0.0342,0.0340,PATROL,0
106.941,0.0340,0.0340,PATROL,0
106.975,0.0343,0.0340,PATROL,0
107.009,0.0337,0.0340,PATROL,0
107.043,0.0342,0.0340,PATROL,0
107.077,0.0340,0.0340,PATROL,0
107.111,0.0340,0.0340,PATROL,0
107.145,0.0340,0.0340,PATROL,0
107.179,0.0339,0.0340,PATROL,0
107.213,0.0340,0.0340,PATROL,0
107.247,0.0341,0.0340,PATROL,0
107.281,0.0341,0.0340,PATROL,0
107.315,0.0341,0.0340,PATROL,0
107.349,0.0339,0.0340,PATROL,0
107.383,0.0342,0.0340,PATROL,0
107.417,0.0339,0.0340,PATROL,0
107.451,0.0340,0.0340,PATROL,0
107.485,0.0342,0.0340,PATROL,0
107.519,0.0338,0.0340,PATROL,0
107.553,0.0341,0.0340,PATROL,0
107.587,0.0341,0.0340,PATROL,0
107.621,0.0339,0.0340,PATROL,0
107.655,0.0340,0.0340,PATROL,0
107.689,0.0341,0.0340,PATROL,0
107.723,0.0341,0.0340,PATROL,0
107.757,0.0339,0.0340,PATROL,0
107.791,0.0342,0.0340,PATROL,0
107.825,0.0340,0.0340,PATROL,0
107.859,0.0339,0.0340,PATROL,0
107.894,0.0342,0.0340,PATROL,0
107.928,0.0340,0.0340,PATROL,0
107.962,0.0341,0.0340,PATROL,0
107.995,0.0339,0.0340,PATROL,0
108.030,0.0341,0.0340,PATROL,0
108.063,0.0338,0.0340,PATROL,0
108.098,0.0341,0.0340,PATROL,0
108.132,0.0340,0.0340,PATROL,0
108.166,0.0339,0.0340,PATROL,0
108.200,0.0341,0.0340,PATROL,0
108.234,0.0340,0.0340,PATROL,0
108.268,0.0340,0.0340,PATROL,0
108.302,0.0340,0.0340,PATROL,0
108.335,0.0339,0.0340,PATROL,0
108.370,0.0344,0.0340,PATROL,0
108.404,0.0337,0.0340,PATROL,0
108.437,0.0340,0.0340,PATROL,0
108.472,0.0340,0.0340,PATROL,0
108.506,0.0342,0.0340,PATROL,0
108.540,0.0339,0.0340,PATROL,0
108.573,0.0339,0.0340,PATROL,0
108.608,0.0341,0.0340,PATROL,0
108.642,0.0340,0.0340,PATROL,0
108.675,0.0339,0.0340,PATROL,0
108.709,0.0340,0.0340,PATROL,0
108.744,0.0342,0.0340,PATROL,0
108.778,0.0340,0.0340,PATROL,0
108.812,0.0338,0.0340,PATROL,0
108.846,0.0341,0.0340,PATROL,0
108.880,0.0341,0.0340,PATROL,0
108.914,0.0342,0.0340,PATROL,0
108.948,0.0340,0.0340,PATROL,0
108.982,0.0339,0.0340,PATROL,0
109.016,0.0342,0.0340,PATROL,0
109.050,0.0340,0.0340,PATROL,0
109.084,0.0341,0.0340,PATROL,0
109.118,0.0341,0.0340,PATROL,0
109.152,0.0338,0.0340,PATROL,0
109.186,0.0342,0.0340,PATROL,0
109.220,0.0338,0.0340,PATROL,0
109.254,0.0342,0.0340,PATROL,0
109.288,0.0340,0.0340,PATROL,0
109.322,0.0338,0.0340,PATROL,0
109.356,0.0341,0.0340,PATROL,0
109.390,0.0339,0.0340,PATROL,0
109.424,0.0340,0.0340,PATROL,0
109.458,0.0342,0.0340,PATROL,0
109.492,0.0341,0.0340,PATROL,0
109.526,0.0339,0.0340,PATROL,0
109.560,0.0342,0.0340,PATROL,0
109.594,0.0338,0.0340,PATROL,0
109.628,0.0341,0.0340,PATROL,0
109.662,0.0341,0.0340,PATROL,0
109.697,0.0341,0.0340,PATROL,0
109.731,0.0340,0.0340,PATROL,0
109.764,0.0339,0.0340,PATROL,0
109.798,0.0340,0.0340,PATROL,0
109.832,0.0339,0.0340,PATROL,0
109.866,0.0341,0.0340,PATROL,0
109.900,0.0339,0.0340,PATROL,0
109.934,0.0340,0.0340,PATROL,0
109.969,0.0343,0.0340,PATROL,0
110.002,0.0337,0.0340,PATROL,0
110.037,0.0341,0.0340,PATROL,0
110.071,0.0340,0.0340,PATROL,0
110.104,0.0339,0.0340,PATROL,0
110.139,0.0342,0.0340,PATROL,0
110.172,0.0339,0.0340,PATROL,0
110.207,0.0341,0.0340,PATROL,0
110.240,0.0339,0.0340,PATROL,0
110.275,0.0340,0.0340,PATROL,0
110.308,0.0340,0.0340,PATROL,0
110.343,0.0342,0.0340,PATROL,0
110.377,0.0341,0.0340,PATROL,0
110.411,0.0338,0.0340,PATROL,0
110.445,0.0340,0.0340,PATROL,0
110.479,0.0340,0.0340,PATROL,0
110.513,0.0340,0.0340,PATROL,0
110.547,0.0340,0.0340,PATROL,0
110.581,0.0340,0.0340,PATROL,0
110.614,0.0340,0.0340,PATROL,0
110.649,0.0341,0.0340,PATROL,0
110.683,0.0343,0.0340,PATROL,0
110.717,0.0339,0.0340,PATROL,0
110.751,0.0341,0.0340,PATROL,0
110.785,0.0340,0.0340,PATROL,0
110.819,0.0340,0.0340,PATROL,0
110.854,0.0347,0.0340,PATROL,0
110.887,0.0338,0.0340,PATROL,0
110.921,0.0339,0.0340,PATROL,0
110.955,0.0340,0.0340,PATROL,0
110.989,0.0340,0.0340,PATROL,0
111.023,0.0339,0.0340,PATROL,0
111.057,0.0339,0.0340,PATROL,0
111.091,0.0341,0.0340,PATROL,0
111.125,0.0341,0.0340,PATROL,0
111.159,0.0341,0.0340,PATROL,0
111.193,0.0339,0.0340,PATROL,0
111.227,0.0342,0.0340,PATROL,0
111.261,0.0339,0.0340,PATROL,0
111.295,0.0341,0.0340,PATROL,0
111.329,0.0340,0.0340,PATROL,0
111.363,0.0338,0.0340,PATROL,0
111.397,0.0340,0.0340,PATROL,0
111.431,0.0343,0.0340,PATROL,0
111.465,0.0339,0.0340,PATROL,0
111.499,0.0340,0.0340,PATROL,0
111.533,0.0339,0.0340,PATROL,0
111.567,0.0340,0.0340,PATROL,0
111.601,0.0340,0.0340,PATROL,0
111.635,0.0341,0.0340,PATROL,0
111.669,0.0340,0.0340,PATROL,0
111.703,0.0341,0.0340,PATROL,0
111.737,0.0340,0.0340,PATROL,0
111.771,0.0340,0.0340,PATROL,0
111.805,0.0340,0.0340,PATROL,0
111.839,0.0339,0.0340,PATROL,0
111.874,0.0342,0.0340,PATROL,0
111.907,0.0339,0.0340,PATROL,0
111.942,0.0340,0.0340,PATROL,0
111.976,0.0341,0.0340,PATROL,0
112.010,0.0340,0.0340,PATROL,0
112.043,0.0339,0.0340,PATROL,0
112.078,0.0344,0.0340,PATROL,0
112.112,0.0337,0.0340,PATROL,0
112.146,0.0340,0.0340,PATROL,0
112.180,0.0342,0.0340,PATROL,0
112.214,0.0340,0.0340,PATROL,0
112.248,0.0339,0.0340,PATROL,0
112.282,0.0344,0.0340,PATROL,0
112.316,0.0338,0.0340,PATROL,0
112.350,0.0339,0.0340,PATROL,0
112.384,0.0342,0.0340,PATROL,0
112.418,0.0340,0.0340,PATROL,0
112.452,0.0338,0.0340,PATROL,0
112.486,0.0343,0.0340,PATROL,0
112.520,0.0339,0.0340,PATROL,0
112.554,0.0340,0.0340,PATROL,0
112.588,0.0339,0.0340,PATROL,0
112.622,0.0340,0.0340,PATROL,0
112.656,0.0340,0.0340,PATROL,0
112.690,0.0341,0.0340,PATROL,0
112.724,0.0339,0.0340,PATROL,0
112.758,0.0341,0.0340,PATROL,0
112.792,0.0339,0.0340,PATROL,0
112.826,0.0341,0.0340,PATROL,0
112.860,0.0341,0.0340,PATROL,0
112.894,0.0340,0.0340,PATROL,0
112.928,0.0340,0.0340,PATROL,0
112.962,0.0343,0.0340,PATROL,0
112.996,0.0338,0.0340,PATROL,0
113.030,0.0340,0.0340,PATROL,0
113.064,0.0341,0.0340,PATROL,0
113.098,0.0339,0.0340,PATROL,0
113.132,0.0342,0.0340,PATROL,0
113.166,0.0339,0.0340,PATROL,0
113.200,0.0340,0.0340,PATROL,0
113.234,0.0339,0.0340,PATROL,0
113.268,0.0340,0.0340,PATROL,0
113.302,0.0341,0.0340,PATROL,0
113.336,0.0339,0.0340,PATROL,0
113.370,0.0341,0.0340,PATROL,0
113.404,0.0340,0.0340,PATROL,0
113.438,0.0339,0.0340,PATROL,0
113.472,0.0340,0.0340,PATROL,0
113.506,0.0340,0.0340,PATROL,0
113.540,0.0342,0.0340,PATROL,0
113.574,0.0341,0.0340,PATROL,0
113.608,0.0340,0.0340,PATROL,0
113.642,0.0340,0.0340,PATROL,0
113.676,0.0340,0.0340,PATROL,0
113.710,0.0342,0.0340,PATROL,0
113.744,0.0340,0.0340,PATROL,0
113.778,0.0339,0.0340,PATROL,0
113.812,0.0340,0.0340,PATROL,0
113.846,0.0342,0.0340,PATROL,0
113.881,0.0341,0.0340,PATROL,0
113.914,0.0338,0.0340,PATROL,0
113.948,0.0340,0.0340,PATROL,0
113.983,0.0341,0.0340,PATROL,0
114.016,0.0339,0.0340,PATROL,0
114.051,0.0341,0.0340,PATROL,0
114.085,0.0340,0.0340,PATROL,0
114.119,0.0341,0.0340,PATROL,0
114.152,0.0338,0.0340,PATROL,0
114.187,0.0340,0.0340,PATROL,0
114.221,0.0341,0.0340,PATROL,0
114.255,0.0339,0.0340,PATROL,0
114.288,0.0340,0.0340,PATROL,0
114.322,0.0340,0.0340,PATROL,0
114.357,0.0341,0.0340,PATROL,0
114.391,0.0342,0.0340,PATROL,0
114.424,0.0336,0.0340,PATROL,0
114.459,0.0341,0.0340,PATROL,0
114.493,0.0340,0.0340,PATROL,0
114.527,0.0340,0.0340,PATROL,0
114.561,0.0341,0.0340,PATROL,0
114.595,0.0339,0.0340,PATROL,0
114.629,0.0339,0.0340,PATROL,0
114.663,0.0341,0.0340,PATROL,0
114.697,0.0339,0.0340,PATROL,0
114.731,0.0342,0.0340,PATROL,0
114.765,0.0338,0.0340,PATROL,0
114.799,0.0340,0.0340,PATROL,0
114.833,0.0342,0.0340,PATROL,0
114.867,0.0338,0.0340,PATROL,0
114.901,0.0341,0.0340,PATROL,0
114.935,0.0341,0.0340,PATROL,0
114.969,0.0338,0.0340,PATROL,0
115.003,0.0340,0.0340,PATROL,0
115.037,0.0341,0.0340,PATROL,0
115.071,0.0343,0.0340,PATROL,0
115.105,0.0343,0.0340,PATROL,0
115.139,0.0338,0.0340,PATROL,0
115.173,0.0340,0.0340,PATROL,0
115.207,0.0339,0.0340,PATROL,0
115.241,0.0342,0.0340,PATROL,0
115.275,0.0340,0.0340,PATROL,0
115.309,0.0340,0.0340,PATROL,0
115.343,0.0341,0.0340,PATROL,0
115.377,0.0341,0.0340,PATROL,0
115.411,0.0339,0.0340,PATROL,0
115.445,0.0342,0.0340,PATROL,0
115.480,0.0342,0.0340,PATROL,0
115.513,0.0337,0.0340,PATROL,0
115.547,0.0339,0.0340,PATROL,0
115.581,0.0341,0.0340,PATROL,0
115.615,0.0340,0.0340,PATROL,0
115.649,0.0340,0.0340,PATROL,0
115.683,0.0339,0.0340,PATROL,0
115.717,0.0342,0.0340,PATROL,0
115.752,0.0341,0.0340,PATROL,0
115.785,0.0339,0.0340,PATROL,0
115.819,0.0340,0.0340,PATROL,0
115.853,0.0340,0.0340,PATROL,0
115.887,0.0341,0.0340,PATROL,0
115.922,0.0340,0.0340,PATROL,0
115.956,0.0340,0.0340,PATROL,0
115.990,0.0340,0.0340,PATROL,0
116.024,0.0341,0.0340,PATROL,0
116.058,0.0339,0.0340,PATROL,0
116.092,0.0340,0.0340,PATROL,0
116.126,0.0340,0.0340,PATROL,0
116.160,0.0340,0.0340,PATROL,0
116.193,0.0339,0.0340,PATROL,0
116.228,0.0342,0.0340,PATROL,0
116.262,0.0339,0.0340,PATROL,0
116.296,0.0340,0.0340,PATROL,0
116.330,0.0341,0.0340,PATROL,0
116.364,0.0340,0.0340,PATROL,0
116.398,0.0339,0.0340,PATROL,0
116.432,0.0340,0.0340,PATROL,0
116.466,0.0340,0.0340,PATROL,0
116.500,0.0339,0.0340,PATROL,0
116.534,0.0343,0.0340,PATROL,0
116.568,0.0338,0.0340,PATROL,0
116.602,0.0340,0.0340,PATROL,0
116.635,0.0338,0.0340,PATROL,0
116.670,0.0342,0.0340,PATROL,0
116.704,0.0339,0.0340,PATROL,0
116.738,0.0340,0.0340,PATROL,0
116.772,0.0341,0.0340,PATROL,0
116.806,0.0340,0.0340,PATROL,0
116.840,0.0339,0.0340,PATROL,0
116.873,0.0340,0.0340,PATROL,0
116.908,0.0342,0.0340,PATROL,0
116.941,0.0338,0.0340,PATROL,0
116.976,0.0343,0.0340,PATROL,0
117.010,0.0341,0.0340,PATROL,0
117.044,0.0340,0.0340,PATROL,0
117.078,0.0341,0.0340,PATROL,0
117.112,0.0341,0.0340,PATROL,0
117.146,0.0341,0.0340,PATROL,0
117.181,0.0344,0.0340,PATROL,0
117.214,0.0339,0.0340,PATROL,0
117.248,0.0340,0.0340,PATROL,0
117.283,0.0340,0.0340,PATROL,0
117.317,0.0340,0.0340,PATROL,0
117.351,0.0340,0.0340,PATROL,0
117.385,0.0340,0.0340,PATROL,0
117.418,0.0338,0.0340,PATROL,0
117.452,0.0340,0.0340,PATROL,0
117.486,0.0340,0.0340,PATROL,0
117.520,0.0340,0.0340,PATROL,0
117.554,0.0339,0.0340,PATROL,0
117.588,0.0342,0.0340,PATROL,0
117.623,0.0341,0.0340,PATROL,0
117.657,0.0340,0.0340,PATROL,0
117.691,0.0341,0.0340,PATROL,0
117.724,0.0338,0.0340,PATROL,0
117.759,0.0342,0.0340,PATROL,0
117.793,0.0339,0.0340,PATROL,0
117.826,0.0340,0.0340,PATROL,0
117.861,0.0341,0.0340,PATROL,0
117.895,0.0342,0.0340,PATROL,0
117.929,0.0338,0.0340,PATROL,0
117.963,0.0341,0.0340,PATROL,0
117.997,0.0339,0.0340,PATROL,0
118.031,0.0340,0.0340,PATROL,0
118.065,0.0341,0.0340,PATROL,0
118.099,0.0340,0.0340,PATROL,0
118.133,0.0340,0.0340,PATROL,0
118.167,0.0343,0.0340,PATROL,0
118.201,0.0336,0.0340,PATROL,0
118.235,0.0342,0.0340,PATROL,0
118.269,0.0338,0.0340,PATROL,0
118.302,0.0340,0.0340,PATROL,0
118.336,0.0340,0.0340,PATROL,0
118.371,0.0342,0.0340,PATROL,0
118.405,0.0341,0.0340,PATROL,0
118.439,0.0338,0.0340,PATROL,0
118.473,0.0345,0.0340,PATROL,0
118.507,0.0339,0.0340,PATROL,0
118.541,0.0344,0.0340,PATROL,0
118.575,0.0339,0.0340,PATROL,0
118.609,0.0337,0.0340,PATROL,0
118.643,0.0342,0.0340,PATROL,0
118.677,0.0339,0.0340,PATROL,0
118.711,0.0339,0.0340,PATROL,0
118.745,0.0341,0.0340,PATROL,0
118.779,0.0343,0.0340,PATROL,0
118.813,0.0340,0.0340,PATROL,0
118.847,0.0338,0.0340,PATROL,0
118.881,0.0342,0.0340,PATROL,0
118.915,0.0340,0.0340,PATROL,0
118.949,0.0340,0.0340,PATROL,0
118.983,0.0339,0.0340,PATROL,0
119.017,0.0342,0.0340,PATROL,0
119.051,0.0340,0.0340,PATROL,0
119.085,0.0340,0.0340,PATROL,0
119.119,0.0340,0.0340,PATROL,0
119.154,0.0342,0.0340,PATROL,0
119.188,0.0339,0.0340,PATROL,0
119.221,0.0339,0.0340,PATROL,0
119.256,0.0341,0.0340,PATROL,0
119.289,0.0338,0.0340,PATROL,0
119.323,0.0340,0.0340,PATROL,0
119.358,0.0341,0.0340,PATROL,0
119.392,0.0340,0.0340,PATROL,0
119.425,0.0339,0.0340,PATROL,0
119.460,0.0343,0.0340,PATROL,0
119.494,0.0342,0.0340,PATROL,0
119.528,0.0340,0.0340,PATROL,0
119.562,0.0338,0.0340,PATROL,0
119.596,0.0339,0.0340,PATROL,0
119.630,0.0343,0.0340,PATROL,0
119.664,0.0339,0.0340,PATROL,0
119.698,0.0339,0.0340,PATROL,0
119.732,0.0342,0.0340,PATROL,0
119.766,0.0339,0.0340,PATROL,0
119.800,0.0342,0.0340,PATROL,0
119.834,0.0340,0.0340,PATROL,0
119.868,0.0339,0.0340,PATROL,0
119.902,0.0340,0.0340,PATROL,0
119.936,0.0342,0.0340,PATROL,0
119.970,0.0338,0.0340,PATROL,0
120.004,0.0341,0.0340,PATROL,0
120.038,0.0340,0.0340,PATROL,0
120.072,0.0341,0.0340,PATROL,0
120.106,0.0339,0.0340,PATROL,0
120.140,0.0340,0.0340,PATROL,0
120.174,0.0340,0.0340,PATROL,0
120.208,0.0340,0.0340,PATROL,0
120.242,0.0339,0.0340,PATROL,0
120.276,0.0340,0.0340,PATROL,0
120.310,0.0342,0.0340,PATROL,0
120.344,0.0340,0.0340,PATROL,0
120.378,0.0342,0.0340,PATROL,0
120.412,0.0341,0.0340,PATROL,0
120.446,0.0338,0.0340,PATROL,0
120.480,0.0339,0.0340,PATROL,0
120.514,0.0343,0.0340,PATROL,0
120.548,0.0338,0.0340,PATROL,0
120.582,0.0341,0.0340,PATROL,0
120.616,0.0339,0.0340,PATROL,0
120.650,0.0340,0.0340,PATROL,0
120.684,0.0341,0.0340,PATROL,0
120.718,0.0339,0.0340,PATROL,0
120.752,0.0341,0.0340,PATROL,0
120.786,0.0340,0.0340,PATROL,0
120.820,0.0340,0.0340,PATROL,0
120.855,0.0342,0.0340,PATROL,0
120.889,0.0342,0.0340,PATROL,0
120.922,0.0338,0.0340,PATROL,0
120.956,0.0341,0.0340,PATROL,0
120.990,0.0339,0.0340,PATROL,0
121.024,0.0340,0.0340,PATROL,0
121.058,0.0341,0.0340,PATROL,0
121.092,0.0340,0.0340,PATROL,0
121.127,0.0342,0.0340,PATROL,0
121.161,0.0339,0.0340,PATROL,0
121.195,0.0341,0.0340,PATROL,0
121.229,0.0340,0.0340,PATROL,0
121.263,0.0339,0.0340,PATROL,0
121.296,0.0339,0.0340,PATROL,0
121.331,0.0343,0.0340,PATROL,0
121.365,0.0339,0.0340,PATROL,0
121.399,0.0340,0.0340,PATROL,0
121.433,0.0339,0.0340,PATROL,0
121.467,0.0341,0.0340,PATROL,0
121.501,0.0341,0.0340,PATROL,0
121.535,0.0340,0.0340,PATROL,0
121.569,0.0339,0.0340,PATROL,0
121.603,0.0340,0.0340,PATROL,0
121.637,0.0343,0.0340,PATROL,0
121.671,0.0339,0.0340,PATROL,0
121.705,0.0339,0.0340,PATROL,0
121.739,0.0339,0.0340,PATROL,0
121.773,0.0341,0.0340,PATROL,0
121.807,0.0340,0.0340,PATROL,0
121.841,0.0340,0.0340,PATROL,0
121.875,0.0341,0.0340,PATROL,0
121.909,0.0339,0.0340,PATROL,0
121.943,0.0342,0.0340,PATROL,0
121.977,0.0338,0.0340,PATROL,0
122.011,0.0340,0.0340,PATROL,0
122.045,0.0340,0.0340,PATROL,0
122.079,0.0340,0.0340,PATROL,0
122.113,0.0342,0.0340,PATROL,0
122.147,0.0341,0.0340,PATROL,0
122.181,0.0340,0.0340,PATROL,0
122.215,0.0339,0.0340,PATROL,0
122.249,0.0340,0.0340,PATROL,0
122.283,0.0341,0.0340,PATROL,0
122.317,0.0340,0.0340,PATROL,0
122.351,0.0339,0.0340,PATROL,0
122.385,0.0341,0.0340,PATROL,0
122.419,0.0340,0.0340,PATROL,0
122.453,0.0341,0.0340,PATROL,0
122.487,0.0339,0.0340,PATROL,0
122.521,0.0342,0.0340,PATROL,0
122.555,0.0341,0.0340,PATROL,0
122.589,0.0339,0.0340,PATROL,0
122.623,0.0340,0.0340,PATROL,0
122.657,0.0339,0.0340,PATROL,0
122.691,0.0340,0.0340,PATROL,0
122.725,0.0341,0.0340,PATROL,0
122.759,0.0340,0.0340,PATROL,0
122.793,0.0340,0.0340,PATROL,0
122.827,0.0340,0.0340,PATROL,0
122.862,0.0343,0.0340,PATROL,0
122.895,0.0339,0.0340,PATROL,0
122.929,0.0338,0.0340,PATROL,0
122.963,0.0341,0.0340,PATROL,0
122.998,0.0342,0.0340,PATROL,0
123.032,0.0340,0.0340,PATROL,0
123.066,0.0341,0.0340,PATROL,0
123.099,0.0337,0.0340,PATROL,0
123.133,0.0340,0.0340,PATROL,0
123.167,0.0341,0.0340,PATROL,0
123.201,0.0340,0.0340,PATROL,0
123.236,0.0343,0.0340,PATROL,0
123.270,0.0340,0.0340,PATROL,0
123.304,0.0340,0.0340,PATROL,0
123.338,0.0340,0.0340,PATROL,0
123.372,0.0339,0.0340,PATROL,0
123.406,0.0340,0.0340,PATROL,0
123.439,0.0338,0.0340,PATROL,0
123.474,0.0341,0.0340,PATROL,0
123.508,0.0340,0.0340,PATROL,0
123.542,0.0340,0.0340,PATROL,0
123.576,0.0340,0.0340,PATROL,0
123.610,0.0340,0.0340,PATROL,0
123.644,0.0343,0.0340,PATROL,0
123.678,0.0340,0.0340,PATROL,0
123.712,0.0339,0.0340,PATROL,0
123.746,0.0342,0.0340,PATROL,0
123.780,0.0341,0.0340,PATROL,0
123.814,0.0338,0.0340,PATROL,0
123.848,0.0342,0.0340,PATROL,0
123.882,0.0340,0.0340,PATROL,0
123.916,0.0341,0.0340,PATROL,0
123.950,0.0339,0.0340,PATROL,0
123.984,0.0340,0.0340,PATROL,0
124.018,0.0342,0.0340,PATROL,0
124.052,0.0339,0.0340,PATROL,0
124.086,0.0341,0.0340,PATROL,0
124.120,0.0340,0.0340,PATROL,0
124.154,0.0341,0.0340,PATROL,0
124.188,0.0340,0.0340,PATROL,0
124.222,0.0339,0.0340,PATROL,0
124.256,0.0342,0.0340,PATROL,0
124.290,0.0338,0.0340,PATROL,0
124.324,0.0340,0.0340,PATROL,0
124.358,0.0342,0.0340,PATROL,0
124.392,0.0338,0.0340,PATROL,0
124.426,0.0341,0.0340,PATROL,0
124.460,0.0340,0.0340,PATROL,0
124.494,0.0340,0.0340,PATROL,0
124.528,0.0340,0.0340,PATROL,0
124.562,0.0342,0.0340,PATROL,0
124.596,0.0340,0.0340,PATROL,0
124.630,0.0340,0.0340,PATROL,0
124.664,0.0340,0.0340,PATROL,0
124.698,0.0339,0.0340,PATROL,0
124.732,0.0340,0.0340,PATROL,0
124.766,0.0342,0.0340,PATROL,0
124.800,0.0340,0.0340,PATROL,0
124.834,0.0340,0.0340,PATROL,0
124.868,0.0340,0.0340,PATROL,0
124.902,0.0341,0.0340,PATROL,0
124.937,0.0342,0.0340,PATROL,0
124.971,0.0340,0.0340,PATROL,0
125.005,0.0346,0.0340,PATROL,0
125.039,0.0334,0.0340,PATROL,0
125.073,0.0338,0.0340,PATROL,0
125.106,0.0339,0.0340,PATROL,0
125.140,0.0340,0.0340,PATROL,0
125.175,0.0341,0.0340,PATROL,0
125.209,0.0340,0.0340,PATROL,0
125.243,0.0342,0.0340,PATROL,0
125.277,0.0339,0.0340,PATROL,0
125.311,0.0342,0.0340,PATROL,0
125.345,0.0338,0.0340,PATROL,0
125.379,0.0341,0.0340,PATROL,0
125.413,0.0339,0.0340,PATROL,0
125.447,0.0342,0.0340,PATROL,0
125.481,0.0339,0.0340,PATROL,0
125.515,0.0341,0.0340,PATROL,0
125.549,0.0339,0.0340,PATROL,0
125.583,0.0340,0.0340,PATROL,0
125.617,0.0340,0.0340,PATROL,0
125.651,0.0340,0.0340,PATROL,0
125.685,0.0340,0.0340,PATROL,0
125.719,0.0342,0.0340,PATROL,0
125.753,0.0339,0.0340,PATROL,0
125.787,0.0341,0.0340,PATROL,0
125.821,0.0339,0.0340,PATROL,0
125.855,0.0340,0.0340,PATROL,0
125.889,0.0341,0.0340,PATROL,0
125.923,0.0340,0.0340,PATROL,0
125.957,0.0339,0.0340,PATROL,0
125.991,0.0341,0.0340,PATROL,0
126.025,0.0340,0.0340,PATROL,0
126.059,0.0340,0.0340,PATROL,0
126.093,0.0342,0.0340,PATROL,0
126.127,0.0340,0.0340,PATROL,0
126.161,0.0340,0.0340,PATROL,0
126.195,0.0341,0.0340,PATROL,0
126.229,0.0339,0.0340,PATROL,0
126.263,0.0342,0.0340,PATROL,0
126.297,0.0340,0.0340,PATROL,0
126.331,0.0339,0.0340,PATROL,0
126.365,0.0340,0.0340,PATROL,0
126.399,0.0340,0.0340,PATROL,0
126.433,0.0341,0.0340,PATROL,0
126.468,0.0342,0.0340,PATROL,0
126.501,0.0337,0.0340,PATROL,0
126.535,0.0341,0.0340,PATROL,0
126.569,0.0341,0.0340,PATROL,0
126.603,0.0340,0.0340,PATROL,0
126.638,0.0343,0.0340,PATROL,0
126.672,0.0339,0.0340,PATROL,0
126.706,0.0340,0.0340,PATROL,0
126.740,0.0341,0.0340,PATROL,0
126.774,0.0340,0.0340,PATROL,0
126.808,0.0340,0.0340,PATROL,0
126.842,0.0339,0.0340,PATROL,0
126.876,0.0341,0.0340,PATROL,0
126.910,0.0341,0.0340,PATROL,0
126.944,0.0339,0.0340,PATROL,0
126.978,0.0340,0.0340,PATROL,0
127.012,0.0340,0.0340,PATROL,0
127.046,0.0343,0.0340,PATROL,0
127.080,0.0339,0.0340,PATROL,0
127.114,0.0339,0.0340,PATROL,0
127.148,0.0340,0.0340,PATROL,0
127.182,0.0341,0.0340,PATROL,0
127.216,0.0340,0.0340,PATROL,0
127.250,0.0339,0.0340,PATROL,0
127.284,0.0342,0.0340,PATROL,0
127.318,0.0340,0.0340,PATROL,0
127.352,0.0340,0.0340,PATROL,0
127.386,0.0339,0.0340,PATROL,0
127.420,0.0340,0.0340,PATROL,0
127.454,0.0340,0.0340,PATROL,0
127.488,0.0341,0.0340,PATROL,0
127.522,0.0339,0.0340,PATROL,0
127.556,0.0342,0.0340,PATROL,0
127.590,0.0339,0.0340,PATROL,0
127.624,0.0340,0.0340,PATROL,0
127.658,0.0340,0.0340,PATROL,0
127.692,0.0342,0.0340,PATROL,0
127.726,0.0339,0.0340,PATROL,0
127.760,0.0340,0.0340,PATROL,0
127.794,0.0341,0.0340,PATROL,0
127.828,0.0341,0.0340,PATROL,0
127.862,0.0338,0.0340,PATROL,0
127.896,0.0341,0.0340,PATROL,0
127.930,0.0340,0.0340,PATROL,0
127.964,0.0340,0.0340,PATROL,0
127.998,0.0341,0.0340,PATROL,0
128.032,0.0341,0.0340,PATROL,0
128.066,0.0339,0.0340,PATROL,0
128.100,0.0341,0.0340,PATROL,0
128.134,0.0339,0.0340,PATROL,0
128.168,0.0340,0.0340,PATROL,0
128.202,0.0340,0.0340,PATROL,0
128.236,0.0341,0.0340,PATROL,0
128.270,0.0340,0.0340,PATROL,0
128.304,0.0340,0.0340,PATROL,0
128.338,0.0340,0.0340,PATROL,0
128.372,0.0341,0.0340,PATROL,0
128.406,0.0340,0.0340,PATROL,0
128.441,0.0344,0.0340,PATROL,0
128.475,0.0338,0.0340,PATROL,0
128.508,0.0339,0.0340,PATROL,0
128.542,0.0338,0.0340,PATROL,0
128.576,0.0342,0.0340,PATROL,0
128.610,0.0338,0.0340,PATROL,0
128.644,0.0340,0.0340,PATROL,0
128.678,0.0342,0.0340,PATROL,0
128.713,0.0340,0.0340,PATROL,0
128.747,0.0340,0.0340,PATROL,0
128.780,0.0339,0.0340,PATROL,0
128.815,0.0342,0.0340,PATROL,0
128.849,0.0340,0.0340,PATROL,0
128.883,0.0341,0.0340,PATROL,0
128.917,0.0340,0.0340,PATROL,0
128.951,0.0342,0.0340,PATROL,0
128.985,0.0339,0.0340,PATROL,0
129.019,0.0340,0.0340,PATROL,0
129.053,0.0340,0.0340,PATROL,0
129.087,0.0341,0.0340,PATROL,0
129.120,0.0339,0.0340,PATROL,0
129.154,0.0340,0.0340,PATROL,0
129.189,0.0341,0.0340,PATROL,0
129.223,0.0340,0.0340,PATROL,0
129.256,0.0338,0.0340,PATROL,0
129.291,0.0340,0.0340,PATROL,0
129.324,0.0340,0.0340,PATROL,0
129.358,0.0340,0.0340,PATROL,0
129.393,0.0342,0.0340,ALIGN,0
129.427,0.0339,0.0340,ALIGN,0
129.461,0.0341,0.0340,ALIGN,0
129.495,0.0341,0.0340,ALIGN,0
129.529,0.0339,0.0340,ALIGN,0
129.563,0.0342,0.0340,ALIGN,0
129.597,0.0341,0.0340,ALIGN,0
129.631,0.0340,0.0340,ALIGN,0
129.665,0.0341,0.0340,ALIGN,0
129.699,0.0341,0.0340,ALIGN,0
129.733,0.0339,0.0340,ALIGN,0
129.767,0.0340,0.0340,ALIGN,0
129.801,0.0340,0.0340,ALIGN,0
129.835,0.0343,0.0340,ALIGN,0
129.869,0.0338,0.0340,ALIGN,0
129.903,0.0340,0.0340,ALIGN,0
129.937,0.0340,0.0340,ALIGN,0
129.971,0.0340,0.0340,ALIGN,0
130.005,0.0344,0.0340,ALIGN,0
130.039,0.0337,0.0340,ALIGN,0
130.073,0.0342,0.0340,ALIGN,0
130.107,0.0339,0.0340,ALIGN,0
130.142,0.0343,0.0340,ALIGN,0
130.175,0.0337,0.0340,ALIGN,0
130.209,0.0341,0.0340,ALIGN,0
130.243,0.0338,0.0340,ALIGN,0
130.277,0.0342,0.0340,ALIGN,0
130.311,0.0338,0.0340,ALIGN,0
130.345,0.0341,0.0340,ALIGN,0
130.379,0.0340,0.0340,ALIGN,0
130.413,0.0339,0.0340,ALIGN,0
130.448,0.0344,0.0340,ALIGN,0
130.482,0.0339,0.0340,ALIGN,0
130.516,0.0340,0.0340,ALIGN,0
130.550,0.0340,0.0340,ALIGN,0
130.584,0.0340,0.0340,ALIGN,0
130.617,0.0338,0.0340,ALIGN,0
130.652,0.0342,0.0340,ALIGN,0
130.685,0.0339,0.0340,ALIGN,0
130.720,0.0342,0.0340,ALIGN,0
130.753,0.0338,0.0340,ALIGN,0
130.788,0.0341,0.0340,ALIGN,0
130.822,0.0339,0.0340,APPROACH,0
130.856,0.0341,0.0340,APPROACH,0
130.890,0.0339,0.0340,APPROACH,0
130.924,0.0340,0.0340,APPROACH,0
130.958,0.0343,0.0340,APPROACH,0
130.991,0.0336,0.0340,APPROACH,0
131.026,0.0341,0.0340,APPROACH,0
131.060,0.0342,0.0340,APPROACH,0
131.094,0.0339,0.0340,APPROACH,0
131.128,0.0343,0.0340,APPROACH,0
131.162,0.0338,0.0340,APPROACH,0
131.196,0.0340,0.0340,APPROACH,0
131.230,0.0341,0.0340,APPROACH,0
131.264,0.0340,0.0340,APPROACH,0
131.298,0.0340,0.0340,APPROACH,0
131.332,0.0341,0.0340,APPROACH,0
131.366,0.0341,0.0340,APPROACH,0
131.400,0.0342,0.0340,APPROACH,0
131.434,0.0337,0.0340,APPROACH,0
131.468,0.0341,0.0340,APPROACH,0
131.502,0.0339,0.0340,APPROACH,0
131.536,0.0341,0.0340,APPROACH,0
131.570,0.0341,0.0340,APPROACH,0
131.604,0.0338,0.0340,APPROACH,0
131.638,0.0341,0.0340,APPROACH,0
131.672,0.0341,0.0340,APPROACH,0
131.706,0.0339,0.0340,APPROACH,0
131.740,0.0340,0.0340,APPROACH,0
131.774,0.0341,0.0340,APPROACH,0
131.808,0.0343,0.0340,APPROACH,0
131.842,0.0338,0.0340,APPROACH,0
131.876,0.0341,0.0340,APPROACH,0
131.910,0.0340,0.0340,APPROACH,0
131.944,0.0340,0.0340,APPROACH,0
131.978,0.0338,0.0340,APPROACH,0
132.012,0.0340,0.0340,APPROACH,0
132.046,0.0340,0.0340,APPROACH,0
132.080,0.0341,0.0340,APPROACH,0
132.114,0.0339,0.0340,APPROACH,0
132.148,0.0340,0.0340,APPROACH,0
132.182,0.0341,0.0340,APPROACH,0
132.217,0.0342,0.0340,APPROACH,0
132.250,0.0339,0.0340,APPROACH,0
132.284,0.0340,0.0340,APPROACH,0
132.318,0.0339,0.0340,APPROACH,0
132.352,0.0342,0.0340,APPROACH,0
132.386,0.0340,0.0340,APPROACH,0
132.421,0.0342,0.0340,APPROACH,0
132.455,0.0339,0.0340,APPROACH,0
132.489,0.0342,0.0340,APPROACH,0
132.524,0.0352,0.0340,APPROACH,0
132.558,0.0338,0.0340,APPROACH,0
132.591,0.0337,0.0340,APPROACH,0
132.625,0.0337,0.0340,APPROACH,0
132.659,0.0339,0.0340,APPROACH,0
132.693,0.0339,0.0340,APPROACH,0
132.727,0.0341,0.0340,APPROACH,0
132.761,0.0338,0.0340,APPROACH,0
132.795,0.0341,0.0340,APPROACH,0
132.829,0.0340,0.0340,APPROACH,0
132.863,0.0338,0.0340,APPROACH,0
132.897,0.0343,0.0340,APPROACH,0
132.931,0.0337,0.0340,APPROACH,0
132.965,0.0342,0.0340,APPROACH,0
132.999,0.0340,0.0340,APPROACH,0
133.033,0.0338,0.0340,APPROACH,0
133.067,0.0341,0.0340,APPROACH,0
133.101,0.0340,0.0340,APPROACH,0
133.135,0.0340,0.0340,APPROACH,0
133.169,0.0341,0.0340,APPROACH,0
133.203,0.0338,0.0340,APPROACH,0
133.237,0.0342,0.0340,APPROACH,0
133.272,0.0345,0.0340,APPROACH,0
133.305,0.0338,0.0340,APPROACH,0
133.339,0.0337,0.0340,APPROACH,0
133.373,0.0342,0.0340,APPROACH,0
133.407,0.0338,0.0340,APPROACH,0
133.441,0.0340,0.0340,APPROACH,0
133.475,0.0340,0.0340,APPROACH,0
133.509,0.0341,0.0340,APPROACH,0
133.544,0.0345,0.0340,APPROACH,0
133.577,0.0336,0.0340,APPROACH,0
133.611,0.0341,0.0340,APPROACH,0
133.645,0.0339,0.0340,APPROACH,0
133.679,0.0340,0.0340,APPROACH,0
133.713,0.0340,0.0340,APPROACH,0
133.747,0.0340,0.0340,APPROACH,0
133.781,0.0340,0.0340,APPROACH,0
133.815,0.0341,0.0340,APPROACH,0
133.849,0.0338,0.0340,APPROACH,0
133.883,0.0340,0.0340,APPROACH,0
133.917,0.0340,0.0340,APPROACH,0
133.951,0.0341,0.0340,APPROACH,0
133.985,0.0339,0.0340,APPROACH,0
134.019,0.0341,0.0340,APPROACH,0
134.054,0.0341,0.0340,APPROACH,0
134.088,0.0340,0.0340,APPROACH,0
134.122,0.0340,0.0340,APPROACH,0
134.155,0.0339,0.0340,APPROACH,0
134.190,0.0342,0.0340,APPROACH,0
134.224,0.0339,0.0340,APPROACH,0
134.258,0.0342,0.0340,APPROACH,0
134.292,0.0340,0.0340,APPROACH,0
134.326,0.0340,0.0340,APPROACH,0
134.360,0.0339,0.0340,APPROACH,0
134.394,0.0340,0.0340,APPROACH,0
134.428,0.0339,0.0340,APPROACH,0
134.462,0.0341,0.0340,APPROACH,0
134.495,0.0339,0.0340,APPROACH,0
134.529,0.0340,0.0340,APPROACH,0
134.564,0.0341,0.0340,APPROACH,0
134.598,0.0345,0.0340,APPROACH,0
134.632,0.0336,0.0340,APPROACH,0
134.666,0.0341,0.0340,APPROACH,0
134.700,0.0341,0.0340,APPROACH,0
134.734,0.0339,0.0340,APPROACH,0
134.768,0.0341,0.0340,APPROACH,0
134.802,0.0341,0.0340,APPROACH,0
134.836,0.0340,0.0340,APPROACH,0
134.870,0.0339,0.0340,APPROACH,0
134.904,0.0340,0.0340,APPROACH,0
134.938,0.0342,0.0340,APPROACH,0
134.972,0.0341,0.0340,APPROACH,0
135.006,0.0340,0.0340,APPROACH,0
135.041,0.0344,0.0340,APPROACH,0
135.074,0.0337,0.0340,APPROACH,0
135.108,0.0340,0.0340,APPROACH,0
135.142,0.0342,0.0340,APPROACH,0
135.177,0.0346,0.0340,APPROACH,0
135.211,0.0338,0.0340,APPROACH,0
135.245,0.0340,0.0340,APPROACH,0
135.279,0.0339,0.0340,APPROACH,0
135.313,0.0339,0.0340,APPROACH,0
135.346,0.0338,0.0340,APPROACH,0
135.381,0.0342,0.0340,APPROACH,0
135.415,0.0342,0.0340,APPROACH,0
135.448,0.0336,0.0340,APPROACH,0
135.482,0.0339,0.0340,APPROACH,0
135.516,0.0341,0.0340,APPROACH,0
135.551,0.0342,0.0340,APPROACH,0
135.584,0.0339,0.0340,APPROACH,0
135.618,0.0340,0.0340,APPROACH,0
135.653,0.0343,0.0340,APPROACH,0
135.687,0.0338,0.0340,APPROACH,0
135.721,0.0339,0.0340,APPROACH,0
135.755,0.0340,0.0340,APPROACH,0
135.789,0.0341,0.0340,APPROACH,0
135.823,0.0343,0.0340,APPROACH,0
135.857,0.0337,0.0340,APPROACH,0
135.891,0.0340,0.0340,APPROACH,0
135.924,0.0339,0.0340,APPROACH,0
135.959,0.0341,0.0340,APPROACH,0
135.993,0.0339,0.0340,APPROACH,0
136.026,0.0339,0.0340,APPROACH,0
136.061,0.0343,0.0340,APPROACH,0
136.095,0.0339,0.0340,APPROACH,0
136.129,0.0340,0.0340,APPROACH,0
136.163,0.0340,0.0340,APPROACH,0
136.197,0.0342,0.0340,APPROACH,0
136.231,0.0338,0.0340,APPROACH,0
136.265,0.0340,0.0340,APPROACH,0
136.299,0.0341,0.0340,APPROACH,0
136.333,0.0340,0.0340,APPROACH,0
136.367,0.0343,0.0340,APPROACH,0
136.401,0.0336,0.0340,APPROACH,0
136.434,0.0339,0.0340,APPROACH,0
136.468,0.0340,0.0340,APPROACH,0
136.503,0.0341,0.0340,APPROACH,0
136.537,0.0339,0.0340,APPROACH,0
136.571,0.0341,0.0340,APPROACH,0
136.605,0.0344,0.0340,APPROACH,0
136.639,0.0340,0.0340,APPROACH,0
136.673,0.0340,0.0340,APPROACH,0
136.707,0.0339,0.0340,APPROACH,0
136.741,0.0342,0.0340,APPROACH,0
136.775,0.0342,0.0340,APPROACH,0
136.809,0.0339,0.0340,APPROACH,0
136.843,0.0338,0.0340,APPROACH,0
136.877,0.0340,0.0340,APPROACH,0
136.911,0.0341,0.0340,APPROACH,0
136.945,0.0342,0.0340,APPROACH,0
136.979,0.0338,0.0340,APPROACH,0
137.013,0.0340,0.0340,APPROACH,0
137.047,0.0342,0.0340,APPROACH,0
137.081,0.0340,0.0340,APPROACH,0
137.115,0.0340,0.0340,APPROACH,0
137.149,0.0340,0.0340,APPROACH,0
137.183,0.0340,0.0340,APPROACH,0
137.217,0.0340,0.0340,APPROACH,0
137.251,0.0341,0.0340,APPROACH,0
137.285,0.0339,0.0340,APPROACH,0
137.319,0.0342,0.0340,APPROACH,0
137.353,0.0340,0.0340,APPROACH,0
137.387,0.0338,0.0340,APPROACH,0
137.421,0.0342,0.0340,APPROACH,0
137.455,0.0340,0.0340,APPROACH,0
137.489,0.0338,0.0340,APPROACH,0
137.524,0.0343,0.0340,APPROACH,0
137.557,0.0339,0.0340,APPROACH,0
137.592,0.0342,0.0340,APPROACH,0
137.625,0.0338,0.0340,APPROACH,0
137.659,0.0340,0.0340,APPROACH,0
137.694,0.0342,0.0340,APPROACH,0
137.728,0.0340,0.0340,APPROACH,0
137.761,0.0339,0.0340,APPROACH,0
137.796,0.0341,0.0340,APPROACH,0
137.830,0.0340,0.0340,APPROACH,0
137.864,0.0342,0.0340,APPROACH,0
137.898,0.0338,0.0340,APPROACH,0
137.931,0.0339,0.0340,APPROACH,0
137.966,0.0341,0.0340,APPROACH,0
138.000,0.0339,0.0340,APPROACH,0
138.034,0.0344,0.0340,APPROACH,0
138.068,0.0336,0.0340,APPROACH,0
138.102,0.0343,0.0340,APPROACH,0
138.136,0.0341,0.0340,APPROACH,0
138.170,0.0338,0.0340,APPROACH,0
138.204,0.0342,0.0340,APPROACH,0
138.238,0.0339,0.0340,APPROACH,0
138.272,0.0341,0.0340,APPROACH,0
138.306,0.0340,0.0340,APPROACH,0
138.340,0.0341,0.0340,APPROACH,0
138.374,0.0340,0.0340,APPROACH,0
138.408,0.0343,0.0340,APPROACH,0
138.442,0.0337,0.0340,APPROACH,0
138.476,0.0341,0.0340,APPROACH,0
138.510,0.0339,0.0340,APPROACH,0
138.544,0.0342,0.0340,APPROACH,0
138.578,0.0338,0.0340,APPROACH,0
138.612,0.0340,0.0340,APPROACH,0
138.646,0.0344,0.0340,APPROACH,0
138.680,0.0337,0.0340,APPROACH,0
138.714,0.0342,0.0340,APPROACH,0
138.748,0.0338,0.0340,APPROACH,0
138.782,0.0340,0.0340,APPROACH,0
138.816,0.0340,0.0340,APPROACH,0
138.850,0.0340,0.0340,APPROACH,0
138.884,0.0341,0.0340,APPROACH,0
138.918,0.0343,0.0340,APPROACH,0
138.952,0.0339,0.0340,APPROACH,0
138.986,0.0340,0.0340,APPROACH,0
139.020,0.0341,0.0340,APPROACH,0
139.055,0.0344,0.0340,APPROACH,0
139.088,0.0337,0.0340,APPROACH,0
139.122,0.0340,0.0340,APPROACH,0
139.156,0.0339,0.0340,APPROACH,0
139.191,0.0343,0.0340,APPROACH,0
139.224,0.0338,0.0340,APPROACH,0
139.258,0.0340,0.0340,APPROACH,0
139.292,0.0340,0.0340,APPROACH,0
139.326,0.0340,0.0340,APPROACH,0
139.360,0.0340,0.0340,APPROACH,0
139.394,0.0340,0.0340,APPROACH,0
139.428,0.0339,0.0340,APPROACH,0
139.463,0.0344,0.0340,APPROACH,0
139.497,0.0338,0.0340,APPROACH,0
139.531,0.0340,0.0340,APPROACH,0
139.565,0.0341,0.0340,APPROACH,0
139.599,0.0340,0.0340,APPROACH,0
139.633,0.0339,0.0340,APPROACH,0
139.666,0.0339,0.0340,APPROACH,0
139.700,0.0339,0.0340,APPROACH,0
139.735,0.0343,0.0340,APPROACH,0
139.768,0.0338,0.0340,APPROACH,0
139.803,0.0343,0.0340,APPROACH,0
139.836,0.0337,0.0340,APPROACH,0
139.871,0.0342,0.0340,APPROACH,0
139.905,0.0342,0.0340,APPROACH,0
139.939,0.0338,0.0340,APPROACH,0
139.973,0.0339,0.0340,APPROACH,0
140.007,0.0340,0.0340,APPROACH,0
140.040,0.0339,0.0340,APPROACH,0
140.075,0.0342,0.0340,APPROACH,0
140.109,0.0338,0.0340,APPROACH,0
140.143,0.0341,0.0340,APPROACH,0
140.177,0.0340,0.0340,APPROACH,0
140.211,0.0341,0.0340,APPROACH,0
140.245,0.0340,0.0340,APPROACH,0
140.279,0.0340,0.0340,APPROACH,0
140.313,0.0341,0.0340,APPROACH,0
140.347,0.0341,0.0340,APPROACH,0
140.380,0.0338,0.0340,APPROACH,0
140.415,0.0341,0.0340,APPROACH,0
140.449,0.0341,0.0340,APPROACH,0
140.483,0.0338,0.0340,APPROACH,0
140.516,0.0340,0.0340,APPROACH,0
140.550,0.0340,0.0340,APPROACH,0
140.585,0.0341,0.0340,APPROACH,0
140.618,0.0338,0.0340,APPROACH,0
140.652,0.0340,0.0340,APPROACH,0
140.686,0.0340,0.0340,APPROACH,0
140.721,0.0342,0.0340,APPROACH,0
140.755,0.0342,0.0340,APPROACH,0
140.789,0.0339,0.0340,APPROACH,0
140.823,0.0341,0.0340,APPROACH,0
140.857,0.0340,0.0340,APPROACH,0
140.891,0.0339,0.0340,APPROACH,0
140.925,0.0342,0.0340,APPROACH,0
140.959,0.0340,0.0340,APPROACH,0
140.993,0.0340,0.0340,APPROACH,0
141.027,0.0339,0.0340,ALIGN,0
141.061,0.0341,0.0340,ALIGN,0
141.095,0.0342,0.0340,ALIGN,0
141.129,0.0341,0.0340,ALIGN,0
141.163,0.0340,0.0340,ALIGN,0
141.197,0.0338,0.0340,ALIGN,0
141.231,0.0341,0.0340,ALIGN,0
141.265,0.0340,0.0340,ALIGN,0
141.299,0.0339,0.0340,ALIGN,0
141.333,0.0340,0.0340,ALIGN,0
141.367,0.0341,0.0340,ALIGN,0
141.401,0.0340,0.0340,ALIGN,0
141.435,0.0342,0.0340,ALIGN,0
141.469,0.0340,0.0340,ALIGN,0
141.503,0.0340,0.0340,ALIGN,0
141.537,0.0340,0.0340,ALIGN,0
141.571,0.0338,0.0340,ALIGN,0
141.606,0.0343,0.0340,ALIGN,0
141.639,0.0337,0.0340,ALIGN,0
141.673,0.0340,0.0340,ALIGN,0
141.707,0.0341,0.0340,APPROACH,0
141.742,0.0341,0.0340,APPROACH,0
141.776,0.0341,0.0340,APPROACH,0
141.809,0.0339,0.0340,APPROACH,0
141.843,0.0340,0.0340,APPROACH,0
141.877,0.0340,0.0340,APPROACH,0
141.911,0.0340,0.0340,APPROACH,0
141.945,0.0340,0.0340,APPROACH,0
141.980,0.0342,0.0340,APPROACH,0
142.014,0.0340,0.0340,APPROACH,0
142.048,0.0341,0.0340,APPROACH,0
142.082,0.0340,0.0340,APPROACH,0
142.116,0.0339,0.0340,APPROACH,0
142.150,0.0339,0.0340,APPROACH,0
142.184,0.0341,0.0340,APPROACH,0
142.217,0.0338,0.0340,APPROACH,0
142.251,0.0340,0.0340,APPROACH,0
142.286,0.0341,0.0340,APPROACH,0
142.319,0.0339,0.0340,APPROACH,0
142.353,0.0340,0.0340,APPROACH,0
142.387,0.0340,0.0340,APPROACH,0
142.422,0.0341,0.0340,APPROACH,0
142.456,0.0341,0.0340,APPROACH,0
142.490,0.0340,0.0340,APPROACH,0
142.524,0.0341,0.0340,APPROACH,0
142.558,0.0342,0.0340,APPROACH,0
142.592,0.0338,0.0340,APPROACH,0
142.626,0.0341,0.0340,APPROACH,0
142.660,0.0340,0.0340,APPROACH,0
142.694,0.0340,0.0340,APPROACH,0
142.728,0.0341,0.0340,APPROACH,0
142.762,0.0341,0.0340,APPROACH,0
142.796,0.0340,0.0340,APPROACH,0
142.830,0.0339,0.0340,APPROACH,0
142.864,0.0340,0.0340,APPROACH,0
142.898,0.0341,0.0340,APPROACH,0
142.932,0.0338,0.0340,APPROACH,0
142.966,0.0340,0.0340,APPROACH,0
143.000,0.0340,0.0340,APPROACH,0
143.034,0.0341,0.0340,APPROACH,0
143.068,0.0340,0.0340,APPROACH,0
143.102,0.0340,0.0340,APPROACH,0
143.136,0.0341,0.0340,APPROACH,0
143.170,0.0340,0.0340,APPROACH,0
143.204,0.0340,0.0340,APPROACH,0
143.238,0.0341,0.0340,APPROACH,0
143.272,0.0340,0.0340,APPROACH,0
143.306,0.0339,0.0340,APPROACH,0
143.340,0.0342,0.0340,APPROACH,0
143.374,0.0338,0.0340,APPROACH,0
143.408,0.0339,0.0340,APPROACH,0
143.442,0.0342,0.0340,APPROACH,0
143.476,0.0342,0.0340,APPROACH,0
143.510,0.0338,0.0340,APPROACH,0
143.544,0.0341,0.0340,APPROACH,0
143.578,0.0339,0.0340,APPROACH,0
143.613,0.0343,0.0340,APPROACH,0
143.646,0.0338,0.0340,APPROACH,0
143.680,0.0338,0.0340,APPROACH,0
143.714,0.0341,0.0340,APPROACH,0
143.748,0.0342,0.0340,APPROACH,0
143.782,0.0339,0.0340,APPROACH,0
143.816,0.0341,0.0340,APPROACH,0
143.851,0.0341,0.0340,APPROACH,0
143.885,0.0340,0.0340,APPROACH,0
143.918,0.0339,0.0340,APPROACH,0
143.952,0.0341,0.0340,APPROACH,0
143.987,0.0341,0.0340,APPROACH,0
144.020,0.0339,0.0340,APPROACH,0
144.055,0.0342,0.0340,APPROACH,0
144.089,0.0338,0.0340,APPROACH,0
144.122,0.0340,0.0340,APPROACH,0
144.157,0.0342,0.0340,APPROACH,0
144.191,0.0341,0.0340,APPROACH,0
144.225,0.0338,0.0340,APPROACH,0
144.259,0.0340,0.0340,APPROACH,0
144.292,0.0338,0.0340,APPROACH,0
144.327,0.0341,0.0340,APPROACH,0
144.361,0.0340,0.0340,APPROACH,0
144.395,0.0340,0.0340,APPROACH,0
144.428,0.0339,0.0340,APPROACH,0
144.462,0.0340,0.0340,APPROACH,0
144.497,0.0343,0.0340,APPROACH,0
144.530,0.0337,0.0340,APPROACH,0
144.565,0.0341,0.0340,APPROACH,0
144.599,0.0340,0.0340,APPROACH,0
144.633,0.0342,0.0340,APPROACH,0
144.667,0.0340,0.0340,APPROACH,0
144.701,0.0340,0.0340,APPROACH,0
144.735,0.0342,0.0340,APPROACH,0
144.769,0.0339,0.0340,APPROACH,0
144.803,0.0340,0.0340,APPROACH,0
144.837,0.0346,0.0340,APPROACH,0
144.871,0.0336,0.0340,APPROACH,0
144.905,0.0341,0.0340,APPROACH,0
144.939,0.0341,0.0340,APPROACH,0
144.973,0.0339,0.0340,APPROACH,0
145.007,0.0341,0.0340,APPROACH,0
145.041,0.0339,0.0340,APPROACH,0
145.075,0.0341,0.0340,APPROACH,0
145.109,0.0340,0.0340,APPROACH,0
145.143,0.0341,0.0340,APPROACH,0
145.177,0.0340,0.0340,APPROACH,0
145.211,0.0339,0.0340,APPROACH,0
145.245,0.0341,0.0340,APPROACH,0
145.279,0.0338,0.0340,APPROACH,0
145.313,0.0340,0.0340,APPROACH,0
145.347,0.0344,0.0340,APPROACH,0
145.381,0.0337,0.0340,APPROACH,0
145.415,0.0341,0.0340,APPROACH,0
145.450,0.0342,0.0340,APPROACH,0
145.483,0.0338,0.0340,APPROACH,0
145.518,0.0343,0.0340,APPROACH,0
145.551,0.0338,0.0340,APPROACH,0
145.586,0.0341,0.0340,APPROACH,0
145.619,0.0340,0.0340,APPROACH,0
145.653,0.0339,0.0340,APPROACH,0
145.687,0.0340,0.0340,APPROACH,0
145.721,0.0340,0.0340,APPROACH,0
145.756,0.0341,0.0340,APPROACH,0
145.790,0.0341,0.0340,APPROACH,0
145.824,0.0341,0.0340,APPROACH,0
145.858,0.0340,0.0340,APPROACH,0
145.892,0.0340,0.0340,APPROACH,0
145.926,0.0340,0.0340,APPROACH,0
145.960,0.0341,0.0340,APPROACH,0
145.994,0.0339,0.0340,APPROACH,0
146.028,0.0341,0.0340,APPROACH,0
146.062,0.0339,0.0340,APPROACH,0
146.096,0.0340,0.0340,APPROACH,0
146.130,0.0339,0.0340,APPROACH,0
146.164,0.0340,0.0340,APPROACH,0
146.198,0.0341,0.0340,APPROACH,0
146.232,0.0341,0.0340,APPROACH,0
146.266,0.0339,0.0340,APPROACH,0
146.300,0.0339,0.0340,APPROACH,0
146.334,0.0340,0.0340,APPROACH,0
146.368,0.0340,0.0340,APPROACH,0
146.402,0.0342,0.0340,APPROACH,0
146.436,0.0340,0.0340,APPROACH,0
146.470,0.0339,0.0340,APPROACH,0
146.504,0.0340,0.0340,APPROACH,0
146.538,0.0342,0.0340,APPROACH,0
146.572,0.0338,0.0340,APPROACH,0
146.606,0.0341,0.0340,APPROACH,0
146.640,0.0340,0.0340,APPROACH,0
146.674,0.0340,0.0340,APPROACH,0
146.708,0.0339,0.0340,APPROACH,0
146.742,0.0341,0.0340,APPROACH,0
146.776,0.0341,0.0340,APPROACH,0
146.810,0.0338,0.0340,BLIND_DASH,0
146.844,0.0342,0.0340,BLIND_DASH,0
146.878,0.0344,0.0340,BLIND_DASH,0
146.912,0.0336,0.0340,BLIND_DASH,0
146.946,0.0340,0.0340,BLIND_DASH,0
146.980,0.0340,0.0340,BLIND_DASH,0
147.015,0.0349,0.0340,PATROL,0
147.048,0.0332,0.0340,PATROL,0
147.082,0.0340,0.0340,PATROL,0
147.116,0.0341,0.0340,PATROL,0
147.150,0.0341,0.0340,PATROL,0
147.184,0.0338,0.0340,PATROL,0
147.218,0.0342,0.0340,PATROL,0
147.252,0.0338,0.0340,PATROL,0
147.286,0.0340,0.0340,PATROL,0
147.320,0.0340,0.0340,PATROL,0
147.354,0.0340,0.0340,PATROL,0
147.388,0.0341,0.0340,PATROL,0
147.422,0.0339,0.0340,PATROL,0
147.456,0.0340,0.0340,PATROL,0
147.490,0.0340,0.0340,PATROL,0
147.525,0.0343,0.0340,PATROL,0
147.559,0.0341,0.0340,PATROL,0
147.593,0.0339,0.0340,PATROL,0
147.627,0.0339,0.0340,PATROL,0
147.661,0.0340,0.0340,PATROL,0
147.695,0.0341,0.0340,PATROL,0
147.728,0.0339,0.0340,PATROL,0
147.763,0.0343,0.0340,PATROL,0
147.797,0.0339,0.0340,PATROL,0
147.831,0.0342,0.0340,PATROL,0
147.865,0.0339,0.0340,PATROL,0
147.899,0.0340,0.0340,PATROL,0
147.933,0.0340,0.0340,PATROL,0
147.967,0.0342,0.0340,PATROL,0
148.001,0.0339,0.0340,PATROL,0
148.035,0.0340,0.0340,PATROL,0
148.069,0.0339,0.0340,PATROL,0
148.103,0.0343,0.0340,PATROL,0
148.137,0.0341,0.0340,PATROL,0
148.171,0.0337,0.0340,PATROL,0
148.205,0.0342,0.0340,PATROL,0
148.239,0.0338,0.0340,PATROL,0
148.273,0.0340,0.0340,PATROL,0
148.307,0.0341,0.0340,PATROL,0
148.341,0.0341,0.0340,PATROL,0
148.375,0.0339,0.0340,PATROL,0
148.409,0.0340,0.0340,PATROL,0
148.443,0.0342,0.0340,PATROL,0
148.477,0.0340,0.0340,PATROL,0
148.511,0.0339,0.0340,PATROL,0
148.545,0.0341,0.0340,PATROL,0
148.579,0.0341,0.0340,PATROL,0
148.613,0.0342,0.0340,PATROL,0
148.648,0.0344,0.0340,PATROL,0
148.681,0.0335,0.0340,PATROL,0
148.715,0.0341,0.0340,PATROL,0
148.749,0.0341,0.0340,PATROL,0
148.783,0.0339,0.0340,PATROL,0
148.817,0.0342,0.0340,PATROL,0
148.852,0.0341,0.0340,PATROL,0
148.886,0.0340,0.0340,PATROL,0
148.919,0.0338,0.0340,PATROL,0
148.953,0.0341,0.0340,PATROL,0
148.987,0.0340,0.0340,PATROL,0
149.022,0.0342,0.0340,PATROL,0
149.056,0.0339,0.0340,PATROL,0
149.090,0.0340,0.0340,PATROL,0
149.123,0.0339,0.0340,PATROL,0
149.158,0.0343,0.0340,PATROL,0
149.192,0.0339,0.0340,PATROL,0
149.226,0.0341,0.0340,PATROL,0
149.260,0.0340,0.0340,PATROL,0
149.294,0.0339,0.0340,PATROL,0
149.328,0.0341,0.0340,PATROL,0
149.362,0.0341,0.0340,PATROL,0
149.396,0.0340,0.0340,PATROL,0
149.430,0.0340,0.0340,PATROL,0
149.464,0.0340,0.0340,PATROL,0
149.498,0.0340,0.0340,PATROL,0
149.532,0.0339,0.0340,PATROL,0
149.566,0.0342,0.0340,PATROL,0
149.600,0.0341,0.0340,PATROL,0
149.634,0.0340,0.0340,PATROL,0
149.668,0.0339,0.0340,PATROL,0
149.702,0.0340,0.0340,PATROL,0
149.736,0.0340,0.0340,PATROL,0
149.770,0.0341,0.0340,PATROL,0
149.804,0.0339,0.0340,PATROL,0
149.838,0.0341,0.0340,PATROL,0
149.872,0.0339,0.0340,PATROL,0
149.906,0.0340,0.0340,PATROL,0
149.940,0.0340,0.0340,PATROL,0
149.974,0.0341,0.0340,PATROL,0
150.008,0.0342,0.0340,PATROL,0
150.042,0.0339,0.0340,PATROL,0
150.076,0.0340,0.0340,PATROL,0
150.110,0.0344,0.0340,PATROL,0
150.144,0.0338,0.0340,PATROL,0
150.178,0.0338,0.0340,PATROL,0
150.212,0.0340,0.0340,PATROL,0
150.247,0.0346,0.0340,PATROL,0
150.280,0.0338,0.0340,PATROL,0
150.314,0.0339,0.0340,PATROL,0
150.348,0.0339,0.0340,PATROL,0
150.382,0.0341,0.0340,PATROL,0
150.417,0.0345,0.0340,PATROL,0
150.450,0.0336,0.0340,PATROL,0
150.484,0.0339,0.0340,PATROL,0
150.518,0.0341,0.0340,PATROL,0
150.553,0.0342,0.0340,PATROL,0
150.586,0.0337,0.0340,PATROL,0
150.620,0.0340,0.0340,PATROL,0
150.654,0.0341,0.0340,PATROL,0
150.688,0.0341,0.0340,PATROL,0
150.722,0.0340,0.0340,PATROL,0
150.757,0.0342,0.0340,PATROL,0
150.791,0.0340,0.0340,PATROL,0
150.825,0.0343,0.0340,PATROL,0
150.859,0.0338,0.0340,PATROL,0
150.892,0.0339,0.0340,PATROL,0
150.926,0.0340,0.0340,PATROL,0
150.960,0.0340,0.0340,PATROL,0
150.994,0.0340,0.0340,PATROL,0
151.029,0.0342,0.0340,PATROL,0
151.063,0.0339,0.0340,PATROL,0
151.096,0.0340,0.0340,PATROL,0
151.131,0.0341,0.0340,PATROL,0
151.164,0.0339,0.0340,PATROL,0
151.198,0.0340,0.0340,PATROL,0
151.233,0.0341,0.0340,PATROL,0
151.267,0.0342,0.0340,PATROL,0
151.301,0.0340,0.0340,PATROL,0
151.335,0.0341,0.0340,PATROL,0
151.369,0.0338,0.0340,PATROL,0
151.403,0.0339,0.0340,PATROL,0
151.437,0.0340,0.0340,PATROL,0
151.471,0.0340,0.0340,PATROL,0
151.505,0.0341,0.0340,PATROL,0
151.539,0.0340,0.0340,PATROL,0
151.573,0.0341,0.0340,PATROL,0
151.607,0.0340,0.0340,PATROL,0
151.641,0.0341,0.0340,PATROL,0
151.675,0.0338,0.0340,PATROL,0
151.709,0.0340,0.0340,PATROL,0
151.743,0.0341,0.0340,PATROL,0
151.777,0.0341,0.0340,PATROL,0
151.811,0.0340,0.0340,PATROL,0
151.845,0.0340,0.0340,PATROL,0
151.879,0.0340,0.0340,PATROL,0
151.913,0.0340,0.0340,PATROL,0
151.947,0.0338,0.0340,PATROL,0
151.981,0.0342,0.0340,PATROL,0
152.015,0.0339,0.0340,PATROL,0
152.049,0.0342,0.0340,PATROL,0
152.083,0.0340,0.0340,PATROL,0
152.117,0.0343,0.0340,PATROL,0
152.151,0.0339,0.0340,PATROL,0
152.185,0.0339,0.0340,PATROL,0
152.219,0.0339,0.0340,PATROL,0
152.253,0.0342,0.0340,PATROL,0
152.287,0.0339,0.0340,PATROL,0
152.321,0.0341,0.0340,PATROL,0
152.355,0.0338,0.0340,PATROL,0
152.389,0.0340,0.0340,PATROL,0
152.423,0.0340,0.0340,PATROL,0
152.457,0.0339,0.0340,PATROL,0
152.492,0.0345,0.0340,PATROL,0
152.525,0.0336,0.0340,PATROL,0
152.559,0.0341,0.0340,PATROL,0
152.593,0.0340,0.0340,PATROL,0
152.627,0.0341,0.0340,PATROL,0
152.661,0.0341,0.0340,PATROL,0
152.696,0.0342,0.0340,PATROL,0
152.729,0.0338,0.0340,PATROL,0
152.764,0.0341,0.0340,PATROL,0
152.797,0.0339,0.0340,PATROL,0
152.832,0.0344,0.0340,PATROL,0
152.865,0.0335,0.0340,PATROL,0
152.900,0.0343,0.0340,PATROL,0
152.933,0.0337,0.0340,PATROL,0
152.968,0.0348,0.0340,PATROL,0
153.002,0.0339,0.0340,PATROL,0
153.036,0.0339,0.0340,PATROL,0
153.070,0.0338,0.0340,PATROL,0
153.104,0.0341,0.0340,PATROL,0
153.138,0.0339,0.0340,PATROL,0
153.172,0.0342,0.0340,PATROL,0
153.206,0.0338,0.0340,PATROL,0
153.240,0.0339,0.0340,PATROL,0
153.274,0.0341,0.0340,PATROL,0
153.308,0.0341,0.0340,PATROL,0
153.342,0.0339,0.0340,PATROL,0
153.376,0.0341,0.0340,PATROL,0
153.410,0.0340,0.0340,PATROL,0
153.444,0.0339,0.0340,PATROL,0
153.478,0.0341,0.0340,PATROL,0
153.512,0.0339,0.0340,PATROL,0
153.546,0.0339,0.0340,PATROL,0
153.580,0.0342,0.0340,PATROL,0
153.614,0.0339,0.0340,PATROL,0
153.648,0.0340,0.0340,PATROL,0
153.682,0.0340,0.0340,PATROL,0
153.716,0.0341,0.0340,PATROL,0
153.750,0.0341,0.0340,PATROL,0
153.784,0.0339,0.0340,PATROL,0
153.818,0.0340,0.0340,PATROL,0
153.852,0.0342,0.0340,PATROL,0
153.886,0.0338,0.0340,PATROL,0
153.920,0.0340,0.0340,PATROL,0
153.954,0.0342,0.0340,PATROL,0
153.988,0.0338,0.0340,PATROL,0
154.022,0.0340,0.0340,PATROL,0
154.056,0.0344,0.0340,PATROL,0
154.090,0.0339,0.0340,PATROL,0
154.124,0.0338,0.0340,PATROL,0
154.158,0.0341,0.0340,PATROL,0
154.192,0.0341,0.0340,PATROL,0
154.226,0.0338,0.0340,PATROL,0
154.260,0.0342,0.0340,PATROL,0
154.294,0.0340,0.0340,PATROL,0
154.328,0.0340,0.0340,PATROL,0
154.362,0.0340,0.0340,PATROL,0
154.396,0.0341,0.0340,PATROL,0
154.430,0.0340,0.0340,PATROL,0
154.464,0.0341,0.0340,PATROL,0
154.498,0.0339,0.0340,PATROL,0
154.532,0.0340,0.0340,PATROL,0
154.566,0.0340,0.0340,PATROL,0
154.600,0.0340,0.0340,PATROL,0
154.634,0.0339,0.0340,PATROL,0
154.669,0.0343,0.0340,PATROL,0
154.702,0.0339,0.0340,PATROL,0
154.736,0.0340,0.0340,PATROL,0
154.770,0.0339,0.0340,PATROL,0
154.804,0.0340,0.0340,PATROL,0
154.838,0.0341,0.0340,PATROL,0
154.872,0.0340,0.0340,PATROL,0
154.907,0.0341,0.0340,PATROL,0
154.940,0.0339,0.0340,PATROL,0
154.975,0.0341,0.0340,PATROL,0
155.009,0.0340,0.0340,PATROL,0
155.043,0.0341,0.0340,PATROL,0
155.077,0.0341,0.0340,PATROL,0
155.111,0.0340,0.0340,PATROL,0
155.145,0.0338,0.0340,PATROL,0
155.179,0.0340,0.0340,PATROL,0
155.213,0.0339,0.0340,PATROL,0
155.247,0.0341,0.0340,PATROL,0
155.281,0.0340,0.0340,PATROL,0
155.314,0.0339,0.0340,PATROL,0
155.349,0.0341,0.0340,PATROL,0
155.383,0.0342,0.0340,PATROL,0
155.416,0.0337,0.0340,PATROL,0
155.451,0.0340,0.0340,PATROL,0
155.485,0.0341,0.0340,PATROL,0
155.519,0.0339,0.0340,PATROL,0
155.553,0.0342,0.0340,PATROL,0
155.587,0.0338,0.0340,PATROL,0
155.621,0.0341,0.0340,PATROL,0
155.655,0.0344,0.0340,PATROL,0
155.689,0.0337,0.0340,PATROL,0
155.723,0.0340,0.0340,PATROL,0
155.757,0.0343,0.0340,PATROL,0
155.791,0.0340,0.0340,PATROL,0
155.825,0.0340,0.0340,PATROL,0
155.859,0.0341,0.0340,PATROL,0
155.893,0.0339,0.0340,PATROL,0
155.927,0.0341,0.0340,PATROL,0
155.961,0.0340,0.0340,PATROL,0
155.995,0.0338,0.0340,PATROL,0
156.029,0.0340,0.0340,PATROL,0
156.063,0.0341,0.0340,PATROL,0
156.097,0.0341,0.0340,PATROL,0
156.131,0.0340,0.0340,PATROL,0
156.165,0.0339,0.0340,PATROL,0
156.199,0.0342,0.0340,PATROL,0
156.233,0.0340,0.0340,PATROL,0
156.267,0.0340,0.0340,PATROL,0
156.301,0.0338,0.0340,PATROL,0
156.335,0.0341,0.0340,PATROL,0
156.369,0.0339,0.0340,PATROL,0
156.403,0.0342,0.0340,PATROL,0
156.438,0.0345,0.0340,PATROL,0
156.472,0.0338,0.0340,PATROL,0
156.505,0.0337,0.0340,PATROL,0
156.539,0.0340,0.0340,PATROL,0
156.574,0.0343,0.0340,PATROL,0
156.608,0.0337,0.0340,PATROL,0
156.641,0.0339,0.0340,PATROL,0
156.675,0.0341,0.0340,PATROL,0
156.710,0.0343,0.0340,PATROL,0
156.743,0.0337,0.0340,PATROL,0
156.777,0.0340,0.0340,PATROL,0
156.811,0.0339,0.0340,PATROL,0
156.845,0.0340,0.0340,PATROL,0
156.879,0.0340,0.0340,PATROL,0
156.913,0.0339,0.0340,PATROL,0
156.948,0.0343,0.0340,PATROL,0
156.981,0.0338,0.0340,PATROL,0
157.016,0.0340,0.0340,PATROL,0
157.049,0.0340,0.0340,PATROL,0
157.084,0.0342,0.0340,PATROL,0
157.118,0.0341,0.0340,PATROL,0
157.152,0.0339,0.0340,PATROL,0
157.186,0.0339,0.0340,PATROL,0
157.220,0.0343,0.0340,PATROL,0
157.254,0.0341,0.0340,PATROL,0
157.288,0.0338,0.0340,PATROL,0
157.322,0.0340,0.0340,PATROL,0
157.356,0.0341,0.0340,PATROL,0
157.390,0.0339,0.0340,PATROL,0
157.424,0.0340,0.0340,PATROL,0
157.458,0.0340,0.0340,PATROL,0
157.492,0.0340,0.0340,PATROL,0
157.526,0.0342,0.0340,PATROL,0
157.560,0.0339,0.0340,PATROL,0
157.594,0.0341,0.0340,PATROL,0
157.628,0.0340,0.0340,PATROL,0
157.662,0.0339,0.0340,PATROL,0
157.696,0.0340,0.0340,PATROL,0
157.730,0.0341,0.0340,PATROL,0
157.764,0.0340,0.0340,PATROL,0
157.798,0.0341,0.0340,PATROL,0
157.832,0.0340,0.0340,PATROL,0
157.866,0.0340,0.0340,PATROL,0
157.900,0.0340,0.0340,PATROL,0
157.934,0.0340,0.0340,PATROL,0
157.968,0.0340,0.0340,PATROL,0
158.002,0.0343,0.0340,PATROL,0
158.036,0.0338,0.0340,PATROL,0
158.070,0.0339,0.0340,PATROL,0
158.104,0.0341,0.0340,PATROL,0
158.138,0.0340,0.0340,PATROL,0
158.172,0.0340,0.0340,PATROL,0
158.206,0.0340,0.0340,PATROL,0
158.240,0.0342,0.0340,PATROL,0
158.274,0.0338,0.0340,PATROL,0
158.308,0.0340,0.0340,PATROL,0
158.342,0.0340,0.0340,PATROL,0
158.376,0.0343,0.0340,PATROL,0
158.410,0.0338,0.0340,PATROL,0
158.444,0.0341,0.0340,PATROL,0
158.478,0.0341,0.0340,PATROL,0
158.512,0.0340,0.0340,PATROL,0
158.546,0.0340,0.0340,PATROL,0
158.580,0.0340,0.0340,PATROL,0
158.615,0.0341,0.0340,PATROL,0
158.649,0.0340,0.0340,PATROL,0
158.683,0.0341,0.0340,PATROL,0
158.716,0.0337,0.0340,PATROL,0
158.750,0.0340,0.0340,PATROL,0
158.784,0.0340,0.0340,PATROL,0
158.818,0.0341,0.0340,PATROL,0
158.852,0.0340,0.0340,PATROL,0
158.887,0.0341,0.0340,PATROL,0
158.921,0.0340,0.0340,PATROL,0
158.955,0.0340,0.0340,PATROL,0
158.989,0.0340,0.0340,PATROL,0
159.023,0.0340,0.0340,PATROL,0
159.057,0.0341,0.0340,PATROL,0
159.090,0.0339,0.0340,PATROL,0
159.125,0.0341,0.0340,PATROL,0
159.159,0.0342,0.0340,PATROL,0
159.193,0.0338,0.0340,PATROL,0
159.227,0.0340,0.0340,PATROL,0
159.261,0.0341,0.0340,PATROL,0
159.295,0.0340,0.0340,PATROL,0
159.329,0.0338,0.0340,PATROL,0
159.363,0.0341,0.0340,PATROL,0
159.397,0.0339,0.0340,PATROL,0
159.431,0.0341,0.0340,PATROL,0
159.465,0.0339,0.0340,PATROL,0
159.499,0.0340,0.0340,PATROL,0
159.533,0.0341,0.0340,PATROL,0
159.567,0.0340,0.0340,PATROL,0
159.601,0.0339,0.0340,PATROL,0
159.635,0.0341,0.0340,PATROL,0
159.669,0.0339,0.0340,PATROL,0
159.703,0.0342,0.0340,PATROL,0
159.737,0.0338,0.0340,PATROL,0
159.771,0.0341,0.0340,PATROL,0
159.805,0.0340,0.0340,PATROL,0
159.839,0.0339,0.0340,PATROL,0
159.873,0.0341,0.0340,PATROL,0
159.907,0.0340,0.0340,PATROL,0
159.941,0.0340,0.0340,PATROL,0
159.975,0.0342,0.0340,PATROL,0
160.009,0.0338,0.0340,PATROL,0
160.043,0.0340,0.0340,PATROL,0
160.077,0.0340,0.0340,PATROL,0
160.111,0.0340,0.0340,PATROL,0
160.145,0.0341,0.0340,PATROL,0
160.179,0.0339,0.0340,PATROL,0
160.213,0.0340,0.0340,PATROL,0
160.247,0.0342,0.0340,PATROL,0
160.281,0.0339,0.0340,PATROL,0
160.315,0.0340,0.0340,PATROL,0
160.349,0.0340,0.0340,PATROL,0
160.383,0.0340,0.0340,PATROL,0
160.417,0.0341,0.0340,PATROL,0
160.451,0.0339,0.0340,PATROL,0
160.485,0.0341,0.0340,PATROL,0
160.519,0.0342,0.0340,PATROL,0
160.553,0.0339,0.0340,PATROL,0
160.587,0.0339,0.0340,PATROL,0
160.621,0.0342,0.0340,PATROL,0
160.655,0.0338,0.0340,PATROL,0
160.689,0.0340,0.0340,PATROL,0
160.723,0.0340,0.0340,PATROL,0
160.757,0.0341,0.0340,PATROL,0
160.791,0.0340,0.0340,PATROL,0
160.825,0.0339,0.0340,PATROL,0
160.859,0.0339,0.0340,PATROL,0
160.893,0.0341,0.0340,PATROL,0
160.927,0.0341,0.0340,PATROL,0
160.961,0.0339,0.0340,PATROL,0
160.995,0.0341,0.0340,PATROL,0
161.030,0.0341,0.0340,PATROL,0
161.064,0.0342,0.0340,PATROL,0
161.097,0.0337,0.0340,PATROL,0
161.132,0.0341,0.0340,PATROL,0
161.165,0.0339,0.0340,PATROL,0
161.199,0.0340,0.0340,PATROL,0
161.234,0.0341,0.0340,PATROL,0
161.268,0.0340,0.0340,PATROL,0
161.302,0.0342,0.0340,PATROL,0
161.336,0.0340,0.0340,PATROL,0
161.370,0.0341,0.0340,PATROL,0
161.404,0.0338,0.0340,PATROL,0
161.438,0.0340,0.0340,PATROL,0
161.472,0.0340,0.0340,PATROL,0
161.506,0.0348,0.0340,PATROL,0
161.540,0.0338,0.0340,PATROL,0
161.574,0.0339,0.0340,PATROL,0
161.608,0.0339,0.0340,PATROL,0
161.642,0.0341,0.0340,PATROL,0
161.676,0.0340,0.0340,PATROL,0
161.710,0.0339,0.0340,PATROL,0
161.744,0.0341,0.0340,PATROL,0
161.778,0.0339,0.0340,PATROL,0
161.812,0.0340,0.0340,PATROL,0
161.846,0.0340,0.0340,PATROL,0
161.880,0.0341,0.0340,PATROL,0
161.914,0.0339,0.0340,PATROL,0
161.948,0.0340,0.0340,PATROL,0
161.982,0.0340,0.0340,PATROL,0
162.016,0.0340,0.0340,PATROL,0
162.050,0.0340,0.0340,PATROL,0
162.084,0.0342,0.0340,PATROL,0
162.118,0.0339,0.0340,PATROL,0
162.152,0.0340,0.0340,PATROL,0
162.186,0.0340,0.0340,PATROL,0
162.220,0.0340,0.0340,PATROL,0
162.254,0.0339,0.0340,PATROL,0
162.289,0.0348,0.0340,PATROL,0
162.322,0.0334,0.0340,PATROL,0
162.356,0.0339,0.0340,PATROL,0
162.390,0.0340,0.0340,PATROL,0
162.424,0.0342,0.0340,PATROL,0
162.458,0.0340,0.0340,PATROL,0
162.492,0.0338,0.0340,PATROL,0
162.526,0.0341,0.0340,PATROL,0
162.560,0.0339,0.0340,PATROL,0
162.594,0.0341,0.0340,PATROL,0
162.628,0.0341,0.0340,PATROL,0
162.662,0.0340,0.0340,PATROL,0
162.696,0.0341,0.0340,PATROL,0
162.730,0.0338,0.0340,PATROL,0
162.764,0.0341,0.0340,PATROL,0
162.798,0.0340,0.0340,PATROL,0
162.832,0.0340,0.0340,PATROL,0
162.866,0.0340,0.0340,PATROL,0
162.900,0.0341,0.0340,PATROL,0
162.934,0.0340,0.0340,PATROL,0
162.968,0.0341,0.0340,PATROL,0
163.002,0.0339,0.0340,PATROL,0
163.037,0.0342,0.0340,PATROL,0
163.071,0.0339,0.0340,PATROL,0
163.104,0.0339,0.0340,PATROL,0
163.138,0.0339,0.0340,PATROL,0
163.172,0.0342,0.0340,PATROL,0
163.207,0.0343,0.0340,PATROL,0
163.241,0.0340,0.0340,PATROL,0
163.274,0.0336,0.0340,PATROL,0
163.308,0.0340,0.0340,PATROL,0
163.343,0.0341,0.0340,PATROL,0
163.377,0.0340,0.0340,PATROL,0
163.411,0.0342,0.0340,PATROL,0
163.445,0.0340,0.0340,PATROL,0
163.479,0.0340,0.0340,PATROL,0
163.513,0.0340,0.0340,PATROL,0
163.547,0.0339,0.0340,PATROL,0
163.581,0.0341,0.0340,PATROL,0
163.615,0.0340,0.0340,PATROL,0
163.649,0.0341,0.0340,PATROL,0
163.683,0.0343,0.0340,PATROL,0
163.717,0.0338,0.0340,PATROL,0
163.751,0.0339,0.0340,PATROL,0
163.785,0.0341,0.0340,PATROL,0
163.819,0.0340,0.0340,PATROL,0
163.853,0.0339,0.0340,PATROL,0
163.887,0.0342,0.0340,PATROL,0
163.921,0.0339,0.0340,PATROL,0
163.955,0.0340,0.0340,PATROL,0
163.989,0.0340,0.0340,PATROL,0
164.023,0.0340,0.0340,PATROL,0
164.058,0.0347,0.0340,PATROL,0
164.091,0.0335,0.0340,PATROL,0
164.125,0.0340,0.0340,PATROL,0
164.159,0.0341,0.0340,PATROL,0
164.193,0.0341,0.0340,PATROL,0
164.227,0.0339,0.0340,PATROL,0
164.261,0.0339,0.0340,PATROL,0
164.295,0.0341,0.0340,PATROL,0
164.329,0.0340,0.0340,PATROL,0
164.363,0.0338,0.0340,PATROL,0
164.397,0.0342,0.0340,PATROL,0
164.431,0.0338,0.0340,PATROL,0
164.465,0.0340,0.0340,PATROL,0
164.499,0.0344,0.0340,PATROL,0
164.533,0.0338,0.0340,PATROL,0
164.567,0.0340,0.0340,PATROL,0
164.601,0.0340,0.0340,PATROL,0
164.635,0.0339,0.0340,PATROL,0
164.669,0.0341,0.0340,PATROL,0
164.703,0.0340,0.0340,PATROL,0
164.737,0.0341,0.0340,PATROL,0
164.771,0.0339,0.0340,PATROL,0
164.806,0.0344,0.0340,PATROL,0
164.839,0.0336,0.0340,PATROL,0
164.873,0.0341,0.0340,PATROL,0
164.907,0.0340,0.0340,PATROL,0
164.941,0.0340,0.0340,PATROL,0
164.975,0.0341,0.0340,PATROL,0
165.009,0.0340,0.0340,PATROL,0
165.043,0.0340,0.0340,PATROL,0
165.077,0.0339,0.0340,PATROL,0
165.111,0.0341,0.0340,PATROL,0
165.145,0.0340,0.0340,PATROL,0
165.179,0.0339,0.0340,PATROL,0
165.213,0.0340,0.0340,PATROL,0
165.247,0.0342,0.0340,PATROL,0
165.282,0.0340,0.0340,PATROL,0
165.315,0.0339,0.0340,PATROL,0
165.350,0.0341,0.0340,PATROL,0
165.384,0.0341,0.0340,PATROL,0
165.417,0.0338,0.0340,PATROL,0
165.451,0.0340,0.0340,PATROL,0
165.486,0.0344,0.0340,PATROL,0
165.520,0.0339,0.0340,PATROL,0
165.554,0.0340,0.0340,PATROL,0
165.588,0.0340,0.0340,PATROL,0
165.622,0.0339,0.0340,PATROL,0
165.656,0.0342,0.0340,PATROL,0
165.690,0.0338,0.0340,PATROL,0
165.724,0.0340,0.0340,PATROL,0
165.758,0.0342,0.0340,PATROL,0
165.792,0.0338,0.0340,PATROL,0
165.826,0.0341,0.0340,PATROL,0
165.860,0.0343,0.0340,PATROL,0
165.894,0.0336,0.0340,PATROL,0
165.928,0.0341,0.0340,PATROL,0
165.962,0.0339,0.0340,PATROL,0
165.996,0.0342,0.0340,PATROL,0
166.030,0.0340,0.0340,PATROL,0
166.064,0.0340,0.0340,PATROL,0
166.098,0.0340,0.0340,PATROL,0
166.132,0.0339,0.0340,PATROL,0
166.166,0.0342,0.0340,PATROL,0
166.200,0.0340,0.0340,PATROL,0
166.234,0.0339,0.0340,PATROL,0
166.268,0.0340,0.0340,PATROL,0
166.302,0.0340,0.0340,PATROL,0
166.336,0.0341,0.0340,PATROL,0
166.370,0.0340,0.0340,PATROL,0
166.404,0.0341,0.0340,PATROL,0
166.438,0.0340,0.0340,PATROL,0
166.472,0.0340,0.0340,PATROL,0
166.506,0.0339,0.0340,PATROL,0
166.540,0.0341,0.0340,PATROL,0
166.574,0.0340,0.0340,PATROL,0
166.608,0.0339,0.0340,PATROL,0
166.642,0.0341,0.0340,PATROL,0
166.676,0.0339,0.0340,PATROL,0
166.710,0.0341,0.0340,PATROL,0
166.744,0.0342,0.0340,PATROL,0
166.778,0.0340,0.0340,PATROL,0
166.812,0.0339,0.0340,PATROL,0
166.846,0.0342,0.0340,PATROL,0
166.880,0.0339,0.0340,PATROL,0
166.914,0.0340,0.0340,PATROL,0
166.948,0.0342,0.0340,PATROL,0
166.983,0.0343,0.0340,PATROL,0
167.016,0.0337,0.0340,PATROL,0
167.050,0.0341,0.0340,PATROL,0
167.084,0.0337,0.0340,PATROL,0
167.118,0.0340,0.0340,PATROL,0
167.152,0.0340,0.0340,PATROL,0
167.186,0.0343,0.0340,PATROL,0
167.220,0.0340,0.0340,PATROL,0
167.255,0.0342,0.0340,PATROL,0
167.289,0.0340,0.0340,PATROL,0
167.322,0.0337,0.0340,PATROL,0
167.357,0.0342,0.0340,PATROL,0
167.390,0.0338,0.0340,PATROL,0
167.425,0.0343,0.0340,PATROL,0
167.459,0.0340,0.0340,PATROL,0
167.492,0.0337,0.0340,PATROL,0
167.527,0.0340,0.0340,PATROL,0
167.561,0.0341,0.0340,PATROL,0
167.594,0.0338,0.0340,PATROL,0
167.629,0.0341,0.0340,PATROL,0
167.662,0.0339,0.0340,PATROL,0
167.696,0.0340,0.0340,PATROL,0
167.731,0.0341,0.0340,PATROL,0
167.765,0.0339,0.0340,PATROL,0
167.799,0.0342,0.0340,PATROL,0
167.833,0.0339,0.0340,PATROL,0
167.867,0.0341,0.0340,PATROL,0
167.901,0.0340,0.0340,PATROL,0
167.935,0.0340,0.0340,PATROL,0
167.969,0.0340,0.0340,PATROL,0
168.003,0.0341,0.0340,PATROL,0
168.037,0.0341,0.0340,PATROL,0
168.071,0.0340,0.0340,PATROL,0
168.105,0.0342,0.0340,PATROL,0
168.139,0.0339,0.0340,PATROL,0
168.173,0.0339,0.0340,PATROL,0
168.207,0.0341,0.0340,PATROL,0
168.241,0.0339,0.0340,PATROL,0
168.275,0.0341,0.0340,PATROL,0
168.309,0.0339,0.0340,PATROL,0
168.343,0.0340,0.0340,PATROL,0
168.377,0.0341,0.0340,PATROL,0
168.411,0.0341,0.0340,PATROL,0
168.445,0.0340,0.0340,PATROL,0
168.479,0.0340,0.0340,PATROL,0
168.513,0.0339,0.0340,PATROL,0
168.547,0.0340,0.0340,PATROL,0
168.581,0.0341,0.0340,PATROL,0
168.615,0.0341,0.0340,PATROL,0
168.649,0.0340,0.0340,PATROL,0
168.683,0.0339,0.0340,PATROL,0
168.717,0.0341,0.0340,PATROL,0
168.751,0.0340,0.0340,PATROL,0
168.785,0.0340,0.0340,PATROL,0
168.819,0.0340,0.0340,PATROL,0
168.853,0.0340,0.0340,PATROL,0
168.887,0.0340,0.0340,PATROL,0
168.921,0.0342,0.0340,PATROL,0
168.956,0.0342,0.0340,PATROL,0
168.989,0.0337,0.0340,PATROL,0
169.023,0.0340,0.0340,PATROL,0
169.057,0.0341,0.0340,PATROL,0
169.091,0.0340,0.0340,PATROL,0
169.125,0.0341,0.0340,PATROL,0
169.160,0.0344,0.0340,PATROL,0
169.194,0.0338,0.0340,PATROL,0
169.228,0.0340,0.0340,PATROL,0
169.262,0.0343,0.0340,PATROL,0
169.295,0.0337,0.0340,PATROL,0
169.329,0.0340,0.0340,PATROL,0
169.363,0.0340,0.0340,PATROL,0
169.397,0.0339,0.0340,PATROL,0
169.431,0.0340,0.0340,PATROL,0
169.465,0.0341,0.0340,PATROL,0
169.500,0.0341,0.0340,PATROL,0
169.534,0.0340,0.0340,PATROL,0
169.567,0.0340,0.0340,PATROL,0
169.601,0.0340,0.0340,PATROL,0
169.636,0.0341,0.0340,PATROL,0
169.670,0.0339,0.0340,PATROL,0
169.704,0.0340,0.0340,PATROL,0
169.737,0.0339,0.0340,PATROL,0
169.772,0.0343,0.0340,PATROL,0
169.806,0.0339,0.0340,PATROL,0
169.840,0.0341,0.0340,PATROL,0
169.874,0.0340,0.0340,PATROL,0
169.908,0.0340,0.0340,PATROL,0
169.942,0.0339,0.0340,PATROL,0
169.976,0.0341,0.0340,PATROL,0
170.010,0.0340,0.0340,PATROL,0
170.044,0.0340,0.0340,PATROL,0
170.078,0.0342,0.0340,PATROL,0
170.112,0.0340,0.0340,PATROL,0
170.146,0.0340,0.0340,PATROL,0
170.180,0.0339,0.0340,PATROL,0
170.214,0.0341,0.0340,PATROL,0
170.248,0.0340,0.0340,PATROL,0
170.282,0.0338,0.0340,PATROL,0
170.316,0.0340,0.0340,PATROL,0
170.350,0.0340,0.0340,PATROL,0
170.384,0.0341,0.0340,PATROL,0
170.418,0.0340,0.0340,PATROL,0
170.452,0.0339,0.0340,PATROL,0
170.486,0.0343,0.0340,PATROL,0
170.520,0.0339,0.0340,PATROL,0
170.554,0.0340,0.0340,PATROL,0
170.588,0.0339,0.0340,PATROL,0
170.622,0.0342,0.0340,PATROL,0
170.656,0.0340,0.0340,PATROL,0
170.690,0.0341,0.0340,PATROL,0
170.724,0.0339,0.0340,PATROL,0
170.758,0.0340,0.0340,PATROL,0
170.792,0.0340,0.0340,PATROL,0
170.826,0.0339,0.0340,PATROL,0
170.860,0.0341,0.0340,PATROL,0
170.894,0.0340,0.0340,PATROL,0
170.928,0.0340,0.0340,PATROL,0
170.962,0.0343,0.0340,PATROL,0
170.996,0.0337,0.0340,PATROL,0
171.030,0.0342,0.0340,PATROL,0
171.064,0.0340,0.0340,PATROL,0
171.098,0.0340,0.0340,PATROL,0
171.132,0.0339,0.0340,PATROL,0
171.166,0.0340,0.0340,PATROL,0
171.200,0.0340,0.0340,PATROL,0
171.234,0.0341,0.0340,PATROL,0
171.268,0.0340,0.0340,PATROL,0
171.302,0.0341,0.0340,PATROL,0
171.336,0.0338,0.0340,PATROL,0
171.370,0.0342,0.0340,PATROL,0
171.404,0.0339,0.0340,PATROL,0
171.438,0.0340,0.0340,PATROL,0
171.472,0.0341,0.0340,PATROL,0
171.506,0.0340,0.0340,PATROL,0
171.541,0.0341,0.0340,PATROL,0
171.574,0.0339,0.0340,PATROL,0
171.608,0.0340,0.0340,PATROL,0
171.643,0.0342,0.0340,PATROL,0
171.677,0.0339,0.0340,PATROL,0
171.711,0.0341,0.0340,PATROL,0
171.745,0.0340,0.0340,PATROL,0
171.779,0.0341,0.0340,PATROL,0
171.813,0.0339,0.0340,PATROL,0
171.847,0.0340,0.0340,PATROL,0
171.881,0.0339,0.0340,PATROL,0
171.915,0.0341,0.0340,PATROL,0
171.949,0.0340,0.0340,PATROL,0
171.983,0.0342,0.0340,PATROL,0
172.017,0.0338,0.0340,PATROL,0
172.051,0.0341,0.0340,PATROL,0
172.085,0.0339,0.0340,PATROL,0
172.119,0.0340,0.0340,PATROL,0
172.153,0.0343,0.0340,PATROL,0
172.187,0.0338,0.0340,PATROL,0
172.221,0.0341,0.0340,PATROL,0
172.255,0.0338,0.0340,PATROL,0
172.289,0.0340,0.0340,PATROL,0
172.323,0.0341,0.0340,PATROL,0
172.357,0.0339,0.0340,PATROL,0
172.391,0.0341,0.0340,PATROL,0
172.425,0.0341,0.0340,PATROL,0
172.459,0.0339,0.0340,PATROL,0
172.493,0.0341,0.0340,PATROL,0
172.527,0.0340,0.0340,PATROL,0
172.561,0.0343,0.0340,PATROL,0
172.595,0.0337,0.0340,PATROL,0
172.629,0.0341,0.0340,PATROL,0
172.663,0.0340,0.0340,PATROL,0
172.697,0.0337,0.0340,PATROL,0
172.731,0.0342,0.0340,PATROL,0
172.765,0.0339,0.0340,PATROL,0
172.799,0.0341,0.0340,PATROL,0
172.833,0.0339,0.0340,PATROL,0
172.867,0.0340,0.0340,PATROL,0
172.901,0.0343,0.0340,PATROL,0
172.935,0.0338,0.0340,PATROL,0
172.969,0.0339,0.0340,PATROL,0
173.003,0.0341,0.0340,PATROL,0
173.037,0.0341,0.0340,PATROL,0
173.072,0.0343,0.0340,PATROL,0
173.105,0.0337,0.0340,PATROL,0
173.139,0.0339,0.0340,PATROL,0
173.173,0.0341,0.0340,PATROL,0
173.207,0.0341,0.0340,PATROL,0
173.241,0.0339,0.0340,PATROL,0
173.275,0.0340,0.0340,PATROL,0
173.309,0.0342,0.0340,PATROL,0
173.344,0.0342,0.0340,PATROL,0
173.378,0.0339,0.0340,PATROL,0
173.411,0.0340,0.0340,PATROL,0
173.445,0.0340,0.0340,PATROL,0
173.479,0.0340,0.0340,PATROL,0
173.513,0.0339,0.0340,PATROL,0
173.547,0.0340,0.0340,PATROL,0
173.582,0.0341,0.0340,PATROL,0
173.615,0.0338,0.0340,PATROL,0
173.650,0.0347,0.0340,PATROL,0
173.684,0.0336,0.0340,PATROL,0
173.718,0.0340,0.0340,PATROL,0
173.752,0.0342,0.0340,PATROL,0
173.786,0.0337,0.0340,PATROL,0
173.820,0.0341,0.0340,PATROL,0
173.854,0.0340,0.0340,PATROL,0
173.888,0.0340,0.0340,PATROL,0
173.922,0.0339,0.0340,PATROL,0
173.956,0.0343,0.0340,PATROL,0
173.990,0.0339,0.0340,PATROL,0
174.024,0.0338,0.0340,PATROL,0
174.058,0.0341,0.0340,PATROL,0
174.092,0.0340,0.0340,PATROL,0
174.126,0.0341,0.0340,PATROL,0
174.160,0.0341,0.0340,PATROL,0
174.194,0.0338,0.0340,PATROL,0
174.228,0.0340,0.0340,PATROL,0
174.262,0.0340,0.0340,PATROL,0
174.296,0.0343,0.0340,PATROL,0
174.330,0.0339,0.0340,PATROL,0
174.364,0.0342,0.0340,PATROL,0
174.398,0.0339,0.0340,PATROL,0
174.432,0.0339,0.0340,PATROL,0
174.466,0.0340,0.0340,PATROL,0
174.500,0.0340,0.0340,PATROL,0
174.534,0.0341,0.0340,PATROL,0
174.568,0.0341,0.0340,PATROL,0
174.602,0.0340,0.0340,PATROL,0
174.636,0.0340,0.0340,PATROL,0
174.670,0.0341,0.0340,PATROL,0
174.704,0.0339,0.0340,PATROL,0
174.738,0.0343,0.0340,PATROL,0
174.772,0.0339,0.0340,PATROL,0
174.806,0.0339,0.0340,PATROL,0
174.840,0.0343,0.0340,PATROL,0
174.874,0.0338,0.0340,PATROL,0
174.908,0.0341,0.0340,PATROL,0
174.942,0.0342,0.0340,PATROL,0
174.976,0.0339,0.0340,PATROL,0
175.010,0.0339,0.0340,PATROL,0
175.044,0.0341,0.0340,PATROL,0
175.078,0.0339,0.0340,PATROL,0
175.112,0.0341,0.0340,PATROL,0
175.146,0.0339,0.0340,PATROL,0
175.180,0.0343,0.0340,PATROL,0
175.214,0.0337,0.0340,PATROL,0
175.248,0.0341,0.0340,PATROL,0
175.282,0.0340,0.0340,PATROL,0
175.316,0.0339,0.0340,PATROL,0
175.350,0.0342,0.0340,PATROL,0
175.384,0.0340,0.0340,PATROL,0
175.418,0.0339,0.0340,PATROL,0
175.452,0.0340,0.0340,PATROL,0
175.487,0.0343,0.0340,PATROL,0
175.520,0.0339,0.0340,PATROL,0
175.554,0.0340,0.0340,PATROL,0
175.588,0.0340,0.0340,PATROL,0
175.622,0.0339,0.0340,PATROL,0
175.657,0.0341,0.0340,PATROL,0
175.690,0.0339,0.0340,PATROL,0
175.725,0.0341,0.0340,PATROL,0
175.758,0.0339,0.0340,PATROL,0
175.793,0.0343,0.0340,PATROL,0
175.826,0.0338,0.0340,PATROL,0
175.860,0.0340,0.0340,PATROL,0
175.895,0.0344,0.0340,PATROL,0
175.929,0.0340,0.0340,PATROL,0
175.963,0.0339,0.0340,PATROL,0
175.997,0.0345,0.0340,PATROL,0
176.031,0.0336,0.0340,PATROL,0
176.065,0.0342,0.0340,PATROL,0
176.099,0.0338,0.0340,PATROL,0
176.133,0.0339,0.0340,PATROL,0
176.167,0.0340,0.0340,PATROL,0
176.201,0.0340,0.0340,PATROL,0
176.235,0.0340,0.0340,PATROL,0
176.269,0.0340,0.0340,PATROL,0
176.303,0.0341,0.0340,PATROL,0
176.337,0.0341,0.0340,PATROL,0
176.371,0.0338,0.0340,PATROL,0
176.405,0.0343,0.0340,PATROL,0
176.439,0.0339,0.0340,PATROL,0
176.473,0.0339,0.0340,PATROL,0
176.507,0.0340,0.0340,PATROL,0
176.541,0.0341,0.0340,PATROL,0
176.575,0.0340,0.0340,PATROL,0
176.609,0.0340,0.0340,PATROL,0
176.643,0.0338,0.0340,PATROL,0
176.677,0.0342,0.0340,PATROL,0
176.711,0.0339,0.0340,PATROL,0
176.745,0.0340,0.0340,PATROL,0
176.779,0.0341,0.0340,PATROL,0
176.813,0.0340,0.0340,PATROL,0
176.847,0.0340,0.0340,PATROL,0
176.881,0.0340,0.0340,PATROL,0
176.915,0.0339,0.0340,PATROL,0
176.949,0.0340,0.0340,PATROL,0
176.983,0.0341,0.0340,PATROL,0
177.017,0.0339,0.0340,PATROL,0
177.051,0.0341,0.0340,PATROL,0
177.085,0.0341,0.0340,PATROL,0
177.119,0.0339,0.0340,PATROL,0
177.153,0.0340,0.0340,PATROL,0
177.187,0.0340,0.0340,PATROL,0
177.221,0.0341,0.0340,PATROL,0
177.255,0.0342,0.0340,PATROL,0
177.289,0.0339,0.0340,PATROL,0
177.323,0.0340,0.0340,PATROL,0
177.357,0.0339,0.0340,PATROL,0
177.392,0.0343,0.0340,PATROL,0
177.425,0.0338,0.0340,PATROL,0
177.459,0.0339,0.0340,PATROL,0
177.493,0.0340,0.0340,PATROL,0
177.528,0.0343,0.0340,PATROL,0
177.561,0.0337,0.0340,PATROL,0
177.596,0.0342,0.0340,PATROL,0
177.629,0.0339,0.0340,PATROL,0
177.664,0.0343,0.0340,PATROL,0
177.698,0.0340,0.0340,PATROL,0
177.732,0.0340,0.0340,PATROL,0
177.766,0.0341,0.0340,PATROL,0
177.800,0.0340,0.0340,PATROL,0
177.834,0.0341,0.0340,PATROL,0
177.867,0.0337,0.0340,PATROL,0
177.901,0.0340,0.0340,PATROL,0
177.936,0.0342,0.0340,PATROL,0
177.970,0.0340,0.0340,PATROL,0
178.004,0.0340,0.0340,PATROL,0
178.038,0.0343,0.0340,PATROL,0
178.072,0.0339,0.0340,PATROL,0
178.106,0.0339,0.0340,PATROL,0
178.140,0.0341,0.0340,PATROL,0
178.174,0.0339,0.0340,PATROL,0
178.208,0.0339,0.0340,PATROL,0
178.242,0.0341,0.0340,PATROL,0
178.276,0.0343,0.0340,PATROL,0
178.310,0.0337,0.0340,PATROL,0
178.344,0.0341,0.0340,PATROL,0
178.378,0.0339,0.0340,PATROL,0
178.412,0.0341,0.0340,PATROL,0
178.446,0.0340,0.0340,PATROL,0
178.480,0.0340,0.0340,PATROL,0
178.514,0.0340,0.0340,PATROL,0
178.548,0.0339,0.0340,PATROL,0
178.582,0.0341,0.0340,PATROL,0
178.616,0.0339,0.0340,PATROL,0
178.650,0.0340,0.0340,PATROL,0
178.684,0.0342,0.0340,PATROL,0
178.718,0.0339,0.0340,PATROL,0
178.752,0.0346,0.0340,PATROL,0
178.786,0.0338,0.0340,PATROL,0
178.820,0.0340,0.0340,PATROL,0
178.854,0.0340,0.0340,PATROL,0
178.888,0.0339,0.0340,PATROL,0
178.922,0.0340,0.0340,PATROL,0
178.956,0.0340,0.0340,PATROL,0
178.990,0.0340,0.0340,PATROL,0
179.024,0.0342,0.0340,PATROL,0
179.059,0.0345,0.0340,PATROL,0
179.092,0.0336,0.0340,PATROL,0
179.126,0.0339,0.0340,PATROL,0
179.160,0.0341,0.0340,PATROL,0
179.194,0.0340,0.0340,PATROL,0
179.228,0.0338,0.0340,PATROL,0
179.262,0.0340,0.0340,PATROL,0
179.296,0.0341,0.0340,PATROL,0
179.330,0.0340,0.0340,PATROL,0
179.364,0.0340,0.0340,PATROL,0
179.399,0.0343,0.0340,PATROL,0
179.433,0.0339,0.0340,PATROL,0
179.467,0.0340,0.0340,PATROL,0
179.500,0.0338,0.0340,PATROL,0
179.534,0.0340,0.0340,PATROL,0
179.568,0.0340,0.0340,PATROL,0
179.602,0.0341,0.0340,PATROL,0
179.637,0.0341,0.0340,PATROL,0
179.670,0.0338,0.0340,PATROL,0
179.705,0.0345,0.0340,PATROL,0
179.739,0.0338,0.0340,PATROL,0
179.773,0.0339,0.0340,PATROL,0
179.807,0.0341,0.0340,PATROL,0
179.840,0.0338,0.0340,PATROL,0
179.875,0.0344,0.0340,PATROL,0
179.909,0.0339,0.0340,PATROL,0
179.943,0.0341,0.0340,PATROL,0
179.977,0.0340,0.0340,PATROL,0
180.011,0.0340,0.0340,PATROL,0
180.045,0.0340,0.0340,PATROL,0
180.079,0.0341,0.0340,PATROL,0
180.113,0.0337,0.0340,PATROL,0
180.147,0.0343,0.0340,PATROL,0
180.181,0.0339,0.0340,PATROL,0
180.215,0.0342,0.0340,PATROL,0
180.249,0.0340,0.0340,PATROL,0
180.283,0.0341,0.0340,PATROL,0
180.317,0.0338,0.0340,PATROL,0
180.351,0.0339,0.0340,PATROL,0
180.385,0.0341,0.0340,PATROL,0
180.419,0.0341,0.0340,PATROL,0
180.453,0.0339,0.0340,PATROL,0
180.487,0.0340,0.0340,PATROL,0
180.521,0.0340,0.0340,PATROL,0
180.555,0.0340,0.0340,PATROL,0
180.589,0.0340,0.0340,PATROL,0
180.623,0.0339,0.0340,PATROL,0
180.657,0.0341,0.0340,PATROL,0
180.691,0.0341,0.0340,PATROL,0
180.725,0.0340,0.0340,PATROL,0
180.759,0.0340,0.0340,PATROL,0
180.794,0.0345,0.0340,PATROL,0
180.828,0.0339,0.0340,PATROL,0
180.861,0.0337,0.0340,PATROL,0
180.895,0.0342,0.0340,PATROL,0
180.929,0.0337,0.0340,PATROL,0
180.964,0.0345,0.0340,PATROL,0
180.997,0.0334,0.0340,PATROL,0
181.031,0.0342,0.0340,PATROL,0
181.065,0.0341,0.0340,PATROL,0
181.099,0.0339,0.0340,PATROL,0
181.133,0.0340,0.0340,PATROL,0
181.168,0.0342,0.0340,PATROL,0
181.201,0.0338,0.0340,PATROL,0
181.235,0.0338,0.0340,PATROL,0
181.269,0.0340,0.0340,PATROL,0
181.303,0.0341,0.0340,PATROL,0
181.337,0.0340,0.0340,PATROL,0
181.371,0.0339,0.0340,PATROL,0
181.406,0.0343,0.0340,PATROL,0
181.439,0.0338,0.0340,PATROL,0
181.473,0.0340,0.0340,PATROL,0
181.507,0.0340,0.0340,PATROL,0
181.541,0.0340,0.0340,PATROL,0
181.576,0.0343,0.0340,PATROL,0
181.609,0.0337,0.0340,PATROL,0
181.643,0.0340,0.0340,PATROL,0
181.677,0.0340,0.0340,PATROL,0
181.712,0.0341,0.0340,PATROL,0
181.746,0.0339,0.0340,PATROL,0
181.779,0.0340,0.0340,PATROL,0
181.814,0.0341,0.0340,PATROL,0
181.848,0.0340,0.0340,PATROL,0
181.882,0.0340,0.0340,PATROL,0
181.916,0.0342,0.0340,PATROL,0
181.949,0.0338,0.0340,PATROL,0
181.984,0.0342,0.0340,PATROL,0
182.017,0.0339,0.0340,PATROL,0
182.052,0.0341,0.0340,PATROL,0
182.086,0.0340,0.0340,PATROL,0
182.120,0.0340,0.0340,PATROL,0
182.154,0.0339,0.0340,PATROL,0
182.188,0.0341,0.0340,PATROL,0
182.222,0.0339,0.0340,PATROL,0
182.255,0.0339,0.0340,PATROL,0
182.289,0.0340,0.0340,PATROL,0
182.324,0.0341,0.0340,PATROL,0
182.357,0.0339,0.0340,PATROL,0
182.392,0.0344,0.0340,PATROL,0
182.426,0.0339,0.0340,PATROL,0
182.460,0.0339,0.0340,PATROL,0
182.494,0.0341,0.0340,PATROL,0
182.528,0.0340,0.0340,PATROL,0
182.562,0.0340,0.0340,PATROL,0
182.596,0.0341,0.0340,PATROL,0
182.630,0.0340,0.0340,PATROL,0
182.664,0.0339,0.0340,PATROL,0
182.698,0.0340,0.0340,PATROL,0
182.732,0.0340,0.0340,PATROL,0
182.766,0.0341,0.0340,PATROL,0
182.800,0.0341,0.0340,PATROL,0
182.834,0.0340,0.0340,PATROL,0
182.868,0.0341,0.0340,PATROL,0
182.902,0.0338,0.0340,PATROL,0
182.936,0.0342,0.0340,PATROL,0
182.970,0.0339,0.0340,PATROL,0
183.004,0.0340,0.0340,PATROL,0
183.038,0.0340,0.0340,PATROL,0
183.072,0.0341,0.0340,PATROL,0
183.106,0.0339,0.0340,PATROL,0
183.140,0.0340,0.0340,PATROL,0
183.174,0.0341,0.0340,PATROL,0
183.208,0.0339,0.0340,PATROL,0
183.242,0.0340,0.0340,PATROL,0
183.277,0.0344,0.0340,PATROL,0
183.310,0.0338,0.0340,PATROL,0
183.344,0.0339,0.0340,PATROL,0
183.378,0.0341,0.0340,PATROL,0
183.412,0.0340,0.0340,PATROL,0
183.446,0.0340,0.0340,PATROL,0
183.480,0.0341,0.0340,PATROL,0
183.514,0.0339,0.0340,PATROL,0
183.548,0.0341,0.0340,PATROL,0
183.583,0.0341,0.0340,PATROL,0
183.617,0.0341,0.0340,PATROL,0
183.651,0.0340,0.0340,PATROL,0
183.685,0.0340,0.0340,PATROL,0
183.719,0.0341,0.0340,PATROL,0
183.752,0.0338,0.0340,PATROL,0
183.786,0.0340,0.0340,PATROL,0
183.821,0.0341,0.0340,PATROL,0
183.855,0.0341,0.0340,PATROL,0
183.889,0.0340,0.0340,PATROL,0
183.923,0.0338,0.0340,PATROL,0
183.957,0.0341,0.0340,PATROL,0
183.990,0.0339,0.0340,PATROL,0
184.025,0.0341,0.0340,PATROL,0
184.059,0.0342,0.0340,PATROL,0
184.093,0.0339,0.0340,PATROL,0
184.127,0.0340,0.0340,PATROL,0
184.161,0.0342,0.0340,PATROL,0
184.195,0.0339,0.0340,PATROL,0
184.229,0.0344,0.0340,PATROL,0
184.263,0.0336,0.0340,PATROL,0
184.297,0.0341,0.0340,PATROL,0
184.331,0.0340,0.0340,PATROL,0
184.365,0.0339,0.0340,PATROL,0
184.399,0.0341,0.0340,PATROL,0
184.433,0.0340,0.0340,PATROL,0
184.467,0.0343,0.0340,PATROL,0
184.501,0.0339,0.0340,PATROL,0
184.535,0.0340,0.0340,PATROL,0
184.569,0.0345,0.0340,PATROL,0
184.603,0.0339,0.0340,PATROL,0
184.637,0.0340,0.0340,PATROL,0
184.671,0.0337,0.0340,PATROL,0
184.705,0.0341,0.0340,PATROL,0
184.739,0.0339,0.0340,PATROL,0
184.773,0.0339,0.0340,PATROL,0
184.807,0.0342,0.0340,PATROL,0
184.841,0.0339,0.0340,PATROL,0
184.875,0.0340,0.0340,PATROL,0
184.909,0.0341,0.0340,PATROL,0
184.943,0.0340,0.0340,PATROL,0
184.977,0.0339,0.0340,PATROL,0
185.011,0.0340,0.0340,PATROL,0
185.046,0.0345,0.0340,PATROL,0
185.079,0.0336,0.0340,PATROL,0
185.113,0.0341,0.0340,PATROL,0
185.147,0.0340,0.0340,PATROL,0
185.181,0.0339,0.0340,PATROL,0
185.215,0.0340,0.0340,PATROL,0
185.249,0.0343,0.0340,PATROL,0
185.283,0.0338,0.0340,PATROL,0
185.317,0.0340,0.0340,PATROL,0
185.351,0.0340,0.0340,PATROL,0
185.386,0.0343,0.0340,PATROL,0
185.419,0.0337,0.0340,PATROL,0
185.453,0.0341,0.0340,PATROL,0
185.487,0.0339,0.0340,PATROL,0
185.521,0.0341,0.0340,PATROL,0
185.556,0.0341,0.0340,PATROL,0
185.589,0.0339,0.0340,PATROL,0
185.624,0.0342,0.0340,PATROL,0
185.658,0.0339,0.0340,PATROL,0
185.692,0.0342,0.0340,PATROL,0
185.725,0.0337,0.0340,PATROL,0
185.760,0.0340,0.0340,PATROL,0
185.794,0.0341,0.0340,PATROL,0
185.828,0.0340,0.0340,PATROL,0
185.862,0.0340,0.0340,PATROL,0
185.895,0.0339,0.0340,PATROL,0
185.930,0.0340,0.0340,PATROL,0
185.964,0.0341,0.0340,PATROL,0
185.998,0.0340,0.0340,PATROL,0
186.032,0.0339,0.0340,PATROL,0
186.066,0.0341,0.0340,PATROL,0
186.100,0.0343,0.0340,PATROL,0
186.134,0.0338,0.0340,PATROL,0
186.168,0.0343,0.0340,PATROL,0
186.202,0.0337,0.0340,PATROL,0
186.236,0.0342,0.0340,PATROL,0
186.270,0.0339,0.0340,PATROL,0
186.304,0.0343,0.0340,PATROL,0
186.338,0.0341,0.0340,PATROL,0
186.372,0.0338,0.0340,PATROL,0
186.406,0.0340,0.0340,PATROL,0
186.440,0.0340,0.0340,PATROL,0
186.474,0.0340,0.0340,PATROL,0
186.508,0.0341,0.0340,PATROL,0
186.542,0.0340,0.0340,PATROL,0
186.576,0.0339,0.0340,PATROL,0
186.610,0.0341,0.0340,PATROL,0
186.644,0.0339,0.0340,PATROL,0
186.678,0.0345,0.0340,PATROL,0
186.712,0.0336,0.0340,PATROL,0
186.746,0.0339,0.0340,PATROL,0
186.780,0.0340,0.0340,PATROL,0
186.814,0.0345,0.0340,PATROL,0
186.848,0.0336,0.0340,PATROL,0
186.882,0.0341,0.0340,PATROL,0
186.916,0.0342,0.0340,PATROL,0
186.950,0.0339,0.0340,PATROL,0
186.984,0.0340,0.0340,PATROL,0
187.018,0.0340,0.0340,PATROL,0
187.052,0.0342,0.0340,PATROL,0
187.086,0.0339,0.0340,PATROL,0
187.120,0.0340,0.0340,PATROL,0
187.154,0.0342,0.0340,PATROL,0
187.189,0.0341,0.0340,PATROL,0
187.222,0.0339,0.0340,PATROL,0
187.257,0.0341,0.0340,PATROL,0
187.291,0.0340,0.0340,PATROL,0
187.325,0.0341,0.0340,PATROL,0
187.359,0.0339,0.0340,PATROL,0
187.392,0.0339,0.0340,PATROL,0
187.427,0.0342,0.0340,PATROL,0
187.460,0.0337,0.0340,PATROL,0
187.495,0.0342,0.0340,PATROL,0
187.529,0.0343,0.0340,PATROL,0
187.563,0.0343,0.0340,PATROL,0
187.597,0.0334,0.0340,PATROL,0
187.631,0.0340,0.0340,PATROL,0
187.665,0.0341,0.0340,PATROL,0
187.699,0.0342,0.0340,PATROL,0
187.733,0.0340,0.0340,PATROL,0
187.767,0.0339,0.0340,PATROL,0
187.801,0.0339,0.0340,PATROL,0
187.835,0.0340,0.0340,PATROL,0
187.869,0.0342,0.0340,PATROL,0
187.903,0.0338,0.0340,PATROL,0
187.937,0.0340,0.0340,PATROL,0
187.971,0.0343,0.0340,PATROL,0
188.005,0.0341,0.0340,PATROL,0
188.039,0.0340,0.0340,PATROL,0
188.073,0.0338,0.0340,PATROL,0
188.107,0.0341,0.0340,PATROL,0
188.141,0.0341,0.0340,PATROL,0
188.175,0.0340,0.0340,PATROL,0
188.209,0.0339,0.0340,PATROL,0
188.243,0.0341,0.0340,PATROL,0
188.277,0.0339,0.0340,PATROL,0
188.311,0.0342,0.0340,PATROL,0
188.345,0.0339,0.0340,PATROL,0
188.379,0.0340,0.0340,PATROL,0
188.413,0.0341,0.0340,PATROL,0
188.447,0.0339,0.0340,PATROL,0
188.481,0.0341,0.0340,PATROL,0
188.515,0.0339,0.0340,PATROL,0
188.549,0.0340,0.0340,PATROL,0
188.583,0.0341,0.0340,PATROL,0
188.617,0.0340,0.0340,PATROL,0
188.651,0.0341,0.0340,PATROL,0
188.685,0.0340,0.0340,PATROL,0
188.719,0.0340,0.0340,PATROL,0
188.753,0.0342,0.0340,PATROL,0
188.787,0.0339,0.0340,PATROL,0
188.821,0.0340,0.0340,PATROL,0
188.855,0.0341,0.0340,PATROL,0
188.889,0.0340,0.0340,PATROL,0
188.924,0.0343,0.0340,PATROL,0
188.957,0.0338,0.0340,PATROL,0
188.992,0.0341,0.0340,PATROL,0
189.026,0.0340,0.0340,PATROL,0
189.060,0.0341,0.0340,PATROL,0
189.093,0.0338,0.0340,PATROL,0
189.128,0.0343,0.0340,PATROL,0
189.162,0.0339,0.0340,PATROL,0
189.196,0.0339,0.0340,PATROL,0
189.230,0.0341,0.0340,PATROL,0
189.264,0.0340,0.0340,PATROL,0
189.298,0.0341,0.0340,PATROL,0
189.332,0.0339,0.0340,PATROL,0
189.366,0.0343,0.0340,PATROL,0
189.400,0.0339,0.0340,PATROL,0
189.434,0.0338,0.0340,PATROL,0
189.468,0.0344,0.0340,PATROL,0
189.502,0.0339,0.0340,PATROL,0
189.536,0.0337,0.0340,PATROL,0
189.570,0.0341,0.0340,PATROL,0
189.604,0.0339,0.0340,PATROL,0
189.638,0.0341,0.0340,PATROL,0
189.672,0.0343,0.0340,PATROL,0
189.706,0.0336,0.0340,PATROL,0
189.740,0.0339,0.0340,PATROL,0
189.774,0.0341,0.0340,PATROL,0
189.808,0.0343,0.0340,PATROL,0
189.841,0.0336,0.0340,PATROL,0
189.875,0.0340,0.0340,PATROL,0
189.910,0.0341,0.0340,PATROL,0
189.944,0.0344,0.0340,PATROL,0
189.978,0.0340,0.0340,PATROL,0
190.012,0.0336,0.0340,PATROL,0
190.046,0.0339,0.0340,PATROL,0
190.080,0.0342,0.0340,PATROL,0
190.114,0.0338,0.0340,PATROL,0
190.147,0.0339,0.0340,PATROL,0
190.182,0.0341,0.0340,PATROL,0
190.216,0.0342,0.0340,PATROL,0
190.249,0.0338,0.0340,PATROL,0
190.284,0.0342,0.0340,PATROL,0
190.318,0.0339,0.0340,PATROL,0
190.352,0.0341,0.0340,PATROL,0
190.386,0.0340,0.0340,PATROL,0
190.420,0.0340,0.0340,PATROL,0
190.453,0.0340,0.0340,PATROL,0
190.488,0.0341,0.0340,PATROL,0
190.521,0.0339,0.0340,PATROL,0
190.556,0.0341,0.0340,PATROL,0
190.590,0.0340,0.0340,PATROL,0
190.624,0.0340,0.0340,PATROL,0
190.658,0.0340,0.0340,PATROL,0
190.692,0.0343,0.0340,PATROL,0
190.726,0.0341,0.0340,PATROL,0
190.760,0.0343,0.0340,PATROL,0
190.794,0.0338,0.0340,PATROL,0
190.828,0.0342,0.0340,PATROL,0
190.862,0.0339,0.0340,PATROL,0
190.896,0.0340,0.0340,PATROL,0
190.930,0.0341,0.0340,PATROL,0
190.965,0.0341,0.0340,PATROL,0
190.999,0.0341,0.0340,PATROL,0
191.033,0.0339,0.0340,PATROL,0
191.067,0.0341,0.0340,PATROL,0
191.101,0.0340,0.0340,PATROL,0
191.135,0.0340,0.0340,PATROL,0
191.169,0.0341,0.0340,PATROL,0
191.203,0.0339,0.0340,PATROL,0
191.237,0.0342,0.0340,PATROL,0
191.271,0.0342,0.0340,PATROL,0
191.305,0.0339,0.0340,PATROL,0
191.339,0.0338,0.0340,PATROL,0
191.373,0.0343,0.0340,PATROL,0
191.407,0.0337,0.0340,PATROL,0
191.441,0.0341,0.0340,PATROL,0
191.475,0.0339,0.0340,PATROL,0
191.509,0.0341,0.0340,PATROL,0
191.543,0.0340,0.0340,PATROL,0
191.577,0.0341,0.0340,PATROL,0
191.611,0.0341,0.0340,PATROL,0
191.645,0.0338,0.0340,PATROL,0
191.679,0.0340,0.0340,PATROL,0
191.713,0.0341,0.0340,PATROL,0
191.747,0.0341,0.0340,PATROL,0
191.781,0.0339,0.0340,PATROL,0
191.815,0.0342,0.0340,PATROL,0
191.849,0.0339,0.0340,PATROL,0
191.883,0.0338,0.0340,PATROL,0
191.917,0.0340,0.0340,PATROL,0
191.951,0.0343,0.0340,PATROL,0
191.985,0.0337,0.0340,PATROL,0
192.019,0.0341,0.0340,PATROL,0
192.053,0.0340,0.0340,PATROL,0
192.087,0.0342,0.0340,PATROL,0
192.121,0.0339,0.0340,PATROL,0
192.155,0.0341,0.0340,PATROL,0
192.189,0.0340,0.0340,PATROL,0
192.223,0.0340,0.0340,PATROL,0
192.257,0.0340,0.0340,PATROL,0
192.291,0.0340,0.0340,PATROL,0
192.325,0.0339,0.0340,PATROL,0
192.359,0.0340,0.0340,PATROL,0
192.393,0.0341,0.0340,PATROL,0
192.427,0.0339,0.0340,PATROL,0
192.461,0.0340,0.0340,PATROL,0
192.495,0.0341,0.0340,PATROL,0
192.530,0.0343,0.0340,PATROL,0
192.563,0.0336,0.0340,PATROL,0
192.598,0.0345,0.0340,PATROL,0
192.631,0.0337,0.0340,PATROL,0
192.665,0.0339,0.0340,PATROL,0
192.699,0.0342,0.0340,PATROL,0
192.733,0.0339,0.0340,PATROL,0
192.767,0.0341,0.0340,PATROL,0
192.801,0.0339,0.0340,PATROL,0
192.835,0.0339,0.0340,PATROL,0
192.869,0.0341,0.0340,PATROL,0
192.903,0.0341,0.0340,PATROL,0
192.937,0.0339,0.0340,PATROL,0
192.972,0.0342,0.0340,PATROL,0
193.006,0.0340,0.0340,PATROL,0
193.039,0.0339,0.0340,PATROL,0
193.074,0.0343,0.0340,PATROL,0
193.107,0.0338,0.0340,PATROL,0
193.142,0.0342,0.0340,PATROL,0
193.176,0.0340,0.0340,PATROL,0
193.209,0.0338,0.0340,PATROL,0
193.244,0.0341,0.0340,PATROL,0
193.278,0.0340,0.0340,PATROL,0
193.312,0.0340,0.0340,PATROL,0
193.346,0.0340,0.0340,PATROL,0
193.379,0.0339,0.0340,PATROL,0
193.414,0.0340,0.0340,PATROL,0
193.448,0.0340,0.0340,PATROL,0
193.482,0.0340,0.0340,PATROL,0
193.516,0.0345,0.0340,PATROL,0
193.550,0.0337,0.0340,PATROL,0
193.584,0.0340,0.0340,PATROL,0
193.618,0.0339,0.0340,PATROL,0
193.652,0.0340,0.0340,PATROL,0
193.686,0.0340,0.0340,PATROL,0
193.720,0.0341,0.0340,PATROL,0
193.754,0.0340,0.0340,PATROL,0
193.788,0.0340,0.0340,PATROL,0
193.822,0.0341,0.0340,PATROL,0
193.856,0.0338,0.0340,PATROL,0
193.890,0.0342,0.0340,PATROL,0
193.924,0.0339,0.0340,PATROL,0
193.958,0.0341,0.0340,PATROL,0
193.992,0.0340,0.0340,PATROL,0
194.026,0.0340,0.0340,PATROL,0
194.060,0.0339,0.0340,PATROL,0
194.094,0.0344,0.0340,PATROL,0
194.128,0.0339,0.0340,PATROL,0
194.162,0.0342,0.0340,PATROL,0
194.196,0.0339,0.0340,PATROL,0
194.230,0.0339,0.0340,PATROL,0
194.264,0.0340,0.0340,PATROL,0
194.298,0.0340,0.0340,PATROL,0
194.332,0.0340,0.0340,PATROL,0
194.366,0.0340,0.0340,PATROL,0
194.400,0.0339,0.0340,PATROL,0
194.434,0.0340,0.0340,PATROL,0
194.468,0.0341,0.0340,PATROL,0
194.502,0.0341,0.0340,PATROL,0
194.536,0.0340,0.0340,PATROL,0
194.570,0.0340,0.0340,PATROL,0
194.604,0.0340,0.0340,PATROL,0
194.638,0.0340,0.0340,PATROL,0
194.672,0.0343,0.0340,PATROL,0
194.706,0.0339,0.0340,PATROL,0
194.740,0.0340,0.0340,PATROL,0
194.775,0.0344,0.0340,PATROL,0
194.809,0.0338,0.0340,PATROL,0
194.843,0.0341,0.0340,PATROL,0
194.876,0.0338,0.0340,PATROL,0
194.910,0.0340,0.0340,PATROL,0
194.944,0.0340,0.0340,PATROL,0
194.978,0.0341,0.0340,PATROL,0
195.012,0.0340,0.0340,PATROL,0
195.047,0.0341,0.0340,PATROL,0
195.080,0.0339,0.0340,PATROL,0
195.114,0.0339,0.0340,PATROL,0
195.148,0.0341,0.0340,PATROL,0
195.183,0.0341,0.0340,PATROL,0
195.216,0.0339,0.0340,PATROL,0
195.251,0.0341,0.0340,PATROL,0
195.284,0.0339,0.0340,PATROL,0
195.318,0.0340,0.0340,PATROL,0
195.352,0.0340,0.0340,PATROL,0
195.387,0.0342,0.0340,PATROL,0
195.421,0.0339,0.0340,PATROL,0
195.455,0.0340,0.0340,PATROL,0
195.489,0.0341,0.0340,PATROL,0
195.523,0.0339,0.0340,PATROL,0
195.557,0.0342,0.0340,PATROL,0
195.591,0.0341,0.0340,PATROL,0
195.625,0.0338,0.0340,PATROL,0
195.659,0.0340,0.0340,PATROL,0
195.693,0.0341,0.0340,PATROL,0
195.727,0.0340,0.0340,PATROL,0
195.761,0.0339,0.0340,PATROL,0
195.795,0.0341,0.0340,PATROL,0
195.829,0.0339,0.0340,PATROL,0
195.863,0.0343,0.0340,PATROL,0
195.897,0.0337,0.0340,PATROL,0
195.931,0.0341,0.0340,PATROL,0
195.965,0.0339,0.0340,PATROL,0
195.999,0.0343,0.0340,PATROL,0
196.033,0.0337,0.0340,PATROL,0
196.067,0.0342,0.0340,PATROL,0
196.101,0.0340,0.0340,PATROL,0
196.135,0.0341,0.0340,PATROL,0
196.169,0.0340,0.0340,PATROL,0
196.203,0.0341,0.0340,PATROL,0
196.237,0.0340,0.0340,PATROL,0
196.271,0.0339,0.0340,PATROL,0
196.305,0.0341,0.0340,PATROL,0
196.339,0.0340,0.0340,PATROL,0
196.373,0.0341,0.0340,PATROL,0
196.407,0.0341,0.0340,PATROL,0
196.441,0.0340,0.0340,PATROL,0
196.475,0.0340,0.0340,PATROL,0
196.509,0.0339,0.0340,PATROL,0
196.543,0.0341,0.0340,PATROL,0
196.577,0.0339,0.0340,PATROL,0
196.611,0.0339,0.0340,PATROL,0
196.645,0.0340,0.0340,PATROL,0
196.679,0.0342,0.0340,PATROL,0
196.713,0.0340,0.0340,PATROL,0
196.747,0.0342,0.0340,PATROL,0
196.781,0.0337,0.0340,PATROL,0
196.815,0.0340,0.0340,PATROL,0
196.849,0.0340,0.0340,PATROL,0
196.884,0.0343,0.0340,PATROL,0
196.917,0.0338,0.0340,PATROL,0
196.951,0.0342,0.0340,PATROL,0
196.985,0.0340,0.0340,PATROL,0
197.019,0.0340,0.0340,PATROL,0
197.053,0.0340,0.0340,PATROL,0
197.088,0.0341,0.0340,PATROL,0
197.121,0.0340,0.0340,PATROL,0
197.155,0.0338,0.0340,PATROL,0
197.189,0.0340,0.0340,PATROL,0
197.224,0.0343,0.0340,PATROL,0
197.258,0.0339,0.0340,PATROL,0
197.291,0.0339,0.0340,PATROL,0
197.325,0.0341,0.0340,PATROL,0
197.360,0.0341,0.0340,PATROL,0
197.394,0.0341,0.0340,PATROL,0
197.428,0.0340,0.0340,PATROL,0
197.462,0.0339,0.0340,PATROL,0
197.496,0.0341,0.0340,PATROL,0
197.530,0.0340,0.0340,PATROL,0
197.564,0.0339,0.0340,PATROL,0
197.598,0.0340,0.0340,PATROL,0
197.632,0.0340,0.0340,PATROL,0
197.666,0.0341,0.0340,PATROL,0
197.700,0.0338,0.0340,PATROL,0
197.734,0.0341,0.0340,PATROL,0
197.768,0.0342,0.0340,PATROL,0
197.802,0.0338,0.0340,PATROL,0
197.836,0.0340,0.0340,PATROL,0
197.870,0.0342,0.0340,PATROL,0
197.904,0.0339,0.0340,PATROL,0
197.938,0.0340,0.0340,PATROL,0
197.972,0.0340,0.0340,PATROL,0
198.006,0.0342,0.0340,PATROL,0
198.040,0.0339,0.0340,PATROL,0
198.074,0.0339,0.0340,PATROL,0
198.108,0.0340,0.0340,PATROL,0
198.142,0.0340,0.0340,PATROL,0
198.176,0.0342,0.0340,PATROL,0
198.210,0.0339,0.0340,PATROL,0
198.244,0.0341,0.0340,PATROL,0
198.278,0.0339,0.0340,PATROL,0
198.312,0.0339,0.0340,PATROL,0
198.346,0.0342,0.0340,PATROL,0
198.380,0.0338,0.0340,PATROL,0
198.414,0.0340,0.0340,PATROL,0
198.448,0.0341,0.0340,PATROL,0
198.482,0.0339,0.0340,PATROL,0
198.516,0.0341,0.0340,PATROL,0
198.550,0.0341,0.0340,PATROL,0
198.584,0.0342,0.0340,PATROL,0
198.618,0.0338,0.0340,PATROL,0
198.653,0.0343,0.0340,PATROL,0
198.686,0.0337,0.0340,PATROL,0
198.720,0.0339,0.0340,PATROL,0
198.754,0.0341,0.0340,PATROL,0
198.788,0.0339,0.0340,PATROL,0
198.822,0.0340,0.0340,PATROL,0
198.856,0.0342,0.0340,PATROL,0
198.890,0.0339,0.0340,PATROL,0
198.924,0.0341,0.0340,PATROL,0
198.958,0.0340,0.0340,PATROL,0
198.992,0.0339,0.0340,PATROL,0
199.026,0.0341,0.0340,PATROL,0
199.060,0.0341,0.0340,PATROL,0
199.094,0.0339,0.0340,PATROL,0
199.128,0.0339,0.0340,PATROL,0
199.162,0.0341,0.0340,PATROL,0
199.196,0.0339,0.0340,PATROL,0
199.230,0.0341,0.0340,PATROL,0
199.265,0.0341,0.0340,PATROL,0
199.298,0.0338,0.0340,PATROL,0
199.332,0.0340,0.0340,PATROL,0
199.366,0.0340,0.0340,PATROL,0
199.400,0.0340,0.0340,PATROL,0
199.435,0.0341,0.0340,PATROL,0
199.468,0.0339,0.0340,PATROL,0
199.503,0.0341,0.0340,PATROL,0
199.536,0.0339,0.0340,PATROL,0
199.570,0.0340,0.0340,PATROL,0
199.605,0.0346,0.0340,PATROL,0
199.639,0.0341,0.0340,PATROL,0
199.673,0.0341,0.0340,PATROL,0
199.707,0.0337,0.0340,PATROL,0
199.741,0.0338,0.0340,PATROL,0
199.775,0.0341,0.0340,PATROL,0
199.809,0.0339,0.0340,PATROL,0
199.843,0.0340,0.0340,PATROL,0
199.877,0.0341,0.0340,PATROL,0
199.911,0.0339,0.0340,PATROL,0
199.945,0.0339,0.0340,PATROL,0
199.979,0.0342,0.0340,PATROL,0
200.013,0.0338,0.0340,PATROL,0
200.047,0.0341,0.0340,PATROL,0
200.081,0.0339,0.0340,PATROL,0
200.115,0.0340,0.0340,PATROL,0
200.149,0.0342,0.0340,PATROL,0
200.183,0.0340,0.0340,PATROL,0
200.217,0.0340,0.0340,PATROL,0
200.251,0.0342,0.0340,PATROL,0
200.285,0.0340,0.0340,PATROL,0
200.319,0.0340,0.0340,PATROL,0
200.353,0.0340,0.0340,PATROL,0
200.387,0.0339,0.0340,PATROL,0
200.421,0.0342,0.0340,PATROL,0
200.455,0.0339,0.0340,PATROL,0
200.489,0.0341,0.0340,PATROL,0
200.523,0.0339,0.0340,PATROL,0
200.557,0.0341,0.0340,PATROL,0
200.591,0.0340,0.0340,PATROL,0
200.625,0.0341,0.0340,PATROL,0
200.659,0.0339,0.0340,PATROL,0
200.693,0.0342,0.0340,PATROL,0
200.727,0.0338,0.0340,PATROL,0
200.761,0.0340,0.0340,PATROL,0
200.795,0.0340,0.0340,PATROL,0
200.829,0.0341,0.0340,PATROL,0
200.863,0.0340,0.0340,PATROL,0
200.897,0.0341,0.0340,PATROL,0
200.931,0.0339,0.0340,PATROL,0
200.965,0.0341,0.0340,PATROL,0
200.999,0.0339,0.0340,PATROL,0
201.033,0.0342,0.0340,PATROL,0
201.067,0.0340,0.0340,PATROL,0
201.102,0.0342,0.0340,PATROL,0
201.135,0.0339,0.0340,PATROL,0
201.169,0.0339,0.0340,PATROL,0
201.203,0.0341,0.0340,PATROL,0
201.238,0.0342,0.0340,PATROL,0
201.272,0.0341,0.0340,PATROL,0
201.306,0.0339,0.0340,PATROL,0
201.340,0.0341,0.0340,PATROL,0
201.374,0.0339,0.0340,PATROL,0
201.408,0.0340,0.0340,PATROL,0
201.441,0.0339,0.0340,PATROL,0
201.476,0.0340,0.0340,PATROL,0
201.510,0.0342,0.0340,PATROL,0
201.544,0.0342,0.0340,PATROL,0
201.578,0.0339,0.0340,PATROL,0
201.612,0.0339,0.0340,PATROL,0
201.646,0.0339,0.0340,PATROL,0
201.680,0.0340,0.0340,PATROL,0
201.714,0.0344,0.0340,PATROL,0
201.748,0.0336,0.0340,PATROL,0
201.782,0.0340,0.0340,PATROL,0
201.816,0.0342,0.0340,PATROL,0
201.850,0.0338,0.0340,PATROL,0
201.884,0.0341,0.0340,PATROL,0
201.918,0.0339,0.0340,PATROL,0
201.952,0.0341,0.0340,PATROL,0
201.986,0.0340,0.0340,PATROL,0
202.020,0.0341,0.0340,PATROL,0
202.054,0.0341,0.0340,PATROL,0
202.088,0.0340,0.0340,PATROL,0
202.122,0.0340,0.0340,PATROL,0
202.156,0.0340,0.0340,PATROL,0
202.190,0.0340,0.0340,PATROL,0
202.224,0.0340,0.0340,PATROL,0
202.258,0.0339,0.0340,PATROL,0
202.292,0.0340,0.0340,PATROL,0
202.326,0.0342,0.0340,PATROL,0
202.360,0.0341,0.0340,PATROL,0
202.394,0.0338,0.0340,PATROL,0
202.428,0.0340,0.0340,PATROL,0
202.462,0.0343,0.0340,PATROL,0
202.496,0.0339,0.0340,PATROL,0
202.530,0.0338,0.0340,PATROL,0
202.564,0.0340,0.0340,PATROL,0
202.598,0.0342,0.0340,PATROL,0
202.632,0.0340,0.0340,PATROL,0
202.666,0.0340,0.0340,PATROL,0
202.700,0.0339,0.0340,PATROL,0
202.734,0.0340,0.0340,PATROL,0
202.768,0.0340,0.0340,PATROL,0
202.802,0.0340,0.0340,PATROL,0
202.836,0.0341,0.0340,PATROL,0
202.870,0.0340,0.0340,PATROL,0
202.904,0.0341,0.0340,PATROL,0
202.938,0.0339,0.0340,PATROL,0
202.972,0.0342,0.0340,PATROL,0
203.006,0.0338,0.0340,PATROL,0
203.040,0.0340,0.0340,PATROL,0
203.074,0.0341,0.0340,PATROL,0
203.108,0.0341,0.0340,PATROL,0
203.142,0.0339,0.0340,PATROL,0
203.177,0.0342,0.0340,PATROL,0
203.211,0.0341,0.0340,PATROL,0
203.245,0.0339,0.0340,PATROL,0
203.279,0.0343,0.0340,PATROL,0
203.313,0.0337,0.0340,PATROL,0
203.347,0.0341,0.0340,PATROL,0
203.381,0.0340,0.0340,PATROL,0
203.415,0.0340,0.0340,PATROL,0
203.449,0.0340,0.0340,PATROL,0
203.483,0.0340,0.0340,PATROL,0
203.516,0.0338,0.0340,PATROL,0
203.550,0.0340,0.0340,PATROL,0
203.584,0.0340,0.0340,PATROL,0
203.619,0.0340,0.0340,PATROL,0
203.653,0.0341,0.0340,PATROL,0
203.687,0.0342,0.0340,PATROL,0
203.721,0.0338,0.0340,PATROL,0
203.755,0.0340,0.0340,PATROL,0
203.789,0.0341,0.0340,PATROL,0
203.823,0.0339,0.0340,PATROL,0
203.857,0.0342,0.0340,PATROL,0
203.891,0.0339,0.0340,PATROL,0
203.925,0.0340,0.0340,PATROL,0
203.959,0.0342,0.0340,PATROL,0
203.993,0.0341,0.0340,PATROL,0
204.027,0.0338,0.0340,PATROL,0
204.061,0.0341,0.0340,PATROL,0
204.095,0.0341,0.0340,PATROL,0
204.129,0.0339,0.0340,PATROL,0
204.163,0.0341,0.0340,PATROL,0
204.197,0.0340,0.0340,PATROL,0
204.231,0.0340,0.0340,PATROL,0
204.265,0.0340,0.0340,PATROL,0
204.299,0.0341,0.0340,PATROL,0
204.333,0.0339,0.0340,PATROL,0
204.367,0.0342,0.0340,PATROL,0
204.401,0.0340,0.0340,PATROL,0
204.435,0.0339,0.0340,PATROL,0
204.469,0.0340,0.0340,PATROL,0
204.503,0.0341,0.0340,PATROL,0
204.537,0.0340,0.0340,PATROL,0
204.571,0.0340,0.0340,PATROL,0
204.605,0.0341,0.0340,PATROL,0
204.639,0.0338,0.0340,PATROL,0
204.673,0.0341,0.0340,PATROL,0
204.707,0.0340,0.0340,PATROL,0
204.741,0.0340,0.0340,PATROL,0
204.775,0.0341,0.0340,PATROL,0
204.809,0.0340,0.0340,PATROL,0
204.843,0.0340,0.0340,PATROL,0
204.878,0.0343,0.0340,PATROL,0
204.911,0.0339,0.0340,PATROL,0
204.945,0.0339,0.0340,PATROL,0
204.980,0.0343,0.0340,PATROL,0
205.014,0.0339,0.0340,PATROL,0
205.048,0.0340,0.0340,PATROL,0
205.081,0.0338,0.0340,PATROL,0
205.116,0.0343,0.0340,PATROL,0
205.149,0.0338,0.0340,PATROL,0
205.184,0.0340,0.0340,PATROL,0
205.217,0.0340,0.0340,PATROL,0
205.251,0.0339,0.0340,PATROL,0
205.285,0.0341,0.0340,PATROL,0
205.320,0.0341,0.0340,PATROL,0
205.353,0.0338,0.0340,PATROL,0
205.388,0.0344,0.0340,PATROL,0
205.422,0.0339,0.0340,PATROL,0
205.456,0.0339,0.0340,PATROL,0
205.490,0.0341,0.0340,PATROL,0
205.524,0.0341,0.0340,PATROL,0
205.558,0.0338,0.0340,PATROL,0
205.592,0.0340,0.0340,PATROL,0
205.626,0.0340,0.0340,PATROL,0
205.660,0.0340,0.0340,PATROL,0
205.693,0.0338,0.0340,PATROL,0
205.728,0.0343,0.0340,PATROL,0
205.762,0.0338,0.0340,PATROL,0
205.795,0.0340,0.0340,PATROL,0
205.830,0.0340,0.0340,PATROL,0
205.864,0.0342,0.0340,PATROL,0
205.898,0.0338,0.0340,PATROL,0
205.932,0.0341,0.0340,PATROL,0
205.966,0.0339,0.0340,PATROL,0
205.999,0.0339,0.0340,PATROL,0
206.034,0.0341,0.0340,PATROL,0
206.068,0.0340,0.0340,PATROL,0
206.102,0.0342,0.0340,PATROL,0
206.136,0.0339,0.0340,PATROL,0
206.170,0.0340,0.0340,PATROL,0
206.204,0.0342,0.0340,PATROL,0
206.238,0.0342,0.0340,PATROL,0
206.272,0.0339,0.0340,PATROL,0
206.306,0.0339,0.0340,PATROL,0
206.340,0.0342,0.0340,PATROL,0
206.374,0.0341,0.0340,PATROL,0
206.408,0.0340,0.0340,PATROL,0
206.442,0.0339,0.0340,PATROL,0
206.476,0.0341,0.0340,PATROL,0
206.510,0.0341,0.0340,PATROL,0
206.544,0.0338,0.0340,PATROL,0
206.578,0.0341,0.0340,PATROL,0
206.612,0.0340,0.0340,PATROL,0
206.646,0.0339,0.0340,PATROL,0
206.680,0.0341,0.0340,PATROL,0
206.714,0.0341,0.0340,PATROL,0
206.748,0.0340,0.0340,PATROL,0
206.782,0.0339,0.0340,PATROL,0
206.816,0.0342,0.0340,PATROL,0
206.850,0.0339,0.0340,PATROL,0
206.884,0.0340,0.0340,PATROL,0
206.919,0.0343,0.0340,PATROL,0
206.952,0.0337,0.0340,PATROL,0
206.986,0.0342,0.0340,PATROL,0
207.020,0.0339,0.0340,PATROL,0
207.054,0.0341,0.0340,PATROL,0
207.088,0.0339,0.0340,PATROL,0
207.122,0.0340,0.0340,PATROL,0
207.157,0.0341,0.0340,PATROL,0
207.191,0.0341,0.0340,PATROL,0
207.225,0.0340,0.0340,PATROL,0
207.259,0.0341,0.0340,PATROL,0
207.293,0.0339,0.0340,PATROL,0
207.327,0.0341,0.0340,PATROL,0
207.361,0.0339,0.0340,PATROL,0
207.395,0.0341,0.0340,PATROL,0
207.429,0.0341,0.0340,PATROL,0
207.463,0.0340,0.0340,PATROL,0
207.497,0.0340,0.0340,PATROL,0
207.531,0.0340,0.0340,PATROL,0
207.565,0.0341,0.0340,PATROL,0
207.599,0.0342,0.0340,PATROL,0
207.633,0.0341,0.0340,PATROL,0
207.667,0.0342,0.0340,PATROL,0
207.701,0.0338,0.0340,PATROL,0
207.735,0.0341,0.0340,PATROL,0
207.769,0.0339,0.0340,PATROL,0
207.803,0.0339,0.0340,PATROL,0
207.837,0.0342,0.0340,PATROL,0
207.871,0.0339,0.0340,PATROL,0
207.905,0.0341,0.0340,PATROL,0
207.939,0.0338,0.0340,PATROL,0
207.973,0.0340,0.0340,PATROL,0
208.007,0.0341,0.0340,PATROL,0
208.041,0.0340,0.0340,PATROL,0
208.075,0.0340,0.0340,PATROL,0
208.109,0.0339,0.0340,PATROL,0
208.143,0.0340,0.0340,PATROL,0
208.177,0.0342,0.0340,PATROL,0
208.211,0.0340,0.0340,PATROL,0
208.245,0.0340,0.0340,PATROL,0
208.279,0.0341,0.0340,PATROL,0
208.313,0.0340,0.0340,PATROL,0
208.347,0.0340,0.0340,PATROL,0
208.381,0.0342,0.0340,PATROL,0
208.415,0.0339,0.0340,PATROL,0
208.449,0.0339,0.0340,PATROL,0
208.483,0.0341,0.0340,PATROL,0
208.517,0.0339,0.0340,PATROL,0
208.551,0.0341,0.0340,PATROL,0
208.585,0.0340,0.0340,PATROL,0
208.619,0.0341,0.0340,PATROL,0
208.653,0.0340,0.0340,PATROL,0
208.687,0.0340,0.0340,PATROL,0
208.722,0.0342,0.0340,PATROL,0
208.756,0.0340,0.0340,PATROL,0
208.789,0.0339,0.0340,PATROL,0
208.823,0.0339,0.0340,PATROL,0
208.858,0.0342,0.0340,PATROL,0
208.892,0.0341,0.0340,PATROL,0
208.925,0.0338,0.0340,PATROL,0
208.960,0.0341,0.0340,PATROL,0
208.994,0.0340,0.0340,PATROL,0
209.028,0.0339,0.0340,PATROL,0
209.062,0.0341,0.0340,PATROL,0
209.096,0.0341,0.0340,PATROL,0
209.130,0.0339,0.0340,PATROL,0
209.164,0.0342,0.0340,PATROL,0
209.198,0.0339,0.0340,PATROL,0
209.232,0.0339,0.0340,PATROL,0
209.266,0.0340,0.0340,PATROL,0
209.300,0.0341,0.0340,PATROL,0
209.334,0.0339,0.0340,PATROL,0
209.368,0.0339,0.0340,PATROL,0
209.402,0.0341,0.0340,PATROL,0
209.436,0.0341,0.0340,PATROL,0
209.470,0.0340,0.0340,PATROL,0
209.504,0.0339,0.0340,PATROL,0
209.538,0.0341,0.0340,PATROL,0
209.572,0.0340,0.0340,PATROL,0
209.606,0.0343,0.0340,PATROL,0
209.640,0.0337,0.0340,PATROL,0
209.674,0.0339,0.0340,PATROL,0
209.708,0.0340,0.0340,PATROL,0
209.742,0.0341,0.0340,PATROL,0
209.776,0.0341,0.0340,PATROL,0
209.810,0.0339,0.0340,PATROL,0
209.844,0.0342,0.0340,PATROL,0
209.878,0.0341,0.0340,PATROL,0
209.912,0.0341,0.0340,PATROL,0
209.946,0.0337,0.0340,PATROL,0
209.980,0.0343,0.0340,PATROL,0
210.014,0.0337,0.0340,PATROL,0
210.048,0.0341,0.0340,PATROL,0
210.082,0.0341,0.0340,PATROL,0
210.116,0.0338,0.0340,PATROL,0
210.150,0.0340,0.0340,PATROL,0
210.184,0.0341,0.0340,PATROL,0
210.218,0.0339,0.0340,PATROL,0
210.252,0.0342,0.0340,PATROL,0
210.286,0.0338,0.0340,PATROL,0
210.320,0.0344,0.0340,PATROL,0
210.354,0.0339,0.0340,PATROL,0
210.388,0.0340,0.0340,PATROL,0
210.422,0.0341,0.0340,PATROL,0
210.456,0.0341,0.0340,PATROL,0
210.490,0.0337,0.0340,PATROL,0
210.524,0.0340,0.0340,PATROL,0
210.558,0.0341,0.0340,PATROL,0
210.592,0.0341,0.0340,PATROL,0
210.626,0.0339,0.0340,PATROL,0
210.660,0.0340,0.0340,PATROL,0
210.695,0.0344,0.0340,PATROL,0
210.728,0.0336,0.0340,PATROL,0
210.762,0.0340,0.0340,PATROL,0
210.796,0.0340,0.0340,PATROL,0
210.830,0.0342,0.0340,PATROL,0
210.864,0.0340,0.0340,PATROL,0
210.898,0.0339,0.0340,PATROL,0
210.932,0.0341,0.0340,PATROL,0
210.966,0.0340,0.0340,PATROL,0
211.000,0.0341,0.0340,PATROL,0
211.034,0.0339,0.0340,PATROL,0
211.068,0.0340,0.0340,PATROL,0
211.102,0.0341,0.0340,PATROL,0
211.137,0.0341,0.0340,PATROL,0
211.170,0.0338,0.0340,PATROL,0
211.205,0.0344,0.0340,PATROL,0
211.238,0.0337,0.0340,PATROL,0
211.273,0.0342,0.0340,PATROL,0
211.307,0.0339,0.0340,PATROL,0
211.340,0.0340,0.0340,PATROL,0
211.375,0.0341,0.0340,PATROL,0
211.409,0.0340,0.0340,PATROL,0
211.443,0.0339,0.0340,PATROL,0
211.477,0.0340,0.0340,PATROL,0
211.511,0.0342,0.0340,PATROL,0
211.545,0.0340,0.0340,PATROL,0
211.579,0.0339,0.0340,PATROL,0
211.613,0.0340,0.0340,PATROL,0
211.647,0.0340,0.0340,PATROL,0
211.681,0.0341,0.0340,PATROL,0
211.715,0.0340,0.0340,PATROL,0
211.749,0.0340,0.0340,PATROL,0
211.783,0.0342,0.0340,PATROL,0
211.817,0.0338,0.0340,PATROL,0
211.851,0.0341,0.0340,PATROL,0
211.885,0.0340,0.0340,PATROL,0
211.919,0.0341,0.0340,PATROL,0
211.953,0.0340,0.0340,PATROL,0
211.987,0.0341,0.0340,PATROL,0
212.021,0.0341,0.0340,PATROL,0
212.055,0.0340,0.0340,PATROL,0
212.089,0.0340,0.0340,PATROL,0
212.123,0.0341,0.0340,PATROL,0
212.157,0.0340,0.0340,PATROL,0
212.191,0.0340,0.0340,PATROL,0
212.225,0.0339,0.0340,PATROL,0
212.259,0.0342,0.0340,PATROL,0
212.293,0.0339,0.0340,PATROL,0
212.327,0.0342,0.0340,PATROL,0
212.361,0.0338,0.0340,PATROL,0
212.395,0.0340,0.0340,PATROL,0
212.429,0.0341,0.0340,PATROL,0
212.463,0.0341,0.0340,PATROL,0
212.497,0.0340,0.0340,PATROL,0
212.531,0.0340,0.0340,PATROL,0
212.565,0.0340,0.0340,PATROL,0
212.600,0.0344,0.0340,PATROL,0
212.633,0.0336,0.0340,PATROL,0
212.667,0.0341,0.0340,PATROL,0
212.701,0.0340,0.0340,PATROL,0
212.735,0.0340,0.0340,PATROL,0
212.769,0.0340,0.0340,PATROL,0
212.803,0.0338,0.0340,PATROL,0
212.837,0.0341,0.0340,PATROL,0
212.871,0.0340,0.0340,PATROL,0
212.905,0.0340,0.0340,PATROL,0
212.939,0.0340,0.0340,PATROL,0
212.973,0.0342,0.0340,PATROL,0
213.007,0.0339,0.0340,PATROL,0
213.041,0.0339,0.0340,PATROL,0
213.076,0.0343,0.0340,PATROL,0
213.110,0.0340,0.0340,PATROL,0
213.144,0.0340,0.0340,PATROL,0
213.178,0.0340,0.0340,PATROL,0
213.211,0.0339,0.0340,PATROL,0
213.245,0.0340,0.0340,PATROL,0
213.280,0.0342,0.0340,PATROL,0
213.314,0.0340,0.0340,PATROL,0
213.348,0.0339,0.0340,PATROL,0
213.382,0.0342,0.0340,PATROL,0
213.416,0.0339,0.0340,PATROL,0
213.450,0.0340,0.0340,PATROL,0
213.484,0.0340,0.0340,PATROL,0
213.518,0.0341,0.0340,PATROL,0
213.552,0.0341,0.0340,PATROL,0
213.586,0.0339,0.0340,PATROL,0
213.620,0.0339,0.0340,PATROL,0
213.654,0.0340,0.0340,PATROL,0
213.688,0.0341,0.0340,PATROL,0
213.722,0.0340,0.0340,PATROL,0
213.756,0.0339,0.0340,PATROL,0
213.790,0.0341,0.0340,PATROL,0
213.824,0.0339,0.0340,PATROL,0
213.858,0.0341,0.0340,PATROL,0
213.892,0.0340,0.0340,PATROL,0
213.926,0.0339,0.0340,PATROL,0
213.960,0.0341,0.0340,PATROL,0
213.994,0.0340,0.0340,PATROL,0
214.028,0.0341,0.0340,PATROL,0
214.062,0.0341,0.0340,PATROL,0
214.096,0.0340,0.0340,PATROL,0
214.130,0.0342,0.0340,PATROL,0
214.164,0.0338,0.0340,PATROL,0
214.198,0.0341,0.0340,PATROL,0
214.232,0.0339,0.0340,PATROL,0
214.266,0.0340,0.0340,PATROL,0
214.300,0.0342,0.0340,PATROL,0
214.334,0.0339,0.0340,PATROL,0
214.368,0.0340,0.0340,PATROL,0
214.402,0.0339,0.0340,PATROL,0
214.436,0.0341,0.0340,PATROL,0
214.470,0.0340,0.0340,PATROL,0
214.504,0.0341,0.0340,PATROL,0
214.538,0.0340,0.0340,PATROL,0
214.572,0.0340,0.0340,PATROL,0
214.606,0.0340,0.0340,PATROL,0
214.640,0.0339,0.0340,PATROL,0
214.674,0.0340,0.0340,PATROL,0
214.708,0.0340,0.0340,PATROL,0
214.743,0.0346,0.0340,PATROL,0
214.776,0.0335,0.0340,PATROL,0
214.810,0.0341,0.0340,PATROL,0
214.844,0.0339,0.0340,PATROL,0
214.878,0.0342,0.0340,PATROL,0
214.912,0.0339,0.0340,PATROL,0
214.946,0.0341,0.0340,PATROL,0
214.980,0.0339,0.0340,PATROL,0
215.014,0.0342,0.0340,PATROL,0
215.048,0.0340,0.0340,PATROL,0
215.082,0.0339,0.0340,PATROL,0
215.116,0.0340,0.0340,PATROL,0
215.150,0.0341,0.0340,PATROL,0
215.185,0.0341,0.0340,PATROL,0
215.218,0.0338,0.0340,PATROL,0
215.252,0.0342,0.0340,PATROL,0
215.286,0.0340,0.0340,PATROL,0
215.320,0.0340,0.0340,PATROL,0
215.354,0.0340,0.0340,PATROL,0
215.388,0.0338,0.0340,PATROL,0
215.422,0.0341,0.0340,PATROL,0
215.456,0.0341,0.0340,PATROL,0
215.490,0.0339,0.0340,PATROL,0
215.525,0.0342,0.0340,PATROL,0
215.559,0.0341,0.0340,PATROL,0
215.593,0.0340,0.0340,PATROL,0
215.626,0.0339,0.0340,PATROL,0
215.661,0.0341,0.0340,PATROL,0
215.695,0.0340,0.0340,PATROL,0
215.729,0.0341,0.0340,PATROL,0
215.763,0.0340,0.0340,PATROL,0
215.796,0.0339,0.0340,PATROL,0
215.831,0.0342,0.0340,PATROL,0
215.865,0.0340,0.0340,PATROL,0
215.898,0.0338,0.0340,PATROL,0
215.933,0.0341,0.0340,PATROL,0
215.967,0.0341,0.0340,PATROL,0
216.001,0.0340,0.0340,PATROL,0
216.035,0.0339,0.0340,PATROL,0
216.068,0.0340,0.0340,PATROL,0
216.103,0.0340,0.0340,PATROL,0
216.137,0.0341,0.0340,PATROL,0
216.170,0.0338,0.0340,PATROL,0
216.205,0.0343,0.0340,PATROL,0
216.239,0.0338,0.0340,PATROL,0
216.273,0.0340,0.0340,PATROL,0
216.307,0.0340,0.0340,PATROL,0
216.341,0.0341,0.0340,PATROL,0
216.375,0.0340,0.0340,PATROL,0
216.409,0.0340,0.0340,PATROL,0
216.443,0.0342,0.0340,PATROL,0
216.477,0.0341,0.0340,PATROL,0
216.511,0.0338,0.0340,PATROL,0
216.545,0.0340,0.0340,PATROL,0
216.579,0.0340,0.0340,PATROL,0
216.613,0.0341,0.0340,PATROL,0
216.647,0.0341,0.0340,PATROL,0
216.681,0.0340,0.0340,PATROL,0
216.715,0.0339,0.0340,PATROL,0
216.749,0.0341,0.0340,PATROL,0
216.783,0.0340,0.0340,PATROL,0
216.817,0.0342,0.0340,PATROL,0
216.851,0.0338,0.0340,PATROL,0
216.885,0.0342,0.0340,PATROL,0
216.919,0.0340,0.0340,PATROL,0
216.953,0.0340,0.0340,PATROL,0
216.987,0.0338,0.0340,PATROL,0
217.021,0.0340,0.0340,PATROL,0
217.055,0.0342,0.0340,PATROL,0
217.089,0.0340,0.0340,PATROL,0
217.123,0.0340,0.0340,PATROL,0
217.158,0.0344,0.0340,PATROL,0
217.192,0.0339,0.0340,PATROL,0
217.225,0.0338,0.0340,PATROL,0
217.259,0.0340,0.0340,PATROL,0
217.293,0.0341,0.0340,PATROL,0
217.327,0.0339,0.0340,PATROL,0
217.361,0.0342,0.0340,PATROL,0
217.396,0.0341,0.0340,PATROL,0
217.429,0.0337,0.0340,PATROL,0
217.464,0.0343,0.0340,PATROL,0
217.498,0.0340,0.0340,PATROL,0
217.531,0.0338,0.0340,PATROL,0
217.565,0.0340,0.0340,PATROL,0
217.599,0.0340,0.0340,PATROL,0
217.633,0.0340,0.0340,PATROL,0
217.668,0.0341,0.0340,PATROL,0
217.702,0.0344,0.0340,PATROL,0
217.736,0.0339,0.0340,PATROL,0
217.770,0.0339,0.0340,PATROL,0
217.804,0.0340,0.0340,PATROL,0
217.838,0.0340,0.0340,PATROL,0
217.872,0.0340,0.0340,PATROL,0
217.906,0.0339,0.0340,PATROL,0
217.940,0.0343,0.0340,PATROL,0
217.973,0.0336,0.0340,PATROL,0
218.008,0.0340,0.0340,PATROL,0
218.042,0.0341,0.0340,PATROL,0
218.076,0.0341,0.0340,PATROL,0
218.110,0.0339,0.0340,PATROL,0
218.144,0.0341,0.0340,PATROL,0
218.178,0.0343,0.0340,PATROL,0
218.212,0.0341,0.0340,PATROL,0
218.246,0.0338,0.0340,PATROL,0
218.280,0.0341,0.0340,PATROL,0
218.314,0.0339,0.0340,PATROL,0
218.348,0.0340,0.0340,PATROL,0
218.382,0.0340,0.0340,PATROL,0
218.416,0.0341,0.0340,PATROL,0
218.450,0.0340,0.0340,PATROL,0
218.484,0.0342,0.0340,PATROL,0
218.518,0.0337,0.0340,PATROL,0
218.552,0.0341,0.0340,PATROL,0
218.586,0.0340,0.0340,PATROL,0
218.620,0.0339,0.0340,PATROL,0
218.654,0.0341,0.0340,PATROL,0
218.688,0.0340,0.0340,PATROL,0
218.722,0.0340,0.0340,PATROL,0
218.756,0.0341,0.0340,PATROL,0
218.790,0.0338,0.0340,PATROL,0
218.824,0.0341,0.0340,PATROL,0
218.858,0.0339,0.0340,PATROL,0
218.892,0.0340,0.0340,PATROL,0
218.926,0.0339,0.0340,PATROL,0
218.960,0.0342,0.0340,PATROL,0
218.994,0.0339,0.0340,PATROL,0
219.028,0.0340,0.0340,PATROL,0
219.062,0.0341,0.0340,PATROL,0
219.096,0.0341,0.0340,PATROL,0
219.130,0.0339,0.0340,PATROL,0
219.164,0.0342,0.0340,PATROL,0
219.198,0.0338,0.0340,PATROL,0
219.232,0.0340,0.0340,PATROL,0
219.266,0.0340,0.0340,PATROL,0
219.300,0.0342,0.0340,PATROL,0
219.334,0.0339,0.0340,PATROL,0
219.368,0.0341,0.0340,PATROL,0
219.402,0.0339,0.0340,PATROL,0
219.436,0.0341,0.0340,PATROL,0
219.471,0.0343,0.0340,PATROL,0
219.504,0.0339,0.0340,PATROL,0
219.538,0.0340,0.0340,PATROL,0
219.572,0.0339,0.0340,PATROL,0
219.607,0.0342,0.0340,PATROL,0
219.640,0.0339,0.0340,PATROL,0
219.674,0.0339,0.0340,PATROL,0
219.708,0.0340,0.0340,PATROL,0
219.742,0.0339,0.0340,PATROL,0
219.776,0.0341,0.0340,PATROL,0
219.811,0.0340,0.0340,PATROL,0
219.845,0.0342,0.0340,PATROL,0
219.878,0.0338,0.0340,PATROL,0
219.912,0.0340,0.0340,PATROL,0
219.947,0.0341,0.0340,PATROL,0
219.981,0.0341,0.0340,PATROL,0
220.015,0.0341,0.0340,PATROL,0
220.049,0.0338,0.0340,PATROL,0
220.083,0.0340,0.0340,PATROL,0
220.117,0.0341,0.0340,PATROL,0
220.151,0.0341,0.0340,PATROL,0
220.185,0.0339,0.0340,PATROL,0
220.219,0.0340,0.0340,PATROL,0
220.253,0.0340,0.0340,PATROL,0
220.287,0.0341,0.0340,PATROL,0
220.321,0.0338,0.0340,PATROL,0
220.355,0.0341,0.0340,PATROL,0
220.389,0.0341,0.0340,PATROL,0
220.423,0.0340,0.0340,PATROL,0
220.457,0.0339,0.0340,PATROL,0
220.491,0.0341,0.0340,PATROL,0
220.525,0.0340,0.0340,PATROL,0
220.559,0.0340,0.0340,PATROL,0
220.593,0.0340,0.0340,PATROL,0
220.627,0.0341,0.0340,PATROL,0
220.661,0.0341,0.0340,PATROL,0
220.695,0.0341,0.0340,PATROL,0
220.729,0.0340,0.0340,PATROL,0
220.763,0.0339,0.0340,PATROL,0
220.797,0.0340,0.0340,PATROL,0
220.831,0.0341,0.0340,PATROL,0
220.865,0.0342,0.0340,PATROL,0
220.899,0.0339,0.0340,PATROL,0
220.933,0.0339,0.0340,PATROL,0
220.967,0.0340,0.0340,PATROL,0
221.001,0.0341,0.0340,PATROL,0
221.035,0.0340,0.0340,PATROL,0
221.069,0.0340,0.0340,PATROL,0
221.103,0.0339,0.0340,PATROL,0
221.137,0.0340,0.0340,PATROL,0
221.171,0.0340,0.0340,PATROL,0
221.205,0.0341,0.0340,PATROL,0
221.239,0.0343,0.0340,PATROL,0
221.273,0.0338,0.0340,PATROL,0
221.307,0.0339,0.0340,PATROL,0
221.341,0.0343,0.0340,PATROL,0
221.375,0.0338,0.0340,PATROL,0
221.409,0.0340,0.0340,PATROL,0
221.443,0.0340,0.0340,PATROL,0
221.477,0.0340,0.0340,PATROL,0
221.512,0.0342,0.0340,PATROL,0
221.545,0.0337,0.0340,PATROL,0
221.579,0.0341,0.0340,PATROL,0
221.613,0.0339,0.0340,PATROL,0
221.647,0.0340,0.0340,PATROL,0
221.681,0.0342,0.0340,PATROL,0
221.715,0.0339,0.0340,PATROL,0
221.749,0.0341,0.0340,PATROL,0
221.784,0.0341,0.0340,PATROL,0
221.818,0.0340,0.0340,PATROL,0
221.851,0.0339,0.0340,PATROL,0
221.886,0.0340,0.0340,PATROL,0
221.920,0.0341,0.0340,PATROL,0
221.953,0.0339,0.0340,PATROL,0
221.988,0.0342,0.0340,PATROL,0
222.022,0.0338,0.0340,PATROL,0
222.056,0.0341,0.0340,PATROL,0
222.089,0.0338,0.0340,PATROL,0
222.123,0.0340,0.0340,PATROL,0
222.158,0.0340,0.0340,PATROL,0
222.192,0.0340,0.0340,PATROL,0
222.226,0.0341,0.0340,PATROL,0
222.260,0.0340,0.0340,PATROL,0
222.294,0.0341,0.0340,PATROL,0
222.328,0.0341,0.0340,PATROL,0
222.362,0.0338,0.0340,PATROL,0
222.396,0.0341,0.0340,PATROL,0
222.430,0.0339,0.0340,PATROL,0
222.464,0.0340,0.0340,PATROL,0
222.498,0.0341,0.0340,PATROL,0
222.532,0.0341,0.0340,PATROL,0
222.566,0.0338,0.0340,PATROL,0
222.600,0.0340,0.0340,PATROL,0
222.634,0.0342,0.0340,PATROL,0
222.668,0.0338,0.0340,PATROL,0
222.702,0.0342,0.0340,PATROL,0
222.736,0.0340,0.0340,PATROL,0
222.770,0.0340,0.0340,PATROL,0
222.804,0.0341,0.0340,PATROL,0
222.838,0.0341,0.0340,PATROL,0
222.872,0.0340,0.0340,PATROL,0
222.906,0.0341,0.0340,PATROL,0
222.940,0.0339,0.0340,PATROL,0
222.974,0.0339,0.0340,PATROL,0
223.008,0.0340,0.0340,PATROL,0
223.042,0.0343,0.0340,PATROL,0
223.076,0.0337,0.0340,PATROL,0
223.110,0.0342,0.0340,PATROL,0
223.144,0.0338,0.0340,PATROL,0
223.178,0.0342,0.0340,PATROL,0
223.212,0.0340,0.0340,PATROL,0
223.246,0.0341,0.0340,PATROL,0
223.280,0.0339,0.0340,PATROL,0
223.314,0.0342,0.0340,PATROL,0
223.348,0.0336,0.0340,PATROL,0
223.382,0.0340,0.0340,PATROL,0
223.416,0.0343,0.0340,PATROL,0
223.450,0.0338,0.0340,PATROL,0
223.484,0.0342,0.0340,PATROL,0
223.518,0.0339,0.0340,PATROL,0
223.553,0.0342,0.0340,PATROL,0
223.586,0.0340,0.0340,PATROL,0
223.620,0.0340,0.0340,PATROL,0
223.654,0.0340,0.0340,PATROL,0
223.689,0.0341,0.0340,PATROL,0
223.722,0.0339,0.0340,PATROL,0
223.756,0.0340,0.0340,PATROL,0
223.790,0.0339,0.0340,PATROL,0
223.824,0.0342,0.0340,PATROL,0
223.858,0.0339,0.0340,PATROL,0
223.892,0.0341,0.0340,PATROL,0
223.927,0.0344,0.0340,PATROL,0
223.961,0.0338,0.0340,PATROL,0
223.995,0.0340,0.0340,PATROL,0
224.029,0.0340,0.0340,PATROL,0
224.063,0.0340,0.0340,PATROL,0
224.097,0.0341,0.0340,PATROL,0
224.131,0.0339,0.0340,PATROL,0
224.165,0.0341,0.0340,PATROL,0
224.199,0.0340,0.0340,PATROL,0
224.233,0.0341,0.0340,PATROL,0
224.267,0.0340,0.0340,PATROL,0
224.301,0.0339,0.0340,PATROL,0
224.335,0.0341,0.0340,PATROL,0
224.369,0.0339,0.0340,PATROL,0
224.403,0.0341,0.0340,PATROL,0
224.437,0.0340,0.0340,PATROL,0
224.471,0.0341,0.0340,PATROL,0
224.505,0.0339,0.0340,PATROL,0
224.539,0.0342,0.0340,PATROL,0
224.573,0.0340,0.0340,PATROL,0
224.607,0.0339,0.0340,PATROL,0
224.641,0.0340,0.0340,PATROL,0
224.675,0.0341,0.0340,PATROL,0
224.709,0.0341,0.0340,PATROL,0
224.743,0.0337,0.0340,PATROL,0
224.777,0.0341,0.0340,PATROL,0
224.811,0.0340,0.0340,PATROL,0
224.845,0.0340,0.0340,PATROL,0
224.879,0.0340,0.0340,PATROL,0
224.913,0.0342,0.0340,PATROL,0
224.947,0.0339,0.0340,PATROL,0
224.981,0.0339,0.0340,PATROL,0
225.015,0.0341,0.0340,PATROL,0
225.049,0.0338,0.0340,PATROL,0
225.083,0.0341,0.0340,PATROL,0
225.117,0.0340,0.0340,PATROL,0
225.151,0.0340,0.0340,PATROL,0
225.185,0.0342,0.0340,PATROL,0
225.219,0.0338,0.0340,PATROL,0
225.253,0.0341,0.0340,PATROL,0
225.287,0.0342,0.0340,PATROL,0
225.321,0.0337,0.0340,PATROL,0
225.355,0.0342,0.0340,PATROL,0
225.389,0.0341,0.0340,PATROL,0
225.423,0.0337,0.0340,PATROL,0
225.457,0.0341,0.0340,PATROL,0
225.491,0.0340,0.0340,PATROL,0
225.525,0.0339,0.0340,PATROL,0
225.559,0.0340,0.0340,PATROL,0
225.594,0.0344,0.0340,PATROL,0
225.627,0.0338,0.0340,PATROL,0
225.661,0.0340,0.0340,PATROL,0
225.695,0.0340,0.0340,PATROL,0
225.729,0.0340,0.0340,PATROL,0
225.764,0.0342,0.0340,PATROL,0
225.797,0.0340,0.0340,PATROL,0
225.831,0.0340,0.0340,PATROL,0
225.866,0.0340,0.0340,PATROL,0
225.900,0.0340,0.0340,PATROL,0
225.934,0.0340,0.0340,PATROL,0
225.967,0.0339,0.0340,PATROL,0
226.001,0.0340,0.0340,PATROL,0
226.035,0.0340,0.0340,PATROL,0
226.070,0.0342,0.0340,PATROL,0
226.104,0.0339,0.0340,PATROL,0
226.138,0.0343,0.0340,PATROL,0
226.172,0.0337,0.0340,PATROL,0
226.206,0.0340,0.0340,PATROL,0
226.240,0.0339,0.0340,PATROL,0
226.274,0.0341,0.0340,PATROL,0
226.308,0.0340,0.0340,PATROL,0
226.342,0.0341,0.0340,PATROL,0
226.376,0.0341,0.0340,PATROL,0
226.410,0.0338,0.0340,PATROL,0
226.444,0.0340,0.0340,PATROL,0
226.478,0.0340,0.0340,PATROL,0
226.512,0.0340,0.0340,PATROL,0
226.546,0.0341,0.0340,PATROL,0
226.580,0.0340,0.0340,PATROL,0
226.614,0.0340,0.0340,PATROL,0
226.648,0.0341,0.0340,PATROL,0
226.682,0.0342,0.0340,PATROL,0
226.716,0.0337,0.0340,PATROL,0
226.750,0.0340,0.0340,PATROL,0
226.784,0.0340,0.0340,PATROL,0
226.818,0.0340,0.0340,PATROL,0
226.852,0.0340,0.0340,PATROL,0
226.886,0.0341,0.0340,PATROL,0
226.920,0.0341,0.0340,PATROL,0
226.954,0.0339,0.0340,PATROL,0
226.988,0.0343,0.0340,PATROL,0
227.022,0.0339,0.0340,PATROL,0
227.056,0.0340,0.0340,PATROL,0
227.090,0.0342,0.0340,PATROL,0
227.124,0.0339,0.0340,PATROL,0
227.158,0.0340,0.0340,PATROL,0
227.192,0.0340,0.0340,PATROL,0
227.226,0.0338,0.0340,PATROL,0
227.260,0.0341,0.0340,PATROL,0
227.294,0.0340,0.0340,PATROL,0
227.328,0.0341,0.0340,PATROL,0
227.362,0.0341,0.0340,PATROL,0
227.396,0.0340,0.0340,PATROL,0
227.430,0.0340,0.0340,PATROL,0
227.464,0.0341,0.0340,PATROL,0
227.498,0.0340,0.0340,PATROL,0
227.532,0.0339,0.0340,PATROL,0
227.566,0.0341,0.0340,PATROL,0
227.600,0.0339,0.0340,PATROL,0
227.634,0.0341,0.0340,PATROL,0
227.668,0.0341,0.0340,PATROL,0
227.702,0.0338,0.0340,PATROL,0
227.736,0.0342,0.0340,PATROL,0
227.770,0.0340,0.0340,PATROL,0
227.804,0.0338,0.0340,PATROL,0
227.838,0.0341,0.0340,PATROL,0
227.872,0.0341,0.0340,PATROL,0
227.906,0.0339,0.0340,PATROL,0
227.940,0.0341,0.0340,PATROL,0
227.974,0.0339,0.0340,PATROL,0
228.008,0.0340,0.0340,PATROL,0
228.043,0.0341,0.0340,PATROL,0
228.076,0.0339,0.0340,PATROL,0
228.111,0.0341,0.0340,PATROL,0
228.144,0.0339,0.0340,PATROL,0
228.178,0.0340,0.0340,PATROL,0
228.212,0.0341,0.0340,PATROL,0
228.247,0.0341,0.0340,PATROL,0
228.280,0.0339,0.0340,PATROL,0
228.314,0.0340,0.0340,PATROL,0
228.349,0.0343,0.0340,PATROL,0
228.383,0.0341,0.0340,PATROL,0
228.417,0.0338,0.0340,PATROL,0
228.451,0.0340,0.0340,PATROL,0
228.485,0.0341,0.0340,PATROL,0
228.519,0.0340,0.0340,PATROL,0
228.553,0.0340,0.0340,PATROL,0
228.587,0.0339,0.0340,PATROL,0
228.621,0.0341,0.0340,PATROL,0
228.655,0.0340,0.0340,PATROL,0
228.689,0.0341,0.0340,PATROL,0
228.723,0.0341,0.0340,PATROL,0
228.757,0.0340,0.0340,PATROL,0
228.791,0.0342,0.0340,PATROL,0
228.825,0.0337,0.0340,PATROL,0
228.859,0.0340,0.0340,PATROL,0
228.893,0.0340,0.0340,PATROL,0
228.927,0.0340,0.0340,PATROL,0
228.961,0.0341,0.0340,PATROL,0
228.995,0.0339,0.0340,PATROL,0
229.029,0.0342,0.0340,PATROL,0
229.063,0.0341,0.0340,PATROL,0
229.097,0.0337,0.0340,PATROL,0
229.131,0.0342,0.0340,PATROL,0
229.165,0.0338,0.0340,PATROL,0
229.199,0.0341,0.0340,PATROL,0
229.233,0.0340,0.0340,PATROL,0
229.267,0.0339,0.0340,PATROL,0
229.301,0.0341,0.0340,PATROL,0
229.335,0.0340,0.0340,PATROL,0
229.369,0.0340,0.0340,PATROL,0
229.403,0.0342,0.0340,PATROL,0
229.437,0.0340,0.0340,PATROL,0
229.471,0.0339,0.0340,PATROL,0
229.505,0.0340,0.0340,PATROL,0
229.539,0.0341,0.0340,PATROL,0
229.573,0.0340,0.0340,PATROL,0
229.607,0.0340,0.0340,PATROL,0
229.641,0.0341,0.0340,PATROL,0
229.675,0.0339,0.0340,PATROL,0
229.709,0.0340,0.0340,PATROL,0
229.743,0.0341,0.0340,PATROL,0
229.777,0.0338,0.0340,PATROL,0
229.811,0.0342,0.0340,PATROL,0
229.845,0.0340,0.0340,PATROL,0
229.879,0.0341,0.0340,PATROL,0
229.913,0.0340,0.0340,PATROL,0
229.947,0.0339,0.0340,PATROL,0
229.981,0.0341,0.0340,PATROL,0
230.015,0.0339,0.0340,PATROL,0
230.049,0.0340,0.0340,PATROL,0
230.083,0.0341,0.0340,PATROL,0
230.118,0.0342,0.0340,PATROL,0
230.151,0.0340,0.0340,PATROL,0
230.186,0.0343,0.0340,PATROL,0
230.220,0.0338,0.0340,PATROL,0
230.253,0.0339,0.0340,PATROL,0
230.287,0.0340,0.0340,PATROL,0
230.321,0.0340,0.0340,PATROL,0
230.355,0.0340,0.0340,PATROL,0
230.390,0.0341,0.0340,PATROL,0
230.424,0.0341,0.0340,PATROL,0
230.458,0.0338,0.0340,PATROL,0
230.492,0.0344,0.0340,PATROL,0
230.526,0.0336,0.0340,PATROL,0
230.560,0.0340,0.0340,PATROL,0
230.593,0.0339,0.0340,PATROL,0
230.628,0.0342,0.0340,PATROL,0
230.662,0.0339,0.0340,PATROL,0
230.696,0.0341,0.0340,PATROL,0
230.729,0.0338,0.0340,PATROL,0
230.764,0.0342,0.0340,PATROL,0
230.798,0.0339,0.0340,PATROL,0
230.831,0.0339,0.0340,PATROL,0
230.865,0.0340,0.0340,PATROL,0
230.900,0.0341,0.0340,PATROL,0
230.934,0.0340,0.0340,PATROL,0
230.968,0.0342,0.0340,PATROL,0
231.001,0.0336,0.0340,PATROL,0
231.036,0.0341,0.0340,PATROL,0
231.070,0.0341,0.0340,PATROL,0
231.104,0.0339,0.0340,PATROL,0
231.138,0.0340,0.0340,PATROL,0
231.172,0.0340,0.0340,PATROL,0
231.206,0.0341,0.0340,PATROL,0
231.240,0.0339,0.0340,PATROL,0
231.274,0.0340,0.0340,PATROL,0
231.308,0.0340,0.0340,PATROL,0
231.342,0.0340,0.0340,PATROL,0
231.376,0.0340,0.0340,PATROL,0
231.410,0.0340,0.0340,PATROL,0
231.444,0.0340,0.0340,PATROL,0
231.478,0.0340,0.0340,PATROL,0
231.512,0.0340,0.0340,PATROL,0
231.546,0.0340,0.0340,PATROL,0
231.580,0.0340,0.0340,PATROL,0
231.613,0.0339,0.0340,PATROL,0
231.648,0.0341,0.0340,PATROL,0
231.681,0.0339,0.0340,PATROL,0
231.716,0.0342,0.0340,PATROL,0
231.750,0.0339,0.0340,PATROL,0
231.784,0.0342,0.0340,PATROL,0
231.818,0.0339,0.0340,PATROL,0
231.852,0.0340,0.0340,PATROL,0
231.886,0.0340,0.0340,PATROL,0
231.920,0.0341,0.0340,PATROL,0
231.954,0.0339,0.0340,PATROL,0
231.988,0.0340,0.0340,PATROL,0
232.022,0.0344,0.0340,PATROL,0
232.056,0.0342,0.0340,PATROL,0
232.090,0.0343,0.0340,PATROL,0
232.124,0.0340,0.0340,PATROL,0
232.158,0.0340,0.0340,PATROL,0
232.193,0.0342,0.0340,PATROL,0
232.226,0.0339,0.0340,PATROL,0
232.261,0.0342,0.0340,PATROL,0
232.295,0.0340,0.0340,PATROL,0
232.329,0.0340,0.0340,PATROL,0
232.362,0.0339,0.0340,PATROL,0
232.397,0.0341,0.0340,PATROL,0
232.431,0.0341,0.0340,PATROL,0
232.465,0.0341,0.0340,PATROL,0
232.499,0.0341,0.0340,PATROL,0
232.533,0.0337,0.0340,PATROL,0
232.567,0.0342,0.0340,PATROL,0
232.601,0.0339,0.0340,PATROL,0
232.635,0.0340,0.0340,PATROL,0
232.669,0.0341,0.0340,PATROL,0
232.703,0.0339,0.0340,PATROL,0
232.737,0.0340,0.0340,PATROL,0
232.771,0.0339,0.0340,PATROL,0
232.805,0.0343,0.0340,PATROL,0
232.839,0.0338,0.0340,PATROL,0
232.873,0.0340,0.0340,PATROL,0
232.907,0.0340,0.0340,PATROL,0
232.941,0.0341,0.0340,PATROL,0
232.975,0.0339,0.0340,PATROL,0
233.009,0.0341,0.0340,PATROL,0
233.043,0.0340,0.0340,PATROL,0
233.077,0.0341,0.0340,PATROL,0
233.111,0.0339,0.0340,PATROL,0
233.145,0.0340,0.0340,PATROL,0
233.179,0.0340,0.0340,PATROL,0
233.213,0.0340,0.0340,PATROL,0
233.247,0.0343,0.0340,PATROL,0
233.281,0.0337,0.0340,PATROL,0
233.315,0.0341,0.0340,PATROL,0
233.349,0.0340,0.0340,PATROL,0
233.383,0.0339,0.0340,PATROL,0
233.417,0.0342,0.0340,PATROL,0
233.451,0.0340,0.0340,PATROL,0
233.485,0.0340,0.0340,PATROL,0
233.519,0.0340,0.0340,PATROL,0
233.553,0.0340,0.0340,PATROL,0
233.587,0.0338,0.0340,PATROL,0
233.621,0.0342,0.0340,PATROL,0
233.655,0.0341,0.0340,PATROL,0
233.689,0.0339,0.0340,PATROL,0
233.723,0.0339,0.0340,PATROL,0
233.757,0.0343,0.0340,PATROL,0
233.791,0.0338,0.0340,PATROL,0
233.825,0.0340,0.0340,PATROL,0
233.859,0.0340,0.0340,PATROL,0
233.894,0.0346,0.0340,PATROL,0
233.928,0.0337,0.0340,PATROL,0
233.961,0.0338,0.0340,PATROL,0
233.995,0.0340,0.0340,PATROL,0
234.029,0.0340,0.0340,PATROL,0
234.063,0.0339,0.0340,PATROL,0
234.097,0.0340,0.0340,PATROL,0
234.131,0.0342,0.0340,PATROL,0
234.165,0.0340,0.0340,PATROL,0
234.200,0.0341,0.0340,PATROL,0
234.234,0.0343,0.0340,PATROL,0
234.267,0.0336,0.0340,PATROL,0
234.301,0.0341,0.0340,PATROL,0
234.336,0.0342,0.0340,PATROL,0
234.369,0.0338,0.0340,PATROL,0
234.404,0.0341,0.0340,PATROL,0
234.438,0.0340,0.0340,PATROL,0
234.472,0.0340,0.0340,PATROL,0
234.506,0.0340,0.0340,PATROL,0
234.540,0.0340,0.0340,PATROL,0
234.574,0.0340,0.0340,PATROL,0
234.608,0.0342,0.0340,PATROL,0
234.642,0.0340,0.0340,PATROL,0
234.676,0.0340,0.0340,PATROL,0
234.710,0.0343,0.0340,PATROL,0
234.744,0.0338,0.0340,PATROL,0
234.778,0.0338,0.0340,PATROL,0
234.812,0.0342,0.0340,PATROL,0
234.846,0.0338,0.0340,PATROL,0
234.880,0.0341,0.0340,PATROL,0
234.914,0.0339,0.0340,PATROL,0
234.948,0.0344,0.0340,PATROL,0
234.982,0.0338,0.0340,PATROL,0
235.016,0.0339,0.0340,PATROL,0
235.050,0.0341,0.0340,PATROL,0
235.084,0.0340,0.0340,PATROL,0
235.118,0.0340,0.0340,PATROL,0
235.152,0.0339,0.0340,PATROL,0
235.186,0.0340,0.0340,PATROL,0
235.220,0.0344,0.0340,PATROL,0
235.254,0.0339,0.0340,PATROL,0
235.288,0.0340,0.0340,PATROL,0
235.322,0.0340,0.0340,PATROL,0
235.356,0.0338,0.0340,PATROL,0
235.390,0.0342,0.0340,PATROL,0
235.424,0.0339,0.0340,PATROL,0
235.458,0.0341,0.0340,PATROL,0
235.492,0.0341,0.0340,PATROL,0
235.526,0.0340,0.0340,PATROL,0
235.560,0.0340,0.0340,PATROL,0
235.594,0.0341,0.0340,PATROL,0
235.628,0.0340,0.0340,PATROL,0
235.662,0.0338,0.0340,PATROL,0
235.696,0.0340,0.0340,PATROL,0
235.730,0.0340,0.0340,PATROL,0
235.764,0.0341,0.0340,PATROL,0
235.798,0.0339,0.0340,PATROL,0
235.832,0.0341,0.0340,PATROL,0
235.866,0.0339,0.0340,PATROL,0
235.900,0.0343,0.0340,PATROL,0
235.934,0.0338,0.0340,PATROL,0
235.969,0.0343,0.0340,PATROL,0
236.002,0.0336,0.0340,PATROL,0
236.036,0.0341,0.0340,PATROL,0
236.070,0.0340,0.0340,PATROL,0
236.104,0.0341,0.0340,PATROL,0
236.138,0.0340,0.0340,PATROL,0
236.172,0.0342,0.0340,PATROL,0
236.206,0.0339,0.0340,PATROL,0
236.240,0.0340,0.0340,PATROL,0
236.274,0.0339,0.0340,PATROL,0
236.308,0.0340,0.0340,PATROL,0
236.342,0.0339,0.0340,PATROL,0
236.376,0.0341,0.0340,PATROL,0
236.410,0.0340,0.0340,PATROL,0
236.444,0.0339,0.0340,PATROL,0
236.478,0.0340,0.0340,PATROL,0
236.512,0.0341,0.0340,PATROL,0
236.547,0.0341,0.0340,PATROL,0
236.581,0.0340,0.0340,PATROL,0
236.615,0.0341,0.0340,PATROL,0
236.648,0.0339,0.0340,PATROL,0
236.683,0.0342,0.0340,PATROL,0
236.717,0.0339,0.0340,PATROL,0
236.750,0.0339,0.0340,PATROL,0
236.784,0.0340,0.0340,PATROL,0
236.818,0.0340,0.0340,PATROL,0
236.853,0.0342,0.0340,PATROL,0
236.887,0.0341,0.0340,PATROL,0
236.921,0.0338,0.0340,PATROL,0
236.954,0.0340,0.0340,PATROL,0
236.989,0.0340,0.0340,PATROL,0
237.023,0.0340,0.0340,PATROL,0
237.057,0.0342,0.0340,PATROL,0
237.091,0.0339,0.0340,PATROL,0
237.125,0.0341,0.0340,PATROL,0
237.159,0.0341,0.0340,PATROL,0
237.193,0.0341,0.0340,PATROL,0
237.227,0.0339,0.0340,PATROL,0
237.261,0.0341,0.0340,PATROL,0
237.295,0.0341,0.0340,PATROL,0
237.329,0.0340,0.0340,PATROL,0
237.363,0.0340,0.0340,PATROL,0
237.397,0.0339,0.0340,PATROL,0
237.431,0.0340,0.0340,PATROL,0
237.465,0.0341,0.0340,PATROL,0
237.499,0.0339,0.0340,PATROL,0
237.533,0.0342,0.0340,PATROL,0
237.567,0.0339,0.0340,PATROL,0
237.601,0.0341,0.0340,PATROL,0
237.635,0.0340,0.0340,PATROL,0
237.669,0.0344,0.0340,PATROL,0
237.703,0.0337,0.0340,PATROL,0
237.737,0.0340,0.0340,PATROL,0
237.771,0.0341,0.0340,PATROL,0
237.805,0.0339,0.0340,PATROL,0
237.839,0.0341,0.0340,PATROL,0
237.873,0.0339,0.0340,PATROL,0
237.907,0.0340,0.0340,PATROL,0
237.941,0.0342,0.0340,PATROL,0
237.975,0.0340,0.0340,PATROL,0
238.009,0.0339,0.0340,PATROL,0
238.043,0.0341,0.0340,PATROL,0
238.077,0.0338,0.0340,PATROL,0
238.111,0.0340,0.0340,PATROL,0
238.145,0.0340,0.0340,PATROL,0
238.179,0.0341,0.0340,PATROL,0
238.213,0.0340,0.0340,PATROL,0
238.247,0.0340,0.0340,PATROL,0
238.281,0.0339,0.0340,PATROL,0
238.315,0.0341,0.0340,PATROL,0
238.349,0.0341,0.0340,PATROL,0
238.383,0.0340,0.0340,PATROL,0
238.417,0.0340,0.0340,PATROL,0
238.451,0.0340,0.0340,PATROL,0
238.485,0.0340,0.0340,PATROL,0
238.519,0.0340,0.0340,PATROL,0
238.553,0.0340,0.0340,PATROL,0
238.588,0.0341,0.0340,PATROL,0
238.621,0.0339,0.0340,PATROL,0
238.655,0.0340,0.0340,PATROL,0
238.690,0.0343,0.0340,PATROL,0
238.724,0.0340,0.0340,PATROL,0
238.758,0.0341,0.0340,PATROL,0
238.792,0.0340,0.0340,PATROL,0
238.826,0.0340,0.0340,PATROL,0
238.860,0.0337,0.0340,PATROL,0
238.894,0.0343,0.0340,PATROL,0
238.928,0.0340,0.0340,PATROL,0
238.962,0.0338,0.0340,PATROL,0
238.996,0.0341,0.0340,PATROL,0
239.030,0.0339,0.0340,PATROL,0
239.064,0.0341,0.0340,PATROL,0
239.097,0.0338,0.0340,PATROL,0
239.132,0.0340,0.0340,PATROL,0
239.165,0.0340,0.0340,PATROL,0
239.200,0.0341,0.0340,PATROL,0
239.234,0.0339,0.0340,PATROL,0
239.268,0.0341,0.0340,PATROL,0
239.302,0.0339,0.0340,PATROL,0
239.336,0.0340,0.0340,PATROL,0
239.370,0.0341,0.0340,PATROL,0
239.403,0.0338,0.0340,PATROL,0
239.437,0.0340,0.0340,PATROL,0
239.472,0.0341,0.0340,PATROL,0
239.506,0.0342,0.0340,PATROL,0
239.540,0.0340,0.0340,PATROL,0
239.574,0.0341,0.0340,PATROL,0
239.608,0.0341,0.0340,PATROL,0
239.642,0.0339,0.0340,PATROL,0
239.676,0.0340,0.0340,PATROL,0
239.710,0.0341,0.0340,PATROL,0
239.744,0.0343,0.0340,PATROL,0
239.778,0.0337,0.0340,PATROL,0
239.812,0.0341,0.0340,PATROL,0
239.846,0.0340,0.0340,PATROL,0
239.880,0.0341,0.0340,PATROL,0
239.914,0.0340,0.0340,PATROL,0
239.948,0.0340,0.0340,PATROL,0
239.982,0.0340,0.0340,PATROL,0
240.016,0.0340,0.0340,PATROL,0
240.050,0.0341,0.0340,PATROL,0
240.084,0.0339,0.0340,PATROL,0
240.118,0.0341,0.0340,PATROL,0
240.152,0.0340,0.0340,PATROL,0
240.186,0.0340,0.0340,PATROL,0
240.220,0.0340,0.0340,PATROL,0
240.254,0.0343,0.0340,PATROL,0
240.288,0.0338,0.0340,PATROL,0
240.322,0.0341,0.0340,PATROL,0
240.356,0.0340,0.0340,PATROL,0
240.391,0.0344,0.0340,PATROL,0
240.424,0.0336,0.0340,PATROL,0
240.458,0.0340,0.0340,PATROL,0
240.492,0.0340,0.0340,PATROL,0
240.526,0.0340,0.0340,PATROL,0
240.561,0.0343,0.0340,PATROL,0
240.594,0.0338,0.0340,PATROL,0
240.629,0.0342,0.0340,PATROL,0
240.662,0.0339,0.0340,PATROL,0
240.697,0.0343,0.0340,PATROL,0
240.731,0.0338,0.0340,PATROL,0
240.765,0.0342,0.0340,PATROL,0
240.799,0.0338,0.0340,PATROL,0
240.833,0.0341,0.0340,PATROL,0
240.866,0.0339,0.0340,PATROL,0
240.901,0.0341,0.0340,PATROL,0
240.935,0.0340,0.0340,PATROL,0
240.969,0.0341,0.0340,PATROL,0
241.003,0.0338,0.0340,PATROL,0
241.037,0.0342,0.0340,PATROL,0
241.071,0.0339,0.0340,PATROL,0
241.105,0.0341,0.0340,PATROL,0
241.139,0.0339,0.0340,PATROL,0
241.173,0.0340,0.0340,PATROL,0
241.206,0.0339,0.0340,PATROL,0
241.241,0.0341,0.0340,PATROL,0
241.275,0.0340,0.0340,PATROL,0
241.309,0.0340,0.0340,PATROL,0
241.343,0.0341,0.0340,PATROL,0
241.377,0.0340,0.0340,PATROL,0
241.411,0.0340,0.0340,PATROL,0
241.445,0.0340,0.0340,PATROL,0
241.478,0.0339,0.0340,PATROL,0
241.513,0.0342,0.0340,PATROL,0
241.547,0.0340,0.0340,PATROL,0
241.581,0.0341,0.0340,PATROL,0
241.615,0.0341,0.0340,PATROL,0
241.649,0.0340,0.0340,PATROL,0
241.683,0.0339,0.0340,PATROL,0
241.717,0.0341,0.0340,PATROL,0
241.751,0.0341,0.0340,PATROL,0
241.785,0.0338,0.0340,PATROL,0
241.819,0.0342,0.0340,PATROL,0
241.853,0.0339,0.0340,PATROL,0
241.887,0.0342,0.0340,PATROL,0
241.921,0.0341,0.0340,PATROL,0
241.955,0.0340,0.0340,PATROL,0
241.989,0.0340,0.0340,PATROL,0
242.023,0.0340,0.0340,PATROL,0
242.057,0.0340,0.0340,PATROL,0
242.091,0.0341,0.0340,PATROL,0
242.125,0.0339,0.0340,PATROL,0
242.159,0.0340,0.0340,PATROL,0
242.193,0.0342,0.0340,PATROL,0
242.228,0.0342,0.0340,PATROL,0
242.261,0.0338,0.0340,PATROL,0
242.295,0.0340,0.0340,PATROL,0
242.329,0.0340,0.0340,PATROL,0
242.363,0.0339,0.0340,PATROL,0
242.398,0.0343,0.0340,PATROL,0
242.431,0.0338,0.0340,PATROL,0
242.466,0.0341,0.0340,PATROL,0
242.499,0.0340,0.0340,PATROL,0
242.533,0.0339,0.0340,PATROL,0
242.568,0.0343,0.0340,PATROL,0
242.602,0.0339,0.0340,PATROL,0
242.636,0.0340,0.0340,PATROL,0
242.669,0.0339,0.0340,PATROL,0
242.703,0.0340,0.0340,PATROL,0
242.738,0.0341,0.0340,PATROL,0
242.771,0.0339,0.0340,PATROL,0
242.806,0.0343,0.0340,PATROL,0
242.840,0.0339,0.0340,PATROL,0
242.874,0.0340,0.0340,PATROL,0
242.908,0.0338,0.0340,PATROL,0
242.942,0.0342,0.0340,PATROL,0
242.976,0.0340,0.0340,PATROL,0
243.010,0.0339,0.0340,PATROL,0
243.044,0.0340,0.0340,PATROL,0
243.078,0.0341,0.0340,PATROL,0
243.112,0.0339,0.0340,PATROL,0
243.146,0.0341,0.0340,PATROL,0
243.180,0.0340,0.0340,PATROL,0
243.214,0.0340,0.0340,PATROL,0
243.248,0.0340,0.0340,PATROL,0
243.282,0.0340,0.0340,PATROL,0
243.316,0.0338,0.0340,PATROL,0
243.350,0.0340,0.0340,PATROL,0
243.384,0.0342,0.0340,PATROL,0
243.418,0.0339,0.0340,PATROL,0
243.452,0.0342,0.0340,PATROL,0
243.486,0.0340,0.0340,PATROL,0
243.520,0.0339,0.0340,PATROL,0
243.554,0.0339,0.0340,PATROL,0
243.588,0.0340,0.0340,PATROL,0
243.622,0.0344,0.0340,PATROL,0
243.656,0.0341,0.0340,PATROL,0
243.690,0.0337,0.0340,PATROL,0
243.724,0.0340,0.0340,PATROL,0
243.758,0.0340,0.0340,PATROL,0
243.792,0.0340,0.0340,PATROL,0
243.826,0.0342,0.0340,PATROL,0
243.860,0.0339,0.0340,PATROL,0
243.894,0.0339,0.0340,PATROL,0
243.928,0.0341,0.0340,PATROL,0
243.962,0.0339,0.0340,PATROL,0
243.996,0.0342,0.0340,PATROL,0
244.030,0.0339,0.0340,PATROL,0
244.064,0.0341,0.0340,PATROL,0
244.098,0.0340,0.0340,PATROL,0
244.132,0.0341,0.0340,PATROL,0
244.166,0.0340,0.0340,PATROL,0
244.200,0.0340,0.0340,PATROL,0
244.234,0.0339,0.0340,PATROL,0
244.268,0.0340,0.0340,PATROL,0
244.302,0.0340,0.0340,PATROL,0
244.336,0.0341,0.0340,PATROL,0
244.370,0.0339,0.0340,PATROL,0
244.404,0.0342,0.0340,PATROL,0
244.439,0.0341,0.0340,PATROL,0
244.472,0.0339,0.0340,PATROL,0
244.506,0.0339,0.0340,PATROL,0
244.541,0.0344,0.0340,PATROL,0
244.574,0.0338,0.0340,PATROL,0
244.608,0.0339,0.0340,PATROL,0
244.642,0.0341,0.0340,PATROL,0
244.676,0.0340,0.0340,PATROL,0
244.710,0.0340,0.0340,PATROL,0
244.744,0.0340,0.0340,PATROL,0
244.779,0.0342,0.0340,PATROL,0
244.812,0.0338,0.0340,PATROL,0
244.846,0.0339,0.0340,PATROL,0
244.881,0.0342,0.0340,PATROL,0
244.915,0.0340,0.0340,PATROL,0
244.948,0.0339,0.0340,PATROL,0
244.983,0.0344,0.0340,PATROL,0
245.017,0.0336,0.0340,PATROL,0
245.051,0.0340,0.0340,PATROL,0
245.084,0.0340,0.0340,PATROL,0
245.118,0.0340,0.0340,PATROL,0
245.153,0.0343,0.0340,PATROL,0
245.187,0.0338,0.0340,PATROL,0
245.221,0.0341,0.0340,PATROL,0
245.255,0.0342,0.0340,PATROL,0
245.289,0.0339,0.0340,PATROL,0
245.323,0.0340,0.0340,PATROL,0
245.357,0.0342,0.0340,PATROL,0
245.391,0.0340,0.0340,PATROL,0
245.425,0.0340,0.0340,PATROL,0
245.459,0.0339,0.0340,PATROL,0
245.493,0.0340,0.0340,PATROL,0
245.527,0.0340,0.0340,PATROL,0
245.561,0.0341,0.0340,PATROL,0
245.595,0.0339,0.0340,PATROL,0
245.629,0.0340,0.0340,PATROL,0
245.663,0.0340,0.0340,PATROL,0
245.697,0.0341,0.0340,PATROL,0
245.731,0.0342,0.0340,PATROL,0
245.765,0.0339,0.0340,PATROL,0
245.799,0.0343,0.0340,PATROL,0
245.833,0.0338,0.0340,PATROL,0
245.867,0.0340,0.0340,PATROL,0
245.901,0.0339,0.0340,PATROL,0
245.935,0.0343,0.0340,PATROL,0
245.969,0.0338,0.0340,PATROL,0
246.003,0.0341,0.0340,PATROL,0
246.037,0.0340,0.0340,PATROL,0
246.071,0.0340,0.0340,PATROL,0
246.105,0.0340,0.0340,PATROL,0
246.139,0.0341,0.0340,PATROL,0
246.173,0.0339,0.0340,PATROL,0
246.207,0.0340,0.0340,PATROL,0
246.241,0.0340,0.0340,PATROL,0
246.275,0.0341,0.0340,PATROL,0
246.309,0.0340,0.0340,PATROL,0
246.343,0.0341,0.0340,PATROL,0
246.377,0.0340,0.0340,PATROL,0
246.411,0.0339,0.0340,PATROL,0
246.445,0.0341,0.0340,PATROL,0
246.479,0.0340,0.0340,PATROL,0
246.514,0.0342,0.0340,PATROL,0
246.547,0.0339,0.0340,PATROL,0
246.581,0.0339,0.0340,PATROL,0
246.615,0.0342,0.0340,PATROL,0
246.649,0.0339,0.0340,PATROL,0
246.683,0.0340,0.0340,PATROL,0
246.718,0.0341,0.0340,PATROL,0
246.751,0.0339,0.0340,PATROL,0
246.785,0.0341,0.0340,PATROL,0
246.820,0.0341,0.0340,PATROL,0
246.854,0.0339,0.0340,PATROL,0
246.888,0.0341,0.0340,PATROL,0
246.922,0.0338,0.0340,PATROL,0
246.956,0.0341,0.0340,PATROL,0
246.990,0.0339,0.0340,PATROL,0
247.024,0.0340,0.0340,PATROL,0
247.057,0.0339,0.0340,PATROL,0
247.092,0.0341,0.0340,PATROL,0
247.126,0.0340,0.0340,PATROL,0
247.160,0.0341,0.0340,PATROL,0
247.194,0.0339,0.0340,PATROL,0
247.228,0.0341,0.0340,PATROL,0
247.262,0.0341,0.0340,PATROL,0
247.296,0.0339,0.0340,PATROL,0
247.330,0.0342,0.0340,PATROL,0
247.364,0.0339,0.0340,PATROL,0
247.398,0.0341,0.0340,PATROL,0
247.432,0.0341,0.0340,PATROL,0
247.466,0.0339,0.0340,PATROL,0
247.500,0.0344,0.0340,PATROL,0
247.534,0.0336,0.0340,PATROL,0
247.568,0.0341,0.0340,PATROL,0
247.602,0.0340,0.0340,PATROL,0
247.636,0.0339,0.0340,PATROL,0
247.670,0.0341,0.0340,PATROL,0
247.704,0.0339,0.0340,PATROL,0
247.738,0.0341,0.0340,PATROL,0
247.772,0.0340,0.0340,PATROL,0
247.806,0.0341,0.0340,PATROL,0
247.840,0.0340,0.0340,PATROL,0
247.874,0.0340,0.0340,PATROL,0
247.908,0.0340,0.0340,PATROL,0
247.942,0.0343,0.0340,PATROL,0
247.976,0.0339,0.0340,PATROL,0
248.010,0.0339,0.0340,PATROL,0
248.044,0.0341,0.0340,PATROL,0
248.078,0.0340,0.0340,PATROL,0
248.112,0.0341,0.0340,PATROL,0
248.146,0.0339,0.0340,PATROL,0
248.181,0.0345,0.0340,PATROL,0
248.214,0.0337,0.0340,PATROL,0
248.248,0.0339,0.0340,PATROL,0
248.283,0.0343,0.0340,PATROL,0
248.316,0.0337,0.0340,PATROL,0
248.350,0.0341,0.0340,PATROL,0
248.385,0.0342,0.0340,PATROL,0
248.418,0.0338,0.0340,PATROL,0
248.452,0.0340,0.0340,PATROL,0
248.486,0.0341,0.0340,PATROL,0
248.520,0.0340,0.0340,PATROL,0
248.555,0.0346,0.0340,PATROL,0
248.589,0.0342,0.0340,PATROL,0
248.623,0.0336,0.0340,PATROL,0
248.657,0.0340,0.0340,PATROL,0
248.691,0.0341,0.0340,PATROL,0
248.725,0.0340,0.0340,PATROL,0
248.759,0.0340,0.0340,PATROL,0
248.793,0.0339,0.0340,PATROL,0
248.827,0.0339,0.0340,PATROL,0
248.861,0.0340,0.0340,PATROL,0
248.895,0.0340,0.0340,PATROL,0
248.929,0.0342,0.0340,PATROL,0
248.963,0.0340,0.0340,PATROL,0
248.997,0.0339,0.0340,PATROL,0
249.031,0.0341,0.0340,PATROL,0
249.065,0.0340,0.0340,PATROL,0
249.099,0.0340,0.0340,PATROL,0
249.133,0.0341,0.0340,PATROL,0
249.167,0.0341,0.0340,PATROL,0
249.201,0.0344,0.0340,PATROL,0
249.235,0.0334,0.0340,PATROL,0
249.269,0.0341,0.0340,PATROL,0
249.303,0.0339,0.0340,PATROL,0
249.337,0.0341,0.0340,PATROL,0
249.371,0.0340,0.0340,PATROL,0
249.405,0.0341,0.0340,PATROL,0
249.439,0.0340,0.0340,PATROL,0
249.473,0.0339,0.0340,PATROL,0
249.507,0.0340,0.0340,PATROL,0
249.541,0.0340,0.0340,PATROL,0
249.575,0.0340,0.0340,PATROL,0
249.609,0.0340,0.0340,PATROL,0
249.643,0.0340,0.0340,PATROL,0
249.677,0.0340,0.0340,PATROL,0
249.711,0.0341,0.0340,PATROL,0
249.745,0.0339,0.0340,PATROL,0
249.779,0.0341,0.0340,PATROL,0
249.813,0.0341,0.0340,PATROL,0
249.847,0.0339,0.0340,PATROL,0
249.881,0.0340,0.0340,PATROL,0
249.915,0.0340,0.0340,PATROL,0
249.949,0.0341,0.0340,PATROL,0
249.983,0.0340,0.0340,PATROL,0
250.017,0.0341,0.0340,PATROL,0
250.051,0.0340,0.0340,PATROL,0
250.085,0.0342,0.0340,PATROL,0
250.120,0.0341,0.0340,PATROL,0
250.153,0.0339,0.0340,PATROL,0
250.187,0.0341,0.0340,PATROL,0
250.221,0.0338,0.0340,PATROL,0
250.255,0.0340,0.0340,PATROL,0
250.289,0.0341,0.0340,PATROL,0
250.323,0.0339,0.0340,PATROL,0
250.357,0.0342,0.0340,PATROL,0
250.392,0.0341,0.0340,PATROL,0
250.425,0.0338,0.0340,PATROL,0
250.460,0.0342,0.0340,PATROL,0
250.493,0.0339,0.0340,PATROL,0
250.528,0.0342,0.0340,PATROL,0
250.562,0.0340,0.0340,PATROL,0
250.595,0.0339,0.0340,PATROL,0
250.630,0.0341,0.0340,PATROL,0
250.664,0.0339,0.0340,PATROL,0
250.698,0.0340,0.0340,PATROL,0
250.732,0.0340,0.0340,PATROL,0
250.766,0.0342,0.0340,PATROL,0
250.800,0.0338,0.0340,PATROL,0
250.834,0.0340,0.0340,PATROL,0
250.868,0.0341,0.0340,PATROL,0
250.902,0.0342,0.0340,PATROL,0
250.936,0.0337,0.0340,PATROL,0
250.970,0.0341,0.0340,PATROL,0
251.003,0.0338,0.0340,PATROL,0
251.038,0.0341,0.0340,PATROL,0
251.071,0.0339,0.0340,PATROL,0
251.106,0.0341,0.0340,PATROL,0
251.140,0.0340,0.0340,PATROL,0
251.174,0.0340,0.0340,PATROL,0
251.208,0.0341,0.0340,PATROL,0
251.242,0.0339,0.0340,PATROL,0
251.276,0.0341,0.0340,PATROL,0
251.310,0.0341,0.0340,PATROL,0
251.344,0.0341,0.0340,PATROL,0
251.378,0.0341,0.0340,PATROL,0
251.412,0.0339,0.0340,PATROL,0
251.446,0.0342,0.0340,PATROL,0
251.480,0.0338,0.0340,PATROL,0
251.514,0.0340,0.0340,PATROL,0
251.548,0.0341,0.0340,PATROL,0
251.582,0.0340,0.0340,PATROL,0
251.616,0.0342,0.0340,PATROL,0
251.650,0.0339,0.0340,PATROL,0
251.684,0.0342,0.0340,PATROL,0
251.718,0.0338,0.0340,PATROL,0
251.752,0.0341,0.0340,PATROL,0
251.786,0.0339,0.0340,PATROL,0
251.820,0.0342,0.0340,PATROL,0
251.854,0.0339,0.0340,PATROL,0
251.888,0.0343,0.0340,PATROL,0
251.922,0.0341,0.0340,PATROL,0
251.956,0.0339,0.0340,PATROL,0
251.991,0.0345,0.0340,PATROL,0
252.024,0.0336,0.0340,PATROL,0
252.059,0.0340,0.0340,PATROL,0
252.092,0.0338,0.0340,PATROL,0
252.126,0.0341,0.0340,PATROL,0
252.160,0.0340,0.0340,PATROL,0
252.195,0.0343,0.0340,PATROL,0
252.229,0.0339,0.0340,PATROL,0
252.263,0.0340,0.0340,PATROL,0
252.297,0.0339,0.0340,PATROL,0
252.331,0.0340,0.0340,PATROL,0
252.365,0.0340,0.0340,PATROL,0
252.399,0.0344,0.0340,PATROL,0
252.432,0.0336,0.0340,PATROL,0
252.467,0.0340,0.0340,PATROL,0
252.501,0.0343,0.0340,ALIGN,0
252.535,0.0339,0.0340,ALIGN,0
252.569,0.0341,0.0340,ALIGN,0
252.603,0.0340,0.0340,ALIGN,0
252.637,0.0339,0.0340,ALIGN,0
252.671,0.0341,0.0340,ALIGN,0
252.705,0.0340,0.0340,ALIGN,0
252.739,0.0341,0.0340,ALIGN,0
252.773,0.0340,0.0340,ALIGN,0
252.807,0.0340,0.0340,ALIGN,0
252.841,0.0340,0.0340,ALIGN,0
252.875,0.0339,0.0340,ALIGN,0
252.909,0.0342,0.0340,ALIGN,0
252.943,0.0340,0.0340,ALIGN,0
252.977,0.0339,0.0340,ALIGN,0
253.011,0.0340,0.0340,ALIGN,0
253.045,0.0341,0.0340,ALIGN,0
253.079,0.0340,0.0340,ALIGN,0
253.113,0.0339,0.0340,ALIGN,0
253.147,0.0341,0.0340,ALIGN,0
253.181,0.0342,0.0340,ALIGN,0
253.215,0.0337,0.0340,ALIGN,0
253.249,0.0341,0.0340,ALIGN,0
253.283,0.0339,0.0340,ALIGN,0
253.317,0.0340,0.0340,ALIGN,0
253.351,0.0341,0.0340,ALIGN,0
253.385,0.0339,0.0340,ALIGN,0
253.419,0.0340,0.0340,ALIGN,0
253.453,0.0339,0.0340,ALIGN,0
253.487,0.0342,0.0340,ALIGN,0
253.521,0.0341,0.0340,ALIGN,0
253.555,0.0339,0.0340,ALIGN,0
253.589,0.0341,0.0340,ALIGN,0
253.623,0.0339,0.0340,ALIGN,0
253.657,0.0340,0.0340,ALIGN,0
253.691,0.0342,0.0340,ALIGN,0
253.725,0.0339,0.0340,ALIGN,0
253.759,0.0342,0.0340,ALIGN,0
253.793,0.0338,0.0340,ALIGN,0
253.827,0.0341,0.0340,ALIGN,0
253.861,0.0340,0.0340,ALIGN,0
253.895,0.0341,0.0340,ALIGN,0
253.929,0.0338,0.0340,ALIGN,0
253.963,0.0341,0.0340,ALIGN,0
253.997,0.0341,0.0340,ALIGN,0
254.032,0.0343,0.0340,ALIGN,0
254.065,0.0338,0.0340,ALIGN,0
254.099,0.0340,0.0340,ALIGN,0
254.133,0.0338,0.0340,ALIGN,0
254.168,0.0342,0.0340,ALIGN,0
254.202,0.0341,0.0340,ALIGN,0
254.235,0.0338,0.0340,APPROACH,0
254.269,0.0340,0.0340,APPROACH,0
254.304,0.0342,0.0340,APPROACH,0
254.338,0.0340,0.0340,APPROACH,0
254.372,0.0341,0.0340,APPROACH,0
254.405,0.0337,0.0340,APPROACH,0
254.439,0.0340,0.0340,APPROACH,0
254.474,0.0341,0.0340,APPROACH,0
254.508,0.0340,0.0340,APPROACH,0
254.542,0.0340,0.0340,APPROACH,0
254.576,0.0340,0.0340,APPROACH,0
254.609,0.0338,0.0340,APPROACH,0
254.643,0.0340,0.0340,APPROACH,0
254.678,0.0342,0.0340,APPROACH,0
254.712,0.0342,0.0340,APPROACH,0
254.746,0.0336,0.0340,APPROACH,0
254.780,0.0341,0.0340,APPROACH,0
254.813,0.0339,0.0340,APPROACH,0
254.848,0.0343,0.0340,APPROACH,0
254.882,0.0338,0.0340,APPROACH,0
254.915,0.0339,0.0340,APPROACH,0
254.950,0.0340,0.0340,APPROACH,0
254.984,0.0341,0.0340,APPROACH,0
255.018,0.0341,0.0340,APPROACH,0
255.052,0.0340,0.0340,APPROACH,0
255.086,0.0341,0.0340,APPROACH,0
255.120,0.0341,0.0340,APPROACH,0
255.154,0.0339,0.0340,APPROACH,0
255.188,0.0340,0.0340,APPROACH,0
255.222,0.0339,0.0340,APPROACH,0
255.256,0.0340,0.0340,APPROACH,0
255.290,0.0342,0.0340,APPROACH,0
255.324,0.0339,0.0340,APPROACH,0
255.358,0.0340,0.0340,APPROACH,0
255.393,0.0346,0.0340,APPROACH,0
255.426,0.0335,0.0340,APPROACH,0
255.460,0.0339,0.0340,APPROACH,0
255.494,0.0340,0.0340,APPROACH,0
255.528,0.0341,0.0340,APPROACH,0
255.562,0.0340,0.0340,APPROACH,0
255.596,0.0341,0.0340,APPROACH,0
255.630,0.0340,0.0340,APPROACH,0
255.664,0.0340,0.0340,APPROACH,0
255.698,0.0339,0.0340,APPROACH,0
255.732,0.0341,0.0340,APPROACH,0
255.766,0.0341,0.0340,APPROACH,0
255.800,0.0339,0.0340,APPROACH,0
255.834,0.0340,0.0340,APPROACH,0
255.868,0.0341,0.0340,APPROACH,0
255.902,0.0341,0.0340,APPROACH,0
255.936,0.0340,0.0340,APPROACH,0
255.970,0.0340,0.0340,APPROACH,0
256.005,0.0345,0.0340,APPROACH,0
256.038,0.0337,0.0340,APPROACH,0
256.072,0.0339,0.0340,APPROACH,0
256.106,0.0340,0.0340,APPROACH,0
256.140,0.0341,0.0340,APPROACH,0
256.174,0.0340,0.0340,APPROACH,0
256.208,0.0338,0.0340,APPROACH,0
256.242,0.0341,0.0340,APPROACH,0
256.277,0.0341,0.0340,APPROACH,0
256.311,0.0341,0.0340,APPROACH,0
256.345,0.0340,0.0340,APPROACH,0
256.379,0.0340,0.0340,APPROACH,0
256.413,0.0341,0.0340,APPROACH,0
256.446,0.0339,0.0340,APPROACH,0
256.481,0.0341,0.0340,APPROACH,0
256.515,0.0340,0.0340,APPROACH,0
256.548,0.0338,0.0340,APPROACH,0
256.583,0.0341,0.0340,APPROACH,0
256.617,0.0341,0.0340,APPROACH,0
256.651,0.0340,0.0340,APPROACH,0
256.685,0.0339,0.0340,APPROACH,0
256.719,0.0341,0.0340,APPROACH,0
256.753,0.0343,0.0340,APPROACH,0
256.787,0.0342,0.0340,APPROACH,0
256.821,0.0336,0.0340,APPROACH,0
256.855,0.0342,0.0340,APPROACH,0
256.889,0.0339,0.0340,APPROACH,0
256.923,0.0339,0.0340,APPROACH,0
256.957,0.0341,0.0340,APPROACH,0
256.991,0.0340,0.0340,APPROACH,0
257.025,0.0340,0.0340,APPROACH,0
257.059,0.0339,0.0340,APPROACH,0
257.093,0.0340,0.0340,APPROACH,0
257.127,0.0342,0.0340,APPROACH,0
257.161,0.0338,0.0340,APPROACH,0
257.195,0.0341,0.0340,APPROACH,0
257.229,0.0341,0.0340,APPROACH,0
257.263,0.0340,0.0340,APPROACH,0
257.297,0.0339,0.0340,APPROACH,0
257.331,0.0342,0.0340,APPROACH,0
257.365,0.0340,0.0340,APPROACH,0
257.399,0.0343,0.0340,APPROACH,0
257.433,0.0337,0.0340,APPROACH,0
257.467,0.0340,0.0340,APPROACH,0
257.501,0.0340,0.0340,APPROACH,0
257.535,0.0341,0.0340,APPROACH,0
257.569,0.0340,0.0340,APPROACH,0
257.603,0.0341,0.0340,APPROACH,0
257.637,0.0340,0.0340,APPROACH,0
257.671,0.0341,0.0340,APPROACH,0
257.705,0.0341,0.0340,APPROACH,0
257.739,0.0339,0.0340,APPROACH,0
257.773,0.0340,0.0340,APPROACH,0
257.807,0.0341,0.0340,APPROACH,0
257.841,0.0341,0.0340,APPROACH,0
257.875,0.0338,0.0340,APPROACH,0
257.909,0.0340,0.0340,APPROACH,0
257.943,0.0340,0.0340,APPROACH,0
257.977,0.0341,0.0340,APPROACH,0
258.011,0.0341,0.0340,APPROACH,0
258.046,0.0343,0.0340,APPROACH,0
258.079,0.0338,0.0340,APPROACH,0
258.113,0.0340,0.0340,APPROACH,0
258.147,0.0339,0.0340,APPROACH,0
258.181,0.0341,0.0340,APPROACH,0
258.216,0.0343,0.0340,APPROACH,0
258.249,0.0336,0.0340,APPROACH,0
258.284,0.0341,0.0340,APPROACH,0
258.317,0.0339,0.0340,APPROACH,0
258.351,0.0340,0.0340,APPROACH,0
258.386,0.0341,0.0340,APPROACH,0
258.420,0.0340,0.0340,APPROACH,0
258.454,0.0341,0.0340,APPROACH,0
258.488,0.0340,0.0340,APPROACH,0
258.521,0.0338,0.0340,APPROACH,0
258.556,0.0342,0.0340,APPROACH,0
258.590,0.0340,0.0340,APPROACH,0
258.624,0.0339,0.0340,APPROACH,0
258.658,0.0340,0.0340,APPROACH,0
258.692,0.0340,0.0340,APPROACH,0
258.726,0.0341,0.0340,APPROACH,0
258.760,0.0340,0.0340,APPROACH,0
258.794,0.0341,0.0340,APPROACH,0
258.828,0.0340,0.0340,APPROACH,0
258.862,0.0342,0.0340,APPROACH,0
258.896,0.0339,0.0340,APPROACH,0
258.930,0.0340,0.0340,APPROACH,0
258.964,0.0340,0.0340,APPROACH,0
258.998,0.0340,0.0340,APPROACH,0
259.032,0.0343,0.0340,APPROACH,0
259.066,0.0341,0.0340,APPROACH,0
259.100,0.0337,0.0340,APPROACH,0
259.134,0.0340,0.0340,APPROACH,0
259.168,0.0340,0.0340,APPROACH,0
259.202,0.0341,0.0340,APPROACH,0
259.236,0.0341,0.0340,APPROACH,0
259.270,0.0338,0.0340,APPROACH,0
259.304,0.0343,0.0340,APPROACH,0
259.338,0.0338,0.0340,APPROACH,0
259.372,0.0342,0.0340,APPROACH,0
259.406,0.0341,0.0340,APPROACH,0
259.440,0.0339,0.0340,APPROACH,0
259.474,0.0339,0.0340,APPROACH,0
259.508,0.0339,0.0340,APPROACH,0
259.542,0.0342,0.0340,APPROACH,0
259.576,0.0340,0.0340,APPROACH,0
259.610,0.0340,0.0340,APPROACH,0
259.644,0.0340,0.0340,APPROACH,0
259.678,0.0340,0.0340,APPROACH,0
259.712,0.0339,0.0340,APPROACH,0
259.746,0.0341,0.0340,APPROACH,0
259.780,0.0341,0.0340,APPROACH,0
259.814,0.0342,0.0340,APPROACH,0
259.848,0.0338,0.0340,APPROACH,0
259.882,0.0341,0.0340,APPROACH,0
259.916,0.0340,0.0340,APPROACH,0
259.950,0.0339,0.0340,APPROACH,0
259.984,0.0341,0.0340,APPROACH,0
260.018,0.0341,0.0340,APPROACH,0
260.053,0.0345,0.0340,APPROACH,0
260.087,0.0337,0.0340,APPROACH,0
260.120,0.0339,0.0340,APPROACH,0
260.155,0.0341,0.0340,APPROACH,0
260.189,0.0340,0.0340,APPROACH,0
260.222,0.0339,0.0340,APPROACH,0
260.257,0.0349,0.0340,APPROACH,0
260.291,0.0339,0.0340,APPROACH,0
260.325,0.0340,0.0340,APPROACH,0
260.360,0.0343,0.0340,APPROACH,0
260.393,0.0337,0.0340,APPROACH,0
260.427,0.0340,0.0340,APPROACH,0
260.461,0.0340,0.0340,APPROACH,0
260.495,0.0340,0.0340,APPROACH,0
260.529,0.0340,0.0340,APPROACH,0
260.563,0.0341,0.0340,APPROACH,0
260.597,0.0341,0.0340,APPROACH,0
260.631,0.0341,0.0340,APPROACH,0
260.666,0.0341,0.0340,APPROACH,0
260.699,0.0338,0.0340,APPROACH,0
260.733,0.0340,0.0340,APPROACH,0
260.768,0.0342,0.0340,APPROACH,0
260.802,0.0340,0.0340,APPROACH,0
260.836,0.0340,0.0340,APPROACH,0
260.870,0.0340,0.0340,APPROACH,0
260.904,0.0340,0.0340,APPROACH,0
260.938,0.0339,0.0340,APPROACH,0
260.972,0.0341,0.0340,APPROACH,0
261.006,0.0342,0.0340,APPROACH,0
261.040,0.0337,0.0340,APPROACH,0
261.073,0.0339,0.0340,APPROACH,0
261.108,0.0342,0.0340,PATROL,0
261.142,0.0340,0.0340,ALIGN,0
261.176,0.0341,0.0340,ALIGN,0
261.210,0.0341,0.0340,ALIGN,0
261.244,0.0342,0.0340,ALIGN,0
261.278,0.0338,0.0340,ALIGN,0
261.312,0.0339,0.0340,ALIGN,0
261.346,0.0341,0.0340,ALIGN,0
261.380,0.0339,0.0340,ALIGN,0
261.414,0.0341,0.0340,ALIGN,0
261.448,0.0339,0.0340,ALIGN,0
261.482,0.0341,0.0340,ALIGN,0
261.516,0.0339,0.0340,ALIGN,0
261.550,0.0340,0.0340,ALIGN,0
261.584,0.0343,0.0340,ALIGN,0
261.618,0.0339,0.0340,ALIGN,0
261.652,0.0342,0.0340,ALIGN,0
261.686,0.0339,0.0340,ALIGN,0
261.720,0.0339,0.0340,ALIGN,0
261.754,0.0340,0.0340,ALIGN,0
261.788,0.0341,0.0340,ALIGN,0
261.822,0.0340,0.0340,APPROACH,0
261.856,0.0340,0.0340,APPROACH,0
261.890,0.0340,0.0340,APPROACH,0
261.924,0.0340,0.0340,APPROACH,0
261.958,0.0342,0.0340,APPROACH,0
261.992,0.0337,0.0340,APPROACH,0
262.026,0.0340,0.0340,APPROACH,0
262.060,0.0340,0.0340,APPROACH,0
262.094,0.0341,0.0340,APPROACH,0
262.128,0.0341,0.0340,APPROACH,0
262.162,0.0340,0.0340,APPROACH,0
262.196,0.0340,0.0340,APPROACH,0
262.230,0.0340,0.0340,APPROACH,0
262.264,0.0342,0.0340,APPROACH,0
262.298,0.0338,0.0340,APPROACH,0
262.332,0.0342,0.0340,APPROACH,0
262.366,0.0340,0.0340,APPROACH,0
262.400,0.0340,0.0340,APPROACH,0
262.434,0.0339,0.0340,APPROACH,0
262.468,0.0340,0.0340,APPROACH,0
262.502,0.0342,0.0340,APPROACH,0
262.536,0.0341,0.0340,APPROACH,0
262.570,0.0340,0.0340,APPROACH,0
262.604,0.0339,0.0340,APPROACH,0
262.639,0.0343,0.0340,APPROACH,0
262.672,0.0338,0.0340,APPROACH,0
262.706,0.0341,0.0340,APPROACH,0
262.740,0.0341,0.0340,APPROACH,0
262.774,0.0340,0.0340,APPROACH,0
262.809,0.0342,0.0340,APPROACH,0
262.842,0.0338,0.0340,APPROACH,0
262.876,0.0341,0.0340,APPROACH,0
262.911,0.0340,0.0340,APPROACH,0
262.944,0.0339,0.0340,APPROACH,0
262.978,0.0340,0.0340,APPROACH,0
263.013,0.0341,0.0340,APPROACH,0
263.047,0.0341,0.0340,APPROACH,0
263.081,0.0339,0.0340,APPROACH,0
263.114,0.0339,0.0340,APPROACH,0
263.149,0.0342,0.0340,APPROACH,0
263.183,0.0340,0.0340,APPROACH,0
263.217,0.0339,0.0340,APPROACH,0
263.251,0.0341,0.0340,APPROACH,0
263.285,0.0339,0.0340,APPROACH,0
263.319,0.0341,0.0340,APPROACH,0
263.353,0.0340,0.0340,APPROACH,0
263.387,0.0341,0.0340,APPROACH,0
263.421,0.0339,0.0340,APPROACH,0
263.455,0.0341,0.0340,APPROACH,0
263.489,0.0341,0.0340,APPROACH,0
263.523,0.0343,0.0340,APPROACH,0
263.557,0.0338,0.0340,APPROACH,0
263.591,0.0341,0.0340,APPROACH,0
263.625,0.0339,0.0340,APPROACH,0
263.659,0.0341,0.0340,APPROACH,0
263.693,0.0339,0.0340,APPROACH,0
263.727,0.0342,0.0340,APPROACH,0
263.761,0.0337,0.0340,APPROACH,0
263.795,0.0340,0.0340,APPROACH,0
263.829,0.0341,0.0340,APPROACH,0
263.863,0.0341,0.0340,APPROACH,0
263.897,0.0340,0.0340,APPROACH,0
263.931,0.0341,0.0340,APPROACH,0
263.965,0.0342,0.0340,APPROACH,0
263.999,0.0340,0.0340,APPROACH,0
264.033,0.0337,0.0340,APPROACH,0
264.067,0.0343,0.0340,APPROACH,0
264.101,0.0339,0.0340,APPROACH,0
264.135,0.0340,0.0340,APPROACH,0
264.169,0.0340,0.0340,APPROACH,0
264.203,0.0340,0.0340,APPROACH,0
264.237,0.0340,0.0340,APPROACH,0
264.271,0.0340,0.0340,APPROACH,0
264.305,0.0342,0.0340,APPROACH,0
264.339,0.0339,0.0340,APPROACH,0
264.373,0.0341,0.0340,APPROACH,0
264.407,0.0341,0.0340,APPROACH,0
264.441,0.0340,0.0340,APPROACH,0
264.475,0.0338,0.0340,APPROACH,0
264.509,0.0341,0.0340,APPROACH,0
264.543,0.0340,0.0340,APPROACH,0
264.577,0.0340,0.0340,APPROACH,0
264.611,0.0339,0.0340,APPROACH,0
264.645,0.0341,0.0340,APPROACH,0
264.679,0.0341,0.0340,APPROACH,0
264.714,0.0343,0.0340,APPROACH,0
264.747,0.0338,0.0340,APPROACH,0
264.781,0.0339,0.0340,APPROACH,0
264.815,0.0340,0.0340,APPROACH,0
264.849,0.0340,0.0340,APPROACH,0
264.883,0.0342,0.0340,APPROACH,0
264.917,0.0339,0.0340,APPROACH,0
264.952,0.0342,0.0340,APPROACH,0
264.986,0.0340,0.0340,APPROACH,0
265.019,0.0338,0.0340,APPROACH,0
265.053,0.0340,0.0340,APPROACH,0
265.088,0.0342,0.0340,APPROACH,0
265.122,0.0340,0.0340,APPROACH,0
265.155,0.0339,0.0340,APPROACH,0
265.189,0.0340,0.0340,APPROACH,0
265.224,0.0342,0.0340,APPROACH,0
265.257,0.0339,0.0340,APPROACH,0
265.292,0.0342,0.0340,APPROACH,0
265.326,0.0343,0.0340,APPROACH,0
265.360,0.0338,0.0340,APPROACH,0
265.394,0.0342,0.0340,APPROACH,0
265.428,0.0340,0.0340,APPROACH,0
265.462,0.0339,0.0340,APPROACH,0
265.496,0.0340,0.0340,APPROACH,0
265.530,0.0339,0.0340,APPROACH,0
265.564,0.0340,0.0340,APPROACH,0
265.598,0.0340,0.0340,APPROACH,0
265.632,0.0340,0.0340,APPROACH,0
265.666,0.0342,0.0340,APPROACH,0
265.700,0.0340,0.0340,APPROACH,0
265.734,0.0339,0.0340,APPROACH,0
265.768,0.0341,0.0340,APPROACH,0
265.802,0.0339,0.0340,APPROACH,0
265.836,0.0341,0.0340,APPROACH,0
265.870,0.0340,0.0340,APPROACH,0
265.904,0.0341,0.0340,APPROACH,0
265.938,0.0341,0.0340,APPROACH,0
265.972,0.0339,0.0340,APPROACH,0
266.006,0.0341,0.0340,APPROACH,0
266.040,0.0340,0.0340,APPROACH,0
266.074,0.0340,0.0340,APPROACH,0
266.108,0.0342,0.0340,APPROACH,0
266.142,0.0338,0.0340,APPROACH,0
266.176,0.0341,0.0340,APPROACH,0
266.210,0.0341,0.0340,APPROACH,0
266.244,0.0339,0.0340,APPROACH,0
266.278,0.0342,0.0340,APPROACH,0
266.312,0.0340,0.0340,APPROACH,0
266.346,0.0340,0.0340,APPROACH,0
266.380,0.0339,0.0340,APPROACH,0
266.414,0.0340,0.0340,APPROACH,0
266.448,0.0340,0.0340,APPROACH,0
266.482,0.0341,0.0340,APPROACH,0
266.516,0.0340,0.0340,APPROACH,0
266.550,0.0340,0.0340,APPROACH,0
266.584,0.0342,0.0340,APPROACH,0
266.618,0.0340,0.0340,APPROACH,0
266.652,0.0340,0.0340,APPROACH,0
266.686,0.0341,0.0340,APPROACH,0
266.720,0.0339,0.0340,APPROACH,0
266.754,0.0341,0.0340,APPROACH,0
266.788,0.0339,0.0340,APPROACH,0
266.822,0.0342,0.0340,APPROACH,0
266.856,0.0340,0.0340,APPROACH,0
266.890,0.0340,0.0340,APPROACH,0
266.924,0.0340,0.0340,APPROACH,0
266.959,0.0341,0.0340,APPROACH,0
266.992,0.0339,0.0340,APPROACH,0
267.026,0.0340,0.0340,APPROACH,0
267.061,0.0344,0.0340,APPROACH,0
267.095,0.0338,0.0340,APPROACH,0
267.129,0.0341,0.0340,APPROACH,0
267.162,0.0338,0.0340,APPROACH,0
267.197,0.0341,0.0340,APPROACH,0
267.230,0.0339,0.0340,APPROACH,0
267.264,0.0340,0.0340,APPROACH,0
267.298,0.0340,0.0340,APPROACH,0
267.333,0.0341,0.0340,BLIND_DASH,0
267.367,0.0341,0.0340,BLIND_DASH,0
267.400,0.0338,0.0340,BLIND_DASH,0
267.435,0.0341,0.0340,BLIND_DASH,0
267.469,0.0341,0.0340,BLIND_DASH,0
267.503,0.0339,0.0340,BLIND_DASH,0
267.536,0.0339,0.0340,PATROL,0
267.571,0.0342,0.0340,PATROL,0
267.605,0.0341,0.0340,PATROL,0
267.639,0.0341,0.0340,PATROL,0
267.673,0.0341,0.0340,PATROL,0
267.707,0.0338,0.0340,PATROL,0
267.741,0.0341,0.0340,PATROL,0
267.775,0.0340,0.0340,PATROL,0
267.809,0.0340,0.0340,PATROL,0
267.843,0.0341,0.0340,PATROL,0
267.877,0.0339,0.0340,PATROL,0
267.911,0.0343,0.0340,PATROL,0
267.945,0.0338,0.0340,PATROL,0
267.979,0.0339,0.0340,PATROL,0
268.013,0.0340,0.0340,PATROL,0
268.047,0.0341,0.0340,PATROL,0
268.081,0.0342,0.0340,PATROL,0
268.115,0.0340,0.0340,PATROL,0
268.149,0.0340,0.0340,PATROL,0
268.183,0.0341,0.0340,PATROL,0
268.217,0.0338,0.0340,PATROL,0
268.251,0.0340,0.0340,PATROL,0
268.285,0.0341,0.0340,PATROL,0
268.319,0.0340,0.0340,PATROL,0
268.353,0.0342,0.0340,PATROL,0
268.387,0.0338,0.0340,PATROL,0
268.421,0.0340,0.0340,PATROL,0
268.455,0.0343,0.0340,PATROL,0
268.489,0.0337,0.0340,PATROL,0
268.523,0.0343,0.0340,PATROL,0
268.557,0.0339,0.0340,PATROL,0
268.591,0.0341,0.0340,PATROL,0
268.625,0.0340,0.0340,PATROL,0
268.659,0.0340,0.0340,PATROL,0
268.693,0.0341,0.0340,PATROL,0
268.727,0.0341,0.0340,PATROL,0
268.761,0.0339,0.0340,PATROL,0
268.795,0.0340,0.0340,PATROL,0
268.829,0.0340,0.0340,PATROL,0
268.863,0.0341,0.0340,PATROL,0
268.898,0.0344,0.0340,PATROL,0
268.931,0.0337,0.0340,PATROL,0
268.965,0.0340,0.0340,PATROL,0
269.000,0.0341,0.0340,PATROL,0
269.033,0.0339,0.0340,PATROL,0
269.067,0.0340,0.0340,PATROL,0
269.102,0.0342,0.0340,PATROL,0
269.136,0.0339,0.0340,PATROL,0
269.169,0.0339,0.0340,PATROL,0
269.204,0.0344,0.0340,PATROL,0
269.237,0.0336,0.0340,PATROL,0
269.272,0.0340,0.0340,PATROL,0
269.305,0.0340,0.0340,PATROL,0
269.340,0.0342,0.0340,PATROL,0
269.373,0.0338,0.0340,PATROL,0
269.408,0.0342,0.0340,PATROL,0
269.442,0.0338,0.0340,PATROL,0
269.476,0.0342,0.0340,PATROL,0
269.510,0.0340,0.0340,PATROL,0
269.544,0.0339,0.0340,PATROL,0
269.578,0.0341,0.0340,PATROL,0
269.612,0.0341,0.0340,PATROL,0
269.646,0.0339,0.0340,ALIGN,0
269.680,0.0340,0.0340,ALIGN,0
269.714,0.0340,0.0340,ALIGN,0
269.748,0.0341,0.0340,ALIGN,0
269.782,0.0339,0.0340,ALIGN,0
269.816,0.0341,0.0340,ALIGN,0
269.850,0.0339,0.0340,ALIGN,0
269.884,0.0340,0.0340,ALIGN,0
269.918,0.0340,0.0340,ALIGN,0
269.952,0.0342,0.0340,ALIGN,0
269.986,0.0338,0.0340,ALIGN,0
270.020,0.0340,0.0340,ALIGN,0
270.054,0.0341,0.0340,ALIGN,0
270.088,0.0340,0.0340,ALIGN,0
270.122,0.0340,0.0340,ALIGN,0
270.156,0.0342,0.0340,ALIGN,0
270.190,0.0337,0.0340,ALIGN,0
270.224,0.0340,0.0340,ALIGN,0
270.258,0.0341,0.0340,ALIGN,0
270.292,0.0340,0.0340,ALIGN,0
270.326,0.0341,0.0340,ALIGN,0
270.360,0.0339,0.0340,ALIGN,0
270.394,0.0341,0.0340,ALIGN,0
270.428,0.0339,0.0340,ALIGN,0
270.462,0.0342,0.0340,ALIGN,0
270.496,0.0339,0.0340,ALIGN,0
270.530,0.0341,0.0340,ALIGN,0
270.564,0.0340,0.0340,ALIGN,0
270.598,0.0339,0.0340,ALIGN,0
270.632,0.0340,0.0340,ALIGN,0
270.666,0.0340,0.0340,ALIGN,0
270.700,0.0340,0.0340,ALIGN,0
270.734,0.0339,0.0340,ALIGN,0
270.768,0.0341,0.0340,ALIGN,0
270.802,0.0340,0.0340,ALIGN,0
270.836,0.0340,0.0340,ALIGN,0
270.870,0.0340,0.0340,ALIGN,0
270.904,0.0342,0.0340,ALIGN,0
270.938,0.0338,0.0340,APPROACH,0
270.972,0.0340,0.0340,APPROACH,0
271.006,0.0342,0.0340,APPROACH,0
271.040,0.0341,0.0340,APPROACH,0
271.074,0.0340,0.0340,APPROACH,0
271.108,0.0339,0.0340,APPROACH,0
271.142,0.0341,0.0340,APPROACH,0
271.176,0.0340,0.0340,APPROACH,0
271.210,0.0340,0.0340,APPROACH,0
271.244,0.0340,0.0340,APPROACH,0
271.278,0.0340,0.0340,APPROACH,0
271.312,0.0340,0.0340,APPROACH,0
271.346,0.0339,0.0340,APPROACH,0
271.380,0.0340,0.0340,APPROACH,0
271.415,0.0342,0.0340,APPROACH,0
271.449,0.0340,0.0340,APPROACH,0
271.483,0.0339,0.0340,APPROACH,0
271.517,0.0341,0.0340,APPROACH,0
271.551,0.0339,0.0340,APPROACH,0
271.585,0.0340,0.0340,APPROACH,0
271.618,0.0340,0.0340,APPROACH,0
271.653,0.0341,0.0340,APPROACH,0
271.687,0.0342,0.0340,APPROACH,0
271.721,0.0339,0.0340,APPROACH,0
271.755,0.0343,0.0340,APPROACH,0
271.789,0.0339,0.0340,APPROACH,0
271.823,0.0341,0.0340,APPROACH,0
271.857,0.0339,0.0340,APPROACH,0
271.891,0.0340,0.0340,APPROACH,0
271.925,0.0344,0.0340,APPROACH,0
271.959,0.0338,0.0340,APPROACH,0
271.993,0.0339,0.0340,APPROACH,0
272.027,0.0339,0.0340,APPROACH,0
272.061,0.0344,0.0340,APPROACH,0
272.095,0.0336,0.0340,APPROACH,0
272.129,0.0341,0.0340,APPROACH,0
272.163,0.0339,0.0340,APPROACH,0
272.197,0.0341,0.0340,APPROACH,0
272.231,0.0341,0.0340,APPROACH,0
272.265,0.0340,0.0340,APPROACH,0
272.299,0.0340,0.0340,APPROACH,0
272.333,0.0339,0.0340,APPROACH,0
272.367,0.0343,0.0340,APPROACH,0
272.401,0.0339,0.0340,APPROACH,0
272.435,0.0339,0.0340,APPROACH,0
272.469,0.0341,0.0340,APPROACH,0
272.503,0.0340,0.0340,APPROACH,0
272.537,0.0339,0.0340,APPROACH,0
272.571,0.0340,0.0340,APPROACH,0
272.605,0.0342,0.0340,APPROACH,0
272.639,0.0340,0.0340,APPROACH,0
272.673,0.0339,0.0340,APPROACH,0
272.707,0.0342,0.0340,APPROACH,0
272.741,0.0339,0.0340,APPROACH,0
272.775,0.0343,0.0340,APPROACH,0
272.809,0.0339,0.0340,APPROACH,0
272.843,0.0339,0.0340,APPROACH,0
272.877,0.0339,0.0340,APPROACH,0
272.911,0.0341,0.0340,APPROACH,0
272.945,0.0340,0.0340,APPROACH,0
272.979,0.0340,0.0340,APPROACH,0
273.013,0.0342,0.0340,APPROACH,0
273.047,0.0340,0.0340,APPROACH,0
273.081,0.0338,0.0340,APPROACH,0
273.115,0.0340,0.0340,APPROACH,0
273.149,0.0340,0.0340,APPROACH,0
273.183,0.0342,0.0340,APPROACH,0
273.217,0.0338,0.0340,APPROACH,0
273.251,0.0341,0.0340,APPROACH,0
273.286,0.0341,0.0340,APPROACH,0
273.320,0.0340,0.0340,APPROACH,0
273.353,0.0338,0.0340,APPROACH,0
273.387,0.0341,0.0340,APPROACH,0
273.421,0.0339,0.0340,APPROACH,0
273.455,0.0341,0.0340,APPROACH,0
273.489,0.0339,0.0340,APPROACH,0
273.524,0.0343,0.0340,APPROACH,0
273.557,0.0338,0.0340,APPROACH,0
273.592,0.0341,0.0340,APPROACH,0
273.626,0.0341,0.0340,APPROACH,0
273.660,0.0339,0.0340,APPROACH,0
273.693,0.0339,0.0340,APPROACH,0
273.728,0.0343,0.0340,APPROACH,0
273.762,0.0338,0.0340,APPROACH,0
273.795,0.0339,0.0340,APPROACH,0
273.830,0.0341,0.0340,APPROACH,0
273.864,0.0340,0.0340,APPROACH,0
273.897,0.0338,0.0340,APPROACH,0
273.932,0.0343,0.0340,APPROACH,0
273.966,0.0338,0.0340,APPROACH,0
274.000,0.0338,0.0340,APPROACH,0
274.034,0.0341,0.0340,APPROACH,0
274.068,0.0341,0.0340,APPROACH,0
274.102,0.0343,0.0340,APPROACH,0
274.136,0.0337,0.0340,APPROACH,0
274.170,0.0339,0.0340,APPROACH,0
274.204,0.0340,0.0340,APPROACH,0
274.238,0.0339,0.0340,APPROACH,0
274.272,0.0345,0.0340,APPROACH,0
274.306,0.0338,0.0340,APPROACH,0
274.340,0.0343,0.0340,APPROACH,0
274.374,0.0337,0.0340,APPROACH,0
274.408,0.0341,0.0340,APPROACH,0
274.442,0.0341,0.0340,APPROACH,0
274.476,0.0338,0.0340,APPROACH,0
274.510,0.0341,0.0340,APPROACH,0
274.544,0.0342,0.0340,APPROACH,0
274.578,0.0338,0.0340,APPROACH,0
274.612,0.0340,0.0340,APPROACH,0
274.646,0.0340,0.0340,APPROACH,0
274.680,0.0342,0.0340,APPROACH,0
274.714,0.0341,0.0340,APPROACH,0
274.748,0.0338,0.0340,APPROACH,0
274.782,0.0341,0.0340,APPROACH,0
274.816,0.0338,0.0340,APPROACH,0
274.850,0.0342,0.0340,APPROACH,0
274.884,0.0341,0.0340,APPROACH,0
274.918,0.0341,0.0340,APPROACH,0
274.952,0.0340,0.0340,APPROACH,0
274.986,0.0338,0.0340,APPROACH,0
275.020,0.0341,0.0340,APPROACH,0
275.054,0.0339,0.0340,APPROACH,0
275.088,0.0341,0.0340,APPROACH,0
275.122,0.0339,0.0340,APPROACH,0
275.156,0.0341,0.0340,APPROACH,0
275.190,0.0340,0.0340,APPROACH,0
275.224,0.0340,0.0340,APPROACH,0
275.258,0.0339,0.0340,APPROACH,0
275.292,0.0341,0.0340,APPROACH,0
275.326,0.0339,0.0340,APPROACH,0
275.360,0.0340,0.0340,APPROACH,0
275.394,0.0342,0.0340,APPROACH,0
275.428,0.0340,0.0340,BLIND_DASH,0
275.462,0.0340,0.0340,BLIND_DASH,0
275.496,0.0340,0.0340,BLIND_DASH,0
275.530,0.0339,0.0340,PATROL,0
275.564,0.0341,0.0340,PATROL,0
275.598,0.0339,0.0340,PATROL,0
275.633,0.0342,0.0340,PATROL,0
275.666,0.0338,0.0340,PATROL,0
275.700,0.0342,0.0340,PATROL,0
275.734,0.0340,0.0340,PATROL,0
275.769,0.0341,0.0340,PATROL,0
275.803,0.0340,0.0340,PATROL,0
275.836,0.0339,0.0340,PATROL,0
275.871,0.0341,0.0340,PATROL,0
275.905,0.0342,0.0340,PATROL,0
275.939,0.0338,0.0340,PATROL,0
275.973,0.0340,0.0340,PATROL,0
276.007,0.0342,0.0340,PATROL,0
276.041,0.0338,0.0340,PATROL,0
276.074,0.0339,0.0340,PATROL,0
276.109,0.0341,0.0340,PATROL,0
276.143,0.0341,0.0340,PATROL,0
276.177,0.0339,0.0340,PATROL,0
276.211,0.0340,0.0340,PATROL,0
276.245,0.0339,0.0340,PATROL,0
276.279,0.0342,0.0340,PATROL,0
276.313,0.0341,0.0340,PATROL,0
276.347,0.0339,0.0340,PATROL,0
276.381,0.0340,0.0340,PATROL,0
276.415,0.0342,0.0340,PATROL,0
276.449,0.0340,0.0340,PATROL,0
276.483,0.0341,0.0340,PATROL,0
276.517,0.0339,0.0340,PATROL,0
276.551,0.0342,0.0340,PATROL,0
276.585,0.0339,0.0340,PATROL,0
276.619,0.0341,0.0340,PATROL,0
276.653,0.0341,0.0340,PATROL,0
276.687,0.0339,0.0340,PATROL,0
276.721,0.0339,0.0340,PATROL,0
276.755,0.0340,0.0340,PATROL,0
276.789,0.0340,0.0340,PATROL,0
276.823,0.0342,0.0340,PATROL,0
276.857,0.0341,0.0340,PATROL,0
276.891,0.0340,0.0340,PATROL,0
276.925,0.0338,0.0340,PATROL,0
276.959,0.0342,0.0340,PATROL,0
276.993,0.0338,0.0340,PATROL,0
277.027,0.0339,0.0340,PATROL,0
277.061,0.0343,0.0340,PATROL,0
277.095,0.0338,0.0340,PATROL,0
277.129,0.0339,0.0340,PATROL,0
277.163,0.0342,0.0340,PATROL,0
277.197,0.0340,0.0340,PATROL,0
277.231,0.0341,0.0340,PATROL,0
277.265,0.0340,0.0340,PATROL,0
277.299,0.0340,0.0340,PATROL,0
277.333,0.0340,0.0340,PATROL,0
277.367,0.0339,0.0340,PATROL,0
277.401,0.0342,0.0340,PATROL,0
277.435,0.0338,0.0340,PATROL,0
277.469,0.0342,0.0340,PATROL,0
277.503,0.0339,0.0340,PATROL,0
277.537,0.0341,0.0340,PATROL,0
277.571,0.0340,0.0340,PATROL,0
277.605,0.0340,0.0340,PATROL,0
277.640,0.0341,0.0340,PATROL,0
277.674,0.0340,0.0340,PATROL,0
277.708,0.0340,0.0340,PATROL,0
277.741,0.0339,0.0340,PATROL,0
277.775,0.0341,0.0340,PATROL,0
277.810,0.0341,0.0340,PATROL,0
277.844,0.0341,0.0340,PATROL,0
277.878,0.0339,0.0340,PATROL,0
277.912,0.0341,0.0340,PATROL,0
277.946,0.0339,0.0340,PATROL,0
277.980,0.0340,0.0340,PATROL,0
278.014,0.0340,0.0340,PATROL,0
278.047,0.0339,0.0340,PATROL,0
278.082,0.0340,0.0340,PATROL,0
278.116,0.0342,0.0340,PATROL,0
278.150,0.0339,0.0340,PATROL,0
278.184,0.0339,0.0340,PATROL,0
278.217,0.0339,0.0340,PATROL,0
278.251,0.0340,0.0340,PATROL,0
278.286,0.0341,0.0340,PATROL,0
278.319,0.0340,0.0340,PATROL,0
278.354,0.0341,0.0340,PATROL,0
278.387,0.0338,0.0340,PATROL,0
278.421,0.0340,0.0340,PATROL,0
278.455,0.0340,0.0340,PATROL,0
278.490,0.0341,0.0340,PATROL,0
278.524,0.0339,0.0340,PATROL,0
278.557,0.0340,0.0340,PATROL,0
278.592,0.0341,0.0340,PATROL,0
278.626,0.0342,0.0340,PATROL,0
278.660,0.0340,0.0340,PATROL,0
278.694,0.0341,0.0340,PATROL,0
278.728,0.0341,0.0340,PATROL,0
278.762,0.0341,0.0340,PATROL,0
278.796,0.0339,0.0340,PATROL,0
278.830,0.0339,0.0340,PATROL,0
278.864,0.0340,0.0340,PATROL,0
278.898,0.0340,0.0340,PATROL,0
278.932,0.0342,0.0340,PATROL,0
278.966,0.0340,0.0340,PATROL,0
279.000,0.0339,0.0340,PATROL,0
279.034,0.0341,0.0340,PATROL,0
279.068,0.0340,0.0340,PATROL,0
279.102,0.0341,0.0340,PATROL,0
279.136,0.0340,0.0340,PATROL,0
279.170,0.0339,0.0340,PATROL,0
279.204,0.0340,0.0340,PATROL,0
279.238,0.0340,0.0340,PATROL,0
279.272,0.0341,0.0340,PATROL,0
279.306,0.0339,0.0340,PATROL,0
279.340,0.0340,0.0340,PATROL,0
279.374,0.0341,0.0340,PATROL,0
279.408,0.0339,0.0340,PATROL,0
279.442,0.0340,0.0340,PATROL,0
279.476,0.0343,0.0340,PATROL,0
279.510,0.0338,0.0340,PATROL,0
279.544,0.0341,0.0340,PATROL,0
279.578,0.0340,0.0340,PATROL,0
279.612,0.0341,0.0340,PATROL,0
279.646,0.0339,0.0340,PATROL,0
279.680,0.0340,0.0340,PATROL,0
279.714,0.0340,0.0340,PATROL,0
279.748,0.0340,0.0340,PATROL,0
279.782,0.0341,0.0340,PATROL,0
279.817,0.0341,0.0340,PATROL,0
279.850,0.0339,0.0340,PATROL,0
279.884,0.0341,0.0340,PATROL,0
279.918,0.0340,0.0340,PATROL,0
279.952,0.0339,0.0340,PATROL,0
279.986,0.0340,0.0340,PATROL,0
280.020,0.0341,0.0340,PATROL,0
280.054,0.0340,0.0340,PATROL,0
280.088,0.0340,0.0340,PATROL,0
280.123,0.0343,0.0340,PATROL,0
280.157,0.0338,0.0340,PATROL,0
280.190,0.0339,0.0340,PATROL,0
280.225,0.0340,0.0340,PATROL,0
280.259,0.0341,0.0340,PATROL,0
280.293,0.0340,0.0340,PATROL,0
280.327,0.0341,0.0340,PATROL,0
280.361,0.0339,0.0340,PATROL,0
280.395,0.0339,0.0340,PATROL,0
280.428,0.0340,0.0340,PATROL,0
280.463,0.0342,0.0340,PATROL,0
280.496,0.0338,0.0340,PATROL,0
280.531,0.0341,0.0340,PATROL,0
280.565,0.0341,0.0340,PATROL,0
280.599,0.0340,0.0340,PATROL,0
280.633,0.0341,0.0340,PATROL,0
280.667,0.0339,0.0340,PATROL,0
280.701,0.0341,0.0340,PATROL,0
280.735,0.0341,0.0340,PATROL,0
280.769,0.0340,0.0340,PATROL,0
280.803,0.0339,0.0340,PATROL,0
280.837,0.0342,0.0340,PATROL,0
280.871,0.0338,0.0340,PATROL,0
280.905,0.0342,0.0340,PATROL,0
280.939,0.0341,0.0340,PATROL,0
280.973,0.0338,0.0340,PATROL,0
281.007,0.0340,0.0340,PATROL,0
281.041,0.0341,0.0340,PATROL,0
281.075,0.0341,0.0340,PATROL,0
281.109,0.0339,0.0340,PATROL,0
281.143,0.0340,0.0340,PATROL,0
281.177,0.0340,0.0340,PATROL,0
281.211,0.0341,0.0340,PATROL,0
281.245,0.0340,0.0340,PATROL,0
281.279,0.0339,0.0340,PATROL,0
281.313,0.0340,0.0340,PATROL,0
281.347,0.0341,0.0340,PATROL,0
281.381,0.0340,0.0340,PATROL,0
281.415,0.0341,0.0340,PATROL,0
281.449,0.0340,0.0340,PATROL,0
281.483,0.0339,0.0340,PATROL,0
281.518,0.0343,0.0340,PATROL,0
281.551,0.0338,0.0340,PATROL,0
281.585,0.0340,0.0340,PATROL,0
281.619,0.0340,0.0340,PATROL,0
281.653,0.0339,0.0340,PATROL,0
281.687,0.0341,0.0340,PATROL,0
281.721,0.0341,0.0340,PATROL,0
281.755,0.0340,0.0340,PATROL,0
281.789,0.0341,0.0340,PATROL,0
281.823,0.0340,0.0340,PATROL,0
281.857,0.0340,0.0340,PATROL,0
281.892,0.0341,0.0340,PATROL,0
281.925,0.0340,0.0340,PATROL,0
281.959,0.0339,0.0340,PATROL,0
281.994,0.0341,0.0340,PATROL,0
282.028,0.0343,0.0340,PATROL,0
282.062,0.0337,0.0340,PATROL,0
282.096,0.0342,0.0340,PATROL,0
282.129,0.0337,0.0340,PATROL,0
282.164,0.0342,0.0340,PATROL,0
282.198,0.0340,0.0340,PATROL,0
282.231,0.0339,0.0340,PATROL,0
282.266,0.0342,0.0340,PATROL,0
282.300,0.0340,0.0340,PATROL,0
282.334,0.0340,0.0340,PATROL,0
282.368,0.0339,0.0340,PATROL,0
282.401,0.0339,0.0340,PATROL,0
282.436,0.0342,0.0340,PATROL,0
282.470,0.0338,0.0340,PATROL,0
282.504,0.0342,0.0340,PATROL,0
282.538,0.0339,0.0340,PATROL,0
282.572,0.0340,0.0340,PATROL,0
282.606,0.0340,0.0340,PATROL,0
282.640,0.0341,0.0340,PATROL,0
282.674,0.0339,0.0340,PATROL,0
282.708,0.0341,0.0340,PATROL,0
282.742,0.0340,0.0340,PATROL,0
282.776,0.0340,0.0340,PATROL,0
282.810,0.0340,0.0340,PATROL,0
282.844,0.0339,0.0340,PATROL,0
282.878,0.0340,0.0340,PATROL,0
282.912,0.0342,0.0340,PATROL,0
282.946,0.0339,0.0340,PATROL,0
282.980,0.0341,0.0340,PATROL,0
283.014,0.0341,0.0340,PATROL,0
283.048,0.0340,0.0340,PATROL,0
283.082,0.0340,0.0340,PATROL,0
283.116,0.0340,0.0340,PATROL,0
283.150,0.0339,0.0340,PATROL,0
283.184,0.0342,0.0340,PATROL,0
283.219,0.0344,0.0340,PATROL,0
283.252,0.0335,0.0340,PATROL,0
283.286,0.0342,0.0340,PATROL,0
283.320,0.0339,0.0340,PATROL,0
283.354,0.0340,0.0340,PATROL,0
283.388,0.0341,0.0340,PATROL,0
283.422,0.0340,0.0340,PATROL,0
283.456,0.0340,0.0340,PATROL,0
283.490,0.0338,0.0340,PATROL,0
283.524,0.0340,0.0340,PATROL,0
283.558,0.0341,0.0340,PATROL,0
283.592,0.0340,0.0340,PATROL,0
283.626,0.0340,0.0340,PATROL,0
283.660,0.0341,0.0340,PATROL,0
283.694,0.0339,0.0340,PATROL,0
283.728,0.0342,0.0340,PATROL,0
283.762,0.0339,0.0340,PATROL,0
283.796,0.0340,0.0340,PATROL,0
283.830,0.0340,0.0340,PATROL,0
283.864,0.0340,0.0340,PATROL,0
283.898,0.0340,0.0340,PATROL,0
283.932,0.0341,0.0340,PATROL,0
283.967,0.0342,0.0340,PATROL,0
284.000,0.0339,0.0340,PATROL,0
284.034,0.0340,0.0340,PATROL,0
284.068,0.0341,0.0340,PATROL,0
284.102,0.0339,0.0340,PATROL,0
284.136,0.0340,0.0340,PATROL,0
284.170,0.0340,0.0340,PATROL,0
284.204,0.0341,0.0340,PATROL,0
284.238,0.0340,0.0340,PATROL,0
284.273,0.0343,0.0340,PATROL,0
284.306,0.0338,0.0340,PATROL,0
284.341,0.0341,0.0340,PATROL,0
284.375,0.0341,0.0340,PATROL,0
284.409,0.0339,0.0340,PATROL,0
284.443,0.0340,0.0340,PATROL,0
284.477,0.0340,0.0340,PATROL,0
284.511,0.0341,0.0340,PATROL,0
284.545,0.0340,0.0340,PATROL,0
284.579,0.0340,0.0340,PATROL,0
284.612,0.0339,0.0340,PATROL,0
284.647,0.0343,0.0340,PATROL,0
284.681,0.0338,0.0340,PATROL,0
284.715,0.0341,0.0340,PATROL,0
284.749,0.0339,0.0340,PATROL,0
284.783,0.0339,0.0340,PATROL,0
284.817,0.0342,0.0340,PATROL,0
284.851,0.0341,0.0340,PATROL,0
284.885,0.0339,0.0340,PATROL,0
284.919,0.0344,0.0340,PATROL,0
284.953,0.0337,0.0340,PATROL,0
284.987,0.0339,0.0340,PATROL,0
285.021,0.0341,0.0340,PATROL,0
285.055,0.0340,0.0340,PATROL,0
285.089,0.0340,0.0340,PATROL,0
285.123,0.0340,0.0340,PATROL,0
285.157,0.0340,0.0340,PATROL,0
285.191,0.0341,0.0340,PATROL,0
285.225,0.0338,0.0340,PATROL,0
285.259,0.0342,0.0340,PATROL,0
285.293,0.0341,0.0340,PATROL,0
285.327,0.0339,0.0340,PATROL,0
285.361,0.0341,0.0340,PATROL,0
285.395,0.0339,0.0340,PATROL,0
285.429,0.0341,0.0340,PATROL,0
285.463,0.0342,0.0340,PATROL,0
285.497,0.0339,0.0340,PATROL,0
285.531,0.0341,0.0340,PATROL,0
285.565,0.0338,0.0340,PATROL,0
285.599,0.0340,0.0340,PATROL,0
285.633,0.0341,0.0340,PATROL,0
285.667,0.0341,0.0340,PATROL,0
285.701,0.0339,0.0340,PATROL,0
285.735,0.0341,0.0340,PATROL,0
285.769,0.0341,0.0340,PATROL,0
285.803,0.0341,0.0340,PATROL,0
285.837,0.0340,0.0340,PATROL,0
285.871,0.0339,0.0340,PATROL,0
285.906,0.0343,0.0340,PATROL,0
285.939,0.0337,0.0340,PATROL,0
285.973,0.0341,0.0340,PATROL,0
286.007,0.0340,0.0340,PATROL,0
286.041,0.0338,0.0340,PATROL,0
286.075,0.0340,0.0340,PATROL,0
286.109,0.0341,0.0340,PATROL,0
286.143,0.0341,0.0340,PATROL,0
286.177,0.0339,0.0340,PATROL,0
286.211,0.0339,0.0340,PATROL,0
286.245,0.0340,0.0340,PATROL,0
286.279,0.0341,0.0340,PATROL,0
286.314,0.0344,0.0340,PATROL,0
286.348,0.0338,0.0340,PATROL,0
286.382,0.0340,0.0340,PATROL,0
286.416,0.0341,0.0340,PATROL,0
286.450,0.0340,0.0340,PATROL,0
286.484,0.0339,0.0340,PATROL,0
286.518,0.0341,0.0340,PATROL,0
286.552,0.0339,0.0340,PATROL,0
286.586,0.0340,0.0340,PATROL,0
286.620,0.0342,0.0340,PATROL,0
286.654,0.0338,0.0340,PATROL,0
286.687,0.0339,0.0340,PATROL,0
286.721,0.0340,0.0340,PATROL,0
286.755,0.0340,0.0340,PATROL,0
286.790,0.0341,0.0340,PATROL,0
286.824,0.0340,0.0340,PATROL,0
286.857,0.0340,0.0340,PATROL,0
286.892,0.0340,0.0340,PATROL,0
286.926,0.0341,0.0340,PATROL,0
286.960,0.0341,0.0340,PATROL,0
286.994,0.0339,0.0340,PATROL,0
287.027,0.0339,0.0340,PATROL,0
287.062,0.0341,0.0340,PATROL,0
287.096,0.0341,0.0340,PATROL,0
287.129,0.0338,0.0340,PATROL,0
287.164,0.0340,0.0340,PATROL,0
287.198,0.0340,0.0340,PATROL,0
287.232,0.0342,0.0340,PATROL,0
287.266,0.0341,0.0340,PATROL,0
287.300,0.0340,0.0340,PATROL,0
287.334,0.0341,0.0340,PATROL,0
287.368,0.0340,0.0340,PATROL,0
287.402,0.0340,0.0340,PATROL,0
287.436,0.0341,0.0340,PATROL,0
287.470,0.0339,0.0340,PATROL,0
287.504,0.0340,0.0340,PATROL,0
287.538,0.0342,0.0340,PATROL,0
287.572,0.0339,0.0340,PATROL,0
287.606,0.0341,0.0340,PATROL,0
287.640,0.0341,0.0340,PATROL,0
287.674,0.0340,0.0340,PATROL,0
287.708,0.0339,0.0340,PATROL,0
287.742,0.0340,0.0340,PATROL,0
287.776,0.0340,0.0340,PATROL,0
287.810,0.0341,0.0340,PATROL,0
287.844,0.0340,0.0340,PATROL,0
287.878,0.0340,0.0340,PATROL,0
287.912,0.0341,0.0340,PATROL,0
287.946,0.0338,0.0340,PATROL,0
287.980,0.0341,0.0340,PATROL,0
288.014,0.0339,0.0340,PATROL,0
288.048,0.0341,0.0340,PATROL,0
288.082,0.0341,0.0340,PATROL,0
288.116,0.0339,0.0340,PATROL,0
288.150,0.0341,0.0340,PATROL,0
288.184,0.0340,0.0340,PATROL,0
288.219,0.0343,0.0340,PATROL,0
288.253,0.0341,0.0340,PATROL,0
288.286,0.0337,0.0340,PATROL,0
288.321,0.0342,0.0340,PATROL,0
288.354,0.0338,0.0340,PATROL,0
288.388,0.0340,0.0340,PATROL,0
288.423,0.0345,0.0340,PATROL,0
288.457,0.0336,0.0340,PATROL,0
288.490,0.0339,0.0340,PATROL,0
288.525,0.0341,0.0340,PATROL,0
288.558,0.0339,0.0340,PATROL,0
288.592,0.0339,0.0340,PATROL,0
288.626,0.0340,0.0340,PATROL,0
288.661,0.0341,0.0340,PATROL,0
288.695,0.0340,0.0340,PATROL,0
288.729,0.0340,0.0340,PATROL,0
288.763,0.0341,0.0340,PATROL,0
288.796,0.0339,0.0340,PATROL,0
288.831,0.0341,0.0340,PATROL,0
288.865,0.0339,0.0340,PATROL,0
288.899,0.0341,0.0340,PATROL,0
288.933,0.0339,0.0340,PATROL,0
288.967,0.0341,0.0340,PATROL,0
289.001,0.0341,0.0340,PATROL,0
289.035,0.0339,0.0340,PATROL,0
289.069,0.0344,0.0340,PATROL,0
289.103,0.0338,0.0340,PATROL,0
289.137,0.0339,0.0340,PATROL,0
289.171,0.0340,0.0340,PATROL,0
289.205,0.0341,0.0340,PATROL,0
289.239,0.0341,0.0340,PATROL,0
289.273,0.0339,0.0340,PATROL,0
289.308,0.0349,0.0340,PATROL,0
289.341,0.0337,0.0340,PATROL,0
289.375,0.0339,0.0340,PATROL,0
289.409,0.0338,0.0340,PATROL,0
289.443,0.0341,0.0340,PATROL,0
289.477,0.0339,0.0340,PATROL,0
289.511,0.0340,0.0340,PATROL,0
289.545,0.0340,0.0340,PATROL,0
289.579,0.0340,0.0340,PATROL,0
289.613,0.0338,0.0340,PATROL,0
289.647,0.0341,0.0340,PATROL,0
289.681,0.0340,0.0340,PATROL,0
289.715,0.0340,0.0340,PATROL,0
289.749,0.0341,0.0340,PATROL,0
289.783,0.0338,0.0340,PATROL,0
289.817,0.0342,0.0340,PATROL,0
289.851,0.0340,0.0340,PATROL,0
289.885,0.0339,0.0340,PATROL,0
289.919,0.0341,0.0340,PATROL,0
289.953,0.0343,0.0340,PATROL,0
289.988,0.0340,0.0340,PATROL,0
290.021,0.0339,0.0340,PATROL,0
290.055,0.0339,0.0340,PATROL,0
290.089,0.0340,0.0340,PATROL,0
290.123,0.0339,0.0340,PATROL,0
290.157,0.0340,0.0340,PATROL,0
290.191,0.0341,0.0340,PATROL,0
290.225,0.0340,0.0340,PATROL,0
290.259,0.0341,0.0340,PATROL,0
290.293,0.0339,0.0340,PATROL,0
290.327,0.0342,0.0340,PATROL,0
290.361,0.0338,0.0340,PATROL,0
290.395,0.0341,0.0340,PATROL,0
290.429,0.0339,0.0340,PATROL,0
290.463,0.0342,0.0340,PATROL,0
290.497,0.0339,0.0340,PATROL,0
290.531,0.0340,0.0340,PATROL,0
290.566,0.0342,0.0340,PATROL,0
290.600,0.0341,0.0340,PATROL,0
290.634,0.0339,0.0340,PATROL,0
290.668,0.0340,0.0340,PATROL,0
290.702,0.0340,0.0340,PATROL,0
290.736,0.0340,0.0340,PATROL,0
290.770,0.0340,0.0340,PATROL,0
290.804,0.0339,0.0340,PATROL,0
290.837,0.0339,0.0340,PATROL,0
290.872,0.0342,0.0340,PATROL,0
290.906,0.0339,0.0340,PATROL,0
290.940,0.0342,0.0340,PATROL,0
290.974,0.0338,0.0340,PATROL,0
291.007,0.0340,0.0340,PATROL,0
291.042,0.0340,0.0340,PATROL,0
291.076,0.0341,0.0340,PATROL,0
291.110,0.0340,0.0340,PATROL,0
291.144,0.0340,0.0340,PATROL,0
291.178,0.0339,0.0340,PATROL,0
291.211,0.0340,0.0340,PATROL,0
291.246,0.0341,0.0340,PATROL,0
291.280,0.0342,0.0340,PATROL,0
291.314,0.0338,0.0340,PATROL,0
291.348,0.0340,0.0340,PATROL,0
291.382,0.0342,0.0340,PATROL,0
291.415,0.0338,0.0340,PATROL,0
291.450,0.0340,0.0340,PATROL,0
291.484,0.0342,0.0340,PATROL,0
291.518,0.0340,0.0340,PATROL,0
291.552,0.0341,0.0340,PATROL,0
291.586,0.0340,0.0340,PATROL,0
291.620,0.0339,0.0340,PATROL,0
291.654,0.0339,0.0340,PATROL,0
291.688,0.0340,0.0340,PATROL,0
291.722,0.0342,0.0340,PATROL,0
291.756,0.0337,0.0340,PATROL,0
291.789,0.0339,0.0340,PATROL,0
291.824,0.0341,0.0340,PATROL,0
291.858,0.0340,0.0340,PATROL,0
291.892,0.0341,0.0340,PATROL,0
291.926,0.0341,0.0340,PATROL,0
291.960,0.0343,0.0340,PATROL,0
291.994,0.0335,0.0340,PATROL,0
292.028,0.0342,0.0340,PATROL,0
292.061,0.0338,0.0340,PATROL,0
292.095,0.0340,0.0340,PATROL,0
292.130,0.0341,0.0340,PATROL,0
292.163,0.0339,0.0340,PATROL,0
292.198,0.0341,0.0340,PATROL,0
292.232,0.0339,0.0340,PATROL,0
292.266,0.0341,0.0340,PATROL,0
292.299,0.0339,0.0340,PATROL,0
292.333,0.0340,0.0340,PATROL,0
292.367,0.0340,0.0340,PATROL,0
292.402,0.0341,0.0340,PATROL,0
292.436,0.0340,0.0340,PATROL,0
292.470,0.0339,0.0340,PATROL,0
292.504,0.0340,0.0340,PATROL,0
292.538,0.0341,0.0340,PATROL,0
292.572,0.0339,0.0340,PATROL,0
292.606,0.0341,0.0340,PATROL,0
292.639,0.0339,0.0340,PATROL,0
292.674,0.0340,0.0340,PATROL,0
292.708,0.0340,0.0340,PATROL,0
292.742,0.0340,0.0340,PATROL,0
292.775,0.0340,0.0340,PATROL,0
292.810,0.0341,0.0340,PATROL,0
292.844,0.0340,0.0340,PATROL,0
292.878,0.0340,0.0340,PATROL,0
292.912,0.0341,0.0340,PATROL,0
292.945,0.0338,0.0340,PATROL,0
292.980,0.0342,0.0340,PATROL,0
293.014,0.0340,0.0340,PATROL,0
293.048,0.0339,0.0340,PATROL,0
293.081,0.0339,0.0340,PATROL,0
293.116,0.0343,0.0340,PATROL,0
293.149,0.0337,0.0340,PATROL,0
293.184,0.0341,0.0340,PATROL,0
293.218,0.0345,0.0340,PATROL,0
293.252,0.0342,0.0340,PATROL,0
293.287,0.0345,0.0340,PATROL,0
293.321,0.0339,0.0340,PATROL,0
293.355,0.0339,0.0340,PATROL,0
293.389,0.0340,0.0340,PATROL,0
293.423,0.0343,0.0340,PATROL,0
293.457,0.0338,0.0340,PATROL,0
293.490,0.0339,0.0340,PATROL,0
293.524,0.0340,0.0340,PATROL,0
293.558,0.0340,0.0340,PATROL,0
293.592,0.0340,0.0340,PATROL,0
293.626,0.0340,0.0340,PATROL,0
293.661,0.0342,0.0340,PATROL,0
293.695,0.0340,0.0340,PATROL,0
293.728,0.0338,0.0340,PATROL,0
293.763,0.0341,0.0340,PATROL,0
293.797,0.0341,0.0340,PATROL,0
293.831,0.0339,0.0340,PATROL,0
293.865,0.0340,0.0340,PATROL,0
293.899,0.0341,0.0340,PATROL,0
293.933,0.0340,0.0340,PATROL,0
293.967,0.0341,0.0340,PATROL,0
294.001,0.0339,0.0340,PATROL,0
294.035,0.0340,0.0340,PATROL,0
294.069,0.0341,0.0340,PATROL,0
294.103,0.0340,0.0340,PATROL,0
294.136,0.0338,0.0340,PATROL,0
294.171,0.0340,0.0340,PATROL,0
294.205,0.0343,0.0340,PATROL,0
294.239,0.0337,0.0340,PATROL,0
294.272,0.0339,0.0340,PATROL,0
294.306,0.0340,0.0340,PATROL,0
294.340,0.0340,0.0340,PATROL,0
294.375,0.0341,0.0340,PATROL,0
294.409,0.0341,0.0340,PATROL,0
294.443,0.0339,0.0340,PATROL,0
294.477,0.0340,0.0340,PATROL,0
294.510,0.0338,0.0340,PATROL,0
294.544,0.0340,0.0340,PATROL,0
294.579,0.0346,0.0340,PATROL,0
294.613,0.0340,0.0340,PATROL,0
294.647,0.0343,0.0340,PATROL,0
294.681,0.0339,0.0340,PATROL,0
294.715,0.0341,0.0340,PATROL,0
294.750,0.0343,0.0340,PATROL,0
294.783,0.0339,0.0340,PATROL,0
294.818,0.0341,0.0340,PATROL,0
294.852,0.0340,0.0340,PATROL,0
294.886,0.0339,0.0340,PATROL,0
294.919,0.0340,0.0340,PATROL,0
294.954,0.0341,0.0340,PATROL,0
294.988,0.0341,0.0340,PATROL,0
295.022,0.0342,0.0340,PATROL,0
295.056,0.0340,0.0340,PATROL,0
295.090,0.0338,0.0340,PATROL,0
295.124,0.0342,0.0340,PATROL,0
295.158,0.0339,0.0340,PATROL,0
295.192,0.0339,0.0340,PATROL,0
295.226,0.0339,0.0340,PATROL,0
295.260,0.0340,0.0340,PATROL,0
295.294,0.0340,0.0340,PATROL,0
295.327,0.0339,0.0340,PATROL,0
295.361,0.0340,0.0340,PATROL,0
295.396,0.0341,0.0340,PATROL,0
295.430,0.0341,0.0340,PATROL,0
295.464,0.0340,0.0340,PATROL,0
295.498,0.0342,0.0340,PATROL,0
295.532,0.0338,0.0340,PATROL,0
295.566,0.0340,0.0340,PATROL,0
295.600,0.0341,0.0340,PATROL,0
295.634,0.0339,0.0340,PATROL,0
295.668,0.0340,0.0340,PATROL,0
295.702,0.0340,0.0340,PATROL,0
295.736,0.0341,0.0340,PATROL,0
295.770,0.0341,0.0340,PATROL,0
295.804,0.0339,0.0340,PATROL,0
295.838,0.0342,0.0340,PATROL,0
295.872,0.0340,0.0340,PATROL,0
295.906,0.0340,0.0340,PATROL,0
295.940,0.0339,0.0340,PATROL,0
295.974,0.0342,0.0340,PATROL,0
296.008,0.0339,0.0340,PATROL,0
296.042,0.0340,0.0340,PATROL,0
296.076,0.0341,0.0340,PATROL,0
296.110,0.0339,0.0340,PATROL,0
296.144,0.0341,0.0340,PATROL,0
296.178,0.0341,0.0340,PATROL,0
296.212,0.0338,0.0340,PATROL,0
296.246,0.0342,0.0340,PATROL,0
296.280,0.0340,0.0340,PATROL,0
296.314,0.0339,0.0340,PATROL,0
296.348,0.0341,0.0340,PATROL,0
296.382,0.0339,0.0340,PATROL,0
296.416,0.0340,0.0340,PATROL,0
296.451,0.0344,0.0340,PATROL,0
296.484,0.0336,0.0340,PATROL,0
296.518,0.0341,0.0340,PATROL,0
296.552,0.0341,0.0340,PATROL,0
296.586,0.0341,0.0340,PATROL,0
296.620,0.0338,0.0340,PATROL,0
296.654,0.0340,0.0340,PATROL,0
296.688,0.0340,0.0340,PATROL,0
296.722,0.0341,0.0340,PATROL,0
296.757,0.0343,0.0340,PATROL,0
296.791,0.0341,0.0340,PATROL,0
296.825,0.0339,0.0340,PATROL,0
296.859,0.0339,0.0340,PATROL,0
296.892,0.0339,0.0340,PATROL,0
296.926,0.0339,0.0340,PATROL,0
296.961,0.0342,0.0340,PATROL,0
296.994,0.0339,0.0340,PATROL,0
297.028,0.0339,0.0340,PATROL,0
297.062,0.0340,0.0340,PATROL,0
297.097,0.0343,0.0340,PATROL,0
297.131,0.0339,0.0340,PATROL,0
297.165,0.0340,0.0340,PATROL,0
297.198,0.0339,0.0340,PATROL,0
297.233,0.0342,0.0340,PATROL,0
297.266,0.0339,0.0340,PATROL,0
297.301,0.0341,0.0340,PATROL,0
297.334,0.0339,0.0340,PATROL,0
297.368,0.0340,0.0340,PATROL,0
297.402,0.0340,0.0340,PATROL,0
297.437,0.0343,0.0340,PATROL,0
297.471,0.0339,0.0340,PATROL,0
297.505,0.0342,0.0340,PATROL,0
297.539,0.0338,0.0340,PATROL,0
297.573,0.0341,0.0340,PATROL,0
297.607,0.0339,0.0340,PATROL,0
297.641,0.0340,0.0340,PATROL,0
297.675,0.0342,0.0340,PATROL,0
297.709,0.0339,0.0340,PATROL,0
297.743,0.0342,0.0340,PATROL,0
297.777,0.0338,0.0340,PATROL,0
297.811,0.0339,0.0340,PATROL,0
297.845,0.0341,0.0340,PATROL,0
297.879,0.0341,0.0340,PATROL,0
297.913,0.0340,0.0340,PATROL,0
297.947,0.0339,0.0340,PATROL,0
297.981,0.0342,0.0340,PATROL,0
298.015,0.0340,0.0340,PATROL,0
298.049,0.0340,0.0340,PATROL,0
298.083,0.0340,0.0340,PATROL,0
298.117,0.0340,0.0340,PATROL,0
298.151,0.0342,0.0340,PATROL,0
298.185,0.0338,0.0340,PATROL,0
298.219,0.0341,0.0340,PATROL,0
298.253,0.0341,0.0340,PATROL,0
298.287,0.0339,0.0340,PATROL,0
298.321,0.0340,0.0340,PATROL,0
298.355,0.0342,0.0340,PATROL,0
298.389,0.0338,0.0340,PATROL,0
298.423,0.0345,0.0340,PATROL,0
298.457,0.0338,0.0340,PATROL,0
298.491,0.0338,0.0340,PATROL,0
298.525,0.0343,0.0340,PATROL,0
298.559,0.0340,0.0340,PATROL,0
298.593,0.0336,0.0340,PATROL,0
298.627,0.0340,0.0340,PATROL,0
298.661,0.0340,0.0340,PATROL,0
298.695,0.0342,0.0340,PATROL,0
298.729,0.0338,0.0340,PATROL,0
298.763,0.0341,0.0340,PATROL,0
298.797,0.0339,0.0340,PATROL,0
298.831,0.0340,0.0340,PATROL,0
298.865,0.0340,0.0340,PATROL,0
298.899,0.0340,0.0340,PATROL,0
298.933,0.0341,0.0340,PATROL,0
298.967,0.0342,0.0340,PATROL,0
299.001,0.0339,0.0340,PATROL,0
299.035,0.0340,0.0340,PATROL,0
299.069,0.0341,0.0340,PATROL,0
299.103,0.0338,0.0340,PATROL,0
299.137,0.0342,0.0340,PATROL,0
299.171,0.0340,0.0340,PATROL,0
299.205,0.0338,0.0340,PATROL,0
299.239,0.0341,0.0340,PATROL,0
299.273,0.0340,0.0340,PATROL,0
299.307,0.0339,0.0340,PATROL,0
299.342,0.0343,0.0340,PATROL,0
299.376,0.0341,0.0340,PATROL,0
299.410,0.0340,0.0340,PATROL,0
299.444,0.0339,0.0340,PATROL,0
299.477,0.0339,0.0340,PATROL,0
299.512,0.0341,0.0340,PATROL,0
299.545,0.0339,0.0340,PATROL,0
299.579,0.0339,0.0340,PATROL,0
299.613,0.0341,0.0340,PATROL,0
299.648,0.0340,0.0340,PATROL,0
299.682,0.0340,0.0340,PATROL,0
299.716,0.0341,0.0340,PATROL,0
299.750,0.0339,0.0340,PATROL,0
299.784,0.0341,0.0340,PATROL,0
299.818,0.0340,0.0340,PATROL,0
299.852,0.0340,0.0340,PATROL,0
299.886,0.0340,0.0340,PATROL,0
299.920,0.0341,0.0340,PATROL,0
299.954,0.0340,0.0340,PATROL,0
299.987,0.0338,0.0340,PATROL,0
300.022,0.0340,0.0340,PATROL,0
300.056,0.0341,0.0340,PATROL,0
300.090,0.0339,0.0340,PATROL,0
300.124,0.0341,0.0340,PATROL,0
300.157,0.0339,0.0340,PATROL,0
300.192,0.0341,0.0340,PATROL,0
300.226,0.0342,0.0340,PATROL,0
300.260,0.0339,0.0340,PATROL,0
300.294,0.0341,0.0340,PATROL,0
300.328,0.0341,0.0340,PATROL,0
300.362,0.0340,0.0340,PATROL,0
300.396,0.0340,0.0340,PATROL,0
300.430,0.0340,0.0340,PATROL,0
300.464,0.0341,0.0340,PATROL,0
300.498,0.0339,0.0340,PATROL,0
300.532,0.0340,0.0340,PATROL,0
300.566,0.0340,0.0340,PATROL,0
300.600,0.0341,0.0340,PATROL,0
300.634,0.0342,0.0340,PATROL,0
300.668,0.0338,0.0340,PATROL,0
300.702,0.0340,0.0340,PATROL,0
300.736,0.0340,0.0340,PATROL,0
300.770,0.0340,0.0340,PATROL,0
300.804,0.0341,0.0340,PATROL,0
300.838,0.0339,0.0340,PATROL,0
300.872,0.0343,0.0340,PATROL,0
300.906,0.0338,0.0340,PATROL,0
300.940,0.0339,0.0340,PATROL,0
300.974,0.0341,0.0340,PATROL,0
301.008,0.0339,0.0340,PATROL,0
301.042,0.0342,0.0340,PATROL,0
301.076,0.0339,0.0340,PATROL,0
301.110,0.0341,0.0340,PATROL,0
301.144,0.0341,0.0340,PATROL,0
301.178,0.0340,0.0340,PATROL,0
301.212,0.0340,0.0340,PATROL,0
301.246,0.0341,0.0340,PATROL,0
301.280,0.0339,0.0340,PATROL,0
301.314,0.0340,0.0340,PATROL,0
301.348,0.0341,0.0340,PATROL,0
301.382,0.0341,0.0340,PATROL,0
301.416,0.0339,0.0340,PATROL,0
301.450,0.0339,0.0340,PATROL,0
301.484,0.0342,0.0340,PATROL,0
301.518,0.0341,0.0340,PATROL,0
301.552,0.0340,0.0340,PATROL,0
301.586,0.0340,0.0340,PATROL,0
301.620,0.0340,0.0340,PATROL,0
301.654,0.0341,0.0340,PATROL,0
301.688,0.0340,0.0340,PATROL,0
301.722,0.0339,0.0340,PATROL,0
301.756,0.0341,0.0340,PATROL,0
301.791,0.0341,0.0340,PATROL,0
301.825,0.0341,0.0340,PATROL,0
301.859,0.0338,0.0340,PATROL,0
301.893,0.0340,0.0340,PATROL,0
301.927,0.0344,0.0340,PATROL,0
301.961,0.0337,0.0340,PATROL,0
301.995,0.0339,0.0340,PATROL,0
302.029,0.0341,0.0340,PATROL,0
302.063,0.0340,0.0340,PATROL,0
302.097,0.0340,0.0340,PATROL,0
302.131,0.0340,0.0340,PATROL,0
302.165,0.0340,0.0340,PATROL,0
302.199,0.0341,0.0340,PATROL,0
302.233,0.0339,0.0340,PATROL,0
302.267,0.0340,0.0340,PATROL,0
302.301,0.0342,0.0340,PATROL,0
302.335,0.0338,0.0340,PATROL,0
302.369,0.0341,0.0340,PATROL,0
302.403,0.0340,0.0340,PATROL,0
302.437,0.0340,0.0340,PATROL,0
302.471,0.0341,0.0340,PATROL,0
302.505,0.0339,0.0340,PATROL,0
302.539,0.0341,0.0340,PATROL,0
302.573,0.0341,0.0340,PATROL,0
302.607,0.0341,0.0340,PATROL,0
302.641,0.0339,0.0340,PATROL,0
302.675,0.0341,0.0340,PATROL,0
302.709,0.0338,0.0340,PATROL,0
302.743,0.0341,0.0340,PATROL,0
302.777,0.0340,0.0340,PATROL,0
302.811,0.0339,0.0340,PATROL,0
302.845,0.0340,0.0340,PATROL,0
302.879,0.0341,0.0340,PATROL,0
302.913,0.0341,0.0340,PATROL,0
302.947,0.0339,0.0340,PATROL,0
302.981,0.0343,0.0340,PATROL,0
303.015,0.0338,0.0340,PATROL,0
303.049,0.0338,0.0340,PATROL,0
303.083,0.0342,0.0340,PATROL,0
303.117,0.0340,0.0340,PATROL,0
303.151,0.0342,0.0340,PATROL,0
303.185,0.0339,0.0340,PATROL,0
303.219,0.0339,0.0340,PATROL,0
303.253,0.0341,0.0340,PATROL,0
303.287,0.0342,0.0340,PATROL,0
303.321,0.0337,0.0340,PATROL,0
303.355,0.0343,0.0340,PATROL,0
303.389,0.0338,0.0340,PATROL,0
303.423,0.0339,0.0340,PATROL,0
303.457,0.0340,0.0340,PATROL,0
303.491,0.0340,0.0340,PATROL,0
303.526,0.0344,0.0340,PATROL,0
303.559,0.0338,0.0340,PATROL,0
303.593,0.0339,0.0340,PATROL,0
303.628,0.0344,0.0340,PATROL,0
303.661,0.0336,0.0340,PATROL,0
303.695,0.0342,0.0340,PATROL,0
303.729,0.0338,0.0340,PATROL,0
303.763,0.0342,0.0340,PATROL,0
303.797,0.0339,0.0340,PATROL,0
303.831,0.0342,0.0340,PATROL,0
303.865,0.0340,0.0340,PATROL,0
303.899,0.0340,0.0340,PATROL,0
303.933,0.0340,0.0340,PATROL,0
303.967,0.0338,0.0340,PATROL,0
304.001,0.0342,0.0340,PATROL,0
304.035,0.0340,0.0340,PATROL,0
304.069,0.0339,0.0340,PATROL,0
304.103,0.0341,0.0340,PATROL,0
304.137,0.0341,0.0340,PATROL,0
304.172,0.0340,0.0340,PATROL,0
304.206,0.0341,0.0340,PATROL,0
304.240,0.0339,0.0340,PATROL,0
304.274,0.0339,0.0340,PATROL,0
304.307,0.0340,0.0340,PATROL,0
304.342,0.0341,0.0340,PATROL,0
304.376,0.0341,0.0340,PATROL,0
304.410,0.0338,0.0340,PATROL,0
304.443,0.0340,0.0340,PATROL,0
304.478,0.0341,0.0340,PATROL,0
304.512,0.0341,0.0340,PATROL,0
304.546,0.0339,0.0340,PATROL,0
304.580,0.0342,0.0340,PATROL,0
304.614,0.0339,0.0340,PATROL,0
304.648,0.0340,0.0340,PATROL,0
304.682,0.0340,0.0340,PATROL,0
304.716,0.0340,0.0340,PATROL,0
304.750,0.0344,0.0340,PATROL,0
304.784,0.0337,0.0340,PATROL,0
304.818,0.0341,0.0340,PATROL,0
304.852,0.0340,0.0340,PATROL,0
304.886,0.0340,0.0340,PATROL,0
304.920,0.0341,0.0340,PATROL,0
304.954,0.0338,0.0340,PATROL,0
304.988,0.0341,0.0340,PATROL,0
305.022,0.0342,0.0340,PATROL,0
305.056,0.0340,0.0340,PATROL,0
305.090,0.0341,0.0340,PATROL,0
305.124,0.0344,0.0340,PATROL,0
305.159,0.0341,0.0340,PATROL,0
305.192,0.0336,0.0340,PATROL,0
305.226,0.0339,0.0340,PATROL,0
305.260,0.0341,0.0340,PATROL,0
305.294,0.0342,0.0340,PATROL,0
305.328,0.0341,0.0340,PATROL,0
305.362,0.0336,0.0340,PATROL,0
305.396,0.0341,0.0340,PATROL,0
305.430,0.0340,0.0340,PATROL,0
305.464,0.0340,0.0340,PATROL,0
305.498,0.0340,0.0340,PATROL,0
305.532,0.0341,0.0340,PATROL,0
305.566,0.0340,0.0340,PATROL,0
305.600,0.0340,0.0340,PATROL,0
305.634,0.0340,0.0340,PATROL,0
305.668,0.0340,0.0340,PATROL,0
305.702,0.0341,0.0340,PATROL,0
305.736,0.0341,0.0340,PATROL,0
305.770,0.0338,0.0340,PATROL,0
305.804,0.0342,0.0340,PATROL,0
305.838,0.0340,0.0340,PATROL,0
305.872,0.0341,0.0340,PATROL,0
305.906,0.0340,0.0340,PATROL,0
305.940,0.0339,0.0340,PATROL,0
305.974,0.0341,0.0340,PATROL,0
306.008,0.0340,0.0340,PATROL,0
306.042,0.0341,0.0340,PATROL,0
306.076,0.0340,0.0340,PATROL,0
306.110,0.0339,0.0340,PATROL,0
306.145,0.0344,0.0340,PATROL,0
306.179,0.0340,0.0340,PATROL,0
306.213,0.0341,0.0340,PATROL,0
306.247,0.0338,0.0340,PATROL,0
306.281,0.0340,0.0340,PATROL,0
306.315,0.0339,0.0340,PATROL,0
306.348,0.0339,0.0340,PATROL,0
306.383,0.0342,0.0340,PATROL,0
306.417,0.0339,0.0340,PATROL,0
306.450,0.0338,0.0340,PATROL,0
306.485,0.0341,0.0340,PATROL,0
306.519,0.0341,0.0340,PATROL,0
306.552,0.0338,0.0340,PATROL,0
306.586,0.0340,0.0340,PATROL,0
306.621,0.0341,0.0340,PATROL,0
306.655,0.0340,0.0340,PATROL,0
306.689,0.0341,0.0340,PATROL,0
306.723,0.0338,0.0340,PATROL,0
306.757,0.0341,0.0340,PATROL,0
306.791,0.0340,0.0340,PATROL,0
306.825,0.0340,0.0340,PATROL,0
306.859,0.0340,0.0340,PATROL,0
306.893,0.0340,0.0340,PATROL,0
306.927,0.0343,0.0340,PATROL,0
306.961,0.0341,0.0340,PATROL,0
306.995,0.0340,0.0340,PATROL,0
307.029,0.0341,0.0340,PATROL,0
307.063,0.0342,0.0340,PATROL,0
307.097,0.0335,0.0340,PATROL,0
307.131,0.0342,0.0340,PATROL,0
307.165,0.0339,0.0340,PATROL,0
307.199,0.0341,0.0340,PATROL,0
307.233,0.0340,0.0340,PATROL,0
307.267,0.0340,0.0340,PATROL,0
307.301,0.0339,0.0340,PATROL,0
307.335,0.0341,0.0340,PATROL,0
307.369,0.0339,0.0340,PATROL,0
307.403,0.0342,0.0340,PATROL,0
307.437,0.0338,0.0340,PATROL,0
307.471,0.0340,0.0340,PATROL,0
307.505,0.0341,0.0340,PATROL,0
307.539,0.0340,0.0340,PATROL,0
307.573,0.0340,0.0340,PATROL,0
307.607,0.0341,0.0340,PATROL,0
307.641,0.0340,0.0340,PATROL,0
307.675,0.0340,0.0340,PATROL,0
307.709,0.0341,0.0340,PATROL,0
307.743,0.0340,0.0340,PATROL,0
307.777,0.0341,0.0340,PATROL,0
307.811,0.0339,0.0340,PATROL,0
307.845,0.0340,0.0340,PATROL,0
307.879,0.0341,0.0340,PATROL,0
307.913,0.0341,0.0340,PATROL,0
307.947,0.0340,0.0340,PATROL,0
307.981,0.0339,0.0340,PATROL,0
308.015,0.0341,0.0340,PATROL,0
308.049,0.0340,0.0340,PATROL,0
308.083,0.0341,0.0340,PATROL,0
308.118,0.0343,0.0340,PATROL,0
308.151,0.0336,0.0340,PATROL,0
308.185,0.0341,0.0340,PATROL,0
308.219,0.0341,0.0340,PATROL,0
308.253,0.0339,0.0340,PATROL,0
308.287,0.0341,0.0340,PATROL,0
308.321,0.0340,0.0340,PATROL,0
308.355,0.0341,0.0340,PATROL,0
308.390,0.0340,0.0340,PATROL,0
308.424,0.0341,0.0340,PATROL,0
308.458,0.0340,0.0340,PATROL,0
308.492,0.0340,0.0340,PATROL,0
308.526,0.0340,0.0340,PATROL,0
308.559,0.0339,0.0340,PATROL,0
308.593,0.0340,0.0340,PATROL,0
308.627,0.0340,0.0340,PATROL,0
308.662,0.0341,0.0340,PATROL,0
308.696,0.0343,0.0340,PATROL,0
308.730,0.0339,0.0340,PATROL,0
308.764,0.0340,0.0340,PATROL,0
308.798,0.0338,0.0340,PATROL,0
308.832,0.0340,0.0340,PATROL,0
308.866,0.0341,0.0340,PATROL,0
308.900,0.0339,0.0340,PATROL,0
308.934,0.0341,0.0340,PATROL,0
308.968,0.0340,0.0340,PATROL,0
309.002,0.0341,0.0340,PATROL,0
309.036,0.0340,0.0340,PATROL,0
309.070,0.0339,0.0340,PATROL,0
309.104,0.0341,0.0340,PATROL,0
309.138,0.0339,0.0340,PATROL,0
309.172,0.0340,0.0340,PATROL,0
309.206,0.0342,0.0340,PATROL,0
309.240,0.0339,0.0340,PATROL,0
309.274,0.0341,0.0340,PATROL,0
309.308,0.0339,0.0340,PATROL,0
309.342,0.0340,0.0340,PATROL,0
309.376,0.0342,0.0340,PATROL,0
309.410,0.0340,0.0340,PATROL,0
309.444,0.0339,0.0340,PATROL,0
309.478,0.0340,0.0340,PATROL,0
309.512,0.0340,0.0340,PATROL,0
309.546,0.0340,0.0340,PATROL,0
309.580,0.0340,0.0340,PATROL,0
309.614,0.0340,0.0340,PATROL,0
309.648,0.0340,0.0340,PATROL,0
309.682,0.0341,0.0340,PATROL,0
309.716,0.0342,0.0340,PATROL,0
309.750,0.0339,0.0340,PATROL,0
309.784,0.0339,0.0340,PATROL,0
309.818,0.0340,0.0340,PATROL,0
309.852,0.0340,0.0340,PATROL,0
309.886,0.0340,0.0340,PATROL,0
309.920,0.0340,0.0340,PATROL,0
309.954,0.0341,0.0340,PATROL,0
309.988,0.0340,0.0340,PATROL,0
310.022,0.0339,0.0340,PATROL,0
310.056,0.0341,0.0340,PATROL,0
310.090,0.0340,0.0340,PATROL,0
310.124,0.0339,0.0340,PATROL,0
310.158,0.0340,0.0340,PATROL,0
310.192,0.0341,0.0340,PATROL,0
310.226,0.0339,0.0340,PATROL,0
310.260,0.0341,0.0340,PATROL,0
310.294,0.0340,0.0340,PATROL,0
310.328,0.0342,0.0340,PATROL,0
310.362,0.0339,0.0340,PATROL,0
310.396,0.0341,0.0340,PATROL,0
310.431,0.0343,0.0340,PATROL,0
310.464,0.0338,0.0340,PATROL,0
310.498,0.0339,0.0340,PATROL,0
310.532,0.0338,0.0340,PATROL,0
310.566,0.0341,0.0340,PATROL,0
310.600,0.0341,0.0340,PATROL,0
310.634,0.0340,0.0340,PATROL,0
310.668,0.0340,0.0340,PATROL,0
310.702,0.0339,0.0340,PATROL,0
310.736,0.0341,0.0340,PATROL,0
310.770,0.0340,0.0340,PATROL,0
310.805,0.0345,0.0340,PATROL,0
310.838,0.0335,0.0340,PATROL,0
310.873,0.0341,0.0340,PATROL,0
310.906,0.0339,0.0340,PATROL,0
310.940,0.0340,0.0340,PATROL,0
310.975,0.0341,0.0340,PATROL,0
311.008,0.0339,0.0340,PATROL,0
311.042,0.0340,0.0340,PATROL,0
311.076,0.0340,0.0340,PATROL,0
311.111,0.0342,0.0340,PATROL,0
311.145,0.0339,0.0340,PATROL,0
311.179,0.0340,0.0340,PATROL,0
311.212,0.0340,0.0340,PATROL,0
311.247,0.0341,0.0340,PATROL,0
311.280,0.0338,0.0340,PATROL,0
311.315,0.0341,0.0340,PATROL,0
311.349,0.0340,0.0340,PATROL,0
311.383,0.0341,0.0340,PATROL,0
311.417,0.0340,0.0340,PATROL,0
311.451,0.0339,0.0340,PATROL,0
311.485,0.0341,0.0340,PATROL,0
311.519,0.0340,0.0340,PATROL,0
311.553,0.0341,0.0340,PATROL,0
311.587,0.0339,0.0340,PATROL,0
311.620,0.0338,0.0340,PATROL,0
311.655,0.0341,0.0340,PATROL,0
311.689,0.0340,0.0340,PATROL,0
311.722,0.0339,0.0340,PATROL,0
311.757,0.0340,0.0340,PATROL,0
311.791,0.0341,0.0340,PATROL,0
311.825,0.0340,0.0340,PATROL,0
311.859,0.0342,0.0340,PATROL,0
311.893,0.0340,0.0340,PATROL,0
311.927,0.0343,0.0340,PATROL,0
311.961,0.0338,0.0340,PATROL,0
311.995,0.0341,0.0340,PATROL,0
312.029,0.0340,0.0340,PATROL,0
312.063,0.0342,0.0340,PATROL,0
312.097,0.0339,0.0340,PATROL,0
312.131,0.0341,0.0340,PATROL,0
312.165,0.0337,0.0340,PATROL,0
312.199,0.0342,0.0340,PATROL,0
312.233,0.0339,0.0340,PATROL,0
312.267,0.0339,0.0340,PATROL,0
312.301,0.0341,0.0340,PATROL,0
312.335,0.0339,0.0340,PATROL,0
312.369,0.0341,0.0340,PATROL,0
312.403,0.0341,0.0340,PATROL,0
312.437,0.0339,0.0340,PATROL,0
312.471,0.0342,0.0340,PATROL,0
312.505,0.0338,0.0340,PATROL,0
312.539,0.0340,0.0340,PATROL,0
312.573,0.0340,0.0340,PATROL,0
312.607,0.0341,0.0340,PATROL,0
312.641,0.0339,0.0340,PATROL,0
312.675,0.0341,0.0340,PATROL,0
312.709,0.0340,0.0340,PATROL,0
312.743,0.0341,0.0340,PATROL,0
312.777,0.0339,0.0340,PATROL,0
312.811,0.0340,0.0340,PATROL,0
312.845,0.0340,0.0340,PATROL,0
312.879,0.0341,0.0340,PATROL,0
312.914,0.0341,0.0340,PATROL,0
312.947,0.0340,0.0340,PATROL,0
312.981,0.0339,0.0340,PATROL,0
313.016,0.0342,0.0340,PATROL,0
313.050,0.0340,0.0340,PATROL,0
313.083,0.0339,0.0340,PATROL,0
313.118,0.0342,0.0340,PATROL,0
313.151,0.0338,0.0340,PATROL,0
313.185,0.0340,0.0340,PATROL,0
313.220,0.0340,0.0340,PATROL,0
313.253,0.0339,0.0340,PATROL,0
313.288,0.0342,0.0340,PATROL,0
313.321,0.0338,0.0340,PATROL,0
313.355,0.0340,0.0340,PATROL,0
313.389,0.0340,0.0340,PATROL,0
313.424,0.0341,0.0340,PATROL,0
313.458,0.0342,0.0340,PATROL,0
313.492,0.0337,0.0340,PATROL,0
313.526,0.0342,0.0340,PATROL,0
313.560,0.0338,0.0340,PATROL,0
313.594,0.0341,0.0340,PATROL,0
313.628,0.0339,0.0340,PATROL,0
313.662,0.0341,0.0340,PATROL,0
313.696,0.0339,0.0340,PATROL,0
313.730,0.0348,0.0340,PATROL,0
313.764,0.0333,0.0340,PATROL,0
313.798,0.0341,0.0340,PATROL,0
313.832,0.0342,0.0340,PATROL,0
313.865,0.0336,0.0340,PATROL,0
313.900,0.0343,0.0340,PATROL,0
313.934,0.0338,0.0340,PATROL,0
313.968,0.0340,0.0340,PATROL,0
314.002,0.0341,0.0340,PATROL,0
314.036,0.0339,0.0340,PATROL,0
314.070,0.0340,0.0340,PATROL,0
314.104,0.0341,0.0340,PATROL,0
314.138,0.0341,0.0340,PATROL,0
314.172,0.0338,0.0340,PATROL,0
314.206,0.0341,0.0340,PATROL,0
314.240,0.0344,0.0340,PATROL,0
314.274,0.0343,0.0340,PATROL,0
314.308,0.0338,0.0340,PATROL,0
314.342,0.0340,0.0340,PATROL,0
314.376,0.0341,0.0340,PATROL,0
314.410,0.0340,0.0340,PATROL,0
314.444,0.0340,0.0340,PATROL,0
314.478,0.0341,0.0340,PATROL,0
314.512,0.0338,0.0340,PATROL,0
314.547,0.0344,0.0340,PATROL,0
314.580,0.0337,0.0340,PATROL,0
314.614,0.0341,0.0340,PATROL,0
314.648,0.0338,0.0340,PATROL,0
314.683,0.0345,0.0340,PATROL,0
314.717,0.0340,0.0340,PATROL,0
314.751,0.0337,0.0340,PATROL,0
314.784,0.0339,0.0340,PATROL,0
314.819,0.0342,0.0340,PATROL,0
314.853,0.0341,0.0340,PATROL,0
314.887,0.0341,0.0340,PATROL,0
314.921,0.0339,0.0340,PATROL,0
314.955,0.0338,0.0340,PATROL,0
314.989,0.0341,0.0340,PATROL,0
315.022,0.0339,0.0340,PATROL,0
315.057,0.0340,0.0340,PATROL,0
315.090,0.0340,0.0340,PATROL,0
315.124,0.0340,0.0340,PATROL,0
315.159,0.0342,0.0340,PATROL,0
315.193,0.0339,0.0340,PATROL,0
315.227,0.0340,0.0340,PATROL,0
315.261,0.0346,0.0340,PATROL,0
315.295,0.0337,0.0340,PATROL,0
315.329,0.0341,0.0340,ALIGN,0
315.363,0.0340,0.0340,ALIGN,0
315.397,0.0339,0.0340,ALIGN,0
315.431,0.0343,0.0340,ALIGN,0
315.465,0.0339,0.0340,ALIGN,0
315.499,0.0341,0.0340,ALIGN,0
315.533,0.0340,0.0340,ALIGN,0
315.567,0.0337,0.0340,ALIGN,0
315.601,0.0340,0.0340,ALIGN,0
315.635,0.0340,0.0340,ALIGN,0
315.669,0.0342,0.0340,ALIGN,0
315.703,0.0339,0.0340,ALIGN,0
315.737,0.0339,0.0340,ALIGN,0
315.771,0.0342,0.0340,ALIGN,0
315.805,0.0339,0.0340,ALIGN,0
315.839,0.0341,0.0340,ALIGN,0
315.873,0.0340,0.0340,ALIGN,0
315.907,0.0343,0.0340,ALIGN,0
315.941,0.0337,0.0340,ALIGN,0
315.975,0.0341,0.0340,ALIGN,0
316.009,0.0339,0.0340,ALIGN,0
316.043,0.0340,0.0340,ALIGN,0
316.077,0.0340,0.0340,ALIGN,0
316.111,0.0340,0.0340,ALIGN,0
316.145,0.0342,0.0340,ALIGN,0
316.179,0.0339,0.0340,ALIGN,0
316.213,0.0343,0.0340,ALIGN,0
316.247,0.0340,0.0340,ALIGN,0
316.282,0.0343,0.0340,ALIGN,0
316.315,0.0336,0.0340,ALIGN,0
316.349,0.0341,0.0340,ALIGN,0
316.383,0.0339,0.0340,ALIGN,0
316.417,0.0341,0.0340,ALIGN,0
316.451,0.0341,0.0340,ALIGN,0
316.485,0.0339,0.0340,ALIGN,0
316.520,0.0342,0.0340,APPROACH,0
316.553,0.0338,0.0340,APPROACH,0
316.587,0.0340,0.0340,APPROACH,0
316.621,0.0340,0.0340,APPROACH,0
316.655,0.0342,0.0340,APPROACH,0
316.689,0.0340,0.0340,APPROACH,0
316.724,0.0342,0.0340,APPROACH,0
316.757,0.0338,0.0340,APPROACH,0
316.792,0.0341,0.0340,APPROACH,0
316.826,0.0340,0.0340,APPROACH,0
316.860,0.0340,0.0340,APPROACH,0
316.894,0.0341,0.0340,APPROACH,0
316.928,0.0339,0.0340,APPROACH,0
316.962,0.0341,0.0340,APPROACH,0
316.996,0.0340,0.0340,APPROACH,0
317.030,0.0340,0.0340,APPROACH,0
317.064,0.0341,0.0340,APPROACH,0
317.098,0.0338,0.0340,APPROACH,0
317.132,0.0340,0.0340,APPROACH,0
317.166,0.0339,0.0340,APPROACH,0
317.200,0.0340,0.0340,APPROACH,0
317.234,0.0343,0.0340,APPROACH,0
317.268,0.0338,0.0340,APPROACH,0
317.302,0.0339,0.0340,APPROACH,0
317.336,0.0339,0.0340,APPROACH,0
317.370,0.0340,0.0340,APPROACH,0
317.403,0.0339,0.0340,APPROACH,0
317.438,0.0341,0.0340,APPROACH,0
317.472,0.0340,0.0340,APPROACH,0
317.505,0.0339,0.0340,APPROACH,0
317.540,0.0344,0.0340,APPROACH,0
317.574,0.0337,0.0340,APPROACH,0
317.608,0.0340,0.0340,APPROACH,0
317.641,0.0339,0.0340,APPROACH,0
317.676,0.0342,0.0340,APPROACH,0
317.710,0.0339,0.0340,APPROACH,0
317.744,0.0340,0.0340,APPROACH,0
317.778,0.0340,0.0340,APPROACH,0
317.812,0.0340,0.0340,APPROACH,0
317.846,0.0340,0.0340,APPROACH,0
317.880,0.0339,0.0340,APPROACH,0
317.914,0.0340,0.0340,APPROACH,0
317.947,0.0340,0.0340,APPROACH,0
317.982,0.0342,0.0340,APPROACH,0
318.016,0.0340,0.0340,APPROACH,0
318.050,0.0340,0.0340,APPROACH,0
318.084,0.0342,0.0340,APPROACH,0
318.118,0.0343,0.0340,APPROACH,0
318.152,0.0338,0.0340,APPROACH,0
318.186,0.0340,0.0340,APPROACH,0
318.220,0.0341,0.0340,APPROACH,0
318.254,0.0341,0.0340,APPROACH,0
318.288,0.0342,0.0340,APPROACH,0
318.322,0.0338,0.0340,APPROACH,0
318.356,0.0340,0.0340,APPROACH,0
318.390,0.0342,0.0340,APPROACH,0
318.424,0.0340,0.0340,APPROACH,0
318.458,0.0339,0.0340,APPROACH,0
318.492,0.0339,0.0340,APPROACH,0
318.526,0.0342,0.0340,APPROACH,0
318.560,0.0340,0.0340,APPROACH,0
318.594,0.0339,0.0340,APPROACH,0
318.628,0.0341,0.0340,APPROACH,0
318.663,0.0342,0.0340,APPROACH,0
318.696,0.0339,0.0340,APPROACH,0
318.730,0.0341,0.0340,APPROACH,0
318.764,0.0338,0.0340,APPROACH,0
318.798,0.0340,0.0340,APPROACH,0
318.832,0.0341,0.0340,APPROACH,0
318.866,0.0341,0.0340,APPROACH,0
318.901,0.0347,0.0340,APPROACH,0
318.935,0.0341,0.0340,APPROACH,0
318.969,0.0336,0.0340,APPROACH,0
319.003,0.0340,0.0340,APPROACH,0
319.037,0.0338,0.0340,APPROACH,0
319.071,0.0342,0.0340,APPROACH,0
319.105,0.0339,0.0340,APPROACH,0
319.139,0.0338,0.0340,APPROACH,0
319.173,0.0341,0.0340,APPROACH,0
319.207,0.0340,0.0340,APPROACH,0
319.240,0.0338,0.0340,APPROACH,0
319.274,0.0340,0.0340,APPROACH,0
319.309,0.0341,0.0340,APPROACH,0
319.343,0.0341,0.0340,APPROACH,0
319.377,0.0338,0.0340,APPROACH,0
319.410,0.0340,0.0340,APPROACH,0
319.444,0.0340,0.0340,APPROACH,0
319.479,0.0341,0.0340,APPROACH,0
319.513,0.0340,0.0340,APPROACH,0
319.546,0.0339,0.0340,APPROACH,0
319.581,0.0342,0.0340,APPROACH,0
319.615,0.0340,0.0340,APPROACH,0
319.648,0.0339,0.0340,APPROACH,0
319.683,0.0342,0.0340,APPROACH,0
319.717,0.0341,0.0340,APPROACH,0
319.751,0.0340,0.0340,APPROACH,0
319.785,0.0341,0.0340,APPROACH,0
319.819,0.0341,0.0340,APPROACH,0
319.853,0.0340,0.0340,APPROACH,0
319.887,0.0339,0.0340,APPROACH,0
319.921,0.0342,0.0340,APPROACH,0
319.955,0.0340,0.0340,APPROACH,0
319.989,0.0340,0.0340,APPROACH,0
320.023,0.0341,0.0340,APPROACH,0
320.057,0.0339,0.0340,APPROACH,0
320.091,0.0340,0.0340,APPROACH,0
320.125,0.0340,0.0340,APPROACH,0
320.159,0.0339,0.0340,APPROACH,0
320.193,0.0341,0.0340,APPROACH,0
320.227,0.0339,0.0340,APPROACH,0
320.261,0.0340,0.0340,APPROACH,0
320.295,0.0343,0.0340,APPROACH,0
320.329,0.0339,0.0340,APPROACH,0
320.363,0.0341,0.0340,APPROACH,0
320.397,0.0341,0.0340,APPROACH,0
320.431,0.0337,0.0340,APPROACH,0
320.465,0.0340,0.0340,APPROACH,0
320.499,0.0340,0.0340,APPROACH,0
320.534,0.0347,0.0340,APPROACH,0
320.568,0.0339,0.0340,APPROACH,0
320.602,0.0337,0.0340,APPROACH,0
320.636,0.0342,0.0340,APPROACH,0
320.670,0.0338,0.0340,APPROACH,0
320.703,0.0338,0.0340,APPROACH,0
320.738,0.0341,0.0340,APPROACH,0
320.771,0.0339,0.0340,APPROACH,0
320.805,0.0340,0.0340,APPROACH,0
320.839,0.0340,0.0340,APPROACH,0
320.874,0.0342,0.0340,APPROACH,0
320.908,0.0340,0.0340,APPROACH,0
320.941,0.0339,0.0340,APPROACH,0
320.976,0.0340,0.0340,APPROACH,0
321.010,0.0341,0.0340,APPROACH,0
321.044,0.0339,0.0340,APPROACH,0
321.077,0.0339,0.0340,APPROACH,0
321.112,0.0342,0.0340,APPROACH,0
321.146,0.0340,0.0340,APPROACH,0
321.180,0.0339,0.0340,APPROACH,0
321.214,0.0341,0.0340,APPROACH,0
321.248,0.0340,0.0340,APPROACH,0
321.282,0.0340,0.0340,APPROACH,0
321.315,0.0339,0.0340,APPROACH,0
321.350,0.0343,0.0340,APPROACH,0
321.384,0.0338,0.0340,APPROACH,0
321.418,0.0339,0.0340,APPROACH,0
321.452,0.0340,0.0340,APPROACH,0
321.486,0.0343,0.0340,APPROACH,0
321.519,0.0336,0.0340,APPROACH,0
321.554,0.0343,0.0340,APPROACH,0
321.588,0.0340,0.0340,APPROACH,0
321.622,0.0342,0.0340,APPROACH,0
321.656,0.0341,0.0340,APPROACH,0
321.690,0.0339,0.0340,APPROACH,0
321.724,0.0341,0.0340,APPROACH,0
321.758,0.0341,0.0340,APPROACH,0
321.792,0.0338,0.0340,APPROACH,0
321.826,0.0340,0.0340,APPROACH,0
321.860,0.0340,0.0340,APPROACH,0
321.894,0.0341,0.0340,APPROACH,0
321.928,0.0340,0.0340,APPROACH,0
321.962,0.0339,0.0340,APPROACH,0
321.996,0.0340,0.0340,APPROACH,0
322.030,0.0341,0.0340,APPROACH,0
322.064,0.0342,0.0340,APPROACH,0
322.098,0.0340,0.0340,APPROACH,0
322.132,0.0339,0.0340,APPROACH,0
322.166,0.0339,0.0340,APPROACH,0
322.200,0.0340,0.0340,APPROACH,0
322.234,0.0340,0.0340,APPROACH,0
322.268,0.0340,0.0340,APPROACH,0
322.302,0.0341,0.0340,APPROACH,0
322.336,0.0341,0.0340,APPROACH,0
322.370,0.0338,0.0340,APPROACH,0
322.404,0.0340,0.0340,APPROACH,0
322.438,0.0341,0.0340,APPROACH,0
322.473,0.0341,0.0340,APPROACH,0
322.506,0.0337,0.0340,APPROACH,0
322.540,0.0341,0.0340,APPROACH,0
322.574,0.0340,0.0340,APPROACH,0
322.608,0.0339,0.0340,APPROACH,0
322.642,0.0342,0.0340,APPROACH,0
322.676,0.0339,0.0340,APPROACH,0
322.711,0.0342,0.0340,APPROACH,0
322.745,0.0340,0.0340,APPROACH,0
322.779,0.0341,0.0340,APPROACH,0
322.813,0.0340,0.0340,APPROACH,0
322.846,0.0339,0.0340,APPROACH,0
322.881,0.0341,0.0340,APPROACH,0
322.914,0.0339,0.0340,APPROACH,0
322.949,0.0342,0.0340,APPROACH,0
322.982,0.0339,0.0340,APPROACH,0
323.017,0.0341,0.0340,APPROACH,0
323.051,0.0339,0.0340,APPROACH,0
323.085,0.0342,0.0340,APPROACH,0
323.119,0.0339,0.0340,APPROACH,0
323.152,0.0339,0.0340,APPROACH,0
323.186,0.0340,0.0340,APPROACH,0
323.221,0.0340,0.0340,APPROACH,0
323.255,0.0341,0.0340,APPROACH,0
323.288,0.0339,0.0340,APPROACH,0
323.323,0.0341,0.0340,APPROACH,0
323.356,0.0339,0.0340,APPROACH,0
323.391,0.0341,0.0340,APPROACH,0
323.425,0.0342,0.0340,APPROACH,0
323.459,0.0339,0.0340,APPROACH,0
323.493,0.0340,0.0340,APPROACH,0
323.527,0.0341,0.0340,APPROACH,0
323.561,0.0340,0.0340,APPROACH,0
323.595,0.0340,0.0340,APPROACH,0
323.629,0.0341,0.0340,APPROACH,0
323.663,0.0339,0.0340,APPROACH,0
323.697,0.0340,0.0340,APPROACH,0
323.731,0.0340,0.0340,APPROACH,0
323.765,0.0340,0.0340,APPROACH,0
323.799,0.0342,0.0340,APPROACH,0
323.833,0.0339,0.0340,APPROACH,0
323.867,0.0340,0.0340,APPROACH,0
323.901,0.0341,0.0340,APPROACH,0
323.935,0.0341,0.0340,APPROACH,0
323.969,0.0339,0.0340,APPROACH,0
324.003,0.0340,0.0340,APPROACH,0
324.037,0.0342,0.0340,APPROACH,0
324.072,0.0342,0.0340,APPROACH,0
324.105,0.0337,0.0340,APPROACH,0
324.139,0.0339,0.0340,APPROACH,0
324.173,0.0341,0.0340,APPROACH,0
324.207,0.0339,0.0340,APPROACH,0
324.241,0.0342,0.0340,APPROACH,0
324.275,0.0340,0.0340,APPROACH,0
324.309,0.0340,0.0340,APPROACH,0
324.343,0.0340,0.0340,APPROACH,0
324.377,0.0340,0.0340,APPROACH,0
324.411,0.0340,0.0340,APPROACH,0
324.445,0.0341,0.0340,APPROACH,0
324.479,0.0340,0.0340,APPROACH,0
324.513,0.0339,0.0340,APPROACH,0
324.547,0.0340,0.0340,APPROACH,0
324.582,0.0344,0.0340,APPROACH,0
324.615,0.0338,0.0340,APPROACH,0
324.649,0.0339,0.0340,APPROACH,0
324.683,0.0341,0.0340,APPROACH,0
324.718,0.0340,0.0340,APPROACH,0
324.751,0.0339,0.0340,APPROACH,0
324.786,0.0344,0.0340,APPROACH,0
324.819,0.0336,0.0340,APPROACH,0
324.854,0.0344,0.0340,APPROACH,0
324.887,0.0337,0.0340,APPROACH,0
324.922,0.0340,0.0340,APPROACH,0
324.956,0.0340,0.0340,APPROACH,0
324.990,0.0343,0.0340,APPROACH,0
325.023,0.0336,0.0340,APPROACH,0
325.058,0.0341,0.0340,APPROACH,0
325.092,0.0340,0.0340,APPROACH,0
325.126,0.0340,0.0340,APPROACH,0
325.159,0.0338,0.0340,APPROACH,0
325.194,0.0341,0.0340,APPROACH,0
325.228,0.0342,0.0340,APPROACH,0
325.261,0.0338,0.0340,APPROACH,0
325.295,0.0340,0.0340,APPROACH,0
325.330,0.0342,0.0340,APPROACH,0
325.364,0.0340,0.0340,APPROACH,0
325.398,0.0342,0.0340,APPROACH,0
325.432,0.0340,0.0340,APPROACH,0
325.466,0.0341,0.0340,APPROACH,0
325.500,0.0340,0.0340,APPROACH,0
325.534,0.0340,0.0340,APPROACH,0
325.568,0.0339,0.0340,APPROACH,0
325.602,0.0339,0.0340,APPROACH,0
325.636,0.0341,0.0340,APPROACH,0
325.670,0.0340,0.0340,APPROACH,0
325.704,0.0341,0.0340,APPROACH,0
325.738,0.0341,0.0340,APPROACH,0
325.772,0.0339,0.0340,APPROACH,0
325.806,0.0340,0.0340,APPROACH,0
325.840,0.0341,0.0340,APPROACH,0
325.874,0.0339,0.0340,APPROACH,0
325.908,0.0341,0.0340,APPROACH,0
325.942,0.0339,0.0340,APPROACH,0
325.976,0.0341,0.0340,APPROACH,0
326.010,0.0340,0.0340,APPROACH,0
326.044,0.0340,0.0340,APPROACH,0
326.078,0.0340,0.0340,APPROACH,0
326.112,0.0340,0.0340,APPROACH,0
326.146,0.0341,0.0340,APPROACH,0
326.180,0.0342,0.0340,APPROACH,0
326.214,0.0336,0.0340,APPROACH,0
326.248,0.0340,0.0340,APPROACH,0
326.282,0.0341,0.0340,APPROACH,0
326.316,0.0339,0.0340,APPROACH,0
326.350,0.0341,0.0340,APPROACH,0
326.384,0.0340,0.0340,APPROACH,0
326.418,0.0339,0.0340,APPROACH,0
326.453,0.0343,0.0340,APPROACH,0
326.486,0.0339,0.0340,APPROACH,0
326.520,0.0340,0.0340,APPROACH,0
326.554,0.0340,0.0340,APPROACH,0
326.588,0.0339,0.0340,APPROACH,0
326.622,0.0340,0.0340,APPROACH,0
326.656,0.0340,0.0340,APPROACH,0
326.690,0.0341,0.0340,APPROACH,0
326.724,0.0339,0.0340,APPROACH,0
326.759,0.0343,0.0340,APPROACH,0
326.793,0.0339,0.0340,APPROACH,0
326.827,0.0342,0.0340,APPROACH,0
326.861,0.0338,0.0340,APPROACH,0
326.895,0.0340,0.0340,APPROACH,0
326.929,0.0341,0.0340,APPROACH,0
326.963,0.0340,0.0340,APPROACH,0
326.997,0.0340,0.0340,APPROACH,0
327.031,0.0340,0.0340,APPROACH,0
327.065,0.0340,0.0340,APPROACH,0
327.099,0.0340,0.0340,APPROACH,0
327.133,0.0342,0.0340,APPROACH,0
327.167,0.0339,0.0340,APPROACH,0
327.201,0.0341,0.0340,APPROACH,0
327.235,0.0338,0.0340,APPROACH,0
327.269,0.0341,0.0340,APPROACH,0
327.303,0.0340,0.0340,APPROACH,0
327.337,0.0341,0.0340,APPROACH,0
327.371,0.0341,0.0340,APPROACH,0
327.405,0.0342,0.0340,BLIND_DASH,0
327.439,0.0339,0.0340,BLIND_DASH,0
327.473,0.0338,0.0340,BLIND_DASH,0
327.507,0.0341,0.0340,PATROL,0
327.541,0.0338,0.0340,PATROL,0
327.575,0.0342,0.0340,PATROL,0
