t,wall_dt,sim_dt,state,dropped
0.072,0.0342,0.0340,PATROL,0
0.106,0.0341,0.0340,PATROL,0
0.140,0.0338,0.0340,PATROL,0
0.174,0.0340,0.0340,ALIGN,0
0.208,0.0340,0.0340,ALIGN,0
0.242,0.0339,0.0340,ALIGN,0
0.276,0.0340,0.0340,ALIGN,0
0.310,0.0342,0.0340,ALIGN,0
0.344,0.0340,0.0340,ALIGN,0
0.378,0.0339,0.0340,ALIGN,0
0.412,0.0342,0.0340,ALIGN,0
0.446,0.0339,0.0340,ALIGN,0
0.480,0.0338,0.0340,ALIGN,0
0.514,0.0343,0.0340,ALIGN,0
0.548,0.0336,0.0340,ALIGN,0
0.582,0.0341,0.0340,ALIGN,0
0.616,0.0343,0.0340,ALIGN,0
0.650,0.0339,0.0340,ALIGN,0
0.684,0.0346,0.0340,ALIGN,0
0.718,0.0334,0.0340,ALIGN,0
0.752,0.0341,0.0340,ALIGN,0
0.786,0.0339,0.0340,ALIGN,0
0.820,0.0341,0.0340,ALIGN,0
0.854,0.0340,0.0340,ALIGN,0
0.888,0.0339,0.0340,ALIGN,0
0.922,0.0345,0.0340,ALIGN,0
0.957,0.0341,0.0340,ALIGN,0
0.991,0.0342,0.0340,ALIGN,0
1.024,0.0337,0.0340,ALIGN,0
1.058,0.0338,0.0340,ALIGN,0
1.092,0.0341,0.0340,ALIGN,0
1.126,0.0338,0.0340,ALIGN,0
1.160,0.0340,0.0340,ALIGN,0
1.194,0.0341,0.0340,ALIGN,0
1.228,0.0340,0.0340,ALIGN,0
1.262,0.0338,0.0340,ALIGN,0
1.296,0.0339,0.0340,ALIGN,0
1.330,0.0341,0.0340,ALIGN,0
1.364,0.0341,0.0340,ALIGN,0
1.398,0.0340,0.0340,ALIGN,0
1.432,0.0338,0.0340,ALIGN,0
1.466,0.0341,0.0340,ALIGN,0
1.500,0.0340,0.0340,ALIGN,0
1.534,0.0343,0.0340,APPROACH,0
1.568,0.0338,0.0340,APPROACH,0
1.602,0.0339,0.0340,APPROACH,0
1.636,0.0340,0.0340,APPROACH,0
1.670,0.0343,0.0340,APPROACH,0
1.704,0.0341,0.0340,APPROACH,0
1.738,0.0340,0.0340,APPROACH,0
1.772,0.0339,0.0340,APPROACH,0
1.807,0.0345,0.0340,APPROACH,0
1.840,0.0336,0.0340,APPROACH,0
1.874,0.0340,0.0340,APPROACH,0
1.908,0.0339,0.0340,APPROACH,0
1.942,0.0341,0.0340,APPROACH,0
1.977,0.0341,0.0340,APPROACH,0
2.011,0.0343,0.0340,APPROACH,0
2.045,0.0340,0.0340,APPROACH,0
2.079,0.0339,0.0340,APPROACH,0
2.113,0.0340,0.0340,APPROACH,0
2.147,0.0343,0.0340,APPROACH,0
2.181,0.0338,0.0340,APPROACH,0
2.215,0.0340,0.0340,APPROACH,0
2.249,0.0339,0.0340,APPROACH,0
2.283,0.0340,0.0340,APPROACH,0
2.317,0.0341,0.0340,APPROACH,0
2.351,0.0340,0.0340,APPROACH,0
2.385,0.0342,0.0340,APPROACH,0
2.419,0.0340,0.0340,APPROACH,0
2.453,0.0340,0.0340,APPROACH,0
2.487,0.0338,0.0340,APPROACH,0
2.521,0.0341,0.0340,APPROACH,0
2.555,0.0342,0.0340,APPROACH,0
2.589,0.0340,0.0340,APPROACH,0
2.623,0.0340,0.0340,APPROACH,0
2.657,0.0339,0.0340,APPROACH,0
2.691,0.0343,0.0340,APPROACH,0
2.725,0.0338,0.0340,APPROACH,0
2.759,0.0339,0.0340,APPROACH,0
2.793,0.0340,0.0340,APPROACH,0
2.827,0.0341,0.0340,APPROACH,0
2.861,0.0339,0.0340,APPROACH,0
2.895,0.0341,0.0340,APPROACH,0
2.929,0.0340,0.0340,APPROACH,0
2.963,0.0340,0.0340,APPROACH,0
2.997,0.0341,0.0340,APPROACH,0
3.031,0.0338,0.0340,APPROACH,0
3.065,0.0341,0.0340,APPROACH,0
3.099,0.0341,0.0340,APPROACH,0
3.133,0.0338,0.0340,APPROACH,0
3.167,0.0342,0.0340,APPROACH,0
3.201,0.0340,0.0340,APPROACH,0
3.235,0.0339,0.0340,APPROACH,0
3.269,0.0340,0.0340,APPROACH,0
3.303,0.0340,0.0340,APPROACH,0
3.337,0.0339,0.0340,APPROACH,0
3.371,0.0340,0.0340,APPROACH,0
3.405,0.0341,0.0340,APPROACH,0
3.439,0.0339,0.0340,APPROACH,0
3.473,0.0340,0.0340,APPROACH,0
3.507,0.0343,0.0340,APPROACH,0
3.541,0.0338,0.0340,APPROACH,0
3.575,0.0339,0.0340,APPROACH,0
3.609,0.0342,0.0340,APPROACH,0
3.643,0.0340,0.0340,APPROACH,0
3.678,0.0342,0.0340,APPROACH,0
3.712,0.0341,0.0340,APPROACH,0
3.746,0.0340,0.0340,APPROACH,0
3.780,0.0340,0.0340,APPROACH,0
3.814,0.0340,0.0340,APPROACH,0
3.848,0.0344,0.0340,APPROACH,0
3.882,0.0339,0.0340,APPROACH,0
3.916,0.0342,0.0340,APPROACH,0
3.950,0.0337,0.0340,APPROACH,0
3.984,0.0341,0.0340,APPROACH,0
4.018,0.0338,0.0340,APPROACH,0
4.052,0.0341,0.0340,APPROACH,0
4.086,0.0340,0.0340,APPROACH,0
4.120,0.0341,0.0340,APPROACH,0
4.154,0.0340,0.0340,APPROACH,0
4.188,0.0340,0.0340,APPROACH,0
4.222,0.0343,0.0340,APPROACH,0
4.256,0.0336,0.0340,APPROACH,0
4.290,0.0340,0.0340,APPROACH,0
4.324,0.0340,0.0340,APPROACH,0
4.358,0.0341,0.0340,APPROACH,0
4.392,0.0340,0.0340,APPROACH,0
4.426,0.0341,0.0340,APPROACH,0
4.460,0.0344,0.0340,APPROACH,0
4.494,0.0336,0.0340,APPROACH,0
4.528,0.0341,0.0340,APPROACH,0
4.562,0.0340,0.0340,APPROACH,0
4.596,0.0341,0.0340,APPROACH,0
4.630,0.0339,0.0340,APPROACH,0
4.664,0.0342,0.0340,APPROACH,0
4.698,0.0341,0.0340,APPROACH,0
4.732,0.0338,0.0340,APPROACH,0
4.766,0.0340,0.0340,APPROACH,0
4.800,0.0342,0.0340,APPROACH,0
4.834,0.0341,0.0340,APPROACH,0
4.868,0.0341,0.0340,APPROACH,0
4.902,0.0338,0.0340,APPROACH,0
4.936,0.0341,0.0340,APPROACH,0
4.970,0.0339,0.0340,APPROACH,0
5.004,0.0341,0.0340,APPROACH,0
5.038,0.0341,0.0340,APPROACH,0
5.072,0.0340,0.0340,APPROACH,0
5.106,0.0339,0.0340,APPROACH,0
5.140,0.0341,0.0340,APPROACH,0
5.174,0.0340,0.0340,APPROACH,0
5.209,0.0341,0.0340,APPROACH,0
5.242,0.0339,0.0340,APPROACH,0
5.276,0.0340,0.0340,APPROACH,0
5.311,0.0341,0.0340,APPROACH,0
5.344,0.0339,0.0340,APPROACH,0
5.378,0.0340,0.0340,APPROACH,0
5.413,0.0341,0.0340,APPROACH,0
5.447,0.0340,0.0340,APPROACH,0
5.481,0.0340,0.0340,APPROACH,0
5.515,0.0341,0.0340,APPROACH,0
5.549,0.0342,0.0340,APPROACH,0
5.583,0.0337,0.0340,APPROACH,0
5.617,0.0341,0.0340,APPROACH,0
5.651,0.0341,0.0340,APPROACH,0
5.685,0.0340,0.0340,APPROACH,0
5.719,0.0339,0.0340,APPROACH,0
5.753,0.0340,0.0340,APPROACH,0
5.787,0.0341,0.0340,APPROACH,0
5.821,0.0341,0.0340,APPROACH,0
5.855,0.0342,0.0340,APPROACH,0
5.889,0.0340,0.0340,APPROACH,0
5.923,0.0340,0.0340,APPROACH,0
5.957,0.0340,0.0340,APPROACH,0
5.991,0.0339,0.0340,APPROACH,0
6.025,0.0340,0.0340,APPROACH,0
6.059,0.0340,0.0340,APPROACH,0
6.093,0.0343,0.0340,APPROACH,0
6.127,0.0337,0.0340,APPROACH,0
6.161,0.0340,0.0340,APPROACH,0
6.195,0.0341,0.0340,APPROACH,0
6.229,0.0339,0.0340,APPROACH,0
6.263,0.0340,0.0340,APPROACH,0
6.297,0.0340,0.0340,APPROACH,0
6.331,0.0340,0.0340,APPROACH,0
6.365,0.0342,0.0340,APPROACH,0
6.399,0.0338,0.0340,APPROACH,0
6.433,0.0340,0.0340,APPROACH,0
6.467,0.0341,0.0340,APPROACH,0
6.501,0.0343,0.0340,APPROACH,0
6.535,0.0337,0.0340,APPROACH,0
6.569,0.0342,0.0340,APPROACH,0
6.603,0.0338,0.0340,APPROACH,0
6.637,0.0341,0.0340,APPROACH,0
6.672,0.0350,0.0340,APPROACH,0
6.706,0.0336,0.0340,APPROACH,0
6.740,0.0339,0.0340,APPROACH,0
6.773,0.0338,0.0340,APPROACH,0
6.808,0.0340,0.0340,APPROACH,0
6.841,0.0339,0.0340,APPROACH,0
6.875,0.0339,0.0340,APPROACH,0
6.909,0.0341,0.0340,APPROACH,0
6.944,0.0341,0.0340,APPROACH,0
6.977,0.0339,0.0340,APPROACH,0
7.011,0.0340,0.0340,APPROACH,0
7.046,0.0341,0.0340,APPROACH,0
7.079,0.0338,0.0340,APPROACH,0
7.113,0.0339,0.0340,BLIND_DASH,0
7.147,0.0340,0.0340,BLIND_DASH,0
7.182,0.0342,0.0340,BLIND_DASH,0
7.215,0.0339,0.0340,PATROL,0
7.250,0.0341,0.0340,PATROL,0
7.284,0.0340,0.0340,PATROL,0
7.317,0.0339,0.0340,PATROL,0
7.351,0.0340,0.0340,PATROL,0
7.386,0.0341,0.0340,PATROL,0
7.420,0.0339,0.0340,PATROL,0
7.454,0.0340,0.0340,PATROL,0
7.488,0.0340,0.0340,PATROL,0
7.522,0.0341,0.0340,PATROL,0
7.556,0.0340,0.0340,PATROL,0
7.590,0.0342,0.0340,PATROL,0
7.624,0.0340,0.0340,PATROL,0
7.658,0.0345,0.0340,PATROL,0
7.692,0.0337,0.0340,PATROL,0
7.726,0.0337,0.0340,PATROL,0
7.760,0.0340,0.0340,PATROL,0
7.794,0.0340,0.0340,PATROL,0
7.828,0.0341,0.0340,PATROL,0
7.863,0.0355,0.0340,PATROL,0
7.897,0.0335,0.0340,PATROL,0
7.930,0.0336,0.0340,PATROL,0
7.964,0.0338,0.0340,PATROL,0
7.998,0.0339,0.0340,PATROL,0
8.032,0.0339,0.0340,PATROL,0
8.066,0.0343,0.0340,PATROL,0
8.100,0.0336,0.0340,PATROL,0
8.134,0.0341,0.0340,PATROL,0
8.168,0.0338,0.0340,PATROL,0
8.202,0.0344,0.0340,PATROL,0
8.236,0.0338,0.0340,PATROL,0
8.270,0.0341,0.0340,PATROL,0
8.304,0.0341,0.0340,PATROL,0
8.338,0.0339,0.0340,PATROL,0
8.372,0.0340,0.0340,PATROL,0
8.406,0.0339,0.0340,PATROL,0
8.440,0.0341,0.0340,PATROL,0
8.474,0.0339,0.0340,PATROL,0
8.508,0.0340,0.0340,PATROL,0
8.542,0.0340,0.0340,PATROL,0
8.576,0.0341,0.0340,PATROL,0
8.610,0.0339,0.0340,PATROL,0
8.644,0.0342,0.0340,PATROL,0
8.678,0.0339,0.0340,PATROL,0
8.712,0.0342,0.0340,PATROL,0
8.746,0.0338,0.0340,PATROL,0
8.780,0.0339,0.0340,PATROL,0
8.814,0.0339,0.0340,PATROL,0
8.848,0.0340,0.0340,PATROL,0
8.882,0.0340,0.0340,PATROL,0
8.916,0.0342,0.0340,PATROL,0
8.950,0.0342,0.0340,PATROL,0
8.984,0.0339,0.0340,PATROL,0
9.018,0.0340,0.0340,PATROL,0
9.053,0.0342,0.0340,PATROL,0
9.087,0.0340,0.0340,PATROL,0
9.120,0.0339,0.0340,PATROL,0
9.155,0.0341,0.0340,PATROL,0
9.189,0.0340,0.0340,PATROL,0
9.223,0.0339,0.0340,PATROL,0
9.257,0.0341,0.0340,PATROL,0
9.291,0.0340,0.0340,PATROL,0
9.325,0.0341,0.0340,PATROL,0
9.359,0.0340,0.0340,PATROL,0
9.393,0.0340,0.0340,PATROL,0
9.427,0.0343,0.0340,PATROL,0
9.461,0.0338,0.0340,PATROL,0
9.495,0.0339,0.0340,PATROL,0
9.529,0.0340,0.0340,PATROL,0
9.563,0.0341,0.0340,PATROL,0
9.597,0.0339,0.0340,PATROL,0
9.631,0.0340,0.0340,PATROL,0
9.665,0.0342,0.0340,PATROL,0
9.699,0.0337,0.0340,PATROL,0
9.733,0.0340,0.0340,PATROL,0
9.767,0.0341,0.0340,PATROL,0
9.801,0.0339,0.0340,PATROL,0
9.835,0.0342,0.0340,PATROL,0
9.869,0.0340,0.0340,PATROL,0
9.903,0.0340,0.0340,PATROL,0
9.937,0.0338,0.0340,PATROL,0
9.971,0.0340,0.0340,PATROL,0
10.005,0.0340,0.0340,PATROL,0
10.039,0.0341,0.0340,PATROL,0
10.073,0.0340,0.0340,PATROL,0
10.107,0.0340,0.0340,PATROL,0
10.141,0.0340,0.0340,PATROL,0
10.175,0.0342,0.0340,PATROL,0
10.209,0.0340,0.0340,PATROL,0
10.243,0.0342,0.0340,PATROL,0
10.277,0.0338,0.0340,PATROL,0
10.311,0.0339,0.0340,PATROL,0
10.345,0.0342,0.0340,PATROL,0
10.379,0.0340,0.0340,PATROL,0
10.413,0.0339,0.0340,PATROL,0
10.447,0.0341,0.0340,PATROL,0
10.481,0.0341,0.0340,PATROL,0
10.515,0.0339,0.0340,PATROL,0
10.549,0.0340,0.0340,PATROL,0
10.583,0.0341,0.0340,PATROL,0
10.617,0.0339,0.0340,PATROL,0
10.652,0.0343,0.0340,PATROL,0
10.685,0.0337,0.0340,PATROL,0
10.719,0.0341,0.0340,PATROL,0
10.753,0.0339,0.0340,PATROL,0
10.788,0.0343,0.0340,PATROL,0
10.821,0.0338,0.0340,PATROL,0
10.856,0.0341,0.0340,PATROL,0
10.889,0.0338,0.0340,PATROL,0
10.924,0.0342,0.0340,PATROL,0
10.957,0.0338,0.0340,PATROL,0
10.991,0.0340,0.0340,PATROL,0
11.025,0.0340,0.0340,PATROL,0
11.059,0.0340,0.0340,PATROL,0
11.093,0.0340,0.0340,PATROL,0
11.128,0.0340,0.0340,PATROL,0
11.162,0.0342,0.0340,ALIGN,0
11.196,0.0339,0.0340,ALIGN,0
11.230,0.0340,0.0340,ALIGN,0
11.264,0.0340,0.0340,ALIGN,0
11.298,0.0342,0.0340,ALIGN,0
11.332,0.0340,0.0340,ALIGN,0
11.366,0.0340,0.0340,ALIGN,0
11.400,0.0339,0.0340,ALIGN,0
11.434,0.0340,0.0340,ALIGN,0
11.468,0.0340,0.0340,ALIGN,0
11.502,0.0340,0.0340,ALIGN,0
11.536,0.0339,0.0340,ALIGN,0
11.570,0.0342,0.0340,ALIGN,0
11.604,0.0339,0.0340,ALIGN,0
11.638,0.0340,0.0340,PATROL,0
11.672,0.0340,0.0340,PATROL,0
11.706,0.0343,0.0340,PATROL,0
11.740,0.0341,0.0340,PATROL,0
11.774,0.0338,0.0340,ALIGN,0
11.808,0.0341,0.0340,ALIGN,0
11.842,0.0339,0.0340,ALIGN,0
11.876,0.0342,0.0340,ALIGN,0
11.910,0.0340,0.0340,ALIGN,0
11.944,0.0339,0.0340,ALIGN,0
11.978,0.0341,0.0340,ALIGN,0
12.012,0.0341,0.0340,ALIGN,0
12.046,0.0341,0.0340,ALIGN,0
12.080,0.0340,0.0340,ALIGN,0
12.114,0.0341,0.0340,ALIGN,0
12.148,0.0341,0.0340,ALIGN,0
12.182,0.0340,0.0340,ALIGN,0
12.216,0.0341,0.0340,ALIGN,0
12.250,0.0338,0.0340,ALIGN,0
12.284,0.0341,0.0340,ALIGN,0
12.318,0.0339,0.0340,ALIGN,0
12.353,0.0343,0.0340,ALIGN,0
12.386,0.0337,0.0340,ALIGN,0
12.420,0.0341,0.0340,ALIGN,0
12.454,0.0340,0.0340,ALIGN,0
12.489,0.0341,0.0340,ALIGN,0
12.522,0.0339,0.0340,ALIGN,0
12.556,0.0339,0.0340,ALIGN,0
12.590,0.0341,0.0340,ALIGN,0
12.624,0.0340,0.0340,ALIGN,0
12.658,0.0340,0.0340,ALIGN,0
12.692,0.0340,0.0340,ALIGN,0
12.727,0.0341,0.0340,ALIGN,0
12.761,0.0341,0.0340,ALIGN,0
12.796,0.0353,0.0340,ALIGN,0
12.829,0.0328,0.0340,ALIGN,0
12.863,0.0339,0.0340,ALIGN,0
12.897,0.0342,0.0340,ALIGN,0
12.931,0.0339,0.0340,ALIGN,0
12.965,0.0340,0.0340,ALIGN,0
12.999,0.0340,0.0340,ALIGN,0
13.033,0.0340,0.0340,APPROACH,0
13.067,0.0341,0.0340,APPROACH,0
13.103,0.0360,0.0340,APPROACH,0
13.136,0.0334,0.0340,APPROACH,0
13.170,0.0335,0.0340,APPROACH,0
13.204,0.0338,0.0340,APPROACH,0
13.238,0.0340,0.0340,APPROACH,0
13.271,0.0337,0.0340,APPROACH,0
13.305,0.0339,0.0340,APPROACH,0
13.339,0.0341,0.0340,APPROACH,0
13.373,0.0338,0.0340,APPROACH,0
13.407,0.0338,0.0340,APPROACH,0
13.441,0.0340,0.0340,APPROACH,0
13.475,0.0340,0.0340,APPROACH,0
13.509,0.0340,0.0340,APPROACH,0
13.543,0.0340,0.0340,APPROACH,0
13.577,0.0341,0.0340,APPROACH,0
13.611,0.0340,0.0340,APPROACH,0
13.645,0.0341,0.0340,APPROACH,0
13.679,0.0340,0.0340,APPROACH,0
13.713,0.0339,0.0340,APPROACH,0
13.747,0.0340,0.0340,APPROACH,0
13.781,0.0340,0.0340,APPROACH,0
13.815,0.0341,0.0340,APPROACH,0
13.849,0.0340,0.0340,APPROACH,0
13.883,0.0342,0.0340,APPROACH,0
13.917,0.0340,0.0340,APPROACH,0
13.951,0.0339,0.0340,APPROACH,0
13.985,0.0342,0.0340,APPROACH,0
14.019,0.0340,0.0340,APPROACH,0
14.053,0.0340,0.0340,APPROACH,0
14.087,0.0339,0.0340,APPROACH,0
14.122,0.0344,0.0340,APPROACH,0
14.155,0.0336,0.0340,APPROACH,0
14.189,0.0340,0.0340,APPROACH,0
14.224,0.0341,0.0340,APPROACH,0
14.257,0.0339,0.0340,APPROACH,0
14.292,0.0342,0.0340,APPROACH,0
14.326,0.0339,0.0340,APPROACH,0
14.360,0.0340,0.0340,APPROACH,0
14.394,0.0342,0.0340,APPROACH,0
14.428,0.0340,0.0340,APPROACH,0
14.462,0.0339,0.0340,APPROACH,0
14.496,0.0341,0.0340,APPROACH,0
14.530,0.0340,0.0340,APPROACH,0
14.564,0.0340,0.0340,APPROACH,0
14.597,0.0338,0.0340,APPROACH,0
14.632,0.0341,0.0340,APPROACH,0
14.666,0.0339,0.0340,APPROACH,0
14.700,0.0342,0.0340,APPROACH,0
14.734,0.0341,0.0340,APPROACH,0
14.767,0.0335,0.0340,APPROACH,0
14.802,0.0343,0.0340,APPROACH,0
14.836,0.0340,0.0340,APPROACH,0
14.870,0.0339,0.0340,APPROACH,0
14.904,0.0342,0.0340,APPROACH,0
14.938,0.0340,0.0340,APPROACH,0
14.972,0.0341,0.0340,APPROACH,0
15.006,0.0341,0.0340,APPROACH,0
15.040,0.0338,0.0340,APPROACH,0
15.074,0.0342,0.0340,APPROACH,0
15.108,0.0339,0.0340,APPROACH,0
15.142,0.0344,0.0340,APPROACH,0
15.176,0.0336,0.0340,APPROACH,0
15.210,0.0340,0.0340,APPROACH,0
15.244,0.0342,0.0340,APPROACH,0
15.278,0.0339,0.0340,APPROACH,0
15.312,0.0340,0.0340,APPROACH,0
15.346,0.0340,0.0340,APPROACH,0
15.380,0.0340,0.0340,APPROACH,0
15.414,0.0340,0.0340,APPROACH,0
15.448,0.0341,0.0340,APPROACH,0
15.482,0.0340,0.0340,APPROACH,0
15.516,0.0339,0.0340,APPROACH,0
15.550,0.0341,0.0340,APPROACH,0
15.585,0.0343,0.0340,APPROACH,0
15.618,0.0336,0.0340,APPROACH,0
15.652,0.0342,0.0340,APPROACH,0
15.686,0.0341,0.0340,APPROACH,0
15.720,0.0340,0.0340,APPROACH,0
15.755,0.0340,0.0340,APPROACH,0
15.789,0.0340,0.0340,APPROACH,0
15.822,0.0339,0.0340,APPROACH,0
15.856,0.0339,0.0340,APPROACH,0
15.890,0.0341,0.0340,APPROACH,0
15.925,0.0342,0.0340,APPROACH,0
15.959,0.0339,0.0340,APPROACH,0
15.993,0.0340,0.0340,APPROACH,0
16.026,0.0338,0.0340,APPROACH,0
16.061,0.0342,0.0340,APPROACH,0
16.095,0.0338,0.0340,APPROACH,0
16.129,0.0343,0.0340,APPROACH,0
16.163,0.0340,0.0340,APPROACH,0
16.197,0.0339,0.0340,APPROACH,0
16.231,0.0339,0.0340,APPROACH,0
16.265,0.0341,0.0340,APPROACH,0
16.299,0.0342,0.0340,APPROACH,0
16.333,0.0338,0.0340,APPROACH,0
16.367,0.0340,0.0340,APPROACH,0
16.401,0.0339,0.0340,APPROACH,0
16.435,0.0340,0.0340,APPROACH,0
16.469,0.0340,0.0340,APPROACH,0
16.503,0.0340,0.0340,APPROACH,0
16.537,0.0341,0.0340,APPROACH,0
16.571,0.0339,0.0340,APPROACH,0
16.605,0.0343,0.0340,APPROACH,0
16.639,0.0338,0.0340,APPROACH,0
16.673,0.0341,0.0340,APPROACH,0
16.707,0.0340,0.0340,APPROACH,0
16.741,0.0341,0.0340,APPROACH,0
16.775,0.0340,0.0340,APPROACH,0
16.809,0.0341,0.0340,APPROACH,0
16.843,0.0341,0.0340,APPROACH,0
16.877,0.0338,0.0340,APPROACH,0
16.911,0.0339,0.0340,APPROACH,0
16.945,0.0341,0.0340,APPROACH,0
16.979,0.0340,0.0340,APPROACH,0
17.013,0.0341,0.0340,APPROACH,0
17.047,0.0339,0.0340,APPROACH,0
17.081,0.0340,0.0340,APPROACH,0
17.115,0.0341,0.0340,APPROACH,0
17.149,0.0340,0.0340,APPROACH,0
17.183,0.0341,0.0340,APPROACH,0
17.217,0.0339,0.0340,APPROACH,0
17.251,0.0341,0.0340,APPROACH,0
17.285,0.0340,0.0340,APPROACH,0
17.319,0.0340,0.0340,APPROACH,0
17.353,0.0340,0.0340,APPROACH,0
17.387,0.0340,0.0340,APPROACH,0
17.421,0.0341,0.0340,APPROACH,0
17.455,0.0342,0.0340,APPROACH,0
17.489,0.0337,0.0340,APPROACH,0
17.523,0.0342,0.0340,APPROACH,0
17.557,0.0341,0.0340,APPROACH,0
17.591,0.0339,0.0340,APPROACH,0
17.625,0.0341,0.0340,APPROACH,0
17.659,0.0340,0.0340,APPROACH,0
17.693,0.0339,0.0340,APPROACH,0
17.727,0.0340,0.0340,APPROACH,0
17.761,0.0340,0.0340,APPROACH,0
17.795,0.0340,0.0340,APPROACH,0
17.829,0.0340,0.0340,APPROACH,0
17.864,0.0342,0.0340,APPROACH,0
17.898,0.0341,0.0340,APPROACH,0
17.932,0.0341,0.0340,APPROACH,0
17.966,0.0337,0.0340,APPROACH,0
17.999,0.0339,0.0340,APPROACH,0
18.034,0.0341,0.0340,APPROACH,0
18.068,0.0341,0.0340,APPROACH,0
18.102,0.0341,0.0340,APPROACH,0
18.136,0.0341,0.0340,APPROACH,0
18.170,0.0340,0.0340,APPROACH,0
18.204,0.0339,0.0340,APPROACH,0
18.238,0.0341,0.0340,APPROACH,0
18.272,0.0340,0.0340,APPROACH,0
18.306,0.0339,0.0340,APPROACH,0
18.340,0.0343,0.0340,APPROACH,0
18.374,0.0338,0.0340,APPROACH,0
18.408,0.0339,0.0340,APPROACH,0
18.442,0.0341,0.0340,APPROACH,0
18.476,0.0341,0.0340,APPROACH,0
18.510,0.0340,0.0340,APPROACH,0
18.544,0.0338,0.0340,APPROACH,0
18.578,0.0342,0.0340,APPROACH,0
18.612,0.0339,0.0340,APPROACH,0
18.646,0.0346,0.0340,APPROACH,0
18.680,0.0338,0.0340,APPROACH,0
18.714,0.0338,0.0340,APPROACH,0
18.748,0.0342,0.0340,APPROACH,0
18.782,0.0338,0.0340,APPROACH,0
18.816,0.0339,0.0340,APPROACH,0
18.850,0.0341,0.0340,APPROACH,0
18.884,0.0341,0.0340,APPROACH,0
18.918,0.0341,0.0340,APPROACH,0
18.952,0.0340,0.0340,APPROACH,0
18.986,0.0338,0.0340,APPROACH,0
19.020,0.0342,0.0340,APPROACH,0
19.054,0.0340,0.0340,APPROACH,0
19.088,0.0339,0.0340,APPROACH,0
19.122,0.0340,0.0340,APPROACH,0
19.157,0.0344,0.0340,APPROACH,0
19.190,0.0336,0.0340,APPROACH,0
19.224,0.0341,0.0340,APPROACH,0
19.258,0.0338,0.0340,APPROACH,0
19.292,0.0341,0.0340,APPROACH,0
19.326,0.0340,0.0340,APPROACH,0
19.360,0.0341,0.0340,APPROACH,0
19.394,0.0340,0.0340,APPROACH,0
19.428,0.0340,0.0340,APPROACH,0
19.462,0.0340,0.0340,APPROACH,0
19.496,0.0340,0.0340,APPROACH,0
19.530,0.0341,0.0340,APPROACH,0
19.565,0.0342,0.0340,APPROACH,0
19.599,0.0340,0.0340,APPROACH,0
19.633,0.0340,0.0340,APPROACH,0
19.667,0.0342,0.0340,APPROACH,0
19.701,0.0337,0.0340,APPROACH,0
19.735,0.0339,0.0340,APPROACH,0
19.769,0.0341,0.0340,APPROACH,0
19.803,0.0339,0.0340,APPROACH,0
19.836,0.0340,0.0340,APPROACH,0
19.871,0.0342,0.0340,APPROACH,0
19.905,0.0339,0.0340,APPROACH,0
19.938,0.0339,0.0340,APPROACH,0
19.973,0.0342,0.0340,APPROACH,0
20.007,0.0339,0.0340,APPROACH,0
20.041,0.0342,0.0340,APPROACH,0
20.075,0.0340,0.0340,APPROACH,0
20.109,0.0340,0.0340,APPROACH,0
20.143,0.0340,0.0340,APPROACH,0
20.177,0.0339,0.0340,APPROACH,0
20.211,0.0341,0.0340,APPROACH,0
20.245,0.0339,0.0340,APPROACH,0
20.279,0.0341,0.0340,APPROACH,0
20.313,0.0339,0.0340,APPROACH,0
20.347,0.0341,0.0340,APPROACH,0
20.381,0.0341,0.0340,APPROACH,0
20.415,0.0339,0.0340,APPROACH,0
20.449,0.0341,0.0340,APPROACH,0
20.483,0.0340,0.0340,APPROACH,0
20.517,0.0340,0.0340,APPROACH,0
20.551,0.0339,0.0340,APPROACH,0
20.585,0.0340,0.0340,APPROACH,0
20.619,0.0341,0.0340,APPROACH,0
20.653,0.0342,0.0340,APPROACH,0
20.687,0.0338,0.0340,APPROACH,0
20.721,0.0339,0.0340,APPROACH,0
20.755,0.0343,0.0340,APPROACH,0
20.789,0.0339,0.0340,APPROACH,0
20.823,0.0340,0.0340,APPROACH,0
20.857,0.0341,0.0340,APPROACH,0
20.891,0.0339,0.0340,APPROACH,0
20.925,0.0340,0.0340,APPROACH,0
20.959,0.0339,0.0340,APPROACH,0
20.993,0.0341,0.0340,APPROACH,0
21.027,0.0339,0.0340,APPROACH,0
21.061,0.0340,0.0340,APPROACH,0
21.095,0.0341,0.0340,APPROACH,0
21.129,0.0342,0.0340,APPROACH,0
21.163,0.0339,0.0340,APPROACH,0
21.197,0.0341,0.0340,APPROACH,0
21.232,0.0342,0.0340,APPROACH,0
21.265,0.0339,0.0340,APPROACH,0
21.299,0.0339,0.0340,APPROACH,0
21.334,0.0343,0.0340,APPROACH,0
21.367,0.0337,0.0340,APPROACH,0
21.401,0.0339,0.0340,APPROACH,0
21.435,0.0340,0.0340,APPROACH,0
21.469,0.0341,0.0340,APPROACH,0
21.503,0.0340,0.0340,APPROACH,0
21.538,0.0341,0.0340,APPROACH,0
21.571,0.0338,0.0340,APPROACH,0
21.605,0.0340,0.0340,APPROACH,0
21.640,0.0341,0.0340,APPROACH,0
21.674,0.0340,0.0340,APPROACH,0
21.708,0.0341,0.0340,APPROACH,0
21.742,0.0339,0.0340,APPROACH,0
21.776,0.0340,0.0340,APPROACH,0
21.810,0.0342,0.0340,APPROACH,0
21.844,0.0339,0.0340,APPROACH,0
21.878,0.0340,0.0340,APPROACH,0
21.912,0.0339,0.0340,APPROACH,0
21.946,0.0341,0.0340,APPROACH,0
21.980,0.0340,0.0340,APPROACH,0
22.014,0.0339,0.0340,APPROACH,0
22.048,0.0342,0.0340,APPROACH,0
22.082,0.0341,0.0340,APPROACH,0
22.116,0.0340,0.0340,APPROACH,0
22.150,0.0338,0.0340,APPROACH,0
22.184,0.0341,0.0340,APPROACH,0
22.218,0.0341,0.0340,APPROACH,0
22.252,0.0344,0.0340,APPROACH,0
22.286,0.0337,0.0340,APPROACH,0
22.320,0.0340,0.0340,APPROACH,0
22.354,0.0339,0.0340,APPROACH,0
22.388,0.0340,0.0340,APPROACH,0
22.422,0.0339,0.0340,APPROACH,0
22.456,0.0341,0.0340,APPROACH,0
22.490,0.0340,0.0340,APPROACH,0
22.524,0.0340,0.0340,APPROACH,0
22.558,0.0343,0.0340,APPROACH,0
22.592,0.0337,0.0340,APPROACH,0
22.626,0.0341,0.0340,APPROACH,0
22.660,0.0340,0.0340,APPROACH,0
22.694,0.0339,0.0340,APPROACH,0
22.728,0.0342,0.0340,APPROACH,0
22.762,0.0339,0.0340,APPROACH,0
22.796,0.0341,0.0340,APPROACH,0
22.830,0.0339,0.0340,APPROACH,0
22.864,0.0341,0.0340,APPROACH,0
22.898,0.0341,0.0340,APPROACH,0
22.932,0.0340,0.0340,APPROACH,0
22.966,0.0340,0.0340,APPROACH,0
23.000,0.0340,0.0340,APPROACH,0
23.034,0.0340,0.0340,APPROACH,0
23.069,0.0343,0.0340,APPROACH,0
23.102,0.0337,0.0340,APPROACH,0
23.136,0.0340,0.0340,APPROACH,0
23.170,0.0340,0.0340,APPROACH,0
23.204,0.0341,0.0340,APPROACH,0
23.238,0.0340,0.0340,APPROACH,0
23.272,0.0339,0.0340,APPROACH,0
23.307,0.0346,0.0340,APPROACH,0
23.341,0.0338,0.0340,APPROACH,0
23.374,0.0336,0.0340,APPROACH,0
23.408,0.0340,0.0340,APPROACH,0
23.442,0.0342,0.0340,APPROACH,0
23.476,0.0340,0.0340,APPROACH,0
23.510,0.0340,0.0340,APPROACH,0
23.545,0.0341,0.0340,APPROACH,0
23.579,0.0340,0.0340,APPROACH,0
23.613,0.0340,0.0340,APPROACH,0
23.647,0.0340,0.0340,APPROACH,0
23.680,0.0339,0.0340,APPROACH,0
23.715,0.0342,0.0340,APPROACH,0
23.749,0.0341,0.0340,APPROACH,0
23.783,0.0338,0.0340,APPROACH,0
23.817,0.0341,0.0340,APPROACH,0
23.851,0.0340,0.0340,APPROACH,0
23.885,0.0339,0.0340,APPROACH,0
23.919,0.0341,0.0340,APPROACH,0
23.953,0.0340,0.0340,APPROACH,0
23.987,0.0341,0.0340,APPROACH,0
24.021,0.0340,0.0340,APPROACH,0
24.055,0.0343,0.0340,APPROACH,0
24.089,0.0339,0.0340,APPROACH,0
24.123,0.0340,0.0340,APPROACH,0
24.157,0.0340,0.0340,APPROACH,0
24.191,0.0339,0.0340,APPROACH,0
24.225,0.0340,0.0340,APPROACH,0
24.259,0.0342,0.0340,APPROACH,0
24.293,0.0340,0.0340,APPROACH,0
24.327,0.0341,0.0340,APPROACH,0
24.361,0.0340,0.0340,APPROACH,0
24.395,0.0340,0.0340,APPROACH,0
24.429,0.0344,0.0340,APPROACH,0
24.463,0.0336,0.0340,APPROACH,0
24.497,0.0340,0.0340,APPROACH,0
24.531,0.0341,0.0340,APPROACH,0
24.565,0.0340,0.0340,APPROACH,0
24.599,0.0339,0.0340,APPROACH,0
24.633,0.0341,0.0340,APPROACH,0
24.667,0.0342,0.0340,APPROACH,0
24.701,0.0338,0.0340,APPROACH,0
24.735,0.0342,0.0340,APPROACH,0
24.769,0.0338,0.0340,APPROACH,0
24.803,0.0343,0.0340,APPROACH,0
24.837,0.0340,0.0340,BLIND_DASH,0
24.871,0.0339,0.0340,BLIND_DASH,0
24.905,0.0341,0.0340,BLIND_DASH,0
24.939,0.0341,0.0340,PATROL,0
24.973,0.0340,0.0340,PATROL,0
25.007,0.0340,0.0340,PATROL,0
25.041,0.0339,0.0340,PATROL,0
25.075,0.0340,0.0340,PATROL,0
25.109,0.0339,0.0340,PATROL,0
25.143,0.0341,0.0340,PATROL,0
25.177,0.0340,0.0340,PATROL,0
25.211,0.0340,0.0340,PATROL,0
25.245,0.0340,0.0340,PATROL,0
25.279,0.0339,0.0340,PATROL,0
25.313,0.0340,0.0340,PATROL,0
25.347,0.0342,0.0340,PATROL,0
25.381,0.0339,0.0340,PATROL,0
25.415,0.0341,0.0340,PATROL,0
25.450,0.0341,0.0340,PATROL,0
25.484,0.0340,0.0340,PATROL,0
25.517,0.0339,0.0340,PATROL,0
25.552,0.0341,0.0340,PATROL,0
25.586,0.0340,0.0340,PATROL,0
25.620,0.0340,0.0340,PATROL,0
25.654,0.0340,0.0340,PATROL,0
25.688,0.0340,0.0340,PATROL,0
25.722,0.0340,0.0340,PATROL,0
25.756,0.0344,0.0340,PATROL,0
25.790,0.0336,0.0340,PATROL,0
25.824,0.0339,0.0340,PATROL,0
25.858,0.0340,0.0340,PATROL,0
25.892,0.0342,0.0340,PATROL,0
25.926,0.0338,0.0340,PATROL,0
25.960,0.0342,0.0340,PATROL,0
25.994,0.0340,0.0340,PATROL,0
26.028,0.0341,0.0340,PATROL,0
26.062,0.0338,0.0340,PATROL,0
26.096,0.0341,0.0340,PATROL,0
26.130,0.0342,0.0340,PATROL,0
26.164,0.0338,0.0340,PATROL,0
26.198,0.0340,0.0340,PATROL,0
26.232,0.0340,0.0340,PATROL,0
26.266,0.0340,0.0340,PATROL,0
26.300,0.0343,0.0340,PATROL,0
26.334,0.0338,0.0340,PATROL,0
26.368,0.0342,0.0340,PATROL,0
26.402,0.0339,0.0340,PATROL,0
26.436,0.0341,0.0340,PATROL,0
26.470,0.0340,0.0340,PATROL,0
26.504,0.0340,0.0340,PATROL,0
26.538,0.0342,0.0340,PATROL,0
26.572,0.0339,0.0340,PATROL,0
26.606,0.0340,0.0340,PATROL,0
26.640,0.0339,0.0340,PATROL,0
26.674,0.0340,0.0340,PATROL,0
26.708,0.0341,0.0340,PATROL,0
26.742,0.0339,0.0340,PATROL,0
26.776,0.0341,0.0340,PATROL,0
26.810,0.0340,0.0340,PATROL,0
26.844,0.0340,0.0340,PATROL,0
26.878,0.0339,0.0340,PATROL,0
26.912,0.0340,0.0340,PATROL,0
26.946,0.0344,0.0340,PATROL,0
26.980,0.0336,0.0340,PATROL,0
27.014,0.0340,0.0340,PATROL,0
27.048,0.0340,0.0340,PATROL,0
27.082,0.0341,0.0340,PATROL,0
27.116,0.0341,0.0340,PATROL,0
27.150,0.0340,0.0340,PATROL,0
27.184,0.0339,0.0340,PATROL,0
27.218,0.0340,0.0340,PATROL,0
27.252,0.0339,0.0340,PATROL,0
27.286,0.0341,0.0340,PATROL,0
27.320,0.0338,0.0340,PATROL,0
27.354,0.0340,0.0340,PATROL,0
27.389,0.0344,0.0340,PATROL,0
27.422,0.0336,0.0340,PATROL,0
27.456,0.0340,0.0340,PATROL,0
27.490,0.0339,0.0340,PATROL,0
27.524,0.0342,0.0340,PATROL,0
27.558,0.0339,0.0340,PATROL,0
27.592,0.0339,0.0340,PATROL,0
27.626,0.0340,0.0340,PATROL,0
27.660,0.0343,0.0340,PATROL,0
27.694,0.0337,0.0340,PATROL,0
27.728,0.0341,0.0340,PATROL,0
27.762,0.0342,0.0340,PATROL,0
27.797,0.0343,0.0340,PATROL,0
27.831,0.0339,0.0340,PATROL,0
27.865,0.0342,0.0340,PATROL,0
27.899,0.0341,0.0340,PATROL,0
27.933,0.0339,0.0340,PATROL,0
27.967,0.0339,0.0340,PATROL,0
28.001,0.0342,0.0340,PATROL,0
28.035,0.0344,0.0340,PATROL,0
28.069,0.0337,0.0340,PATROL,0
28.103,0.0340,0.0340,PATROL,0
28.137,0.0342,0.0340,PATROL,0
28.171,0.0340,0.0340,PATROL,0
28.205,0.0339,0.0340,PATROL,0
28.239,0.0340,0.0340,PATROL,0
28.273,0.0339,0.0340,PATROL,0
28.307,0.0340,0.0340,PATROL,0
28.341,0.0340,0.0340,PATROL,0
28.375,0.0340,0.0340,PATROL,0
28.409,0.0342,0.0340,PATROL,0
28.443,0.0340,0.0340,PATROL,0
28.477,0.0340,0.0340,PATROL,0
28.511,0.0341,0.0340,PATROL,0
28.545,0.0340,0.0340,PATROL,0
28.579,0.0340,0.0340,PATROL,0
28.613,0.0340,0.0340,PATROL,0
28.647,0.0339,0.0340,PATROL,0
28.681,0.0340,0.0340,PATROL,0
28.715,0.0340,0.0340,PATROL,0
28.749,0.0342,0.0340,PATROL,0
28.783,0.0340,0.0340,PATROL,0
28.817,0.0339,0.0340,PATROL,0
28.851,0.0338,0.0340,PATROL,0
28.885,0.0342,0.0340,PATROL,0
28.919,0.0340,0.0340,PATROL,0
28.953,0.0340,0.0340,PATROL,0
28.988,0.0342,0.0340,PATROL,0
29.021,0.0338,0.0340,PATROL,0
29.055,0.0340,0.0340,PATROL,0
29.089,0.0341,0.0340,PATROL,0
29.123,0.0340,0.0340,PATROL,0
29.158,0.0341,0.0340,PATROL,0
29.192,0.0339,0.0340,PATROL,0
29.226,0.0341,0.0340,PATROL,0
29.260,0.0341,0.0340,PATROL,0
29.294,0.0338,0.0340,PATROL,0
29.328,0.0341,0.0340,PATROL,0
29.362,0.0341,0.0340,PATROL,0
29.396,0.0338,0.0340,PATROL,0
29.430,0.0341,0.0340,PATROL,0
29.464,0.0340,0.0340,PATROL,0
29.498,0.0340,0.0340,PATROL,0
29.532,0.0339,0.0340,PATROL,0
29.566,0.0341,0.0340,PATROL,0
29.600,0.0339,0.0340,PATROL,0
29.634,0.0341,0.0340,PATROL,0
29.668,0.0339,0.0340,PATROL,0
29.702,0.0340,0.0340,PATROL,0
29.736,0.0340,0.0340,PATROL,0
29.770,0.0341,0.0340,PATROL,0
29.804,0.0339,0.0340,PATROL,0
29.838,0.0342,0.0340,PATROL,0
29.872,0.0338,0.0340,PATROL,0
29.906,0.0341,0.0340,PATROL,0
29.940,0.0339,0.0340,PATROL,0
29.974,0.0341,0.0340,PATROL,0
30.008,0.0339,0.0340,PATROL,0
30.042,0.0342,0.0340,PATROL,0
30.076,0.0340,0.0340,PATROL,0
30.110,0.0340,0.0340,PATROL,0
30.144,0.0340,0.0340,PATROL,0
30.178,0.0339,0.0340,PATROL,0
30.212,0.0341,0.0340,PATROL,0
30.246,0.0341,0.0340,PATROL,0
30.280,0.0340,0.0340,PATROL,0
30.314,0.0340,0.0340,PATROL,0
30.348,0.0340,0.0340,PATROL,0
30.382,0.0338,0.0340,PATROL,0
30.418,0.0360,0.0340,PATROL,0
30.452,0.0335,0.0340,PATROL,0
30.485,0.0337,0.0340,PATROL,0
30.519,0.0339,0.0340,PATROL,0
30.553,0.0337,0.0340,PATROL,0
30.587,0.0339,0.0340,PATROL,0
30.621,0.0339,0.0340,PATROL,0
30.655,0.0340,0.0340,PATROL,0
30.688,0.0339,0.0340,PATROL,0
30.722,0.0339,0.0340,PATROL,0
30.756,0.0341,0.0340,PATROL,0
30.790,0.0339,0.0340,PATROL,0
30.824,0.0341,0.0340,PATROL,0
30.859,0.0343,0.0340,PATROL,0
30.893,0.0340,0.0340,PATROL,0
30.926,0.0337,0.0340,PATROL,0
30.961,0.0341,0.0340,PATROL,0
30.995,0.0342,0.0340,PATROL,0
31.028,0.0337,0.0340,PATROL,0
31.063,0.0345,0.0340,PATROL,0
31.096,0.0335,0.0340,PATROL,0
31.131,0.0343,0.0340,PATROL,0
31.165,0.0340,0.0340,PATROL,0
31.199,0.0340,0.0340,PATROL,0
31.233,0.0340,0.0340,PATROL,0
31.267,0.0339,0.0340,PATROL,0
31.301,0.0340,0.0340,PATROL,0
31.335,0.0340,0.0340,PATROL,0
31.369,0.0341,0.0340,PATROL,0
31.403,0.0340,0.0340,PATROL,0
31.437,0.0344,0.0340,PATROL,0
31.471,0.0337,0.0340,PATROL,0
31.505,0.0340,0.0340,PATROL,0
31.539,0.0341,0.0340,PATROL,0
31.573,0.0341,0.0340,PATROL,0
31.607,0.0338,0.0340,PATROL,0
31.641,0.0342,0.0340,PATROL,0
31.675,0.0339,0.0340,PATROL,0
31.709,0.0340,0.0340,PATROL,0
31.743,0.0340,0.0340,PATROL,0
31.777,0.0342,0.0340,PATROL,0
31.811,0.0340,0.0340,PATROL,0
31.845,0.0340,0.0340,PATROL,0
31.879,0.0339,0.0340,PATROL,0
31.913,0.0341,0.0340,PATROL,0
31.947,0.0340,0.0340,PATROL,0
31.981,0.0343,0.0340,PATROL,0
32.015,0.0339,0.0340,PATROL,0
32.049,0.0338,0.0340,PATROL,0
32.083,0.0340,0.0340,PATROL,0
32.117,0.0339,0.0340,PATROL,0
32.151,0.0342,0.0340,PATROL,0
32.185,0.0339,0.0340,PATROL,0
32.219,0.0340,0.0340,PATROL,0
32.253,0.0342,0.0340,PATROL,0
32.287,0.0339,0.0340,PATROL,0
32.321,0.0338,0.0340,PATROL,0
32.355,0.0341,0.0340,PATROL,0
32.389,0.0340,0.0340,PATROL,0
32.423,0.0340,0.0340,PATROL,0
32.457,0.0340,0.0340,PATROL,0
32.491,0.0341,0.0340,PATROL,0
32.525,0.0339,0.0340,PATROL,0
32.559,0.0341,0.0340,PATROL,0
32.593,0.0339,0.0340,PATROL,0
32.627,0.0341,0.0340,PATROL,0
32.661,0.0340,0.0340,PATROL,0
32.695,0.0340,0.0340,PATROL,0
32.729,0.0341,0.0340,PATROL,0
32.763,0.0341,0.0340,PATROL,0
32.797,0.0340,0.0340,PATROL,0
32.832,0.0341,0.0340,PATROL,0
32.865,0.0339,0.0340,PATROL,0
32.899,0.0341,0.0340,PATROL,0
32.933,0.0340,0.0340,PATROL,0
32.968,0.0343,0.0340,PATROL,0
33.002,0.0344,0.0340,PATROL,0
33.036,0.0335,0.0340,PATROL,0
33.070,0.0340,0.0340,PATROL,0
33.103,0.0338,0.0340,PATROL,0
33.138,0.0341,0.0340,PATROL,0
33.172,0.0342,0.0340,PATROL,0
33.206,0.0342,0.0340,PATROL,0
33.240,0.0338,0.0340,PATROL,0
33.274,0.0342,0.0340,PATROL,0
33.308,0.0339,0.0340,PATROL,0
33.342,0.0345,0.0340,PATROL,0
33.376,0.0336,0.0340,PATROL,0
33.410,0.0341,0.0340,PATROL,0
33.444,0.0339,0.0340,PATROL,0
33.478,0.0340,0.0340,PATROL,0
33.512,0.0342,0.0340,PATROL,0
33.546,0.0339,0.0340,PATROL,0
33.580,0.0341,0.0340,PATROL,0
33.614,0.0338,0.0340,PATROL,0
33.648,0.0341,0.0340,PATROL,0
33.682,0.0340,0.0340,PATROL,0
33.716,0.0341,0.0340,PATROL,0
33.750,0.0340,0.0340,PATROL,0
33.784,0.0338,0.0340,PATROL,0
33.818,0.0340,0.0340,PATROL,0
33.852,0.0342,0.0340,PATROL,0
33.886,0.0339,0.0340,PATROL,0
33.920,0.0341,0.0340,PATROL,0
33.954,0.0341,0.0340,PATROL,0
33.988,0.0340,0.0340,PATROL,0
34.022,0.0343,0.0340,PATROL,0
34.056,0.0338,0.0340,PATROL,0
34.090,0.0340,0.0340,PATROL,0
34.125,0.0344,0.0340,PATROL,0
34.158,0.0336,0.0340,PATROL,0
34.192,0.0342,0.0340,PATROL,0
34.226,0.0340,0.0340,PATROL,0
34.260,0.0341,0.0340,PATROL,0
34.294,0.0340,0.0340,PATROL,0
34.328,0.0341,0.0340,PATROL,0
34.363,0.0341,0.0340,PATROL,0
34.396,0.0339,0.0340,PATROL,0
34.430,0.0340,0.0340,PATROL,0
34.464,0.0339,0.0340,PATROL,0
34.498,0.0339,0.0340,PATROL,0
34.532,0.0340,0.0340,PATROL,0
34.566,0.0340,0.0340,PATROL,0
34.600,0.0341,0.0340,PATROL,0
34.634,0.0340,0.0340,PATROL,0
34.669,0.0342,0.0340,PATROL,0
34.703,0.0339,0.0340,PATROL,0
34.737,0.0340,0.0340,PATROL,0
34.771,0.0340,0.0340,PATROL,0
34.805,0.0341,0.0340,PATROL,0
34.839,0.0339,0.0340,PATROL,0
34.873,0.0343,0.0340,PATROL,0
34.907,0.0338,0.0340,PATROL,0
34.941,0.0342,0.0340,PATROL,0
34.975,0.0339,0.0340,PATROL,0
35.009,0.0340,0.0340,PATROL,0
35.043,0.0340,0.0340,PATROL,0
35.077,0.0340,0.0340,PATROL,0
35.111,0.0340,0.0340,PATROL,0
35.145,0.0339,0.0340,PATROL,0
35.179,0.0343,0.0340,PATROL,0
35.213,0.0340,0.0340,PATROL,0
35.247,0.0339,0.0340,PATROL,0
35.281,0.0341,0.0340,PATROL,0
35.315,0.0340,0.0340,PATROL,0
35.349,0.0340,0.0340,PATROL,0
35.383,0.0341,0.0340,PATROL,0
35.417,0.0341,0.0340,PATROL,0
35.451,0.0339,0.0340,PATROL,0
35.485,0.0343,0.0340,PATROL,0
35.519,0.0339,0.0340,PATROL,0
35.553,0.0343,0.0340,PATROL,0
35.587,0.0337,0.0340,PATROL,0
35.621,0.0339,0.0340,PATROL,0
35.655,0.0340,0.0340,PATROL,0
35.689,0.0341,0.0340,PATROL,0
35.723,0.0342,0.0340,PATROL,0
35.757,0.0342,0.0340,PATROL,0
35.791,0.0339,0.0340,PATROL,0
35.825,0.0339,0.0340,PATROL,0
35.859,0.0339,0.0340,PATROL,0
35.893,0.0341,0.0340,PATROL,0
35.927,0.0339,0.0340,PATROL,0
35.961,0.0340,0.0340,PATROL,0
35.995,0.0341,0.0340,PATROL,0
36.029,0.0340,0.0340,PATROL,0
36.063,0.0340,0.0340,PATROL,0
36.097,0.0340,0.0340,PATROL,0
36.131,0.0341,0.0340,PATROL,0
36.165,0.0342,0.0340,PATROL,0
36.199,0.0337,0.0340,PATROL,0
36.233,0.0340,0.0340,PATROL,0
36.267,0.0341,0.0340,PATROL,0
36.301,0.0342,0.0340,PATROL,0
36.335,0.0340,0.0340,PATROL,0
36.369,0.0340,0.0340,PATROL,0
36.404,0.0344,0.0340,PATROL,0
36.438,0.0337,0.0340,PATROL,0
36.471,0.0340,0.0340,PATROL,0
36.506,0.0347,0.0340,PATROL,0
36.540,0.0336,0.0340,PATROL,0
36.574,0.0339,0.0340,PATROL,0
36.608,0.0340,0.0340,PATROL,0
36.642,0.0341,0.0340,PATROL,0
36.676,0.0339,0.0340,PATROL,0
36.710,0.0340,0.0340,PATROL,0
36.744,0.0340,0.0340,PATROL,0
36.778,0.0340,0.0340,PATROL,0
36.812,0.0340,0.0340,PATROL,0
36.846,0.0341,0.0340,PATROL,0
36.880,0.0340,0.0340,PATROL,0
36.914,0.0340,0.0340,PATROL,0
36.948,0.0341,0.0340,PATROL,0
36.982,0.0340,0.0340,PATROL,0
37.016,0.0340,0.0340,PATROL,0
37.050,0.0340,0.0340,PATROL,0
37.084,0.0339,0.0340,PATROL,0
37.118,0.0341,0.0340,PATROL,0
37.152,0.0342,0.0340,PATROL,0
37.186,0.0340,0.0340,PATROL,0
37.220,0.0338,0.0340,PATROL,0
37.254,0.0343,0.0340,PATROL,0
37.288,0.0338,0.0340,PATROL,0
37.322,0.0342,0.0340,PATROL,0
37.356,0.0341,0.0340,PATROL,0
37.390,0.0338,0.0340,PATROL,0
37.424,0.0339,0.0340,PATROL,0
37.458,0.0341,0.0340,PATROL,0
37.492,0.0341,0.0340,PATROL,0
37.526,0.0339,0.0340,PATROL,0
37.560,0.0339,0.0340,PATROL,0
37.594,0.0341,0.0340,PATROL,0
37.628,0.0342,0.0340,PATROL,0
37.662,0.0340,0.0340,PATROL,0
37.696,0.0338,0.0340,PATROL,0
37.730,0.0341,0.0340,PATROL,0
37.764,0.0341,0.0340,PATROL,0
37.798,0.0337,0.0340,PATROL,0
37.832,0.0340,0.0340,PATROL,0
37.866,0.0342,0.0340,PATROL,0
37.900,0.0338,0.0340,PATROL,0
37.934,0.0342,0.0340,PATROL,0
37.968,0.0340,0.0340,PATROL,0
38.002,0.0339,0.0340,PATROL,0
38.036,0.0341,0.0340,PATROL,0
38.071,0.0341,0.0340,PATROL,0
38.105,0.0340,0.0340,PATROL,0
38.139,0.0341,0.0340,PATROL,0
38.173,0.0339,0.0340,PATROL,0
38.207,0.0340,0.0340,PATROL,0
38.241,0.0341,0.0340,PATROL,0
38.275,0.0340,0.0340,PATROL,0
38.309,0.0339,0.0340,PATROL,0
38.343,0.0341,0.0340,PATROL,0
38.377,0.0341,0.0340,PATROL,0
38.411,0.0340,0.0340,PATROL,0
38.445,0.0342,0.0340,PATROL,0
38.479,0.0340,0.0340,PATROL,0
38.513,0.0338,0.0340,PATROL,0
38.547,0.0340,0.0340,PATROL,0
38.581,0.0339,0.0340,PATROL,0
38.615,0.0341,0.0340,PATROL,0
38.649,0.0340,0.0340,PATROL,0
38.683,0.0341,0.0340,PATROL,0
38.717,0.0339,0.0340,PATROL,0
38.751,0.0341,0.0340,PATROL,0
38.785,0.0339,0.0340,PATROL,0
38.819,0.0340,0.0340,PATROL,0
38.853,0.0341,0.0340,PATROL,0
38.887,0.0342,0.0340,PATROL,0
38.921,0.0338,0.0340,PATROL,0
38.955,0.0341,0.0340,PATROL,0
38.989,0.0340,0.0340,PATROL,0
39.023,0.0340,0.0340,PATROL,0
39.057,0.0342,0.0340,PATROL,0
39.091,0.0339,0.0340,PATROL,0
39.125,0.0339,0.0340,PATROL,0
39.159,0.0341,0.0340,PATROL,0
39.193,0.0339,0.0340,PATROL,0
39.227,0.0343,0.0340,PATROL,0
39.261,0.0337,0.0340,PATROL,0
39.295,0.0341,0.0340,PATROL,0
39.329,0.0340,0.0340,PATROL,0
39.363,0.0341,0.0340,PATROL,0
39.397,0.0339,0.0340,PATROL,0
39.431,0.0339,0.0340,PATROL,0
39.465,0.0340,0.0340,PATROL,0
39.499,0.0342,0.0340,PATROL,0
39.533,0.0340,0.0340,PATROL,0
39.567,0.0340,0.0340,PATROL,0
39.601,0.0338,0.0340,PATROL,0
39.635,0.0341,0.0340,PATROL,0
39.669,0.0340,0.0340,PATROL,0
39.703,0.0340,0.0340,PATROL,0
39.737,0.0339,0.0340,PATROL,0
39.771,0.0339,0.0340,PATROL,0
39.805,0.0340,0.0340,PATROL,0
39.839,0.0341,0.0340,PATROL,0
39.873,0.0340,0.0340,PATROL,0
39.907,0.0340,0.0340,PATROL,0
39.941,0.0340,0.0340,PATROL,0
39.975,0.0340,0.0340,PATROL,0
40.009,0.0341,0.0340,PATROL,0
40.043,0.0338,0.0340,PATROL,0
40.077,0.0343,0.0340,PATROL,0
40.111,0.0337,0.0340,PATROL,0
40.145,0.0341,0.0340,PATROL,0
40.179,0.0340,0.0340,PATROL,0
40.213,0.0343,0.0340,PATROL,0
40.247,0.0338,0.0340,PATROL,0
40.281,0.0338,0.0340,PATROL,0
40.315,0.0340,0.0340,PATROL,0
40.349,0.0340,0.0340,PATROL,0
40.383,0.0342,0.0340,PATROL,0
40.417,0.0339,0.0340,PATROL,0
40.451,0.0340,0.0340,PATROL,0
40.485,0.0342,0.0340,PATROL,0
40.519,0.0338,0.0340,PATROL,0
40.553,0.0342,0.0340,PATROL,0
40.588,0.0343,0.0340,PATROL,0
40.622,0.0341,0.0340,PATROL,0
40.656,0.0340,0.0340,PATROL,0
40.690,0.0340,0.0340,PATROL,0
40.724,0.0345,0.0340,PATROL,0
40.758,0.0336,0.0340,PATROL,0
40.792,0.0342,0.0340,PATROL,0
40.826,0.0340,0.0340,PATROL,0
40.860,0.0340,0.0340,PATROL,0
40.894,0.0339,0.0340,PATROL,0
40.928,0.0341,0.0340,PATROL,0
40.962,0.0342,0.0340,PATROL,0
40.996,0.0339,0.0340,PATROL,0
41.030,0.0339,0.0340,PATROL,0
41.064,0.0340,0.0340,PATROL,0
41.098,0.0340,0.0340,PATROL,0
41.132,0.0340,0.0340,PATROL,0
41.166,0.0341,0.0340,PATROL,0
41.200,0.0338,0.0340,PATROL,0
41.234,0.0341,0.0340,PATROL,0
41.268,0.0340,0.0340,PATROL,0
41.302,0.0338,0.0340,PATROL,0
41.336,0.0343,0.0340,PATROL,0
41.370,0.0337,0.0340,PATROL,0
41.404,0.0343,0.0340,PATROL,0
41.438,0.0339,0.0340,PATROL,0
41.472,0.0341,0.0340,PATROL,0
41.506,0.0340,0.0340,PATROL,0
41.540,0.0340,0.0340,PATROL,0
41.575,0.0343,0.0340,PATROL,0
41.608,0.0339,0.0340,PATROL,0
41.642,0.0339,0.0340,PATROL,0
41.676,0.0340,0.0340,PATROL,0
41.710,0.0340,0.0340,PATROL,0
41.745,0.0342,0.0340,PATROL,0
41.779,0.0339,0.0340,PATROL,0
41.813,0.0339,0.0340,PATROL,0
41.847,0.0341,0.0340,PATROL,0
41.881,0.0338,0.0340,PATROL,0
41.915,0.0342,0.0340,PATROL,0
41.949,0.0342,0.0340,PATROL,0
41.983,0.0338,0.0340,PATROL,0
42.017,0.0340,0.0340,PATROL,0
42.051,0.0339,0.0340,PATROL,0
42.085,0.0341,0.0340,PATROL,0
42.119,0.0340,0.0340,PATROL,0
42.153,0.0340,0.0340,PATROL,0
42.187,0.0340,0.0340,PATROL,0
42.221,0.0344,0.0340,PATROL,0
42.255,0.0337,0.0340,PATROL,0
42.289,0.0339,0.0340,PATROL,0
42.323,0.0342,0.0340,PATROL,0
42.357,0.0339,0.0340,PATROL,0
42.391,0.0343,0.0340,PATROL,0
42.425,0.0338,0.0340,PATROL,0
42.459,0.0340,0.0340,PATROL,0
42.493,0.0340,0.0340,PATROL,0
42.527,0.0339,0.0340,PATROL,0
42.561,0.0340,0.0340,PATROL,0
42.595,0.0344,0.0340,PATROL,0
42.629,0.0338,0.0340,PATROL,0
42.663,0.0340,0.0340,PATROL,0
42.697,0.0341,0.0340,PATROL,0
42.731,0.0338,0.0340,PATROL,0
42.765,0.0343,0.0340,PATROL,0
42.799,0.0338,0.0340,PATROL,0
42.833,0.0340,0.0340,PATROL,0
42.867,0.0340,0.0340,PATROL,0
42.901,0.0341,0.0340,PATROL,0
42.935,0.0341,0.0340,PATROL,0
42.970,0.0344,0.0340,PATROL,0
43.003,0.0336,0.0340,PATROL,0
43.037,0.0340,0.0340,PATROL,0
43.071,0.0339,0.0340,PATROL,0
43.106,0.0346,0.0340,PATROL,0
43.139,0.0335,0.0340,PATROL,0
43.173,0.0340,0.0340,PATROL,0
43.207,0.0339,0.0340,PATROL,0
43.241,0.0341,0.0340,PATROL,0
43.275,0.0341,0.0340,PATROL,0
43.309,0.0340,0.0340,PATROL,0
43.343,0.0339,0.0340,PATROL,0
43.377,0.0341,0.0340,PATROL,0
43.411,0.0340,0.0340,PATROL,0
43.445,0.0343,0.0340,PATROL,0
43.479,0.0339,0.0340,PATROL,0
43.513,0.0340,0.0340,PATROL,0
43.547,0.0341,0.0340,PATROL,0
43.582,0.0341,0.0340,PATROL,0
43.616,0.0341,0.0340,PATROL,0
43.650,0.0340,0.0340,PATROL,0
43.684,0.0339,0.0340,PATROL,0
43.718,0.0340,0.0340,PATROL,0
43.752,0.0345,0.0340,PATROL,0
43.786,0.0339,0.0340,PATROL,0
43.820,0.0338,0.0340,PATROL,0
43.854,0.0344,0.0340,PATROL,0
43.888,0.0340,0.0340,PATROL,0
43.922,0.0337,0.0340,PATROL,0
43.956,0.0340,0.0340,PATROL,0
43.990,0.0339,0.0340,PATROL,0
44.024,0.0342,0.0340,PATROL,0
44.058,0.0340,0.0340,PATROL,0
44.092,0.0339,0.0340,PATROL,0
44.126,0.0340,0.0340,PATROL,0
44.160,0.0341,0.0340,PATROL,0
44.194,0.0339,0.0340,PATROL,0
44.228,0.0341,0.0340,PATROL,0
44.262,0.0340,0.0340,PATROL,0
44.296,0.0340,0.0340,PATROL,0
44.330,0.0343,0.0340,PATROL,0
44.364,0.0340,0.0340,PATROL,0
44.398,0.0339,0.0340,PATROL,0
44.432,0.0340,0.0340,PATROL,0
44.466,0.0340,0.0340,PATROL,0
44.500,0.0340,0.0340,PATROL,0
44.534,0.0338,0.0340,PATROL,0
44.568,0.0340,0.0340,PATROL,0
44.602,0.0342,0.0340,PATROL,0
44.636,0.0340,0.0340,PATROL,0
44.670,0.0341,0.0340,PATROL,0
44.704,0.0339,0.0340,PATROL,0
44.738,0.0340,0.0340,PATROL,0
44.772,0.0340,0.0340,PATROL,0
44.806,0.0342,0.0340,PATROL,0
44.840,0.0337,0.0340,PATROL,0
44.874,0.0340,0.0340,PATROL,0
44.908,0.0342,0.0340,PATROL,0
44.942,0.0339,0.0340,PATROL,0
44.976,0.0339,0.0340,PATROL,0
45.010,0.0340,0.0340,PATROL,0
45.044,0.0341,0.0340,PATROL,0
45.078,0.0340,0.0340,PATROL,0
45.112,0.0339,0.0340,PATROL,0
45.146,0.0341,0.0340,PATROL,0
45.180,0.0341,0.0340,PATROL,0
45.214,0.0339,0.0340,PATROL,0
45.249,0.0342,0.0340,PATROL,0
45.282,0.0339,0.0340,PATROL,0
45.316,0.0339,0.0340,PATROL,0
45.351,0.0342,0.0340,PATROL,0
45.385,0.0339,0.0340,PATROL,0
45.418,0.0339,0.0340,PATROL,0
45.453,0.0341,0.0340,PATROL,0
45.486,0.0339,0.0340,PATROL,0
45.521,0.0343,0.0340,PATROL,0
45.555,0.0342,0.0340,PATROL,0
45.589,0.0337,0.0340,PATROL,0
45.623,0.0340,0.0340,PATROL,0
45.657,0.0341,0.0340,PATROL,0
45.691,0.0339,0.0340,PATROL,0
45.725,0.0342,0.0340,PATROL,0
45.759,0.0338,0.0340,PATROL,0
45.793,0.0344,0.0340,PATROL,0
45.827,0.0339,0.0340,PATROL,0
45.861,0.0341,0.0340,PATROL,0
45.895,0.0338,0.0340,PATROL,0
45.929,0.0340,0.0340,PATROL,0
45.963,0.0341,0.0340,PATROL,0
45.997,0.0340,0.0340,PATROL,0
46.031,0.0340,0.0340,PATROL,0
46.065,0.0339,0.0340,PATROL,0
46.099,0.0342,0.0340,PATROL,0
46.133,0.0342,0.0340,PATROL,0
46.167,0.0339,0.0340,PATROL,0
46.201,0.0339,0.0340,PATROL,0
46.235,0.0340,0.0340,PATROL,0
46.269,0.0339,0.0340,PATROL,0
46.303,0.0341,0.0340,PATROL,0
46.337,0.0340,0.0340,PATROL,0
46.371,0.0341,0.0340,PATROL,0
46.405,0.0339,0.0340,PATROL,0
46.439,0.0339,0.0340,PATROL,0
46.473,0.0340,0.0340,PATROL,0
46.507,0.0340,0.0340,PATROL,0
46.541,0.0342,0.0340,PATROL,0
46.575,0.0339,0.0340,PATROL,0
46.609,0.0342,0.0340,PATROL,0
46.643,0.0341,0.0340,PATROL,0
46.677,0.0338,0.0340,PATROL,0
46.711,0.0340,0.0340,PATROL,0
46.745,0.0341,0.0340,PATROL,0
46.779,0.0339,0.0340,PATROL,0
46.813,0.0340,0.0340,PATROL,0
46.847,0.0340,0.0340,PATROL,0
46.881,0.0341,0.0340,PATROL,0
46.915,0.0340,0.0340,PATROL,0
46.949,0.0340,0.0340,PATROL,0
46.983,0.0341,0.0340,PATROL,0
47.017,0.0340,0.0340,PATROL,0
47.052,0.0342,0.0340,PATROL,0
47.085,0.0339,0.0340,PATROL,0
47.120,0.0342,0.0340,PATROL,0
47.153,0.0338,0.0340,PATROL,0
47.187,0.0339,0.0340,PATROL,0
47.221,0.0340,0.0340,PATROL,0
47.255,0.0340,0.0340,PATROL,0
47.290,0.0341,0.0340,PATROL,0
47.323,0.0340,0.0340,PATROL,0
47.357,0.0339,0.0340,PATROL,0
47.391,0.0340,0.0340,PATROL,0
47.426,0.0341,0.0340,PATROL,0
47.459,0.0339,0.0340,PATROL,0
47.494,0.0341,0.0340,PATROL,0
47.528,0.0341,0.0340,PATROL,0
47.562,0.0340,0.0340,PATROL,0
47.596,0.0341,0.0340,PATROL,0
47.630,0.0339,0.0340,PATROL,0
47.664,0.0338,0.0340,PATROL,0
47.698,0.0341,0.0340,PATROL,0
47.732,0.0338,0.0340,PATROL,0
47.766,0.0342,0.0340,PATROL,0
47.800,0.0340,0.0340,PATROL,0
47.834,0.0341,0.0340,PATROL,0
47.868,0.0340,0.0340,PATROL,0
47.902,0.0339,0.0340,PATROL,0
47.936,0.0341,0.0340,PATROL,0
47.970,0.0339,0.0340,PATROL,0
48.004,0.0342,0.0340,PATROL,0
48.038,0.0339,0.0340,PATROL,0
48.072,0.0341,0.0340,PATROL,0
48.106,0.0339,0.0340,PATROL,0
48.140,0.0341,0.0340,PATROL,0
48.174,0.0338,0.0340,PATROL,0
48.208,0.0342,0.0340,PATROL,0
48.242,0.0339,0.0340,PATROL,0
48.276,0.0340,0.0340,PATROL,0
48.310,0.0344,0.0340,PATROL,0
48.344,0.0337,0.0340,PATROL,0
48.378,0.0341,0.0340,PATROL,0
48.412,0.0340,0.0340,PATROL,0
48.446,0.0342,0.0340,PATROL,0
48.480,0.0342,0.0340,PATROL,0
48.514,0.0338,0.0340,PATROL,0
48.548,0.0339,0.0340,PATROL,0
48.582,0.0340,0.0340,PATROL,0
48.616,0.0340,0.0340,PATROL,0
48.650,0.0341,0.0340,PATROL,0
48.684,0.0340,0.0340,PATROL,0
48.718,0.0339,0.0340,PATROL,0
48.752,0.0339,0.0340,PATROL,0
48.786,0.0342,0.0340,PATROL,0
48.820,0.0339,0.0340,PATROL,0
48.854,0.0340,0.0340,PATROL,0
48.888,0.0341,0.0340,PATROL,0
48.922,0.0341,0.0340,PATROL,0
48.956,0.0340,0.0340,PATROL,0
48.990,0.0339,0.0340,PATROL,0
49.024,0.0341,0.0340,PATROL,0
49.058,0.0341,0.0340,PATROL,0
49.092,0.0340,0.0340,PATROL,0
49.127,0.0342,0.0340,PATROL,0
49.160,0.0338,0.0340,PATROL,0
49.195,0.0341,0.0340,PATROL,0
49.229,0.0342,0.0340,PATROL,0
49.263,0.0338,0.0340,PATROL,0
49.297,0.0340,0.0340,PATROL,0
49.331,0.0341,0.0340,PATROL,0
49.365,0.0339,0.0340,PATROL,0
49.399,0.0339,0.0340,PATROL,0
49.433,0.0340,0.0340,PATROL,0
49.467,0.0341,0.0340,PATROL,0
49.501,0.0341,0.0340,PATROL,0
49.535,0.0339,0.0340,PATROL,0
49.569,0.0340,0.0340,PATROL,0
49.603,0.0342,0.0340,PATROL,0
49.637,0.0340,0.0340,PATROL,0
49.671,0.0340,0.0340,PATROL,0
49.705,0.0339,0.0340,PATROL,0
49.739,0.0342,0.0340,PATROL,0
49.773,0.0341,0.0340,PATROL,0
49.807,0.0339,0.0340,PATROL,0
49.841,0.0341,0.0340,PATROL,0
49.875,0.0339,0.0340,PATROL,0
49.909,0.0342,0.0340,PATROL,0
49.943,0.0340,0.0340,PATROL,0
49.977,0.0341,0.0340,PATROL,0
50.011,0.0339,0.0340,PATROL,0
50.045,0.0341,0.0340,PATROL,0
50.079,0.0340,0.0340,PATROL,0
50.113,0.0339,0.0340,PATROL,0
50.147,0.0342,0.0340,PATROL,0
50.181,0.0341,0.0340,PATROL,0
50.215,0.0339,0.0340,PATROL,0
50.249,0.0343,0.0340,PATROL,0
50.283,0.0339,0.0340,PATROL,0
50.317,0.0341,0.0340,PATROL,0
50.351,0.0339,0.0340,PATROL,0
50.385,0.0339,0.0340,PATROL,0
50.419,0.0339,0.0340,PATROL,0
50.453,0.0341,0.0340,PATROL,0
50.487,0.0339,0.0340,PATROL,0
50.521,0.0341,0.0340,PATROL,0
50.555,0.0340,0.0340,PATROL,0
50.589,0.0339,0.0340,PATROL,0
50.623,0.0341,0.0340,PATROL,0
50.657,0.0339,0.0340,PATROL,0
50.691,0.0340,0.0340,PATROL,0
50.725,0.0340,0.0340,PATROL,0
50.759,0.0341,0.0340,PATROL,0
50.793,0.0340,0.0340,PATROL,0
50.828,0.0341,0.0340,PATROL,0
50.862,0.0341,0.0340,PATROL,0
50.896,0.0340,0.0340,PATROL,0
50.929,0.0338,0.0340,PATROL,0
50.964,0.0341,0.0340,PATROL,0
50.997,0.0339,0.0340,PATROL,0
51.032,0.0342,0.0340,PATROL,0
51.065,0.0339,0.0340,PATROL,0
51.100,0.0342,0.0340,PATROL,0
51.134,0.0339,0.0340,PATROL,0
51.168,0.0341,0.0340,PATROL,0
51.202,0.0344,0.0340,PATROL,0
51.236,0.0336,0.0340,PATROL,0
51.270,0.0341,0.0340,PATROL,0
51.304,0.0343,0.0340,PATROL,0
51.338,0.0339,0.0340,PATROL,0
51.372,0.0340,0.0340,PATROL,0
51.406,0.0340,0.0340,PATROL,0
51.440,0.0339,0.0340,PATROL,0
51.474,0.0346,0.0340,PATROL,0
51.508,0.0334,0.0340,PATROL,0
51.542,0.0341,0.0340,PATROL,0
51.576,0.0340,0.0340,PATROL,0
51.610,0.0341,0.0340,PATROL,0
51.644,0.0340,0.0340,PATROL,0
51.678,0.0339,0.0340,PATROL,0
51.712,0.0341,0.0340,PATROL,0
51.746,0.0341,0.0340,PATROL,0
51.780,0.0339,0.0340,PATROL,0
51.814,0.0344,0.0340,PATROL,0
51.848,0.0341,0.0340,PATROL,0
51.882,0.0336,0.0340,PATROL,0
51.916,0.0339,0.0340,PATROL,0
51.950,0.0342,0.0340,PATROL,0
51.984,0.0338,0.0340,PATROL,0
52.018,0.0341,0.0340,PATROL,0
52.052,0.0342,0.0340,PATROL,0
52.086,0.0339,0.0340,PATROL,0
52.120,0.0340,0.0340,PATROL,0
52.154,0.0339,0.0340,PATROL,0
52.188,0.0342,0.0340,PATROL,0
52.222,0.0338,0.0340,PATROL,0
52.256,0.0341,0.0340,PATROL,0
52.290,0.0342,0.0340,PATROL,0
52.324,0.0338,0.0340,PATROL,0
52.358,0.0341,0.0340,PATROL,0
52.392,0.0340,0.0340,PATROL,0
52.426,0.0339,0.0340,PATROL,0
52.460,0.0342,0.0340,PATROL,0
52.494,0.0338,0.0340,PATROL,0
52.528,0.0342,0.0340,PATROL,0
52.562,0.0340,0.0340,PATROL,0
52.596,0.0341,0.0340,PATROL,0
52.630,0.0337,0.0340,PATROL,0
52.664,0.0340,0.0340,PATROL,0
52.698,0.0340,0.0340,PATROL,0
52.732,0.0342,0.0340,PATROL,0
52.766,0.0340,0.0340,PATROL,0
52.800,0.0340,0.0340,PATROL,0
52.834,0.0341,0.0340,PATROL,0
52.869,0.0340,0.0340,PATROL,0
52.902,0.0339,0.0340,PATROL,0
52.936,0.0339,0.0340,PATROL,0
52.970,0.0340,0.0340,PATROL,0
53.004,0.0341,0.0340,PATROL,0
53.039,0.0340,0.0340,PATROL,0
53.073,0.0340,0.0340,PATROL,0
53.107,0.0341,0.0340,PATROL,0
53.140,0.0339,0.0340,PATROL,0
53.175,0.0342,0.0340,PATROL,0
53.208,0.0338,0.0340,PATROL,0
53.242,0.0340,0.0340,PATROL,0
53.277,0.0342,0.0340,PATROL,0
53.311,0.0339,0.0340,PATROL,0
53.345,0.0341,0.0340,PATROL,0
53.379,0.0339,0.0340,PATROL,0
53.413,0.0342,0.0340,PATROL,0
53.447,0.0339,0.0340,PATROL,0
53.481,0.0344,0.0340,PATROL,0
53.515,0.0338,0.0340,PATROL,0
53.549,0.0344,0.0340,PATROL,0
53.583,0.0337,0.0340,PATROL,0
53.617,0.0338,0.0340,PATROL,0
53.651,0.0341,0.0340,PATROL,0
53.685,0.0339,0.0340,PATROL,0
53.719,0.0340,0.0340,PATROL,0
53.753,0.0342,0.0340,ALIGN,0
53.787,0.0339,0.0340,ALIGN,0
53.821,0.0341,0.0340,ALIGN,0
53.855,0.0339,0.0340,ALIGN,0
53.889,0.0341,0.0340,ALIGN,0
53.923,0.0340,0.0340,ALIGN,0
53.957,0.0340,0.0340,ALIGN,0
53.992,0.0346,0.0340,ALIGN,0
54.025,0.0337,0.0340,ALIGN,0
54.059,0.0342,0.0340,ALIGN,0
54.093,0.0339,0.0340,ALIGN,0
54.127,0.0339,0.0340,ALIGN,0
54.161,0.0340,0.0340,ALIGN,0
54.195,0.0339,0.0340,ALIGN,0
54.229,0.0340,0.0340,ALIGN,0
54.263,0.0342,0.0340,ALIGN,0
54.297,0.0338,0.0340,ALIGN,0
54.331,0.0340,0.0340,ALIGN,0
54.365,0.0341,0.0340,ALIGN,0
54.399,0.0340,0.0340,ALIGN,0
54.433,0.0341,0.0340,ALIGN,0
54.467,0.0339,0.0340,ALIGN,0
54.502,0.0343,0.0340,ALIGN,0
54.535,0.0338,0.0340,ALIGN,0
54.569,0.0339,0.0340,ALIGN,0
54.603,0.0341,0.0340,ALIGN,0
54.637,0.0340,0.0340,ALIGN,0
54.671,0.0339,0.0340,ALIGN,0
54.705,0.0341,0.0340,ALIGN,0
54.739,0.0341,0.0340,ALIGN,0
54.773,0.0340,0.0340,ALIGN,0
54.807,0.0340,0.0340,ALIGN,0
54.841,0.0341,0.0340,ALIGN,0
54.876,0.0344,0.0340,ALIGN,0
54.910,0.0338,0.0340,ALIGN,0
54.943,0.0337,0.0340,ALIGN,0
54.977,0.0340,0.0340,ALIGN,0
55.012,0.0342,0.0340,ALIGN,0
55.045,0.0339,0.0340,ALIGN,0
55.080,0.0343,0.0340,ALIGN,0
55.114,0.0339,0.0340,ALIGN,0
55.148,0.0340,0.0340,ALIGN,0
55.182,0.0341,0.0340,ALIGN,0
55.216,0.0339,0.0340,ALIGN,0
55.250,0.0341,0.0340,ALIGN,0
55.284,0.0341,0.0340,ALIGN,0
55.318,0.0339,0.0340,APPROACH,0
55.352,0.0340,0.0340,APPROACH,0
55.386,0.0339,0.0340,APPROACH,0
55.420,0.0347,0.0340,APPROACH,0
55.454,0.0337,0.0340,APPROACH,0
55.488,0.0336,0.0340,APPROACH,0
55.522,0.0341,0.0340,APPROACH,0
55.556,0.0341,0.0340,APPROACH,0
55.590,0.0340,0.0340,APPROACH,0
55.624,0.0340,0.0340,APPROACH,0
55.658,0.0340,0.0340,APPROACH,0
55.692,0.0344,0.0340,APPROACH,0
55.726,0.0338,0.0340,APPROACH,0
55.760,0.0340,0.0340,APPROACH,0
55.794,0.0341,0.0340,APPROACH,0
55.828,0.0339,0.0340,APPROACH,0
55.862,0.0341,0.0340,APPROACH,0
55.896,0.0339,0.0340,APPROACH,0
55.930,0.0345,0.0340,APPROACH,0
55.964,0.0341,0.0340,APPROACH,0
55.998,0.0339,0.0340,APPROACH,0
56.032,0.0338,0.0340,APPROACH,0
56.066,0.0339,0.0340,APPROACH,0
56.100,0.0341,0.0340,APPROACH,0
56.134,0.0340,0.0340,APPROACH,0
56.168,0.0340,0.0340,APPROACH,0
56.202,0.0339,0.0340,APPROACH,0
56.236,0.0340,0.0340,APPROACH,0
56.270,0.0340,0.0340,APPROACH,0
56.304,0.0341,0.0340,APPROACH,0
56.339,0.0345,0.0340,APPROACH,0
56.372,0.0335,0.0340,APPROACH,0
56.407,0.0343,0.0340,APPROACH,0
56.440,0.0336,0.0340,APPROACH,0
56.474,0.0339,0.0340,APPROACH,0
56.508,0.0342,0.0340,APPROACH,0
56.542,0.0339,0.0340,APPROACH,0
56.576,0.0342,0.0340,APPROACH,0
56.610,0.0339,0.0340,APPROACH,0
56.644,0.0339,0.0340,APPROACH,0
56.678,0.0342,0.0340,APPROACH,0
56.712,0.0338,0.0340,APPROACH,0
56.746,0.0340,0.0340,APPROACH,0
56.780,0.0344,0.0340,APPROACH,0
56.814,0.0337,0.0340,APPROACH,0
56.848,0.0340,0.0340,APPROACH,0
56.882,0.0339,0.0340,APPROACH,0
56.916,0.0341,0.0340,APPROACH,0
56.950,0.0340,0.0340,APPROACH,0
56.984,0.0342,0.0340,APPROACH,0
57.019,0.0342,0.0340,APPROACH,0
57.053,0.0341,0.0340,APPROACH,0
57.087,0.0340,0.0340,APPROACH,0
57.121,0.0340,0.0340,APPROACH,0
57.155,0.0342,0.0340,APPROACH,0
57.189,0.0339,0.0340,APPROACH,0
57.223,0.0339,0.0340,APPROACH,0
57.257,0.0340,0.0340,APPROACH,0
57.291,0.0340,0.0340,APPROACH,0
57.325,0.0341,0.0340,APPROACH,0
57.359,0.0341,0.0340,APPROACH,0
57.393,0.0341,0.0340,APPROACH,0
57.427,0.0337,0.0340,APPROACH,0
57.461,0.0342,0.0340,APPROACH,0
57.495,0.0339,0.0340,APPROACH,0
57.529,0.0340,0.0340,APPROACH,0
57.563,0.0340,0.0340,APPROACH,0
57.597,0.0341,0.0340,APPROACH,0
57.631,0.0340,0.0340,APPROACH,0
57.665,0.0341,0.0340,APPROACH,0
57.699,0.0338,0.0340,APPROACH,0
57.733,0.0342,0.0340,APPROACH,0
57.767,0.0340,0.0340,APPROACH,0
57.801,0.0339,0.0340,APPROACH,0
57.835,0.0342,0.0340,APPROACH,0
57.869,0.0339,0.0340,APPROACH,0
57.903,0.0341,0.0340,APPROACH,0
57.937,0.0340,0.0340,APPROACH,0
57.971,0.0342,0.0340,APPROACH,0
58.005,0.0338,0.0340,APPROACH,0
58.039,0.0342,0.0340,APPROACH,0
58.073,0.0339,0.0340,APPROACH,0
58.107,0.0341,0.0340,APPROACH,0
58.141,0.0340,0.0340,APPROACH,0
58.175,0.0339,0.0340,APPROACH,0
58.209,0.0341,0.0340,APPROACH,0
58.243,0.0340,0.0340,APPROACH,0
58.277,0.0341,0.0340,APPROACH,0
58.311,0.0340,0.0340,APPROACH,0
58.345,0.0340,0.0340,APPROACH,0
58.379,0.0338,0.0340,APPROACH,0
58.413,0.0340,0.0340,APPROACH,0
58.447,0.0340,0.0340,APPROACH,0
58.481,0.0340,0.0340,APPROACH,0
58.515,0.0340,0.0340,APPROACH,0
58.549,0.0340,0.0340,APPROACH,0
58.584,0.0342,0.0340,APPROACH,0
58.617,0.0339,0.0340,APPROACH,0
58.651,0.0341,0.0340,APPROACH,0
58.686,0.0343,0.0340,APPROACH,0
58.719,0.0337,0.0340,APPROACH,0
58.754,0.0341,0.0340,APPROACH,0
58.788,0.0341,0.0340,APPROACH,0
58.822,0.0339,0.0340,APPROACH,0
58.856,0.0340,0.0340,APPROACH,0
58.889,0.0340,0.0340,APPROACH,0
58.924,0.0342,0.0340,APPROACH,0
58.958,0.0338,0.0340,APPROACH,0
58.992,0.0344,0.0340,APPROACH,0
59.026,0.0338,0.0340,APPROACH,0
59.060,0.0341,0.0340,APPROACH,0
59.094,0.0339,0.0340,APPROACH,0
59.128,0.0339,0.0340,APPROACH,0
59.162,0.0340,0.0340,APPROACH,0
59.196,0.0342,0.0340,APPROACH,0
59.230,0.0338,0.0340,APPROACH,0
59.264,0.0341,0.0340,APPROACH,0
59.298,0.0341,0.0340,APPROACH,0
59.332,0.0339,0.0340,APPROACH,0
59.366,0.0341,0.0340,APPROACH,0
59.400,0.0341,0.0340,APPROACH,0
59.434,0.0339,0.0340,APPROACH,0
59.468,0.0341,0.0340,APPROACH,0
59.502,0.0339,0.0340,APPROACH,0
59.536,0.0339,0.0340,APPROACH,0
59.570,0.0342,0.0340,APPROACH,0
59.604,0.0339,0.0340,APPROACH,0
59.638,0.0342,0.0340,APPROACH,0
59.672,0.0339,0.0340,APPROACH,0
59.706,0.0342,0.0340,APPROACH,0
59.740,0.0338,0.0340,APPROACH,0
59.774,0.0340,0.0340,APPROACH,0
59.808,0.0340,0.0340,APPROACH,0
59.842,0.0341,0.0340,APPROACH,0
59.876,0.0341,0.0340,APPROACH,0
59.910,0.0340,0.0340,APPROACH,0
59.944,0.0339,0.0340,APPROACH,0
59.978,0.0344,0.0340,APPROACH,0
60.012,0.0340,0.0340,APPROACH,0
60.046,0.0339,0.0340,APPROACH,0
60.080,0.0340,0.0340,APPROACH,0
60.114,0.0340,0.0340,APPROACH,0
60.148,0.0339,0.0340,APPROACH,0
60.182,0.0340,0.0340,APPROACH,0
60.216,0.0340,0.0340,APPROACH,0
60.250,0.0340,0.0340,APPROACH,0
60.284,0.0342,0.0340,APPROACH,0
60.318,0.0340,0.0340,APPROACH,0
60.352,0.0339,0.0340,APPROACH,0
60.386,0.0340,0.0340,APPROACH,0
60.420,0.0340,0.0340,APPROACH,0
60.454,0.0342,0.0340,APPROACH,0
60.488,0.0338,0.0340,APPROACH,0
60.522,0.0341,0.0340,APPROACH,0
60.557,0.0342,0.0340,APPROACH,0
60.591,0.0342,0.0340,APPROACH,0
60.625,0.0338,0.0340,APPROACH,0
60.659,0.0340,0.0340,APPROACH,0
60.692,0.0339,0.0340,APPROACH,0
60.727,0.0340,0.0340,APPROACH,0
60.760,0.0340,0.0340,APPROACH,0
60.795,0.0341,0.0340,APPROACH,0
60.829,0.0340,0.0340,APPROACH,0
60.863,0.0340,0.0340,APPROACH,0
60.897,0.0340,0.0340,APPROACH,0
60.931,0.0341,0.0340,APPROACH,0
60.965,0.0341,0.0340,APPROACH,0
60.999,0.0340,0.0340,APPROACH,0
61.033,0.0340,0.0340,APPROACH,0
61.067,0.0340,0.0340,APPROACH,0
61.101,0.0344,0.0340,APPROACH,0
61.135,0.0340,0.0340,APPROACH,0
61.169,0.0336,0.0340,APPROACH,0
61.203,0.0341,0.0340,APPROACH,0
61.237,0.0339,0.0340,APPROACH,0
61.271,0.0340,0.0340,APPROACH,0
61.305,0.0339,0.0340,APPROACH,0
61.339,0.0340,0.0340,APPROACH,0
61.373,0.0341,0.0340,APPROACH,0
61.407,0.0339,0.0340,APPROACH,0
61.441,0.0340,0.0340,APPROACH,0
61.475,0.0340,0.0340,APPROACH,0
61.509,0.0340,0.0340,APPROACH,0
61.543,0.0344,0.0340,APPROACH,0
61.577,0.0340,0.0340,APPROACH,0
61.611,0.0340,0.0340,APPROACH,0
61.645,0.0340,0.0340,APPROACH,0
61.679,0.0339,0.0340,APPROACH,0
61.713,0.0340,0.0340,APPROACH,0
61.747,0.0342,0.0340,APPROACH,0
61.781,0.0338,0.0340,APPROACH,0
61.815,0.0342,0.0340,APPROACH,0
61.849,0.0340,0.0340,APPROACH,0
61.883,0.0339,0.0340,APPROACH,0
61.917,0.0341,0.0340,APPROACH,0
61.951,0.0340,0.0340,APPROACH,0
61.985,0.0341,0.0340,APPROACH,0
62.019,0.0339,0.0340,APPROACH,0
62.053,0.0341,0.0340,APPROACH,0
62.087,0.0339,0.0340,APPROACH,0
62.122,0.0344,0.0340,APPROACH,0
62.155,0.0337,0.0340,APPROACH,0
62.189,0.0340,0.0340,APPROACH,0
62.223,0.0341,0.0340,APPROACH,0
62.258,0.0342,0.0340,APPROACH,0
62.291,0.0338,0.0340,APPROACH,0
62.326,0.0342,0.0340,APPROACH,0
62.359,0.0338,0.0340,APPROACH,0
62.394,0.0341,0.0340,APPROACH,0
62.428,0.0341,0.0340,APPROACH,0
62.462,0.0339,0.0340,APPROACH,0
62.495,0.0339,0.0340,APPROACH,0
62.529,0.0340,0.0340,APPROACH,0
62.564,0.0341,0.0340,APPROACH,0
62.598,0.0340,0.0340,APPROACH,0
62.632,0.0340,0.0340,APPROACH,0
62.666,0.0340,0.0340,APPROACH,0
62.700,0.0340,0.0340,APPROACH,0
62.734,0.0340,0.0340,APPROACH,0
62.768,0.0340,0.0340,APPROACH,0
62.802,0.0342,0.0340,APPROACH,0
62.835,0.0336,0.0340,APPROACH,0
62.870,0.0343,0.0340,APPROACH,0
62.904,0.0339,0.0340,APPROACH,0
62.938,0.0341,0.0340,APPROACH,0
62.972,0.0340,0.0340,APPROACH,0
63.006,0.0340,0.0340,APPROACH,0
63.040,0.0338,0.0340,APPROACH,0
63.074,0.0340,0.0340,APPROACH,0
63.108,0.0341,0.0340,APPROACH,0
63.142,0.0340,0.0340,APPROACH,0
63.176,0.0339,0.0340,APPROACH,0
63.210,0.0340,0.0340,APPROACH,0
63.244,0.0342,0.0340,APPROACH,0
63.278,0.0337,0.0340,APPROACH,0
63.312,0.0340,0.0340,APPROACH,0
63.346,0.0342,0.0340,APPROACH,0
63.380,0.0340,0.0340,APPROACH,0
63.414,0.0340,0.0340,APPROACH,0
63.448,0.0342,0.0340,APPROACH,0
63.482,0.0338,0.0340,APPROACH,0
63.516,0.0341,0.0340,APPROACH,0
63.550,0.0341,0.0340,APPROACH,0
63.584,0.0340,0.0340,APPROACH,0
63.618,0.0340,0.0340,APPROACH,0
63.652,0.0341,0.0340,APPROACH,0
63.686,0.0341,0.0340,APPROACH,0
63.720,0.0340,0.0340,APPROACH,0
63.754,0.0340,0.0340,APPROACH,0
63.788,0.0342,0.0340,APPROACH,0
63.822,0.0338,0.0340,APPROACH,0
63.856,0.0340,0.0340,APPROACH,0
63.890,0.0343,0.0340,APPROACH,0
63.924,0.0339,0.0340,APPROACH,0
63.958,0.0339,0.0340,APPROACH,0
63.992,0.0340,0.0340,APPROACH,0
64.026,0.0340,0.0340,APPROACH,0
64.060,0.0340,0.0340,APPROACH,0
64.094,0.0340,0.0340,APPROACH,0
64.128,0.0341,0.0340,APPROACH,0
64.162,0.0339,0.0340,APPROACH,0
64.196,0.0341,0.0340,APPROACH,0
64.230,0.0339,0.0340,APPROACH,0
64.264,0.0340,0.0340,APPROACH,0
64.298,0.0341,0.0340,APPROACH,0
64.332,0.0340,0.0340,APPROACH,0
64.366,0.0339,0.0340,APPROACH,0
64.400,0.0340,0.0340,APPROACH,0
64.434,0.0339,0.0340,APPROACH,0
64.468,0.0342,0.0340,APPROACH,0
64.502,0.0340,0.0340,APPROACH,0
64.536,0.0340,0.0340,APPROACH,0
64.570,0.0339,0.0340,APPROACH,0
64.605,0.0342,0.0340,APPROACH,0
64.639,0.0340,0.0340,APPROACH,0
64.673,0.0340,0.0340,APPROACH,0
64.707,0.0342,0.0340,APPROACH,0
64.741,0.0338,0.0340,APPROACH,0
64.774,0.0339,0.0340,APPROACH,0
64.809,0.0341,0.0340,APPROACH,0
64.843,0.0342,0.0340,APPROACH,0
64.877,0.0338,0.0340,APPROACH,0
64.911,0.0341,0.0340,APPROACH,0
64.945,0.0343,0.0340,APPROACH,0
64.979,0.0339,0.0340,APPROACH,0
65.013,0.0340,0.0340,APPROACH,0
65.047,0.0341,0.0340,APPROACH,0
65.081,0.0340,0.0340,APPROACH,0
65.115,0.0338,0.0340,APPROACH,0
65.149,0.0343,0.0340,APPROACH,0
65.183,0.0337,0.0340,APPROACH,0
65.217,0.0340,0.0340,APPROACH,0
65.251,0.0342,0.0340,APPROACH,0
65.285,0.0340,0.0340,APPROACH,0
65.319,0.0340,0.0340,APPROACH,0
65.353,0.0339,0.0340,APPROACH,0
65.387,0.0340,0.0340,APPROACH,0
65.421,0.0341,0.0340,APPROACH,0
65.455,0.0340,0.0340,APPROACH,0
65.489,0.0341,0.0340,APPROACH,0
65.523,0.0341,0.0340,APPROACH,0
65.557,0.0340,0.0340,APPROACH,0
65.591,0.0340,0.0340,APPROACH,0
65.625,0.0340,0.0340,APPROACH,0
65.659,0.0339,0.0340,APPROACH,0
65.693,0.0344,0.0340,APPROACH,0
65.727,0.0339,0.0340,APPROACH,0
65.761,0.0339,0.0340,APPROACH,0
65.795,0.0340,0.0340,APPROACH,0
65.829,0.0340,0.0340,APPROACH,0
65.863,0.0343,0.0340,APPROACH,0
65.897,0.0338,0.0340,APPROACH,0
65.931,0.0340,0.0340,APPROACH,0
65.965,0.0339,0.0340,APPROACH,0
65.999,0.0341,0.0340,APPROACH,0
66.033,0.0340,0.0340,APPROACH,0
66.067,0.0339,0.0340,APPROACH,0
66.101,0.0340,0.0340,APPROACH,0
66.135,0.0340,0.0340,APPROACH,0
66.169,0.0342,0.0340,APPROACH,0
66.203,0.0339,0.0340,APPROACH,0
66.238,0.0342,0.0340,APPROACH,0
66.271,0.0338,0.0340,APPROACH,0
66.305,0.0341,0.0340,APPROACH,0
66.339,0.0341,0.0340,APPROACH,0
66.373,0.0339,0.0340,APPROACH,0
66.408,0.0342,0.0340,APPROACH,0
66.441,0.0340,0.0340,APPROACH,0
66.475,0.0339,0.0340,APPROACH,0
66.510,0.0341,0.0340,APPROACH,0
66.544,0.0342,0.0340,APPROACH,0
66.577,0.0336,0.0340,APPROACH,0
66.611,0.0340,0.0340,APPROACH,0
66.646,0.0342,0.0340,APPROACH,0
66.680,0.0340,0.0340,APPROACH,0
66.714,0.0339,0.0340,APPROACH,0
66.748,0.0345,0.0340,APPROACH,0
66.782,0.0341,0.0340,APPROACH,0
66.816,0.0336,0.0340,APPROACH,0
66.850,0.0340,0.0340,APPROACH,0
66.884,0.0340,0.0340,APPROACH,0
66.918,0.0341,0.0340,APPROACH,0
66.952,0.0340,0.0340,APPROACH,0
66.986,0.0340,0.0340,APPROACH,0
67.020,0.0342,0.0340,APPROACH,0
67.054,0.0337,0.0340,APPROACH,0
67.088,0.0340,0.0340,APPROACH,0
67.122,0.0341,0.0340,APPROACH,0
67.156,0.0340,0.0340,APPROACH,0
67.190,0.0340,0.0340,APPROACH,0
67.224,0.0341,0.0340,PATROL,0
67.258,0.0341,0.0340,ALIGN,0
67.292,0.0339,0.0340,ALIGN,0
67.326,0.0340,0.0340,ALIGN,0
67.360,0.0339,0.0340,ALIGN,0
67.394,0.0341,0.0340,ALIGN,0
67.428,0.0339,0.0340,ALIGN,0
67.462,0.0344,0.0340,ALIGN,0
67.496,0.0340,0.0340,ALIGN,0
67.530,0.0337,0.0340,ALIGN,0
67.564,0.0341,0.0340,ALIGN,0
67.598,0.0339,0.0340,ALIGN,0
67.632,0.0339,0.0340,ALIGN,0
67.666,0.0343,0.0340,ALIGN,0
67.700,0.0339,0.0340,ALIGN,0
67.734,0.0340,0.0340,ALIGN,0
67.768,0.0340,0.0340,ALIGN,0
67.803,0.0344,0.0340,ALIGN,0
67.836,0.0339,0.0340,ALIGN,0
67.870,0.0340,0.0340,ALIGN,0
67.904,0.0339,0.0340,ALIGN,0
67.938,0.0340,0.0340,ALIGN,0
67.972,0.0341,0.0340,ALIGN,0
68.007,0.0345,0.0340,APPROACH,0
68.040,0.0336,0.0340,APPROACH,0
68.074,0.0339,0.0340,APPROACH,0
68.108,0.0341,0.0340,APPROACH,0
68.142,0.0340,0.0340,APPROACH,0
68.176,0.0340,0.0340,APPROACH,0
68.210,0.0341,0.0340,APPROACH,0
68.244,0.0340,0.0340,APPROACH,0
68.278,0.0340,0.0340,APPROACH,0
68.313,0.0340,0.0340,APPROACH,0
68.346,0.0340,0.0340,APPROACH,0
68.380,0.0340,0.0340,APPROACH,0
68.415,0.0341,0.0340,APPROACH,0
68.449,0.0341,0.0340,APPROACH,0
68.483,0.0342,0.0340,APPROACH,0
68.517,0.0338,0.0340,APPROACH,0
68.551,0.0341,0.0340,APPROACH,0
68.585,0.0340,0.0340,APPROACH,0
68.619,0.0340,0.0340,APPROACH,0
68.653,0.0340,0.0340,APPROACH,0
68.687,0.0339,0.0340,APPROACH,0
68.721,0.0339,0.0340,APPROACH,0
68.755,0.0345,0.0340,APPROACH,0
68.789,0.0337,0.0340,APPROACH,0
68.823,0.0340,0.0340,APPROACH,0
68.857,0.0340,0.0340,APPROACH,0
68.891,0.0340,0.0340,APPROACH,0
68.925,0.0339,0.0340,APPROACH,0
68.959,0.0340,0.0340,APPROACH,0
68.993,0.0340,0.0340,APPROACH,0
69.027,0.0341,0.0340,APPROACH,0
69.061,0.0342,0.0340,APPROACH,0
69.095,0.0339,0.0340,APPROACH,0
69.129,0.0339,0.0340,APPROACH,0
69.163,0.0342,0.0340,APPROACH,0
69.197,0.0339,0.0340,APPROACH,0
69.231,0.0340,0.0340,APPROACH,0
69.265,0.0342,0.0340,APPROACH,0
69.299,0.0339,0.0340,APPROACH,0
69.333,0.0343,0.0340,APPROACH,0
69.367,0.0339,0.0340,APPROACH,0
69.401,0.0339,0.0340,APPROACH,0
69.435,0.0340,0.0340,APPROACH,0
69.469,0.0342,0.0340,APPROACH,0
69.503,0.0339,0.0340,APPROACH,0
69.537,0.0341,0.0340,APPROACH,0
69.571,0.0339,0.0340,APPROACH,0
69.605,0.0340,0.0340,APPROACH,0
69.639,0.0341,0.0340,APPROACH,0
69.673,0.0341,0.0340,APPROACH,0
69.707,0.0340,0.0340,APPROACH,0
69.741,0.0342,0.0340,APPROACH,0
69.775,0.0338,0.0340,APPROACH,0
69.809,0.0340,0.0340,APPROACH,0
69.843,0.0340,0.0340,APPROACH,0
69.877,0.0341,0.0340,APPROACH,0
69.911,0.0339,0.0340,APPROACH,0
69.945,0.0340,0.0340,APPROACH,0
69.980,0.0344,0.0340,APPROACH,0
70.013,0.0336,0.0340,APPROACH,0
70.047,0.0339,0.0340,APPROACH,0
70.081,0.0341,0.0340,APPROACH,0
70.115,0.0341,0.0340,APPROACH,0
70.149,0.0340,0.0340,APPROACH,0
70.184,0.0341,0.0340,APPROACH,0
70.217,0.0339,0.0340,APPROACH,0
70.251,0.0341,0.0340,APPROACH,0
70.285,0.0339,0.0340,APPROACH,0
70.319,0.0340,0.0340,APPROACH,0
70.353,0.0340,0.0340,APPROACH,0
70.388,0.0341,0.0340,APPROACH,0
70.422,0.0340,0.0340,APPROACH,0
70.456,0.0340,0.0340,APPROACH,0
70.490,0.0339,0.0340,APPROACH,0
70.524,0.0340,0.0340,APPROACH,0
70.558,0.0343,0.0340,APPROACH,0
70.592,0.0338,0.0340,APPROACH,0
70.626,0.0341,0.0340,APPROACH,0
70.660,0.0343,0.0340,APPROACH,0
70.694,0.0340,0.0340,APPROACH,0
70.728,0.0338,0.0340,APPROACH,0
70.762,0.0340,0.0340,APPROACH,0
70.796,0.0342,0.0340,APPROACH,0
70.830,0.0339,0.0340,APPROACH,0
70.864,0.0341,0.0340,APPROACH,0
70.898,0.0339,0.0340,APPROACH,0
70.932,0.0341,0.0340,APPROACH,0
70.966,0.0339,0.0340,APPROACH,0
71.000,0.0344,0.0340,APPROACH,0
71.034,0.0337,0.0340,APPROACH,0
71.068,0.0339,0.0340,APPROACH,0
71.102,0.0341,0.0340,APPROACH,0
71.136,0.0339,0.0340,BLIND_DASH,0
71.170,0.0343,0.0340,BLIND_DASH,0
71.204,0.0340,0.0340,BLIND_DASH,0
71.238,0.0340,0.0340,PATROL,0
71.272,0.0340,0.0340,PATROL,0
71.306,0.0343,0.0340,PATROL,0
71.340,0.0336,0.0340,PATROL,0
71.374,0.0341,0.0340,PATROL,0
71.408,0.0341,0.0340,PATROL,0
71.442,0.0341,0.0340,PATROL,0
71.476,0.0339,0.0340,PATROL,0
71.510,0.0341,0.0340,PATROL,0
71.544,0.0340,0.0340,PATROL,0
71.578,0.0339,0.0340,PATROL,0
71.612,0.0343,0.0340,PATROL,0
71.646,0.0340,0.0340,PATROL,0
71.680,0.0339,0.0340,PATROL,0
71.714,0.0341,0.0340,PATROL,0
71.748,0.0339,0.0340,PATROL,0
71.782,0.0342,0.0340,PATROL,0
71.816,0.0339,0.0340,PATROL,0
71.850,0.0340,0.0340,PATROL,0
71.885,0.0342,0.0340,PATROL,0
71.918,0.0338,0.0340,PATROL,0
71.952,0.0339,0.0340,PATROL,0
71.986,0.0340,0.0340,PATROL,0
72.021,0.0343,0.0340,PATROL,0
72.055,0.0339,0.0340,PATROL,0
72.088,0.0338,0.0340,PATROL,0
72.123,0.0342,0.0340,PATROL,0
72.157,0.0343,0.0340,PATROL,0
72.191,0.0337,0.0340,PATROL,0
72.225,0.0340,0.0340,PATROL,0
72.259,0.0339,0.0340,PATROL,0
72.293,0.0341,0.0340,PATROL,0
72.327,0.0339,0.0340,PATROL,0
72.361,0.0340,0.0340,PATROL,0
72.395,0.0344,0.0340,PATROL,0
72.429,0.0337,0.0340,PATROL,0
72.463,0.0341,0.0340,PATROL,0
72.497,0.0338,0.0340,PATROL,0
72.531,0.0340,0.0340,PATROL,0
72.565,0.0341,0.0340,PATROL,0
72.599,0.0340,0.0340,PATROL,0
72.633,0.0339,0.0340,PATROL,0
72.667,0.0344,0.0340,PATROL,0
72.701,0.0336,0.0340,PATROL,0
72.735,0.0339,0.0340,PATROL,0
72.769,0.0341,0.0340,PATROL,0
72.803,0.0342,0.0340,PATROL,0
72.837,0.0339,0.0340,PATROL,0
72.871,0.0341,0.0340,ALIGN,0
72.905,0.0341,0.0340,ALIGN,0
72.939,0.0342,0.0340,ALIGN,0
72.973,0.0339,0.0340,ALIGN,0
73.007,0.0340,0.0340,ALIGN,0
73.041,0.0340,0.0340,ALIGN,0
73.075,0.0338,0.0340,ALIGN,0
73.109,0.0342,0.0340,ALIGN,0
73.143,0.0340,0.0340,ALIGN,0
73.177,0.0338,0.0340,ALIGN,0
73.211,0.0341,0.0340,ALIGN,0
73.245,0.0342,0.0340,ALIGN,0
73.279,0.0339,0.0340,ALIGN,0
73.313,0.0339,0.0340,ALIGN,0
73.347,0.0340,0.0340,ALIGN,0
73.381,0.0341,0.0340,ALIGN,0
73.415,0.0339,0.0340,ALIGN,0
73.449,0.0343,0.0340,ALIGN,0
73.483,0.0339,0.0340,ALIGN,0
73.517,0.0340,0.0340,ALIGN,0
73.551,0.0340,0.0340,ALIGN,0
73.585,0.0340,0.0340,ALIGN,0
73.619,0.0340,0.0340,ALIGN,0
73.653,0.0341,0.0340,ALIGN,0
73.687,0.0341,0.0340,ALIGN,0
73.721,0.0342,0.0340,ALIGN,0
73.756,0.0341,0.0340,ALIGN,0
73.790,0.0340,0.0340,ALIGN,0
73.823,0.0338,0.0340,ALIGN,0
73.857,0.0341,0.0340,ALIGN,0
73.891,0.0338,0.0340,ALIGN,0
73.926,0.0342,0.0340,ALIGN,0
73.959,0.0339,0.0340,ALIGN,0
73.993,0.0340,0.0340,ALIGN,0
74.028,0.0341,0.0340,ALIGN,0
74.062,0.0344,0.0340,ALIGN,0
74.096,0.0336,0.0340,ALIGN,0
74.130,0.0340,0.0340,APPROACH,0
74.164,0.0342,0.0340,APPROACH,0
74.198,0.0340,0.0340,APPROACH,0
74.232,0.0338,0.0340,APPROACH,0
74.266,0.0339,0.0340,APPROACH,0
74.300,0.0339,0.0340,APPROACH,0
74.334,0.0342,0.0340,APPROACH,0
74.368,0.0339,0.0340,APPROACH,0
74.402,0.0343,0.0340,APPROACH,0
74.436,0.0337,0.0340,APPROACH,0
74.470,0.0342,0.0340,APPROACH,0
74.504,0.0340,0.0340,APPROACH,0
74.538,0.0341,0.0340,APPROACH,0
74.572,0.0340,0.0340,APPROACH,0
74.606,0.0340,0.0340,APPROACH,0
74.640,0.0339,0.0340,APPROACH,0
74.674,0.0340,0.0340,APPROACH,0
74.708,0.0340,0.0340,APPROACH,0
74.742,0.0340,0.0340,APPROACH,0
74.776,0.0341,0.0340,APPROACH,0
74.810,0.0340,0.0340,APPROACH,0
74.844,0.0340,0.0340,APPROACH,0
74.878,0.0340,0.0340,APPROACH,0
74.912,0.0340,0.0340,APPROACH,0
74.946,0.0339,0.0340,APPROACH,0
74.980,0.0341,0.0340,APPROACH,0
75.014,0.0341,0.0340,APPROACH,0
75.048,0.0340,0.0340,APPROACH,0
75.082,0.0339,0.0340,APPROACH,0
75.116,0.0341,0.0340,APPROACH,0
75.150,0.0340,0.0340,APPROACH,0
75.184,0.0340,0.0340,APPROACH,0
75.218,0.0341,0.0340,APPROACH,0
75.252,0.0340,0.0340,APPROACH,0
75.286,0.0341,0.0340,APPROACH,0
75.320,0.0338,0.0340,APPROACH,0
75.354,0.0341,0.0340,APPROACH,0
75.388,0.0340,0.0340,APPROACH,0
75.422,0.0341,0.0340,APPROACH,0
75.456,0.0340,0.0340,APPROACH,0
75.490,0.0340,0.0340,APPROACH,0
75.524,0.0342,0.0340,APPROACH,0
75.558,0.0339,0.0340,APPROACH,0
75.592,0.0342,0.0340,APPROACH,0
75.626,0.0340,0.0340,APPROACH,0
75.661,0.0343,0.0340,APPROACH,0
75.694,0.0336,0.0340,APPROACH,0
75.728,0.0340,0.0340,APPROACH,0
75.762,0.0340,0.0340,APPROACH,0
75.797,0.0342,0.0340,APPROACH,0
75.830,0.0340,0.0340,APPROACH,0
75.864,0.0340,0.0340,APPROACH,0
75.899,0.0341,0.0340,APPROACH,0
75.932,0.0339,0.0340,APPROACH,0
75.966,0.0340,0.0340,APPROACH,0
76.000,0.0340,0.0340,APPROACH,0
76.035,0.0342,0.0340,APPROACH,0
76.069,0.0340,0.0340,APPROACH,0
76.102,0.0339,0.0340,APPROACH,0
76.137,0.0341,0.0340,APPROACH,0
76.171,0.0340,0.0340,APPROACH,0
76.205,0.0342,0.0340,APPROACH,0
76.239,0.0342,0.0340,APPROACH,0
76.273,0.0338,0.0340,APPROACH,0
76.307,0.0341,0.0340,APPROACH,0
76.341,0.0339,0.0340,APPROACH,0
76.375,0.0341,0.0340,APPROACH,0
76.409,0.0340,0.0340,APPROACH,0
76.443,0.0340,0.0340,APPROACH,0
76.477,0.0341,0.0340,APPROACH,0
76.511,0.0340,0.0340,APPROACH,0
76.545,0.0340,0.0340,APPROACH,0
76.579,0.0339,0.0340,APPROACH,0
76.613,0.0340,0.0340,APPROACH,0
76.647,0.0342,0.0340,APPROACH,0
76.681,0.0339,0.0340,APPROACH,0
76.715,0.0341,0.0340,APPROACH,0
76.749,0.0342,0.0340,APPROACH,0
76.783,0.0337,0.0340,APPROACH,0
76.817,0.0341,0.0340,APPROACH,0
76.851,0.0341,0.0340,APPROACH,0
76.885,0.0340,0.0340,APPROACH,0
76.919,0.0339,0.0340,APPROACH,0
76.953,0.0341,0.0340,APPROACH,0
76.987,0.0339,0.0340,APPROACH,0
77.021,0.0341,0.0340,APPROACH,0
77.055,0.0339,0.0340,APPROACH,0
77.089,0.0340,0.0340,APPROACH,0
77.123,0.0340,0.0340,APPROACH,0
77.157,0.0340,0.0340,APPROACH,0
77.192,0.0345,0.0340,APPROACH,0
77.225,0.0337,0.0340,APPROACH,0
77.259,0.0340,0.0340,APPROACH,0
77.293,0.0340,0.0340,APPROACH,0
77.327,0.0340,0.0340,APPROACH,0
77.361,0.0340,0.0340,APPROACH,0
77.395,0.0340,0.0340,APPROACH,0
77.429,0.0340,0.0340,APPROACH,0
77.464,0.0343,0.0340,APPROACH,0
77.498,0.0339,0.0340,APPROACH,0
77.531,0.0339,0.0340,APPROACH,0
77.565,0.0340,0.0340,APPROACH,0
77.599,0.0339,0.0340,APPROACH,0
77.633,0.0341,0.0340,APPROACH,0
77.667,0.0339,0.0340,APPROACH,0
77.701,0.0341,0.0340,APPROACH,0
77.736,0.0342,0.0340,APPROACH,0
77.769,0.0339,0.0340,APPROACH,0
77.803,0.0340,0.0340,APPROACH,0
77.838,0.0342,0.0340,APPROACH,0
77.872,0.0340,0.0340,APPROACH,0
77.906,0.0341,0.0340,APPROACH,0
77.940,0.0338,0.0340,APPROACH,0
77.974,0.0340,0.0340,APPROACH,0
78.008,0.0341,0.0340,APPROACH,0
78.042,0.0340,0.0340,APPROACH,0
78.076,0.0340,0.0340,APPROACH,0
78.110,0.0341,0.0340,APPROACH,0
78.144,0.0339,0.0340,APPROACH,0
78.178,0.0341,0.0340,APPROACH,0
78.212,0.0340,0.0340,APPROACH,0
78.246,0.0340,0.0340,APPROACH,0
78.280,0.0340,0.0340,APPROACH,0
78.314,0.0343,0.0340,APPROACH,0
78.348,0.0338,0.0340,APPROACH,0
78.382,0.0340,0.0340,APPROACH,0
78.416,0.0339,0.0340,APPROACH,0
78.450,0.0342,0.0340,APPROACH,0
78.484,0.0339,0.0340,APPROACH,0
78.518,0.0341,0.0340,APPROACH,0
78.552,0.0343,0.0340,APPROACH,0
78.586,0.0338,0.0340,APPROACH,0
78.620,0.0341,0.0340,APPROACH,0
78.654,0.0338,0.0340,APPROACH,0
78.688,0.0342,0.0340,APPROACH,0
78.722,0.0338,0.0340,APPROACH,0
78.756,0.0342,0.0340,APPROACH,0
78.790,0.0340,0.0340,APPROACH,0
78.824,0.0339,0.0340,APPROACH,0
78.858,0.0341,0.0340,APPROACH,0
78.892,0.0343,0.0340,APPROACH,0
78.927,0.0342,0.0340,APPROACH,0
78.960,0.0336,0.0340,APPROACH,0
78.994,0.0340,0.0340,APPROACH,0
79.028,0.0340,0.0340,APPROACH,0
79.062,0.0340,0.0340,APPROACH,0
79.096,0.0339,0.0340,APPROACH,0
79.130,0.0340,0.0340,APPROACH,0
79.164,0.0340,0.0340,APPROACH,0
79.198,0.0340,0.0340,APPROACH,0
79.232,0.0340,0.0340,APPROACH,0
79.266,0.0342,0.0340,APPROACH,0
79.300,0.0342,0.0340,APPROACH,0
79.334,0.0340,0.0340,APPROACH,0
79.368,0.0340,0.0340,APPROACH,0
79.402,0.0339,0.0340,APPROACH,0
79.437,0.0342,0.0340,APPROACH,0
79.470,0.0337,0.0340,APPROACH,0
79.505,0.0343,0.0340,APPROACH,0
79.539,0.0340,0.0340,APPROACH,0
79.572,0.0339,0.0340,APPROACH,0
79.607,0.0342,0.0340,APPROACH,0
79.641,0.0339,0.0340,APPROACH,0
79.675,0.0342,0.0340,APPROACH,0
79.709,0.0339,0.0340,APPROACH,0
79.743,0.0340,0.0340,APPROACH,0
79.777,0.0340,0.0340,APPROACH,0
79.811,0.0339,0.0340,APPROACH,0
79.845,0.0340,0.0340,APPROACH,0
79.879,0.0339,0.0340,APPROACH,0
79.913,0.0341,0.0340,APPROACH,0
79.947,0.0342,0.0340,APPROACH,0
79.981,0.0341,0.0340,APPROACH,0
80.015,0.0338,0.0340,APPROACH,0
80.049,0.0339,0.0340,APPROACH,0
80.083,0.0341,0.0340,APPROACH,0
80.117,0.0340,0.0340,APPROACH,0
80.151,0.0342,0.0340,APPROACH,0
80.185,0.0338,0.0340,APPROACH,0
80.219,0.0341,0.0340,APPROACH,0
80.253,0.0340,0.0340,APPROACH,0
80.287,0.0342,0.0340,APPROACH,0
80.321,0.0338,0.0340,APPROACH,0
80.355,0.0340,0.0340,APPROACH,0
80.389,0.0341,0.0340,APPROACH,0
80.423,0.0339,0.0340,APPROACH,0
80.457,0.0340,0.0340,APPROACH,0
80.491,0.0339,0.0340,APPROACH,0
80.525,0.0343,0.0340,APPROACH,0
80.559,0.0339,0.0340,APPROACH,0
80.593,0.0338,0.0340,APPROACH,0
80.627,0.0341,0.0340,APPROACH,0
80.661,0.0340,0.0340,APPROACH,0
80.695,0.0343,0.0340,APPROACH,0
80.729,0.0339,0.0340,APPROACH,0
80.763,0.0340,0.0340,APPROACH,0
80.797,0.0341,0.0340,APPROACH,0
80.831,0.0340,0.0340,APPROACH,0
80.865,0.0339,0.0340,APPROACH,0
80.899,0.0341,0.0340,APPROACH,0
80.934,0.0344,0.0340,APPROACH,0
80.967,0.0336,0.0340,APPROACH,0
81.001,0.0340,0.0340,APPROACH,0
81.035,0.0342,0.0340,APPROACH,0
81.069,0.0339,0.0340,APPROACH,0
81.103,0.0340,0.0340,APPROACH,0
81.137,0.0340,0.0340,APPROACH,0
81.171,0.0339,0.0340,APPROACH,0
81.205,0.0340,0.0340,APPROACH,0
81.239,0.0340,0.0340,APPROACH,0
81.273,0.0341,0.0340,APPROACH,0
81.307,0.0340,0.0340,APPROACH,0
81.341,0.0339,0.0340,APPROACH,0
81.375,0.0340,0.0340,APPROACH,0
81.409,0.0341,0.0340,APPROACH,0
81.443,0.0339,0.0340,APPROACH,0
81.478,0.0342,0.0340,APPROACH,0
81.511,0.0339,0.0340,APPROACH,0
81.546,0.0340,0.0340,APPROACH,0
81.580,0.0341,0.0340,APPROACH,0
81.614,0.0339,0.0340,APPROACH,0
81.648,0.0341,0.0340,APPROACH,0
81.682,0.0340,0.0340,APPROACH,0
81.716,0.0340,0.0340,APPROACH,0
81.750,0.0340,0.0340,APPROACH,0
81.784,0.0340,0.0340,APPROACH,0
81.818,0.0340,0.0340,APPROACH,0
81.852,0.0341,0.0340,APPROACH,0
81.886,0.0341,0.0340,APPROACH,0
81.920,0.0338,0.0340,APPROACH,0
81.954,0.0342,0.0340,APPROACH,0
81.988,0.0341,0.0340,APPROACH,0
82.022,0.0337,0.0340,APPROACH,0
82.056,0.0340,0.0340,APPROACH,0
82.090,0.0342,0.0340,APPROACH,0
82.124,0.0341,0.0340,APPROACH,0
82.158,0.0338,0.0340,APPROACH,0
82.192,0.0340,0.0340,APPROACH,0
82.226,0.0341,0.0340,APPROACH,0
82.260,0.0340,0.0340,APPROACH,0
82.294,0.0339,0.0340,APPROACH,0
82.328,0.0340,0.0340,APPROACH,0
82.362,0.0341,0.0340,APPROACH,0
82.396,0.0342,0.0340,APPROACH,0
82.430,0.0337,0.0340,APPROACH,0
82.464,0.0341,0.0340,APPROACH,0
82.498,0.0342,0.0340,APPROACH,0
82.532,0.0339,0.0340,APPROACH,0
82.566,0.0339,0.0340,APPROACH,0
82.600,0.0340,0.0340,APPROACH,0
82.636,0.0359,0.0340,APPROACH,0
82.669,0.0334,0.0340,APPROACH,0
82.703,0.0335,0.0340,APPROACH,0
82.737,0.0340,0.0340,APPROACH,0
82.771,0.0336,0.0340,APPROACH,0
82.804,0.0339,0.0340,APPROACH,0
82.838,0.0341,0.0340,APPROACH,0
82.873,0.0342,0.0340,APPROACH,0
82.906,0.0337,0.0340,APPROACH,0
82.940,0.0340,0.0340,APPROACH,0
82.974,0.0339,0.0340,APPROACH,0
83.008,0.0340,0.0340,APPROACH,0
83.042,0.0342,0.0340,APPROACH,0
83.076,0.0339,0.0340,APPROACH,0
83.110,0.0340,0.0340,APPROACH,0
83.144,0.0341,0.0340,APPROACH,0
83.179,0.0342,0.0340,APPROACH,0
83.213,0.0340,0.0340,APPROACH,0
83.246,0.0338,0.0340,APPROACH,0
83.280,0.0340,0.0340,APPROACH,0
83.315,0.0341,0.0340,APPROACH,0
83.348,0.0338,0.0340,APPROACH,0
83.383,0.0341,0.0340,APPROACH,0
83.416,0.0339,0.0340,APPROACH,0
83.450,0.0340,0.0340,APPROACH,0
83.485,0.0345,0.0340,APPROACH,0
83.519,0.0337,0.0340,APPROACH,0
83.553,0.0341,0.0340,APPROACH,0
83.587,0.0339,0.0340,APPROACH,0
83.621,0.0340,0.0340,APPROACH,0
83.655,0.0340,0.0340,APPROACH,0
83.689,0.0342,0.0340,APPROACH,0
83.723,0.0339,0.0340,APPROACH,0
83.757,0.0341,0.0340,APPROACH,0
83.791,0.0340,0.0340,APPROACH,0
83.825,0.0339,0.0340,APPROACH,0
83.859,0.0341,0.0340,APPROACH,0
83.893,0.0339,0.0340,APPROACH,0
83.927,0.0339,0.0340,APPROACH,0
83.961,0.0341,0.0340,APPROACH,0
83.995,0.0340,0.0340,APPROACH,0
84.029,0.0339,0.0340,APPROACH,0
84.063,0.0342,0.0340,APPROACH,0
84.097,0.0339,0.0340,APPROACH,0
84.131,0.0339,0.0340,APPROACH,0
84.165,0.0343,0.0340,APPROACH,0
84.199,0.0338,0.0340,APPROACH,0
84.233,0.0343,0.0340,APPROACH,0
84.267,0.0340,0.0340,APPROACH,0
84.301,0.0340,0.0340,APPROACH,0
84.335,0.0339,0.0340,APPROACH,0
84.369,0.0341,0.0340,APPROACH,0
84.403,0.0339,0.0340,APPROACH,0
84.437,0.0341,0.0340,APPROACH,0
84.471,0.0340,0.0340,APPROACH,0
84.505,0.0339,0.0340,APPROACH,0
84.539,0.0342,0.0340,APPROACH,0
84.574,0.0341,0.0340,APPROACH,0
84.607,0.0338,0.0340,APPROACH,0
84.641,0.0341,0.0340,APPROACH,0
84.675,0.0339,0.0340,APPROACH,0
84.709,0.0339,0.0340,APPROACH,0
84.743,0.0340,0.0340,APPROACH,0
84.777,0.0342,0.0340,APPROACH,0
84.811,0.0338,0.0340,APPROACH,0
84.845,0.0340,0.0340,APPROACH,0
84.879,0.0341,0.0340,APPROACH,0
84.913,0.0339,0.0340,APPROACH,0
84.948,0.0342,0.0340,APPROACH,0
84.981,0.0339,0.0340,APPROACH,0
85.015,0.0340,0.0340,APPROACH,0
85.049,0.0340,0.0340,APPROACH,0
85.083,0.0340,0.0340,APPROACH,0
85.118,0.0342,0.0340,APPROACH,0
85.152,0.0339,0.0340,APPROACH,0
85.185,0.0340,0.0340,APPROACH,0
85.219,0.0340,0.0340,APPROACH,0
85.254,0.0341,0.0340,APPROACH,0
85.288,0.0340,0.0340,APPROACH,0
85.322,0.0341,0.0340,BLIND_DASH,0
85.356,0.0340,0.0340,BLIND_DASH,0
85.390,0.0340,0.0340,BLIND_DASH,0
85.424,0.0339,0.0340,BLIND_DASH,0
85.458,0.0341,0.0340,BLIND_DASH,0
85.492,0.0341,0.0340,BLIND_DASH,0
85.526,0.0342,0.0340,PATROL,0
85.560,0.0337,0.0340,PATROL,0
85.594,0.0339,0.0340,PATROL,0
85.628,0.0340,0.0340,PATROL,0
85.662,0.0341,0.0340,PATROL,0
85.696,0.0339,0.0340,PATROL,0
85.730,0.0341,0.0340,PATROL,0
85.764,0.0340,0.0340,PATROL,0
85.798,0.0339,0.0340,PATROL,0
85.832,0.0340,0.0340,PATROL,0
85.866,0.0342,0.0340,PATROL,0
85.900,0.0342,0.0340,PATROL,0
85.934,0.0340,0.0340,PATROL,0
85.968,0.0338,0.0340,PATROL,0
86.002,0.0341,0.0340,PATROL,0
86.036,0.0339,0.0340,PATROL,0
86.070,0.0341,0.0340,PATROL,0
86.104,0.0340,0.0340,PATROL,0
86.138,0.0341,0.0340,PATROL,0
86.172,0.0342,0.0340,PATROL,0
86.206,0.0339,0.0340,PATROL,0
86.240,0.0339,0.0340,PATROL,0
86.274,0.0340,0.0340,PATROL,0
86.308,0.0342,0.0340,PATROL,0
86.342,0.0340,0.0340,PATROL,0
86.376,0.0340,0.0340,PATROL,0
86.410,0.0340,0.0340,PATROL,0
86.444,0.0341,0.0340,PATROL,0
86.478,0.0342,0.0340,PATROL,0
86.512,0.0338,0.0340,PATROL,0
86.546,0.0339,0.0340,PATROL,0
86.580,0.0340,0.0340,PATROL,0
86.614,0.0340,0.0340,PATROL,0
86.648,0.0339,0.0340,PATROL,0
86.682,0.0340,0.0340,PATROL,0
86.716,0.0342,0.0340,PATROL,0
86.750,0.0338,0.0340,PATROL,0
86.784,0.0341,0.0340,PATROL,0
86.818,0.0340,0.0340,PATROL,0
86.852,0.0339,0.0340,PATROL,0
86.886,0.0341,0.0340,PATROL,0
86.920,0.0339,0.0340,PATROL,0
86.954,0.0341,0.0340,PATROL,0
86.988,0.0343,0.0340,PATROL,0
87.022,0.0338,0.0340,PATROL,0
87.056,0.0340,0.0340,PATROL,0
87.090,0.0341,0.0340,PATROL,0
87.124,0.0340,0.0340,PATROL,0
87.158,0.0339,0.0340,PATROL,0
87.192,0.0340,0.0340,PATROL,0
87.226,0.0340,0.0340,PATROL,0
87.261,0.0342,0.0340,PATROL,0
87.294,0.0338,0.0340,PATROL,0
87.328,0.0340,0.0340,PATROL,0
87.363,0.0341,0.0340,PATROL,0
87.397,0.0340,0.0340,PATROL,0
87.430,0.0339,0.0340,PATROL,0
87.465,0.0342,0.0340,PATROL,0
87.499,0.0339,0.0340,PATROL,0
87.533,0.0340,0.0340,PATROL,0
87.567,0.0342,0.0340,PATROL,0
87.601,0.0341,0.0340,PATROL,0
87.635,0.0339,0.0340,PATROL,0
87.669,0.0339,0.0340,PATROL,0
87.703,0.0340,0.0340,PATROL,0
87.737,0.0340,0.0340,PATROL,0
87.771,0.0342,0.0340,PATROL,0
87.805,0.0339,0.0340,PATROL,0
87.839,0.0342,0.0340,PATROL,0
87.873,0.0339,0.0340,PATROL,0
87.907,0.0340,0.0340,PATROL,0
87.941,0.0341,0.0340,PATROL,0
87.975,0.0338,0.0340,PATROL,0
88.009,0.0340,0.0340,PATROL,0
88.043,0.0341,0.0340,PATROL,0
88.077,0.0340,0.0340,PATROL,0
88.111,0.0339,0.0340,PATROL,0
88.145,0.0340,0.0340,PATROL,0
88.179,0.0341,0.0340,PATROL,0
88.213,0.0341,0.0340,PATROL,0
88.247,0.0340,0.0340,PATROL,0
88.281,0.0341,0.0340,PATROL,0
88.315,0.0341,0.0340,PATROL,0
88.349,0.0340,0.0340,PATROL,0
88.383,0.0340,0.0340,PATROL,0
88.417,0.0340,0.0340,PATROL,0
88.451,0.0342,0.0340,PATROL,0
88.485,0.0338,0.0340,PATROL,0
88.519,0.0340,0.0340,PATROL,0
88.553,0.0342,0.0340,PATROL,0
88.587,0.0339,0.0340,PATROL,0
88.621,0.0339,0.0340,PATROL,0
88.655,0.0342,0.0340,PATROL,0
88.689,0.0340,0.0340,PATROL,0
88.723,0.0340,0.0340,PATROL,0
88.757,0.0341,0.0340,PATROL,0
88.792,0.0343,0.0340,PATROL,0
88.825,0.0338,0.0340,PATROL,0
88.859,0.0339,0.0340,PATROL,0
88.893,0.0342,0.0340,PATROL,0
88.927,0.0339,0.0340,PATROL,0
88.961,0.0340,0.0340,PATROL,0
88.995,0.0340,0.0340,PATROL,0
89.029,0.0339,0.0340,PATROL,0
89.063,0.0342,0.0340,PATROL,0
89.097,0.0339,0.0340,PATROL,0
89.132,0.0342,0.0340,PATROL,0
89.167,0.0357,0.0340,PATROL,0
89.201,0.0339,0.0340,PATROL,0
89.235,0.0341,0.0340,PATROL,0
89.269,0.0339,0.0340,PATROL,0
89.303,0.0341,0.0340,PATROL,0
89.338,0.0344,0.0340,PATROL,0
89.371,0.0339,0.0340,PATROL,0
89.405,0.0339,0.0340,PATROL,0
89.439,0.0340,0.0340,PATROL,0
89.474,0.0342,0.0340,PATROL,0
89.507,0.0338,0.0340,PATROL,0
89.542,0.0341,0.0340,PATROL,0
89.575,0.0339,0.0340,PATROL,0
89.609,0.0339,0.0340,PATROL,0
89.644,0.0344,0.0340,PATROL,0
89.677,0.0336,0.0340,PATROL,0
89.712,0.0343,0.0340,PATROL,0
89.746,0.0338,0.0340,PATROL,0
89.780,0.0340,0.0340,PATROL,0
89.814,0.0341,0.0340,PATROL,0
89.848,0.0339,0.0340,PATROL,0
89.882,0.0340,0.0340,PATROL,0
89.916,0.0341,0.0340,PATROL,0
89.950,0.0342,0.0340,PATROL,0
89.984,0.0342,0.0340,PATROL,0
90.018,0.0338,0.0340,PATROL,0
90.052,0.0340,0.0340,PATROL,0
90.086,0.0340,0.0340,PATROL,0
90.120,0.0339,0.0340,PATROL,0
90.154,0.0342,0.0340,PATROL,0
90.188,0.0339,0.0340,PATROL,0
90.222,0.0340,0.0340,PATROL,0
90.256,0.0339,0.0340,PATROL,0
90.290,0.0342,0.0340,PATROL,0
90.324,0.0339,0.0340,PATROL,0
90.358,0.0340,0.0340,PATROL,0
90.392,0.0340,0.0340,PATROL,0
90.426,0.0339,0.0340,PATROL,0
90.460,0.0341,0.0340,PATROL,0
90.494,0.0340,0.0340,PATROL,0
90.528,0.0340,0.0340,PATROL,0
90.562,0.0340,0.0340,PATROL,0
90.596,0.0343,0.0340,PATROL,0
90.630,0.0339,0.0340,PATROL,0
90.664,0.0340,0.0340,PATROL,0
90.698,0.0340,0.0340,PATROL,0
90.732,0.0343,0.0340,PATROL,0
90.766,0.0338,0.0340,PATROL,0
90.800,0.0340,0.0340,PATROL,0
90.834,0.0339,0.0340,PATROL,0
90.868,0.0342,0.0340,PATROL,0
90.902,0.0339,0.0340,PATROL,0
90.937,0.0344,0.0340,PATROL,0
90.970,0.0339,0.0340,PATROL,0
91.004,0.0340,0.0340,PATROL,0
91.038,0.0339,0.0340,PATROL,0
91.072,0.0338,0.0340,PATROL,0
91.106,0.0341,0.0340,PATROL,0
91.140,0.0342,0.0340,PATROL,0
91.174,0.0338,0.0340,PATROL,0
91.208,0.0342,0.0340,PATROL,0
91.242,0.0340,0.0340,PATROL,0
91.277,0.0341,0.0340,PATROL,0
91.310,0.0339,0.0340,PATROL,0
91.344,0.0341,0.0340,PATROL,0
91.378,0.0338,0.0340,PATROL,0
91.412,0.0341,0.0340,PATROL,0
91.446,0.0339,0.0340,PATROL,0
91.480,0.0341,0.0340,PATROL,0
91.515,0.0341,0.0340,PATROL,0
91.549,0.0340,0.0340,PATROL,0
91.582,0.0339,0.0340,PATROL,0
91.616,0.0340,0.0340,PATROL,0
91.650,0.0340,0.0340,PATROL,0
91.685,0.0347,0.0340,PATROL,0
91.719,0.0334,0.0340,PATROL,0
91.753,0.0342,0.0340,PATROL,0
91.787,0.0338,0.0340,PATROL,0
91.821,0.0340,0.0340,PATROL,0
91.855,0.0341,0.0340,PATROL,0
91.889,0.0339,0.0340,PATROL,0
91.923,0.0341,0.0340,PATROL,0
91.957,0.0344,0.0340,PATROL,0
91.991,0.0335,0.0340,PATROL,0
92.025,0.0342,0.0340,PATROL,0
92.059,0.0340,0.0340,PATROL,0
92.093,0.0340,0.0340,PATROL,0
92.127,0.0339,0.0340,PATROL,0
92.161,0.0339,0.0340,PATROL,0
92.195,0.0341,0.0340,PATROL,0
92.229,0.0340,0.0340,PATROL,0
92.263,0.0341,0.0340,PATROL,0
92.297,0.0341,0.0340,PATROL,0
92.331,0.0341,0.0340,PATROL,0
92.365,0.0339,0.0340,PATROL,0
92.399,0.0339,0.0340,PATROL,0
92.433,0.0340,0.0340,PATROL,0
92.467,0.0341,0.0340,PATROL,0
92.501,0.0339,0.0340,PATROL,0
92.535,0.0339,0.0340,PATROL,0
92.569,0.0341,0.0340,PATROL,0
92.603,0.0341,0.0340,PATROL,0
92.637,0.0341,0.0340,PATROL,0
92.671,0.0340,0.0340,PATROL,0
92.705,0.0341,0.0340,PATROL,0
92.739,0.0340,0.0340,PATROL,0
92.773,0.0341,0.0340,PATROL,0
92.807,0.0341,0.0340,PATROL,0
92.841,0.0338,0.0340,PATROL,0
92.875,0.0340,0.0340,PATROL,0
92.909,0.0340,0.0340,PATROL,0
92.943,0.0340,0.0340,PATROL,0
92.977,0.0341,0.0340,PATROL,0
93.011,0.0339,0.0340,PATROL,0
93.045,0.0342,0.0340,PATROL,0
93.079,0.0338,0.0340,PATROL,0
93.113,0.0342,0.0340,PATROL,0
93.148,0.0343,0.0340,PATROL,0
93.181,0.0339,0.0340,PATROL,0
93.216,0.0341,0.0340,PATROL,0
93.249,0.0339,0.0340,PATROL,0
93.283,0.0339,0.0340,PATROL,0
93.317,0.0339,0.0340,PATROL,0
93.352,0.0342,0.0340,PATROL,0
93.385,0.0339,0.0340,PATROL,0
93.419,0.0340,0.0340,PATROL,0
93.453,0.0340,0.0340,PATROL,0
93.487,0.0340,0.0340,PATROL,0
93.522,0.0343,0.0340,PATROL,0
93.555,0.0338,0.0340,PATROL,0
93.589,0.0340,0.0340,PATROL,0
93.623,0.0340,0.0340,PATROL,0
93.658,0.0341,0.0340,PATROL,0
93.692,0.0340,0.0340,PATROL,0
93.726,0.0340,0.0340,PATROL,0
93.760,0.0341,0.0340,PATROL,0
93.794,0.0338,0.0340,PATROL,0
93.828,0.0340,0.0340,PATROL,0
93.862,0.0341,0.0340,PATROL,0
93.896,0.0340,0.0340,PATROL,0
93.930,0.0339,0.0340,PATROL,0
93.964,0.0340,0.0340,PATROL,0
93.998,0.0342,0.0340,PATROL,0
94.032,0.0339,0.0340,PATROL,0
94.066,0.0342,0.0340,PATROL,0
94.100,0.0337,0.0340,PATROL,0
94.134,0.0341,0.0340,PATROL,0
94.168,0.0340,0.0340,PATROL,0
94.202,0.0340,0.0340,PATROL,0
94.236,0.0342,0.0340,PATROL,0
94.270,0.0340,0.0340,PATROL,0
94.304,0.0339,0.0340,PATROL,0
94.338,0.0341,0.0340,PATROL,0
94.372,0.0341,0.0340,PATROL,0
94.406,0.0339,0.0340,PATROL,0
94.440,0.0340,0.0340,PATROL,0
94.474,0.0343,0.0340,PATROL,0
94.508,0.0340,0.0340,PATROL,0
94.542,0.0340,0.0340,PATROL,0
94.576,0.0338,0.0340,PATROL,0
94.610,0.0339,0.0340,PATROL,0
94.644,0.0340,0.0340,PATROL,0
94.678,0.0344,0.0340,PATROL,0
94.712,0.0337,0.0340,PATROL,0
94.746,0.0341,0.0340,PATROL,0
94.780,0.0343,0.0340,PATROL,0
94.814,0.0336,0.0340,PATROL,0
94.848,0.0341,0.0340,PATROL,0
94.882,0.0340,0.0340,PATROL,0
94.916,0.0340,0.0340,PATROL,0
94.950,0.0340,0.0340,PATROL,0
94.984,0.0339,0.0340,PATROL,0
95.018,0.0341,0.0340,PATROL,0
95.052,0.0340,0.0340,PATROL,0
95.086,0.0340,0.0340,PATROL,0
95.120,0.0340,0.0340,PATROL,0
95.154,0.0339,0.0340,PATROL,0
95.188,0.0341,0.0340,PATROL,0
95.222,0.0340,0.0340,PATROL,0
95.256,0.0339,0.0340,PATROL,0
95.290,0.0341,0.0340,PATROL,0
95.324,0.0341,0.0340,PATROL,0
95.358,0.0343,0.0340,PATROL,0
95.392,0.0339,0.0340,PATROL,0
95.426,0.0340,0.0340,PATROL,0
95.461,0.0342,0.0340,PATROL,0
95.495,0.0343,0.0340,PATROL,0
95.528,0.0336,0.0340,PATROL,0
95.563,0.0341,0.0340,PATROL,0
95.597,0.0343,0.0340,PATROL,0
95.631,0.0338,0.0340,PATROL,0
95.665,0.0340,0.0340,PATROL,0
95.699,0.0341,0.0340,PATROL,0
95.733,0.0339,0.0340,PATROL,0
95.767,0.0342,0.0340,PATROL,0
95.801,0.0338,0.0340,PATROL,0
95.835,0.0341,0.0340,PATROL,0
95.869,0.0340,0.0340,PATROL,0
95.903,0.0340,0.0340,PATROL,0
95.937,0.0341,0.0340,PATROL,0
95.971,0.0339,0.0340,PATROL,0
96.005,0.0340,0.0340,PATROL,0
96.039,0.0340,0.0340,PATROL,0
96.073,0.0340,0.0340,PATROL,0
96.107,0.0342,0.0340,PATROL,0
96.141,0.0340,0.0340,PATROL,0
96.175,0.0339,0.0340,PATROL,0
96.209,0.0341,0.0340,PATROL,0
96.243,0.0341,0.0340,PATROL,0
96.277,0.0339,0.0340,PATROL,0
96.311,0.0339,0.0340,PATROL,0
96.345,0.0341,0.0340,PATROL,0
96.379,0.0341,0.0340,PATROL,0
96.413,0.0338,0.0340,PATROL,0
96.447,0.0341,0.0340,PATROL,0
96.481,0.0340,0.0340,PATROL,0
96.515,0.0340,0.0340,PATROL,0
96.549,0.0341,0.0340,PATROL,0
96.583,0.0342,0.0340,PATROL,0
96.617,0.0338,0.0340,PATROL,0
96.651,0.0339,0.0340,PATROL,0
96.685,0.0342,0.0340,PATROL,0
96.719,0.0340,0.0340,PATROL,0
96.753,0.0340,0.0340,PATROL,0
96.787,0.0341,0.0340,PATROL,0
96.821,0.0338,0.0340,PATROL,0
96.855,0.0341,0.0340,PATROL,0
96.889,0.0340,0.0340,PATROL,0
96.923,0.0342,0.0340,PATROL,0
96.957,0.0338,0.0340,PATROL,0
96.991,0.0340,0.0340,PATROL,0
97.025,0.0342,0.0340,PATROL,0
97.059,0.0339,0.0340,PATROL,0
97.093,0.0340,0.0340,PATROL,0
97.127,0.0341,0.0340,PATROL,0
97.162,0.0341,0.0340,PATROL,0
97.195,0.0338,0.0340,PATROL,0
97.229,0.0341,0.0340,PATROL,0
97.264,0.0342,0.0340,PATROL,0
97.298,0.0340,0.0340,PATROL,0
97.332,0.0340,0.0340,PATROL,0
97.365,0.0338,0.0340,PATROL,0
97.400,0.0341,0.0340,PATROL,0
97.434,0.0339,0.0340,PATROL,0
97.468,0.0345,0.0340,PATROL,0
97.501,0.0335,0.0340,PATROL,0
97.535,0.0340,0.0340,PATROL,0
97.570,0.0341,0.0340,PATROL,0
97.604,0.0340,0.0340,PATROL,0
97.638,0.0341,0.0340,PATROL,0
97.672,0.0339,0.0340,PATROL,0
97.706,0.0344,0.0340,PATROL,0
97.740,0.0338,0.0340,PATROL,0
97.774,0.0338,0.0340,PATROL,0
97.808,0.0340,0.0340,PATROL,0
97.842,0.0342,0.0340,PATROL,0
97.876,0.0341,0.0340,PATROL,0
97.910,0.0339,0.0340,PATROL,0
97.944,0.0339,0.0340,PATROL,0
97.978,0.0341,0.0340,PATROL,0
98.012,0.0341,0.0340,PATROL,0
98.046,0.0342,0.0340,PATROL,0
98.080,0.0337,0.0340,PATROL,0
98.114,0.0341,0.0340,PATROL,0
98.148,0.0341,0.0340,PATROL,0
98.182,0.0339,0.0340,PATROL,0
98.216,0.0342,0.0340,PATROL,0
98.250,0.0340,0.0340,PATROL,0
98.284,0.0339,0.0340,PATROL,0
98.318,0.0341,0.0340,PATROL,0
98.352,0.0339,0.0340,PATROL,0
98.386,0.0340,0.0340,PATROL,0
98.420,0.0340,0.0340,PATROL,0
98.454,0.0340,0.0340,PATROL,0
98.488,0.0339,0.0340,PATROL,0
98.522,0.0342,0.0340,PATROL,0
98.556,0.0340,0.0340,PATROL,0
98.590,0.0338,0.0340,PATROL,0
98.624,0.0341,0.0340,PATROL,0
98.658,0.0340,0.0340,PATROL,0
98.692,0.0339,0.0340,PATROL,0
98.726,0.0342,0.0340,PATROL,0
98.760,0.0339,0.0340,PATROL,0
98.794,0.0342,0.0340,PATROL,0
98.828,0.0339,0.0340,PATROL,0
98.862,0.0340,0.0340,PATROL,0
98.896,0.0343,0.0340,PATROL,0
98.930,0.0337,0.0340,PATROL,0
98.964,0.0341,0.0340,PATROL,0
98.998,0.0339,0.0340,PATROL,0
99.032,0.0340,0.0340,PATROL,0
99.066,0.0341,0.0340,PATROL,0
99.101,0.0343,0.0340,PATROL,0
99.135,0.0341,0.0340,PATROL,0
99.168,0.0337,0.0340,PATROL,0
99.202,0.0338,0.0340,PATROL,0
99.236,0.0340,0.0340,PATROL,0
99.270,0.0341,0.0340,PATROL,0
99.304,0.0340,0.0340,PATROL,0
99.338,0.0341,0.0340,PATROL,0
99.372,0.0341,0.0340,PATROL,0
99.406,0.0340,0.0340,PATROL,0
99.440,0.0339,0.0340,PATROL,0
99.474,0.0341,0.0340,PATROL,0
99.508,0.0341,0.0340,PATROL,0
99.542,0.0339,0.0340,PATROL,0
99.576,0.0341,0.0340,PATROL,0
99.611,0.0341,0.0340,PATROL,0
99.645,0.0340,0.0340,PATROL,0
99.679,0.0339,0.0340,PATROL,0
99.713,0.0341,0.0340,PATROL,0
99.746,0.0339,0.0340,PATROL,0
99.781,0.0340,0.0340,PATROL,0
99.815,0.0341,0.0340,PATROL,0
99.849,0.0341,0.0340,PATROL,0
99.883,0.0338,0.0340,PATROL,0
99.917,0.0341,0.0340,PATROL,0
99.951,0.0341,0.0340,PATROL,0
99.985,0.0339,0.0340,PATROL,0
100.019,0.0341,0.0340,PATROL,0
100.053,0.0338,0.0340,PATROL,0
100.087,0.0341,0.0340,PATROL,0
100.121,0.0340,0.0340,PATROL,0
100.155,0.0340,0.0340,PATROL,0
100.189,0.0339,0.0340,PATROL,0
100.223,0.0341,0.0340,PATROL,0
100.257,0.0340,0.0340,PATROL,0
100.291,0.0341,0.0340,PATROL,0
100.325,0.0341,0.0340,PATROL,0
100.359,0.0343,0.0340,PATROL,0
100.393,0.0337,0.0340,PATROL,0
100.427,0.0340,0.0340,PATROL,0
100.461,0.0341,0.0340,PATROL,0
100.495,0.0339,0.0340,PATROL,0
100.529,0.0340,0.0340,PATROL,0
100.563,0.0341,0.0340,PATROL,0
100.597,0.0341,0.0340,PATROL,0
100.631,0.0339,0.0340,PATROL,0
100.665,0.0341,0.0340,PATROL,0
100.699,0.0340,0.0340,PATROL,0
100.733,0.0341,0.0340,PATROL,0
100.767,0.0340,0.0340,PATROL,0
100.801,0.0340,0.0340,PATROL,0
100.835,0.0340,0.0340,PATROL,0
100.869,0.0339,0.0340,PATROL,0
100.903,0.0340,0.0340,PATROL,0
100.937,0.0340,0.0340,PATROL,0
100.971,0.0340,0.0340,PATROL,0
101.005,0.0342,0.0340,PATROL,0
101.039,0.0341,0.0340,PATROL,0
101.073,0.0338,0.0340,PATROL,0
101.107,0.0339,0.0340,PATROL,0
101.141,0.0340,0.0340,PATROL,0
101.176,0.0344,0.0340,PATROL,0
101.209,0.0337,0.0340,PATROL,0
101.243,0.0340,0.0340,PATROL,0
101.277,0.0340,0.0340,PATROL,0
101.311,0.0341,0.0340,PATROL,0
101.345,0.0340,0.0340,PATROL,0
101.379,0.0340,0.0340,PATROL,0
101.413,0.0339,0.0340,PATROL,0
101.447,0.0342,0.0340,PATROL,0
101.481,0.0339,0.0340,PATROL,0
101.515,0.0341,0.0340,PATROL,0
101.550,0.0341,0.0340,PATROL,0
101.584,0.0340,0.0340,PATROL,0
101.617,0.0339,0.0340,PATROL,0
101.652,0.0341,0.0340,PATROL,0
101.685,0.0339,0.0340,PATROL,0
101.720,0.0342,0.0340,PATROL,0
101.754,0.0339,0.0340,PATROL,0
101.788,0.0342,0.0340,PATROL,0
101.822,0.0339,0.0340,PATROL,0
101.856,0.0341,0.0340,PATROL,0
101.890,0.0341,0.0340,PATROL,0
101.924,0.0339,0.0340,PATROL,0
101.958,0.0339,0.0340,PATROL,0
101.992,0.0341,0.0340,PATROL,0
102.026,0.0341,0.0340,PATROL,0
102.060,0.0340,0.0340,PATROL,0
102.094,0.0338,0.0340,PATROL,0
102.128,0.0341,0.0340,PATROL,0
102.162,0.0339,0.0340,PATROL,0
102.196,0.0341,0.0340,PATROL,0
102.230,0.0341,0.0340,PATROL,0
102.264,0.0340,0.0340,PATROL,0
102.298,0.0340,0.0340,PATROL,0
102.332,0.0339,0.0340,PATROL,0
102.366,0.0340,0.0340,PATROL,0
102.400,0.0341,0.0340,PATROL,0
102.434,0.0339,0.0340,PATROL,0
102.468,0.0341,0.0340,PATROL,0
102.502,0.0341,0.0340,PATROL,0
102.536,0.0339,0.0340,PATROL,0
102.570,0.0342,0.0340,PATROL,0
102.604,0.0338,0.0340,PATROL,0
102.638,0.0341,0.0340,PATROL,0
102.672,0.0340,0.0340,PATROL,0
102.706,0.0344,0.0340,PATROL,0
102.740,0.0336,0.0340,PATROL,0
102.774,0.0339,0.0340,PATROL,0
102.808,0.0341,0.0340,PATROL,0
102.842,0.0341,0.0340,PATROL,0
102.876,0.0341,0.0340,PATROL,0
102.910,0.0339,0.0340,PATROL,0
102.944,0.0341,0.0340,PATROL,0
102.978,0.0339,0.0340,PATROL,0
103.012,0.0340,0.0340,PATROL,0
103.046,0.0341,0.0340,PATROL,0
103.080,0.0340,0.0340,PATROL,0
103.114,0.0340,0.0340,PATROL,0
103.148,0.0342,0.0340,PATROL,0
103.182,0.0337,0.0340,PATROL,0
103.216,0.0341,0.0340,PATROL,0
103.250,0.0342,0.0340,PATROL,0
103.284,0.0339,0.0340,PATROL,0
103.318,0.0341,0.0340,PATROL,0
103.352,0.0340,0.0340,PATROL,0
103.386,0.0339,0.0340,PATROL,0
103.421,0.0342,0.0340,PATROL,0
103.454,0.0339,0.0340,PATROL,0
103.488,0.0341,0.0340,PATROL,0
103.522,0.0340,0.0340,PATROL,0
103.557,0.0341,0.0340,PATROL,0
103.591,0.0340,0.0340,PATROL,0
103.625,0.0340,0.0340,PATROL,0
103.658,0.0339,0.0340,PATROL,0
103.692,0.0340,0.0340,PATROL,0
103.726,0.0341,0.0340,PATROL,0
103.761,0.0340,0.0340,PATROL,0
103.795,0.0340,0.0340,PATROL,0
103.828,0.0339,0.0340,PATROL,0
103.862,0.0340,0.0340,PATROL,0
103.897,0.0341,0.0340,PATROL,0
103.931,0.0340,0.0340,PATROL,0
103.965,0.0342,0.0340,PATROL,0
103.999,0.0341,0.0340,PATROL,0
104.033,0.0337,0.0340,PATROL,0
104.067,0.0340,0.0340,PATROL,0
104.101,0.0340,0.0340,PATROL,0
104.135,0.0342,0.0340,PATROL,0
104.169,0.0339,0.0340,PATROL,0
104.203,0.0341,0.0340,PATROL,0
104.237,0.0340,0.0340,PATROL,0
104.271,0.0338,0.0340,PATROL,0
104.305,0.0340,0.0340,PATROL,0
104.339,0.0344,0.0340,PATROL,0
104.373,0.0336,0.0340,PATROL,0
104.407,0.0341,0.0340,PATROL,0
104.441,0.0341,0.0340,PATROL,0
104.475,0.0340,0.0340,PATROL,0
104.509,0.0341,0.0340,PATROL,0
104.543,0.0338,0.0340,PATROL,0
104.577,0.0340,0.0340,PATROL,0
104.611,0.0341,0.0340,PATROL,0
104.645,0.0339,0.0340,PATROL,0
104.679,0.0344,0.0340,PATROL,0
104.713,0.0338,0.0340,PATROL,0
104.747,0.0344,0.0340,PATROL,0
104.781,0.0337,0.0340,PATROL,0
104.815,0.0337,0.0340,PATROL,0
104.849,0.0340,0.0340,PATROL,0
104.883,0.0341,0.0340,PATROL,0
104.917,0.0341,0.0340,PATROL,0
104.951,0.0339,0.0340,PATROL,0
104.985,0.0341,0.0340,PATROL,0
105.019,0.0341,0.0340,PATROL,0
105.053,0.0340,0.0340,PATROL,0
105.087,0.0340,0.0340,PATROL,0
105.121,0.0339,0.0340,PATROL,0
105.155,0.0340,0.0340,PATROL,0
105.189,0.0341,0.0340,PATROL,0
105.223,0.0340,0.0340,PATROL,0
105.257,0.0340,0.0340,PATROL,0
105.291,0.0342,0.0340,PATROL,0
105.326,0.0342,0.0340,PATROL,0
105.359,0.0336,0.0340,PATROL,0
105.393,0.0341,0.0340,PATROL,0
105.427,0.0341,0.0340,PATROL,0
105.461,0.0340,0.0340,PATROL,0
105.495,0.0340,0.0340,PATROL,0
105.529,0.0341,0.0340,PATROL,0
105.563,0.0339,0.0340,PATROL,0
105.597,0.0340,0.0340,PATROL,0
105.631,0.0342,0.0340,PATROL,0
105.665,0.0339,0.0340,PATROL,0
105.699,0.0341,0.0340,PATROL,0
105.734,0.0340,0.0340,PATROL,0
105.768,0.0341,0.0340,PATROL,0
105.801,0.0339,0.0340,PATROL,0
105.835,0.0340,0.0340,PATROL,0
105.870,0.0341,0.0340,PATROL,0
105.904,0.0341,0.0340,PATROL,0
105.938,0.0340,0.0340,PATROL,0
105.972,0.0339,0.0340,PATROL,0
106.006,0.0346,0.0340,PATROL,0
106.040,0.0336,0.0340,PATROL,0
106.074,0.0340,0.0340,PATROL,0
106.108,0.0339,0.0340,PATROL,0
106.142,0.0341,0.0340,PATROL,0
106.176,0.0342,0.0340,PATROL,0
106.210,0.0337,0.0340,PATROL,0
106.244,0.0341,0.0340,PATROL,0
106.278,0.0342,0.0340,PATROL,0
106.312,0.0341,0.0340,PATROL,0
106.346,0.0340,0.0340,PATROL,0
106.380,0.0339,0.0340,PATROL,0
106.414,0.0341,0.0340,PATROL,0
106.448,0.0340,0.0340,PATROL,0
106.482,0.0340,0.0340,PATROL,0
106.516,0.0340,0.0340,PATROL,0
106.550,0.0341,0.0340,PATROL,0
106.584,0.0339,0.0340,PATROL,0
106.618,0.0341,0.0340,PATROL,0
106.652,0.0339,0.0340,PATROL,0
106.686,0.0340,0.0340,PATROL,0
106.720,0.0339,0.0340,PATROL,0
106.754,0.0342,0.0340,PATROL,0
106.788,0.0338,0.0340,PATROL,0
106.822,0.0341,0.0340,PATROL,0
106.856,0.0340,0.0340,PATROL,0
106.890,0.0339,0.0340,PATROL,0
106.924,0.0342,0.0340,PATROL,0
106.958,0.0340,0.0340,PATROL,0
106.992,0.0341,0.0340,PATROL,0
107.026,0.0338,0.0340,PATROL,0
107.060,0.0340,0.0340,PATROL,0
107.094,0.0341,0.0340,PATROL,0
107.128,0.0340,0.0340,PATROL,0
107.162,0.0341,0.0340,PATROL,0
107.196,0.0339,0.0340,PATROL,0
107.230,0.0339,0.0340,PATROL,0
107.264,0.0342,0.0340,PATROL,0
107.298,0.0340,0.0340,PATROL,0
107.332,0.0340,0.0340,PATROL,0
107.366,0.0340,0.0340,PATROL,0
107.400,0.0340,0.0340,PATROL,0
107.434,0.0340,0.0340,PATROL,0
107.469,0.0343,0.0340,PATROL,0
107.502,0.0337,0.0340,PATROL,0
107.536,0.0341,0.0340,PATROL,0
107.570,0.0339,0.0340,PATROL,0
107.604,0.0342,0.0340,PATROL,0
107.638,0.0339,0.0340,PATROL,0
107.672,0.0339,0.0340,PATROL,0
107.706,0.0341,0.0340,PATROL,0
107.741,0.0343,0.0340,PATROL,0
107.774,0.0336,0.0340,PATROL,0
107.808,0.0341,0.0340,PATROL,0
107.843,0.0341,0.0340,PATROL,0
107.876,0.0339,0.0340,PATROL,0
107.910,0.0339,0.0340,PATROL,0
107.944,0.0340,0.0340,PATROL,0
107.979,0.0343,0.0340,PATROL,0
108.013,0.0342,0.0340,PATROL,0
108.047,0.0338,0.0340,PATROL,0
108.080,0.0338,0.0340,PATROL,0
108.115,0.0341,0.0340,PATROL,0
108.149,0.0340,0.0340,PATROL,0
108.183,0.0339,0.0340,PATROL,0
108.217,0.0340,0.0340,PATROL,0
108.251,0.0340,0.0340,PATROL,0
108.285,0.0342,0.0340,PATROL,0
108.319,0.0338,0.0340,PATROL,0
108.353,0.0340,0.0340,PATROL,0
108.387,0.0341,0.0340,PATROL,0
108.421,0.0338,0.0340,PATROL,0
108.455,0.0341,0.0340,PATROL,0
108.489,0.0341,0.0340,PATROL,0
108.523,0.0339,0.0340,PATROL,0
108.557,0.0341,0.0340,PATROL,0
108.591,0.0340,0.0340,PATROL,0
108.625,0.0340,0.0340,PATROL,0
108.659,0.0342,0.0340,PATROL,0
108.693,0.0338,0.0340,PATROL,0
108.727,0.0343,0.0340,PATROL,0
108.761,0.0342,0.0340,PATROL,0
108.795,0.0336,0.0340,PATROL,0
108.829,0.0339,0.0340,PATROL,0
108.863,0.0341,0.0340,PATROL,0
108.897,0.0338,0.0340,PATROL,0
108.931,0.0341,0.0340,PATROL,0
108.965,0.0340,0.0340,PATROL,0
108.999,0.0340,0.0340,PATROL,0
109.033,0.0341,0.0340,PATROL,0
109.067,0.0340,0.0340,PATROL,0
109.101,0.0340,0.0340,PATROL,0
109.135,0.0339,0.0340,PATROL,0
109.169,0.0342,0.0340,PATROL,0
109.203,0.0340,0.0340,PATROL,0
109.237,0.0342,0.0340,PATROL,0
109.271,0.0339,0.0340,PATROL,0
109.305,0.0341,0.0340,PATROL,0
109.339,0.0341,0.0340,PATROL,0
109.374,0.0342,0.0340,PATROL,0
109.407,0.0337,0.0340,PATROL,0
109.441,0.0340,0.0340,PATROL,0
109.475,0.0341,0.0340,PATROL,0
109.509,0.0339,0.0340,PATROL,0
109.543,0.0339,0.0340,PATROL,0
109.577,0.0339,0.0340,PATROL,0
109.611,0.0341,0.0340,PATROL,0
109.645,0.0340,0.0340,PATROL,0
109.679,0.0340,0.0340,PATROL,0
109.713,0.0340,0.0340,PATROL,0
109.747,0.0340,0.0340,PATROL,0
109.782,0.0344,0.0340,PATROL,0
109.815,0.0338,0.0340,PATROL,0
109.849,0.0341,0.0340,PATROL,0
109.883,0.0340,0.0340,PATROL,0
109.917,0.0340,0.0340,PATROL,0
109.952,0.0340,0.0340,PATROL,0
109.985,0.0339,0.0340,PATROL,0
110.019,0.0340,0.0340,PATROL,0
110.053,0.0340,0.0340,PATROL,0
110.087,0.0341,0.0340,PATROL,0
110.122,0.0341,0.0340,PATROL,0
110.156,0.0341,0.0340,PATROL,0
110.190,0.0339,0.0340,PATROL,0
110.224,0.0340,0.0340,PATROL,0
110.258,0.0340,0.0340,PATROL,0
110.292,0.0341,0.0340,PATROL,0
110.326,0.0339,0.0340,PATROL,0
110.359,0.0340,0.0340,PATROL,0
110.394,0.0342,0.0340,PATROL,0
110.428,0.0340,0.0340,PATROL,0
110.462,0.0341,0.0340,PATROL,0
110.496,0.0340,0.0340,PATROL,0
110.530,0.0339,0.0340,PATROL,0
110.564,0.0340,0.0340,PATROL,0
110.598,0.0340,0.0340,PATROL,0
110.632,0.0339,0.0340,PATROL,0
110.666,0.0341,0.0340,PATROL,0
110.700,0.0341,0.0340,PATROL,0
110.734,0.0340,0.0340,PATROL,0
110.768,0.0341,0.0340,PATROL,0
110.802,0.0338,0.0340,PATROL,0
110.836,0.0341,0.0340,PATROL,0
110.870,0.0340,0.0340,PATROL,0
110.904,0.0342,0.0340,PATROL,0
110.938,0.0340,0.0340,PATROL,0
110.972,0.0339,0.0340,PATROL,0
111.006,0.0342,0.0340,PATROL,0
111.040,0.0338,0.0340,PATROL,0
111.074,0.0341,0.0340,PATROL,0
111.108,0.0339,0.0340,PATROL,0
111.142,0.0339,0.0340,PATROL,0
111.176,0.0340,0.0340,PATROL,0
111.210,0.0340,0.0340,PATROL,0
111.244,0.0342,0.0340,PATROL,0
111.278,0.0339,0.0340,PATROL,0
111.312,0.0339,0.0340,PATROL,0
111.346,0.0342,0.0340,PATROL,0
111.380,0.0339,0.0340,PATROL,0
111.414,0.0341,0.0340,PATROL,0
111.448,0.0338,0.0340,PATROL,0
111.482,0.0341,0.0340,PATROL,0
111.516,0.0342,0.0340,PATROL,0
111.550,0.0337,0.0340,PATROL,0
111.584,0.0340,0.0340,PATROL,0
111.618,0.0340,0.0340,PATROL,0
111.652,0.0341,0.0340,PATROL,0
111.686,0.0339,0.0340,PATROL,0
111.720,0.0342,0.0340,PATROL,0
111.754,0.0339,0.0340,PATROL,0
111.788,0.0340,0.0340,PATROL,0
111.822,0.0340,0.0340,PATROL,0
111.856,0.0339,0.0340,PATROL,0
111.890,0.0340,0.0340,PATROL,0
111.924,0.0341,0.0340,PATROL,0
111.958,0.0339,0.0340,PATROL,0
111.992,0.0341,0.0340,PATROL,0
112.026,0.0339,0.0340,PATROL,0
112.060,0.0342,0.0340,PATROL,0
112.094,0.0339,0.0340,PATROL,0
112.128,0.0341,0.0340,PATROL,0
112.162,0.0340,0.0340,PATROL,0
112.196,0.0339,0.0340,PATROL,0
112.230,0.0341,0.0340,PATROL,0
112.264,0.0340,0.0340,PATROL,0
112.298,0.0340,0.0340,PATROL,0
112.332,0.0340,0.0340,PATROL,0
112.366,0.0339,0.0340,PATROL,0
112.400,0.0341,0.0340,PATROL,0
112.434,0.0341,0.0340,PATROL,0
112.468,0.0340,0.0340,PATROL,0
112.502,0.0340,0.0340,PATROL,0
112.536,0.0341,0.0340,PATROL,0
112.571,0.0344,0.0340,PATROL,0
112.605,0.0339,0.0340,PATROL,0
112.639,0.0339,0.0340,PATROL,0
112.673,0.0340,0.0340,PATROL,0
112.707,0.0341,0.0340,PATROL,0
112.741,0.0340,0.0340,PATROL,0
112.775,0.0342,0.0340,PATROL,0
112.809,0.0339,0.0340,PATROL,0
112.843,0.0343,0.0340,PATROL,0
112.877,0.0339,0.0340,PATROL,0
112.911,0.0342,0.0340,PATROL,0
112.945,0.0340,0.0340,PATROL,0
112.979,0.0341,0.0340,PATROL,0
113.013,0.0337,0.0340,PATROL,0
113.047,0.0340,0.0340,PATROL,0
113.081,0.0341,0.0340,PATROL,0
113.115,0.0341,0.0340,PATROL,0
113.149,0.0343,0.0340,PATROL,0
113.183,0.0339,0.0340,PATROL,0
113.217,0.0339,0.0340,PATROL,0
113.251,0.0341,0.0340,PATROL,0
113.285,0.0339,0.0340,PATROL,0
113.319,0.0340,0.0340,PATROL,0
113.353,0.0339,0.0340,PATROL,0
113.387,0.0340,0.0340,PATROL,0
113.421,0.0341,0.0340,PATROL,0
113.455,0.0339,0.0340,PATROL,0
113.489,0.0342,0.0340,PATROL,0
113.523,0.0339,0.0340,PATROL,0
113.557,0.0339,0.0340,PATROL,0
113.591,0.0340,0.0340,PATROL,0
113.625,0.0341,0.0340,PATROL,0
113.659,0.0342,0.0340,PATROL,0
113.693,0.0340,0.0340,PATROL,0
113.727,0.0337,0.0340,PATROL,0
113.761,0.0340,0.0340,PATROL,0
113.795,0.0340,0.0340,PATROL,0
113.829,0.0341,0.0340,PATROL,0
113.863,0.0340,0.0340,PATROL,0
113.897,0.0341,0.0340,PATROL,0
113.931,0.0339,0.0340,PATROL,0
113.965,0.0340,0.0340,PATROL,0
113.999,0.0339,0.0340,PATROL,0
114.033,0.0341,0.0340,PATROL,0
114.067,0.0340,0.0340,PATROL,0
114.101,0.0340,0.0340,PATROL,0
114.135,0.0339,0.0340,PATROL,0
114.169,0.0340,0.0340,PATROL,0
114.203,0.0341,0.0340,PATROL,0
114.237,0.0340,0.0340,PATROL,0
114.271,0.0340,0.0340,PATROL,0
114.305,0.0339,0.0340,PATROL,0
114.339,0.0339,0.0340,PATROL,0
114.373,0.0341,0.0340,PATROL,0
114.407,0.0340,0.0340,PATROL,0
114.441,0.0339,0.0340,PATROL,0
114.475,0.0342,0.0340,PATROL,0
114.509,0.0341,0.0340,PATROL,0
114.543,0.0339,0.0340,PATROL,0
114.577,0.0342,0.0340,PATROL,0
114.611,0.0339,0.0340,PATROL,0
114.645,0.0338,0.0340,PATROL,0
114.679,0.0341,0.0340,PATROL,0
114.713,0.0340,0.0340,PATROL,0
114.747,0.0340,0.0340,PATROL,0
114.781,0.0341,0.0340,PATROL,0
114.815,0.0339,0.0340,PATROL,0
114.849,0.0342,0.0340,PATROL,0
114.883,0.0338,0.0340,PATROL,0
114.917,0.0340,0.0340,PATROL,0
114.951,0.0341,0.0340,PATROL,0
114.985,0.0339,0.0340,PATROL,0
115.019,0.0341,0.0340,PATROL,0
115.053,0.0340,0.0340,PATROL,0
115.087,0.0339,0.0340,PATROL,0
115.121,0.0340,0.0340,PATROL,0
115.155,0.0341,0.0340,PATROL,0
115.189,0.0340,0.0340,PATROL,0
115.223,0.0342,0.0340,PATROL,0
115.258,0.0343,0.0340,PATROL,0
115.292,0.0341,0.0340,PATROL,0
115.326,0.0341,0.0340,PATROL,0
115.360,0.0341,0.0340,PATROL,0
115.394,0.0342,0.0340,PATROL,0
115.428,0.0340,0.0340,PATROL,0
115.462,0.0340,0.0340,PATROL,0
115.496,0.0339,0.0340,PATROL,0
115.530,0.0341,0.0340,PATROL,0
115.564,0.0342,0.0340,PATROL,0
115.599,0.0343,0.0340,PATROL,0
115.632,0.0336,0.0340,PATROL,0
115.666,0.0341,0.0340,PATROL,0
115.700,0.0340,0.0340,PATROL,0
115.735,0.0342,0.0340,PATROL,0
115.768,0.0337,0.0340,PATROL,0
115.802,0.0340,0.0340,PATROL,0
115.837,0.0342,0.0340,PATROL,0
115.870,0.0339,0.0340,PATROL,0
115.905,0.0341,0.0340,PATROL,0
115.938,0.0338,0.0340,PATROL,0
115.973,0.0344,0.0340,PATROL,0
116.007,0.0339,0.0340,PATROL,0
116.040,0.0337,0.0340,PATROL,0
116.075,0.0341,0.0340,PATROL,0
116.109,0.0341,0.0340,PATROL,0
116.143,0.0339,0.0340,PATROL,0
116.177,0.0342,0.0340,PATROL,0
116.211,0.0338,0.0340,PATROL,0
116.245,0.0342,0.0340,PATROL,0
116.279,0.0338,0.0340,PATROL,0
116.313,0.0342,0.0340,PATROL,0
116.347,0.0343,0.0340,PATROL,0
116.381,0.0337,0.0340,PATROL,0
116.415,0.0340,0.0340,PATROL,0
116.449,0.0339,0.0340,PATROL,0
116.483,0.0342,0.0340,PATROL,0
116.517,0.0339,0.0340,PATROL,0
116.551,0.0341,0.0340,PATROL,0
116.585,0.0341,0.0340,PATROL,0
116.619,0.0338,0.0340,PATROL,0
116.653,0.0341,0.0340,PATROL,0
116.687,0.0339,0.0340,PATROL,0
116.721,0.0341,0.0340,PATROL,0
116.755,0.0340,0.0340,PATROL,0
116.789,0.0339,0.0340,PATROL,0
116.823,0.0342,0.0340,PATROL,0
116.857,0.0340,0.0340,PATROL,0
116.891,0.0340,0.0340,PATROL,0
116.925,0.0340,0.0340,PATROL,0
116.959,0.0340,0.0340,PATROL,0
116.993,0.0340,0.0340,PATROL,0
117.027,0.0341,0.0340,PATROL,0
117.061,0.0339,0.0340,PATROL,0
117.095,0.0342,0.0340,PATROL,0
117.129,0.0339,0.0340,PATROL,0
117.163,0.0341,0.0340,PATROL,0
117.197,0.0339,0.0340,PATROL,0
117.231,0.0341,0.0340,PATROL,0
117.265,0.0340,0.0340,PATROL,0
117.299,0.0339,0.0340,PATROL,0
117.333,0.0342,0.0340,PATROL,0
117.367,0.0340,0.0340,PATROL,0
117.401,0.0339,0.0340,PATROL,0
117.435,0.0340,0.0340,PATROL,0
117.469,0.0340,0.0340,PATROL,0
117.503,0.0342,0.0340,PATROL,0
117.537,0.0342,0.0340,PATROL,0
117.571,0.0338,0.0340,PATROL,0
117.605,0.0339,0.0340,PATROL,0
117.639,0.0339,0.0340,PATROL,0
117.674,0.0348,0.0340,PATROL,0
117.708,0.0338,0.0340,PATROL,0
117.741,0.0339,0.0340,PATROL,0
117.775,0.0339,0.0340,PATROL,0
117.810,0.0342,0.0340,PATROL,0
117.843,0.0338,0.0340,PATROL,0
117.878,0.0343,0.0340,PATROL,0
117.912,0.0339,0.0340,PATROL,0
117.946,0.0341,0.0340,PATROL,0
117.980,0.0339,0.0340,PATROL,0
118.013,0.0338,0.0340,PATROL,0
118.047,0.0341,0.0340,PATROL,0
118.081,0.0339,0.0340,PATROL,0
118.116,0.0345,0.0340,PATROL,0
118.150,0.0340,0.0340,PATROL,0
118.184,0.0340,0.0340,PATROL,0
118.218,0.0338,0.0340,PATROL,0
118.252,0.0341,0.0340,PATROL,0
118.286,0.0339,0.0340,PATROL,0
118.320,0.0340,0.0340,PATROL,0
118.354,0.0340,0.0340,PATROL,0
118.388,0.0340,0.0340,PATROL,0
118.422,0.0341,0.0340,PATROL,0
118.456,0.0339,0.0340,PATROL,0
118.490,0.0340,0.0340,PATROL,0
118.524,0.0343,0.0340,PATROL,0
118.558,0.0341,0.0340,PATROL,0
118.592,0.0339,0.0340,PATROL,0
118.626,0.0340,0.0340,PATROL,0
118.660,0.0341,0.0340,PATROL,0
118.694,0.0338,0.0340,PATROL,0
118.728,0.0340,0.0340,PATROL,0
118.762,0.0340,0.0340,PATROL,0
118.796,0.0341,0.0340,PATROL,0
118.830,0.0340,0.0340,PATROL,0
118.864,0.0339,0.0340,PATROL,0
118.898,0.0340,0.0340,PATROL,0
118.932,0.0341,0.0340,PATROL,0
118.966,0.0340,0.0340,PATROL,0
119.000,0.0342,0.0340,PATROL,0
119.034,0.0340,0.0340,PATROL,0
119.068,0.0340,0.0340,PATROL,0
119.102,0.0341,0.0340,PATROL,0
119.136,0.0340,0.0340,PATROL,0
119.170,0.0342,0.0340,PATROL,0
119.204,0.0336,0.0340,PATROL,0
119.238,0.0342,0.0340,PATROL,0
119.272,0.0340,0.0340,PATROL,0
119.306,0.0339,0.0340,PATROL,0
119.341,0.0344,0.0340,PATROL,0
119.374,0.0337,0.0340,PATROL,0
119.408,0.0338,0.0340,PATROL,0
119.442,0.0341,0.0340,PATROL,0
119.476,0.0342,0.0340,PATROL,0
119.510,0.0341,0.0340,PATROL,0
119.544,0.0337,0.0340,PATROL,0
119.578,0.0342,0.0340,PATROL,0
119.612,0.0339,0.0340,PATROL,0
119.646,0.0342,0.0340,PATROL,0
119.680,0.0339,0.0340,PATROL,0
119.714,0.0340,0.0340,PATROL,0
119.748,0.0342,0.0340,PATROL,0
119.782,0.0338,0.0340,PATROL,0
119.817,0.0343,0.0340,PATROL,0
119.850,0.0338,0.0340,PATROL,0
119.884,0.0339,0.0340,PATROL,0
119.918,0.0340,0.0340,PATROL,0
119.953,0.0344,0.0340,PATROL,0
119.987,0.0338,0.0340,PATROL,0
120.021,0.0339,0.0340,PATROL,0
120.055,0.0340,0.0340,PATROL,0
120.089,0.0342,0.0340,PATROL,0
120.123,0.0339,0.0340,PATROL,0
120.157,0.0341,0.0340,PATROL,0
120.191,0.0338,0.0340,PATROL,0
120.225,0.0342,0.0340,PATROL,0
120.259,0.0338,0.0340,PATROL,0
120.293,0.0342,0.0340,PATROL,0
120.327,0.0340,0.0340,PATROL,0
120.361,0.0339,0.0340,PATROL,0
120.395,0.0340,0.0340,PATROL,0
120.429,0.0340,0.0340,PATROL,0
120.463,0.0341,0.0340,PATROL,0
120.497,0.0341,0.0340,PATROL,0
120.531,0.0339,0.0340,PATROL,0
120.565,0.0339,0.0340,PATROL,0
120.599,0.0341,0.0340,PATROL,0
120.633,0.0341,0.0340,PATROL,0
120.667,0.0341,0.0340,PATROL,0
120.701,0.0339,0.0340,PATROL,0
120.735,0.0340,0.0340,PATROL,0
120.769,0.0341,0.0340,PATROL,0
120.803,0.0343,0.0340,PATROL,0
120.837,0.0337,0.0340,PATROL,0
120.871,0.0339,0.0340,PATROL,0
120.905,0.0340,0.0340,PATROL,0
120.939,0.0341,0.0340,PATROL,0
120.973,0.0338,0.0340,PATROL,0
121.007,0.0341,0.0340,PATROL,0
121.041,0.0341,0.0340,PATROL,0
121.075,0.0339,0.0340,PATROL,0
121.109,0.0340,0.0340,PATROL,0
121.143,0.0341,0.0340,PATROL,0
121.177,0.0344,0.0340,PATROL,0
121.211,0.0338,0.0340,PATROL,0
121.245,0.0339,0.0340,PATROL,0
121.279,0.0341,0.0340,PATROL,0
121.313,0.0340,0.0340,PATROL,0
121.347,0.0341,0.0340,PATROL,0
121.381,0.0338,0.0340,PATROL,0
121.415,0.0341,0.0340,PATROL,0
121.449,0.0341,0.0340,PATROL,0
121.483,0.0340,0.0340,PATROL,0
121.517,0.0340,0.0340,PATROL,0
121.551,0.0341,0.0340,PATROL,0
121.585,0.0340,0.0340,PATROL,0
121.620,0.0343,0.0340,PATROL,0
121.653,0.0336,0.0340,PATROL,0
121.687,0.0341,0.0340,PATROL,0
121.721,0.0340,0.0340,PATROL,0
121.756,0.0341,0.0340,PATROL,0
121.789,0.0339,0.0340,PATROL,0
121.823,0.0340,0.0340,PATROL,0
121.857,0.0340,0.0340,PATROL,0
121.892,0.0341,0.0340,PATROL,0
121.926,0.0340,0.0340,PATROL,0
121.959,0.0339,0.0340,PATROL,0
121.993,0.0340,0.0340,PATROL,0
122.027,0.0340,0.0340,PATROL,0
122.061,0.0340,0.0340,PATROL,0
122.096,0.0340,0.0340,PATROL,0
122.130,0.0342,0.0340,PATROL,0
122.164,0.0340,0.0340,PATROL,0
122.198,0.0339,0.0340,PATROL,0
122.232,0.0341,0.0340,PATROL,0
122.266,0.0342,0.0340,PATROL,0
122.300,0.0338,0.0340,PATROL,0
122.334,0.0339,0.0340,PATROL,0
122.368,0.0340,0.0340,PATROL,0
122.402,0.0341,0.0340,PATROL,0
122.436,0.0339,0.0340,PATROL,0
122.470,0.0341,0.0340,PATROL,0
122.504,0.0339,0.0340,PATROL,0
122.538,0.0341,0.0340,PATROL,0
122.572,0.0341,0.0340,PATROL,0
122.606,0.0339,0.0340,PATROL,0
122.640,0.0340,0.0340,PATROL,0
122.674,0.0338,0.0340,PATROL,0
122.708,0.0342,0.0340,PATROL,0
122.742,0.0339,0.0340,PATROL,0
122.776,0.0340,0.0340,PATROL,0
122.810,0.0343,0.0340,PATROL,0
122.844,0.0339,0.0340,PATROL,0
122.878,0.0339,0.0340,PATROL,0
122.912,0.0340,0.0340,PATROL,0
122.946,0.0341,0.0340,PATROL,0
122.980,0.0340,0.0340,PATROL,0
123.014,0.0340,0.0340,PATROL,0
123.048,0.0339,0.0340,PATROL,0
123.082,0.0342,0.0340,PATROL,0
123.116,0.0338,0.0340,PATROL,0
123.150,0.0341,0.0340,PATROL,0
123.184,0.0340,0.0340,PATROL,0
123.218,0.0340,0.0340,PATROL,0
123.252,0.0340,0.0340,PATROL,0
123.286,0.0341,0.0340,PATROL,0
123.320,0.0340,0.0340,PATROL,0
123.354,0.0340,0.0340,PATROL,0
123.388,0.0341,0.0340,PATROL,0
123.422,0.0337,0.0340,PATROL,0
123.456,0.0342,0.0340,PATROL,0
123.490,0.0339,0.0340,PATROL,0
123.524,0.0339,0.0340,PATROL,0
123.558,0.0341,0.0340,PATROL,0
123.592,0.0339,0.0340,PATROL,0
123.626,0.0340,0.0340,PATROL,0
123.660,0.0341,0.0340,PATROL,0
123.694,0.0340,0.0340,PATROL,0
123.728,0.0339,0.0340,PATROL,0
123.762,0.0339,0.0340,PATROL,0
123.796,0.0341,0.0340,PATROL,0
123.830,0.0343,0.0340,PATROL,0
123.864,0.0339,0.0340,PATROL,0
123.898,0.0340,0.0340,PATROL,0
123.933,0.0342,0.0340,PATROL,0
123.967,0.0340,0.0340,PATROL,0
124.001,0.0341,0.0340,PATROL,0
124.035,0.0339,0.0340,PATROL,0
124.068,0.0339,0.0340,PATROL,0
124.103,0.0342,0.0340,PATROL,0
124.137,0.0339,0.0340,PATROL,0
124.171,0.0341,0.0340,PATROL,0
124.205,0.0340,0.0340,PATROL,0
124.239,0.0339,0.0340,PATROL,0
124.273,0.0341,0.0340,PATROL,0
124.307,0.0339,0.0340,PATROL,0
124.341,0.0340,0.0340,PATROL,0
124.375,0.0339,0.0340,PATROL,0
124.409,0.0340,0.0340,PATROL,0
124.443,0.0341,0.0340,PATROL,0
124.477,0.0339,0.0340,PATROL,0
124.511,0.0342,0.0340,PATROL,0
124.545,0.0340,0.0340,PATROL,0
124.579,0.0340,0.0340,PATROL,0
124.613,0.0341,0.0340,PATROL,0
124.647,0.0340,0.0340,PATROL,0
124.681,0.0340,0.0340,PATROL,0
124.715,0.0339,0.0340,PATROL,0
124.749,0.0340,0.0340,PATROL,0
124.783,0.0342,0.0340,PATROL,0
124.817,0.0338,0.0340,PATROL,0
124.851,0.0341,0.0340,PATROL,0
124.885,0.0340,0.0340,PATROL,0
124.919,0.0339,0.0340,PATROL,0
124.953,0.0342,0.0340,PATROL,0
124.987,0.0341,0.0340,PATROL,0
125.021,0.0341,0.0340,PATROL,0
125.055,0.0337,0.0340,PATROL,0
125.089,0.0340,0.0340,PATROL,0
125.123,0.0342,0.0340,PATROL,0
125.157,0.0340,0.0340,PATROL,0
125.191,0.0338,0.0340,PATROL,0
125.225,0.0340,0.0340,PATROL,0
125.259,0.0342,0.0340,PATROL,0
125.293,0.0339,0.0340,PATROL,0
125.327,0.0340,0.0340,PATROL,0
125.361,0.0340,0.0340,PATROL,0
125.395,0.0340,0.0340,PATROL,0
125.429,0.0341,0.0340,PATROL,0
125.463,0.0340,0.0340,PATROL,0
125.497,0.0341,0.0340,PATROL,0
125.531,0.0341,0.0340,PATROL,0
125.565,0.0340,0.0340,PATROL,0
125.599,0.0338,0.0340,PATROL,0
125.633,0.0340,0.0340,PATROL,0
125.667,0.0341,0.0340,PATROL,0
125.701,0.0340,0.0340,PATROL,0
125.735,0.0340,0.0340,PATROL,0
125.769,0.0341,0.0340,PATROL,0
125.803,0.0339,0.0340,PATROL,0
125.837,0.0342,0.0340,PATROL,0
125.871,0.0341,0.0340,PATROL,0
125.906,0.0346,0.0340,PATROL,0
125.939,0.0334,0.0340,PATROL,0
125.974,0.0342,0.0340,PATROL,0
126.008,0.0344,0.0340,PATROL,0
126.042,0.0336,0.0340,PATROL,0
126.076,0.0342,0.0340,PATROL,0
126.110,0.0338,0.0340,PATROL,0
126.144,0.0342,0.0340,PATROL,0
126.178,0.0339,0.0340,PATROL,0
126.212,0.0341,0.0340,PATROL,0
126.246,0.0339,0.0340,PATROL,0
126.280,0.0339,0.0340,PATROL,0
126.314,0.0343,0.0340,PATROL,0
126.348,0.0339,0.0340,PATROL,0
126.382,0.0340,0.0340,PATROL,0
126.416,0.0339,0.0340,PATROL,0
126.450,0.0342,0.0340,PATROL,0
126.484,0.0340,0.0340,PATROL,0
126.518,0.0340,0.0340,PATROL,0
126.552,0.0339,0.0340,PATROL,0
126.586,0.0344,0.0340,PATROL,0
126.620,0.0337,0.0340,PATROL,0
126.654,0.0341,0.0340,PATROL,0
126.688,0.0339,0.0340,PATROL,0
126.722,0.0340,0.0340,PATROL,0
126.756,0.0340,0.0340,PATROL,0
126.790,0.0341,0.0340,PATROL,0
126.824,0.0339,0.0340,PATROL,0
126.858,0.0341,0.0340,PATROL,0
126.892,0.0343,0.0340,PATROL,0
126.926,0.0337,0.0340,PATROL,0
126.960,0.0341,0.0340,PATROL,0
126.994,0.0340,0.0340,PATROL,0
127.028,0.0341,0.0340,PATROL,0
127.062,0.0340,0.0340,PATROL,0
127.096,0.0340,0.0340,PATROL,0
127.130,0.0339,0.0340,PATROL,0
127.164,0.0341,0.0340,PATROL,0
127.198,0.0340,0.0340,PATROL,0
127.232,0.0340,0.0340,PATROL,0
127.266,0.0339,0.0340,PATROL,0
127.300,0.0341,0.0340,PATROL,0
127.334,0.0340,0.0340,PATROL,0
127.368,0.0342,0.0340,PATROL,0
127.402,0.0339,0.0340,PATROL,0
127.436,0.0341,0.0340,PATROL,0
127.470,0.0338,0.0340,PATROL,0
127.504,0.0343,0.0340,PATROL,0
127.538,0.0341,0.0340,PATROL,0
127.572,0.0341,0.0340,PATROL,0
127.606,0.0339,0.0340,PATROL,0
127.640,0.0339,0.0340,PATROL,0
127.674,0.0341,0.0340,PATROL,0
127.708,0.0340,0.0340,PATROL,0
127.742,0.0340,0.0340,PATROL,0
127.777,0.0342,0.0340,PATROL,0
127.811,0.0340,0.0340,PATROL,0
127.844,0.0339,0.0340,PATROL,0
127.878,0.0340,0.0340,PATROL,0
127.912,0.0340,0.0340,PATROL,0
127.947,0.0342,0.0340,PATROL,0
127.981,0.0340,0.0340,PATROL,0
128.015,0.0341,0.0340,PATROL,0
128.049,0.0340,0.0340,PATROL,0
128.083,0.0339,0.0340,PATROL,0
128.117,0.0339,0.0340,PATROL,0
128.151,0.0340,0.0340,PATROL,0
128.184,0.0339,0.0340,PATROL,0
128.219,0.0342,0.0340,PATROL,0
128.253,0.0341,0.0340,PATROL,0
128.287,0.0339,0.0340,PATROL,0
128.321,0.0339,0.0340,PATROL,0
128.355,0.0340,0.0340,PATROL,0
128.389,0.0342,0.0340,PATROL,0
128.423,0.0338,0.0340,PATROL,0
128.457,0.0340,0.0340,PATROL,0
128.491,0.0342,0.0340,PATROL,0
128.525,0.0339,0.0340,PATROL,0
128.559,0.0340,0.0340,PATROL,0
128.593,0.0341,0.0340,PATROL,0
128.627,0.0341,0.0340,PATROL,0
128.661,0.0338,0.0340,PATROL,0
128.695,0.0341,0.0340,PATROL,0
128.729,0.0338,0.0340,PATROL,0
128.763,0.0344,0.0340,PATROL,0
128.797,0.0336,0.0340,PATROL,0
128.831,0.0340,0.0340,PATROL,0
128.865,0.0344,0.0340,PATROL,0
128.899,0.0337,0.0340,PATROL,0
128.933,0.0341,0.0340,PATROL,0
128.967,0.0341,0.0340,PATROL,0
129.001,0.0338,0.0340,PATROL,0
129.035,0.0340,0.0340,PATROL,0
129.069,0.0341,0.0340,PATROL,0
129.103,0.0343,0.0340,PATROL,0
129.137,0.0339,0.0340,PATROL,0
129.171,0.0340,0.0340,PATROL,0
129.205,0.0339,0.0340,PATROL,0
129.239,0.0340,0.0340,PATROL,0
129.273,0.0341,0.0340,PATROL,0
129.307,0.0341,0.0340,PATROL,0
129.341,0.0339,0.0340,PATROL,0
129.375,0.0340,0.0340,PATROL,0
129.409,0.0339,0.0340,PATROL,0
129.443,0.0345,0.0340,PATROL,0
129.477,0.0336,0.0340,PATROL,0
129.511,0.0341,0.0340,PATROL,0
129.545,0.0339,0.0340,PATROL,0
129.579,0.0342,0.0340,PATROL,0
129.613,0.0338,0.0340,PATROL,0
129.647,0.0343,0.0340,PATROL,0
129.681,0.0337,0.0340,PATROL,0
129.716,0.0348,0.0340,PATROL,0
129.749,0.0333,0.0340,PATROL,0
129.783,0.0340,0.0340,PATROL,0
129.817,0.0338,0.0340,PATROL,0
129.851,0.0341,0.0340,PATROL,0
129.885,0.0341,0.0340,PATROL,0
129.919,0.0338,0.0340,PATROL,0
129.953,0.0341,0.0340,PATROL,0
129.987,0.0341,0.0340,PATROL,0
130.021,0.0338,0.0340,PATROL,0
130.055,0.0340,0.0340,PATROL,0
130.089,0.0340,0.0340,PATROL,0
130.123,0.0340,0.0340,PATROL,0
130.157,0.0342,0.0340,PATROL,0
130.191,0.0340,0.0340,PATROL,0
130.225,0.0338,0.0340,PATROL,0
130.259,0.0341,0.0340,PATROL,0
130.293,0.0339,0.0340,PATROL,0
130.327,0.0340,0.0340,PATROL,0
130.361,0.0340,0.0340,PATROL,0
130.395,0.0342,0.0340,PATROL,0
130.429,0.0338,0.0340,PATROL,0
130.463,0.0341,0.0340,PATROL,0
130.497,0.0341,0.0340,PATROL,0
130.531,0.0341,0.0340,PATROL,0
130.565,0.0341,0.0340,PATROL,0
130.600,0.0341,0.0340,PATROL,0
130.634,0.0340,0.0340,PATROL,0
130.668,0.0341,0.0340,PATROL,0
130.702,0.0341,0.0340,PATROL,0
130.736,0.0343,0.0340,PATROL,0
130.770,0.0338,0.0340,PATROL,0
130.804,0.0339,0.0340,PATROL,0
130.838,0.0340,0.0340,PATROL,0
130.872,0.0342,0.0340,PATROL,0
130.906,0.0341,0.0340,PATROL,0
130.940,0.0340,0.0340,PATROL,0
130.974,0.0340,0.0340,PATROL,0
131.008,0.0341,0.0340,PATROL,0
131.042,0.0341,0.0340,PATROL,0
131.076,0.0340,0.0340,PATROL,0
131.110,0.0342,0.0340,PATROL,0
131.144,0.0338,0.0340,PATROL,0
131.178,0.0340,0.0340,PATROL,0
131.212,0.0343,0.0340,PATROL,0
131.246,0.0339,0.0340,PATROL,0
131.280,0.0339,0.0340,PATROL,0
131.314,0.0340,0.0340,PATROL,0
131.348,0.0341,0.0340,PATROL,0
131.382,0.0339,0.0340,PATROL,0
131.416,0.0343,0.0340,PATROL,0
131.450,0.0339,0.0340,PATROL,0
131.484,0.0341,0.0340,PATROL,0
131.518,0.0339,0.0340,PATROL,0
131.552,0.0340,0.0340,PATROL,0
131.586,0.0341,0.0340,PATROL,0
131.620,0.0339,0.0340,PATROL,0
131.654,0.0341,0.0340,PATROL,0
131.688,0.0339,0.0340,PATROL,0
131.722,0.0340,0.0340,PATROL,0
131.756,0.0341,0.0340,PATROL,0
131.790,0.0339,0.0340,PATROL,0
131.825,0.0342,0.0340,PATROL,0
131.858,0.0339,0.0340,PATROL,0
131.892,0.0340,0.0340,PATROL,0
131.926,0.0341,0.0340,PATROL,0
131.961,0.0340,0.0340,PATROL,0
131.995,0.0341,0.0340,PATROL,0
132.029,0.0341,0.0340,PATROL,0
132.063,0.0339,0.0340,PATROL,0
132.097,0.0341,0.0340,PATROL,0
132.131,0.0341,0.0340,PATROL,0
132.165,0.0338,0.0340,PATROL,0
132.199,0.0341,0.0340,PATROL,0
132.233,0.0340,0.0340,PATROL,0
132.267,0.0339,0.0340,PATROL,0
132.301,0.0342,0.0340,PATROL,0
132.335,0.0339,0.0340,PATROL,0
132.369,0.0340,0.0340,PATROL,0
132.403,0.0340,0.0340,PATROL,0
132.437,0.0339,0.0340,PATROL,0
132.471,0.0341,0.0340,PATROL,0
132.505,0.0341,0.0340,PATROL,0
132.539,0.0341,0.0340,PATROL,0
132.573,0.0339,0.0340,PATROL,0
132.607,0.0340,0.0340,PATROL,0
132.641,0.0341,0.0340,PATROL,0
132.675,0.0343,0.0340,PATROL,0
132.709,0.0336,0.0340,PATROL,0
132.743,0.0341,0.0340,PATROL,0
132.777,0.0341,0.0340,PATROL,0
132.811,0.0340,0.0340,PATROL,0
132.845,0.0340,0.0340,PATROL,0
132.879,0.0340,0.0340,PATROL,0
132.913,0.0339,0.0340,PATROL,0
132.947,0.0342,0.0340,PATROL,0
132.981,0.0338,0.0340,PATROL,0
133.015,0.0343,0.0340,PATROL,0
133.049,0.0343,0.0340,PATROL,0
133.083,0.0340,0.0340,PATROL,0
133.118,0.0342,0.0340,PATROL,0
133.151,0.0334,0.0340,PATROL,0
133.185,0.0340,0.0340,PATROL,0
133.219,0.0340,0.0340,PATROL,0
133.253,0.0342,0.0340,PATROL,0
133.287,0.0341,0.0340,PATROL,0
133.321,0.0338,0.0340,PATROL,0
133.355,0.0342,0.0340,PATROL,0
133.389,0.0338,0.0340,PATROL,0
133.423,0.0341,0.0340,PATROL,0
133.457,0.0339,0.0340,PATROL,0
133.491,0.0340,0.0340,PATROL,0
133.525,0.0341,0.0340,PATROL,0
133.559,0.0339,0.0340,PATROL,0
133.593,0.0340,0.0340,PATROL,0
133.627,0.0342,0.0340,PATROL,0
133.661,0.0339,0.0340,PATROL,0
133.695,0.0341,0.0340,PATROL,0
133.729,0.0339,0.0340,PATROL,0
133.763,0.0339,0.0340,PATROL,0
133.797,0.0341,0.0340,PATROL,0
133.831,0.0341,0.0340,PATROL,0
133.865,0.0340,0.0340,PATROL,0
133.899,0.0341,0.0340,PATROL,0
133.933,0.0341,0.0340,PATROL,0
133.967,0.0340,0.0340,PATROL,0
134.002,0.0343,0.0340,PATROL,0
134.035,0.0338,0.0340,PATROL,0
134.070,0.0341,0.0340,PATROL,0
134.104,0.0340,0.0340,PATROL,0
134.138,0.0340,0.0340,PATROL,0
134.172,0.0342,0.0340,PATROL,0
134.206,0.0342,0.0340,PATROL,0
134.240,0.0336,0.0340,PATROL,0
134.274,0.0341,0.0340,PATROL,0
134.308,0.0339,0.0340,PATROL,0
134.342,0.0341,0.0340,PATROL,0
134.376,0.0341,0.0340,PATROL,0
134.410,0.0340,0.0340,PATROL,0
134.444,0.0342,0.0340,PATROL,0
134.478,0.0340,0.0340,PATROL,0
134.512,0.0339,0.0340,PATROL,0
134.546,0.0344,0.0340,PATROL,0
134.580,0.0339,0.0340,PATROL,0
134.614,0.0337,0.0340,PATROL,0
134.648,0.0341,0.0340,PATROL,0
134.682,0.0341,0.0340,PATROL,0
134.716,0.0342,0.0340,PATROL,0
134.750,0.0339,0.0340,PATROL,0
134.784,0.0341,0.0340,PATROL,0
134.818,0.0339,0.0340,PATROL,0
134.852,0.0340,0.0340,PATROL,0
134.886,0.0339,0.0340,PATROL,0
134.920,0.0340,0.0340,PATROL,0
134.954,0.0340,0.0340,PATROL,0
134.988,0.0342,0.0340,PATROL,0
135.022,0.0340,0.0340,PATROL,0
135.056,0.0342,0.0340,PATROL,0
135.090,0.0338,0.0340,PATROL,0
135.124,0.0343,0.0340,PATROL,0
135.158,0.0338,0.0340,PATROL,0
135.192,0.0341,0.0340,PATROL,0
135.226,0.0340,0.0340,PATROL,0
135.260,0.0339,0.0340,PATROL,0
135.294,0.0339,0.0340,PATROL,0
135.328,0.0341,0.0340,PATROL,0
135.362,0.0340,0.0340,PATROL,0
135.396,0.0340,0.0340,PATROL,0
135.430,0.0339,0.0340,PATROL,0
135.464,0.0341,0.0340,PATROL,0
135.498,0.0341,0.0340,PATROL,0
135.532,0.0340,0.0340,PATROL,0
135.566,0.0338,0.0340,PATROL,0
135.600,0.0340,0.0340,PATROL,0
135.634,0.0340,0.0340,PATROL,0
135.668,0.0341,0.0340,PATROL,0
135.702,0.0338,0.0340,PATROL,0
135.736,0.0340,0.0340,PATROL,0
135.770,0.0340,0.0340,PATROL,0
135.804,0.0341,0.0340,PATROL,0
135.838,0.0339,0.0340,PATROL,0
135.872,0.0340,0.0340,PATROL,0
135.906,0.0342,0.0340,PATROL,0
135.940,0.0337,0.0340,PATROL,0
135.974,0.0341,0.0340,PATROL,0
136.008,0.0339,0.0340,PATROL,0
136.042,0.0341,0.0340,PATROL,0
136.076,0.0343,0.0340,PATROL,0
136.110,0.0340,0.0340,PATROL,0
136.144,0.0340,0.0340,PATROL,0
136.178,0.0340,0.0340,PATROL,0
136.213,0.0342,0.0340,PATROL,0
136.247,0.0339,0.0340,PATROL,0
136.281,0.0341,0.0340,PATROL,0
136.315,0.0341,0.0340,PATROL,0
136.349,0.0340,0.0340,PATROL,0
136.383,0.0339,0.0340,PATROL,0
136.417,0.0341,0.0340,PATROL,0
136.451,0.0341,0.0340,PATROL,0
136.485,0.0340,0.0340,PATROL,0
136.519,0.0342,0.0340,PATROL,0
136.553,0.0337,0.0340,PATROL,0
136.587,0.0340,0.0340,PATROL,0
136.621,0.0341,0.0340,PATROL,0
136.655,0.0339,0.0340,PATROL,0
136.689,0.0340,0.0340,PATROL,0
136.723,0.0342,0.0340,PATROL,0
136.757,0.0342,0.0340,PATROL,0
136.791,0.0339,0.0340,PATROL,0
136.825,0.0339,0.0340,PATROL,0
136.859,0.0339,0.0340,PATROL,0
136.893,0.0339,0.0340,PATROL,0
136.927,0.0341,0.0340,PATROL,0
136.961,0.0340,0.0340,PATROL,0
136.995,0.0343,0.0340,PATROL,0
137.029,0.0338,0.0340,PATROL,0
137.063,0.0340,0.0340,PATROL,0
137.097,0.0340,0.0340,PATROL,0
137.131,0.0342,0.0340,PATROL,0
137.165,0.0338,0.0340,PATROL,0
137.199,0.0339,0.0340,PATROL,0
137.233,0.0341,0.0340,PATROL,0
137.267,0.0341,0.0340,PATROL,0
137.301,0.0340,0.0340,PATROL,0
137.335,0.0340,0.0340,PATROL,0
137.369,0.0339,0.0340,PATROL,0
137.403,0.0340,0.0340,PATROL,0
137.437,0.0341,0.0340,PATROL,0
137.471,0.0341,0.0340,PATROL,0
137.505,0.0338,0.0340,PATROL,0
137.539,0.0344,0.0340,PATROL,0
137.573,0.0337,0.0340,PATROL,0
137.607,0.0339,0.0340,PATROL,0
137.641,0.0341,0.0340,PATROL,0
137.675,0.0341,0.0340,PATROL,0
137.709,0.0340,0.0340,PATROL,0
137.743,0.0341,0.0340,PATROL,0
137.777,0.0339,0.0340,PATROL,0
137.812,0.0342,0.0340,PATROL,0
137.845,0.0339,0.0340,PATROL,0
137.879,0.0340,0.0340,PATROL,0
137.913,0.0340,0.0340,PATROL,0
137.947,0.0340,0.0340,PATROL,0
137.982,0.0340,0.0340,PATROL,0
138.016,0.0342,0.0340,PATROL,0
138.050,0.0340,0.0340,PATROL,0
138.084,0.0339,0.0340,PATROL,0
138.118,0.0342,0.0340,PATROL,0
138.152,0.0340,0.0340,PATROL,0
138.186,0.0339,0.0340,PATROL,0
138.220,0.0346,0.0340,PATROL,0
138.254,0.0333,0.0340,PATROL,0
138.288,0.0341,0.0340,PATROL,0
138.322,0.0339,0.0340,PATROL,0
138.356,0.0342,0.0340,PATROL,0
138.390,0.0340,0.0340,PATROL,0
138.424,0.0339,0.0340,PATROL,0
138.458,0.0342,0.0340,PATROL,0
138.492,0.0344,0.0340,PATROL,0
138.526,0.0337,0.0340,PATROL,0
138.560,0.0338,0.0340,PATROL,0
138.594,0.0340,0.0340,PATROL,0
138.628,0.0341,0.0340,PATROL,0
138.662,0.0342,0.0340,PATROL,0
138.696,0.0338,0.0340,PATROL,0
138.730,0.0341,0.0340,PATROL,0
138.764,0.0339,0.0340,PATROL,0
138.798,0.0340,0.0340,PATROL,0
138.832,0.0340,0.0340,PATROL,0
138.866,0.0339,0.0340,PATROL,0
138.900,0.0344,0.0340,PATROL,0
138.934,0.0338,0.0340,PATROL,0
138.968,0.0342,0.0340,PATROL,0
139.002,0.0338,0.0340,PATROL,0
139.036,0.0344,0.0340,PATROL,0
139.070,0.0336,0.0340,PATROL,0
139.104,0.0340,0.0340,PATROL,0
139.138,0.0341,0.0340,PATROL,0
139.172,0.0341,0.0340,PATROL,0
139.206,0.0340,0.0340,PATROL,0
139.240,0.0341,0.0340,PATROL,0
139.274,0.0340,0.0340,PATROL,0
139.308,0.0340,0.0340,PATROL,0
139.342,0.0339,0.0340,PATROL,0
139.376,0.0339,0.0340,PATROL,0
139.410,0.0341,0.0340,PATROL,0
139.444,0.0340,0.0340,PATROL,0
139.478,0.0340,0.0340,PATROL,0
139.512,0.0341,0.0340,PATROL,0
139.546,0.0341,0.0340,PATROL,0
139.580,0.0339,0.0340,PATROL,0
139.614,0.0339,0.0340,PATROL,0
139.648,0.0341,0.0340,PATROL,0
139.682,0.0340,0.0340,PATROL,0
139.716,0.0340,0.0340,PATROL,0
139.750,0.0339,0.0340,PATROL,0
139.784,0.0341,0.0340,PATROL,0
139.818,0.0340,0.0340,PATROL,0
139.852,0.0341,0.0340,PATROL,0
139.886,0.0340,0.0340,PATROL,0
139.920,0.0341,0.0340,PATROL,0
139.954,0.0339,0.0340,PATROL,0
139.988,0.0340,0.0340,PATROL,0
140.022,0.0339,0.0340,PATROL,0
140.056,0.0341,0.0340,PATROL,0
140.090,0.0340,0.0340,PATROL,0
140.124,0.0340,0.0340,PATROL,0
140.158,0.0341,0.0340,PATROL,0
140.192,0.0339,0.0340,PATROL,0
140.226,0.0340,0.0340,PATROL,0
140.260,0.0343,0.0340,PATROL,0
140.295,0.0343,0.0340,PATROL,0
140.329,0.0340,0.0340,PATROL,0
140.363,0.0340,0.0340,PATROL,0
140.397,0.0341,0.0340,PATROL,0
140.431,0.0340,0.0340,PATROL,0
140.465,0.0342,0.0340,PATROL,0
140.499,0.0338,0.0340,PATROL,0
140.533,0.0341,0.0340,PATROL,0
140.567,0.0339,0.0340,PATROL,0
140.601,0.0340,0.0340,PATROL,0
140.635,0.0342,0.0340,PATROL,0
140.669,0.0339,0.0340,PATROL,0
140.703,0.0340,0.0340,PATROL,0
140.737,0.0340,0.0340,PATROL,0
140.771,0.0339,0.0340,PATROL,0
140.805,0.0342,0.0340,PATROL,0
140.839,0.0338,0.0340,PATROL,0
140.873,0.0342,0.0340,PATROL,0
140.907,0.0340,0.0340,PATROL,0
140.941,0.0342,0.0340,PATROL,0
140.975,0.0336,0.0340,PATROL,0
141.009,0.0344,0.0340,PATROL,0
141.043,0.0340,0.0340,PATROL,0
141.077,0.0339,0.0340,PATROL,0
141.111,0.0340,0.0340,PATROL,0
141.145,0.0341,0.0340,PATROL,0
141.180,0.0342,0.0340,PATROL,0
141.213,0.0338,0.0340,PATROL,0
141.247,0.0340,0.0340,PATROL,0
141.281,0.0339,0.0340,PATROL,0
141.315,0.0341,0.0340,PATROL,0
141.349,0.0339,0.0340,PATROL,0
141.383,0.0340,0.0340,PATROL,0
141.417,0.0340,0.0340,PATROL,0
141.452,0.0342,0.0340,PATROL,0
141.485,0.0339,0.0340,PATROL,0
141.520,0.0342,0.0340,PATROL,0
141.554,0.0339,0.0340,PATROL,0
141.587,0.0338,0.0340,PATROL,0
141.622,0.0342,0.0340,PATROL,0
141.656,0.0340,0.0340,PATROL,0
141.690,0.0341,0.0340,PATROL,0
141.723,0.0339,0.0340,PATROL,0
141.758,0.0343,0.0340,PATROL,0
141.792,0.0338,0.0340,PATROL,0
141.826,0.0342,0.0340,PATROL,0
141.860,0.0344,0.0340,PATROL,0
141.894,0.0335,0.0340,PATROL,0
141.928,0.0340,0.0340,PATROL,0
141.962,0.0339,0.0340,PATROL,0
141.996,0.0345,0.0340,PATROL,0
142.030,0.0339,0.0340,PATROL,0
142.064,0.0338,0.0340,PATROL,0
142.098,0.0340,0.0340,PATROL,0
142.132,0.0339,0.0340,PATROL,0
142.166,0.0340,0.0340,PATROL,0
142.200,0.0339,0.0340,PATROL,0
142.234,0.0341,0.0340,PATROL,0
142.268,0.0341,0.0340,PATROL,0
142.302,0.0340,0.0340,PATROL,0
142.336,0.0341,0.0340,PATROL,0
142.370,0.0341,0.0340,PATROL,0
142.404,0.0339,0.0340,PATROL,0
142.438,0.0340,0.0340,PATROL,0
142.472,0.0341,0.0340,PATROL,0
142.506,0.0340,0.0340,PATROL,0
142.540,0.0341,0.0340,PATROL,0
142.574,0.0339,0.0340,PATROL,0
142.608,0.0342,0.0340,PATROL,0
142.642,0.0339,0.0340,PATROL,0
142.676,0.0341,0.0340,PATROL,0
142.710,0.0340,0.0340,PATROL,0
142.744,0.0339,0.0340,PATROL,0
142.779,0.0345,0.0340,PATROL,0
142.812,0.0337,0.0340,PATROL,0
142.846,0.0340,0.0340,PATROL,0
142.880,0.0340,0.0340,PATROL,0
142.914,0.0339,0.0340,PATROL,0
142.948,0.0340,0.0340,PATROL,0
142.982,0.0342,0.0340,PATROL,0
143.016,0.0341,0.0340,PATROL,0
143.051,0.0341,0.0340,PATROL,0
143.084,0.0339,0.0340,PATROL,0
143.119,0.0341,0.0340,PATROL,0
143.153,0.0340,0.0340,PATROL,0
143.186,0.0339,0.0340,PATROL,0
143.220,0.0340,0.0340,PATROL,0
143.254,0.0340,0.0340,PATROL,0
143.289,0.0342,0.0340,PATROL,0
143.323,0.0341,0.0340,PATROL,0
143.357,0.0339,0.0340,PATROL,0
143.391,0.0339,0.0340,PATROL,0
143.424,0.0339,0.0340,PATROL,0
143.459,0.0342,0.0340,PATROL,0
143.492,0.0339,0.0340,PATROL,0
143.527,0.0340,0.0340,PATROL,0
143.561,0.0341,0.0340,PATROL,0
143.595,0.0341,0.0340,PATROL,0
143.629,0.0339,0.0340,PATROL,0
143.663,0.0340,0.0340,PATROL,0
143.697,0.0341,0.0340,PATROL,0
143.731,0.0342,0.0340,PATROL,0
143.765,0.0338,0.0340,PATROL,0
143.799,0.0339,0.0340,PATROL,0
143.833,0.0341,0.0340,PATROL,0
143.867,0.0341,0.0340,PATROL,0
143.901,0.0342,0.0340,PATROL,0
143.935,0.0340,0.0340,PATROL,0
143.969,0.0338,0.0340,PATROL,0
144.003,0.0339,0.0340,PATROL,0
144.037,0.0342,0.0340,PATROL,0
144.071,0.0340,0.0340,PATROL,0
144.105,0.0340,0.0340,PATROL,0
144.139,0.0341,0.0340,PATROL,0
144.173,0.0340,0.0340,PATROL,0
144.207,0.0338,0.0340,PATROL,0
144.241,0.0342,0.0340,PATROL,0
144.275,0.0339,0.0340,PATROL,0
144.309,0.0340,0.0340,PATROL,0
144.343,0.0340,0.0340,PATROL,0
144.377,0.0341,0.0340,PATROL,0
144.411,0.0341,0.0340,PATROL,0
144.445,0.0340,0.0340,PATROL,0
144.479,0.0340,0.0340,PATROL,0
144.513,0.0340,0.0340,PATROL,0
144.547,0.0340,0.0340,PATROL,0
144.581,0.0341,0.0340,PATROL,0
144.615,0.0341,0.0340,PATROL,0
144.649,0.0338,0.0340,PATROL,0
144.683,0.0341,0.0340,PATROL,0
144.717,0.0339,0.0340,PATROL,0
144.751,0.0340,0.0340,PATROL,0
144.785,0.0339,0.0340,PATROL,0
144.819,0.0341,0.0340,PATROL,0
144.853,0.0340,0.0340,PATROL,0
144.887,0.0341,0.0340,PATROL,0
144.921,0.0340,0.0340,PATROL,0
144.955,0.0340,0.0340,PATROL,0
144.990,0.0341,0.0340,PATROL,0
145.023,0.0339,0.0340,PATROL,0
145.057,0.0338,0.0340,PATROL,0
145.092,0.0344,0.0340,PATROL,0
145.125,0.0336,0.0340,PATROL,0
145.159,0.0341,0.0340,PATROL,0
145.193,0.0341,0.0340,PATROL,0
145.228,0.0341,0.0340,PATROL,0
145.261,0.0340,0.0340,PATROL,0
145.296,0.0340,0.0340,PATROL,0
145.330,0.0340,0.0340,PATROL,0
145.364,0.0340,0.0340,PATROL,0
145.398,0.0341,0.0340,PATROL,0
145.432,0.0341,0.0340,PATROL,0
145.466,0.0341,0.0340,PATROL,0
145.500,0.0341,0.0340,PATROL,0
145.534,0.0339,0.0340,PATROL,0
145.568,0.0340,0.0340,PATROL,0
145.602,0.0339,0.0340,PATROL,0
145.636,0.0341,0.0340,PATROL,0
145.670,0.0338,0.0340,PATROL,0
145.704,0.0340,0.0340,PATROL,0
145.738,0.0341,0.0340,PATROL,0
145.772,0.0338,0.0340,PATROL,0
145.806,0.0342,0.0340,PATROL,0
145.840,0.0341,0.0340,PATROL,0
145.874,0.0337,0.0340,PATROL,0
145.908,0.0342,0.0340,PATROL,0
145.942,0.0338,0.0340,PATROL,0
145.976,0.0340,0.0340,PATROL,0
146.010,0.0340,0.0340,PATROL,0
146.044,0.0342,0.0340,PATROL,0
146.078,0.0339,0.0340,PATROL,0
146.112,0.0342,0.0340,PATROL,0
146.146,0.0341,0.0340,PATROL,0
146.180,0.0339,0.0340,PATROL,0
146.214,0.0341,0.0340,PATROL,0
146.248,0.0338,0.0340,PATROL,0
146.282,0.0341,0.0340,PATROL,0
146.316,0.0342,0.0340,PATROL,0
146.350,0.0338,0.0340,PATROL,0
146.384,0.0341,0.0340,PATROL,0
146.418,0.0340,0.0340,PATROL,0
146.452,0.0341,0.0340,PATROL,0
146.486,0.0339,0.0340,PATROL,0
146.520,0.0342,0.0340,PATROL,0
146.554,0.0338,0.0340,PATROL,0
146.588,0.0342,0.0340,PATROL,0
146.622,0.0339,0.0340,PATROL,0
146.656,0.0339,0.0340,PATROL,0
146.690,0.0340,0.0340,PATROL,0
146.724,0.0343,0.0340,PATROL,0
146.758,0.0339,0.0340,PATROL,0
146.792,0.0340,0.0340,PATROL,0
146.826,0.0342,0.0340,PATROL,0
146.860,0.0337,0.0340,PATROL,0
146.894,0.0339,0.0340,PATROL,0
146.928,0.0341,0.0340,PATROL,0
146.962,0.0339,0.0340,PATROL,0
146.996,0.0339,0.0340,PATROL,0
147.030,0.0341,0.0340,PATROL,0
147.064,0.0342,0.0340,PATROL,0
147.098,0.0338,0.0340,PATROL,0
147.133,0.0345,0.0340,PATROL,0
147.166,0.0335,0.0340,PATROL,0
147.200,0.0341,0.0340,PATROL,0
147.234,0.0341,0.0340,PATROL,0
147.268,0.0338,0.0340,PATROL,0
147.302,0.0342,0.0340,PATROL,0
147.336,0.0338,0.0340,PATROL,0
147.370,0.0340,0.0340,PATROL,0
147.404,0.0342,0.0340,PATROL,0
147.438,0.0338,0.0340,PATROL,0
147.472,0.0340,0.0340,PATROL,0
147.506,0.0341,0.0340,PATROL,0
147.540,0.0339,0.0340,PATROL,0
147.574,0.0340,0.0340,PATROL,0
147.608,0.0341,0.0340,PATROL,0
147.642,0.0339,0.0340,PATROL,0
147.676,0.0342,0.0340,PATROL,0
147.710,0.0339,0.0340,PATROL,0
147.744,0.0340,0.0340,PATROL,0
147.778,0.0342,0.0340,PATROL,0
147.812,0.0338,0.0340,PATROL,0
147.846,0.0340,0.0340,PATROL,0
147.880,0.0341,0.0340,PATROL,0
147.914,0.0339,0.0340,PATROL,0
147.948,0.0339,0.0340,PATROL,0
147.982,0.0340,0.0340,PATROL,0
148.016,0.0339,0.0340,PATROL,0
148.050,0.0341,0.0340,PATROL,0
148.084,0.0341,0.0340,PATROL,0
148.118,0.0339,0.0340,PATROL,0
148.152,0.0342,0.0340,PATROL,0
148.186,0.0338,0.0340,PATROL,0
148.220,0.0341,0.0340,PATROL,0
148.254,0.0341,0.0340,PATROL,0
148.288,0.0340,0.0340,PATROL,0
148.322,0.0342,0.0340,PATROL,0
148.356,0.0342,0.0340,PATROL,0
148.391,0.0344,0.0340,PATROL,0
148.425,0.0342,0.0340,PATROL,0
148.459,0.0338,0.0340,PATROL,0
148.493,0.0344,0.0340,PATROL,0
148.527,0.0338,0.0340,PATROL,0
148.561,0.0343,0.0340,PATROL,0
148.595,0.0337,0.0340,PATROL,0
148.629,0.0340,0.0340,PATROL,0
148.663,0.0341,0.0340,PATROL,0
148.697,0.0339,0.0340,PATROL,0
148.731,0.0344,0.0340,PATROL,0
148.766,0.0340,0.0340,PATROL,0
148.799,0.0338,0.0340,PATROL,0
148.833,0.0338,0.0340,PATROL,0
148.867,0.0340,0.0340,PATROL,0
148.901,0.0340,0.0340,PATROL,0
148.935,0.0343,0.0340,PATROL,0
148.969,0.0337,0.0340,PATROL,0
149.003,0.0340,0.0340,PATROL,0
149.037,0.0340,0.0340,PATROL,0
149.071,0.0341,0.0340,PATROL,0
149.105,0.0340,0.0340,PATROL,0
149.139,0.0341,0.0340,PATROL,0
149.173,0.0339,0.0340,PATROL,0
149.207,0.0339,0.0340,PATROL,0
149.241,0.0340,0.0340,PATROL,0
149.275,0.0342,0.0340,PATROL,0
149.309,0.0340,0.0340,PATROL,0
149.343,0.0339,0.0340,PATROL,0
149.377,0.0340,0.0340,PATROL,0
149.411,0.0341,0.0340,PATROL,0
149.445,0.0339,0.0340,PATROL,0
149.479,0.0340,0.0340,PATROL,0
149.513,0.0340,0.0340,PATROL,0
149.547,0.0343,0.0340,PATROL,0
149.581,0.0338,0.0340,PATROL,0
149.615,0.0339,0.0340,PATROL,0
149.649,0.0341,0.0340,PATROL,0
149.683,0.0340,0.0340,PATROL,0
149.717,0.0338,0.0340,PATROL,0
149.751,0.0340,0.0340,PATROL,0
149.785,0.0341,0.0340,PATROL,0
149.819,0.0340,0.0340,PATROL,0
149.853,0.0341,0.0340,PATROL,0
149.887,0.0342,0.0340,PATROL,0
149.921,0.0337,0.0340,PATROL,0
149.955,0.0340,0.0340,PATROL,0
149.989,0.0342,0.0340,PATROL,0
150.023,0.0338,0.0340,PATROL,0
150.057,0.0344,0.0340,PATROL,0
150.091,0.0341,0.0340,PATROL,0
150.126,0.0347,0.0340,PATROL,0
150.160,0.0337,0.0340,PATROL,0
150.194,0.0342,0.0340,PATROL,0
150.228,0.0339,0.0340,PATROL,0
150.262,0.0341,0.0340,PATROL,0
150.296,0.0339,0.0340,PATROL,0
150.330,0.0340,0.0340,PATROL,0
150.364,0.0343,0.0340,PATROL,0
150.398,0.0339,0.0340,PATROL,0
150.432,0.0341,0.0340,PATROL,0
150.466,0.0339,0.0340,PATROL,0
150.500,0.0343,0.0340,PATROL,0
150.534,0.0337,0.0340,PATROL,0
150.568,0.0341,0.0340,PATROL,0
150.602,0.0340,0.0340,PATROL,0
150.636,0.0342,0.0340,PATROL,0
150.670,0.0338,0.0340,PATROL,0
150.704,0.0340,0.0340,PATROL,0
150.738,0.0341,0.0340,PATROL,0
150.772,0.0341,0.0340,PATROL,0
150.806,0.0338,0.0340,PATROL,0
150.840,0.0341,0.0340,PATROL,0
150.874,0.0338,0.0340,PATROL,0
150.909,0.0346,0.0340,PATROL,0
150.942,0.0334,0.0340,PATROL,0
150.976,0.0341,0.0340,PATROL,0
151.010,0.0340,0.0340,PATROL,0
151.044,0.0340,0.0340,PATROL,0
151.078,0.0339,0.0340,PATROL,0
151.112,0.0340,0.0340,PATROL,0
151.146,0.0340,0.0340,PATROL,0
151.180,0.0341,0.0340,PATROL,0
151.214,0.0339,0.0340,PATROL,0
151.248,0.0340,0.0340,PATROL,0
151.282,0.0341,0.0340,PATROL,0
151.316,0.0339,0.0340,PATROL,0
151.350,0.0339,0.0340,PATROL,0
151.384,0.0340,0.0340,PATROL,0
151.418,0.0340,0.0340,PATROL,0
151.452,0.0344,0.0340,PATROL,0
151.486,0.0341,0.0340,PATROL,0
151.520,0.0340,0.0340,PATROL,0
151.555,0.0342,0.0340,PATROL,0
151.589,0.0341,0.0340,PATROL,0
151.623,0.0340,0.0340,PATROL,0
151.657,0.0343,0.0340,PATROL,0
151.691,0.0340,0.0340,PATROL,0
151.725,0.0340,0.0340,PATROL,0
151.759,0.0340,0.0340,PATROL,0
151.793,0.0339,0.0340,PATROL,0
151.827,0.0342,0.0340,PATROL,0
151.861,0.0340,0.0340,PATROL,0
151.895,0.0338,0.0340,PATROL,0
151.929,0.0343,0.0340,PATROL,0
151.963,0.0337,0.0340,PATROL,0
151.997,0.0341,0.0340,PATROL,0
152.031,0.0340,0.0340,PATROL,0
152.065,0.0340,0.0340,PATROL,0
152.099,0.0340,0.0340,PATROL,0
152.133,0.0339,0.0340,PATROL,0
152.167,0.0341,0.0340,PATROL,0
152.201,0.0343,0.0340,PATROL,0
152.235,0.0340,0.0340,PATROL,0
152.269,0.0340,0.0340,PATROL,0
152.303,0.0339,0.0340,PATROL,0
152.337,0.0340,0.0340,PATROL,0
152.371,0.0340,0.0340,PATROL,0
152.405,0.0342,0.0340,PATROL,0
152.439,0.0338,0.0340,PATROL,0
152.473,0.0340,0.0340,PATROL,0
152.507,0.0341,0.0340,PATROL,0
152.541,0.0340,0.0340,PATROL,0
152.575,0.0342,0.0340,PATROL,0
152.609,0.0340,0.0340,PATROL,0
152.643,0.0339,0.0340,PATROL,0
152.677,0.0341,0.0340,PATROL,0
152.711,0.0339,0.0340,PATROL,0
152.745,0.0340,0.0340,PATROL,0
152.780,0.0342,0.0340,PATROL,0
152.813,0.0338,0.0340,PATROL,0
152.847,0.0340,0.0340,PATROL,0
152.881,0.0340,0.0340,PATROL,0
152.916,0.0341,0.0340,PATROL,0
152.950,0.0340,0.0340,PATROL,0
152.983,0.0339,0.0340,PATROL,0
153.017,0.0341,0.0340,PATROL,0
153.052,0.0344,0.0340,PATROL,0
153.086,0.0338,0.0340,PATROL,0
153.120,0.0339,0.0340,PATROL,0
153.154,0.0341,0.0340,PATROL,0
153.188,0.0340,0.0340,PATROL,0
153.222,0.0339,0.0340,PATROL,0
153.256,0.0339,0.0340,PATROL,0
153.290,0.0344,0.0340,PATROL,0
153.324,0.0341,0.0340,PATROL,0
153.358,0.0339,0.0340,PATROL,0
153.392,0.0338,0.0340,PATROL,0
153.426,0.0340,0.0340,PATROL,0
153.460,0.0340,0.0340,PATROL,0
153.494,0.0340,0.0340,PATROL,0
153.528,0.0344,0.0340,PATROL,0
153.562,0.0336,0.0340,PATROL,0
153.596,0.0342,0.0340,PATROL,0
153.630,0.0343,0.0340,PATROL,0
153.664,0.0336,0.0340,PATROL,0
153.698,0.0339,0.0340,PATROL,0
153.732,0.0341,0.0340,PATROL,0
153.766,0.0342,0.0340,PATROL,0
153.800,0.0338,0.0340,PATROL,0
153.834,0.0341,0.0340,PATROL,0
153.868,0.0339,0.0340,PATROL,0
153.902,0.0342,0.0340,PATROL,0
153.936,0.0339,0.0340,PATROL,0
153.970,0.0340,0.0340,PATROL,0
154.004,0.0340,0.0340,PATROL,0
154.038,0.0340,0.0340,PATROL,0
154.072,0.0340,0.0340,PATROL,0
154.107,0.0345,0.0340,PATROL,0
154.141,0.0340,0.0340,PATROL,0
154.174,0.0336,0.0340,PATROL,0
154.208,0.0339,0.0340,PATROL,0
154.242,0.0340,0.0340,PATROL,0
154.276,0.0340,0.0340,PATROL,0
154.310,0.0340,0.0340,PATROL,0
154.344,0.0342,0.0340,PATROL,0
154.378,0.0341,0.0340,PATROL,0
154.412,0.0341,0.0340,PATROL,0
154.446,0.0336,0.0340,PATROL,0
154.480,0.0340,0.0340,PATROL,0
154.514,0.0339,0.0340,PATROL,0
154.548,0.0343,0.0340,PATROL,0
154.582,0.0337,0.0340,PATROL,0
154.616,0.0341,0.0340,PATROL,0
154.650,0.0341,0.0340,PATROL,0
154.684,0.0339,0.0340,PATROL,0
154.718,0.0341,0.0340,PATROL,0
154.752,0.0339,0.0340,PATROL,0
154.786,0.0343,0.0340,PATROL,0
154.820,0.0338,0.0340,PATROL,0
154.854,0.0339,0.0340,PATROL,0
154.888,0.0340,0.0340,PATROL,0
154.922,0.0340,0.0340,PATROL,0
154.956,0.0340,0.0340,PATROL,0
154.990,0.0341,0.0340,PATROL,0
155.024,0.0340,0.0340,PATROL,0
155.058,0.0339,0.0340,PATROL,0
155.092,0.0340,0.0340,PATROL,0
155.126,0.0341,0.0340,PATROL,0
155.160,0.0340,0.0340,PATROL,0
155.194,0.0340,0.0340,PATROL,0
155.229,0.0346,0.0340,PATROL,0
155.263,0.0339,0.0340,PATROL,0
155.296,0.0339,0.0340,PATROL,0
155.331,0.0340,0.0340,PATROL,0
155.365,0.0341,0.0340,PATROL,0
155.399,0.0340,0.0340,PATROL,0
155.433,0.0340,0.0340,PATROL,0
155.467,0.0341,0.0340,PATROL,0
155.501,0.0340,0.0340,PATROL,0
155.535,0.0340,0.0340,PATROL,0
155.569,0.0343,0.0340,PATROL,0
155.603,0.0337,0.0340,PATROL,0
155.637,0.0343,0.0340,PATROL,0
155.671,0.0338,0.0340,PATROL,0
155.705,0.0342,0.0340,PATROL,0
155.739,0.0340,0.0340,PATROL,0
155.774,0.0343,0.0340,PATROL,0
155.807,0.0335,0.0340,PATROL,0
155.841,0.0340,0.0340,PATROL,0
155.875,0.0341,0.0340,PATROL,0
155.909,0.0339,0.0340,PATROL,0
155.943,0.0342,0.0340,PATROL,0
155.977,0.0339,0.0340,PATROL,0
156.011,0.0341,0.0340,PATROL,0
156.045,0.0340,0.0340,PATROL,0
156.079,0.0338,0.0340,PATROL,0
156.113,0.0341,0.0340,PATROL,0
156.147,0.0340,0.0340,PATROL,0
156.181,0.0339,0.0340,PATROL,0
156.215,0.0341,0.0340,PATROL,0
156.249,0.0339,0.0340,PATROL,0
156.283,0.0340,0.0340,PATROL,0
156.317,0.0340,0.0340,PATROL,0
156.351,0.0340,0.0340,PATROL,0
156.385,0.0340,0.0340,PATROL,0
156.419,0.0340,0.0340,PATROL,0
156.453,0.0341,0.0340,PATROL,0
156.487,0.0342,0.0340,PATROL,0
156.521,0.0337,0.0340,PATROL,0
156.555,0.0340,0.0340,PATROL,0
156.589,0.0340,0.0340,PATROL,0
156.623,0.0343,0.0340,PATROL,0
156.657,0.0338,0.0340,PATROL,0
156.691,0.0341,0.0340,PATROL,0
156.725,0.0339,0.0340,PATROL,0
156.759,0.0341,0.0340,PATROL,0
156.793,0.0340,0.0340,PATROL,0
156.827,0.0340,0.0340,PATROL,0
156.861,0.0339,0.0340,PATROL,0
156.895,0.0341,0.0340,PATROL,0
156.930,0.0347,0.0340,PATROL,0
156.964,0.0339,0.0340,PATROL,0
156.998,0.0340,0.0340,PATROL,0
157.032,0.0339,0.0340,PATROL,0
157.066,0.0341,0.0340,PATROL,0
157.100,0.0340,0.0340,PATROL,0
157.134,0.0340,0.0340,PATROL,0
157.168,0.0340,0.0340,PATROL,0
157.202,0.0340,0.0340,PATROL,0
157.236,0.0339,0.0340,PATROL,0
157.270,0.0341,0.0340,PATROL,0
157.304,0.0341,0.0340,PATROL,0
157.338,0.0338,0.0340,PATROL,0
157.372,0.0340,0.0340,PATROL,0
157.406,0.0345,0.0340,PATROL,0
157.440,0.0338,0.0340,PATROL,0
157.474,0.0337,0.0340,PATROL,0
157.508,0.0340,0.0340,PATROL,0
157.542,0.0341,0.0340,PATROL,0
157.576,0.0339,0.0340,PATROL,0
157.610,0.0341,0.0340,PATROL,0
157.644,0.0339,0.0340,PATROL,0
157.678,0.0340,0.0340,PATROL,0
157.712,0.0340,0.0340,PATROL,0
157.746,0.0342,0.0340,PATROL,0
157.780,0.0341,0.0340,PATROL,0
157.814,0.0338,0.0340,PATROL,0
157.848,0.0343,0.0340,PATROL,0
157.882,0.0339,0.0340,PATROL,0
157.916,0.0340,0.0340,PATROL,0
157.950,0.0340,0.0340,PATROL,0
157.984,0.0339,0.0340,PATROL,0
158.018,0.0340,0.0340,PATROL,0
158.052,0.0340,0.0340,PATROL,0
158.086,0.0340,0.0340,PATROL,0
158.120,0.0340,0.0340,PATROL,0
158.154,0.0343,0.0340,PATROL,0
158.188,0.0339,0.0340,PATROL,0
158.222,0.0340,0.0340,PATROL,0
158.256,0.0341,0.0340,PATROL,0
158.290,0.0340,0.0340,PATROL,0
158.324,0.0338,0.0340,PATROL,0
158.358,0.0342,0.0340,PATROL,0
158.393,0.0341,0.0340,PATROL,0
158.426,0.0339,0.0340,PATROL,0
158.460,0.0339,0.0340,PATROL,0
158.494,0.0340,0.0340,PATROL,0
158.528,0.0341,0.0340,PATROL,0
158.563,0.0341,0.0340,PATROL,0
158.596,0.0339,0.0340,PATROL,0
158.631,0.0342,0.0340,PATROL,0
158.665,0.0338,0.0340,PATROL,0
158.699,0.0340,0.0340,PATROL,0
158.733,0.0340,0.0340,PATROL,0
158.767,0.0341,0.0340,PATROL,0
158.801,0.0340,0.0340,PATROL,0
158.835,0.0339,0.0340,PATROL,0
158.869,0.0340,0.0340,PATROL,0
158.903,0.0341,0.0340,PATROL,0
158.937,0.0340,0.0340,PATROL,0
158.971,0.0341,0.0340,PATROL,0
159.005,0.0338,0.0340,PATROL,0
159.039,0.0341,0.0340,PATROL,0
159.073,0.0340,0.0340,PATROL,0
159.107,0.0340,0.0340,PATROL,0
159.141,0.0340,0.0340,PATROL,0
159.175,0.0340,0.0340,PATROL,0
159.209,0.0342,0.0340,PATROL,0
159.243,0.0339,0.0340,PATROL,0
159.277,0.0340,0.0340,PATROL,0
159.311,0.0341,0.0340,PATROL,0
159.345,0.0340,0.0340,PATROL,0
159.379,0.0341,0.0340,PATROL,0
159.413,0.0339,0.0340,PATROL,0
159.447,0.0339,0.0340,PATROL,0
159.481,0.0342,0.0340,PATROL,0
159.515,0.0339,0.0340,PATROL,0
159.549,0.0344,0.0340,PATROL,0
159.583,0.0337,0.0340,PATROL,0
159.617,0.0342,0.0340,PATROL,0
159.651,0.0339,0.0340,PATROL,0
159.685,0.0340,0.0340,PATROL,0
159.719,0.0342,0.0340,PATROL,0
159.753,0.0339,0.0340,PATROL,0
159.787,0.0342,0.0340,PATROL,0
159.821,0.0339,0.0340,PATROL,0
159.855,0.0339,0.0340,PATROL,0
159.889,0.0340,0.0340,PATROL,0
159.923,0.0339,0.0340,PATROL,0
159.957,0.0341,0.0340,PATROL,0
159.991,0.0340,0.0340,PATROL,0
160.025,0.0340,0.0340,PATROL,0
160.059,0.0341,0.0340,PATROL,0
160.093,0.0342,0.0340,PATROL,0
160.127,0.0339,0.0340,PATROL,0
160.161,0.0341,0.0340,PATROL,0
160.195,0.0340,0.0340,PATROL,0
160.229,0.0340,0.0340,PATROL,0
160.263,0.0340,0.0340,PATROL,0
160.297,0.0340,0.0340,PATROL,0
160.332,0.0343,0.0340,PATROL,0
160.365,0.0337,0.0340,PATROL,0
160.399,0.0341,0.0340,PATROL,0
160.434,0.0344,0.0340,PATROL,0
160.467,0.0336,0.0340,PATROL,0
160.501,0.0339,0.0340,PATROL,0
160.535,0.0342,0.0340,PATROL,0
160.570,0.0340,0.0340,PATROL,0
160.603,0.0340,0.0340,PATROL,0
160.638,0.0343,0.0340,PATROL,0
160.672,0.0337,0.0340,PATROL,0
160.706,0.0344,0.0340,PATROL,0
160.740,0.0338,0.0340,PATROL,0
160.774,0.0343,0.0340,PATROL,0
160.808,0.0335,0.0340,PATROL,0
160.842,0.0340,0.0340,PATROL,0
160.876,0.0340,0.0340,PATROL,0
160.910,0.0341,0.0340,PATROL,0
160.944,0.0339,0.0340,PATROL,0
160.978,0.0341,0.0340,PATROL,0
161.012,0.0340,0.0340,PATROL,0
161.046,0.0341,0.0340,PATROL,0
161.080,0.0341,0.0340,PATROL,0
161.114,0.0338,0.0340,PATROL,0
161.148,0.0341,0.0340,PATROL,0
161.182,0.0341,0.0340,PATROL,0
161.216,0.0339,0.0340,PATROL,0
161.250,0.0340,0.0340,PATROL,0
161.284,0.0340,0.0340,PATROL,0
161.318,0.0341,0.0340,PATROL,0
161.352,0.0339,0.0340,PATROL,0
161.386,0.0341,0.0340,PATROL,0
161.420,0.0340,0.0340,PATROL,0
161.454,0.0341,0.0340,PATROL,0
161.488,0.0338,0.0340,PATROL,0
161.522,0.0340,0.0340,PATROL,0
161.556,0.0341,0.0340,PATROL,0
161.590,0.0340,0.0340,PATROL,0
161.624,0.0340,0.0340,PATROL,0
161.658,0.0341,0.0340,PATROL,0
161.692,0.0341,0.0340,PATROL,0
161.726,0.0339,0.0340,PATROL,0
161.760,0.0341,0.0340,PATROL,0
161.794,0.0339,0.0340,PATROL,0
161.828,0.0340,0.0340,PATROL,0
161.862,0.0341,0.0340,PATROL,0
161.896,0.0340,0.0340,PATROL,0
161.930,0.0340,0.0340,PATROL,0
161.964,0.0341,0.0340,PATROL,0
161.998,0.0339,0.0340,PATROL,0
162.032,0.0343,0.0340,PATROL,0
162.066,0.0339,0.0340,PATROL,0
162.100,0.0341,0.0340,PATROL,0
162.134,0.0340,0.0340,PATROL,0
162.168,0.0340,0.0340,PATROL,0
162.203,0.0341,0.0340,PATROL,0
162.236,0.0340,0.0340,PATROL,0
162.270,0.0338,0.0340,PATROL,0
162.305,0.0343,0.0340,PATROL,0
162.338,0.0338,0.0340,PATROL,0
162.373,0.0342,0.0340,PATROL,0
162.407,0.0340,0.0340,PATROL,0
162.440,0.0339,0.0340,PATROL,0
162.475,0.0342,0.0340,PATROL,0
162.509,0.0339,0.0340,PATROL,0
162.542,0.0339,0.0340,PATROL,0
162.576,0.0340,0.0340,PATROL,0
162.611,0.0342,0.0340,PATROL,0
162.645,0.0341,0.0340,PATROL,0
162.679,0.0338,0.0340,PATROL,0
162.713,0.0340,0.0340,PATROL,0
162.747,0.0341,0.0340,PATROL,0
162.781,0.0339,0.0340,PATROL,0
162.815,0.0342,0.0340,PATROL,0
162.849,0.0340,0.0340,PATROL,0
162.883,0.0342,0.0340,PATROL,0
162.917,0.0340,0.0340,PATROL,0
162.951,0.0340,0.0340,PATROL,0
162.985,0.0339,0.0340,PATROL,0
163.019,0.0338,0.0340,PATROL,0
163.053,0.0341,0.0340,PATROL,0
163.087,0.0340,0.0340,PATROL,0
163.121,0.0340,0.0340,PATROL,0
163.155,0.0340,0.0340,PATROL,0
163.189,0.0339,0.0340,PATROL,0
163.223,0.0340,0.0340,PATROL,0
163.257,0.0343,0.0340,PATROL,0
163.291,0.0338,0.0340,PATROL,0
163.325,0.0339,0.0340,PATROL,0
163.359,0.0340,0.0340,PATROL,0
163.393,0.0342,0.0340,PATROL,0
163.427,0.0340,0.0340,PATROL,0
163.461,0.0339,0.0340,PATROL,0
163.495,0.0341,0.0340,PATROL,0
163.529,0.0341,0.0340,PATROL,0
163.563,0.0343,0.0340,PATROL,0
163.597,0.0338,0.0340,PATROL,0
163.631,0.0339,0.0340,PATROL,0
163.665,0.0341,0.0340,PATROL,0
163.699,0.0340,0.0340,PATROL,0
163.733,0.0341,0.0340,PATROL,0
163.767,0.0340,0.0340,PATROL,0
163.801,0.0340,0.0340,PATROL,0
163.835,0.0340,0.0340,PATROL,0
163.869,0.0342,0.0340,PATROL,0
163.903,0.0338,0.0340,PATROL,0
163.937,0.0339,0.0340,PATROL,0
163.971,0.0340,0.0340,PATROL,0
164.005,0.0341,0.0340,PATROL,0
164.039,0.0339,0.0340,PATROL,0
164.073,0.0341,0.0340,PATROL,0
164.107,0.0340,0.0340,PATROL,0
164.142,0.0343,0.0340,PATROL,0
164.175,0.0338,0.0340,PATROL,0
164.209,0.0341,0.0340,PATROL,0
164.243,0.0339,0.0340,PATROL,0
164.277,0.0339,0.0340,PATROL,0
164.311,0.0342,0.0340,PATROL,0
164.345,0.0339,0.0340,PATROL,0
164.379,0.0341,0.0340,PATROL,0
164.413,0.0339,0.0340,PATROL,0
164.447,0.0339,0.0340,PATROL,0
164.481,0.0341,0.0340,PATROL,0
164.516,0.0342,0.0340,PATROL,0
164.549,0.0337,0.0340,PATROL,0
164.583,0.0341,0.0340,PATROL,0
164.617,0.0340,0.0340,PATROL,0
164.652,0.0341,0.0340,PATROL,0
164.685,0.0338,0.0340,PATROL,0
164.719,0.0341,0.0340,PATROL,0
164.754,0.0340,0.0340,PATROL,0
164.787,0.0339,0.0340,PATROL,0
164.822,0.0342,0.0340,PATROL,0
164.856,0.0340,0.0340,PATROL,0
164.889,0.0338,0.0340,PATROL,0
164.924,0.0340,0.0340,PATROL,0
164.958,0.0341,0.0340,PATROL,0
164.992,0.0342,0.0340,PATROL,0
165.026,0.0338,0.0340,PATROL,0
165.060,0.0341,0.0340,PATROL,0
165.094,0.0339,0.0340,PATROL,0
165.128,0.0341,0.0340,PATROL,0
165.162,0.0340,0.0340,PATROL,0
165.196,0.0342,0.0340,PATROL,0
165.230,0.0339,0.0340,PATROL,0
165.264,0.0340,0.0340,PATROL,0
165.298,0.0340,0.0340,PATROL,0
165.332,0.0342,0.0340,PATROL,0
165.366,0.0338,0.0340,PATROL,0
165.400,0.0339,0.0340,PATROL,0
165.434,0.0342,0.0340,PATROL,0
165.468,0.0341,0.0340,PATROL,0
165.502,0.0338,0.0340,PATROL,0
165.536,0.0340,0.0340,PATROL,0
165.570,0.0342,0.0340,PATROL,0
165.604,0.0339,0.0340,PATROL,0
165.638,0.0342,0.0340,PATROL,0
165.672,0.0340,0.0340,PATROL,0
165.706,0.0341,0.0340,PATROL,0
165.740,0.0340,0.0340,PATROL,0
165.774,0.0340,0.0340,PATROL,0
165.808,0.0338,0.0340,PATROL,0
165.842,0.0341,0.0340,PATROL,0
165.876,0.0341,0.0340,PATROL,0
165.910,0.0339,0.0340,PATROL,0
165.944,0.0340,0.0340,PATROL,0
165.978,0.0339,0.0340,PATROL,0
166.012,0.0342,0.0340,PATROL,0
166.046,0.0340,0.0340,PATROL,0
166.080,0.0341,0.0340,PATROL,0
166.114,0.0341,0.0340,PATROL,0
166.148,0.0339,0.0340,PATROL,0
166.182,0.0340,0.0340,PATROL,0
166.216,0.0339,0.0340,PATROL,0
166.250,0.0341,0.0340,PATROL,0
166.284,0.0340,0.0340,PATROL,0
166.318,0.0339,0.0340,PATROL,0
166.352,0.0340,0.0340,PATROL,0
166.387,0.0344,0.0340,PATROL,0
166.420,0.0336,0.0340,PATROL,0
166.454,0.0340,0.0340,PATROL,0
166.488,0.0341,0.0340,PATROL,0
166.522,0.0342,0.0340,PATROL,0
166.556,0.0340,0.0340,PATROL,0
166.590,0.0339,0.0340,PATROL,0
166.624,0.0341,0.0340,PATROL,0
166.658,0.0340,0.0340,PATROL,0
166.692,0.0340,0.0340,PATROL,0
166.726,0.0340,0.0340,PATROL,0
166.761,0.0341,0.0340,PATROL,0
166.795,0.0340,0.0340,PATROL,0
166.828,0.0339,0.0340,PATROL,0
166.862,0.0340,0.0340,PATROL,0
166.897,0.0341,0.0340,PATROL,0
166.931,0.0340,0.0340,PATROL,0
166.964,0.0340,0.0340,PATROL,0
166.999,0.0341,0.0340,PATROL,0
167.033,0.0341,0.0340,PATROL,0
167.067,0.0340,0.0340,PATROL,0
167.101,0.0340,0.0340,PATROL,0
167.135,0.0341,0.0340,PATROL,0
167.169,0.0338,0.0340,PATROL,0
167.203,0.0343,0.0340,PATROL,0
167.237,0.0340,0.0340,PATROL,0
167.271,0.0340,0.0340,PATROL,0
167.305,0.0341,0.0340,PATROL,0
167.339,0.0339,0.0340,PATROL,0
167.373,0.0341,0.0340,PATROL,0
167.407,0.0338,0.0340,PATROL,0
167.441,0.0342,0.0340,PATROL,0
167.475,0.0338,0.0340,PATROL,0
167.509,0.0340,0.0340,PATROL,0
167.543,0.0342,0.0340,PATROL,0
167.577,0.0339,0.0340,PATROL,0
167.611,0.0340,0.0340,PATROL,0
167.645,0.0344,0.0340,PATROL,0
167.679,0.0339,0.0340,PATROL,0
167.713,0.0338,0.0340,PATROL,0
167.747,0.0341,0.0340,PATROL,0
167.781,0.0341,0.0340,PATROL,0
167.815,0.0338,0.0340,PATROL,0
167.849,0.0340,0.0340,PATROL,0
167.883,0.0341,0.0340,PATROL,0
167.917,0.0340,0.0340,PATROL,0
167.951,0.0341,0.0340,PATROL,0
167.985,0.0342,0.0340,PATROL,0
168.019,0.0338,0.0340,PATROL,0
168.053,0.0339,0.0340,PATROL,0
168.087,0.0340,0.0340,PATROL,0
168.121,0.0342,0.0340,PATROL,0
168.155,0.0339,0.0340,PATROL,0
168.189,0.0340,0.0340,PATROL,0
168.223,0.0340,0.0340,PATROL,0
168.257,0.0341,0.0340,PATROL,0
168.291,0.0339,0.0340,PATROL,0
168.325,0.0340,0.0340,PATROL,0
168.359,0.0341,0.0340,PATROL,0
168.393,0.0340,0.0340,PATROL,0
168.427,0.0340,0.0340,PATROL,0
168.461,0.0340,0.0340,PATROL,0
168.495,0.0340,0.0340,PATROL,0
168.529,0.0339,0.0340,PATROL,0
168.563,0.0342,0.0340,PATROL,0
168.597,0.0339,0.0340,PATROL,0
168.631,0.0340,0.0340,PATROL,0
168.665,0.0340,0.0340,PATROL,0
168.700,0.0342,0.0340,PATROL,0
168.733,0.0340,0.0340,PATROL,0
168.768,0.0342,0.0340,PATROL,0
168.801,0.0337,0.0340,PATROL,0
168.836,0.0342,0.0340,PATROL,0
168.869,0.0339,0.0340,PATROL,0
168.903,0.0340,0.0340,PATROL,0
168.938,0.0341,0.0340,PATROL,0
168.972,0.0340,0.0340,PATROL,0
169.006,0.0344,0.0340,PATROL,0
169.040,0.0336,0.0340,PATROL,0
169.074,0.0341,0.0340,PATROL,0
169.108,0.0342,0.0340,PATROL,0
169.142,0.0339,0.0340,PATROL,0
169.176,0.0339,0.0340,PATROL,0
169.210,0.0342,0.0340,PATROL,0
169.244,0.0339,0.0340,PATROL,0
169.278,0.0343,0.0340,PATROL,0
169.312,0.0337,0.0340,PATROL,0
169.346,0.0341,0.0340,PATROL,0
169.380,0.0342,0.0340,PATROL,0
169.414,0.0338,0.0340,PATROL,0
169.448,0.0340,0.0340,PATROL,0
169.482,0.0341,0.0340,PATROL,0
169.516,0.0339,0.0340,PATROL,0
169.550,0.0342,0.0340,PATROL,0
169.584,0.0338,0.0340,PATROL,0
169.618,0.0340,0.0340,PATROL,0
169.652,0.0341,0.0340,PATROL,0
169.686,0.0340,0.0340,PATROL,0
169.720,0.0344,0.0340,PATROL,0
169.754,0.0339,0.0340,PATROL,0
169.788,0.0341,0.0340,PATROL,0
169.822,0.0339,0.0340,PATROL,0
169.856,0.0341,0.0340,PATROL,0
169.890,0.0338,0.0340,PATROL,0
169.924,0.0341,0.0340,PATROL,0
169.958,0.0340,0.0340,PATROL,0
169.992,0.0340,0.0340,PATROL,0
170.026,0.0340,0.0340,PATROL,0
170.060,0.0341,0.0340,PATROL,0
170.094,0.0338,0.0340,PATROL,0
170.128,0.0340,0.0340,PATROL,0
170.162,0.0342,0.0340,PATROL,0
170.196,0.0338,0.0340,PATROL,0
170.230,0.0340,0.0340,PATROL,0
170.264,0.0340,0.0340,PATROL,0
170.298,0.0340,0.0340,PATROL,0
170.332,0.0340,0.0340,PATROL,0
170.366,0.0339,0.0340,PATROL,0
170.400,0.0340,0.0340,PATROL,0
170.434,0.0341,0.0340,PATROL,0
170.468,0.0339,0.0340,PATROL,0
170.502,0.0341,0.0340,PATROL,0
170.536,0.0341,0.0340,PATROL,0
170.570,0.0340,0.0340,PATROL,0
170.604,0.0341,0.0340,PATROL,0
170.638,0.0338,0.0340,PATROL,0
170.672,0.0340,0.0340,PATROL,0
170.706,0.0341,0.0340,PATROL,0
170.740,0.0339,0.0340,PATROL,0
170.774,0.0340,0.0340,PATROL,0
170.809,0.0345,0.0340,PATROL,0
170.842,0.0337,0.0340,PATROL,0
170.876,0.0339,0.0340,PATROL,0
170.910,0.0340,0.0340,PATROL,0
170.944,0.0340,0.0340,PATROL,0
170.978,0.0342,0.0340,PATROL,0
171.013,0.0343,0.0340,PATROL,0
171.047,0.0343,0.0340,PATROL,0
171.081,0.0338,0.0340,PATROL,0
171.115,0.0339,0.0340,PATROL,0
171.149,0.0342,0.0340,PATROL,0
171.183,0.0341,0.0340,PATROL,0
171.217,0.0338,0.0340,PATROL,0
171.251,0.0340,0.0340,PATROL,0
171.285,0.0341,0.0340,PATROL,0
171.319,0.0341,0.0340,PATROL,0
171.353,0.0339,0.0340,PATROL,0
171.387,0.0340,0.0340,PATROL,0
171.421,0.0341,0.0340,PATROL,0
171.455,0.0341,0.0340,PATROL,0
171.489,0.0341,0.0340,PATROL,0
171.523,0.0343,0.0340,PATROL,0
171.557,0.0338,0.0340,PATROL,0
171.591,0.0339,0.0340,PATROL,0
171.625,0.0340,0.0340,PATROL,0
171.659,0.0341,0.0340,PATROL,0
171.693,0.0338,0.0340,PATROL,0
171.727,0.0340,0.0340,PATROL,0
171.761,0.0340,0.0340,PATROL,0
171.795,0.0344,0.0340,PATROL,0
171.829,0.0337,0.0340,PATROL,0
171.863,0.0340,0.0340,PATROL,0
171.897,0.0340,0.0340,PATROL,0
171.931,0.0342,0.0340,PATROL,0
171.965,0.0340,0.0340,PATROL,0
171.999,0.0339,0.0340,PATROL,0
172.033,0.0341,0.0340,PATROL,0
172.067,0.0339,0.0340,PATROL,0
172.101,0.0341,0.0340,PATROL,0
172.135,0.0340,0.0340,PATROL,0
172.169,0.0340,0.0340,PATROL,0
172.203,0.0338,0.0340,PATROL,0
172.237,0.0342,0.0340,PATROL,0
172.271,0.0340,0.0340,PATROL,0
172.305,0.0338,0.0340,PATROL,0
172.339,0.0340,0.0340,PATROL,0
172.373,0.0340,0.0340,PATROL,0
172.407,0.0341,0.0340,PATROL,0
172.441,0.0339,0.0340,PATROL,0
172.475,0.0341,0.0340,PATROL,0
172.509,0.0341,0.0340,PATROL,0
172.543,0.0339,0.0340,PATROL,0
172.577,0.0340,0.0340,PATROL,0
172.611,0.0340,0.0340,PATROL,0
172.645,0.0340,0.0340,PATROL,0
172.679,0.0340,0.0340,PATROL,0
172.714,0.0342,0.0340,PATROL,0
172.748,0.0340,0.0340,PATROL,0
172.782,0.0342,0.0340,PATROL,0
172.816,0.0340,0.0340,PATROL,0
172.850,0.0338,0.0340,PATROL,0
172.884,0.0341,0.0340,PATROL,0
172.918,0.0339,0.0340,PATROL,0
172.952,0.0342,0.0340,PATROL,0
172.986,0.0340,0.0340,PATROL,0
173.020,0.0339,0.0340,PATROL,0
173.054,0.0341,0.0340,PATROL,0
173.088,0.0341,0.0340,PATROL,0
173.122,0.0340,0.0340,PATROL,0
173.156,0.0340,0.0340,PATROL,0
173.190,0.0343,0.0340,PATROL,0
173.224,0.0337,0.0340,PATROL,0
173.258,0.0340,0.0340,PATROL,0
173.292,0.0340,0.0340,PATROL,0
173.326,0.0341,0.0340,PATROL,0
173.360,0.0339,0.0340,PATROL,0
173.394,0.0341,0.0340,PATROL,0
173.428,0.0340,0.0340,PATROL,0
173.462,0.0341,0.0340,PATROL,0
173.496,0.0340,0.0340,PATROL,0
173.530,0.0340,0.0340,PATROL,0
173.564,0.0340,0.0340,PATROL,0
173.598,0.0338,0.0340,PATROL,0
173.632,0.0340,0.0340,PATROL,0
173.666,0.0341,0.0340,PATROL,0
173.700,0.0341,0.0340,PATROL,0
173.734,0.0340,0.0340,PATROL,0
173.768,0.0344,0.0340,PATROL,0
173.802,0.0336,0.0340,PATROL,0
173.836,0.0342,0.0340,PATROL,0
173.870,0.0339,0.0340,PATROL,0
173.904,0.0340,0.0340,PATROL,0
173.938,0.0341,0.0340,PATROL,0
173.972,0.0340,0.0340,PATROL,0
174.006,0.0341,0.0340,PATROL,0
174.040,0.0339,0.0340,PATROL,0
174.074,0.0339,0.0340,PATROL,0
174.108,0.0342,0.0340,PATROL,0
174.142,0.0338,0.0340,PATROL,0
174.176,0.0341,0.0340,PATROL,0
174.210,0.0340,0.0340,PATROL,0
174.244,0.0341,0.0340,PATROL,0
174.278,0.0339,0.0340,PATROL,0
174.312,0.0340,0.0340,PATROL,0
174.347,0.0343,0.0340,PATROL,0
174.380,0.0338,0.0340,PATROL,0
174.414,0.0339,0.0340,PATROL,0
174.448,0.0341,0.0340,PATROL,0
174.482,0.0341,0.0340,PATROL,0
174.516,0.0340,0.0340,PATROL,0
174.550,0.0339,0.0340,PATROL,0
174.585,0.0342,0.0340,PATROL,0
174.618,0.0339,0.0340,PATROL,0
174.653,0.0344,0.0340,PATROL,0
174.686,0.0337,0.0340,PATROL,0
174.720,0.0340,0.0340,PATROL,0
174.755,0.0347,0.0340,PATROL,0
174.789,0.0338,0.0340,PATROL,0
174.823,0.0339,0.0340,PATROL,0
174.857,0.0341,0.0340,PATROL,0
174.891,0.0338,0.0340,PATROL,0
174.925,0.0343,0.0340,PATROL,0
174.959,0.0336,0.0340,PATROL,0
174.993,0.0342,0.0340,PATROL,0
175.027,0.0339,0.0340,PATROL,0
175.061,0.0340,0.0340,PATROL,0
175.095,0.0341,0.0340,PATROL,0
175.129,0.0343,0.0340,PATROL,0
175.163,0.0339,0.0340,PATROL,0
175.197,0.0341,0.0340,PATROL,0
175.231,0.0338,0.0340,PATROL,0
175.265,0.0339,0.0340,PATROL,0
175.299,0.0341,0.0340,PATROL,0
175.333,0.0340,0.0340,PATROL,0
175.367,0.0340,0.0340,PATROL,0
175.401,0.0340,0.0340,PATROL,0
175.435,0.0340,0.0340,PATROL,0
175.469,0.0340,0.0340,PATROL,0
175.503,0.0339,0.0340,PATROL,0
175.537,0.0342,0.0340,PATROL,0
175.571,0.0338,0.0340,PATROL,0
175.605,0.0345,0.0340,PATROL,0
175.639,0.0340,0.0340,PATROL,0
175.673,0.0338,0.0340,PATROL,0
175.707,0.0339,0.0340,PATROL,0
175.741,0.0342,0.0340,PATROL,0
175.775,0.0338,0.0340,PATROL,0
175.809,0.0339,0.0340,PATROL,0
175.843,0.0341,0.0340,PATROL,0
175.877,0.0341,0.0340,PATROL,0
175.911,0.0341,0.0340,PATROL,0
175.945,0.0340,0.0340,PATROL,0
175.979,0.0340,0.0340,PATROL,0
176.014,0.0342,0.0340,PATROL,0
176.047,0.0337,0.0340,PATROL,0
176.081,0.0342,0.0340,PATROL,0
176.115,0.0338,0.0340,PATROL,0
176.149,0.0340,0.0340,PATROL,0
176.183,0.0340,0.0340,PATROL,0
176.217,0.0341,0.0340,PATROL,0
176.251,0.0340,0.0340,PATROL,0
176.286,0.0341,0.0340,PATROL,0
176.319,0.0340,0.0340,PATROL,0
176.353,0.0339,0.0340,PATROL,0
176.387,0.0340,0.0340,PATROL,0
176.421,0.0339,0.0340,PATROL,0
176.455,0.0340,0.0340,PATROL,0
176.490,0.0341,0.0340,PATROL,0
176.523,0.0338,0.0340,PATROL,0
176.557,0.0340,0.0340,PATROL,0
176.592,0.0341,0.0340,PATROL,0
176.625,0.0339,0.0340,PATROL,0
176.660,0.0341,0.0340,PATROL,0
176.694,0.0340,0.0340,PATROL,0
176.728,0.0340,0.0340,PATROL,0
176.762,0.0340,0.0340,PATROL,0
176.796,0.0340,0.0340,PATROL,0
176.830,0.0341,0.0340,PATROL,0
176.864,0.0344,0.0340,PATROL,0
176.898,0.0336,0.0340,PATROL,0
176.932,0.0341,0.0340,PATROL,0
176.966,0.0341,0.0340,PATROL,0
177.000,0.0339,0.0340,PATROL,0
177.034,0.0340,0.0340,PATROL,0
177.068,0.0341,0.0340,PATROL,0
177.102,0.0339,0.0340,PATROL,0
177.136,0.0340,0.0340,PATROL,0
177.170,0.0341,0.0340,PATROL,0
177.204,0.0341,0.0340,PATROL,0
177.238,0.0339,0.0340,PATROL,0
177.272,0.0344,0.0340,PATROL,0
177.306,0.0339,0.0340,PATROL,0
177.340,0.0341,0.0340,PATROL,0
177.374,0.0338,0.0340,PATROL,0
177.408,0.0340,0.0340,PATROL,0
177.442,0.0339,0.0340,PATROL,0
177.476,0.0341,0.0340,PATROL,0
177.510,0.0340,0.0340,PATROL,0
177.544,0.0341,0.0340,PATROL,0
177.578,0.0340,0.0340,PATROL,0
177.612,0.0340,0.0340,PATROL,0
177.647,0.0346,0.0340,PATROL,0
177.680,0.0336,0.0340,PATROL,0
177.714,0.0341,0.0340,PATROL,0
177.748,0.0340,0.0340,PATROL,0
177.782,0.0342,0.0340,PATROL,0
177.816,0.0337,0.0340,PATROL,0
177.850,0.0340,0.0340,PATROL,0
177.884,0.0341,0.0340,PATROL,0
177.918,0.0340,0.0340,PATROL,0
177.952,0.0339,0.0340,PATROL,0
177.986,0.0341,0.0340,PATROL,0
178.020,0.0340,0.0340,PATROL,0
178.054,0.0340,0.0340,PATROL,0
178.088,0.0339,0.0340,PATROL,0
178.122,0.0341,0.0340,PATROL,0
178.156,0.0341,0.0340,PATROL,0
178.190,0.0338,0.0340,PATROL,0
178.224,0.0341,0.0340,PATROL,0
178.258,0.0339,0.0340,PATROL,0
178.292,0.0341,0.0340,PATROL,0
178.326,0.0340,0.0340,PATROL,0
178.360,0.0339,0.0340,PATROL,0
178.394,0.0343,0.0340,PATROL,0
178.428,0.0337,0.0340,PATROL,0
178.462,0.0340,0.0340,PATROL,0
178.496,0.0340,0.0340,PATROL,0
178.530,0.0340,0.0340,PATROL,0
178.564,0.0340,0.0340,PATROL,0
178.598,0.0343,0.0340,PATROL,0
178.632,0.0338,0.0340,PATROL,0
178.666,0.0340,0.0340,PATROL,0
178.700,0.0339,0.0340,PATROL,0
178.734,0.0341,0.0340,PATROL,0
178.768,0.0339,0.0340,PATROL,0
178.802,0.0341,0.0340,PATROL,0
178.836,0.0339,0.0340,PATROL,0
178.870,0.0341,0.0340,PATROL,0
178.904,0.0342,0.0340,PATROL,0
178.939,0.0342,0.0340,PATROL,0
178.973,0.0341,0.0340,PATROL,0
179.007,0.0339,0.0340,PATROL,0
179.041,0.0342,0.0340,PATROL,0
179.075,0.0338,0.0340,PATROL,0
179.109,0.0340,0.0340,PATROL,0
179.143,0.0340,0.0340,PATROL,0
179.177,0.0342,0.0340,PATROL,0
179.211,0.0340,0.0340,PATROL,0
179.245,0.0341,0.0340,PATROL,0
179.279,0.0340,0.0340,PATROL,0
179.313,0.0339,0.0340,PATROL,0
179.347,0.0340,0.0340,PATROL,0
179.381,0.0342,0.0340,PATROL,0
179.415,0.0340,0.0340,PATROL,0
179.449,0.0340,0.0340,PATROL,0
179.483,0.0340,0.0340,PATROL,0
179.517,0.0343,0.0340,PATROL,0
179.551,0.0339,0.0340,PATROL,0
179.585,0.0341,0.0340,PATROL,0
179.619,0.0341,0.0340,PATROL,0
179.653,0.0339,0.0340,PATROL,0
179.687,0.0341,0.0340,PATROL,0
179.721,0.0338,0.0340,PATROL,0
179.755,0.0342,0.0340,PATROL,0
179.789,0.0339,0.0340,PATROL,0
179.823,0.0341,0.0340,PATROL,0
179.857,0.0339,0.0340,PATROL,0
179.891,0.0340,0.0340,PATROL,0
179.925,0.0341,0.0340,PATROL,0
179.959,0.0341,0.0340,PATROL,0
179.993,0.0339,0.0340,PATROL,0
180.027,0.0339,0.0340,PATROL,0
180.061,0.0341,0.0340,PATROL,0
180.095,0.0340,0.0340,PATROL,0
180.129,0.0339,0.0340,PATROL,0
180.163,0.0340,0.0340,PATROL,0
180.197,0.0340,0.0340,PATROL,0
180.231,0.0342,0.0340,PATROL,0
180.265,0.0339,0.0340,PATROL,0
180.300,0.0344,0.0340,PATROL,0
180.334,0.0338,0.0340,PATROL,0
180.367,0.0339,0.0340,PATROL,0
180.402,0.0341,0.0340,PATROL,0
180.435,0.0339,0.0340,PATROL,0
180.469,0.0340,0.0340,PATROL,0
180.503,0.0339,0.0340,PATROL,0
180.538,0.0342,0.0340,PATROL,0
180.571,0.0339,0.0340,PATROL,0
180.606,0.0344,0.0340,PATROL,0
180.640,0.0340,0.0340,PATROL,0
180.673,0.0336,0.0340,PATROL,0
180.708,0.0341,0.0340,PATROL,0
180.742,0.0341,0.0340,PATROL,0
180.775,0.0336,0.0340,PATROL,0
180.809,0.0338,0.0340,PATROL,0
180.843,0.0340,0.0340,PATROL,0
180.877,0.0342,0.0340,PATROL,0
180.911,0.0340,0.0340,PATROL,0
180.946,0.0341,0.0340,PATROL,0
180.980,0.0341,0.0340,PATROL,0
181.014,0.0340,0.0340,PATROL,0
181.048,0.0345,0.0340,PATROL,0
181.082,0.0336,0.0340,PATROL,0
181.116,0.0342,0.0340,PATROL,0
181.150,0.0342,0.0340,PATROL,0
181.184,0.0337,0.0340,PATROL,0
181.218,0.0342,0.0340,PATROL,0
181.252,0.0339,0.0340,PATROL,0
181.286,0.0341,0.0340,PATROL,0
181.320,0.0340,0.0340,PATROL,0
181.354,0.0341,0.0340,PATROL,0
181.388,0.0339,0.0340,PATROL,0
181.422,0.0339,0.0340,PATROL,0
181.456,0.0340,0.0340,PATROL,0
181.490,0.0342,0.0340,PATROL,0
181.524,0.0340,0.0340,PATROL,0
181.558,0.0340,0.0340,PATROL,0
181.592,0.0341,0.0340,PATROL,0
181.626,0.0339,0.0340,PATROL,0
181.660,0.0344,0.0340,PATROL,0
181.694,0.0336,0.0340,PATROL,0
181.728,0.0340,0.0340,PATROL,0
181.762,0.0340,0.0340,PATROL,0
181.796,0.0341,0.0340,PATROL,0
181.830,0.0340,0.0340,PATROL,0
181.864,0.0339,0.0340,PATROL,0
181.898,0.0340,0.0340,PATROL,0
181.932,0.0342,0.0340,PATROL,0
181.966,0.0339,0.0340,PATROL,0
182.000,0.0340,0.0340,PATROL,0
182.034,0.0341,0.0340,PATROL,0
182.068,0.0341,0.0340,PATROL,0
182.102,0.0339,0.0340,PATROL,0
182.136,0.0341,0.0340,PATROL,0
182.171,0.0342,0.0340,PATROL,0
182.205,0.0340,0.0340,PATROL,0
182.239,0.0341,0.0340,PATROL,0
182.272,0.0338,0.0340,PATROL,0
182.307,0.0341,0.0340,PATROL,0
182.341,0.0340,0.0340,PATROL,0
182.375,0.0340,0.0340,PATROL,0
182.408,0.0339,0.0340,PATROL,0
182.443,0.0343,0.0340,ALIGN,0
182.477,0.0338,0.0340,ALIGN,0
182.510,0.0340,0.0340,ALIGN,0
182.544,0.0340,0.0340,ALIGN,0
182.578,0.0340,0.0340,ALIGN,0
182.613,0.0343,0.0340,ALIGN,0
182.647,0.0338,0.0340,ALIGN,0
182.681,0.0340,0.0340,ALIGN,0
182.715,0.0342,0.0340,ALIGN,0
182.749,0.0339,0.0340,ALIGN,0
182.783,0.0340,0.0340,ALIGN,0
182.817,0.0340,0.0340,ALIGN,0
182.851,0.0341,0.0340,ALIGN,0
182.885,0.0341,0.0340,ALIGN,0
182.919,0.0339,0.0340,ALIGN,0
182.953,0.0341,0.0340,ALIGN,0
182.987,0.0343,0.0340,ALIGN,0
183.021,0.0339,0.0340,ALIGN,0
183.055,0.0339,0.0340,ALIGN,0
183.089,0.0341,0.0340,ALIGN,0
183.123,0.0342,0.0340,ALIGN,0
183.157,0.0338,0.0340,ALIGN,0
183.191,0.0341,0.0340,ALIGN,0
183.225,0.0340,0.0340,ALIGN,0
183.259,0.0339,0.0340,ALIGN,0
183.293,0.0342,0.0340,ALIGN,0
183.327,0.0338,0.0340,ALIGN,0
183.361,0.0341,0.0340,ALIGN,0
183.395,0.0342,0.0340,ALIGN,0
183.429,0.0337,0.0340,ALIGN,0
183.463,0.0341,0.0340,ALIGN,0
183.497,0.0344,0.0340,ALIGN,0
183.531,0.0336,0.0340,ALIGN,0
183.565,0.0342,0.0340,ALIGN,0
183.599,0.0340,0.0340,ALIGN,0
183.633,0.0339,0.0340,ALIGN,0
183.667,0.0342,0.0340,ALIGN,0
183.701,0.0338,0.0340,ALIGN,0
183.735,0.0340,0.0340,APPROACH,0
183.769,0.0344,0.0340,APPROACH,0
183.803,0.0338,0.0340,APPROACH,0
183.837,0.0342,0.0340,APPROACH,0
183.871,0.0339,0.0340,APPROACH,0
183.905,0.0340,0.0340,APPROACH,0
183.939,0.0341,0.0340,APPROACH,0
183.973,0.0339,0.0340,APPROACH,0
184.007,0.0342,0.0340,APPROACH,0
184.041,0.0339,0.0340,APPROACH,0
184.075,0.0340,0.0340,APPROACH,0
184.109,0.0340,0.0340,APPROACH,0
184.144,0.0342,0.0340,APPROACH,0
184.177,0.0339,0.0340,APPROACH,0
184.211,0.0339,0.0340,APPROACH,0
184.245,0.0340,0.0340,APPROACH,0
184.279,0.0341,0.0340,APPROACH,0
184.313,0.0340,0.0340,APPROACH,0
184.348,0.0344,0.0340,APPROACH,0
184.382,0.0340,0.0340,APPROACH,0
184.415,0.0338,0.0340,APPROACH,0
184.450,0.0340,0.0340,APPROACH,0
184.483,0.0339,0.0340,APPROACH,0
184.517,0.0340,0.0340,APPROACH,0
184.551,0.0340,0.0340,APPROACH,0
184.585,0.0340,0.0340,APPROACH,0
184.620,0.0341,0.0340,APPROACH,0
184.654,0.0342,0.0340,APPROACH,0
184.688,0.0338,0.0340,APPROACH,0
184.722,0.0341,0.0340,APPROACH,0
184.756,0.0338,0.0340,APPROACH,0
184.790,0.0341,0.0340,APPROACH,0
184.823,0.0339,0.0340,APPROACH,0
184.858,0.0341,0.0340,APPROACH,0
184.892,0.0342,0.0340,APPROACH,0
184.926,0.0337,0.0340,APPROACH,0
184.960,0.0340,0.0340,APPROACH,0
184.994,0.0340,0.0340,APPROACH,0
185.028,0.0342,0.0340,APPROACH,0
185.062,0.0341,0.0340,APPROACH,0
185.096,0.0338,0.0340,APPROACH,0
185.130,0.0341,0.0340,APPROACH,0
185.164,0.0342,0.0340,APPROACH,0
185.198,0.0338,0.0340,APPROACH,0
185.232,0.0340,0.0340,APPROACH,0
185.266,0.0340,0.0340,APPROACH,0
185.300,0.0340,0.0340,APPROACH,0
185.334,0.0341,0.0340,APPROACH,0
185.368,0.0341,0.0340,APPROACH,0
185.402,0.0340,0.0340,APPROACH,0
185.436,0.0340,0.0340,APPROACH,0
185.470,0.0342,0.0340,APPROACH,0
185.504,0.0338,0.0340,APPROACH,0
185.538,0.0345,0.0340,APPROACH,0
185.572,0.0337,0.0340,APPROACH,0
185.606,0.0340,0.0340,APPROACH,0
185.640,0.0339,0.0340,APPROACH,0
185.674,0.0340,0.0340,APPROACH,0
185.708,0.0342,0.0340,APPROACH,0
185.742,0.0338,0.0340,APPROACH,0
185.776,0.0341,0.0340,APPROACH,0
185.810,0.0339,0.0340,APPROACH,0
185.844,0.0341,0.0340,APPROACH,0
185.878,0.0340,0.0340,APPROACH,0
185.912,0.0339,0.0340,APPROACH,0
185.946,0.0342,0.0340,APPROACH,0
185.980,0.0341,0.0340,APPROACH,0
186.014,0.0340,0.0340,APPROACH,0
186.048,0.0340,0.0340,APPROACH,0
186.082,0.0340,0.0340,APPROACH,0
186.116,0.0339,0.0340,APPROACH,0
186.150,0.0341,0.0340,APPROACH,0
186.184,0.0341,0.0340,APPROACH,0
186.218,0.0340,0.0340,APPROACH,0
186.252,0.0340,0.0340,APPROACH,0
186.286,0.0339,0.0340,APPROACH,0
186.320,0.0341,0.0340,APPROACH,0
186.354,0.0341,0.0340,APPROACH,0
186.388,0.0340,0.0340,APPROACH,0
186.422,0.0339,0.0340,APPROACH,0
186.456,0.0339,0.0340,APPROACH,0
186.490,0.0340,0.0340,APPROACH,0
186.524,0.0340,0.0340,APPROACH,0
186.558,0.0340,0.0340,APPROACH,0
186.592,0.0341,0.0340,APPROACH,0
186.626,0.0339,0.0340,APPROACH,0
186.660,0.0340,0.0340,APPROACH,0
186.694,0.0341,0.0340,APPROACH,0
186.729,0.0341,0.0340,APPROACH,0
186.762,0.0339,0.0340,APPROACH,0
186.796,0.0340,0.0340,APPROACH,0
186.831,0.0341,0.0340,APPROACH,0
186.864,0.0339,0.0340,APPROACH,0
186.899,0.0341,0.0340,APPROACH,0
186.933,0.0340,0.0340,APPROACH,0
186.967,0.0340,0.0340,APPROACH,0
187.001,0.0341,0.0340,APPROACH,0
187.035,0.0339,0.0340,APPROACH,0
187.069,0.0344,0.0340,APPROACH,0
187.103,0.0337,0.0340,APPROACH,0
187.137,0.0340,0.0340,APPROACH,0
187.171,0.0339,0.0340,APPROACH,0
187.205,0.0340,0.0340,APPROACH,0
187.239,0.0342,0.0340,APPROACH,0
187.273,0.0339,0.0340,APPROACH,0
187.307,0.0341,0.0340,APPROACH,0
187.341,0.0340,0.0340,APPROACH,0
187.375,0.0339,0.0340,APPROACH,0
187.409,0.0340,0.0340,APPROACH,0
187.443,0.0342,0.0340,APPROACH,0
187.477,0.0341,0.0340,APPROACH,0
187.511,0.0339,0.0340,APPROACH,0
187.545,0.0341,0.0340,APPROACH,0
187.579,0.0338,0.0340,APPROACH,0
187.613,0.0343,0.0340,APPROACH,0
187.647,0.0337,0.0340,APPROACH,0
187.681,0.0339,0.0340,APPROACH,0
187.715,0.0341,0.0340,APPROACH,0
187.749,0.0340,0.0340,APPROACH,0
187.783,0.0341,0.0340,APPROACH,0
187.817,0.0340,0.0340,APPROACH,0
187.851,0.0340,0.0340,APPROACH,0
187.885,0.0342,0.0340,APPROACH,0
187.919,0.0339,0.0340,APPROACH,0
187.953,0.0341,0.0340,APPROACH,0
187.987,0.0339,0.0340,APPROACH,0
188.021,0.0339,0.0340,APPROACH,0
188.055,0.0340,0.0340,APPROACH,0
188.089,0.0340,0.0340,APPROACH,0
188.123,0.0340,0.0340,APPROACH,0
188.157,0.0342,0.0340,APPROACH,0
188.191,0.0338,0.0340,APPROACH,0
188.225,0.0341,0.0340,APPROACH,0
188.259,0.0339,0.0340,APPROACH,0
188.293,0.0340,0.0340,APPROACH,0
188.327,0.0342,0.0340,APPROACH,0
188.361,0.0339,0.0340,APPROACH,0
188.395,0.0343,0.0340,APPROACH,0
188.430,0.0342,0.0340,APPROACH,0
188.463,0.0335,0.0340,APPROACH,0
188.497,0.0341,0.0340,APPROACH,0
188.531,0.0339,0.0340,APPROACH,0
188.565,0.0340,0.0340,APPROACH,0
188.599,0.0342,0.0340,APPROACH,0
188.633,0.0341,0.0340,APPROACH,0
188.667,0.0340,0.0340,APPROACH,0
188.702,0.0341,0.0340,APPROACH,0
188.735,0.0338,0.0340,APPROACH,0
188.769,0.0340,0.0340,APPROACH,0
188.803,0.0341,0.0340,APPROACH,0
188.837,0.0340,0.0340,APPROACH,0
188.872,0.0342,0.0340,APPROACH,0
188.905,0.0338,0.0340,APPROACH,0
188.939,0.0340,0.0340,APPROACH,0
188.973,0.0340,0.0340,APPROACH,0
189.007,0.0341,0.0340,APPROACH,0
189.042,0.0340,0.0340,APPROACH,0
189.076,0.0340,0.0340,APPROACH,0
189.110,0.0341,0.0340,APPROACH,0
189.144,0.0340,0.0340,APPROACH,0
189.178,0.0341,0.0340,APPROACH,0
189.212,0.0340,0.0340,APPROACH,0
189.246,0.0340,0.0340,APPROACH,0
189.280,0.0340,0.0340,APPROACH,0
189.314,0.0341,0.0340,APPROACH,0
189.348,0.0340,0.0340,APPROACH,0
189.382,0.0341,0.0340,APPROACH,0
189.416,0.0339,0.0340,APPROACH,0
189.450,0.0343,0.0340,APPROACH,0
189.484,0.0337,0.0340,APPROACH,0
189.518,0.0342,0.0340,APPROACH,0
189.552,0.0339,0.0340,APPROACH,0
189.586,0.0343,0.0340,APPROACH,0
189.620,0.0340,0.0340,APPROACH,0
189.654,0.0338,0.0340,APPROACH,0
189.688,0.0339,0.0340,APPROACH,0
189.722,0.0340,0.0340,APPROACH,0
189.756,0.0340,0.0340,APPROACH,0
189.790,0.0340,0.0340,APPROACH,0
189.824,0.0343,0.0340,APPROACH,0
189.858,0.0338,0.0340,APPROACH,0
189.892,0.0341,0.0340,APPROACH,0
189.926,0.0341,0.0340,APPROACH,0
189.960,0.0339,0.0340,APPROACH,0
189.994,0.0341,0.0340,APPROACH,0
190.028,0.0341,0.0340,APPROACH,0
190.062,0.0339,0.0340,APPROACH,0
190.096,0.0340,0.0340,APPROACH,0
190.130,0.0340,0.0340,APPROACH,0
190.164,0.0340,0.0340,APPROACH,0
190.198,0.0344,0.0340,APPROACH,0
190.232,0.0337,0.0340,APPROACH,0
190.266,0.0339,0.0340,APPROACH,0
190.300,0.0340,0.0340,APPROACH,0
190.334,0.0340,0.0340,APPROACH,0
190.368,0.0339,0.0340,APPROACH,0
190.402,0.0340,0.0340,APPROACH,0
190.436,0.0340,0.0340,APPROACH,0
190.470,0.0341,0.0340,APPROACH,0
190.504,0.0341,0.0340,APPROACH,0
190.538,0.0340,0.0340,APPROACH,0
190.572,0.0342,0.0340,APPROACH,0
190.606,0.0339,0.0340,APPROACH,0
190.640,0.0339,0.0340,APPROACH,0
190.674,0.0341,0.0340,APPROACH,0
190.708,0.0342,0.0340,APPROACH,0
190.742,0.0339,0.0340,APPROACH,0
190.776,0.0340,0.0340,APPROACH,0
190.810,0.0341,0.0340,APPROACH,0
190.844,0.0341,0.0340,APPROACH,0
190.879,0.0341,0.0340,APPROACH,0
190.913,0.0340,0.0340,APPROACH,0
190.947,0.0341,0.0340,APPROACH,0
190.981,0.0339,0.0340,APPROACH,0
191.015,0.0343,0.0340,APPROACH,0
191.048,0.0336,0.0340,APPROACH,0
191.083,0.0342,0.0340,APPROACH,0
191.117,0.0339,0.0340,APPROACH,0
191.151,0.0340,0.0340,APPROACH,0
191.185,0.0340,0.0340,APPROACH,0
191.219,0.0342,0.0340,APPROACH,0
191.253,0.0339,0.0340,APPROACH,0
191.287,0.0341,0.0340,APPROACH,0
191.321,0.0341,0.0340,APPROACH,0
191.355,0.0340,0.0340,APPROACH,0
191.389,0.0341,0.0340,APPROACH,0
191.423,0.0338,0.0340,APPROACH,0
191.457,0.0341,0.0340,APPROACH,0
191.491,0.0341,0.0340,APPROACH,0
191.525,0.0341,0.0340,APPROACH,0
191.559,0.0338,0.0340,APPROACH,0
191.593,0.0340,0.0340,APPROACH,0
191.627,0.0340,0.0340,APPROACH,0
191.661,0.0342,0.0340,APPROACH,0
191.695,0.0340,0.0340,APPROACH,0
191.729,0.0339,0.0340,APPROACH,0
191.763,0.0341,0.0340,APPROACH,0
191.797,0.0340,0.0340,APPROACH,0
191.831,0.0340,0.0340,APPROACH,0
191.865,0.0340,0.0340,APPROACH,0
191.899,0.0340,0.0340,APPROACH,0
191.933,0.0342,0.0340,APPROACH,0
191.967,0.0339,0.0340,APPROACH,0
192.001,0.0339,0.0340,APPROACH,0
192.035,0.0341,0.0340,APPROACH,0
192.069,0.0339,0.0340,APPROACH,0
192.103,0.0340,0.0340,APPROACH,0
192.137,0.0340,0.0340,APPROACH,0
192.171,0.0342,0.0340,APPROACH,0
192.205,0.0339,0.0340,APPROACH,0
192.239,0.0341,0.0340,APPROACH,0
192.273,0.0340,0.0340,APPROACH,0
192.307,0.0340,0.0340,APPROACH,0
192.341,0.0340,0.0340,APPROACH,0
192.375,0.0339,0.0340,APPROACH,0
192.409,0.0341,0.0340,APPROACH,0
192.443,0.0341,0.0340,APPROACH,0
192.478,0.0342,0.0340,APPROACH,0
192.511,0.0337,0.0340,APPROACH,0
192.545,0.0342,0.0340,APPROACH,0
192.579,0.0339,0.0340,APPROACH,0
192.613,0.0342,0.0340,APPROACH,0
192.647,0.0340,0.0340,APPROACH,0
192.681,0.0338,0.0340,APPROACH,0
192.715,0.0341,0.0340,APPROACH,0
192.749,0.0339,0.0340,APPROACH,0
192.783,0.0342,0.0340,APPROACH,0
192.818,0.0340,0.0340,APPROACH,0
192.851,0.0340,0.0340,APPROACH,0
192.885,0.0339,0.0340,APPROACH,0
192.920,0.0342,0.0340,APPROACH,0
192.954,0.0339,0.0340,APPROACH,0
192.988,0.0339,0.0340,APPROACH,0
193.022,0.0342,0.0340,APPROACH,0
193.056,0.0340,0.0340,APPROACH,0
193.090,0.0342,0.0340,APPROACH,0
193.124,0.0337,0.0340,APPROACH,0
193.158,0.0339,0.0340,APPROACH,0
193.192,0.0342,0.0340,APPROACH,0
193.226,0.0339,0.0340,APPROACH,0
193.260,0.0340,0.0340,APPROACH,0
193.294,0.0342,0.0340,APPROACH,0
193.328,0.0338,0.0340,APPROACH,0
193.362,0.0341,0.0340,APPROACH,0
193.396,0.0340,0.0340,APPROACH,0
193.430,0.0339,0.0340,APPROACH,0
193.464,0.0340,0.0340,APPROACH,0
193.498,0.0339,0.0340,APPROACH,0
193.532,0.0341,0.0340,BLIND_DASH,0
193.566,0.0341,0.0340,BLIND_DASH,0
193.600,0.0340,0.0340,BLIND_DASH,0
193.634,0.0341,0.0340,BLIND_DASH,0
193.668,0.0338,0.0340,BLIND_DASH,0
193.702,0.0340,0.0340,BLIND_DASH,0
193.736,0.0341,0.0340,PATROL,0
193.770,0.0340,0.0340,PATROL,0
193.804,0.0339,0.0340,PATROL,0
193.838,0.0340,0.0340,PATROL,0
193.872,0.0341,0.0340,PATROL,0
193.906,0.0342,0.0340,PATROL,0
193.940,0.0337,0.0340,PATROL,0
193.974,0.0341,0.0340,PATROL,0
194.008,0.0340,0.0340,PATROL,0
194.042,0.0340,0.0340,PATROL,0
194.076,0.0341,0.0340,PATROL,0
194.110,0.0340,0.0340,PATROL,0
194.144,0.0340,0.0340,PATROL,0
194.178,0.0339,0.0340,PATROL,0
194.212,0.0340,0.0340,PATROL,0
194.246,0.0339,0.0340,PATROL,0
194.280,0.0340,0.0340,PATROL,0
194.314,0.0341,0.0340,PATROL,0
194.348,0.0343,0.0340,PATROL,0
194.382,0.0337,0.0340,PATROL,0
194.416,0.0339,0.0340,PATROL,0
194.450,0.0340,0.0340,PATROL,0
194.484,0.0340,0.0340,PATROL,0
194.518,0.0340,0.0340,PATROL,0
194.552,0.0340,0.0340,PATROL,0
194.586,0.0340,0.0340,PATROL,0
194.620,0.0342,0.0340,PATROL,0
194.654,0.0339,0.0340,PATROL,0
194.688,0.0341,0.0340,PATROL,0
194.722,0.0339,0.0340,PATROL,0
194.756,0.0340,0.0340,PATROL,0
194.790,0.0342,0.0340,PATROL,0
194.824,0.0341,0.0340,PATROL,0
194.858,0.0340,0.0340,PATROL,0
194.893,0.0346,0.0340,PATROL,0
194.927,0.0336,0.0340,PATROL,0
194.962,0.0350,0.0340,PATROL,0
194.995,0.0337,0.0340,PATROL,0
195.029,0.0338,0.0340,PATROL,0
195.063,0.0338,0.0340,PATROL,0
195.097,0.0343,0.0340,PATROL,0
195.131,0.0336,0.0340,PATROL,0
195.165,0.0338,0.0340,PATROL,0
195.199,0.0341,0.0340,PATROL,0
195.233,0.0339,0.0340,PATROL,0
195.267,0.0340,0.0340,PATROL,0
195.301,0.0341,0.0340,PATROL,0
195.335,0.0340,0.0340,PATROL,0
195.369,0.0341,0.0340,PATROL,0
195.403,0.0340,0.0340,PATROL,0
195.437,0.0341,0.0340,PATROL,0
195.471,0.0338,0.0340,PATROL,0
195.505,0.0340,0.0340,PATROL,0
195.539,0.0341,0.0340,PATROL,0
195.573,0.0340,0.0340,PATROL,0
195.607,0.0339,0.0340,PATROL,0
195.641,0.0341,0.0340,PATROL,0
195.675,0.0340,0.0340,PATROL,0
195.709,0.0341,0.0340,PATROL,0
195.743,0.0340,0.0340,PATROL,0
195.777,0.0341,0.0340,PATROL,0
195.811,0.0340,0.0340,PATROL,0
195.845,0.0340,0.0340,ALIGN,0
195.879,0.0339,0.0340,ALIGN,0
195.913,0.0340,0.0340,ALIGN,0
195.947,0.0342,0.0340,ALIGN,0
195.981,0.0341,0.0340,ALIGN,0
196.016,0.0343,0.0340,ALIGN,0
196.049,0.0338,0.0340,ALIGN,0
196.083,0.0339,0.0340,ALIGN,0
196.117,0.0341,0.0340,ALIGN,0
196.151,0.0338,0.0340,ALIGN,0
196.185,0.0341,0.0340,ALIGN,0
196.219,0.0342,0.0340,ALIGN,0
196.253,0.0338,0.0340,ALIGN,0
196.287,0.0341,0.0340,ALIGN,0
196.321,0.0339,0.0340,ALIGN,0
196.355,0.0341,0.0340,ALIGN,0
196.389,0.0341,0.0340,ALIGN,0
196.423,0.0340,0.0340,ALIGN,0
196.457,0.0342,0.0340,ALIGN,0
196.491,0.0338,0.0340,ALIGN,0
196.525,0.0341,0.0340,ALIGN,0
196.559,0.0340,0.0340,ALIGN,0
196.593,0.0341,0.0340,ALIGN,0
196.627,0.0340,0.0340,ALIGN,0
196.661,0.0340,0.0340,ALIGN,0
196.695,0.0341,0.0340,ALIGN,0
196.730,0.0341,0.0340,ALIGN,0
196.763,0.0339,0.0340,ALIGN,0
196.798,0.0342,0.0340,ALIGN,0
196.831,0.0338,0.0340,ALIGN,0
196.865,0.0340,0.0340,ALIGN,0
196.899,0.0340,0.0340,ALIGN,0
196.933,0.0341,0.0340,ALIGN,0
196.967,0.0339,0.0340,ALIGN,0
197.001,0.0340,0.0340,ALIGN,0
197.036,0.0342,0.0340,APPROACH,0
197.070,0.0340,0.0340,APPROACH,0
197.104,0.0339,0.0340,APPROACH,0
197.137,0.0340,0.0340,APPROACH,0
197.172,0.0340,0.0340,APPROACH,0
197.206,0.0343,0.0340,APPROACH,0
197.240,0.0338,0.0340,APPROACH,0
197.274,0.0340,0.0340,APPROACH,0
197.308,0.0341,0.0340,APPROACH,0
197.342,0.0340,0.0340,APPROACH,0
197.376,0.0341,0.0340,APPROACH,0
197.410,0.0339,0.0340,APPROACH,0
197.444,0.0341,0.0340,APPROACH,0
197.478,0.0341,0.0340,APPROACH,0
197.512,0.0341,0.0340,APPROACH,0
197.546,0.0340,0.0340,APPROACH,0
197.580,0.0340,0.0340,APPROACH,0
197.614,0.0340,0.0340,APPROACH,0
197.648,0.0340,0.0340,APPROACH,0
197.682,0.0340,0.0340,APPROACH,0
197.716,0.0339,0.0340,APPROACH,0
197.750,0.0342,0.0340,APPROACH,0
197.784,0.0338,0.0340,APPROACH,0
197.818,0.0340,0.0340,APPROACH,0
197.852,0.0341,0.0340,APPROACH,0
197.886,0.0339,0.0340,APPROACH,0
197.920,0.0341,0.0340,APPROACH,0
197.954,0.0341,0.0340,APPROACH,0
197.988,0.0340,0.0340,APPROACH,0
198.022,0.0342,0.0340,APPROACH,0
198.056,0.0339,0.0340,APPROACH,0
198.090,0.0341,0.0340,APPROACH,0
198.124,0.0338,0.0340,APPROACH,0
198.158,0.0339,0.0340,APPROACH,0
198.192,0.0342,0.0340,APPROACH,0
198.226,0.0339,0.0340,APPROACH,0
198.260,0.0340,0.0340,APPROACH,0
198.294,0.0341,0.0340,APPROACH,0
198.328,0.0339,0.0340,APPROACH,0
198.362,0.0340,0.0340,APPROACH,0
198.396,0.0342,0.0340,APPROACH,0
198.430,0.0342,0.0340,APPROACH,0
198.464,0.0337,0.0340,APPROACH,0
198.498,0.0342,0.0340,APPROACH,0
198.532,0.0339,0.0340,APPROACH,0
198.566,0.0341,0.0340,APPROACH,0
198.600,0.0341,0.0340,APPROACH,0
198.634,0.0340,0.0340,APPROACH,0
198.668,0.0341,0.0340,APPROACH,0
198.702,0.0339,0.0340,APPROACH,0
198.736,0.0341,0.0340,APPROACH,0
198.770,0.0340,0.0340,APPROACH,0
198.804,0.0341,0.0340,APPROACH,0
198.839,0.0341,0.0340,APPROACH,0
198.872,0.0339,0.0340,APPROACH,0
198.906,0.0339,0.0340,APPROACH,0
198.941,0.0342,0.0340,APPROACH,0
198.975,0.0341,0.0340,APPROACH,0
199.008,0.0338,0.0340,APPROACH,0
199.042,0.0340,0.0340,APPROACH,0
199.077,0.0340,0.0340,APPROACH,0
199.110,0.0340,0.0340,APPROACH,0
199.145,0.0341,0.0340,APPROACH,0
199.179,0.0342,0.0340,APPROACH,0
199.213,0.0339,0.0340,APPROACH,0
199.247,0.0340,0.0340,APPROACH,0
199.281,0.0340,0.0340,APPROACH,0
199.315,0.0340,0.0340,APPROACH,0
199.349,0.0339,0.0340,APPROACH,0
199.383,0.0340,0.0340,APPROACH,0
199.417,0.0341,0.0340,APPROACH,0
199.451,0.0345,0.0340,APPROACH,0
199.485,0.0336,0.0340,APPROACH,0
199.519,0.0340,0.0340,APPROACH,0
199.553,0.0339,0.0340,APPROACH,0
199.587,0.0340,0.0340,APPROACH,0
199.621,0.0341,0.0340,APPROACH,0
199.655,0.0339,0.0340,APPROACH,0
199.689,0.0342,0.0340,APPROACH,0
199.723,0.0341,0.0340,BLIND_DASH,0
199.757,0.0342,0.0340,BLIND_DASH,0
199.791,0.0336,0.0340,BLIND_DASH,0
199.825,0.0342,0.0340,PATROL,0
199.859,0.0339,0.0340,PATROL,0
199.893,0.0341,0.0340,PATROL,0
199.927,0.0340,0.0340,PATROL,0
199.961,0.0340,0.0340,PATROL,0
199.995,0.0339,0.0340,PATROL,0
200.029,0.0340,0.0340,PATROL,0
200.063,0.0340,0.0340,PATROL,0
200.097,0.0341,0.0340,PATROL,0
200.131,0.0339,0.0340,PATROL,0
200.165,0.0342,0.0340,PATROL,0
200.199,0.0343,0.0340,PATROL,0
200.233,0.0336,0.0340,PATROL,0
200.267,0.0341,0.0340,PATROL,0
200.301,0.0341,0.0340,PATROL,0
200.335,0.0339,0.0340,PATROL,0
200.369,0.0341,0.0340,PATROL,0
200.403,0.0339,0.0340,PATROL,0
200.437,0.0342,0.0340,PATROL,0
200.472,0.0343,0.0340,PATROL,0
200.505,0.0337,0.0340,PATROL,0
200.539,0.0339,0.0340,PATROL,0
200.573,0.0343,0.0340,PATROL,0
200.607,0.0340,0.0340,PATROL,0
200.641,0.0339,0.0340,PATROL,0
200.675,0.0340,0.0340,PATROL,0
200.709,0.0339,0.0340,PATROL,0
200.743,0.0341,0.0340,PATROL,0
200.777,0.0339,0.0340,PATROL,0
200.811,0.0341,0.0340,PATROL,0
200.845,0.0341,0.0340,PATROL,0
200.880,0.0341,0.0340,PATROL,0
200.913,0.0339,0.0340,PATROL,0
200.947,0.0339,0.0340,PATROL,0
200.981,0.0340,0.0340,PATROL,0
201.015,0.0340,0.0340,PATROL,0
201.049,0.0340,0.0340,PATROL,0
201.084,0.0343,0.0340,PATROL,0
201.118,0.0342,0.0340,PATROL,0
201.152,0.0338,0.0340,PATROL,0
201.186,0.0341,0.0340,PATROL,0
201.219,0.0337,0.0340,PATROL,0
201.253,0.0340,0.0340,PATROL,0
201.288,0.0341,0.0340,PATROL,0
201.321,0.0339,0.0340,PATROL,0
201.356,0.0342,0.0340,PATROL,0
201.390,0.0343,0.0340,PATROL,0
201.424,0.0338,0.0340,PATROL,0
201.458,0.0341,0.0340,PATROL,0
201.492,0.0338,0.0340,PATROL,0
201.526,0.0342,0.0340,PATROL,0
201.560,0.0340,0.0340,PATROL,0
201.594,0.0339,0.0340,PATROL,0
201.628,0.0340,0.0340,PATROL,0
201.662,0.0340,0.0340,PATROL,0
201.696,0.0342,0.0340,PATROL,0
201.730,0.0340,0.0340,PATROL,0
201.764,0.0339,0.0340,PATROL,0
201.798,0.0339,0.0340,PATROL,0
201.832,0.0340,0.0340,PATROL,0
201.866,0.0340,0.0340,PATROL,0
201.900,0.0342,0.0340,PATROL,0
201.934,0.0338,0.0340,PATROL,0
201.968,0.0341,0.0340,PATROL,0
202.002,0.0339,0.0340,PATROL,0
202.036,0.0341,0.0340,PATROL,0
202.070,0.0339,0.0340,PATROL,0
202.104,0.0340,0.0340,PATROL,0
202.138,0.0340,0.0340,PATROL,0
202.172,0.0342,0.0340,PATROL,0
202.206,0.0340,0.0340,PATROL,0
202.240,0.0341,0.0340,PATROL,0
202.274,0.0339,0.0340,PATROL,0
202.308,0.0341,0.0340,PATROL,0
202.342,0.0342,0.0340,PATROL,0
202.376,0.0339,0.0340,PATROL,0
202.410,0.0340,0.0340,PATROL,0
202.444,0.0342,0.0340,PATROL,0
202.478,0.0337,0.0340,PATROL,0
202.512,0.0342,0.0340,PATROL,0
202.546,0.0340,0.0340,PATROL,0
202.580,0.0339,0.0340,PATROL,0
202.614,0.0339,0.0340,PATROL,0
202.648,0.0340,0.0340,PATROL,0
202.682,0.0341,0.0340,PATROL,0
202.716,0.0340,0.0340,PATROL,0
202.750,0.0340,0.0340,PATROL,0
202.784,0.0340,0.0340,PATROL,0
202.818,0.0340,0.0340,PATROL,0
202.852,0.0341,0.0340,PATROL,0
202.886,0.0339,0.0340,PATROL,0
202.920,0.0340,0.0340,PATROL,0
202.954,0.0340,0.0340,PATROL,0
202.989,0.0345,0.0340,PATROL,0
203.023,0.0337,0.0340,PATROL,0
203.056,0.0338,0.0340,PATROL,0
203.090,0.0341,0.0340,PATROL,0
203.124,0.0339,0.0340,PATROL,0
203.158,0.0340,0.0340,PATROL,0
203.193,0.0341,0.0340,PATROL,0
203.227,0.0341,0.0340,PATROL,0
203.261,0.0339,0.0340,PATROL,0
203.294,0.0339,0.0340,PATROL,0
203.328,0.0340,0.0340,PATROL,0
203.363,0.0342,0.0340,PATROL,0
203.396,0.0339,0.0340,PATROL,0
203.431,0.0341,0.0340,PATROL,0
203.465,0.0340,0.0340,PATROL,0
203.499,0.0340,0.0340,PATROL,0
203.533,0.0342,0.0340,PATROL,0
203.567,0.0337,0.0340,PATROL,0
203.601,0.0341,0.0340,PATROL,0
203.635,0.0340,0.0340,PATROL,0
203.669,0.0339,0.0340,PATROL,0
203.703,0.0340,0.0340,PATROL,0
203.737,0.0341,0.0340,PATROL,0
203.771,0.0341,0.0340,PATROL,0
203.805,0.0341,0.0340,PATROL,0
203.839,0.0341,0.0340,PATROL,0
203.873,0.0339,0.0340,PATROL,0
203.907,0.0339,0.0340,PATROL,0
203.941,0.0341,0.0340,PATROL,0
203.975,0.0339,0.0340,PATROL,0
204.009,0.0340,0.0340,PATROL,0
204.043,0.0340,0.0340,PATROL,0
204.077,0.0341,0.0340,PATROL,0
204.111,0.0339,0.0340,PATROL,0
204.145,0.0340,0.0340,PATROL,0
204.179,0.0342,0.0340,PATROL,0
204.213,0.0340,0.0340,PATROL,0
204.247,0.0339,0.0340,PATROL,0
204.281,0.0341,0.0340,PATROL,0
204.315,0.0340,0.0340,PATROL,0
204.349,0.0340,0.0340,PATROL,0
204.383,0.0341,0.0340,PATROL,0
204.417,0.0339,0.0340,PATROL,0
204.451,0.0340,0.0340,PATROL,0
204.485,0.0341,0.0340,PATROL,0
204.519,0.0340,0.0340,PATROL,0
204.553,0.0341,0.0340,PATROL,0
204.587,0.0338,0.0340,PATROL,0
204.621,0.0341,0.0340,PATROL,0
204.655,0.0339,0.0340,PATROL,0
204.689,0.0343,0.0340,PATROL,0
204.723,0.0339,0.0340,PATROL,0
204.757,0.0340,0.0340,PATROL,0
204.791,0.0338,0.0340,PATROL,0
204.825,0.0341,0.0340,PATROL,0
204.859,0.0342,0.0340,PATROL,0
204.893,0.0338,0.0340,PATROL,0
204.927,0.0341,0.0340,PATROL,0
204.961,0.0340,0.0340,PATROL,0
204.995,0.0340,0.0340,PATROL,0
205.029,0.0341,0.0340,PATROL,0
205.063,0.0339,0.0340,PATROL,0
205.097,0.0340,0.0340,PATROL,0
205.131,0.0340,0.0340,PATROL,0
205.165,0.0341,0.0340,PATROL,0
205.199,0.0340,0.0340,PATROL,0
205.233,0.0340,0.0340,PATROL,0
205.267,0.0341,0.0340,PATROL,0
205.301,0.0340,0.0340,PATROL,0
205.335,0.0340,0.0340,PATROL,0
205.370,0.0340,0.0340,PATROL,0
205.403,0.0339,0.0340,PATROL,0
205.438,0.0341,0.0340,PATROL,0
205.472,0.0341,0.0340,PATROL,0
205.506,0.0341,0.0340,PATROL,0
205.540,0.0338,0.0340,PATROL,0
205.574,0.0340,0.0340,PATROL,0
205.608,0.0340,0.0340,PATROL,0
205.642,0.0340,0.0340,PATROL,0
205.676,0.0341,0.0340,PATROL,0
205.710,0.0340,0.0340,PATROL,0
205.744,0.0341,0.0340,PATROL,0
205.778,0.0339,0.0340,PATROL,0
205.812,0.0340,0.0340,PATROL,0
205.846,0.0341,0.0340,PATROL,0
205.880,0.0339,0.0340,PATROL,0
205.914,0.0341,0.0340,PATROL,0
205.948,0.0344,0.0340,PATROL,0
205.982,0.0337,0.0340,PATROL,0
206.016,0.0339,0.0340,PATROL,0
206.050,0.0340,0.0340,PATROL,0
206.084,0.0341,0.0340,PATROL,0
206.118,0.0340,0.0340,PATROL,0
206.152,0.0340,0.0340,PATROL,0
206.186,0.0341,0.0340,PATROL,0
206.220,0.0341,0.0340,PATROL,0
206.254,0.0340,0.0340,PATROL,0
206.288,0.0342,0.0340,PATROL,0
206.322,0.0338,0.0340,PATROL,0
206.356,0.0339,0.0340,PATROL,0
206.390,0.0340,0.0340,PATROL,0
206.424,0.0341,0.0340,PATROL,0
206.458,0.0340,0.0340,PATROL,0
206.492,0.0341,0.0340,PATROL,0
206.526,0.0340,0.0340,PATROL,0
206.560,0.0338,0.0340,PATROL,0
206.594,0.0342,0.0340,PATROL,0
206.628,0.0339,0.0340,PATROL,0
206.663,0.0347,0.0340,PATROL,0
206.696,0.0335,0.0340,PATROL,0
206.730,0.0340,0.0340,PATROL,0
206.764,0.0341,0.0340,PATROL,0
206.798,0.0337,0.0340,PATROL,0
206.832,0.0342,0.0340,PATROL,0
206.866,0.0339,0.0340,PATROL,0
206.900,0.0340,0.0340,PATROL,0
206.934,0.0341,0.0340,PATROL,0
206.968,0.0342,0.0340,PATROL,0
207.002,0.0337,0.0340,PATROL,0
207.036,0.0341,0.0340,PATROL,0
207.070,0.0340,0.0340,PATROL,0
207.104,0.0341,0.0340,PATROL,0
207.138,0.0341,0.0340,PATROL,0
207.172,0.0339,0.0340,PATROL,0
207.206,0.0341,0.0340,PATROL,0
207.240,0.0340,0.0340,PATROL,0
207.274,0.0339,0.0340,PATROL,0
207.308,0.0340,0.0340,PATROL,0
207.342,0.0340,0.0340,PATROL,0
207.376,0.0340,0.0340,PATROL,0
207.410,0.0342,0.0340,PATROL,0
207.444,0.0339,0.0340,PATROL,0
207.479,0.0341,0.0340,PATROL,0
207.512,0.0340,0.0340,PATROL,0
207.546,0.0340,0.0340,PATROL,0
207.581,0.0341,0.0340,PATROL,0
207.614,0.0338,0.0340,PATROL,0
207.648,0.0340,0.0340,PATROL,0
207.683,0.0342,0.0340,PATROL,0
207.717,0.0339,0.0340,PATROL,0
207.751,0.0340,0.0340,PATROL,0
207.784,0.0339,0.0340,PATROL,0
207.818,0.0340,0.0340,PATROL,0
207.853,0.0343,0.0340,PATROL,0
207.887,0.0338,0.0340,PATROL,0
207.921,0.0341,0.0340,PATROL,0
207.955,0.0341,0.0340,PATROL,0
207.989,0.0338,0.0340,PATROL,0
208.023,0.0341,0.0340,PATROL,0
208.057,0.0340,0.0340,PATROL,0
208.091,0.0341,0.0340,PATROL,0
208.125,0.0343,0.0340,PATROL,0
208.159,0.0335,0.0340,PATROL,0
208.193,0.0341,0.0340,PATROL,0
208.227,0.0340,0.0340,PATROL,0
208.261,0.0340,0.0340,PATROL,0
208.295,0.0341,0.0340,PATROL,0
208.329,0.0340,0.0340,PATROL,0
208.363,0.0339,0.0340,PATROL,0
208.397,0.0343,0.0340,PATROL,0
208.431,0.0338,0.0340,PATROL,0
208.465,0.0340,0.0340,PATROL,0
208.499,0.0340,0.0340,PATROL,0
208.533,0.0341,0.0340,PATROL,0
208.567,0.0340,0.0340,PATROL,0
208.601,0.0341,0.0340,PATROL,0
208.635,0.0340,0.0340,PATROL,0
208.669,0.0340,0.0340,PATROL,0
208.703,0.0338,0.0340,PATROL,0
208.737,0.0341,0.0340,PATROL,0
208.771,0.0341,0.0340,PATROL,0
208.805,0.0343,0.0340,PATROL,0
208.839,0.0338,0.0340,PATROL,0
208.873,0.0342,0.0340,PATROL,0
208.907,0.0338,0.0340,PATROL,0
208.941,0.0341,0.0340,PATROL,0
208.975,0.0339,0.0340,PATROL,0
209.009,0.0340,0.0340,PATROL,0
209.043,0.0342,0.0340,PATROL,0
209.077,0.0337,0.0340,PATROL,0
209.111,0.0341,0.0340,PATROL,0
209.145,0.0341,0.0340,PATROL,0
209.179,0.0340,0.0340,PATROL,0
209.213,0.0341,0.0340,PATROL,0
209.247,0.0339,0.0340,PATROL,0
209.281,0.0340,0.0340,PATROL,0
209.315,0.0340,0.0340,PATROL,0
209.349,0.0340,0.0340,PATROL,0
209.383,0.0342,0.0340,PATROL,0
209.417,0.0340,0.0340,PATROL,0
209.451,0.0341,0.0340,PATROL,0
209.485,0.0340,0.0340,PATROL,0
209.519,0.0339,0.0340,PATROL,0
209.553,0.0341,0.0340,PATROL,0
209.587,0.0339,0.0340,PATROL,0
209.621,0.0339,0.0340,PATROL,0
209.656,0.0344,0.0340,PATROL,0
209.690,0.0339,0.0340,PATROL,0
209.724,0.0340,0.0340,PATROL,0
209.757,0.0336,0.0340,PATROL,0
209.791,0.0342,0.0340,PATROL,0
209.826,0.0342,0.0340,PATROL,0
209.860,0.0340,0.0340,PATROL,0
209.894,0.0341,0.0340,PATROL,0
209.928,0.0339,0.0340,PATROL,0
209.962,0.0341,0.0340,PATROL,0
209.996,0.0341,0.0340,PATROL,0
210.030,0.0338,0.0340,PATROL,0
210.064,0.0341,0.0340,PATROL,0
210.098,0.0339,0.0340,PATROL,0
210.132,0.0340,0.0340,PATROL,0
210.166,0.0342,0.0340,PATROL,0
210.200,0.0339,0.0340,PATROL,0
210.234,0.0341,0.0340,PATROL,0
210.268,0.0341,0.0340,PATROL,0
210.302,0.0341,0.0340,PATROL,0
210.336,0.0339,0.0340,PATROL,0
210.370,0.0339,0.0340,PATROL,0
210.404,0.0341,0.0340,PATROL,0
210.438,0.0341,0.0340,PATROL,0
210.472,0.0342,0.0340,PATROL,0
210.506,0.0339,0.0340,PATROL,0
210.540,0.0342,0.0340,PATROL,0
210.574,0.0337,0.0340,PATROL,0
210.608,0.0340,0.0340,PATROL,0
210.642,0.0341,0.0340,PATROL,0
210.676,0.0340,0.0340,PATROL,0
210.710,0.0340,0.0340,PATROL,0
210.744,0.0341,0.0340,PATROL,0
210.778,0.0340,0.0340,PATROL,0
210.812,0.0344,0.0340,PATROL,0
210.846,0.0337,0.0340,PATROL,0
210.880,0.0339,0.0340,PATROL,0
210.914,0.0340,0.0340,PATROL,0
210.948,0.0340,0.0340,PATROL,0
210.982,0.0340,0.0340,PATROL,0
211.016,0.0340,0.0340,PATROL,0
211.050,0.0340,0.0340,PATROL,0
211.084,0.0341,0.0340,PATROL,0
211.118,0.0341,0.0340,PATROL,0
211.152,0.0339,0.0340,PATROL,0
211.186,0.0340,0.0340,PATROL,0
211.220,0.0339,0.0340,PATROL,0
211.254,0.0341,0.0340,PATROL,0
211.288,0.0341,0.0340,PATROL,0
211.322,0.0339,0.0340,PATROL,0
211.356,0.0343,0.0340,PATROL,0
211.390,0.0339,0.0340,PATROL,0
211.424,0.0341,0.0340,PATROL,0
211.458,0.0339,0.0340,PATROL,0
211.492,0.0341,0.0340,PATROL,0
211.526,0.0338,0.0340,PATROL,0
211.560,0.0344,0.0340,PATROL,0
211.594,0.0337,0.0340,PATROL,0
211.628,0.0341,0.0340,PATROL,0
211.662,0.0338,0.0340,PATROL,0
211.696,0.0340,0.0340,PATROL,0
211.730,0.0340,0.0340,PATROL,0
211.764,0.0341,0.0340,PATROL,0
211.798,0.0339,0.0340,PATROL,0
211.832,0.0342,0.0340,PATROL,0
211.866,0.0340,0.0340,PATROL,0
211.900,0.0339,0.0340,PATROL,0
211.934,0.0339,0.0340,PATROL,0
211.968,0.0339,0.0340,PATROL,0
212.002,0.0343,0.0340,PATROL,0
212.036,0.0340,0.0340,PATROL,0
212.070,0.0339,0.0340,PATROL,0
212.104,0.0340,0.0340,PATROL,0
212.138,0.0340,0.0340,PATROL,0
212.172,0.0341,0.0340,PATROL,0
212.206,0.0339,0.0340,PATROL,0
212.240,0.0339,0.0340,PATROL,0
212.274,0.0339,0.0340,PATROL,0
212.308,0.0340,0.0340,PATROL,0
212.342,0.0341,0.0340,PATROL,0
212.376,0.0340,0.0340,PATROL,0
212.410,0.0340,0.0340,PATROL,0
212.444,0.0341,0.0340,PATROL,0
212.478,0.0338,0.0340,PATROL,0
212.512,0.0341,0.0340,PATROL,0
212.546,0.0339,0.0340,PATROL,0
212.580,0.0341,0.0340,PATROL,0
212.614,0.0341,0.0340,PATROL,0
212.648,0.0339,0.0340,PATROL,0
212.682,0.0341,0.0340,PATROL,0
212.716,0.0339,0.0340,PATROL,0
212.750,0.0340,0.0340,PATROL,0
212.784,0.0340,0.0340,PATROL,0
212.819,0.0344,0.0340,PATROL,0
212.853,0.0342,0.0340,PATROL,0
212.887,0.0341,0.0340,PATROL,0
212.921,0.0343,0.0340,PATROL,0
212.955,0.0339,0.0340,PATROL,0
212.989,0.0340,0.0340,PATROL,0
213.023,0.0341,0.0340,PATROL,0
213.057,0.0342,0.0340,PATROL,0
213.091,0.0339,0.0340,PATROL,0
213.125,0.0339,0.0340,PATROL,0
213.159,0.0340,0.0340,PATROL,0
213.193,0.0339,0.0340,PATROL,0
213.227,0.0341,0.0340,PATROL,0
213.261,0.0340,0.0340,PATROL,0
213.295,0.0341,0.0340,PATROL,0
213.329,0.0339,0.0340,PATROL,0
213.363,0.0339,0.0340,PATROL,0
213.397,0.0341,0.0340,PATROL,0
213.431,0.0340,0.0340,PATROL,0
213.465,0.0338,0.0340,PATROL,0
213.499,0.0342,0.0340,PATROL,0
213.533,0.0340,0.0340,PATROL,0
213.567,0.0340,0.0340,PATROL,0
213.601,0.0341,0.0340,PATROL,0
213.635,0.0338,0.0340,PATROL,0
213.669,0.0342,0.0340,PATROL,0
213.703,0.0338,0.0340,PATROL,0
213.737,0.0342,0.0340,PATROL,0
213.771,0.0339,0.0340,PATROL,0
213.805,0.0341,0.0340,PATROL,0
213.839,0.0339,0.0340,PATROL,0
213.873,0.0341,0.0340,PATROL,0
213.907,0.0339,0.0340,PATROL,0
213.941,0.0341,0.0340,PATROL,0
213.975,0.0342,0.0340,PATROL,0
214.009,0.0340,0.0340,PATROL,0
214.043,0.0341,0.0340,PATROL,0
214.078,0.0342,0.0340,PATROL,0
214.111,0.0339,0.0340,PATROL,0
214.146,0.0341,0.0340,PATROL,0
214.180,0.0340,0.0340,PATROL,0
214.214,0.0341,0.0340,PATROL,0
214.248,0.0340,0.0340,PATROL,0
214.282,0.0341,0.0340,PATROL,0
214.316,0.0341,0.0340,PATROL,0
214.350,0.0340,0.0340,PATROL,0
214.384,0.0340,0.0340,PATROL,0
214.418,0.0342,0.0340,PATROL,0
214.452,0.0340,0.0340,PATROL,0
214.486,0.0339,0.0340,PATROL,0
214.520,0.0341,0.0340,PATROL,0
214.554,0.0340,0.0340,PATROL,0
214.588,0.0339,0.0340,PATROL,0
214.622,0.0341,0.0340,PATROL,0
214.656,0.0340,0.0340,PATROL,0
214.690,0.0341,0.0340,PATROL,0
214.724,0.0339,0.0340,PATROL,0
214.758,0.0346,0.0340,PATROL,0
214.792,0.0336,0.0340,PATROL,0
214.826,0.0340,0.0340,PATROL,0
214.860,0.0339,0.0340,PATROL,0
214.894,0.0339,0.0340,PATROL,0
214.928,0.0340,0.0340,PATROL,0
214.962,0.0341,0.0340,PATROL,0
214.996,0.0340,0.0340,PATROL,0
215.030,0.0342,0.0340,PATROL,0
215.064,0.0342,0.0340,PATROL,0
215.098,0.0339,0.0340,PATROL,0
215.132,0.0341,0.0340,PATROL,0
215.166,0.0339,0.0340,PATROL,0
215.200,0.0340,0.0340,PATROL,0
215.234,0.0340,0.0340,PATROL,0
215.268,0.0341,0.0340,PATROL,0
215.302,0.0340,0.0340,PATROL,0
215.336,0.0341,0.0340,PATROL,0
215.370,0.0341,0.0340,PATROL,0
215.404,0.0338,0.0340,PATROL,0
215.438,0.0340,0.0340,PATROL,0
215.472,0.0341,0.0340,PATROL,0
215.506,0.0340,0.0340,PATROL,0
215.541,0.0342,0.0340,PATROL,0
215.574,0.0338,0.0340,PATROL,0
215.609,0.0341,0.0340,PATROL,0
215.642,0.0339,0.0340,PATROL,0
215.677,0.0341,0.0340,PATROL,0
215.710,0.0339,0.0340,PATROL,0
215.744,0.0339,0.0340,PATROL,0
215.778,0.0340,0.0340,PATROL,0
215.812,0.0340,0.0340,PATROL,0
215.847,0.0341,0.0340,PATROL,0
215.881,0.0340,0.0340,PATROL,0
215.914,0.0340,0.0340,PATROL,0
215.949,0.0342,0.0340,PATROL,0
215.983,0.0339,0.0340,PATROL,0
216.017,0.0340,0.0340,PATROL,0
216.051,0.0341,0.0340,PATROL,0
216.085,0.0339,0.0340,PATROL,0
216.119,0.0340,0.0340,PATROL,0
216.153,0.0343,0.0340,PATROL,0
216.187,0.0338,0.0340,PATROL,0
216.221,0.0340,0.0340,PATROL,0
216.255,0.0339,0.0340,PATROL,0
216.289,0.0340,0.0340,PATROL,0
216.323,0.0341,0.0340,PATROL,0
216.357,0.0340,0.0340,PATROL,0
216.391,0.0343,0.0340,PATROL,0
216.425,0.0337,0.0340,PATROL,0
216.459,0.0345,0.0340,PATROL,0
216.493,0.0339,0.0340,PATROL,0
216.527,0.0336,0.0340,PATROL,0
216.561,0.0342,0.0340,PATROL,0
216.595,0.0339,0.0340,PATROL,0
216.629,0.0340,0.0340,PATROL,0
216.663,0.0340,0.0340,PATROL,0
216.697,0.0342,0.0340,PATROL,0
216.731,0.0339,0.0340,PATROL,0
216.765,0.0342,0.0340,PATROL,0
216.799,0.0339,0.0340,PATROL,0
216.833,0.0342,0.0340,PATROL,0
216.867,0.0339,0.0340,PATROL,0
216.901,0.0340,0.0340,PATROL,0
216.935,0.0344,0.0340,PATROL,0
216.969,0.0338,0.0340,PATROL,0
217.003,0.0341,0.0340,PATROL,0
217.037,0.0338,0.0340,PATROL,0
217.071,0.0342,0.0340,PATROL,0
217.105,0.0339,0.0340,PATROL,0
217.139,0.0339,0.0340,PATROL,0
217.173,0.0339,0.0340,PATROL,0
217.207,0.0341,0.0340,PATROL,0
217.241,0.0340,0.0340,PATROL,0
217.275,0.0340,0.0340,PATROL,0
217.309,0.0342,0.0340,PATROL,0
217.343,0.0341,0.0340,PATROL,0
217.377,0.0339,0.0340,PATROL,0
217.411,0.0341,0.0340,PATROL,0
217.445,0.0339,0.0340,PATROL,0
217.479,0.0341,0.0340,PATROL,0
217.513,0.0340,0.0340,PATROL,0
217.547,0.0341,0.0340,PATROL,0
217.581,0.0339,0.0340,PATROL,0
217.615,0.0341,0.0340,PATROL,0
217.649,0.0339,0.0340,PATROL,0
217.683,0.0340,0.0340,PATROL,0
217.718,0.0341,0.0340,PATROL,0
217.752,0.0340,0.0340,PATROL,0
217.785,0.0339,0.0340,PATROL,0
217.819,0.0340,0.0340,PATROL,0
217.854,0.0342,0.0340,PATROL,0
217.887,0.0338,0.0340,PATROL,0
217.922,0.0341,0.0340,PATROL,0
217.956,0.0341,0.0340,PATROL,0
217.989,0.0339,0.0340,PATROL,0
218.024,0.0342,0.0340,PATROL,0
218.058,0.0340,0.0340,PATROL,0
218.092,0.0340,0.0340,PATROL,0
218.126,0.0339,0.0340,PATROL,0
218.160,0.0342,0.0340,PATROL,0
218.194,0.0339,0.0340,PATROL,0
218.228,0.0340,0.0340,PATROL,0
218.262,0.0342,0.0340,PATROL,0
218.296,0.0343,0.0340,PATROL,0
218.330,0.0336,0.0340,PATROL,0
218.364,0.0342,0.0340,PATROL,0
218.398,0.0340,0.0340,PATROL,0
218.432,0.0338,0.0340,PATROL,0
218.466,0.0341,0.0340,PATROL,0
218.500,0.0340,0.0340,PATROL,0
218.534,0.0343,0.0340,PATROL,0
218.568,0.0339,0.0340,PATROL,0
218.602,0.0339,0.0340,PATROL,0
218.636,0.0339,0.0340,PATROL,0
218.670,0.0341,0.0340,PATROL,0
218.704,0.0340,0.0340,PATROL,0
218.738,0.0339,0.0340,PATROL,0
218.772,0.0340,0.0340,PATROL,0
218.806,0.0340,0.0340,PATROL,0
218.840,0.0341,0.0340,PATROL,0
218.874,0.0339,0.0340,PATROL,0
218.908,0.0341,0.0340,PATROL,0
218.942,0.0340,0.0340,PATROL,0
218.976,0.0341,0.0340,PATROL,0
219.010,0.0339,0.0340,PATROL,0
219.044,0.0343,0.0340,PATROL,0
219.078,0.0339,0.0340,PATROL,0
219.112,0.0339,0.0340,PATROL,0
219.146,0.0341,0.0340,PATROL,0
219.180,0.0339,0.0340,PATROL,0
219.214,0.0341,0.0340,PATROL,0
219.248,0.0339,0.0340,PATROL,0
219.282,0.0340,0.0340,PATROL,0
219.316,0.0341,0.0340,PATROL,0
219.350,0.0340,0.0340,PATROL,0
219.384,0.0341,0.0340,PATROL,0
219.418,0.0340,0.0340,PATROL,0
219.452,0.0341,0.0340,PATROL,0
219.486,0.0340,0.0340,PATROL,0
219.520,0.0341,0.0340,PATROL,0
219.554,0.0339,0.0340,PATROL,0
219.588,0.0342,0.0340,PATROL,0
219.622,0.0339,0.0340,PATROL,0
219.656,0.0341,0.0340,PATROL,0
219.690,0.0339,0.0340,PATROL,0
219.724,0.0341,0.0340,PATROL,0
219.758,0.0339,0.0340,PATROL,0
219.792,0.0340,0.0340,PATROL,0
219.826,0.0341,0.0340,PATROL,0
219.861,0.0343,0.0340,PATROL,0
219.895,0.0338,0.0340,PATROL,0
219.929,0.0340,0.0340,PATROL,0
219.963,0.0342,0.0340,PATROL,0
219.997,0.0340,0.0340,PATROL,0
220.031,0.0339,0.0340,PATROL,0
220.065,0.0340,0.0340,PATROL,0
220.099,0.0339,0.0340,PATROL,0
220.133,0.0341,0.0340,PATROL,0
220.167,0.0342,0.0340,PATROL,0
220.201,0.0340,0.0340,PATROL,0
220.235,0.0340,0.0340,PATROL,0
220.269,0.0342,0.0340,PATROL,0
220.303,0.0337,0.0340,PATROL,0
220.337,0.0342,0.0340,PATROL,0
220.371,0.0338,0.0340,PATROL,0
220.405,0.0340,0.0340,PATROL,0
220.439,0.0341,0.0340,PATROL,0
220.473,0.0340,0.0340,PATROL,0
220.507,0.0340,0.0340,PATROL,0
220.541,0.0343,0.0340,PATROL,0
220.575,0.0338,0.0340,PATROL,0
220.609,0.0340,0.0340,PATROL,0
220.643,0.0342,0.0340,PATROL,0
220.677,0.0340,0.0340,PATROL,0
220.711,0.0340,0.0340,PATROL,0
220.745,0.0339,0.0340,PATROL,0
220.779,0.0341,0.0340,PATROL,0
220.813,0.0340,0.0340,PATROL,0
220.847,0.0339,0.0340,PATROL,0
220.881,0.0342,0.0340,PATROL,0
220.915,0.0340,0.0340,PATROL,0
220.949,0.0341,0.0340,PATROL,0
220.983,0.0338,0.0340,PATROL,0
221.017,0.0341,0.0340,PATROL,0
221.051,0.0340,0.0340,PATROL,0
221.086,0.0344,0.0340,PATROL,0
221.119,0.0339,0.0340,PATROL,0
221.153,0.0336,0.0340,PATROL,0
221.187,0.0340,0.0340,PATROL,0
221.221,0.0341,0.0340,PATROL,0
221.255,0.0340,0.0340,PATROL,0
221.289,0.0340,0.0340,PATROL,0
221.323,0.0341,0.0340,PATROL,0
221.357,0.0340,0.0340,PATROL,0
221.391,0.0339,0.0340,PATROL,0
221.425,0.0341,0.0340,PATROL,0
221.459,0.0340,0.0340,PATROL,0
221.493,0.0341,0.0340,PATROL,0
221.527,0.0339,0.0340,PATROL,0
221.561,0.0342,0.0340,PATROL,0
221.595,0.0337,0.0340,PATROL,0
221.629,0.0341,0.0340,PATROL,0
221.663,0.0340,0.0340,PATROL,0
221.697,0.0341,0.0340,PATROL,0
221.731,0.0338,0.0340,PATROL,0
221.765,0.0342,0.0340,PATROL,0
221.799,0.0338,0.0340,PATROL,0
221.833,0.0341,0.0340,PATROL,0
221.867,0.0339,0.0340,PATROL,0
221.901,0.0340,0.0340,PATROL,0
221.935,0.0341,0.0340,PATROL,0
221.969,0.0339,0.0340,PATROL,0
222.003,0.0340,0.0340,PATROL,0
222.037,0.0343,0.0340,PATROL,0
222.071,0.0337,0.0340,PATROL,0
222.105,0.0340,0.0340,PATROL,0
222.139,0.0340,0.0340,PATROL,0
222.173,0.0341,0.0340,PATROL,0
222.207,0.0338,0.0340,PATROL,0
222.241,0.0340,0.0340,PATROL,0
222.275,0.0342,0.0340,PATROL,0
222.310,0.0343,0.0340,PATROL,0
222.344,0.0341,0.0340,PATROL,0
222.378,0.0341,0.0340,PATROL,0
222.412,0.0338,0.0340,PATROL,0
222.446,0.0340,0.0340,PATROL,0
222.480,0.0342,0.0340,PATROL,0
222.514,0.0340,0.0340,PATROL,0
222.548,0.0341,0.0340,PATROL,0
222.582,0.0337,0.0340,PATROL,0
222.616,0.0343,0.0340,PATROL,0
222.650,0.0341,0.0340,PATROL,0
222.684,0.0340,0.0340,PATROL,0
222.718,0.0340,0.0340,PATROL,0
222.752,0.0339,0.0340,PATROL,0
222.786,0.0339,0.0340,PATROL,0
222.820,0.0342,0.0340,PATROL,0
222.854,0.0343,0.0340,PATROL,0
222.888,0.0337,0.0340,PATROL,0
222.922,0.0341,0.0340,PATROL,0
222.956,0.0341,0.0340,PATROL,0
222.990,0.0339,0.0340,PATROL,0
223.024,0.0341,0.0340,PATROL,0
223.058,0.0339,0.0340,PATROL,0
223.092,0.0341,0.0340,PATROL,0
223.126,0.0342,0.0340,PATROL,0
223.160,0.0339,0.0340,PATROL,0
223.194,0.0341,0.0340,PATROL,0
223.228,0.0341,0.0340,PATROL,0
223.262,0.0340,0.0340,PATROL,0
223.296,0.0339,0.0340,PATROL,0
223.330,0.0340,0.0340,PATROL,0
223.364,0.0340,0.0340,PATROL,0
223.398,0.0341,0.0340,PATROL,0
223.432,0.0340,0.0340,PATROL,0
223.466,0.0342,0.0340,PATROL,0
223.500,0.0338,0.0340,PATROL,0
223.534,0.0341,0.0340,PATROL,0
223.568,0.0338,0.0340,PATROL,0
223.602,0.0341,0.0340,PATROL,0
223.636,0.0340,0.0340,PATROL,0
223.670,0.0340,0.0340,PATROL,0
223.704,0.0340,0.0340,PATROL,0
223.738,0.0339,0.0340,PATROL,0
223.773,0.0342,0.0340,PATROL,0
223.807,0.0341,0.0340,PATROL,0
223.840,0.0338,0.0340,PATROL,0
223.874,0.0340,0.0340,PATROL,0
223.909,0.0341,0.0340,PATROL,0
223.942,0.0339,0.0340,PATROL,0
223.977,0.0341,0.0340,PATROL,0
224.011,0.0340,0.0340,PATROL,0
224.045,0.0342,0.0340,PATROL,0
224.079,0.0338,0.0340,PATROL,0
224.113,0.0343,0.0340,PATROL,0
224.147,0.0339,0.0340,PATROL,0
224.181,0.0340,0.0340,PATROL,0
224.215,0.0340,0.0340,PATROL,0
224.249,0.0342,0.0340,PATROL,0
224.283,0.0339,0.0340,PATROL,0
224.317,0.0341,0.0340,PATROL,0
224.351,0.0341,0.0340,PATROL,0
224.385,0.0339,0.0340,PATROL,0
224.419,0.0340,0.0340,PATROL,0
224.453,0.0341,0.0340,PATROL,0
224.487,0.0342,0.0340,PATROL,0
224.521,0.0340,0.0340,PATROL,0
224.555,0.0339,0.0340,PATROL,0
224.589,0.0341,0.0340,PATROL,0
224.623,0.0338,0.0340,PATROL,0
224.657,0.0342,0.0340,PATROL,0
224.691,0.0340,0.0340,PATROL,0
224.725,0.0339,0.0340,PATROL,0
224.759,0.0340,0.0340,PATROL,0
224.793,0.0342,0.0340,PATROL,0
224.827,0.0338,0.0340,PATROL,0
224.861,0.0341,0.0340,PATROL,0
224.895,0.0338,0.0340,PATROL,0
224.929,0.0342,0.0340,PATROL,0
224.963,0.0340,0.0340,PATROL,0
224.997,0.0340,0.0340,PATROL,0
225.031,0.0340,0.0340,PATROL,0
225.065,0.0341,0.0340,PATROL,0
225.099,0.0340,0.0340,PATROL,0
225.133,0.0339,0.0340,PATROL,0
225.167,0.0340,0.0340,PATROL,0
225.201,0.0343,0.0340,PATROL,0
225.235,0.0339,0.0340,PATROL,0
225.269,0.0341,0.0340,PATROL,0
225.303,0.0340,0.0340,PATROL,0
225.337,0.0340,0.0340,PATROL,0
225.371,0.0341,0.0340,PATROL,0
225.406,0.0341,0.0340,PATROL,0
225.439,0.0338,0.0340,PATROL,0
225.473,0.0340,0.0340,PATROL,0
225.507,0.0340,0.0340,PATROL,0
225.541,0.0341,0.0340,PATROL,0
225.575,0.0339,0.0340,PATROL,0
225.609,0.0339,0.0340,PATROL,0
225.643,0.0340,0.0340,PATROL,0
225.677,0.0341,0.0340,PATROL,0
225.711,0.0339,0.0340,PATROL,0
225.746,0.0343,0.0340,PATROL,0
225.780,0.0339,0.0340,PATROL,0
225.814,0.0341,0.0340,PATROL,0
225.847,0.0339,0.0340,PATROL,0
225.882,0.0341,0.0340,PATROL,0
225.916,0.0341,0.0340,PATROL,0
225.950,0.0340,0.0340,PATROL,0
225.983,0.0339,0.0340,PATROL,0
226.017,0.0340,0.0340,PATROL,0
226.052,0.0341,0.0340,PATROL,0
226.086,0.0339,0.0340,PATROL,0
226.120,0.0342,0.0340,PATROL,0
226.154,0.0339,0.0340,PATROL,0
226.188,0.0342,0.0340,PATROL,0
226.222,0.0339,0.0340,PATROL,0
226.256,0.0341,0.0340,PATROL,0
226.290,0.0340,0.0340,PATROL,0
226.324,0.0339,0.0340,PATROL,0
226.358,0.0340,0.0340,PATROL,0
226.392,0.0341,0.0340,PATROL,0
226.426,0.0341,0.0340,PATROL,0
226.460,0.0341,0.0340,PATROL,0
226.494,0.0338,0.0340,PATROL,0
226.528,0.0341,0.0340,PATROL,0
226.562,0.0339,0.0340,PATROL,0
226.596,0.0340,0.0340,PATROL,0
226.630,0.0341,0.0340,PATROL,0
226.664,0.0341,0.0340,PATROL,0
226.698,0.0339,0.0340,PATROL,0
226.732,0.0341,0.0340,PATROL,0
226.766,0.0339,0.0340,PATROL,0
226.800,0.0340,0.0340,PATROL,0
226.834,0.0341,0.0340,PATROL,0
226.868,0.0340,0.0340,PATROL,0
226.902,0.0341,0.0340,ALIGN,0
226.936,0.0341,0.0340,ALIGN,0
226.970,0.0338,0.0340,ALIGN,0
227.004,0.0341,0.0340,ALIGN,0
227.038,0.0343,0.0340,ALIGN,0
227.072,0.0340,0.0340,ALIGN,0
227.106,0.0339,0.0340,ALIGN,0
227.140,0.0340,0.0340,ALIGN,0
227.174,0.0340,0.0340,ALIGN,0
227.208,0.0338,0.0340,ALIGN,0
227.242,0.0341,0.0340,ALIGN,0
227.276,0.0339,0.0340,ALIGN,0
227.310,0.0340,0.0340,ALIGN,0
227.344,0.0340,0.0340,ALIGN,0
227.378,0.0340,0.0340,ALIGN,0
227.412,0.0341,0.0340,ALIGN,0
227.446,0.0343,0.0340,ALIGN,0
227.480,0.0336,0.0340,ALIGN,0
227.514,0.0342,0.0340,ALIGN,0
227.548,0.0340,0.0340,ALIGN,0
227.582,0.0340,0.0340,ALIGN,0
227.616,0.0343,0.0340,ALIGN,0
227.651,0.0345,0.0340,ALIGN,0
227.685,0.0338,0.0340,ALIGN,0
227.719,0.0339,0.0340,ALIGN,0
227.753,0.0340,0.0340,ALIGN,0
227.787,0.0340,0.0340,ALIGN,0
227.821,0.0339,0.0340,ALIGN,0
227.855,0.0341,0.0340,ALIGN,0
227.889,0.0340,0.0340,ALIGN,0
227.923,0.0339,0.0340,ALIGN,0
227.957,0.0340,0.0340,ALIGN,0
227.991,0.0341,0.0340,ALIGN,0
228.025,0.0339,0.0340,ALIGN,0
228.059,0.0340,0.0340,ALIGN,0
228.093,0.0342,0.0340,ALIGN,0
228.127,0.0339,0.0340,ALIGN,0
228.161,0.0341,0.0340,ALIGN,0
228.195,0.0339,0.0340,ALIGN,0
228.229,0.0340,0.0340,ALIGN,0
228.263,0.0341,0.0340,ALIGN,0
228.297,0.0338,0.0340,ALIGN,0
228.331,0.0342,0.0340,APPROACH,0
228.365,0.0339,0.0340,APPROACH,0
228.399,0.0341,0.0340,APPROACH,0
228.433,0.0339,0.0340,APPROACH,0
228.467,0.0340,0.0340,APPROACH,0
228.501,0.0341,0.0340,APPROACH,0
228.535,0.0339,0.0340,APPROACH,0
228.569,0.0341,0.0340,APPROACH,0
228.603,0.0341,0.0340,APPROACH,0
228.637,0.0340,0.0340,APPROACH,0
228.671,0.0343,0.0340,APPROACH,0
228.705,0.0338,0.0340,APPROACH,0
228.739,0.0342,0.0340,APPROACH,0
228.773,0.0339,0.0340,APPROACH,0
228.807,0.0341,0.0340,APPROACH,0
228.841,0.0341,0.0340,APPROACH,0
228.875,0.0338,0.0340,APPROACH,0
228.909,0.0342,0.0340,APPROACH,0
228.943,0.0339,0.0340,APPROACH,0
228.977,0.0341,0.0340,APPROACH,0
229.011,0.0338,0.0340,APPROACH,0
229.045,0.0341,0.0340,APPROACH,0
229.079,0.0341,0.0340,APPROACH,0
229.113,0.0339,0.0340,APPROACH,0
229.147,0.0341,0.0340,APPROACH,0
229.182,0.0345,0.0340,APPROACH,0
229.215,0.0336,0.0340,APPROACH,0
229.249,0.0340,0.0340,APPROACH,0
229.283,0.0340,0.0340,APPROACH,0
229.317,0.0340,0.0340,APPROACH,0
229.351,0.0341,0.0340,APPROACH,0
229.385,0.0339,0.0340,APPROACH,0
229.420,0.0343,0.0340,APPROACH,0
229.453,0.0337,0.0340,APPROACH,0
229.487,0.0340,0.0340,APPROACH,0
229.521,0.0342,0.0340,APPROACH,0
229.555,0.0339,0.0340,APPROACH,0
229.589,0.0341,0.0340,APPROACH,0
229.623,0.0341,0.0340,APPROACH,0
229.657,0.0339,0.0340,APPROACH,0
229.691,0.0341,0.0340,APPROACH,0
229.725,0.0340,0.0340,APPROACH,0
229.759,0.0340,0.0340,APPROACH,0
229.793,0.0340,0.0340,APPROACH,0
229.828,0.0341,0.0340,APPROACH,0
229.861,0.0339,0.0340,APPROACH,0
229.896,0.0341,0.0340,APPROACH,0
229.930,0.0340,0.0340,APPROACH,0
229.964,0.0340,0.0340,APPROACH,0
229.998,0.0340,0.0340,APPROACH,0
230.032,0.0340,0.0340,APPROACH,0
230.066,0.0340,0.0340,APPROACH,0
230.100,0.0341,0.0340,APPROACH,0
230.134,0.0340,0.0340,APPROACH,0
230.168,0.0339,0.0340,APPROACH,0
230.202,0.0343,0.0340,APPROACH,0
230.236,0.0338,0.0340,APPROACH,0
230.269,0.0337,0.0340,APPROACH,0
230.304,0.0342,0.0340,APPROACH,0
230.338,0.0340,0.0340,APPROACH,0
230.372,0.0341,0.0340,APPROACH,0
230.406,0.0345,0.0340,APPROACH,0
230.440,0.0337,0.0340,APPROACH,0
230.474,0.0339,0.0340,APPROACH,0
230.508,0.0340,0.0340,APPROACH,0
230.542,0.0342,0.0340,APPROACH,0
230.576,0.0340,0.0340,APPROACH,0
230.610,0.0340,0.0340,APPROACH,0
230.644,0.0340,0.0340,APPROACH,0
230.678,0.0340,0.0340,APPROACH,0
230.712,0.0341,0.0340,APPROACH,0
230.746,0.0338,0.0340,APPROACH,0
230.780,0.0340,0.0340,APPROACH,0
230.814,0.0341,0.0340,APPROACH,0
230.848,0.0340,0.0340,APPROACH,0
230.882,0.0339,0.0340,APPROACH,0
230.916,0.0341,0.0340,APPROACH,0
230.950,0.0339,0.0340,APPROACH,0
230.984,0.0341,0.0340,APPROACH,0
231.018,0.0343,0.0340,APPROACH,0
231.052,0.0338,0.0340,APPROACH,0
231.086,0.0338,0.0340,APPROACH,0
231.120,0.0340,0.0340,APPROACH,0
231.154,0.0341,0.0340,APPROACH,0
231.188,0.0340,0.0340,APPROACH,0
231.222,0.0340,0.0340,APPROACH,0
231.256,0.0339,0.0340,APPROACH,0
231.290,0.0342,0.0340,APPROACH,0
231.324,0.0339,0.0340,APPROACH,0
231.358,0.0340,0.0340,APPROACH,0
231.392,0.0340,0.0340,APPROACH,0
231.426,0.0339,0.0340,APPROACH,0
231.460,0.0339,0.0340,APPROACH,0
231.494,0.0342,0.0340,APPROACH,0
231.528,0.0339,0.0340,APPROACH,0
231.562,0.0340,0.0340,APPROACH,0
231.596,0.0342,0.0340,APPROACH,0
231.630,0.0339,0.0340,APPROACH,0
231.664,0.0339,0.0340,APPROACH,0
231.698,0.0340,0.0340,APPROACH,0
231.732,0.0340,0.0340,APPROACH,0
231.766,0.0340,0.0340,APPROACH,0
231.800,0.0339,0.0340,APPROACH,0
231.834,0.0343,0.0340,APPROACH,0
231.868,0.0338,0.0340,APPROACH,0
231.902,0.0340,0.0340,APPROACH,0
231.936,0.0341,0.0340,APPROACH,0
231.970,0.0343,0.0340,APPROACH,0
232.005,0.0341,0.0340,APPROACH,0
232.039,0.0341,0.0340,APPROACH,0
232.073,0.0340,0.0340,APPROACH,0
232.107,0.0341,0.0340,APPROACH,0
232.141,0.0341,0.0340,APPROACH,0
232.175,0.0342,0.0340,APPROACH,0
232.209,0.0340,0.0340,APPROACH,0
232.243,0.0338,0.0340,APPROACH,0
232.277,0.0341,0.0340,APPROACH,0
232.311,0.0340,0.0340,APPROACH,0
232.345,0.0341,0.0340,APPROACH,0
232.379,0.0338,0.0340,APPROACH,0
232.413,0.0340,0.0340,APPROACH,0
232.447,0.0340,0.0340,APPROACH,0
232.481,0.0340,0.0340,APPROACH,0
232.515,0.0340,0.0340,APPROACH,0
232.549,0.0340,0.0340,APPROACH,0
232.583,0.0341,0.0340,APPROACH,0
232.617,0.0340,0.0340,APPROACH,0
232.651,0.0342,0.0340,APPROACH,0
232.685,0.0340,0.0340,APPROACH,0
232.719,0.0340,0.0340,APPROACH,0
232.753,0.0339,0.0340,APPROACH,0
232.787,0.0339,0.0340,APPROACH,0
232.821,0.0341,0.0340,APPROACH,0
232.855,0.0341,0.0340,APPROACH,0
232.889,0.0341,0.0340,APPROACH,0
232.923,0.0338,0.0340,APPROACH,0
232.957,0.0339,0.0340,APPROACH,0
232.991,0.0343,0.0340,APPROACH,0
233.025,0.0339,0.0340,APPROACH,0
233.059,0.0342,0.0340,APPROACH,0
233.094,0.0341,0.0340,APPROACH,0
233.127,0.0340,0.0340,APPROACH,0
233.161,0.0339,0.0340,APPROACH,0
233.195,0.0340,0.0340,APPROACH,0
233.229,0.0341,0.0340,APPROACH,0
233.264,0.0343,0.0340,APPROACH,0
233.298,0.0337,0.0340,APPROACH,0
233.332,0.0340,0.0340,APPROACH,0
233.365,0.0338,0.0340,APPROACH,0
233.400,0.0342,0.0340,APPROACH,0
233.434,0.0340,0.0340,APPROACH,0
233.468,0.0344,0.0340,APPROACH,0
233.502,0.0337,0.0340,APPROACH,0
233.536,0.0340,0.0340,APPROACH,0
233.570,0.0340,0.0340,APPROACH,0
233.604,0.0341,0.0340,APPROACH,0
233.638,0.0339,0.0340,APPROACH,0
233.672,0.0340,0.0340,APPROACH,0
233.706,0.0342,0.0340,APPROACH,0
233.740,0.0339,0.0340,APPROACH,0
233.774,0.0341,0.0340,APPROACH,0
233.808,0.0338,0.0340,APPROACH,0
233.842,0.0341,0.0340,APPROACH,0
233.876,0.0341,0.0340,APPROACH,0
233.910,0.0339,0.0340,APPROACH,0
233.944,0.0341,0.0340,APPROACH,0
233.978,0.0340,0.0340,APPROACH,0
234.012,0.0339,0.0340,APPROACH,0
234.046,0.0340,0.0340,APPROACH,0
234.080,0.0341,0.0340,APPROACH,0
234.114,0.0339,0.0340,APPROACH,0
234.148,0.0340,0.0340,APPROACH,0
234.182,0.0340,0.0340,APPROACH,0
234.216,0.0341,0.0340,APPROACH,0
234.250,0.0339,0.0340,APPROACH,0
234.284,0.0342,0.0340,APPROACH,0
234.318,0.0340,0.0340,APPROACH,0
234.352,0.0339,0.0340,APPROACH,0
234.386,0.0340,0.0340,APPROACH,0
234.420,0.0341,0.0340,APPROACH,0
234.454,0.0340,0.0340,APPROACH,0
234.488,0.0344,0.0340,APPROACH,0
234.522,0.0336,0.0340,APPROACH,0
234.556,0.0343,0.0340,APPROACH,0
234.590,0.0340,0.0340,APPROACH,0
234.624,0.0339,0.0340,APPROACH,0
234.658,0.0340,0.0340,APPROACH,0
234.692,0.0340,0.0340,APPROACH,0
234.726,0.0340,0.0340,APPROACH,0
234.760,0.0340,0.0340,APPROACH,0
234.794,0.0340,0.0340,APPROACH,0
234.828,0.0340,0.0340,APPROACH,0
234.862,0.0341,0.0340,APPROACH,0
234.896,0.0341,0.0340,APPROACH,0
234.930,0.0340,0.0340,APPROACH,0
234.965,0.0342,0.0340,APPROACH,0
234.998,0.0338,0.0340,APPROACH,0
235.032,0.0341,0.0340,APPROACH,0
235.066,0.0340,0.0340,APPROACH,0
235.100,0.0339,0.0340,APPROACH,0
235.134,0.0340,0.0340,APPROACH,0
235.169,0.0342,0.0340,APPROACH,0
235.202,0.0340,0.0340,APPROACH,0
235.236,0.0340,0.0340,APPROACH,0
235.270,0.0340,0.0340,APPROACH,0
235.305,0.0343,0.0340,APPROACH,0
235.339,0.0337,0.0340,APPROACH,0
235.373,0.0341,0.0340,APPROACH,0
235.406,0.0339,0.0340,APPROACH,0
235.440,0.0340,0.0340,APPROACH,0
235.475,0.0341,0.0340,APPROACH,0
235.509,0.0341,0.0340,APPROACH,0
235.543,0.0340,0.0340,APPROACH,0
235.577,0.0339,0.0340,APPROACH,0
235.611,0.0342,0.0340,APPROACH,0
235.645,0.0340,0.0340,APPROACH,0
235.679,0.0341,0.0340,APPROACH,0
235.713,0.0339,0.0340,APPROACH,0
235.747,0.0340,0.0340,APPROACH,0
235.781,0.0339,0.0340,APPROACH,0
235.815,0.0342,0.0340,APPROACH,0
235.849,0.0339,0.0340,APPROACH,0
235.883,0.0341,0.0340,APPROACH,0
235.917,0.0340,0.0340,APPROACH,0
235.951,0.0339,0.0340,APPROACH,0
235.985,0.0341,0.0340,APPROACH,0
236.019,0.0340,0.0340,APPROACH,0
236.053,0.0340,0.0340,APPROACH,0
236.087,0.0338,0.0340,APPROACH,0
236.121,0.0340,0.0340,APPROACH,0
236.155,0.0341,0.0340,APPROACH,0
236.189,0.0341,0.0340,APPROACH,0
236.223,0.0341,0.0340,APPROACH,0
236.257,0.0341,0.0340,APPROACH,0
236.291,0.0339,0.0340,APPROACH,0
236.325,0.0341,0.0340,APPROACH,0
236.359,0.0339,0.0340,APPROACH,0
236.393,0.0341,0.0340,APPROACH,0
236.427,0.0342,0.0340,APPROACH,0
236.461,0.0339,0.0340,APPROACH,0
236.495,0.0341,0.0340,APPROACH,0
236.529,0.0339,0.0340,APPROACH,0
236.563,0.0340,0.0340,APPROACH,0
236.597,0.0341,0.0340,APPROACH,0
236.631,0.0339,0.0340,APPROACH,0
236.665,0.0341,0.0340,APPROACH,0
236.699,0.0340,0.0340,APPROACH,0
236.733,0.0342,0.0340,APPROACH,0
236.767,0.0340,0.0340,APPROACH,0
236.801,0.0339,0.0340,APPROACH,0
236.835,0.0340,0.0340,APPROACH,0
236.869,0.0340,0.0340,APPROACH,0
236.903,0.0339,0.0340,APPROACH,0
236.937,0.0340,0.0340,APPROACH,0
236.971,0.0342,0.0340,APPROACH,0
237.005,0.0341,0.0340,APPROACH,0
237.039,0.0338,0.0340,APPROACH,0
237.073,0.0341,0.0340,APPROACH,0
237.107,0.0340,0.0340,APPROACH,0
237.141,0.0340,0.0340,APPROACH,0
237.175,0.0340,0.0340,APPROACH,0
237.209,0.0340,0.0340,APPROACH,0
237.244,0.0345,0.0340,APPROACH,0
237.277,0.0336,0.0340,APPROACH,0
237.311,0.0341,0.0340,APPROACH,0
237.345,0.0339,0.0340,APPROACH,0
237.379,0.0341,0.0340,APPROACH,0
237.413,0.0341,0.0340,APPROACH,0
237.447,0.0338,0.0340,APPROACH,0
237.481,0.0340,0.0340,APPROACH,0
237.515,0.0340,0.0340,APPROACH,0
237.549,0.0340,0.0340,APPROACH,0
237.583,0.0340,0.0340,APPROACH,0
237.617,0.0341,0.0340,APPROACH,0
237.651,0.0339,0.0340,APPROACH,0
237.686,0.0345,0.0340,APPROACH,0
237.719,0.0337,0.0340,APPROACH,0
237.753,0.0339,0.0340,APPROACH,0
237.787,0.0339,0.0340,APPROACH,0
237.821,0.0341,0.0340,APPROACH,0
237.855,0.0342,0.0340,APPROACH,0
237.889,0.0341,0.0340,APPROACH,0
237.924,0.0341,0.0340,APPROACH,0
237.958,0.0342,0.0340,APPROACH,0
237.992,0.0340,0.0340,APPROACH,0
238.026,0.0340,0.0340,APPROACH,0
238.060,0.0342,0.0340,APPROACH,0
238.094,0.0340,0.0340,APPROACH,0
238.128,0.0339,0.0340,APPROACH,0
238.162,0.0342,0.0340,APPROACH,0
238.196,0.0338,0.0340,APPROACH,0
238.230,0.0340,0.0340,APPROACH,0
238.264,0.0342,0.0340,APPROACH,0
238.298,0.0338,0.0340,APPROACH,0
238.332,0.0341,0.0340,APPROACH,0
238.366,0.0339,0.0340,APPROACH,0
238.400,0.0340,0.0340,APPROACH,0
238.434,0.0340,0.0340,APPROACH,0
238.468,0.0340,0.0340,APPROACH,0
238.502,0.0341,0.0340,APPROACH,0
238.536,0.0340,0.0340,APPROACH,0
238.570,0.0342,0.0340,APPROACH,0
238.604,0.0338,0.0340,APPROACH,0
238.638,0.0339,0.0340,APPROACH,0
238.672,0.0339,0.0340,APPROACH,0
238.706,0.0341,0.0340,APPROACH,0
238.740,0.0341,0.0340,APPROACH,0
238.774,0.0343,0.0340,APPROACH,0
238.808,0.0340,0.0340,APPROACH,0
238.842,0.0338,0.0340,APPROACH,0
238.877,0.0343,0.0340,APPROACH,0
238.910,0.0337,0.0340,APPROACH,0
238.945,0.0343,0.0340,APPROACH,0
238.979,0.0342,0.0340,APPROACH,0
239.013,0.0339,0.0340,APPROACH,0
239.046,0.0339,0.0340,APPROACH,0
239.080,0.0341,0.0340,APPROACH,0
239.115,0.0340,0.0340,APPROACH,0
239.149,0.0341,0.0340,APPROACH,0
239.182,0.0338,0.0340,APPROACH,0
239.216,0.0341,0.0340,APPROACH,0
239.251,0.0342,0.0340,APPROACH,0
239.285,0.0338,0.0340,APPROACH,0
239.318,0.0340,0.0340,BLIND_DASH,0
239.353,0.0341,0.0340,BLIND_DASH,0
239.387,0.0341,0.0340,BLIND_DASH,0
239.421,0.0338,0.0340,PATROL,0
239.455,0.0342,0.0340,PATROL,0
239.488,0.0338,0.0340,PATROL,0
239.522,0.0340,0.0340,PATROL,0
239.557,0.0342,0.0340,PATROL,0
239.591,0.0340,0.0340,PATROL,0
239.625,0.0340,0.0340,PATROL,0
239.659,0.0340,0.0340,PATROL,0
239.693,0.0340,0.0340,PATROL,0
239.727,0.0341,0.0340,PATROL,0
239.761,0.0339,0.0340,PATROL,0
239.795,0.0342,0.0340,PATROL,0
239.829,0.0339,0.0340,PATROL,0
239.863,0.0339,0.0340,PATROL,0
239.897,0.0340,0.0340,PATROL,0
239.931,0.0342,0.0340,PATROL,0
239.965,0.0339,0.0340,PATROL,0
239.999,0.0341,0.0340,PATROL,0
240.033,0.0339,0.0340,PATROL,0
240.067,0.0343,0.0340,PATROL,0
240.101,0.0342,0.0340,PATROL,0
240.135,0.0338,0.0340,PATROL,0
240.169,0.0339,0.0340,PATROL,0
240.203,0.0339,0.0340,PATROL,0
240.237,0.0341,0.0340,PATROL,0
240.271,0.0340,0.0340,PATROL,0
240.305,0.0339,0.0340,PATROL,0
240.339,0.0340,0.0340,PATROL,0
240.373,0.0339,0.0340,PATROL,0
240.407,0.0341,0.0340,PATROL,0
240.441,0.0341,0.0340,PATROL,0
240.475,0.0339,0.0340,PATROL,0
240.509,0.0341,0.0340,PATROL,0
240.543,0.0341,0.0340,PATROL,0
240.577,0.0341,0.0340,PATROL,0
240.611,0.0340,0.0340,PATROL,0
240.645,0.0339,0.0340,PATROL,0
240.679,0.0340,0.0340,PATROL,0
240.713,0.0340,0.0340,PATROL,0
240.747,0.0341,0.0340,PATROL,0
240.781,0.0340,0.0340,PATROL,0
240.815,0.0343,0.0340,PATROL,0
240.850,0.0342,0.0340,PATROL,0
240.883,0.0338,0.0340,PATROL,0
240.917,0.0341,0.0340,PATROL,0
240.951,0.0338,0.0340,PATROL,0
240.986,0.0343,0.0340,PATROL,0
241.019,0.0339,0.0340,PATROL,0
241.054,0.0340,0.0340,PATROL,0
241.088,0.0343,0.0340,PATROL,0
241.122,0.0339,0.0340,PATROL,0
241.155,0.0338,0.0340,PATROL,0
241.189,0.0340,0.0340,PATROL,0
241.224,0.0341,0.0340,PATROL,0
241.258,0.0340,0.0340,PATROL,0
241.292,0.0341,0.0340,PATROL,0
241.326,0.0339,0.0340,PATROL,0
241.360,0.0340,0.0340,PATROL,0
241.394,0.0341,0.0340,PATROL,0
241.428,0.0340,0.0340,PATROL,0
241.462,0.0339,0.0340,PATROL,0
241.496,0.0340,0.0340,PATROL,0
241.530,0.0342,0.0340,PATROL,0
241.564,0.0337,0.0340,PATROL,0
241.598,0.0341,0.0340,PATROL,0
241.632,0.0340,0.0340,PATROL,0
241.666,0.0339,0.0340,PATROL,0
241.700,0.0343,0.0340,PATROL,0
241.734,0.0337,0.0340,PATROL,0
241.768,0.0341,0.0340,PATROL,0
241.802,0.0342,0.0340,PATROL,0
241.836,0.0338,0.0340,PATROL,0
241.870,0.0340,0.0340,PATROL,0
241.904,0.0340,0.0340,PATROL,0
241.938,0.0340,0.0340,PATROL,0
241.972,0.0343,0.0340,PATROL,0
242.006,0.0340,0.0340,PATROL,0
242.040,0.0338,0.0340,PATROL,0
242.074,0.0341,0.0340,PATROL,0
242.108,0.0339,0.0340,PATROL,0
242.142,0.0340,0.0340,PATROL,0
242.176,0.0343,0.0340,PATROL,0
242.210,0.0339,0.0340,PATROL,0
242.244,0.0342,0.0340,PATROL,0
242.278,0.0339,0.0340,PATROL,0
242.312,0.0339,0.0340,PATROL,0
242.346,0.0342,0.0340,PATROL,0
242.380,0.0340,0.0340,PATROL,0
242.414,0.0341,0.0340,PATROL,0
242.448,0.0340,0.0340,PATROL,0
242.482,0.0340,0.0340,PATROL,0
242.516,0.0341,0.0340,PATROL,0
242.551,0.0342,0.0340,PATROL,0
242.584,0.0338,0.0340,PATROL,0
242.618,0.0341,0.0340,PATROL,0
242.652,0.0338,0.0340,PATROL,0
242.686,0.0340,0.0340,PATROL,0
242.720,0.0340,0.0340,PATROL,0
242.754,0.0339,0.0340,PATROL,0
242.788,0.0342,0.0340,PATROL,0
242.822,0.0339,0.0340,PATROL,0
242.856,0.0340,0.0340,PATROL,0
242.891,0.0343,0.0340,PATROL,0
242.924,0.0338,0.0340,PATROL,0
242.958,0.0341,0.0340,PATROL,0
242.992,0.0340,0.0340,PATROL,0
243.026,0.0341,0.0340,PATROL,0
243.060,0.0340,0.0340,PATROL,0
243.094,0.0338,0.0340,PATROL,0
243.128,0.0340,0.0340,PATROL,0
243.162,0.0341,0.0340,PATROL,0
243.196,0.0341,0.0340,PATROL,0
243.231,0.0340,0.0340,PATROL,0
243.264,0.0340,0.0340,PATROL,0
243.298,0.0340,0.0340,PATROL,0
243.332,0.0339,0.0340,PATROL,0
243.366,0.0340,0.0340,PATROL,0
243.401,0.0342,0.0340,PATROL,0
243.435,0.0341,0.0340,PATROL,0
243.469,0.0340,0.0340,PATROL,0
243.503,0.0341,0.0340,PATROL,0
243.537,0.0339,0.0340,PATROL,0
243.570,0.0338,0.0340,PATROL,0
243.604,0.0340,0.0340,PATROL,0
243.638,0.0340,0.0340,PATROL,0
243.673,0.0342,0.0340,PATROL,0
243.707,0.0343,0.0340,PATROL,0
243.741,0.0336,0.0340,PATROL,0
243.775,0.0340,0.0340,PATROL,0
243.809,0.0341,0.0340,PATROL,0
243.843,0.0340,0.0340,PATROL,0
243.877,0.0342,0.0340,PATROL,0
243.911,0.0340,0.0340,PATROL,0
243.945,0.0339,0.0340,PATROL,0
243.979,0.0340,0.0340,PATROL,0
244.013,0.0341,0.0340,PATROL,0
244.047,0.0340,0.0340,PATROL,0
244.081,0.0346,0.0340,PATROL,0
244.115,0.0334,0.0340,PATROL,0
244.149,0.0340,0.0340,PATROL,0
244.183,0.0340,0.0340,PATROL,0
244.217,0.0340,0.0340,PATROL,0
244.251,0.0342,0.0340,PATROL,0
244.285,0.0339,0.0340,PATROL,0
244.319,0.0341,0.0340,PATROL,0
244.353,0.0340,0.0340,PATROL,0
244.387,0.0343,0.0340,PATROL,0
244.421,0.0339,0.0340,PATROL,0
244.455,0.0337,0.0340,PATROL,0
244.489,0.0342,0.0340,PATROL,0
244.523,0.0341,0.0340,PATROL,0
244.557,0.0341,0.0340,PATROL,0
244.591,0.0342,0.0340,PATROL,0
244.625,0.0336,0.0340,PATROL,0
244.659,0.0341,0.0340,PATROL,0
244.693,0.0340,0.0340,PATROL,0
244.727,0.0339,0.0340,PATROL,0
244.761,0.0341,0.0340,PATROL,0
244.795,0.0342,0.0340,PATROL,0
244.829,0.0339,0.0340,PATROL,0
244.863,0.0342,0.0340,PATROL,0
244.897,0.0338,0.0340,PATROL,0
244.931,0.0341,0.0340,PATROL,0
244.965,0.0340,0.0340,PATROL,0
244.999,0.0340,0.0340,PATROL,0
245.033,0.0340,0.0340,PATROL,0
245.067,0.0340,0.0340,PATROL,0
245.101,0.0339,0.0340,PATROL,0
245.135,0.0340,0.0340,PATROL,0
245.169,0.0341,0.0340,PATROL,0
245.203,0.0340,0.0340,PATROL,0
245.237,0.0340,0.0340,PATROL,0
245.271,0.0340,0.0340,PATROL,0
245.305,0.0340,0.0340,PATROL,0
245.339,0.0341,0.0340,PATROL,0
245.374,0.0341,0.0340,PATROL,0
245.407,0.0338,0.0340,PATROL,0
245.441,0.0341,0.0340,PATROL,0
245.475,0.0340,0.0340,PATROL,0
245.509,0.0340,0.0340,PATROL,0
245.544,0.0341,0.0340,PATROL,0
245.578,0.0340,0.0340,PATROL,0
245.612,0.0340,0.0340,PATROL,0
245.645,0.0338,0.0340,PATROL,0
245.679,0.0340,0.0340,PATROL,0
245.713,0.0341,0.0340,PATROL,0
245.748,0.0340,0.0340,PATROL,0
245.781,0.0339,0.0340,PATROL,0
245.816,0.0341,0.0340,PATROL,0
245.850,0.0341,0.0340,PATROL,0
245.884,0.0340,0.0340,PATROL,0
245.918,0.0343,0.0340,PATROL,0
245.952,0.0339,0.0340,PATROL,0
245.986,0.0339,0.0340,PATROL,0
246.020,0.0342,0.0340,PATROL,0
246.054,0.0337,0.0340,PATROL,0
246.088,0.0342,0.0340,PATROL,0
246.122,0.0339,0.0340,PATROL,0
246.156,0.0340,0.0340,PATROL,0
246.190,0.0341,0.0340,PATROL,0
246.224,0.0341,0.0340,PATROL,0
246.258,0.0339,0.0340,PATROL,0
246.292,0.0340,0.0340,PATROL,0
246.326,0.0341,0.0340,PATROL,0
246.360,0.0340,0.0340,PATROL,0
246.394,0.0339,0.0340,PATROL,0
246.428,0.0340,0.0340,PATROL,0
246.462,0.0340,0.0340,PATROL,0
246.496,0.0339,0.0340,PATROL,0
246.530,0.0342,0.0340,PATROL,0
246.564,0.0341,0.0340,PATROL,0
246.598,0.0340,0.0340,PATROL,0
246.632,0.0341,0.0340,PATROL,0
246.666,0.0339,0.0340,PATROL,0
246.700,0.0342,0.0340,PATROL,0
246.734,0.0340,0.0340,PATROL,0
246.768,0.0338,0.0340,PATROL,0
246.802,0.0341,0.0340,PATROL,0
246.836,0.0340,0.0340,PATROL,0
246.870,0.0341,0.0340,PATROL,0
246.904,0.0338,0.0340,PATROL,0
246.938,0.0341,0.0340,PATROL,0
246.972,0.0341,0.0340,PATROL,0
247.006,0.0341,0.0340,PATROL,0
247.040,0.0338,0.0340,PATROL,0
247.074,0.0343,0.0340,PATROL,0
247.108,0.0340,0.0340,PATROL,0
247.142,0.0340,0.0340,PATROL,0
247.176,0.0339,0.0340,PATROL,0
247.210,0.0340,0.0340,PATROL,0
247.244,0.0341,0.0340,PATROL,0
247.278,0.0339,0.0340,PATROL,0
247.312,0.0341,0.0340,PATROL,0
247.346,0.0340,0.0340,PATROL,0
247.380,0.0340,0.0340,PATROL,0
247.415,0.0341,0.0340,PATROL,0
247.449,0.0342,0.0340,PATROL,0
247.482,0.0337,0.0340,PATROL,0
247.517,0.0341,0.0340,PATROL,0
247.551,0.0341,0.0340,PATROL,0
247.584,0.0338,0.0340,PATROL,0
247.619,0.0342,0.0340,PATROL,0
247.653,0.0340,0.0340,PATROL,0
247.686,0.0338,0.0340,PATROL,0
247.721,0.0341,0.0340,PATROL,0
247.755,0.0340,0.0340,PATROL,0
247.789,0.0341,0.0340,PATROL,0
247.823,0.0340,0.0340,PATROL,0
247.857,0.0339,0.0340,PATROL,0
247.891,0.0340,0.0340,PATROL,0
247.925,0.0340,0.0340,PATROL,0
247.959,0.0341,0.0340,PATROL,0
247.993,0.0342,0.0340,PATROL,0
248.027,0.0339,0.0340,PATROL,0
248.061,0.0341,0.0340,PATROL,0
248.095,0.0339,0.0340,PATROL,0
248.129,0.0341,0.0340,PATROL,0
248.163,0.0340,0.0340,PATROL,0
248.197,0.0340,0.0340,PATROL,0
248.231,0.0339,0.0340,PATROL,0
248.265,0.0340,0.0340,PATROL,0
248.299,0.0341,0.0340,PATROL,0
248.333,0.0342,0.0340,PATROL,0
248.367,0.0339,0.0340,PATROL,0
248.401,0.0339,0.0340,PATROL,0
248.435,0.0340,0.0340,PATROL,0
248.469,0.0341,0.0340,PATROL,0
248.503,0.0339,0.0340,PATROL,0
248.537,0.0342,0.0340,PATROL,0
248.571,0.0338,0.0340,PATROL,0
248.605,0.0342,0.0340,PATROL,0
248.639,0.0339,0.0340,PATROL,0
248.673,0.0342,0.0340,PATROL,0
248.707,0.0338,0.0340,PATROL,0
248.741,0.0342,0.0340,PATROL,0
248.775,0.0341,0.0340,PATROL,0
248.809,0.0337,0.0340,PATROL,0
248.843,0.0340,0.0340,PATROL,0
248.877,0.0341,0.0340,PATROL,0
248.911,0.0340,0.0340,PATROL,0
248.945,0.0340,0.0340,PATROL,0
248.979,0.0339,0.0340,PATROL,0
249.013,0.0343,0.0340,PATROL,0
249.047,0.0337,0.0340,PATROL,0
249.081,0.0340,0.0340,PATROL,0
249.115,0.0343,0.0340,PATROL,0
249.149,0.0341,0.0340,PATROL,0
249.183,0.0340,0.0340,PATROL,0
249.217,0.0339,0.0340,PATROL,0
249.251,0.0340,0.0340,PATROL,0
249.285,0.0340,0.0340,PATROL,0
249.319,0.0341,0.0340,PATROL,0
249.354,0.0341,0.0340,PATROL,0
249.388,0.0340,0.0340,PATROL,0
249.422,0.0341,0.0340,PATROL,0
249.455,0.0339,0.0340,PATROL,0
249.489,0.0340,0.0340,PATROL,0
249.523,0.0340,0.0340,PATROL,0
249.557,0.0339,0.0340,PATROL,0
249.592,0.0341,0.0340,PATROL,0
249.625,0.0339,0.0340,PATROL,0
249.660,0.0345,0.0340,PATROL,0
249.693,0.0336,0.0340,PATROL,0
249.727,0.0340,0.0340,PATROL,0
249.762,0.0341,0.0340,PATROL,0
249.796,0.0340,0.0340,PATROL,0
249.830,0.0340,0.0340,PATROL,0
249.864,0.0340,0.0340,PATROL,0
249.898,0.0339,0.0340,PATROL,0
249.932,0.0342,0.0340,PATROL,0
249.966,0.0339,0.0340,PATROL,0
250.000,0.0341,0.0340,PATROL,0
250.034,0.0339,0.0340,PATROL,0
250.068,0.0342,0.0340,PATROL,0
250.102,0.0340,0.0340,PATROL,0
250.136,0.0339,0.0340,PATROL,0
250.170,0.0341,0.0340,PATROL,0
250.204,0.0340,0.0340,PATROL,0
250.238,0.0341,0.0340,PATROL,0
250.272,0.0340,0.0340,PATROL,0
250.306,0.0342,0.0340,PATROL,0
250.340,0.0337,0.0340,PATROL,0
250.374,0.0341,0.0340,PATROL,0
250.408,0.0340,0.0340,PATROL,0
250.442,0.0340,0.0340,PATROL,0
250.476,0.0345,0.0340,PATROL,0
250.510,0.0334,0.0340,PATROL,0
250.544,0.0342,0.0340,PATROL,0
250.578,0.0339,0.0340,PATROL,0
250.612,0.0340,0.0340,PATROL,0
250.646,0.0340,0.0340,PATROL,0
250.680,0.0341,0.0340,PATROL,0
250.714,0.0339,0.0340,PATROL,0
250.748,0.0341,0.0340,PATROL,0
250.782,0.0342,0.0340,PATROL,0
250.816,0.0336,0.0340,PATROL,0
250.850,0.0342,0.0340,PATROL,0
250.884,0.0339,0.0340,PATROL,0
250.918,0.0341,0.0340,PATROL,0
250.952,0.0340,0.0340,PATROL,0
250.986,0.0341,0.0340,PATROL,0
251.020,0.0341,0.0340,PATROL,0
251.054,0.0338,0.0340,PATROL,0
251.088,0.0340,0.0340,PATROL,0
251.122,0.0341,0.0340,PATROL,0
251.156,0.0341,0.0340,PATROL,0
251.190,0.0340,0.0340,PATROL,0
251.224,0.0341,0.0340,PATROL,0
251.258,0.0339,0.0340,PATROL,0
251.292,0.0341,0.0340,PATROL,0
251.326,0.0340,0.0340,PATROL,0
251.360,0.0340,0.0340,PATROL,0
251.394,0.0340,0.0340,PATROL,0
251.428,0.0339,0.0340,PATROL,0
251.462,0.0340,0.0340,PATROL,0
251.496,0.0340,0.0340,PATROL,0
251.530,0.0340,0.0340,PATROL,0
251.565,0.0343,0.0340,PATROL,0
251.598,0.0337,0.0340,PATROL,0
251.632,0.0341,0.0340,PATROL,0
251.667,0.0341,0.0340,PATROL,0
251.700,0.0339,0.0340,PATROL,0
251.735,0.0341,0.0340,PATROL,0
251.769,0.0341,0.0340,PATROL,0
251.803,0.0340,0.0340,PATROL,0
251.837,0.0340,0.0340,PATROL,0
251.871,0.0340,0.0340,PATROL,0
251.905,0.0340,0.0340,PATROL,0
251.939,0.0340,0.0340,PATROL,0
251.973,0.0340,0.0340,PATROL,0
252.007,0.0341,0.0340,PATROL,0
252.041,0.0340,0.0340,PATROL,0
252.075,0.0340,0.0340,PATROL,0
252.109,0.0340,0.0340,PATROL,0
252.143,0.0341,0.0340,PATROL,0
252.177,0.0340,0.0340,PATROL,0
252.211,0.0341,0.0340,PATROL,0
252.245,0.0340,0.0340,PATROL,0
252.279,0.0339,0.0340,PATROL,0
252.313,0.0341,0.0340,PATROL,0
252.347,0.0339,0.0340,PATROL,0
252.381,0.0340,0.0340,PATROL,0
252.415,0.0342,0.0340,PATROL,0
252.449,0.0339,0.0340,PATROL,0
252.483,0.0341,0.0340,PATROL,0
252.517,0.0339,0.0340,PATROL,0
252.551,0.0342,0.0340,PATROL,0
252.585,0.0340,0.0340,PATROL,0
252.619,0.0341,0.0340,PATROL,0
252.653,0.0340,0.0340,PATROL,0
252.687,0.0339,0.0340,PATROL,0
252.721,0.0340,0.0340,PATROL,0
252.755,0.0342,0.0340,PATROL,0
252.789,0.0340,0.0340,PATROL,0
252.823,0.0341,0.0340,PATROL,0
252.857,0.0339,0.0340,PATROL,0
252.891,0.0339,0.0340,PATROL,0
252.925,0.0340,0.0340,PATROL,0
252.959,0.0339,0.0340,PATROL,0
252.993,0.0341,0.0340,PATROL,0
253.027,0.0340,0.0340,PATROL,0
253.061,0.0339,0.0340,PATROL,0
253.095,0.0341,0.0340,PATROL,0
253.129,0.0339,0.0340,PATROL,0
253.163,0.0341,0.0340,PATROL,0
253.197,0.0339,0.0340,PATROL,0
253.231,0.0339,0.0340,PATROL,0
253.265,0.0340,0.0340,PATROL,0
253.299,0.0342,0.0340,PATROL,0
253.333,0.0341,0.0340,PATROL,0
253.367,0.0340,0.0340,PATROL,0
253.401,0.0340,0.0340,PATROL,0
253.435,0.0340,0.0340,PATROL,0
253.469,0.0341,0.0340,PATROL,0
253.503,0.0339,0.0340,PATROL,0
253.537,0.0340,0.0340,PATROL,0
253.571,0.0340,0.0340,PATROL,0
253.605,0.0340,0.0340,PATROL,0
253.639,0.0342,0.0340,PATROL,0
253.673,0.0340,0.0340,PATROL,0
253.707,0.0339,0.0340,PATROL,0
253.741,0.0340,0.0340,PATROL,0
253.775,0.0340,0.0340,PATROL,0
253.810,0.0342,0.0340,PATROL,0
253.843,0.0339,0.0340,PATROL,0
253.878,0.0341,0.0340,PATROL,0
253.912,0.0339,0.0340,PATROL,0
253.946,0.0341,0.0340,PATROL,0
253.980,0.0341,0.0340,PATROL,0
254.014,0.0339,0.0340,PATROL,0
254.048,0.0339,0.0340,PATROL,0
254.082,0.0341,0.0340,PATROL,0
254.116,0.0341,0.0340,PATROL,0
254.150,0.0339,0.0340,PATROL,0
254.184,0.0340,0.0340,PATROL,0
254.218,0.0340,0.0340,PATROL,0
254.252,0.0340,0.0340,PATROL,0
254.286,0.0342,0.0340,PATROL,0
254.320,0.0339,0.0340,PATROL,0
254.354,0.0340,0.0340,PATROL,0
254.388,0.0340,0.0340,PATROL,0
254.422,0.0340,0.0340,PATROL,0
254.456,0.0339,0.0340,PATROL,0
254.490,0.0342,0.0340,PATROL,0
254.524,0.0341,0.0340,PATROL,0
254.558,0.0340,0.0340,PATROL,0
254.592,0.0338,0.0340,PATROL,0
254.626,0.0339,0.0340,PATROL,0
254.660,0.0341,0.0340,PATROL,0
254.694,0.0340,0.0340,PATROL,0
254.728,0.0340,0.0340,PATROL,0
254.762,0.0339,0.0340,PATROL,0
254.796,0.0344,0.0340,PATROL,0
254.830,0.0339,0.0340,PATROL,0
254.864,0.0339,0.0340,PATROL,0
254.898,0.0339,0.0340,PATROL,0
254.932,0.0341,0.0340,PATROL,0
254.966,0.0341,0.0340,PATROL,0
255.000,0.0340,0.0340,PATROL,0
255.034,0.0344,0.0340,PATROL,0
255.068,0.0338,0.0340,PATROL,0
255.102,0.0338,0.0340,PATROL,0
255.136,0.0340,0.0340,PATROL,0
255.170,0.0342,0.0340,PATROL,0
255.204,0.0340,0.0340,PATROL,0
255.238,0.0339,0.0340,PATROL,0
255.272,0.0343,0.0340,PATROL,0
255.306,0.0340,0.0340,PATROL,0
255.340,0.0337,0.0340,PATROL,0
255.375,0.0347,0.0340,PATROL,0
255.409,0.0339,0.0340,PATROL,0
255.442,0.0339,0.0340,PATROL,0
255.477,0.0341,0.0340,PATROL,0
255.510,0.0338,0.0340,PATROL,0
255.544,0.0341,0.0340,PATROL,0
255.579,0.0343,0.0340,PATROL,0
255.612,0.0336,0.0340,PATROL,0
255.646,0.0340,0.0340,PATROL,0
255.680,0.0340,0.0340,PATROL,0
255.714,0.0341,0.0340,PATROL,0
255.748,0.0340,0.0340,PATROL,0
255.782,0.0340,0.0340,PATROL,0
255.816,0.0340,0.0340,PATROL,0
255.850,0.0339,0.0340,PATROL,0
255.885,0.0344,0.0340,PATROL,0
255.918,0.0336,0.0340,PATROL,0
255.953,0.0341,0.0340,PATROL,0
255.987,0.0340,0.0340,PATROL,0
256.020,0.0338,0.0340,PATROL,0
256.054,0.0340,0.0340,PATROL,0
256.089,0.0341,0.0340,PATROL,0
256.123,0.0339,0.0340,PATROL,0
256.158,0.0350,0.0340,PATROL,0
256.191,0.0332,0.0340,PATROL,0
256.225,0.0341,0.0340,PATROL,0
256.259,0.0339,0.0340,PATROL,0
256.293,0.0340,0.0340,PATROL,0
256.327,0.0341,0.0340,PATROL,0
256.361,0.0340,0.0340,PATROL,0
256.395,0.0340,0.0340,PATROL,0
256.429,0.0342,0.0340,PATROL,0
256.463,0.0338,0.0340,PATROL,0
256.497,0.0341,0.0340,PATROL,0
256.531,0.0339,0.0340,PATROL,0
256.565,0.0341,0.0340,PATROL,0
256.599,0.0340,0.0340,PATROL,0
256.633,0.0340,0.0340,PATROL,0
256.667,0.0339,0.0340,PATROL,0
256.701,0.0342,0.0340,PATROL,0
256.735,0.0340,0.0340,PATROL,0
256.769,0.0338,0.0340,PATROL,0
256.803,0.0340,0.0340,PATROL,0
256.837,0.0342,0.0340,PATROL,0
256.871,0.0341,0.0340,PATROL,0
256.905,0.0341,0.0340,PATROL,0
256.939,0.0338,0.0340,PATROL,0
256.973,0.0340,0.0340,PATROL,0
257.007,0.0341,0.0340,PATROL,0
257.041,0.0340,0.0340,PATROL,0
257.075,0.0340,0.0340,PATROL,0
257.109,0.0340,0.0340,PATROL,0
257.143,0.0340,0.0340,PATROL,0
257.177,0.0340,0.0340,PATROL,0
257.211,0.0341,0.0340,PATROL,0
257.245,0.0340,0.0340,PATROL,0
257.279,0.0342,0.0340,PATROL,0
257.313,0.0338,0.0340,PATROL,0
257.347,0.0339,0.0340,PATROL,0
257.381,0.0340,0.0340,PATROL,0
257.415,0.0341,0.0340,PATROL,0
257.449,0.0340,0.0340,PATROL,0
257.483,0.0339,0.0340,PATROL,0
257.517,0.0342,0.0340,PATROL,0
257.551,0.0339,0.0340,PATROL,0
257.585,0.0340,0.0340,PATROL,0
257.619,0.0340,0.0340,PATROL,0
257.653,0.0341,0.0340,PATROL,0
257.687,0.0340,0.0340,PATROL,0
257.721,0.0340,0.0340,PATROL,0
257.755,0.0341,0.0340,PATROL,0
257.790,0.0343,0.0340,PATROL,0
257.823,0.0337,0.0340,PATROL,0
257.857,0.0341,0.0340,PATROL,0
257.891,0.0340,0.0340,PATROL,0
257.925,0.0340,0.0340,PATROL,0
257.959,0.0340,0.0340,PATROL,0
257.993,0.0340,0.0340,PATROL,0
258.028,0.0344,0.0340,PATROL,0
258.062,0.0338,0.0340,PATROL,0
258.096,0.0340,0.0340,PATROL,0
258.130,0.0339,0.0340,PATROL,0
258.164,0.0340,0.0340,PATROL,0
258.198,0.0341,0.0340,PATROL,0
258.232,0.0339,0.0340,PATROL,0
258.266,0.0340,0.0340,PATROL,0
258.300,0.0342,0.0340,PATROL,0
258.334,0.0339,0.0340,PATROL,0
258.368,0.0340,0.0340,PATROL,0
258.402,0.0341,0.0340,PATROL,0
258.436,0.0340,0.0340,PATROL,0
258.470,0.0342,0.0340,PATROL,0
258.504,0.0339,0.0340,PATROL,0
258.538,0.0340,0.0340,PATROL,0
258.572,0.0341,0.0340,PATROL,0
258.606,0.0339,0.0340,PATROL,0
258.640,0.0339,0.0340,PATROL,0
258.674,0.0342,0.0340,PATROL,0
258.708,0.0339,0.0340,PATROL,0
258.742,0.0341,0.0340,PATROL,0
258.776,0.0338,0.0340,PATROL,0
258.810,0.0341,0.0340,PATROL,0
258.844,0.0339,0.0340,PATROL,0
258.878,0.0341,0.0340,PATROL,0
258.912,0.0342,0.0340,PATROL,0
258.946,0.0338,0.0340,PATROL,0
258.980,0.0342,0.0340,PATROL,0
259.014,0.0338,0.0340,PATROL,0
259.048,0.0342,0.0340,PATROL,0
259.082,0.0339,0.0340,PATROL,0
259.116,0.0342,0.0340,PATROL,0
259.150,0.0338,0.0340,PATROL,0
259.184,0.0341,0.0340,PATROL,0
259.218,0.0341,0.0340,PATROL,0
259.252,0.0339,0.0340,PATROL,0
259.286,0.0341,0.0340,PATROL,0
259.320,0.0342,0.0340,PATROL,0
259.355,0.0343,0.0340,PATROL,0
259.388,0.0335,0.0340,PATROL,0
259.422,0.0342,0.0340,PATROL,0
259.456,0.0339,0.0340,PATROL,0
259.490,0.0338,0.0340,PATROL,0
259.524,0.0340,0.0340,PATROL,0
259.558,0.0340,0.0340,PATROL,0
259.592,0.0339,0.0340,PATROL,0
259.626,0.0341,0.0340,PATROL,0
259.660,0.0340,0.0340,PATROL,0
259.694,0.0339,0.0340,PATROL,0
259.728,0.0342,0.0340,PATROL,0
259.762,0.0339,0.0340,PATROL,0
259.796,0.0341,0.0340,PATROL,0
259.830,0.0341,0.0340,PATROL,0
259.864,0.0340,0.0340,PATROL,0
259.899,0.0341,0.0340,PATROL,0
259.932,0.0339,0.0340,PATROL,0
259.966,0.0339,0.0340,PATROL,0
260.000,0.0340,0.0340,PATROL,0
260.034,0.0340,0.0340,PATROL,0
260.069,0.0342,0.0340,PATROL,0
260.102,0.0338,0.0340,PATROL,0
260.137,0.0341,0.0340,PATROL,0
260.170,0.0339,0.0340,PATROL,0
260.205,0.0342,0.0340,PATROL,0
260.239,0.0339,0.0340,PATROL,0
260.272,0.0339,0.0340,PATROL,0
260.306,0.0340,0.0340,PATROL,0
260.340,0.0340,0.0340,PATROL,0
260.374,0.0340,0.0340,PATROL,0
260.409,0.0341,0.0340,PATROL,0
260.443,0.0339,0.0340,PATROL,0
260.477,0.0342,0.0340,PATROL,0
260.511,0.0339,0.0340,PATROL,0
260.545,0.0342,0.0340,PATROL,0
260.579,0.0341,0.0340,PATROL,0
260.613,0.0337,0.0340,PATROL,0
260.647,0.0342,0.0340,PATROL,0
260.681,0.0340,0.0340,PATROL,0
260.715,0.0339,0.0340,PATROL,0
260.749,0.0341,0.0340,PATROL,0
260.783,0.0338,0.0340,PATROL,0
260.817,0.0340,0.0340,PATROL,0
260.851,0.0340,0.0340,PATROL,0
260.885,0.0342,0.0340,PATROL,0
260.919,0.0339,0.0340,PATROL,0
260.953,0.0340,0.0340,PATROL,0
260.987,0.0341,0.0340,PATROL,0
261.021,0.0345,0.0340,PATROL,0
261.055,0.0335,0.0340,PATROL,0
261.089,0.0340,0.0340,PATROL,0
261.123,0.0340,0.0340,PATROL,0
261.157,0.0341,0.0340,PATROL,0
261.191,0.0340,0.0340,PATROL,0
261.225,0.0342,0.0340,PATROL,0
261.259,0.0339,0.0340,PATROL,0
261.293,0.0340,0.0340,PATROL,0
261.327,0.0341,0.0340,PATROL,0
261.361,0.0338,0.0340,PATROL,0
261.395,0.0341,0.0340,PATROL,0
261.429,0.0340,0.0340,PATROL,0
261.463,0.0339,0.0340,PATROL,0
261.497,0.0340,0.0340,PATROL,0
261.531,0.0340,0.0340,PATROL,0
261.565,0.0341,0.0340,PATROL,0
261.599,0.0339,0.0340,PATROL,0
261.633,0.0340,0.0340,PATROL,0
261.667,0.0340,0.0340,PATROL,0
261.701,0.0341,0.0340,PATROL,0
261.735,0.0339,0.0340,PATROL,0
261.769,0.0341,0.0340,PATROL,0
261.803,0.0339,0.0340,PATROL,0
261.837,0.0341,0.0340,PATROL,0
261.871,0.0341,0.0340,PATROL,0
261.905,0.0338,0.0340,PATROL,0
261.939,0.0341,0.0340,PATROL,0
261.973,0.0339,0.0340,PATROL,0
262.007,0.0339,0.0340,PATROL,0
262.041,0.0340,0.0340,PATROL,0
262.075,0.0341,0.0340,PATROL,0
262.109,0.0340,0.0340,PATROL,0
262.143,0.0341,0.0340,PATROL,0
262.177,0.0338,0.0340,PATROL,0
262.211,0.0343,0.0340,PATROL,0
262.245,0.0338,0.0340,PATROL,0
262.279,0.0340,0.0340,PATROL,0
262.313,0.0343,0.0340,PATROL,0
262.348,0.0341,0.0340,PATROL,0
262.382,0.0342,0.0340,PATROL,0
262.416,0.0338,0.0340,PATROL,0
262.450,0.0341,0.0340,PATROL,0
262.484,0.0341,0.0340,PATROL,0
262.518,0.0342,0.0340,PATROL,0
262.552,0.0340,0.0340,PATROL,0
262.586,0.0337,0.0340,PATROL,0
262.620,0.0341,0.0340,PATROL,0
262.654,0.0340,0.0340,PATROL,0
262.688,0.0339,0.0340,PATROL,0
262.722,0.0341,0.0340,PATROL,0
262.756,0.0340,0.0340,PATROL,0
262.790,0.0340,0.0340,PATROL,0
262.824,0.0341,0.0340,PATROL,0
262.858,0.0340,0.0340,PATROL,0
262.892,0.0343,0.0340,PATROL,0
262.926,0.0338,0.0340,PATROL,0
262.960,0.0339,0.0340,PATROL,0
262.994,0.0341,0.0340,PATROL,0
263.028,0.0339,0.0340,PATROL,0
263.062,0.0340,0.0340,PATROL,0
263.096,0.0340,0.0340,PATROL,0
263.130,0.0341,0.0340,PATROL,0
263.164,0.0342,0.0340,PATROL,0
263.198,0.0339,0.0340,PATROL,0
263.232,0.0339,0.0340,PATROL,0
263.266,0.0340,0.0340,PATROL,0
263.300,0.0342,0.0340,PATROL,0
263.334,0.0338,0.0340,PATROL,0
263.368,0.0342,0.0340,PATROL,0
263.402,0.0339,0.0340,PATROL,0
263.436,0.0342,0.0340,PATROL,0
263.470,0.0338,0.0340,PATROL,0
263.504,0.0343,0.0340,PATROL,0
263.538,0.0339,0.0340,PATROL,0
263.572,0.0340,0.0340,PATROL,0
263.606,0.0340,0.0340,PATROL,0
263.640,0.0341,0.0340,PATROL,0
263.675,0.0342,0.0340,PATROL,0
263.709,0.0340,0.0340,PATROL,0
263.743,0.0340,0.0340,PATROL,0
263.776,0.0338,0.0340,PATROL,0
263.811,0.0343,0.0340,PATROL,0
263.844,0.0338,0.0340,PATROL,0
263.878,0.0340,0.0340,PATROL,0
263.913,0.0342,0.0340,PATROL,0
263.946,0.0339,0.0340,PATROL,0
263.981,0.0342,0.0340,PATROL,0
264.014,0.0338,0.0340,PATROL,0
264.048,0.0340,0.0340,PATROL,0
264.083,0.0350,0.0340,PATROL,0
264.117,0.0336,0.0340,PATROL,0
264.151,0.0343,0.0340,PATROL,0
264.185,0.0334,0.0340,PATROL,0
264.219,0.0340,0.0340,PATROL,0
264.253,0.0340,0.0340,PATROL,0
264.287,0.0339,0.0340,PATROL,0
264.321,0.0341,0.0340,PATROL,0
264.355,0.0339,0.0340,PATROL,0
264.389,0.0340,0.0340,PATROL,0
264.423,0.0341,0.0340,PATROL,0
264.457,0.0340,0.0340,PATROL,0
264.491,0.0343,0.0340,PATROL,0
264.525,0.0336,0.0340,PATROL,0
264.559,0.0341,0.0340,PATROL,0
264.593,0.0340,0.0340,PATROL,0
264.627,0.0339,0.0340,PATROL,0
264.661,0.0340,0.0340,PATROL,0
264.695,0.0340,0.0340,PATROL,0
264.729,0.0340,0.0340,PATROL,0
264.763,0.0340,0.0340,PATROL,0
264.797,0.0340,0.0340,PATROL,0
264.831,0.0340,0.0340,PATROL,0
264.865,0.0340,0.0340,PATROL,0
264.899,0.0340,0.0340,PATROL,0
264.933,0.0340,0.0340,PATROL,0
264.967,0.0341,0.0340,PATROL,0
265.001,0.0340,0.0340,PATROL,0
265.035,0.0339,0.0340,PATROL,0
265.069,0.0344,0.0340,PATROL,0
265.103,0.0336,0.0340,PATROL,0
265.137,0.0341,0.0340,PATROL,0
265.171,0.0340,0.0340,PATROL,0
265.205,0.0339,0.0340,PATROL,0
265.239,0.0340,0.0340,PATROL,0
265.273,0.0342,0.0340,PATROL,0
265.307,0.0339,0.0340,PATROL,0
265.341,0.0341,0.0340,PATROL,0
265.375,0.0339,0.0340,PATROL,0
265.409,0.0342,0.0340,PATROL,0
265.443,0.0340,0.0340,PATROL,0
265.478,0.0343,0.0340,PATROL,0
265.511,0.0339,0.0340,PATROL,0
265.545,0.0338,0.0340,PATROL,0
265.579,0.0342,0.0340,PATROL,0
265.613,0.0339,0.0340,PATROL,0
265.647,0.0339,0.0340,PATROL,0
265.681,0.0340,0.0340,PATROL,0
265.715,0.0341,0.0340,PATROL,0
265.749,0.0339,0.0340,PATROL,0
265.784,0.0343,0.0340,PATROL,0
265.817,0.0338,0.0340,PATROL,0
265.851,0.0340,0.0340,PATROL,0
265.886,0.0341,0.0340,PATROL,0
265.920,0.0340,0.0340,PATROL,0
265.954,0.0341,0.0340,PATROL,0
265.988,0.0339,0.0340,PATROL,0
266.021,0.0339,0.0340,PATROL,0
266.056,0.0341,0.0340,PATROL,0
266.090,0.0340,0.0340,PATROL,0
266.124,0.0345,0.0340,PATROL,0
266.158,0.0335,0.0340,PATROL,0
266.192,0.0340,0.0340,PATROL,0
266.226,0.0339,0.0340,PATROL,0
266.260,0.0341,0.0340,PATROL,0
266.294,0.0341,0.0340,PATROL,0
266.328,0.0339,0.0340,PATROL,0
266.362,0.0340,0.0340,PATROL,0
266.396,0.0341,0.0340,PATROL,0
266.430,0.0341,0.0340,PATROL,0
266.464,0.0342,0.0340,PATROL,0
266.498,0.0337,0.0340,PATROL,0
266.532,0.0340,0.0340,PATROL,0
266.566,0.0341,0.0340,PATROL,0
266.600,0.0341,0.0340,PATROL,0
266.634,0.0340,0.0340,PATROL,0
266.668,0.0339,0.0340,PATROL,0
266.702,0.0340,0.0340,PATROL,0
266.736,0.0341,0.0340,PATROL,0
266.770,0.0341,0.0340,PATROL,0
266.804,0.0339,0.0340,PATROL,0
266.838,0.0340,0.0340,PATROL,0
266.872,0.0341,0.0340,PATROL,0
266.906,0.0342,0.0340,PATROL,0
266.940,0.0337,0.0340,PATROL,0
266.974,0.0340,0.0340,PATROL,0
267.008,0.0341,0.0340,PATROL,0
267.042,0.0341,0.0340,PATROL,0
267.076,0.0339,0.0340,PATROL,0
267.110,0.0340,0.0340,PATROL,0
267.144,0.0340,0.0340,PATROL,0
267.178,0.0341,0.0340,PATROL,0
267.212,0.0341,0.0340,PATROL,0
267.246,0.0338,0.0340,PATROL,0
267.280,0.0342,0.0340,PATROL,0
267.314,0.0339,0.0340,PATROL,0
267.348,0.0339,0.0340,PATROL,0
267.382,0.0342,0.0340,PATROL,0
267.416,0.0338,0.0340,PATROL,0
267.450,0.0341,0.0340,PATROL,0
267.484,0.0342,0.0340,PATROL,0
267.518,0.0337,0.0340,PATROL,0
267.552,0.0341,0.0340,PATROL,0
267.586,0.0341,0.0340,PATROL,0
267.620,0.0339,0.0340,PATROL,0
267.654,0.0341,0.0340,PATROL,0
267.688,0.0340,0.0340,PATROL,0
267.722,0.0341,0.0340,PATROL,0
267.756,0.0340,0.0340,PATROL,0
267.790,0.0339,0.0340,PATROL,0
267.824,0.0340,0.0340,PATROL,0
267.858,0.0340,0.0340,PATROL,0
267.892,0.0340,0.0340,PATROL,0
267.927,0.0347,0.0340,PATROL,0
267.960,0.0334,0.0340,PATROL,0
267.995,0.0342,0.0340,PATROL,0
268.029,0.0340,0.0340,PATROL,0
268.062,0.0339,0.0340,PATROL,0
268.097,0.0343,0.0340,PATROL,0
268.131,0.0339,0.0340,PATROL,0
268.165,0.0340,0.0340,PATROL,0
268.198,0.0338,0.0340,PATROL,0
268.233,0.0341,0.0340,PATROL,0
268.266,0.0339,0.0340,PATROL,0
268.301,0.0342,0.0340,PATROL,0
268.334,0.0338,0.0340,PATROL,0
268.369,0.0341,0.0340,PATROL,0
268.403,0.0340,0.0340,PATROL,0
268.436,0.0339,0.0340,PATROL,0
268.471,0.0341,0.0340,PATROL,0
268.505,0.0340,0.0340,PATROL,0
268.539,0.0341,0.0340,PATROL,0
268.573,0.0341,0.0340,PATROL,0
268.607,0.0342,0.0340,PATROL,0
268.641,0.0338,0.0340,PATROL,0
268.675,0.0341,0.0340,PATROL,0
268.709,0.0340,0.0340,PATROL,0
268.743,0.0341,0.0340,PATROL,0
268.777,0.0339,0.0340,PATROL,0
268.811,0.0341,0.0340,PATROL,0
268.845,0.0338,0.0340,PATROL,0
268.879,0.0342,0.0340,PATROL,0
268.913,0.0339,0.0340,PATROL,0
268.947,0.0341,0.0340,PATROL,0
268.981,0.0340,0.0340,PATROL,0
269.015,0.0339,0.0340,PATROL,0
269.049,0.0340,0.0340,PATROL,0
269.083,0.0340,0.0340,PATROL,0
269.117,0.0341,0.0340,PATROL,0
269.151,0.0345,0.0340,PATROL,0
269.185,0.0339,0.0340,PATROL,0
269.219,0.0339,0.0340,PATROL,0
269.253,0.0338,0.0340,PATROL,0
269.287,0.0339,0.0340,PATROL,0
269.321,0.0340,0.0340,PATROL,0
269.355,0.0340,0.0340,PATROL,0
269.389,0.0340,0.0340,PATROL,0
269.423,0.0341,0.0340,PATROL,0
269.457,0.0340,0.0340,PATROL,0
269.491,0.0342,0.0340,PATROL,0
269.525,0.0339,0.0340,PATROL,0
269.559,0.0339,0.0340,PATROL,0
269.593,0.0344,0.0340,PATROL,0
269.627,0.0339,0.0340,PATROL,0
269.662,0.0342,0.0340,PATROL,0
269.695,0.0337,0.0340,PATROL,0
269.729,0.0341,0.0340,PATROL,0
269.763,0.0340,0.0340,PATROL,0
269.797,0.0339,0.0340,PATROL,0
269.831,0.0339,0.0340,PATROL,0
269.865,0.0341,0.0340,PATROL,0
269.899,0.0341,0.0340,PATROL,0
269.933,0.0339,0.0340,PATROL,0
269.967,0.0340,0.0340,PATROL,0
270.001,0.0340,0.0340,PATROL,0
270.035,0.0340,0.0340,PATROL,0
270.069,0.0340,0.0340,PATROL,0
270.103,0.0339,0.0340,PATROL,0
270.137,0.0342,0.0340,PATROL,0
270.171,0.0338,0.0340,PATROL,0
270.205,0.0340,0.0340,PATROL,0
270.240,0.0342,0.0340,PATROL,0
270.273,0.0339,0.0340,PATROL,0
270.307,0.0340,0.0340,PATROL,0
270.342,0.0341,0.0340,PATROL,0
270.376,0.0341,0.0340,PATROL,0
270.409,0.0338,0.0340,PATROL,0
270.444,0.0341,0.0340,PATROL,0
270.478,0.0340,0.0340,PATROL,0
270.512,0.0342,0.0340,PATROL,0
270.545,0.0337,0.0340,PATROL,0
270.579,0.0340,0.0340,PATROL,0
270.614,0.0343,0.0340,PATROL,0
270.648,0.0341,0.0340,PATROL,0
270.682,0.0337,0.0340,PATROL,0
270.716,0.0341,0.0340,PATROL,0
270.750,0.0339,0.0340,PATROL,0
270.784,0.0340,0.0340,PATROL,0
270.818,0.0340,0.0340,PATROL,0
270.852,0.0340,0.0340,PATROL,0
270.886,0.0344,0.0340,PATROL,0
270.920,0.0338,0.0340,PATROL,0
270.954,0.0339,0.0340,PATROL,0
270.988,0.0341,0.0340,PATROL,0
271.022,0.0343,0.0340,PATROL,0
271.056,0.0339,0.0340,PATROL,0
271.090,0.0341,0.0340,PATROL,0
271.124,0.0341,0.0340,PATROL,0
271.158,0.0338,0.0340,PATROL,0
271.192,0.0341,0.0340,PATROL,0
271.226,0.0339,0.0340,PATROL,0
271.260,0.0341,0.0340,PATROL,0
271.294,0.0339,0.0340,PATROL,0
271.328,0.0339,0.0340,PATROL,0
271.362,0.0341,0.0340,PATROL,0
271.396,0.0342,0.0340,PATROL,0
271.430,0.0339,0.0340,PATROL,0
271.464,0.0341,0.0340,PATROL,0
271.498,0.0339,0.0340,PATROL,0
271.532,0.0342,0.0340,PATROL,0
271.566,0.0337,0.0340,PATROL,0
271.600,0.0340,0.0340,PATROL,0
271.634,0.0340,0.0340,PATROL,0
271.668,0.0339,0.0340,PATROL,0
271.702,0.0341,0.0340,PATROL,0
271.736,0.0341,0.0340,PATROL,0
271.770,0.0340,0.0340,PATROL,0
271.804,0.0341,0.0340,PATROL,0
271.838,0.0338,0.0340,PATROL,0
271.872,0.0340,0.0340,PATROL,0
271.906,0.0341,0.0340,PATROL,0
271.940,0.0340,0.0340,PATROL,0
271.974,0.0340,0.0340,PATROL,0
272.008,0.0339,0.0340,PATROL,0
272.042,0.0340,0.0340,PATROL,0
272.076,0.0342,0.0340,PATROL,0
272.110,0.0339,0.0340,PATROL,0
272.144,0.0341,0.0340,PATROL,0
272.178,0.0339,0.0340,PATROL,0
272.212,0.0339,0.0340,PATROL,0
272.246,0.0341,0.0340,PATROL,0
272.280,0.0340,0.0340,PATROL,0
272.314,0.0340,0.0340,PATROL,0
272.348,0.0340,0.0340,PATROL,0
272.382,0.0339,0.0340,PATROL,0
272.416,0.0340,0.0340,PATROL,0
272.450,0.0341,0.0340,PATROL,0
272.484,0.0339,0.0340,PATROL,0
272.518,0.0340,0.0340,PATROL,0
272.552,0.0339,0.0340,PATROL,0
272.586,0.0344,0.0340,PATROL,0
272.620,0.0341,0.0340,PATROL,0
272.654,0.0337,0.0340,PATROL,0
272.688,0.0339,0.0340,PATROL,0
272.722,0.0343,0.0340,PATROL,0
272.756,0.0337,0.0340,PATROL,0
272.790,0.0340,0.0340,PATROL,0
272.824,0.0342,0.0340,PATROL,0
272.858,0.0339,0.0340,PATROL,0
272.892,0.0340,0.0340,PATROL,0
272.926,0.0340,0.0340,PATROL,0
272.960,0.0341,0.0340,PATROL,0
272.994,0.0338,0.0340,PATROL,0
273.028,0.0340,0.0340,PATROL,0
273.062,0.0340,0.0340,PATROL,0
273.096,0.0341,0.0340,PATROL,0
273.130,0.0342,0.0340,PATROL,0
273.164,0.0341,0.0340,PATROL,0
273.198,0.0341,0.0340,PATROL,0
273.233,0.0342,0.0340,PATROL,0
273.267,0.0340,0.0340,PATROL,0
273.301,0.0340,0.0340,PATROL,0
273.335,0.0341,0.0340,PATROL,0
273.369,0.0339,0.0340,PATROL,0
273.403,0.0342,0.0340,PATROL,0
273.437,0.0341,0.0340,PATROL,0
273.471,0.0340,0.0340,PATROL,0
273.505,0.0341,0.0340,PATROL,0
273.539,0.0339,0.0340,PATROL,0
273.573,0.0340,0.0340,PATROL,0
273.607,0.0340,0.0340,PATROL,0
273.641,0.0339,0.0340,PATROL,0
273.675,0.0341,0.0340,PATROL,0
273.709,0.0339,0.0340,PATROL,0
273.743,0.0342,0.0340,PATROL,0
273.777,0.0340,0.0340,PATROL,0
273.811,0.0338,0.0340,PATROL,0
273.845,0.0341,0.0340,PATROL,0
273.879,0.0340,0.0340,PATROL,0
273.913,0.0340,0.0340,PATROL,0
273.947,0.0341,0.0340,PATROL,0
273.981,0.0339,0.0340,PATROL,0
274.015,0.0342,0.0340,PATROL,0
274.049,0.0340,0.0340,PATROL,0
274.083,0.0339,0.0340,PATROL,0
274.117,0.0340,0.0340,PATROL,0
274.151,0.0340,0.0340,PATROL,0
274.185,0.0342,0.0340,PATROL,0
274.219,0.0339,0.0340,PATROL,0
274.253,0.0341,0.0340,PATROL,0
274.287,0.0341,0.0340,PATROL,0
274.321,0.0340,0.0340,PATROL,0
274.355,0.0340,0.0340,PATROL,0
274.389,0.0338,0.0340,PATROL,0
274.423,0.0340,0.0340,PATROL,0
274.458,0.0342,0.0340,PATROL,0
274.492,0.0340,0.0340,PATROL,0
274.525,0.0339,0.0340,PATROL,0
274.559,0.0340,0.0340,PATROL,0
274.593,0.0340,0.0340,PATROL,0
274.627,0.0341,0.0340,PATROL,0
274.662,0.0340,0.0340,PATROL,0
274.696,0.0341,0.0340,PATROL,0
274.730,0.0340,0.0340,PATROL,0
274.764,0.0340,0.0340,PATROL,0
274.798,0.0345,0.0340,PATROL,0
274.832,0.0337,0.0340,PATROL,0
274.866,0.0340,0.0340,PATROL,0
274.900,0.0339,0.0340,PATROL,0
274.934,0.0339,0.0340,PATROL,0
274.968,0.0340,0.0340,PATROL,0
275.002,0.0342,0.0340,PATROL,0
275.036,0.0340,0.0340,PATROL,0
275.070,0.0340,0.0340,PATROL,0
275.104,0.0340,0.0340,PATROL,0
275.138,0.0339,0.0340,PATROL,0
275.172,0.0340,0.0340,PATROL,0
275.206,0.0344,0.0340,PATROL,0
275.240,0.0337,0.0340,PATROL,0
275.274,0.0341,0.0340,PATROL,0
275.308,0.0340,0.0340,PATROL,0
275.342,0.0341,0.0340,PATROL,0
275.376,0.0340,0.0340,PATROL,0
275.410,0.0339,0.0340,PATROL,0
275.444,0.0340,0.0340,PATROL,0
275.478,0.0343,0.0340,PATROL,0
275.512,0.0340,0.0340,PATROL,0
275.546,0.0341,0.0340,PATROL,0
275.580,0.0341,0.0340,PATROL,0
275.614,0.0339,0.0340,PATROL,0
275.648,0.0339,0.0340,PATROL,0
275.682,0.0340,0.0340,PATROL,0
275.716,0.0341,0.0340,PATROL,0
275.750,0.0340,0.0340,PATROL,0
275.784,0.0339,0.0340,PATROL,0
275.818,0.0339,0.0340,PATROL,0
275.852,0.0340,0.0340,PATROL,0
275.886,0.0340,0.0340,PATROL,0
275.920,0.0341,0.0340,PATROL,0
275.954,0.0340,0.0340,PATROL,0
275.988,0.0341,0.0340,PATROL,0
276.022,0.0339,0.0340,PATROL,0
276.056,0.0342,0.0340,PATROL,0
276.090,0.0340,0.0340,PATROL,0
276.124,0.0341,0.0340,PATROL,0
276.158,0.0339,0.0340,PATROL,0
276.192,0.0339,0.0340,PATROL,0
276.226,0.0340,0.0340,PATROL,0
276.260,0.0339,0.0340,PATROL,0
276.294,0.0341,0.0340,PATROL,0
276.328,0.0339,0.0340,PATROL,0
276.362,0.0341,0.0340,PATROL,0
276.397,0.0342,0.0340,PATROL,0
276.430,0.0338,0.0340,PATROL,0
276.465,0.0345,0.0340,PATROL,0
276.499,0.0337,0.0340,PATROL,0
276.532,0.0338,0.0340,PATROL,0
276.567,0.0342,0.0340,PATROL,0
276.600,0.0339,0.0340,PATROL,0
276.635,0.0341,0.0340,PATROL,0
276.669,0.0341,0.0340,PATROL,0
276.703,0.0340,0.0340,PATROL,0
276.737,0.0342,0.0340,PATROL,0
276.771,0.0336,0.0340,PATROL,0
276.805,0.0343,0.0340,PATROL,0
276.838,0.0337,0.0340,PATROL,0
276.873,0.0342,0.0340,PATROL,0
276.907,0.0339,0.0340,PATROL,0
276.941,0.0341,0.0340,PATROL,0
276.975,0.0340,0.0340,PATROL,0
277.009,0.0339,0.0340,PATROL,0
277.043,0.0342,0.0340,PATROL,0
277.077,0.0338,0.0340,PATROL,0
277.111,0.0340,0.0340,PATROL,0
277.145,0.0342,0.0340,PATROL,0
277.179,0.0340,0.0340,PATROL,0
277.213,0.0339,0.0340,PATROL,0
277.247,0.0340,0.0340,PATROL,0
277.281,0.0342,0.0340,PATROL,0
277.315,0.0340,0.0340,PATROL,0
277.349,0.0340,0.0340,PATROL,0
277.383,0.0339,0.0340,PATROL,0
277.417,0.0341,0.0340,PATROL,0
277.451,0.0339,0.0340,PATROL,0
277.485,0.0341,0.0340,PATROL,0
277.519,0.0339,0.0340,PATROL,0
277.553,0.0341,0.0340,PATROL,0
277.587,0.0339,0.0340,PATROL,0
277.621,0.0342,0.0340,PATROL,0
277.655,0.0338,0.0340,PATROL,0
277.689,0.0344,0.0340,PATROL,0
277.723,0.0337,0.0340,PATROL,0
277.757,0.0340,0.0340,PATROL,0
277.791,0.0340,0.0340,PATROL,0
277.825,0.0340,0.0340,PATROL,0
277.859,0.0342,0.0340,PATROL,0
277.893,0.0339,0.0340,PATROL,0
277.927,0.0341,0.0340,PATROL,0
277.961,0.0340,0.0340,PATROL,0
277.995,0.0339,0.0340,PATROL,0
278.029,0.0343,0.0340,PATROL,0
278.063,0.0338,0.0340,PATROL,0
278.097,0.0340,0.0340,PATROL,0
278.131,0.0341,0.0340,PATROL,0
278.165,0.0338,0.0340,PATROL,0
278.199,0.0342,0.0340,PATROL,0
278.233,0.0338,0.0340,PATROL,0
278.267,0.0341,0.0340,PATROL,0
278.301,0.0341,0.0340,PATROL,0
278.335,0.0338,0.0340,PATROL,0
278.369,0.0340,0.0340,PATROL,0
278.403,0.0340,0.0340,PATROL,0
278.437,0.0339,0.0340,PATROL,0
278.471,0.0342,0.0340,PATROL,0
278.505,0.0340,0.0340,PATROL,0
278.540,0.0344,0.0340,PATROL,0
278.574,0.0339,0.0340,PATROL,0
278.608,0.0340,0.0340,PATROL,0
278.642,0.0340,0.0340,PATROL,0
278.676,0.0340,0.0340,PATROL,0
278.710,0.0340,0.0340,PATROL,0
278.744,0.0341,0.0340,PATROL,0
278.778,0.0340,0.0340,PATROL,0
278.812,0.0339,0.0340,PATROL,0
278.845,0.0338,0.0340,PATROL,0
278.880,0.0341,0.0340,PATROL,0
278.914,0.0340,0.0340,PATROL,0
278.948,0.0340,0.0340,PATROL,0
278.982,0.0340,0.0340,PATROL,0
279.016,0.0339,0.0340,PATROL,0
279.050,0.0341,0.0340,PATROL,0
279.084,0.0342,0.0340,PATROL,0
279.118,0.0339,0.0340,PATROL,0
279.152,0.0340,0.0340,PATROL,0
279.186,0.0340,0.0340,PATROL,0
279.220,0.0340,0.0340,PATROL,0
279.254,0.0340,0.0340,PATROL,0
279.288,0.0341,0.0340,PATROL,0
279.322,0.0339,0.0340,PATROL,0
279.356,0.0342,0.0340,PATROL,0
279.390,0.0344,0.0340,PATROL,0
279.424,0.0337,0.0340,PATROL,0
279.458,0.0343,0.0340,PATROL,0
279.492,0.0336,0.0340,PATROL,0
279.526,0.0339,0.0340,PATROL,0
279.560,0.0344,0.0340,PATROL,0
279.594,0.0339,0.0340,PATROL,0
279.628,0.0339,0.0340,PATROL,0
279.662,0.0339,0.0340,PATROL,0
279.696,0.0340,0.0340,PATROL,0
279.730,0.0341,0.0340,PATROL,0
279.764,0.0339,0.0340,PATROL,0
279.798,0.0344,0.0340,PATROL,0
279.832,0.0339,0.0340,PATROL,0
279.866,0.0341,0.0340,PATROL,0
279.900,0.0338,0.0340,PATROL,0
279.934,0.0340,0.0340,PATROL,0
279.968,0.0341,0.0340,PATROL,0
280.002,0.0340,0.0340,PATROL,0
280.036,0.0339,0.0340,PATROL,0
280.070,0.0340,0.0340,PATROL,0
280.104,0.0340,0.0340,PATROL,0
280.139,0.0345,0.0340,PATROL,0
280.172,0.0338,0.0340,PATROL,0
280.206,0.0339,0.0340,PATROL,0
280.240,0.0339,0.0340,PATROL,0
280.274,0.0341,0.0340,PATROL,0
280.308,0.0340,0.0340,PATROL,0
280.342,0.0340,0.0340,PATROL,0
280.376,0.0339,0.0340,PATROL,0
280.410,0.0340,0.0340,PATROL,0
280.444,0.0342,0.0340,PATROL,0
280.478,0.0338,0.0340,PATROL,0
280.512,0.0341,0.0340,PATROL,0
280.546,0.0341,0.0340,PATROL,0
280.580,0.0339,0.0340,PATROL,0
280.614,0.0341,0.0340,PATROL,0
280.648,0.0339,0.0340,PATROL,0
280.682,0.0340,0.0340,PATROL,0
280.716,0.0342,0.0340,PATROL,0
280.750,0.0339,0.0340,PATROL,0
280.784,0.0341,0.0340,PATROL,0
280.818,0.0339,0.0340,PATROL,0
280.852,0.0341,0.0340,PATROL,0
280.886,0.0340,0.0340,PATROL,0
280.921,0.0341,0.0340,PATROL,0
280.954,0.0339,0.0340,PATROL,0
280.989,0.0342,0.0340,PATROL,0
281.022,0.0339,0.0340,PATROL,0
281.057,0.0341,0.0340,PATROL,0
281.091,0.0341,0.0340,PATROL,0
281.124,0.0338,0.0340,PATROL,0
281.159,0.0345,0.0340,PATROL,0
281.193,0.0336,0.0340,PATROL,0
281.227,0.0341,0.0340,PATROL,0
281.261,0.0338,0.0340,PATROL,0
281.295,0.0341,0.0340,PATROL,0
281.329,0.0341,0.0340,PATROL,0
281.363,0.0340,0.0340,PATROL,0
281.397,0.0341,0.0340,PATROL,0
281.431,0.0339,0.0340,PATROL,0
281.465,0.0340,0.0340,PATROL,0
281.499,0.0342,0.0340,PATROL,0
281.533,0.0340,0.0340,PATROL,0
281.567,0.0339,0.0340,PATROL,0
281.601,0.0340,0.0340,PATROL,0
281.635,0.0341,0.0340,PATROL,0
281.669,0.0339,0.0340,PATROL,0
281.703,0.0340,0.0340,PATROL,0
281.737,0.0340,0.0340,PATROL,0
281.771,0.0341,0.0340,PATROL,0
281.805,0.0343,0.0340,PATROL,0
281.839,0.0339,0.0340,PATROL,0
281.873,0.0338,0.0340,PATROL,0
281.907,0.0341,0.0340,PATROL,0
281.941,0.0340,0.0340,PATROL,0
281.975,0.0343,0.0340,PATROL,0
282.009,0.0338,0.0340,PATROL,0
282.043,0.0342,0.0340,PATROL,0
282.077,0.0339,0.0340,PATROL,0
282.111,0.0341,0.0340,PATROL,0
282.145,0.0341,0.0340,PATROL,0
282.179,0.0340,0.0340,PATROL,0
282.213,0.0339,0.0340,PATROL,0
282.247,0.0341,0.0340,PATROL,0
282.281,0.0340,0.0340,PATROL,0
282.315,0.0339,0.0340,PATROL,0
282.349,0.0341,0.0340,PATROL,0
282.383,0.0339,0.0340,PATROL,0
282.417,0.0340,0.0340,PATROL,0
282.451,0.0339,0.0340,PATROL,0
282.485,0.0340,0.0340,PATROL,0
282.519,0.0342,0.0340,PATROL,0
282.553,0.0339,0.0340,PATROL,0
282.587,0.0339,0.0340,PATROL,0
282.621,0.0342,0.0340,PATROL,0
282.655,0.0338,0.0340,PATROL,0
282.689,0.0342,0.0340,PATROL,0
282.723,0.0340,0.0340,PATROL,0
282.757,0.0340,0.0340,PATROL,0
282.792,0.0343,0.0340,PATROL,0
282.825,0.0338,0.0340,PATROL,0
282.859,0.0341,0.0340,PATROL,0
282.893,0.0339,0.0340,PATROL,0
282.928,0.0342,0.0340,PATROL,0
282.962,0.0340,0.0340,PATROL,0
282.996,0.0340,0.0340,PATROL,0
283.030,0.0342,0.0340,PATROL,0
283.063,0.0338,0.0340,PATROL,0
283.097,0.0339,0.0340,PATROL,0
283.132,0.0341,0.0340,PATROL,0
283.166,0.0339,0.0340,PATROL,0
283.199,0.0340,0.0340,PATROL,0
283.233,0.0340,0.0340,PATROL,0
283.268,0.0341,0.0340,PATROL,0
283.301,0.0339,0.0340,PATROL,0
283.336,0.0341,0.0340,PATROL,0
283.370,0.0341,0.0340,PATROL,0
283.404,0.0340,0.0340,PATROL,0
283.438,0.0340,0.0340,PATROL,0
283.472,0.0341,0.0340,PATROL,0
283.506,0.0341,0.0340,PATROL,0
283.541,0.0350,0.0340,PATROL,0
283.574,0.0337,0.0340,PATROL,0
283.608,0.0338,0.0340,PATROL,0
283.642,0.0342,0.0340,PATROL,0
283.676,0.0336,0.0340,PATROL,0
283.710,0.0340,0.0340,PATROL,0
283.744,0.0340,0.0340,PATROL,0
283.778,0.0339,0.0340,PATROL,0
283.812,0.0338,0.0340,PATROL,0
283.846,0.0342,0.0340,PATROL,0
283.880,0.0339,0.0340,PATROL,0
283.914,0.0340,0.0340,PATROL,0
283.948,0.0340,0.0340,PATROL,0
283.982,0.0341,0.0340,PATROL,0
284.016,0.0339,0.0340,PATROL,0
284.050,0.0340,0.0340,PATROL,0
284.084,0.0341,0.0340,PATROL,0
284.118,0.0339,0.0340,PATROL,0
284.152,0.0340,0.0340,PATROL,0
284.186,0.0340,0.0340,PATROL,0
284.220,0.0343,0.0340,PATROL,0
284.254,0.0339,0.0340,PATROL,0
284.288,0.0340,0.0340,PATROL,0
284.322,0.0339,0.0340,PATROL,0
284.356,0.0341,0.0340,PATROL,0
284.390,0.0339,0.0340,PATROL,0
284.424,0.0340,0.0340,PATROL,0
284.458,0.0340,0.0340,PATROL,0
284.492,0.0343,0.0340,PATROL,0
284.526,0.0338,0.0340,PATROL,0
284.560,0.0341,0.0340,PATROL,0
284.594,0.0340,0.0340,PATROL,0
284.628,0.0341,0.0340,PATROL,0
284.662,0.0337,0.0340,PATROL,0
284.696,0.0340,0.0340,PATROL,0
284.730,0.0342,0.0340,PATROL,0
284.764,0.0339,0.0340,PATROL,0
284.798,0.0339,0.0340,PATROL,0
284.832,0.0341,0.0340,PATROL,0
284.866,0.0341,0.0340,PATROL,0
284.900,0.0340,0.0340,PATROL,0
284.934,0.0338,0.0340,PATROL,0
284.968,0.0342,0.0340,PATROL,0
285.002,0.0340,0.0340,PATROL,0
285.037,0.0342,0.0340,PATROL,0
285.071,0.0341,0.0340,PATROL,0
285.105,0.0339,0.0340,PATROL,0
285.139,0.0343,0.0340,PATROL,0
285.173,0.0341,0.0340,PATROL,0
285.207,0.0338,0.0340,PATROL,0
285.241,0.0340,0.0340,PATROL,0
285.275,0.0340,0.0340,PATROL,0
285.309,0.0341,0.0340,PATROL,0
285.343,0.0340,0.0340,PATROL,0
285.377,0.0341,0.0340,PATROL,0
285.411,0.0338,0.0340,PATROL,0
285.445,0.0341,0.0340,PATROL,0
285.479,0.0340,0.0340,PATROL,0
285.513,0.0340,0.0340,PATROL,0
285.547,0.0340,0.0340,PATROL,0
285.581,0.0340,0.0340,PATROL,0
285.615,0.0340,0.0340,PATROL,0
285.649,0.0342,0.0340,PATROL,0
285.683,0.0339,0.0340,PATROL,0
285.717,0.0340,0.0340,PATROL,0
285.751,0.0342,0.0340,PATROL,0
285.785,0.0338,0.0340,PATROL,0
285.819,0.0341,0.0340,PATROL,0
285.853,0.0340,0.0340,PATROL,0
285.887,0.0341,0.0340,PATROL,0
285.921,0.0342,0.0340,PATROL,0
285.955,0.0340,0.0340,PATROL,0
285.989,0.0340,0.0340,PATROL,0
286.023,0.0343,0.0340,PATROL,0
286.057,0.0338,0.0340,PATROL,0
286.091,0.0339,0.0340,PATROL,0
286.125,0.0341,0.0340,PATROL,0
286.159,0.0340,0.0340,PATROL,0
286.193,0.0341,0.0340,PATROL,0
286.227,0.0339,0.0340,PATROL,0
286.261,0.0340,0.0340,PATROL,0
286.295,0.0340,0.0340,PATROL,0
286.329,0.0340,0.0340,PATROL,0
286.363,0.0342,0.0340,PATROL,0
286.397,0.0341,0.0340,PATROL,0
286.431,0.0340,0.0340,PATROL,0
286.465,0.0339,0.0340,PATROL,0
286.499,0.0341,0.0340,PATROL,0
286.533,0.0340,0.0340,PATROL,0
286.567,0.0340,0.0340,PATROL,0
286.601,0.0341,0.0340,PATROL,0
286.636,0.0342,0.0340,PATROL,0
286.669,0.0338,0.0340,PATROL,0
286.703,0.0340,0.0340,PATROL,0
286.737,0.0341,0.0340,PATROL,0
286.771,0.0340,0.0340,PATROL,0
286.805,0.0339,0.0340,PATROL,0
286.840,0.0342,0.0340,PATROL,0
286.874,0.0340,0.0340,PATROL,0
286.907,0.0339,0.0340,PATROL,0
286.942,0.0341,0.0340,PATROL,0
286.976,0.0340,0.0340,PATROL,0
287.010,0.0340,0.0340,PATROL,0
287.043,0.0339,0.0340,PATROL,0
287.078,0.0341,0.0340,PATROL,0
287.112,0.0339,0.0340,PATROL,0
287.146,0.0340,0.0340,PATROL,0
287.180,0.0342,0.0340,PATROL,0
287.214,0.0338,0.0340,PATROL,0
287.248,0.0341,0.0340,PATROL,0
287.282,0.0341,0.0340,PATROL,0
287.316,0.0339,0.0340,PATROL,0
287.350,0.0340,0.0340,PATROL,0
287.384,0.0340,0.0340,PATROL,0
287.418,0.0340,0.0340,PATROL,0
287.452,0.0343,0.0340,PATROL,0
287.486,0.0340,0.0340,PATROL,0
287.520,0.0338,0.0340,PATROL,0
287.554,0.0342,0.0340,PATROL,0
287.588,0.0338,0.0340,PATROL,0
287.622,0.0341,0.0340,PATROL,0
287.656,0.0341,0.0340,PATROL,0
287.690,0.0341,0.0340,PATROL,0
287.724,0.0344,0.0340,PATROL,0
287.758,0.0336,0.0340,PATROL,0
287.792,0.0340,0.0340,PATROL,0
287.826,0.0341,0.0340,PATROL,0
287.860,0.0339,0.0340,PATROL,0
287.894,0.0341,0.0340,PATROL,0
287.928,0.0337,0.0340,PATROL,0
287.962,0.0342,0.0340,PATROL,0
287.996,0.0342,0.0340,PATROL,0
288.030,0.0340,0.0340,PATROL,0
288.064,0.0337,0.0340,PATROL,0
288.098,0.0340,0.0340,PATROL,0
288.132,0.0342,0.0340,PATROL,0
288.166,0.0339,0.0340,PATROL,0
288.200,0.0341,0.0340,PATROL,0
288.234,0.0341,0.0340,PATROL,0
288.268,0.0339,0.0340,PATROL,0
288.302,0.0341,0.0340,PATROL,0
288.336,0.0339,0.0340,PATROL,0
288.370,0.0341,0.0340,PATROL,0
288.404,0.0339,0.0340,PATROL,0
288.438,0.0341,0.0340,PATROL,0
288.472,0.0340,0.0340,PATROL,0
288.506,0.0339,0.0340,PATROL,0
288.540,0.0341,0.0340,PATROL,0
288.574,0.0339,0.0340,PATROL,0
288.608,0.0341,0.0340,PATROL,0
288.642,0.0341,0.0340,PATROL,0
288.676,0.0338,0.0340,PATROL,0
288.710,0.0340,0.0340,PATROL,0
288.744,0.0342,0.0340,PATROL,0
288.778,0.0339,0.0340,PATROL,0
288.812,0.0343,0.0340,PATROL,0
288.846,0.0338,0.0340,PATROL,0
288.880,0.0341,0.0340,PATROL,0
288.914,0.0339,0.0340,PATROL,0
288.948,0.0341,0.0340,PATROL,0
288.982,0.0340,0.0340,PATROL,0
289.016,0.0340,0.0340,PATROL,0
289.050,0.0341,0.0340,PATROL,0
289.085,0.0340,0.0340,PATROL,0
289.118,0.0339,0.0340,PATROL,0
289.152,0.0341,0.0340,PATROL,0
289.186,0.0340,0.0340,PATROL,0
289.221,0.0342,0.0340,PATROL,0
289.255,0.0339,0.0340,PATROL,0
289.289,0.0340,0.0340,PATROL,0
289.323,0.0340,0.0340,PATROL,0
289.357,0.0340,0.0340,PATROL,0
289.391,0.0340,0.0340,PATROL,0
289.425,0.0340,0.0340,PATROL,0
289.459,0.0341,0.0340,PATROL,0
289.493,0.0340,0.0340,PATROL,0
289.527,0.0340,0.0340,PATROL,0
289.561,0.0339,0.0340,PATROL,0
289.595,0.0341,0.0340,PATROL,0
289.629,0.0344,0.0340,PATROL,0
289.663,0.0336,0.0340,PATROL,0
289.697,0.0341,0.0340,PATROL,0
289.731,0.0342,0.0340,PATROL,0
289.765,0.0340,0.0340,PATROL,0
289.799,0.0340,0.0340,PATROL,0
289.833,0.0340,0.0340,PATROL,0
289.867,0.0340,0.0340,PATROL,0
289.901,0.0339,0.0340,PATROL,0
289.935,0.0340,0.0340,PATROL,0
289.969,0.0340,0.0340,PATROL,0
290.003,0.0341,0.0340,PATROL,0
290.037,0.0339,0.0340,PATROL,0
290.071,0.0344,0.0340,PATROL,0
290.105,0.0336,0.0340,PATROL,0
290.139,0.0339,0.0340,PATROL,0
290.173,0.0342,0.0340,PATROL,0
290.207,0.0340,0.0340,PATROL,0
290.241,0.0338,0.0340,PATROL,0
290.275,0.0341,0.0340,PATROL,0
290.309,0.0340,0.0340,PATROL,0
290.343,0.0340,0.0340,PATROL,0
290.377,0.0340,0.0340,PATROL,0
290.411,0.0340,0.0340,PATROL,0
290.445,0.0341,0.0340,PATROL,0
290.479,0.0339,0.0340,PATROL,0
290.513,0.0341,0.0340,PATROL,0
290.547,0.0339,0.0340,PATROL,0
290.581,0.0343,0.0340,PATROL,0
290.615,0.0336,0.0340,PATROL,0
290.649,0.0340,0.0340,PATROL,0
290.683,0.0342,0.0340,PATROL,0
290.717,0.0339,0.0340,PATROL,0
290.751,0.0340,0.0340,PATROL,0
290.785,0.0339,0.0340,PATROL,0
290.819,0.0340,0.0340,PATROL,0
290.853,0.0343,0.0340,PATROL,0
290.887,0.0340,0.0340,PATROL,0
290.921,0.0340,0.0340,PATROL,0
290.956,0.0342,0.0340,PATROL,0
290.989,0.0338,0.0340,PATROL,0
291.023,0.0340,0.0340,PATROL,0
291.057,0.0340,0.0340,PATROL,0
291.092,0.0342,0.0340,PATROL,0
291.126,0.0340,0.0340,PATROL,0
291.159,0.0339,0.0340,PATROL,0
291.194,0.0341,0.0340,PATROL,0
291.228,0.0340,0.0340,PATROL,0
291.261,0.0339,0.0340,PATROL,0
291.296,0.0342,0.0340,PATROL,0
291.330,0.0338,0.0340,PATROL,0
291.364,0.0342,0.0340,PATROL,0
291.398,0.0339,0.0340,PATROL,0
291.432,0.0341,0.0340,PATROL,0
291.466,0.0341,0.0340,PATROL,0
291.500,0.0338,0.0340,PATROL,0
291.534,0.0342,0.0340,PATROL,0
291.568,0.0342,0.0340,PATROL,0
291.602,0.0339,0.0340,PATROL,0
291.636,0.0339,0.0340,PATROL,0
291.670,0.0340,0.0340,PATROL,0
291.704,0.0340,0.0340,PATROL,0
291.738,0.0342,0.0340,PATROL,0
291.772,0.0341,0.0340,PATROL,0
291.806,0.0343,0.0340,PATROL,0
291.840,0.0337,0.0340,PATROL,0
291.874,0.0337,0.0340,PATROL,0
291.908,0.0340,0.0340,PATROL,0
291.942,0.0340,0.0340,PATROL,0
291.976,0.0340,0.0340,PATROL,0
292.010,0.0341,0.0340,PATROL,0
292.044,0.0342,0.0340,PATROL,0
292.078,0.0338,0.0340,PATROL,0
292.112,0.0342,0.0340,PATROL,0
292.146,0.0338,0.0340,PATROL,0
292.180,0.0340,0.0340,PATROL,0
292.214,0.0341,0.0340,PATROL,0
292.248,0.0340,0.0340,PATROL,0
292.282,0.0339,0.0340,PATROL,0
292.316,0.0343,0.0340,PATROL,0
292.350,0.0340,0.0340,PATROL,0
292.384,0.0340,0.0340,PATROL,0
292.418,0.0341,0.0340,PATROL,0
292.452,0.0340,0.0340,PATROL,0
292.486,0.0341,0.0340,PATROL,0
292.520,0.0342,0.0340,PATROL,0
292.554,0.0338,0.0340,PATROL,0
292.588,0.0341,0.0340,PATROL,0
292.622,0.0340,0.0340,PATROL,0
292.656,0.0339,0.0340,PATROL,0
292.690,0.0339,0.0340,PATROL,0
292.724,0.0341,0.0340,PATROL,0
292.758,0.0339,0.0340,PATROL,0
292.792,0.0341,0.0340,PATROL,0
292.826,0.0341,0.0340,PATROL,0
292.861,0.0341,0.0340,PATROL,0
292.894,0.0336,0.0340,PATROL,0
292.928,0.0341,0.0340,PATROL,0
292.962,0.0339,0.0340,PATROL,0
292.997,0.0345,0.0340,PATROL,0
293.030,0.0338,0.0340,PATROL,0
293.064,0.0341,0.0340,PATROL,0
293.098,0.0340,0.0340,PATROL,0
293.132,0.0340,0.0340,PATROL,0
293.166,0.0340,0.0340,PATROL,0
293.200,0.0341,0.0340,PATROL,0
293.234,0.0340,0.0340,PATROL,0
293.268,0.0339,0.0340,PATROL,0
293.303,0.0341,0.0340,PATROL,0
293.336,0.0340,0.0340,PATROL,0
293.371,0.0341,0.0340,PATROL,0
293.405,0.0341,0.0340,PATROL,0
293.439,0.0341,0.0340,PATROL,0
293.473,0.0340,0.0340,PATROL,0
293.507,0.0339,0.0340,PATROL,0
293.541,0.0341,0.0340,PATROL,0
293.575,0.0339,0.0340,PATROL,0
293.609,0.0340,0.0340,PATROL,0
293.643,0.0340,0.0340,PATROL,0
293.677,0.0341,0.0340,PATROL,0
293.711,0.0338,0.0340,PATROL,0
293.745,0.0343,0.0340,PATROL,0
293.779,0.0337,0.0340,PATROL,0
293.813,0.0343,0.0340,PATROL,0
293.847,0.0337,0.0340,PATROL,0
293.881,0.0340,0.0340,PATROL,0
293.915,0.0341,0.0340,PATROL,0
293.949,0.0339,0.0340,PATROL,0
293.983,0.0341,0.0340,PATROL,0
294.017,0.0339,0.0340,PATROL,0
294.051,0.0340,0.0340,PATROL,0
294.085,0.0341,0.0340,PATROL,0
294.119,0.0340,0.0340,PATROL,0
294.153,0.0341,0.0340,PATROL,0
294.187,0.0341,0.0340,PATROL,0
294.221,0.0341,0.0340,PATROL,0
294.255,0.0341,0.0340,PATROL,0
294.289,0.0340,0.0340,PATROL,0
294.323,0.0336,0.0340,PATROL,0
294.357,0.0340,0.0340,PATROL,0
294.391,0.0340,0.0340,PATROL,0
294.425,0.0342,0.0340,PATROL,0
294.459,0.0339,0.0340,PATROL,0
294.493,0.0341,0.0340,PATROL,0
294.527,0.0339,0.0340,PATROL,0
294.561,0.0340,0.0340,PATROL,0
294.595,0.0341,0.0340,PATROL,0
294.629,0.0340,0.0340,PATROL,0
294.663,0.0342,0.0340,PATROL,0
294.697,0.0341,0.0340,PATROL,0
294.731,0.0339,0.0340,PATROL,0
294.765,0.0341,0.0340,PATROL,0
294.799,0.0338,0.0340,PATROL,0
294.833,0.0341,0.0340,PATROL,0
294.867,0.0339,0.0340,PATROL,0
294.901,0.0341,0.0340,PATROL,0
294.935,0.0341,0.0340,PATROL,0
294.969,0.0339,0.0340,PATROL,0
295.003,0.0341,0.0340,PATROL,0
295.037,0.0341,0.0340,PATROL,0
295.071,0.0340,0.0340,PATROL,0
295.106,0.0344,0.0340,PATROL,0
295.139,0.0336,0.0340,PATROL,0
295.173,0.0339,0.0340,PATROL,0
295.207,0.0341,0.0340,PATROL,0
295.241,0.0339,0.0340,PATROL,0
295.276,0.0343,0.0340,PATROL,0
295.309,0.0338,0.0340,PATROL,0
295.343,0.0340,0.0340,PATROL,0
295.377,0.0341,0.0340,PATROL,0
295.411,0.0339,0.0340,PATROL,0
295.446,0.0342,0.0340,PATROL,0
295.480,0.0340,0.0340,PATROL,0
295.513,0.0339,0.0340,PATROL,0
295.548,0.0342,0.0340,PATROL,0
295.582,0.0339,0.0340,PATROL,0
295.616,0.0340,0.0340,PATROL,0
295.650,0.0339,0.0340,PATROL,0
295.683,0.0340,0.0340,PATROL,0
295.718,0.0341,0.0340,PATROL,0
295.752,0.0341,0.0340,PATROL,0
295.786,0.0339,0.0340,PATROL,0
295.820,0.0342,0.0340,PATROL,0
295.854,0.0341,0.0340,PATROL,0
295.888,0.0339,0.0340,PATROL,0
295.922,0.0341,0.0340,PATROL,0
295.956,0.0338,0.0340,PATROL,0
295.990,0.0343,0.0340,PATROL,0
296.024,0.0338,0.0340,PATROL,0
296.058,0.0340,0.0340,PATROL,0
296.092,0.0341,0.0340,PATROL,0
296.126,0.0342,0.0340,PATROL,0
296.160,0.0339,0.0340,PATROL,0
296.194,0.0340,0.0340,PATROL,0
296.228,0.0339,0.0340,ALIGN,0
296.262,0.0342,0.0340,ALIGN,0
296.296,0.0338,0.0340,ALIGN,0
296.330,0.0340,0.0340,ALIGN,0
296.364,0.0341,0.0340,ALIGN,0
296.398,0.0340,0.0340,ALIGN,0
296.432,0.0338,0.0340,ALIGN,0
296.466,0.0340,0.0340,ALIGN,0
296.500,0.0340,0.0340,ALIGN,0
296.534,0.0342,0.0340,ALIGN,0
296.568,0.0340,0.0340,ALIGN,0
296.602,0.0341,0.0340,ALIGN,0
296.636,0.0338,0.0340,ALIGN,0
296.670,0.0341,0.0340,ALIGN,0
296.704,0.0340,0.0340,ALIGN,0
296.738,0.0339,0.0340,ALIGN,0
296.772,0.0340,0.0340,ALIGN,0
296.806,0.0342,0.0340,ALIGN,0
296.840,0.0341,0.0340,ALIGN,0
296.874,0.0340,0.0340,ALIGN,0
296.908,0.0339,0.0340,ALIGN,0
296.942,0.0342,0.0340,ALIGN,0
296.976,0.0338,0.0340,ALIGN,0
297.010,0.0341,0.0340,ALIGN,0
297.044,0.0340,0.0340,ALIGN,0
297.079,0.0341,0.0340,ALIGN,0
297.112,0.0339,0.0340,APPROACH,0
297.146,0.0339,0.0340,APPROACH,0
297.180,0.0340,0.0340,APPROACH,0
297.215,0.0343,0.0340,APPROACH,0
297.248,0.0339,0.0340,APPROACH,0
297.282,0.0341,0.0340,APPROACH,0
297.316,0.0340,0.0340,APPROACH,0
297.351,0.0342,0.0340,APPROACH,0
297.385,0.0339,0.0340,APPROACH,0
297.419,0.0340,0.0340,APPROACH,0
297.452,0.0339,0.0340,APPROACH,0
297.486,0.0340,0.0340,APPROACH,0
297.521,0.0341,0.0340,APPROACH,0
297.555,0.0339,0.0340,APPROACH,0
297.589,0.0341,0.0340,APPROACH,0
297.623,0.0340,0.0340,APPROACH,0
297.657,0.0342,0.0340,APPROACH,0
297.691,0.0339,0.0340,APPROACH,0
297.725,0.0342,0.0340,APPROACH,0
297.759,0.0337,0.0340,APPROACH,0
297.793,0.0341,0.0340,APPROACH,0
297.827,0.0340,0.0340,APPROACH,0
297.861,0.0341,0.0340,APPROACH,0
297.895,0.0338,0.0340,APPROACH,0
297.929,0.0342,0.0340,APPROACH,0
297.963,0.0339,0.0340,APPROACH,0
297.997,0.0344,0.0340,APPROACH,0
298.031,0.0337,0.0340,APPROACH,0
298.065,0.0340,0.0340,APPROACH,0
298.099,0.0342,0.0340,APPROACH,0
298.133,0.0337,0.0340,APPROACH,0
298.167,0.0341,0.0340,APPROACH,0
298.201,0.0339,0.0340,APPROACH,0
298.235,0.0342,0.0340,APPROACH,0
298.269,0.0341,0.0340,APPROACH,0
298.303,0.0339,0.0340,APPROACH,0
298.337,0.0340,0.0340,APPROACH,0
298.371,0.0341,0.0340,APPROACH,0
298.405,0.0340,0.0340,APPROACH,0
298.439,0.0339,0.0340,APPROACH,0
298.473,0.0339,0.0340,APPROACH,0
298.507,0.0342,0.0340,APPROACH,0
298.541,0.0340,0.0340,APPROACH,0
298.575,0.0341,0.0340,APPROACH,0
298.609,0.0338,0.0340,APPROACH,0
298.643,0.0341,0.0340,APPROACH,0
298.677,0.0339,0.0340,APPROACH,0
298.711,0.0340,0.0340,APPROACH,0
298.745,0.0342,0.0340,APPROACH,0
298.779,0.0341,0.0340,APPROACH,0
298.813,0.0339,0.0340,APPROACH,0
298.847,0.0339,0.0340,APPROACH,0
298.881,0.0339,0.0340,APPROACH,0
298.915,0.0342,0.0340,APPROACH,0
298.949,0.0342,0.0340,APPROACH,0
298.983,0.0338,0.0340,APPROACH,0
299.017,0.0340,0.0340,APPROACH,0
299.051,0.0341,0.0340,APPROACH,0
299.085,0.0339,0.0340,APPROACH,0
299.119,0.0341,0.0340,APPROACH,0
299.153,0.0340,0.0340,APPROACH,0
299.187,0.0339,0.0340,APPROACH,0
299.221,0.0340,0.0340,APPROACH,0
299.255,0.0341,0.0340,APPROACH,0
299.290,0.0342,0.0340,APPROACH,0
299.323,0.0339,0.0340,APPROACH,0
299.357,0.0341,0.0340,APPROACH,0
299.391,0.0340,0.0340,APPROACH,0
299.425,0.0339,0.0340,APPROACH,0
299.459,0.0340,0.0340,APPROACH,0
299.494,0.0342,0.0340,APPROACH,0
299.528,0.0342,0.0340,APPROACH,0
299.562,0.0339,0.0340,APPROACH,0
299.596,0.0341,0.0340,APPROACH,0
299.630,0.0339,0.0340,APPROACH,0
299.664,0.0339,0.0340,APPROACH,0
299.698,0.0341,0.0340,APPROACH,0
299.732,0.0339,0.0340,APPROACH,0
299.766,0.0342,0.0340,APPROACH,0
299.800,0.0341,0.0340,APPROACH,0
299.834,0.0340,0.0340,APPROACH,0
299.868,0.0341,0.0340,APPROACH,0
299.902,0.0339,0.0340,APPROACH,0
299.936,0.0340,0.0340,APPROACH,0
299.970,0.0340,0.0340,APPROACH,0
300.004,0.0342,0.0340,APPROACH,0
300.038,0.0338,0.0340,APPROACH,0
300.072,0.0341,0.0340,APPROACH,0
300.106,0.0341,0.0340,APPROACH,0
300.140,0.0340,0.0340,APPROACH,0
300.174,0.0342,0.0340,APPROACH,0
300.208,0.0338,0.0340,APPROACH,0
300.242,0.0340,0.0340,APPROACH,0
300.276,0.0340,0.0340,APPROACH,0
300.310,0.0341,0.0340,APPROACH,0
300.344,0.0339,0.0340,APPROACH,0
300.378,0.0341,0.0340,APPROACH,0
300.412,0.0340,0.0340,APPROACH,0
300.446,0.0338,0.0340,APPROACH,0
300.480,0.0341,0.0340,APPROACH,0
300.514,0.0341,0.0340,APPROACH,0
300.548,0.0339,0.0340,APPROACH,0
300.582,0.0340,0.0340,APPROACH,0
300.617,0.0345,0.0340,APPROACH,0
300.650,0.0335,0.0340,APPROACH,0
300.684,0.0341,0.0340,APPROACH,0
300.718,0.0341,0.0340,APPROACH,0
300.752,0.0339,0.0340,APPROACH,0
300.786,0.0342,0.0340,APPROACH,0
300.820,0.0338,0.0340,APPROACH,0
300.854,0.0340,0.0340,APPROACH,0
300.889,0.0344,0.0340,APPROACH,0
300.922,0.0336,0.0340,APPROACH,0
300.956,0.0341,0.0340,APPROACH,0
300.990,0.0340,0.0340,APPROACH,0
301.024,0.0339,0.0340,APPROACH,0
301.058,0.0341,0.0340,APPROACH,0
301.092,0.0341,0.0340,APPROACH,0
301.126,0.0340,0.0340,APPROACH,0
301.160,0.0338,0.0340,APPROACH,0
301.195,0.0342,0.0340,APPROACH,0
301.228,0.0339,0.0340,APPROACH,0
301.262,0.0339,0.0340,APPROACH,0
301.296,0.0340,0.0340,APPROACH,0
301.330,0.0340,0.0340,APPROACH,0
301.364,0.0341,0.0340,APPROACH,0
301.399,0.0342,0.0340,APPROACH,0
301.432,0.0337,0.0340,APPROACH,0
301.466,0.0341,0.0340,APPROACH,0
301.501,0.0343,0.0340,APPROACH,0
301.535,0.0339,0.0340,APPROACH,0
301.569,0.0340,0.0340,APPROACH,0
301.602,0.0338,0.0340,APPROACH,0
301.637,0.0341,0.0340,APPROACH,0
301.671,0.0341,0.0340,APPROACH,0
301.705,0.0339,0.0340,APPROACH,0
301.739,0.0341,0.0340,APPROACH,0
301.773,0.0342,0.0340,APPROACH,0
301.807,0.0338,0.0340,APPROACH,0
301.841,0.0341,0.0340,APPROACH,0
301.875,0.0340,0.0340,APPROACH,0
301.909,0.0340,0.0340,APPROACH,0
301.943,0.0340,0.0340,APPROACH,0
301.977,0.0340,0.0340,APPROACH,0
302.011,0.0340,0.0340,APPROACH,0
302.045,0.0341,0.0340,APPROACH,0
302.079,0.0339,0.0340,APPROACH,0
302.113,0.0341,0.0340,APPROACH,0
302.147,0.0339,0.0340,APPROACH,0
302.181,0.0341,0.0340,APPROACH,0
302.215,0.0339,0.0340,APPROACH,0
302.249,0.0341,0.0340,APPROACH,0
302.283,0.0342,0.0340,APPROACH,0
302.317,0.0339,0.0340,APPROACH,0
302.351,0.0344,0.0340,APPROACH,0
302.385,0.0336,0.0340,APPROACH,0
302.419,0.0340,0.0340,APPROACH,0
302.453,0.0340,0.0340,APPROACH,0
302.487,0.0341,0.0340,APPROACH,0
302.521,0.0341,0.0340,APPROACH,0
302.555,0.0340,0.0340,APPROACH,0
302.589,0.0340,0.0340,APPROACH,0
302.623,0.0339,0.0340,APPROACH,0
302.657,0.0342,0.0340,APPROACH,0
302.691,0.0341,0.0340,APPROACH,0
302.725,0.0341,0.0340,APPROACH,0
302.759,0.0338,0.0340,APPROACH,0
302.793,0.0339,0.0340,APPROACH,0
302.827,0.0341,0.0340,APPROACH,0
302.861,0.0339,0.0340,APPROACH,0
302.895,0.0341,0.0340,APPROACH,0
302.929,0.0340,0.0340,APPROACH,0
302.963,0.0339,0.0340,APPROACH,0
302.997,0.0341,0.0340,APPROACH,0
303.031,0.0340,0.0340,APPROACH,0
303.065,0.0340,0.0340,APPROACH,0
303.099,0.0342,0.0340,APPROACH,0
303.133,0.0339,0.0340,APPROACH,0
303.167,0.0340,0.0340,APPROACH,0
303.201,0.0340,0.0340,APPROACH,0
303.235,0.0339,0.0340,APPROACH,0
303.269,0.0342,0.0340,APPROACH,0
303.303,0.0339,0.0340,APPROACH,0
303.337,0.0342,0.0340,APPROACH,0
303.371,0.0340,0.0340,APPROACH,0
303.405,0.0340,0.0340,APPROACH,0
303.440,0.0341,0.0340,APPROACH,0
303.473,0.0339,0.0340,APPROACH,0
303.508,0.0342,0.0340,APPROACH,0
303.542,0.0340,0.0340,APPROACH,0
303.576,0.0340,0.0340,APPROACH,0
303.610,0.0340,0.0340,APPROACH,0
303.644,0.0341,0.0340,APPROACH,0
303.678,0.0341,0.0340,APPROACH,0
303.712,0.0338,0.0340,APPROACH,0
303.746,0.0340,0.0340,APPROACH,0
303.780,0.0340,0.0340,APPROACH,0
303.814,0.0339,0.0340,APPROACH,0
303.848,0.0341,0.0340,APPROACH,0
303.882,0.0339,0.0340,APPROACH,0
303.916,0.0342,0.0340,APPROACH,0
303.950,0.0340,0.0340,APPROACH,0
303.984,0.0340,0.0340,APPROACH,0
304.018,0.0341,0.0340,APPROACH,0
304.052,0.0340,0.0340,APPROACH,0
304.086,0.0339,0.0340,APPROACH,0
304.120,0.0340,0.0340,APPROACH,0
304.154,0.0341,0.0340,APPROACH,0
304.188,0.0341,0.0340,APPROACH,0
304.222,0.0338,0.0340,APPROACH,0
304.256,0.0341,0.0340,APPROACH,0
304.290,0.0341,0.0340,APPROACH,0
304.324,0.0340,0.0340,APPROACH,0
304.358,0.0340,0.0340,APPROACH,0
304.392,0.0340,0.0340,APPROACH,0
304.426,0.0340,0.0340,APPROACH,0
304.460,0.0342,0.0340,APPROACH,0
304.494,0.0339,0.0340,APPROACH,0
304.528,0.0340,0.0340,APPROACH,0
304.562,0.0339,0.0340,APPROACH,0
304.596,0.0340,0.0340,APPROACH,0
304.631,0.0352,0.0340,APPROACH,0
304.665,0.0334,0.0340,APPROACH,0
304.699,0.0341,0.0340,APPROACH,0
304.733,0.0339,0.0340,APPROACH,0
304.766,0.0339,0.0340,APPROACH,0
304.800,0.0339,0.0340,APPROACH,0
304.834,0.0339,0.0340,APPROACH,0
304.868,0.0340,0.0340,APPROACH,0
304.902,0.0342,0.0340,APPROACH,0
304.936,0.0338,0.0340,APPROACH,0
304.970,0.0341,0.0340,APPROACH,0
305.004,0.0341,0.0340,APPROACH,0
305.038,0.0339,0.0340,APPROACH,0
305.072,0.0340,0.0340,APPROACH,0
305.106,0.0341,0.0340,APPROACH,0
305.140,0.0339,0.0340,APPROACH,0
305.174,0.0342,0.0340,APPROACH,0
305.208,0.0340,0.0340,APPROACH,0
305.242,0.0340,0.0340,APPROACH,0
305.276,0.0339,0.0340,APPROACH,0
305.311,0.0342,0.0340,APPROACH,0
305.345,0.0340,0.0340,APPROACH,0
305.378,0.0338,0.0340,APPROACH,0
305.413,0.0342,0.0340,APPROACH,0
305.446,0.0338,0.0340,APPROACH,0
305.480,0.0340,0.0340,APPROACH,0
305.514,0.0340,0.0340,APPROACH,0
305.548,0.0340,0.0340,APPROACH,0
305.582,0.0340,0.0340,APPROACH,0
305.617,0.0345,0.0340,APPROACH,0
305.651,0.0339,0.0340,APPROACH,0
305.685,0.0337,0.0340,APPROACH,0
305.719,0.0341,0.0340,APPROACH,0
305.752,0.0338,0.0340,APPROACH,0
305.787,0.0342,0.0340,APPROACH,0
305.821,0.0339,0.0340,APPROACH,0
305.855,0.0339,0.0340,APPROACH,0
305.889,0.0340,0.0340,APPROACH,0
305.923,0.0340,0.0340,BLIND_DASH,0
305.957,0.0341,0.0340,BLIND_DASH,0
305.991,0.0341,0.0340,BLIND_DASH,0
306.025,0.0340,0.0340,PATROL,0
306.059,0.0340,0.0340,PATROL,0
306.093,0.0341,0.0340,PATROL,0
