t,x,y,yaw,state,wp_index,cell_number,real_x,real_y,real_yaw,target_ball_guess,x_wall,y_wall,yaw_wall
0.21,-10.532,-4.260,0.000,PATROL,1,2,-10.533,-4.260,0.000,,-10.532,-4.260,0.000
0.40,-10.514,-4.260,-0.000,PATROL,1,2,-10.513,-4.260,-0.000,,-10.514,-4.260,-0.000
0.60,-10.454,-4.260,0.000,PATROL,1,2,-10.454,-4.260,0.000,,-10.454,-4.260,0.000
0.81,-10.375,-4.260,0.011,PATROL,1,2,-10.376,-4.260,0.011,,-10.375,-4.260,0.011
1.01,-10.295,-4.258,0.020,PATROL,1,2,-10.298,-4.258,0.020,,-10.295,-4.258,0.020
1.20,-10.215,-4.256,0.027,PATROL,1,2,-10.220,-4.256,0.027,,-10.215,-4.256,0.027
1.41,-10.135,-4.254,0.033,PATROL,1,2,-10.141,-4.254,0.033,,-10.135,-4.254,0.033
1.61,-10.068,-4.252,0.038,PATROL,1,2,-10.062,-4.251,0.038,,-10.068,-4.252,0.038
1.81,-9.987,-4.248,0.042,PATROL,1,2,-9.983,-4.248,0.042,,-9.987,-4.248,0.042
2.00,-9.907,-4.245,0.046,PATROL,1,2,-9.904,-4.245,0.046,,-9.906,-4.245,0.046
2.20,-9.826,-4.241,0.048,PATROL,1,2,-9.825,-4.241,0.048,,-9.825,-4.241,0.048
2.40,-9.745,-4.237,0.051,PATROL,1,2,-9.746,-4.237,0.051,,-9.744,-4.237,0.051
2.60,-9.664,-4.233,0.053,PATROL,1,2,-9.666,-4.233,0.053,,-9.663,-4.233,0.053
2.80,-9.582,-4.228,0.054,PATROL,1,2,-9.587,-4.229,0.054,,-9.582,-4.228,0.054
3.00,-9.501,-4.224,0.055,PATROL,1,2,-9.507,-4.224,0.055,,-9.501,-4.224,0.055
3.20,-9.434,-4.220,0.056,PATROL,1,2,-9.427,-4.220,0.056,,-9.433,-4.220,0.056
3.40,-9.352,-4.216,0.057,PATROL,1,2,-9.348,-4.215,0.057,,-9.352,-4.216,0.057
3.60,-9.271,-4.211,0.058,PATROL,1,2,-9.268,-4.211,0.058,,-9.270,-4.211,0.058
3.81,-9.190,-4.206,0.058,PATROL,1,2,-9.188,-4.206,0.059,,-9.189,-4.206,0.059
4.00,-9.108,-4.201,0.059,PATROL,1,2,-9.109,-4.201,0.059,,-9.107,-4.201,0.059
4.21,-9.027,-4.197,0.059,PATROL,1,2,-9.029,-4.197,0.059,,-9.026,-4.196,0.059
4.40,-8.945,-4.192,0.060,PATROL,1,2,-8.949,-4.192,0.060,,-8.944,-4.192,0.060
4.60,-8.864,-4.187,0.060,PATROL,1,2,-8.869,-4.187,0.060,,-8.863,-4.187,0.060
4.81,-8.796,-4.183,0.060,PATROL,1,2,-8.790,-4.182,0.060,,-8.795,-4.183,0.060
5.00,-8.715,-4.178,0.060,PATROL,1,2,-8.710,-4.178,0.060,,-8.714,-4.178,0.060
5.20,-8.633,-4.173,0.060,PATROL,1,2,-8.630,-4.173,0.060,,-8.632,-4.173,0.060
5.40,-8.552,-4.168,0.061,PATROL,1,2,-8.550,-4.168,0.061,,-8.551,-4.168,0.061
5.60,-8.470,-4.163,0.061,PATROL,1,2,-8.470,-4.163,0.061,,-8.469,-4.163,0.061
5.81,-8.389,-4.158,0.061,PATROL,1,2,-8.391,-4.158,0.061,,-8.388,-4.158,0.061
6.01,-8.307,-4.153,0.061,PATROL,1,2,-8.311,-4.154,0.061,,-8.306,-4.153,0.061
6.21,-8.226,-4.148,0.061,PATROL,1,2,-8.231,-4.149,0.061,,-8.225,-4.148,0.061
6.41,-8.145,-4.143,0.061,PATROL,1,2,-8.152,-4.144,0.061,,-8.143,-4.143,0.061
6.60,-8.077,-4.139,0.060,PATROL,2,3,-8.072,-4.139,0.061,,-8.075,-4.139,0.061
6.80,-7.998,-4.135,0.050,PATROL,2,3,-7.995,-4.135,0.050,,-7.996,-4.135,0.050
7.01,-7.919,-4.131,0.040,PATROL,2,3,-7.917,-4.131,0.040,,-7.917,-4.131,0.041
7.20,-7.839,-4.128,0.032,PATROL,2,3,-7.839,-4.128,0.032,,-7.838,-4.128,0.032
7.40,-7.759,-4.126,0.025,PATROL,2,3,-7.761,-4.126,0.025,,-7.758,-4.126,0.025
7.60,-7.679,-4.124,0.020,PATROL,2,3,-7.682,-4.124,0.020,,-7.677,-4.124,0.020
7.80,-7.598,-4.123,0.015,PATROL,2,3,-7.603,-4.123,0.015,,-7.597,-4.123,0.015
8.00,-7.517,-4.122,0.011,PATROL,2,3,-7.524,-4.122,0.011,,-7.516,-4.122,0.011
8.21,-7.450,-4.121,0.009,PATROL,2,3,-7.445,-4.121,0.009,,-7.448,-4.121,0.009
8.40,-7.369,-4.120,0.006,PATROL,2,3,-7.366,-4.121,0.006,,-7.367,-4.120,0.006
8.60,-7.287,-4.120,0.004,PATROL,2,3,-7.286,-4.120,0.004,,-7.286,-4.120,0.004
8.80,-7.206,-4.120,0.003,PATROL,2,3,-7.207,-4.120,0.003,,-7.204,-4.120,0.003
9.00,-7.125,-4.120,0.002,PATROL,2,3,-7.127,-4.120,0.002,,-7.123,-4.119,0.001
9.20,-7.043,-4.119,0.000,PATROL,2,3,-7.048,-4.120,0.001,,-7.042,-4.119,0.000
9.40,-6.962,-4.119,-0.000,PATROL,2,3,-6.968,-4.120,-0.000,,-6.960,-4.119,-0.000
9.60,-6.889,-4.120,-0.006,ALIGN,2,3,-6.895,-4.120,-0.006,ball_9,-6.887,-4.119,-0.006
9.80,-6.858,-4.120,-0.018,ALIGN,2,3,-6.858,-4.120,-0.018,ball_9,-6.856,-4.120,-0.018
10.00,-6.849,-4.120,0.038,ALIGN,2,3,-6.848,-4.121,0.037,ball_9,-6.847,-4.120,0.036
10.20,-6.849,-4.120,0.123,ALIGN,2,3,-6.846,-4.121,0.124,ball_9,-6.847,-4.120,0.116
10.40,-6.849,-4.120,0.177,APPROACH,2,3,-6.846,-4.122,0.179,ball_9,-6.847,-4.120,0.167
10.60,-6.844,-4.119,0.228,APPROACH,2,3,-6.843,-4.122,0.232,ball_9,-6.842,-4.119,0.217
10.80,-6.804,-4.108,0.277,APPROACH,2,3,-6.816,-4.113,0.285,ball_9,-6.802,-4.109,0.269
11.00,-6.746,-4.091,0.280,APPROACH,2,3,-6.762,-4.097,0.287,ball_9,-6.744,-4.092,0.271
11.21,-6.687,-4.074,0.278,APPROACH,2,3,-6.705,-4.080,0.285,ball_9,-6.685,-4.076,0.270
11.41,-6.629,-4.058,0.275,APPROACH,2,3,-6.647,-4.063,0.283,ball_9,-6.626,-4.060,0.267
11.60,-6.580,-4.044,0.273,APPROACH,2,3,-6.590,-4.046,0.280,ball_9,-6.577,-4.046,0.265
11.81,-6.521,-4.028,0.271,APPROACH,2,3,-6.532,-4.030,0.278,ball_9,-6.518,-4.030,0.263
12.00,-6.462,-4.011,0.269,APPROACH,2,3,-6.474,-4.013,0.276,ball_9,-6.458,-4.014,0.261
12.21,-6.403,-3.995,0.267,APPROACH,2,3,-6.417,-3.997,0.275,ball_9,-6.399,-3.999,0.259
12.40,-6.344,-3.979,0.266,APPROACH,2,3,-6.359,-3.981,0.273,ball_9,-6.340,-3.983,0.258
12.60,-6.284,-3.963,0.264,APPROACH,2,3,-6.301,-3.965,0.272,ball_9,-6.281,-3.967,0.256
12.80,-6.225,-3.947,0.263,APPROACH,2,3,-6.243,-3.949,0.270,ball_9,-6.222,-3.952,0.255
13.00,-6.166,-3.931,0.262,APPROACH,2,3,-6.186,-3.933,0.269,ball_9,-6.162,-3.937,0.254
13.20,-6.117,-3.918,0.261,APPROACH,2,3,-6.128,-3.917,0.268,ball_9,-6.113,-3.924,0.253
13.41,-6.058,-3.902,0.260,APPROACH,2,3,-6.070,-3.901,0.268,ball_9,-6.054,-3.908,0.252
13.60,-5.999,-3.886,0.260,APPROACH,2,3,-6.012,-3.885,0.267,ball_9,-5.994,-3.893,0.251
13.80,-5.940,-3.871,0.259,APPROACH,2,3,-5.954,-3.869,0.266,ball_9,-5.935,-3.878,0.251
14.00,-5.880,-3.855,0.258,APPROACH,2,3,-5.897,-3.854,0.265,ball_9,-5.876,-3.863,0.250
14.21,-5.821,-3.839,0.258,APPROACH,2,3,-5.839,-3.838,0.265,ball_9,-5.816,-3.848,0.249
14.41,-5.762,-3.824,0.257,APPROACH,2,3,-5.781,-3.822,0.264,ball_9,-5.757,-3.833,0.249
14.61,-5.703,-3.808,0.257,APPROACH,2,3,-5.723,-3.807,0.264,ball_9,-5.698,-3.818,0.248
14.80,-5.654,-3.795,0.256,APPROACH,2,3,-5.665,-3.791,0.263,ball_9,-5.648,-3.805,0.248
15.00,-5.594,-3.780,0.256,APPROACH,2,3,-5.607,-3.775,0.263,ball_9,-5.589,-3.790,0.247
15.20,-5.535,-3.764,0.255,APPROACH,2,3,-5.549,-3.760,0.263,ball_9,-5.530,-3.775,0.247
15.41,-5.476,-3.749,0.255,APPROACH,2,3,-5.491,-3.744,0.262,ball_9,-5.470,-3.760,0.247
15.60,-5.417,-3.734,0.255,APPROACH,2,3,-5.434,-3.729,0.262,ball_9,-5.411,-3.745,0.246
15.81,-5.357,-3.718,0.254,APPROACH,2,3,-5.376,-3.713,0.262,ball_9,-5.351,-3.730,0.246
16.01,-5.298,-3.703,0.254,APPROACH,2,3,-5.318,-3.698,0.261,ball_9,-5.292,-3.715,0.246
16.20,-5.239,-3.687,0.254,APPROACH,2,3,-5.260,-3.682,0.261,ball_9,-5.233,-3.700,0.245
16.40,-5.190,-3.675,0.253,APPROACH,2,3,-5.202,-3.667,0.261,ball_9,-5.183,-3.688,0.245
16.61,-5.130,-3.659,0.253,APPROACH,2,3,-5.144,-3.651,0.260,ball_9,-5.124,-3.673,0.245
16.80,-5.071,-3.644,0.253,APPROACH,2,3,-5.086,-3.636,0.260,ball_9,-5.064,-3.658,0.245
17.01,-5.012,-3.629,0.253,APPROACH,2,3,-5.028,-3.620,0.260,ball_9,-5.005,-3.644,0.244
17.20,-4.953,-3.613,0.252,APPROACH,2,3,-4.970,-3.605,0.260,ball_9,-4.945,-3.629,0.244
17.41,-4.893,-3.598,0.252,APPROACH,2,3,-4.912,-3.590,0.259,ball_9,-4.886,-3.614,0.244
17.60,-4.834,-3.583,0.252,APPROACH,2,3,-4.854,-3.574,0.259,ball_9,-4.827,-3.599,0.243
17.81,-4.775,-3.568,0.252,APPROACH,2,3,-4.796,-3.559,0.259,ball_9,-4.767,-3.584,0.243
18.00,-4.715,-3.552,0.251,APPROACH,2,3,-4.738,-3.544,0.258,ball_9,-4.708,-3.570,0.243
18.20,-4.666,-3.540,0.251,APPROACH,2,3,-4.680,-3.528,0.258,ball_9,-4.658,-3.557,0.242
18.40,-4.607,-3.524,0.250,APPROACH,2,3,-4.622,-3.513,0.258,ball_9,-4.599,-3.543,0.242
18.61,-4.548,-3.509,0.250,APPROACH,2,3,-4.564,-3.498,0.257,ball_9,-4.539,-3.528,0.241
18.81,-4.488,-3.494,0.249,APPROACH,2,3,-4.506,-3.483,0.256,ball_9,-4.480,-3.513,0.241
19.01,-4.429,-3.479,0.249,APPROACH,2,3,-4.448,-3.467,0.256,,-4.420,-3.499,0.240
19.20,-4.370,-3.464,0.249,APPROACH,2,3,-4.390,-3.452,0.256,,-4.361,-3.484,0.240
19.41,-4.310,-3.449,0.249,BLIND_DASH,2,3,-4.333,-3.437,0.256,,-4.301,-3.470,0.241
19.60,-4.258,-3.436,0.243,PATROL,2,3,-4.279,-3.423,0.250,,-4.249,-3.457,0.235
19.81,-4.240,-3.432,0.222,PATROL,2,3,-4.259,-3.418,0.228,,-4.232,-3.453,0.213
20.00,-4.239,-3.431,0.121,PATROL,2,3,-4.258,-3.417,0.126,,-4.230,-3.452,0.111
20.21,-4.239,-3.431,0.010,PATROL,2,3,-4.258,-3.417,0.015,,-4.230,-3.452,0.002
20.40,-4.239,-3.431,-0.102,PATROL,2,3,-4.259,-3.417,-0.095,,-4.230,-3.452,-0.108
20.60,-4.239,-3.431,-0.207,PATROL,2,3,-4.259,-3.417,-0.199,,-4.230,-3.452,-0.212
20.80,-4.239,-3.431,-0.317,PATROL,2,3,-4.260,-3.417,-0.310,,-4.230,-3.452,-0.323
21.00,-4.239,-3.431,-0.428,PATROL,2,3,-4.260,-3.417,-0.420,,-4.230,-3.452,-0.434
21.20,-4.239,-3.431,-0.538,PATROL,2,3,-4.260,-3.417,-0.530,,-4.230,-3.452,-0.544
21.41,-4.239,-3.431,-0.649,PATROL,2,3,-4.260,-3.416,-0.641,,-4.230,-3.452,-0.655
21.61,-4.239,-3.431,-0.759,PATROL,2,3,-4.261,-3.416,-0.751,,-4.230,-3.452,-0.765
21.80,-4.239,-3.431,-0.870,PATROL,2,3,-4.261,-3.416,-0.862,,-4.230,-3.452,-0.875
22.00,-4.238,-3.432,-0.980,PATROL,2,3,-4.260,-3.417,-0.972,,-4.229,-3.454,-0.986
22.21,-4.235,-3.438,-1.090,PATROL,2,3,-4.257,-3.422,-1.082,,-4.226,-3.459,-1.096
22.40,-4.230,-3.449,-1.200,PATROL,2,3,-4.252,-3.433,-1.192,,-4.221,-3.470,-1.206
22.60,-4.224,-3.466,-1.309,PATROL,2,3,-4.247,-3.448,-1.302,,-4.216,-3.487,-1.315
22.80,-4.220,-3.487,-1.419,PATROL,2,3,-4.243,-3.469,-1.411,,-4.211,-3.509,-1.425
23.01,-4.218,-3.514,-1.530,PATROL,2,3,-4.240,-3.494,-1.523,,-4.209,-3.536,-1.537
23.20,-4.218,-3.540,-1.641,PATROL,2,3,-4.240,-3.524,-1.633,,-4.210,-3.562,-1.647
23.40,-4.222,-3.575,-1.750,PATROL,2,3,-4.244,-3.558,-1.743,,-4.214,-3.597,-1.757
23.60,-4.231,-3.614,-1.859,PATROL,2,3,-4.253,-3.596,-1.852,,-4.224,-3.636,-1.866
23.80,-4.246,-3.656,-1.969,PATROL,2,3,-4.267,-3.636,-1.961,,-4.239,-3.678,-1.975
24.00,-4.268,-3.700,-2.078,PATROL,2,3,-4.288,-3.679,-2.071,,-4.260,-3.721,-2.085
24.21,-4.296,-3.744,-2.188,PATROL,2,3,-4.314,-3.722,-2.181,,-4.289,-3.765,-2.195
24.40,-4.332,-3.789,-2.293,PATROL,2,3,-4.348,-3.765,-2.286,,-4.325,-3.810,-2.300
24.60,-4.374,-3.832,-2.383,PATROL,2,3,-4.389,-3.808,-2.375,,-4.368,-3.853,-2.390
24.80,-4.414,-3.867,-2.459,PATROL,2,3,-4.435,-3.849,-2.452,,-4.408,-3.888,-2.466
25.01,-4.466,-3.907,-2.525,PATROL,2,3,-4.486,-3.888,-2.517,,-4.461,-3.927,-2.532
25.20,-4.523,-3.945,-2.582,PATROL,2,3,-4.541,-3.925,-2.574,,-4.517,-3.965,-2.589
25.41,-4.583,-3.980,-2.634,PATROL,2,3,-4.599,-3.960,-2.627,,-4.577,-4.000,-2.641
25.60,-4.645,-4.013,-2.682,PATROL,2,3,-4.659,-3.992,-2.674,,-4.640,-4.032,-2.689
25.81,-4.710,-4.043,-2.726,PATROL,2,3,-4.722,-4.022,-2.718,,-4.705,-4.062,-2.733
26.00,-4.776,-4.071,-2.769,PATROL,3,4,-4.787,-4.050,-2.761,,-4.772,-4.089,-2.776
26.21,-4.835,-4.092,-2.825,PATROL,3,4,-4.845,-4.072,-2.817,,-4.831,-4.110,-2.831
26.40,-4.857,-4.099,-2.878,PATROL,3,4,-4.871,-4.080,-2.868,,-4.853,-4.116,-2.883
26.60,-4.864,-4.101,-2.811,PATROL,3,4,-4.879,-4.082,-2.799,,-4.860,-4.118,-2.816
26.80,-4.864,-4.101,-2.702,PATROL,3,4,-4.881,-4.081,-2.689,,-4.860,-4.118,-2.709
27.00,-4.864,-4.101,-2.592,PATROL,3,4,-4.881,-4.080,-2.579,,-4.860,-4.118,-2.602
27.21,-4.864,-4.101,-2.481,PATROL,3,4,-4.880,-4.079,-2.470,,-4.860,-4.118,-2.494
27.40,-4.864,-4.101,-2.381,PATROL,3,4,-4.879,-4.080,-2.371,,-4.860,-4.118,-2.396
27.60,-4.864,-4.101,-2.271,PATROL,3,4,-4.879,-4.080,-2.261,,-4.860,-4.118,-2.286
27.81,-4.864,-4.101,-2.163,PATROL,3,4,-4.879,-4.081,-2.154,,-4.860,-4.118,-2.178
28.00,-4.864,-4.101,-2.057,PATROL,3,4,-4.879,-4.081,-2.047,,-4.860,-4.118,-2.072
28.21,-4.864,-4.101,-1.949,PATROL,3,4,-4.879,-4.081,-1.939,,-4.860,-4.118,-1.964
28.41,-4.864,-4.101,-1.839,PATROL,3,4,-4.880,-4.082,-1.829,,-4.860,-4.118,-1.854
28.60,-4.864,-4.101,-1.728,PATROL,3,4,-4.879,-4.082,-1.719,,-4.860,-4.118,-1.744
28.80,-4.864,-4.101,-1.618,PATROL,3,4,-4.879,-4.082,-1.609,,-4.860,-4.118,-1.633
29.01,-4.864,-4.101,-1.508,PATROL,3,4,-4.879,-4.083,-1.498,,-4.860,-4.119,-1.523
29.20,-4.864,-4.106,-1.398,PATROL,3,4,-4.879,-4.088,-1.389,,-4.859,-4.124,-1.413
29.41,-4.861,-4.117,-1.288,PATROL,3,4,-4.876,-4.098,-1.278,,-4.857,-4.134,-1.303
29.61,-4.856,-4.132,-1.178,PATROL,3,4,-4.871,-4.113,-1.168,,-4.852,-4.149,-1.192
29.80,-4.848,-4.148,-1.068,PATROL,3,4,-4.861,-4.132,-1.058,,-4.844,-4.166,-1.083
30.01,-4.834,-4.171,-0.957,PATROL,3,4,-4.847,-4.154,-0.948,,-4.831,-4.188,-0.971
30.20,-4.814,-4.195,-0.846,PATROL,3,4,-4.827,-4.179,-0.837,,-4.811,-4.214,-0.861
30.40,-4.788,-4.222,-0.736,PATROL,3,4,-4.801,-4.205,-0.726,,-4.786,-4.240,-0.750
30.61,-4.755,-4.249,-0.625,PATROL,3,4,-4.768,-4.231,-0.616,,-4.753,-4.268,-0.640
30.80,-4.715,-4.274,-0.512,PATROL,3,4,-4.729,-4.255,-0.503,,-4.713,-4.294,-0.527
31.01,-4.667,-4.298,-0.401,PATROL,3,4,-4.682,-4.278,-0.392,,-4.666,-4.318,-0.416
31.20,-4.612,-4.317,-0.301,PATROL,3,4,-4.628,-4.297,-0.291,,-4.611,-4.338,-0.315
31.41,-4.562,-4.330,-0.219,PATROL,3,4,-4.569,-4.312,-0.210,,-4.561,-4.352,-0.234
31.60,-4.497,-4.343,-0.153,PATROL,3,4,-4.505,-4.323,-0.144,,-4.496,-4.366,-0.167
31.81,-4.429,-4.352,-0.099,PATROL,3,4,-4.438,-4.331,-0.091,,-4.428,-4.375,-0.114
32.01,-4.357,-4.357,-0.056,PATROL,3,4,-4.368,-4.336,-0.047,,-4.357,-4.382,-0.071
32.20,-4.284,-4.360,-0.021,PATROL,3,4,-4.296,-4.338,-0.012,,-4.284,-4.386,-0.035
32.40,-4.209,-4.360,0.008,PATROL,3,4,-4.223,-4.338,0.017,,-4.209,-4.387,-0.006
32.60,-4.133,-4.359,0.032,PATROL,3,4,-4.148,-4.335,0.041,,-4.133,-4.387,0.018
32.80,-4.057,-4.355,0.052,PATROL,3,4,-4.073,-4.332,0.061,,-4.056,-4.384,0.038
33.00,-3.992,-4.351,0.068,PATROL,3,4,-3.997,-4.326,0.077,,-3.991,-4.381,0.054
33.20,-3.914,-4.346,0.082,PATROL,3,4,-3.920,-4.320,0.091,,-3.913,-4.377,0.068
33.40,-3.835,-4.339,0.094,PATROL,3,4,-3.843,-4.312,0.102,,-3.834,-4.371,0.079
33.60,-3.756,-4.331,0.103,PATROL,3,4,-3.766,-4.304,0.112,,-3.755,-4.364,0.089
33.81,-3.677,-4.322,0.111,PATROL,3,4,-3.688,-4.295,0.120,,-3.675,-4.357,0.097
34.00,-3.597,-4.313,0.118,PATROL,3,4,-3.610,-4.285,0.127,,-3.596,-4.349,0.103
34.20,-3.517,-4.304,0.123,PATROL,3,4,-3.532,-4.275,0.132,,-3.516,-4.340,0.109
34.40,-3.437,-4.293,0.128,PATROL,3,4,-3.454,-4.265,0.137,,-3.436,-4.331,0.114
34.61,-3.357,-4.283,0.132,PATROL,3,4,-3.376,-4.254,0.141,,-3.355,-4.322,0.118
34.80,-3.291,-4.274,0.135,PATROL,3,4,-3.297,-4.242,0.144,,-3.288,-4.314,0.121
35.00,-3.210,-4.263,0.138,PATROL,3,4,-3.219,-4.231,0.147,,-3.208,-4.304,0.124
35.20,-3.130,-4.252,0.141,PATROL,3,4,-3.140,-4.219,0.149,,-3.127,-4.294,0.126
35.41,-3.050,-4.240,0.143,PATROL,3,4,-3.061,-4.207,0.152,,-3.047,-4.284,0.128
35.60,-2.969,-4.229,0.145,PATROL,3,4,-2.983,-4.195,0.153,,-2.966,-4.273,0.130
35.81,-2.889,-4.217,0.146,PATROL,3,4,-2.904,-4.183,0.155,,-2.886,-4.263,0.132
36.01,-2.808,-4.205,0.148,PATROL,3,4,-2.826,-4.171,0.156,,-2.805,-4.252,0.133
36.20,-2.728,-4.193,0.149,PATROL,3,4,-2.747,-4.158,0.158,,-2.724,-4.241,0.135
36.40,-2.661,-4.183,0.150,PATROL,3,4,-2.668,-4.146,0.159,,-2.657,-4.232,0.136
36.60,-2.580,-4.171,0.151,PATROL,4,8,-2.589,-4.133,0.160,,-2.576,-4.221,0.137
36.80,-2.509,-4.160,0.175,PATROL,4,8,-2.521,-4.122,0.184,,-2.505,-4.211,0.161
37.00,-2.479,-4.154,0.241,PATROL,4,8,-2.491,-4.116,0.248,,-2.475,-4.205,0.224
37.20,-2.462,-4.148,0.353,PATROL,4,8,-2.473,-4.111,0.359,,-2.458,-4.200,0.332
37.40,-2.441,-4.139,0.464,PATROL,4,8,-2.453,-4.103,0.470,,-2.437,-4.192,0.439
37.60,-2.417,-4.125,0.573,PATROL,4,8,-2.430,-4.090,0.580,,-2.412,-4.178,0.548
37.81,-2.390,-4.105,0.676,PATROL,4,8,-2.408,-4.073,0.686,,-2.385,-4.159,0.654
38.00,-2.367,-4.084,0.786,PATROL,4,8,-2.380,-4.047,0.797,,-2.361,-4.138,0.764
38.20,-2.338,-4.053,0.897,PATROL,4,8,-2.352,-4.015,0.908,,-2.331,-4.107,0.875
38.40,-2.310,-4.013,1.008,PATROL,4,8,-2.325,-3.976,1.019,,-2.302,-4.069,0.987
38.60,-2.284,-3.967,1.120,PATROL,4,8,-2.300,-3.930,1.131,,-2.275,-4.022,1.099
38.80,-2.261,-3.912,1.218,PATROL,4,8,-2.278,-3.876,1.228,,-2.251,-3.969,1.196
39.00,-2.241,-3.852,1.296,PATROL,4,8,-2.259,-3.817,1.306,,-2.230,-3.909,1.275
39.20,-2.225,-3.787,1.358,PATROL,4,8,-2.244,-3.753,1.368,,-2.213,-3.844,1.337
39.40,-2.213,-3.718,1.410,PATROL,4,8,-2.232,-3.686,1.420,,-2.199,-3.776,1.388
39.60,-2.204,-3.659,1.451,PATROL,4,8,-2.223,-3.616,1.461,,-2.189,-3.716,1.429
39.80,-2.197,-3.586,1.484,PATROL,4,8,-2.217,-3.544,1.494,,-2.180,-3.643,1.463
40.00,-2.191,-3.511,1.511,PATROL,4,8,-2.212,-3.471,1.521,,-2.173,-3.569,1.490
40.21,-2.187,-3.435,1.534,PATROL,4,8,-2.209,-3.396,1.544,,-2.167,-3.492,1.512
40.40,-2.185,-3.357,1.552,PATROL,4,8,-2.208,-3.320,1.562,,-2.163,-3.415,1.530
40.60,-2.184,-3.279,1.567,PATROL,4,8,-2.208,-3.243,1.577,,-2.161,-3.337,1.545
40.80,-2.184,-3.200,1.579,PATROL,4,8,-2.209,-3.166,1.589,,-2.159,-3.258,1.558
41.01,-2.185,-3.121,1.589,PATROL,4,8,-2.211,-3.089,1.599,,-2.159,-3.179,1.568
41.21,-2.187,-3.042,1.597,PATROL,4,8,-2.213,-3.011,1.608,,-2.159,-3.099,1.576
41.41,-2.189,-2.975,1.605,PATROL,4,8,-2.216,-2.933,1.615,,-2.160,-3.033,1.583
41.60,-2.192,-2.895,1.611,PATROL,4,8,-2.220,-2.854,1.621,,-2.161,-2.953,1.589
41.80,-2.196,-2.815,1.616,PATROL,4,8,-2.224,-2.775,1.626,,-2.162,-2.872,1.595
42.00,-2.199,-2.734,1.620,PATROL,4,8,-2.229,-2.696,1.630,,-2.165,-2.791,1.599
42.21,-2.204,-2.653,1.624,PATROL,4,8,-2.233,-2.617,1.634,,-2.167,-2.710,1.602
42.40,-2.208,-2.572,1.627,PATROL,4,8,-2.238,-2.538,1.637,,-2.170,-2.630,1.605
42.60,-2.213,-2.491,1.629,ALIGN,4,8,-2.244,-2.459,1.639,ball_6,-2.173,-2.548,1.608
42.80,-2.216,-2.444,1.680,ALIGN,4,8,-2.248,-2.409,1.689,ball_6,-2.175,-2.501,1.658
43.01,-2.217,-2.436,1.733,APPROACH,4,8,-2.249,-2.397,1.740,ball_6,-2.176,-2.493,1.707
43.20,-2.218,-2.433,1.771,APPROACH,4,8,-2.250,-2.391,1.778,ball_6,-2.177,-2.489,1.744
43.41,-2.226,-2.395,1.805,APPROACH,4,8,-2.258,-2.355,1.816,ball_6,-2.184,-2.452,1.780
43.60,-2.241,-2.336,1.810,APPROACH,4,8,-2.270,-2.309,1.822,ball_6,-2.197,-2.392,1.787
43.81,-2.255,-2.277,1.808,APPROACH,4,8,-2.285,-2.250,1.821,ball_6,-2.210,-2.333,1.785
44.00,-2.270,-2.217,1.808,APPROACH,4,8,-2.300,-2.192,1.821,ball_6,-2.223,-2.273,1.785
44.21,-2.284,-2.158,1.808,APPROACH,4,8,-2.315,-2.134,1.821,ball_6,-2.236,-2.213,1.785
44.41,-2.298,-2.098,1.809,APPROACH,4,8,-2.330,-2.076,1.821,ball_6,-2.249,-2.153,1.785
44.61,-2.310,-2.049,1.809,APPROACH,4,8,-2.344,-2.018,1.821,ball_6,-2.260,-2.103,1.785
44.80,-2.325,-1.989,1.808,APPROACH,4,8,-2.359,-1.960,1.821,ball_6,-2.273,-2.044,1.785
45.00,-2.339,-1.930,1.808,APPROACH,4,8,-2.374,-1.902,1.821,ball_6,-2.286,-1.984,1.785
45.20,-2.354,-1.870,1.808,APPROACH,4,8,-2.389,-1.844,1.821,ball_6,-2.299,-1.924,1.785
45.41,-2.368,-1.811,1.808,APPROACH,4,8,-2.404,-1.786,1.821,ball_6,-2.312,-1.864,1.785
45.61,-2.382,-1.751,1.809,APPROACH,4,8,-2.419,-1.728,1.821,ball_6,-2.325,-1.804,1.785
45.81,-2.397,-1.692,1.809,APPROACH,4,8,-2.433,-1.670,1.821,ball_6,-2.338,-1.744,1.785
46.00,-2.411,-1.632,1.809,APPROACH,4,8,-2.448,-1.611,1.821,ball_6,-2.351,-1.684,1.785
46.21,-2.426,-1.573,1.809,APPROACH,4,8,-2.463,-1.553,1.821,ball_6,-2.364,-1.624,1.785
46.41,-2.438,-1.523,1.809,APPROACH,4,8,-2.478,-1.495,1.821,ball_6,-2.375,-1.575,1.785
46.61,-2.452,-1.464,1.809,APPROACH,4,8,-2.493,-1.437,1.821,ball_6,-2.388,-1.515,1.785
46.81,-2.467,-1.404,1.809,APPROACH,4,8,-2.508,-1.379,1.821,ball_6,-2.401,-1.455,1.785
47.01,-2.481,-1.345,1.809,APPROACH,4,8,-2.522,-1.321,1.821,ball_6,-2.414,-1.395,1.785
47.21,-2.495,-1.285,1.809,APPROACH,4,8,-2.537,-1.263,1.821,ball_6,-2.427,-1.335,1.785
47.41,-2.510,-1.226,1.808,APPROACH,4,8,-2.552,-1.205,1.821,ball_6,-2.440,-1.276,1.785
47.61,-2.524,-1.167,1.808,APPROACH,4,8,-2.567,-1.147,1.821,ball_6,-2.453,-1.216,1.785
47.81,-2.539,-1.107,1.808,APPROACH,4,8,-2.582,-1.089,1.821,ball_6,-2.466,-1.156,1.785
48.00,-2.551,-1.057,1.808,APPROACH,4,8,-2.596,-1.031,1.821,ball_6,-2.477,-1.106,1.785
48.21,-2.565,-0.998,1.808,APPROACH,4,8,-2.611,-0.973,1.820,ball_6,-2.490,-1.046,1.785
48.41,-2.579,-0.938,1.808,APPROACH,4,8,-2.626,-0.914,1.820,ball_6,-2.503,-0.986,1.785
48.61,-2.594,-0.879,1.808,APPROACH,4,8,-2.641,-0.856,1.820,ball_6,-2.516,-0.927,1.785
48.81,-2.608,-0.820,1.808,APPROACH,4,8,-2.655,-0.798,1.820,ball_6,-2.529,-0.867,1.784
49.01,-2.622,-0.760,1.808,APPROACH,4,8,-2.670,-0.740,1.820,ball_6,-2.542,-0.807,1.784
49.21,-2.637,-0.701,1.808,APPROACH,4,8,-2.685,-0.682,1.820,ball_6,-2.555,-0.747,1.784
49.41,-2.651,-0.641,1.807,APPROACH,4,8,-2.700,-0.624,1.820,ball_6,-2.568,-0.687,1.784
49.61,-2.663,-0.591,1.807,APPROACH,4,8,-2.715,-0.566,1.819,ball_6,-2.579,-0.637,1.784
49.81,-2.677,-0.532,1.807,APPROACH,4,8,-2.729,-0.508,1.819,ball_6,-2.592,-0.578,1.784
50.01,-2.692,-0.472,1.807,APPROACH,4,8,-2.744,-0.450,1.819,ball_6,-2.604,-0.518,1.783
50.21,-2.706,-0.413,1.806,APPROACH,4,8,-2.759,-0.392,1.819,ball_6,-2.617,-0.458,1.783
50.41,-2.720,-0.353,1.806,APPROACH,4,8,-2.773,-0.333,1.818,ball_6,-2.630,-0.398,1.783
50.61,-2.735,-0.294,1.806,APPROACH,4,8,-2.788,-0.275,1.818,ball_6,-2.643,-0.338,1.782
50.81,-2.749,-0.234,1.805,APPROACH,4,8,-2.803,-0.217,1.818,ball_6,-2.656,-0.278,1.782
51.01,-2.763,-0.175,1.805,APPROACH,4,8,-2.817,-0.159,1.817,ball_6,-2.669,-0.218,1.781
51.20,-2.775,-0.125,1.804,APPROACH,4,8,-2.832,-0.101,1.816,ball_6,-2.679,-0.168,1.781
51.41,-2.789,-0.066,1.806,APPROACH,4,8,-2.846,-0.043,1.818,,-2.692,-0.109,1.783
51.61,-2.803,-0.006,1.811,BLIND_DASH,4,8,-2.861,0.015,1.824,,-2.705,-0.049,1.788
51.80,-2.818,0.053,1.814,BLIND_DASH,4,8,-2.876,0.073,1.826,,-2.719,0.011,1.791
52.00,-2.831,0.107,1.811,PATROL,4,8,-2.890,0.126,1.823,,-2.731,0.066,1.788
52.21,-2.836,0.128,1.795,PATROL,4,8,-2.895,0.146,1.806,,-2.735,0.086,1.771
52.40,-2.837,0.129,1.694,PATROL,4,8,-2.896,0.147,1.704,,-2.735,0.087,1.669
52.60,-2.837,0.129,1.582,PATROL,4,8,-2.896,0.147,1.593,,-2.735,0.087,1.559
52.81,-2.837,0.129,1.476,PATROL,4,8,-2.896,0.146,1.488,,-2.735,0.087,1.452
53.01,-2.837,0.129,1.365,PATROL,4,8,-2.896,0.146,1.377,,-2.735,0.087,1.342
53.20,-2.837,0.129,1.255,PATROL,4,8,-2.896,0.146,1.267,,-2.735,0.087,1.232
53.40,-2.837,0.129,1.145,PATROL,4,8,-2.896,0.146,1.156,,-2.735,0.087,1.121
53.60,-2.837,0.129,1.034,PATROL,4,8,-2.896,0.146,1.046,,-2.735,0.087,1.010
53.81,-2.837,0.129,0.923,PATROL,4,8,-2.896,0.145,0.935,,-2.735,0.087,0.899
54.00,-2.837,0.129,0.812,PATROL,4,8,-2.896,0.145,0.824,,-2.735,0.087,0.789
54.21,-2.837,0.129,0.701,PATROL,4,8,-2.896,0.145,0.713,,-2.735,0.087,0.677
54.41,-2.837,0.129,0.591,PATROL,4,8,-2.897,0.145,0.602,,-2.735,0.087,0.567
54.60,-2.837,0.129,0.480,PATROL,4,8,-2.897,0.145,0.492,,-2.735,0.087,0.456
54.81,-2.837,0.129,0.369,PATROL,4,8,-2.897,0.145,0.381,,-2.735,0.087,0.345
55.01,-2.836,0.129,0.259,PATROL,4,8,-2.897,0.145,0.271,,-2.734,0.087,0.235
55.20,-2.830,0.130,0.149,PATROL,4,8,-2.891,0.146,0.161,,-2.729,0.088,0.125
55.41,-2.819,0.131,0.038,PATROL,4,8,-2.881,0.147,0.050,,-2.718,0.089,0.014
55.60,-2.802,0.131,-0.072,PATROL,4,8,-2.865,0.147,-0.060,,-2.701,0.088,-0.096
55.81,-2.780,0.128,-0.181,PATROL,4,8,-2.844,0.144,-0.169,,-2.679,0.085,-0.205
56.01,-2.754,0.121,-0.290,PATROL,4,8,-2.819,0.139,-0.278,,-2.653,0.078,-0.315
56.21,-2.729,0.112,-0.401,PATROL,4,8,-2.790,0.129,-0.389,,-2.628,0.068,-0.425
56.40,-2.697,0.097,-0.510,PATROL,4,8,-2.758,0.113,-0.498,,-2.596,0.052,-0.535
56.61,-2.662,0.075,-0.620,PATROL,4,8,-2.724,0.092,-0.608,,-2.562,0.029,-0.644
56.81,-2.626,0.046,-0.729,PATROL,4,8,-2.689,0.065,-0.717,,-2.526,-0.001,-0.754
57.01,-2.590,0.010,-0.840,PATROL,4,8,-2.654,0.030,-0.828,,-2.491,-0.037,-0.864
57.20,-2.555,-0.033,-0.947,PATROL,4,8,-2.620,-0.011,-0.935,,-2.457,-0.082,-0.972
57.41,-2.522,-0.084,-1.039,PATROL,4,8,-2.588,-0.059,-1.027,,-2.426,-0.134,-1.063
57.60,-2.492,-0.141,-1.114,PATROL,4,8,-2.558,-0.113,-1.102,,-2.397,-0.191,-1.139
57.80,-2.465,-0.202,-1.177,PATROL,4,8,-2.530,-0.173,-1.164,,-2.371,-0.253,-1.201
58.00,-2.444,-0.256,-1.228,PATROL,4,8,-2.505,-0.236,-1.216,,-2.352,-0.307,-1.253
58.21,-2.421,-0.323,-1.272,PATROL,4,8,-2.482,-0.302,-1.260,,-2.331,-0.375,-1.297
58.40,-2.401,-0.393,-1.310,PATROL,4,8,-2.462,-0.370,-1.297,,-2.313,-0.446,-1.335
58.61,-2.383,-0.466,-1.342,PATROL,4,8,-2.443,-0.440,-1.329,,-2.296,-0.518,-1.366
58.80,-2.367,-0.539,-1.368,PATROL,4,8,-2.427,-0.512,-1.356,,-2.282,-0.592,-1.393
59.00,-2.353,-0.614,-1.392,PATROL,4,8,-2.412,-0.584,-1.379,,-2.269,-0.668,-1.417
59.20,-2.340,-0.690,-1.413,PATROL,4,8,-2.398,-0.658,-1.400,,-2.259,-0.744,-1.437
59.41,-2.328,-0.766,-1.430,PATROL,4,8,-2.386,-0.733,-1.418,,-2.249,-0.821,-1.455
59.61,-2.320,-0.831,-1.446,PATROL,4,8,-2.375,-0.808,-1.434,,-2.242,-0.885,-1.471
59.80,-2.311,-0.908,-1.461,PATROL,4,8,-2.365,-0.884,-1.448,,-2.235,-0.963,-1.485
60.01,-2.302,-0.987,-1.474,PATROL,4,8,-2.356,-0.960,-1.461,,-2.228,-1.042,-1.499
60.21,-2.295,-1.065,-1.487,PATROL,4,8,-2.348,-1.037,-1.474,,-2.223,-1.120,-1.512
60.40,-2.289,-1.143,-1.500,PATROL,5,7,-2.341,-1.113,-1.487,,-2.219,-1.199,-1.525
60.61,-2.287,-1.190,-1.561,PATROL,5,7,-2.338,-1.160,-1.548,,-2.218,-1.245,-1.585
60.80,-2.287,-1.200,-1.647,PATROL,5,7,-2.338,-1.170,-1.633,,-2.219,-1.255,-1.669
61.00,-2.289,-1.208,-1.755,PATROL,5,7,-2.339,-1.178,-1.742,,-2.220,-1.264,-1.777
61.20,-2.291,-1.220,-1.854,PATROL,5,7,-2.342,-1.189,-1.842,,-2.223,-1.275,-1.877
61.40,-2.297,-1.237,-1.963,PATROL,5,7,-2.347,-1.206,-1.952,,-2.229,-1.292,-1.986
61.61,-2.307,-1.258,-2.073,PATROL,5,7,-2.357,-1.227,-2.062,,-2.240,-1.313,-2.097
61.81,-2.323,-1.283,-2.183,PATROL,5,7,-2.372,-1.251,-2.171,,-2.256,-1.337,-2.206
62.00,-2.344,-1.309,-2.294,PATROL,5,7,-2.392,-1.277,-2.283,,-2.278,-1.364,-2.318
62.21,-2.372,-1.338,-2.404,PATROL,5,7,-2.419,-1.304,-2.392,,-2.306,-1.391,-2.428
62.41,-2.407,-1.366,-2.513,PATROL,5,7,-2.452,-1.332,-2.502,,-2.342,-1.419,-2.537
62.60,-2.449,-1.393,-2.623,PATROL,5,7,-2.492,-1.359,-2.611,,-2.385,-1.445,-2.647
62.80,-2.491,-1.414,-2.730,PATROL,5,7,-2.539,-1.383,-2.719,,-2.427,-1.465,-2.754
63.00,-2.546,-1.435,-2.821,PATROL,5,7,-2.594,-1.404,-2.810,,-2.483,-1.485,-2.845
63.20,-2.608,-1.453,-2.895,PATROL,5,7,-2.653,-1.422,-2.883,,-2.545,-1.501,-2.919
63.41,-2.674,-1.468,-2.954,PATROL,5,7,-2.718,-1.437,-2.942,,-2.611,-1.514,-2.978
63.61,-2.743,-1.479,-3.002,PATROL,5,7,-2.785,-1.449,-2.990,,-2.681,-1.524,-3.026
63.81,-2.815,-1.488,-3.041,PATROL,5,7,-2.856,-1.459,-3.029,,-2.753,-1.531,-3.065
64.00,-2.889,-1.494,-3.073,PATROL,5,7,-2.928,-1.465,-3.061,,-2.827,-1.535,-3.097
64.21,-2.964,-1.498,-3.099,PATROL,5,7,-3.002,-1.470,-3.087,,-2.903,-1.538,-3.124
64.40,-3.041,-1.501,-3.121,PATROL,5,7,-3.076,-1.474,-3.109,,-2.979,-1.538,-3.145
64.60,-3.105,-1.501,-3.139,PATROL,5,7,-3.152,-1.475,-3.127,,-3.044,-1.537,-3.163
64.81,-3.184,-1.501,3.130,PATROL,5,7,-3.228,-1.476,-3.141,,-3.122,-1.535,-3.178
65.01,-3.262,-1.500,3.118,PATROL,5,7,-3.305,-1.475,3.130,,-3.201,-1.532,-3.189
65.20,-3.342,-1.497,3.108,PATROL,5,7,-3.383,-1.474,3.121,,-3.280,-1.528,-3.199
65.41,-3.421,-1.494,3.100,PATROL,5,7,-3.461,-1.472,3.113,,-3.360,-1.523,-3.207
65.61,-3.501,-1.491,3.094,PATROL,5,7,-3.539,-1.470,3.106,,-3.440,-1.517,-3.214
65.81,-3.582,-1.487,3.088,PATROL,5,7,-3.618,-1.467,3.100,,-3.520,-1.511,-3.220
66.00,-3.662,-1.482,3.083,PATROL,5,7,-3.697,-1.463,3.095,,-3.600,-1.505,-3.225
66.20,-3.729,-1.478,3.079,PATROL,5,7,-3.776,-1.459,3.091,,-3.667,-1.499,-3.229
66.40,-3.810,-1.473,3.076,PATROL,5,7,-3.854,-1.455,3.088,,-3.748,-1.492,-3.232
66.61,-3.891,-1.467,3.073,PATROL,5,7,-3.934,-1.451,3.085,,-3.829,-1.484,-3.235
66.80,-3.972,-1.462,3.070,PATROL,5,7,-4.013,-1.446,3.083,,-3.909,-1.477,-3.237
67.00,-4.052,-1.456,3.069,PATROL,5,7,-4.092,-1.441,3.081,,-3.990,-1.469,-3.239
67.20,-4.134,-1.450,3.067,PATROL,5,7,-4.172,-1.437,3.079,,-4.071,-1.461,-3.240
67.40,-4.215,-1.444,3.066,PATROL,5,7,-4.251,-1.432,3.078,,-4.152,-1.453,-3.242
67.60,-4.296,-1.437,3.064,PATROL,5,7,-4.331,-1.426,3.077,,-4.233,-1.445,-3.243
67.81,-4.363,-1.432,3.063,PATROL,5,7,-4.411,-1.421,3.076,,-4.301,-1.438,-3.244
68.01,-4.445,-1.426,3.062,PATROL,5,7,-4.490,-1.416,3.075,,-4.381,-1.429,-3.245
68.21,-4.526,-1.419,3.062,PATROL,5,7,-4.570,-1.411,3.074,,-4.462,-1.421,-3.246
68.40,-4.607,-1.413,3.061,PATROL,5,7,-4.650,-1.405,3.073,,-4.544,-1.412,-3.246
68.61,-4.688,-1.406,3.060,PATROL,5,7,-4.729,-1.400,3.073,,-4.625,-1.404,-3.247
68.81,-4.769,-1.400,3.060,PATROL,6,6,-4.809,-1.394,3.072,,-4.706,-1.395,-3.248
69.01,-4.846,-1.393,3.052,PATROL,6,6,-4.884,-1.389,3.064,,-4.783,-1.387,-3.255
69.20,-4.924,-1.387,3.069,PATROL,6,6,-4.960,-1.383,3.081,,-4.860,-1.379,-3.238
69.40,-5.002,-1.382,3.083,PATROL,6,6,-5.037,-1.379,3.095,,-4.938,-1.372,-3.224
69.60,-5.067,-1.378,3.095,PATROL,6,6,-5.114,-1.376,3.107,,-5.003,-1.367,-3.212
69.81,-5.146,-1.375,3.104,PATROL,6,6,-5.192,-1.374,3.116,,-5.082,-1.362,-3.203
70.01,-5.226,-1.372,3.112,PATROL,6,6,-5.270,-1.372,3.124,,-5.162,-1.357,-3.195
70.21,-5.306,-1.370,3.118,PATROL,6,6,-5.348,-1.371,3.130,,-5.242,-1.353,-3.189
70.40,-5.387,-1.369,3.123,PATROL,6,6,-5.427,-1.371,3.136,,-5.322,-1.349,-3.184
70.60,-5.467,-1.367,3.128,PATROL,6,6,-5.506,-1.370,3.140,,-5.403,-1.346,-3.180
70.81,-5.548,-1.366,3.131,PATROL,6,6,-5.585,-1.370,-3.140,,-5.484,-1.343,-3.176
71.01,-5.629,-1.366,3.134,PATROL,6,6,-5.664,-1.371,-3.137,,-5.565,-1.340,-3.174
71.20,-5.696,-1.365,3.136,PATROL,6,6,-5.744,-1.371,-3.135,,-5.632,-1.338,-3.171
71.41,-5.777,-1.365,3.138,PATROL,6,6,-5.823,-1.372,-3.133,,-5.713,-1.336,-3.169
71.61,-5.858,-1.365,3.140,PATROL,6,6,-5.903,-1.372,-3.131,,-5.794,-1.334,-3.167
71.81,-5.940,-1.364,3.142,PATROL,6,6,-5.982,-1.373,-3.130,,-5.876,-1.332,-3.166
72.01,-6.021,-1.365,-3.140,PATROL,6,6,-6.062,-1.374,-3.128,,-5.957,-1.330,-3.164
72.20,-6.102,-1.365,-3.139,PATROL,6,6,-6.142,-1.375,-3.127,,-6.038,-1.328,-3.163
72.41,-6.184,-1.365,-3.138,PATROL,6,6,-6.222,-1.377,-3.126,,-6.120,-1.326,-3.162
72.60,-6.265,-1.365,-3.137,PATROL,6,6,-6.301,-1.378,-3.125,,-6.201,-1.325,-3.162
72.80,-6.333,-1.366,-3.137,PATROL,6,6,-6.381,-1.379,-3.125,,-6.269,-1.323,-3.161
73.01,-6.415,-1.366,-3.136,PATROL,6,6,-6.461,-1.381,-3.124,,-6.351,-1.322,-3.160
73.20,-6.496,-1.366,-3.136,PATROL,6,6,-6.541,-1.382,-3.123,,-6.432,-1.320,-3.160
73.41,-6.578,-1.367,-3.135,PATROL,6,6,-6.621,-1.383,-3.123,,-6.514,-1.319,-3.159
73.60,-6.660,-1.368,-3.135,PATROL,6,6,-6.701,-1.385,-3.123,,-6.596,-1.317,-3.159
73.80,-6.741,-1.368,-3.135,PATROL,6,6,-6.781,-1.386,-3.123,,-6.677,-1.316,-3.159
74.00,-6.823,-1.369,-3.134,PATROL,6,6,-6.860,-1.388,-3.122,,-6.759,-1.315,-3.159
74.21,-6.904,-1.369,-3.134,PATROL,6,6,-6.940,-1.389,-3.122,,-6.840,-1.313,-3.159
74.40,-6.972,-1.370,-3.134,PATROL,6,6,-7.020,-1.391,-3.122,,-6.908,-1.312,-3.158
74.60,-7.054,-1.370,-3.134,PATROL,6,6,-7.100,-1.392,-3.122,,-6.990,-1.311,-3.158
74.80,-7.135,-1.371,-3.134,PATROL,6,6,-7.180,-1.394,-3.122,,-7.072,-1.309,-3.158
75.00,-7.217,-1.372,-3.134,PATROL,6,6,-7.260,-1.395,-3.122,,-7.153,-1.308,-3.158
75.20,-7.298,-1.372,-3.134,PATROL,6,6,-7.339,-1.397,-3.122,,-7.235,-1.307,-3.158
75.41,-7.380,-1.373,-3.134,PATROL,6,6,-7.419,-1.399,-3.122,,-7.316,-1.305,-3.158
75.60,-7.461,-1.373,-3.134,PATROL,6,6,-7.499,-1.400,-3.122,,-7.398,-1.304,-3.159
75.80,-7.543,-1.374,-3.135,PATROL,7,5,-7.579,-1.402,-3.123,,-7.479,-1.303,-3.159
76.00,-7.624,-1.374,-3.135,PATROL,7,5,-7.659,-1.403,-3.123,,-7.560,-1.301,-3.160
76.21,-7.692,-1.375,-3.136,PATROL,7,5,-7.738,-1.404,-3.124,,-7.628,-1.300,-3.161
76.41,-7.773,-1.375,-3.137,PATROL,7,5,-7.818,-1.406,-3.125,,-7.710,-1.298,-3.161
76.60,-7.854,-1.376,-3.138,PATROL,7,5,-7.898,-1.407,-3.126,,-7.791,-1.297,-3.162
76.80,-7.936,-1.376,-3.138,PATROL,7,5,-7.977,-1.408,-3.126,,-7.872,-1.295,-3.162
77.01,-8.017,-1.376,-3.139,PATROL,7,5,-8.057,-1.409,-3.127,,-7.954,-1.293,-3.163
77.20,-8.099,-1.376,-3.139,PATROL,7,5,-8.137,-1.411,-3.127,,-8.035,-1.292,-3.163
77.40,-8.180,-1.377,-3.139,PATROL,7,5,-8.216,-1.412,-3.127,,-8.117,-1.290,-3.164
77.60,-8.262,-1.377,-3.140,PATROL,7,5,-8.296,-1.413,-3.128,,-8.198,-1.288,-3.164
77.81,-8.329,-1.377,-3.140,PATROL,7,5,-8.376,-1.414,-3.128,,-8.266,-1.286,-3.164
78.00,-8.411,-1.377,-3.140,PATROL,7,5,-8.456,-1.415,-3.128,,-8.348,-1.285,-3.164
78.21,-8.492,-1.377,-3.140,PATROL,7,5,-8.536,-1.416,-3.128,,-8.429,-1.283,-3.164
78.40,-8.574,-1.377,-3.140,PATROL,7,5,-8.616,-1.417,-3.128,,-8.511,-1.281,-3.165
78.61,-8.655,-1.377,-3.141,PATROL,7,5,-8.695,-1.418,-3.129,,-8.592,-1.279,-3.165
78.80,-8.737,-1.377,-3.141,PATROL,7,5,-8.775,-1.419,-3.129,,-8.674,-1.277,-3.165
79.01,-8.818,-1.377,-3.141,PATROL,7,5,-8.855,-1.420,-3.129,,-8.755,-1.275,-3.165
79.20,-8.900,-1.377,-3.141,PATROL,7,5,-8.935,-1.421,-3.129,,-8.837,-1.273,-3.165
79.40,-8.968,-1.377,-3.141,PATROL,7,5,-9.015,-1.422,-3.129,,-8.905,-1.272,-3.165
79.61,-9.049,-1.378,-3.141,PATROL,7,5,-9.094,-1.423,-3.129,,-8.986,-1.270,-3.165
79.81,-9.131,-1.378,-3.141,PATROL,7,5,-9.174,-1.424,-3.129,,-9.068,-1.268,-3.165
80.01,-9.212,-1.378,-3.141,PATROL,7,5,-9.254,-1.425,-3.129,,-9.149,-1.266,-3.166
80.21,-9.294,-1.378,-3.141,PATROL,7,5,-9.334,-1.426,-3.129,,-9.231,-1.264,-3.166
80.40,-9.375,-1.378,3.142,PATROL,7,5,-9.414,-1.427,-3.130,,-9.312,-1.262,-3.166
80.60,-9.457,-1.378,3.141,PATROL,7,5,-9.493,-1.428,-3.130,,-9.394,-1.260,-3.166
80.81,-9.538,-1.378,3.141,PATROL,7,5,-9.573,-1.429,-3.130,,-9.475,-1.258,-3.166
81.00,-9.620,-1.378,3.141,PATROL,7,5,-9.653,-1.430,-3.130,,-9.557,-1.256,-3.166
81.20,-9.688,-1.377,3.141,PATROL,7,5,-9.733,-1.431,-3.130,,-9.625,-1.254,-3.166
81.40,-9.769,-1.377,3.141,PATROL,7,5,-9.813,-1.431,-3.130,,-9.706,-1.252,-3.166
81.60,-9.851,-1.377,3.141,PATROL,7,5,-9.893,-1.432,-3.130,,-9.788,-1.250,-3.167
81.81,-9.932,-1.377,3.141,PATROL,7,5,-9.972,-1.433,-3.131,,-9.869,-1.248,-3.167
82.00,-10.014,-1.377,3.140,PATROL,7,5,-10.052,-1.434,-3.131,,-9.951,-1.246,-3.167
82.20,-10.095,-1.377,3.140,PATROL,7,5,-10.132,-1.435,-3.131,,-10.032,-1.244,-3.167
82.40,-10.177,-1.377,3.140,PATROL,7,5,-10.212,-1.436,-3.131,,-10.114,-1.242,-3.167
82.61,-10.258,-1.377,3.140,PATROL,7,5,-10.291,-1.436,-3.132,,-10.195,-1.240,-3.168
82.80,-10.326,-1.377,3.139,PATROL,8,9,-10.371,-1.437,-3.132,,-10.263,-1.238,-3.168
83.01,-10.402,-1.376,-3.139,PATROL,8,9,-10.444,-1.438,-3.127,,-10.340,-1.236,-3.163
83.20,-10.441,-1.377,-3.129,PATROL,8,9,-10.481,-1.439,-3.117,,-10.378,-1.235,-3.153
83.40,-10.451,-1.377,3.086,PATROL,8,9,-10.490,-1.439,3.098,,-10.388,-1.235,-3.220
83.60,-10.458,-1.376,2.978,PATROL,8,9,-10.496,-1.439,2.989,,-10.395,-1.234,-3.327
83.80,-10.470,-1.373,2.871,PATROL,8,9,-10.507,-1.437,2.882,,-10.407,-1.231,-3.434
84.00,-10.487,-1.367,2.770,PATROL,8,9,-10.522,-1.432,2.781,,-10.424,-1.225,-3.535
84.21,-10.508,-1.358,2.660,PATROL,8,9,-10.541,-1.423,2.671,,-10.445,-1.215,-3.645
84.40,-10.528,-1.346,2.549,PATROL,8,9,-10.565,-1.409,2.560,,-10.465,-1.203,-3.757
84.61,-10.555,-1.326,2.438,PATROL,8,9,-10.590,-1.390,2.449,,-10.491,-1.182,-3.867
84.80,-10.582,-1.300,2.328,PATROL,8,9,-10.617,-1.365,2.340,,-10.518,-1.156,-3.977
85.01,-10.611,-1.267,2.219,PATROL,8,9,-10.645,-1.333,2.231,,-10.545,-1.122,-4.086
85.20,-10.638,-1.227,2.110,PATROL,8,9,-10.672,-1.294,2.121,,-10.572,-1.081,-4.196
85.40,-10.663,-1.179,2.000,PATROL,8,9,-10.696,-1.249,2.011,,-10.595,-1.033,-4.306
85.60,-10.684,-1.124,1.903,PATROL,8,9,-10.718,-1.196,1.915,,-10.616,-0.977,-4.402
85.81,-10.703,-1.063,1.827,PATROL,8,9,-10.737,-1.137,1.838,,-10.633,-0.915,-4.479
86.00,-10.717,-0.997,1.764,PATROL,8,9,-10.752,-1.073,1.775,,-10.646,-0.850,-4.542
86.20,-10.727,-0.940,1.713,PATROL,8,9,-10.764,-1.006,1.725,,-10.654,-0.792,-4.592
86.40,-10.736,-0.868,1.673,PATROL,8,9,-10.773,-0.936,1.684,,-10.661,-0.721,-4.633
86.61,-10.742,-0.795,1.639,PATROL,8,9,-10.780,-0.865,1.651,,-10.666,-0.647,-4.666
86.81,-10.746,-0.720,1.612,PATROL,8,9,-10.785,-0.791,1.624,,-10.669,-0.572,-4.693
87.01,-10.748,-0.644,1.590,PATROL,8,9,-10.788,-0.717,1.602,,-10.669,-0.495,-4.716
87.21,-10.749,-0.566,1.571,PATROL,8,9,-10.790,-0.641,1.583,,-10.668,-0.418,-4.734
87.41,-10.748,-0.488,1.556,PATROL,8,9,-10.790,-0.565,1.568,,-10.666,-0.340,-4.750
87.60,-10.747,-0.410,1.544,PATROL,8,9,-10.789,-0.488,1.555,,-10.662,-0.261,-4.762
87.81,-10.745,-0.344,1.533,PATROL,8,9,-10.788,-0.410,1.545,,-10.659,-0.195,-4.772
88.00,-10.741,-0.264,1.525,PATROL,8,9,-10.785,-0.333,1.537,,-10.654,-0.116,-4.780
88.21,-10.737,-0.184,1.518,PATROL,8,9,-10.782,-0.254,1.530,,-10.648,-0.036,-4.788
88.40,-10.733,-0.104,1.512,PATROL,8,9,-10.779,-0.176,1.524,,-10.642,0.044,-4.794
88.60,-10.728,-0.024,1.507,PATROL,8,9,-10.775,-0.097,1.519,,-10.635,0.124,-4.799
88.80,-10.723,0.057,1.503,PATROL,8,9,-10.771,-0.018,1.515,,-10.628,0.205,-4.803
89.01,-10.717,0.137,1.499,PATROL,8,9,-10.766,0.061,1.511,,-10.620,0.285,-4.806
89.20,-10.711,0.218,1.496,PATROL,8,9,-10.761,0.140,1.508,,-10.612,0.366,-4.809
89.40,-10.706,0.286,1.494,PATROL,8,9,-10.756,0.219,1.506,,-10.606,0.433,-4.812
89.60,-10.700,0.366,1.492,PATROL,8,9,-10.751,0.299,1.504,,-10.598,0.514,-4.814
89.81,-10.693,0.447,1.490,PATROL,8,9,-10.746,0.378,1.502,,-10.589,0.595,-4.815
90.00,-10.687,0.528,1.489,PATROL,8,9,-10.740,0.458,1.500,,-10.581,0.676,-4.817
90.21,-10.680,0.610,1.487,PATROL,8,9,-10.735,0.537,1.499,,-10.572,0.757,-4.818
90.40,-10.673,0.691,1.486,PATROL,8,9,-10.729,0.617,1.498,,-10.564,0.838,-4.819
90.60,-10.666,0.772,1.485,PATROL,8,9,-10.723,0.696,1.497,,-10.555,0.919,-4.820
90.80,-10.659,0.853,1.484,PATROL,8,9,-10.717,0.775,1.496,,-10.546,0.999,-4.821
91.00,-10.652,0.934,1.484,PATROL,8,9,-10.711,0.855,1.495,,-10.537,1.081,-4.822
91.20,-10.646,1.002,1.483,PATROL,8,9,-10.705,0.935,1.495,,-10.530,1.148,-4.823
91.41,-10.639,1.083,1.482,PATROL,9,10,-10.699,1.014,1.494,,-10.521,1.229,-4.823
91.61,-10.632,1.154,1.461,PATROL,9,10,-10.693,1.084,1.473,,-10.513,1.301,-4.845
91.80,-10.629,1.185,1.409,PATROL,9,10,-10.690,1.113,1.418,,-10.508,1.331,-4.899
92.00,-10.626,1.198,1.302,PATROL,9,10,-10.688,1.125,1.310,,-10.505,1.344,-5.006
92.21,-10.620,1.215,1.191,PATROL,9,10,-10.683,1.142,1.202,,-10.498,1.361,-5.114
92.41,-10.610,1.237,1.088,PATROL,9,10,-10.674,1.160,1.099,,-10.488,1.382,-5.217
92.61,-10.595,1.262,0.978,PATROL,9,10,-10.660,1.184,0.989,,-10.472,1.407,-5.327
92.81,-10.578,1.284,0.868,PATROL,9,10,-10.640,1.211,0.878,,-10.455,1.429,-5.438
93.00,-10.551,1.312,0.758,PATROL,9,10,-10.615,1.238,0.769,,-10.428,1.457,-5.547
93.20,-10.517,1.341,0.649,PATROL,9,10,-10.582,1.266,0.659,,-10.393,1.485,-5.656
93.41,-10.477,1.369,0.539,PATROL,9,10,-10.543,1.294,0.550,,-10.352,1.512,-5.766
93.60,-10.428,1.394,0.430,PATROL,9,10,-10.496,1.319,0.441,,-10.303,1.536,-5.875
93.81,-10.372,1.416,0.336,PATROL,9,10,-10.443,1.341,0.347,,-10.247,1.557,-5.969
94.00,-10.318,1.433,0.257,ALIGN,9,10,-10.390,1.358,0.267,ball_10,-10.192,1.572,-6.049
94.20,-10.294,1.438,0.207,ALIGN,9,10,-10.365,1.364,0.217,,-10.168,1.577,-6.099
94.40,-10.290,1.439,0.280,ALIGN,9,10,-10.358,1.365,0.291,ball_10,-10.164,1.578,-6.027
94.61,-10.290,1.439,0.390,ALIGN,9,10,-10.357,1.365,0.400,ball_10,-10.164,1.578,-5.919
94.80,-10.290,1.439,0.499,ALIGN,9,10,-10.357,1.364,0.510,ball_10,-10.164,1.578,-5.810
95.00,-10.290,1.439,0.597,ALIGN,9,10,-10.358,1.365,0.609,ball_10,-10.164,1.578,-5.711
95.21,-10.290,1.439,0.707,ALIGN,9,10,-10.358,1.365,0.718,ball_10,-10.164,1.578,-5.601
95.40,-10.290,1.439,0.786,ALIGN,9,10,-10.358,1.366,0.797,ball_10,-10.164,1.578,-5.522
95.61,-10.290,1.439,0.837,ALIGN,9,10,-10.358,1.366,0.849,ball_10,-10.164,1.578,-5.471
95.80,-10.290,1.439,0.876,APPROACH,9,10,-10.358,1.366,0.887,ball_10,-10.164,1.578,-5.432
96.00,-10.279,1.453,0.938,APPROACH,9,10,-10.345,1.383,0.950,ball_10,-10.153,1.592,-5.370
96.20,-10.249,1.497,0.959,APPROACH,9,10,-10.315,1.427,0.971,ball_10,-10.121,1.634,-5.348
96.40,-10.213,1.547,0.957,APPROACH,9,10,-10.281,1.476,0.969,ball_10,-10.085,1.683,-5.351
96.61,-10.178,1.597,0.955,APPROACH,9,10,-10.247,1.526,0.967,ball_10,-10.048,1.733,-5.353
96.80,-10.143,1.647,0.953,APPROACH,9,10,-10.213,1.575,0.965,ball_10,-10.011,1.782,-5.354
97.01,-10.107,1.696,0.952,APPROACH,9,10,-10.179,1.624,0.963,ball_10,-9.975,1.831,-5.356
97.20,-10.072,1.746,0.951,APPROACH,9,10,-10.145,1.673,0.962,ball_10,-9.938,1.880,-5.357
97.40,-10.036,1.796,0.949,APPROACH,9,10,-10.110,1.723,0.961,ball_10,-9.901,1.929,-5.358
97.60,-10.000,1.846,0.948,APPROACH,9,10,-10.076,1.772,0.960,ball_10,-9.864,1.977,-5.359
97.80,-9.971,1.887,0.947,APPROACH,9,10,-10.042,1.821,0.959,ball_10,-9.833,2.018,-5.360
98.01,-9.935,1.937,0.947,APPROACH,9,10,-10.007,1.870,0.958,ball_10,-9.796,2.067,-5.361
98.21,-9.899,1.986,0.946,APPROACH,9,10,-9.973,1.919,0.958,ball_10,-9.759,2.116,-5.362
98.40,-9.863,2.036,0.945,APPROACH,9,10,-9.938,1.968,0.957,ball_10,-9.722,2.164,-5.362
98.61,-9.827,2.086,0.945,APPROACH,9,10,-9.903,2.017,0.956,ball_10,-9.685,2.213,-5.363
98.80,-9.792,2.135,0.944,APPROACH,9,10,-9.869,2.066,0.956,ball_10,-9.648,2.262,-5.363
99.00,-9.756,2.185,0.944,APPROACH,9,10,-9.834,2.115,0.955,ball_10,-9.611,2.311,-5.364
99.20,-9.720,2.234,0.943,APPROACH,9,10,-9.800,2.164,0.955,ball_10,-9.574,2.359,-5.364
99.40,-9.690,2.276,0.943,APPROACH,9,10,-9.765,2.213,0.955,ball_10,-9.543,2.400,-5.365
99.60,-9.654,2.325,0.943,APPROACH,9,10,-9.730,2.262,0.954,ball_10,-9.506,2.449,-5.365
99.81,-9.618,2.375,0.942,APPROACH,9,10,-9.696,2.311,0.954,ball_10,-9.469,2.497,-5.365
100.01,-9.582,2.424,0.942,APPROACH,9,10,-9.661,2.360,0.954,ball_10,-9.432,2.546,-5.365
100.20,-9.546,2.474,0.942,APPROACH,9,10,-9.626,2.409,0.954,ball_10,-9.394,2.594,-5.366
100.41,-9.510,2.523,0.942,APPROACH,9,10,-9.592,2.457,0.953,ball_10,-9.357,2.643,-5.366
100.60,-9.474,2.573,0.942,APPROACH,9,10,-9.557,2.506,0.953,ball_10,-9.320,2.692,-5.366
100.80,-9.438,2.622,0.941,APPROACH,9,10,-9.522,2.555,0.953,ball_10,-9.283,2.740,-5.366
101.01,-9.408,2.663,0.941,APPROACH,9,10,-9.487,2.604,0.953,ball_10,-9.252,2.781,-5.366
101.21,-9.372,2.713,0.941,APPROACH,9,10,-9.453,2.653,0.953,ball_10,-9.214,2.829,-5.367
101.41,-9.336,2.762,0.941,APPROACH,9,10,-9.418,2.702,0.953,ball_10,-9.177,2.878,-5.367
101.60,-9.300,2.812,0.941,APPROACH,9,10,-9.383,2.751,0.953,ball_10,-9.140,2.926,-5.367
101.81,-9.264,2.861,0.941,APPROACH,9,10,-9.349,2.799,0.952,ball_10,-9.103,2.975,-5.367
102.00,-9.228,2.911,0.941,APPROACH,9,10,-9.314,2.848,0.952,ball_10,-9.065,3.024,-5.367
102.20,-9.191,2.960,0.941,APPROACH,9,10,-9.279,2.897,0.952,ball_10,-9.028,3.072,-5.367
102.41,-9.155,3.010,0.940,APPROACH,9,10,-9.244,2.946,0.952,ball_10,-8.991,3.121,-5.367
102.61,-9.119,3.059,0.940,APPROACH,9,10,-9.209,2.995,0.952,ball_10,-8.953,3.170,-5.367
102.80,-9.089,3.100,0.940,APPROACH,9,10,-9.175,3.044,0.952,ball_10,-8.922,3.210,-5.367
103.01,-9.053,3.150,0.940,APPROACH,9,10,-9.140,3.093,0.952,ball_10,-8.885,3.258,-5.367
103.20,-9.017,3.199,0.940,APPROACH,9,10,-9.105,3.141,0.952,ball_10,-8.848,3.307,-5.368
103.41,-8.981,3.248,0.940,APPROACH,9,10,-9.070,3.190,0.952,ball_10,-8.810,3.356,-5.368
103.60,-8.945,3.298,0.940,APPROACH,9,10,-9.036,3.239,0.951,ball_10,-8.773,3.404,-5.368
103.80,-8.909,3.347,0.940,APPROACH,9,10,-9.001,3.288,0.951,ball_10,-8.736,3.453,-5.368
104.01,-8.873,3.397,0.940,APPROACH,9,10,-8.966,3.337,0.951,ball_10,-8.698,3.501,-5.368
104.21,-8.837,3.446,0.940,APPROACH,9,10,-8.931,3.385,0.951,ball_10,-8.661,3.550,-5.368
104.40,-8.806,3.487,0.940,APPROACH,9,10,-8.896,3.434,0.951,ball_10,-8.630,3.590,-5.368
104.60,-8.770,3.537,0.939,APPROACH,9,10,-8.861,3.483,0.951,ball_10,-8.593,3.639,-5.368
104.80,-8.734,3.586,0.939,APPROACH,9,10,-8.827,3.532,0.951,ball_10,-8.555,3.687,-5.368
105.01,-8.698,3.636,0.939,APPROACH,9,10,-8.792,3.581,0.951,ball_10,-8.518,3.736,-5.368
105.21,-8.662,3.685,0.939,APPROACH,9,10,-8.757,3.630,0.951,ball_10,-8.481,3.784,-5.368
105.41,-8.626,3.734,0.939,APPROACH,9,10,-8.722,3.678,0.951,ball_10,-8.443,3.833,-5.369
105.61,-8.590,3.784,0.939,APPROACH,9,10,-8.687,3.727,0.951,ball_10,-8.406,3.881,-5.369
105.80,-8.553,3.833,0.939,APPROACH,9,10,-8.652,3.776,0.950,ball_10,-8.369,3.930,-5.369
106.00,-8.523,3.874,0.939,APPROACH,9,10,-8.618,3.825,0.950,ball_10,-8.337,3.970,-5.369
106.20,-8.487,3.924,0.938,APPROACH,9,10,-8.583,3.873,0.950,ball_10,-8.300,4.019,-5.369
106.40,-8.451,3.973,0.938,APPROACH,9,10,-8.548,3.922,0.950,ball_10,-8.263,4.067,-5.369
106.61,-8.415,4.022,0.938,APPROACH,9,10,-8.513,3.971,0.950,ball_10,-8.225,4.116,-5.370
106.80,-8.379,4.072,0.938,APPROACH,9,10,-8.478,4.020,0.949,ball_10,-8.188,4.164,-5.370
107.01,-8.342,4.121,0.937,APPROACH,9,10,-8.443,4.069,0.949,ball_10,-8.150,4.213,-5.370
107.21,-8.306,4.170,0.938,APPROACH,9,10,-8.408,4.117,0.949,,-8.113,4.261,-5.370
107.41,-8.270,4.220,0.939,APPROACH,9,10,-8.373,4.166,0.950,,-8.076,4.310,-5.369
107.60,-8.240,4.261,0.939,BLIND_DASH,9,10,-8.339,4.215,0.950,,-8.044,4.350,-5.369
107.81,-8.206,4.307,0.938,PATROL,9,10,-8.307,4.259,0.950,,-8.010,4.395,-5.370
108.01,-8.193,4.325,0.925,PATROL,9,10,-8.295,4.275,0.936,,-7.996,4.413,-5.383
108.21,-8.192,4.326,0.823,PATROL,9,10,-8.295,4.276,0.834,,-7.995,4.414,-5.485
108.40,-8.192,4.326,0.717,PATROL,9,10,-8.295,4.276,0.729,,-7.995,4.414,-5.590
108.60,-8.192,4.326,0.607,PATROL,9,10,-8.295,4.275,0.618,,-7.995,4.414,-5.701
108.80,-8.192,4.326,0.496,PATROL,9,10,-8.295,4.275,0.507,,-7.995,4.414,-5.811
109.00,-8.192,4.326,0.386,PATROL,9,10,-8.295,4.275,0.397,,-7.995,4.414,-5.922
109.20,-8.192,4.326,0.275,PATROL,9,10,-8.296,4.275,0.286,,-7.995,4.414,-6.032
109.40,-8.192,4.326,0.165,PATROL,9,10,-8.296,4.275,0.176,,-7.995,4.414,-6.143
109.60,-8.192,4.326,0.054,PATROL,9,10,-8.296,4.275,0.066,,-7.995,4.414,-6.253
109.81,-8.187,4.326,-0.056,PATROL,9,10,-8.292,4.275,-0.045,,-7.990,4.414,-6.364
110.00,-8.177,4.325,-0.167,PATROL,9,10,-8.282,4.274,-0.155,,-7.980,4.413,-6.475
110.20,-8.162,4.321,-0.277,PATROL,9,10,-8.267,4.271,-0.266,,-7.965,4.409,-6.585
110.40,-8.148,4.317,-0.387,ALIGN,9,10,-8.254,4.267,-0.375,ball_4,-7.951,4.404,-6.695
110.61,-8.148,4.317,-0.497,ALIGN,9,10,-8.255,4.267,-0.485,ball_4,-7.951,4.404,-6.805
110.81,-8.148,4.317,-0.604,ALIGN,9,10,-8.255,4.267,-0.593,ball_4,-7.951,4.404,-6.913
111.00,-8.148,4.317,-0.715,ALIGN,9,10,-8.255,4.267,-0.704,ball_4,-7.951,4.404,-7.023
111.20,-8.148,4.317,-0.815,ALIGN,9,10,-8.255,4.267,-0.803,ball_4,-7.951,4.404,-7.123
111.41,-8.148,4.317,-0.880,ALIGN,9,10,-8.255,4.267,-0.869,ball_4,-7.951,4.404,-7.189
111.61,-8.148,4.317,-0.925,APPROACH,9,10,-8.255,4.267,-0.913,ball_4,-7.951,4.404,-7.233
111.80,-8.145,4.312,-0.982,APPROACH,9,10,-8.252,4.263,-0.971,ball_4,-7.948,4.399,-7.290
112.00,-8.124,4.277,-1.051,APPROACH,9,10,-8.232,4.230,-1.039,ball_4,-7.928,4.363,-7.359
112.20,-8.094,4.225,-1.042,APPROACH,9,10,-8.202,4.179,-1.030,ball_4,-7.899,4.311,-7.351
112.40,-8.063,4.173,-1.038,APPROACH,9,10,-8.171,4.128,-1.026,ball_4,-7.870,4.257,-7.346
112.61,-8.031,4.120,-1.034,APPROACH,9,10,-8.140,4.077,-1.022,ball_4,-7.840,4.204,-7.342
112.80,-8.005,4.076,-1.030,APPROACH,9,10,-8.108,4.026,-1.018,ball_4,-7.815,4.159,-7.339
113.01,-7.974,4.024,-1.027,APPROACH,9,10,-8.077,3.975,-1.015,ball_4,-7.784,4.106,-7.336
113.20,-7.942,3.971,-1.025,APPROACH,9,10,-8.045,3.924,-1.013,ball_4,-7.754,4.053,-7.333
113.41,-7.910,3.919,-1.022,APPROACH,9,10,-8.013,3.873,-1.010,ball_4,-7.723,4.000,-7.330
113.61,-7.878,3.867,-1.020,APPROACH,9,10,-7.982,3.822,-1.008,ball_4,-7.693,3.947,-7.328
113.81,-7.846,3.815,-1.018,APPROACH,9,10,-7.949,3.771,-1.006,ball_4,-7.662,3.894,-7.327
114.01,-7.814,3.763,-1.017,APPROACH,9,10,-7.917,3.721,-1.005,ball_4,-7.631,3.841,-7.325
114.21,-7.782,3.711,-1.015,APPROACH,9,10,-7.885,3.670,-1.003,ball_4,-7.600,3.788,-7.324
114.40,-7.755,3.667,-1.014,APPROACH,9,10,-7.853,3.620,-1.002,ball_4,-7.574,3.744,-7.322
114.60,-7.722,3.615,-1.013,APPROACH,9,10,-7.821,3.569,-1.001,ball_4,-7.543,3.691,-7.321
114.81,-7.690,3.564,-1.012,APPROACH,9,10,-7.788,3.519,-1.000,ball_4,-7.512,3.639,-7.320
115.01,-7.658,3.512,-1.011,APPROACH,9,10,-7.756,3.468,-0.999,ball_4,-7.481,3.586,-7.319
115.20,-7.625,3.460,-1.011,APPROACH,9,10,-7.723,3.418,-0.998,ball_4,-7.450,3.533,-7.319
115.41,-7.593,3.408,-1.010,APPROACH,9,10,-7.691,3.368,-0.998,ball_4,-7.419,3.481,-7.318
115.61,-7.560,3.356,-1.010,APPROACH,9,10,-7.658,3.317,-0.998,ball_4,-7.387,3.428,-7.318
115.81,-7.527,3.304,-1.009,APPROACH,9,10,-7.626,3.267,-0.997,ball_4,-7.356,3.375,-7.317
116.00,-7.500,3.261,-1.009,APPROACH,9,10,-7.593,3.217,-0.997,ball_4,-7.330,3.332,-7.317
116.21,-7.468,3.209,-1.008,APPROACH,9,10,-7.561,3.166,-0.996,ball_4,-7.299,3.279,-7.317
116.40,-7.435,3.158,-1.008,APPROACH,9,10,-7.528,3.116,-0.996,ball_4,-7.267,3.226,-7.316
116.60,-7.402,3.106,-1.008,APPROACH,9,10,-7.496,3.066,-0.996,ball_4,-7.236,3.174,-7.316
116.80,-7.370,3.054,-1.008,APPROACH,9,10,-7.463,3.015,-0.996,ball_4,-7.204,3.121,-7.316
117.01,-7.337,3.002,-1.007,APPROACH,9,10,-7.430,2.965,-0.995,ball_4,-7.173,3.069,-7.316
117.21,-7.304,2.951,-1.007,APPROACH,9,10,-7.398,2.915,-0.995,ball_4,-7.142,3.016,-7.316
117.41,-7.272,2.899,-1.007,APPROACH,9,10,-7.365,2.864,-0.995,ball_4,-7.110,2.963,-7.316
117.60,-7.244,2.856,-1.007,APPROACH,9,10,-7.332,2.814,-0.995,ball_4,-7.084,2.920,-7.315
117.81,-7.212,2.804,-1.007,APPROACH,9,10,-7.300,2.764,-0.995,ball_4,-7.053,2.867,-7.315
118.01,-7.179,2.752,-1.007,APPROACH,9,10,-7.267,2.714,-0.995,ball_4,-7.021,2.815,-7.315
118.21,-7.146,2.701,-1.007,APPROACH,9,10,-7.235,2.663,-0.995,ball_4,-6.990,2.762,-7.315
118.40,-7.114,2.649,-1.007,APPROACH,9,10,-7.202,2.613,-0.995,ball_4,-6.958,2.710,-7.315
118.61,-7.081,2.597,-1.007,APPROACH,9,10,-7.169,2.563,-0.995,ball_4,-6.927,2.657,-7.315
118.80,-7.048,2.545,-1.007,APPROACH,9,10,-7.137,2.512,-0.995,ball_4,-6.896,2.604,-7.315
119.01,-7.015,2.494,-1.007,APPROACH,9,10,-7.104,2.462,-0.995,ball_4,-6.864,2.552,-7.315
119.21,-6.983,2.442,-1.007,APPROACH,9,10,-7.071,2.412,-0.995,ball_4,-6.833,2.499,-7.315
119.41,-6.955,2.399,-1.007,APPROACH,9,10,-7.039,2.362,-0.995,ball_4,-6.807,2.455,-7.315
119.61,-6.923,2.347,-1.007,APPROACH,9,10,-7.006,2.311,-0.995,ball_4,-6.775,2.403,-7.315
119.81,-6.890,2.295,-1.007,APPROACH,9,10,-6.973,2.261,-0.995,ball_4,-6.744,2.350,-7.315
120.00,-6.857,2.244,-1.007,APPROACH,9,10,-6.941,2.211,-0.995,ball_4,-6.712,2.298,-7.315
120.21,-6.825,2.192,-1.007,APPROACH,9,10,-6.908,2.160,-0.995,ball_4,-6.681,2.245,-7.316
120.41,-6.792,2.140,-1.007,APPROACH,9,10,-6.876,2.110,-0.995,ball_4,-6.650,2.193,-7.316
120.60,-6.759,2.088,-1.008,APPROACH,9,10,-6.843,2.060,-0.995,ball_4,-6.618,2.140,-7.316
120.80,-6.727,2.037,-1.008,APPROACH,9,10,-6.810,2.010,-0.996,ball_4,-6.587,2.087,-7.316
121.00,-6.699,1.994,-1.008,APPROACH,9,10,-6.778,1.959,-0.996,ball_4,-6.561,2.044,-7.316
121.20,-6.667,1.942,-1.008,APPROACH,9,10,-6.745,1.909,-0.996,ball_4,-6.529,1.991,-7.316
121.41,-6.634,1.890,-1.008,APPROACH,9,10,-6.712,1.859,-0.996,ball_4,-6.498,1.939,-7.316
121.60,-6.601,1.838,-1.008,APPROACH,9,10,-6.680,1.808,-0.996,ball_4,-6.467,1.886,-7.317
121.80,-6.569,1.786,-1.008,APPROACH,9,10,-6.647,1.758,-0.996,ball_4,-6.435,1.833,-7.317
122.01,-6.536,1.735,-1.009,APPROACH,9,10,-6.615,1.708,-0.997,ball_4,-6.404,1.781,-7.317
122.21,-6.504,1.683,-1.009,APPROACH,9,10,-6.582,1.657,-0.997,ball_4,-6.373,1.728,-7.317
122.40,-6.471,1.631,-1.009,APPROACH,9,10,-6.550,1.607,-0.997,ball_4,-6.341,1.675,-7.318
122.61,-6.444,1.588,-1.010,APPROACH,9,10,-6.517,1.556,-0.998,ball_4,-6.315,1.632,-7.318
122.80,-6.411,1.536,-1.010,APPROACH,9,10,-6.485,1.506,-0.998,ball_4,-6.284,1.579,-7.318
123.00,-6.379,1.484,-1.011,APPROACH,9,10,-6.452,1.456,-0.999,,-6.253,1.526,-7.319
123.21,-6.346,1.432,-1.011,APPROACH,9,10,-6.420,1.405,-0.999,,-6.222,1.474,-7.320
123.41,-6.314,1.381,-1.012,BLIND_DASH,9,10,-6.387,1.355,-1.000,,-6.190,1.421,-7.320
123.60,-6.281,1.329,-1.012,PATROL,9,10,-6.355,1.304,-1.000,,-6.159,1.368,-7.320
123.80,-6.260,1.295,-1.008,PATROL,9,10,-6.333,1.270,-0.996,,-6.139,1.334,-7.316
124.01,-6.256,1.288,-1.059,PATROL,9,10,-6.328,1.263,-1.047,,-6.135,1.327,-7.367
124.20,-6.256,1.288,-1.166,PATROL,9,10,-6.328,1.263,-1.154,,-6.135,1.327,-7.474
124.41,-6.256,1.288,-1.277,PATROL,9,10,-6.329,1.263,-1.265,,-6.135,1.327,-7.585
124.60,-6.256,1.288,-1.387,PATROL,9,10,-6.329,1.264,-1.376,,-6.135,1.327,-7.696
124.80,-6.256,1.288,-1.498,PATROL,9,10,-6.329,1.264,-1.486,,-6.135,1.327,-7.807
125.01,-6.256,1.288,-1.609,PATROL,9,10,-6.329,1.264,-1.598,,-6.135,1.327,-7.918
125.21,-6.256,1.287,-1.719,PATROL,9,10,-6.329,1.264,-1.708,,-6.135,1.326,-8.028
125.41,-6.257,1.281,-1.830,PATROL,9,10,-6.330,1.258,-1.819,,-6.136,1.320,-8.139
125.61,-6.261,1.270,-1.941,PATROL,9,10,-6.333,1.248,-1.929,,-6.140,1.309,-8.250
125.81,-6.268,1.254,-2.051,PATROL,9,10,-6.340,1.233,-2.040,,-6.148,1.294,-8.361
126.00,-6.278,1.239,-2.161,PATROL,9,10,-6.350,1.215,-2.150,,-6.158,1.278,-8.470
126.20,-6.293,1.217,-2.271,PATROL,9,10,-6.366,1.194,-2.260,,-6.174,1.257,-8.580
126.40,-6.315,1.194,-2.381,PATROL,9,10,-6.387,1.171,-2.369,,-6.196,1.235,-8.690
126.61,-6.343,1.171,-2.491,PATROL,9,10,-6.414,1.148,-2.480,,-6.225,1.212,-8.801
126.81,-6.377,1.147,-2.601,PATROL,9,10,-6.447,1.125,-2.589,,-6.260,1.190,-8.911
127.00,-6.418,1.126,-2.711,PATROL,9,10,-6.486,1.104,-2.699,,-6.302,1.169,-9.021
127.21,-6.466,1.107,-2.821,PATROL,9,10,-6.531,1.085,-2.809,,-6.350,1.152,-9.130
127.40,-6.520,1.093,-2.928,PATROL,9,10,-6.583,1.071,-2.916,,-6.405,1.139,-9.238
127.60,-6.570,1.085,-3.018,PATROL,9,10,-6.640,1.060,-3.006,,-6.454,1.132,-9.328
127.81,-6.634,1.079,-3.093,PATROL,9,10,-6.703,1.054,-3.080,,-6.518,1.128,-9.402
128.00,-6.701,1.078,3.129,PATROL,9,10,-6.768,1.052,3.141,,-6.585,1.128,-9.464
128.21,-6.770,1.080,3.077,PATROL,9,10,-6.836,1.054,3.089,,-6.655,1.133,-9.516
128.40,-6.841,1.086,3.033,PATROL,9,10,-6.906,1.059,3.045,,-6.725,1.141,-9.560
128.61,-6.913,1.096,2.996,PATROL,9,10,-6.976,1.067,3.009,,-6.798,1.152,-9.597
128.80,-6.987,1.108,2.965,PATROL,9,10,-7.048,1.078,2.977,,-6.870,1.166,-9.628
129.01,-7.060,1.122,2.937,PATROL,9,10,-7.120,1.091,2.949,,-6.944,1.182,-9.656
129.20,-7.122,1.136,2.913,PATROL,9,10,-7.193,1.106,2.925,,-7.005,1.198,-9.680
129.41,-7.197,1.154,2.892,PATROL,9,10,-7.267,1.123,2.904,,-7.080,1.218,-9.701
129.60,-7.272,1.173,2.874,PATROL,9,10,-7.340,1.142,2.886,,-7.154,1.239,-9.719
129.81,-7.347,1.195,2.858,PATROL,9,10,-7.413,1.162,2.870,,-7.228,1.262,-9.735
130.00,-7.422,1.217,2.843,PATROL,9,10,-7.487,1.183,2.855,,-7.302,1.287,-9.750
130.20,-7.496,1.241,2.828,PATROL,9,10,-7.560,1.205,2.841,,-7.377,1.313,-9.765
130.40,-7.571,1.265,2.815,PATROL,10,11,-7.633,1.228,2.827,,-7.450,1.339,-9.778
130.60,-7.633,1.287,2.781,PATROL,10,11,-7.697,1.249,2.793,,-7.512,1.363,-9.812
130.81,-7.655,1.296,2.722,PATROL,10,11,-7.721,1.259,2.733,,-7.534,1.372,-9.872
131.01,-7.656,1.297,2.619,PATROL,10,11,-7.721,1.259,2.631,,-7.534,1.373,-9.974
131.21,-7.656,1.297,2.516,PATROL,10,11,-7.721,1.259,2.527,,-7.535,1.373,-10.077
131.41,-7.656,1.297,2.405,PATROL,10,11,-7.720,1.259,2.417,,-7.535,1.373,-10.188
131.61,-7.656,1.297,2.295,PATROL,10,11,-7.720,1.258,2.306,,-7.535,1.373,-10.298
131.81,-7.656,1.297,2.185,PATROL,10,11,-7.720,1.258,2.196,,-7.535,1.373,-10.408
132.00,-7.656,1.297,2.074,PATROL,10,11,-7.720,1.258,2.086,,-7.535,1.373,-10.519
132.21,-7.656,1.297,1.962,PATROL,10,11,-7.720,1.258,1.975,,-7.535,1.373,-10.631
132.40,-7.656,1.297,1.852,PATROL,10,11,-7.720,1.258,1.864,,-7.535,1.373,-10.741
132.60,-7.656,1.297,1.742,PATROL,10,11,-7.720,1.257,1.753,,-7.535,1.373,-10.852
132.80,-7.656,1.297,1.631,PATROL,10,11,-7.720,1.257,1.643,,-7.535,1.373,-10.962
133.01,-7.656,1.297,1.521,PATROL,10,11,-7.720,1.258,1.532,,-7.535,1.373,-11.073
133.21,-7.655,1.302,1.410,PATROL,10,11,-7.719,1.262,1.422,,-7.534,1.379,-11.183
133.41,-7.653,1.313,1.300,PATROL,10,11,-7.717,1.273,1.312,,-7.531,1.389,-11.293
133.60,-7.647,1.329,1.190,PATROL,10,11,-7.712,1.288,1.202,,-7.525,1.405,-11.404
133.80,-7.638,1.349,1.080,PATROL,10,11,-7.703,1.307,1.092,,-7.515,1.425,-11.514
134.00,-7.624,1.372,0.971,PATROL,10,11,-7.690,1.329,0.982,,-7.500,1.447,-11.623
134.21,-7.607,1.393,0.859,PATROL,10,11,-7.671,1.354,0.871,,-7.483,1.468,-11.735
134.40,-7.582,1.420,0.750,PATROL,10,11,-7.646,1.380,0.762,,-7.457,1.494,-11.844
134.60,-7.549,1.448,0.640,PATROL,10,11,-7.615,1.407,0.652,,-7.424,1.521,-11.953
134.81,-7.510,1.474,0.531,PATROL,10,11,-7.577,1.433,0.542,,-7.384,1.546,-12.063
135.01,-7.463,1.498,0.421,PATROL,10,11,-7.532,1.457,0.433,,-7.336,1.569,-12.173
135.20,-7.408,1.519,0.321,PATROL,10,11,-7.480,1.478,0.333,,-7.281,1.588,-12.273
135.41,-7.348,1.536,0.240,PATROL,10,11,-7.421,1.495,0.252,,-7.220,1.604,-12.354
135.60,-7.283,1.550,0.175,PATROL,10,11,-7.359,1.509,0.187,,-7.155,1.615,-12.420
135.80,-7.226,1.558,0.121,PATROL,10,11,-7.292,1.520,0.133,,-7.098,1.622,-12.473
136.00,-7.156,1.565,0.077,PATROL,10,11,-7.223,1.528,0.089,,-7.027,1.628,-12.517
136.20,-7.083,1.570,0.040,PATROL,10,11,-7.152,1.533,0.053,,-6.954,1.630,-12.554
136.40,-7.008,1.571,0.011,PATROL,10,11,-7.079,1.535,0.023,,-6.879,1.630,-12.583
136.60,-6.932,1.571,-0.012,PATROL,10,11,-7.004,1.536,-0.000,,-6.803,1.628,-12.607
136.80,-6.855,1.570,-0.032,PATROL,10,11,-6.929,1.535,-0.020,,-6.726,1.624,-12.626
137.01,-6.777,1.567,-0.048,PATROL,10,11,-6.853,1.533,-0.036,,-6.648,1.618,-12.642
137.20,-6.699,1.562,-0.061,PATROL,10,11,-6.776,1.530,-0.049,,-6.570,1.612,-12.655
137.41,-6.620,1.557,-0.072,PATROL,10,11,-6.699,1.526,-0.060,,-6.492,1.604,-12.667
137.60,-6.554,1.552,-0.082,PATROL,10,11,-6.621,1.521,-0.070,,-6.426,1.597,-12.676
137.81,-6.475,1.545,-0.090,PATROL,10,11,-6.543,1.515,-0.078,,-6.346,1.588,-12.684
138.00,-6.395,1.537,-0.097,PATROL,10,11,-6.465,1.509,-0.084,,-6.267,1.579,-12.691
138.21,-6.315,1.529,-0.102,PATROL,10,11,-6.387,1.502,-0.090,,-6.187,1.568,-12.696
138.40,-6.235,1.521,-0.107,PATROL,10,11,-6.308,1.495,-0.094,,-6.107,1.558,-12.701
138.60,-6.154,1.512,-0.111,PATROL,10,11,-6.229,1.487,-0.098,,-6.027,1.547,-12.705
138.80,-6.074,1.503,-0.114,PATROL,10,11,-6.150,1.479,-0.102,,-5.947,1.536,-12.708
139.00,-5.994,1.494,-0.117,PATROL,10,11,-6.071,1.471,-0.104,,-5.867,1.524,-12.711
139.20,-5.926,1.486,-0.119,PATROL,10,11,-5.992,1.463,-0.107,,-5.800,1.514,-12.713
139.41,-5.846,1.476,-0.121,PATROL,10,11,-5.913,1.454,-0.109,,-5.720,1.502,-12.715
139.61,-5.765,1.466,-0.123,PATROL,10,11,-5.834,1.445,-0.111,,-5.639,1.490,-12.717
139.81,-5.685,1.456,-0.125,PATROL,10,11,-5.755,1.437,-0.112,,-5.559,1.478,-12.719
140.00,-5.604,1.446,-0.126,PATROL,10,11,-5.676,1.428,-0.114,,-5.478,1.465,-12.720
140.20,-5.523,1.436,-0.127,PATROL,10,11,-5.597,1.419,-0.115,,-5.398,1.453,-12.721
140.40,-5.442,1.425,-0.128,PATROL,10,11,-5.518,1.409,-0.116,,-5.318,1.440,-12.722
140.61,-5.362,1.415,-0.129,PATROL,10,11,-5.438,1.400,-0.117,,-5.237,1.428,-12.723
140.80,-5.294,1.406,-0.130,PATROL,11,12,-5.359,1.391,-0.118,,-5.170,1.417,-12.724
141.00,-5.221,1.396,-0.122,PATROL,11,12,-5.288,1.382,-0.110,,-5.097,1.405,-12.716
141.20,-5.146,1.388,-0.098,PATROL,11,12,-5.214,1.375,-0.086,,-5.022,1.395,-12.692
141.41,-5.069,1.381,-0.079,PATROL,11,12,-5.139,1.369,-0.066,,-4.945,1.386,-12.673
141.61,-4.991,1.376,-0.063,PATROL,11,12,-5.062,1.365,-0.050,,-4.868,1.378,-12.657
141.81,-4.913,1.371,-0.050,PATROL,11,12,-4.986,1.362,-0.038,,-4.790,1.371,-12.644
142.00,-4.834,1.368,-0.040,PATROL,11,12,-4.909,1.359,-0.027,,-4.711,1.366,-12.634
142.20,-4.755,1.365,-0.031,PATROL,11,12,-4.831,1.357,-0.019,,-4.631,1.361,-12.625
142.40,-4.675,1.363,-0.024,PATROL,11,12,-4.752,1.356,-0.011,,-4.552,1.356,-12.618
142.61,-4.608,1.362,-0.018,PATROL,11,12,-4.674,1.356,-0.006,,-4.485,1.353,-12.612
142.80,-4.528,1.360,-0.013,PATROL,11,12,-4.595,1.355,-0.001,,-4.404,1.350,-12.607
143.01,-4.447,1.359,-0.009,PATROL,11,12,-4.516,1.356,0.003,,-4.324,1.347,-12.604
143.20,-4.366,1.359,-0.006,PATROL,11,12,-4.437,1.356,0.006,,-4.243,1.344,-12.600
143.40,-4.285,1.358,-0.004,PATROL,11,12,-4.358,1.357,0.009,,-4.162,1.341,-12.598
143.61,-4.204,1.358,-0.001,PATROL,11,12,-4.278,1.357,0.011,,-4.081,1.339,-12.595
143.81,-4.123,1.358,0.001,PATROL,11,12,-4.199,1.358,0.013,,-4.000,1.336,-12.593
144.00,-4.042,1.358,0.003,PATROL,11,12,-4.120,1.360,0.015,,-3.919,1.334,-12.591
144.21,-3.974,1.359,0.005,PATROL,11,12,-4.040,1.361,0.017,,-3.851,1.333,-12.589
144.40,-3.893,1.359,0.006,PATROL,11,12,-3.960,1.362,0.018,,-3.770,1.331,-12.588
144.61,-3.812,1.359,0.007,PATROL,11,12,-3.880,1.364,0.019,,-3.688,1.329,-12.587
144.81,-3.730,1.360,0.008,PATROL,11,12,-3.801,1.365,0.020,,-3.607,1.327,-12.586
145.01,-3.649,1.361,0.009,PATROL,11,12,-3.721,1.367,0.021,,-3.525,1.326,-12.585
145.20,-3.567,1.361,0.009,PATROL,11,12,-3.641,1.369,0.022,,-3.444,1.324,-12.585
145.40,-3.486,1.362,0.010,PATROL,11,12,-3.561,1.370,0.022,,-3.362,1.323,-12.584
145.60,-3.404,1.363,0.010,PATROL,11,12,-3.481,1.372,0.023,,-3.281,1.321,-12.584
145.81,-3.336,1.364,0.011,PATROL,11,12,-3.401,1.374,0.023,,-3.213,1.320,-12.583
146.00,-3.255,1.365,0.011,PATROL,11,12,-3.322,1.376,0.023,,-3.131,1.319,-12.583
146.20,-3.173,1.366,0.011,PATROL,11,12,-3.242,1.378,0.023,,-3.050,1.317,-12.583
146.41,-3.091,1.366,0.011,PATROL,11,12,-3.162,1.379,0.024,,-2.968,1.316,-12.583
146.60,-3.010,1.367,0.011,PATROL,11,12,-3.082,1.381,0.024,,-2.886,1.315,-12.583
146.80,-2.928,1.368,0.011,PATROL,11,12,-3.002,1.383,0.024,,-2.805,1.313,-12.583
147.00,-2.847,1.369,0.011,PATROL,11,12,-2.922,1.385,0.024,,-2.723,1.312,-12.583
147.20,-2.765,1.370,0.011,PATROL,11,12,-2.842,1.387,0.024,,-2.642,1.311,-12.583
147.41,-2.684,1.371,0.011,PATROL,11,12,-2.762,1.389,0.024,,-2.560,1.309,-12.583
147.60,-2.616,1.372,0.011,PATROL,11,12,-2.682,1.391,0.024,,-2.492,1.308,-12.583
147.81,-2.534,1.373,0.011,PATROL,12,16,-2.602,1.393,0.024,,-2.411,1.307,-12.583
148.00,-2.476,1.374,0.030,PATROL,12,16,-2.548,1.394,0.042,,-2.353,1.306,-12.564
148.21,-2.458,1.375,0.076,PATROL,12,16,-2.530,1.395,0.088,,-2.334,1.307,-12.519
148.40,-2.449,1.376,0.186,PATROL,12,16,-2.522,1.396,0.198,,-2.326,1.308,-12.410
148.60,-2.436,1.379,0.288,PATROL,12,16,-2.510,1.400,0.301,,-2.312,1.311,-12.307
148.80,-2.418,1.386,0.396,PATROL,12,16,-2.492,1.407,0.409,,-2.294,1.317,-12.198
149.01,-2.396,1.396,0.506,PATROL,12,16,-2.471,1.417,0.519,,-2.272,1.327,-12.089
149.20,-2.375,1.409,0.615,PATROL,12,16,-2.446,1.433,0.628,,-2.250,1.339,-11.979
149.40,-2.353,1.427,0.726,ALIGN,12,16,-2.425,1.450,0.738,ball_1,-2.228,1.356,-11.869
149.60,-2.351,1.428,0.837,ALIGN,12,16,-2.424,1.451,0.849,ball_1,-2.226,1.357,-11.758
149.80,-2.351,1.428,0.939,ALIGN,12,16,-2.424,1.452,0.952,ball_1,-2.226,1.357,-11.655
150.00,-2.351,1.428,1.046,ALIGN,12,16,-2.424,1.452,1.059,ball_1,-2.226,1.357,-11.548
150.21,-2.351,1.428,1.136,ALIGN,12,16,-2.424,1.453,1.148,ball_1,-2.226,1.357,-11.458
150.40,-2.351,1.428,1.197,ALIGN,12,16,-2.424,1.453,1.210,ball_1,-2.226,1.357,-11.397
150.60,-2.351,1.428,1.239,APPROACH,12,16,-2.424,1.453,1.251,ball_1,-2.226,1.357,-11.355
150.80,-2.350,1.432,1.293,APPROACH,12,16,-2.422,1.458,1.306,ball_1,-2.225,1.361,-11.301
151.00,-2.341,1.469,1.358,APPROACH,12,16,-2.414,1.497,1.371,ball_1,-2.215,1.398,-11.236
151.20,-2.328,1.527,1.350,APPROACH,12,16,-2.402,1.555,1.362,ball_1,-2.200,1.456,-11.245
151.40,-2.315,1.587,1.346,APPROACH,12,16,-2.389,1.613,1.358,ball_1,-2.185,1.515,-11.248
151.60,-2.301,1.646,1.342,APPROACH,12,16,-2.376,1.672,1.354,ball_1,-2.170,1.574,-11.252
151.80,-2.287,1.706,1.339,APPROACH,12,16,-2.364,1.730,1.351,ball_1,-2.154,1.633,-11.255
152.00,-2.273,1.766,1.336,APPROACH,12,16,-2.350,1.789,1.348,ball_1,-2.138,1.692,-11.258
152.20,-2.259,1.825,1.333,APPROACH,12,16,-2.337,1.848,1.345,ball_1,-2.122,1.751,-11.261
152.40,-2.244,1.884,1.331,APPROACH,12,16,-2.324,1.906,1.343,ball_1,-2.106,1.810,-11.263
152.60,-2.232,1.934,1.329,APPROACH,12,16,-2.310,1.964,1.341,ball_1,-2.093,1.860,-11.265
152.80,-2.217,1.993,1.327,APPROACH,12,16,-2.296,2.023,1.339,ball_1,-2.076,1.919,-11.267
153.00,-2.202,2.053,1.325,APPROACH,12,16,-2.283,2.081,1.338,ball_1,-2.060,1.978,-11.269
153.20,-2.188,2.112,1.324,APPROACH,12,16,-2.269,2.139,1.336,ball_1,-2.043,2.037,-11.270
153.41,-2.173,2.172,1.323,APPROACH,12,16,-2.255,2.197,1.335,ball_1,-2.027,2.096,-11.272
153.60,-2.157,2.231,1.321,APPROACH,12,16,-2.241,2.255,1.334,ball_1,-2.010,2.155,-11.273
153.80,-2.142,2.290,1.320,APPROACH,12,16,-2.227,2.314,1.333,ball_1,-1.993,2.214,-11.274
154.00,-2.127,2.349,1.320,APPROACH,12,16,-2.213,2.372,1.332,ball_1,-1.976,2.272,-11.275
154.20,-2.114,2.399,1.319,APPROACH,12,16,-2.198,2.430,1.331,ball_1,-1.962,2.321,-11.275
154.40,-2.099,2.458,1.318,APPROACH,12,16,-2.184,2.489,1.330,ball_1,-1.945,2.380,-11.276
154.60,-2.084,2.517,1.318,APPROACH,12,16,-2.170,2.547,1.330,ball_1,-1.928,2.439,-11.277
154.80,-2.068,2.577,1.317,APPROACH,12,16,-2.156,2.605,1.329,ball_1,-1.911,2.498,-11.277
155.00,-2.053,2.636,1.316,APPROACH,12,16,-2.141,2.663,1.329,ball_1,-1.894,2.557,-11.278
155.20,-2.038,2.695,1.316,APPROACH,12,16,-2.127,2.722,1.328,ball_1,-1.877,2.615,-11.278
155.40,-2.022,2.754,1.316,APPROACH,12,16,-2.112,2.780,1.328,ball_1,-1.860,2.674,-11.279
155.60,-2.007,2.813,1.315,APPROACH,12,16,-2.098,2.838,1.327,ball_1,-1.843,2.733,-11.279
155.81,-1.994,2.863,1.315,APPROACH,12,16,-2.083,2.896,1.327,ball_1,-1.829,2.782,-11.279
156.00,-1.978,2.922,1.315,APPROACH,12,16,-2.069,2.954,1.327,ball_1,-1.811,2.841,-11.280
156.21,-1.963,2.981,1.314,APPROACH,12,16,-2.055,3.012,1.327,ball_1,-1.794,2.900,-11.280
156.40,-1.947,3.040,1.314,APPROACH,12,16,-2.040,3.071,1.326,ball_1,-1.777,2.958,-11.280
156.61,-1.932,3.100,1.314,APPROACH,12,16,-2.026,3.129,1.326,ball_1,-1.760,3.017,-11.280
156.80,-1.916,3.159,1.314,APPROACH,12,16,-2.011,3.187,1.326,ball_1,-1.743,3.076,-11.281
157.00,-1.901,3.218,1.313,APPROACH,12,16,-1.997,3.245,1.326,ball_1,-1.725,3.135,-11.281
157.20,-1.885,3.277,1.313,APPROACH,12,16,-1.982,3.303,1.325,ball_1,-1.708,3.194,-11.281
157.41,-1.872,3.326,1.313,APPROACH,12,16,-1.967,3.362,1.325,ball_1,-1.694,3.242,-11.281
157.60,-1.856,3.386,1.313,APPROACH,12,16,-1.953,3.419,1.325,ball_1,-1.677,3.301,-11.281
157.80,-1.841,3.445,1.313,APPROACH,12,16,-1.938,3.478,1.325,ball_1,-1.659,3.360,-11.281
158.00,-1.825,3.504,1.313,APPROACH,12,16,-1.924,3.536,1.325,ball_1,-1.642,3.419,-11.282
158.20,-1.810,3.563,1.313,APPROACH,12,16,-1.909,3.594,1.325,ball_1,-1.625,3.477,-11.282
158.40,-1.794,3.622,1.312,APPROACH,12,16,-1.895,3.652,1.325,ball_1,-1.608,3.536,-11.282
158.61,-1.778,3.682,1.312,APPROACH,12,16,-1.880,3.710,1.325,ball_1,-1.590,3.595,-11.282
158.80,-1.763,3.741,1.312,APPROACH,12,16,-1.865,3.769,1.324,ball_1,-1.573,3.654,-11.282
159.01,-1.747,3.800,1.312,APPROACH,12,16,-1.851,3.827,1.324,ball_1,-1.556,3.713,-11.282
159.21,-1.734,3.849,1.312,APPROACH,12,16,-1.836,3.885,1.324,ball_1,-1.541,3.761,-11.282
159.40,-1.718,3.908,1.312,APPROACH,12,16,-1.821,3.943,1.324,ball_1,-1.524,3.820,-11.282
159.60,-1.703,3.967,1.312,APPROACH,12,16,-1.807,4.001,1.324,ball_1,-1.507,3.879,-11.283
159.81,-1.687,4.027,1.311,APPROACH,12,16,-1.792,4.059,1.324,ball_1,-1.489,3.937,-11.283
160.01,-1.671,4.086,1.311,APPROACH,12,16,-1.778,4.117,1.323,ball_1,-1.472,3.996,-11.283
160.21,-1.656,4.145,1.312,APPROACH,12,16,-1.763,4.175,1.324,,-1.454,4.055,-11.283
160.40,-1.640,4.204,1.313,APPROACH,12,16,-1.748,4.234,1.325,,-1.437,4.114,-11.282
160.60,-1.624,4.263,1.313,BLIND_DASH,12,16,-1.734,4.292,1.325,,-1.420,4.172,-11.281
160.81,-1.612,4.309,1.308,PATROL,12,16,-1.720,4.345,1.320,,-1.406,4.218,-11.286
161.00,-1.606,4.333,1.310,PATROL,12,16,-1.715,4.367,1.322,,-1.399,4.242,-11.284
161.20,-1.605,4.336,1.405,PATROL,12,16,-1.714,4.369,1.418,,-1.399,4.244,-11.189
161.41,-1.605,4.336,1.514,PATROL,12,16,-1.714,4.369,1.527,,-1.399,4.244,-11.080
161.60,-1.605,4.336,1.623,PATROL,12,16,-1.714,4.370,1.636,,-1.399,4.244,-10.971
161.80,-1.605,4.336,1.732,PATROL,12,16,-1.714,4.370,1.744,,-1.399,4.244,-10.862
162.00,-1.605,4.336,1.840,PATROL,12,16,-1.715,4.371,1.853,,-1.399,4.244,-10.753
162.21,-1.605,4.336,1.949,PATROL,12,16,-1.715,4.372,1.962,,-1.399,4.245,-10.644
162.40,-1.607,4.340,2.057,PATROL,12,16,-1.717,4.377,2.070,,-1.400,4.249,-10.537
162.60,-1.612,4.349,2.166,PATROL,12,16,-1.723,4.385,2.179,,-1.405,4.257,-10.428
162.80,-1.621,4.360,2.276,PATROL,12,16,-1.732,4.397,2.288,,-1.414,4.269,-10.318
163.01,-1.634,4.375,2.386,PATROL,12,16,-1.746,4.411,2.398,,-1.427,4.284,-10.208
163.20,-1.653,4.390,2.496,PATROL,12,16,-1.765,4.426,2.508,,-1.445,4.300,-10.098
163.41,-1.676,4.406,2.606,PATROL,12,16,-1.788,4.441,2.619,,-1.468,4.317,-9.987
163.60,-1.705,4.421,2.717,PATROL,12,16,-1.816,4.456,2.730,,-1.497,4.332,-9.877
163.81,-1.739,4.434,2.828,PATROL,12,16,-1.850,4.468,2.841,,-1.530,4.346,-9.765
164.01,-1.777,4.443,2.938,PATROL,12,16,-1.887,4.477,2.951,,-1.568,4.357,-9.655
164.20,-1.810,4.448,3.049,PATROL,12,16,-1.926,4.482,3.061,,-1.601,4.362,-9.544
164.41,-1.856,4.450,-3.124,PATROL,12,16,-1.972,4.484,-3.112,,-1.647,4.366,-9.434
164.60,-1.906,4.447,-3.014,PATROL,12,16,-2.020,4.479,-3.001,,-1.696,4.363,-9.324
164.80,-1.957,4.437,-2.903,PATROL,12,16,-2.071,4.469,-2.891,,-1.748,4.355,-9.213
165.00,-2.010,4.421,-2.794,PATROL,12,16,-2.123,4.453,-2.782,,-1.802,4.341,-9.104
165.20,-2.063,4.399,-2.692,PATROL,12,16,-2.175,4.430,-2.680,,-1.855,4.320,-9.002
165.40,-2.115,4.370,-2.598,PATROL,13,15,-2.225,4.402,-2.586,,-1.908,4.292,-8.908
165.61,-2.157,4.342,-2.527,PATROL,13,15,-2.267,4.373,-2.515,,-1.951,4.266,-8.837
165.80,-2.192,4.319,-2.607,PATROL,13,15,-2.307,4.347,-2.595,,-1.986,4.244,-8.917
166.01,-2.243,4.292,-2.707,PATROL,13,15,-2.357,4.320,-2.695,,-2.038,4.218,-9.017
166.21,-2.300,4.268,-2.787,PATROL,13,15,-2.413,4.296,-2.776,,-2.096,4.195,-9.097
166.40,-2.363,4.247,-2.851,PATROL,13,15,-2.474,4.275,-2.840,,-2.159,4.176,-9.161
166.61,-2.430,4.229,-2.903,PATROL,13,15,-2.539,4.257,-2.892,,-2.227,4.160,-9.214
166.80,-2.500,4.214,-2.945,PATROL,13,15,-2.607,4.241,-2.934,,-2.297,4.146,-9.256
167.01,-2.573,4.201,-2.980,PATROL,13,15,-2.678,4.227,-2.968,,-2.370,4.135,-9.290
167.20,-2.647,4.190,-3.008,PATROL,13,15,-2.750,4.216,-2.996,,-2.445,4.126,-9.318
167.40,-2.710,4.182,-3.030,PATROL,13,15,-2.824,4.206,-3.019,,-2.508,4.120,-9.340
167.60,-2.787,4.174,-3.049,PATROL,13,15,-2.900,4.197,-3.037,,-2.585,4.114,-9.359
167.80,-2.865,4.167,-3.064,PATROL,13,15,-2.976,4.190,-3.052,,-2.663,4.110,-9.374
168.00,-2.943,4.162,-3.076,PATROL,13,15,-3.052,4.183,-3.064,,-2.742,4.106,-9.386
168.21,-3.022,4.157,-3.086,PATROL,13,15,-3.129,4.178,-3.074,,-2.821,4.104,-9.396
168.40,-3.102,4.153,-3.094,PATROL,13,15,-3.207,4.173,-3.082,,-2.900,4.102,-9.404
168.60,-3.181,4.149,-3.101,PATROL,13,15,-3.285,4.168,-3.089,,-2.980,4.100,-9.411
168.80,-3.262,4.146,-3.107,PATROL,13,15,-3.364,4.165,-3.095,,-3.061,4.099,-9.417
169.01,-3.329,4.144,-3.111,PATROL,13,15,-3.443,4.161,-3.100,,-3.128,4.099,-9.422
169.21,-3.409,4.142,-3.115,PATROL,13,15,-3.522,4.158,-3.104,,-3.208,4.099,-9.425
169.40,-3.490,4.140,-3.118,PATROL,13,15,-3.601,4.155,-3.107,,-3.289,4.099,-9.429
169.60,-3.571,4.138,-3.121,PATROL,13,15,-3.680,4.152,-3.109,,-3.370,4.100,-9.431
169.80,-3.652,4.136,-3.123,PATROL,13,15,-3.759,4.150,-3.112,,-3.451,4.100,-9.434
170.00,-3.733,4.135,-3.125,PATROL,13,15,-3.839,4.148,-3.114,,-3.532,4.101,-9.436
170.21,-3.814,4.134,-3.127,PATROL,13,15,-3.918,4.146,-3.115,,-3.613,4.102,-9.437
170.40,-3.895,4.133,-3.128,PATROL,13,15,-3.998,4.144,-3.117,,-3.695,4.103,-9.439
170.61,-3.977,4.132,-3.130,PATROL,13,15,-4.078,4.142,-3.118,,-3.776,4.104,-9.440
170.80,-4.044,4.131,-3.131,PATROL,13,15,-4.157,4.140,-3.119,,-3.844,4.105,-9.441
171.01,-4.126,4.130,-3.132,PATROL,13,15,-4.237,4.138,-3.120,,-3.925,4.107,-9.442
171.20,-4.207,4.129,-3.132,PATROL,13,15,-4.316,4.136,-3.121,,-4.006,4.108,-9.443
171.41,-4.288,4.129,-3.133,PATROL,13,15,-4.396,4.135,-3.121,,-4.088,4.109,-9.443
171.60,-4.370,4.128,-3.134,PATROL,13,15,-4.476,4.133,-3.122,,-4.169,4.111,-9.444
171.80,-4.451,4.127,-3.135,PATROL,13,15,-4.556,4.132,-3.123,,-4.251,4.113,-9.445
172.00,-4.533,4.127,-3.135,PATROL,13,15,-4.636,4.130,-3.123,,-4.332,4.114,-9.445
172.21,-4.614,4.126,-3.136,PATROL,13,15,-4.715,4.129,-3.124,,-4.414,4.116,-9.446
172.41,-4.682,4.126,-3.136,PATROL,13,15,-4.795,4.127,-3.125,,-4.482,4.117,-9.446
172.61,-4.763,4.125,-3.137,PATROL,14,14,-4.875,4.126,-3.125,,-4.563,4.119,-9.447
172.80,-4.845,4.125,-3.137,PATROL,14,14,-4.954,4.125,-3.126,,-4.644,4.121,-9.448
173.00,-4.926,4.125,-3.138,PATROL,14,14,-5.034,4.123,-3.127,,-4.726,4.123,-9.448
173.20,-5.008,4.124,-3.139,PATROL,14,14,-5.114,4.122,-3.127,,-4.807,4.125,-9.449
173.40,-5.089,4.124,-3.139,PATROL,14,14,-5.194,4.121,-3.128,,-4.889,4.127,-9.449
173.60,-5.171,4.124,-3.140,PATROL,14,14,-5.274,4.120,-3.128,,-4.970,4.129,-9.450
173.80,-5.252,4.124,-3.140,PATROL,14,14,-5.354,4.119,-3.128,,-5.052,4.131,-9.450
174.00,-5.320,4.124,-3.140,PATROL,14,14,-5.434,4.118,-3.129,,-5.119,4.133,-9.450
174.20,-5.401,4.124,-3.140,PATROL,14,14,-5.513,4.117,-3.129,,-5.201,4.135,-9.451
174.40,-5.483,4.124,-3.141,PATROL,14,14,-5.593,4.116,-3.129,,-5.283,4.137,-9.451
174.61,-5.564,4.124,-3.141,PATROL,14,14,-5.673,4.115,-3.129,,-5.364,4.139,-9.451
174.80,-5.646,4.124,-3.141,PATROL,14,14,-5.753,4.114,-3.129,,-5.446,4.141,-9.451
175.01,-5.728,4.123,-3.141,PATROL,14,14,-5.833,4.113,-3.129,,-5.527,4.143,-9.451
175.20,-5.809,4.123,-3.141,PATROL,14,14,-5.913,4.112,-3.129,,-5.609,4.145,-9.451
175.40,-5.891,4.123,-3.141,PATROL,14,14,-5.993,4.111,-3.129,,-5.690,4.148,-9.451
175.60,-5.972,4.123,-3.141,PATROL,14,14,-6.073,4.110,-3.130,,-5.772,4.150,-9.451
175.81,-6.040,4.123,-3.141,PATROL,14,14,-6.152,4.109,-3.130,,-5.840,4.152,-9.451
176.00,-6.122,4.123,-3.141,PATROL,14,14,-6.232,4.108,-3.130,,-5.921,4.154,-9.452
176.20,-6.203,4.123,-3.141,PATROL,14,14,-6.312,4.107,-3.130,,-6.003,4.156,-9.452
176.40,-6.285,4.123,-3.142,PATROL,14,14,-6.392,4.106,-3.130,,-6.085,4.158,-9.452
176.61,-6.366,4.123,-3.142,PATROL,14,14,-6.472,4.105,-3.130,,-6.166,4.160,-9.452
176.80,-6.448,4.123,3.142,PATROL,14,14,-6.552,4.104,-3.130,,-6.248,4.163,-9.452
177.01,-6.529,4.123,3.141,PATROL,14,14,-6.632,4.103,-3.130,,-6.329,4.165,-9.452
177.20,-6.611,4.123,3.141,PATROL,14,14,-6.712,4.103,-3.130,,-6.411,4.167,-9.452
177.41,-6.679,4.123,3.141,PATROL,14,14,-6.792,4.102,-3.130,,-6.479,4.169,-9.452
177.60,-6.760,4.123,3.141,PATROL,14,14,-6.872,4.101,-3.130,,-6.560,4.171,-9.452
177.81,-6.842,4.123,3.141,PATROL,14,14,-6.951,4.100,-3.130,,-6.642,4.173,-9.452
178.00,-6.923,4.123,3.141,PATROL,14,14,-7.031,4.099,-3.130,,-6.723,4.175,-9.452
178.20,-7.005,4.123,3.141,PATROL,14,14,-7.111,4.098,-3.130,,-6.805,4.178,-9.452
178.40,-7.086,4.124,3.141,PATROL,14,14,-7.191,4.097,-3.131,,-6.886,4.180,-9.452
178.61,-7.168,4.124,3.141,PATROL,14,14,-7.271,4.096,-3.131,,-6.968,4.182,-9.452
178.80,-7.250,4.124,3.141,PATROL,14,14,-7.351,4.095,-3.131,,-7.049,4.184,-9.453
179.01,-7.317,4.124,3.141,PATROL,14,14,-7.431,4.095,-3.131,,-7.117,4.186,-9.453
179.20,-7.399,4.124,3.140,PATROL,14,14,-7.511,4.094,-3.131,,-7.199,4.189,-9.453
179.40,-7.480,4.124,3.140,PATROL,14,14,-7.590,4.093,-3.131,,-7.280,4.191,-9.453
179.60,-7.562,4.124,3.140,PATROL,15,13,-7.670,4.092,-3.131,,-7.362,4.193,-9.453
179.81,-7.644,4.124,3.140,PATROL,15,13,-7.750,4.091,-3.131,,-7.444,4.196,-9.453
180.00,-7.725,4.124,3.141,PATROL,15,13,-7.830,4.090,-3.131,,-7.525,4.198,-9.453
180.21,-7.807,4.124,3.141,PATROL,15,13,-7.910,4.090,-3.131,,-7.607,4.200,-9.452
180.40,-7.888,4.124,3.141,PATROL,15,13,-7.990,4.089,-3.130,,-7.688,4.202,-9.452
180.61,-7.970,4.124,3.141,PATROL,15,13,-8.070,4.088,-3.130,,-7.770,4.205,-9.452
180.81,-8.038,4.124,-3.142,PATROL,15,13,-8.150,4.087,-3.130,,-7.838,4.206,-9.452
181.00,-8.119,4.124,-3.141,PATROL,15,13,-8.230,4.086,-3.130,,-7.919,4.209,-9.452
181.20,-8.201,4.124,-3.141,PATROL,15,13,-8.310,4.085,-3.130,,-8.001,4.211,-9.451
181.41,-8.283,4.124,-3.141,PATROL,15,13,-8.390,4.084,-3.130,,-8.082,4.213,-9.451
181.60,-8.364,4.124,-3.141,PATROL,15,13,-8.470,4.083,-3.130,,-8.164,4.215,-9.451
181.81,-8.446,4.124,-3.141,PATROL,15,13,-8.550,4.082,-3.129,,-8.246,4.217,-9.451
182.00,-8.527,4.124,-3.141,PATROL,15,13,-8.630,4.081,-3.129,,-8.327,4.220,-9.451
182.20,-8.609,4.124,-3.141,PATROL,15,13,-8.709,4.080,-3.129,,-8.409,4.222,-9.451
182.40,-8.677,4.124,-3.141,PATROL,15,13,-8.789,4.079,-3.129,,-8.477,4.223,-9.451
182.60,-8.758,4.124,-3.141,PATROL,15,13,-8.869,4.078,-3.129,,-8.558,4.226,-9.451
182.80,-8.840,4.124,-3.141,PATROL,15,13,-8.949,4.077,-3.129,,-8.640,4.228,-9.451
183.01,-8.921,4.124,-3.141,PATROL,15,13,-9.029,4.076,-3.130,,-8.721,4.230,-9.451
183.21,-9.003,4.124,-3.141,PATROL,15,13,-9.109,4.075,-3.130,,-8.803,4.232,-9.451
183.41,-9.084,4.124,-3.141,PATROL,15,13,-9.189,4.074,-3.130,,-8.885,4.234,-9.451
183.60,-9.166,4.124,-3.141,PATROL,15,13,-9.269,4.073,-3.130,,-8.966,4.236,-9.451
183.81,-9.248,4.124,-3.141,PATROL,15,13,-9.349,4.073,-3.130,,-9.048,4.239,-9.451
184.00,-9.316,4.124,-3.141,PATROL,15,13,-9.429,4.072,-3.130,,-9.116,4.240,-9.452
184.20,-9.397,4.124,-3.141,PATROL,15,13,-9.509,4.071,-3.130,,-9.197,4.243,-9.452
184.41,-9.479,4.124,-3.141,PATROL,15,13,-9.588,4.070,-3.130,,-9.279,4.245,-9.452
184.61,-9.560,4.124,-3.142,PATROL,15,13,-9.668,4.069,-3.130,,-9.360,4.247,-9.452
184.80,-9.642,4.124,3.142,PATROL,15,13,-9.748,4.068,-3.130,,-9.442,4.249,-9.452
185.01,-9.723,4.124,3.142,PATROL,15,13,-9.828,4.067,-3.130,,-9.523,4.251,-9.452
185.21,-9.805,4.124,3.141,PATROL,15,13,-9.908,4.066,-3.130,,-9.605,4.254,-9.452
185.41,-9.886,4.124,3.141,PATROL,15,13,-9.988,4.065,-3.130,,-9.686,4.256,-9.452
185.60,-9.954,4.124,3.141,PATROL,15,13,-10.068,4.064,-3.130,,-9.754,4.258,-9.452
185.81,-10.036,4.124,3.141,PATROL,15,13,-10.148,4.063,-3.130,,-9.836,4.260,-9.452
186.00,-10.117,4.124,3.141,PATROL,15,13,-10.228,4.062,-3.130,,-9.917,4.262,-9.452
186.21,-10.199,4.124,3.141,PATROL,15,13,-10.307,4.061,-3.131,,-9.999,4.264,-9.452
186.40,-10.280,4.124,3.141,PATROL,15,13,-10.387,4.061,-3.131,,-10.080,4.267,-9.453
186.61,-10.362,4.124,3.140,PATROL,16,0,-10.467,4.060,-3.131,,-10.162,4.269,-9.453
186.80,-10.412,4.125,3.096,PATROL,16,0,-10.517,4.060,3.108,,-10.212,4.271,-9.497
187.00,-10.422,4.126,3.031,PATROL,16,0,-10.529,4.061,3.042,,-10.223,4.272,-9.562
187.21,-10.422,4.126,2.926,PATROL,16,0,-10.529,4.061,2.937,,-10.223,4.272,-9.668
187.41,-10.422,4.126,2.815,PATROL,16,0,-10.529,4.061,2.826,,-10.223,4.272,-9.779
187.61,-10.422,4.126,2.704,PATROL,16,0,-10.528,4.061,2.716,,-10.223,4.272,-9.889
187.81,-10.422,4.126,2.594,PATROL,16,0,-10.528,4.061,2.606,,-10.223,4.272,-10.000
188.00,-10.422,4.126,2.484,PATROL,16,0,-10.528,4.061,2.495,,-10.223,4.272,-10.110
188.21,-10.422,4.126,2.373,PATROL,16,0,-10.528,4.060,2.384,,-10.223,4.272,-10.221
188.40,-10.422,4.126,2.262,PATROL,16,0,-10.528,4.060,2.274,,-10.223,4.272,-10.331
188.61,-10.422,4.126,2.151,PATROL,16,0,-10.527,4.060,2.163,,-10.223,4.272,-10.442
188.80,-10.422,4.126,2.041,PATROL,16,0,-10.527,4.060,2.052,,-10.223,4.272,-10.553
189.01,-10.422,4.126,1.930,PATROL,16,0,-10.527,4.060,1.942,,-10.223,4.272,-10.664
189.20,-10.423,4.127,1.820,PATROL,16,0,-10.528,4.061,1.831,,-10.223,4.274,-10.774
189.41,-10.424,4.134,1.710,PATROL,16,0,-10.529,4.068,1.721,,-10.224,4.281,-10.884
189.61,-10.425,4.147,1.599,PATROL,16,0,-10.530,4.081,1.611,,-10.225,4.294,-10.995
189.81,-10.425,4.166,1.489,PATROL,16,0,-10.530,4.099,1.501,,-10.224,4.313,-11.105
190.00,-10.421,4.190,1.380,PATROL,16,0,-10.527,4.123,1.391,,-10.220,4.337,-11.214
190.21,-10.414,4.220,1.270,PATROL,16,0,-10.520,4.151,1.281,,-10.211,4.366,-11.324
190.40,-10.401,4.254,1.160,PATROL,16,0,-10.508,4.184,1.171,,-10.198,4.399,-11.435
190.60,-10.385,4.284,1.049,PATROL,16,0,-10.490,4.220,1.061,,-10.181,4.430,-11.545
190.80,-10.360,4.324,0.939,PATROL,16,0,-10.466,4.259,0.950,,-10.155,4.468,-11.655
191.00,-10.327,4.364,0.829,PATROL,16,0,-10.434,4.298,0.841,,-10.121,4.508,-11.765
191.21,-10.286,4.405,0.730,PATROL,16,0,-10.394,4.338,0.741,,-10.079,4.547,-11.865
191.41,-10.238,4.445,0.650,PATROL,16,0,-10.348,4.378,0.662,,-10.029,4.586,-11.945
191.61,-10.183,4.483,0.587,PATROL,16,0,-10.295,4.416,0.599,,-9.973,4.623,-12.007
191.81,-10.124,4.521,0.537,PATROL,16,0,-10.238,4.453,0.549,,-9.913,4.659,-12.058
192.00,-10.061,4.556,0.498,PATROL,16,0,-10.177,4.488,0.509,,-9.849,4.692,-12.097
192.20,-9.995,4.590,0.466,PATROL,16,0,-10.113,4.523,0.478,,-9.782,4.725,-12.129
192.40,-9.939,4.618,0.441,PATROL,16,0,-10.047,4.556,0.452,,-9.725,4.751,-12.154
192.60,-9.869,4.650,0.421,PATROL,16,0,-9.979,4.588,0.432,,-9.654,4.781,-12.174
192.81,-9.798,4.681,0.405,PATROL,16,0,-9.909,4.619,0.416,,-9.582,4.810,-12.190
193.00,-9.725,4.712,0.392,PATROL,16,0,-9.839,4.650,0.404,,-9.509,4.839,-12.203
193.20,-9.652,4.742,0.382,PATROL,16,0,-9.767,4.680,0.393,,-9.435,4.866,-12.213
193.41,-9.578,4.771,0.374,PATROL,16,0,-9.695,4.710,0.385,,-9.360,4.894,-12.221
193.60,-9.503,4.800,0.367,PATROL,16,0,-9.622,4.739,0.379,,-9.284,4.920,-12.228
193.80,-9.428,4.828,0.362,PATROL,16,0,-9.550,4.767,0.374,,-9.208,4.947,-12.233
194.00,-9.365,4.852,0.358,PATROL,16,0,-9.476,4.796,0.370,,-9.145,4.969,-12.237
194.20,-9.290,4.880,0.355,PATROL,16,0,-9.402,4.825,0.366,,-9.069,4.995,-12.240
194.40,-9.214,4.908,0.352,PATROL,16,0,-9.328,4.853,0.364,,-8.992,5.021,-12.243
194.61,-9.138,4.936,0.350,PATROL,16,0,-9.254,4.881,0.362,,-8.915,5.046,-12.245
194.80,-9.061,4.964,0.348,PATROL,16,0,-9.179,4.909,0.360,,-8.838,5.072,-12.247
195.00,-8.985,4.991,0.347,PATROL,16,0,-9.105,4.937,0.359,,-8.761,5.097,-12.248
195.20,-8.909,5.019,0.346,PATROL,16,0,-9.030,4.965,0.358,,-8.683,5.123,-12.249
195.41,-8.832,5.047,0.345,PATROL,16,0,-8.956,4.993,0.357,,-8.606,5.148,-12.250
195.60,-8.768,5.069,0.344,PATROL,16,0,-8.881,5.021,0.356,,-8.542,5.169,-12.250
195.81,-8.692,5.097,0.344,PATROL,16,0,-8.806,5.048,0.356,,-8.464,5.195,-12.251
196.00,-8.615,5.124,0.343,PATROL,16,0,-8.732,5.076,0.355,,-8.387,5.220,-12.252
196.20,-8.538,5.152,0.343,PATROL,16,0,-8.657,5.104,0.355,,-8.309,5.245,-12.252
196.40,-8.462,5.179,0.342,PATROL,16,0,-8.582,5.131,0.354,,-8.232,5.270,-12.252
196.60,-8.385,5.206,0.342,PATROL,16,0,-8.507,5.159,0.354,,-8.154,5.295,-12.252
196.80,-8.308,5.234,0.342,PATROL,16,0,-8.432,5.187,0.354,,-8.077,5.321,-12.253
197.00,-8.231,5.261,0.342,PATROL,16,0,-8.357,5.214,0.354,,-7.999,5.346,-12.253
197.20,-8.154,5.288,0.342,PATROL,16,0,-8.283,5.242,0.354,,-7.922,5.371,-12.253
197.40,-8.091,5.311,0.342,PATROL,16,0,-8.208,5.270,0.354,,-7.857,5.392,-12.253
197.61,-8.014,5.338,0.342,PATROL,16,0,-8.133,5.297,0.354,,-7.779,5.417,-12.253
197.80,-7.937,5.366,0.342,PATROL,16,0,-8.058,5.325,0.354,,-7.702,5.442,-12.253
198.01,-7.860,5.393,0.342,PATROL,16,0,-7.983,5.353,0.353,,-7.624,5.467,-12.253
198.21,-7.783,5.420,0.341,PATROL,16,0,-7.908,5.380,0.353,,-7.547,5.492,-12.253
198.40,-7.706,5.448,0.341,PATROL,16,0,-7.833,5.408,0.353,,-7.469,5.517,-12.253
198.60,-7.630,5.475,0.341,PATROL,16,0,-7.758,5.435,0.353,,-7.392,5.542,-12.253
198.80,-7.553,5.502,0.341,PATROL,16,0,-7.683,5.463,0.353,,-7.314,5.568,-12.253
199.00,-7.489,5.525,0.341,PATROL,16,0,-7.608,5.491,0.353,,-7.249,5.588,-12.253
199.20,-7.412,5.552,0.341,PATROL,16,0,-7.534,5.518,0.353,,-7.172,5.614,-12.254
199.40,-7.335,5.580,0.341,PATROL,16,0,-7.459,5.546,0.353,,-7.094,5.639,-12.254
199.60,-7.258,5.607,0.341,PATROL,16,0,-7.384,5.573,0.353,,-7.017,5.664,-12.254
199.81,-7.182,5.634,0.341,PATROL,16,0,-7.309,5.601,0.353,,-6.939,5.689,-12.254
200.00,-7.105,5.661,0.341,PATROL,16,0,-7.234,5.629,0.353,,-6.861,5.714,-12.254
200.21,-7.028,5.689,0.341,PATROL,16,0,-7.159,5.656,0.353,,-6.784,5.739,-12.254
200.40,-6.951,5.716,0.341,PATROL,16,0,-7.084,5.684,0.353,,-6.706,5.764,-12.254
200.61,-6.887,5.739,0.341,PATROL,16,0,-7.009,5.711,0.353,,-6.641,5.785,-12.254
200.81,-6.810,5.766,0.341,PATROL,16,0,-6.934,5.739,0.353,,-6.564,5.810,-12.254
201.00,-6.733,5.793,0.341,PATROL,16,0,-6.859,5.767,0.353,,-6.486,5.835,-12.254
201.20,-6.657,5.820,0.341,PATROL,16,0,-6.784,5.794,0.353,,-6.409,5.860,-12.254
201.40,-6.580,5.848,0.341,PATROL,16,0,-6.709,5.822,0.353,,-6.331,5.885,-12.254
201.60,-6.503,5.875,0.341,PATROL,16,0,-6.634,5.849,0.353,,-6.253,5.911,-12.254
201.81,-6.426,5.902,0.341,PATROL,16,0,-6.559,5.877,0.353,,-6.176,5.936,-12.254
202.00,-6.349,5.929,0.341,PATROL,16,0,-6.484,5.905,0.353,,-6.098,5.961,-12.254
202.21,-6.272,5.957,0.341,PATROL,16,0,-6.410,5.932,0.353,,-6.020,5.986,-12.254
202.40,-6.208,5.979,0.341,PATROL,16,0,-6.335,5.960,0.353,,-5.956,6.007,-12.254
202.60,-6.132,6.007,0.341,PATROL,16,0,-6.260,5.987,0.353,,-5.878,6.032,-12.254
202.80,-6.055,6.034,0.341,PATROL,16,0,-6.185,6.015,0.353,,-5.801,6.057,-12.254
203.01,-5.978,6.061,0.341,PATROL,16,0,-6.110,6.042,0.353,,-5.723,6.082,-12.254
203.21,-5.901,6.088,0.341,PATROL,16,0,-6.035,6.070,0.353,,-5.645,6.107,-12.254
203.40,-5.824,6.116,0.341,PATROL,16,0,-5.960,6.098,0.353,,-5.568,6.132,-12.254
203.61,-5.747,6.143,0.341,PATROL,16,0,-5.885,6.125,0.353,,-5.490,6.157,-12.254
203.80,-5.671,6.170,0.341,PATROL,16,0,-5.810,6.153,0.353,,-5.413,6.182,-12.254
204.00,-5.607,6.193,0.341,PATROL,16,0,-5.735,6.180,0.353,,-5.348,6.203,-12.254
204.21,-5.530,6.220,0.341,PATROL,16,0,-5.660,6.208,0.353,,-5.270,6.228,-12.254
204.40,-5.453,6.247,0.341,PATROL,16,0,-5.586,6.235,0.353,,-5.193,6.253,-12.254
204.61,-5.376,6.275,0.341,PATROL,16,0,-5.511,6.263,0.353,,-5.115,6.278,-12.254
204.80,-5.299,6.302,0.341,PATROL,16,0,-5.436,6.290,0.353,,-5.038,6.303,-12.254
205.00,-5.223,6.329,0.340,PATROL,16,0,-5.361,6.318,0.353,,-4.960,6.328,-12.254
205.20,-5.146,6.356,0.340,PATROL,16,0,-5.286,6.346,0.353,,-4.882,6.353,-12.254
205.40,-5.069,6.383,0.340,PATROL,16,0,-5.211,6.373,0.353,,-4.805,6.378,-12.254
205.60,-5.005,6.406,0.340,PATROL,16,0,-5.136,6.401,0.352,,-4.740,6.399,-12.254
205.81,-4.928,6.433,0.340,PATROL,16,0,-5.061,6.428,0.352,,-4.662,6.424,-12.254
206.00,-4.851,6.461,0.340,PATROL,16,0,-4.986,6.456,0.352,,-4.585,6.449,-12.254
206.20,-4.774,6.488,0.340,PATROL,16,0,-4.912,6.483,0.352,,-4.507,6.474,-12.254
206.41,-4.697,6.515,0.340,PATROL,16,0,-4.836,6.511,0.352,,-4.430,6.499,-12.254
206.60,-4.621,6.542,0.340,PATROL,16,0,-4.762,6.538,0.352,,-4.352,6.524,-12.254
206.80,-4.544,6.569,0.340,PATROL,16,0,-4.687,6.566,0.352,,-4.274,6.550,-12.254
207.01,-4.467,6.597,0.340,PATROL,16,0,-4.612,6.593,0.352,,-4.197,6.574,-12.255
207.21,-4.390,6.624,0.340,PATROL,16,0,-4.537,6.621,0.352,,-4.119,6.600,-12.255
207.40,-4.326,6.646,0.340,PATROL,16,0,-4.462,6.648,0.352,,-4.054,6.620,-12.255
207.60,-4.249,6.674,0.340,PATROL,16,0,-4.387,6.676,0.352,,-3.977,6.645,-12.255
207.81,-4.172,6.701,0.340,PATROL,16,0,-4.312,6.703,0.352,,-3.899,6.670,-12.255
208.00,-4.096,6.728,0.340,PATROL,16,0,-4.237,6.731,0.352,,-3.822,6.695,-12.255
208.20,-4.019,6.755,0.340,PATROL,16,0,-4.162,6.759,0.352,,-3.744,6.720,-12.255
208.41,-3.942,6.782,0.340,PATROL,16,0,-4.087,6.786,0.352,,-3.666,6.745,-12.255
208.61,-3.865,6.809,0.340,PATROL,16,0,-4.012,6.814,0.352,,-3.589,6.770,-12.255
208.80,-3.788,6.837,0.340,PATROL,16,0,-3.937,6.841,0.352,,-3.511,6.795,-12.255
209.00,-3.724,6.859,0.340,PATROL,16,0,-3.862,6.868,0.352,,-3.446,6.816,-12.255
209.21,-3.647,6.886,0.340,PATROL,16,0,-3.787,6.896,0.352,,-3.369,6.841,-12.255
209.40,-3.570,6.914,0.339,PATROL,16,0,-3.712,6.923,0.352,,-3.291,6.866,-12.255
209.61,-3.494,6.941,0.339,PATROL,16,0,-3.637,6.951,0.352,,-3.214,6.891,-12.255
209.81,-3.417,6.968,0.339,PATROL,16,0,-3.562,6.978,0.351,,-3.136,6.916,-12.255
210.00,-3.340,6.995,0.339,PATROL,16,0,-3.487,7.006,0.351,,-3.058,6.941,-12.256
210.21,-3.263,7.022,0.339,PATROL,16,0,-3.412,7.033,0.351,,-2.981,6.966,-12.256
210.40,-3.186,7.049,0.339,PATROL,16,0,-3.338,7.061,0.351,,-2.903,6.991,-12.256
210.60,-3.122,7.072,0.339,PATROL,16,0,-3.262,7.088,0.351,,-2.838,7.012,-12.256
210.80,-3.045,7.099,0.339,PATROL,16,0,-3.188,7.116,0.351,,-2.761,7.036,-12.256
211.01,-2.968,7.126,0.339,PATROL,16,0,-3.113,7.143,0.351,,-2.683,7.061,-12.256
211.20,-2.891,7.153,0.339,PATROL,16,0,-3.038,7.170,0.351,,-2.605,7.086,-12.256
211.40,-2.815,7.180,0.339,PATROL,16,0,-2.963,7.198,0.351,,-2.528,7.111,-12.256
211.60,-2.738,7.207,0.338,PATROL,16,0,-2.888,7.225,0.351,,-2.450,7.136,-12.256
211.80,-2.661,7.234,0.338,PATROL,16,0,-2.813,7.253,0.350,,-2.373,7.161,-12.257
212.01,-2.584,7.261,0.338,PATROL,16,0,-2.738,7.280,0.350,,-2.295,7.186,-12.257
212.20,-2.520,7.284,0.338,PATROL,16,0,-2.663,7.307,0.350,,-2.230,7.206,-12.257
212.40,-2.443,7.311,0.338,PATROL,16,0,-2.588,7.335,0.350,,-2.152,7.231,-12.257
212.60,-2.366,7.338,0.337,PATROL,16,0,-2.513,7.362,0.350,,-2.075,7.256,-12.257
212.80,-2.289,7.365,0.337,PATROL,16,0,-2.438,7.389,0.349,,-1.997,7.281,-12.257
213.01,-2.212,7.392,0.337,PATROL,16,0,-2.363,7.417,0.349,,-1.920,7.306,-12.258
213.20,-2.136,7.419,0.337,PATROL,17,0,-2.288,7.444,0.349,,-1.842,7.330,-12.258
213.40,-2.072,7.438,0.276,PATROL,17,0,-2.227,7.464,0.288,,-1.778,7.349,-12.318
213.60,-2.006,7.455,0.222,PATROL,17,0,-2.162,7.481,0.234,,-1.711,7.363,-12.373
213.81,-1.936,7.469,0.177,PATROL,17,0,-2.094,7.496,0.189,,-1.641,7.375,-12.417
214.00,-1.876,7.479,0.142,PATROL,17,0,-2.023,7.508,0.154,,-1.580,7.383,-12.453
214.21,-1.801,7.488,0.113,PATROL,17,0,-1.950,7.518,0.125,,-1.506,7.391,-12.482
214.40,-1.726,7.496,0.090,PATROL,17,0,-1.876,7.527,0.102,,-1.430,7.396,-12.505
214.61,-1.649,7.502,0.072,PATROL,17,0,-1.801,7.534,0.084,,-1.353,7.400,-12.523
214.80,-1.571,7.507,0.057,PATROL,17,0,-1.725,7.540,0.069,,-1.275,7.403,-12.538
215.00,-1.492,7.511,0.044,PATROL,17,0,-1.648,7.544,0.057,,-1.196,7.405,-12.550
215.20,-1.413,7.514,0.035,PATROL,17,0,-1.571,7.548,0.047,,-1.117,7.406,-12.560
215.41,-1.333,7.517,0.027,PATROL,17,0,-1.493,7.552,0.039,,-1.037,7.406,-12.568
215.60,-1.267,7.518,0.021,PATROL,17,0,-1.415,7.555,0.033,,-0.970,7.406,-12.574
215.80,-1.187,7.520,0.016,PATROL,17,0,-1.336,7.557,0.028,,-0.890,7.405,-12.579
216.00,-1.106,7.521,0.012,PATROL,17,0,-1.257,7.559,0.024,,-0.809,7.404,-12.583
216.21,-1.025,7.522,0.008,PATROL,17,0,-1.179,7.561,0.021,,-0.729,7.402,-12.587
216.40,-0.945,7.522,0.006,PATROL,17,0,-1.099,7.562,0.018,,-0.648,7.400,-12.589
216.61,-0.864,7.523,0.004,PATROL,17,0,-1.020,7.564,0.016,,-0.567,7.398,-12.591
216.80,-0.783,7.523,0.002,PATROL,17,0,-0.941,7.565,0.014,,-0.486,7.396,-12.593
217.00,-0.702,7.523,0.001,PATROL,17,0,-0.862,7.566,0.013,,-0.405,7.394,-12.594
217.20,-0.634,7.523,0.000,PATROL,17,0,-0.783,7.567,0.012,,-0.337,7.392,-12.595
217.40,-0.553,7.523,-0.001,PATROL,17,0,-0.703,7.568,0.012,,-0.256,7.390,-12.596
217.60,-0.472,7.523,-0.001,PATROL,17,0,-0.624,7.569,0.011,,-0.175,7.387,-12.596
217.80,-0.391,7.523,-0.002,PATROL,17,0,-0.544,7.569,0.010,,-0.094,7.385,-12.597
218.00,-0.309,7.523,-0.003,PATROL,17,0,-0.465,7.570,0.009,,-0.013,7.382,-12.598
218.20,-0.228,7.522,-0.005,PATROL,17,0,-0.385,7.571,0.008,,0.069,7.380,-12.599
218.40,-0.147,7.522,-0.006,PATROL,17,0,-0.305,7.571,0.007,,0.150,7.377,-12.600
218.61,-0.065,7.521,-0.006,PATROL,17,0,-0.226,7.572,0.006,,0.231,7.374,-12.601
218.80,0.016,7.521,-0.007,PATROL,17,0,-0.146,7.572,0.005,,0.313,7.371,-12.602
219.00,0.084,7.520,-0.008,PATROL,17,0,-0.066,7.573,0.004,,0.380,7.369,-12.603
219.20,0.165,7.520,-0.008,PATROL,17,0,0.014,7.573,0.004,,0.462,7.366,-12.603
219.41,0.247,7.519,-0.009,PATROL,17,0,0.093,7.573,0.003,,0.543,7.363,-12.604
219.60,0.328,7.518,-0.009,PATROL,17,0,0.173,7.573,0.003,,0.625,7.360,-12.604
219.81,0.410,7.517,-0.009,PATROL,17,0,0.253,7.574,0.003,,0.706,7.357,-12.604
220.00,0.491,7.517,-0.010,PATROL,17,0,0.333,7.574,0.003,,0.788,7.354,-12.605
220.20,0.572,7.516,-0.010,PATROL,17,0,0.413,7.574,0.002,,0.869,7.351,-12.605
220.40,0.654,7.515,-0.010,PATROL,17,0,0.493,7.574,0.002,,0.950,7.347,-12.605
220.61,0.722,7.514,-0.010,PATROL,17,0,0.573,7.574,0.002,,1.018,7.345,-12.605
220.80,0.803,7.514,-0.010,PATROL,17,0,0.652,7.575,0.002,,1.100,7.342,-12.605
221.01,0.885,7.513,-0.010,PATROL,17,0,0.732,7.575,0.002,,1.181,7.339,-12.605
221.20,0.966,7.512,-0.011,PATROL,17,0,0.812,7.575,0.002,,1.263,7.335,-12.605
221.40,1.048,7.511,-0.011,PATROL,17,0,0.892,7.575,0.002,,1.345,7.332,-12.606
221.60,1.129,7.510,-0.011,PATROL,17,0,0.972,7.575,0.001,,1.426,7.329,-12.606
221.81,1.211,7.509,-0.011,PATROL,17,0,1.051,7.575,0.001,,1.507,7.326,-12.606
222.00,1.292,7.508,-0.011,PATROL,17,0,1.131,7.575,0.001,,1.589,7.323,-12.606
222.21,1.360,7.507,-0.012,PATROL,17,0,1.211,7.575,0.001,,1.657,7.320,-12.606
222.41,1.442,7.507,-0.012,PATROL,17,0,1.291,7.575,0.000,,1.738,7.317,-12.607
222.60,1.523,7.506,-0.012,PATROL,17,0,1.371,7.575,-0.000,,1.820,7.313,-12.607
222.80,1.605,7.505,-0.013,PATROL,18,29,1.451,7.575,-0.000,,1.901,7.310,-12.607
223.00,1.676,7.503,-0.035,PATROL,18,29,1.520,7.575,-0.023,,1.972,7.307,-12.630
223.20,1.705,7.502,-0.095,PATROL,18,29,1.549,7.574,-0.083,,2.001,7.304,-12.690
223.40,1.720,7.499,-0.200,PATROL,18,29,1.562,7.572,-0.188,,2.016,7.301,-12.795
223.60,1.739,7.494,-0.310,PATROL,18,29,1.581,7.567,-0.297,,2.035,7.296,-12.905
223.81,1.763,7.485,-0.419,PATROL,18,29,1.604,7.559,-0.407,,2.059,7.286,-13.014
224.00,1.786,7.473,-0.528,PATROL,18,29,1.630,7.545,-0.516,,2.082,7.273,-13.123
224.20,1.816,7.454,-0.638,PATROL,18,29,1.660,7.526,-0.626,,2.111,7.253,-13.233
224.40,1.848,7.427,-0.748,PATROL,18,29,1.691,7.501,-0.736,,2.142,7.226,-13.343
224.60,1.880,7.394,-0.858,PATROL,18,29,1.723,7.469,-0.846,,2.173,7.191,-13.453
224.80,1.912,7.353,-0.968,PATROL,18,29,1.754,7.429,-0.956,,2.204,7.149,-13.563
225.00,1.942,7.304,-1.072,PATROL,18,29,1.783,7.383,-1.060,,2.232,7.099,-13.667
225.20,1.969,7.248,-1.155,PATROL,18,29,1.810,7.329,-1.143,,2.258,7.042,-13.750
225.40,1.993,7.186,-1.222,PATROL,18,29,1.835,7.270,-1.210,,2.280,6.980,-13.817
225.60,2.011,7.132,-1.276,PATROL,18,29,1.857,7.206,-1.264,,2.297,6.925,-13.871
225.81,2.031,7.063,-1.319,PATROL,18,29,1.876,7.139,-1.307,,2.314,6.856,-13.914
226.00,2.048,6.992,-1.355,PATROL,18,29,1.894,7.070,-1.342,,2.329,6.784,-13.950
226.20,2.063,6.918,-1.383,PATROL,18,29,1.909,6.998,-1.371,,2.342,6.710,-13.978
226.40,2.076,6.843,-1.406,PATROL,18,29,1.923,6.925,-1.393,,2.353,6.635,-14.001
226.60,2.088,6.767,-1.424,PATROL,18,29,1.936,6.850,-1.412,,2.363,6.558,-14.019
226.80,2.099,6.689,-1.439,PATROL,18,29,1.947,6.775,-1.426,,2.372,6.481,-14.034
227.01,2.109,6.611,-1.451,PATROL,18,29,1.958,6.698,-1.439,,2.379,6.402,-14.046
227.20,2.116,6.546,-1.461,PATROL,18,29,1.968,6.622,-1.448,,2.385,6.336,-14.056
227.40,2.125,6.467,-1.469,PATROL,18,29,1.977,6.544,-1.456,,2.391,6.257,-14.064
227.60,2.132,6.387,-1.475,PATROL,18,29,1.986,6.466,-1.463,,2.397,6.177,-14.070
227.80,2.140,6.307,-1.481,PATROL,18,29,1.994,6.389,-1.468,,2.402,6.097,-14.076
228.00,2.147,6.227,-1.485,PATROL,18,29,2.002,6.310,-1.473,,2.406,6.017,-14.081
228.20,2.154,6.147,-1.489,PATROL,18,29,2.009,6.231,-1.477,,2.411,5.936,-14.084
228.40,2.160,6.066,-1.492,PATROL,18,29,2.017,6.152,-1.480,,2.415,5.855,-14.088
228.60,2.166,5.985,-1.495,PATROL,18,29,2.024,6.073,-1.482,,2.419,5.774,-14.090
228.80,2.171,5.918,-1.497,PATROL,18,29,2.031,5.994,-1.485,,2.422,5.707,-14.092
229.00,2.177,5.837,-1.499,PATROL,18,29,2.037,5.915,-1.486,,2.426,5.626,-14.094
229.20,2.183,5.756,-1.500,PATROL,18,29,2.044,5.836,-1.488,,2.429,5.545,-14.096
229.40,2.189,5.675,-1.502,PATROL,18,29,2.051,5.756,-1.489,,2.432,5.463,-14.097
229.60,2.194,5.594,-1.503,PATROL,18,29,2.057,5.677,-1.490,,2.436,5.382,-14.098
229.80,2.200,5.513,-1.504,PATROL,18,29,2.063,5.597,-1.491,,2.439,5.301,-14.099
230.01,2.205,5.431,-1.504,PATROL,18,29,2.070,5.518,-1.492,,2.442,5.220,-14.100
230.20,2.211,5.350,-1.505,PATROL,18,29,2.076,5.439,-1.492,,2.445,5.138,-14.100
230.40,2.216,5.269,-1.506,PATROL,18,29,2.082,5.359,-1.493,,2.448,5.057,-14.101
230.60,2.220,5.201,-1.506,PATROL,18,29,2.088,5.279,-1.494,,2.450,4.989,-14.101
230.80,2.226,5.120,-1.506,PATROL,18,29,2.095,5.200,-1.494,,2.453,4.907,-14.102
231.00,2.231,5.039,-1.507,PATROL,18,29,2.101,5.120,-1.494,,2.456,4.826,-14.102
231.20,2.236,4.957,-1.507,PATROL,18,29,2.107,5.040,-1.494,,2.459,4.744,-14.102
231.40,2.241,4.876,-1.507,PATROL,18,29,2.113,4.961,-1.495,,2.462,4.663,-14.102
231.60,2.246,4.795,-1.507,PATROL,18,29,2.119,4.881,-1.495,,2.465,4.581,-14.103
231.80,2.252,4.713,-1.508,PATROL,18,29,2.125,4.801,-1.495,,2.467,4.500,-14.103
232.00,2.257,4.632,-1.508,PATROL,18,29,2.131,4.722,-1.496,,2.470,4.418,-14.103
232.20,2.261,4.564,-1.508,PATROL,18,29,2.137,4.642,-1.496,,2.473,4.351,-14.104
232.40,2.266,4.483,-1.509,ALIGN,18,29,2.143,4.563,-1.496,ball_8,2.475,4.269,-14.104
232.60,2.269,4.429,-1.558,ALIGN,18,29,2.146,4.513,-1.546,ball_5,2.476,4.215,-14.153
232.80,2.269,4.411,-1.561,ALIGN,18,29,2.146,4.496,-1.548,,2.476,4.198,-14.156
233.01,2.269,4.410,-1.464,ALIGN,18,29,2.146,4.495,-1.451,ball_5,2.476,4.196,-14.059
233.21,2.269,4.410,-1.357,ALIGN,18,29,2.147,4.495,-1.344,ball_8,2.476,4.196,-13.953
233.40,2.269,4.410,-1.248,ALIGN,18,29,2.147,4.494,-1.235,ball_8,2.476,4.196,-13.843
233.60,2.269,4.410,-1.139,ALIGN,18,29,2.147,4.494,-1.126,ball_8,2.476,4.196,-13.734
233.80,2.269,4.410,-1.041,ALIGN,18,29,2.147,4.494,-1.028,ball_8,2.476,4.196,-13.636
234.01,2.269,4.410,-0.976,ALIGN,18,29,2.147,4.494,-0.963,ball_8,2.476,4.196,-13.571
234.20,2.269,4.410,-0.932,APPROACH,18,29,2.147,4.494,-0.920,ball_8,2.476,4.196,-13.527
234.41,2.281,4.395,-0.878,APPROACH,18,29,2.161,4.477,-0.865,ball_5,2.488,4.181,-13.473
234.60,2.317,4.353,-0.859,APPROACH,18,29,2.196,4.437,-0.847,ball_5,2.522,4.138,-13.454
234.80,2.357,4.307,-0.859,APPROACH,18,29,2.236,4.392,-0.846,ball_5,2.561,4.090,-13.454
235.00,2.397,4.260,-0.859,APPROACH,18,29,2.276,4.347,-0.846,ball_5,2.600,4.043,-13.454
235.21,2.437,4.214,-0.859,APPROACH,18,29,2.315,4.302,-0.846,ball_5,2.638,3.995,-13.454
235.41,2.477,4.168,-0.859,APPROACH,18,29,2.355,4.258,-0.846,ball_5,2.677,3.948,-13.453
235.61,2.510,4.129,-0.858,APPROACH,18,29,2.395,4.213,-0.846,ball_5,2.709,3.908,-13.453
235.81,2.550,4.083,-0.858,APPROACH,18,29,2.435,4.168,-0.846,ball_5,2.748,3.861,-13.453
236.00,2.590,4.037,-0.858,APPROACH,18,29,2.474,4.123,-0.846,ball_5,2.786,3.814,-13.453
236.21,2.630,3.990,-0.858,APPROACH,18,29,2.514,4.078,-0.846,ball_5,2.825,3.766,-13.453
236.40,2.670,3.944,-0.858,APPROACH,18,29,2.554,4.033,-0.846,ball_5,2.864,3.719,-13.453
236.60,2.710,3.898,-0.858,APPROACH,18,29,2.594,3.988,-0.846,ball_5,2.903,3.671,-13.453
236.80,2.750,3.851,-0.858,APPROACH,18,29,2.633,3.944,-0.846,ball_5,2.941,3.624,-13.453
237.00,2.790,3.805,-0.858,APPROACH,18,29,2.673,3.899,-0.846,ball_5,2.980,3.576,-13.453
237.20,2.823,3.766,-0.858,APPROACH,18,29,2.713,3.854,-0.846,ball_5,3.012,3.537,-13.453
237.40,2.863,3.720,-0.858,APPROACH,18,29,2.753,3.809,-0.846,ball_5,3.051,3.489,-13.453
237.61,2.903,3.674,-0.858,APPROACH,18,29,2.793,3.764,-0.846,ball_5,3.090,3.442,-13.453
237.81,2.943,3.627,-0.858,APPROACH,18,29,2.832,3.719,-0.846,ball_5,3.128,3.394,-13.453
238.00,2.983,3.581,-0.858,APPROACH,18,29,2.872,3.674,-0.846,ball_5,3.167,3.347,-13.453
238.20,3.023,3.535,-0.858,APPROACH,18,29,2.912,3.629,-0.846,ball_5,3.206,3.299,-13.453
238.40,3.063,3.489,-0.858,APPROACH,18,29,2.952,3.584,-0.846,ball_5,3.244,3.252,-13.453
238.60,3.103,3.442,-0.858,APPROACH,18,29,2.991,3.540,-0.846,ball_5,3.283,3.204,-13.453
238.80,3.137,3.404,-0.858,APPROACH,18,29,3.031,3.495,-0.846,ball_5,3.315,3.165,-13.453
239.01,3.177,3.357,-0.859,APPROACH,18,29,3.071,3.450,-0.846,ball_5,3.354,3.117,-13.453
239.20,3.217,3.311,-0.859,APPROACH,18,29,3.111,3.405,-0.846,ball_5,3.393,3.070,-13.454
239.40,3.257,3.265,-0.859,APPROACH,18,29,3.150,3.360,-0.846,ball_5,3.431,3.023,-13.454
239.60,3.297,3.218,-0.859,APPROACH,18,29,3.190,3.315,-0.846,ball_5,3.470,2.975,-13.454
239.80,3.337,3.172,-0.859,APPROACH,18,29,3.230,3.270,-0.846,ball_5,3.509,2.927,-13.454
240.00,3.377,3.126,-0.859,APPROACH,18,29,3.270,3.225,-0.846,ball_5,3.547,2.880,-13.454
240.20,3.417,3.079,-0.859,APPROACH,18,29,3.309,3.181,-0.846,ball_5,3.586,2.833,-13.454
240.40,3.457,3.033,-0.859,APPROACH,18,29,3.349,3.136,-0.846,ball_5,3.625,2.785,-13.454
240.60,3.490,2.994,-0.859,APPROACH,18,29,3.389,3.091,-0.846,ball_5,3.657,2.746,-13.454
240.80,3.530,2.948,-0.859,APPROACH,18,29,3.429,3.046,-0.847,ball_5,3.695,2.698,-13.454
241.00,3.570,2.902,-0.859,APPROACH,18,29,3.468,3.001,-0.847,ball_5,3.734,2.650,-13.454
241.20,3.610,2.855,-0.859,APPROACH,18,29,3.508,2.956,-0.847,ball_5,3.773,2.603,-13.454
241.41,3.650,2.809,-0.859,APPROACH,18,29,3.548,2.911,-0.847,ball_5,3.811,2.556,-13.454
241.61,3.690,2.763,-0.859,APPROACH,18,29,3.587,2.866,-0.847,ball_5,3.850,2.508,-13.454
241.80,3.730,2.716,-0.859,APPROACH,18,29,3.627,2.821,-0.847,ball_5,3.889,2.461,-13.454
242.01,3.770,2.670,-0.860,APPROACH,18,29,3.667,2.776,-0.847,ball_5,3.927,2.413,-13.455
242.21,3.803,2.631,-0.860,APPROACH,18,29,3.706,2.732,-0.847,ball_5,3.959,2.373,-13.455
242.40,3.843,2.585,-0.860,APPROACH,18,29,3.746,2.687,-0.847,ball_5,3.998,2.326,-13.455
242.60,3.883,2.539,-0.860,APPROACH,18,29,3.786,2.642,-0.847,ball_5,4.037,2.279,-13.455
242.81,3.923,2.492,-0.860,APPROACH,18,29,3.826,2.597,-0.847,ball_5,4.075,2.231,-13.455
243.00,3.963,2.446,-0.860,APPROACH,18,29,3.865,2.552,-0.848,ball_5,4.114,2.183,-13.455
243.21,4.003,2.399,-0.860,APPROACH,18,29,3.905,2.507,-0.848,ball_5,4.152,2.136,-13.455
243.40,4.043,2.353,-0.860,APPROACH,18,29,3.945,2.462,-0.848,ball_5,4.191,2.088,-13.455
243.60,4.083,2.307,-0.861,APPROACH,18,29,3.984,2.417,-0.848,ball_5,4.230,2.041,-13.456
243.80,4.116,2.268,-0.861,APPROACH,18,29,4.024,2.372,-0.848,ball_5,4.262,2.001,-13.456
244.00,4.156,2.222,-0.861,APPROACH,18,29,4.064,2.327,-0.848,ball_5,4.300,1.954,-13.456
244.20,4.196,2.175,-0.861,APPROACH,18,29,4.103,2.282,-0.849,ball_5,4.339,1.906,-13.456
244.40,4.235,2.129,-0.861,APPROACH,18,29,4.143,2.237,-0.849,ball_5,4.377,1.858,-13.456
244.60,4.275,2.082,-0.862,APPROACH,18,29,4.182,2.192,-0.849,ball_5,4.416,1.811,-13.457
244.80,4.315,2.036,-0.862,APPROACH,18,29,4.222,2.147,-0.850,ball_5,4.454,1.763,-13.457
245.01,4.355,1.989,-0.863,APPROACH,18,29,4.262,2.102,-0.850,ball_5,4.493,1.716,-13.458
245.20,4.395,1.943,-0.863,APPROACH,18,29,4.301,2.057,-0.851,ball_5,4.531,1.668,-13.458
245.40,4.435,1.896,-0.861,APPROACH,18,29,4.341,2.012,-0.849,,4.570,1.620,-13.456
245.61,4.468,1.858,-0.857,BLIND_DASH,18,29,4.380,1.967,-0.844,,4.602,1.581,-13.452
245.80,4.508,1.812,-0.854,BLIND_DASH,18,29,4.420,1.922,-0.841,,4.641,1.533,-13.449
246.00,4.545,1.769,-0.855,PATROL,18,29,4.457,1.881,-0.843,,4.677,1.490,-13.450
246.20,4.560,1.752,-0.868,PATROL,18,29,4.471,1.866,-0.856,,4.691,1.472,-13.463
246.40,4.561,1.751,-0.968,PATROL,18,29,4.472,1.864,-0.956,,4.692,1.471,-13.563
246.60,4.561,1.751,-1.079,PATROL,18,29,4.472,1.865,-1.067,,4.692,1.471,-13.674
246.80,4.561,1.751,-1.189,PATROL,18,29,4.472,1.865,-1.177,,4.692,1.471,-13.784
247.00,4.561,1.751,-1.300,PATROL,18,29,4.471,1.865,-1.288,,4.692,1.471,-13.895
247.20,4.561,1.751,-1.410,PATROL,18,29,4.471,1.865,-1.398,,4.692,1.471,-14.006
247.40,4.561,1.751,-1.521,PATROL,18,29,4.471,1.866,-1.509,,4.692,1.471,-14.116
247.61,4.561,1.751,-1.632,PATROL,18,29,4.471,1.866,-1.620,,4.692,1.471,-14.227
247.80,4.561,1.751,-1.742,PATROL,18,29,4.471,1.866,-1.730,,4.692,1.471,-14.337
248.00,4.561,1.751,-1.853,PATROL,18,29,4.471,1.866,-1.840,,4.692,1.471,-14.448
248.20,4.561,1.751,-1.963,PATROL,18,29,4.471,1.867,-1.951,,4.692,1.471,-14.559
248.40,4.561,1.751,-2.073,PATROL,18,29,4.471,1.867,-2.061,,4.692,1.471,-14.669
248.60,4.561,1.751,-2.184,PATROL,18,29,4.472,1.867,-2.172,,4.692,1.471,-14.780
248.80,4.561,1.751,-2.295,PATROL,18,29,4.472,1.867,-2.283,,4.692,1.471,-14.891
249.00,4.561,1.751,-2.406,ALIGN,18,29,4.472,1.867,-2.394,ball_2,4.692,1.471,-15.002
249.20,4.561,1.751,-2.517,ALIGN,18,29,4.472,1.868,-2.505,ball_2,4.692,1.471,-15.113
249.41,4.561,1.751,-2.627,ALIGN,18,29,4.472,1.868,-2.616,ball_2,4.692,1.471,-15.224
249.60,4.561,1.751,-2.738,ALIGN,18,29,4.472,1.868,-2.726,ball_2,4.692,1.471,-15.334
249.80,4.561,1.751,-2.848,ALIGN,18,29,4.473,1.868,-2.836,ball_2,4.692,1.471,-15.444
250.00,4.561,1.751,-2.930,ALIGN,18,29,4.473,1.868,-2.917,ball_2,4.692,1.471,-15.526
250.21,4.561,1.751,-2.984,ALIGN,18,29,4.473,1.868,-2.972,ball_2,4.692,1.471,-15.580
250.40,4.561,1.751,-3.021,APPROACH,18,29,4.473,1.868,-3.009,ball_2,4.692,1.471,-15.618
250.60,4.544,1.750,-3.097,APPROACH,18,29,4.453,1.866,-3.085,ball_2,4.675,1.470,-15.693
250.80,4.492,1.748,-3.125,APPROACH,18,29,4.402,1.865,-3.113,ball_2,4.623,1.471,-15.722
251.00,4.431,1.747,-3.119,APPROACH,18,29,4.342,1.863,-3.106,ball_2,4.562,1.472,-15.715
251.20,4.369,1.746,-3.114,APPROACH,18,29,4.282,1.860,-3.101,ball_2,4.500,1.472,-15.710
251.40,4.308,1.744,-3.109,APPROACH,18,29,4.222,1.858,-3.097,ball_2,4.439,1.472,-15.706
251.60,4.247,1.742,-3.106,APPROACH,18,29,4.162,1.855,-3.093,ball_2,4.378,1.472,-15.702
251.80,4.186,1.739,-3.102,APPROACH,18,29,4.102,1.852,-3.090,ball_2,4.317,1.471,-15.698
252.00,4.125,1.737,-3.099,APPROACH,18,29,4.042,1.849,-3.086,ball_2,4.256,1.470,-15.695
252.20,4.074,1.735,-3.096,APPROACH,18,29,3.982,1.846,-3.084,ball_2,4.204,1.470,-15.692
252.41,4.013,1.732,-3.094,APPROACH,18,29,3.923,1.842,-3.081,ball_2,4.143,1.469,-15.690
252.60,3.952,1.729,-3.092,APPROACH,18,29,3.863,1.838,-3.079,ball_2,4.082,1.468,-15.688
252.80,3.890,1.726,-3.090,APPROACH,18,29,3.803,1.835,-3.077,ball_2,4.021,1.466,-15.686
253.00,3.829,1.723,-3.088,APPROACH,18,29,3.743,1.831,-3.075,ball_2,3.960,1.465,-15.684
253.20,3.768,1.719,-3.086,APPROACH,18,29,3.683,1.827,-3.074,ball_2,3.898,1.463,-15.682
253.40,3.707,1.716,-3.085,APPROACH,18,29,3.623,1.823,-3.073,ball_2,3.837,1.462,-15.681
253.60,3.646,1.712,-3.084,APPROACH,18,29,3.563,1.818,-3.071,ball_2,3.776,1.460,-15.680
253.81,3.595,1.709,-3.082,APPROACH,18,29,3.503,1.814,-3.070,ball_2,3.725,1.459,-15.679
254.00,3.534,1.706,-3.081,APPROACH,18,29,3.444,1.810,-3.069,ball_2,3.664,1.457,-15.678
254.20,3.473,1.702,-3.081,APPROACH,18,29,3.384,1.805,-3.068,ball_2,3.603,1.455,-15.677
254.41,3.412,1.698,-3.080,APPROACH,18,29,3.324,1.801,-3.067,ball_2,3.541,1.453,-15.676
254.61,3.351,1.694,-3.079,APPROACH,18,29,3.264,1.797,-3.066,ball_2,3.480,1.451,-15.675
254.80,3.290,1.690,-3.078,APPROACH,18,29,3.205,1.792,-3.066,ball_2,3.419,1.449,-15.675
255.00,3.229,1.687,-3.078,APPROACH,18,29,3.145,1.787,-3.065,ball_2,3.358,1.447,-15.674
255.20,3.168,1.683,-3.077,APPROACH,18,29,3.085,1.783,-3.065,ball_2,3.297,1.445,-15.673
255.41,3.117,1.679,-3.077,APPROACH,18,29,3.025,1.778,-3.064,ball_2,3.246,1.443,-15.673
255.60,3.056,1.675,-3.076,APPROACH,18,29,2.965,1.774,-3.064,ball_2,3.185,1.441,-15.672
255.81,2.995,1.671,-3.076,APPROACH,18,29,2.906,1.769,-3.063,ball_2,3.123,1.439,-15.672
256.01,2.933,1.667,-3.076,APPROACH,18,29,2.846,1.764,-3.063,ball_2,3.062,1.436,-15.672
256.20,2.872,1.663,-3.075,APPROACH,18,29,2.786,1.760,-3.063,ball_2,3.001,1.434,-15.672
256.40,2.811,1.659,-3.075,APPROACH,18,29,2.726,1.755,-3.063,ball_2,2.940,1.432,-15.672
256.61,2.750,1.655,-3.075,APPROACH,18,29,2.666,1.750,-3.063,ball_2,2.878,1.430,-15.672
256.81,2.689,1.651,-3.076,APPROACH,18,29,2.607,1.746,-3.063,,2.817,1.428,-15.672
257.00,2.628,1.647,-3.076,APPROACH,18,29,2.547,1.741,-3.063,,2.756,1.425,-15.672
257.20,2.577,1.644,-3.076,BLIND_DASH,18,29,2.487,1.736,-3.063,,2.705,1.423,-15.672
257.40,2.521,1.640,-3.071,PATROL,18,29,2.433,1.732,-3.059,,2.649,1.421,-15.668
257.60,2.498,1.638,-3.077,PATROL,18,29,2.412,1.730,-3.065,,2.625,1.420,-15.673
257.80,2.494,1.638,3.106,PATROL,18,29,2.408,1.730,3.118,,2.622,1.420,-15.773
258.01,2.486,1.639,2.995,PATROL,18,29,2.401,1.731,3.008,,2.614,1.421,-15.884
258.21,2.474,1.642,2.885,PATROL,18,29,2.389,1.733,2.897,,2.601,1.424,-15.994
258.40,2.456,1.647,2.775,PATROL,18,29,2.373,1.738,2.787,,2.584,1.431,-16.105
258.61,2.434,1.657,2.665,PATROL,18,29,2.352,1.747,2.678,,2.563,1.441,-16.215
258.80,2.414,1.670,2.556,PATROL,18,29,2.327,1.761,2.568,,2.542,1.454,-16.324
259.01,2.386,1.689,2.446,PATROL,18,29,2.301,1.781,2.459,,2.516,1.475,-16.433
259.20,2.358,1.716,2.337,PATROL,18,29,2.273,1.806,2.350,,2.488,1.502,-16.542
259.40,2.329,1.749,2.227,PATROL,18,29,2.244,1.839,2.239,,2.460,1.536,-16.653
259.60,2.301,1.790,2.117,PATROL,18,29,2.217,1.878,2.130,,2.433,1.578,-16.762
259.81,2.275,1.838,2.008,PATROL,18,29,2.191,1.924,2.020,,2.409,1.627,-16.872
260.00,2.253,1.894,1.915,PATROL,18,29,2.169,1.977,1.927,,2.388,1.683,-16.965
260.20,2.234,1.955,1.838,PATROL,18,29,2.150,2.035,1.851,,2.371,1.745,-17.042
260.40,2.221,2.009,1.776,PATROL,18,29,2.134,2.099,1.789,,2.360,1.799,-17.104
260.60,2.208,2.077,1.726,PATROL,18,29,2.121,2.166,1.738,,2.349,1.868,-17.154
260.81,2.199,2.149,1.685,PATROL,18,29,2.110,2.236,1.697,,2.342,1.940,-17.195
261.01,2.191,2.222,1.651,PATROL,18,29,2.103,2.307,1.664,,2.337,2.013,-17.229
261.20,2.186,2.297,1.623,PATROL,18,29,2.097,2.380,1.636,,2.334,2.088,-17.256
261.41,2.183,2.373,1.601,PATROL,18,29,2.093,2.455,1.614,,2.333,2.165,-17.279
261.61,2.182,2.450,1.582,PATROL,18,29,2.090,2.531,1.595,,2.334,2.242,-17.298
261.80,2.182,2.528,1.566,PATROL,18,29,2.089,2.607,1.579,,2.336,2.320,-17.314
262.00,2.183,2.607,1.554,PATROL,18,29,2.089,2.684,1.566,,2.340,2.398,-17.327
262.20,2.184,2.672,1.543,PATROL,18,29,2.090,2.761,1.556,,2.343,2.464,-17.337
262.40,2.187,2.752,1.534,PATROL,18,29,2.091,2.839,1.547,,2.348,2.543,-17.346
262.61,2.190,2.832,1.526,PATROL,18,29,2.093,2.917,1.539,,2.354,2.623,-17.354
262.80,2.194,2.912,1.520,PATROL,18,29,2.096,2.996,1.533,,2.360,2.703,-17.360
263.01,2.198,2.992,1.514,PATROL,18,29,2.099,3.074,1.526,,2.367,2.783,-17.366
263.20,2.203,3.072,1.508,PATROL,18,29,2.103,3.153,1.521,,2.374,2.863,-17.372
263.40,2.208,3.153,1.504,PATROL,18,29,2.107,3.232,1.517,,2.382,2.943,-17.376
263.60,2.214,3.233,1.500,PATROL,18,29,2.111,3.311,1.513,,2.390,3.024,-17.380
263.81,2.218,3.301,1.497,PATROL,18,29,2.116,3.390,1.510,,2.397,3.091,-17.383
264.00,2.225,3.382,1.494,PATROL,18,29,2.121,3.469,1.507,,2.405,3.172,-17.386
264.20,2.231,3.462,1.492,PATROL,18,29,2.126,3.548,1.505,,2.414,3.253,-17.388
264.40,2.237,3.544,1.490,PATROL,18,29,2.131,3.628,1.503,,2.423,3.333,-17.390
264.60,2.244,3.625,1.488,PATROL,18,29,2.137,3.707,1.501,,2.432,3.414,-17.392
264.81,2.251,3.706,1.487,PATROL,18,29,2.142,3.787,1.499,,2.441,3.495,-17.393
265.00,2.258,3.787,1.486,PATROL,18,29,2.148,3.866,1.498,,2.451,3.576,-17.394
265.20,2.265,3.868,1.484,PATROL,19,30,2.154,3.946,1.497,,2.460,3.657,-17.396
265.40,2.269,3.908,1.433,PATROL,19,30,2.158,3.994,1.446,,2.466,3.697,-17.447
265.60,2.272,3.926,1.345,PATROL,19,30,2.161,4.009,1.357,,2.469,3.714,-17.536
265.81,2.276,3.941,1.234,PATROL,19,30,2.165,4.024,1.247,,2.474,3.730,-17.646
266.00,2.285,3.961,1.125,PATROL,19,30,2.173,4.044,1.137,,2.483,3.750,-17.756
266.20,2.298,3.985,1.015,PATROL,19,30,2.185,4.067,1.027,,2.497,3.773,-17.866
266.41,2.316,4.012,0.905,PATROL,19,30,2.203,4.093,0.917,,2.516,3.799,-17.975
266.60,2.342,4.040,0.795,PATROL,19,30,2.227,4.121,0.807,,2.543,3.827,-18.085
266.80,2.374,4.069,0.685,PATROL,19,30,2.257,4.150,0.697,,2.576,3.855,-18.196
267.00,2.413,4.097,0.575,PATROL,19,30,2.294,4.177,0.587,,2.616,3.882,-18.305
267.20,2.452,4.119,0.466,PATROL,19,30,2.339,4.203,0.478,,2.655,3.903,-18.415
267.40,2.504,4.143,0.367,PATROL,19,30,2.390,4.227,0.380,,2.709,3.925,-18.514
267.60,2.564,4.163,0.288,PATROL,19,30,2.448,4.247,0.301,,2.769,3.943,-18.593
267.81,2.628,4.180,0.223,PATROL,19,30,2.510,4.264,0.235,,2.833,3.958,-18.658
268.00,2.696,4.193,0.169,PATROL,19,30,2.576,4.278,0.182,,2.902,3.969,-18.712
268.20,2.767,4.204,0.126,PATROL,19,30,2.645,4.289,0.139,,2.973,3.977,-18.755
268.40,2.840,4.212,0.092,PATROL,19,30,2.716,4.298,0.104,,3.047,3.983,-18.789
268.60,2.915,4.217,0.064,PATROL,19,30,2.790,4.304,0.077,,3.122,3.986,-18.817
268.80,2.979,4.221,0.041,PATROL,19,30,2.864,4.309,0.054,,3.185,3.987,-18.839
269.00,3.056,4.223,0.023,PATROL,19,30,2.940,4.313,0.036,,3.262,3.987,-18.858
269.20,3.134,4.224,0.008,PATROL,19,30,3.016,4.315,0.021,,3.340,3.986,-18.873
269.41,3.212,4.224,-0.005,PATROL,19,30,3.093,4.316,0.008,,3.419,3.984,-18.885
269.61,3.292,4.224,-0.015,PATROL,19,30,3.171,4.316,-0.002,,3.498,3.981,-18.896
269.80,3.371,4.222,-0.023,PATROL,19,30,3.249,4.316,-0.010,,3.578,3.977,-18.904
270.00,3.451,4.220,-0.030,PATROL,19,30,3.327,4.314,-0.017,,3.658,3.972,-18.911
270.20,3.531,4.217,-0.036,PATROL,19,30,3.405,4.313,-0.023,,3.738,3.967,-18.917
270.40,3.598,4.215,-0.041,PATROL,19,30,3.484,4.311,-0.028,,3.804,3.962,-18.922
270.60,3.679,4.211,-0.046,PATROL,19,30,3.563,4.308,-0.033,,3.885,3.956,-18.927
270.81,3.759,4.207,-0.050,PATROL,19,30,3.642,4.306,-0.037,,3.965,3.950,-18.931
271.00,3.840,4.203,-0.053,PATROL,19,30,3.721,4.303,-0.040,,4.046,3.943,-18.934
271.20,3.921,4.199,-0.056,PATROL,19,30,3.801,4.299,-0.044,,4.127,3.936,-18.937
271.40,4.002,4.194,-0.059,PATROL,19,30,3.880,4.296,-0.046,,4.208,3.929,-18.940
271.60,4.083,4.189,-0.061,PATROL,19,30,3.960,4.292,-0.048,,4.289,3.921,-18.942
271.81,4.165,4.184,-0.062,PATROL,19,30,4.039,4.288,-0.049,,4.370,3.914,-18.943
272.01,4.246,4.179,-0.064,PATROL,19,30,4.119,4.284,-0.051,,4.451,3.906,-18.945
272.20,4.314,4.175,-0.065,PATROL,19,30,4.198,4.280,-0.052,,4.519,3.900,-18.946
272.41,4.395,4.169,-0.066,PATROL,19,30,4.278,4.276,-0.053,,4.600,3.892,-18.947
272.60,4.476,4.164,-0.066,PATROL,19,30,4.358,4.272,-0.054,,4.681,3.884,-18.947
272.80,4.558,4.158,-0.067,PATROL,19,30,4.438,4.268,-0.054,,4.762,3.876,-18.948
273.00,4.639,4.153,-0.068,PATROL,19,30,4.517,4.264,-0.055,,4.844,3.868,-18.948
273.20,4.720,4.147,-0.068,PATROL,19,30,4.597,4.259,-0.055,,4.925,3.860,-18.949
273.40,4.802,4.142,-0.068,PATROL,20,31,4.677,4.255,-0.055,,5.006,3.852,-18.949
273.60,4.871,4.137,-0.089,ALIGN,20,31,4.747,4.251,-0.076,ball_3,5.075,3.844,-18.970
273.80,4.895,4.134,-0.142,ALIGN,20,31,4.775,4.248,-0.129,ball_3,5.099,3.841,-19.023
274.00,4.898,4.134,-0.234,ALIGN,20,31,4.777,4.248,-0.222,ball_3,5.102,3.840,-19.115
274.20,4.898,4.134,-0.309,ALIGN,20,31,4.777,4.248,-0.296,ball_3,5.102,3.840,-19.190
274.40,4.898,4.134,-0.356,APPROACH,20,31,4.777,4.248,-0.343,ball_3,5.102,3.840,-19.237
274.60,4.902,4.132,-0.409,APPROACH,20,31,4.781,4.246,-0.395,ball_3,5.106,3.838,-19.289
274.80,4.938,4.115,-0.470,APPROACH,20,31,4.816,4.230,-0.457,ball_3,5.141,3.820,-19.351
275.00,4.992,4.088,-0.463,APPROACH,20,31,4.868,4.204,-0.450,ball_3,5.194,3.791,-19.344
275.20,5.047,4.060,-0.462,APPROACH,20,31,4.922,4.178,-0.448,ball_3,5.248,3.762,-19.343
275.41,5.092,4.038,-0.459,APPROACH,20,31,4.976,4.152,-0.446,ball_3,5.293,3.738,-19.340
275.60,5.147,4.011,-0.457,APPROACH,20,31,5.031,4.127,-0.443,ball_3,5.347,3.709,-19.338
275.80,5.202,3.984,-0.455,APPROACH,20,31,5.085,4.101,-0.441,ball_3,5.401,3.681,-19.336
276.00,5.257,3.957,-0.453,APPROACH,20,31,5.139,4.075,-0.440,ball_3,5.455,3.652,-19.334
276.20,5.312,3.930,-0.451,APPROACH,20,31,5.193,4.050,-0.438,ball_3,5.509,3.624,-19.332
276.40,5.367,3.903,-0.450,APPROACH,20,31,5.247,4.025,-0.437,ball_3,5.564,3.595,-19.331
276.60,5.422,3.877,-0.449,APPROACH,20,31,5.302,3.999,-0.435,ball_3,5.618,3.567,-19.329
276.80,5.478,3.850,-0.447,APPROACH,20,31,5.356,3.974,-0.434,ball_3,5.672,3.539,-19.328
277.00,5.524,3.828,-0.446,APPROACH,20,31,5.411,3.949,-0.433,ball_3,5.718,3.515,-19.327
277.20,5.579,3.802,-0.446,APPROACH,20,31,5.465,3.924,-0.432,ball_3,5.772,3.487,-19.327
277.40,5.634,3.776,-0.445,APPROACH,20,31,5.519,3.899,-0.432,ball_3,5.826,3.459,-19.326
277.60,5.689,3.749,-0.444,APPROACH,20,31,5.574,3.874,-0.431,ball_3,5.881,3.431,-19.325
277.80,5.744,3.723,-0.444,APPROACH,20,31,5.628,3.849,-0.430,ball_3,5.935,3.403,-19.325
278.00,5.800,3.697,-0.443,APPROACH,20,31,5.683,3.824,-0.430,ball_3,5.990,3.375,-19.324
278.20,5.855,3.670,-0.443,APPROACH,20,31,5.738,3.799,-0.429,ball_3,6.044,3.347,-19.324
278.41,5.910,3.644,-0.442,APPROACH,20,31,5.792,3.774,-0.429,ball_3,6.099,3.319,-19.323
278.60,5.966,3.618,-0.442,APPROACH,20,31,5.846,3.749,-0.429,ball_3,6.153,3.291,-19.323
278.80,6.012,3.596,-0.442,APPROACH,20,31,5.901,3.724,-0.428,ball_3,6.199,3.268,-19.323
279.00,6.067,3.570,-0.441,APPROACH,20,31,5.955,3.699,-0.428,ball_3,6.253,3.240,-19.322
279.20,6.122,3.544,-0.441,APPROACH,20,31,6.010,3.674,-0.428,ball_3,6.308,3.212,-19.322
279.40,6.178,3.518,-0.441,APPROACH,20,31,6.065,3.649,-0.428,ball_3,6.362,3.184,-19.322
279.60,6.233,3.492,-0.441,APPROACH,20,31,6.119,3.624,-0.427,ball_3,6.417,3.156,-19.322
279.80,6.289,3.466,-0.441,APPROACH,20,31,6.174,3.600,-0.427,ball_3,6.471,3.129,-19.322
280.00,6.344,3.440,-0.440,APPROACH,20,31,6.228,3.575,-0.427,ball_3,6.526,3.101,-19.321
280.20,6.399,3.413,-0.440,APPROACH,20,31,6.283,3.550,-0.427,ball_3,6.580,3.073,-19.321
280.41,6.445,3.392,-0.440,APPROACH,20,31,6.338,3.525,-0.427,ball_3,6.626,3.050,-19.321
280.60,6.501,3.366,-0.440,APPROACH,20,31,6.392,3.500,-0.427,ball_3,6.680,3.022,-19.321
280.81,6.556,3.340,-0.440,APPROACH,20,31,6.447,3.475,-0.427,ball_3,6.735,2.994,-19.321
281.00,6.611,3.313,-0.440,APPROACH,20,31,6.501,3.451,-0.427,ball_3,6.789,2.966,-19.321
281.21,6.667,3.287,-0.440,APPROACH,20,31,6.556,3.426,-0.427,ball_3,6.844,2.939,-19.321
281.40,6.722,3.261,-0.440,APPROACH,20,31,6.610,3.401,-0.427,ball_3,6.899,2.911,-19.321
281.61,6.778,3.235,-0.440,APPROACH,20,31,6.665,3.376,-0.427,ball_3,6.953,2.883,-19.321
281.80,6.833,3.209,-0.440,APPROACH,20,31,6.720,3.351,-0.427,ball_3,7.008,2.855,-19.321
282.00,6.879,3.187,-0.440,APPROACH,20,31,6.774,3.327,-0.427,ball_3,7.053,2.832,-19.321
282.20,6.934,3.161,-0.440,APPROACH,20,31,6.829,3.302,-0.427,ball_3,7.108,2.804,-19.321
282.41,6.990,3.135,-0.440,APPROACH,20,31,6.883,3.277,-0.427,ball_3,7.162,2.776,-19.321
282.60,7.045,3.109,-0.440,APPROACH,20,31,6.938,3.252,-0.427,ball_3,7.217,2.749,-19.321
282.80,7.101,3.083,-0.440,APPROACH,20,31,6.993,3.227,-0.427,ball_3,7.271,2.721,-19.321
283.00,7.156,3.057,-0.440,APPROACH,20,31,7.047,3.203,-0.427,ball_3,7.326,2.693,-19.321
283.20,7.211,3.031,-0.441,APPROACH,20,31,7.101,3.178,-0.427,ball_3,7.380,2.665,-19.322
283.40,7.267,3.005,-0.441,APPROACH,20,31,7.156,3.153,-0.428,,7.435,2.637,-19.322
283.60,7.322,2.979,-0.441,APPROACH,20,31,7.211,3.128,-0.427,,7.489,2.609,-19.322
283.80,7.368,2.957,-0.441,BLIND_DASH,20,31,7.265,3.103,-0.428,,7.535,2.586,-19.322
284.00,7.420,2.933,-0.433,PATROL,20,31,7.315,3.081,-0.419,,7.586,2.560,-19.314
284.21,7.440,2.924,-0.406,PATROL,20,31,7.333,3.073,-0.392,,7.606,2.550,-19.287
284.40,7.441,2.923,-0.305,PATROL,20,31,7.335,3.072,-0.291,,7.607,2.550,-19.186
284.60,7.443,2.923,-0.196,PATROL,20,31,7.337,3.072,-0.182,,7.609,2.549,-19.077
284.80,7.451,2.922,-0.088,PATROL,20,31,7.345,3.071,-0.074,,7.616,2.548,-18.968
285.00,7.464,2.921,0.021,PATROL,20,31,7.358,3.071,0.034,,7.629,2.547,-18.860
285.20,7.481,2.923,0.129,PATROL,20,31,7.375,3.073,0.143,,7.647,2.548,-18.752
285.40,7.500,2.926,0.238,PATROL,20,31,7.397,3.077,0.251,,7.666,2.551,-18.642
285.60,7.526,2.934,0.347,PATROL,20,31,7.424,3.085,0.360,,7.692,2.558,-18.534
285.81,7.556,2.946,0.455,PATROL,20,31,7.453,3.098,0.469,,7.722,2.570,-18.426
286.01,7.587,2.964,0.564,PATROL,20,31,7.484,3.116,0.577,,7.754,2.586,-18.317
286.20,7.621,2.988,0.673,PATROL,20,31,7.517,3.140,0.686,,7.789,2.609,-18.208
286.40,7.655,3.018,0.782,PATROL,20,31,7.550,3.171,0.796,,7.824,2.639,-18.098
286.61,7.688,3.056,0.893,PATROL,20,31,7.582,3.208,0.906,,7.858,2.675,-17.988
286.80,7.720,3.101,1.004,PATROL,20,31,7.613,3.251,1.017,,7.891,2.719,-17.877
287.00,7.744,3.143,1.101,PATROL,20,31,7.641,3.302,1.114,,7.917,2.761,-17.779
287.20,7.770,3.200,1.182,PATROL,20,31,7.665,3.358,1.195,,7.945,2.816,-17.698
287.40,7.793,3.261,1.250,PATROL,20,31,7.687,3.419,1.263,,7.969,2.877,-17.630
287.60,7.813,3.326,1.308,PATROL,20,31,7.705,3.483,1.321,,7.991,2.941,-17.572
287.80,7.829,3.394,1.357,PATROL,20,31,7.720,3.550,1.370,,8.010,3.009,-17.523
288.00,7.843,3.464,1.400,PATROL,20,31,7.733,3.619,1.413,,8.025,3.079,-17.480
288.21,7.854,3.536,1.439,PATROL,20,31,7.742,3.689,1.452,,8.038,3.150,-17.441
288.40,7.862,3.609,1.473,PATROL,20,31,7.750,3.761,1.486,,8.049,3.223,-17.407
288.60,7.868,3.683,1.504,PATROL,20,31,7.755,3.834,1.517,,8.057,3.297,-17.376
288.80,7.871,3.745,1.533,PATROL,20,31,7.757,3.907,1.546,,8.062,3.359,-17.347
289.01,7.873,3.820,1.561,PATROL,20,31,7.758,3.980,1.574,,8.066,3.434,-17.319
289.20,7.873,3.895,1.588,PATROL,21,32,7.757,4.053,1.601,,8.068,3.509,-17.292
289.40,7.871,3.942,1.655,PATROL,21,32,7.754,4.099,1.668,,8.068,3.556,-17.225
289.60,7.869,3.958,1.652,PATROL,21,32,7.753,4.114,1.665,,8.067,3.571,-17.228
289.80,7.869,3.959,1.547,PATROL,21,32,7.753,4.115,1.559,,8.067,3.573,-17.333
290.01,7.870,3.965,1.436,PATROL,21,32,7.753,4.120,1.449,,8.068,3.578,-17.444
290.21,7.872,3.976,1.326,PATROL,21,32,7.755,4.130,1.338,,8.070,3.590,-17.555
290.40,7.876,3.989,1.216,PATROL,21,32,7.760,4.146,1.228,,8.075,3.603,-17.665
290.60,7.885,4.009,1.105,PATROL,21,32,7.768,4.165,1.118,,8.084,3.622,-17.775
290.80,7.898,4.032,0.995,PATROL,21,32,7.781,4.188,1.008,,8.098,3.645,-17.885
291.00,7.917,4.059,0.886,PATROL,21,32,7.799,4.214,0.898,,8.118,3.671,-17.995
291.20,7.943,4.086,0.776,PATROL,21,32,7.824,4.242,0.789,,8.144,3.698,-18.104
291.40,7.975,4.115,0.667,PATROL,21,32,7.855,4.269,0.680,,8.177,3.725,-18.213
291.60,8.015,4.143,0.558,PATROL,21,32,7.892,4.296,0.571,,8.218,3.752,-18.323
291.80,8.062,4.168,0.449,PATROL,21,32,7.937,4.322,0.462,,8.266,3.776,-18.432
292.00,8.107,4.187,0.350,PATROL,21,32,7.988,4.344,0.363,,8.311,3.793,-18.531
292.20,8.166,4.206,0.271,PATROL,21,32,8.046,4.363,0.283,,8.371,3.811,-18.610
292.41,8.230,4.222,0.206,PATROL,21,32,8.109,4.379,0.218,,8.436,3.824,-18.675
292.60,8.298,4.234,0.153,PATROL,21,32,8.175,4.392,0.166,,8.504,3.834,-18.728
292.80,8.369,4.244,0.111,PATROL,21,32,8.245,4.402,0.123,,8.576,3.842,-18.770
293.00,8.443,4.250,0.076,PATROL,21,32,8.316,4.410,0.089,,8.649,3.846,-18.805
293.20,8.517,4.255,0.048,PATROL,21,32,8.390,4.415,0.060,,8.724,3.848,-18.833
293.40,8.594,4.258,0.024,PATROL,21,32,8.464,4.419,0.037,,8.800,3.849,-18.856
293.61,8.671,4.259,0.006,PATROL,21,32,8.540,4.421,0.018,,8.878,3.847,-18.875
293.80,8.736,4.258,-0.010,PATROL,21,32,8.616,4.422,0.003,,8.942,3.845,-18.891
294.00,8.814,4.257,-0.023,PATROL,21,32,8.693,4.421,-0.010,,9.021,3.841,-18.904
294.20,8.893,4.255,-0.033,PATROL,21,32,8.770,4.420,-0.020,,9.100,3.837,-18.914
294.40,8.973,4.252,-0.042,PATROL,21,32,8.848,4.418,-0.029,,9.179,3.831,-18.923
294.61,9.052,4.248,-0.049,PATROL,21,32,8.926,4.416,-0.036,,9.259,3.825,-18.930
294.80,9.132,4.244,-0.056,PATROL,21,32,9.005,4.413,-0.043,,9.338,3.818,-18.937
295.00,9.213,4.239,-0.062,PATROL,21,32,9.083,4.409,-0.049,,9.418,3.811,-18.943
295.21,9.293,4.234,-0.067,PATROL,21,32,9.162,4.405,-0.054,,9.499,3.803,-18.948
295.40,9.360,4.230,-0.071,PATROL,21,32,9.241,4.401,-0.058,,9.566,3.797,-18.952
295.60,9.441,4.224,-0.074,PATROL,21,32,9.320,4.396,-0.061,,9.646,3.788,-18.955
295.80,9.522,4.218,-0.077,PATROL,21,32,9.399,4.391,-0.064,,9.727,3.780,-18.958
296.00,9.603,4.211,-0.079,PATROL,21,32,9.478,4.386,-0.066,,9.808,3.771,-18.960
296.20,9.684,4.205,-0.081,PATROL,21,32,9.558,4.381,-0.068,,9.889,3.762,-18.962
296.41,9.765,4.198,-0.082,PATROL,21,32,9.637,4.375,-0.070,,9.970,3.752,-18.963
296.60,9.846,4.191,-0.084,PATROL,21,32,9.717,4.370,-0.071,,10.051,3.743,-18.965
296.80,9.927,4.184,-0.085,PATROL,21,32,9.797,4.364,-0.072,,10.132,3.734,-18.966
297.00,9.995,4.179,-0.086,PATROL,21,32,9.876,4.358,-0.073,,10.199,3.726,-18.967
297.21,10.076,4.172,-0.087,PATROL,21,32,9.956,4.353,-0.074,,10.280,3.716,-18.967
297.41,10.157,4.165,-0.087,PATROL,21,32,10.036,4.347,-0.074,,10.361,3.707,-18.968
297.60,10.239,4.157,-0.088,PATROL,21,32,10.115,4.341,-0.075,,10.442,3.697,-18.968
297.80,10.320,4.150,-0.088,PATROL,22,28,10.195,4.335,-0.075,,10.523,3.687,-18.969
298.00,10.391,4.144,-0.109,PATROL,22,28,10.265,4.329,-0.097,,10.594,3.679,-18.990
298.20,10.420,4.140,-0.167,PATROL,22,28,10.294,4.326,-0.155,,10.623,3.674,-19.048
298.40,10.433,4.137,-0.276,PATROL,22,28,10.307,4.323,-0.263,,10.636,3.670,-19.157
298.61,10.451,4.131,-0.387,PATROL,22,28,10.324,4.317,-0.374,,10.654,3.663,-19.268
298.80,10.469,4.122,-0.496,PATROL,22,28,10.345,4.308,-0.484,,10.671,3.654,-19.377
299.00,10.494,4.107,-0.605,PATROL,22,28,10.370,4.293,-0.593,,10.696,3.638,-19.486
299.20,10.521,4.086,-0.715,PATROL,22,28,10.397,4.273,-0.702,,10.723,3.616,-19.596
299.41,10.550,4.058,-0.825,PATROL,22,28,10.425,4.246,-0.812,,10.751,3.587,-19.706
299.60,10.579,4.023,-0.934,PATROL,22,28,10.453,4.213,-0.921,,10.778,3.552,-19.815
299.81,10.607,3.981,-1.044,PATROL,22,28,10.480,4.172,-1.031,,10.804,3.509,-19.925
300.00,10.632,3.931,-1.152,PATROL,22,28,10.505,4.125,-1.139,,10.828,3.458,-20.033
300.20,10.653,3.874,-1.241,PATROL,22,28,10.527,4.071,-1.229,,10.848,3.401,-20.123
300.40,10.669,3.823,-1.314,PATROL,22,28,10.546,4.011,-1.301,,10.862,3.349,-20.195
300.60,10.684,3.757,-1.373,PATROL,22,28,10.561,3.947,-1.360,,10.875,3.283,-20.254
300.80,10.696,3.688,-1.421,PATROL,22,28,10.574,3.879,-1.408,,10.885,3.213,-20.302
301.00,10.706,3.616,-1.460,PATROL,22,28,10.584,3.809,-1.447,,10.892,3.141,-20.342
301.20,10.713,3.542,-1.492,PATROL,22,28,10.592,3.737,-1.479,,10.897,3.067,-20.374
301.40,10.718,3.467,-1.519,PATROL,22,28,10.598,3.663,-1.505,,10.899,2.992,-20.400
301.60,10.721,3.391,-1.540,PATROL,22,28,10.602,3.589,-1.527,,10.900,2.915,-20.421
301.80,10.722,3.313,-1.558,PATROL,22,28,10.604,3.513,-1.545,,10.899,2.838,-20.439
302.00,10.723,3.248,-1.572,PATROL,22,28,10.606,3.436,-1.559,,10.897,2.772,-20.454
302.20,10.722,3.169,-1.584,PATROL,22,28,10.606,3.359,-1.571,,10.894,2.694,-20.466
302.40,10.721,3.090,-1.594,PATROL,22,28,10.606,3.281,-1.581,,10.890,2.615,-20.475
302.60,10.718,3.011,-1.602,PATROL,22,28,10.605,3.203,-1.589,,10.886,2.535,-20.484
302.81,10.716,2.931,-1.609,PATROL,22,28,10.603,3.125,-1.596,,10.880,2.455,-20.490
303.00,10.712,2.851,-1.615,PATROL,22,28,10.601,3.047,-1.601,,10.874,2.375,-20.496
303.20,10.709,2.770,-1.620,PATROL,22,28,10.598,2.968,-1.607,,10.868,2.295,-20.501
303.40,10.704,2.690,-1.625,PATROL,22,28,10.595,2.889,-1.612,,10.861,2.215,-20.506
303.60,10.701,2.622,-1.629,PATROL,22,28,10.592,2.810,-1.616,,10.855,2.148,-20.510
303.80,10.696,2.542,-1.632,PATROL,22,28,10.588,2.731,-1.619,,10.848,2.067,-20.514
304.00,10.691,2.461,-1.635,PATROL,22,28,10.584,2.652,-1.622,,10.840,1.986,-20.516
304.20,10.685,2.380,-1.637,PATROL,22,28,10.580,2.572,-1.624,,10.832,1.905,-20.519
304.40,10.680,2.298,-1.639,PATROL,22,28,10.576,2.493,-1.626,,10.824,1.824,-20.520
304.60,10.674,2.217,-1.641,PATROL,22,28,10.572,2.413,-1.627,,10.816,1.743,-20.522
304.81,10.669,2.136,-1.642,PATROL,22,28,10.567,2.333,-1.629,,10.808,1.662,-20.523
305.00,10.663,2.055,-1.643,PATROL,22,28,10.563,2.254,-1.630,,10.799,1.581,-20.524
305.21,10.657,1.973,-1.644,PATROL,22,28,10.558,2.174,-1.631,,10.791,1.500,-20.525
305.40,10.652,1.906,-1.644,PATROL,22,28,10.553,2.094,-1.631,,10.784,1.432,-20.526
305.60,10.646,1.824,-1.645,PATROL,22,28,10.548,2.015,-1.632,,10.775,1.351,-20.526
305.80,10.640,1.743,-1.646,PATROL,22,28,10.543,1.935,-1.632,,10.766,1.270,-20.527
306.01,10.634,1.662,-1.646,PATROL,23,27,10.539,1.855,-1.633,,10.758,1.189,-20.527
306.20,10.628,1.591,-1.669,PATROL,23,27,10.534,1.786,-1.655,,10.750,1.119,-20.550
306.40,10.625,1.563,-1.727,PATROL,23,27,10.531,1.758,-1.714,,10.746,1.091,-20.608
306.60,10.622,1.551,-1.836,PATROL,23,27,10.529,1.746,-1.823,,10.743,1.078,-20.717
306.80,10.616,1.533,-1.946,PATROL,23,27,10.523,1.729,-1.934,,10.736,1.061,-20.828
307.00,10.608,1.515,-2.057,PATROL,23,27,10.514,1.708,-2.043,,10.727,1.043,-20.938
307.20,10.593,1.491,-2.167,PATROL,23,27,10.500,1.684,-2.154,,10.712,1.020,-21.048
307.41,10.573,1.464,-2.277,PATROL,23,27,10.480,1.657,-2.263,,10.691,0.993,-21.158
307.61,10.546,1.436,-2.387,PATROL,23,27,10.454,1.629,-2.374,,10.663,0.966,-21.269
307.80,10.512,1.407,-2.497,PATROL,23,27,10.421,1.601,-2.484,,10.628,0.938,-21.379
308.00,10.470,1.379,-2.606,PATROL,23,27,10.382,1.574,-2.593,,10.585,0.912,-21.488
308.20,10.421,1.354,-2.714,PATROL,23,27,10.335,1.549,-2.701,,10.536,0.888,-21.596
308.40,10.365,1.332,-2.806,PATROL,23,27,10.282,1.527,-2.794,,10.479,0.868,-21.688
308.60,10.314,1.316,-2.881,PATROL,23,27,10.223,1.508,-2.868,,10.428,0.854,-21.763
308.80,10.249,1.301,-2.941,PATROL,23,27,10.159,1.492,-2.928,,10.362,0.841,-21.823
309.01,10.180,1.289,-2.990,PATROL,23,27,10.091,1.479,-2.977,,10.293,0.830,-21.872
309.20,10.109,1.279,-3.030,PATROL,23,27,10.021,1.469,-3.017,,10.221,0.823,-21.912
309.40,10.035,1.272,-3.063,PATROL,23,27,9.949,1.461,-3.049,,10.147,0.819,-21.945
309.60,9.960,1.267,-3.089,PATROL,23,27,9.876,1.455,-3.076,,10.071,0.816,-21.971
309.80,9.883,1.264,-3.111,PATROL,23,27,9.801,1.451,-3.098,,9.995,0.816,-21.993
310.00,9.806,1.262,-3.129,PATROL,23,27,9.725,1.449,-3.116,,9.917,0.817,-22.011
310.20,9.728,1.262,3.140,PATROL,23,27,9.649,1.447,-3.130,,9.839,0.819,-22.026
310.40,9.662,1.263,3.128,PATROL,23,27,9.572,1.447,3.141,,9.774,0.821,-22.038
310.61,9.583,1.264,3.118,PATROL,23,27,9.494,1.447,3.131,,9.695,0.825,-22.048
310.80,9.504,1.266,3.110,PATROL,23,27,9.416,1.449,3.123,,9.615,0.830,-22.056
311.00,9.424,1.269,3.103,PATROL,23,27,9.338,1.450,3.116,,9.535,0.836,-22.062
311.20,9.344,1.272,3.097,PATROL,23,27,9.259,1.453,3.110,,9.455,0.842,-22.068
311.40,9.263,1.276,3.092,PATROL,23,27,9.180,1.455,3.105,,9.375,0.848,-22.074
311.60,9.183,1.280,3.087,PATROL,23,27,9.102,1.458,3.100,,9.295,0.855,-22.078
311.80,9.102,1.285,3.083,PATROL,23,27,9.022,1.462,3.096,,9.214,0.862,-22.082
312.00,9.035,1.289,3.080,PATROL,23,27,8.944,1.465,3.093,,9.147,0.868,-22.086
312.20,8.954,1.294,3.077,PATROL,23,27,8.864,1.469,3.090,,9.066,0.876,-22.088
312.41,8.873,1.300,3.075,PATROL,23,27,8.785,1.473,3.088,,8.985,0.884,-22.090
312.60,8.792,1.305,3.073,PATROL,23,27,8.705,1.478,3.086,,8.904,0.892,-22.092
312.81,8.710,1.311,3.072,PATROL,23,27,8.626,1.482,3.085,,8.824,0.900,-22.094
313.00,8.629,1.316,3.070,PATROL,23,27,8.546,1.486,3.084,,8.742,0.909,-22.095
313.20,8.548,1.322,3.069,PATROL,23,27,8.466,1.491,3.083,,8.661,0.917,-22.096
313.41,8.467,1.328,3.068,PATROL,23,27,8.386,1.496,3.082,,8.580,0.926,-22.097
313.61,8.399,1.333,3.068,PATROL,23,27,8.307,1.501,3.081,,8.513,0.933,-22.098
313.80,8.317,1.339,3.067,PATROL,23,27,8.227,1.505,3.080,,8.431,0.942,-22.098
314.00,8.236,1.345,3.066,PATROL,23,27,8.147,1.510,3.080,,8.350,0.951,-22.099
314.21,8.155,1.352,3.066,PATROL,23,27,8.067,1.515,3.079,,8.269,0.959,-22.099
314.40,8.073,1.358,3.066,PATROL,24,26,7.988,1.520,3.079,,8.188,0.968,-22.099
314.60,7.999,1.364,3.064,PATROL,24,26,7.915,1.525,3.077,,8.114,0.977,-22.101
314.81,7.921,1.369,3.079,PATROL,24,26,7.838,1.529,3.092,,8.036,0.985,-22.086
315.00,7.843,1.374,3.091,PATROL,24,26,7.761,1.533,3.104,,7.958,0.992,-22.074
315.20,7.763,1.377,3.101,PATROL,24,26,7.684,1.535,3.114,,7.879,0.998,-22.065
315.40,7.697,1.380,3.109,PATROL,24,26,7.606,1.537,3.122,,7.813,1.002,-22.056
315.60,7.617,1.382,3.116,PATROL,24,26,7.528,1.538,3.129,,7.733,1.007,-22.050
315.80,7.537,1.384,3.121,PATROL,24,26,7.449,1.539,3.134,,7.653,1.012,-22.044
316.01,7.457,1.385,3.125,PATROL,24,26,7.371,1.539,3.139,,7.573,1.016,-22.040
316.20,7.376,1.386,3.129,PATROL,24,26,7.292,1.539,-3.141,,7.492,1.020,-22.036
316.40,7.296,1.387,3.132,PATROL,24,26,7.213,1.539,-3.138,,7.412,1.023,-22.033
316.61,7.215,1.388,3.134,PATROL,24,26,7.133,1.539,-3.136,,7.331,1.026,-22.031
316.80,7.134,1.389,3.137,PATROL,24,26,7.055,1.538,-3.133,,7.250,1.030,-22.029
317.00,7.066,1.389,3.139,PATROL,24,26,6.975,1.537,-3.131,,7.182,1.032,-22.026
317.21,6.985,1.389,3.141,PATROL,24,26,6.896,1.536,-3.129,,7.101,1.035,-22.024
317.40,6.904,1.389,-3.140,PATROL,24,26,6.816,1.535,-3.127,,7.020,1.037,-22.022
317.60,6.823,1.389,-3.138,PATROL,24,26,6.737,1.534,-3.125,,6.939,1.040,-22.021
317.81,6.741,1.388,-3.137,PATROL,24,26,6.657,1.533,-3.124,,6.857,1.042,-22.019
318.01,6.660,1.388,-3.136,PATROL,24,26,6.577,1.531,-3.123,,6.776,1.044,-22.018
318.20,6.579,1.388,-3.135,PATROL,24,26,6.497,1.530,-3.122,,6.694,1.047,-22.017
318.41,6.497,1.387,-3.135,PATROL,24,26,6.417,1.528,-3.121,,6.613,1.049,-22.017
318.60,6.429,1.386,-3.134,PATROL,24,26,6.337,1.526,-3.121,,6.545,1.050,-22.016
318.80,6.348,1.386,-3.134,PATROL,24,26,6.257,1.525,-3.120,,6.463,1.052,-22.016
319.00,6.266,1.385,-3.133,PATROL,24,26,6.178,1.523,-3.120,,6.382,1.054,-22.015
319.20,6.184,1.385,-3.133,PATROL,24,26,6.098,1.521,-3.120,,6.300,1.056,-22.015
319.40,6.103,1.384,-3.133,PATROL,24,26,6.018,1.520,-3.120,,6.219,1.058,-22.015
319.60,6.021,1.383,-3.133,PATROL,24,26,5.938,1.518,-3.119,,6.137,1.060,-22.015
319.80,5.940,1.382,-3.133,PATROL,24,26,5.858,1.516,-3.119,,6.055,1.062,-22.015
320.00,5.858,1.382,-3.132,PATROL,24,26,5.778,1.514,-3.119,,5.974,1.064,-22.014
320.20,5.777,1.381,-3.132,PATROL,24,26,5.698,1.512,-3.119,,5.892,1.066,-22.014
320.40,5.709,1.380,-3.132,PATROL,24,26,5.618,1.511,-3.119,,5.824,1.068,-22.014
320.60,5.627,1.379,-3.132,PATROL,24,26,5.538,1.509,-3.119,,5.743,1.070,-22.014
320.80,5.546,1.379,-3.132,PATROL,24,26,5.458,1.507,-3.119,,5.661,1.071,-22.015
321.00,5.464,1.378,-3.133,PATROL,24,26,5.378,1.505,-3.119,,5.580,1.073,-22.015
321.20,5.382,1.377,-3.133,PATROL,24,26,5.299,1.504,-3.119,,5.498,1.075,-22.015
321.40,5.301,1.377,-3.133,PATROL,25,25,5.219,1.502,-3.120,,5.417,1.077,-22.015
321.60,5.220,1.376,-3.134,PATROL,25,25,5.139,1.500,-3.121,,5.335,1.079,-22.016
321.80,5.139,1.375,-3.136,PATROL,25,25,5.060,1.498,-3.122,,5.254,1.081,-22.018
322.00,5.071,1.375,-3.137,PATROL,25,25,4.980,1.497,-3.123,,5.186,1.083,-22.019
322.20,4.989,1.375,-3.137,PATROL,25,25,4.900,1.496,-3.124,,5.105,1.085,-22.020
322.40,4.908,1.374,-3.138,PATROL,25,25,4.821,1.494,-3.125,,5.024,1.088,-22.020
322.60,4.827,1.374,-3.139,PATROL,25,25,4.741,1.493,-3.125,,4.942,1.090,-22.021
322.80,4.745,1.374,-3.139,PATROL,25,25,4.661,1.492,-3.126,,4.861,1.093,-22.021
323.00,4.664,1.374,-3.140,PATROL,25,25,4.581,1.490,-3.126,,4.779,1.095,-22.022
323.20,4.582,1.374,-3.140,PATROL,25,25,4.502,1.489,-3.127,,4.698,1.098,-22.022
323.40,4.501,1.373,-3.140,PATROL,25,25,4.422,1.488,-3.127,,4.616,1.100,-22.022
323.60,4.433,1.373,-3.140,PATROL,25,25,4.342,1.487,-3.127,,4.548,1.102,-22.022
323.80,4.351,1.373,-3.141,PATROL,25,25,4.262,1.486,-3.127,,4.467,1.105,-22.023
324.00,4.270,1.373,-3.141,PATROL,25,25,4.182,1.485,-3.127,,4.385,1.107,-22.023
324.20,4.188,1.373,-3.141,PATROL,25,25,4.102,1.484,-3.128,,4.304,1.110,-22.023
324.40,4.107,1.373,-3.141,PATROL,25,25,4.022,1.482,-3.128,,4.222,1.113,-22.023
324.60,4.025,1.373,-3.141,PATROL,25,25,3.942,1.481,-3.128,,4.141,1.115,-22.023
324.80,3.944,1.373,-3.141,PATROL,25,25,3.862,1.480,-3.128,,4.059,1.118,-22.023
325.00,3.862,1.373,-3.141,PATROL,25,25,3.782,1.479,-3.128,,3.978,1.120,-22.023
325.21,3.781,1.373,-3.141,PATROL,25,25,3.703,1.478,-3.128,,3.896,1.123,-22.023
325.40,3.713,1.373,-3.142,PATROL,25,25,3.623,1.477,-3.128,,3.828,1.125,-22.024
325.60,3.631,1.373,-3.142,PATROL,25,25,3.543,1.476,-3.128,,3.747,1.128,-22.024
325.80,3.550,1.373,3.142,PATROL,25,25,3.463,1.475,-3.128,,3.665,1.131,-22.024
326.00,3.468,1.373,3.141,PATROL,25,25,3.383,1.474,-3.129,,3.584,1.133,-22.024
326.20,3.387,1.373,3.141,PATROL,25,25,3.303,1.473,-3.129,,3.502,1.136,-22.024
326.41,3.305,1.373,3.141,PATROL,25,25,3.223,1.472,-3.129,,3.421,1.139,-22.024
326.60,3.224,1.373,3.141,PATROL,25,25,3.144,1.471,-3.129,,3.339,1.141,-22.024
326.80,3.142,1.373,3.141,PATROL,25,25,3.064,1.470,-3.129,,3.258,1.144,-22.024
327.00,3.074,1.373,3.141,PATROL,25,25,2.984,1.469,-3.129,,3.190,1.146,-22.024
327.21,2.993,1.373,3.141,PATROL,25,25,2.904,1.468,-3.129,,3.108,1.149,-22.024
327.40,2.911,1.373,3.141,PATROL,25,25,2.824,1.467,-3.129,,3.027,1.152,-22.025
327.60,2.830,1.373,3.140,PATROL,25,25,2.744,1.466,-3.129,,2.945,1.154,-22.025
327.80,2.748,1.373,3.140,PATROL,25,25,2.665,1.465,-3.130,,2.864,1.157,-22.025
328.00,2.667,1.373,3.140,PATROL,25,25,2.585,1.464,-3.130,,2.783,1.160,-22.025
328.20,2.585,1.374,3.140,PATROL,26,21,2.505,1.463,-3.130,,2.701,1.163,-22.025
328.40,2.513,1.374,-3.136,PATROL,26,21,2.432,1.462,-3.123,,2.628,1.165,-22.018
328.60,2.482,1.373,-3.120,PATROL,26,21,2.397,1.461,-3.107,,2.598,1.166,-22.002
328.80,2.472,1.373,-3.037,PATROL,26,21,2.387,1.461,-3.023,,2.588,1.166,-21.919
329.00,2.462,1.371,-2.930,PATROL,26,21,2.377,1.459,-2.916,,2.578,1.164,-21.812
329.21,2.448,1.367,-2.822,PATROL,26,21,2.362,1.454,-2.808,,2.563,1.161,-21.704
329.40,2.428,1.360,-2.713,PATROL,26,21,2.343,1.446,-2.700,,2.544,1.154,-21.596
329.61,2.405,1.347,-2.605,PATROL,26,21,2.320,1.434,-2.591,,2.520,1.142,-21.487
329.80,2.379,1.330,-2.496,PATROL,26,21,2.295,1.417,-2.483,,2.493,1.126,-21.378
330.01,2.351,1.306,-2.388,PATROL,26,21,2.268,1.393,-2.374,,2.465,1.103,-21.270
330.21,2.323,1.276,-2.278,PATROL,26,21,2.241,1.363,-2.265,,2.435,1.073,-21.159
330.41,2.299,1.245,-2.168,PATROL,26,21,2.213,1.326,-2.154,,2.411,1.043,-21.050
330.61,2.273,1.201,-2.058,PATROL,26,21,2.188,1.283,-2.044,,2.383,1.000,-20.939
330.80,2.249,1.150,-1.953,PATROL,26,21,2.165,1.231,-1.939,,2.357,0.950,-20.834
331.01,2.228,1.092,-1.868,PATROL,26,21,2.146,1.174,-1.854,,2.335,0.892,-20.749
331.20,2.211,1.028,-1.799,PATROL,26,21,2.130,1.112,-1.786,,2.316,0.829,-20.681
331.40,2.198,0.961,-1.744,PATROL,26,21,2.118,1.045,-1.731,,2.300,0.762,-20.625
331.60,2.187,0.890,-1.699,PATROL,26,21,2.108,0.976,-1.686,,2.287,0.692,-20.581
331.80,2.180,0.818,-1.663,PATROL,26,21,2.101,0.906,-1.650,,2.277,0.620,-20.544
332.00,2.175,0.756,-1.634,PATROL,26,21,2.097,0.833,-1.620,,2.271,0.558,-20.515
332.21,2.171,0.680,-1.610,PATROL,26,21,2.094,0.758,-1.596,,2.264,0.483,-20.491
332.41,2.169,0.603,-1.590,PATROL,26,21,2.093,0.683,-1.577,,2.260,0.406,-20.471
332.60,2.168,0.526,-1.574,PATROL,26,21,2.093,0.607,-1.561,,2.256,0.328,-20.455
332.80,2.168,0.448,-1.561,PATROL,26,21,2.094,0.530,-1.548,,2.254,0.250,-20.442
333.00,2.169,0.369,-1.550,PATROL,26,21,2.097,0.453,-1.537,,2.253,0.171,-20.431
333.20,2.171,0.289,-1.541,PATROL,26,21,2.100,0.376,-1.527,,2.252,0.092,-20.422
333.40,2.174,0.210,-1.532,PATROL,26,21,2.104,0.298,-1.519,,2.253,0.012,-20.413
333.61,2.177,0.143,-1.525,PATROL,26,21,2.108,0.219,-1.512,,2.253,-0.054,-20.406
333.81,2.181,0.063,-1.519,PATROL,26,21,2.113,0.141,-1.506,,2.255,-0.135,-20.400
334.00,2.185,-0.017,-1.514,PATROL,26,21,2.118,0.062,-1.501,,2.256,-0.215,-20.395
334.20,2.190,-0.098,-1.510,PATROL,26,21,2.124,-0.016,-1.497,,2.259,-0.296,-20.391
334.40,2.195,-0.178,-1.506,PATROL,26,21,2.130,-0.095,-1.493,,2.261,-0.377,-20.388
334.61,2.200,-0.259,-1.504,PATROL,26,21,2.136,-0.175,-1.490,,2.264,-0.458,-20.385
334.81,2.206,-0.340,-1.501,PATROL,26,21,2.143,-0.254,-1.488,,2.267,-0.539,-20.382
335.00,2.211,-0.421,-1.499,PATROL,26,21,2.149,-0.333,-1.486,,2.270,-0.620,-20.380
335.20,2.216,-0.488,-1.497,PATROL,26,21,2.156,-0.412,-1.484,,2.273,-0.687,-20.378
335.40,2.222,-0.569,-1.496,PATROL,26,21,2.163,-0.492,-1.482,,2.276,-0.769,-20.377
335.61,2.229,-0.651,-1.494,PATROL,26,21,2.170,-0.571,-1.481,,2.280,-0.850,-20.375
335.80,2.235,-0.732,-1.493,PATROL,26,21,2.177,-0.651,-1.480,,2.284,-0.931,-20.374
336.00,2.241,-0.813,-1.492,PATROL,26,21,2.185,-0.730,-1.479,,2.287,-1.013,-20.373
336.20,2.248,-0.894,-1.491,PATROL,26,21,2.192,-0.809,-1.478,,2.291,-1.094,-20.372
336.40,2.254,-0.975,-1.490,PATROL,26,21,2.199,-0.889,-1.477,,2.295,-1.175,-20.372
336.61,2.261,-1.056,-1.490,PATROL,26,21,2.207,-0.968,-1.476,,2.299,-1.257,-20.371
336.80,2.267,-1.138,-1.489,PATROL,27,22,2.214,-1.048,-1.476,,2.303,-1.338,-20.370
337.00,2.271,-1.178,-1.441,PATROL,27,22,2.220,-1.097,-1.427,,2.306,-1.379,-20.321
337.21,2.274,-1.195,-1.360,ALIGN,27,22,2.223,-1.112,-1.347,ball_7,2.308,-1.396,-20.241
337.40,2.275,-1.198,-1.255,ALIGN,27,22,2.224,-1.114,-1.241,ball_7,2.309,-1.399,-20.136
337.60,2.275,-1.198,-1.149,ALIGN,27,22,2.224,-1.114,-1.136,ball_7,2.309,-1.399,-20.031
337.80,2.275,-1.198,-1.041,ALIGN,27,22,2.224,-1.115,-1.027,ball_7,2.309,-1.399,-19.922
338.01,2.275,-1.198,-0.932,ALIGN,27,22,2.225,-1.115,-0.918,ball_7,2.309,-1.399,-19.813
338.20,2.275,-1.198,-0.845,ALIGN,27,22,2.225,-1.115,-0.831,ball_7,2.309,-1.399,-19.726
338.40,2.275,-1.198,-0.789,ALIGN,27,22,2.225,-1.115,-0.776,ball_7,2.309,-1.399,-19.670
338.60,2.275,-1.198,-0.749,APPROACH,27,22,2.225,-1.115,-0.736,ball_7,2.309,-1.399,-19.630
338.80,2.288,-1.209,-0.684,APPROACH,27,22,2.240,-1.128,-0.671,ball_7,2.321,-1.410,-19.565
339.01,2.329,-1.241,-0.658,APPROACH,27,22,2.282,-1.159,-0.645,ball_7,2.362,-1.444,-19.539
339.20,2.377,-1.279,-0.664,APPROACH,27,22,2.330,-1.195,-0.651,ball_7,2.409,-1.483,-19.545
339.40,2.425,-1.317,-0.667,APPROACH,27,22,2.377,-1.232,-0.654,ball_7,2.456,-1.522,-19.548
339.60,2.474,-1.355,-0.670,APPROACH,27,22,2.425,-1.268,-0.657,ball_7,2.503,-1.562,-19.550
339.81,2.521,-1.393,-0.672,APPROACH,27,22,2.472,-1.305,-0.659,ball_7,2.550,-1.601,-19.552
340.00,2.569,-1.431,-0.674,APPROACH,27,22,2.519,-1.341,-0.661,ball_7,2.596,-1.641,-19.555
340.20,2.609,-1.463,-0.675,APPROACH,27,22,2.566,-1.378,-0.663,ball_7,2.635,-1.674,-19.556
340.40,2.657,-1.501,-0.677,APPROACH,27,22,2.614,-1.415,-0.664,ball_7,2.682,-1.714,-19.558
340.60,2.705,-1.539,-0.678,APPROACH,27,22,2.661,-1.451,-0.665,ball_7,2.728,-1.754,-19.559
340.80,2.752,-1.578,-0.679,APPROACH,27,22,2.708,-1.488,-0.666,ball_7,2.774,-1.793,-19.560
341.00,2.800,-1.616,-0.681,APPROACH,27,22,2.755,-1.525,-0.668,ball_7,2.821,-1.833,-19.561
341.20,2.847,-1.655,-0.682,APPROACH,27,22,2.802,-1.562,-0.669,ball_7,2.867,-1.873,-19.562
341.40,2.895,-1.693,-0.682,APPROACH,27,22,2.849,-1.599,-0.669,ball_7,2.913,-1.914,-19.563
341.61,2.942,-1.732,-0.683,APPROACH,27,22,2.895,-1.636,-0.670,ball_7,2.960,-1.954,-19.564
341.80,2.990,-1.771,-0.684,APPROACH,27,22,2.942,-1.673,-0.671,ball_7,3.006,-1.994,-19.564
342.00,3.029,-1.803,-0.684,APPROACH,27,22,2.989,-1.711,-0.671,ball_7,3.045,-2.027,-19.565
342.20,3.077,-1.842,-0.685,APPROACH,27,22,3.036,-1.748,-0.672,ball_7,3.091,-2.067,-19.566
342.40,3.124,-1.880,-0.685,APPROACH,27,22,3.083,-1.785,-0.672,ball_7,3.137,-2.108,-19.566
342.61,3.171,-1.919,-0.686,APPROACH,27,22,3.130,-1.822,-0.673,ball_7,3.183,-2.148,-19.566
342.80,3.219,-1.958,-0.686,APPROACH,27,22,3.176,-1.859,-0.673,ball_7,3.229,-2.188,-19.567
343.00,3.266,-1.997,-0.686,APPROACH,27,22,3.223,-1.896,-0.673,ball_7,3.275,-2.228,-19.567
343.20,3.314,-2.035,-0.687,APPROACH,27,22,3.270,-1.934,-0.674,ball_7,3.321,-2.269,-19.568
343.41,3.361,-2.074,-0.687,APPROACH,27,22,3.317,-1.971,-0.674,ball_7,3.368,-2.309,-19.568
343.60,3.400,-2.107,-0.688,APPROACH,27,22,3.363,-2.008,-0.675,ball_7,3.406,-2.342,-19.568
343.81,3.448,-2.145,-0.688,APPROACH,27,22,3.410,-2.046,-0.675,ball_7,3.452,-2.383,-19.569
344.00,3.495,-2.184,-0.688,APPROACH,27,22,3.457,-2.083,-0.675,ball_7,3.498,-2.423,-19.569
344.20,3.542,-2.223,-0.688,APPROACH,27,22,3.503,-2.120,-0.675,ball_7,3.544,-2.463,-19.569
344.40,3.589,-2.262,-0.689,APPROACH,27,22,3.550,-2.158,-0.675,ball_7,3.590,-2.504,-19.569
344.60,3.637,-2.301,-0.689,APPROACH,27,22,3.597,-2.195,-0.676,ball_7,3.636,-2.544,-19.570
344.80,3.684,-2.340,-0.689,APPROACH,27,22,3.643,-2.232,-0.676,ball_7,3.682,-2.585,-19.570
345.00,3.731,-2.379,-0.689,APPROACH,27,22,3.690,-2.270,-0.676,ball_7,3.728,-2.625,-19.570
345.20,3.770,-2.411,-0.689,APPROACH,27,22,3.737,-2.307,-0.676,ball_7,3.767,-2.659,-19.570
345.41,3.818,-2.450,-0.690,APPROACH,27,22,3.783,-2.344,-0.677,ball_7,3.813,-2.699,-19.570
345.60,3.865,-2.489,-0.690,APPROACH,27,22,3.830,-2.382,-0.677,ball_7,3.859,-2.739,-19.571
345.80,3.912,-2.528,-0.690,APPROACH,27,22,3.876,-2.419,-0.677,ball_7,3.905,-2.780,-19.571
346.00,3.959,-2.567,-0.690,APPROACH,27,22,3.923,-2.456,-0.677,ball_7,3.951,-2.820,-19.571
346.20,4.007,-2.606,-0.690,APPROACH,27,22,3.970,-2.494,-0.677,ball_7,3.997,-2.861,-19.571
346.40,4.054,-2.645,-0.691,APPROACH,27,22,4.016,-2.531,-0.678,ball_7,4.042,-2.901,-19.571
346.60,4.101,-2.684,-0.691,APPROACH,27,22,4.063,-2.569,-0.678,ball_7,4.088,-2.942,-19.572
346.80,4.148,-2.723,-0.691,APPROACH,27,22,4.109,-2.606,-0.678,ball_7,4.134,-2.982,-19.572
347.00,4.187,-2.755,-0.691,APPROACH,27,22,4.156,-2.644,-0.678,ball_7,4.173,-3.016,-19.572
347.20,4.234,-2.794,-0.692,APPROACH,27,22,4.202,-2.681,-0.679,ball_7,4.219,-3.056,-19.572
347.41,4.282,-2.833,-0.692,APPROACH,27,22,4.249,-2.719,-0.679,ball_7,4.264,-3.097,-19.573
347.60,4.329,-2.872,-0.692,APPROACH,27,22,4.296,-2.756,-0.679,ball_7,4.310,-3.137,-19.573
347.81,4.376,-2.912,-0.693,APPROACH,27,22,4.342,-2.794,-0.680,ball_7,4.356,-3.178,-19.573
348.00,4.423,-2.951,-0.693,APPROACH,27,22,4.388,-2.831,-0.680,ball_7,4.402,-3.218,-19.574
348.20,4.470,-2.990,-0.693,APPROACH,27,22,4.435,-2.869,-0.680,ball_7,4.448,-3.259,-19.574
348.41,4.517,-3.029,-0.694,APPROACH,27,22,4.481,-2.906,-0.681,ball_7,4.494,-3.300,-19.575
348.61,4.556,-3.061,-0.694,APPROACH,27,22,4.528,-2.944,-0.681,ball_7,4.532,-3.333,-19.575
348.80,4.603,-3.101,-0.695,APPROACH,27,22,4.574,-2.981,-0.682,ball_7,4.578,-3.374,-19.576
349.00,4.650,-3.140,-0.696,APPROACH,27,22,4.621,-3.019,-0.682,ball_7,4.624,-3.415,-19.576
349.20,4.697,-3.179,-0.696,APPROACH,27,22,4.667,-3.057,-0.683,ball_7,4.669,-3.455,-19.577
349.40,4.744,-3.218,-0.697,APPROACH,27,22,4.714,-3.095,-0.684,ball_7,4.715,-3.496,-19.578
349.60,4.791,-3.258,-0.699,APPROACH,27,22,4.760,-3.132,-0.686,ball_7,4.761,-3.537,-19.580
349.80,4.838,-3.297,-0.694,APPROACH,27,22,4.806,-3.170,-0.681,,4.806,-3.578,-19.575
350.00,4.885,-3.336,-0.689,BLIND_DASH,27,22,4.853,-3.208,-0.676,,4.852,-3.618,-19.570
350.20,4.925,-3.368,-0.689,PATROL,27,22,4.900,-3.245,-0.676,,4.891,-3.652,-19.570
350.40,4.957,-3.396,-0.706,PATROL,27,22,4.930,-3.269,-0.693,,4.923,-3.680,-19.587
350.61,4.965,-3.402,-0.659,PATROL,27,22,4.937,-3.275,-0.645,,4.930,-3.687,-19.539
350.81,4.965,-3.402,-0.551,PATROL,27,22,4.937,-3.275,-0.537,,4.930,-3.687,-19.432
351.00,4.965,-3.402,-0.443,PATROL,27,22,4.938,-3.275,-0.429,,4.930,-3.687,-19.324
351.20,4.965,-3.402,-0.334,PATROL,27,22,4.938,-3.276,-0.320,,4.930,-3.687,-19.215
351.40,4.965,-3.402,-0.225,PATROL,27,22,4.939,-3.276,-0.211,,4.930,-3.687,-19.106
351.60,4.965,-3.402,-0.117,PATROL,27,22,4.939,-3.275,-0.103,,4.930,-3.687,-18.997
351.80,4.965,-3.402,-0.008,ALIGN,27,22,4.940,-3.275,0.005,ball_8,4.930,-3.687,-18.889
352.01,4.965,-3.402,0.100,ALIGN,27,22,4.941,-3.275,0.113,ball_8,4.930,-3.687,-18.781
352.21,4.965,-3.402,0.208,ALIGN,27,22,4.941,-3.275,0.221,ball_8,4.930,-3.687,-18.673
352.40,4.965,-3.402,0.316,ALIGN,27,22,4.942,-3.275,0.329,ball_8,4.930,-3.687,-18.565
352.60,4.965,-3.402,0.411,ALIGN,27,22,4.942,-3.275,0.424,ball_8,4.930,-3.687,-18.470
352.80,4.965,-3.402,0.474,ALIGN,27,22,4.942,-3.275,0.486,ball_8,4.930,-3.687,-18.407
353.01,4.965,-3.402,0.518,APPROACH,27,22,4.942,-3.275,0.530,ball_8,4.930,-3.687,-18.363
353.20,4.984,-3.391,0.582,APPROACH,27,22,4.959,-3.263,0.595,ball_8,4.949,-3.676,-18.299
353.40,5.029,-3.359,0.608,APPROACH,27,22,5.002,-3.233,0.620,ball_8,4.996,-3.646,-18.273
353.60,5.071,-3.330,0.605,APPROACH,27,22,5.051,-3.198,0.617,ball_8,5.039,-3.618,-18.276
353.80,5.122,-3.295,0.603,APPROACH,27,22,5.100,-3.164,0.616,ball_8,5.090,-3.585,-18.277
354.00,5.172,-3.261,0.602,APPROACH,27,22,5.149,-3.129,0.614,ball_8,5.142,-3.552,-18.279
354.20,5.223,-3.226,0.601,APPROACH,27,22,5.198,-3.094,0.613,ball_8,5.193,-3.519,-18.280
354.40,5.273,-3.191,0.600,APPROACH,27,22,5.247,-3.060,0.612,ball_8,5.245,-3.486,-18.281
354.60,5.324,-3.157,0.599,APPROACH,27,22,5.296,-3.026,0.611,ball_8,5.296,-3.453,-18.282
354.80,5.374,-3.122,0.598,APPROACH,27,22,5.345,-2.991,0.610,ball_8,5.348,-3.420,-18.283
355.01,5.425,-3.088,0.597,APPROACH,27,22,5.394,-2.957,0.610,ball_8,5.400,-3.387,-18.284
355.20,5.467,-3.059,0.596,APPROACH,27,22,5.443,-2.923,0.609,ball_8,5.443,-3.360,-18.284
355.40,5.518,-3.025,0.596,APPROACH,27,22,5.492,-2.889,0.608,ball_8,5.494,-3.327,-18.285
355.60,5.568,-2.991,0.595,APPROACH,27,22,5.541,-2.854,0.608,ball_8,5.546,-3.294,-18.285
355.80,5.619,-2.956,0.594,APPROACH,27,22,5.591,-2.820,0.607,ball_8,5.598,-3.261,-18.286
356.00,5.670,-2.922,0.594,APPROACH,27,22,5.640,-2.786,0.607,ball_8,5.650,-3.229,-18.287
356.20,5.720,-2.888,0.594,APPROACH,27,22,5.689,-2.752,0.607,ball_8,5.702,-3.196,-18.287
356.40,5.771,-2.854,0.593,APPROACH,27,22,5.738,-2.718,0.606,ball_8,5.753,-3.163,-18.287
356.60,5.822,-2.819,0.593,APPROACH,27,22,5.787,-2.684,0.606,ball_8,5.805,-3.131,-18.288
356.80,5.873,-2.785,0.593,APPROACH,27,22,5.837,-2.649,0.606,ball_8,5.857,-3.098,-18.288
357.00,5.915,-2.757,0.592,APPROACH,27,22,5.886,-2.615,0.606,ball_8,5.900,-3.071,-18.288
357.20,5.966,-2.723,0.592,APPROACH,27,22,5.935,-2.581,0.605,ball_8,5.952,-3.038,-18.289
357.40,6.017,-2.688,0.592,APPROACH,27,22,5.984,-2.547,0.605,ball_8,6.004,-3.006,-18.289
357.60,6.067,-2.654,0.591,APPROACH,27,22,6.034,-2.513,0.605,ball_8,6.056,-2.973,-18.289
357.80,6.118,-2.620,0.591,APPROACH,27,22,6.083,-2.479,0.604,ball_8,6.107,-2.941,-18.289
358.00,6.169,-2.586,0.591,APPROACH,27,22,6.132,-2.445,0.604,ball_8,6.159,-2.908,-18.289
358.20,6.220,-2.552,0.591,APPROACH,27,22,6.181,-2.411,0.604,ball_8,6.211,-2.876,-18.290
358.40,6.271,-2.518,0.591,APPROACH,27,22,6.231,-2.377,0.604,ball_8,6.263,-2.843,-18.290
358.61,6.313,-2.490,0.590,APPROACH,27,22,6.280,-2.343,0.604,ball_8,6.306,-2.816,-18.290
358.80,6.364,-2.456,0.590,APPROACH,27,22,6.329,-2.309,0.603,ball_8,6.358,-2.784,-18.290
359.00,6.415,-2.421,0.590,APPROACH,27,22,6.379,-2.275,0.603,ball_8,6.410,-2.751,-18.291
359.21,6.466,-2.387,0.590,APPROACH,27,22,6.428,-2.241,0.603,ball_8,6.462,-2.719,-18.291
359.40,6.516,-2.353,0.589,APPROACH,27,22,6.477,-2.207,0.603,ball_8,6.514,-2.686,-18.291
359.61,6.567,-2.319,0.589,APPROACH,27,22,6.527,-2.173,0.603,ball_8,6.566,-2.654,-18.291
359.81,6.618,-2.285,0.589,APPROACH,27,22,6.576,-2.139,0.602,ball_8,6.618,-2.622,-18.292
360.00,6.669,-2.251,0.589,APPROACH,27,22,6.625,-2.106,0.602,ball_8,6.670,-2.589,-18.292
360.20,6.712,-2.223,0.588,APPROACH,27,22,6.675,-2.072,0.602,ball_8,6.713,-2.562,-18.292
360.40,6.762,-2.189,0.588,APPROACH,27,22,6.724,-2.038,0.602,ball_8,6.765,-2.530,-18.292
360.60,6.813,-2.155,0.588,APPROACH,27,22,6.773,-2.004,0.601,ball_8,6.817,-2.497,-18.293
360.80,6.864,-2.121,0.587,APPROACH,27,22,6.823,-1.970,0.601,ball_8,6.869,-2.465,-18.293
361.00,6.915,-2.087,0.587,APPROACH,27,22,6.872,-1.936,0.601,ball_8,6.921,-2.433,-18.293
361.20,6.966,-2.053,0.587,APPROACH,27,22,6.922,-1.902,0.601,ball_8,6.973,-2.400,-18.294
361.40,7.017,-2.020,0.586,APPROACH,27,22,6.971,-1.868,0.600,ball_8,7.025,-2.368,-18.294
361.61,7.068,-1.986,0.586,APPROACH,27,22,7.021,-1.835,0.600,ball_8,7.077,-2.336,-18.295
361.80,7.119,-1.952,0.586,APPROACH,27,22,7.070,-1.801,0.599,ball_8,7.129,-2.304,-18.295
362.00,7.162,-1.924,0.585,APPROACH,27,22,7.119,-1.767,0.599,ball_8,7.172,-2.277,-18.296
362.20,7.213,-1.890,0.584,APPROACH,27,22,7.169,-1.733,0.598,ball_8,7.225,-2.244,-18.296
362.40,7.264,-1.856,0.583,APPROACH,27,22,7.218,-1.700,0.597,ball_8,7.277,-2.212,-18.297
362.60,7.315,-1.823,0.582,APPROACH,27,22,7.268,-1.666,0.596,ball_8,7.329,-2.180,-18.298
362.80,7.366,-1.789,0.585,APPROACH,27,22,7.318,-1.632,0.598,,7.381,-2.148,-18.296
363.01,7.417,-1.755,0.590,BLIND_DASH,27,22,7.367,-1.599,0.604,,7.433,-2.116,-18.290
363.20,7.468,-1.721,0.593,BLIND_DASH,27,22,7.416,-1.564,0.607,,7.485,-2.083,-18.287
