t,x,y,yaw,state,wp_index,cell_number,real_x,real_y,real_yaw,target_ball_guess,x_wall,y_wall,yaw_wall
0.21,-10.532,-4.260,-0.000,PATROL,1,2,-10.533,-4.260,-0.000,,-10.532,-4.260,-0.000
0.41,-10.512,-4.260,-0.000,PATROL,1,2,-10.512,-4.260,-0.000,,-10.513,-4.260,-0.000
0.61,-10.451,-4.260,0.000,PATROL,1,2,-10.453,-4.260,0.000,,-10.451,-4.260,0.000
0.81,-10.372,-4.260,0.011,PATROL,1,2,-10.375,-4.260,0.011,,-10.372,-4.260,0.011
1.01,-10.292,-4.258,0.020,PATROL,1,2,-10.297,-4.258,0.020,,-10.292,-4.258,0.020
1.21,-10.212,-4.256,0.027,PATROL,1,2,-10.218,-4.256,0.027,,-10.213,-4.256,0.027
1.41,-10.145,-4.254,0.033,PATROL,1,2,-10.140,-4.254,0.033,,-10.145,-4.254,0.033
1.61,-10.065,-4.251,0.038,PATROL,1,2,-10.060,-4.251,0.038,,-10.065,-4.251,0.038
1.81,-9.984,-4.248,0.042,PATROL,1,2,-9.982,-4.248,0.042,,-9.984,-4.248,0.042
2.01,-9.904,-4.245,0.046,PATROL,1,2,-9.904,-4.245,0.046,,-9.903,-4.245,0.046
2.21,-9.823,-4.241,0.048,PATROL,1,2,-9.826,-4.241,0.048,,-9.821,-4.241,0.048
2.41,-9.742,-4.237,0.051,PATROL,1,2,-9.745,-4.237,0.051,,-9.741,-4.237,0.051
2.61,-9.661,-4.233,0.052,PATROL,1,2,-9.666,-4.233,0.052,,-9.660,-4.233,0.053
2.81,-9.593,-4.229,0.054,PATROL,1,2,-9.587,-4.229,0.054,,-9.591,-4.229,0.054
3.01,-9.512,-4.225,0.055,PATROL,1,2,-9.507,-4.224,0.055,,-9.511,-4.225,0.055
3.21,-9.431,-4.220,0.056,PATROL,1,2,-9.427,-4.220,0.056,,-9.430,-4.220,0.056
3.41,-9.349,-4.215,0.057,PATROL,1,2,-9.348,-4.215,0.057,,-9.348,-4.215,0.057
3.61,-9.268,-4.211,0.058,PATROL,1,2,-9.268,-4.211,0.058,,-9.267,-4.211,0.058
3.81,-9.187,-4.206,0.058,PATROL,1,2,-9.188,-4.206,0.058,,-9.186,-4.206,0.059
4.01,-9.105,-4.201,0.059,PATROL,1,2,-9.108,-4.202,0.059,,-9.104,-4.201,0.059
4.21,-9.024,-4.196,0.059,PATROL,1,2,-9.028,-4.197,0.059,,-9.023,-4.196,0.059
4.41,-8.942,-4.192,0.060,PATROL,1,2,-8.949,-4.192,0.060,,-8.941,-4.191,0.060
4.61,-8.874,-4.187,0.060,PATROL,1,2,-8.869,-4.187,0.060,,-8.873,-4.187,0.060
4.81,-8.793,-4.183,0.060,PATROL,1,2,-8.790,-4.183,0.060,,-8.792,-4.182,0.060
5.01,-8.712,-4.178,0.060,PATROL,1,2,-8.709,-4.178,0.060,,-8.710,-4.177,0.060
5.21,-8.630,-4.173,0.060,PATROL,1,2,-8.630,-4.173,0.060,,-8.629,-4.173,0.061
5.41,-8.549,-4.168,0.061,PATROL,1,2,-8.550,-4.168,0.061,,-8.548,-4.168,0.061
5.61,-8.467,-4.163,0.061,PATROL,1,2,-8.471,-4.163,0.061,,-8.465,-4.163,0.061
5.81,-8.386,-4.158,0.061,PATROL,1,2,-8.391,-4.158,0.061,,-8.384,-4.158,0.061
6.01,-8.304,-4.153,0.061,PATROL,1,2,-8.311,-4.154,0.061,,-8.303,-4.153,0.061
6.21,-8.237,-4.149,0.061,PATROL,1,2,-8.231,-4.149,0.061,,-8.235,-4.149,0.061
6.41,-8.155,-4.144,0.061,PATROL,1,2,-8.152,-4.144,0.061,,-8.153,-4.144,0.061
6.61,-8.074,-4.139,0.060,PATROL,2,3,-8.073,-4.139,0.060,,-8.070,-4.139,0.061
6.81,-7.995,-4.135,0.050,PATROL,2,3,-7.995,-4.135,0.050,,-7.993,-4.134,0.050
7.01,-7.916,-4.131,0.040,PATROL,2,3,-7.917,-4.131,0.040,,-7.914,-4.131,0.040
7.21,-7.836,-4.128,0.032,PATROL,2,3,-7.840,-4.129,0.032,,-7.833,-4.128,0.032
7.41,-7.756,-4.126,0.026,PATROL,2,3,-7.761,-4.126,0.026,,-7.754,-4.125,0.026
7.61,-7.676,-4.124,0.021,PATROL,2,3,-7.682,-4.125,0.021,,-7.674,-4.124,0.021
7.81,-7.609,-4.123,0.016,PATROL,2,3,-7.603,-4.123,0.016,,-7.606,-4.122,0.016
8.01,-7.528,-4.122,0.013,PATROL,2,3,-7.525,-4.122,0.013,,-7.525,-4.121,0.013
8.21,-7.447,-4.121,0.010,PATROL,2,3,-7.445,-4.121,0.010,,-7.444,-4.120,0.010
8.41,-7.366,-4.120,0.008,PATROL,2,3,-7.366,-4.120,0.008,,-7.363,-4.120,0.008
8.61,-7.285,-4.119,0.006,PATROL,2,3,-7.287,-4.120,0.006,,-7.282,-4.119,0.006
8.81,-7.204,-4.119,0.004,PATROL,2,3,-7.207,-4.119,0.004,,-7.201,-4.119,0.004
9.01,-7.123,-4.119,0.003,PATROL,2,3,-7.129,-4.119,0.003,,-7.118,-4.118,0.003
9.21,-7.055,-4.119,0.002,PATROL,2,3,-7.049,-4.119,0.002,,-7.051,-4.118,0.002
9.41,-6.974,-4.118,0.001,PATROL,2,3,-6.968,-4.119,0.001,,-6.970,-4.118,0.001
9.61,-6.892,-4.118,-0.000,PATROL,2,3,-6.889,-4.119,-0.000,,-6.889,-4.118,0.000
9.81,-6.811,-4.118,-0.001,PATROL,2,3,-6.809,-4.119,-0.001,,-6.807,-4.118,-0.001
10.01,-6.729,-4.119,-0.001,PATROL,2,3,-6.729,-4.119,-0.001,,-6.726,-4.118,-0.001
10.21,-6.648,-4.119,-0.002,PATROL,2,3,-6.651,-4.119,-0.002,,-6.644,-4.118,-0.002
10.41,-6.567,-4.119,-0.002,PATROL,2,3,-6.570,-4.119,-0.002,,-6.563,-4.118,-0.002
10.61,-6.485,-4.119,-0.003,PATROL,2,3,-6.490,-4.119,-0.003,,-6.481,-4.119,-0.003
10.81,-6.403,-4.119,-0.003,PATROL,2,3,-6.410,-4.120,-0.003,,-6.400,-4.119,-0.003
11.01,-6.336,-4.120,-0.003,PATROL,2,3,-6.330,-4.120,-0.003,,-6.332,-4.119,-0.003
11.21,-6.254,-4.120,-0.004,PATROL,2,3,-6.250,-4.120,-0.004,,-6.250,-4.119,-0.004
11.41,-6.172,-4.120,-0.004,PATROL,2,3,-6.171,-4.121,-0.004,,-6.168,-4.120,-0.004
11.61,-6.091,-4.120,-0.004,PATROL,2,3,-6.090,-4.121,-0.004,,-6.087,-4.120,-0.004
11.81,-6.009,-4.121,-0.004,PATROL,2,3,-6.010,-4.121,-0.004,,-6.006,-4.120,-0.004
12.01,-5.928,-4.121,-0.004,PATROL,2,3,-5.930,-4.121,-0.004,,-5.924,-4.121,-0.004
12.21,-5.846,-4.121,-0.004,PATROL,2,3,-5.850,-4.122,-0.004,,-5.842,-4.121,-0.004
12.41,-5.764,-4.122,-0.005,PATROL,2,3,-5.770,-4.122,-0.005,,-5.761,-4.121,-0.005
12.61,-5.696,-4.122,-0.005,PATROL,2,3,-5.691,-4.123,-0.005,,-5.692,-4.122,-0.005
12.81,-5.615,-4.123,-0.005,PATROL,2,3,-5.610,-4.123,-0.005,,-5.611,-4.122,-0.005
13.01,-5.533,-4.123,-0.005,PATROL,2,3,-5.530,-4.123,-0.005,,-5.529,-4.122,-0.005
13.21,-5.452,-4.123,-0.005,PATROL,2,3,-5.450,-4.124,-0.005,,-5.448,-4.123,-0.005
13.41,-5.370,-4.124,-0.005,PATROL,2,3,-5.371,-4.124,-0.005,,-5.366,-4.123,-0.005
13.61,-5.289,-4.124,-0.005,PATROL,3,4,-5.291,-4.124,-0.005,,-5.285,-4.124,-0.005
13.81,-5.207,-4.124,-0.004,PATROL,3,4,-5.212,-4.125,-0.004,,-5.203,-4.124,-0.004
14.01,-5.126,-4.125,-0.003,PATROL,3,4,-5.132,-4.125,-0.003,,-5.121,-4.124,-0.003
14.21,-5.058,-4.125,-0.003,PATROL,3,4,-5.054,-4.125,-0.003,,-5.051,-4.124,-0.003
14.41,-4.976,-4.125,-0.002,PATROL,3,4,-4.972,-4.125,-0.002,,-4.971,-4.125,-0.002
14.61,-4.895,-4.125,-0.002,PATROL,3,4,-4.893,-4.125,-0.002,,-4.890,-4.125,-0.002
14.81,-4.813,-4.125,-0.001,PATROL,3,4,-4.813,-4.126,-0.001,,-4.807,-4.125,-0.001
15.01,-4.732,-4.125,-0.001,PATROL,3,4,-4.733,-4.126,-0.001,,-4.726,-4.125,-0.001
15.21,-4.650,-4.126,-0.001,PATROL,3,4,-4.653,-4.126,-0.001,,-4.644,-4.125,-0.001
15.41,-4.569,-4.126,-0.001,PATROL,3,4,-4.573,-4.126,-0.001,,-4.563,-4.125,-0.001
15.61,-4.487,-4.126,-0.001,PATROL,3,4,-4.494,-4.126,-0.001,,-4.481,-4.125,-0.001
15.81,-4.419,-4.126,-0.000,PATROL,3,4,-4.413,-4.126,-0.000,,-4.414,-4.125,-0.000
16.01,-4.338,-4.126,-0.000,PATROL,3,4,-4.334,-4.126,-0.000,,-4.332,-4.125,-0.000
16.21,-4.256,-4.126,-0.000,PATROL,3,4,-4.254,-4.126,-0.000,,-4.251,-4.125,-0.000
16.41,-4.175,-4.126,-0.000,PATROL,3,4,-4.174,-4.126,-0.000,,-4.169,-4.125,-0.000
16.61,-4.093,-4.126,-0.000,PATROL,3,4,-4.094,-4.126,0.000,,-4.087,-4.125,0.000
16.81,-4.012,-4.126,0.000,PATROL,3,4,-4.014,-4.126,0.000,,-4.006,-4.125,0.000
17.01,-3.930,-4.126,0.000,ALIGN,3,4,-3.934,-4.126,0.000,ball_10,-3.924,-4.125,0.000
17.21,-3.873,-4.126,-0.010,ALIGN,3,4,-3.876,-4.126,-0.011,ball_10,-3.867,-4.125,-0.010
17.41,-3.854,-4.126,-0.007,ALIGN,3,4,-3.854,-4.127,-0.008,ball_10,-3.848,-4.126,-0.007
17.61,-3.853,-4.126,0.080,ALIGN,3,4,-3.850,-4.127,0.081,ball_10,-3.848,-4.126,0.077
17.81,-3.853,-4.126,0.148,ALIGN,3,4,-3.849,-4.128,0.150,ball_10,-3.848,-4.126,0.140
18.01,-3.853,-4.126,0.192,APPROACH,3,4,-3.850,-4.128,0.195,ball_10,-3.848,-4.126,0.183
18.21,-3.833,-4.122,0.248,APPROACH,3,4,-3.832,-4.125,0.254,ball_10,-3.827,-4.121,0.239
18.41,-3.780,-4.107,0.279,APPROACH,3,4,-3.793,-4.112,0.285,ball_10,-3.774,-4.107,0.270
18.61,-3.721,-4.090,0.272,APPROACH,3,4,-3.736,-4.095,0.278,ball_10,-3.715,-4.091,0.264
18.81,-3.662,-4.074,0.269,APPROACH,3,4,-3.678,-4.079,0.275,ball_10,-3.656,-4.075,0.261
19.01,-3.603,-4.058,0.267,APPROACH,3,4,-3.621,-4.063,0.273,ball_10,-3.596,-4.059,0.259
19.21,-3.554,-4.044,0.264,APPROACH,3,4,-3.563,-4.047,0.271,ball_10,-3.547,-4.046,0.256
19.41,-3.495,-4.028,0.263,APPROACH,3,4,-3.505,-4.031,0.269,ball_10,-3.488,-4.031,0.255
19.61,-3.436,-4.013,0.261,APPROACH,3,4,-3.448,-4.015,0.267,ball_10,-3.428,-4.015,0.253
19.81,-3.376,-3.997,0.259,APPROACH,3,4,-3.390,-3.999,0.266,ball_10,-3.369,-4.000,0.251
20.01,-3.317,-3.981,0.258,APPROACH,3,4,-3.332,-3.983,0.264,ball_10,-3.310,-3.985,0.250
20.21,-3.258,-3.966,0.257,APPROACH,3,4,-3.275,-3.968,0.263,ball_10,-3.250,-3.970,0.249
20.41,-3.199,-3.950,0.256,APPROACH,3,4,-3.216,-3.952,0.262,ball_10,-3.191,-3.955,0.248
20.61,-3.140,-3.935,0.255,APPROACH,3,4,-3.158,-3.937,0.261,ball_10,-3.132,-3.940,0.247
20.81,-3.090,-3.922,0.254,APPROACH,3,4,-3.100,-3.921,0.260,ball_10,-3.083,-3.927,0.246
21.01,-3.031,-3.906,0.254,APPROACH,3,4,-3.042,-3.906,0.260,ball_10,-3.023,-3.912,0.245
21.21,-2.972,-3.891,0.253,APPROACH,3,4,-2.985,-3.891,0.259,ball_10,-2.963,-3.897,0.245
21.41,-2.913,-3.876,0.252,APPROACH,3,4,-2.928,-3.876,0.258,ball_10,-2.904,-3.882,0.244
21.61,-2.853,-3.860,0.252,APPROACH,3,4,-2.870,-3.860,0.258,ball_10,-2.844,-3.868,0.244
21.81,-2.794,-3.845,0.251,APPROACH,3,4,-2.812,-3.845,0.257,ball_10,-2.785,-3.853,0.243
22.01,-2.735,-3.830,0.251,APPROACH,3,4,-2.755,-3.830,0.257,ball_10,-2.725,-3.838,0.243
22.21,-2.685,-3.817,0.251,APPROACH,3,4,-2.697,-3.815,0.257,ball_10,-2.675,-3.826,0.242
22.41,-2.626,-3.802,0.250,APPROACH,3,4,-2.638,-3.799,0.256,ball_10,-2.616,-3.811,0.242
22.61,-2.567,-3.787,0.250,APPROACH,3,4,-2.581,-3.784,0.256,ball_10,-2.556,-3.796,0.242
22.81,-2.507,-3.772,0.250,APPROACH,3,4,-2.522,-3.769,0.256,ball_10,-2.497,-3.782,0.242
23.01,-2.448,-3.757,0.250,APPROACH,3,4,-2.465,-3.754,0.256,ball_10,-2.437,-3.767,0.241
23.21,-2.389,-3.742,0.249,APPROACH,3,4,-2.407,-3.739,0.255,ball_10,-2.378,-3.752,0.241
23.41,-2.330,-3.727,0.249,APPROACH,3,4,-2.349,-3.724,0.255,ball_10,-2.319,-3.738,0.241
23.61,-2.270,-3.711,0.249,APPROACH,3,4,-2.291,-3.709,0.255,ball_10,-2.259,-3.723,0.241
23.81,-2.211,-3.696,0.249,APPROACH,3,4,-2.233,-3.693,0.255,ball_10,-2.200,-3.709,0.241
24.01,-2.161,-3.684,0.249,APPROACH,3,4,-2.175,-3.678,0.255,ball_10,-2.150,-3.697,0.241
24.21,-2.102,-3.669,0.249,APPROACH,3,4,-2.117,-3.663,0.255,ball_10,-2.090,-3.682,0.240
24.41,-2.043,-3.654,0.249,APPROACH,3,4,-2.059,-3.648,0.255,ball_10,-2.031,-3.667,0.240
24.61,-1.983,-3.639,0.248,APPROACH,3,4,-2.001,-3.633,0.254,ball_10,-1.972,-3.653,0.240
24.81,-1.924,-3.624,0.248,APPROACH,3,4,-1.943,-3.618,0.254,ball_10,-1.912,-3.638,0.240
25.01,-1.865,-3.609,0.248,APPROACH,3,4,-1.885,-3.603,0.254,ball_10,-1.853,-3.624,0.240
25.21,-1.806,-3.594,0.248,APPROACH,3,4,-1.827,-3.588,0.254,ball_10,-1.793,-3.609,0.240
25.41,-1.746,-3.579,0.248,APPROACH,3,4,-1.770,-3.573,0.254,ball_10,-1.733,-3.594,0.240
25.61,-1.697,-3.566,0.248,APPROACH,3,4,-1.711,-3.558,0.254,ball_10,-1.684,-3.582,0.240
25.81,-1.637,-3.551,0.248,APPROACH,3,4,-1.654,-3.543,0.254,ball_10,-1.625,-3.568,0.240
26.01,-1.578,-3.536,0.248,APPROACH,3,4,-1.596,-3.528,0.254,ball_10,-1.565,-3.553,0.240
26.21,-1.519,-3.521,0.248,APPROACH,3,4,-1.538,-3.513,0.254,,-1.506,-3.539,0.240
26.41,-1.459,-3.506,0.249,APPROACH,3,4,-1.480,-3.498,0.255,,-1.446,-3.524,0.240
26.61,-1.400,-3.491,0.249,BLIND_DASH,3,4,-1.421,-3.483,0.255,,-1.387,-3.510,0.241
26.81,-1.341,-3.476,0.249,BLIND_DASH,3,4,-1.363,-3.467,0.255,,-1.327,-3.495,0.241
27.01,-1.282,-3.461,0.249,BLIND_DASH,3,4,-1.306,-3.452,0.255,,-1.267,-3.480,0.241
27.21,-1.232,-3.448,0.250,BLIND_DASH,3,4,-1.248,-3.437,0.256,,-1.217,-3.468,0.241
27.41,-1.173,-3.433,0.250,BLIND_DASH,3,4,-1.190,-3.422,0.256,,-1.158,-3.453,0.241
27.61,-1.113,-3.418,0.250,BLIND_DASH,3,4,-1.132,-3.407,0.256,,-1.098,-3.439,0.242
27.81,-1.054,-3.403,0.250,BLIND_DASH,3,4,-1.074,-3.392,0.256,,-1.039,-3.424,0.242
28.01,-0.995,-3.388,0.250,BLIND_DASH,3,4,-1.016,-3.377,0.256,,-0.980,-3.409,0.242
28.21,-0.936,-3.372,0.250,BLIND_DASH,3,4,-0.958,-3.361,0.256,,-0.920,-3.395,0.242
28.41,-0.876,-3.357,0.251,BLIND_DASH,3,4,-0.901,-3.347,0.257,,-0.860,-3.380,0.242
28.61,-0.827,-3.345,0.251,PATROL,3,4,-0.843,-3.331,0.257,,-0.811,-3.368,0.242
28.81,-0.781,-3.333,0.239,PATROL,3,4,-0.804,-3.321,0.244,,-0.765,-3.357,0.230
29.01,-0.776,-3.332,0.175,PATROL,3,4,-0.797,-3.319,0.179,,-0.760,-3.356,0.165
29.21,-0.776,-3.332,0.068,PATROL,3,4,-0.797,-3.319,0.072,,-0.760,-3.356,0.059
29.41,-0.776,-3.332,-0.044,PATROL,3,4,-0.797,-3.318,-0.039,,-0.760,-3.356,-0.050
29.61,-0.776,-3.332,-0.155,PATROL,3,4,-0.799,-3.317,-0.149,,-0.760,-3.356,-0.159
29.81,-0.776,-3.332,-0.259,PATROL,3,4,-0.799,-3.318,-0.253,,-0.760,-3.356,-0.263
30.01,-0.776,-3.332,-0.370,PATROL,3,4,-0.799,-3.318,-0.364,,-0.760,-3.356,-0.373
30.21,-0.776,-3.332,-0.480,PATROL,3,4,-0.799,-3.318,-0.474,,-0.760,-3.356,-0.483
30.41,-0.776,-3.332,-0.591,PATROL,3,4,-0.800,-3.317,-0.584,,-0.760,-3.356,-0.594
30.61,-0.776,-3.332,-0.701,PATROL,3,4,-0.800,-3.317,-0.694,,-0.760,-3.356,-0.705
30.81,-0.776,-3.332,-0.812,PATROL,3,4,-0.800,-3.317,-0.806,,-0.760,-3.356,-0.816
31.01,-0.776,-3.332,-0.922,PATROL,3,4,-0.800,-3.317,-0.916,,-0.760,-3.356,-0.926
31.21,-0.776,-3.332,-1.034,PATROL,3,4,-0.800,-3.317,-1.027,,-0.760,-3.356,-1.037
31.41,-0.776,-3.332,-1.143,PATROL,3,4,-0.801,-3.317,-1.136,,-0.760,-3.356,-1.148
31.61,-0.775,-3.336,-1.253,PATROL,3,4,-0.799,-3.320,-1.247,,-0.759,-3.360,-1.258
31.81,-0.772,-3.345,-1.365,PATROL,3,4,-0.797,-3.329,-1.359,,-0.756,-3.369,-1.369
32.01,-0.770,-3.358,-1.475,PATROL,3,4,-0.795,-3.343,-1.469,,-0.754,-3.382,-1.480
32.21,-0.770,-3.378,-1.588,PATROL,3,4,-0.794,-3.362,-1.581,,-0.754,-3.401,-1.592
32.41,-0.771,-3.403,-1.698,PATROL,3,4,-0.796,-3.387,-1.692,,-0.756,-3.427,-1.703
32.61,-0.777,-3.433,-1.809,PATROL,3,4,-0.801,-3.416,-1.803,,-0.761,-3.457,-1.813
32.81,-0.787,-3.467,-1.919,PATROL,3,4,-0.811,-3.449,-1.912,,-0.772,-3.490,-1.924
33.01,-0.803,-3.504,-2.028,PATROL,3,4,-0.826,-3.485,-2.022,,-0.788,-3.528,-2.033
33.21,-0.826,-3.544,-2.138,PATROL,3,4,-0.847,-3.523,-2.132,,-0.810,-3.567,-2.143
33.41,-0.855,-3.584,-2.246,PATROL,3,4,-0.874,-3.562,-2.239,,-0.841,-3.608,-2.253
33.61,-0.886,-3.618,-2.355,PATROL,3,4,-0.909,-3.601,-2.348,,-0.872,-3.642,-2.361
33.81,-0.929,-3.658,-2.450,PATROL,3,4,-0.952,-3.640,-2.444,,-0.915,-3.682,-2.457
34.01,-0.979,-3.697,-2.527,PATROL,3,4,-1.000,-3.678,-2.520,,-0.966,-3.720,-2.534
34.21,-1.035,-3.733,-2.591,PATROL,3,4,-1.055,-3.714,-2.585,,-1.021,-3.756,-2.598
34.41,-1.094,-3.768,-2.644,PATROL,3,4,-1.113,-3.748,-2.637,,-1.081,-3.790,-2.651
34.61,-1.158,-3.801,-2.687,PATROL,3,4,-1.174,-3.780,-2.681,,-1.146,-3.823,-2.695
34.81,-1.224,-3.831,-2.725,PATROL,3,4,-1.238,-3.811,-2.718,,-1.211,-3.853,-2.732
35.01,-1.292,-3.860,-2.756,PATROL,3,4,-1.306,-3.840,-2.750,,-1.280,-3.881,-2.764
35.21,-1.351,-3.883,-2.783,PATROL,3,4,-1.373,-3.867,-2.776,,-1.340,-3.904,-2.790
35.41,-1.423,-3.909,-2.805,PATROL,3,4,-1.443,-3.893,-2.798,,-1.411,-3.929,-2.813
35.61,-1.495,-3.934,-2.824,PATROL,3,4,-1.514,-3.917,-2.818,,-1.485,-3.953,-2.832
35.81,-1.569,-3.957,-2.841,PATROL,3,4,-1.587,-3.941,-2.835,,-1.559,-3.976,-2.849
36.01,-1.644,-3.980,-2.857,PATROL,3,4,-1.660,-3.963,-2.850,,-1.633,-3.998,-2.864
36.21,-1.719,-4.001,-2.870,PATROL,3,4,-1.734,-3.985,-2.863,,-1.708,-4.019,-2.878
36.41,-1.795,-4.022,-2.882,PATROL,3,4,-1.808,-4.006,-2.875,,-1.785,-4.039,-2.890
36.61,-1.872,-4.042,-2.894,PATROL,3,4,-1.882,-4.025,-2.887,,-1.862,-4.058,-2.901
36.81,-1.936,-4.057,-2.904,PATROL,3,4,-1.957,-4.045,-2.897,,-1.926,-4.074,-2.912
37.01,-2.013,-4.076,-2.915,PATROL,4,8,-2.032,-4.063,-2.908,,-2.004,-4.092,-2.922
37.21,-2.081,-4.091,-2.947,PATROL,4,8,-2.098,-4.078,-2.940,,-2.071,-4.106,-2.954
37.41,-2.108,-4.096,-3.009,PATROL,4,8,-2.124,-4.083,-3.000,,-2.099,-4.111,-3.015
37.61,-2.110,-4.096,-3.111,PATROL,4,8,-2.126,-4.084,-3.101,,-2.100,-4.111,-3.115
37.81,-2.113,-4.096,3.063,PATROL,4,8,-2.128,-4.084,3.072,,-2.103,-4.111,-3.221
38.01,-2.121,-4.094,2.955,PATROL,4,8,-2.135,-4.084,2.962,,-2.112,-4.110,-3.328
38.21,-2.135,-4.091,2.859,PATROL,4,8,-2.146,-4.081,2.866,,-2.126,-4.106,-3.425
38.41,-2.150,-4.086,2.748,PATROL,4,8,-2.163,-4.075,2.756,,-2.140,-4.101,-3.536
38.61,-2.171,-4.076,2.638,PATROL,4,8,-2.184,-4.065,2.645,,-2.162,-4.091,-3.646
38.81,-2.196,-4.060,2.528,PATROL,4,8,-2.208,-4.050,2.536,,-2.186,-4.076,-3.756
39.01,-2.223,-4.039,2.419,PATROL,4,8,-2.234,-4.030,2.426,,-2.213,-4.054,-3.865
39.21,-2.247,-4.016,2.309,ALIGN,4,8,-2.257,-4.008,2.316,ball_12,-2.237,-4.031,-3.975
39.41,-2.249,-4.013,2.199,ALIGN,4,8,-2.260,-4.005,2.206,ball_12,-2.240,-4.028,-4.085
39.61,-2.249,-4.013,2.089,ALIGN,4,8,-2.260,-4.005,2.095,ball_12,-2.240,-4.028,-4.195
39.81,-2.249,-4.013,1.979,ALIGN,4,8,-2.260,-4.006,1.986,ball_12,-2.240,-4.028,-4.306
40.01,-2.249,-4.013,1.893,ALIGN,4,8,-2.260,-4.006,1.900,ball_12,-2.240,-4.028,-4.392
40.21,-2.249,-4.013,1.833,ALIGN,4,8,-2.260,-4.006,1.841,ball_12,-2.240,-4.028,-4.451
40.41,-2.249,-4.013,1.791,APPROACH,4,8,-2.260,-4.006,1.799,ball_12,-2.240,-4.028,-4.493
40.61,-2.253,-3.994,1.723,APPROACH,4,8,-2.263,-3.987,1.731,ball_12,-2.243,-4.010,-4.561
40.81,-2.260,-3.941,1.698,APPROACH,4,8,-2.270,-3.934,1.706,ball_12,-2.250,-3.957,-4.586
41.01,-2.268,-3.881,1.702,APPROACH,4,8,-2.279,-3.875,1.710,ball_12,-2.258,-3.896,-4.582
41.21,-2.276,-3.820,1.705,APPROACH,4,8,-2.287,-3.816,1.713,ball_12,-2.266,-3.835,-4.579
41.41,-2.284,-3.759,1.708,APPROACH,4,8,-2.296,-3.756,1.716,ball_12,-2.274,-3.774,-4.577
41.62,-2.292,-3.699,1.710,APPROACH,4,8,-2.304,-3.695,1.718,ball_12,-2.282,-3.714,-4.574
41.81,-2.299,-3.648,1.712,APPROACH,4,8,-2.313,-3.638,1.720,ball_12,-2.290,-3.663,-4.572
42.01,-2.308,-3.588,1.713,APPROACH,4,8,-2.322,-3.579,1.722,ball_12,-2.298,-3.603,-4.571
42.21,-2.317,-3.527,1.715,APPROACH,4,8,-2.331,-3.519,1.723,ball_12,-2.307,-3.542,-4.569
42.41,-2.326,-3.467,1.716,APPROACH,4,8,-2.340,-3.460,1.724,ball_12,-2.316,-3.481,-4.568
42.61,-2.335,-3.406,1.717,APPROACH,4,8,-2.349,-3.401,1.725,ball_12,-2.324,-3.421,-4.567
42.81,-2.344,-3.345,1.718,APPROACH,4,8,-2.359,-3.342,1.727,ball_12,-2.333,-3.360,-4.566
43.01,-2.353,-3.285,1.719,APPROACH,4,8,-2.368,-3.282,1.727,ball_12,-2.342,-3.300,-4.565
43.21,-2.362,-3.224,1.720,APPROACH,4,8,-2.377,-3.223,1.728,ball_12,-2.351,-3.239,-4.564
43.41,-2.369,-3.174,1.721,APPROACH,4,8,-2.387,-3.164,1.729,ball_12,-2.359,-3.188,-4.564
43.61,-2.378,-3.113,1.721,APPROACH,4,8,-2.396,-3.105,1.729,ball_12,-2.368,-3.128,-4.563
43.81,-2.388,-3.053,1.722,APPROACH,4,8,-2.406,-3.046,1.730,ball_12,-2.377,-3.068,-4.562
44.01,-2.397,-2.992,1.722,APPROACH,4,8,-2.415,-2.987,1.730,ball_12,-2.386,-3.006,-4.562
44.21,-2.406,-2.932,1.723,APPROACH,4,8,-2.425,-2.927,1.731,ball_12,-2.395,-2.946,-4.562
44.41,-2.415,-2.871,1.723,APPROACH,4,8,-2.434,-2.868,1.731,ball_12,-2.405,-2.886,-4.561
44.61,-2.425,-2.811,1.723,APPROACH,4,8,-2.444,-2.809,1.732,ball_12,-2.414,-2.825,-4.561
44.81,-2.434,-2.750,1.723,APPROACH,4,8,-2.453,-2.750,1.732,ball_12,-2.423,-2.764,-4.561
45.01,-2.442,-2.700,1.724,APPROACH,4,8,-2.463,-2.692,1.732,ball_12,-2.431,-2.713,-4.560
45.21,-2.451,-2.640,1.724,APPROACH,4,8,-2.472,-2.632,1.732,ball_12,-2.440,-2.653,-4.560
45.41,-2.460,-2.579,1.724,APPROACH,4,8,-2.482,-2.573,1.732,ball_12,-2.450,-2.593,-4.560
45.61,-2.470,-2.519,1.724,APPROACH,4,8,-2.492,-2.514,1.732,ball_12,-2.459,-2.531,-4.560
45.81,-2.479,-2.458,1.724,APPROACH,4,8,-2.501,-2.455,1.732,ball_12,-2.468,-2.471,-4.560
46.01,-2.488,-2.398,1.724,APPROACH,4,8,-2.511,-2.396,1.732,ball_12,-2.477,-2.411,-4.560
46.21,-2.498,-2.337,1.724,APPROACH,4,8,-2.520,-2.336,1.733,ball_12,-2.487,-2.351,-4.560
46.41,-2.507,-2.277,1.724,APPROACH,4,8,-2.530,-2.277,1.733,ball_12,-2.496,-2.290,-4.560
46.61,-2.515,-2.226,1.724,APPROACH,4,8,-2.540,-2.218,1.733,ball_12,-2.504,-2.240,-4.560
46.81,-2.524,-2.166,1.724,APPROACH,4,8,-2.549,-2.159,1.733,ball_12,-2.513,-2.179,-4.560
47.01,-2.534,-2.105,1.724,APPROACH,4,8,-2.559,-2.100,1.733,ball_12,-2.522,-2.118,-4.560
47.21,-2.543,-2.045,1.724,APPROACH,4,8,-2.569,-2.041,1.733,ball_12,-2.532,-2.058,-4.560
47.41,-2.552,-1.984,1.724,APPROACH,4,8,-2.578,-1.981,1.733,ball_12,-2.541,-1.997,-4.560
47.61,-2.562,-1.924,1.724,APPROACH,4,8,-2.588,-1.922,1.733,ball_12,-2.550,-1.937,-4.560
47.81,-2.571,-1.863,1.724,APPROACH,4,8,-2.598,-1.863,1.732,ball_12,-2.560,-1.876,-4.560
48.01,-2.580,-1.803,1.724,APPROACH,4,8,-2.607,-1.804,1.732,ball_12,-2.569,-1.816,-4.560
48.21,-2.588,-1.752,1.724,APPROACH,4,8,-2.617,-1.745,1.732,ball_12,-2.577,-1.765,-4.560
48.41,-2.597,-1.692,1.724,APPROACH,4,8,-2.626,-1.686,1.732,ball_12,-2.586,-1.704,-4.560
48.61,-2.607,-1.632,1.724,APPROACH,4,8,-2.636,-1.626,1.732,ball_12,-2.595,-1.644,-4.560
48.81,-2.616,-1.571,1.724,APPROACH,4,8,-2.646,-1.567,1.732,ball_12,-2.605,-1.584,-4.560
49.01,-2.625,-1.511,1.724,APPROACH,4,8,-2.655,-1.508,1.732,ball_12,-2.614,-1.523,-4.560
49.21,-2.635,-1.450,1.724,APPROACH,4,8,-2.665,-1.449,1.732,ball_12,-2.623,-1.463,-4.560
49.41,-2.644,-1.390,1.723,APPROACH,4,8,-2.675,-1.390,1.732,ball_12,-2.632,-1.402,-4.561
49.61,-2.653,-1.329,1.723,APPROACH,4,8,-2.684,-1.331,1.732,ball_12,-2.642,-1.342,-4.561
49.81,-2.661,-1.279,1.723,APPROACH,4,8,-2.694,-1.271,1.731,ball_12,-2.649,-1.291,-4.561
50.01,-2.670,-1.218,1.723,APPROACH,4,8,-2.703,-1.212,1.731,ball_12,-2.659,-1.231,-4.561
50.21,-2.680,-1.158,1.723,APPROACH,4,8,-2.713,-1.153,1.731,ball_12,-2.668,-1.170,-4.561
50.41,-2.689,-1.097,1.723,APPROACH,4,8,-2.722,-1.094,1.731,ball_12,-2.677,-1.109,-4.561
50.61,-2.698,-1.037,1.722,APPROACH,4,8,-2.732,-1.035,1.731,ball_12,-2.686,-1.049,-4.562
50.81,-2.707,-0.976,1.722,APPROACH,4,8,-2.741,-0.976,1.730,ball_12,-2.695,-0.988,-4.562
51.01,-2.717,-0.916,1.722,APPROACH,4,8,-2.751,-0.917,1.730,ball_12,-2.705,-0.928,-4.562
51.21,-2.726,-0.855,1.721,APPROACH,4,8,-2.760,-0.858,1.730,ball_12,-2.714,-0.866,-4.563
51.41,-2.733,-0.805,1.721,APPROACH,4,8,-2.770,-0.799,1.729,ball_12,-2.721,-0.817,-4.563
51.61,-2.743,-0.744,1.720,APPROACH,4,8,-2.779,-0.739,1.729,ball_12,-2.730,-0.756,-4.564
51.81,-2.752,-0.684,1.720,APPROACH,4,8,-2.788,-0.681,1.728,ball_12,-2.740,-0.695,-4.565
52.01,-2.761,-0.623,1.721,APPROACH,4,8,-2.798,-0.622,1.730,ball_12,-2.749,-0.634,-4.563
52.21,-2.771,-0.563,1.772,APPROACH,4,8,-2.809,-0.562,1.780,ball_12,-2.759,-0.575,-4.513
52.41,-2.785,-0.503,1.817,APPROACH,4,8,-2.823,-0.504,1.826,ball_9,-2.772,-0.515,-4.468
52.61,-2.801,-0.444,1.861,APPROACH,4,8,-2.839,-0.446,1.869,ball_9,-2.789,-0.456,-4.424
52.81,-2.820,-0.386,1.898,APPROACH,4,8,-2.858,-0.389,1.907,ball_9,-2.807,-0.397,-4.386
53.01,-2.841,-0.329,1.932,APPROACH,4,8,-2.878,-0.333,1.940,ball_9,-2.828,-0.340,-4.353
53.21,-2.860,-0.281,1.962,APPROACH,4,8,-2.901,-0.277,1.970,ball_11,-2.847,-0.292,-4.323
53.41,-2.884,-0.225,1.989,APPROACH,4,8,-2.925,-0.222,1.997,ball_11,-2.871,-0.237,-4.296
53.61,-2.909,-0.169,2.012,APPROACH,4,8,-2.951,-0.167,2.020,ball_11,-2.896,-0.180,-4.273
53.81,-2.936,-0.114,2.032,APPROACH,4,8,-2.977,-0.114,2.040,ball_11,-2.923,-0.125,-4.253
54.01,-2.964,-0.060,2.051,APPROACH,4,8,-3.005,-0.060,2.059,ball_11,-2.950,-0.071,-4.233
54.21,-2.992,-0.006,2.067,APPROACH,4,8,-3.034,-0.007,2.075,ball_11,-2.979,-0.017,-4.217
54.41,-3.022,0.048,2.081,APPROACH,4,8,-3.063,0.044,2.089,ball_11,-3.009,0.037,-4.203
54.61,-3.052,0.101,2.093,APPROACH,4,8,-3.093,0.096,2.101,ball_11,-3.039,0.090,-4.191
54.81,-3.078,0.145,2.104,APPROACH,4,8,-3.123,0.148,2.112,ball_11,-3.065,0.135,-4.180
55.01,-3.109,0.198,2.114,APPROACH,4,8,-3.154,0.198,2.122,ball_11,-3.096,0.187,-4.170
55.21,-3.141,0.250,2.123,APPROACH,4,8,-3.186,0.250,2.131,ball_11,-3.128,0.240,-4.162
55.41,-3.173,0.302,2.131,APPROACH,4,8,-3.218,0.301,2.139,ball_11,-3.160,0.291,-4.154
55.61,-3.206,0.354,2.138,APPROACH,4,8,-3.251,0.351,2.146,ball_11,-3.192,0.343,-4.147
55.81,-3.239,0.405,2.144,APPROACH,4,8,-3.283,0.401,2.152,ball_11,-3.226,0.395,-4.140
56.01,-3.272,0.457,2.150,APPROACH,4,8,-3.317,0.451,2.158,ball_11,-3.259,0.446,-4.135
56.21,-3.306,0.508,2.155,APPROACH,4,8,-3.350,0.501,2.163,ball_11,-3.292,0.497,-4.130
56.41,-3.334,0.550,2.159,APPROACH,4,8,-3.384,0.551,2.167,ball_11,-3.321,0.540,-4.125
56.61,-3.368,0.601,2.163,APPROACH,4,8,-3.417,0.600,2.171,ball_11,-3.355,0.591,-4.121
56.81,-3.403,0.652,2.167,APPROACH,4,8,-3.451,0.650,2.175,ball_11,-3.389,0.641,-4.118
57.01,-3.437,0.702,2.170,APPROACH,4,8,-3.485,0.699,2.178,ball_11,-3.423,0.692,-4.115
57.21,-3.472,0.753,2.173,APPROACH,4,8,-3.519,0.748,2.181,ball_11,-3.458,0.743,-4.112
57.41,-3.506,0.803,2.175,APPROACH,4,8,-3.554,0.797,2.184,ball_11,-3.492,0.793,-4.109
57.61,-3.541,0.854,2.178,APPROACH,4,8,-3.588,0.845,2.186,ball_11,-3.527,0.844,-4.107
57.81,-3.576,0.904,2.180,APPROACH,4,8,-3.623,0.895,2.188,ball_11,-3.562,0.894,-4.104
58.01,-3.605,0.946,2.182,APPROACH,4,8,-3.658,0.944,2.190,ball_11,-3.592,0.936,-4.103
58.21,-3.641,0.996,2.184,APPROACH,4,8,-3.693,0.993,2.192,ball_11,-3.627,0.986,-4.101
58.41,-3.676,1.046,2.185,APPROACH,4,8,-3.728,1.041,2.193,ball_11,-3.662,1.037,-4.099
58.61,-3.711,1.096,2.187,APPROACH,4,8,-3.762,1.090,2.195,ball_11,-3.697,1.087,-4.098
58.81,-3.747,1.146,2.188,APPROACH,4,8,-3.798,1.139,2.196,ball_11,-3.733,1.137,-4.096
59.01,-3.782,1.195,2.189,APPROACH,4,8,-3.833,1.187,2.198,ball_11,-3.768,1.186,-4.095
59.21,-3.817,1.245,2.190,APPROACH,4,8,-3.868,1.236,2.199,ball_11,-3.803,1.237,-4.094
59.41,-3.853,1.295,2.192,APPROACH,4,8,-3.903,1.284,2.200,ball_11,-3.839,1.286,-4.093
59.61,-3.883,1.337,2.193,APPROACH,4,8,-3.938,1.332,2.201,ball_11,-3.869,1.329,-4.092
59.81,-3.918,1.386,2.194,APPROACH,4,8,-3.974,1.381,2.202,ball_11,-3.904,1.378,-4.091
60.01,-3.954,1.436,2.195,APPROACH,4,8,-4.010,1.430,2.203,ball_11,-3.940,1.427,-4.090
60.21,-3.990,1.486,2.196,APPROACH,4,8,-4.045,1.478,2.204,ball_11,-3.975,1.477,-4.089
60.41,-4.026,1.535,2.196,APPROACH,4,8,-4.080,1.526,2.205,ball_11,-4.011,1.527,-4.088
60.61,-4.062,1.585,2.197,APPROACH,4,8,-4.116,1.575,2.206,ball_11,-4.047,1.576,-4.087
60.81,-4.098,1.634,2.199,APPROACH,4,8,-4.152,1.623,2.207,,-4.083,1.626,-4.086
61.01,-4.134,1.684,2.200,BLIND_DASH,4,8,-4.187,1.671,2.208,,-4.119,1.675,-4.085
61.21,-4.170,1.733,2.201,BLIND_DASH,4,8,-4.223,1.719,2.209,,-4.155,1.725,-4.084
61.41,-4.200,1.775,2.201,BLIND_DASH,4,8,-4.258,1.767,2.209,,-4.185,1.767,-4.084
61.61,-4.236,1.824,2.201,BLIND_DASH,4,8,-4.294,1.815,2.209,,-4.222,1.817,-4.084
61.81,-4.272,1.873,2.201,BLIND_DASH,4,8,-4.329,1.863,2.209,,-4.257,1.866,-4.084
62.01,-4.308,1.923,2.201,BLIND_DASH,4,8,-4.365,1.911,2.209,,-4.293,1.915,-4.084
62.21,-4.344,1.972,2.201,BLIND_DASH,4,8,-4.401,1.959,2.209,,-4.330,1.965,-4.084
62.41,-4.380,2.022,2.201,BLIND_DASH,4,8,-4.437,2.007,2.209,,-4.365,2.015,-4.084
62.61,-4.416,2.071,2.201,BLIND_DASH,4,8,-4.472,2.056,2.209,,-4.401,2.064,-4.083
62.81,-4.446,2.112,2.201,BLIND_DASH,4,8,-4.508,2.104,2.209,,-4.432,2.105,-4.083
63.01,-4.482,2.162,2.201,PATROL,4,8,-4.544,2.152,2.209,,-4.468,2.155,-4.083
63.21,-4.516,2.208,2.226,PATROL,4,8,-4.577,2.196,2.235,,-4.501,2.201,-4.058
63.41,-4.530,2.225,2.285,PATROL,4,8,-4.590,2.212,2.292,,-4.515,2.218,-4.001
63.61,-4.530,2.226,2.392,PATROL,4,8,-4.590,2.213,2.400,,-4.515,2.219,-3.893
63.81,-4.530,2.226,2.500,PATROL,4,8,-4.590,2.214,2.509,,-4.515,2.219,-3.783
64.01,-4.530,2.226,2.614,PATROL,4,8,-4.589,2.214,2.622,,-4.515,2.219,-3.672
64.21,-4.530,2.226,2.714,PATROL,4,8,-4.590,2.213,2.722,,-4.515,2.219,-3.572
64.42,-4.530,2.226,2.824,PATROL,4,8,-4.590,2.213,2.832,,-4.515,2.219,-3.461
64.61,-4.530,2.226,2.930,ALIGN,4,8,-4.591,2.213,2.938,ball_11,-4.515,2.219,-3.355
64.81,-4.530,2.226,3.041,ALIGN,4,8,-4.591,2.213,3.049,ball_11,-4.515,2.219,-3.245
65.01,-4.530,2.226,-3.133,ALIGN,4,8,-4.592,2.213,-3.126,ball_11,-4.515,2.219,-3.135
65.21,-4.530,2.226,-3.025,ALIGN,4,8,-4.592,2.213,-3.017,ball_11,-4.515,2.219,-3.026
65.41,-4.530,2.226,-2.915,ALIGN,4,8,-4.593,2.213,-2.908,ball_11,-4.515,2.219,-2.917
65.61,-4.530,2.226,-2.832,ALIGN,4,8,-4.593,2.213,-2.825,ball_11,-4.515,2.219,-2.833
65.81,-4.530,2.226,-2.778,ALIGN,4,8,-4.593,2.212,-2.771,ball_11,-4.515,2.219,-2.780
66.01,-4.530,2.226,-2.741,APPROACH,4,8,-4.593,2.212,-2.734,ball_11,-4.515,2.219,-2.742
66.21,-4.545,2.219,-2.676,APPROACH,4,8,-4.610,2.204,-2.669,ball_11,-4.530,2.212,-2.678
66.41,-4.591,2.194,-2.650,APPROACH,4,8,-4.656,2.179,-2.643,ball_11,-4.577,2.187,-2.650
66.61,-4.645,2.165,-2.655,APPROACH,4,8,-4.708,2.151,-2.648,ball_11,-4.631,2.158,-2.656
66.81,-4.699,2.137,-2.658,APPROACH,4,8,-4.761,2.122,-2.651,ball_11,-4.685,2.130,-2.659
67.01,-4.754,2.109,-2.661,APPROACH,4,8,-4.814,2.094,-2.654,ball_11,-4.740,2.101,-2.662
67.21,-4.808,2.080,-2.664,APPROACH,4,8,-4.868,2.066,-2.657,ball_11,-4.793,2.073,-2.665
67.41,-4.862,2.052,-2.666,APPROACH,4,8,-4.920,2.039,-2.659,ball_11,-4.849,2.045,-2.667
67.61,-4.917,2.024,-2.668,APPROACH,4,8,-4.974,2.011,-2.661,ball_11,-4.903,2.017,-2.669
67.81,-4.962,2.001,-2.670,APPROACH,4,8,-5.026,1.983,-2.663,ball_11,-4.948,1.994,-2.671
68.01,-5.017,1.973,-2.671,APPROACH,4,8,-5.079,1.956,-2.664,ball_11,-5.003,1.966,-2.672
68.21,-5.071,1.946,-2.673,APPROACH,4,8,-5.133,1.928,-2.666,ball_11,-5.057,1.939,-2.674
68.41,-5.126,1.918,-2.674,APPROACH,4,8,-5.186,1.901,-2.667,ball_11,-5.112,1.911,-2.675
68.61,-5.181,1.890,-2.675,APPROACH,4,8,-5.240,1.873,-2.668,ball_11,-5.167,1.884,-2.676
68.81,-5.235,1.863,-2.676,APPROACH,4,8,-5.293,1.846,-2.669,ball_11,-5.222,1.856,-2.677
69.01,-5.290,1.835,-2.677,APPROACH,4,8,-5.346,1.819,-2.670,ball_11,-5.276,1.829,-2.678
69.21,-5.345,1.808,-2.678,APPROACH,4,8,-5.400,1.791,-2.671,ball_11,-5.331,1.801,-2.679
69.41,-5.390,1.785,-2.678,APPROACH,4,8,-5.453,1.764,-2.671,ball_11,-5.377,1.778,-2.679
69.61,-5.445,1.758,-2.679,APPROACH,4,8,-5.507,1.737,-2.672,ball_11,-5.432,1.751,-2.680
69.81,-5.500,1.731,-2.680,APPROACH,4,8,-5.560,1.710,-2.673,ball_11,-5.486,1.724,-2.681
70.01,-5.555,1.703,-2.680,APPROACH,4,8,-5.613,1.683,-2.673,ball_11,-5.541,1.697,-2.681
70.21,-5.609,1.676,-2.681,APPROACH,4,8,-5.667,1.656,-2.674,ball_11,-5.596,1.669,-2.682
70.41,-5.664,1.649,-2.681,APPROACH,4,8,-5.720,1.629,-2.674,ball_11,-5.651,1.642,-2.682
70.61,-5.719,1.622,-2.682,APPROACH,4,8,-5.774,1.602,-2.674,ball_11,-5.706,1.615,-2.682
70.81,-5.774,1.595,-2.682,APPROACH,4,8,-5.827,1.575,-2.675,ball_11,-5.762,1.588,-2.683
71.01,-5.820,1.572,-2.682,APPROACH,4,8,-5.881,1.548,-2.675,ball_11,-5.807,1.565,-2.683
71.21,-5.875,1.545,-2.683,APPROACH,4,8,-5.935,1.521,-2.676,ball_11,-5.861,1.538,-2.684
71.41,-5.929,1.518,-2.683,APPROACH,4,8,-5.988,1.494,-2.676,ball_11,-5.916,1.511,-2.684
71.61,-5.984,1.491,-2.683,APPROACH,4,8,-6.041,1.467,-2.676,ball_11,-5.971,1.484,-2.684
71.81,-6.039,1.464,-2.684,APPROACH,4,8,-6.095,1.441,-2.676,ball_11,-6.026,1.457,-2.684
72.01,-6.094,1.437,-2.684,APPROACH,4,8,-6.148,1.414,-2.677,ball_11,-6.081,1.430,-2.685
72.21,-6.149,1.410,-2.684,APPROACH,4,8,-6.202,1.387,-2.677,ball_11,-6.136,1.403,-2.685
72.41,-6.204,1.383,-2.684,APPROACH,4,8,-6.256,1.360,-2.677,ball_11,-6.191,1.376,-2.685
72.61,-6.250,1.360,-2.685,APPROACH,4,8,-6.309,1.333,-2.677,ball_11,-6.237,1.354,-2.686
72.81,-6.305,1.333,-2.685,APPROACH,4,8,-6.363,1.306,-2.678,ball_11,-6.292,1.327,-2.686
73.01,-6.360,1.306,-2.685,APPROACH,4,8,-6.416,1.280,-2.678,ball_11,-6.347,1.300,-2.686
73.21,-6.414,1.279,-2.685,APPROACH,4,8,-6.470,1.253,-2.678,ball_11,-6.402,1.273,-2.686
73.41,-6.469,1.252,-2.686,APPROACH,4,8,-6.523,1.226,-2.678,ball_11,-6.457,1.246,-2.686
73.61,-6.524,1.225,-2.686,APPROACH,4,8,-6.577,1.199,-2.679,ball_11,-6.512,1.219,-2.687
73.81,-6.579,1.198,-2.686,APPROACH,4,8,-6.631,1.173,-2.679,ball_11,-6.567,1.192,-2.687
74.01,-6.634,1.171,-2.687,APPROACH,4,8,-6.684,1.146,-2.679,ball_11,-6.623,1.165,-2.687
74.21,-6.680,1.149,-2.687,APPROACH,4,8,-6.738,1.119,-2.680,ball_11,-6.668,1.143,-2.688
74.41,-6.735,1.122,-2.687,APPROACH,4,8,-6.792,1.093,-2.680,ball_11,-6.723,1.116,-2.688
74.61,-6.790,1.095,-2.688,APPROACH,4,8,-6.845,1.066,-2.680,ball_11,-6.778,1.089,-2.688
74.81,-6.845,1.068,-2.688,APPROACH,4,8,-6.899,1.039,-2.681,ball_11,-6.833,1.062,-2.689
75.01,-6.900,1.042,-2.689,APPROACH,4,8,-6.951,1.013,-2.681,ball_11,-6.889,1.035,-2.689
75.21,-6.955,1.015,-2.689,APPROACH,4,8,-7.006,0.986,-2.682,ball_11,-6.944,1.008,-2.690
75.41,-7.010,0.988,-2.690,APPROACH,4,8,-7.059,0.960,-2.683,ball_11,-6.999,0.981,-2.691
75.61,-7.065,0.961,-2.691,APPROACH,4,8,-7.113,0.933,-2.684,ball_11,-7.054,0.955,-2.692
75.81,-7.111,0.939,-2.692,APPROACH,4,8,-7.166,0.907,-2.685,ball_11,-7.101,0.933,-2.693
76.01,-7.166,0.912,-2.686,APPROACH,4,8,-7.220,0.881,-2.679,,-7.156,0.906,-2.687
76.21,-7.221,0.885,-2.680,BLIND_DASH,4,8,-7.273,0.854,-2.673,,-7.211,0.879,-2.681
76.41,-7.276,0.858,-2.680,BLIND_DASH,4,8,-7.327,0.827,-2.672,,-7.265,0.852,-2.681
76.61,-7.331,0.831,-2.679,BLIND_DASH,4,8,-7.381,0.799,-2.672,,-7.320,0.825,-2.680
76.81,-7.385,0.804,-2.679,BLIND_DASH,4,8,-7.434,0.772,-2.672,,-7.375,0.797,-2.680
77.01,-7.440,0.776,-2.679,BLIND_DASH,4,8,-7.487,0.745,-2.672,,-7.430,0.770,-2.680
77.21,-7.486,0.754,-2.679,BLIND_DASH,4,8,-7.540,0.718,-2.671,,-7.476,0.747,-2.679
77.41,-7.541,0.726,-2.678,BLIND_DASH,4,8,-7.594,0.691,-2.671,,-7.531,0.720,-2.679
77.61,-7.595,0.699,-2.678,BLIND_DASH,4,8,-7.647,0.664,-2.671,,-7.586,0.692,-2.679
77.81,-7.650,0.671,-2.678,BLIND_DASH,4,8,-7.700,0.637,-2.670,,-7.641,0.665,-2.679
78.01,-7.705,0.644,-2.678,BLIND_DASH,4,8,-7.754,0.610,-2.670,,-7.696,0.637,-2.678
78.21,-7.760,0.617,-2.677,PATROL,4,8,-7.807,0.582,-2.670,,-7.750,0.610,-2.678
78.41,-7.809,0.592,-2.679,PATROL,4,8,-7.856,0.558,-2.672,,-7.799,0.586,-2.680
78.61,-7.827,0.583,-2.671,PATROL,4,8,-7.875,0.548,-2.663,,-7.817,0.577,-2.672
78.81,-7.828,0.583,-2.573,PATROL,4,8,-7.877,0.547,-2.565,,-7.818,0.576,-2.573
79.01,-7.828,0.583,-2.472,PATROL,4,8,-7.877,0.547,-2.464,,-7.818,0.576,-2.471
79.21,-7.828,0.583,-2.364,PATROL,4,8,-7.877,0.546,-2.356,,-7.818,0.576,-2.364
79.41,-7.828,0.583,-2.258,PATROL,4,8,-7.877,0.546,-2.250,,-7.818,0.576,-2.258
79.61,-7.828,0.583,-2.150,PATROL,4,8,-7.877,0.546,-2.142,,-7.818,0.576,-2.149
79.81,-7.828,0.583,-2.041,PATROL,4,8,-7.878,0.545,-2.033,,-7.818,0.576,-2.040
80.01,-7.828,0.583,-1.930,PATROL,4,8,-7.878,0.545,-1.923,,-7.818,0.576,-1.930
80.21,-7.828,0.582,-1.821,PATROL,4,8,-7.878,0.544,-1.814,,-7.818,0.575,-1.820
80.41,-7.829,0.577,-1.711,ALIGN,4,8,-7.879,0.538,-1.704,ball_7,-7.819,0.571,-1.710
80.61,-7.829,0.576,-1.600,ALIGN,4,8,-7.879,0.537,-1.592,ball_7,-7.819,0.569,-1.600
80.81,-7.829,0.576,-1.491,ALIGN,4,8,-7.879,0.537,-1.484,ball_7,-7.819,0.569,-1.490
81.01,-7.829,0.576,-1.382,ALIGN,4,8,-7.879,0.536,-1.375,ball_7,-7.819,0.569,-1.381
81.21,-7.829,0.576,-1.277,ALIGN,4,8,-7.879,0.536,-1.270,ball_7,-7.819,0.569,-1.276
81.41,-7.829,0.576,-1.202,ALIGN,4,8,-7.879,0.536,-1.195,ball_7,-7.819,0.569,-1.201
81.61,-7.829,0.576,-1.156,APPROACH,4,8,-7.879,0.536,-1.148,ball_7,-7.819,0.569,-1.154
81.81,-7.826,0.571,-1.103,APPROACH,4,8,-7.876,0.531,-1.095,ball_7,-7.817,0.564,-1.102
82.01,-7.811,0.542,-1.041,APPROACH,4,8,-7.857,0.498,-1.034,ball_7,-7.801,0.536,-1.039
82.21,-7.781,0.491,-1.048,APPROACH,4,8,-7.827,0.447,-1.041,ball_7,-7.771,0.484,-1.046
82.41,-7.750,0.438,-1.050,APPROACH,4,8,-7.797,0.395,-1.043,ball_7,-7.740,0.431,-1.048
82.61,-7.720,0.385,-1.052,APPROACH,4,8,-7.767,0.344,-1.045,ball_7,-7.709,0.378,-1.050
82.81,-7.689,0.331,-1.054,APPROACH,4,8,-7.737,0.292,-1.047,ball_7,-7.679,0.324,-1.053
83.01,-7.659,0.278,-1.056,APPROACH,4,8,-7.707,0.239,-1.049,ball_7,-7.649,0.272,-1.055
83.21,-7.629,0.225,-1.058,APPROACH,4,8,-7.678,0.188,-1.051,ball_7,-7.619,0.218,-1.056
83.41,-7.599,0.171,-1.060,APPROACH,4,8,-7.648,0.136,-1.053,ball_7,-7.589,0.165,-1.058
83.61,-7.574,0.127,-1.061,APPROACH,4,8,-7.618,0.084,-1.054,ball_7,-7.564,0.121,-1.060
83.81,-7.545,0.074,-1.062,APPROACH,4,8,-7.589,0.032,-1.055,ball_7,-7.534,0.067,-1.061
84.01,-7.520,0.029,-1.064,APPROACH,4,8,-7.559,-0.020,-1.056,ball_7,-7.509,0.023,-1.062
84.21,-7.485,-0.033,-1.065,APPROACH,4,8,-7.530,-0.072,-1.058,ball_7,-7.474,-0.040,-1.063
84.41,-7.455,-0.087,-1.066,APPROACH,4,8,-7.501,-0.124,-1.059,ball_7,-7.444,-0.094,-1.064
84.61,-7.426,-0.141,-1.067,APPROACH,4,8,-7.471,-0.177,-1.060,ball_7,-7.415,-0.147,-1.065
84.81,-7.396,-0.194,-1.067,APPROACH,4,8,-7.442,-0.228,-1.060,ball_7,-7.385,-0.201,-1.066
85.01,-7.367,-0.248,-1.068,APPROACH,4,8,-7.413,-0.281,-1.061,ball_7,-7.355,-0.254,-1.067
85.21,-7.337,-0.301,-1.069,APPROACH,4,8,-7.383,-0.334,-1.062,ball_7,-7.326,-0.308,-1.067
85.41,-7.313,-0.346,-1.070,APPROACH,4,8,-7.354,-0.386,-1.063,ball_7,-7.301,-0.353,-1.068
85.61,-7.284,-0.400,-1.071,APPROACH,4,8,-7.325,-0.438,-1.063,ball_7,-7.272,-0.406,-1.069
85.81,-7.254,-0.454,-1.071,APPROACH,4,8,-7.296,-0.491,-1.064,ball_7,-7.242,-0.460,-1.070
86.01,-7.225,-0.507,-1.072,APPROACH,4,8,-7.267,-0.543,-1.065,ball_7,-7.213,-0.513,-1.070
86.21,-7.196,-0.561,-1.072,APPROACH,4,8,-7.238,-0.596,-1.065,ball_7,-7.184,-0.567,-1.071
86.41,-7.166,-0.615,-1.073,APPROACH,4,8,-7.209,-0.647,-1.066,ball_7,-7.154,-0.621,-1.071
86.61,-7.137,-0.669,-1.074,APPROACH,4,8,-7.180,-0.700,-1.067,ball_7,-7.125,-0.675,-1.072
86.81,-7.108,-0.722,-1.075,APPROACH,4,8,-7.151,-0.752,-1.068,ball_7,-7.096,-0.729,-1.073
87.01,-7.084,-0.767,-1.076,APPROACH,4,8,-7.122,-0.805,-1.068,ball_7,-7.071,-0.773,-1.074
87.21,-7.055,-0.821,-1.076,APPROACH,4,8,-7.094,-0.858,-1.069,ball_7,-7.042,-0.827,-1.075
87.41,-7.026,-0.875,-1.077,APPROACH,4,8,-7.065,-0.910,-1.070,ball_7,-7.013,-0.881,-1.076
87.61,-6.997,-0.929,-1.078,APPROACH,4,8,-7.036,-0.963,-1.071,ball_7,-6.984,-0.935,-1.077
87.81,-6.968,-0.983,-1.080,APPROACH,4,8,-7.007,-1.015,-1.073,ball_7,-6.955,-0.989,-1.078
88.01,-6.939,-1.037,-1.081,APPROACH,4,8,-6.979,-1.068,-1.074,ball_7,-6.926,-1.043,-1.080
88.21,-6.910,-1.091,-1.074,APPROACH,4,8,-6.950,-1.120,-1.067,,-6.897,-1.097,-1.073
88.41,-6.881,-1.144,-1.067,BLIND_DASH,4,8,-6.921,-1.173,-1.060,,-6.868,-1.150,-1.065
88.61,-6.856,-1.189,-1.067,BLIND_DASH,4,8,-6.892,-1.225,-1.059,,-6.843,-1.195,-1.065
88.81,-6.826,-1.243,-1.066,BLIND_DASH,4,8,-6.862,-1.278,-1.059,,-6.813,-1.249,-1.065
89.01,-6.797,-1.296,-1.066,BLIND_DASH,4,8,-6.833,-1.330,-1.059,,-6.783,-1.302,-1.065
89.21,-6.767,-1.350,-1.066,BLIND_DASH,4,8,-6.804,-1.382,-1.059,,-6.754,-1.356,-1.064
89.41,-6.738,-1.403,-1.065,BLIND_DASH,4,8,-6.774,-1.434,-1.058,,-6.724,-1.409,-1.064
89.61,-6.708,-1.457,-1.065,BLIND_DASH,4,8,-6.745,-1.486,-1.058,,-6.694,-1.463,-1.064
89.81,-6.678,-1.510,-1.065,BLIND_DASH,4,8,-6.716,-1.539,-1.058,,-6.665,-1.516,-1.063
90.01,-6.649,-1.564,-1.064,BLIND_DASH,4,8,-6.686,-1.591,-1.057,,-6.635,-1.570,-1.063
90.21,-6.619,-1.618,-1.064,BLIND_DASH,4,8,-6.657,-1.643,-1.057,,-6.605,-1.623,-1.063
90.41,-6.594,-1.662,-1.064,PATROL,4,8,-6.627,-1.695,-1.057,,-6.580,-1.668,-1.062
90.61,-6.567,-1.712,-1.072,PATROL,4,8,-6.601,-1.743,-1.065,,-6.552,-1.718,-1.070
90.81,-6.551,-1.739,-1.019,PATROL,4,8,-6.586,-1.769,-1.011,,-6.537,-1.745,-1.016
91.01,-6.537,-1.760,-0.908,PATROL,4,8,-6.571,-1.789,-0.900,,-6.523,-1.766,-0.907
91.21,-6.516,-1.783,-0.799,PATROL,4,8,-6.551,-1.812,-0.792,,-6.502,-1.790,-0.796
91.41,-6.489,-1.808,-0.688,PATROL,4,8,-6.525,-1.836,-0.680,,-6.475,-1.814,-0.686
91.61,-6.456,-1.832,-0.577,PATROL,4,8,-6.491,-1.860,-0.569,,-6.441,-1.838,-0.576
91.81,-6.414,-1.856,-0.466,PATROL,4,8,-6.451,-1.882,-0.459,,-6.400,-1.861,-0.465
92.01,-6.374,-1.873,-0.356,PATROL,4,8,-6.404,-1.902,-0.348,,-6.359,-1.879,-0.353
92.21,-6.320,-1.891,-0.254,PATROL,4,8,-6.349,-1.919,-0.246,,-6.305,-1.896,-0.252
92.41,-6.259,-1.904,-0.172,PATROL,4,8,-6.290,-1.931,-0.165,,-6.244,-1.909,-0.171
92.61,-6.193,-1.913,-0.108,PATROL,4,8,-6.226,-1.940,-0.101,,-6.178,-1.918,-0.105
92.81,-6.124,-1.919,-0.055,PATROL,4,8,-6.158,-1.945,-0.048,,-6.109,-1.924,-0.052
93.01,-6.052,-1.921,-0.015,PATROL,4,8,-6.088,-1.946,-0.008,,-6.036,-1.926,-0.012
93.21,-5.978,-1.921,0.019,PATROL,4,8,-6.015,-1.946,0.026,,-5.963,-1.925,0.022
93.41,-5.903,-1.918,0.045,PATROL,4,8,-5.941,-1.943,0.053,,-5.888,-1.923,0.048
93.61,-5.839,-1.914,0.067,PATROL,4,8,-5.867,-1.938,0.074,,-5.824,-1.919,0.069
93.81,-5.762,-1.909,0.084,PATROL,4,8,-5.791,-1.932,0.091,,-5.748,-1.913,0.087
94.01,-5.685,-1.902,0.099,PATROL,4,8,-5.714,-1.924,0.106,,-5.670,-1.906,0.101
94.21,-5.606,-1.893,0.111,PATROL,4,8,-5.639,-1.916,0.118,,-5.590,-1.897,0.113
94.41,-5.527,-1.884,0.120,PATROL,4,8,-5.561,-1.906,0.127,,-5.511,-1.888,0.123
94.61,-5.448,-1.874,0.128,PATROL,4,8,-5.484,-1.896,0.135,,-5.432,-1.878,0.131
94.81,-5.368,-1.864,0.134,PATROL,4,8,-5.407,-1.885,0.142,,-5.352,-1.867,0.137
95.01,-5.289,-1.853,0.139,PATROL,4,8,-5.328,-1.874,0.147,,-5.272,-1.856,0.142
95.21,-5.222,-1.843,0.144,PATROL,4,8,-5.250,-1.862,0.151,,-5.206,-1.846,0.146
95.41,-5.142,-1.832,0.147,PATROL,4,8,-5.172,-1.850,0.154,,-5.126,-1.834,0.150
95.61,-5.062,-1.820,0.150,PATROL,4,8,-5.094,-1.838,0.157,,-5.045,-1.822,0.152
95.81,-4.982,-1.807,0.152,PATROL,4,8,-5.015,-1.825,0.159,,-4.966,-1.810,0.154
96.01,-4.902,-1.795,0.153,PATROL,4,8,-4.936,-1.813,0.160,,-4.885,-1.797,0.156
96.21,-4.821,-1.783,0.155,PATROL,4,8,-4.858,-1.800,0.162,,-4.805,-1.784,0.158
96.41,-4.741,-1.770,0.156,PATROL,4,8,-4.779,-1.787,0.163,,-4.725,-1.771,0.159
96.61,-4.660,-1.757,0.157,PATROL,4,8,-4.701,-1.774,0.164,,-4.644,-1.758,0.160
96.81,-4.593,-1.747,0.158,PATROL,4,8,-4.623,-1.761,0.165,,-4.575,-1.747,0.160
97.01,-4.513,-1.734,0.158,PATROL,4,8,-4.543,-1.748,0.165,,-4.496,-1.735,0.161
97.21,-4.432,-1.721,0.159,PATROL,4,8,-4.464,-1.735,0.166,,-4.416,-1.721,0.161
97.41,-4.352,-1.708,0.159,PATROL,4,8,-4.385,-1.721,0.166,,-4.335,-1.708,0.162
97.61,-4.271,-1.695,0.160,PATROL,4,8,-4.306,-1.708,0.167,,-4.255,-1.695,0.162
97.81,-4.191,-1.682,0.160,PATROL,4,8,-4.227,-1.695,0.167,,-4.174,-1.682,0.162
98.01,-4.110,-1.669,0.160,PATROL,4,8,-4.149,-1.682,0.167,,-4.094,-1.669,0.163
98.21,-4.030,-1.656,0.160,PATROL,4,8,-4.070,-1.668,0.167,,-4.013,-1.656,0.163
98.41,-3.963,-1.645,0.160,PATROL,4,8,-3.992,-1.655,0.167,,-3.944,-1.644,0.163
98.61,-3.882,-1.632,0.160,PATROL,4,8,-3.913,-1.642,0.167,,-3.865,-1.631,0.163
98.81,-3.801,-1.619,0.160,PATROL,4,8,-3.834,-1.628,0.167,,-3.784,-1.618,0.163
99.01,-3.721,-1.606,0.160,PATROL,4,8,-3.755,-1.615,0.167,,-3.704,-1.605,0.163
99.21,-3.651,-1.595,0.182,ALIGN,4,8,-3.686,-1.603,0.189,ball_15,-3.634,-1.593,0.185
99.41,-3.623,-1.589,0.230,ALIGN,4,8,-3.658,-1.597,0.237,ball_15,-3.606,-1.587,0.232
99.61,-3.620,-1.588,0.195,ALIGN,4,8,-3.654,-1.596,0.202,ball_15,-3.603,-1.586,0.196
99.81,-3.620,-1.588,0.148,ALIGN,4,8,-3.654,-1.596,0.155,ball_15,-3.603,-1.586,0.150
100.01,-3.620,-1.588,0.109,APPROACH,4,8,-3.655,-1.596,0.116,ball_15,-3.603,-1.586,0.111
100.21,-3.602,-1.587,0.051,APPROACH,4,8,-3.634,-1.595,0.058,ball_15,-3.585,-1.585,0.053
100.41,-3.548,-1.585,0.031,APPROACH,4,8,-3.581,-1.593,0.038,ball_15,-3.530,-1.583,0.033
100.61,-3.486,-1.583,0.034,APPROACH,4,8,-3.521,-1.590,0.041,ball_15,-3.469,-1.581,0.035
100.81,-3.425,-1.581,0.036,APPROACH,4,8,-3.462,-1.588,0.044,ball_15,-3.407,-1.579,0.038
101.01,-3.364,-1.578,0.038,APPROACH,4,8,-3.402,-1.585,0.046,ball_15,-3.346,-1.576,0.040
101.21,-3.303,-1.576,0.040,APPROACH,4,8,-3.342,-1.582,0.047,ball_15,-3.285,-1.574,0.042
101.41,-3.242,-1.574,0.042,APPROACH,4,8,-3.282,-1.580,0.049,ball_15,-3.224,-1.571,0.043
101.61,-3.191,-1.571,0.043,APPROACH,4,8,-3.223,-1.577,0.050,ball_15,-3.173,-1.569,0.044
101.81,-3.130,-1.569,0.044,APPROACH,4,8,-3.162,-1.574,0.051,ball_15,-3.112,-1.566,0.046
102.01,-3.069,-1.566,0.045,APPROACH,4,8,-3.102,-1.571,0.052,ball_15,-3.050,-1.563,0.047
102.21,-3.007,-1.563,0.046,APPROACH,4,8,-3.042,-1.567,0.053,ball_15,-2.989,-1.560,0.048
102.41,-2.946,-1.560,0.047,APPROACH,4,8,-2.982,-1.564,0.054,ball_15,-2.928,-1.558,0.049
102.61,-2.885,-1.557,0.048,APPROACH,4,8,-2.923,-1.561,0.055,ball_15,-2.867,-1.555,0.049
102.81,-2.824,-1.554,0.048,APPROACH,4,8,-2.863,-1.558,0.055,ball_15,-2.806,-1.552,0.050
103.01,-2.763,-1.551,0.049,APPROACH,4,8,-2.803,-1.554,0.056,ball_15,-2.744,-1.548,0.050
103.21,-2.712,-1.549,0.049,APPROACH,4,8,-2.744,-1.551,0.056,ball_15,-2.694,-1.546,0.051
103.41,-2.651,-1.546,0.050,APPROACH,4,8,-2.683,-1.548,0.057,ball_15,-2.632,-1.543,0.051
103.61,-2.590,-1.543,0.050,APPROACH,4,8,-2.623,-1.544,0.057,ball_15,-2.571,-1.540,0.052
103.81,-2.529,-1.540,0.050,APPROACH,4,8,-2.564,-1.541,0.057,ball_15,-2.510,-1.536,0.052
104.01,-2.468,-1.537,0.051,APPROACH,4,8,-2.504,-1.537,0.058,ball_15,-2.449,-1.533,0.052
104.21,-2.406,-1.534,0.051,APPROACH,4,8,-2.444,-1.534,0.058,ball_15,-2.388,-1.530,0.052
104.41,-2.345,-1.531,0.051,APPROACH,4,8,-2.384,-1.530,0.058,ball_15,-2.327,-1.527,0.052
104.61,-2.284,-1.527,0.051,APPROACH,4,8,-2.324,-1.527,0.058,ball_15,-2.266,-1.524,0.053
104.81,-2.233,-1.525,0.051,APPROACH,4,8,-2.264,-1.523,0.058,ball_15,-2.215,-1.521,0.053
105.01,-2.172,-1.522,0.051,APPROACH,4,8,-2.204,-1.520,0.058,ball_15,-2.153,-1.518,0.053
105.21,-2.111,-1.519,0.051,APPROACH,4,8,-2.145,-1.516,0.059,ball_15,-2.092,-1.514,0.053
105.41,-2.050,-1.515,0.052,APPROACH,4,8,-2.085,-1.513,0.059,ball_15,-2.031,-1.511,0.053
105.61,-1.989,-1.512,0.052,APPROACH,4,8,-2.025,-1.509,0.059,ball_15,-1.970,-1.508,0.053
105.81,-1.928,-1.509,0.051,APPROACH,4,8,-1.966,-1.506,0.059,ball_15,-1.908,-1.505,0.053
106.01,-1.867,-1.506,0.051,APPROACH,4,8,-1.905,-1.502,0.059,ball_15,-1.847,-1.501,0.053
106.21,-1.805,-1.503,0.051,APPROACH,4,8,-1.846,-1.499,0.058,ball_15,-1.786,-1.498,0.053
106.41,-1.754,-1.500,0.051,APPROACH,4,8,-1.785,-1.495,0.058,ball_15,-1.736,-1.496,0.053
106.61,-1.693,-1.497,0.051,APPROACH,4,8,-1.726,-1.492,0.058,ball_15,-1.674,-1.492,0.053
106.81,-1.632,-1.494,0.051,APPROACH,4,8,-1.665,-1.488,0.058,ball_15,-1.613,-1.489,0.052
107.01,-1.571,-1.491,0.051,APPROACH,4,8,-1.605,-1.485,0.058,ball_15,-1.552,-1.486,0.052
107.21,-1.510,-1.488,0.050,APPROACH,4,8,-1.547,-1.482,0.057,ball_15,-1.490,-1.483,0.052
107.41,-1.449,-1.485,0.050,APPROACH,4,8,-1.486,-1.478,0.057,ball_15,-1.430,-1.480,0.051
107.61,-1.388,-1.482,0.049,APPROACH,4,8,-1.427,-1.475,0.056,ball_15,-1.368,-1.476,0.051
107.81,-1.337,-1.479,0.049,APPROACH,4,8,-1.368,-1.472,0.056,ball_15,-1.316,-1.474,0.050
108.01,-1.276,-1.476,0.051,APPROACH,4,8,-1.308,-1.468,0.058,,-1.255,-1.471,0.052
108.21,-1.215,-1.473,0.056,BLIND_DASH,4,8,-1.248,-1.465,0.063,,-1.194,-1.467,0.058
108.41,-1.153,-1.469,0.059,BLIND_DASH,4,8,-1.188,-1.461,0.066,,-1.133,-1.464,0.061
108.61,-1.092,-1.466,0.060,BLIND_DASH,4,8,-1.129,-1.457,0.067,,-1.072,-1.460,0.061
108.81,-1.031,-1.462,0.060,BLIND_DASH,4,8,-1.069,-1.453,0.067,,-1.010,-1.456,0.061
109.01,-0.970,-1.458,0.060,BLIND_DASH,4,8,-1.009,-1.449,0.067,,-0.950,-1.453,0.062
109.21,-0.909,-1.455,0.060,BLIND_DASH,4,8,-0.949,-1.445,0.068,,-0.888,-1.449,0.062
109.41,-0.848,-1.451,0.061,BLIND_DASH,4,8,-0.889,-1.441,0.068,,-0.828,-1.445,0.062
109.61,-0.797,-1.448,0.061,BLIND_DASH,4,8,-0.829,-1.436,0.068,,-0.777,-1.442,0.062
109.81,-0.736,-1.444,0.061,PATROL,4,8,-0.769,-1.432,0.068,,-0.716,-1.438,0.062
110.01,-0.679,-1.441,0.068,PATROL,4,8,-0.714,-1.429,0.075,,-0.658,-1.434,0.069
110.21,-0.657,-1.439,0.091,PATROL,4,8,-0.693,-1.427,0.098,,-0.636,-1.433,0.093
110.41,-0.655,-1.439,0.191,PATROL,4,8,-0.691,-1.427,0.199,,-0.635,-1.433,0.192
110.61,-0.655,-1.439,0.299,PATROL,4,8,-0.691,-1.427,0.306,,-0.635,-1.433,0.300
110.81,-0.655,-1.439,0.407,PATROL,4,8,-0.690,-1.426,0.414,,-0.635,-1.433,0.408
111.01,-0.655,-1.439,0.516,PATROL,4,8,-0.690,-1.426,0.524,,-0.635,-1.433,0.517
111.21,-0.655,-1.439,0.626,PATROL,4,8,-0.689,-1.426,0.633,,-0.635,-1.433,0.627
111.41,-0.655,-1.439,0.732,PATROL,4,8,-0.689,-1.426,0.740,,-0.635,-1.433,0.735
111.61,-0.655,-1.439,0.842,PATROL,4,8,-0.689,-1.425,0.850,,-0.635,-1.433,0.844
111.81,-0.655,-1.439,0.950,PATROL,4,8,-0.689,-1.425,0.958,,-0.635,-1.433,0.953
112.01,-0.655,-1.439,1.060,PATROL,4,8,-0.688,-1.424,1.068,,-0.635,-1.433,1.062
112.21,-0.655,-1.439,1.169,PATROL,4,8,-0.688,-1.424,1.177,,-0.635,-1.433,1.171
112.41,-0.655,-1.439,1.278,PATROL,4,8,-0.688,-1.424,1.286,ball_6,-0.635,-1.433,1.281
112.61,-0.655,-1.439,1.387,PATROL,4,8,-0.688,-1.423,1.395,ball_6,-0.635,-1.433,1.390
112.81,-0.655,-1.439,1.496,PATROL,4,8,-0.688,-1.423,1.504,ball_6,-0.635,-1.433,1.499
113.01,-0.655,-1.439,1.605,PATROL,4,8,-0.688,-1.422,1.612,ball_6,-0.635,-1.432,1.608
113.21,-0.656,-1.434,1.712,PATROL,4,8,-0.689,-1.417,1.720,ball_6,-0.635,-1.428,1.717
113.41,-0.658,-1.424,1.821,PATROL,4,8,-0.691,-1.406,1.829,ball_6,-0.637,-1.417,1.825
113.61,-0.663,-1.409,1.931,PATROL,4,8,-0.696,-1.391,1.938,ball_6,-0.642,-1.402,1.934
113.81,-0.671,-1.390,2.040,PATROL,4,8,-0.704,-1.372,2.048,ball_6,-0.651,-1.384,2.043
114.01,-0.684,-1.367,2.150,PATROL,4,8,-0.718,-1.350,2.158,ball_6,-0.664,-1.361,2.153
114.21,-0.703,-1.343,2.259,PATROL,4,8,-0.736,-1.326,2.267,ball_6,-0.682,-1.337,2.262
114.41,-0.727,-1.316,2.369,PATROL,4,8,-0.760,-1.301,2.376,ball_6,-0.707,-1.310,2.371
114.61,-0.753,-1.294,2.478,PATROL,4,8,-0.790,-1.275,2.485,ball_6,-0.733,-1.288,2.481
114.81,-0.789,-1.268,2.590,PATROL,4,8,-0.827,-1.250,2.597,ball_6,-0.769,-1.262,2.592
115.01,-0.832,-1.245,2.699,ALIGN,4,8,-0.869,-1.227,2.707,,-0.812,-1.239,2.702
115.21,-0.878,-1.226,2.811,PATROL,4,8,-0.913,-1.210,2.818,,-0.858,-1.220,2.814
115.41,-0.929,-1.212,2.916,PATROL,4,8,-0.963,-1.196,2.924,,-0.910,-1.206,2.920
115.61,-0.992,-1.200,2.991,PATROL,4,8,-1.026,-1.185,2.998,,-0.972,-1.195,2.995
115.81,-1.059,-1.192,3.051,PATROL,4,8,-1.090,-1.178,3.058,,-1.040,-1.187,3.055
116.01,-1.129,-1.188,3.102,PATROL,4,8,-1.159,-1.174,3.109,,-1.109,-1.183,3.105
116.21,-1.188,-1.187,-3.140,PATROL,4,8,-1.229,-1.173,-3.133,,-1.169,-1.182,3.147
116.41,-1.262,-1.188,-3.105,PATROL,4,8,-1.301,-1.175,-3.098,,-1.242,-1.184,3.182
116.61,-1.336,-1.192,-3.074,PATROL,4,8,-1.374,-1.179,-3.068,,-1.316,-1.188,3.212
116.81,-1.411,-1.198,-3.049,PATROL,4,8,-1.447,-1.186,-3.042,,-1.392,-1.194,3.238
117.01,-1.487,-1.206,-3.027,PATROL,4,8,-1.521,-1.194,-3.020,,-1.468,-1.202,3.260
117.21,-1.563,-1.216,-3.006,PATROL,4,8,-1.597,-1.204,-3.000,,-1.543,-1.212,3.280
117.41,-1.640,-1.227,-2.989,PATROL,4,8,-1.671,-1.215,-2.982,,-1.621,-1.224,3.298
117.61,-1.717,-1.239,-2.973,PATROL,4,8,-1.747,-1.228,-2.966,,-1.697,-1.237,3.314
117.81,-1.781,-1.251,-2.959,PATROL,4,8,-1.821,-1.242,-2.952,,-1.763,-1.249,3.328
118.01,-1.858,-1.266,-2.946,PATROL,4,8,-1.898,-1.257,-2.939,,-1.839,-1.263,3.341
118.21,-1.936,-1.281,-2.933,PATROL,4,8,-1.973,-1.273,-2.926,,-1.916,-1.280,3.354
118.41,-2.013,-1.298,-2.922,PATROL,5,7,-2.049,-1.290,-2.915,,-1.993,-1.296,3.365
118.61,-2.084,-1.314,-2.916,PATROL,5,7,-2.119,-1.307,-2.909,,-2.065,-1.313,3.371
118.81,-2.154,-1.329,-2.960,PATROL,5,7,-2.187,-1.321,-2.954,,-2.135,-1.328,3.327
119.01,-2.227,-1.341,-2.996,PATROL,5,7,-2.258,-1.333,-2.990,,-2.207,-1.340,3.291
119.21,-2.301,-1.350,-3.025,PATROL,5,7,-2.330,-1.343,-3.018,,-2.282,-1.350,3.262
119.41,-2.364,-1.357,-3.047,PATROL,5,7,-2.404,-1.352,-3.040,,-2.345,-1.357,3.240
119.61,-2.435,-1.363,-3.075,ALIGN,5,7,-2.471,-1.358,-3.068,ball_7,-2.416,-1.363,3.212
119.81,-2.466,-1.365,-3.114,ALIGN,5,7,-2.500,-1.359,-3.107,ball_7,-2.447,-1.365,3.173
120.01,-2.468,-1.365,3.082,ALIGN,5,7,-2.502,-1.359,3.089,ball_7,-2.449,-1.365,3.085
120.21,-2.469,-1.365,3.009,ALIGN,5,7,-2.501,-1.359,3.016,ball_7,-2.449,-1.365,3.012
120.41,-2.469,-1.365,2.961,APPROACH,5,7,-2.501,-1.359,2.968,ball_11,-2.449,-1.365,2.964
120.61,-2.474,-1.363,2.908,APPROACH,5,7,-2.506,-1.358,2.915,ball_11,-2.455,-1.364,2.911
120.81,-2.515,-1.352,2.847,APPROACH,5,7,-2.544,-1.348,2.854,ball_11,-2.495,-1.352,2.851
121.01,-2.573,-1.335,2.853,APPROACH,5,7,-2.601,-1.331,2.860,ball_11,-2.553,-1.335,2.856
121.21,-2.622,-1.320,2.854,APPROACH,5,7,-2.658,-1.315,2.861,ball_11,-2.603,-1.321,2.858
121.41,-2.680,-1.303,2.857,APPROACH,5,7,-2.716,-1.298,2.864,ball_11,-2.661,-1.304,2.860
121.61,-2.739,-1.286,2.858,APPROACH,5,7,-2.773,-1.282,2.865,ball_11,-2.720,-1.287,2.861
121.81,-2.798,-1.268,2.859,APPROACH,5,7,-2.831,-1.266,2.866,ball_11,-2.779,-1.270,2.863
122.01,-2.857,-1.251,2.861,APPROACH,5,7,-2.889,-1.250,2.868,ball_11,-2.838,-1.253,2.864
122.21,-2.915,-1.235,2.862,APPROACH,5,7,-2.946,-1.233,2.869,ball_11,-2.897,-1.236,2.865
122.41,-2.974,-1.218,2.863,APPROACH,5,7,-3.004,-1.217,2.870,ball_11,-2.956,-1.219,2.866
122.61,-3.023,-1.204,2.864,APPROACH,5,7,-3.061,-1.201,2.871,ball_11,-3.006,-1.206,2.867
122.81,-3.082,-1.187,2.865,APPROACH,5,7,-3.119,-1.185,2.872,ball_11,-3.065,-1.189,2.868
123.01,-3.141,-1.170,2.865,APPROACH,5,7,-3.177,-1.169,2.872,ball_11,-3.123,-1.172,2.869
123.21,-3.200,-1.154,2.866,APPROACH,5,7,-3.235,-1.153,2.873,ball_11,-3.182,-1.156,2.869
123.41,-3.259,-1.137,2.867,APPROACH,5,7,-3.292,-1.138,2.874,ball_11,-3.241,-1.140,2.870
123.61,-3.318,-1.120,2.867,APPROACH,5,7,-3.350,-1.122,2.874,ball_11,-3.301,-1.123,2.870
123.81,-3.377,-1.104,2.868,APPROACH,5,7,-3.408,-1.106,2.875,ball_11,-3.360,-1.107,2.871
124.01,-3.436,-1.087,2.868,APPROACH,5,7,-3.466,-1.090,2.875,ball_11,-3.418,-1.090,2.871
124.21,-3.485,-1.073,2.868,APPROACH,5,7,-3.523,-1.074,2.875,ball_11,-3.468,-1.077,2.872
124.41,-3.544,-1.057,2.869,APPROACH,5,7,-3.581,-1.059,2.876,ball_11,-3.526,-1.060,2.872
124.61,-3.603,-1.040,2.869,APPROACH,5,7,-3.639,-1.043,2.876,ball_11,-3.586,-1.044,2.872
124.81,-3.662,-1.024,2.869,APPROACH,5,7,-3.696,-1.027,2.876,ball_11,-3.645,-1.028,2.873
125.01,-3.720,-1.007,2.870,APPROACH,5,7,-3.754,-1.012,2.877,ball_11,-3.704,-1.011,2.873
125.21,-3.779,-0.991,2.870,APPROACH,5,7,-3.811,-0.996,2.877,ball_11,-3.763,-0.995,2.873
125.41,-3.838,-0.975,2.870,APPROACH,5,7,-3.870,-0.980,2.877,ball_11,-3.822,-0.979,2.874
125.61,-3.897,-0.958,2.870,APPROACH,5,7,-3.928,-0.965,2.877,ball_11,-3.881,-0.963,2.874
125.81,-3.946,-0.945,2.870,APPROACH,5,7,-3.986,-0.949,2.877,ball_11,-3.931,-0.949,2.874
126.01,-4.005,-0.928,2.871,APPROACH,5,7,-4.043,-0.933,2.878,ball_11,-3.990,-0.933,2.874
126.21,-4.064,-0.912,2.871,APPROACH,5,7,-4.102,-0.918,2.878,ball_11,-4.049,-0.917,2.874
126.41,-4.123,-0.895,2.871,APPROACH,5,7,-4.159,-0.902,2.878,ball_11,-4.108,-0.901,2.874
126.61,-4.182,-0.879,2.871,APPROACH,5,7,-4.217,-0.887,2.878,ball_11,-4.167,-0.885,2.874
126.81,-4.241,-0.863,2.871,APPROACH,5,7,-4.275,-0.871,2.878,ball_11,-4.226,-0.868,2.875
127.01,-4.300,-0.846,2.871,APPROACH,5,7,-4.333,-0.855,2.878,ball_11,-4.285,-0.852,2.875
127.21,-4.359,-0.830,2.871,APPROACH,5,7,-4.391,-0.840,2.878,ball_11,-4.344,-0.836,2.875
127.41,-4.408,-0.816,2.871,APPROACH,5,7,-4.448,-0.824,2.878,ball_11,-4.394,-0.823,2.875
127.61,-4.467,-0.800,2.871,APPROACH,5,7,-4.507,-0.809,2.878,ball_11,-4.452,-0.807,2.875
127.81,-4.526,-0.784,2.871,APPROACH,5,7,-4.565,-0.793,2.878,ball_11,-4.512,-0.790,2.875
128.01,-4.585,-0.767,2.872,APPROACH,5,7,-4.623,-0.777,2.879,ball_11,-4.571,-0.774,2.875
128.21,-4.644,-0.751,2.872,APPROACH,5,7,-4.680,-0.762,2.878,ball_11,-4.630,-0.758,2.875
128.41,-4.703,-0.735,2.872,APPROACH,5,7,-4.738,-0.746,2.879,ball_11,-4.688,-0.742,2.875
128.61,-4.762,-0.718,2.872,APPROACH,5,7,-4.795,-0.731,2.879,ball_11,-4.749,-0.726,2.875
128.81,-4.821,-0.702,2.872,APPROACH,5,7,-4.853,-0.715,2.879,ball_11,-4.807,-0.710,2.875
129.01,-4.870,-0.688,2.872,APPROACH,5,7,-4.911,-0.700,2.879,ball_11,-4.857,-0.696,2.875
129.21,-4.929,-0.672,2.872,APPROACH,5,7,-4.969,-0.684,2.879,ball_11,-4.916,-0.680,2.875
129.41,-4.988,-0.656,2.872,APPROACH,5,7,-5.027,-0.669,2.879,ball_11,-4.975,-0.664,2.875
129.61,-5.047,-0.639,2.852,APPROACH,5,7,-5.085,-0.653,2.859,ball_11,-5.034,-0.648,2.856
129.81,-5.106,-0.621,2.810,APPROACH,5,7,-5.142,-0.635,2.817,ball_11,-5.092,-0.629,2.814
130.01,-5.163,-0.600,2.775,APPROACH,5,7,-5.198,-0.615,2.782,ball_11,-5.150,-0.608,2.779
130.21,-5.220,-0.577,2.742,APPROACH,5,7,-5.253,-0.593,2.749,ball_11,-5.207,-0.585,2.746
130.41,-5.276,-0.552,2.715,APPROACH,5,7,-5.308,-0.570,2.722,ball_11,-5.263,-0.561,2.719
130.61,-5.322,-0.530,2.691,APPROACH,5,7,-5.363,-0.545,2.698,ball_11,-5.309,-0.539,2.694
130.81,-5.377,-0.503,2.670,APPROACH,5,7,-5.416,-0.518,2.677,ball_11,-5.365,-0.512,2.673
131.01,-5.431,-0.475,2.651,APPROACH,5,7,-5.470,-0.491,2.658,ball_11,-5.418,-0.485,2.655
131.21,-5.485,-0.446,2.635,APPROACH,5,7,-5.522,-0.463,2.642,ball_11,-5.473,-0.455,2.639
131.41,-5.538,-0.416,2.621,APPROACH,5,7,-5.575,-0.434,2.628,ball_11,-5.526,-0.426,2.625
131.61,-5.591,-0.385,2.609,APPROACH,5,7,-5.627,-0.404,2.616,ball_11,-5.579,-0.395,2.612
131.81,-5.644,-0.353,2.598,APPROACH,5,7,-5.679,-0.374,2.605,ball_11,-5.632,-0.364,2.601
132.01,-5.696,-0.322,2.589,APPROACH,5,7,-5.730,-0.343,2.596,ball_11,-5.684,-0.332,2.592
132.21,-5.748,-0.289,2.580,APPROACH,5,7,-5.781,-0.311,2.587,ball_11,-5.736,-0.300,2.583
132.41,-5.791,-0.262,2.572,APPROACH,5,7,-5.832,-0.280,2.579,ball_11,-5.779,-0.273,2.576
132.61,-5.842,-0.229,2.566,APPROACH,5,7,-5.882,-0.248,2.573,ball_11,-5.831,-0.240,2.570
132.81,-5.893,-0.195,2.561,APPROACH,5,7,-5.932,-0.216,2.568,ball_11,-5.882,-0.206,2.564
133.01,-5.944,-0.162,2.555,APPROACH,5,7,-5.982,-0.183,2.562,ball_11,-5.934,-0.172,2.559
133.21,-5.995,-0.128,2.551,APPROACH,5,7,-6.033,-0.150,2.558,ball_11,-5.984,-0.139,2.554
133.41,-6.046,-0.093,2.547,APPROACH,5,7,-6.082,-0.117,2.554,ball_11,-6.036,-0.104,2.551
133.61,-6.097,-0.059,2.544,APPROACH,5,7,-6.132,-0.084,2.551,ball_11,-6.087,-0.070,2.547
133.81,-6.139,-0.030,2.540,APPROACH,5,7,-6.182,-0.050,2.548,ball_11,-6.129,-0.041,2.544
134.01,-6.189,0.004,2.538,APPROACH,5,7,-6.232,-0.017,2.545,ball_11,-6.179,-0.007,2.541
134.21,-6.240,0.039,2.535,APPROACH,5,7,-6.282,0.017,2.542,ball_11,-6.230,0.027,2.539
134.41,-6.290,0.074,2.533,APPROACH,5,7,-6.331,0.051,2.540,ball_11,-6.280,0.062,2.537
134.61,-6.340,0.109,2.532,APPROACH,5,7,-6.380,0.085,2.539,ball_11,-6.330,0.097,2.535
134.81,-6.390,0.144,2.530,APPROACH,5,7,-6.429,0.119,2.537,ball_11,-6.381,0.132,2.534
135.01,-6.440,0.179,2.528,APPROACH,5,7,-6.478,0.152,2.536,ball_11,-6.432,0.168,2.532
135.21,-6.490,0.215,2.527,APPROACH,5,7,-6.527,0.186,2.534,ball_11,-6.483,0.203,2.531
135.41,-6.532,0.244,2.526,APPROACH,5,7,-6.576,0.221,2.533,ball_11,-6.524,0.232,2.530
135.61,-6.582,0.279,2.525,APPROACH,5,7,-6.626,0.255,2.532,ball_11,-6.574,0.267,2.529
135.81,-6.632,0.315,2.524,APPROACH,5,7,-6.675,0.289,2.531,ball_11,-6.624,0.302,2.528
136.01,-6.682,0.350,2.524,APPROACH,5,7,-6.724,0.324,2.531,ball_11,-6.674,0.338,2.527
136.21,-6.732,0.386,2.523,APPROACH,5,7,-6.773,0.358,2.530,ball_11,-6.724,0.373,2.526
136.41,-6.782,0.421,2.522,APPROACH,5,7,-6.822,0.392,2.529,ball_11,-6.774,0.408,2.526
136.61,-6.831,0.457,2.522,APPROACH,5,7,-6.870,0.426,2.529,ball_11,-6.825,0.445,2.525
136.81,-6.881,0.492,2.521,APPROACH,5,7,-6.920,0.461,2.528,ball_11,-6.874,0.479,2.525
137.01,-6.923,0.522,2.521,APPROACH,5,7,-6.969,0.496,2.528,ball_11,-6.916,0.509,2.524
137.21,-6.972,0.558,2.520,APPROACH,5,7,-7.018,0.531,2.527,ball_11,-6.965,0.544,2.524
137.41,-7.022,0.593,2.520,APPROACH,5,7,-7.067,0.565,2.527,ball_11,-7.015,0.580,2.523
137.61,-7.072,0.629,2.520,APPROACH,5,7,-7.116,0.600,2.527,ball_11,-7.065,0.615,2.523
137.81,-7.122,0.665,2.519,APPROACH,5,7,-7.164,0.634,2.526,ball_11,-7.116,0.651,2.523
138.01,-7.171,0.700,2.519,APPROACH,5,7,-7.214,0.669,2.526,ball_11,-7.165,0.686,2.522
138.21,-7.221,0.736,2.519,APPROACH,5,7,-7.263,0.703,2.526,ball_11,-7.215,0.722,2.522
138.41,-7.271,0.772,2.518,APPROACH,5,7,-7.311,0.738,2.526,ball_11,-7.265,0.757,2.522
138.61,-7.320,0.808,2.518,APPROACH,5,7,-7.361,0.773,2.525,ball_11,-7.315,0.793,2.522
138.81,-7.362,0.837,2.518,APPROACH,5,7,-7.409,0.807,2.525,ball_11,-7.357,0.823,2.522
139.01,-7.412,0.873,2.518,APPROACH,5,7,-7.459,0.842,2.525,ball_11,-7.406,0.858,2.521
139.21,-7.461,0.909,2.518,APPROACH,5,7,-7.507,0.877,2.525,ball_11,-7.456,0.894,2.521
139.41,-7.511,0.945,2.518,APPROACH,5,7,-7.556,0.911,2.525,ball_11,-7.506,0.929,2.521
139.61,-7.561,0.980,2.517,APPROACH,5,7,-7.605,0.946,2.525,ball_11,-7.556,0.965,2.521
139.81,-7.610,1.016,2.517,APPROACH,5,7,-7.654,0.980,2.524,ball_11,-7.606,1.001,2.521
140.01,-7.652,1.046,2.517,APPROACH,5,7,-7.701,1.014,2.524,ball_11,-7.648,1.031,2.521
140.21,-7.701,1.082,2.517,APPROACH,5,7,-7.751,1.050,2.524,ball_11,-7.698,1.066,2.520
140.41,-7.751,1.117,2.517,APPROACH,5,7,-7.800,1.084,2.524,ball_11,-7.747,1.102,2.520
140.61,-7.800,1.153,2.517,APPROACH,5,7,-7.849,1.119,2.524,ball_11,-7.797,1.137,2.520
140.81,-7.850,1.189,2.516,APPROACH,5,7,-7.898,1.154,2.524,ball_11,-7.846,1.173,2.520
141.01,-7.900,1.225,2.516,APPROACH,5,7,-7.947,1.189,2.523,ball_11,-7.896,1.209,2.520
141.21,-7.949,1.261,2.516,APPROACH,5,7,-7.996,1.223,2.523,ball_11,-7.946,1.244,2.520
141.41,-7.999,1.297,2.516,APPROACH,5,7,-8.044,1.258,2.523,ball_11,-7.996,1.280,2.519
141.61,-8.049,1.332,2.516,APPROACH,5,7,-8.093,1.293,2.523,ball_11,-8.045,1.316,2.519
141.81,-8.090,1.362,2.516,APPROACH,5,7,-8.142,1.327,2.523,ball_11,-8.087,1.345,2.519
142.01,-8.139,1.398,2.515,APPROACH,5,7,-8.191,1.362,2.522,ball_11,-8.137,1.381,2.519
142.21,-8.189,1.434,2.515,APPROACH,5,7,-8.240,1.397,2.522,ball_11,-8.187,1.417,2.518
142.41,-8.239,1.470,2.515,APPROACH,5,7,-8.289,1.432,2.522,ball_11,-8.236,1.453,2.518
142.61,-8.288,1.506,2.514,APPROACH,5,7,-8.337,1.467,2.521,ball_11,-8.286,1.489,2.518
142.81,-8.338,1.542,2.514,APPROACH,5,7,-8.386,1.501,2.521,ball_11,-8.336,1.525,2.517
143.01,-8.387,1.578,2.515,APPROACH,5,7,-8.434,1.536,2.522,,-8.386,1.561,2.519
143.21,-8.437,1.614,2.518,APPROACH,5,7,-8.483,1.571,2.525,,-8.435,1.596,2.521
143.41,-8.478,1.643,2.521,BLIND_DASH,5,7,-8.532,1.605,2.528,,-8.478,1.626,2.524
143.61,-8.528,1.679,2.521,BLIND_DASH,5,7,-8.581,1.640,2.528,,-8.527,1.661,2.524
143.81,-8.578,1.714,2.520,BLIND_DASH,5,7,-8.630,1.674,2.528,,-8.577,1.697,2.524
144.01,-8.628,1.750,2.520,BLIND_DASH,5,7,-8.679,1.709,2.528,,-8.627,1.732,2.524
144.21,-8.677,1.786,2.520,BLIND_DASH,5,7,-8.728,1.743,2.528,,-8.677,1.768,2.524
144.41,-8.727,1.821,2.520,BLIND_DASH,5,7,-8.777,1.778,2.528,,-8.727,1.803,2.524
144.61,-8.777,1.857,2.520,BLIND_DASH,5,7,-8.826,1.812,2.528,,-8.777,1.838,2.524
144.81,-8.827,1.893,2.520,BLIND_DASH,5,7,-8.875,1.847,2.528,,-8.827,1.874,2.524
145.01,-8.877,1.928,2.520,BLIND_DASH,5,7,-8.924,1.881,2.528,,-8.876,1.909,2.524
145.21,-8.918,1.958,2.520,BLIND_DASH,5,7,-8.973,1.916,2.528,,-8.918,1.939,2.524
145.41,-8.968,1.993,2.520,PATROL,5,7,-9.022,1.950,2.528,,-8.968,1.974,2.524
145.61,-9.014,2.027,2.498,PATROL,5,7,-9.067,1.982,2.504,,-9.014,2.007,2.501
145.81,-9.033,2.041,2.472,PATROL,5,7,-9.085,1.996,2.479,,-9.033,2.022,2.475
146.01,-9.036,2.044,2.559,PATROL,5,7,-9.088,1.998,2.566,,-9.036,2.024,2.562
146.21,-9.036,2.044,2.667,PATROL,5,7,-9.088,1.998,2.674,,-9.036,2.024,2.671
146.41,-9.036,2.044,2.777,PATROL,5,7,-9.089,1.999,2.784,,-9.036,2.024,2.781
146.61,-9.036,2.044,2.885,PATROL,5,7,-9.089,1.999,2.893,,-9.036,2.024,2.890
146.81,-9.036,2.044,2.995,PATROL,5,7,-9.090,1.999,3.002,,-9.036,2.024,2.999
147.01,-9.036,2.044,3.104,PATROL,5,7,-9.090,1.999,3.111,,-9.036,2.024,3.108
147.21,-9.036,2.044,-3.071,PATROL,5,7,-9.091,1.998,-3.064,,-9.036,2.024,3.217
147.41,-9.036,2.044,-2.963,PATROL,5,7,-9.091,1.998,-2.955,,-9.036,2.024,3.325
147.61,-9.036,2.044,-2.854,PATROL,5,7,-9.092,1.998,-2.847,,-9.036,2.024,3.434
147.81,-9.036,2.044,-2.746,PATROL,5,7,-9.092,1.998,-2.739,,-9.036,2.024,3.542
148.01,-9.036,2.044,-2.639,PATROL,5,7,-9.093,1.998,-2.632,,-9.036,2.024,3.650
148.21,-9.036,2.044,-2.531,PATROL,5,7,-9.093,1.998,-2.523,,-9.036,2.024,3.759
148.41,-9.036,2.044,-2.422,PATROL,5,7,-9.093,1.997,-2.415,,-9.036,2.024,3.868
148.61,-9.036,2.044,-2.314,PATROL,5,7,-9.094,1.997,-2.307,,-9.036,2.024,3.975
148.81,-9.036,2.043,-2.206,PATROL,5,7,-9.094,1.996,-2.200,,-9.036,2.024,4.083
149.01,-9.038,2.039,-2.098,PATROL,5,7,-9.097,1.991,-2.091,,-9.039,2.020,4.190
149.21,-9.043,2.030,-1.991,PATROL,5,7,-9.102,1.982,-1.984,,-9.043,2.011,4.297
149.41,-9.049,2.015,-1.883,PATROL,5,7,-9.107,1.967,-1.876,,-9.049,1.995,4.406
149.61,-9.054,1.994,-1.773,PATROL,5,7,-9.112,1.946,-1.766,,-9.054,1.974,4.516
149.81,-9.058,1.967,-1.662,PATROL,5,7,-9.116,1.920,-1.656,,-9.058,1.947,4.626
150.01,-9.059,1.940,-1.553,PATROL,5,7,-9.117,1.889,-1.547,,-9.059,1.920,4.736
150.21,-9.056,1.902,-1.443,PATROL,5,7,-9.114,1.851,-1.437,,-9.056,1.883,4.847
150.41,-9.049,1.860,-1.334,PATROL,5,7,-9.106,1.810,-1.327,,-9.048,1.841,4.956
150.61,-9.035,1.814,-1.224,PATROL,5,7,-9.091,1.764,-1.217,,-9.034,1.794,5.065
150.81,-9.014,1.764,-1.115,PATROL,5,7,-9.070,1.715,-1.108,,-9.012,1.745,5.174
151.01,-8.985,1.712,-1.020,PATROL,5,7,-9.042,1.665,-1.014,,-8.983,1.693,5.270
151.21,-8.949,1.659,-0.944,PATROL,5,7,-9.006,1.613,-0.938,,-8.947,1.640,5.346
151.41,-8.907,1.605,-0.883,PATROL,5,7,-8.966,1.560,-0.877,,-8.905,1.587,5.406
151.61,-8.869,1.561,-0.835,PATROL,5,7,-8.920,1.509,-0.828,,-8.866,1.542,5.455
151.81,-8.819,1.508,-0.797,PATROL,5,7,-8.871,1.458,-0.791,,-8.816,1.489,5.493
152.01,-8.766,1.455,-0.767,PATROL,5,7,-8.819,1.407,-0.761,,-8.763,1.438,5.523
152.21,-8.711,1.403,-0.742,PATROL,5,7,-8.764,1.356,-0.736,,-8.707,1.386,5.548
152.41,-8.654,1.352,-0.723,PATROL,5,7,-8.709,1.306,-0.717,,-8.649,1.334,5.567
152.61,-8.595,1.301,-0.707,PATROL,5,7,-8.650,1.256,-0.701,,-8.590,1.284,5.583
152.81,-8.535,1.250,-0.695,PATROL,5,7,-8.591,1.207,-0.688,,-8.530,1.234,5.595
153.01,-8.473,1.199,-0.685,PATROL,5,7,-8.531,1.158,-0.678,,-8.468,1.184,5.605
153.21,-8.422,1.158,-0.678,PATROL,5,7,-8.470,1.109,-0.671,,-8.416,1.142,5.612
153.41,-8.359,1.108,-0.671,PATROL,5,7,-8.408,1.060,-0.665,,-8.353,1.093,5.619
156.13,-7.499,0.451,-0.644,PATROL,5,7,-8.346,1.012,-0.659,,-7.487,0.440,5.646
156.21,-7.467,0.427,-0.644,PATROL,5,7,-7.520,0.392,-0.638,,-7.455,0.416,5.646
156.41,-7.412,0.386,-0.644,PATROL,5,7,-7.456,0.344,-0.638,,-7.400,0.376,5.646
156.61,-7.347,0.337,-0.644,PATROL,5,7,-7.392,0.296,-0.638,,-7.335,0.328,5.646
156.81,-7.282,0.288,-0.644,PATROL,5,7,-7.328,0.249,-0.637,,-7.269,0.279,5.646
157.01,-7.217,0.239,-0.644,PATROL,5,7,-7.263,0.202,-0.637,,-7.203,0.230,5.647
157.21,-7.151,0.190,-0.643,PATROL,5,7,-7.199,0.154,-0.637,,-7.137,0.182,5.647
157.41,-7.086,0.141,-0.643,PATROL,5,7,-7.135,0.106,-0.637,,-7.072,0.133,5.647
157.61,-7.021,0.092,-0.643,PATROL,5,7,-7.071,0.059,-0.637,,-7.006,0.085,5.647
157.81,-6.956,0.043,-0.643,PATROL,5,7,-7.007,0.012,-0.637,,-6.940,0.036,5.647
158.01,-6.901,0.002,-0.643,PATROL,5,7,-6.942,-0.036,-0.637,,-6.886,-0.004,5.647
158.21,-6.836,-0.046,-0.643,PATROL,5,7,-6.878,-0.084,-0.637,,-6.820,-0.052,5.647
158.41,-6.771,-0.095,-0.643,PATROL,5,7,-6.814,-0.131,-0.637,,-6.754,-0.101,5.647
158.61,-6.705,-0.144,-0.643,PATROL,5,7,-6.749,-0.179,-0.637,,-6.689,-0.149,5.647
158.81,-6.640,-0.193,-0.643,PATROL,5,7,-6.685,-0.226,-0.637,,-6.623,-0.198,5.647
159.01,-6.575,-0.242,-0.643,PATROL,5,7,-6.621,-0.273,-0.637,,-6.557,-0.247,5.647
159.21,-6.509,-0.291,-0.643,PATROL,5,7,-6.556,-0.321,-0.637,,-6.492,-0.295,5.647
159.41,-6.444,-0.340,-0.643,PATROL,5,7,-6.492,-0.369,-0.637,,-6.426,-0.343,5.647
159.61,-6.379,-0.389,-0.643,PATROL,5,7,-6.428,-0.416,-0.637,,-6.361,-0.392,5.647
159.81,-6.324,-0.430,-0.643,PATROL,5,7,-6.364,-0.464,-0.637,,-6.306,-0.432,5.647
160.01,-6.259,-0.479,-0.643,PATROL,5,7,-6.300,-0.511,-0.637,,-6.239,-0.482,5.647
160.21,-6.194,-0.528,-0.643,PATROL,5,7,-6.235,-0.559,-0.637,,-6.174,-0.530,5.647
160.41,-6.129,-0.576,-0.643,PATROL,5,7,-6.171,-0.607,-0.637,,-6.109,-0.578,5.647
160.61,-6.063,-0.625,-0.643,PATROL,5,7,-6.107,-0.654,-0.637,,-6.043,-0.626,5.647
160.81,-5.998,-0.674,-0.643,PATROL,5,7,-6.042,-0.701,-0.637,,-5.977,-0.675,5.647
161.01,-5.933,-0.723,-0.643,PATROL,5,7,-5.979,-0.748,-0.637,,-5.911,-0.724,5.647
161.21,-5.867,-0.772,-0.643,PATROL,5,7,-5.914,-0.796,-0.637,,-5.845,-0.772,5.647
161.41,-5.813,-0.813,-0.643,PATROL,5,7,-5.850,-0.844,-0.637,,-5.791,-0.812,5.647
161.61,-5.748,-0.862,-0.643,PATROL,5,7,-5.786,-0.891,-0.637,,-5.725,-0.861,5.647
161.81,-5.682,-0.911,-0.643,PATROL,5,7,-5.722,-0.938,-0.637,,-5.658,-0.910,5.647
162.01,-5.617,-0.960,-0.643,PATROL,5,7,-5.659,-0.985,-0.637,,-5.593,-0.959,5.647
162.21,-5.552,-1.009,-0.643,PATROL,5,7,-5.593,-1.033,-0.637,,-5.528,-1.007,5.647
162.41,-5.486,-1.058,-0.643,PATROL,5,7,-5.528,-1.081,-0.637,,-5.462,-1.055,5.647
162.61,-5.421,-1.106,-0.643,PATROL,5,7,-5.464,-1.129,-0.637,,-5.397,-1.103,5.647
162.81,-5.356,-1.155,-0.643,PATROL,5,7,-5.400,-1.176,-0.637,,-5.331,-1.152,5.647
163.01,-5.301,-1.196,-0.643,PATROL,6,6,-5.336,-1.224,-0.637,,-5.276,-1.193,5.647
163.21,-5.243,-1.240,-0.621,PATROL,6,6,-5.279,-1.265,-0.614,,-5.217,-1.236,5.669
163.41,-5.217,-1.258,-0.581,PATROL,6,6,-5.255,-1.282,-0.575,,-5.191,-1.254,5.709
163.61,-5.211,-1.262,-0.645,PATROL,6,6,-5.250,-1.285,-0.639,,-5.185,-1.257,5.645
163.81,-5.211,-1.262,-0.756,PATROL,6,6,-5.250,-1.285,-0.750,,-5.185,-1.257,5.535
164.01,-5.211,-1.262,-0.867,PATROL,6,6,-5.250,-1.285,-0.860,,-5.185,-1.257,5.424
164.21,-5.211,-1.262,-0.977,PATROL,6,6,-5.250,-1.285,-0.971,,-5.185,-1.257,5.313
164.41,-5.211,-1.262,-1.088,PATROL,6,6,-5.251,-1.284,-1.081,,-5.185,-1.257,5.202
164.61,-5.211,-1.262,-1.198,PATROL,6,6,-5.251,-1.284,-1.192,,-5.185,-1.257,5.092
164.81,-5.211,-1.262,-1.309,PATROL,6,6,-5.251,-1.284,-1.303,,-5.185,-1.257,4.981
165.01,-5.211,-1.262,-1.418,PATROL,6,6,-5.251,-1.284,-1.412,,-5.185,-1.257,4.870
165.21,-5.211,-1.262,-1.531,PATROL,6,6,-5.251,-1.284,-1.525,,-5.185,-1.257,4.759
165.41,-5.211,-1.263,-1.641,PATROL,6,6,-5.251,-1.285,-1.635,,-5.185,-1.259,4.649
165.61,-5.212,-1.270,-1.751,PATROL,6,6,-5.252,-1.291,-1.745,,-5.186,-1.266,4.539
165.81,-5.215,-1.283,-1.860,PATROL,6,6,-5.255,-1.303,-1.854,,-5.189,-1.278,4.428
166.01,-5.221,-1.300,-1.972,PATROL,6,6,-5.260,-1.319,-1.966,,-5.196,-1.295,4.317
166.21,-5.230,-1.317,-2.082,PATROL,6,6,-5.270,-1.340,-2.075,,-5.204,-1.313,4.207
166.41,-5.245,-1.341,-2.192,PATROL,6,6,-5.285,-1.363,-2.186,,-5.219,-1.337,4.098
166.61,-5.266,-1.367,-2.302,PATROL,6,6,-5.306,-1.389,-2.296,,-5.240,-1.363,3.987
166.81,-5.293,-1.395,-2.412,PATROL,6,6,-5.333,-1.416,-2.406,,-5.267,-1.391,3.878
167.01,-5.328,-1.422,-2.519,PATROL,6,6,-5.365,-1.443,-2.513,,-5.302,-1.419,3.769
167.21,-5.370,-1.449,-2.629,PATROL,6,6,-5.406,-1.469,-2.624,,-5.343,-1.446,3.659
167.41,-5.419,-1.473,-2.736,PATROL,6,6,-5.452,-1.492,-2.731,,-5.393,-1.470,3.551
167.61,-5.475,-1.493,-2.832,PATROL,6,6,-5.506,-1.512,-2.826,,-5.448,-1.491,3.457
167.81,-5.526,-1.507,-2.907,PATROL,6,6,-5.565,-1.529,-2.901,,-5.500,-1.505,3.380
168.01,-5.591,-1.521,-2.970,PATROL,6,6,-5.629,-1.543,-2.964,,-5.564,-1.519,3.318
168.21,-5.660,-1.531,-3.020,PATROL,6,6,-5.696,-1.553,-3.014,,-5.634,-1.530,3.267
168.41,-5.732,-1.539,-3.060,PATROL,6,6,-5.765,-1.560,-3.054,,-5.706,-1.537,3.226
168.61,-5.805,-1.543,-3.094,PATROL,6,6,-5.838,-1.565,-3.088,,-5.779,-1.542,3.193
168.81,-5.880,-1.546,-3.122,PATROL,6,6,-5.913,-1.568,-3.116,,-5.854,-1.545,3.165
169.01,-5.957,-1.546,3.139,PATROL,6,6,-5.988,-1.569,-3.138,,-5.930,-1.546,3.143
169.21,-6.034,-1.545,3.120,PATROL,6,6,-6.063,-1.569,3.126,,-6.007,-1.545,3.124
169.41,-6.112,-1.543,3.105,PATROL,6,6,-6.140,-1.567,3.111,,-6.085,-1.543,3.109
169.61,-6.177,-1.540,3.092,PATROL,6,6,-6.216,-1.564,3.099,,-6.151,-1.541,3.097
169.81,-6.256,-1.536,3.082,PATROL,6,6,-6.294,-1.561,3.088,,-6.229,-1.537,3.086
170.01,-6.336,-1.531,3.073,PATROL,6,6,-6.371,-1.556,3.079,,-6.309,-1.532,3.077
170.21,-6.415,-1.525,3.065,PATROL,6,6,-6.448,-1.551,3.071,,-6.390,-1.526,3.069
170.41,-6.495,-1.518,3.058,PATROL,6,6,-6.528,-1.545,3.064,,-6.469,-1.520,3.062
170.61,-6.575,-1.511,3.053,PATROL,6,6,-6.606,-1.539,3.059,,-6.549,-1.514,3.057
170.81,-6.656,-1.504,3.048,PATROL,6,6,-6.685,-1.532,3.054,,-6.633,-1.506,3.052
171.01,-6.736,-1.496,3.044,PATROL,6,6,-6.763,-1.525,3.051,,-6.710,-1.499,3.049
171.21,-6.803,-1.490,3.041,PATROL,6,6,-6.842,-1.518,3.048,,-6.778,-1.493,3.045
171.41,-6.884,-1.482,3.039,PATROL,6,6,-6.920,-1.511,3.045,,-6.860,-1.485,3.043
171.61,-6.965,-1.473,3.036,PATROL,6,6,-6.998,-1.503,3.043,,-6.941,-1.477,3.041
171.81,-7.046,-1.464,3.034,PATROL,6,6,-7.079,-1.495,3.041,,-7.021,-1.469,3.039
172.01,-7.126,-1.456,3.033,PATROL,6,6,-7.157,-1.487,3.039,,-7.102,-1.460,3.037
172.21,-7.207,-1.447,3.031,PATROL,6,6,-7.238,-1.479,3.038,,-7.182,-1.452,3.036
172.41,-7.288,-1.438,3.030,PATROL,6,6,-7.318,-1.470,3.036,,-7.263,-1.443,3.034
172.61,-7.369,-1.429,3.029,PATROL,6,6,-7.397,-1.462,3.035,,-7.344,-1.434,3.033
172.81,-7.437,-1.421,3.028,PATROL,6,6,-7.476,-1.453,3.034,,-7.412,-1.427,3.032
173.01,-7.518,-1.412,3.027,PATROL,6,6,-7.556,-1.445,3.034,,-7.493,-1.418,3.032
173.21,-7.599,-1.402,3.027,PATROL,7,5,-7.635,-1.436,3.033,,-7.574,-1.409,3.031
173.41,-7.672,-1.394,3.033,PATROL,7,5,-7.706,-1.429,3.040,,-7.647,-1.401,3.037
173.61,-7.748,-1.386,3.054,PATROL,7,5,-7.781,-1.422,3.061,,-7.723,-1.393,3.058
173.81,-7.825,-1.380,3.071,PATROL,7,5,-7.856,-1.416,3.078,,-7.801,-1.388,3.075
174.01,-7.903,-1.376,3.085,PATROL,7,5,-7.933,-1.412,3.091,,-7.878,-1.383,3.089
174.21,-7.982,-1.372,3.096,PATROL,7,5,-8.010,-1.409,3.103,,-7.957,-1.380,3.100
174.41,-8.048,-1.369,3.105,PATROL,7,5,-8.088,-1.406,3.112,,-8.023,-1.377,3.109
174.61,-8.127,-1.366,3.112,PATROL,7,5,-8.165,-1.404,3.119,,-8.103,-1.375,3.117
174.81,-8.207,-1.364,3.119,PATROL,7,5,-8.243,-1.403,3.125,,-8.184,-1.373,3.123
175.01,-8.288,-1.363,3.124,PATROL,7,5,-8.322,-1.401,3.130,,-8.263,-1.372,3.128
175.21,-8.368,-1.361,3.128,PATROL,7,5,-8.401,-1.401,3.134,,-8.344,-1.371,3.132
175.41,-8.449,-1.360,3.131,PATROL,7,5,-8.480,-1.400,3.138,,-8.425,-1.370,3.136
175.61,-8.529,-1.360,3.134,PATROL,7,5,-8.558,-1.400,3.140,,-8.506,-1.370,3.138
175.81,-8.610,-1.359,3.136,PATROL,7,5,-8.638,-1.400,-3.141,,-8.587,-1.370,3.141
176.01,-8.678,-1.359,3.138,PATROL,7,5,-8.716,-1.401,-3.138,,-8.655,-1.370,3.143
176.21,-8.759,-1.359,3.140,PATROL,7,5,-8.795,-1.401,-3.137,,-8.737,-1.370,3.145
176.41,-8.840,-1.359,-3.141,PATROL,7,5,-8.876,-1.401,-3.135,,-8.816,-1.370,3.146
176.61,-8.921,-1.359,-3.139,PATROL,7,5,-8.955,-1.402,-3.133,,-8.897,-1.371,3.148
176.81,-9.002,-1.359,-3.138,PATROL,7,5,-9.035,-1.403,-3.131,,-8.979,-1.371,3.150
177.01,-9.083,-1.359,-3.136,PATROL,7,5,-9.113,-1.404,-3.130,,-9.060,-1.372,3.151
177.21,-9.165,-1.360,-3.135,PATROL,7,5,-9.194,-1.405,-3.128,,-9.142,-1.373,3.153
177.41,-9.246,-1.360,-3.134,PATROL,7,5,-9.274,-1.406,-3.127,,-9.223,-1.374,3.154
177.61,-9.314,-1.361,-3.133,PATROL,7,5,-9.354,-1.407,-3.126,,-9.290,-1.375,3.155
177.81,-9.396,-1.362,-3.132,PATROL,7,5,-9.434,-1.408,-3.126,,-9.372,-1.376,3.155
178.01,-9.477,-1.363,-3.132,PATROL,7,5,-9.516,-1.410,-3.125,,-9.453,-1.377,3.156
178.21,-9.559,-1.363,-3.131,PATROL,7,5,-9.593,-1.411,-3.125,,-9.536,-1.378,3.156
178.41,-9.640,-1.364,-3.131,PATROL,7,5,-9.673,-1.412,-3.124,,-9.617,-1.379,3.157
178.61,-9.722,-1.365,-3.130,PATROL,7,5,-9.754,-1.414,-3.124,,-9.698,-1.380,3.157
178.81,-9.803,-1.366,-3.130,PATROL,7,5,-9.833,-1.415,-3.124,,-9.780,-1.382,3.157
179.01,-9.885,-1.367,-3.130,PATROL,7,5,-9.913,-1.416,-3.124,,-9.862,-1.383,3.157
179.21,-9.953,-1.368,-3.130,PATROL,7,5,-9.991,-1.418,-3.124,,-9.931,-1.384,3.157
179.41,-10.035,-1.369,-3.130,PATROL,7,5,-10.073,-1.419,-3.124,,-10.012,-1.385,3.158
179.61,-10.116,-1.370,-3.130,PATROL,7,5,-10.152,-1.421,-3.124,,-10.094,-1.387,3.158
179.81,-10.198,-1.371,-3.130,PATROL,7,5,-10.232,-1.422,-3.124,,-10.175,-1.388,3.158
180.01,-10.279,-1.372,-3.130,PATROL,7,5,-10.313,-1.424,-3.124,,-10.256,-1.389,3.157
180.21,-10.361,-1.373,-3.130,PATROL,8,9,-10.392,-1.425,-3.124,,-10.338,-1.391,3.157
180.41,-10.414,-1.374,-3.114,PATROL,8,9,-10.446,-1.426,-3.108,,-10.392,-1.392,3.173
180.61,-10.432,-1.374,-3.127,PATROL,8,9,-10.465,-1.427,-3.121,,-10.410,-1.392,3.160
180.81,-10.436,-1.374,3.050,PATROL,8,9,-10.469,-1.427,3.057,,-10.414,-1.392,3.054
181.01,-10.444,-1.373,2.940,PATROL,8,9,-10.477,-1.425,2.946,,-10.421,-1.391,2.945
181.21,-10.457,-1.369,2.830,PATROL,8,9,-10.491,-1.422,2.837,,-10.435,-1.388,2.834
181.41,-10.476,-1.362,2.719,PATROL,8,9,-10.509,-1.415,2.725,,-10.454,-1.381,2.724
181.61,-10.498,-1.350,2.609,PATROL,8,9,-10.531,-1.404,2.616,,-10.476,-1.369,2.613
181.81,-10.524,-1.333,2.500,PATROL,8,9,-10.556,-1.387,2.506,,-10.502,-1.352,2.505
182.01,-10.552,-1.310,2.391,PATROL,8,9,-10.583,-1.365,2.397,,-10.530,-1.329,2.395
182.21,-10.580,-1.280,2.281,PATROL,8,9,-10.610,-1.337,2.287,,-10.559,-1.299,2.285
182.41,-10.608,-1.243,2.171,PATROL,8,9,-10.638,-1.301,2.177,,-10.587,-1.262,2.176
182.61,-10.631,-1.206,2.062,PATROL,8,9,-10.664,-1.259,2.068,,-10.609,-1.225,2.066
182.81,-10.655,-1.155,1.957,PATROL,8,9,-10.687,-1.210,1.963,,-10.633,-1.175,1.961
183.01,-10.675,-1.098,1.871,PATROL,8,9,-10.708,-1.154,1.878,,-10.654,-1.117,1.875
183.21,-10.693,-1.035,1.802,PATROL,8,9,-10.725,-1.092,1.808,,-10.672,-1.055,1.806
183.41,-10.706,-0.968,1.746,PATROL,8,9,-10.738,-1.027,1.752,,-10.686,-0.988,1.749
183.61,-10.717,-0.898,1.700,PATROL,8,9,-10.749,-0.958,1.706,,-10.697,-0.917,1.703
183.81,-10.725,-0.826,1.663,PATROL,8,9,-10.757,-0.888,1.670,,-10.705,-0.844,1.667
184.01,-10.730,-0.751,1.633,PATROL,8,9,-10.764,-0.815,1.639,,-10.711,-0.771,1.636
184.21,-10.733,-0.688,1.608,PATROL,8,9,-10.768,-0.741,1.614,,-10.714,-0.707,1.611
184.41,-10.736,-0.612,1.588,PATROL,8,9,-10.770,-0.666,1.594,,-10.716,-0.630,1.591
184.61,-10.736,-0.573,1.571,PATROL,8,9,-10.771,-0.589,1.578,,-10.717,-0.592,1.575
184.81,-10.736,-0.573,1.558,PATROL,8,9,-10.771,-0.514,1.564,,-10.717,-0.592,1.561
185.01,-10.736,-0.573,1.547,PATROL,8,9,-10.770,-0.435,1.554,,-10.717,-0.592,1.551
185.21,-10.736,-0.573,1.539,PATROL,8,9,-10.769,-0.358,1.546,,-10.717,-0.592,1.543
185.41,-10.736,-0.573,1.533,PATROL,8,9,-10.766,-0.280,1.539,,-10.717,-0.592,1.536
185.61,-10.736,-0.573,1.527,PATROL,8,9,-10.764,-0.201,1.534,,-10.717,-0.592,1.530
185.81,-10.736,-0.573,1.522,PATROL,8,9,-10.761,-0.122,1.529,,-10.717,-0.592,1.526
186.01,-10.736,-0.573,1.518,PATROL,8,9,-10.757,-0.043,1.525,,-10.717,-0.592,1.522
186.21,-10.726,-0.384,1.515,PATROL,8,9,-10.754,0.037,1.522,,-10.714,-0.535,1.519
186.41,-10.722,-0.303,1.513,PATROL,8,9,-10.750,0.115,1.519,,-10.710,-0.454,1.516
186.61,-10.717,-0.222,1.511,PATROL,8,9,-10.746,0.195,1.517,,-10.705,-0.372,1.514
186.81,-10.712,-0.141,1.509,PATROL,8,9,-10.741,0.275,1.516,,-10.700,-0.290,1.512
187.01,-10.707,-0.060,1.508,PATROL,8,9,-10.737,0.354,1.514,,-10.696,-0.209,1.511
187.21,-10.702,0.022,1.507,PATROL,8,9,-10.732,0.433,1.513,,-10.691,-0.128,1.510
187.41,-10.697,0.089,1.506,PATROL,8,9,-10.728,0.513,1.512,,-10.687,-0.060,1.509
187.61,-10.692,0.171,1.505,PATROL,8,9,-10.723,0.593,1.512,,-10.682,0.021,1.508
187.81,-10.687,0.252,1.505,PATROL,8,9,-10.718,0.673,1.511,,-10.676,0.103,1.508
188.01,-10.681,0.334,1.504,PATROL,8,9,-10.714,0.752,1.511,,-10.671,0.185,1.507
188.21,-10.676,0.415,1.504,PATROL,8,9,-10.709,0.832,1.510,,-10.666,0.266,1.507
188.41,-10.670,0.496,1.504,PATROL,8,9,-10.704,0.912,1.510,,-10.661,0.347,1.507
188.61,-10.665,0.578,1.503,PATROL,8,9,-10.699,0.991,1.510,,-10.656,0.429,1.507
188.81,-10.659,0.659,1.503,PATROL,8,9,-10.694,1.071,1.510,,-10.650,0.510,1.507
189.01,-10.655,0.727,1.503,PATROL,8,9,-10.690,1.151,1.510,,-10.646,0.578,1.507
189.22,-10.649,0.808,1.503,PATROL,8,9,-10.685,1.231,1.510,,-10.641,0.660,1.507
189.41,-10.644,0.889,1.503,PATROL,8,9,-10.680,1.310,1.510,,-10.636,0.741,1.507
189.61,-10.638,0.970,1.504,PATROL,8,9,-10.675,1.391,1.510,,-10.630,0.822,1.507
189.81,-10.633,1.052,1.504,PATROL,8,9,-10.670,1.469,1.510,,-10.625,0.903,1.507
190.01,-10.627,1.133,1.504,PATROL,9,10,-10.666,1.548,1.511,,-10.620,0.985,1.508
190.21,-10.623,1.179,1.451,PATROL,9,10,-10.662,1.596,1.457,,-10.616,1.031,1.455
190.41,-10.621,1.194,1.364,PATROL,9,10,-10.660,1.610,1.370,,-10.614,1.046,1.366
190.61,-10.617,1.208,1.253,PATROL,9,10,-10.656,1.625,1.259,,-10.610,1.061,1.256
190.81,-10.611,1.225,1.142,PATROL,9,10,-10.649,1.643,1.149,,-10.604,1.077,1.146
191.01,-10.599,1.247,1.033,PATROL,9,10,-10.637,1.666,1.039,,-10.592,1.099,1.036
191.21,-10.581,1.273,0.924,PATROL,9,10,-10.620,1.691,0.931,,-10.574,1.126,0.926
191.41,-10.558,1.301,0.814,PATROL,9,10,-10.598,1.718,0.820,,-10.551,1.153,0.817
191.61,-10.528,1.330,0.704,PATROL,9,10,-10.568,1.746,0.710,,-10.521,1.182,0.706
191.81,-10.490,1.358,0.595,PATROL,9,10,-10.533,1.774,0.600,,-10.483,1.210,0.597
192.01,-10.445,1.384,0.484,PATROL,9,10,-10.489,1.800,0.490,,-10.438,1.237,0.487
192.21,-10.392,1.408,0.382,PATROL,9,10,-10.439,1.823,0.388,,-10.386,1.261,0.385
192.41,-10.344,1.425,0.298,PATROL,9,10,-10.383,1.843,0.304,,-10.337,1.278,0.301
192.61,-10.281,1.442,0.230,PATROL,9,10,-10.321,1.860,0.236,,-10.274,1.296,0.232
192.81,-10.214,1.456,0.174,PATROL,9,10,-10.256,1.874,0.180,,-10.207,1.310,0.176
193.01,-10.143,1.467,0.129,PATROL,9,10,-10.187,1.885,0.135,,-10.137,1.320,0.131
193.21,-10.070,1.475,0.093,PATROL,9,10,-10.117,1.893,0.099,,-10.064,1.329,0.095
193.41,-9.996,1.481,0.064,PATROL,9,10,-10.044,1.899,0.070,,-9.989,1.335,0.066
193.61,-9.920,1.485,0.041,PATROL,9,10,-9.971,1.904,0.047,,-9.912,1.339,0.042
193.81,-9.856,1.487,0.021,PATROL,9,10,-9.895,1.906,0.027,,-9.848,1.341,0.023
194.01,-9.778,1.488,0.005,PATROL,9,10,-9.819,1.908,0.011,,-9.771,1.342,0.007
194.21,-9.700,1.488,-0.008,PATROL,9,10,-9.742,1.908,-0.002,,-9.693,1.342,-0.007
194.41,-9.621,1.487,-0.019,PATROL,9,10,-9.664,1.908,-0.013,,-9.613,1.341,-0.018
194.61,-9.541,1.485,-0.028,PATROL,9,10,-9.586,1.906,-0.022,,-9.534,1.339,-0.026
194.81,-9.462,1.482,-0.036,PATROL,9,10,-9.507,1.904,-0.029,,-9.455,1.337,-0.034
195.01,-9.382,1.479,-0.042,PATROL,9,10,-9.429,1.902,-0.036,,-9.375,1.334,-0.040
195.21,-9.301,1.475,-0.048,PATROL,9,10,-9.352,1.899,-0.041,,-9.294,1.331,-0.046
195.41,-9.221,1.471,-0.053,PATROL,9,10,-9.271,1.895,-0.046,,-9.214,1.327,-0.051
195.61,-9.140,1.467,-0.057,PATROL,9,10,-9.193,1.891,-0.051,,-9.133,1.322,-0.055
195.81,-9.073,1.463,-0.061,PATROL,9,10,-9.115,1.887,-0.054,,-9.065,1.318,-0.059
196.01,-8.992,1.458,-0.063,PATROL,9,10,-9.035,1.883,-0.057,,-8.984,1.314,-0.061
196.21,-8.911,1.453,-0.066,PATROL,9,10,-8.956,1.879,-0.059,,-8.903,1.309,-0.064
196.41,-8.830,1.447,-0.068,PATROL,9,10,-8.876,1.874,-0.061,,-8.822,1.303,-0.066
196.61,-8.749,1.442,-0.069,PATROL,9,10,-8.797,1.869,-0.063,,-8.740,1.298,-0.067
196.81,-8.667,1.436,-0.071,PATROL,9,10,-8.717,1.864,-0.064,,-8.660,1.292,-0.069
197.01,-8.586,1.430,-0.072,PATROL,9,10,-8.638,1.859,-0.065,,-8.579,1.287,-0.070
197.21,-8.505,1.424,-0.073,PATROL,9,10,-8.557,1.854,-0.066,,-8.498,1.281,-0.071
197.41,-8.437,1.419,-0.073,PATROL,9,10,-8.479,1.848,-0.067,,-8.429,1.276,-0.071
197.61,-8.356,1.413,-0.074,PATROL,9,10,-8.398,1.843,-0.067,,-8.348,1.270,-0.072
197.81,-8.274,1.407,-0.074,PATROL,9,10,-8.319,1.838,-0.068,,-8.266,1.264,-0.072
198.01,-8.193,1.401,-0.075,PATROL,9,10,-8.238,1.832,-0.068,,-8.185,1.258,-0.073
198.21,-8.112,1.395,-0.075,PATROL,10,11,-8.159,1.827,-0.068,,-8.104,1.253,-0.073
198.41,-8.035,1.389,-0.085,PATROL,10,11,-8.083,1.821,-0.079,,-8.027,1.247,-0.083
198.61,-7.958,1.383,-0.070,PATROL,10,11,-8.008,1.816,-0.063,,-7.949,1.241,-0.068
198.81,-7.880,1.378,-0.056,PATROL,10,11,-7.931,1.812,-0.050,,-7.871,1.236,-0.054
199.01,-7.814,1.375,-0.045,PATROL,10,11,-7.855,1.809,-0.039,,-7.805,1.233,-0.043
199.21,-7.735,1.372,-0.036,PATROL,10,11,-7.777,1.806,-0.030,,-7.726,1.230,-0.034
199.41,-7.655,1.369,-0.029,PATROL,10,11,-7.700,1.804,-0.023,,-7.646,1.227,-0.027
199.61,-7.575,1.367,-0.023,PATROL,10,11,-7.620,1.802,-0.017,,-7.566,1.226,-0.021
199.81,-7.495,1.365,-0.018,PATROL,10,11,-7.541,1.801,-0.012,,-7.487,1.224,-0.016
200.01,-7.414,1.364,-0.014,PATROL,10,11,-7.465,1.801,-0.008,,-7.404,1.223,-0.012
200.21,-7.334,1.363,-0.011,PATROL,10,11,-7.385,1.800,-0.004,,-7.324,1.222,-0.009
200.41,-7.266,1.362,-0.008,PATROL,10,11,-7.306,1.800,-0.002,,-7.256,1.222,-0.006
200.61,-7.185,1.362,-0.006,PATROL,10,11,-7.227,1.800,0.001,,-7.175,1.221,-0.004
200.81,-7.104,1.361,-0.004,PATROL,10,11,-7.148,1.800,0.002,,-7.094,1.221,-0.002
201.01,-7.023,1.361,-0.002,PATROL,10,11,-7.068,1.801,0.004,,-7.013,1.221,-0.000
201.21,-6.942,1.361,-0.001,PATROL,10,11,-6.988,1.801,0.006,,-6.932,1.221,0.001
201.41,-6.861,1.361,0.001,PATROL,10,11,-6.909,1.801,0.007,,-6.852,1.221,0.003
201.61,-6.780,1.361,0.002,PATROL,10,11,-6.829,1.802,0.009,,-6.770,1.221,0.004
201.81,-6.698,1.361,0.004,PATROL,10,11,-6.751,1.803,0.010,,-6.688,1.222,0.006
202.01,-6.617,1.362,0.005,PATROL,10,11,-6.670,1.804,0.012,,-6.607,1.222,0.007
202.21,-6.549,1.362,0.006,PATROL,10,11,-6.590,1.805,0.013,,-6.540,1.223,0.008
202.41,-6.468,1.363,0.007,PATROL,10,11,-6.510,1.806,0.014,,-6.458,1.224,0.009
202.61,-6.386,1.363,0.008,PATROL,10,11,-6.430,1.807,0.014,,-6.376,1.224,0.010
202.81,-6.305,1.364,0.008,PATROL,10,11,-6.351,1.808,0.015,,-6.295,1.225,0.010
203.01,-6.223,1.365,0.009,PATROL,10,11,-6.271,1.809,0.015,,-6.213,1.226,0.011
203.21,-6.142,1.365,0.009,PATROL,10,11,-6.191,1.810,0.015,,-6.131,1.227,0.011
203.41,-6.060,1.366,0.009,PATROL,10,11,-6.111,1.812,0.016,,-6.050,1.228,0.011
203.61,-5.978,1.367,0.009,PATROL,10,11,-6.031,1.813,0.016,,-5.969,1.229,0.012
203.81,-5.910,1.367,0.010,PATROL,10,11,-5.952,1.814,0.016,,-5.900,1.230,0.012
204.01,-5.829,1.368,0.010,PATROL,10,11,-5.871,1.815,0.016,,-5.818,1.231,0.012
204.21,-5.747,1.369,0.010,PATROL,10,11,-5.792,1.817,0.016,,-5.737,1.232,0.012
204.41,-5.666,1.370,0.010,PATROL,10,11,-5.712,1.818,0.016,,-5.655,1.233,0.012
204.61,-5.584,1.371,0.010,PATROL,10,11,-5.632,1.819,0.016,,-5.574,1.234,0.012
204.81,-5.503,1.371,0.010,PATROL,10,11,-5.552,1.821,0.016,,-5.492,1.235,0.012
205.01,-5.421,1.372,0.010,PATROL,10,11,-5.473,1.822,0.016,,-5.410,1.235,0.012
205.21,-5.353,1.373,0.009,PATROL,11,12,-5.393,1.823,0.016,,-5.341,1.236,0.012
205.41,-5.272,1.374,0.009,PATROL,11,12,-5.313,1.824,0.015,,-5.261,1.237,0.011
205.61,-5.191,1.374,0.007,PATROL,11,12,-5.235,1.825,0.014,,-5.178,1.238,0.009
205.81,-5.109,1.375,0.006,PATROL,11,12,-5.154,1.826,0.012,,-5.097,1.239,0.008
206.01,-5.035,1.375,0.012,ALIGN,11,12,-5.081,1.827,0.018,ball_9,-5.023,1.239,0.014
206.21,-4.998,1.376,0.027,ALIGN,11,12,-5.045,1.828,0.034,ball_9,-4.986,1.240,0.029
206.41,-4.992,1.376,0.097,ALIGN,11,12,-5.038,1.829,0.104,ball_9,-4.980,1.240,0.099
206.61,-4.992,1.376,0.205,ALIGN,11,12,-5.038,1.829,0.212,ball_9,-4.980,1.240,0.207
206.81,-4.992,1.376,0.313,ALIGN,11,12,-5.037,1.829,0.320,ball_9,-4.980,1.240,0.316
207.01,-4.992,1.376,0.422,ALIGN,11,12,-5.037,1.829,0.429,ball_9,-4.980,1.240,0.424
207.21,-4.992,1.376,0.513,ALIGN,11,12,-5.036,1.829,0.520,ball_9,-4.980,1.240,0.516
207.41,-4.992,1.376,0.572,ALIGN,11,12,-5.036,1.829,0.579,ball_9,-4.980,1.240,0.575
207.61,-4.992,1.376,0.615,APPROACH,11,12,-5.036,1.830,0.622,ball_9,-4.980,1.240,0.618
207.81,-4.975,1.389,0.679,APPROACH,11,12,-5.020,1.842,0.686,ball_9,-4.963,1.254,0.682
208.01,-4.933,1.425,0.703,APPROACH,11,12,-4.979,1.878,0.710,ball_9,-4.922,1.289,0.706
208.21,-4.886,1.464,0.700,APPROACH,11,12,-4.934,1.916,0.707,ball_9,-4.875,1.329,0.703
208.41,-4.840,1.504,0.698,APPROACH,11,12,-4.888,1.955,0.705,ball_9,-4.828,1.368,0.701
208.61,-4.800,1.536,0.696,APPROACH,11,12,-4.843,1.994,0.703,ball_9,-4.790,1.401,0.700
208.81,-4.754,1.575,0.695,APPROACH,11,12,-4.797,2.033,0.702,ball_9,-4.743,1.440,0.698
209.01,-4.706,1.615,0.693,APPROACH,11,12,-4.751,2.071,0.700,ball_9,-4.695,1.480,0.697
209.21,-4.659,1.654,0.693,APPROACH,11,12,-4.705,2.110,0.699,ball_9,-4.648,1.519,0.696
209.41,-4.612,1.693,0.692,APPROACH,11,12,-4.659,2.148,0.699,ball_9,-4.602,1.558,0.695
209.61,-4.565,1.732,0.691,APPROACH,11,12,-4.614,2.187,0.698,ball_9,-4.554,1.597,0.694
209.81,-4.518,1.771,0.690,APPROACH,11,12,-4.568,2.225,0.697,ball_9,-4.507,1.637,0.693
210.01,-4.471,1.810,0.689,APPROACH,11,12,-4.522,2.263,0.696,ball_9,-4.460,1.675,0.692
210.21,-4.431,1.842,0.688,APPROACH,11,12,-4.476,2.302,0.696,ball_9,-4.421,1.708,0.692
210.41,-4.384,1.881,0.688,APPROACH,11,12,-4.430,2.340,0.695,ball_9,-4.374,1.747,0.691
210.61,-4.337,1.920,0.687,APPROACH,11,12,-4.384,2.378,0.695,ball_9,-4.327,1.786,0.691
210.81,-4.289,1.959,0.687,APPROACH,11,12,-4.338,2.417,0.694,ball_9,-4.279,1.825,0.690
211.01,-4.242,1.997,0.687,APPROACH,11,12,-4.292,2.455,0.694,ball_9,-4.232,1.864,0.690
211.21,-4.195,2.036,0.686,APPROACH,11,12,-4.246,2.493,0.694,ball_9,-4.185,1.903,0.690
211.41,-4.147,2.075,0.686,APPROACH,11,12,-4.201,2.531,0.693,ball_9,-4.137,1.943,0.689
211.61,-4.100,2.114,0.685,APPROACH,11,12,-4.154,2.570,0.693,ball_9,-4.091,1.981,0.689
211.81,-4.061,2.146,0.685,APPROACH,11,12,-4.108,2.608,0.693,ball_9,-4.051,2.014,0.689
212.01,-4.013,2.185,0.685,APPROACH,11,12,-4.062,2.646,0.692,ball_9,-4.004,2.052,0.688
212.21,-3.966,2.224,0.685,APPROACH,11,12,-4.016,2.684,0.692,ball_9,-3.957,2.091,0.688
212.41,-3.918,2.262,0.684,APPROACH,11,12,-3.970,2.723,0.692,ball_9,-3.909,2.130,0.688
212.61,-3.871,2.301,0.684,APPROACH,11,12,-3.924,2.761,0.692,ball_9,-3.862,2.169,0.688
212.81,-3.824,2.340,0.684,APPROACH,11,12,-3.878,2.799,0.692,ball_9,-3.814,2.208,0.687
213.01,-3.776,2.378,0.684,APPROACH,11,12,-3.832,2.837,0.691,ball_9,-3.767,2.247,0.687
213.21,-3.729,2.417,0.684,APPROACH,11,12,-3.785,2.875,0.691,ball_9,-3.720,2.286,0.687
213.41,-3.681,2.456,0.683,APPROACH,11,12,-3.739,2.914,0.691,ball_9,-3.672,2.325,0.687
213.61,-3.642,2.488,0.683,APPROACH,11,12,-3.693,2.952,0.691,ball_9,-3.633,2.357,0.687
213.81,-3.594,2.526,0.683,APPROACH,11,12,-3.648,2.989,0.691,ball_9,-3.585,2.396,0.686
214.01,-3.547,2.565,0.683,APPROACH,11,12,-3.601,3.028,0.691,ball_9,-3.538,2.435,0.686
214.21,-3.499,2.604,0.683,APPROACH,11,12,-3.555,3.066,0.691,ball_9,-3.490,2.474,0.686
214.41,-3.452,2.642,0.682,APPROACH,11,12,-3.509,3.104,0.690,ball_9,-3.443,2.512,0.686
214.61,-3.404,2.681,0.682,APPROACH,11,12,-3.463,3.142,0.690,ball_9,-3.396,2.551,0.686
214.81,-3.357,2.719,0.682,APPROACH,11,12,-3.416,3.181,0.690,ball_9,-3.349,2.589,0.686
215.01,-3.309,2.758,0.682,APPROACH,11,12,-3.370,3.218,0.690,ball_9,-3.301,2.628,0.685
215.21,-3.270,2.790,0.682,APPROACH,11,12,-3.324,3.257,0.690,ball_9,-3.262,2.661,0.685
215.41,-3.222,2.829,0.682,APPROACH,11,12,-3.278,3.295,0.690,ball_9,-3.214,2.699,0.685
215.61,-3.175,2.867,0.681,APPROACH,11,12,-3.232,3.333,0.690,ball_9,-3.167,2.738,0.685
215.81,-3.127,2.906,0.681,APPROACH,11,12,-3.186,3.371,0.689,ball_9,-3.119,2.777,0.685
216.01,-3.080,2.944,0.681,APPROACH,11,12,-3.139,3.409,0.689,ball_9,-3.072,2.816,0.684
216.21,-3.032,2.983,0.681,APPROACH,11,12,-3.093,3.447,0.689,ball_9,-3.024,2.854,0.684
216.41,-2.984,3.021,0.681,APPROACH,11,12,-3.047,3.485,0.689,ball_9,-2.977,2.893,0.684
216.61,-2.937,3.060,0.680,APPROACH,11,12,-3.001,3.523,0.689,ball_9,-2.930,2.932,0.684
216.81,-2.897,3.092,0.680,APPROACH,11,12,-2.955,3.561,0.688,ball_9,-2.890,2.964,0.684
217.01,-2.850,3.130,0.680,APPROACH,11,12,-2.908,3.599,0.688,ball_9,-2.843,3.002,0.683
217.21,-2.802,3.169,0.680,APPROACH,11,12,-2.862,3.637,0.688,ball_9,-2.795,3.041,0.683
217.41,-2.754,3.207,0.679,APPROACH,11,12,-2.816,3.675,0.688,ball_9,-2.748,3.080,0.683
217.61,-2.707,3.246,0.679,APPROACH,11,12,-2.769,3.713,0.687,ball_9,-2.700,3.118,0.682
217.81,-2.659,3.284,0.679,APPROACH,11,12,-2.724,3.751,0.687,ball_9,-2.652,3.157,0.682
218.01,-2.611,3.323,0.678,APPROACH,11,12,-2.677,3.789,0.687,ball_9,-2.605,3.196,0.682
218.21,-2.564,3.361,0.678,APPROACH,11,12,-2.631,3.827,0.686,ball_9,-2.557,3.234,0.681
218.41,-2.524,3.393,0.677,APPROACH,11,12,-2.584,3.865,0.686,ball_9,-2.518,3.266,0.681
218.61,-2.476,3.431,0.677,APPROACH,11,12,-2.539,3.902,0.685,ball_9,-2.470,3.305,0.680
218.81,-2.429,3.470,0.676,APPROACH,11,12,-2.493,3.940,0.685,ball_9,-2.422,3.344,0.679
219.01,-2.381,3.508,0.675,APPROACH,11,12,-2.446,3.978,0.684,ball_9,-2.374,3.382,0.678
219.21,-2.333,3.546,0.674,APPROACH,11,12,-2.400,4.015,0.683,ball_9,-2.326,3.421,0.677
219.41,-2.285,3.584,0.679,APPROACH,11,12,-2.354,4.053,0.688,,-2.279,3.460,0.683
219.61,-2.238,3.623,0.684,BLIND_DASH,11,12,-2.307,4.091,0.693,,-2.231,3.498,0.688
219.81,-2.190,3.662,0.685,BLIND_DASH,11,12,-2.261,4.130,0.694,,-2.184,3.537,0.688
220.01,-2.151,3.694,0.685,BLIND_DASH,11,12,-2.215,4.168,0.694,,-2.145,3.569,0.688
220.21,-2.104,3.733,0.685,BLIND_DASH,11,12,-2.169,4.207,0.694,,-2.098,3.608,0.688
220.41,-2.056,3.771,0.685,BLIND_DASH,11,12,-2.123,4.245,0.694,,-2.050,3.647,0.689
220.61,-2.009,3.810,0.685,BLIND_DASH,11,12,-2.077,4.283,0.695,,-2.003,3.686,0.689
220.81,-1.961,3.849,0.686,BLIND_DASH,11,12,-2.031,4.321,0.695,,-1.956,3.725,0.689
221.01,-1.914,3.888,0.686,BLIND_DASH,11,12,-1.987,4.359,0.695,,-1.907,3.765,0.689
221.21,-1.867,3.926,0.686,BLIND_DASH,11,12,-1.940,4.398,0.695,,-1.861,3.803,0.689
221.41,-1.819,3.965,0.686,BLIND_DASH,11,12,-1.894,4.436,0.696,,-1.814,3.842,0.690
221.61,-1.780,3.998,0.687,PATROL,11,12,-1.848,4.475,0.696,,-1.775,3.874,0.690
221.81,-1.736,4.034,0.685,PATROL,11,12,-1.806,4.509,0.695,,-1.730,3.911,0.688
222.01,-1.718,4.048,0.670,PATROL,11,12,-1.790,4.523,0.679,,-1.713,3.925,0.673
222.21,-1.717,4.049,0.569,PATROL,11,12,-1.789,4.523,0.578,,-1.712,3.926,0.572
222.41,-1.717,4.049,0.459,PATROL,11,12,-1.789,4.523,0.467,,-1.712,3.926,0.461
222.61,-1.717,4.049,0.348,PATROL,11,12,-1.790,4.523,0.357,,-1.712,3.926,0.351
222.81,-1.717,4.049,0.237,PATROL,11,12,-1.790,4.523,0.246,,-1.712,3.926,0.240
223.01,-1.717,4.049,0.128,PATROL,11,12,-1.790,4.523,0.136,,-1.712,3.926,0.130
223.21,-1.717,4.049,0.017,PATROL,11,12,-1.790,4.523,0.026,,-1.712,3.926,0.018
223.41,-1.717,4.049,-0.094,PATROL,11,12,-1.790,4.523,-0.085,,-1.712,3.926,-0.092
223.61,-1.717,4.049,-0.203,PATROL,11,12,-1.791,4.523,-0.194,,-1.712,3.926,-0.203
223.81,-1.716,4.048,-0.314,PATROL,11,12,-1.790,4.523,-0.306,,-1.711,3.925,-0.313
224.01,-1.710,4.046,-0.426,PATROL,11,12,-1.784,4.520,-0.417,,-1.704,3.923,-0.424
224.21,-1.699,4.040,-0.537,PATROL,11,12,-1.773,4.515,-0.527,,-1.694,3.917,-0.535
224.41,-1.684,4.030,-0.645,PATROL,11,12,-1.759,4.506,-0.636,,-1.679,3.907,-0.644
224.61,-1.666,4.015,-0.757,PATROL,11,12,-1.742,4.491,-0.749,,-1.661,3.892,-0.756
224.81,-1.647,3.994,-0.868,PATROL,11,12,-1.723,4.471,-0.858,,-1.642,3.871,-0.865
225.01,-1.630,3.972,-0.977,PATROL,11,12,-1.703,4.446,-0.968,,-1.625,3.849,-0.975
225.21,-1.610,3.939,-1.086,PATROL,11,12,-1.684,4.414,-1.077,,-1.604,3.816,-1.084
225.41,-1.592,3.899,-1.197,PATROL,11,12,-1.666,4.375,-1.188,,-1.586,3.776,-1.196
225.62,-1.576,3.853,-1.307,PATROL,11,12,-1.650,4.330,-1.297,,-1.571,3.729,-1.306
225.81,-1.565,3.799,-1.413,PATROL,11,12,-1.639,4.280,-1.404,,-1.559,3.677,-1.412
226.01,-1.559,3.740,-1.507,PATROL,11,12,-1.633,4.223,-1.498,,-1.553,3.617,-1.507
226.21,-1.558,3.677,-1.585,PATROL,11,12,-1.631,4.161,-1.576,,-1.552,3.554,-1.584
226.41,-1.560,3.621,-1.646,PATROL,11,12,-1.633,4.097,-1.637,,-1.554,3.497,-1.647
226.61,-1.567,3.552,-1.696,PATROL,11,12,-1.639,4.030,-1.687,,-1.561,3.426,-1.697
226.81,-1.577,3.481,-1.738,PATROL,11,12,-1.649,3.959,-1.729,,-1.571,3.357,-1.738
227.01,-1.591,3.408,-1.771,PATROL,11,12,-1.662,3.888,-1.762,,-1.585,3.284,-1.772
227.21,-1.607,3.335,-1.799,PATROL,11,12,-1.676,3.817,-1.790,,-1.601,3.210,-1.800
227.41,-1.625,3.261,-1.822,PATROL,11,12,-1.693,3.743,-1.813,,-1.619,3.137,-1.823
227.61,-1.645,3.186,-1.841,PATROL,11,12,-1.712,3.670,-1.832,,-1.639,3.062,-1.842
227.81,-1.667,3.111,-1.856,PATROL,11,12,-1.732,3.596,-1.847,,-1.661,2.987,-1.857
228.01,-1.685,3.048,-1.869,PATROL,11,12,-1.754,3.522,-1.860,,-1.680,2.924,-1.870
228.21,-1.709,2.972,-1.880,PATROL,11,12,-1.776,3.448,-1.870,,-1.703,2.849,-1.880
228.41,-1.734,2.897,-1.888,PATROL,11,12,-1.800,3.374,-1.879,,-1.728,2.773,-1.889
228.61,-1.759,2.821,-1.895,PATROL,11,12,-1.823,3.299,-1.886,,-1.753,2.696,-1.896
228.81,-1.785,2.745,-1.902,PATROL,11,12,-1.848,3.224,-1.892,,-1.779,2.621,-1.902
229.01,-1.811,2.669,-1.906,PATROL,11,12,-1.873,3.151,-1.897,,-1.806,2.544,-1.907
229.21,-1.834,2.604,-1.931,ALIGN,11,12,-1.895,3.086,-1.922,ball_15,-1.829,2.478,-1.932
229.41,-1.843,2.581,-1.973,ALIGN,11,12,-1.905,3.059,-1.964,ball_15,-1.838,2.455,-1.973
229.61,-1.846,2.574,-1.907,ALIGN,11,12,-1.908,3.053,-1.897,ball_6,-1.841,2.448,-1.907
229.81,-1.846,2.574,-1.797,ALIGN,11,12,-1.908,3.053,-1.788,ball_15,-1.841,2.448,-1.798
230.01,-1.846,2.574,-1.689,ALIGN,11,12,-1.908,3.052,-1.679,ball_6,-1.841,2.448,-1.690
230.21,-1.846,2.574,-1.585,ALIGN,11,12,-1.908,3.052,-1.576,ball_15,-1.841,2.448,-1.586
230.41,-1.846,2.574,-1.514,ALIGN,11,12,-1.908,3.051,-1.504,ball_6,-1.841,2.448,-1.512
230.61,-1.846,2.574,-1.467,APPROACH,11,12,-1.908,3.051,-1.458,ball_6,-1.841,2.448,-1.466
230.81,-1.845,2.568,-1.415,APPROACH,11,12,-1.907,3.046,-1.406,ball_6,-1.841,2.442,-1.414
231.01,-1.837,2.526,-1.355,APPROACH,11,12,-1.899,3.008,-1.346,ball_6,-1.832,2.401,-1.354
231.21,-1.826,2.477,-1.363,APPROACH,11,12,-1.886,2.950,-1.354,ball_6,-1.822,2.352,-1.361
231.41,-1.814,2.417,-1.363,APPROACH,11,12,-1.873,2.892,-1.355,ball_6,-1.809,2.291,-1.362
231.61,-1.801,2.357,-1.366,APPROACH,11,12,-1.860,2.834,-1.357,ball_6,-1.796,2.231,-1.364
231.81,-1.789,2.297,-1.368,APPROACH,11,12,-1.848,2.775,-1.359,ball_6,-1.784,2.172,-1.366
232.01,-1.777,2.237,-1.369,APPROACH,11,12,-1.835,2.717,-1.360,ball_6,-1.771,2.112,-1.368
232.21,-1.764,2.177,-1.371,APPROACH,11,12,-1.823,2.658,-1.362,ball_6,-1.759,2.052,-1.369
232.41,-1.752,2.117,-1.372,APPROACH,11,12,-1.810,2.599,-1.363,ball_6,-1.747,1.991,-1.371
232.61,-1.740,2.057,-1.373,APPROACH,11,12,-1.798,2.540,-1.364,ball_6,-1.735,1.932,-1.372
232.81,-1.730,2.007,-1.374,APPROACH,11,12,-1.786,2.481,-1.365,ball_6,-1.725,1.882,-1.373
233.01,-1.718,1.947,-1.375,APPROACH,11,12,-1.773,2.423,-1.366,ball_6,-1.713,1.822,-1.374
233.21,-1.706,1.887,-1.376,APPROACH,11,12,-1.762,2.365,-1.367,ball_6,-1.700,1.760,-1.375
233.41,-1.695,1.827,-1.377,APPROACH,11,12,-1.749,2.306,-1.368,ball_6,-1.689,1.701,-1.376
233.61,-1.683,1.767,-1.378,APPROACH,11,12,-1.737,2.247,-1.369,ball_6,-1.677,1.641,-1.376
233.81,-1.671,1.707,-1.378,APPROACH,11,12,-1.725,2.188,-1.369,ball_6,-1.665,1.581,-1.377
234.01,-1.659,1.647,-1.379,APPROACH,11,12,-1.713,2.130,-1.370,ball_6,-1.653,1.521,-1.378
234.21,-1.648,1.587,-1.379,APPROACH,11,12,-1.701,2.071,-1.370,ball_6,-1.642,1.461,-1.378
234.41,-1.638,1.537,-1.380,APPROACH,11,12,-1.689,2.012,-1.371,ball_6,-1.632,1.411,-1.378
234.61,-1.626,1.477,-1.380,APPROACH,11,12,-1.678,1.954,-1.371,ball_6,-1.620,1.351,-1.379
234.81,-1.615,1.417,-1.380,APPROACH,11,12,-1.666,1.895,-1.372,ball_6,-1.608,1.290,-1.379
235.01,-1.603,1.356,-1.381,APPROACH,11,12,-1.654,1.836,-1.372,ball_6,-1.597,1.230,-1.379
235.21,-1.592,1.296,-1.381,APPROACH,11,12,-1.642,1.777,-1.372,ball_6,-1.585,1.170,-1.380
235.41,-1.580,1.236,-1.381,APPROACH,11,12,-1.630,1.719,-1.372,ball_6,-1.574,1.110,-1.380
235.61,-1.569,1.176,-1.382,APPROACH,11,12,-1.618,1.659,-1.373,ball_6,-1.562,1.050,-1.380
235.81,-1.557,1.116,-1.382,APPROACH,11,12,-1.607,1.601,-1.373,ball_6,-1.550,0.990,-1.380
236.01,-1.548,1.066,-1.382,APPROACH,11,12,-1.595,1.542,-1.373,ball_6,-1.541,0.939,-1.381
236.21,-1.536,1.006,-1.382,APPROACH,11,12,-1.583,1.483,-1.373,ball_6,-1.529,0.880,-1.381
236.41,-1.525,0.946,-1.382,APPROACH,11,12,-1.571,1.424,-1.374,ball_6,-1.518,0.820,-1.381
236.61,-1.513,0.886,-1.383,APPROACH,11,12,-1.560,1.366,-1.374,ball_6,-1.506,0.759,-1.381
236.81,-1.502,0.825,-1.383,APPROACH,11,12,-1.548,1.306,-1.374,ball_6,-1.494,0.699,-1.382
237.01,-1.490,0.765,-1.383,APPROACH,11,12,-1.536,1.248,-1.374,ball_6,-1.483,0.639,-1.382
237.21,-1.479,0.705,-1.383,APPROACH,11,12,-1.524,1.189,-1.374,ball_6,-1.471,0.579,-1.382
237.41,-1.467,0.645,-1.383,APPROACH,11,12,-1.513,1.130,-1.374,ball_6,-1.460,0.519,-1.382
237.61,-1.458,0.595,-1.384,APPROACH,11,12,-1.501,1.072,-1.375,ball_6,-1.450,0.469,-1.382
237.81,-1.447,0.535,-1.384,APPROACH,11,12,-1.489,1.013,-1.375,ball_6,-1.439,0.408,-1.383
238.01,-1.435,0.475,-1.384,APPROACH,11,12,-1.478,0.954,-1.375,ball_6,-1.427,0.347,-1.383
238.21,-1.424,0.415,-1.384,APPROACH,11,12,-1.466,0.896,-1.375,ball_6,-1.416,0.287,-1.383
238.41,-1.413,0.354,-1.384,APPROACH,11,12,-1.455,0.837,-1.376,ball_6,-1.405,0.227,-1.383
238.61,-1.401,0.294,-1.385,APPROACH,11,12,-1.443,0.778,-1.376,ball_6,-1.393,0.167,-1.384
238.81,-1.390,0.234,-1.385,APPROACH,11,12,-1.432,0.720,-1.376,ball_6,-1.382,0.107,-1.384
239.01,-1.379,0.174,-1.385,APPROACH,11,12,-1.420,0.660,-1.376,ball_6,-1.370,0.047,-1.384
239.21,-1.369,0.124,-1.386,APPROACH,11,12,-1.408,0.601,-1.377,ball_6,-1.361,-0.003,-1.384
239.41,-1.358,0.064,-1.386,APPROACH,11,12,-1.397,0.542,-1.377,ball_6,-1.350,-0.063,-1.385
239.61,-1.347,0.004,-1.386,APPROACH,11,12,-1.385,0.484,-1.377,ball_6,-1.338,-0.123,-1.385
239.81,-1.335,-0.057,-1.387,APPROACH,11,12,-1.374,0.426,-1.378,ball_6,-1.327,-0.183,-1.386
240.01,-1.324,-0.117,-1.387,APPROACH,11,12,-1.363,0.368,-1.379,ball_6,-1.315,-0.247,-1.386
240.21,-1.313,-0.177,-1.388,APPROACH,11,12,-1.351,0.309,-1.379,ball_6,-1.304,-0.305,-1.387
240.41,-1.302,-0.237,-1.389,APPROACH,11,12,-1.340,0.249,-1.380,ball_6,-1.293,-0.365,-1.388
240.61,-1.291,-0.297,-1.390,APPROACH,11,12,-1.328,0.190,-1.381,,-1.282,-0.425,-1.389
240.81,-1.282,-0.348,-1.391,APPROACH,11,12,-1.317,0.131,-1.382,,-1.273,-0.475,-1.390
241.01,-1.271,-0.408,-1.392,BLIND_DASH,11,12,-1.306,0.074,-1.383,,-1.262,-0.537,-1.390
241.21,-1.260,-0.468,-1.391,BLIND_DASH,11,12,-1.295,0.014,-1.382,,-1.251,-0.597,-1.390
241.41,-1.249,-0.528,-1.391,BLIND_DASH,11,12,-1.284,-0.044,-1.382,,-1.240,-0.657,-1.390
241.61,-1.238,-0.588,-1.391,BLIND_DASH,11,12,-1.272,-0.103,-1.382,,-1.229,-0.717,-1.390
241.81,-1.227,-0.649,-1.391,BLIND_DASH,11,12,-1.261,-0.163,-1.382,,-1.218,-0.778,-1.390
242.01,-1.216,-0.709,-1.391,BLIND_DASH,11,12,-1.250,-0.221,-1.382,,-1.206,-0.838,-1.389
242.21,-1.207,-0.759,-1.390,BLIND_DASH,11,12,-1.239,-0.280,-1.381,,-1.197,-0.888,-1.389
242.41,-1.196,-0.819,-1.390,BLIND_DASH,11,12,-1.227,-0.338,-1.381,,-1.186,-0.948,-1.389
242.61,-1.185,-0.879,-1.390,BLIND_DASH,11,12,-1.216,-0.398,-1.381,,-1.175,-1.009,-1.389
242.81,-1.174,-0.940,-1.390,BLIND_DASH,11,12,-1.205,-0.456,-1.381,,-1.164,-1.069,-1.389
243.01,-1.163,-1.000,-1.390,PATROL,11,12,-1.193,-0.515,-1.381,,-1.153,-1.129,-1.389
243.22,-1.153,-1.054,-1.398,PATROL,11,12,-1.183,-0.569,-1.389,,-1.143,-1.184,-1.398
243.41,-1.150,-1.074,-1.424,PATROL,11,12,-1.180,-0.589,-1.415,,-1.140,-1.203,-1.423
243.61,-1.150,-1.074,-1.526,PATROL,11,12,-1.180,-0.590,-1.518,,-1.140,-1.204,-1.526
243.81,-1.150,-1.074,-1.637,PATROL,11,12,-1.180,-0.590,-1.629,,-1.140,-1.204,-1.637
244.01,-1.150,-1.074,-1.749,PATROL,11,12,-1.180,-0.589,-1.740,,-1.140,-1.204,-1.747
244.21,-1.150,-1.074,-1.859,PATROL,11,12,-1.180,-0.589,-1.850,,-1.140,-1.204,-1.858
244.41,-1.150,-1.074,-1.970,PATROL,11,12,-1.179,-0.589,-1.962,,-1.140,-1.204,-1.969
244.61,-1.150,-1.074,-2.081,PATROL,11,12,-1.179,-0.589,-2.072,,-1.140,-1.204,-2.080
244.81,-1.150,-1.074,-2.191,PATROL,11,12,-1.179,-0.589,-2.183,,-1.140,-1.204,-2.190
245.01,-1.150,-1.074,-2.301,PATROL,11,12,-1.179,-0.588,-2.293,,-1.140,-1.204,-2.300
245.21,-1.150,-1.074,-2.411,PATROL,11,12,-1.179,-0.588,-2.403,,-1.140,-1.204,-2.411
245.41,-1.150,-1.074,-2.522,PATROL,11,12,-1.179,-0.588,-2.514,,-1.140,-1.204,-2.522
245.61,-1.150,-1.074,-2.633,PATROL,11,12,-1.179,-0.588,-2.624,,-1.140,-1.204,-2.632
245.81,-1.150,-1.074,-2.742,PATROL,11,12,-1.179,-0.588,-2.733,,-1.140,-1.204,-2.743
246.01,-1.153,-1.075,-2.853,PATROL,11,12,-1.181,-0.589,-2.845,,-1.142,-1.205,-2.853
246.21,-1.161,-1.077,-2.963,PATROL,11,12,-1.189,-0.591,-2.955,,-1.151,-1.207,-2.963
246.41,-1.165,-1.078,-3.074,PATROL,11,12,-1.203,-0.592,-3.065,,-1.155,-1.208,-3.073
246.61,-1.165,-1.078,3.099,PATROL,11,12,-1.222,-0.593,3.108,,-1.155,-1.208,-3.184
246.81,-1.165,-1.078,2.989,PATROL,11,12,-1.246,-0.590,2.997,,-1.155,-1.208,-3.294
247.01,-1.165,-1.078,2.881,PATROL,11,12,-1.276,-0.585,2.890,,-1.155,-1.208,-3.404
247.21,-1.165,-1.078,2.770,PATROL,11,12,-1.310,-0.574,2.779,,-1.155,-1.208,-3.513
247.41,-1.165,-1.078,2.662,PATROL,11,12,-1.348,-0.557,2.670,,-1.155,-1.208,-3.622
247.61,-1.165,-1.078,2.553,PATROL,11,12,-1.388,-0.533,2.562,,-1.155,-1.208,-3.732
247.81,-1.165,-1.078,2.442,PATROL,11,12,-1.430,-0.502,2.451,,-1.155,-1.208,-3.841
248.01,-1.165,-1.078,2.347,PATROL,11,12,-1.472,-0.464,2.356,,-1.155,-1.208,-3.936
248.21,-1.165,-1.078,2.272,PATROL,11,12,-1.515,-0.417,2.281,,-1.155,-1.208,-4.011
248.41,-1.165,-1.078,2.215,PATROL,11,12,-1.556,-0.366,2.224,,-1.155,-1.208,-4.068
248.61,-1.165,-1.078,2.169,PATROL,11,12,-1.598,-0.309,2.178,,-1.155,-1.208,-4.114
248.81,-1.165,-1.078,2.134,PATROL,11,12,-1.637,-0.250,2.143,,-1.155,-1.208,-4.149
249.01,-1.165,-1.078,2.106,PATROL,11,12,-1.675,-0.189,2.115,,-1.155,-1.208,-4.177
249.21,-1.165,-1.078,2.084,PATROL,11,12,-1.714,-0.124,2.093,,-1.155,-1.208,-4.200
249.41,-1.165,-1.078,2.066,PATROL,11,12,-1.751,-0.058,2.075,,-1.155,-1.208,-4.217
249.61,-1.165,-1.078,2.053,PATROL,11,12,-1.787,0.009,2.062,,-1.155,-1.208,-4.231
249.81,-1.165,-1.078,2.042,PATROL,11,12,-1.823,0.077,2.051,,-1.155,-1.208,-4.242
250.01,-1.165,-1.078,2.033,PATROL,11,12,-1.859,0.147,2.042,,-1.155,-1.208,-4.250
250.21,-1.165,-1.078,2.026,PATROL,11,12,-1.894,0.217,2.036,,-1.155,-1.208,-4.257
250.41,-1.165,-1.078,2.021,PATROL,11,12,-1.929,0.286,2.030,,-1.155,-1.208,-4.262
250.61,-1.165,-1.078,2.017,PATROL,11,12,-1.964,0.357,2.026,,-1.155,-1.208,-4.267
250.81,-1.165,-1.078,2.014,PATROL,11,12,-1.998,0.426,2.023,,-1.155,-1.208,-4.270
251.01,-1.165,-1.078,2.011,PATROL,11,12,-2.033,0.499,2.020,,-1.155,-1.208,-4.272
251.21,-1.165,-1.078,2.009,PATROL,11,12,-2.067,0.571,2.018,,-1.155,-1.208,-4.274
251.41,-1.165,-1.078,2.007,PATROL,11,12,-2.101,0.642,2.017,,-1.155,-1.208,-4.276
251.61,-1.165,-1.078,2.006,PATROL,11,12,-2.136,0.715,2.015,,-1.155,-1.208,-4.277
251.81,-1.165,-1.078,2.005,PATROL,11,12,-2.170,0.786,2.014,,-1.155,-1.208,-4.278
252.01,-1.165,-1.078,2.004,PATROL,11,12,-2.204,0.858,2.013,,-1.155,-1.208,-4.279
252.21,-1.165,-1.078,2.004,PATROL,11,12,-2.238,0.929,2.013,,-1.155,-1.208,-4.280
252.41,-1.165,-1.078,2.003,PATROL,11,12,-2.272,1.003,2.012,,-1.155,-1.208,-4.280
252.61,-1.165,-1.078,2.003,PATROL,11,12,-2.306,1.074,2.012,,-1.155,-1.208,-4.281
252.81,-1.165,-1.078,2.002,PATROL,11,12,-2.340,1.146,2.012,,-1.155,-1.208,-4.281
253.01,-1.165,-1.078,2.002,PATROL,11,12,-2.374,1.218,2.011,,-1.155,-1.208,-4.281
253.21,-1.165,-1.078,2.002,PATROL,11,12,-2.408,1.290,2.011,,-1.155,-1.208,-4.281
253.41,-1.165,-1.078,2.002,PATROL,11,12,-2.442,1.362,2.011,,-1.155,-1.208,-4.282
253.61,-1.165,-1.078,2.002,PATROL,11,12,-2.476,1.434,2.011,,-1.155,-1.208,-4.282
253.81,-1.165,-1.078,2.002,PATROL,11,12,-2.510,1.507,2.011,,-1.155,-1.208,-4.282
254.01,-1.165,-1.078,2.002,PATROL,11,12,-2.544,1.579,2.011,,-1.155,-1.208,-4.282
254.21,-1.165,-1.078,2.002,PATROL,11,12,-2.577,1.650,2.011,,-1.155,-1.208,-4.282
254.41,-1.165,-1.078,2.001,PATROL,11,12,-2.611,1.723,2.011,,-1.155,-1.208,-4.282
254.61,-1.165,-1.078,2.001,PATROL,11,12,-2.645,1.794,2.011,,-1.155,-1.208,-4.282
254.81,-1.165,-1.078,2.001,PATROL,11,12,-2.678,1.865,2.011,,-1.155,-1.208,-4.282
255.01,-1.165,-1.078,2.001,PATROL,11,12,-2.713,1.938,2.011,,-1.155,-1.208,-4.282
255.22,-1.165,-1.078,2.001,PATROL,11,12,-2.747,2.011,2.010,,-1.155,-1.208,-4.282
255.41,-1.165,-1.078,2.001,PATROL,11,12,-2.781,2.083,2.011,,-1.155,-1.208,-4.282
255.61,-1.165,-1.078,2.001,PATROL,11,12,-2.815,2.155,2.011,,-1.155,-1.208,-4.282
255.81,-1.165,-1.078,2.001,PATROL,11,12,-2.848,2.227,2.011,,-1.155,-1.208,-4.282
256.01,-1.165,-1.078,2.001,PATROL,11,12,-2.883,2.300,2.011,,-1.155,-1.208,-4.282
256.21,-1.165,-1.078,2.001,PATROL,11,12,-2.916,2.370,2.011,,-1.155,-1.208,-4.282
256.41,-1.165,-1.078,2.001,PATROL,11,12,-2.950,2.442,2.011,,-1.155,-1.208,-4.282
256.61,-1.165,-1.078,2.001,PATROL,11,12,-2.984,2.515,2.010,,-1.155,-1.208,-4.282
256.81,-1.165,-1.078,2.001,PATROL,11,12,-3.018,2.587,2.011,,-1.155,-1.208,-4.282
257.01,-1.165,-1.078,2.001,PATROL,11,12,-3.051,2.658,2.011,,-1.155,-1.208,-4.282
257.21,-1.165,-1.078,2.001,PATROL,11,12,-3.086,2.731,2.011,,-1.155,-1.208,-4.282
257.41,-1.165,-1.078,2.001,PATROL,11,12,-3.120,2.804,2.011,,-1.155,-1.208,-4.282
257.61,-1.165,-1.078,2.001,PATROL,11,12,-3.154,2.878,2.011,,-1.155,-1.208,-4.282
257.81,-1.165,-1.078,2.001,PATROL,11,12,-3.187,2.948,2.011,,-1.155,-1.208,-4.282
258.01,-1.165,-1.078,2.001,PATROL,11,12,-3.221,3.020,2.011,,-1.155,-1.208,-4.282
258.21,-1.165,-1.078,2.001,PATROL,11,12,-3.255,3.092,2.011,,-1.155,-1.208,-4.282
258.41,-1.165,-1.078,2.001,PATROL,11,12,-3.290,3.165,2.011,,-1.155,-1.208,-4.282
258.61,-1.165,-1.078,2.001,PATROL,11,12,-3.323,3.237,2.011,,-1.155,-1.208,-4.282
258.81,-1.165,-1.078,2.001,PATROL,11,12,-3.357,3.309,2.011,,-1.155,-1.208,-4.282
259.01,-1.165,-1.078,2.001,PATROL,11,12,-3.391,3.381,2.011,,-1.155,-1.208,-4.282
259.21,-1.165,-1.078,2.001,PATROL,11,12,-3.425,3.452,2.011,,-1.155,-1.208,-4.282
259.41,-1.165,-1.078,2.001,PATROL,11,12,-3.459,3.525,2.011,,-1.155,-1.208,-4.282
259.61,-1.165,-1.078,2.001,PATROL,11,12,-3.493,3.596,2.011,,-1.155,-1.208,-4.282
259.81,-1.165,-1.078,2.001,PATROL,11,12,-3.526,3.668,2.011,,-1.155,-1.208,-4.282
260.01,-1.165,-1.078,2.001,PATROL,11,12,-3.560,3.740,2.011,,-1.155,-1.208,-4.282
260.21,-1.165,-1.078,2.001,PATROL,11,12,-3.594,3.813,2.011,,-1.155,-1.208,-4.282
260.41,-1.165,-1.078,2.001,PATROL,11,12,-3.627,3.883,2.011,,-1.155,-1.208,-4.282
260.61,-1.165,-1.078,2.001,PATROL,11,12,-3.661,3.955,2.011,,-1.155,-1.208,-4.282
260.81,-1.165,-1.078,2.001,PATROL,11,12,-3.696,4.028,2.011,,-1.155,-1.208,-4.282
261.01,-1.165,-1.078,2.001,PATROL,11,12,-3.729,4.100,2.011,,-1.155,-1.208,-4.282
261.21,-1.165,-1.078,2.001,PATROL,11,12,-3.764,4.173,2.011,,-1.155,-1.208,-4.282
261.41,-1.165,-1.078,2.001,PATROL,11,12,-3.798,4.245,2.011,,-1.155,-1.208,-4.282
261.61,-1.165,-1.078,2.001,PATROL,11,12,-3.832,4.317,2.011,,-1.155,-1.208,-4.282
261.81,-1.165,-1.078,2.001,PATROL,11,12,-3.865,4.389,2.011,,-1.155,-1.208,-4.282
262.01,-1.165,-1.078,2.001,PATROL,11,12,-3.898,4.460,2.010,,-1.155,-1.208,-4.282
262.21,-1.165,-1.078,2.001,PATROL,11,12,-3.932,4.532,2.010,,-1.155,-1.208,-4.282
262.41,-1.165,-1.078,2.001,PATROL,11,12,-3.966,4.604,2.011,,-1.155,-1.208,-4.282
262.61,-1.165,-1.078,2.001,PATROL,11,12,-4.000,4.676,2.010,,-1.155,-1.208,-4.282
262.81,-1.165,-1.078,2.001,PATROL,11,12,-4.034,4.749,2.010,,-1.155,-1.208,-4.282
263.01,-1.165,-1.078,2.001,PATROL,11,12,-4.068,4.820,2.010,,-1.155,-1.208,-4.282
263.21,-1.165,-1.078,2.001,PATROL,11,12,-4.102,4.892,2.010,,-1.155,-1.208,-4.282
263.41,-1.165,-1.078,2.001,PATROL,11,12,-4.136,4.964,2.010,,-1.155,-1.208,-4.282
263.61,-1.165,-1.078,2.001,PATROL,11,12,-4.170,5.037,2.010,,-1.155,-1.208,-4.282
263.81,-1.165,-1.078,2.001,PATROL,11,12,-4.204,5.109,2.010,,-1.155,-1.208,-4.282
264.01,-1.165,-1.078,2.001,PATROL,11,12,-4.237,5.180,2.010,,-1.155,-1.208,-4.282
264.21,-1.165,-1.078,2.001,PATROL,11,12,-4.271,5.252,2.010,,-1.155,-1.208,-4.282
264.41,-1.165,-1.078,2.001,PATROL,11,12,-4.305,5.324,2.010,,-1.155,-1.208,-4.282
264.61,-1.165,-1.078,2.001,PATROL,11,12,-4.339,5.396,2.010,,-1.155,-1.208,-4.282
264.81,-1.165,-1.078,2.001,PATROL,11,12,-4.372,5.468,2.010,,-1.155,-1.208,-4.282
265.01,-1.165,-1.078,2.001,PATROL,11,12,-4.407,5.540,2.010,,-1.155,-1.208,-4.282
265.21,-1.165,-1.078,2.001,PATROL,11,12,-4.440,5.612,2.010,,-1.155,-1.208,-4.282
265.41,-1.165,-1.078,2.001,PATROL,11,12,-4.474,5.685,2.010,,-1.155,-1.208,-4.282
265.61,-1.165,-1.078,2.001,PATROL,11,12,-4.508,5.756,2.010,,-1.155,-1.208,-4.282
265.81,-1.165,-1.078,2.001,PATROL,11,12,-4.542,5.829,2.010,,-1.155,-1.208,-4.282
266.01,-1.165,-1.078,2.001,PATROL,11,12,-4.576,5.901,2.010,,-1.155,-1.208,-4.282
266.21,-1.165,-1.078,2.001,PATROL,11,12,-4.610,5.974,2.010,,-1.155,-1.208,-4.282
266.41,-1.165,-1.078,2.001,PATROL,11,12,-4.644,6.045,2.010,,-1.155,-1.208,-4.282
266.61,-1.165,-1.078,2.001,PATROL,11,12,-4.678,6.118,2.010,,-1.155,-1.208,-4.282
266.81,-1.165,-1.078,2.001,PATROL,11,12,-4.712,6.191,2.010,,-1.155,-1.208,-4.282
267.01,-1.165,-1.078,2.001,PATROL,11,12,-4.746,6.263,2.010,,-1.155,-1.208,-4.282
267.21,-1.165,-1.078,2.001,PATROL,11,12,-4.780,6.335,2.010,,-1.155,-1.208,-4.282
267.41,-1.165,-1.078,2.001,PATROL,11,12,-4.813,6.405,2.011,,-1.155,-1.208,-4.282
267.61,-1.165,-1.078,2.001,PATROL,11,12,-4.848,6.478,2.011,,-1.155,-1.208,-4.282
267.81,-1.165,-1.078,2.001,PATROL,11,12,-4.881,6.549,2.011,,-1.155,-1.208,-4.282
268.01,-1.165,-1.078,2.001,PATROL,11,12,-4.915,6.622,2.011,,-1.155,-1.208,-4.282
268.21,-1.165,-1.078,2.001,PATROL,11,12,-4.949,6.695,2.011,,-1.155,-1.208,-4.282
268.41,-1.165,-1.078,2.001,PATROL,11,12,-4.983,6.767,2.011,,-1.155,-1.208,-4.282
268.61,-1.165,-1.078,2.001,PATROL,11,12,-5.017,6.840,2.011,,-1.155,-1.208,-4.282
268.81,-1.165,-1.078,2.001,PATROL,11,12,-5.051,6.912,2.011,,-1.155,-1.208,-4.282
269.01,-1.165,-1.078,2.001,PATROL,11,12,-5.085,6.984,2.011,,-1.155,-1.208,-4.282
269.21,-1.165,-1.078,2.001,PATROL,11,12,-5.119,7.056,2.011,,-1.155,-1.208,-4.282
269.41,-1.165,-1.078,2.001,PATROL,11,12,-5.153,7.128,2.011,,-1.155,-1.208,-4.282
269.61,-1.165,-1.078,2.001,PATROL,11,12,-5.187,7.201,2.011,,-1.155,-1.208,-4.282
269.81,-1.165,-1.078,2.001,PATROL,11,12,-5.221,7.273,2.011,,-1.155,-1.208,-4.282
270.01,-1.165,-1.078,2.001,PATROL,11,12,-5.255,7.345,2.011,,-1.155,-1.208,-4.282
270.21,-1.165,-1.078,2.001,PATROL,11,12,-5.289,7.417,2.011,,-1.155,-1.208,-4.282
270.41,-1.165,-1.078,2.001,PATROL,11,12,-5.323,7.489,2.011,,-1.155,-1.208,-4.282
270.61,-1.165,-1.078,2.001,PATROL,11,12,-5.357,7.561,2.011,,-1.155,-1.208,-4.282
270.81,-1.165,-1.078,2.001,PATROL,11,12,-5.391,7.634,2.011,,-1.155,-1.208,-4.282
271.01,-1.165,-1.078,2.001,PATROL,11,12,-5.424,7.705,2.011,,-1.155,-1.208,-4.282
271.21,-1.165,-1.078,2.001,PATROL,11,12,-5.459,7.778,2.011,,-1.155,-1.208,-4.282
271.41,-1.165,-1.078,2.001,PATROL,11,12,-5.492,7.850,2.011,,-1.155,-1.208,-4.282
271.61,-1.165,-1.078,2.001,PATROL,11,12,-5.527,7.923,2.011,,-1.155,-1.208,-4.282
271.81,-1.165,-1.078,2.001,PATROL,11,12,-5.560,7.994,2.011,,-1.155,-1.208,-4.282
272.01,-1.165,-1.078,2.001,PATROL,11,12,-5.594,8.066,2.011,,-1.155,-1.208,-4.282
272.21,-1.165,-1.078,2.001,PATROL,11,12,-5.628,8.138,2.011,,-1.155,-1.208,-4.282
272.41,-1.165,-1.078,2.001,PATROL,11,12,-5.662,8.210,2.011,,-1.155,-1.208,-4.282
272.61,-1.165,-1.078,2.001,PATROL,11,12,-5.696,8.282,2.011,,-1.155,-1.208,-4.282
272.81,-1.165,-1.078,2.001,PATROL,11,12,-5.730,8.354,2.011,,-1.155,-1.208,-4.282
273.01,-1.165,-1.078,2.001,PATROL,11,12,-5.764,8.427,2.011,,-1.155,-1.208,-4.282
273.21,-1.165,-1.078,2.001,PATROL,11,12,-5.797,8.498,2.011,,-1.155,-1.208,-4.282
273.41,-1.165,-1.078,2.001,PATROL,11,12,-5.832,8.571,2.011,,-1.155,-1.208,-4.282
273.61,-1.165,-1.078,2.001,PATROL,11,12,-5.866,8.643,2.011,,-1.155,-1.208,-4.282
273.81,-1.165,-1.078,2.001,PATROL,11,12,-5.899,8.714,2.011,,-1.155,-1.208,-4.282
274.01,-1.165,-1.078,2.001,PATROL,11,12,-5.933,8.787,2.011,,-1.155,-1.208,-4.282
274.21,-1.165,-1.078,2.001,PATROL,11,12,-5.968,8.860,2.011,,-1.155,-1.208,-4.282
274.41,-1.165,-1.078,2.001,PATROL,11,12,-6.001,8.932,2.011,,-1.155,-1.208,-4.282
