t,lx,ly,lz,roller_l,roller_r,phase
0.02,0.580,-0.195,0.032,-46.7,46.7,dash
0.02,0.580,-0.195,0.032,-46.7,46.7,dash
0.02,0.580,-0.195,0.032,-46.7,46.7,dash
0.02,0.580,-0.195,0.032,-46.7,46.7,dash
0.02,0.580,-0.195,0.032,-46.7,46.7,dash
0.02,0.580,-0.195,0.032,-46.7,46.7,dash
0.02,0.580,-0.195,0.032,-46.7,46.7,dash
0.02,0.580,-0.195,0.032,-46.7,46.7,dash
0.03,0.580,-0.195,0.032,-46.7,46.7,dash
0.03,0.580,-0.195,0.032,-46.7,46.7,dash
0.03,0.580,-0.195,0.032,-46.7,46.7,dash
0.03,0.580,-0.195,0.032,-46.7,46.7,dash
0.03,0.580,-0.195,0.032,-46.7,46.7,dash
0.03,0.580,-0.195,0.032,-46.7,46.7,dash
0.03,0.580,-0.195,0.032,-46.7,46.7,dash
0.03,0.580,-0.195,0.032,-46.7,46.7,dash
0.03,0.580,-0.195,0.032,-46.7,46.7,dash
0.03,0.580,-0.195,0.032,-46.7,46.7,dash
0.03,0.580,-0.195,0.032,-46.7,46.7,dash
0.03,0.580,-0.195,0.032,-46.7,46.7,dash
0.03,0.580,-0.195,0.032,-46.7,46.7,dash
0.03,0.580,-0.195,0.032,-46.7,46.7,dash
0.03,0.580,-0.195,0.032,-46.7,46.7,dash
0.03,0.580,-0.195,0.032,-46.7,46.7,dash
0.03,0.580,-0.195,0.032,-46.7,46.7,dash
0.03,0.580,-0.195,0.032,-46.7,46.7,dash
0.03,0.580,-0.195,0.032,-46.7,46.7,dash
0.03,0.580,-0.195,0.032,-46.7,46.7,dash
0.03,0.580,-0.195,0.032,-46.7,46.7,dash
0.04,0.580,-0.195,0.032,-46.7,46.7,dash
0.04,0.580,-0.195,0.032,-46.7,46.7,dash
0.04,0.580,-0.195,0.032,-46.7,46.7,dash
0.04,0.580,-0.195,0.032,-46.7,46.7,dash
0.04,0.580,-0.195,0.032,-46.7,46.7,dash
0.04,0.580,-0.195,0.032,-46.7,46.7,dash
0.04,0.580,-0.195,0.032,-46.7,46.7,dash
0.04,0.580,-0.195,0.032,-46.7,46.7,dash
0.04,0.580,-0.195,0.032,-46.7,46.7,dash
0.04,0.579,-0.195,0.032,-46.7,46.7,dash
0.04,0.579,-0.195,0.032,-46.7,46.7,dash
0.04,0.579,-0.195,0.032,-46.7,46.7,dash
0.04,0.579,-0.195,0.032,-46.7,46.7,dash
0.04,0.579,-0.195,0.032,-46.7,46.7,dash
0.04,0.579,-0.195,0.032,-46.7,46.7,dash
0.04,0.579,-0.195,0.032,-46.7,46.7,dash
0.04,0.579,-0.195,0.032,-46.7,46.7,dash
0.04,0.579,-0.195,0.032,-46.7,46.7,dash
0.04,0.579,-0.195,0.032,-46.7,46.7,dash
0.04,0.579,-0.195,0.032,-46.7,46.7,dash
0.04,0.579,-0.195,0.032,-46.7,46.7,dash
0.04,0.579,-0.195,0.032,-46.7,46.7,dash
0.05,0.579,-0.195,0.032,-46.7,46.7,dash
0.05,0.579,-0.195,0.032,-46.7,46.7,dash
0.05,0.579,-0.195,0.032,-46.7,46.7,dash
0.05,0.579,-0.195,0.032,-46.7,46.7,dash
0.05,0.579,-0.195,0.032,-46.7,46.7,dash
0.05,0.579,-0.195,0.032,-46.7,46.7,dash
0.05,0.579,-0.195,0.032,-46.7,46.7,dash
0.05,0.579,-0.195,0.032,-46.7,46.7,dash
0.05,0.579,-0.195,0.032,-46.7,46.7,dash
0.05,0.579,-0.195,0.032,-46.7,46.7,dash
0.05,0.579,-0.195,0.032,-46.7,46.7,dash
0.05,0.579,-0.195,0.032,-46.7,46.7,dash
0.05,0.579,-0.195,0.032,-46.7,46.7,dash
0.05,0.579,-0.195,0.032,-46.7,46.7,dash
0.05,0.579,-0.195,0.032,-46.7,46.7,dash
0.05,0.579,-0.195,0.032,-46.7,46.7,dash
0.05,0.579,-0.195,0.032,-46.7,46.7,dash
0.05,0.579,-0.195,0.032,-46.7,46.7,dash
0.05,0.579,-0.195,0.032,-46.7,46.7,dash
0.05,0.579,-0.195,0.032,-46.7,46.7,dash
0.05,0.579,-0.195,0.032,-46.7,46.7,dash
0.06,0.579,-0.195,0.032,-46.7,46.7,dash
0.06,0.579,-0.195,0.032,-46.7,46.7,dash
0.06,0.579,-0.195,0.032,-46.7,46.7,dash
0.06,0.579,-0.195,0.032,-46.7,46.7,dash
0.06,0.579,-0.195,0.032,-46.7,46.7,dash
0.06,0.579,-0.195,0.032,-46.7,46.7,dash
0.06,0.579,-0.195,0.032,-46.7,46.7,dash
0.06,0.579,-0.195,0.032,-46.7,46.7,dash
0.06,0.579,-0.195,0.032,-46.7,46.7,dash
0.06,0.579,-0.195,0.032,-46.7,46.7,dash
0.06,0.579,-0.195,0.032,-46.7,46.7,dash
0.06,0.579,-0.195,0.032,-46.7,46.7,dash
0.06,0.579,-0.195,0.032,-46.7,46.7,dash
0.06,0.579,-0.195,0.032,-46.7,46.7,dash
0.06,0.579,-0.195,0.032,-46.7,46.7,dash
0.06,0.579,-0.195,0.032,-46.7,46.7,dash
0.06,0.579,-0.195,0.032,-46.7,46.7,dash
0.06,0.578,-0.195,0.032,-46.7,46.7,dash
0.06,0.578,-0.195,0.032,-46.7,46.7,dash
0.06,0.578,-0.195,0.032,-46.7,46.7,dash
0.06,0.578,-0.195,0.032,-46.7,46.7,dash
0.06,0.578,-0.195,0.032,-46.7,46.7,dash
0.06,0.578,-0.195,0.032,-46.7,46.7,dash
0.06,0.578,-0.195,0.032,-46.7,46.7,dash
0.07,0.578,-0.195,0.032,-46.7,46.7,dash
0.07,0.578,-0.195,0.032,-46.7,46.7,dash
0.07,0.578,-0.195,0.032,-46.7,46.7,dash
0.07,0.578,-0.195,0.032,-46.7,46.7,dash
0.07,0.578,-0.195,0.032,-46.7,46.7,dash
0.07,0.578,-0.195,0.032,-46.7,46.7,dash
0.07,0.578,-0.195,0.032,-46.7,46.7,dash
0.07,0.578,-0.195,0.032,-46.7,46.7,dash
0.07,0.578,-0.195,0.032,-46.7,46.7,dash
0.07,0.578,-0.195,0.032,-46.7,46.7,dash
0.07,0.578,-0.195,0.032,-46.7,46.7,dash
0.07,0.578,-0.195,0.032,-46.7,46.7,dash
0.07,0.578,-0.195,0.032,-46.7,46.7,dash
0.07,0.578,-0.195,0.032,-46.7,46.7,dash
0.07,0.578,-0.195,0.032,-46.7,46.7,dash
0.07,0.578,-0.195,0.032,-46.7,46.7,dash
0.07,0.578,-0.195,0.032,-46.7,46.7,dash
0.07,0.578,-0.195,0.032,-46.7,46.7,dash
0.07,0.578,-0.195,0.032,-46.7,46.7,dash
0.07,0.578,-0.195,0.032,-46.7,46.7,dash
0.07,0.578,-0.195,0.032,-46.7,46.7,dash
0.07,0.578,-0.195,0.032,-46.7,46.7,dash
0.07,0.578,-0.195,0.032,-46.7,46.7,dash
0.07,0.578,-0.195,0.032,-46.7,46.7,dash
0.07,0.578,-0.195,0.032,-46.7,46.7,dash
0.07,0.578,-0.195,0.032,-46.7,46.7,dash
0.08,0.578,-0.195,0.032,-46.7,46.7,dash
0.08,0.578,-0.195,0.032,-46.7,46.7,dash
0.08,0.578,-0.195,0.032,-46.7,46.7,dash
0.08,0.578,-0.195,0.032,-46.7,46.7,dash
0.08,0.578,-0.195,0.032,-46.7,46.7,dash
0.08,0.578,-0.195,0.032,-46.7,46.7,dash
0.08,0.577,-0.195,0.032,-46.7,46.7,dash
0.08,0.577,-0.195,0.032,-46.7,46.7,dash
0.08,0.577,-0.195,0.032,-46.7,46.7,dash
0.08,0.577,-0.195,0.032,-46.7,46.7,dash
0.08,0.577,-0.195,0.032,-46.7,46.7,dash
0.08,0.577,-0.195,0.032,-46.7,46.7,dash
0.08,0.577,-0.195,0.032,-46.7,46.7,dash
0.08,0.577,-0.195,0.032,-46.7,46.7,dash
0.08,0.577,-0.195,0.032,-46.7,46.7,dash
0.08,0.577,-0.195,0.032,-46.7,46.7,dash
0.08,0.577,-0.195,0.032,-46.7,46.7,dash
0.08,0.577,-0.195,0.032,-46.7,46.7,dash
0.08,0.577,-0.195,0.032,-46.7,46.7,dash
0.08,0.577,-0.195,0.032,-46.7,46.7,dash
0.08,0.577,-0.195,0.032,-46.7,46.7,dash
0.09,0.577,-0.195,0.032,-46.7,46.7,dash
0.09,0.577,-0.195,0.032,-46.7,46.7,dash
0.09,0.577,-0.195,0.032,-46.7,46.7,dash
0.09,0.577,-0.195,0.032,-46.7,46.7,dash
0.09,0.577,-0.195,0.032,-46.7,46.7,dash
0.09,0.577,-0.195,0.032,-46.7,46.7,dash
0.09,0.577,-0.195,0.032,-46.7,46.7,dash
0.09,0.577,-0.195,0.032,-46.7,46.7,dash
0.09,0.577,-0.195,0.032,-46.7,46.7,dash
0.09,0.577,-0.195,0.032,-46.7,46.7,dash
0.09,0.577,-0.195,0.032,-46.7,46.7,dash
0.09,0.577,-0.195,0.032,-46.7,46.7,dash
0.09,0.577,-0.195,0.032,-46.7,46.7,dash
0.09,0.576,-0.195,0.032,-46.7,46.7,dash
0.09,0.576,-0.195,0.032,-46.7,46.7,dash
0.09,0.576,-0.195,0.032,-46.7,46.7,dash
0.09,0.576,-0.195,0.032,-46.7,46.7,dash
0.09,0.576,-0.195,0.032,-46.7,46.7,dash
0.09,0.576,-0.195,0.032,-46.7,46.7,dash
0.09,0.576,-0.195,0.032,-46.7,46.7,dash
0.09,0.576,-0.195,0.032,-46.7,46.7,dash
0.09,0.576,-0.195,0.032,-46.7,46.7,dash
0.09,0.576,-0.195,0.032,-46.7,46.7,dash
0.10,0.576,-0.195,0.032,-46.7,46.7,dash
0.10,0.576,-0.195,0.032,-46.7,46.7,dash
0.10,0.576,-0.195,0.032,-46.7,46.7,dash
0.10,0.576,-0.195,0.032,-46.7,46.7,dash
0.10,0.576,-0.195,0.032,-46.7,46.7,dash
0.10,0.576,-0.195,0.032,-46.7,46.7,dash
0.10,0.576,-0.195,0.032,-46.7,46.7,dash
0.10,0.576,-0.195,0.032,-46.7,46.7,dash
0.10,0.576,-0.195,0.032,-46.7,46.7,dash
0.10,0.576,-0.195,0.032,-46.7,46.7,dash
0.10,0.576,-0.195,0.032,-46.7,46.7,dash
0.10,0.576,-0.195,0.032,-46.7,46.7,dash
0.10,0.576,-0.195,0.032,-46.7,46.7,dash
0.10,0.576,-0.195,0.032,-46.7,46.7,dash
0.10,0.576,-0.195,0.032,-46.7,46.7,dash
0.10,0.575,-0.195,0.032,-46.7,46.7,dash
0.10,0.575,-0.195,0.032,-46.7,46.7,dash
0.10,0.575,-0.195,0.032,-46.7,46.7,dash
0.10,0.575,-0.195,0.032,-46.7,46.7,dash
0.10,0.575,-0.195,0.032,-46.7,46.7,dash
0.10,0.575,-0.195,0.032,-46.7,46.7,dash
0.10,0.575,-0.195,0.032,-46.7,46.7,dash
0.11,0.575,-0.195,0.032,-46.7,46.7,dash
0.11,0.575,-0.195,0.032,-46.7,46.7,dash
0.11,0.575,-0.195,0.032,-46.7,46.7,dash
0.11,0.575,-0.195,0.032,-46.7,46.7,dash
0.11,0.575,-0.195,0.032,-46.7,46.7,dash
0.11,0.575,-0.195,0.032,-46.7,46.7,dash
0.11,0.575,-0.195,0.032,-46.7,46.7,dash
0.11,0.575,-0.195,0.032,-46.7,46.7,dash
0.11,0.575,-0.195,0.032,-46.7,46.7,dash
0.11,0.575,-0.195,0.032,-46.7,46.7,dash
0.11,0.575,-0.195,0.032,-46.7,46.7,dash
0.11,0.575,-0.195,0.032,-46.7,46.7,dash
0.11,0.575,-0.195,0.032,-46.7,46.7,dash
0.11,0.575,-0.195,0.032,-46.7,46.7,dash
0.11,0.575,-0.195,0.032,-46.7,46.7,dash
0.11,0.575,-0.195,0.032,-46.7,46.7,dash
0.11,0.574,-0.195,0.032,-46.7,46.7,dash
0.11,0.574,-0.195,0.032,-46.7,46.7,dash
0.11,0.574,-0.195,0.032,-46.7,46.7,dash
0.11,0.574,-0.195,0.032,-46.7,46.7,dash
0.11,0.574,-0.195,0.032,-46.7,46.7,dash
0.11,0.574,-0.195,0.032,-46.7,46.7,dash
0.11,0.574,-0.195,0.032,-46.7,46.7,dash
0.12,0.574,-0.195,0.032,-46.7,46.7,dash
0.12,0.574,-0.195,0.032,-46.7,46.7,dash
0.12,0.574,-0.195,0.032,-46.7,46.7,dash
0.12,0.574,-0.195,0.032,-46.7,46.7,dash
0.12,0.574,-0.195,0.032,-46.7,46.7,dash
0.12,0.574,-0.195,0.032,-46.7,46.7,dash
0.12,0.574,-0.195,0.032,-46.7,46.7,dash
0.12,0.574,-0.195,0.032,-46.7,46.7,dash
0.12,0.574,-0.195,0.032,-46.7,46.7,dash
0.12,0.574,-0.195,0.032,-46.7,46.7,dash
0.12,0.574,-0.195,0.032,-46.7,46.7,dash
0.12,0.574,-0.195,0.032,-46.7,46.7,dash
0.12,0.574,-0.195,0.032,-46.7,46.7,dash
0.12,0.573,-0.195,0.032,-46.7,46.7,dash
0.12,0.573,-0.195,0.032,-46.7,46.7,dash
0.12,0.573,-0.195,0.032,-46.7,46.7,dash
0.12,0.573,-0.195,0.032,-46.7,46.7,dash
0.12,0.573,-0.195,0.032,-46.7,46.7,dash
0.12,0.573,-0.195,0.032,-46.7,46.7,dash
0.12,0.573,-0.195,0.032,-46.7,46.7,dash
0.12,0.573,-0.195,0.032,-46.7,46.7,dash
0.12,0.573,-0.195,0.032,-46.7,46.7,dash
0.12,0.573,-0.195,0.032,-46.7,46.7,dash
0.13,0.573,-0.195,0.032,-46.7,46.7,dash
0.13,0.573,-0.195,0.032,-46.7,46.7,dash
0.13,0.573,-0.195,0.032,-46.7,46.7,dash
0.13,0.573,-0.195,0.032,-46.7,46.7,dash
0.13,0.573,-0.195,0.032,-46.7,46.7,dash
0.13,0.573,-0.195,0.032,-46.7,46.7,dash
0.13,0.573,-0.195,0.032,-46.7,46.7,dash
0.13,0.573,-0.195,0.032,-46.7,46.7,dash
0.13,0.573,-0.195,0.032,-46.7,46.7,dash
0.13,0.572,-0.195,0.032,-46.7,46.7,dash
0.13,0.572,-0.195,0.032,-46.7,46.7,dash
0.13,0.572,-0.195,0.032,-46.7,46.7,dash
0.13,0.572,-0.195,0.032,-46.7,46.7,dash
0.13,0.572,-0.195,0.032,-46.7,46.7,dash
0.13,0.572,-0.195,0.032,-46.7,46.7,dash
0.13,0.572,-0.195,0.032,-46.7,46.7,dash
0.13,0.572,-0.195,0.032,-46.7,46.7,dash
0.13,0.572,-0.195,0.032,-46.7,46.7,dash
0.13,0.572,-0.195,0.032,-46.7,46.7,dash
0.13,0.572,-0.195,0.032,-46.7,46.7,dash
0.13,0.572,-0.195,0.032,-46.7,46.7,dash
0.13,0.572,-0.195,0.032,-46.7,46.7,dash
0.13,0.572,-0.195,0.032,-46.7,46.7,dash
0.14,0.572,-0.195,0.032,-46.7,46.7,dash
0.14,0.572,-0.195,0.032,-46.7,46.7,dash
0.14,0.572,-0.195,0.032,-46.7,46.7,dash
0.14,0.571,-0.195,0.032,-46.7,46.7,dash
0.14,0.571,-0.195,0.032,-46.7,46.7,dash
0.14,0.571,-0.195,0.032,-46.7,46.7,dash
0.14,0.571,-0.195,0.032,-46.7,46.7,dash
0.14,0.571,-0.195,0.032,-46.7,46.7,dash
0.14,0.571,-0.195,0.032,-46.7,46.7,dash
0.14,0.571,-0.195,0.032,-46.7,46.7,dash
0.14,0.571,-0.195,0.032,-46.7,46.7,dash
0.14,0.571,-0.195,0.032,-46.7,46.7,dash
0.14,0.571,-0.195,0.032,-46.7,46.7,dash
0.14,0.571,-0.195,0.032,-46.7,46.7,dash
0.14,0.571,-0.195,0.032,-46.7,46.7,dash
0.14,0.571,-0.195,0.032,-46.7,46.7,dash
0.14,0.571,-0.195,0.032,-46.7,46.7,dash
0.14,0.571,-0.195,0.032,-46.7,46.7,dash
0.14,0.571,-0.195,0.032,-46.7,46.7,dash
0.14,0.571,-0.195,0.032,-46.7,46.7,dash
0.14,0.571,-0.195,0.032,-46.7,46.7,dash
0.14,0.570,-0.195,0.032,-46.7,46.7,dash
0.15,0.570,-0.195,0.032,-46.7,46.7,dash
0.15,0.570,-0.195,0.032,-46.7,46.7,dash
0.15,0.570,-0.195,0.032,-46.7,46.7,dash
0.15,0.570,-0.195,0.032,-46.7,46.7,dash
0.15,0.570,-0.195,0.032,-46.7,46.7,dash
0.15,0.570,-0.195,0.032,-46.7,46.7,dash
0.15,0.570,-0.195,0.032,-46.7,46.7,dash
0.15,0.570,-0.195,0.032,-46.7,46.7,dash
0.15,0.570,-0.195,0.032,-46.7,46.7,dash
0.15,0.570,-0.195,0.032,-46.7,46.7,dash
0.15,0.570,-0.195,0.032,-46.7,46.7,dash
0.15,0.570,-0.195,0.032,-46.7,46.7,dash
0.15,0.570,-0.195,0.032,-46.7,46.7,dash
0.15,0.570,-0.195,0.032,-46.7,46.7,dash
0.15,0.569,-0.195,0.032,-46.7,46.7,dash
0.15,0.569,-0.195,0.032,-46.7,46.7,dash
0.15,0.569,-0.195,0.032,-46.7,46.7,dash
0.15,0.569,-0.195,0.032,-46.7,46.7,dash
0.15,0.569,-0.195,0.032,-46.7,46.7,dash
0.15,0.569,-0.195,0.032,-46.7,46.7,dash
0.16,0.569,-0.195,0.032,-46.7,46.7,dash
0.16,0.569,-0.195,0.032,-46.7,46.7,dash
0.16,0.569,-0.195,0.032,-46.7,46.7,dash
0.16,0.569,-0.195,0.032,-46.7,46.7,dash
0.16,0.569,-0.195,0.032,-46.7,46.7,dash
0.16,0.569,-0.195,0.032,-46.7,46.7,dash
0.16,0.569,-0.195,0.032,-46.7,46.7,dash
0.16,0.568,-0.195,0.032,-46.7,46.7,dash
0.16,0.568,-0.195,0.032,-46.7,46.7,dash
0.16,0.568,-0.195,0.032,-46.7,46.7,dash
0.16,0.568,-0.195,0.032,-46.7,46.7,dash
0.16,0.568,-0.195,0.032,-46.7,46.7,dash
0.16,0.568,-0.195,0.032,-46.7,46.7,dash
0.16,0.568,-0.195,0.032,-46.7,46.7,dash
0.16,0.568,-0.195,0.032,-46.7,46.7,dash
0.16,0.568,-0.195,0.032,-46.7,46.7,dash
0.16,0.568,-0.195,0.032,-46.7,46.7,dash
0.16,0.568,-0.195,0.032,-46.7,46.7,dash
0.16,0.568,-0.195,0.032,-46.7,46.7,dash
0.16,0.568,-0.195,0.032,-46.7,46.7,dash
0.16,0.568,-0.195,0.032,-46.7,46.7,dash
0.16,0.568,-0.195,0.032,-46.7,46.7,dash
0.16,0.567,-0.195,0.032,-46.7,46.7,dash
0.17,0.567,-0.195,0.032,-46.7,46.7,dash
0.17,0.567,-0.195,0.032,-46.7,46.7,dash
0.17,0.567,-0.195,0.032,-46.7,46.7,dash
0.17,0.567,-0.195,0.032,-46.7,46.7,dash
0.17,0.567,-0.195,0.032,-46.7,46.7,dash
0.17,0.567,-0.195,0.032,-46.7,46.7,dash
0.17,0.567,-0.195,0.032,-46.7,46.7,dash
0.17,0.567,-0.195,0.032,-46.7,46.7,dash
0.17,0.567,-0.195,0.032,-46.7,46.7,dash
0.17,0.567,-0.195,0.032,-46.7,46.7,dash
0.17,0.567,-0.195,0.032,-46.7,46.7,dash
0.17,0.567,-0.195,0.032,-46.7,46.7,dash
0.17,0.566,-0.195,0.032,-46.7,46.7,dash
0.17,0.566,-0.195,0.032,-46.7,46.7,dash
0.17,0.566,-0.195,0.032,-46.7,46.7,dash
0.17,0.566,-0.195,0.032,-46.7,46.7,dash
0.17,0.566,-0.195,0.032,-46.7,46.7,dash
0.17,0.566,-0.195,0.032,-46.7,46.7,dash
0.17,0.566,-0.195,0.032,-46.7,46.7,dash
0.17,0.566,-0.195,0.032,-46.7,46.7,dash
0.17,0.566,-0.195,0.032,-46.7,46.7,dash
0.17,0.566,-0.195,0.032,-46.7,46.7,dash
0.18,0.566,-0.195,0.032,-46.7,46.7,dash
0.18,0.566,-0.195,0.032,-46.7,46.7,dash
0.18,0.566,-0.195,0.032,-46.7,46.7,dash
0.18,0.566,-0.195,0.032,-46.7,46.7,dash
0.18,0.565,-0.195,0.032,-46.7,46.7,dash
0.18,0.565,-0.195,0.032,-46.7,46.7,dash
0.18,0.565,-0.195,0.032,-46.7,46.7,dash
0.18,0.565,-0.195,0.032,-46.7,46.7,dash
0.18,0.565,-0.195,0.032,-46.7,46.7,dash
0.18,0.565,-0.195,0.032,-46.7,46.7,dash
0.18,0.565,-0.195,0.032,-46.7,46.7,dash
0.18,0.565,-0.195,0.032,-46.7,46.7,dash
0.18,0.565,-0.195,0.032,-46.7,46.7,dash
0.18,0.565,-0.195,0.032,-46.7,46.7,dash
0.18,0.565,-0.195,0.032,-46.7,46.7,dash
0.18,0.565,-0.195,0.032,-46.7,46.7,dash
0.18,0.565,-0.195,0.032,-46.7,46.7,dash
0.18,0.564,-0.195,0.032,-46.7,46.7,dash
0.18,0.564,-0.195,0.032,-46.7,46.7,dash
0.18,0.564,-0.195,0.032,-46.7,46.7,dash
0.18,0.564,-0.195,0.032,-46.7,46.7,dash
0.18,0.564,-0.195,0.032,-46.7,46.7,dash
0.18,0.564,-0.195,0.032,-46.7,46.7,dash
0.19,0.564,-0.195,0.032,-46.7,46.7,dash
0.19,0.564,-0.195,0.032,-46.7,46.7,dash
0.19,0.564,-0.195,0.032,-46.7,46.7,dash
0.19,0.564,-0.195,0.032,-46.7,46.7,dash
0.19,0.564,-0.195,0.032,-46.7,46.7,dash
0.19,0.563,-0.195,0.032,-46.7,46.7,dash
0.19,0.563,-0.195,0.032,-46.7,46.7,dash
0.19,0.563,-0.195,0.032,-46.7,46.7,dash
0.19,0.563,-0.195,0.032,-46.7,46.7,dash
0.19,0.563,-0.195,0.032,-46.7,46.7,dash
0.19,0.563,-0.195,0.032,-46.7,46.7,dash
0.19,0.563,-0.195,0.032,-46.7,46.7,dash
0.19,0.563,-0.195,0.032,-46.7,46.7,dash
0.19,0.563,-0.195,0.032,-46.7,46.7,dash
0.19,0.563,-0.195,0.032,-46.7,46.7,dash
0.19,0.563,-0.195,0.032,-46.7,46.7,dash
0.19,0.563,-0.195,0.032,-46.7,46.7,dash
0.19,0.563,-0.195,0.032,-46.7,46.7,dash
0.19,0.562,-0.195,0.032,-46.7,46.7,dash
0.19,0.562,-0.195,0.032,-46.7,46.7,dash
0.20,0.562,-0.195,0.032,-46.7,46.7,dash
0.20,0.562,-0.195,0.032,-46.7,46.7,dash
0.20,0.562,-0.195,0.032,-46.7,46.7,dash
0.20,0.562,-0.195,0.032,-46.7,46.7,dash
0.20,0.562,-0.195,0.032,-46.7,46.7,dash
0.20,0.562,-0.195,0.032,-46.7,46.7,dash
0.20,0.562,-0.195,0.032,-46.7,46.7,dash
0.20,0.562,-0.195,0.032,-46.7,46.7,dash
0.20,0.561,-0.195,0.032,-46.7,46.7,dash
0.20,0.561,-0.195,0.032,-46.7,46.7,dash
0.20,0.561,-0.195,0.032,-46.7,46.7,dash
0.20,0.561,-0.195,0.032,-46.7,46.7,dash
0.20,0.561,-0.195,0.032,-46.7,46.7,dash
0.20,0.561,-0.195,0.032,-46.7,46.7,dash
0.20,0.561,-0.195,0.032,-46.7,46.7,dash
0.20,0.561,-0.195,0.032,-46.7,46.7,dash
0.20,0.561,-0.195,0.032,-46.7,46.7,dash
0.20,0.561,-0.195,0.032,-46.7,46.7,dash
0.20,0.560,-0.195,0.032,-46.7,46.7,dash
0.20,0.560,-0.195,0.032,-46.7,46.7,dash
0.20,0.560,-0.195,0.032,-46.7,46.7,dash
0.21,0.560,-0.195,0.032,-46.7,46.7,dash
0.21,0.560,-0.195,0.032,-46.7,46.7,dash
0.21,0.560,-0.195,0.032,-46.7,46.7,dash
0.21,0.560,-0.195,0.032,-46.7,46.7,dash
0.21,0.560,-0.195,0.032,-46.7,46.7,dash
0.21,0.560,-0.195,0.032,-46.7,46.7,dash
0.21,0.560,-0.195,0.032,-46.7,46.7,dash
0.21,0.560,-0.195,0.032,-46.7,46.7,dash
0.21,0.559,-0.195,0.032,-46.7,46.7,dash
0.21,0.559,-0.195,0.032,-46.7,46.7,dash
0.21,0.559,-0.195,0.032,-46.7,46.7,dash
0.21,0.559,-0.195,0.032,-46.7,46.7,dash
0.21,0.559,-0.195,0.032,-46.7,46.7,dash
0.21,0.559,-0.195,0.032,-46.7,46.7,dash
0.21,0.559,-0.195,0.032,-46.7,46.7,dash
0.21,0.559,-0.195,0.032,-46.7,46.7,dash
0.21,0.559,-0.195,0.032,-46.7,46.7,dash
0.21,0.559,-0.195,0.032,-46.7,46.7,dash
0.21,0.559,-0.195,0.032,-46.7,46.7,dash
0.21,0.558,-0.195,0.032,-46.7,46.7,dash
0.21,0.558,-0.195,0.032,-46.7,46.7,dash
0.21,0.558,-0.195,0.032,-46.7,46.7,dash
0.22,0.558,-0.195,0.032,-46.7,46.7,dash
0.22,0.558,-0.195,0.032,-46.7,46.7,dash
0.22,0.558,-0.195,0.032,-46.7,46.7,dash
0.22,0.558,-0.195,0.032,-46.7,46.7,dash
0.22,0.558,-0.195,0.032,-46.7,46.7,dash
0.22,0.558,-0.195,0.032,-46.7,46.7,dash
0.22,0.558,-0.195,0.032,-46.7,46.7,dash
0.22,0.558,-0.195,0.032,-46.7,46.7,dash
0.22,0.558,-0.195,0.032,-46.7,46.7,dash
0.22,0.557,-0.195,0.032,-46.7,46.7,dash
0.22,0.557,-0.195,0.032,-46.7,46.7,dash
0.22,0.557,-0.195,0.032,-46.7,46.7,dash
0.22,0.557,-0.195,0.032,-46.7,46.7,dash
0.22,0.557,-0.195,0.032,-46.7,46.7,dash
0.22,0.557,-0.195,0.032,-46.7,46.7,dash
0.22,0.557,-0.195,0.032,-46.7,46.7,dash
0.22,0.557,-0.195,0.032,-46.7,46.7,dash
0.22,0.557,-0.195,0.032,-46.7,46.7,dash
0.22,0.557,-0.195,0.032,-46.7,46.7,dash
0.22,0.556,-0.195,0.032,-46.7,46.7,dash
0.22,0.556,-0.195,0.032,-46.7,46.7,dash
0.22,0.556,-0.195,0.032,-46.7,46.7,dash
0.22,0.556,-0.195,0.032,-46.7,46.7,dash
0.22,0.556,-0.195,0.032,-46.7,46.7,dash
0.22,0.556,-0.195,0.032,-46.7,46.7,dash
0.23,0.556,-0.195,0.032,-46.7,46.7,dash
0.23,0.556,-0.195,0.032,-46.7,46.7,dash
0.23,0.556,-0.195,0.032,-46.7,46.7,dash
0.23,0.556,-0.195,0.032,-46.7,46.7,dash
0.23,0.556,-0.195,0.032,-46.7,46.7,dash
0.23,0.556,-0.195,0.032,-46.7,46.7,dash
0.23,0.555,-0.195,0.032,-46.7,46.7,dash
0.23,0.555,-0.195,0.032,-46.7,46.7,dash
0.23,0.555,-0.195,0.032,-46.7,46.7,dash
0.23,0.555,-0.195,0.032,-46.7,46.7,dash
0.23,0.555,-0.195,0.032,-46.7,46.7,dash
0.23,0.555,-0.195,0.032,-46.7,46.7,dash
0.23,0.555,-0.195,0.032,-46.7,46.7,dash
0.23,0.555,-0.195,0.032,-46.7,46.7,dash
0.23,0.555,-0.195,0.032,-46.7,46.7,dash
0.23,0.554,-0.195,0.032,-46.7,46.7,dash
0.23,0.554,-0.195,0.032,-46.7,46.7,dash
0.23,0.554,-0.195,0.032,-46.7,46.7,dash
0.23,0.554,-0.195,0.032,-46.7,46.7,dash
0.23,0.554,-0.195,0.032,-46.7,46.7,dash
0.23,0.554,-0.195,0.032,-46.7,46.7,dash
0.23,0.554,-0.195,0.032,-46.7,46.7,dash
0.23,0.554,-0.195,0.032,-46.7,46.7,dash
0.23,0.554,-0.195,0.032,-46.7,46.7,dash
0.24,0.554,-0.195,0.032,-46.7,46.7,dash
0.24,0.554,-0.195,0.032,-46.7,46.7,dash
0.24,0.554,-0.195,0.032,-46.7,46.7,dash
0.24,0.553,-0.195,0.032,-46.7,46.7,dash
0.24,0.553,-0.195,0.032,-46.7,46.7,dash
0.24,0.553,-0.195,0.032,-46.7,46.7,dash
0.24,0.553,-0.195,0.032,-46.7,46.7,dash
0.24,0.553,-0.195,0.032,-46.7,46.7,dash
0.24,0.553,-0.195,0.032,-46.7,46.7,dash
0.24,0.553,-0.195,0.032,-46.7,46.7,dash
0.24,0.553,-0.195,0.032,-46.7,46.7,dash
0.24,0.553,-0.195,0.032,-46.7,46.7,dash
0.24,0.553,-0.195,0.032,-46.7,46.7,dash
0.24,0.552,-0.195,0.032,-46.7,46.7,dash
0.24,0.552,-0.195,0.032,-46.7,46.7,dash
0.24,0.552,-0.195,0.032,-46.7,46.7,dash
0.24,0.552,-0.195,0.032,-46.7,46.7,dash
0.24,0.552,-0.195,0.032,-46.7,46.7,dash
0.24,0.552,-0.195,0.032,-46.7,46.7,dash
0.24,0.552,-0.195,0.032,-46.7,46.7,dash
0.24,0.552,-0.195,0.032,-46.7,46.7,dash
0.24,0.552,-0.195,0.032,-46.7,46.7,dash
0.25,0.551,-0.195,0.032,-46.7,46.7,dash
0.25,0.551,-0.195,0.032,-46.7,46.7,dash
0.25,0.551,-0.195,0.032,-46.7,46.7,dash
0.25,0.551,-0.195,0.032,-46.7,46.7,dash
0.25,0.551,-0.195,0.032,-46.7,46.7,dash
0.25,0.551,-0.195,0.032,-46.7,46.7,dash
0.25,0.551,-0.195,0.032,-46.7,46.7,dash
0.25,0.551,-0.195,0.032,-46.7,46.7,dash
0.25,0.551,-0.195,0.032,-46.7,46.7,dash
0.25,0.551,-0.195,0.032,-46.7,46.7,dash
0.25,0.551,-0.195,0.032,-46.7,46.7,dash
0.25,0.551,-0.195,0.032,-46.7,46.7,dash
0.25,0.550,-0.195,0.032,-46.7,46.7,dash
0.25,0.550,-0.195,0.032,-46.7,46.7,dash
0.25,0.550,-0.195,0.032,-46.7,46.7,dash
0.25,0.550,-0.195,0.032,-46.7,46.7,dash
0.25,0.550,-0.195,0.032,-46.7,46.7,dash
0.25,0.550,-0.195,0.032,-46.7,46.7,dash
0.25,0.550,-0.195,0.032,-46.7,46.7,dash
0.25,0.550,-0.195,0.032,-46.7,46.7,dash
0.25,0.549,-0.195,0.032,-46.7,46.7,dash
0.25,0.549,-0.195,0.032,-46.7,46.7,dash
0.25,0.549,-0.195,0.032,-46.7,46.7,dash
0.26,0.549,-0.195,0.032,-46.7,46.7,dash
0.26,0.549,-0.195,0.032,-46.7,46.7,dash
0.26,0.549,-0.195,0.032,-46.7,46.7,dash
0.26,0.549,-0.195,0.032,-46.7,46.7,dash
0.26,0.549,-0.195,0.032,-46.7,46.7,dash
0.26,0.549,-0.195,0.032,-46.7,46.7,dash
0.26,0.548,-0.195,0.032,-46.7,46.7,dash
0.26,0.548,-0.195,0.032,-46.7,46.7,dash
0.26,0.548,-0.195,0.032,-46.7,46.7,dash
0.26,0.548,-0.195,0.032,-46.7,46.7,dash
0.26,0.548,-0.195,0.032,-46.7,46.7,dash
0.26,0.548,-0.195,0.032,-46.7,46.7,dash
0.26,0.548,-0.195,0.032,-46.7,46.7,dash
0.26,0.548,-0.195,0.032,-46.7,46.7,dash
0.26,0.548,-0.195,0.032,-46.7,46.7,dash
0.26,0.548,-0.195,0.032,-46.7,46.7,dash
0.26,0.547,-0.195,0.032,-46.7,46.7,dash
0.26,0.547,-0.195,0.032,-46.7,46.7,dash
0.26,0.547,-0.195,0.032,-46.7,46.7,dash
0.26,0.547,-0.195,0.032,-46.7,46.7,dash
0.26,0.547,-0.195,0.032,-46.7,46.7,dash
0.26,0.547,-0.195,0.032,-46.7,46.7,dash
0.26,0.547,-0.195,0.032,-46.7,46.7,dash
0.27,0.546,-0.195,0.032,-46.7,46.7,dash
0.27,0.546,-0.195,0.032,-46.7,46.7,dash
0.27,0.546,-0.195,0.032,-46.7,46.7,dash
0.27,0.546,-0.195,0.032,-46.7,46.7,dash
0.27,0.546,-0.195,0.032,-46.7,46.7,dash
0.27,0.546,-0.195,0.032,-46.7,46.7,dash
0.27,0.546,-0.195,0.032,-46.7,46.7,dash
0.27,0.546,-0.195,0.032,-46.7,46.7,dash
0.27,0.546,-0.195,0.032,-46.7,46.7,dash
0.27,0.546,-0.195,0.032,-46.7,46.7,dash
0.27,0.546,-0.195,0.032,-46.7,46.7,dash
0.27,0.545,-0.195,0.032,-46.7,46.7,dash
0.27,0.545,-0.195,0.032,-46.7,46.7,dash
0.27,0.545,-0.195,0.032,-46.7,46.7,dash
0.27,0.545,-0.195,0.032,-46.7,46.7,dash
0.27,0.545,-0.195,0.032,-46.7,46.7,dash
0.27,0.545,-0.195,0.032,-46.7,46.7,dash
0.27,0.545,-0.195,0.032,-46.7,46.7,dash
0.27,0.545,-0.195,0.032,-46.7,46.7,dash
0.27,0.545,-0.195,0.032,-46.7,46.7,dash
0.27,0.544,-0.195,0.032,-46.7,46.7,dash
0.27,0.544,-0.195,0.032,-46.7,46.7,dash
0.27,0.544,-0.195,0.032,-46.7,46.7,dash
0.27,0.544,-0.195,0.032,-46.7,46.7,dash
0.27,0.544,-0.195,0.032,-46.7,46.7,dash
0.27,0.544,-0.195,0.032,-46.7,46.7,dash
0.28,0.544,-0.195,0.032,-46.7,46.7,dash
0.28,0.544,-0.195,0.032,-46.7,46.7,dash
0.28,0.544,-0.195,0.032,-46.7,46.7,dash
0.28,0.544,-0.195,0.032,-46.7,46.7,dash
0.28,0.544,-0.195,0.032,-46.7,46.7,dash
0.28,0.543,-0.195,0.032,-46.7,46.7,dash
0.28,0.543,-0.195,0.032,-46.7,46.7,dash
0.28,0.543,-0.195,0.032,-46.7,46.7,dash
0.28,0.543,-0.195,0.032,-46.7,46.7,dash
0.28,0.543,-0.195,0.032,-46.7,46.7,dash
0.28,0.543,-0.195,0.032,-46.7,46.7,dash
0.28,0.543,-0.195,0.032,-46.7,46.7,dash
0.28,0.542,-0.195,0.032,-46.7,46.7,dash
0.28,0.542,-0.195,0.032,-46.7,46.7,dash
0.28,0.542,-0.195,0.032,-46.7,46.7,dash
0.28,0.542,-0.195,0.032,-46.7,46.7,dash
0.28,0.542,-0.195,0.032,-46.7,46.7,dash
0.28,0.542,-0.195,0.032,-46.7,46.7,dash
0.28,0.542,-0.195,0.032,-46.7,46.7,dash
0.28,0.542,-0.195,0.032,-46.7,46.7,dash
0.28,0.542,-0.195,0.032,-46.7,46.7,dash
0.28,0.542,-0.195,0.032,-46.7,46.7,dash
0.28,0.542,-0.195,0.032,-46.7,46.7,dash
0.28,0.541,-0.195,0.032,-46.7,46.7,dash
0.28,0.541,-0.195,0.032,-46.7,46.7,dash
0.28,0.541,-0.195,0.032,-46.7,46.7,dash
0.29,0.541,-0.195,0.032,-46.7,46.7,dash
0.29,0.541,-0.195,0.032,-46.7,46.7,dash
0.29,0.541,-0.195,0.032,-46.7,46.7,dash
0.29,0.541,-0.195,0.032,-46.7,46.7,dash
0.29,0.541,-0.195,0.032,-46.7,46.7,dash
0.29,0.541,-0.195,0.032,-46.7,46.7,dash
0.29,0.541,-0.195,0.032,-46.7,46.7,dash
0.29,0.540,-0.195,0.032,-46.7,46.7,dash
0.29,0.540,-0.195,0.032,-46.7,46.7,dash
0.29,0.540,-0.195,0.032,-46.7,46.7,dash
0.29,0.540,-0.195,0.032,-46.7,46.7,dash
0.29,0.540,-0.195,0.032,-46.7,46.7,dash
0.29,0.540,-0.195,0.032,-46.7,46.7,dash
0.29,0.540,-0.195,0.032,-46.7,46.7,dash
0.29,0.540,-0.195,0.032,-46.7,46.7,dash
0.29,0.539,-0.195,0.032,-46.7,46.7,dash
0.29,0.539,-0.195,0.032,-46.7,46.7,dash
0.29,0.539,-0.195,0.032,-46.7,46.7,dash
0.29,0.539,-0.195,0.032,-46.7,46.7,dash
0.29,0.539,-0.195,0.032,-46.7,46.7,dash
0.29,0.539,-0.195,0.032,-46.7,46.7,dash
0.29,0.539,-0.195,0.032,-46.7,46.7,dash
0.29,0.539,-0.195,0.032,-46.7,46.7,dash
0.29,0.539,-0.195,0.032,-46.7,46.7,dash
0.29,0.539,-0.195,0.032,-46.7,46.7,dash
0.29,0.538,-0.195,0.032,-46.7,46.7,dash
0.30,0.538,-0.195,0.032,-46.7,46.7,dash
0.30,0.538,-0.195,0.032,-46.7,46.7,dash
0.30,0.538,-0.195,0.032,-46.7,46.7,dash
0.30,0.538,-0.195,0.032,-46.7,46.7,dash
0.30,0.538,-0.195,0.032,-46.7,46.7,dash
0.30,0.538,-0.195,0.032,-46.7,46.7,dash
0.30,0.538,-0.195,0.032,-46.7,46.7,dash
0.30,0.537,-0.195,0.032,-46.7,46.7,dash
0.30,0.537,-0.195,0.032,-46.7,46.7,dash
0.30,0.537,-0.195,0.032,-46.7,46.7,dash
0.30,0.537,-0.195,0.032,-46.7,46.7,dash
0.30,0.537,-0.195,0.032,-46.7,46.7,dash
0.30,0.537,-0.195,0.032,-46.7,46.7,dash
0.30,0.537,-0.195,0.032,-46.7,46.7,dash
0.30,0.537,-0.195,0.032,-46.7,46.7,dash
0.30,0.537,-0.195,0.032,-46.7,46.7,dash
0.30,0.537,-0.195,0.032,-46.7,46.7,dash
0.30,0.537,-0.195,0.032,-46.7,46.7,dash
0.30,0.536,-0.195,0.032,-46.7,46.7,dash
0.30,0.536,-0.195,0.032,-46.7,46.7,dash
0.30,0.536,-0.195,0.032,-46.7,46.7,dash
0.30,0.536,-0.195,0.032,-46.7,46.7,dash
0.30,0.536,-0.195,0.032,-46.7,46.7,dash
0.30,0.536,-0.195,0.032,-46.7,46.7,dash
0.30,0.536,-0.195,0.032,-46.7,46.7,dash
0.31,0.535,-0.195,0.032,-46.7,46.7,dash
0.31,0.535,-0.195,0.032,-46.7,46.7,dash
0.31,0.535,-0.195,0.032,-46.7,46.7,dash
0.31,0.535,-0.195,0.032,-46.7,46.7,dash
0.31,0.535,-0.195,0.032,-46.7,46.7,dash
0.31,0.535,-0.195,0.032,-46.7,46.7,dash
0.31,0.534,-0.195,0.032,-46.7,46.7,dash
0.31,0.534,-0.195,0.032,-46.7,46.7,dash
0.31,0.534,-0.195,0.032,-46.7,46.7,dash
0.31,0.534,-0.195,0.032,-46.7,46.7,dash
0.31,0.534,-0.195,0.032,-46.7,46.7,dash
0.31,0.534,-0.195,0.032,-46.7,46.7,dash
0.31,0.534,-0.195,0.032,-46.7,46.7,dash
0.31,0.534,-0.195,0.032,-46.7,46.7,dash
0.31,0.534,-0.195,0.032,-46.7,46.7,dash
0.31,0.534,-0.195,0.032,-46.7,46.7,dash
0.31,0.534,-0.195,0.032,-46.7,46.7,dash
0.31,0.533,-0.195,0.032,-46.7,46.7,dash
0.31,0.533,-0.195,0.032,-46.7,46.7,dash
0.31,0.533,-0.195,0.032,-46.7,46.7,dash
0.31,0.533,-0.195,0.032,-46.7,46.7,dash
0.31,0.533,-0.195,0.032,-46.7,46.7,dash
0.31,0.533,-0.195,0.032,-46.7,46.7,dash
0.31,0.533,-0.195,0.032,-46.7,46.7,dash
0.31,0.533,-0.195,0.032,-46.7,46.7,dash
0.32,0.532,-0.195,0.032,-46.7,46.7,dash
0.32,0.532,-0.195,0.032,-46.7,46.7,dash
0.32,0.532,-0.195,0.032,-46.7,46.7,dash
0.32,0.532,-0.195,0.032,-46.7,46.7,dash
0.32,0.532,-0.195,0.032,-46.7,46.7,dash
0.32,0.532,-0.195,0.032,-46.7,46.7,dash
0.32,0.531,-0.195,0.032,-46.7,46.7,dash
0.32,0.531,-0.195,0.032,-46.7,46.7,dash
0.32,0.531,-0.195,0.032,-46.7,46.7,dash
0.32,0.531,-0.195,0.032,-46.7,46.7,dash
0.32,0.531,-0.195,0.032,-46.7,46.7,dash
0.32,0.531,-0.195,0.032,-46.7,46.7,dash
0.32,0.531,-0.195,0.032,-46.7,46.7,dash
0.32,0.531,-0.195,0.032,-46.7,46.7,dash
0.32,0.531,-0.195,0.032,-46.7,46.7,dash
0.32,0.531,-0.195,0.032,-46.7,46.7,dash
0.32,0.530,-0.195,0.032,-46.7,46.7,dash
0.32,0.530,-0.195,0.032,-46.7,46.7,dash
0.32,0.530,-0.195,0.032,-46.7,46.7,dash
0.32,0.530,-0.195,0.032,-46.7,46.7,dash
0.32,0.530,-0.195,0.032,-46.7,46.7,dash
0.32,0.530,-0.195,0.032,-46.7,46.7,dash
0.32,0.530,-0.195,0.032,-46.7,46.7,dash
0.33,0.529,-0.195,0.032,-46.7,46.7,dash
0.33,0.529,-0.195,0.032,-46.7,46.7,dash
0.33,0.529,-0.195,0.032,-46.7,46.7,dash
0.33,0.529,-0.195,0.032,-46.7,46.7,dash
0.33,0.529,-0.195,0.032,-46.7,46.7,dash
0.33,0.529,-0.195,0.032,-46.7,46.7,dash
0.33,0.528,-0.195,0.032,-46.7,46.7,dash
0.33,0.528,-0.195,0.032,-46.7,46.7,dash
0.33,0.528,-0.195,0.032,-46.7,46.7,dash
0.33,0.528,-0.195,0.032,-46.7,46.7,dash
0.33,0.528,-0.195,0.032,-46.7,46.7,dash
0.33,0.528,-0.195,0.032,-46.7,46.7,dash
0.33,0.528,-0.195,0.032,-46.7,46.7,dash
0.33,0.528,-0.195,0.032,-46.7,46.7,dash
0.33,0.528,-0.195,0.032,-46.7,46.7,dash
0.33,0.528,-0.195,0.032,-46.7,46.7,dash
0.33,0.528,-0.195,0.032,-46.7,46.7,dash
0.33,0.527,-0.195,0.032,-46.7,46.7,dash
0.33,0.527,-0.195,0.032,-46.7,46.7,dash
0.33,0.527,-0.195,0.032,-46.7,46.7,dash
0.33,0.527,-0.195,0.032,-46.7,46.7,dash
0.33,0.527,-0.195,0.032,-46.7,46.7,dash
0.33,0.527,-0.195,0.032,-46.7,46.7,dash
0.33,0.527,-0.195,0.032,-46.7,46.7,dash
0.34,0.526,-0.195,0.032,-46.7,46.7,dash
0.34,0.526,-0.195,0.032,-46.7,46.7,dash
0.34,0.526,-0.195,0.032,-46.7,46.7,dash
0.34,0.526,-0.195,0.032,-46.7,46.7,dash
0.34,0.526,-0.195,0.032,-46.7,46.7,dash
0.34,0.526,-0.195,0.032,-46.7,46.7,dash
0.34,0.526,-0.195,0.032,-46.7,46.7,dash
0.34,0.526,-0.195,0.032,-46.7,46.7,dash
0.34,0.525,-0.195,0.032,-46.7,46.7,dash
0.34,0.525,-0.195,0.032,-46.7,46.7,dash
0.34,0.525,-0.195,0.032,-46.7,46.7,dash
0.34,0.525,-0.195,0.032,-46.7,46.7,dash
0.34,0.525,-0.195,0.032,-46.7,46.7,dash
0.34,0.525,-0.195,0.032,-46.7,46.7,dash
0.34,0.525,-0.195,0.032,-46.7,46.7,dash
0.34,0.525,-0.195,0.032,-46.7,46.7,dash
0.34,0.525,-0.195,0.032,-46.7,46.7,dash
0.34,0.525,-0.195,0.032,-46.7,46.7,dash
0.34,0.524,-0.195,0.032,-46.7,46.7,dash
0.34,0.524,-0.195,0.032,-46.7,46.7,dash
0.34,0.524,-0.195,0.032,-46.7,46.7,dash
0.34,0.524,-0.195,0.032,-46.7,46.7,dash
0.34,0.524,-0.195,0.032,-46.7,46.7,dash
0.34,0.524,-0.195,0.032,-46.7,46.7,dash
0.34,0.524,-0.195,0.032,-46.7,46.7,dash
0.34,0.524,-0.195,0.032,-46.7,46.7,dash
0.35,0.523,-0.195,0.032,-46.7,46.7,dash
0.35,0.523,-0.195,0.032,-46.7,46.7,dash
0.35,0.523,-0.195,0.032,-46.7,46.7,dash
0.35,0.523,-0.195,0.032,-46.7,46.7,dash
0.35,0.523,-0.195,0.032,-46.7,46.7,dash
0.35,0.523,-0.195,0.032,-46.7,46.7,dash
0.35,0.523,-0.195,0.032,-46.7,46.7,dash
0.35,0.522,-0.195,0.032,-46.7,46.7,dash
0.35,0.522,-0.195,0.032,-46.7,46.7,dash
0.35,0.522,-0.195,0.032,-46.7,46.7,dash
0.35,0.522,-0.195,0.032,-46.7,46.7,dash
0.35,0.522,-0.195,0.032,-46.7,46.7,dash
0.35,0.522,-0.195,0.032,-46.7,46.7,dash
0.35,0.522,-0.195,0.032,-46.7,46.7,dash
0.35,0.522,-0.195,0.032,-46.7,46.7,dash
0.35,0.522,-0.195,0.032,-46.7,46.7,dash
0.35,0.522,-0.195,0.032,-46.7,46.7,dash
0.35,0.521,-0.195,0.032,-46.7,46.7,dash
0.35,0.521,-0.195,0.032,-46.7,46.7,dash
0.35,0.521,-0.195,0.032,-46.7,46.7,dash
0.35,0.521,-0.195,0.032,-46.7,46.7,dash
0.35,0.521,-0.195,0.032,-46.7,46.7,dash
0.35,0.521,-0.195,0.032,-46.7,46.7,dash
0.36,0.520,-0.195,0.032,-46.7,46.7,dash
0.36,0.520,-0.195,0.032,-46.7,46.7,dash
0.36,0.520,-0.195,0.032,-46.7,46.7,dash
0.36,0.520,-0.195,0.032,-46.7,46.7,dash
0.36,0.520,-0.195,0.032,-46.7,46.7,dash
0.36,0.520,-0.195,0.032,-46.7,46.7,dash
0.36,0.520,-0.195,0.032,-46.7,46.7,dash
0.36,0.520,-0.195,0.032,-46.7,46.7,dash
0.36,0.519,-0.195,0.032,-46.7,46.7,dash
0.36,0.519,-0.195,0.032,-46.7,46.7,dash
0.36,0.519,-0.195,0.032,-46.7,46.7,dash
0.36,0.519,-0.195,0.032,-46.7,46.7,dash
0.36,0.519,-0.195,0.032,-46.7,46.7,dash
0.36,0.519,-0.195,0.032,-46.7,46.7,dash
0.36,0.519,-0.195,0.032,-46.7,46.7,dash
0.36,0.519,-0.195,0.032,-46.7,46.7,dash
0.36,0.519,-0.195,0.032,-46.7,46.7,dash
0.36,0.518,-0.195,0.032,-46.7,46.7,dash
0.36,0.518,-0.195,0.032,-46.7,46.7,dash
0.36,0.518,-0.195,0.032,-46.7,46.7,dash
0.36,0.518,-0.195,0.032,-46.7,46.7,dash
0.36,0.518,-0.195,0.032,-46.7,46.7,dash
0.36,0.518,-0.195,0.032,-46.7,46.7,dash
0.36,0.518,-0.195,0.032,-46.7,46.7,dash
0.36,0.518,-0.195,0.032,-46.7,46.7,dash
0.37,0.517,-0.195,0.032,-46.7,46.7,dash
0.37,0.517,-0.195,0.032,-46.7,46.7,dash
0.37,0.517,-0.195,0.032,-46.7,46.7,dash
0.37,0.517,-0.195,0.032,-46.7,46.7,dash
0.37,0.517,-0.195,0.032,-46.7,46.7,dash
0.37,0.517,-0.195,0.032,-46.7,46.7,dash
0.37,0.517,-0.195,0.032,-46.7,46.7,dash
0.37,0.516,-0.195,0.032,-46.7,46.7,dash
0.37,0.516,-0.195,0.032,-46.7,46.7,dash
0.37,0.516,-0.195,0.032,-46.7,46.7,dash
0.37,0.516,-0.195,0.032,-46.7,46.7,dash
0.37,0.516,-0.195,0.032,-46.7,46.7,dash
0.37,0.516,-0.195,0.032,-46.7,46.7,dash
0.37,0.516,-0.195,0.032,-46.7,46.7,dash
0.37,0.516,-0.195,0.032,-46.7,46.7,dash
0.37,0.516,-0.195,0.032,-46.7,46.7,dash
0.37,0.516,-0.195,0.032,-46.7,46.7,dash
0.37,0.515,-0.195,0.032,-46.7,46.7,dash
0.37,0.515,-0.195,0.032,-46.7,46.7,dash
0.37,0.515,-0.195,0.032,-46.7,46.7,dash
0.37,0.515,-0.195,0.032,-46.7,46.7,dash
0.37,0.515,-0.195,0.032,-46.7,46.7,dash
0.37,0.515,-0.195,0.032,-46.7,46.7,dash
0.37,0.515,-0.195,0.032,-46.7,46.7,dash
0.37,0.515,-0.195,0.032,-46.7,46.7,dash
0.38,0.514,-0.195,0.032,-46.7,46.7,dash
0.38,0.514,-0.195,0.032,-46.7,46.7,dash
0.38,0.514,-0.195,0.032,-46.7,46.7,dash
0.38,0.514,-0.195,0.032,-46.7,46.7,dash
0.38,0.514,-0.195,0.032,-46.7,46.7,dash
0.38,0.514,-0.195,0.032,-46.7,46.7,dash
0.38,0.514,-0.195,0.032,-46.7,46.7,dash
0.38,0.513,-0.195,0.032,-46.7,46.7,dash
0.38,0.513,-0.195,0.032,-46.7,46.7,dash
0.38,0.513,-0.195,0.032,-46.7,46.7,dash
0.38,0.513,-0.195,0.032,-46.7,46.7,dash
0.38,0.513,-0.195,0.032,-46.7,46.7,dash
0.38,0.513,-0.195,0.032,-46.7,46.7,dash
0.38,0.513,-0.195,0.032,-46.7,46.7,dash
0.38,0.513,-0.195,0.032,-46.7,46.7,dash
0.38,0.513,-0.195,0.032,-46.7,46.7,dash
0.38,0.513,-0.195,0.032,-46.7,46.7,dash
0.38,0.512,-0.195,0.032,-46.7,46.7,dash
0.38,0.512,-0.195,0.032,-46.7,46.7,dash
0.38,0.512,-0.195,0.032,-46.7,46.7,dash
0.38,0.512,-0.195,0.032,-46.7,46.7,dash
0.38,0.512,-0.195,0.032,-46.7,46.7,dash
0.38,0.512,-0.195,0.032,-46.7,46.7,dash
0.39,0.511,-0.195,0.032,-46.7,46.7,dash
0.39,0.511,-0.195,0.032,-46.7,46.7,dash
0.39,0.511,-0.195,0.032,-46.7,46.7,dash
0.39,0.511,-0.195,0.032,-46.7,46.7,dash
0.39,0.511,-0.195,0.032,-46.7,46.7,dash
0.39,0.511,-0.195,0.032,-46.7,46.7,dash
0.39,0.511,-0.195,0.032,-46.7,46.7,dash
0.39,0.511,-0.195,0.032,-46.7,46.7,dash
0.39,0.511,-0.195,0.032,-46.7,46.7,dash
0.39,0.510,-0.195,0.032,-46.7,46.7,dash
0.39,0.510,-0.195,0.032,-46.7,46.7,dash
0.39,0.510,-0.195,0.032,-46.7,46.7,dash
0.39,0.510,-0.195,0.032,-46.7,46.7,dash
0.39,0.510,-0.195,0.032,-46.7,46.7,dash
0.39,0.510,-0.195,0.032,-46.7,46.7,dash
0.39,0.510,-0.195,0.032,-46.7,46.7,dash
0.39,0.510,-0.195,0.032,-46.7,46.7,dash
0.39,0.509,-0.195,0.032,-46.7,46.7,dash
0.39,0.509,-0.195,0.032,-46.7,46.7,dash
0.39,0.509,-0.195,0.032,-46.7,46.7,dash
0.39,0.509,-0.195,0.032,-46.7,46.7,dash
0.39,0.509,-0.195,0.032,-46.7,46.7,dash
0.39,0.509,-0.195,0.032,-46.7,46.7,dash
0.39,0.509,-0.195,0.032,-46.7,46.7,dash
0.40,0.508,-0.195,0.032,-46.7,46.7,dash
0.40,0.508,-0.195,0.032,-46.7,46.7,dash
0.40,0.508,-0.195,0.032,-46.7,46.7,dash
0.40,0.508,-0.195,0.032,-46.7,46.7,dash
0.40,0.508,-0.195,0.032,-46.7,46.7,dash
0.40,0.508,-0.195,0.032,-46.7,46.7,dash
0.40,0.508,-0.195,0.032,-46.7,46.7,dash
0.40,0.508,-0.195,0.032,-46.7,46.7,dash
0.40,0.508,-0.195,0.032,-46.7,46.7,dash
0.40,0.507,-0.195,0.032,-46.7,46.7,dash
0.40,0.507,-0.195,0.032,-46.7,46.7,dash
0.40,0.507,-0.195,0.032,-46.7,46.7,dash
0.40,0.507,-0.195,0.032,-46.7,46.7,dash
0.40,0.507,-0.195,0.032,-46.7,46.7,dash
0.40,0.507,-0.195,0.032,-46.7,46.7,dash
0.40,0.506,-0.195,0.032,-46.7,46.7,dash
0.40,0.506,-0.195,0.032,-46.7,46.7,dash
0.40,0.506,-0.195,0.032,-46.7,46.7,dash
0.40,0.506,-0.195,0.032,-46.7,46.7,dash
0.40,0.506,-0.195,0.032,-46.7,46.7,dash
0.40,0.506,-0.195,0.032,-46.7,46.7,dash
0.40,0.506,-0.195,0.032,-46.7,46.7,dash
0.41,0.505,-0.195,0.032,-46.7,46.7,dash
0.41,0.505,-0.195,0.032,-46.7,46.7,dash
0.41,0.505,-0.195,0.032,-46.7,46.7,dash
0.41,0.505,-0.195,0.032,-46.7,46.7,dash
0.41,0.505,-0.195,0.032,-46.7,46.7,dash
0.41,0.505,-0.195,0.032,-46.7,46.7,dash
0.41,0.505,-0.195,0.032,-46.7,46.7,dash
0.41,0.505,-0.195,0.032,-46.7,46.7,dash
0.41,0.505,-0.195,0.032,-46.7,46.7,dash
0.41,0.505,-0.195,0.032,-46.7,46.7,dash
0.41,0.504,-0.195,0.032,-46.7,46.7,dash
0.41,0.504,-0.195,0.032,-46.7,46.7,dash
0.41,0.504,-0.195,0.032,-46.7,46.7,dash
0.41,0.504,-0.195,0.032,-46.7,46.7,dash
0.41,0.504,-0.195,0.032,-46.7,46.7,dash
0.41,0.504,-0.195,0.032,-46.7,46.7,dash
0.41,0.504,-0.195,0.032,-46.7,46.7,dash
0.41,0.504,-0.195,0.032,-46.7,46.7,dash
0.41,0.503,-0.195,0.032,-46.7,46.7,dash
0.41,0.503,-0.195,0.032,-46.7,46.7,dash
0.41,0.503,-0.195,0.032,-46.7,46.7,dash
0.41,0.503,-0.195,0.032,-46.7,46.7,dash
0.41,0.503,-0.195,0.032,-46.7,46.7,dash
0.41,0.503,-0.195,0.032,-46.7,46.7,dash
0.41,0.503,-0.195,0.032,-46.7,46.7,dash
0.41,0.503,-0.195,0.032,-46.7,46.7,dash
0.42,0.502,-0.195,0.032,-46.7,46.7,dash
0.42,0.502,-0.195,0.032,-46.7,46.7,dash
0.42,0.502,-0.195,0.032,-46.7,46.7,dash
0.42,0.502,-0.195,0.032,-46.7,46.7,dash
0.42,0.502,-0.195,0.032,-46.7,46.7,dash
0.42,0.502,-0.195,0.032,-46.7,46.7,dash
0.42,0.502,-0.195,0.032,-46.7,46.7,dash
0.42,0.502,-0.195,0.032,-46.7,46.7,dash
0.42,0.502,-0.195,0.032,-46.7,46.7,dash
0.42,0.501,-0.195,0.032,-46.7,46.7,dash
0.42,0.501,-0.195,0.032,-46.7,46.7,dash
0.42,0.501,-0.195,0.032,-46.7,46.7,dash
0.42,0.501,-0.195,0.032,-46.7,46.7,dash
0.42,0.501,-0.195,0.032,-46.7,46.7,dash
0.42,0.501,-0.195,0.032,-46.7,46.7,dash
0.42,0.501,-0.195,0.032,-46.7,46.7,dash
0.42,0.500,-0.195,0.032,-46.7,46.7,dash
0.42,0.500,-0.195,0.032,-46.7,46.7,dash
0.42,0.500,-0.195,0.032,-46.7,46.7,dash
0.42,0.500,-0.195,0.032,-46.7,46.7,dash
0.42,0.500,-0.195,0.032,-46.7,46.7,dash
0.42,0.500,-0.195,0.032,-46.7,46.7,dash
0.42,0.500,-0.195,0.032,-46.7,46.7,dash
0.43,0.499,-0.195,0.032,-46.7,46.7,dash
0.43,0.499,-0.195,0.032,-46.7,46.7,dash
0.43,0.499,-0.195,0.032,-46.7,46.7,dash
0.43,0.499,-0.195,0.032,-46.7,46.7,dash
0.43,0.499,-0.195,0.032,-46.7,46.7,dash
0.43,0.499,-0.195,0.032,-46.7,46.7,dash
0.43,0.499,-0.195,0.032,-46.7,46.7,dash
0.43,0.499,-0.195,0.032,-46.7,46.7,dash
0.43,0.499,-0.195,0.032,-46.7,46.7,dash
0.43,0.499,-0.195,0.032,-46.7,46.7,dash
0.43,0.498,-0.195,0.032,-46.7,46.7,dash
0.43,0.498,-0.195,0.032,-46.7,46.7,dash
0.43,0.498,-0.195,0.032,-46.7,46.7,dash
0.43,0.498,-0.195,0.032,-46.7,46.7,dash
0.43,0.498,-0.195,0.032,-46.7,46.7,dash
0.43,0.498,-0.195,0.032,-46.7,46.7,dash
0.43,0.497,-0.195,0.032,-46.7,46.7,dash
0.43,0.497,-0.195,0.032,-46.7,46.7,dash
0.43,0.497,-0.195,0.032,-46.7,46.7,dash
0.43,0.497,-0.195,0.032,-46.7,46.7,dash
0.43,0.497,-0.195,0.032,-46.7,46.7,dash
0.43,0.497,-0.195,0.032,-46.7,46.7,dash
0.43,0.497,-0.195,0.032,-46.7,46.7,dash
0.43,0.497,-0.195,0.032,-46.7,46.7,dash
0.44,0.496,-0.195,0.032,-46.7,46.7,dash
0.44,0.496,-0.195,0.032,-46.7,46.7,dash
0.44,0.496,-0.195,0.032,-46.7,46.7,dash
0.44,0.496,-0.195,0.032,-46.7,46.7,dash
0.44,0.496,-0.195,0.032,-46.7,46.7,dash
0.44,0.496,-0.195,0.032,-46.7,46.7,dash
0.44,0.496,-0.195,0.032,-46.7,46.7,dash
0.44,0.496,-0.195,0.032,-46.7,46.7,dash
0.44,0.496,-0.195,0.032,-46.7,46.7,dash
0.44,0.496,-0.195,0.032,-46.7,46.7,dash
0.44,0.495,-0.195,0.032,-46.7,46.7,dash
0.44,0.495,-0.195,0.032,-46.7,46.7,dash
0.44,0.495,-0.195,0.032,-46.7,46.7,dash
0.44,0.495,-0.195,0.032,-46.7,46.7,dash
0.44,0.495,-0.195,0.032,-46.7,46.7,dash
0.44,0.495,-0.195,0.032,-46.7,46.7,dash
0.44,0.495,-0.195,0.032,-46.7,46.7,dash
0.44,0.494,-0.195,0.032,-46.7,46.7,dash
0.44,0.494,-0.195,0.032,-46.7,46.7,dash
0.44,0.494,-0.195,0.032,-46.7,46.7,dash
0.44,0.494,-0.195,0.032,-46.7,46.7,dash
0.44,0.494,-0.195,0.032,-46.7,46.7,dash
0.44,0.494,-0.195,0.032,-46.7,46.7,dash
0.44,0.494,-0.195,0.032,-46.7,46.7,dash
0.45,0.493,-0.195,0.032,-46.7,46.7,dash
0.45,0.493,-0.195,0.032,-46.7,46.7,dash
0.45,0.493,-0.195,0.032,-46.7,46.7,dash
0.45,0.493,-0.195,0.032,-46.7,46.7,dash
0.45,0.493,-0.195,0.032,-46.7,46.7,dash
0.45,0.493,-0.195,0.032,-46.7,46.7,dash
0.45,0.493,-0.195,0.032,-46.7,46.7,dash
0.45,0.493,-0.195,0.032,-46.7,46.7,dash
0.45,0.493,-0.195,0.032,-46.7,46.7,dash
0.45,0.493,-0.195,0.032,-46.7,46.7,dash
0.45,0.492,-0.195,0.032,-46.7,46.7,dash
0.45,0.492,-0.195,0.032,-46.7,46.7,dash
0.45,0.492,-0.195,0.032,-46.7,46.7,dash
0.45,0.492,-0.195,0.032,-46.7,46.7,dash
0.45,0.492,-0.195,0.032,-46.7,46.7,dash
0.45,0.492,-0.195,0.032,-46.7,46.7,dash
0.45,0.492,-0.195,0.032,-46.7,46.7,dash
0.45,0.491,-0.195,0.032,-46.7,46.7,dash
0.45,0.491,-0.195,0.032,-46.7,46.7,dash
0.45,0.491,-0.195,0.032,-46.7,46.7,dash
0.45,0.491,-0.195,0.032,-46.7,46.7,dash
0.45,0.491,-0.195,0.032,-46.7,46.7,dash
0.45,0.491,-0.195,0.032,-46.7,46.7,dash
0.45,0.491,-0.195,0.032,-46.7,46.7,dash
0.46,0.490,-0.195,0.032,-46.7,46.7,dash
0.46,0.490,-0.195,0.032,-46.7,46.7,dash
0.46,0.490,-0.195,0.032,-46.7,46.7,dash
0.46,0.490,-0.195,0.032,-46.7,46.7,dash
0.46,0.490,-0.195,0.032,-46.7,46.7,dash
0.46,0.490,-0.195,0.032,-46.7,46.7,dash
0.46,0.490,-0.195,0.032,-46.7,46.7,dash
0.46,0.490,-0.195,0.032,-46.7,46.7,dash
0.46,0.490,-0.195,0.032,-46.7,46.7,dash
0.46,0.489,-0.195,0.032,-46.7,46.7,dash
0.46,0.489,-0.195,0.032,-46.7,46.7,dash
0.46,0.489,-0.195,0.032,-46.7,46.7,dash
0.46,0.489,-0.195,0.032,-46.7,46.7,dash
0.46,0.489,-0.195,0.032,-46.7,46.7,dash
0.46,0.489,-0.195,0.032,-46.7,46.7,dash
0.46,0.489,-0.195,0.032,-46.7,46.7,dash
0.46,0.489,-0.195,0.032,-46.7,46.7,dash
0.46,0.488,-0.195,0.032,-46.7,46.7,dash
0.46,0.488,-0.195,0.032,-46.7,46.7,dash
0.46,0.488,-0.195,0.032,-46.7,46.7,dash
0.46,0.488,-0.195,0.032,-46.7,46.7,dash
0.46,0.488,-0.195,0.032,-46.7,46.7,dash
0.46,0.488,-0.195,0.032,-46.7,46.7,dash
0.47,0.488,-0.195,0.032,-46.7,46.7,dash
0.47,0.488,-0.195,0.032,-46.7,46.7,dash
0.47,0.487,-0.195,0.032,-46.7,46.7,dash
0.47,0.487,-0.195,0.032,-46.7,46.7,dash
0.47,0.487,-0.195,0.032,-46.7,46.7,dash
0.47,0.487,-0.195,0.032,-46.7,46.7,dash
0.47,0.487,-0.195,0.032,-46.7,46.7,dash
0.47,0.487,-0.195,0.032,-46.7,46.7,dash
0.47,0.487,-0.195,0.032,-46.7,46.7,dash
0.47,0.487,-0.195,0.032,-46.7,46.7,dash
0.47,0.486,-0.195,0.032,-46.7,46.7,dash
0.47,0.486,-0.195,0.032,-46.7,46.7,dash
0.47,0.486,-0.195,0.032,-46.7,46.7,dash
0.47,0.486,-0.195,0.032,-46.7,46.7,dash
0.47,0.486,-0.195,0.032,-46.7,46.7,dash
0.47,0.486,-0.195,0.032,-46.7,46.7,dash
0.47,0.486,-0.195,0.032,-46.7,46.7,dash
0.47,0.485,-0.195,0.032,-46.7,46.7,dash
0.47,0.485,-0.195,0.032,-46.7,46.7,dash
0.47,0.485,-0.195,0.032,-46.7,46.7,dash
0.47,0.485,-0.195,0.032,-46.7,46.7,dash
0.47,0.485,-0.195,0.032,-46.7,46.7,dash
0.47,0.485,-0.195,0.032,-46.7,46.7,dash
0.47,0.485,-0.195,0.032,-46.7,46.7,dash
0.47,0.485,-0.195,0.032,-46.7,46.7,dash
0.48,0.485,-0.195,0.032,-46.7,46.7,dash
0.48,0.485,-0.195,0.032,-46.7,46.7,dash
0.48,0.485,-0.195,0.032,-46.7,46.7,dash
0.48,0.484,-0.195,0.032,-46.7,46.7,dash
0.48,0.484,-0.195,0.032,-46.7,46.7,dash
0.48,0.484,-0.195,0.032,-46.7,46.7,dash
0.48,0.484,-0.195,0.032,-46.7,46.7,dash
0.48,0.484,-0.195,0.032,-46.7,46.7,dash
0.48,0.484,-0.195,0.032,-46.7,46.7,dash
0.48,0.484,-0.195,0.032,-46.7,46.7,dash
0.48,0.483,-0.195,0.032,-46.7,46.7,dash
0.48,0.483,-0.195,0.032,-46.7,46.7,dash
0.48,0.483,-0.195,0.032,-46.7,46.7,dash
0.48,0.483,-0.195,0.032,-46.7,46.7,dash
0.48,0.483,-0.195,0.032,-46.7,46.7,dash
0.48,0.483,-0.195,0.032,-46.7,46.7,dash
0.48,0.483,-0.195,0.032,-46.7,46.7,dash
0.48,0.483,-0.195,0.032,-46.7,46.7,dash
0.48,0.482,-0.195,0.032,-46.7,46.7,dash
0.48,0.482,-0.195,0.032,-46.7,46.7,dash
0.48,0.482,-0.195,0.032,-46.7,46.7,dash
0.48,0.482,-0.195,0.032,-46.7,46.7,dash
0.48,0.482,-0.195,0.032,-46.7,46.7,dash
0.48,0.482,-0.195,0.032,-46.7,46.7,dash
0.48,0.482,-0.195,0.032,-46.7,46.7,dash
0.49,0.482,-0.195,0.032,-46.7,46.7,dash
0.49,0.482,-0.195,0.032,-46.7,46.7,dash
0.49,0.482,-0.195,0.032,-46.7,46.7,dash
0.49,0.481,-0.195,0.032,-46.7,46.7,dash
0.49,0.481,-0.195,0.032,-46.7,46.7,dash
0.49,0.481,-0.195,0.032,-46.7,46.7,dash
0.49,0.481,-0.195,0.032,-46.7,46.7,dash
0.49,0.481,-0.195,0.032,-46.7,46.7,dash
0.49,0.481,-0.195,0.032,-46.7,46.7,dash
0.49,0.481,-0.195,0.032,-46.7,46.7,dash
0.49,0.480,-0.195,0.032,-46.7,46.7,dash
0.49,0.480,-0.195,0.032,-46.7,46.7,dash
0.49,0.480,-0.195,0.032,-46.7,46.7,dash
0.49,0.480,-0.195,0.032,-46.7,46.7,dash
0.49,0.480,-0.195,0.032,-46.7,46.7,dash
0.49,0.480,-0.195,0.032,-46.7,46.7,dash
0.49,0.480,-0.195,0.032,-46.7,46.7,dash
0.49,0.480,-0.195,0.032,-46.7,46.7,dash
0.49,0.479,-0.195,0.032,-46.7,46.7,dash
0.49,0.479,-0.195,0.032,-46.7,46.7,dash
0.49,0.479,-0.195,0.032,-46.7,46.7,dash
0.49,0.479,-0.195,0.032,-46.7,46.7,dash
0.49,0.479,-0.195,0.032,-46.7,46.7,dash
0.49,0.479,-0.195,0.032,-46.7,46.7,dash
0.49,0.479,-0.195,0.032,-46.7,46.7,dash
0.50,0.479,-0.195,0.032,-46.7,46.7,dash
0.50,0.479,-0.195,0.032,-46.7,46.7,dash
0.50,0.478,-0.195,0.032,-46.7,46.7,dash
0.50,0.478,-0.195,0.032,-46.7,46.7,dash
0.50,0.478,-0.195,0.032,-46.7,46.7,dash
0.50,0.478,-0.195,0.032,-46.7,46.7,dash
0.50,0.478,-0.195,0.032,-46.7,46.7,dash
0.50,0.478,-0.195,0.032,-46.7,46.7,dash
0.50,0.478,-0.195,0.032,-46.7,46.7,dash
0.50,0.477,-0.195,0.032,-46.7,46.7,dash
0.50,0.477,-0.195,0.032,-46.7,46.7,dash
0.50,0.477,-0.195,0.032,-46.7,46.7,dash
0.50,0.477,-0.195,0.032,-46.7,46.7,dash
0.50,0.477,-0.195,0.032,-46.7,46.7,dash
0.50,0.477,-0.195,0.032,-46.7,46.7,dash
0.50,0.477,-0.195,0.032,-46.7,46.7,dash
0.50,0.477,-0.195,0.032,-46.7,46.7,dash
0.50,0.476,-0.195,0.032,-46.7,46.7,dash
0.50,0.476,-0.195,0.032,-46.7,46.7,dash
0.50,0.476,-0.195,0.032,-46.7,46.7,dash
0.50,0.476,-0.195,0.032,-46.7,46.7,dash
0.50,0.476,-0.195,0.032,-46.7,46.7,dash
0.50,0.476,-0.195,0.032,-46.7,46.7,dash
0.50,0.476,-0.195,0.032,-46.7,46.7,dash
0.50,0.476,-0.195,0.032,-46.7,46.7,dash
0.51,0.476,-0.195,0.032,-46.7,46.7,dash
0.51,0.476,-0.195,0.032,-46.7,46.7,dash
0.51,0.476,-0.195,0.032,-46.7,46.7,dash
0.51,0.475,-0.195,0.032,-46.7,46.7,dash
0.51,0.475,-0.195,0.032,-46.7,46.7,dash
0.51,0.475,-0.195,0.032,-46.7,46.7,dash
0.51,0.475,-0.195,0.032,-46.7,46.7,dash
0.51,0.475,-0.195,0.032,-46.7,46.7,dash
0.51,0.475,-0.195,0.032,-46.7,46.7,dash
0.51,0.475,-0.195,0.032,-46.7,46.7,dash
0.51,0.474,-0.195,0.032,-46.7,46.7,dash
0.51,0.474,-0.195,0.032,-46.7,46.7,dash
0.51,0.474,-0.195,0.032,-46.7,46.7,dash
0.51,0.474,-0.195,0.032,-46.7,46.7,dash
0.51,0.474,-0.195,0.032,-46.7,46.7,dash
0.51,0.474,-0.195,0.032,-46.7,46.7,dash
0.51,0.474,-0.195,0.032,-46.7,46.7,dash
0.51,0.474,-0.195,0.032,-46.7,46.7,dash
0.51,0.473,-0.195,0.032,-46.7,46.7,dash
0.51,0.473,-0.195,0.032,-46.7,46.7,dash
0.51,0.473,-0.195,0.032,-46.7,46.7,dash
0.51,0.473,-0.195,0.032,-46.7,46.7,dash
0.51,0.473,-0.195,0.032,-46.7,46.7,dash
0.51,0.473,-0.195,0.032,-46.7,46.7,dash
0.51,0.473,-0.195,0.032,-46.7,46.7,dash
0.52,0.473,-0.195,0.032,-46.7,46.7,dash
0.52,0.473,-0.195,0.032,-46.7,46.7,dash
0.52,0.473,-0.195,0.032,-46.7,46.7,dash
0.52,0.472,-0.195,0.032,-46.7,46.7,dash
0.52,0.472,-0.195,0.032,-46.7,46.7,dash
0.52,0.472,-0.195,0.032,-46.7,46.7,dash
0.52,0.472,-0.195,0.032,-46.7,46.7,dash
0.52,0.472,-0.195,0.032,-46.7,46.7,dash
0.52,0.472,-0.195,0.032,-46.7,46.7,dash
0.52,0.472,-0.195,0.032,-46.7,46.7,dash
0.52,0.471,-0.195,0.032,-46.7,46.7,dash
0.52,0.471,-0.195,0.032,-46.7,46.7,dash
0.52,0.471,-0.195,0.032,-46.7,46.7,dash
0.52,0.471,-0.195,0.032,-46.7,46.7,dash
0.52,0.471,-0.195,0.032,-46.7,46.7,dash
0.52,0.471,-0.195,0.032,-46.7,46.7,dash
0.52,0.471,-0.195,0.032,-46.7,46.7,dash
0.52,0.470,-0.195,0.032,-46.7,46.7,dash
0.52,0.470,-0.195,0.032,-46.7,46.7,dash
0.52,0.470,-0.195,0.032,-46.7,46.7,dash
0.52,0.470,-0.195,0.032,-46.7,46.7,dash
0.52,0.470,-0.195,0.032,-46.7,46.7,dash
0.52,0.470,-0.195,0.032,-46.7,46.7,dash
0.52,0.470,-0.195,0.032,-46.7,46.7,dash
0.52,0.470,-0.195,0.032,-46.7,46.7,dash
0.53,0.470,-0.195,0.032,-46.7,46.7,dash
0.53,0.470,-0.195,0.032,-46.7,46.7,dash
0.53,0.470,-0.195,0.032,-46.7,46.7,dash
0.53,0.469,-0.195,0.032,-46.7,46.7,dash
0.53,0.469,-0.195,0.032,-46.7,46.7,dash
0.53,0.469,-0.195,0.032,-46.7,46.7,dash
0.53,0.469,-0.195,0.032,-46.7,46.7,dash
0.53,0.469,-0.195,0.032,-46.7,46.7,dash
0.53,0.469,-0.195,0.032,-46.7,46.7,dash
0.53,0.469,-0.195,0.032,-46.7,46.7,dash
0.53,0.468,-0.195,0.032,-46.7,46.7,dash
0.53,0.468,-0.195,0.032,-46.7,46.7,dash
0.53,0.468,-0.195,0.032,-46.7,46.7,dash
0.53,0.468,-0.195,0.032,-46.7,46.7,dash
0.53,0.468,-0.195,0.032,-46.7,46.7,dash
0.53,0.468,-0.195,0.032,-46.7,46.7,dash
0.53,0.468,-0.195,0.032,-46.7,46.7,dash
0.53,0.468,-0.195,0.032,-46.7,46.7,dash
0.53,0.467,-0.195,0.032,-46.7,46.7,dash
0.53,0.467,-0.195,0.032,-46.7,46.7,dash
0.53,0.467,-0.195,0.032,-46.7,46.7,dash
0.53,0.467,-0.195,0.032,-46.7,46.7,dash
0.53,0.467,-0.195,0.032,-46.7,46.7,dash
0.53,0.467,-0.195,0.032,-46.7,46.7,dash
0.53,0.467,-0.195,0.032,-46.7,46.7,dash
0.53,0.467,-0.195,0.032,-46.7,46.7,dash
0.54,0.467,-0.195,0.032,-46.7,46.7,dash
0.54,0.467,-0.195,0.032,-46.7,46.7,dash
0.54,0.466,-0.195,0.032,-46.7,46.7,dash
0.54,0.466,-0.195,0.032,-46.7,46.7,dash
0.54,0.466,-0.195,0.032,-46.7,46.7,dash
0.54,0.466,-0.195,0.032,-46.7,46.7,dash
0.54,0.466,-0.195,0.032,-46.7,46.7,dash
0.54,0.466,-0.195,0.032,-46.7,46.7,dash
0.54,0.466,-0.195,0.032,-46.7,46.7,dash
0.54,0.466,-0.195,0.032,-46.7,46.7,dash
0.54,0.465,-0.195,0.032,-46.7,46.7,dash
0.54,0.465,-0.195,0.032,-46.7,46.7,dash
0.54,0.465,-0.195,0.032,-46.7,46.7,dash
0.54,0.465,-0.195,0.032,-46.7,46.7,dash
0.54,0.465,-0.195,0.032,-46.7,46.7,dash
0.54,0.465,-0.195,0.032,-46.7,46.7,dash
0.54,0.465,-0.195,0.032,-46.7,46.7,dash
0.54,0.464,-0.195,0.032,-46.7,46.7,dash
0.54,0.464,-0.195,0.032,-46.7,46.7,dash
0.54,0.464,-0.195,0.032,-46.7,46.7,dash
0.54,0.464,-0.195,0.032,-46.7,46.7,dash
0.54,0.464,-0.195,0.032,-46.7,46.7,dash
0.54,0.464,-0.195,0.032,-46.7,46.7,dash
0.54,0.464,-0.195,0.032,-46.7,46.7,dash
0.54,0.464,-0.195,0.032,-46.7,46.7,dash
0.55,0.464,-0.195,0.032,-46.7,46.7,dash
0.55,0.464,-0.195,0.032,-46.7,46.7,dash
0.55,0.464,-0.195,0.032,-46.7,46.7,dash
0.55,0.463,-0.195,0.032,-46.7,46.7,dash
0.55,0.463,-0.195,0.032,-46.7,46.7,dash
0.55,0.463,-0.195,0.032,-46.7,46.7,dash
0.55,0.463,-0.195,0.032,-46.7,46.7,dash
0.55,0.463,-0.195,0.032,-46.7,46.7,dash
0.55,0.463,-0.195,0.032,-46.7,46.7,dash
0.55,0.463,-0.195,0.032,-46.7,46.7,dash
0.55,0.462,-0.195,0.032,-46.7,46.7,dash
0.55,0.462,-0.195,0.032,-46.7,46.7,dash
0.55,0.462,-0.195,0.032,-46.7,46.7,dash
0.55,0.462,-0.195,0.032,-46.7,46.7,dash
0.55,0.462,-0.195,0.032,-46.7,46.7,dash
0.55,0.462,-0.195,0.032,-46.7,46.7,dash
0.55,0.462,-0.195,0.032,-46.7,46.7,dash
0.55,0.462,-0.195,0.032,-46.7,46.7,dash
0.55,0.462,-0.195,0.032,-46.7,46.7,dash
0.55,0.462,-0.195,0.032,-46.7,46.7,dash
0.55,0.462,-0.195,0.032,-46.7,46.7,dash
0.55,0.461,-0.195,0.032,-46.7,46.7,dash
0.55,0.461,-0.195,0.032,-46.7,46.7,dash
0.55,0.461,-0.195,0.032,-46.7,46.7,dash
0.55,0.461,-0.195,0.032,-46.7,46.7,dash
0.55,0.461,-0.195,0.032,-46.7,46.7,dash
0.56,0.461,-0.195,0.032,-46.7,46.7,dash
0.56,0.461,-0.195,0.032,-46.7,46.7,dash
0.56,0.460,-0.195,0.032,-46.7,46.7,dash
0.56,0.460,-0.195,0.032,-46.7,46.7,dash
0.56,0.460,-0.195,0.032,-46.7,46.7,dash
0.56,0.460,-0.195,0.032,-46.7,46.7,dash
0.56,0.460,-0.195,0.032,-46.7,46.7,dash
0.56,0.460,-0.195,0.032,-46.7,46.7,dash
0.56,0.460,-0.195,0.032,-46.7,46.7,dash
0.56,0.459,-0.195,0.032,-46.7,46.7,dash
0.56,0.459,-0.195,0.032,-46.7,46.7,dash
0.56,0.459,-0.195,0.032,-46.7,46.7,dash
0.56,0.459,-0.195,0.032,-46.7,46.7,dash
0.56,0.459,-0.195,0.032,-46.7,46.7,dash
0.56,0.459,-0.195,0.032,-46.7,46.7,dash
0.56,0.459,-0.195,0.032,-46.7,46.7,dash
0.56,0.459,-0.195,0.032,-46.7,46.7,dash
0.56,0.459,-0.195,0.032,-46.7,46.7,dash
0.56,0.459,-0.195,0.032,-46.7,46.7,dash
0.56,0.458,-0.195,0.032,-46.7,46.7,dash
0.56,0.458,-0.195,0.032,-46.7,46.7,dash
0.56,0.458,-0.195,0.032,-46.7,46.7,dash
0.56,0.458,-0.195,0.032,-46.7,46.7,dash
0.56,0.458,-0.195,0.032,-46.7,46.7,dash
0.57,0.458,-0.195,0.032,-46.7,46.7,dash
0.57,0.458,-0.195,0.032,-46.7,46.7,dash
0.57,0.458,-0.195,0.032,-46.7,46.7,dash
0.57,0.457,-0.195,0.032,-46.7,46.7,dash
0.57,0.457,-0.195,0.032,-46.7,46.7,dash
0.57,0.457,-0.195,0.032,-46.7,46.7,dash
0.57,0.457,-0.195,0.032,-46.7,46.7,dash
0.57,0.457,-0.195,0.032,-46.7,46.7,dash
0.57,0.457,-0.195,0.032,-46.7,46.7,dash
0.57,0.457,-0.195,0.032,-46.7,46.7,dash
0.57,0.456,-0.195,0.032,-46.7,46.7,dash
0.57,0.456,-0.195,0.032,-46.7,46.7,dash
0.57,0.456,-0.195,0.032,-46.7,46.7,dash
0.57,0.456,-0.195,0.032,-46.7,46.7,dash
0.57,0.456,-0.195,0.032,-46.7,46.7,dash
0.57,0.456,-0.195,0.032,-46.7,46.7,dash
0.57,0.456,-0.195,0.032,-46.7,46.7,dash
0.57,0.456,-0.195,0.032,-46.7,46.7,dash
0.57,0.456,-0.195,0.032,-46.7,46.7,dash
0.57,0.456,-0.195,0.032,-46.7,46.7,dash
0.57,0.455,-0.195,0.032,-46.7,46.7,dash
0.57,0.455,-0.195,0.032,-46.7,46.7,dash
0.57,0.455,-0.195,0.032,-46.7,46.7,dash
0.57,0.455,-0.195,0.032,-46.7,46.7,dash
0.57,0.455,-0.195,0.032,-46.7,46.7,dash
0.58,0.455,-0.195,0.032,-46.7,46.7,dash
0.58,0.455,-0.195,0.032,-46.7,46.7,dash
0.58,0.454,-0.195,0.032,-46.7,46.7,dash
0.58,0.454,-0.195,0.032,-46.7,46.7,dash
0.58,0.454,-0.195,0.032,-46.7,46.7,dash
0.58,0.454,-0.195,0.032,-46.7,46.7,dash
0.58,0.454,-0.195,0.032,-46.7,46.7,dash
0.58,0.454,-0.195,0.032,-46.7,46.7,dash
0.58,0.454,-0.195,0.032,-46.7,46.7,dash
0.58,0.453,-0.195,0.032,-46.7,46.7,dash
0.58,0.453,-0.195,0.032,-46.7,46.7,dash
0.58,0.453,-0.195,0.032,-46.7,46.7,dash
0.58,0.453,-0.195,0.032,-46.7,46.7,dash
0.58,0.453,-0.195,0.032,-46.7,46.7,dash
0.58,0.453,-0.195,0.032,-46.7,46.7,dash
0.58,0.453,-0.195,0.032,-46.7,46.7,dash
0.58,0.453,-0.195,0.032,-46.7,46.7,dash
0.58,0.453,-0.195,0.032,-46.7,46.7,dash
0.58,0.453,-0.195,0.032,-46.7,46.7,dash
0.58,0.452,-0.195,0.032,-46.7,46.7,dash
0.58,0.452,-0.195,0.032,-46.7,46.7,dash
0.58,0.452,-0.195,0.032,-46.7,46.7,dash
0.58,0.452,-0.195,0.032,-46.7,46.7,dash
0.59,0.452,-0.195,0.032,-46.7,46.7,dash
0.59,0.452,-0.195,0.032,-46.7,46.7,dash
0.59,0.452,-0.195,0.032,-46.7,46.7,dash
0.59,0.451,-0.195,0.032,-46.7,46.7,dash
0.59,0.451,-0.195,0.032,-46.7,46.7,dash
0.59,0.451,-0.195,0.032,-46.7,46.7,dash
0.59,0.451,-0.195,0.032,-46.7,46.7,dash
0.59,0.451,-0.195,0.032,-46.7,46.7,dash
0.59,0.451,-0.195,0.032,-46.7,46.7,dash
0.59,0.451,-0.195,0.032,-46.7,46.7,dash
0.59,0.451,-0.195,0.032,-46.7,46.7,dash
0.59,0.450,-0.195,0.032,-46.7,46.7,dash
0.59,0.450,-0.195,0.032,-46.7,46.7,dash
0.59,0.450,-0.195,0.032,-46.7,46.7,dash
0.59,0.450,-0.195,0.032,-46.7,46.7,dash
0.59,0.450,-0.195,0.032,-46.7,46.7,dash
0.59,0.450,-0.195,0.032,-46.7,46.7,dash
0.59,0.450,-0.195,0.032,-46.7,46.7,dash
0.59,0.450,-0.195,0.032,-46.7,46.7,dash
0.59,0.450,-0.195,0.032,-46.7,46.7,dash
0.59,0.450,-0.195,0.032,-46.7,46.7,dash
0.59,0.449,-0.195,0.032,-46.7,46.7,dash
0.59,0.449,-0.195,0.032,-46.7,46.7,dash
0.59,0.449,-0.195,0.032,-46.7,46.7,dash
0.59,0.449,-0.195,0.032,-46.7,46.7,dash
0.60,0.449,-0.195,0.032,-46.7,46.7,dash
0.60,0.449,-0.195,0.032,-46.7,46.7,dash
0.60,0.449,-0.195,0.032,-46.7,46.7,dash
0.60,0.448,-0.195,0.032,-46.7,46.7,dash
0.60,0.448,-0.195,0.032,-46.7,46.7,dash
0.60,0.448,-0.195,0.032,-46.7,46.7,dash
0.60,0.448,-0.195,0.032,-46.7,46.7,dash
0.60,0.448,-0.195,0.032,-46.7,46.7,dash
0.60,0.448,-0.195,0.032,-46.7,46.7,dash
0.60,0.448,-0.195,0.032,-46.7,46.7,dash
0.60,0.447,-0.195,0.032,-46.7,46.7,dash
0.60,0.447,-0.195,0.032,-46.7,46.7,dash
0.60,0.447,-0.195,0.032,-46.7,46.7,dash
0.60,0.447,-0.195,0.032,-46.7,46.7,dash
0.60,0.447,-0.195,0.032,-46.7,46.7,dash
0.60,0.447,-0.195,0.032,-46.7,46.7,dash
0.60,0.447,-0.195,0.032,-46.7,46.7,dash
0.60,0.447,-0.195,0.032,-46.7,46.7,dash
0.60,0.447,-0.195,0.032,-46.7,46.7,dash
0.60,0.447,-0.195,0.032,-46.7,46.7,dash
0.60,0.446,-0.195,0.032,-46.7,46.7,dash
0.60,0.446,-0.195,0.032,-46.7,46.7,dash
0.60,0.446,-0.195,0.032,-46.7,46.7,dash
0.60,0.446,-0.195,0.032,-46.7,46.7,dash
0.60,0.446,-0.195,0.032,-46.7,46.7,dash
0.61,0.446,-0.195,0.032,-46.7,46.7,dash
0.61,0.446,-0.195,0.032,-46.7,46.7,dash
0.61,0.446,-0.195,0.032,-46.7,46.7,dash
0.61,0.445,-0.195,0.032,-46.7,46.7,dash
0.61,0.445,-0.195,0.032,-46.7,46.7,dash
0.61,0.445,-0.195,0.032,-46.7,46.7,dash
0.61,0.445,-0.195,0.032,-46.7,46.7,dash
0.61,0.445,-0.195,0.032,-46.7,46.7,dash
0.61,0.445,-0.195,0.032,-46.7,46.7,dash
0.61,0.445,-0.195,0.032,-46.7,46.7,dash
0.61,0.445,-0.195,0.032,-46.7,46.7,dash
0.61,0.444,-0.195,0.032,-46.7,46.7,dash
0.61,0.444,-0.195,0.032,-46.7,46.7,dash
0.61,0.444,-0.195,0.032,-46.7,46.7,dash
0.61,0.444,-0.195,0.032,-46.7,46.7,dash
0.61,0.444,-0.195,0.032,-46.7,46.7,dash
0.61,0.444,-0.195,0.032,-46.7,46.7,dash
0.61,0.444,-0.195,0.032,-46.7,46.7,dash
0.61,0.444,-0.195,0.032,-46.7,46.7,dash
0.61,0.444,-0.195,0.032,-46.7,46.7,dash
0.61,0.443,-0.195,0.032,-46.7,46.7,dash
0.61,0.443,-0.195,0.032,-46.7,46.7,dash
0.61,0.443,-0.195,0.032,-46.7,46.7,dash
0.61,0.443,-0.195,0.032,-46.7,46.7,dash
0.61,0.443,-0.195,0.032,-46.7,46.7,dash
0.62,0.443,-0.195,0.032,-46.7,46.7,dash
0.62,0.443,-0.195,0.032,-46.7,46.7,dash
0.62,0.443,-0.195,0.032,-46.7,46.7,dash
0.62,0.442,-0.195,0.032,-46.7,46.7,dash
0.62,0.442,-0.195,0.032,-46.7,46.7,dash
0.62,0.442,-0.195,0.032,-46.7,46.7,dash
0.62,0.442,-0.195,0.032,-46.7,46.7,dash
0.62,0.442,-0.195,0.032,-46.7,46.7,dash
0.62,0.442,-0.195,0.032,-46.7,46.7,dash
0.62,0.441,-0.195,0.032,-46.7,46.7,dash
0.62,0.441,-0.195,0.032,-46.7,46.7,dash
0.62,0.441,-0.195,0.032,-46.7,46.7,dash
0.62,0.441,-0.195,0.032,-46.7,46.7,dash
0.62,0.441,-0.195,0.032,-46.7,46.7,dash
0.62,0.441,-0.195,0.032,-46.7,46.7,dash
0.62,0.441,-0.195,0.032,-46.7,46.7,dash
0.62,0.441,-0.195,0.032,-46.7,46.7,dash
0.62,0.441,-0.195,0.032,-46.7,46.7,dash
0.62,0.441,-0.195,0.032,-46.7,46.7,dash
0.62,0.440,-0.195,0.032,-46.7,46.7,dash
0.62,0.440,-0.195,0.032,-46.7,46.7,dash
0.62,0.440,-0.195,0.032,-46.7,46.7,dash
0.62,0.440,-0.195,0.032,-46.7,46.7,dash
0.62,0.440,-0.195,0.032,-46.7,46.7,dash
0.63,0.440,-0.195,0.032,-46.7,46.7,dash
0.63,0.440,-0.195,0.032,-46.7,46.7,dash
0.63,0.439,-0.195,0.032,-46.7,46.7,dash
0.63,0.439,-0.195,0.032,-46.7,46.7,dash
0.63,0.439,-0.195,0.032,-46.7,46.7,dash
0.63,0.439,-0.195,0.032,-46.7,46.7,dash
0.63,0.439,-0.195,0.032,-46.7,46.7,dash
0.63,0.439,-0.195,0.032,-46.7,46.7,dash
0.63,0.439,-0.195,0.032,-46.7,46.7,dash
0.63,0.439,-0.195,0.032,-46.7,46.7,dash
0.63,0.438,-0.195,0.032,-46.7,46.7,dash
0.63,0.438,-0.195,0.032,-46.7,46.7,dash
0.63,0.438,-0.195,0.032,-46.7,46.7,dash
0.63,0.438,-0.195,0.032,-46.7,46.7,dash
0.63,0.438,-0.195,0.032,-46.7,46.7,dash
0.63,0.438,-0.195,0.032,-46.7,46.7,dash
0.63,0.438,-0.195,0.032,-46.7,46.7,dash
0.63,0.438,-0.195,0.032,-46.7,46.7,dash
0.63,0.438,-0.195,0.032,-46.7,46.7,dash
0.63,0.437,-0.195,0.032,-46.7,46.7,dash
0.63,0.437,-0.195,0.032,-46.7,46.7,dash
0.63,0.437,-0.195,0.032,-46.7,46.7,dash
0.63,0.437,-0.195,0.032,-46.7,46.7,dash
0.63,0.437,-0.195,0.032,-46.7,46.7,dash
0.63,0.437,-0.195,0.032,-46.7,46.7,dash
0.64,0.437,-0.195,0.032,-46.7,46.7,dash
0.64,0.437,-0.195,0.032,-46.7,46.7,dash
0.64,0.437,-0.195,0.032,-46.7,46.7,dash
0.64,0.436,-0.195,0.032,-46.7,46.7,dash
0.64,0.436,-0.195,0.032,-46.7,46.7,dash
0.64,0.436,-0.195,0.032,-46.7,46.7,dash
0.64,0.436,-0.195,0.032,-46.7,46.7,dash
0.64,0.436,-0.195,0.032,-46.7,46.7,dash
0.64,0.436,-0.195,0.032,-46.7,46.7,dash
0.64,0.436,-0.195,0.032,-46.7,46.7,dash
0.64,0.436,-0.195,0.032,-46.7,46.7,dash
0.64,0.436,-0.195,0.032,-46.7,46.7,dash
0.64,0.435,-0.195,0.032,-46.7,46.7,dash
0.64,0.435,-0.195,0.032,-46.7,46.7,dash
0.64,0.435,-0.195,0.032,-46.7,46.7,dash
0.64,0.435,-0.195,0.032,-46.7,46.7,dash
0.64,0.435,-0.195,0.032,-46.7,46.7,dash
0.64,0.435,-0.195,0.032,-46.7,46.7,dash
0.64,0.435,-0.195,0.032,-46.7,46.7,dash
0.64,0.434,-0.195,0.032,-46.7,46.7,dash
0.64,0.434,-0.195,0.032,-46.7,46.7,dash
0.64,0.434,-0.195,0.032,-46.7,46.7,dash
0.64,0.434,-0.195,0.032,-46.7,46.7,dash
0.64,0.434,-0.195,0.032,-46.7,46.7,dash
0.65,0.434,-0.195,0.032,-46.7,46.7,dash
0.65,0.434,-0.195,0.032,-46.7,46.7,dash
0.65,0.433,-0.195,0.032,-46.7,46.7,dash
0.65,0.433,-0.195,0.032,-46.7,46.7,dash
0.65,0.433,-0.195,0.032,-46.7,46.7,dash
0.65,0.433,-0.195,0.032,-46.7,46.7,dash
0.65,0.433,-0.195,0.032,-46.7,46.7,dash
0.65,0.433,-0.195,0.032,-46.7,46.7,dash
0.65,0.433,-0.195,0.032,-46.7,46.7,dash
0.65,0.433,-0.195,0.032,-46.7,46.7,dash
0.65,0.433,-0.195,0.032,-46.7,46.7,dash
0.65,0.433,-0.195,0.032,-46.7,46.7,dash
0.65,0.432,-0.195,0.032,-46.7,46.7,dash
0.65,0.432,-0.195,0.032,-46.7,46.7,dash
0.65,0.432,-0.195,0.032,-46.7,46.7,dash
0.65,0.432,-0.195,0.032,-46.7,46.7,dash
0.65,0.432,-0.195,0.032,-46.7,46.7,dash
0.65,0.432,-0.195,0.032,-46.7,46.7,dash
0.65,0.431,-0.195,0.032,-46.7,46.7,dash
0.65,0.431,-0.195,0.032,-46.7,46.7,dash
0.65,0.431,-0.195,0.032,-46.7,46.7,dash
0.65,0.431,-0.195,0.032,-46.7,46.7,dash
0.65,0.431,-0.195,0.032,-46.7,46.7,dash
0.65,0.431,-0.195,0.032,-46.7,46.7,dash
0.66,0.431,-0.195,0.032,-46.7,46.7,dash
0.66,0.431,-0.195,0.032,-46.7,46.7,dash
0.66,0.430,-0.195,0.032,-46.7,46.7,dash
0.66,0.430,-0.195,0.032,-46.7,46.7,dash
0.66,0.430,-0.195,0.032,-46.7,46.7,dash
0.66,0.430,-0.195,0.032,-46.7,46.7,dash
0.66,0.430,-0.195,0.032,-46.7,46.7,dash
0.66,0.430,-0.195,0.032,-46.7,46.7,dash
0.66,0.430,-0.195,0.032,-46.7,46.7,dash
0.66,0.430,-0.195,0.032,-46.7,46.7,dash
0.66,0.430,-0.195,0.032,-46.7,46.7,dash
0.66,0.429,-0.195,0.032,-46.7,46.7,dash
0.66,0.429,-0.195,0.032,-46.7,46.7,dash
0.66,0.429,-0.195,0.032,-46.7,46.7,dash
0.66,0.429,-0.195,0.032,-46.7,46.7,dash
0.66,0.429,-0.195,0.032,-46.7,46.7,dash
0.66,0.429,-0.195,0.032,-46.7,46.7,dash
0.66,0.429,-0.195,0.032,-46.7,46.7,dash
0.66,0.429,-0.195,0.032,-46.7,46.7,dash
0.66,0.428,-0.195,0.032,-46.7,46.7,dash
0.66,0.428,-0.195,0.032,-46.7,46.7,dash
0.66,0.428,-0.195,0.032,-46.7,46.7,dash
0.66,0.428,-0.195,0.032,-46.7,46.7,dash
0.66,0.428,-0.195,0.032,-46.7,46.7,dash
0.67,0.428,-0.195,0.032,-46.7,46.7,dash
0.67,0.428,-0.195,0.032,-46.7,46.7,dash
0.67,0.427,-0.195,0.032,-46.7,46.7,dash
0.67,0.427,-0.195,0.032,-46.7,46.7,dash
0.67,0.427,-0.195,0.032,-46.7,46.7,dash
0.67,0.427,-0.195,0.032,-46.7,46.7,dash
0.67,0.427,-0.195,0.032,-46.7,46.7,dash
0.67,0.427,-0.195,0.032,-46.7,46.7,dash
0.67,0.427,-0.195,0.032,-46.7,46.7,dash
0.67,0.427,-0.195,0.032,-46.7,46.7,dash
0.67,0.427,-0.195,0.032,-46.7,46.7,dash
0.67,0.427,-0.195,0.032,-46.7,46.7,dash
0.67,0.426,-0.195,0.032,-46.7,46.7,dash
0.67,0.426,-0.195,0.032,-46.7,46.7,dash
0.67,0.426,-0.195,0.032,-46.7,46.7,dash
0.67,0.426,-0.195,0.032,-46.7,46.7,dash
0.67,0.426,-0.195,0.032,-46.7,46.7,dash
0.67,0.426,-0.195,0.032,-46.7,46.7,dash
0.67,0.426,-0.195,0.032,-46.7,46.7,dash
0.67,0.425,-0.195,0.032,-46.7,46.7,dash
0.67,0.425,-0.195,0.032,-46.7,46.7,dash
0.67,0.425,-0.195,0.032,-46.7,46.7,dash
0.67,0.425,-0.195,0.032,-46.7,46.7,dash
0.67,0.425,-0.195,0.032,-46.7,46.7,dash
0.68,0.425,-0.195,0.032,-46.7,46.7,dash
0.68,0.425,-0.195,0.032,-46.7,46.7,dash
0.68,0.425,-0.195,0.032,-46.7,46.7,dash
0.68,0.424,-0.195,0.032,-46.7,46.7,dash
0.68,0.424,-0.195,0.032,-46.7,46.7,dash
0.68,0.424,-0.195,0.032,-46.7,46.7,dash
0.68,0.424,-0.195,0.032,-46.7,46.7,dash
0.68,0.424,-0.195,0.032,-46.7,46.7,dash
0.68,0.424,-0.195,0.032,-46.7,46.7,dash
0.68,0.424,-0.195,0.032,-46.7,46.7,dash
0.68,0.424,-0.195,0.032,-46.7,46.7,dash
0.68,0.424,-0.195,0.032,-46.7,46.7,dash
0.68,0.423,-0.195,0.032,-46.7,46.7,dash
0.68,0.423,-0.195,0.032,-46.7,46.7,dash
0.68,0.423,-0.195,0.032,-46.7,46.7,dash
0.68,0.423,-0.195,0.032,-46.7,46.7,dash
0.68,0.423,-0.195,0.032,-46.7,46.7,dash
0.68,0.423,-0.195,0.032,-46.7,46.7,dash
0.68,0.423,-0.195,0.032,-46.7,46.7,dash
0.68,0.422,-0.195,0.032,-46.7,46.7,dash
0.68,0.422,-0.195,0.032,-46.7,46.7,dash
0.68,0.422,-0.195,0.032,-46.7,46.7,dash
0.68,0.422,-0.195,0.032,-46.7,46.7,dash
0.68,0.422,-0.195,0.032,-46.7,46.7,dash
0.69,0.422,-0.195,0.032,-46.7,46.7,dash
0.69,0.422,-0.195,0.032,-46.7,46.7,dash
0.69,0.422,-0.195,0.032,-46.7,46.7,dash
0.69,0.421,-0.195,0.032,-46.7,46.7,dash
0.69,0.421,-0.195,0.032,-46.7,46.7,dash
0.69,0.421,-0.195,0.032,-46.7,46.7,dash
0.69,0.421,-0.195,0.032,-46.7,46.7,dash
0.69,0.421,-0.195,0.032,-46.7,46.7,dash
0.69,0.421,-0.195,0.032,-46.7,46.7,dash
0.69,0.421,-0.195,0.032,-46.7,46.7,dash
0.69,0.421,-0.195,0.032,-46.7,46.7,dash
0.69,0.421,-0.195,0.032,-46.7,46.7,dash
0.69,0.421,-0.195,0.032,-46.7,46.7,dash
0.69,0.420,-0.195,0.032,-46.7,46.7,dash
0.69,0.420,-0.195,0.032,-46.7,46.7,dash
0.69,0.420,-0.195,0.032,-46.7,46.7,dash
0.69,0.420,-0.195,0.032,-46.7,46.7,dash
0.69,0.420,-0.195,0.032,-46.7,46.7,dash
0.69,0.420,-0.195,0.032,-46.7,46.7,dash
0.69,0.420,-0.195,0.032,-46.7,46.7,dash
0.69,0.420,-0.195,0.032,-46.7,46.7,dash
0.69,0.419,-0.195,0.032,-46.7,46.7,dash
0.69,0.419,-0.195,0.032,-46.7,46.7,dash
0.69,0.419,-0.195,0.032,-46.7,46.7,dash
0.69,0.419,-0.195,0.032,-46.7,46.7,dash
0.69,0.419,-0.195,0.032,-46.7,46.7,dash
0.70,0.419,-0.195,0.032,-46.7,46.7,dash
0.70,0.419,-0.195,0.032,-46.7,46.7,dash
0.70,0.419,-0.195,0.032,-46.7,46.7,dash
0.70,0.418,-0.195,0.032,-46.7,46.7,dash
0.70,0.418,-0.195,0.032,-46.7,46.7,dash
0.70,0.418,-0.195,0.032,-46.7,46.7,dash
0.70,0.418,-0.195,0.032,-46.7,46.7,dash
0.70,0.418,-0.195,0.032,-46.7,46.7,dash
0.70,0.418,-0.195,0.032,-46.7,46.7,dash
0.70,0.418,-0.195,0.032,-46.7,46.7,dash
0.70,0.418,-0.195,0.032,-46.7,46.7,dash
0.70,0.418,-0.195,0.032,-46.7,46.7,dash
0.70,0.417,-0.195,0.032,-46.7,46.7,dash
0.70,0.417,-0.195,0.032,-46.7,46.7,dash
0.70,0.417,-0.195,0.032,-46.7,46.7,dash
0.70,0.417,-0.195,0.032,-46.7,46.7,dash
0.70,0.417,-0.195,0.032,-46.7,46.7,dash
0.70,0.417,-0.195,0.032,-46.7,46.7,dash
0.70,0.417,-0.195,0.032,-46.7,46.7,dash
0.70,0.416,-0.196,0.032,-46.7,46.7,dash
0.70,0.416,-0.196,0.032,-46.7,46.7,dash
0.70,0.416,-0.196,0.032,-46.7,46.7,dash
0.70,0.416,-0.196,0.032,-46.7,46.7,dash
0.70,0.416,-0.196,0.032,-46.7,46.7,dash
0.71,0.416,-0.196,0.032,-46.7,46.7,dash
0.71,0.416,-0.196,0.032,-46.7,46.7,dash
0.71,0.415,-0.196,0.032,-46.7,46.7,dash
0.71,0.415,-0.196,0.032,-46.7,46.7,dash
0.71,0.415,-0.196,0.032,-46.7,46.7,dash
0.71,0.415,-0.196,0.032,-46.7,46.7,dash
0.71,0.415,-0.196,0.032,-46.7,46.7,dash
0.71,0.415,-0.196,0.032,-46.7,46.7,dash
0.71,0.415,-0.196,0.032,-46.7,46.7,dash
0.71,0.415,-0.196,0.032,-46.7,46.7,dash
0.71,0.414,-0.196,0.032,-46.7,46.7,dash
0.71,0.414,-0.196,0.032,-46.7,46.7,dash
0.71,0.414,-0.196,0.032,-46.7,46.7,dash
0.71,0.414,-0.196,0.032,-46.7,46.7,dash
0.71,0.414,-0.196,0.032,-46.7,46.7,dash
0.71,0.414,-0.196,0.032,-46.7,46.7,dash
0.71,0.414,-0.196,0.032,-46.7,46.7,dash
0.71,0.413,-0.196,0.032,-46.7,46.7,dash
0.71,0.413,-0.196,0.032,-46.7,46.7,dash
0.71,0.413,-0.196,0.032,-46.7,46.7,dash
0.71,0.413,-0.196,0.032,-46.7,46.7,dash
0.72,0.413,-0.196,0.032,-46.7,46.7,dash
0.72,0.413,-0.196,0.032,-46.7,46.7,dash
0.72,0.413,-0.196,0.032,-46.7,46.7,dash
0.72,0.413,-0.196,0.032,-46.7,46.7,dash
0.72,0.413,-0.196,0.032,-46.7,46.7,dash
0.72,0.412,-0.196,0.032,-46.7,46.7,dash
0.72,0.412,-0.196,0.032,-46.7,46.7,dash
0.72,0.412,-0.196,0.032,-46.7,46.7,dash
0.72,0.412,-0.196,0.032,-46.7,46.7,dash
0.72,0.412,-0.196,0.032,-46.7,46.7,dash
0.72,0.412,-0.196,0.032,-46.7,46.7,dash
0.72,0.412,-0.196,0.032,-46.7,46.7,dash
0.72,0.412,-0.196,0.032,-46.7,46.7,dash
0.72,0.411,-0.196,0.032,-46.7,46.7,dash
0.72,0.411,-0.196,0.032,-46.7,46.7,dash
0.72,0.411,-0.196,0.032,-46.7,46.7,dash
0.72,0.411,-0.196,0.032,-46.7,46.7,dash
0.72,0.411,-0.196,0.032,-46.7,46.7,dash
0.72,0.411,-0.196,0.032,-46.7,46.7,dash
0.72,0.410,-0.196,0.032,-46.7,46.7,dash
0.72,0.410,-0.196,0.032,-46.7,46.7,dash
0.72,0.410,-0.196,0.032,-46.7,46.7,dash
0.72,0.410,-0.196,0.032,-46.7,46.7,dash
0.72,0.410,-0.196,0.032,-46.7,46.7,dash
0.73,0.410,-0.196,0.032,-46.7,46.7,dash
0.73,0.410,-0.196,0.032,-46.7,46.7,dash
0.73,0.410,-0.196,0.032,-46.7,46.7,dash
0.73,0.410,-0.196,0.032,-46.7,46.7,dash
0.73,0.410,-0.196,0.032,-46.7,46.7,dash
0.73,0.410,-0.196,0.032,-46.7,46.7,dash
0.73,0.409,-0.196,0.032,-46.7,46.7,dash
0.73,0.409,-0.196,0.032,-46.7,46.7,dash
0.73,0.409,-0.196,0.032,-46.7,46.7,dash
0.73,0.409,-0.196,0.032,-46.7,46.7,dash
0.73,0.409,-0.196,0.032,-46.7,46.7,dash
0.73,0.409,-0.196,0.032,-46.7,46.7,dash
0.73,0.409,-0.196,0.032,-46.7,46.7,dash
0.73,0.409,-0.196,0.032,-46.7,46.7,dash
0.73,0.408,-0.196,0.032,-46.7,46.7,dash
0.73,0.408,-0.196,0.032,-46.7,46.7,dash
0.73,0.408,-0.196,0.032,-46.7,46.7,dash
0.73,0.408,-0.196,0.032,-46.7,46.7,dash
0.73,0.408,-0.196,0.032,-46.7,46.7,dash
0.73,0.408,-0.196,0.032,-46.7,46.7,dash
0.73,0.408,-0.196,0.032,-46.7,46.7,dash
0.73,0.408,-0.196,0.032,-46.7,46.7,dash
0.73,0.407,-0.196,0.032,-46.7,46.7,dash
0.73,0.407,-0.196,0.032,-46.7,46.7,dash
0.73,0.407,-0.196,0.032,-46.7,46.7,dash
0.73,0.407,-0.196,0.032,-46.7,46.7,dash
0.74,0.407,-0.196,0.032,-46.7,46.7,dash
0.74,0.407,-0.196,0.032,-46.7,46.7,dash
0.74,0.407,-0.196,0.032,-46.7,46.7,dash
0.74,0.407,-0.196,0.032,-46.7,46.7,dash
0.74,0.407,-0.196,0.032,-46.7,46.7,dash
0.74,0.407,-0.196,0.032,-46.7,46.7,dash
0.74,0.406,-0.196,0.032,-46.7,46.7,dash
0.74,0.406,-0.196,0.032,-46.7,46.7,dash
0.74,0.406,-0.196,0.032,-46.7,46.7,dash
0.74,0.406,-0.196,0.032,-46.7,46.7,dash
0.74,0.406,-0.196,0.032,-46.7,46.7,dash
0.74,0.406,-0.196,0.032,-46.7,46.7,dash
0.74,0.406,-0.196,0.032,-46.7,46.7,dash
0.74,0.405,-0.196,0.032,-46.7,46.7,dash
0.74,0.405,-0.196,0.032,-46.7,46.7,dash
0.74,0.405,-0.196,0.032,-46.7,46.7,dash
0.74,0.405,-0.196,0.032,-46.7,46.7,dash
0.74,0.405,-0.196,0.032,-46.7,46.7,dash
0.74,0.405,-0.196,0.032,-46.7,46.7,dash
0.74,0.405,-0.196,0.032,-46.7,46.7,dash
0.74,0.404,-0.196,0.032,-46.7,46.7,dash
0.74,0.404,-0.196,0.032,-46.7,46.7,dash
0.74,0.404,-0.196,0.032,-46.7,46.7,dash
0.74,0.404,-0.196,0.032,-46.7,46.7,dash
0.74,0.404,-0.196,0.032,-46.7,46.7,dash
0.75,0.404,-0.196,0.032,-46.7,46.7,dash
0.75,0.404,-0.196,0.032,-46.7,46.7,dash
0.75,0.404,-0.196,0.032,-46.7,46.7,dash
0.75,0.404,-0.196,0.032,-46.7,46.7,dash
0.75,0.404,-0.196,0.032,-46.7,46.7,dash
0.75,0.403,-0.196,0.032,-46.7,46.7,dash
0.75,0.403,-0.196,0.032,-46.7,46.7,dash
0.75,0.403,-0.196,0.032,-46.7,46.7,dash
0.75,0.403,-0.196,0.032,-46.7,46.7,dash
0.75,0.403,-0.196,0.032,-46.7,46.7,dash
0.75,0.403,-0.196,0.032,-46.7,46.7,dash
0.75,0.403,-0.196,0.032,-46.7,46.7,dash
0.75,0.402,-0.196,0.032,-46.7,46.7,dash
0.75,0.402,-0.196,0.032,-46.7,46.7,dash
0.75,0.402,-0.196,0.032,-46.7,46.7,dash
0.75,0.402,-0.196,0.032,-46.7,46.7,dash
0.75,0.402,-0.196,0.032,-46.7,46.7,dash
0.75,0.402,-0.196,0.032,-46.7,46.7,dash
0.75,0.402,-0.196,0.032,-46.7,46.7,dash
0.75,0.401,-0.196,0.032,-46.7,46.7,dash
0.75,0.401,-0.196,0.032,-46.7,46.7,dash
0.75,0.401,-0.196,0.032,-46.7,46.7,dash
0.75,0.401,-0.196,0.032,-46.7,46.7,dash
0.76,0.401,-0.196,0.032,-46.7,46.7,dash
0.76,0.401,-0.196,0.032,-46.7,46.7,dash
0.76,0.401,-0.196,0.032,-46.7,46.7,dash
0.76,0.401,-0.196,0.032,-46.7,46.7,dash
0.76,0.401,-0.196,0.032,-46.7,46.7,dash
0.76,0.401,-0.196,0.032,-46.7,46.7,dash
0.76,0.400,-0.196,0.032,-46.7,46.7,dash
0.76,0.400,-0.196,0.032,-46.7,46.7,dash
0.76,0.400,-0.196,0.032,-46.7,46.7,dash
0.76,0.400,-0.196,0.032,-46.7,46.7,dash
0.76,0.400,-0.196,0.032,-46.7,46.7,dash
0.76,0.400,-0.196,0.032,-46.7,46.7,dash
0.76,0.400,-0.196,0.032,-46.7,46.7,dash
0.76,0.399,-0.196,0.032,-46.7,46.7,dash
0.76,0.399,-0.196,0.032,-46.7,46.7,dash
0.76,0.399,-0.196,0.032,-46.7,46.7,dash
0.76,0.399,-0.196,0.032,-46.7,46.7,dash
0.76,0.399,-0.196,0.032,-46.7,46.7,dash
0.76,0.399,-0.196,0.032,-46.7,46.7,dash
0.76,0.399,-0.196,0.032,-46.7,46.7,dash
0.76,0.399,-0.196,0.032,-46.7,46.7,dash
0.76,0.398,-0.196,0.032,-46.7,46.7,dash
0.76,0.398,-0.196,0.032,-46.7,46.7,dash
0.76,0.398,-0.196,0.032,-46.7,46.7,dash
0.76,0.398,-0.196,0.032,-46.7,46.7,dash
0.76,0.398,-0.196,0.032,-46.7,46.7,dash
0.77,0.398,-0.196,0.032,-46.7,46.7,dash
0.77,0.398,-0.196,0.032,-46.7,46.7,dash
0.77,0.398,-0.196,0.032,-46.7,46.7,dash
0.77,0.398,-0.196,0.032,-46.7,46.7,dash
0.77,0.398,-0.196,0.032,-46.7,46.7,dash
0.77,0.397,-0.196,0.032,-46.7,46.7,dash
0.77,0.397,-0.196,0.032,-46.7,46.7,dash
0.77,0.397,-0.196,0.032,-46.7,46.7,dash
0.77,0.397,-0.196,0.032,-46.7,46.7,dash
0.77,0.397,-0.196,0.032,-46.7,46.7,dash
0.77,0.397,-0.196,0.032,-46.7,46.7,dash
0.77,0.397,-0.196,0.032,-46.7,46.7,dash
0.77,0.396,-0.196,0.032,-46.7,46.7,dash
0.77,0.396,-0.196,0.032,-46.7,46.7,dash
0.77,0.396,-0.196,0.032,-46.7,46.7,dash
0.77,0.396,-0.196,0.032,-46.7,46.7,dash
0.77,0.396,-0.196,0.032,-46.7,46.7,dash
0.77,0.396,-0.196,0.032,-46.7,46.7,dash
0.77,0.396,-0.196,0.032,-46.7,46.7,dash
0.77,0.395,-0.196,0.032,-46.7,46.7,dash
0.77,0.395,-0.196,0.032,-46.7,46.7,dash
0.77,0.395,-0.196,0.032,-46.7,46.7,dash
0.77,0.395,-0.196,0.032,-46.7,46.7,dash
0.78,0.395,-0.196,0.032,-46.7,46.7,dash
0.78,0.395,-0.196,0.032,-46.7,46.7,dash
0.78,0.395,-0.196,0.032,-46.7,46.7,dash
0.78,0.395,-0.196,0.032,-46.7,46.7,dash
0.78,0.395,-0.196,0.032,-46.7,46.7,dash
0.78,0.394,-0.196,0.032,-46.7,46.7,dash
0.78,0.394,-0.196,0.032,-46.7,46.7,dash
0.78,0.394,-0.196,0.032,-46.7,46.7,dash
0.78,0.394,-0.196,0.032,-46.7,46.7,dash
0.78,0.394,-0.196,0.032,-46.7,46.7,dash
0.78,0.394,-0.196,0.032,-46.7,46.7,dash
0.78,0.394,-0.196,0.032,-46.7,46.7,dash
0.78,0.394,-0.196,0.032,-46.7,46.7,dash
0.78,0.393,-0.196,0.032,-46.7,46.7,dash
0.78,0.393,-0.196,0.032,-46.7,46.7,dash
0.78,0.393,-0.196,0.032,-46.7,46.7,dash
0.78,0.393,-0.196,0.032,-46.7,46.7,dash
0.78,0.393,-0.196,0.032,-46.7,46.7,dash
0.78,0.393,-0.196,0.032,-46.7,46.7,dash
0.78,0.393,-0.196,0.032,-46.7,46.7,dash
0.78,0.392,-0.196,0.032,-46.7,46.7,dash
0.78,0.392,-0.196,0.032,-46.7,46.7,dash
0.78,0.392,-0.196,0.032,-46.7,46.7,dash
0.78,0.392,-0.196,0.032,-46.7,46.7,dash
0.79,0.392,-0.196,0.032,-46.7,46.7,dash
0.79,0.392,-0.196,0.032,-46.7,46.7,dash
0.79,0.392,-0.196,0.032,-46.7,46.7,dash
0.79,0.392,-0.196,0.032,-46.7,46.7,dash
0.79,0.392,-0.196,0.032,-46.7,46.7,dash
0.79,0.391,-0.196,0.032,-46.7,46.7,dash
0.79,0.391,-0.196,0.032,-46.7,46.7,dash
0.79,0.391,-0.196,0.032,-46.7,46.7,dash
0.79,0.391,-0.196,0.032,-46.7,46.7,dash
0.79,0.391,-0.196,0.032,-46.7,46.7,dash
0.79,0.391,-0.196,0.032,-46.7,46.7,dash
0.79,0.391,-0.196,0.032,-46.7,46.7,dash
0.79,0.391,-0.196,0.032,-46.7,46.7,dash
0.79,0.390,-0.196,0.032,-46.7,46.7,dash
0.79,0.390,-0.196,0.032,-46.7,46.7,dash
0.79,0.390,-0.196,0.032,-46.7,46.7,dash
0.79,0.390,-0.196,0.032,-46.7,46.7,dash
0.79,0.390,-0.196,0.032,-46.7,46.7,dash
0.79,0.390,-0.196,0.032,-46.7,46.7,dash
0.79,0.390,-0.196,0.032,-46.7,46.7,dash
0.79,0.389,-0.196,0.032,-46.7,46.7,dash
0.79,0.389,-0.196,0.032,-46.7,46.7,dash
0.79,0.389,-0.196,0.032,-46.7,46.7,dash
0.79,0.389,-0.196,0.032,-46.7,46.7,dash
0.80,0.389,-0.196,0.032,-46.7,46.7,dash
0.80,0.389,-0.196,0.032,-46.7,46.7,dash
0.80,0.389,-0.196,0.032,-46.7,46.7,dash
0.80,0.389,-0.196,0.032,-46.7,46.7,dash
0.80,0.389,-0.196,0.032,-46.7,46.7,dash
0.80,0.388,-0.196,0.032,-46.7,46.7,dash
0.80,0.388,-0.196,0.032,-46.7,46.7,dash
0.80,0.388,-0.196,0.032,-46.7,46.7,dash
0.80,0.388,-0.196,0.032,-46.7,46.7,dash
0.80,0.388,-0.196,0.032,-46.7,46.7,dash
0.80,0.388,-0.196,0.032,-46.7,46.7,dash
0.80,0.388,-0.196,0.032,-46.7,46.7,dash
0.80,0.387,-0.196,0.032,-46.7,46.7,dash
0.80,0.387,-0.196,0.032,-46.7,46.7,dash
0.80,0.387,-0.196,0.032,-46.7,46.7,dash
0.80,0.387,-0.196,0.032,-46.7,46.7,dash
0.80,0.387,-0.196,0.032,-46.7,46.7,dash
0.80,0.387,-0.196,0.032,-46.7,46.7,dash
0.80,0.387,-0.196,0.032,-46.7,46.7,dash
0.80,0.387,-0.196,0.032,-46.7,46.7,dash
0.80,0.387,-0.196,0.032,-46.7,46.7,dash
0.80,0.387,-0.196,0.032,-46.7,46.7,dash
0.80,0.386,-0.196,0.032,-46.7,46.7,dash
0.80,0.386,-0.196,0.032,-46.7,46.7,dash
0.81,0.386,-0.196,0.032,-46.7,46.7,dash
0.81,0.386,-0.196,0.032,-46.7,46.7,dash
0.81,0.386,-0.196,0.032,-46.7,46.7,dash
0.81,0.386,-0.196,0.032,-46.7,46.7,dash
0.81,0.386,-0.196,0.032,-46.7,46.7,dash
0.81,0.385,-0.196,0.032,-46.7,46.7,dash
0.81,0.385,-0.196,0.032,-46.7,46.7,dash
0.81,0.385,-0.196,0.032,-46.7,46.7,dash
0.81,0.385,-0.196,0.032,-46.7,46.7,dash
0.81,0.385,-0.196,0.032,-46.7,46.7,dash
0.81,0.385,-0.196,0.032,-46.7,46.7,dash
0.81,0.385,-0.196,0.032,-46.7,46.7,dash
0.81,0.385,-0.196,0.032,-46.7,46.7,dash
0.81,0.384,-0.196,0.032,-46.7,46.7,dash
0.81,0.384,-0.196,0.032,-46.7,46.7,dash
0.81,0.384,-0.196,0.032,-46.7,46.7,dash
0.81,0.384,-0.196,0.032,-46.7,46.7,dash
0.81,0.384,-0.196,0.032,-46.7,46.7,dash
0.81,0.384,-0.196,0.032,-46.7,46.7,dash
0.81,0.384,-0.196,0.032,-46.7,46.7,dash
0.81,0.384,-0.196,0.032,-46.7,46.7,dash
0.81,0.384,-0.196,0.032,-46.7,46.7,dash
0.81,0.383,-0.196,0.032,-46.7,46.7,dash
0.81,0.383,-0.196,0.032,-46.7,46.7,dash
0.82,0.383,-0.196,0.032,-46.7,46.7,dash
0.82,0.383,-0.196,0.032,-46.7,46.7,dash
0.82,0.383,-0.196,0.032,-46.7,46.7,dash
0.82,0.383,-0.196,0.032,-46.7,46.7,dash
0.82,0.383,-0.196,0.032,-46.7,46.7,dash
0.82,0.382,-0.196,0.032,-46.7,46.7,dash
0.82,0.382,-0.196,0.032,-46.7,46.7,dash
0.82,0.382,-0.196,0.032,-46.7,46.7,dash
0.82,0.382,-0.196,0.032,-46.7,46.7,dash
0.82,0.382,-0.196,0.032,-46.7,46.7,dash
0.82,0.382,-0.196,0.032,-46.7,46.7,dash
0.82,0.382,-0.196,0.032,-46.7,46.7,dash
0.82,0.381,-0.196,0.032,-46.7,46.7,dash
0.82,0.381,-0.196,0.032,-46.7,46.7,dash
0.82,0.381,-0.196,0.032,-46.7,46.7,dash
0.82,0.381,-0.196,0.032,-46.7,46.7,dash
0.82,0.381,-0.196,0.032,-46.7,46.7,dash
0.82,0.381,-0.196,0.032,-46.7,46.7,dash
0.82,0.381,-0.196,0.032,-46.7,46.7,dash
0.82,0.381,-0.196,0.032,-46.7,46.7,dash
0.82,0.381,-0.196,0.032,-46.7,46.7,dash
0.82,0.380,-0.196,0.032,-46.7,46.7,dash
0.82,0.380,-0.196,0.032,-46.7,46.7,dash
0.83,0.380,-0.196,0.032,-46.7,46.7,dash
0.83,0.380,-0.196,0.032,-46.7,46.7,dash
0.83,0.380,-0.196,0.032,-46.7,46.7,dash
0.83,0.380,-0.196,0.032,-46.7,46.7,dash
0.83,0.380,-0.196,0.032,-46.7,46.7,dash
0.83,0.379,-0.196,0.032,-46.7,46.7,dash
0.83,0.379,-0.196,0.032,-46.7,46.7,dash
0.83,0.379,-0.196,0.032,-46.7,46.7,dash
0.83,0.379,-0.196,0.032,-46.7,46.7,dash
0.83,0.379,-0.196,0.032,-46.7,46.7,dash
0.83,0.379,-0.196,0.032,-46.7,46.7,dash
0.83,0.379,-0.196,0.032,-46.7,46.7,dash
0.83,0.379,-0.196,0.032,-46.7,46.7,dash
0.83,0.379,-0.196,0.032,-46.7,46.7,dash
0.83,0.378,-0.196,0.032,-46.7,46.7,dash
0.83,0.378,-0.196,0.032,-46.7,46.7,dash
0.83,0.378,-0.196,0.032,-46.7,46.7,dash
0.83,0.378,-0.196,0.032,-46.7,46.7,dash
0.83,0.378,-0.196,0.032,-46.7,46.7,dash
0.83,0.378,-0.196,0.032,-46.7,46.7,dash
0.83,0.378,-0.196,0.032,-46.7,46.7,dash
0.83,0.378,-0.196,0.032,-46.7,46.7,dash
0.83,0.378,-0.196,0.032,-46.7,46.7,dash
0.83,0.377,-0.196,0.032,-46.7,46.7,dash
0.83,0.377,-0.196,0.032,-46.7,46.7,dash
0.84,0.377,-0.196,0.032,-46.7,46.7,dash
0.84,0.377,-0.196,0.032,-46.7,46.7,dash
0.84,0.377,-0.196,0.032,-46.7,46.7,dash
0.84,0.377,-0.196,0.032,-46.7,46.7,dash
0.84,0.377,-0.196,0.032,-46.7,46.7,dash
0.84,0.376,-0.196,0.032,-46.7,46.7,dash
0.84,0.376,-0.196,0.032,-46.7,46.7,dash
0.84,0.376,-0.196,0.032,-46.7,46.7,dash
0.84,0.376,-0.196,0.032,-46.7,46.7,dash
0.84,0.376,-0.196,0.032,-46.7,46.7,dash
0.84,0.376,-0.196,0.032,-46.7,46.7,dash
0.84,0.376,-0.196,0.032,-46.7,46.7,dash
0.84,0.376,-0.196,0.032,-46.7,46.7,dash
0.84,0.375,-0.196,0.032,-46.7,46.7,dash
0.84,0.375,-0.196,0.032,-46.7,46.7,dash
0.84,0.375,-0.196,0.032,-46.7,46.7,dash
0.84,0.375,-0.196,0.032,-46.7,46.7,dash
0.84,0.375,-0.196,0.032,-46.7,46.7,dash
0.84,0.375,-0.196,0.032,-46.7,46.7,dash
0.84,0.375,-0.196,0.032,-46.7,46.7,dash
0.84,0.375,-0.196,0.032,-46.7,46.7,dash
0.84,0.375,-0.196,0.032,-46.7,46.7,dash
0.84,0.375,-0.196,0.032,-46.7,46.7,dash
0.84,0.374,-0.196,0.032,-46.7,46.7,dash
0.84,0.374,-0.196,0.032,-46.7,46.7,dash
0.85,0.374,-0.196,0.032,-46.7,46.7,dash
0.85,0.374,-0.196,0.032,-46.7,46.7,dash
0.85,0.374,-0.196,0.032,-46.7,46.7,dash
0.85,0.374,-0.196,0.032,-46.7,46.7,dash
0.85,0.374,-0.196,0.032,-46.7,46.7,dash
0.85,0.374,-0.196,0.032,-46.7,46.7,dash
0.85,0.373,-0.196,0.032,-46.7,46.7,dash
0.85,0.373,-0.196,0.032,-46.7,46.7,dash
0.85,0.373,-0.196,0.032,-46.7,46.7,dash
0.85,0.373,-0.196,0.032,-46.7,46.7,dash
0.85,0.373,-0.196,0.032,-46.7,46.7,dash
0.85,0.373,-0.196,0.032,-46.7,46.7,dash
0.85,0.373,-0.196,0.032,-46.7,46.7,dash
0.85,0.372,-0.196,0.032,-46.7,46.7,dash
0.85,0.372,-0.196,0.032,-46.7,46.7,dash
0.85,0.372,-0.196,0.032,-46.7,46.7,dash
0.85,0.372,-0.196,0.032,-46.7,46.7,dash
0.85,0.372,-0.196,0.032,-46.7,46.7,dash
0.85,0.372,-0.196,0.032,-46.7,46.7,dash
0.85,0.372,-0.196,0.032,-46.7,46.7,dash
0.85,0.372,-0.196,0.032,-46.7,46.7,dash
0.85,0.372,-0.196,0.032,-46.7,46.7,dash
0.85,0.371,-0.196,0.032,-46.7,46.7,dash
0.85,0.371,-0.196,0.032,-46.7,46.7,dash
0.86,0.371,-0.196,0.032,-46.7,46.7,dash
0.86,0.371,-0.196,0.032,-46.7,46.7,dash
0.86,0.371,-0.196,0.032,-46.7,46.7,dash
0.86,0.371,-0.196,0.032,-46.7,46.7,dash
0.86,0.371,-0.196,0.032,-46.7,46.7,dash
0.86,0.371,-0.196,0.032,-46.7,46.7,dash
0.86,0.370,-0.196,0.032,-46.7,46.7,dash
0.86,0.370,-0.196,0.032,-46.7,46.7,dash
0.86,0.370,-0.196,0.032,-46.7,46.7,dash
0.86,0.370,-0.196,0.032,-46.7,46.7,dash
0.86,0.370,-0.196,0.032,-46.7,46.7,dash
0.86,0.370,-0.196,0.032,-46.7,46.7,dash
0.86,0.370,-0.196,0.032,-46.7,46.7,dash
0.86,0.370,-0.196,0.032,-46.7,46.7,dash
0.86,0.369,-0.196,0.032,-46.7,46.7,dash
0.86,0.369,-0.196,0.032,-46.7,46.7,dash
0.86,0.369,-0.196,0.032,-46.7,46.7,dash
0.86,0.369,-0.196,0.032,-46.7,46.7,dash
0.86,0.369,-0.196,0.032,-46.7,46.7,dash
0.86,0.369,-0.196,0.032,-46.7,46.7,dash
0.86,0.369,-0.196,0.032,-46.7,46.7,dash
0.86,0.369,-0.196,0.032,-46.7,46.7,dash
0.86,0.369,-0.196,0.032,-46.7,46.7,dash
0.86,0.369,-0.196,0.032,-46.7,46.7,dash
0.86,0.368,-0.196,0.032,-46.7,46.7,dash
0.86,0.368,-0.196,0.032,-46.7,46.7,dash
0.87,0.368,-0.196,0.032,-46.7,46.7,dash
0.87,0.368,-0.196,0.032,-46.7,46.7,dash
0.87,0.368,-0.196,0.032,-46.7,46.7,dash
0.87,0.368,-0.196,0.032,-46.7,46.7,dash
0.87,0.368,-0.196,0.032,-46.7,46.7,dash
0.87,0.368,-0.196,0.032,-46.7,46.7,dash
0.87,0.367,-0.196,0.032,-46.7,46.7,dash
0.87,0.367,-0.196,0.032,-46.7,46.7,dash
0.87,0.367,-0.196,0.032,-46.7,46.7,dash
0.87,0.367,-0.196,0.032,-46.7,46.7,dash
0.87,0.367,-0.196,0.032,-46.7,46.7,dash
0.87,0.367,-0.196,0.032,-46.7,46.7,dash
0.87,0.367,-0.196,0.032,-46.7,46.7,dash
0.87,0.366,-0.196,0.032,-46.7,46.7,dash
0.87,0.366,-0.196,0.032,-46.7,46.7,dash
0.87,0.366,-0.196,0.032,-46.7,46.7,dash
0.87,0.366,-0.196,0.032,-46.7,46.7,dash
0.87,0.366,-0.196,0.032,-46.7,46.7,dash
0.87,0.366,-0.196,0.032,-46.7,46.7,dash
0.87,0.366,-0.196,0.032,-46.7,46.7,dash
0.87,0.366,-0.196,0.032,-46.7,46.7,dash
0.87,0.366,-0.196,0.032,-46.7,46.7,dash
0.87,0.366,-0.196,0.032,-46.7,46.7,dash
0.87,0.366,-0.196,0.032,-46.7,46.7,dash
0.87,0.365,-0.196,0.032,-46.7,46.7,dash
0.87,0.365,-0.196,0.032,-46.7,46.7,dash
0.88,0.365,-0.196,0.032,-46.7,46.7,dash
0.88,0.365,-0.196,0.032,-46.7,46.7,dash
0.88,0.365,-0.196,0.032,-46.7,46.7,dash
0.88,0.365,-0.196,0.032,-46.7,46.7,dash
0.88,0.365,-0.196,0.032,-46.7,46.7,dash
0.88,0.364,-0.196,0.032,-46.7,46.7,dash
0.88,0.364,-0.196,0.032,-46.7,46.7,dash
0.88,0.364,-0.196,0.032,-46.7,46.7,dash
0.88,0.364,-0.196,0.032,-46.7,46.7,dash
0.88,0.364,-0.196,0.032,-46.7,46.7,dash
0.88,0.364,-0.196,0.032,-46.7,46.7,dash
0.88,0.364,-0.196,0.032,-46.7,46.7,dash
0.88,0.364,-0.196,0.032,-46.7,46.7,dash
0.88,0.364,-0.196,0.032,-46.7,46.7,dash
0.88,0.363,-0.196,0.032,-46.7,46.7,dash
0.88,0.363,-0.196,0.032,-46.7,46.7,dash
0.88,0.363,-0.196,0.032,-46.7,46.7,dash
0.88,0.363,-0.196,0.032,-46.7,46.7,dash
0.88,0.363,-0.196,0.032,-46.7,46.7,dash
0.88,0.363,-0.196,0.032,-46.7,46.7,dash
0.88,0.363,-0.196,0.032,-46.7,46.7,dash
0.88,0.363,-0.196,0.032,-46.7,46.7,dash
0.88,0.363,-0.196,0.032,-46.7,46.7,dash
0.88,0.362,-0.196,0.032,-46.7,46.7,dash
0.89,0.362,-0.196,0.032,-46.7,46.7,dash
0.89,0.362,-0.196,0.032,-46.7,46.7,dash
0.89,0.362,-0.196,0.032,-46.7,46.7,dash
0.89,0.362,-0.196,0.032,-46.7,46.7,dash
0.89,0.362,-0.196,0.032,-46.7,46.7,dash
0.89,0.362,-0.196,0.032,-46.7,46.7,dash
0.89,0.361,-0.196,0.032,-46.7,46.7,dash
0.89,0.361,-0.196,0.032,-46.7,46.7,dash
0.89,0.361,-0.196,0.032,-46.7,46.7,dash
0.89,0.361,-0.196,0.032,-46.7,46.7,dash
0.89,0.361,-0.196,0.032,-46.7,46.7,dash
0.89,0.361,-0.196,0.032,-46.7,46.7,dash
0.89,0.361,-0.196,0.032,-46.7,46.7,dash
0.89,0.361,-0.196,0.032,-46.7,46.7,dash
0.89,0.360,-0.196,0.032,-46.7,46.7,dash
0.89,0.360,-0.196,0.032,-46.7,46.7,dash
0.89,0.360,-0.196,0.032,-46.7,46.7,dash
0.89,0.360,-0.196,0.032,-46.7,46.7,dash
0.89,0.360,-0.196,0.032,-46.7,46.7,dash
0.89,0.360,-0.196,0.032,-46.7,46.7,dash
0.89,0.360,-0.196,0.032,-46.7,46.7,dash
0.89,0.360,-0.196,0.032,-46.7,46.7,dash
0.89,0.360,-0.196,0.032,-46.7,46.7,dash
0.89,0.360,-0.196,0.032,-46.7,46.7,dash
0.89,0.360,-0.196,0.032,-46.7,46.7,dash
0.89,0.359,-0.196,0.032,-46.7,46.7,dash
0.90,0.359,-0.196,0.032,-46.7,46.7,dash
0.90,0.359,-0.196,0.032,-46.7,46.7,dash
0.90,0.359,-0.196,0.032,-46.7,46.7,dash
0.90,0.359,-0.196,0.032,-46.7,46.7,dash
0.90,0.359,-0.196,0.032,-46.7,46.7,dash
0.90,0.359,-0.196,0.032,-46.7,46.7,dash
0.90,0.358,-0.196,0.032,-46.7,46.7,dash
0.90,0.358,-0.196,0.032,-46.7,46.7,dash
0.90,0.358,-0.196,0.032,-46.7,46.7,dash
0.90,0.358,-0.196,0.032,-46.7,46.7,dash
0.90,0.358,-0.196,0.032,-46.7,46.7,dash
0.90,0.358,-0.196,0.032,-46.7,46.7,dash
0.90,0.358,-0.196,0.032,-46.7,46.7,dash
0.90,0.358,-0.196,0.032,-46.7,46.7,dash
0.90,0.357,-0.196,0.032,-46.7,46.7,dash
0.90,0.357,-0.196,0.032,-46.7,46.7,dash
0.90,0.357,-0.196,0.032,-46.7,46.7,dash
0.90,0.357,-0.196,0.032,-46.7,46.7,dash
0.90,0.357,-0.196,0.032,-46.7,46.7,dash
0.90,0.357,-0.196,0.032,-46.7,46.7,dash
0.90,0.357,-0.196,0.032,-46.7,46.7,dash
0.90,0.357,-0.196,0.032,-46.7,46.7,dash
0.90,0.357,-0.196,0.032,-46.7,46.7,dash
0.90,0.357,-0.196,0.032,-46.7,46.7,dash
0.90,0.356,-0.196,0.032,-46.7,46.7,dash
0.91,0.356,-0.196,0.032,-46.7,46.7,dash
0.91,0.356,-0.196,0.032,-46.7,46.7,dash
0.91,0.356,-0.196,0.032,-46.7,46.7,dash
0.91,0.356,-0.196,0.032,-46.7,46.7,dash
0.91,0.356,-0.196,0.032,-46.7,46.7,dash
0.91,0.356,-0.196,0.032,-46.7,46.7,dash
0.91,0.356,-0.196,0.032,-46.7,46.7,dash
0.91,0.355,-0.196,0.032,-46.7,46.7,dash
0.91,0.355,-0.196,0.032,-46.7,46.7,dash
0.91,0.355,-0.196,0.032,-46.7,46.7,dash
0.91,0.355,-0.196,0.032,-46.7,46.7,dash
0.91,0.355,-0.196,0.032,-46.7,46.7,dash
0.91,0.355,-0.196,0.032,-46.7,46.7,dash
0.91,0.355,-0.196,0.032,-46.7,46.7,dash
0.91,0.355,-0.196,0.032,-46.7,46.7,dash
0.91,0.355,-0.196,0.032,-46.7,46.7,dash
0.91,0.355,-0.196,0.032,-46.7,46.7,dash
0.91,0.355,-0.196,0.032,-46.7,46.7,dash
0.91,0.354,-0.196,0.032,-46.7,46.7,dash
0.91,0.354,-0.196,0.032,-46.7,46.7,dash
0.91,0.354,-0.196,0.032,-46.7,46.7,dash
0.91,0.354,-0.196,0.032,-46.7,46.7,dash
0.91,0.354,-0.196,0.032,-46.7,46.7,dash
0.91,0.354,-0.196,0.032,-46.7,46.7,dash
0.91,0.354,-0.196,0.032,-46.7,46.7,dash
0.91,0.354,-0.196,0.032,-46.7,46.7,dash
0.91,0.353,-0.196,0.032,-46.7,46.7,dash
0.91,0.353,-0.196,0.032,-46.7,46.7,dash
0.92,0.353,-0.196,0.032,-46.7,46.7,dash
0.92,0.353,-0.196,0.032,-46.7,46.7,dash
0.92,0.353,-0.196,0.032,-46.7,46.7,dash
0.92,0.353,-0.196,0.032,-46.7,46.7,dash
0.92,0.353,-0.196,0.032,-46.7,46.7,dash
0.92,0.352,-0.196,0.032,-46.7,46.7,dash
0.92,0.352,-0.196,0.032,-46.7,46.7,dash
0.92,0.352,-0.196,0.032,-46.7,46.7,dash
0.92,0.352,-0.196,0.032,-46.7,46.7,dash
0.92,0.352,-0.196,0.032,-46.7,46.7,dash
0.92,0.352,-0.196,0.032,-46.7,46.7,dash
0.92,0.352,-0.196,0.032,-46.7,46.7,dash
0.92,0.352,-0.196,0.032,-46.7,46.7,dash
0.92,0.352,-0.196,0.032,-46.7,46.7,dash
0.92,0.352,-0.196,0.032,-46.7,46.7,dash
0.92,0.351,-0.196,0.032,-46.7,46.7,dash
0.92,0.351,-0.196,0.032,-46.7,46.7,dash
0.92,0.351,-0.196,0.032,-46.7,46.7,dash
0.92,0.351,-0.196,0.032,-46.7,46.7,dash
0.92,0.351,-0.196,0.032,-46.7,46.7,dash
0.92,0.351,-0.196,0.032,-46.7,46.7,dash
0.92,0.351,-0.196,0.032,-46.7,46.7,dash
0.92,0.351,-0.196,0.032,-46.7,46.7,dash
0.92,0.350,-0.196,0.032,-46.7,46.7,dash
0.92,0.350,-0.196,0.032,-46.7,46.7,dash
0.93,0.350,-0.196,0.032,-46.7,46.7,dash
0.93,0.350,-0.196,0.032,-46.7,46.7,dash
0.93,0.350,-0.196,0.032,-46.7,46.7,dash
0.93,0.350,-0.196,0.032,-46.7,46.7,dash
0.93,0.350,-0.196,0.032,-46.7,46.7,dash
0.93,0.350,-0.196,0.032,-46.7,46.7,dash
0.93,0.349,-0.196,0.032,-46.7,46.7,dash
0.93,0.349,-0.196,0.032,-46.7,46.7,dash
0.93,0.349,-0.196,0.032,-46.7,46.7,dash
0.93,0.349,-0.196,0.032,-46.7,46.7,dash
0.93,0.349,-0.196,0.032,-46.7,46.7,dash
0.93,0.349,-0.196,0.032,-46.7,46.7,dash
0.93,0.349,-0.196,0.032,-46.7,46.7,dash
0.93,0.349,-0.196,0.032,-46.7,46.7,dash
0.93,0.349,-0.196,0.032,-46.7,46.7,dash
0.93,0.349,-0.196,0.032,-46.7,46.7,dash
0.93,0.348,-0.196,0.032,-46.7,46.7,dash
0.93,0.348,-0.196,0.032,-46.7,46.7,dash
0.93,0.348,-0.196,0.032,-46.7,46.7,dash
0.93,0.348,-0.196,0.032,-46.7,46.7,dash
0.93,0.348,-0.196,0.032,-46.7,46.7,dash
0.93,0.348,-0.196,0.032,-46.7,46.7,dash
0.93,0.348,-0.196,0.032,-46.7,46.7,dash
0.93,0.347,-0.196,0.032,-46.7,46.7,dash
0.93,0.347,-0.196,0.032,-46.7,46.7,dash
0.94,0.347,-0.196,0.032,-46.7,46.7,dash
0.94,0.347,-0.196,0.032,-46.7,46.7,dash
0.94,0.347,-0.196,0.032,-46.7,46.7,dash
0.94,0.347,-0.196,0.032,-46.7,46.7,dash
0.94,0.347,-0.196,0.032,-46.7,46.7,dash
0.94,0.346,-0.196,0.032,-46.7,46.7,dash
0.94,0.346,-0.196,0.032,-46.7,46.7,dash
0.94,0.346,-0.196,0.032,-46.7,46.7,dash
0.94,0.346,-0.196,0.032,-46.7,46.7,dash
0.94,0.346,-0.196,0.032,-46.7,46.7,dash
0.94,0.346,-0.196,0.032,-46.7,46.7,dash
0.94,0.346,-0.196,0.032,-46.7,46.7,dash
0.94,0.346,-0.196,0.032,-46.7,46.7,dash
0.94,0.346,-0.196,0.032,-46.7,46.7,dash
0.94,0.345,-0.196,0.032,-46.7,46.7,dash
0.94,0.345,-0.196,0.032,-46.7,46.7,dash
0.94,0.345,-0.196,0.032,-46.7,46.7,dash
0.94,0.345,-0.196,0.032,-46.7,46.7,dash
0.94,0.345,-0.196,0.032,-46.7,46.7,dash
0.94,0.345,-0.196,0.032,-46.7,46.7,dash
0.94,0.345,-0.196,0.032,-46.7,46.7,dash
0.94,0.345,-0.196,0.032,-46.7,46.7,dash
0.94,0.344,-0.196,0.032,-46.7,46.7,dash
0.94,0.344,-0.196,0.032,-46.7,46.7,dash
0.95,0.344,-0.196,0.032,-46.7,46.7,dash
0.95,0.344,-0.196,0.032,-46.7,46.7,dash
0.95,0.344,-0.196,0.032,-46.7,46.7,dash
0.95,0.344,-0.196,0.032,-46.7,46.7,dash
0.95,0.344,-0.196,0.032,-46.7,46.7,dash
0.95,0.344,-0.196,0.032,-46.7,46.7,dash
0.95,0.343,-0.196,0.032,-46.7,46.7,dash
0.95,0.343,-0.196,0.032,-46.7,46.7,dash
0.95,0.343,-0.196,0.032,-46.7,46.7,dash
0.95,0.343,-0.196,0.032,-46.7,46.7,dash
0.95,0.343,-0.196,0.032,-46.7,46.7,dash
0.95,0.343,-0.196,0.032,-46.7,46.7,dash
0.95,0.343,-0.196,0.032,-46.7,46.7,dash
0.95,0.343,-0.196,0.032,-46.7,46.7,dash
0.95,0.343,-0.196,0.032,-46.7,46.7,dash
0.95,0.343,-0.196,0.032,-46.7,46.7,dash
0.95,0.342,-0.196,0.032,-46.7,46.7,dash
0.95,0.342,-0.196,0.032,-46.7,46.7,dash
0.95,0.342,-0.196,0.032,-46.7,46.7,dash
0.95,0.342,-0.196,0.032,-46.7,46.7,dash
0.95,0.342,-0.196,0.032,-46.7,46.7,dash
0.95,0.342,-0.196,0.032,-46.7,46.7,dash
0.95,0.342,-0.196,0.032,-46.7,46.7,dash
0.95,0.342,-0.196,0.032,-46.7,46.7,dash
0.95,0.341,-0.196,0.032,-46.7,46.7,dash
0.95,0.341,-0.196,0.032,-46.7,46.7,dash
0.96,0.341,-0.196,0.032,-46.7,46.7,dash
0.96,0.341,-0.196,0.032,-46.7,46.7,dash
0.96,0.341,-0.196,0.032,-46.7,46.7,dash
0.96,0.341,-0.196,0.032,-46.7,46.7,dash
0.96,0.341,-0.196,0.032,-46.7,46.7,dash
0.96,0.340,-0.196,0.032,-46.7,46.7,dash
0.96,0.340,-0.196,0.032,-46.7,46.7,dash
0.96,0.340,-0.196,0.032,-46.7,46.7,dash
0.96,0.340,-0.196,0.032,-46.7,46.7,dash
0.96,0.340,-0.196,0.032,-46.7,46.7,dash
0.96,0.340,-0.196,0.032,-46.7,46.7,dash
0.96,0.340,-0.196,0.032,-46.7,46.7,dash
0.96,0.340,-0.196,0.032,-46.7,46.7,dash
0.96,0.340,-0.196,0.032,-46.7,46.7,dash
0.96,0.340,-0.196,0.032,-46.7,46.7,dash
0.96,0.340,-0.196,0.032,-46.7,46.7,dash
0.96,0.339,-0.196,0.032,-46.7,46.7,dash
0.96,0.339,-0.196,0.032,-46.7,46.7,dash
0.96,0.339,-0.196,0.032,-46.7,46.7,dash
0.96,0.339,-0.196,0.032,-46.7,46.7,dash
0.96,0.339,-0.196,0.032,-46.7,46.7,dash
0.96,0.339,-0.196,0.032,-46.7,46.7,dash
0.96,0.339,-0.196,0.032,-46.7,46.7,dash
0.96,0.339,-0.196,0.032,-46.7,46.7,dash
0.96,0.338,-0.196,0.032,-46.7,46.7,dash
0.96,0.338,-0.196,0.032,-46.7,46.7,dash
0.97,0.338,-0.196,0.032,-46.7,46.7,dash
0.97,0.338,-0.196,0.032,-46.7,46.7,dash
0.97,0.338,-0.196,0.032,-46.7,46.7,dash
0.97,0.338,-0.196,0.032,-46.7,46.7,dash
0.97,0.338,-0.196,0.032,-46.7,46.7,dash
0.97,0.338,-0.196,0.032,-46.7,46.7,dash
0.97,0.337,-0.196,0.032,-46.7,46.7,dash
0.97,0.337,-0.196,0.032,-46.7,46.7,dash
0.97,0.337,-0.196,0.032,-46.7,46.7,dash
0.97,0.337,-0.196,0.032,-46.7,46.7,dash
0.97,0.337,-0.196,0.032,-46.7,46.7,dash
0.97,0.337,-0.196,0.032,-46.7,46.7,dash
0.97,0.337,-0.196,0.032,-46.7,46.7,dash
0.97,0.337,-0.196,0.032,-46.7,46.7,dash
0.97,0.337,-0.196,0.032,-46.7,46.7,dash
0.97,0.337,-0.196,0.032,-46.7,46.7,dash
0.97,0.337,-0.196,0.032,-46.7,46.7,dash
0.97,0.336,-0.196,0.032,-46.7,46.7,dash
0.97,0.336,-0.196,0.032,-46.7,46.7,dash
0.97,0.336,-0.196,0.032,-46.7,46.7,dash
0.97,0.336,-0.196,0.032,-46.7,46.7,dash
0.97,0.336,-0.196,0.032,-46.7,46.7,dash
0.97,0.336,-0.196,0.032,-46.7,46.7,dash
0.97,0.336,-0.196,0.032,-46.7,46.7,dash
0.97,0.336,-0.196,0.032,-46.7,46.7,dash
0.97,0.335,-0.196,0.032,-46.7,46.7,dash
0.98,0.335,-0.196,0.032,-46.7,46.7,dash
0.98,0.335,-0.196,0.032,-46.7,46.7,dash
0.98,0.335,-0.196,0.032,-46.7,46.7,dash
0.98,0.335,-0.196,0.032,-46.7,46.7,dash
0.98,0.335,-0.196,0.032,-46.7,46.7,dash
0.98,0.335,-0.196,0.032,-46.7,46.7,dash
0.98,0.334,-0.196,0.032,-46.7,46.7,dash
0.98,0.334,-0.196,0.032,-46.7,46.7,dash
0.98,0.334,-0.196,0.032,-46.7,46.7,dash
0.98,0.334,-0.196,0.032,-46.7,46.7,dash
0.98,0.334,-0.196,0.032,-46.7,46.7,dash
0.98,0.334,-0.196,0.032,-46.7,46.7,dash
0.98,0.334,-0.196,0.032,-46.7,46.7,dash
0.98,0.334,-0.196,0.032,-46.7,46.7,dash
0.98,0.334,-0.196,0.032,-46.7,46.7,dash
0.98,0.334,-0.196,0.032,-46.7,46.7,dash
0.98,0.333,-0.196,0.032,-46.7,46.7,dash
0.98,0.333,-0.196,0.032,-46.7,46.7,dash
0.98,0.333,-0.196,0.032,-46.7,46.7,dash
0.98,0.333,-0.196,0.032,-46.7,46.7,dash
0.98,0.333,-0.196,0.032,-46.7,46.7,dash
0.98,0.333,-0.196,0.032,-46.7,46.7,dash
0.98,0.333,-0.196,0.032,-46.7,46.7,dash
0.98,0.332,-0.196,0.032,-46.7,46.7,dash
0.98,0.332,-0.196,0.032,-46.7,46.7,dash
0.99,0.332,-0.196,0.032,-46.7,46.7,dash
0.99,0.332,-0.196,0.032,-46.7,46.7,dash
0.99,0.332,-0.196,0.032,-46.7,46.7,dash
0.99,0.332,-0.196,0.032,-46.7,46.7,dash
0.99,0.332,-0.196,0.032,-46.7,46.7,dash
0.99,0.331,-0.196,0.032,-46.7,46.7,dash
0.99,0.331,-0.196,0.032,-46.7,46.7,dash
0.99,0.331,-0.196,0.032,-46.7,46.7,dash
0.99,0.331,-0.196,0.032,-46.7,46.7,dash
0.99,0.331,-0.196,0.032,-46.7,46.7,dash
0.99,0.331,-0.196,0.032,-46.7,46.7,dash
0.99,0.331,-0.196,0.032,-46.7,46.7,dash
0.99,0.331,-0.196,0.032,-46.7,46.7,dash
0.99,0.331,-0.196,0.032,-46.7,46.7,dash
0.99,0.331,-0.196,0.032,-46.7,46.7,dash
0.99,0.331,-0.196,0.032,-46.7,46.7,dash
0.99,0.331,-0.196,0.032,-46.7,46.7,dash
0.99,0.330,-0.196,0.032,-46.7,46.7,dash
0.99,0.330,-0.196,0.032,-46.7,46.7,dash
0.99,0.330,-0.196,0.032,-46.7,46.7,dash
0.99,0.330,-0.196,0.032,-46.7,46.7,dash
0.99,0.330,-0.196,0.032,-46.7,46.7,dash
0.99,0.330,-0.196,0.032,-46.7,46.7,dash
0.99,0.330,-0.196,0.032,-46.7,46.7,dash
0.99,0.330,-0.196,0.032,-46.7,46.7,dash
0.99,0.329,-0.196,0.032,-46.7,46.7,dash
1.00,0.329,-0.196,0.032,-46.7,46.7,dash
1.00,0.329,-0.196,0.032,-46.7,46.7,dash
1.00,0.329,-0.196,0.032,-46.7,46.7,dash
1.00,0.329,-0.196,0.032,-46.7,46.7,dash
1.00,0.329,-0.196,0.032,-46.7,46.7,dash
1.00,0.329,-0.196,0.032,-46.7,46.7,dash
1.00,0.328,-0.196,0.032,-46.7,46.7,dash
1.00,0.328,-0.196,0.032,-46.7,46.7,dash
1.00,0.328,-0.196,0.032,-46.7,46.7,dash
1.00,0.328,-0.196,0.032,-46.7,46.7,dash
1.00,0.328,-0.196,0.032,-46.7,46.7,dash
1.00,0.328,-0.196,0.032,-46.7,46.7,dash
1.00,0.328,-0.196,0.032,-46.7,46.7,dash
1.00,0.328,-0.196,0.032,-46.7,46.7,dash
1.00,0.328,-0.196,0.032,-46.7,46.7,dash
1.00,0.327,-0.196,0.032,-46.7,46.7,dash
1.00,0.327,-0.196,0.032,-46.7,46.7,dash
1.00,0.327,-0.196,0.032,-46.7,46.7,dash
1.00,0.327,-0.196,0.032,-46.7,46.7,dash
1.00,0.327,-0.196,0.032,-46.7,46.7,dash
1.00,0.327,-0.196,0.032,-46.7,46.7,dash
1.00,0.327,-0.196,0.032,-46.7,46.7,dash
1.00,0.327,-0.196,0.032,-46.7,46.7,dash
1.00,0.326,-0.196,0.032,-46.7,46.7,dash
1.00,0.326,-0.196,0.032,-46.7,46.7,dash
1.01,0.326,-0.196,0.032,-46.7,46.7,dash
1.01,0.326,-0.196,0.032,-46.7,46.7,dash
1.01,0.326,-0.196,0.032,-46.7,46.7,dash
1.01,0.326,-0.196,0.032,-46.7,46.7,dash
1.01,0.326,-0.196,0.032,-46.7,46.7,dash
1.01,0.326,-0.196,0.032,-46.7,46.7,dash
1.01,0.325,-0.196,0.032,-46.7,46.7,dash
1.01,0.325,-0.196,0.032,-46.7,46.7,dash
1.01,0.325,-0.196,0.032,-46.7,46.7,dash
1.01,0.325,-0.196,0.032,-46.7,46.7,dash
1.01,0.325,-0.196,0.032,-46.7,46.7,dash
1.01,0.325,-0.196,0.032,-46.7,46.7,dash
1.01,0.325,-0.196,0.032,-46.7,46.7,dash
1.01,0.325,-0.196,0.032,-46.7,46.7,dash
1.01,0.325,-0.196,0.032,-46.7,46.7,dash
1.01,0.325,-0.196,0.032,-46.7,46.7,dash
1.01,0.324,-0.196,0.032,-46.7,46.7,dash
1.01,0.324,-0.196,0.032,-46.7,46.7,dash
1.01,0.324,-0.196,0.032,-46.7,46.7,dash
1.01,0.324,-0.196,0.032,-46.7,46.7,dash
1.01,0.324,-0.196,0.032,-46.7,46.7,dash
1.01,0.324,-0.196,0.032,-46.7,46.7,dash
1.01,0.324,-0.196,0.032,-46.7,46.7,dash
1.01,0.324,-0.196,0.032,-46.7,46.7,dash
1.01,0.323,-0.196,0.032,-46.7,46.7,dash
1.02,0.323,-0.196,0.032,-46.7,46.7,dash
1.02,0.323,-0.196,0.032,-46.7,46.7,dash
1.02,0.323,-0.196,0.032,-46.7,46.7,dash
1.02,0.323,-0.196,0.032,-46.7,46.7,dash
1.02,0.323,-0.196,0.032,-46.7,46.7,dash
1.02,0.323,-0.196,0.032,-46.7,46.7,dash
1.02,0.322,-0.196,0.032,-46.7,46.7,dash
1.02,0.322,-0.196,0.032,-46.7,46.7,dash
1.02,0.322,-0.196,0.032,-46.7,46.7,dash
1.02,0.322,-0.196,0.032,-46.7,46.7,dash
1.02,0.322,-0.196,0.032,-46.7,46.7,dash
1.02,0.322,-0.196,0.032,-46.7,46.7,dash
1.02,0.322,-0.196,0.032,-46.7,46.7,dash
1.02,0.322,-0.196,0.032,-46.7,46.7,dash
1.02,0.322,-0.196,0.032,-46.7,46.7,dash
1.02,0.322,-0.196,0.032,-46.7,46.7,dash
1.02,0.321,-0.196,0.032,-46.7,46.7,dash
1.02,0.321,-0.196,0.032,-46.7,46.7,dash
1.02,0.321,-0.196,0.032,-46.7,46.7,dash
1.02,0.321,-0.196,0.032,-46.7,46.7,dash
1.02,0.321,-0.196,0.032,-46.7,46.7,dash
1.02,0.321,-0.196,0.032,-46.7,46.7,dash
1.02,0.321,-0.196,0.032,-46.7,46.7,dash
1.02,0.321,-0.196,0.032,-46.7,46.7,dash
1.02,0.320,-0.196,0.032,-46.7,46.7,dash
1.03,0.320,-0.196,0.032,-46.7,46.7,dash
1.03,0.320,-0.196,0.032,-46.7,46.7,dash
1.03,0.320,-0.196,0.032,-46.7,46.7,dash
1.03,0.320,-0.196,0.032,-46.7,46.7,dash
1.03,0.320,-0.196,0.032,-46.7,46.7,dash
1.03,0.320,-0.196,0.032,-46.7,46.7,dash
1.03,0.319,-0.196,0.032,-46.7,46.7,dash
1.03,0.319,-0.196,0.032,-46.7,46.7,dash
1.03,0.319,-0.196,0.032,-46.7,46.7,dash
1.03,0.319,-0.196,0.032,-46.7,46.7,dash
1.03,0.319,-0.196,0.032,-46.7,46.7,dash
1.03,0.319,-0.196,0.032,-46.7,46.7,dash
1.03,0.319,-0.196,0.032,-46.7,46.7,dash
1.03,0.319,-0.196,0.032,-46.7,46.7,dash
1.03,0.319,-0.196,0.032,-46.7,46.7,dash
1.03,0.319,-0.196,0.032,-46.7,46.7,dash
1.03,0.318,-0.196,0.032,-46.7,46.7,dash
1.03,0.318,-0.196,0.032,-46.7,46.7,dash
1.03,0.318,-0.196,0.032,-46.7,46.7,dash
1.03,0.318,-0.196,0.032,-46.7,46.7,dash
1.03,0.318,-0.196,0.032,-46.7,46.7,dash
1.03,0.318,-0.196,0.032,-46.7,46.7,dash
1.03,0.318,-0.196,0.032,-46.7,46.7,dash
1.03,0.318,-0.196,0.032,-46.7,46.7,dash
1.03,0.317,-0.196,0.032,-46.7,46.7,dash
1.04,0.317,-0.196,0.032,-46.7,46.7,dash
1.04,0.317,-0.196,0.032,-46.7,46.7,dash
1.04,0.317,-0.196,0.032,-46.7,46.7,dash
1.04,0.317,-0.196,0.032,-46.7,46.7,dash
1.04,0.317,-0.196,0.032,-46.7,46.7,dash
1.04,0.317,-0.196,0.032,-46.7,46.7,dash
1.04,0.316,-0.196,0.032,-46.7,46.7,dash
1.04,0.316,-0.196,0.032,-46.7,46.7,dash
1.04,0.316,-0.196,0.032,-46.7,46.7,dash
1.04,0.316,-0.196,0.032,-46.7,46.7,dash
1.04,0.316,-0.196,0.032,-46.7,46.7,dash
1.04,0.316,-0.196,0.032,-46.7,46.7,dash
1.04,0.316,-0.196,0.032,-46.7,46.7,dash
1.04,0.316,-0.196,0.032,-46.7,46.7,dash
1.04,0.316,-0.196,0.032,-46.7,46.7,dash
1.04,0.316,-0.196,0.032,-46.7,46.7,dash
1.04,0.315,-0.196,0.032,-46.7,46.7,dash
1.04,0.315,-0.196,0.032,-46.7,46.7,dash
1.04,0.315,-0.196,0.032,-46.7,46.7,dash
1.04,0.315,-0.196,0.032,-46.7,46.7,dash
1.04,0.315,-0.196,0.032,-46.7,46.7,dash
1.04,0.315,-0.196,0.032,-46.7,46.7,dash
1.04,0.315,-0.196,0.032,-46.7,46.7,dash
1.04,0.314,-0.196,0.032,-46.7,46.7,dash
1.04,0.314,-0.196,0.032,-46.7,46.7,dash
1.05,0.314,-0.196,0.032,-46.7,46.7,dash
1.05,0.314,-0.196,0.032,-46.7,46.7,dash
1.05,0.314,-0.196,0.032,-46.7,46.7,dash
1.05,0.314,-0.196,0.032,-46.7,46.7,dash
1.05,0.314,-0.196,0.032,-46.7,46.7,dash
1.05,0.314,-0.196,0.032,-46.7,46.7,dash
1.05,0.313,-0.196,0.032,-46.7,46.7,dash
1.05,0.313,-0.196,0.032,-46.7,46.7,dash
1.05,0.313,-0.196,0.032,-46.7,46.7,dash
1.05,0.313,-0.196,0.032,-46.7,46.7,dash
1.05,0.313,-0.196,0.032,-46.7,46.7,dash
1.05,0.313,-0.196,0.032,-46.7,46.7,dash
1.05,0.313,-0.196,0.032,-46.7,46.7,dash
1.05,0.313,-0.196,0.032,-46.7,46.7,dash
1.05,0.313,-0.196,0.032,-46.7,46.7,dash
1.05,0.313,-0.196,0.032,-46.7,46.7,dash
1.05,0.312,-0.196,0.032,-46.7,46.7,dash
1.05,0.312,-0.196,0.032,-46.7,46.7,dash
1.05,0.312,-0.196,0.032,-46.7,46.7,dash
1.05,0.312,-0.196,0.032,-46.7,46.7,dash
1.05,0.312,-0.196,0.032,-46.7,46.7,dash
1.05,0.312,-0.196,0.032,-46.7,46.7,dash
1.05,0.312,-0.196,0.032,-46.7,46.7,dash
1.05,0.312,-0.196,0.032,-46.7,46.7,dash
1.05,0.311,-0.196,0.032,-46.7,46.7,dash
1.06,0.311,-0.196,0.032,-46.7,46.7,dash
1.06,0.311,-0.196,0.032,-46.7,46.7,dash
1.06,0.311,-0.196,0.032,-46.7,46.7,dash
1.06,0.311,-0.196,0.032,-46.7,46.7,dash
1.06,0.311,-0.196,0.032,-46.7,46.7,dash
1.06,0.311,-0.196,0.032,-46.7,46.7,dash
1.06,0.310,-0.196,0.032,-46.7,46.7,dash
1.06,0.310,-0.196,0.032,-46.7,46.7,dash
1.06,0.310,-0.196,0.032,-46.7,46.7,dash
1.06,0.310,-0.196,0.032,-46.7,46.7,dash
1.06,0.310,-0.196,0.032,-46.7,46.7,dash
1.06,0.310,-0.196,0.032,-46.7,46.7,dash
1.06,0.310,-0.196,0.032,-46.7,46.7,dash
1.06,0.310,-0.196,0.032,-46.7,46.7,dash
1.06,0.310,-0.196,0.032,-46.7,46.7,dash
1.06,0.309,-0.196,0.032,-46.7,46.7,dash
1.06,0.309,-0.196,0.032,-46.7,46.7,dash
1.06,0.309,-0.196,0.032,-46.7,46.7,dash
1.06,0.309,-0.196,0.032,-46.7,46.7,dash
1.06,0.309,-0.196,0.032,-46.7,46.7,dash
1.06,0.309,-0.196,0.032,-46.7,46.7,dash
1.06,0.309,-0.196,0.032,-46.7,46.7,dash
1.06,0.309,-0.196,0.032,-46.7,46.7,dash
1.06,0.308,-0.196,0.032,-46.7,46.7,dash
1.06,0.308,-0.196,0.032,-46.7,46.7,dash
1.07,0.308,-0.196,0.032,-46.7,46.7,dash
1.07,0.308,-0.196,0.032,-46.7,46.7,dash
1.07,0.308,-0.196,0.032,-46.7,46.7,dash
1.07,0.308,-0.196,0.032,-46.7,46.7,dash
1.07,0.308,-0.196,0.032,-46.7,46.7,dash
1.07,0.308,-0.196,0.032,-46.7,46.7,dash
1.07,0.308,-0.196,0.032,-46.7,46.7,dash
1.07,0.307,-0.196,0.032,-46.7,46.7,dash
1.07,0.307,-0.196,0.032,-46.7,46.7,dash
1.07,0.307,-0.196,0.032,-46.7,46.7,dash
1.07,0.307,-0.196,0.032,-46.7,46.7,dash
1.07,0.307,-0.196,0.032,-46.7,46.7,dash
1.07,0.307,-0.196,0.032,-46.7,46.7,dash
1.07,0.307,-0.196,0.032,-46.7,46.7,dash
1.07,0.307,-0.196,0.032,-46.7,46.7,dash
1.07,0.307,-0.196,0.032,-46.7,46.7,dash
1.07,0.306,-0.196,0.032,-46.7,46.7,dash
1.07,0.306,-0.196,0.032,-46.7,46.7,dash
1.07,0.306,-0.196,0.032,-46.7,46.7,dash
1.07,0.306,-0.196,0.032,-46.7,46.7,dash
1.07,0.306,-0.196,0.032,-46.7,46.7,dash
1.07,0.306,-0.196,0.032,-46.7,46.7,dash
1.07,0.306,-0.196,0.032,-46.7,46.7,dash
1.07,0.306,-0.196,0.032,-46.7,46.7,dash
1.07,0.305,-0.196,0.032,-46.7,46.7,dash
1.07,0.305,-0.196,0.032,-46.7,46.7,dash
1.08,0.305,-0.196,0.032,-46.7,46.7,dash
1.08,0.305,-0.196,0.032,-46.7,46.7,dash
1.08,0.305,-0.196,0.032,-46.7,46.7,dash
1.08,0.305,-0.196,0.032,-46.7,46.7,dash
1.08,0.305,-0.196,0.032,-46.7,46.7,dash
1.08,0.304,-0.196,0.032,-46.7,46.7,dash
1.08,0.304,-0.196,0.032,-46.7,46.7,dash
1.08,0.304,-0.196,0.032,-46.7,46.7,dash
1.08,0.304,-0.196,0.032,-46.7,46.7,dash
1.08,0.304,-0.196,0.032,-46.7,46.7,dash
1.08,0.304,-0.196,0.032,-46.7,46.7,dash
1.08,0.304,-0.196,0.032,-46.7,46.7,dash
1.08,0.304,-0.196,0.032,-46.7,46.7,dash
1.08,0.304,-0.196,0.032,-46.7,46.7,dash
1.08,0.304,-0.196,0.032,-46.7,46.7,dash
1.08,0.304,-0.196,0.032,-46.7,46.7,dash
1.08,0.303,-0.196,0.032,-46.7,46.7,dash
1.08,0.303,-0.196,0.032,-46.7,46.7,dash
1.08,0.303,-0.196,0.032,-46.7,46.7,dash
1.08,0.303,-0.196,0.032,-46.7,46.7,dash
1.08,0.303,-0.196,0.032,-46.7,46.7,dash
1.08,0.303,-0.196,0.032,-46.7,46.7,dash
1.08,0.303,-0.196,0.032,-46.7,46.7,dash
1.08,0.302,-0.196,0.032,-46.7,46.7,dash
1.08,0.302,-0.196,0.032,-46.7,46.7,dash
1.09,0.302,-0.196,0.032,-46.7,46.7,dash
1.09,0.302,-0.196,0.032,-46.7,46.7,dash
1.09,0.302,-0.196,0.032,-46.7,46.7,dash
1.09,0.302,-0.196,0.032,-46.7,46.7,dash
1.09,0.302,-0.196,0.032,-46.7,46.7,dash
1.09,0.302,-0.196,0.032,-46.7,46.7,dash
1.09,0.301,-0.196,0.032,-46.7,46.7,dash
1.09,0.301,-0.196,0.032,-46.7,46.7,dash
1.09,0.301,-0.196,0.032,-46.7,46.7,dash
1.09,0.301,-0.196,0.032,-46.7,46.7,dash
1.09,0.301,-0.196,0.032,-46.7,46.7,dash
1.09,0.301,-0.196,0.032,-46.7,46.7,dash
1.09,0.301,-0.196,0.032,-46.7,46.7,dash
1.09,0.301,-0.196,0.032,-46.7,46.7,dash
1.09,0.301,-0.196,0.032,-46.7,46.7,dash
1.09,0.301,-0.196,0.032,-46.7,46.7,dash
1.09,0.300,-0.196,0.032,-46.7,46.7,dash
1.09,0.300,-0.196,0.032,-46.7,46.7,dash
1.09,0.300,-0.196,0.032,-46.7,46.7,dash
1.09,0.300,-0.196,0.032,-46.7,46.7,dash
1.09,0.300,-0.196,0.032,-46.7,46.7,dash
1.09,0.300,-0.196,0.032,-46.7,46.7,dash
1.09,0.300,-0.196,0.032,-46.7,46.7,dash
1.09,0.299,-0.196,0.032,-46.7,46.7,dash
1.09,0.299,-0.196,0.032,-46.7,46.7,dash
1.10,0.299,-0.196,0.032,-46.7,46.7,dash
1.10,0.299,-0.196,0.032,-46.7,46.7,dash
1.10,0.299,-0.196,0.032,-46.7,46.7,dash
1.10,0.299,-0.196,0.032,-46.7,46.7,dash
1.10,0.299,-0.196,0.032,-46.7,46.7,dash
1.10,0.298,-0.196,0.032,-46.7,46.7,dash
1.10,0.298,-0.196,0.032,-46.7,46.7,dash
1.10,0.298,-0.196,0.032,-46.7,46.7,dash
1.10,0.298,-0.196,0.032,-46.7,46.7,dash
1.10,0.298,-0.196,0.032,-46.7,46.7,dash
1.10,0.298,-0.196,0.032,-46.7,46.7,dash
1.10,0.298,-0.196,0.032,-46.7,46.7,dash
1.10,0.298,-0.196,0.032,-46.7,46.7,dash
1.10,0.298,-0.196,0.032,-46.7,46.7,dash
1.10,0.298,-0.196,0.032,-46.7,46.7,dash
1.10,0.297,-0.196,0.032,-46.7,46.7,dash
1.10,0.297,-0.196,0.032,-46.7,46.7,dash
1.10,0.297,-0.196,0.032,-46.7,46.7,dash
1.10,0.297,-0.196,0.032,-46.7,46.7,dash
1.10,0.297,-0.196,0.032,-46.7,46.7,dash
1.10,0.297,-0.196,0.032,-46.7,46.7,dash
1.10,0.297,-0.196,0.032,-46.7,46.7,dash
1.10,0.297,-0.196,0.032,-46.7,46.7,dash
1.10,0.296,-0.196,0.032,-46.7,46.7,dash
1.10,0.296,-0.196,0.032,-46.7,46.7,dash
1.11,0.296,-0.196,0.032,-46.7,46.7,dash
1.11,0.296,-0.196,0.032,-46.7,46.7,dash
1.11,0.296,-0.196,0.032,-46.7,46.7,dash
1.11,0.296,-0.196,0.032,-46.7,46.7,dash
1.11,0.296,-0.196,0.032,-46.7,46.7,dash
1.11,0.296,-0.196,0.032,-46.7,46.7,dash
1.11,0.295,-0.196,0.032,-46.7,46.7,dash
1.11,0.295,-0.196,0.032,-46.7,46.7,dash
1.11,0.295,-0.196,0.032,-46.7,46.7,dash
1.11,0.295,-0.196,0.032,-46.7,46.7,dash
1.11,0.295,-0.196,0.032,-46.7,46.7,dash
1.11,0.295,-0.196,0.032,-46.7,46.7,dash
1.11,0.295,-0.196,0.032,-46.7,46.7,dash
1.11,0.295,-0.196,0.032,-46.7,46.7,dash
1.11,0.295,-0.196,0.032,-46.7,46.7,dash
1.11,0.295,-0.196,0.032,-46.7,46.7,dash
1.11,0.294,-0.196,0.032,-46.7,46.7,dash
1.11,0.294,-0.196,0.032,-46.7,46.7,dash
1.11,0.294,-0.196,0.032,-46.7,46.7,dash
1.11,0.294,-0.196,0.032,-46.7,46.7,dash
1.11,0.294,-0.196,0.032,-46.7,46.7,dash
1.11,0.294,-0.196,0.032,-46.7,46.7,dash
1.11,0.294,-0.196,0.032,-46.7,46.7,dash
1.11,0.294,-0.196,0.032,-46.7,46.7,dash
1.11,0.294,-0.196,0.032,-46.7,46.7,dash
1.11,0.293,-0.196,0.032,-46.7,46.7,dash
1.11,0.293,-0.196,0.032,-46.7,46.7,dash
1.12,0.293,-0.196,0.032,-46.7,46.7,dash
1.12,0.293,-0.196,0.032,-46.7,46.7,dash
1.12,0.293,-0.196,0.032,-46.7,46.7,dash
1.12,0.293,-0.196,0.032,-46.7,46.7,dash
1.12,0.293,-0.196,0.032,-46.7,46.7,dash
1.12,0.292,-0.196,0.032,-46.7,46.7,dash
1.12,0.292,-0.196,0.032,-46.7,46.7,dash
1.12,0.292,-0.196,0.032,-46.7,46.7,dash
1.12,0.292,-0.196,0.032,-46.7,46.7,dash
1.12,0.292,-0.196,0.032,-46.7,46.7,dash
1.12,0.292,-0.196,0.032,-46.7,46.7,dash
1.12,0.292,-0.196,0.032,-46.7,46.7,dash
1.12,0.292,-0.196,0.032,-46.7,46.7,dash
1.12,0.292,-0.196,0.032,-46.7,46.7,dash
1.12,0.292,-0.196,0.032,-46.7,46.7,dash
1.12,0.292,-0.196,0.032,-46.7,46.7,dash
1.12,0.291,-0.196,0.032,-46.7,46.7,dash
1.12,0.291,-0.196,0.032,-46.7,46.7,dash
1.12,0.291,-0.196,0.032,-46.7,46.7,dash
1.12,0.291,-0.196,0.032,-46.7,46.7,dash
1.12,0.291,-0.196,0.032,-46.7,46.7,dash
1.12,0.291,-0.196,0.032,-46.7,46.7,dash
1.12,0.291,-0.196,0.032,-46.7,46.7,dash
1.12,0.291,-0.196,0.032,-46.7,46.7,dash
1.12,0.290,-0.196,0.032,-46.7,46.7,dash
1.13,0.290,-0.196,0.032,-46.7,46.7,dash
1.13,0.290,-0.196,0.032,-46.7,46.7,dash
1.13,0.290,-0.196,0.032,-46.7,46.7,dash
1.13,0.290,-0.196,0.032,-46.7,46.7,dash
1.13,0.290,-0.196,0.032,-46.7,46.7,dash
1.13,0.290,-0.196,0.032,-46.7,46.7,dash
1.13,0.290,-0.196,0.032,-46.7,46.7,dash
1.13,0.289,-0.196,0.032,-46.7,46.7,dash
1.13,0.289,-0.196,0.032,-46.7,46.7,dash
1.13,0.289,-0.196,0.032,-46.7,46.7,dash
1.13,0.289,-0.196,0.032,-46.7,46.7,dash
1.13,0.289,-0.196,0.032,-46.7,46.7,dash
1.13,0.289,-0.196,0.032,-46.7,46.7,dash
1.13,0.289,-0.196,0.032,-46.7,46.7,dash
1.13,0.289,-0.196,0.032,-46.7,46.7,dash
1.13,0.289,-0.196,0.032,-46.7,46.7,dash
1.13,0.289,-0.196,0.032,-46.7,46.7,dash
1.13,0.288,-0.196,0.032,-46.7,46.7,dash
1.13,0.288,-0.196,0.032,-46.7,46.7,dash
1.13,0.288,-0.196,0.032,-46.7,46.7,dash
1.13,0.288,-0.196,0.032,-46.7,46.7,dash
1.13,0.288,-0.196,0.032,-46.7,46.7,dash
1.13,0.288,-0.196,0.032,-46.7,46.7,dash
1.13,0.288,-0.196,0.032,-46.7,46.7,dash
1.13,0.288,-0.196,0.032,-46.7,46.7,dash
1.13,0.288,-0.196,0.032,-46.7,46.7,dash
1.13,0.287,-0.196,0.032,-46.7,46.7,dash
1.13,0.287,-0.196,0.032,-46.7,46.7,dash
1.14,0.287,-0.196,0.032,-46.7,46.7,dash
1.14,0.287,-0.196,0.032,-46.7,46.7,dash
1.14,0.287,-0.196,0.032,-46.7,46.7,dash
1.14,0.287,-0.196,0.032,-46.7,46.7,dash
1.14,0.287,-0.196,0.032,-46.7,46.7,dash
1.14,0.286,-0.196,0.032,-46.7,46.7,dash
1.14,0.286,-0.196,0.032,-46.7,46.7,dash
1.14,0.286,-0.196,0.032,-46.7,46.7,dash
1.14,0.286,-0.196,0.032,-46.7,46.7,dash
1.14,0.286,-0.196,0.032,-46.7,46.7,dash
1.14,0.286,-0.196,0.032,-46.7,46.7,dash
1.14,0.286,-0.196,0.032,-46.7,46.7,dash
1.14,0.286,-0.196,0.032,-46.7,46.7,dash
1.14,0.286,-0.196,0.032,-46.7,46.7,dash
1.14,0.286,-0.196,0.032,-46.7,46.7,dash
1.14,0.285,-0.196,0.032,-46.7,46.7,dash
1.14,0.285,-0.196,0.032,-46.7,46.7,dash
1.14,0.285,-0.196,0.032,-46.7,46.7,dash
1.14,0.285,-0.196,0.032,-46.7,46.7,dash
1.14,0.285,-0.196,0.032,-46.7,46.7,dash
1.14,0.285,-0.196,0.032,-46.7,46.7,dash
1.14,0.285,-0.196,0.032,-46.7,46.7,dash
1.14,0.285,-0.196,0.032,-46.7,46.7,dash
1.14,0.284,-0.196,0.032,-46.7,46.7,dash
1.15,0.284,-0.196,0.032,-46.7,46.7,dash
1.15,0.284,-0.196,0.032,-46.7,46.7,dash
1.15,0.284,-0.196,0.032,-46.7,46.7,dash
1.15,0.284,-0.196,0.032,-46.7,46.7,dash
1.15,0.284,-0.196,0.032,-46.7,46.7,dash
1.15,0.284,-0.196,0.032,-46.7,46.7,dash
1.15,0.284,-0.196,0.032,-46.7,46.7,dash
1.15,0.284,-0.196,0.032,-46.7,46.7,dash
1.15,0.284,-0.196,0.032,-46.7,46.7,dash
1.15,0.283,-0.196,0.032,-46.7,46.7,dash
1.15,0.283,-0.196,0.032,-46.7,46.7,dash
1.15,0.283,-0.196,0.032,-46.7,46.7,dash
1.15,0.283,-0.196,0.032,-46.7,46.7,dash
1.15,0.283,-0.196,0.032,-46.7,46.7,dash
1.15,0.283,-0.196,0.032,-46.7,46.7,dash
1.15,0.283,-0.196,0.032,-46.7,46.7,dash
1.15,0.282,-0.196,0.032,-46.7,46.7,dash
1.15,0.282,-0.196,0.032,-46.7,46.7,dash
1.15,0.282,-0.196,0.032,-46.7,46.7,dash
1.15,0.282,-0.196,0.032,-46.7,46.7,dash
1.15,0.282,-0.196,0.032,-46.7,46.7,dash
1.15,0.282,-0.196,0.032,-46.7,46.7,dash
1.15,0.282,-0.196,0.032,-46.7,46.7,dash
1.15,0.282,-0.196,0.032,-46.7,46.7,dash
1.15,0.281,-0.196,0.032,-46.7,46.7,dash
1.16,0.281,-0.196,0.032,-46.7,46.7,dash
1.16,0.281,-0.196,0.032,-46.7,46.7,dash
1.16,0.281,-0.196,0.032,-46.7,46.7,dash
1.16,0.281,-0.196,0.032,-46.7,46.7,dash
1.16,0.281,-0.196,0.032,-46.7,46.7,dash
1.16,0.281,-0.196,0.032,-46.7,46.7,dash
1.16,0.281,-0.196,0.032,-46.7,46.7,dash
1.16,0.281,-0.196,0.032,-46.7,46.7,dash
1.16,0.280,-0.196,0.032,-46.7,46.7,dash
1.16,0.280,-0.196,0.032,-46.7,46.7,dash
1.16,0.280,-0.196,0.032,-46.7,46.7,dash
1.16,0.280,-0.196,0.032,-46.7,46.7,dash
1.16,0.280,-0.196,0.032,-46.7,46.7,dash
1.16,0.280,-0.196,0.032,-46.7,46.7,dash
1.16,0.280,-0.196,0.032,-46.7,46.7,dash
1.16,0.279,-0.196,0.032,-46.7,46.7,dash
1.16,0.279,-0.196,0.032,-46.7,46.7,dash
1.16,0.279,-0.196,0.032,-46.7,46.7,dash
1.16,0.279,-0.196,0.032,-46.7,46.7,dash
1.16,0.279,-0.196,0.032,-46.7,46.7,dash
1.16,0.279,-0.196,0.032,-46.7,46.7,dash
1.16,0.279,-0.196,0.032,-46.7,46.7,dash
1.16,0.279,-0.196,0.032,-46.7,46.7,dash
1.16,0.278,-0.196,0.032,-46.7,46.7,dash
1.17,0.278,-0.196,0.032,-46.7,46.7,dash
1.17,0.278,-0.196,0.032,-46.7,46.7,dash
1.17,0.278,-0.196,0.032,-46.7,46.7,dash
1.17,0.278,-0.196,0.032,-46.7,46.7,dash
1.17,0.278,-0.196,0.032,-46.7,46.7,dash
1.17,0.278,-0.196,0.032,-46.7,46.7,dash
1.17,0.278,-0.196,0.032,-46.7,46.7,dash
1.17,0.278,-0.196,0.032,-46.7,46.7,dash
1.17,0.278,-0.196,0.032,-46.7,46.7,dash
1.17,0.277,-0.196,0.032,-46.7,46.7,dash
1.17,0.277,-0.196,0.032,-46.7,46.7,dash
1.17,0.277,-0.196,0.032,-46.7,46.7,dash
1.17,0.277,-0.196,0.032,-46.7,46.7,dash
1.17,0.277,-0.196,0.032,-46.7,46.7,dash
1.17,0.277,-0.196,0.032,-46.7,46.7,dash
1.17,0.277,-0.196,0.032,-46.7,46.7,dash
1.17,0.277,-0.196,0.032,-46.7,46.7,dash
1.17,0.276,-0.196,0.032,-46.7,46.7,dash
1.17,0.276,-0.196,0.032,-46.7,46.7,dash
1.17,0.276,-0.196,0.032,-46.7,46.7,dash
1.17,0.276,-0.196,0.032,-46.7,46.7,dash
1.17,0.276,-0.196,0.032,-46.7,46.7,dash
1.17,0.276,-0.196,0.032,-46.7,46.7,dash
1.17,0.276,-0.196,0.032,-46.7,46.7,dash
1.17,0.275,-0.196,0.032,-46.7,46.7,dash
1.17,0.275,-0.196,0.032,-46.7,46.7,dash
1.18,0.275,-0.196,0.032,-46.7,46.7,dash
1.18,0.275,-0.196,0.032,-46.7,46.7,dash
1.18,0.275,-0.196,0.032,-46.7,46.7,dash
1.18,0.275,-0.196,0.032,-46.7,46.7,dash
1.18,0.275,-0.196,0.032,-46.7,46.7,dash
1.18,0.275,-0.196,0.032,-46.7,46.7,dash
1.18,0.275,-0.196,0.032,-46.7,46.7,dash
1.18,0.275,-0.196,0.032,-46.7,46.7,dash
1.18,0.274,-0.196,0.032,-46.7,46.7,dash
1.18,0.274,-0.196,0.032,-46.7,46.7,dash
1.18,0.274,-0.196,0.032,-46.7,46.7,dash
1.18,0.274,-0.196,0.032,-46.7,46.7,dash
1.18,0.274,-0.196,0.032,-46.7,46.7,dash
1.18,0.274,-0.196,0.032,-46.7,46.7,dash
1.18,0.274,-0.196,0.032,-46.7,46.7,dash
1.18,0.274,-0.196,0.032,-46.7,46.7,dash
1.18,0.273,-0.196,0.032,-46.7,46.7,dash
1.18,0.273,-0.196,0.032,-46.7,46.7,dash
1.18,0.273,-0.196,0.032,-46.7,46.7,dash
1.18,0.273,-0.196,0.032,-46.7,46.7,dash
1.18,0.273,-0.196,0.032,-46.7,46.7,dash
1.18,0.273,-0.196,0.032,-46.7,46.7,dash
1.18,0.273,-0.196,0.032,-46.7,46.7,dash
1.18,0.272,-0.196,0.032,-46.7,46.7,dash
1.19,0.272,-0.196,0.032,-46.7,46.7,dash
1.19,0.272,-0.196,0.032,-46.7,46.7,dash
1.19,0.272,-0.196,0.032,-46.7,46.7,dash
1.19,0.272,-0.196,0.032,-46.7,46.7,dash
1.19,0.272,-0.196,0.032,-46.7,46.7,dash
1.19,0.272,-0.196,0.032,-46.7,46.7,dash
1.19,0.272,-0.196,0.032,-46.7,46.7,dash
1.19,0.272,-0.196,0.032,-46.7,46.7,dash
1.19,0.271,-0.196,0.032,-46.7,46.7,dash
1.19,0.271,-0.196,0.032,-46.7,46.7,dash
1.19,0.271,-0.196,0.032,-46.7,46.7,dash
1.19,0.271,-0.196,0.032,-46.7,46.7,dash
1.19,0.271,-0.196,0.032,-46.7,46.7,dash
1.19,0.271,-0.196,0.032,-46.7,46.7,dash
1.19,0.271,-0.196,0.032,-46.7,46.7,dash
1.19,0.270,-0.196,0.032,-46.7,46.7,dash
1.19,0.270,-0.196,0.032,-46.7,46.7,dash
1.19,0.270,-0.196,0.032,-46.7,46.7,dash
1.19,0.270,-0.196,0.032,-46.7,46.7,dash
1.19,0.270,-0.196,0.032,-46.7,46.7,dash
1.19,0.270,-0.196,0.032,-46.7,46.7,dash
1.19,0.270,-0.196,0.032,-46.7,46.7,dash
1.19,0.270,-0.196,0.032,-46.7,46.7,dash
1.19,0.269,-0.196,0.032,-46.7,46.7,dash
1.20,0.269,-0.196,0.032,-46.7,46.7,dash
1.20,0.269,-0.196,0.032,-46.7,46.7,dash
1.20,0.269,-0.196,0.032,-46.7,46.7,dash
1.20,0.269,-0.196,0.032,-46.7,46.7,dash
1.20,0.269,-0.196,0.032,-46.7,46.7,dash
1.20,0.269,-0.196,0.032,-46.7,46.7,dash
1.20,0.269,-0.196,0.032,-46.7,46.7,dash
1.20,0.269,-0.196,0.032,-46.7,46.7,dash
1.20,0.269,-0.196,0.032,-46.7,46.7,dash
1.20,0.268,-0.196,0.032,-46.7,46.7,dash
1.20,0.268,-0.196,0.032,-46.7,46.7,dash
1.20,0.268,-0.196,0.032,-46.7,46.7,dash
1.20,0.268,-0.196,0.032,-46.7,46.7,dash
1.20,0.268,-0.196,0.032,-46.7,46.7,dash
1.20,0.268,-0.196,0.032,-46.7,46.7,dash
1.20,0.268,-0.196,0.032,-46.7,46.7,dash
1.20,0.268,-0.196,0.032,-46.7,46.7,dash
1.20,0.267,-0.196,0.032,-46.7,46.7,dash
1.20,0.267,-0.196,0.032,-46.7,46.7,dash
1.20,0.267,-0.196,0.032,-46.7,46.7,dash
1.20,0.267,-0.196,0.032,-46.7,46.7,dash
1.20,0.267,-0.196,0.032,-46.7,46.7,dash
1.20,0.267,-0.196,0.032,-46.7,46.7,dash
1.20,0.267,-0.196,0.032,-46.7,46.7,dash
1.20,0.267,-0.196,0.032,-46.7,46.7,dash
1.20,0.266,-0.196,0.032,-46.7,46.7,dash
1.21,0.266,-0.196,0.032,-46.7,46.7,dash
1.21,0.266,-0.196,0.032,-46.7,46.7,dash
1.21,0.266,-0.196,0.032,-46.7,46.7,dash
1.21,0.266,-0.196,0.032,-46.7,46.7,dash
1.21,0.266,-0.196,0.032,-46.7,46.7,dash
1.21,0.266,-0.196,0.032,-46.7,46.7,dash
1.21,0.266,-0.196,0.032,-46.7,46.7,dash
1.21,0.266,-0.196,0.032,-46.7,46.7,dash
1.21,0.266,-0.196,0.032,-46.7,46.7,dash
1.21,0.265,-0.196,0.032,-46.7,46.7,dash
1.21,0.265,-0.196,0.032,-46.7,46.7,dash
1.21,0.265,-0.196,0.032,-46.7,46.7,dash
1.21,0.265,-0.196,0.032,-46.7,46.7,dash
1.21,0.265,-0.196,0.032,-46.7,46.7,dash
1.21,0.265,-0.196,0.032,-46.7,46.7,dash
1.21,0.265,-0.196,0.032,-46.7,46.7,dash
1.21,0.265,-0.196,0.032,-46.7,46.7,dash
1.21,0.264,-0.196,0.032,-46.7,46.7,dash
1.21,0.264,-0.196,0.032,-46.7,46.7,dash
1.21,0.264,-0.196,0.032,-46.7,46.7,dash
1.21,0.264,-0.196,0.032,-46.7,46.7,dash
1.21,0.264,-0.196,0.032,-46.7,46.7,dash
1.21,0.264,-0.196,0.032,-46.7,46.7,dash
1.21,0.264,-0.196,0.032,-46.7,46.7,dash
1.21,0.264,-0.196,0.032,-46.7,46.7,dash
1.21,0.263,-0.196,0.032,-46.7,46.7,dash
1.22,0.263,-0.196,0.032,-46.7,46.7,dash
1.22,0.263,-0.196,0.032,-46.7,46.7,dash
1.22,0.263,-0.196,0.032,-46.7,46.7,dash
1.22,0.263,-0.196,0.032,-46.7,46.7,dash
1.22,0.263,-0.196,0.032,-46.7,46.7,dash
1.22,0.263,-0.196,0.032,-46.7,46.7,dash
1.22,0.263,-0.196,0.032,-46.7,46.7,dash
1.22,0.262,-0.196,0.032,-46.7,46.7,dash
1.22,0.262,-0.196,0.032,-46.7,46.7,dash
1.22,0.262,-0.196,0.032,-46.7,46.7,dash
1.22,0.262,-0.196,0.032,-46.7,46.7,dash
1.22,0.262,-0.196,0.032,-46.7,46.7,dash
1.22,0.262,-0.196,0.032,-46.7,46.7,dash
1.22,0.262,-0.196,0.032,-46.7,46.7,dash
1.22,0.262,-0.196,0.032,-46.7,46.7,dash
1.22,0.261,-0.196,0.032,-46.7,46.7,dash
1.22,0.261,-0.196,0.032,-46.7,46.7,dash
1.22,0.261,-0.196,0.032,-46.7,46.7,dash
1.22,0.261,-0.196,0.032,-46.7,46.7,dash
1.22,0.261,-0.196,0.032,-46.7,46.7,dash
1.22,0.261,-0.196,0.032,-46.7,46.7,dash
1.22,0.261,-0.196,0.032,-46.7,46.7,dash
1.22,0.261,-0.196,0.032,-46.7,46.7,dash
1.22,0.260,-0.196,0.032,-46.7,46.7,dash
1.23,0.260,-0.196,0.032,-46.7,46.7,dash
1.23,0.260,-0.196,0.032,-46.7,46.7,dash
1.23,0.260,-0.196,0.032,-46.7,46.7,dash
1.23,0.260,-0.196,0.032,-46.7,46.7,dash
1.23,0.260,-0.196,0.032,-46.7,46.7,dash
1.23,0.260,-0.196,0.032,-46.7,46.7,dash
1.23,0.260,-0.196,0.032,-46.7,46.7,dash
1.23,0.260,-0.196,0.032,-46.7,46.7,dash
1.23,0.259,-0.196,0.032,-46.7,46.7,dash
1.23,0.259,-0.196,0.032,-46.7,46.7,dash
1.23,0.259,-0.196,0.032,-46.7,46.7,dash
1.23,0.259,-0.196,0.032,-46.7,46.7,dash
1.23,0.259,-0.196,0.032,-46.7,46.7,dash
1.23,0.259,-0.196,0.032,-46.7,46.7,dash
1.23,0.259,-0.196,0.032,-46.7,46.7,dash
1.23,0.259,-0.196,0.032,-46.7,46.7,dash
1.23,0.259,-0.196,0.032,-46.7,46.7,dash
1.23,0.258,-0.196,0.032,-46.7,46.7,dash
1.23,0.258,-0.196,0.032,-46.7,46.7,dash
1.23,0.258,-0.196,0.032,-46.7,46.7,dash
1.23,0.258,-0.196,0.032,-46.7,46.7,dash
1.23,0.258,-0.196,0.032,-46.7,46.7,dash
1.23,0.258,-0.196,0.032,-46.7,46.7,dash
1.23,0.258,-0.196,0.032,-46.7,46.7,dash
1.23,0.258,-0.196,0.032,-46.7,46.7,dash
1.23,0.257,-0.196,0.032,-46.7,46.7,dash
1.24,0.257,-0.196,0.032,-46.7,46.7,dash
1.24,0.257,-0.196,0.032,-46.7,46.7,dash
1.24,0.257,-0.196,0.032,-46.7,46.7,dash
1.24,0.257,-0.196,0.032,-46.7,46.7,dash
1.24,0.257,-0.196,0.032,-46.7,46.7,dash
1.24,0.257,-0.196,0.032,-46.7,46.7,dash
1.24,0.257,-0.196,0.032,-46.7,46.7,dash
1.24,0.257,-0.196,0.032,-46.7,46.7,dash
1.24,0.256,-0.196,0.032,-46.7,46.7,dash
1.24,0.256,-0.196,0.032,-46.7,46.7,dash
1.24,0.256,-0.196,0.032,-46.7,46.7,dash
1.24,0.256,-0.196,0.032,-46.7,46.7,dash
1.24,0.256,-0.196,0.032,-46.7,46.7,dash
1.24,0.256,-0.196,0.032,-46.7,46.7,dash
1.24,0.256,-0.196,0.032,-46.7,46.7,dash
1.24,0.256,-0.196,0.032,-46.7,46.7,dash
1.24,0.256,-0.196,0.032,-46.7,46.7,dash
1.24,0.255,-0.196,0.032,-46.7,46.7,dash
1.24,0.255,-0.196,0.032,-46.7,46.7,dash
1.24,0.255,-0.196,0.032,-46.7,46.7,dash
1.24,0.255,-0.196,0.032,-46.7,46.7,dash
1.24,0.255,-0.196,0.032,-46.7,46.7,dash
1.24,0.255,-0.196,0.032,-46.7,46.7,dash
1.24,0.255,-0.196,0.032,-46.7,46.7,dash
1.24,0.255,-0.196,0.032,-46.7,46.7,dash
1.24,0.254,-0.196,0.032,-46.7,46.7,dash
1.24,0.254,-0.196,0.032,-46.7,46.7,dash
1.25,0.254,-0.196,0.032,-46.7,46.7,dash
1.25,0.254,-0.196,0.032,-46.7,46.7,dash
1.25,0.254,-0.196,0.032,-46.7,46.7,dash
1.25,0.254,-0.196,0.032,-46.7,46.7,dash
1.25,0.254,-0.196,0.032,-46.7,46.7,dash
1.25,0.254,-0.196,0.032,-46.7,46.7,dash
1.25,0.254,-0.196,0.032,-46.7,46.7,dash
1.25,0.254,-0.196,0.032,-46.7,46.7,dash
1.25,0.254,-0.196,0.032,-46.7,46.7,dash
1.25,0.253,-0.196,0.032,-46.7,46.7,dash
1.25,0.253,-0.196,0.032,-46.7,46.7,dash
1.25,0.253,-0.196,0.032,-46.7,46.7,dash
1.25,0.253,-0.196,0.032,-46.7,46.7,dash
1.25,0.253,-0.196,0.032,-46.7,46.7,dash
1.25,0.253,-0.196,0.032,-46.7,46.7,dash
1.25,0.252,-0.196,0.032,-46.7,46.7,dash
1.25,0.252,-0.196,0.032,-46.7,46.7,dash
1.25,0.252,-0.196,0.032,-46.7,46.7,dash
1.25,0.252,-0.196,0.032,-46.7,46.7,dash
1.25,0.252,-0.196,0.032,-46.7,46.7,dash
1.25,0.252,-0.196,0.032,-46.7,46.7,dash
1.25,0.252,-0.196,0.032,-46.7,46.7,dash
1.25,0.251,-0.196,0.032,-46.7,46.7,dash
1.25,0.251,-0.196,0.032,-46.7,46.7,dash
1.26,0.251,-0.196,0.032,-46.7,46.7,dash
1.26,0.251,-0.196,0.032,-46.7,46.7,dash
1.26,0.251,-0.196,0.032,-46.7,46.7,dash
1.26,0.251,-0.196,0.032,-46.7,46.7,dash
1.26,0.251,-0.196,0.032,-46.7,46.7,dash
1.26,0.251,-0.196,0.032,-46.7,46.7,dash
1.26,0.251,-0.196,0.032,-46.7,46.7,dash
1.26,0.251,-0.196,0.032,-46.7,46.7,dash
1.26,0.250,-0.196,0.032,-46.7,46.7,dash
1.26,0.250,-0.196,0.032,-46.7,46.7,dash
1.26,0.250,-0.196,0.032,-46.7,46.7,dash
1.26,0.250,-0.196,0.032,-46.7,46.7,dash
1.26,0.250,-0.196,0.032,-46.7,46.7,dash
1.26,0.250,-0.196,0.032,-46.7,46.7,dash
1.26,0.250,-0.196,0.032,-46.7,46.7,dash
1.26,0.250,-0.196,0.032,-46.7,46.7,dash
1.26,0.249,-0.196,0.032,-46.7,46.7,dash
1.26,0.249,-0.196,0.032,-46.7,46.7,dash
1.26,0.249,-0.196,0.032,-46.7,46.7,dash
1.26,0.249,-0.196,0.032,-46.7,46.7,dash
1.26,0.249,-0.196,0.032,-46.7,46.7,dash
1.26,0.249,-0.196,0.032,-46.7,46.7,dash
1.26,0.249,-0.196,0.032,-46.7,46.7,dash
1.26,0.248,-0.196,0.032,-46.7,46.7,dash
1.26,0.248,-0.196,0.032,-46.7,46.7,dash
1.27,0.248,-0.196,0.032,-46.7,46.7,dash
1.27,0.248,-0.196,0.032,-46.7,46.7,dash
1.27,0.248,-0.196,0.032,-46.7,46.7,dash
1.27,0.248,-0.196,0.032,-46.7,46.7,dash
1.27,0.248,-0.196,0.032,-46.7,46.7,dash
1.27,0.248,-0.196,0.032,-46.7,46.7,dash
1.27,0.248,-0.196,0.032,-46.7,46.7,dash
1.27,0.248,-0.196,0.032,-46.7,46.7,dash
1.27,0.248,-0.196,0.032,-46.7,46.7,dash
1.27,0.247,-0.196,0.032,-46.7,46.7,dash
1.27,0.247,-0.196,0.032,-46.7,46.7,dash
1.27,0.247,-0.196,0.032,-46.7,46.7,dash
1.27,0.247,-0.196,0.032,-46.7,46.7,dash
1.27,0.247,-0.196,0.032,-46.7,46.7,dash
1.27,0.247,-0.196,0.032,-46.7,46.7,dash
1.27,0.247,-0.196,0.032,-46.7,46.7,dash
1.27,0.246,-0.196,0.032,-46.7,46.7,dash
1.27,0.246,-0.196,0.032,-46.7,46.7,dash
1.27,0.246,-0.196,0.032,-46.7,46.7,dash
1.27,0.246,-0.196,0.032,-46.7,46.7,dash
1.27,0.246,-0.196,0.032,-46.7,46.7,dash
1.27,0.246,-0.196,0.032,-46.7,46.7,dash
1.27,0.246,-0.196,0.032,-46.7,46.7,dash
1.27,0.246,-0.196,0.032,-46.7,46.7,dash
1.27,0.245,-0.196,0.032,-46.7,46.7,dash
1.28,0.245,-0.196,0.032,-46.7,46.7,dash
1.28,0.245,-0.196,0.032,-46.7,46.7,dash
1.28,0.245,-0.196,0.032,-46.7,46.7,dash
1.28,0.245,-0.196,0.032,-46.7,46.7,dash
1.28,0.245,-0.196,0.032,-46.7,46.7,dash
1.28,0.245,-0.196,0.032,-46.7,46.7,dash
1.28,0.245,-0.196,0.032,-46.7,46.7,dash
1.28,0.245,-0.196,0.032,-46.7,46.7,dash
1.28,0.244,-0.196,0.032,-46.7,46.7,dash
1.28,0.244,-0.196,0.032,-46.7,46.7,dash
1.28,0.244,-0.196,0.032,-46.7,46.7,dash
1.28,0.244,-0.196,0.032,-46.7,46.7,dash
1.28,0.244,-0.196,0.032,-46.7,46.7,dash
1.28,0.244,-0.196,0.032,-46.7,46.7,dash
1.28,0.244,-0.196,0.032,-46.7,46.7,dash
1.28,0.243,-0.196,0.032,-46.7,46.7,dash
1.28,0.243,-0.196,0.032,-46.7,46.7,dash
1.28,0.243,-0.196,0.032,-46.7,46.7,dash
1.28,0.243,-0.196,0.032,-46.7,46.7,dash
1.28,0.243,-0.196,0.032,-46.7,46.7,dash
1.28,0.243,-0.196,0.032,-46.7,46.7,dash
1.28,0.243,-0.196,0.032,-46.7,46.7,dash
1.28,0.243,-0.196,0.032,-46.7,46.7,dash
1.28,0.242,-0.196,0.032,-46.7,46.7,dash
1.29,0.242,-0.196,0.032,-46.7,46.7,dash
1.29,0.242,-0.196,0.032,-46.7,46.7,dash
1.29,0.242,-0.196,0.032,-46.7,46.7,dash
1.29,0.242,-0.196,0.032,-46.7,46.7,dash
1.29,0.242,-0.196,0.032,-46.7,46.7,dash
1.29,0.242,-0.196,0.032,-46.7,46.7,dash
1.29,0.242,-0.196,0.032,-46.7,46.7,dash
1.29,0.242,-0.196,0.032,-46.7,46.7,dash
1.29,0.242,-0.196,0.032,-46.7,46.7,dash
1.29,0.241,-0.196,0.032,-46.7,46.7,dash
1.29,0.241,-0.196,0.032,-46.7,46.7,dash
1.29,0.241,-0.196,0.032,-46.7,46.7,dash
1.29,0.241,-0.196,0.032,-46.7,46.7,dash
1.29,0.241,-0.196,0.032,-46.7,46.7,dash
1.29,0.241,-0.196,0.032,-46.7,46.7,dash
1.29,0.241,-0.196,0.032,-46.7,46.7,dash
1.29,0.240,-0.196,0.032,-46.7,46.7,dash
1.29,0.240,-0.196,0.032,-46.7,46.7,dash
1.29,0.240,-0.196,0.032,-46.7,46.7,dash
1.29,0.240,-0.196,0.032,-46.7,46.7,dash
1.29,0.240,-0.196,0.032,-46.7,46.7,dash
1.29,0.240,-0.196,0.032,-46.7,46.7,dash
1.29,0.240,-0.196,0.032,-46.7,46.7,dash
1.29,0.239,-0.196,0.032,-46.7,46.7,dash
1.30,0.239,-0.196,0.032,-46.7,46.7,dash
1.30,0.239,-0.196,0.032,-46.7,46.7,dash
1.30,0.239,-0.196,0.032,-46.7,46.7,dash
1.30,0.239,-0.196,0.032,-46.7,46.7,dash
1.30,0.239,-0.196,0.032,-46.7,46.7,dash
1.30,0.239,-0.196,0.032,-46.7,46.7,dash
1.30,0.239,-0.196,0.032,-46.7,46.7,dash
1.30,0.239,-0.196,0.032,-46.7,46.7,dash
1.30,0.239,-0.196,0.032,-46.7,46.7,dash
1.30,0.238,-0.196,0.032,-46.7,46.7,dash
1.30,0.238,-0.196,0.032,-46.7,46.7,dash
1.30,0.238,-0.196,0.032,-46.7,46.7,dash
1.30,0.238,-0.196,0.032,-46.7,46.7,dash
1.30,0.238,-0.196,0.032,-46.7,46.7,dash
1.30,0.238,-0.196,0.032,-46.7,46.7,dash
1.30,0.238,-0.196,0.032,-46.7,46.7,dash
1.30,0.237,-0.196,0.032,-46.7,46.7,dash
1.30,0.237,-0.196,0.032,-46.7,46.7,dash
1.30,0.237,-0.196,0.032,-46.7,46.7,dash
1.30,0.237,-0.196,0.032,-46.7,46.7,dash
1.30,0.237,-0.196,0.032,-46.7,46.7,dash
1.30,0.237,-0.196,0.032,-46.7,46.7,dash
1.30,0.237,-0.196,0.032,-46.7,46.7,dash
1.30,0.237,-0.196,0.032,-46.7,46.7,dash
1.30,0.236,-0.196,0.032,-46.7,46.7,dash
1.31,0.236,-0.196,0.032,-46.7,46.7,dash
1.31,0.236,-0.196,0.032,-46.7,46.7,dash
1.31,0.236,-0.196,0.032,-46.7,46.7,dash
1.31,0.236,-0.196,0.032,-46.7,46.7,dash
1.31,0.236,-0.196,0.032,-46.7,46.7,dash
1.31,0.236,-0.196,0.032,-46.7,46.7,dash
1.31,0.236,-0.196,0.032,-46.7,46.7,dash
1.31,0.236,-0.196,0.032,-46.7,46.7,dash
1.31,0.236,-0.196,0.032,-46.7,46.7,dash
1.31,0.235,-0.196,0.032,-46.7,46.7,dash
1.31,0.235,-0.196,0.032,-46.7,46.7,dash
1.31,0.235,-0.196,0.032,-46.7,46.7,dash
1.31,0.235,-0.196,0.032,-46.7,46.7,dash
1.31,0.235,-0.196,0.032,-46.7,46.7,dash
1.31,0.235,-0.196,0.032,-46.7,46.7,dash
1.31,0.235,-0.196,0.032,-46.7,46.7,dash
1.31,0.235,-0.196,0.032,-46.7,46.7,dash
1.31,0.234,-0.196,0.032,-46.7,46.7,dash
1.31,0.234,-0.196,0.032,-46.7,46.7,dash
1.31,0.234,-0.196,0.032,-46.7,46.7,dash
1.31,0.234,-0.196,0.032,-46.7,46.7,dash
1.31,0.234,-0.196,0.032,-46.7,46.7,dash
1.31,0.234,-0.196,0.032,-46.7,46.7,dash
1.31,0.234,-0.196,0.032,-46.7,46.7,dash
1.31,0.233,-0.196,0.032,-46.7,46.7,dash
1.31,0.233,-0.196,0.032,-46.7,46.7,dash
1.32,0.233,-0.196,0.032,-46.7,46.7,dash
1.32,0.233,-0.196,0.032,-46.7,46.7,dash
1.32,0.233,-0.196,0.032,-46.7,46.7,dash
1.32,0.233,-0.196,0.032,-46.7,46.7,dash
1.32,0.233,-0.196,0.032,-46.7,46.7,dash
1.32,0.233,-0.196,0.032,-46.7,46.7,dash
1.32,0.233,-0.196,0.032,-46.7,46.7,dash
1.32,0.233,-0.196,0.032,-46.7,46.7,dash
1.32,0.232,-0.196,0.032,-46.7,46.7,dash
1.32,0.232,-0.196,0.032,-46.7,46.7,dash
1.32,0.232,-0.196,0.032,-46.7,46.7,dash
1.32,0.232,-0.196,0.032,-46.7,46.7,dash
1.32,0.232,-0.196,0.032,-46.7,46.7,dash
1.32,0.232,-0.196,0.032,-46.7,46.7,dash
1.32,0.232,-0.196,0.032,-46.7,46.7,dash
1.32,0.232,-0.196,0.032,-46.7,46.7,dash
1.32,0.231,-0.196,0.032,-46.7,46.7,dash
1.32,0.231,-0.196,0.032,-46.7,46.7,dash
1.32,0.231,-0.196,0.032,-46.7,46.7,dash
1.32,0.231,-0.196,0.032,-46.7,46.7,dash
1.32,0.231,-0.196,0.032,-46.7,46.7,dash
1.32,0.231,-0.196,0.032,-46.7,46.7,dash
1.32,0.231,-0.196,0.032,-46.7,46.7,dash
1.32,0.230,-0.196,0.032,-46.7,46.7,dash
1.32,0.230,-0.196,0.032,-46.7,46.7,dash
1.33,0.230,-0.196,0.032,-46.7,46.7,dash
1.33,0.230,-0.196,0.032,-46.7,46.7,dash
1.33,0.230,-0.196,0.032,-46.7,46.7,dash
1.33,0.230,-0.196,0.032,-46.7,46.7,dash
1.33,0.230,-0.196,0.032,-46.7,46.7,dash
1.33,0.230,-0.196,0.032,-46.7,46.7,dash
1.33,0.230,-0.196,0.032,-46.7,46.7,dash
1.33,0.230,-0.196,0.032,-46.7,46.7,dash
1.33,0.229,-0.196,0.032,-46.7,46.7,dash
1.33,0.229,-0.196,0.032,-46.7,46.7,dash
1.33,0.229,-0.196,0.032,-46.7,46.7,dash
1.33,0.229,-0.196,0.032,-46.7,46.7,dash
1.33,0.229,-0.196,0.032,-46.7,46.7,dash
1.33,0.229,-0.196,0.032,-46.7,46.7,dash
1.33,0.229,-0.196,0.032,-46.7,46.7,dash
1.33,0.228,-0.196,0.032,-46.7,46.7,dash
1.33,0.228,-0.196,0.032,-46.7,46.7,dash
1.33,0.228,-0.196,0.032,-46.7,46.7,dash
1.33,0.228,-0.196,0.032,-46.7,46.7,dash
1.33,0.228,-0.196,0.032,-46.7,46.7,dash
1.33,0.228,-0.196,0.032,-46.7,46.7,dash
1.33,0.228,-0.196,0.032,-46.7,46.7,dash
1.33,0.228,-0.196,0.032,-46.7,46.7,dash
1.33,0.227,-0.196,0.032,-46.7,46.7,dash
1.33,0.227,-0.196,0.032,-46.7,46.7,dash
1.34,0.227,-0.196,0.032,-46.7,46.7,dash
1.34,0.227,-0.196,0.032,-46.7,46.7,dash
1.34,0.227,-0.196,0.032,-46.7,46.7,dash
1.34,0.227,-0.196,0.032,-46.7,46.7,dash
1.34,0.227,-0.196,0.032,-46.7,46.7,dash
1.34,0.227,-0.196,0.032,-46.7,46.7,dash
1.34,0.227,-0.196,0.032,-46.7,46.7,dash
1.34,0.227,-0.196,0.032,-46.7,46.7,dash
1.34,0.227,-0.196,0.032,-46.7,46.7,dash
1.34,0.226,-0.196,0.032,-46.7,46.7,dash
1.34,0.226,-0.196,0.032,-46.7,46.7,dash
1.34,0.226,-0.196,0.032,-46.7,46.7,dash
1.34,0.226,-0.196,0.032,-46.7,46.7,dash
1.34,0.226,-0.196,0.032,-46.7,46.7,dash
1.34,0.226,-0.196,0.032,-46.7,46.7,dash
1.34,0.226,-0.196,0.032,-46.7,46.7,dash
1.34,0.225,-0.196,0.032,-46.7,46.7,dash
1.34,0.225,-0.196,0.032,-46.7,46.7,dash
1.34,0.225,-0.196,0.032,-46.7,46.7,dash
1.34,0.225,-0.196,0.032,-46.7,46.7,dash
1.34,0.225,-0.196,0.032,-46.7,46.7,dash
1.34,0.225,-0.196,0.032,-46.7,46.7,dash
1.34,0.225,-0.196,0.032,-46.7,46.7,dash
1.34,0.225,-0.196,0.032,-46.7,46.7,dash
1.34,0.224,-0.196,0.032,-46.7,46.7,dash
1.35,0.224,-0.196,0.032,-46.7,46.7,dash
1.35,0.224,-0.196,0.032,-46.7,46.7,dash
1.35,0.224,-0.196,0.032,-46.7,46.7,dash
1.35,0.224,-0.196,0.032,-46.7,46.7,dash
1.35,0.224,-0.196,0.032,-46.7,46.7,dash
1.35,0.224,-0.196,0.032,-46.7,46.7,dash
1.35,0.224,-0.196,0.032,-46.7,46.7,dash
1.35,0.224,-0.196,0.032,-46.7,46.7,dash
1.35,0.224,-0.196,0.032,-46.7,46.7,dash
1.35,0.223,-0.196,0.032,-46.7,46.7,dash
1.35,0.223,-0.196,0.032,-46.7,46.7,dash
1.35,0.223,-0.196,0.032,-46.7,46.7,dash
1.35,0.223,-0.196,0.032,-46.7,46.7,dash
1.35,0.223,-0.196,0.032,-46.7,46.7,dash
1.35,0.223,-0.196,0.032,-46.7,46.7,dash
1.35,0.223,-0.196,0.032,-46.7,46.7,dash
1.35,0.222,-0.196,0.032,-46.7,46.7,dash
1.35,0.222,-0.196,0.032,-46.7,46.7,dash
1.35,0.222,-0.196,0.032,-46.7,46.7,dash
1.35,0.222,-0.196,0.032,-46.7,46.7,dash
1.35,0.222,-0.196,0.032,-46.7,46.7,dash
1.35,0.222,-0.196,0.032,-46.7,46.7,dash
1.35,0.222,-0.196,0.032,-46.7,46.7,dash
1.35,0.222,-0.196,0.032,-46.7,46.7,dash
1.36,0.221,-0.196,0.032,-46.7,46.7,dash
1.36,0.221,-0.196,0.032,-46.7,46.7,dash
1.36,0.221,-0.196,0.032,-46.7,46.7,dash
1.36,0.221,-0.196,0.032,-46.7,46.7,dash
1.36,0.221,-0.196,0.032,-46.7,46.7,dash
1.36,0.221,-0.196,0.032,-46.7,46.7,dash
1.36,0.221,-0.196,0.032,-46.7,46.7,dash
1.36,0.221,-0.196,0.032,-46.7,46.7,dash
1.36,0.221,-0.196,0.032,-46.7,46.7,dash
1.36,0.220,-0.196,0.032,-46.7,46.7,dash
1.36,0.220,-0.196,0.032,-46.7,46.7,dash
1.36,0.220,-0.196,0.032,-46.7,46.7,dash
1.36,0.220,-0.196,0.032,-46.7,46.7,dash
1.36,0.220,-0.196,0.032,-46.7,46.7,dash
1.36,0.220,-0.196,0.032,-46.7,46.7,dash
1.36,0.220,-0.196,0.032,-46.7,46.7,dash
1.36,0.219,-0.196,0.032,-46.7,46.7,dash
1.36,0.219,-0.196,0.032,-46.7,46.7,dash
1.36,0.219,-0.196,0.032,-46.7,46.7,dash
1.36,0.219,-0.196,0.032,-46.7,46.7,dash
1.36,0.219,-0.196,0.032,-46.7,46.7,dash
1.36,0.219,-0.196,0.032,-46.7,46.7,dash
1.36,0.219,-0.196,0.032,-46.7,46.7,dash
1.36,0.219,-0.196,0.032,-46.7,46.7,dash
1.36,0.218,-0.196,0.032,-46.7,46.7,dash
1.37,0.218,-0.196,0.032,-46.7,46.7,dash
1.37,0.218,-0.196,0.032,-46.7,46.7,dash
1.37,0.218,-0.196,0.032,-46.7,46.7,dash
1.37,0.218,-0.196,0.032,-46.7,46.7,dash
1.37,0.218,-0.196,0.032,-46.7,46.7,dash
1.37,0.218,-0.196,0.032,-46.7,46.7,dash
1.37,0.218,-0.196,0.032,-46.7,46.7,dash
1.37,0.218,-0.196,0.032,-46.7,46.7,dash
1.37,0.217,-0.196,0.032,-46.7,46.7,dash
1.37,0.217,-0.196,0.032,-46.7,46.7,dash
1.37,0.217,-0.196,0.032,-46.7,46.7,dash
1.37,0.217,-0.196,0.032,-46.7,46.7,dash
1.37,0.217,-0.196,0.032,-46.7,46.7,dash
1.37,0.217,-0.196,0.032,-46.7,46.7,dash
1.37,0.217,-0.196,0.032,-46.7,46.7,dash
1.37,0.217,-0.196,0.032,-46.7,46.7,dash
1.37,0.216,-0.196,0.032,-46.7,46.7,dash
1.37,0.216,-0.196,0.032,-46.7,46.7,dash
1.37,0.216,-0.196,0.032,-46.7,46.7,dash
1.37,0.216,-0.196,0.032,-46.7,46.7,dash
1.37,0.216,-0.196,0.032,-46.7,46.7,dash
1.37,0.216,-0.196,0.032,-46.7,46.7,dash
1.37,0.216,-0.196,0.032,-46.7,46.7,dash
1.37,0.216,-0.196,0.032,-46.7,46.7,dash
1.38,0.216,-0.196,0.032,-46.7,46.7,dash
1.38,0.215,-0.196,0.032,-46.7,46.7,dash
1.38,0.215,-0.196,0.032,-46.7,46.7,dash
1.38,0.215,-0.196,0.032,-46.7,46.7,dash
1.38,0.215,-0.196,0.032,-46.7,46.7,dash
1.38,0.215,-0.196,0.032,-46.7,46.7,dash
1.38,0.215,-0.196,0.032,-46.7,46.7,dash
1.38,0.215,-0.196,0.032,-46.7,46.7,dash
1.38,0.214,-0.196,0.032,-46.7,46.7,dash
1.38,0.214,-0.196,0.032,-46.7,46.7,dash
1.38,0.214,-0.196,0.032,-46.7,46.7,dash
1.38,0.214,-0.196,0.032,-46.7,46.7,dash
1.38,0.214,-0.196,0.032,-46.7,46.7,dash
1.38,0.214,-0.196,0.032,-46.7,46.7,dash
1.38,0.214,-0.196,0.032,-46.7,46.7,dash
1.38,0.214,-0.196,0.032,-46.7,46.7,dash
1.38,0.213,-0.196,0.032,-46.7,46.7,dash
1.38,0.213,-0.196,0.032,-46.7,46.7,dash
1.38,0.213,-0.196,0.032,-46.7,46.7,dash
1.38,0.213,-0.196,0.032,-46.7,46.7,dash
1.38,0.213,-0.196,0.032,-46.7,46.7,dash
1.38,0.213,-0.196,0.032,-46.7,46.7,dash
1.38,0.213,-0.196,0.032,-46.7,46.7,dash
1.38,0.213,-0.196,0.032,-46.7,46.7,dash
1.38,0.213,-0.196,0.032,-46.7,46.7,dash
1.39,0.213,-0.196,0.032,-46.7,46.7,dash
1.39,0.212,-0.196,0.032,-46.7,46.7,dash
1.39,0.212,-0.196,0.032,-46.7,46.7,dash
1.39,0.212,-0.196,0.032,-46.7,46.7,dash
1.39,0.212,-0.196,0.032,-46.7,46.7,dash
1.39,0.212,-0.196,0.032,-46.7,46.7,dash
1.39,0.212,-0.196,0.032,-46.7,46.7,dash
1.39,0.212,-0.196,0.032,-46.7,46.7,dash
1.39,0.211,-0.196,0.032,-46.7,46.7,dash
1.39,0.211,-0.196,0.032,-46.7,46.7,dash
1.39,0.211,-0.196,0.032,-46.7,46.7,dash
1.39,0.211,-0.196,0.032,-46.7,46.7,dash
1.39,0.211,-0.196,0.032,-46.7,46.7,dash
1.39,0.211,-0.196,0.032,-46.7,46.7,dash
1.39,0.211,-0.196,0.032,-46.7,46.7,dash
1.39,0.211,-0.196,0.032,-46.7,46.7,dash
1.39,0.210,-0.196,0.032,-46.7,46.7,dash
1.39,0.210,-0.196,0.032,-46.7,46.7,dash
1.39,0.210,-0.196,0.032,-46.7,46.7,dash
1.39,0.210,-0.196,0.032,-46.7,46.7,dash
1.39,0.210,-0.196,0.032,-46.7,46.7,dash
1.39,0.210,-0.196,0.032,-46.7,46.7,dash
1.39,0.210,-0.196,0.032,-46.7,46.7,dash
1.40,0.210,-0.196,0.032,-46.7,46.7,dash
1.40,0.210,-0.196,0.032,-46.7,46.7,dash
1.40,0.209,-0.196,0.032,-46.7,46.7,dash
1.40,0.209,-0.196,0.032,-46.7,46.7,dash
1.40,0.209,-0.196,0.032,-46.7,46.7,dash
1.40,0.209,-0.196,0.032,-46.7,46.7,dash
1.40,0.209,-0.196,0.032,-46.7,46.7,dash
1.40,0.209,-0.196,0.032,-46.7,46.7,dash
1.40,0.209,-0.196,0.032,-46.7,46.7,dash
1.40,0.208,-0.196,0.032,-46.7,46.7,dash
1.40,0.208,-0.196,0.032,-46.7,46.7,dash
1.40,0.208,-0.196,0.032,-46.7,46.7,dash
1.40,0.208,-0.196,0.032,-46.7,46.7,dash
1.40,0.208,-0.196,0.032,-46.7,46.7,dash
1.40,0.208,-0.196,0.032,-46.7,46.7,dash
1.40,0.208,-0.196,0.032,-46.7,46.7,dash
1.40,0.207,-0.196,0.032,-46.7,46.7,dash
1.40,0.207,-0.196,0.032,-46.7,46.7,dash
1.40,0.207,-0.196,0.032,-46.7,46.7,dash
1.40,0.207,-0.196,0.032,-46.7,46.7,dash
1.40,0.207,-0.196,0.032,-46.7,46.7,dash
1.40,0.207,-0.196,0.032,-46.7,46.7,dash
1.40,0.207,-0.196,0.032,-46.7,46.7,dash
1.40,0.207,-0.196,0.032,-46.7,46.7,dash
1.40,0.207,-0.196,0.032,-46.7,46.7,dash
1.41,0.207,-0.196,0.032,-46.7,46.7,dash
1.41,0.206,-0.196,0.032,-46.7,46.7,dash
1.41,0.206,-0.196,0.032,-46.7,46.7,dash
1.41,0.206,-0.196,0.032,-46.7,46.7,dash
1.41,0.206,-0.196,0.032,-46.7,46.7,dash
1.41,0.206,-0.196,0.032,-46.7,46.7,dash
1.41,0.206,-0.196,0.032,-46.7,46.7,dash
1.41,0.206,-0.196,0.032,-46.7,46.7,dash
1.41,0.206,-0.196,0.032,-46.7,46.7,dash
1.41,0.205,-0.196,0.032,-46.7,46.7,dash
1.41,0.205,-0.196,0.032,-46.7,46.7,dash
1.41,0.205,-0.196,0.032,-46.7,46.7,dash
1.41,0.205,-0.196,0.032,-46.7,46.7,dash
1.41,0.205,-0.196,0.032,-46.7,46.7,dash
1.41,0.205,-0.196,0.032,-46.7,46.7,dash
1.41,0.205,-0.196,0.032,-46.7,46.7,dash
1.41,0.204,-0.196,0.032,-46.7,46.7,dash
1.41,0.204,-0.196,0.032,-46.7,46.7,dash
1.41,0.204,-0.196,0.032,-46.7,46.7,dash
1.41,0.204,-0.196,0.032,-46.7,46.7,dash
1.41,0.204,-0.196,0.032,-46.7,46.7,dash
1.41,0.204,-0.196,0.032,-46.7,46.7,dash
1.41,0.204,-0.196,0.032,-46.7,46.7,dash
1.41,0.204,-0.196,0.032,-46.7,46.7,dash
1.41,0.204,-0.196,0.032,-46.7,46.7,dash
1.42,0.204,-0.196,0.032,-46.7,46.7,dash
1.42,0.203,-0.196,0.032,-46.7,46.7,dash
1.42,0.203,-0.196,0.032,-46.7,46.7,dash
1.42,0.203,-0.196,0.032,-46.7,46.7,dash
1.42,0.203,-0.196,0.032,-46.7,46.7,dash
1.42,0.203,-0.196,0.032,-46.7,46.7,dash
1.42,0.203,-0.196,0.032,-46.7,46.7,dash
1.42,0.203,-0.196,0.032,-46.7,46.7,dash
1.42,0.202,-0.196,0.032,-46.7,46.7,dash
1.42,0.202,-0.196,0.032,-46.7,46.7,dash
1.42,0.202,-0.196,0.032,-46.7,46.7,dash
1.42,0.202,-0.196,0.032,-46.7,46.7,dash
1.42,0.202,-0.196,0.032,-46.7,46.7,dash
1.42,0.202,-0.196,0.032,-46.7,46.7,dash
1.42,0.202,-0.196,0.032,-46.7,46.7,dash
1.42,0.202,-0.196,0.032,-46.7,46.7,dash
1.42,0.201,-0.196,0.032,-46.7,46.7,dash
1.42,0.201,-0.196,0.032,-46.7,46.7,dash
1.42,0.201,-0.196,0.032,-46.7,46.7,dash
1.42,0.201,-0.196,0.032,-46.7,46.7,dash
1.42,0.201,-0.196,0.032,-46.7,46.7,dash
1.42,0.201,-0.196,0.032,-46.7,46.7,dash
1.42,0.201,-0.196,0.032,-46.7,46.7,dash
1.42,0.201,-0.196,0.032,-46.7,46.7,dash
1.42,0.201,-0.196,0.032,-46.7,46.7,dash
1.43,0.201,-0.196,0.032,-46.7,46.7,dash
1.43,0.200,-0.196,0.032,-46.7,46.7,dash
1.43,0.200,-0.196,0.032,-46.7,46.7,dash
1.43,0.200,-0.196,0.032,-46.7,46.7,dash
1.43,0.200,-0.196,0.032,-46.7,46.7,dash
1.43,0.200,-0.196,0.032,-46.7,46.7,dash
1.43,0.200,-0.196,0.032,-46.7,46.7,dash
1.43,0.200,-0.196,0.032,-46.7,46.7,dash
1.43,0.199,-0.196,0.032,-46.7,46.7,dash
1.43,0.199,-0.196,0.032,-46.7,46.7,dash
1.43,0.199,-0.196,0.032,-46.7,46.7,dash
1.43,0.199,-0.196,0.032,-46.7,46.7,dash
1.43,0.199,-0.196,0.032,-46.7,46.7,dash
1.43,0.199,-0.196,0.032,-46.7,46.7,dash
1.43,0.199,-0.196,0.032,-46.7,46.7,dash
1.43,0.198,-0.196,0.032,-46.7,46.7,dash
1.43,0.198,-0.196,0.032,-46.7,46.7,dash
1.43,0.198,-0.196,0.032,-46.7,46.7,dash
1.43,0.198,-0.196,0.032,-46.7,46.7,dash
1.43,0.198,-0.196,0.032,-46.7,46.7,dash
1.43,0.198,-0.196,0.032,-46.7,46.7,dash
1.43,0.198,-0.196,0.032,-46.7,46.7,dash
1.43,0.198,-0.196,0.032,-46.7,46.7,dash
1.43,0.198,-0.196,0.032,-46.7,46.7,dash
1.43,0.198,-0.196,0.032,-46.7,46.7,dash
1.44,0.198,-0.196,0.032,-46.7,46.7,dash
1.44,0.197,-0.196,0.032,-46.7,46.7,dash
1.44,0.197,-0.196,0.032,-46.7,46.7,dash
1.44,0.197,-0.196,0.032,-46.7,46.7,dash
1.44,0.197,-0.196,0.032,-46.7,46.7,dash
1.44,0.197,-0.196,0.032,-46.7,46.7,dash
1.44,0.197,-0.196,0.032,-46.7,46.7,dash
1.44,0.197,-0.196,0.032,-46.7,46.7,dash
1.44,0.196,-0.196,0.032,-46.7,46.7,dash
1.44,0.196,-0.196,0.032,-46.7,46.7,dash
1.44,0.196,-0.196,0.032,-46.7,46.7,dash
1.44,0.196,-0.196,0.032,-46.7,46.7,dash
1.44,0.196,-0.196,0.032,-46.7,46.7,dash
1.44,0.196,-0.196,0.032,-46.7,46.7,dash
1.44,0.196,-0.196,0.032,-46.7,46.7,dash
1.44,0.195,-0.196,0.032,-46.7,46.7,dash
1.44,0.195,-0.196,0.032,-46.7,46.7,dash
1.44,0.195,-0.196,0.032,-46.7,46.7,dash
1.44,0.195,-0.196,0.032,-46.7,46.7,dash
1.44,0.195,-0.196,0.032,-46.7,46.7,dash
1.44,0.195,-0.196,0.032,-46.7,46.7,dash
1.44,0.195,-0.196,0.032,-46.7,46.7,dash
1.44,0.195,-0.196,0.032,-46.7,46.7,dash
1.45,0.195,-0.196,0.032,-46.7,46.7,dash
1.45,0.195,-0.196,0.032,-46.7,46.7,dash
1.45,0.194,-0.196,0.032,-46.7,46.7,dash
1.45,0.194,-0.196,0.032,-46.7,46.7,dash
1.45,0.194,-0.196,0.032,-46.7,46.7,dash
1.45,0.194,-0.196,0.032,-46.7,46.7,dash
1.45,0.194,-0.196,0.032,-46.7,46.7,dash
1.45,0.194,-0.196,0.032,-46.7,46.7,dash
1.45,0.194,-0.196,0.032,-46.7,46.7,dash
1.45,0.194,-0.196,0.032,-46.7,46.7,dash
1.45,0.193,-0.196,0.032,-46.7,46.7,dash
1.45,0.193,-0.196,0.032,-46.7,46.7,dash
1.45,0.193,-0.196,0.032,-46.7,46.7,dash
1.45,0.193,-0.196,0.032,-46.7,46.7,dash
1.45,0.193,-0.196,0.032,-46.7,46.7,dash
1.45,0.193,-0.196,0.032,-46.7,46.7,dash
1.45,0.193,-0.196,0.032,-46.7,46.7,dash
1.45,0.192,-0.196,0.032,-46.7,46.7,dash
1.45,0.192,-0.196,0.032,-46.7,46.7,dash
1.45,0.192,-0.196,0.032,-46.7,46.7,dash
1.45,0.192,-0.196,0.032,-46.7,46.7,dash
1.45,0.192,-0.196,0.032,-46.7,46.7,dash
1.45,0.192,-0.196,0.032,-46.7,46.7,dash
1.45,0.192,-0.196,0.032,-46.7,46.7,dash
1.45,0.192,-0.196,0.032,-46.7,46.7,dash
1.46,0.192,-0.196,0.032,-46.7,46.7,dash
1.46,0.192,-0.196,0.032,-46.7,46.7,dash
1.46,0.191,-0.196,0.032,-46.7,46.7,dash
1.46,0.191,-0.196,0.032,-46.7,46.7,dash
1.46,0.191,-0.196,0.032,-46.7,46.7,dash
1.46,0.191,-0.196,0.032,-46.7,46.7,dash
1.46,0.191,-0.196,0.032,-46.7,46.7,dash
1.46,0.191,-0.196,0.032,-46.7,46.7,dash
1.46,0.190,-0.196,0.032,-46.7,46.7,dash
1.46,0.190,-0.196,0.032,-46.7,46.7,dash
1.46,0.190,-0.196,0.032,-46.7,46.7,dash
1.46,0.190,-0.196,0.032,-46.7,46.7,dash
1.46,0.190,-0.196,0.032,-46.7,46.7,dash
1.46,0.190,-0.196,0.032,-46.7,46.7,dash
1.46,0.190,-0.196,0.032,-46.7,46.7,dash
1.46,0.190,-0.196,0.032,-46.7,46.7,dash
1.46,0.189,-0.196,0.032,-46.7,46.7,dash
1.46,0.189,-0.196,0.032,-46.7,46.7,dash
1.46,0.189,-0.196,0.032,-46.7,46.7,dash
1.46,0.189,-0.196,0.032,-46.7,46.7,dash
1.46,0.189,-0.196,0.032,-46.7,46.7,dash
1.46,0.189,-0.196,0.032,-46.7,46.7,dash
1.46,0.189,-0.196,0.032,-46.7,46.7,dash
1.47,0.189,-0.196,0.032,-46.7,46.7,dash
1.47,0.189,-0.196,0.032,-46.7,46.7,dash
1.47,0.188,-0.196,0.032,-46.7,46.7,dash
1.47,0.188,-0.196,0.032,-46.7,46.7,dash
1.47,0.188,-0.196,0.032,-46.7,46.7,dash
1.47,0.188,-0.196,0.032,-46.7,46.7,dash
1.47,0.188,-0.196,0.032,-46.7,46.7,dash
1.47,0.188,-0.196,0.032,-46.7,46.7,dash
1.47,0.188,-0.196,0.032,-46.7,46.7,dash
1.47,0.187,-0.196,0.032,-46.7,46.7,dash
1.47,0.187,-0.196,0.032,-46.7,46.7,dash
1.47,0.187,-0.196,0.032,-46.7,46.7,dash
1.47,0.187,-0.196,0.032,-46.7,46.7,dash
1.47,0.187,-0.196,0.032,-46.7,46.7,dash
1.47,0.187,-0.196,0.032,-46.7,46.7,dash
1.47,0.187,-0.196,0.032,-46.7,46.7,dash
1.47,0.187,-0.196,0.032,-46.7,46.7,dash
1.47,0.186,-0.196,0.032,-46.7,46.7,dash
1.47,0.186,-0.196,0.032,-46.7,46.7,dash
1.47,0.186,-0.196,0.032,-46.7,46.7,dash
1.47,0.186,-0.196,0.032,-46.7,46.7,dash
1.47,0.186,-0.196,0.032,-46.7,46.7,dash
1.47,0.186,-0.196,0.032,-46.7,46.7,dash
1.47,0.186,-0.196,0.032,-46.7,46.7,dash
1.47,0.186,-0.196,0.032,-46.7,46.7,dash
1.48,0.186,-0.196,0.032,-46.7,46.7,dash
1.48,0.185,-0.196,0.032,-46.7,46.7,dash
1.48,0.185,-0.196,0.032,-46.7,46.7,dash
1.48,0.185,-0.196,0.032,-46.7,46.7,dash
1.48,0.185,-0.196,0.032,-46.7,46.7,dash
1.48,0.185,-0.196,0.032,-46.7,46.7,dash
1.48,0.185,-0.196,0.032,-46.7,46.7,dash
1.48,0.185,-0.196,0.032,-46.7,46.7,dash
1.48,0.185,-0.196,0.032,-46.7,46.7,dash
1.48,0.184,-0.196,0.032,-46.7,46.7,dash
1.48,0.184,-0.196,0.032,-46.7,46.7,dash
1.48,0.184,-0.196,0.032,-46.7,46.7,dash
1.48,0.184,-0.196,0.032,-46.7,46.7,dash
1.48,0.184,-0.196,0.032,-46.7,46.7,dash
1.48,0.184,-0.196,0.032,-46.7,46.7,dash
1.48,0.184,-0.196,0.032,-46.7,46.7,dash
1.48,0.183,-0.196,0.032,-46.7,46.7,dash
1.48,0.183,-0.196,0.032,-46.7,46.7,dash
1.48,0.183,-0.196,0.032,-46.7,46.7,dash
1.48,0.183,-0.196,0.032,-46.7,46.7,dash
1.48,0.183,-0.196,0.032,-46.7,46.7,dash
1.48,0.183,-0.196,0.032,-46.7,46.7,dash
1.48,0.183,-0.196,0.032,-46.7,46.7,dash
1.48,0.183,-0.196,0.032,-46.7,46.7,dash
1.48,0.183,-0.196,0.032,-46.7,46.7,dash
1.49,0.183,-0.196,0.032,-46.7,46.7,dash
1.49,0.182,-0.196,0.032,-46.7,46.7,dash
1.49,0.182,-0.196,0.032,-46.7,46.7,dash
1.49,0.182,-0.196,0.032,-46.7,46.7,dash
1.49,0.182,-0.196,0.032,-46.7,46.7,dash
1.49,0.182,-0.196,0.032,-46.7,46.7,dash
1.49,0.182,-0.196,0.032,-46.7,46.7,dash
1.49,0.182,-0.196,0.032,-46.7,46.7,dash
1.49,0.182,-0.196,0.032,-46.7,46.7,dash
1.49,0.181,-0.196,0.032,-46.7,46.7,dash
1.49,0.181,-0.196,0.032,-46.7,46.7,dash
1.49,0.181,-0.196,0.032,-46.7,46.7,dash
1.49,0.181,-0.196,0.032,-46.7,46.7,dash
1.49,0.181,-0.196,0.032,-46.7,46.7,dash
1.49,0.181,-0.196,0.032,-46.7,46.7,dash
1.49,0.181,-0.196,0.032,-46.7,46.7,dash
1.49,0.181,-0.196,0.032,-46.7,46.7,dash
1.49,0.180,-0.196,0.032,-46.7,46.7,dash
1.49,0.180,-0.196,0.032,-46.7,46.7,dash
1.49,0.180,-0.196,0.032,-46.7,46.7,dash
1.49,0.180,-0.196,0.032,-46.7,46.7,dash
1.49,0.180,-0.196,0.032,-46.7,46.7,dash
1.49,0.180,-0.196,0.032,-46.7,46.7,dash
1.49,0.180,-0.196,0.032,-46.7,46.7,dash
1.49,0.180,-0.196,0.032,-46.7,46.7,dash
1.49,0.180,-0.196,0.032,-46.7,46.7,dash
1.49,0.180,-0.196,0.032,-46.7,46.7,dash
1.50,0.180,-0.196,0.032,-46.7,46.7,dash
1.50,0.179,-0.196,0.032,-46.7,46.7,dash
1.50,0.179,-0.196,0.032,-46.7,46.7,dash
1.50,0.179,-0.196,0.032,-46.7,46.7,dash
1.50,0.179,-0.196,0.032,-46.7,46.7,dash
1.50,0.179,-0.196,0.032,-46.7,46.7,dash
1.50,0.179,-0.196,0.032,-46.7,46.7,dash
1.50,0.179,-0.196,0.032,-46.7,46.7,dash
1.50,0.178,-0.196,0.032,-46.7,46.7,dash
1.50,0.178,-0.196,0.032,-46.7,46.7,dash
1.50,0.178,-0.196,0.032,-46.7,46.7,dash
1.50,0.178,-0.196,0.032,-46.7,46.7,dash
1.50,0.178,-0.196,0.032,-46.7,46.7,dash
1.50,0.178,-0.196,0.032,-46.7,46.7,dash
1.50,0.178,-0.196,0.032,-46.7,46.7,dash
1.50,0.178,-0.196,0.032,-46.7,46.7,dash
1.50,0.177,-0.196,0.032,-46.7,46.7,dash
1.50,0.177,-0.196,0.032,-46.7,46.7,dash
1.50,0.177,-0.196,0.032,-46.7,46.7,dash
1.50,0.177,-0.196,0.032,-46.7,46.7,dash
1.50,0.177,-0.196,0.032,-46.7,46.7,dash
1.50,0.177,-0.196,0.032,-46.7,46.7,dash
1.50,0.177,-0.196,0.032,-46.7,46.7,dash
1.50,0.177,-0.196,0.032,-46.7,46.7,dash
1.50,0.177,-0.196,0.032,-46.7,46.7,dash
1.51,0.177,-0.196,0.032,-46.7,46.7,dash
1.51,0.176,-0.196,0.032,-46.7,46.7,dash
1.51,0.176,-0.196,0.032,-46.7,46.7,dash
1.51,0.176,-0.196,0.032,-46.7,46.7,dash
1.51,0.176,-0.195,0.032,-46.7,46.7,dash
1.51,0.176,-0.195,0.032,-46.7,46.7,dash
1.51,0.176,-0.195,0.032,-46.7,46.7,dash
1.51,0.176,-0.195,0.032,-46.7,46.7,dash
1.51,0.176,-0.195,0.032,-46.7,46.7,dash
1.51,0.176,-0.195,0.032,-46.7,46.7,dash
1.51,0.176,-0.195,0.032,-46.7,46.7,dash
1.51,0.176,-0.195,0.032,-46.7,46.7,dash
1.51,0.176,-0.195,0.032,-46.7,46.7,dash
1.51,0.176,-0.195,0.032,-46.7,46.7,dash
1.51,0.176,-0.195,0.032,-46.7,46.7,dash
1.51,0.176,-0.195,0.032,-46.7,46.7,dash
1.51,0.176,-0.195,0.032,-46.7,46.7,dash
1.51,0.175,-0.194,0.032,-46.7,46.7,dash
1.51,0.175,-0.194,0.032,-46.7,46.7,dash
1.51,0.175,-0.194,0.032,-46.7,46.7,dash
1.51,0.175,-0.194,0.032,-46.7,46.7,dash
1.51,0.175,-0.194,0.032,-46.7,46.7,dash
1.51,0.175,-0.194,0.032,-46.7,46.7,dash
1.52,0.175,-0.194,0.032,-46.7,46.7,dash
1.52,0.175,-0.194,0.032,-46.7,46.7,dash
1.52,0.175,-0.194,0.032,-46.7,46.7,dash
1.52,0.175,-0.193,0.032,-46.7,46.7,dash
1.52,0.175,-0.193,0.032,-46.7,46.7,dash
1.52,0.175,-0.193,0.032,-46.7,46.7,dash
1.52,0.175,-0.193,0.032,-46.7,46.7,dash
1.52,0.175,-0.193,0.032,-46.7,46.7,dash
1.52,0.175,-0.193,0.032,-46.7,46.7,dash
1.52,0.175,-0.193,0.032,-46.7,46.7,dash
1.52,0.175,-0.193,0.032,-46.7,46.7,dash
1.52,0.175,-0.193,0.032,-46.7,46.7,dash
1.52,0.175,-0.193,0.032,-46.7,46.7,dash
1.52,0.175,-0.192,0.032,-46.7,46.7,dash
1.52,0.175,-0.192,0.032,-46.7,46.7,dash
1.52,0.175,-0.192,0.032,-46.7,46.7,dash
1.52,0.175,-0.192,0.032,-46.7,46.7,dash
1.52,0.175,-0.192,0.032,-46.7,46.7,dash
1.52,0.175,-0.192,0.032,-46.7,46.7,dash
1.52,0.175,-0.192,0.032,-46.7,46.7,dash
1.52,0.175,-0.192,0.032,-46.7,46.7,dash
1.52,0.175,-0.192,0.032,-46.7,46.7,dash
1.52,0.175,-0.192,0.032,-46.7,46.7,dash
1.52,0.175,-0.191,0.032,-46.7,46.7,dash
1.52,0.175,-0.191,0.032,-46.7,46.7,dash
1.53,0.175,-0.191,0.032,-46.7,46.7,dash
1.53,0.175,-0.191,0.032,-46.7,46.7,dash
1.53,0.175,-0.191,0.032,-46.7,46.7,dash
1.53,0.175,-0.191,0.032,-46.7,46.7,dash
1.53,0.175,-0.191,0.032,-46.7,46.7,dash
1.53,0.175,-0.190,0.032,-46.7,46.7,dash
1.53,0.175,-0.190,0.032,-46.7,46.7,dash
1.53,0.175,-0.190,0.032,-46.7,46.7,dash
1.53,0.175,-0.190,0.032,-46.7,46.7,dash
1.53,0.175,-0.190,0.032,-46.7,46.7,dash
1.53,0.175,-0.190,0.032,-46.7,46.7,dash
1.53,0.175,-0.190,0.032,-46.7,46.7,dash
1.53,0.175,-0.190,0.032,-46.7,46.7,dash
1.53,0.175,-0.190,0.032,-46.7,46.7,dash
1.53,0.174,-0.190,0.032,-46.7,46.7,dash
1.53,0.174,-0.190,0.032,-46.7,46.7,dash
1.53,0.174,-0.189,0.032,-46.7,46.7,dash
1.53,0.174,-0.189,0.032,-46.7,46.7,dash
1.53,0.174,-0.189,0.032,-46.7,46.7,dash
1.53,0.174,-0.189,0.032,-46.7,46.7,dash
1.53,0.174,-0.189,0.032,-46.7,46.7,dash
1.53,0.175,-0.189,0.032,-46.7,46.7,dash
1.53,0.174,-0.189,0.032,-46.7,46.7,dash
1.53,0.175,-0.188,0.032,-46.7,46.7,dash
1.53,0.174,-0.188,0.032,-46.7,46.7,dash
1.54,0.174,-0.188,0.032,-46.7,46.7,dash
1.54,0.174,-0.188,0.032,-46.7,46.7,dash
1.54,0.174,-0.188,0.032,-46.7,46.7,dash
1.54,0.175,-0.188,0.032,-46.7,46.7,dash
1.54,0.174,-0.188,0.032,-46.7,46.7,dash
1.54,0.174,-0.188,0.032,-46.7,46.7,dash
1.54,0.174,-0.188,0.032,-46.7,46.7,dash
1.54,0.174,-0.188,0.032,-46.7,46.7,dash
1.54,0.174,-0.188,0.032,-46.7,46.7,dash
1.54,0.174,-0.187,0.032,-46.7,46.7,dash
1.54,0.174,-0.187,0.032,-46.7,46.7,dash
1.54,0.174,-0.187,0.032,-46.7,46.7,dash
1.54,0.174,-0.187,0.032,-46.7,46.7,dash
1.54,0.174,-0.187,0.032,-46.7,46.7,dash
1.54,0.174,-0.187,0.032,-46.7,46.7,dash
1.54,0.174,-0.187,0.032,-46.7,46.7,dash
1.54,0.174,-0.186,0.032,-46.7,46.7,dash
1.54,0.174,-0.186,0.032,-46.7,46.7,dash
1.54,0.174,-0.186,0.032,-46.7,46.7,dash
1.54,0.174,-0.186,0.032,-46.7,46.7,dash
1.54,0.174,-0.186,0.032,-46.7,46.7,dash
1.54,0.174,-0.186,0.032,-46.7,46.7,dash
1.54,0.174,-0.186,0.032,-46.7,46.7,dash
1.54,0.174,-0.186,0.032,-46.7,46.7,dash
1.54,0.174,-0.186,0.032,-46.7,46.7,dash
1.54,0.174,-0.186,0.032,-46.7,46.7,dash
1.55,0.174,-0.186,0.032,-46.7,46.7,dash
1.55,0.174,-0.185,0.032,-46.7,46.7,dash
1.55,0.174,-0.185,0.032,-46.7,46.7,dash
1.55,0.174,-0.185,0.032,-46.7,46.7,dash
1.55,0.174,-0.185,0.032,-46.7,46.7,dash
1.55,0.174,-0.185,0.032,-46.7,46.7,dash
1.55,0.174,-0.185,0.032,-46.7,46.7,dash
1.55,0.174,-0.185,0.032,-46.7,46.7,dash
1.55,0.174,-0.185,0.032,-46.7,46.7,dash
1.55,0.174,-0.185,0.032,-46.7,46.7,dash
1.55,0.174,-0.184,0.032,-46.7,46.7,dash
1.55,0.174,-0.184,0.032,-46.7,46.7,dash
1.55,0.174,-0.184,0.032,-46.7,46.7,dash
1.55,0.174,-0.184,0.032,-46.7,46.7,dash
1.55,0.174,-0.184,0.032,-46.7,46.7,dash
1.55,0.174,-0.184,0.032,-46.7,46.7,dash
1.55,0.174,-0.184,0.032,-46.7,46.7,dash
1.55,0.174,-0.184,0.032,-46.7,46.7,dash
1.55,0.173,-0.183,0.032,-46.7,46.7,dash
1.55,0.173,-0.183,0.032,-46.7,46.7,dash
1.55,0.173,-0.183,0.032,-46.7,46.7,dash
1.55,0.173,-0.183,0.032,-46.7,46.7,dash
1.55,0.173,-0.183,0.032,-46.7,46.7,dash
1.55,0.173,-0.183,0.032,-46.7,46.7,dash
1.56,0.173,-0.183,0.032,-46.7,46.7,dash
1.56,0.174,-0.183,0.032,-46.7,46.7,dash
1.56,0.173,-0.183,0.032,-46.7,46.7,dash
1.56,0.173,-0.183,0.032,-46.7,46.7,dash
1.56,0.173,-0.182,0.032,-46.7,46.7,dash
1.56,0.173,-0.182,0.032,-46.7,46.7,dash
1.56,0.174,-0.182,0.032,-46.7,46.7,dash
1.56,0.173,-0.182,0.032,-46.7,46.7,dash
1.56,0.173,-0.182,0.032,-46.7,46.7,dash
1.56,0.173,-0.182,0.032,-46.7,46.7,dash
1.56,0.173,-0.182,0.032,-46.7,46.7,dash
1.56,0.173,-0.181,0.032,-46.7,46.7,dash
1.56,0.173,-0.181,0.032,-46.7,46.7,dash
1.56,0.173,-0.181,0.032,-46.7,46.7,dash
1.56,0.173,-0.181,0.032,-46.7,46.7,dash
1.56,0.173,-0.181,0.032,-46.7,46.7,dash
1.56,0.173,-0.181,0.032,-46.7,46.7,dash
1.56,0.173,-0.181,0.032,-46.7,46.7,dash
1.56,0.173,-0.181,0.032,-46.7,46.7,dash
1.56,0.173,-0.181,0.032,-46.7,46.7,dash
1.56,0.173,-0.181,0.032,-46.7,46.7,dash
1.56,0.173,-0.180,0.032,-46.7,46.7,dash
1.56,0.173,-0.180,0.032,-46.7,46.7,dash
1.56,0.173,-0.180,0.032,-46.7,46.7,dash
1.56,0.173,-0.180,0.032,-46.7,46.7,dash
1.57,0.173,-0.180,0.032,-46.7,46.7,dash
1.57,0.173,-0.180,0.032,-46.7,46.7,dash
1.57,0.173,-0.180,0.032,-46.7,46.7,dash
1.57,0.173,-0.180,0.032,-46.7,46.7,dash
1.57,0.173,-0.180,0.032,-46.7,46.7,dash
1.57,0.173,-0.180,0.032,-46.7,46.7,dash
1.57,0.173,-0.180,0.032,-46.7,46.7,dash
1.57,0.173,-0.179,0.032,-46.7,46.7,dash
1.57,0.173,-0.179,0.032,-46.7,46.7,dash
1.57,0.173,-0.179,0.032,-46.7,46.7,dash
1.57,0.173,-0.179,0.032,-46.7,46.7,dash
1.57,0.173,-0.179,0.032,-46.7,46.7,dash
1.57,0.173,-0.179,0.032,-46.7,46.7,dash
1.57,0.173,-0.179,0.032,-46.7,46.7,dash
1.57,0.173,-0.178,0.032,-46.7,46.7,dash
1.57,0.173,-0.178,0.032,-46.7,46.7,dash
1.57,0.173,-0.178,0.032,-46.7,46.7,dash
1.57,0.173,-0.178,0.032,-46.7,46.7,dash
1.57,0.173,-0.178,0.032,-46.7,46.7,dash
1.57,0.173,-0.178,0.032,-46.7,46.7,dash
1.57,0.173,-0.178,0.032,-46.7,46.7,dash
1.57,0.173,-0.178,0.032,-46.7,46.7,dash
1.57,0.172,-0.178,0.032,-46.7,46.7,dash
1.57,0.172,-0.178,0.032,-46.7,46.7,dash
1.57,0.172,-0.178,0.032,-46.7,46.7,dash
1.57,0.172,-0.177,0.032,-46.7,46.7,dash
1.58,0.172,-0.177,0.032,-46.7,46.7,dash
1.58,0.173,-0.177,0.032,-46.7,46.7,dash
1.58,0.172,-0.177,0.032,-46.7,46.7,dash
1.58,0.172,-0.177,0.032,-46.7,46.7,dash
1.58,0.172,-0.177,0.032,-46.7,46.7,dash
1.58,0.172,-0.177,0.032,-46.7,46.7,dash
1.58,0.173,-0.176,0.032,-46.7,46.7,dash
1.58,0.172,-0.176,0.032,-46.7,46.7,dash
1.58,0.172,-0.176,0.032,-46.7,46.7,dash
1.58,0.172,-0.176,0.032,-46.7,46.7,dash
1.58,0.172,-0.176,0.032,-46.7,46.7,dash
1.58,0.172,-0.176,0.032,-46.7,46.7,dash
1.58,0.172,-0.176,0.032,-46.7,46.7,dash
1.58,0.172,-0.176,0.032,-46.7,46.7,dash
1.58,0.172,-0.176,0.032,-46.7,46.7,dash
1.58,0.172,-0.176,0.032,-46.7,46.7,dash
1.58,0.172,-0.175,0.032,-46.7,46.7,dash
1.58,0.172,-0.175,0.032,-46.7,46.7,dash
1.58,0.172,-0.175,0.032,-46.7,46.7,dash
1.58,0.172,-0.175,0.032,-46.7,46.7,dash
1.58,0.172,-0.175,0.032,-46.7,46.7,dash
1.58,0.172,-0.175,0.032,-46.7,46.7,dash
1.58,0.172,-0.175,0.032,-46.7,46.7,dash
1.58,0.172,-0.175,0.032,-46.7,46.7,dash
1.58,0.172,-0.174,0.032,-46.7,46.7,dash
1.59,0.172,-0.174,0.032,-46.7,46.7,dash
1.59,0.172,-0.174,0.032,-46.7,46.7,dash
1.59,0.172,-0.174,0.032,-46.7,46.7,dash
1.59,0.172,-0.174,0.032,-46.7,46.7,dash
1.59,0.172,-0.174,0.032,-46.7,46.7,dash
1.59,0.172,-0.174,0.032,-46.7,46.7,dash
1.59,0.172,-0.174,0.032,-46.7,46.7,dash
1.59,0.172,-0.174,0.032,-46.7,46.7,dash
1.59,0.172,-0.173,0.032,-46.7,46.7,dash
1.59,0.172,-0.173,0.032,-46.7,46.7,dash
1.59,0.172,-0.173,0.032,-46.7,46.7,dash
1.59,0.172,-0.173,0.032,-46.7,46.7,dash
1.59,0.172,-0.173,0.032,-46.7,46.7,dash
1.59,0.172,-0.173,0.032,-46.7,46.7,dash
1.59,0.172,-0.173,0.032,-46.7,46.7,dash
1.59,0.172,-0.173,0.032,-46.7,46.7,dash
1.59,0.172,-0.173,0.032,-46.7,46.7,dash
1.59,0.172,-0.173,0.032,-46.7,46.7,dash
1.59,0.172,-0.172,0.032,-46.7,46.7,dash
1.59,0.172,-0.172,0.032,-46.7,46.7,dash
1.59,0.172,-0.172,0.032,-46.7,46.7,dash
1.59,0.172,-0.172,0.032,-46.7,46.7,dash
1.59,0.172,-0.172,0.032,-46.7,46.7,dash
1.59,0.172,-0.172,0.032,-46.7,46.7,dash
1.59,0.171,-0.172,0.032,-46.7,46.7,dash
1.60,0.171,-0.172,0.032,-46.7,46.7,dash
1.60,0.172,-0.171,0.032,-46.7,46.7,dash
1.60,0.171,-0.171,0.032,-46.7,46.7,dash
1.60,0.171,-0.171,0.032,-46.7,46.7,dash
1.60,0.171,-0.171,0.032,-46.7,46.7,dash
1.60,0.171,-0.171,0.032,-46.7,46.7,dash
1.60,0.171,-0.171,0.032,-46.7,46.7,dash
1.60,0.171,-0.171,0.032,-46.7,46.7,dash
1.60,0.171,-0.171,0.032,-46.7,46.7,dash
1.60,0.171,-0.171,0.032,-46.7,46.7,dash
1.60,0.171,-0.171,0.032,-46.7,46.7,dash
1.60,0.171,-0.170,0.032,-46.7,46.7,dash
1.60,0.171,-0.170,0.032,-46.7,46.7,dash
1.60,0.171,-0.170,0.032,-46.7,46.7,dash
1.60,0.171,-0.170,0.032,-46.7,46.7,dash
1.60,0.171,-0.170,0.032,-46.7,46.7,dash
1.60,0.171,-0.170,0.032,-46.7,46.7,dash
1.60,0.171,-0.170,0.032,-46.7,46.7,dash
1.60,0.171,-0.169,0.032,-46.7,46.7,dash
1.60,0.171,-0.169,0.032,-46.7,46.7,dash
1.60,0.171,-0.169,0.032,-46.7,46.7,dash
1.60,0.171,-0.169,0.032,-46.7,46.7,dash
1.60,0.171,-0.169,0.032,-46.7,46.7,dash
1.60,0.171,-0.169,0.032,-46.7,46.7,dash
1.60,0.171,-0.169,0.032,-46.7,46.7,dash
1.61,0.171,-0.169,0.032,-46.7,46.7,dash
1.61,0.171,-0.169,0.032,-46.7,46.7,dash
1.61,0.171,-0.169,0.032,-46.7,46.7,dash
1.61,0.171,-0.169,0.032,-46.7,46.7,dash
1.61,0.171,-0.168,0.032,-46.7,46.7,dash
1.61,0.171,-0.168,0.032,-46.7,46.7,dash
1.61,0.171,-0.168,0.032,-46.7,46.7,dash
1.61,0.171,-0.168,0.032,-46.7,46.7,dash
1.61,0.171,-0.168,0.032,-46.7,46.7,dash
1.61,0.171,-0.168,0.032,-46.7,46.7,dash
1.61,0.171,-0.168,0.032,-46.7,46.7,dash
1.61,0.171,-0.168,0.032,-46.7,46.7,dash
1.61,0.171,-0.168,0.032,-46.7,46.7,dash
1.61,0.171,-0.168,0.032,-46.7,46.7,dash
1.61,0.171,-0.168,0.032,-46.7,46.7,dash
1.61,0.171,-0.167,0.032,-46.7,46.7,dash
1.61,0.171,-0.167,0.032,-46.7,46.7,dash
1.61,0.171,-0.167,0.032,-46.7,46.7,dash
1.61,0.171,-0.167,0.032,-46.7,46.7,dash
1.61,0.171,-0.167,0.032,-46.7,46.7,dash
1.61,0.171,-0.167,0.032,-46.7,46.7,dash
1.61,0.171,-0.167,0.032,-46.7,46.7,dash
1.61,0.171,-0.167,0.032,-46.7,46.7,dash
1.61,0.171,-0.166,0.032,-46.7,46.7,dash
1.61,0.171,-0.166,0.032,-46.7,46.7,dash
1.61,0.171,-0.166,0.032,-46.7,46.7,dash
1.61,0.171,-0.166,0.032,-46.7,46.7,dash
1.62,0.171,-0.166,0.032,-46.7,46.7,dash
1.62,0.171,-0.166,0.032,-46.7,46.7,dash
1.62,0.170,-0.166,0.032,-46.7,46.7,dash
1.62,0.170,-0.166,0.032,-46.7,46.7,dash
1.62,0.170,-0.166,0.032,-46.7,46.7,dash
1.62,0.170,-0.166,0.032,-46.7,46.7,dash
1.62,0.171,-0.165,0.032,-46.7,46.7,dash
1.62,0.170,-0.165,0.032,-46.7,46.7,dash
1.62,0.170,-0.165,0.032,-46.7,46.7,dash
1.62,0.170,-0.165,0.032,-46.7,46.7,dash
1.62,0.170,-0.165,0.032,-46.7,46.7,dash
1.62,0.170,-0.165,0.032,-46.7,46.7,dash
1.62,0.170,-0.165,0.032,-46.7,46.7,dash
1.62,0.170,-0.165,0.032,-46.7,46.7,dash
1.62,0.170,-0.164,0.032,-46.7,46.7,dash
1.62,0.170,-0.164,0.032,-46.7,46.7,dash
1.62,0.171,-0.164,0.032,-46.7,46.7,dash
1.62,0.170,-0.164,0.032,-46.7,46.7,dash
1.62,0.170,-0.164,0.032,-46.7,46.7,dash
1.62,0.170,-0.164,0.032,-46.7,46.7,dash
1.62,0.170,-0.164,0.032,-46.7,46.7,dash
1.62,0.170,-0.164,0.032,-46.7,46.7,dash
1.62,0.170,-0.164,0.032,-46.7,46.7,dash
1.62,0.170,-0.164,0.032,-46.7,46.7,dash
1.62,0.170,-0.163,0.032,-46.7,46.7,dash
1.63,0.170,-0.163,0.032,-46.7,46.7,dash
1.63,0.170,-0.163,0.032,-46.7,46.7,dash
1.63,0.170,-0.163,0.032,-46.7,46.7,dash
1.63,0.170,-0.163,0.032,-46.7,46.7,dash
1.63,0.170,-0.163,0.032,-46.7,46.7,dash
1.63,0.170,-0.163,0.032,-46.7,46.7,dash
1.63,0.170,-0.163,0.032,-46.7,46.7,dash
1.63,0.170,-0.162,0.032,-46.7,46.7,dash
1.63,0.170,-0.162,0.032,-46.7,46.7,dash
1.63,0.170,-0.162,0.032,-46.7,46.7,dash
1.63,0.170,-0.162,0.032,-46.7,46.7,dash
1.63,0.170,-0.162,0.032,-46.7,46.7,dash
1.63,0.170,-0.162,0.032,-46.7,46.7,dash
1.63,0.170,-0.162,0.032,-46.7,46.7,dash
1.63,0.170,-0.162,0.032,-46.7,46.7,dash
1.63,0.170,-0.162,0.032,-46.7,46.7,dash
1.63,0.170,-0.162,0.032,-46.7,46.7,dash
1.63,0.170,-0.161,0.032,-46.7,46.7,dash
1.63,0.170,-0.161,0.032,-46.7,46.7,dash
1.63,0.170,-0.161,0.032,-46.7,46.7,dash
1.63,0.170,-0.161,0.032,-46.7,46.7,dash
1.63,0.170,-0.161,0.032,-46.7,46.7,dash
1.63,0.170,-0.161,0.032,-46.7,46.7,dash
1.63,0.170,-0.161,0.032,-46.7,46.7,dash
1.63,0.170,-0.161,0.032,-46.7,46.7,dash
1.64,0.170,-0.161,0.032,-46.7,46.7,dash
1.64,0.170,-0.160,0.032,-46.7,46.7,dash
1.64,0.170,-0.160,0.032,-46.7,46.7,dash
1.64,0.170,-0.160,0.032,-46.7,46.7,dash
1.64,0.170,-0.160,0.032,-46.7,46.7,dash
1.64,0.170,-0.160,0.032,-46.7,46.7,dash
1.64,0.170,-0.160,0.032,-46.7,46.7,dash
1.64,0.169,-0.160,0.032,-46.7,46.7,dash
1.64,0.169,-0.160,0.032,-46.7,46.7,dash
1.64,0.169,-0.159,0.032,-46.7,46.7,dash
1.64,0.169,-0.159,0.032,-46.7,46.7,dash
1.64,0.170,-0.159,0.032,-46.7,46.7,dash
1.64,0.169,-0.159,0.032,-46.7,46.7,dash
1.64,0.169,-0.159,0.032,-46.7,46.7,dash
1.64,0.169,-0.159,0.032,-46.7,46.7,dash
1.64,0.169,-0.159,0.032,-46.7,46.7,dash
1.64,0.169,-0.159,0.032,-46.7,46.7,dash
1.64,0.169,-0.159,0.032,-46.7,46.7,dash
1.64,0.169,-0.159,0.032,-46.7,46.7,dash
1.64,0.169,-0.158,0.032,-46.7,46.7,dash
1.64,0.169,-0.158,0.032,-46.7,46.7,dash
1.64,0.169,-0.158,0.032,-46.7,46.7,dash
1.64,0.169,-0.158,0.032,-46.7,46.7,dash
1.64,0.169,-0.158,0.032,-46.7,46.7,dash
1.65,0.169,-0.158,0.032,-46.7,46.7,dash
1.65,0.169,-0.158,0.032,-46.7,46.7,dash
1.65,0.169,-0.157,0.032,-46.7,46.7,dash
1.65,0.169,-0.157,0.032,-46.7,46.7,dash
1.65,0.169,-0.157,0.032,-46.7,46.7,dash
1.65,0.169,-0.157,0.032,-46.7,46.7,dash
1.65,0.169,-0.157,0.032,-46.7,46.7,dash
1.65,0.169,-0.157,0.032,-46.7,46.7,dash
1.65,0.169,-0.157,0.032,-46.7,46.7,dash
1.65,0.169,-0.157,0.032,-46.7,46.7,dash
1.65,0.169,-0.157,0.032,-46.7,46.7,dash
1.65,0.169,-0.156,0.032,-46.7,46.7,dash
1.65,0.169,-0.156,0.032,-46.7,46.7,dash
1.65,0.169,-0.156,0.032,-46.7,46.7,dash
1.65,0.169,-0.156,0.032,-46.7,46.7,dash
1.65,0.169,-0.156,0.032,-46.7,46.7,dash
1.65,0.169,-0.156,0.032,-46.7,46.7,dash
1.65,0.169,-0.156,0.032,-46.7,46.7,dash
1.65,0.169,-0.156,0.032,-46.7,46.7,dash
1.65,0.169,-0.156,0.032,-46.7,46.7,dash
1.65,0.169,-0.156,0.032,-46.7,46.7,dash
1.65,0.169,-0.155,0.032,-46.7,46.7,dash
1.65,0.169,-0.155,0.032,-46.7,46.7,dash
1.65,0.169,-0.155,0.032,-46.7,46.7,dash
1.66,0.169,-0.155,0.032,-46.7,46.7,dash
1.66,0.169,-0.155,0.032,-46.7,46.7,dash
1.66,0.169,-0.155,0.032,-46.7,46.7,dash
1.66,0.169,-0.155,0.032,-46.7,46.7,dash
1.66,0.169,-0.154,0.032,-46.7,46.7,dash
1.66,0.169,-0.154,0.032,-46.7,46.7,dash
1.66,0.169,-0.154,0.032,-46.7,46.7,dash
1.66,0.169,-0.154,0.032,-46.7,46.7,dash
1.66,0.169,-0.154,0.032,-46.7,46.7,dash
1.66,0.169,-0.154,0.032,-46.7,46.7,dash
1.66,0.168,-0.154,0.032,-46.7,46.7,dash
1.66,0.169,-0.154,0.032,-46.7,46.7,dash
1.66,0.168,-0.154,0.032,-46.7,46.7,dash
1.66,0.168,-0.154,0.032,-46.7,46.7,dash
1.66,0.168,-0.153,0.032,-46.7,46.7,dash
1.66,0.168,-0.153,0.032,-46.7,46.7,dash
1.66,0.168,-0.153,0.032,-46.7,46.7,dash
1.66,0.168,-0.153,0.032,-46.7,46.7,dash
1.66,0.169,-0.153,0.032,-46.7,46.7,dash
1.66,0.168,-0.153,0.032,-46.7,46.7,dash
1.66,0.168,-0.153,0.032,-46.7,46.7,dash
1.66,0.168,-0.152,0.032,-46.7,46.7,dash
1.66,0.168,-0.152,0.032,-46.7,46.7,dash
1.66,0.168,-0.152,0.032,-46.7,46.7,dash
1.67,0.168,-0.152,0.032,-46.7,46.7,dash
1.67,0.168,-0.152,0.032,-46.7,46.7,dash
1.67,0.168,-0.152,0.032,-46.7,46.7,dash
1.67,0.168,-0.152,0.032,-46.7,46.7,dash
1.67,0.168,-0.151,0.032,-46.7,46.7,dash
1.67,0.168,-0.151,0.032,-46.7,46.7,dash
1.67,0.168,-0.151,0.032,-46.7,46.7,dash
1.67,0.168,-0.151,0.032,-46.7,46.7,dash
1.67,0.168,-0.151,0.032,-46.7,46.7,dash
1.67,0.168,-0.151,0.032,-46.7,46.7,dash
1.67,0.168,-0.151,0.032,-46.7,46.7,dash
1.67,0.168,-0.151,0.032,-46.7,46.7,dash
1.67,0.168,-0.150,0.032,-46.7,46.7,dash
1.67,0.168,-0.150,0.032,-46.7,46.7,dash
1.67,0.168,-0.150,0.032,-46.7,46.7,dash
1.67,0.168,-0.150,0.032,-46.7,46.7,dash
1.67,0.168,-0.150,0.032,-46.7,46.7,dash
1.67,0.168,-0.150,0.032,-46.7,46.7,dash
1.67,0.168,-0.150,0.032,-46.7,46.7,dash
1.67,0.168,-0.150,0.032,-46.7,46.7,dash
1.67,0.168,-0.150,0.032,-46.7,46.7,dash
1.67,0.168,-0.150,0.032,-46.7,46.7,dash
1.67,0.168,-0.150,0.032,-46.7,46.7,dash
1.67,0.168,-0.150,0.032,-46.7,46.7,dash
1.67,0.168,-0.149,0.032,-46.7,46.7,dash
1.68,0.168,-0.149,0.032,-46.7,46.7,dash
1.68,0.168,-0.149,0.032,-46.7,46.7,dash
1.68,0.168,-0.149,0.032,-46.7,46.7,dash
1.68,0.168,-0.149,0.032,-46.7,46.7,dash
1.68,0.168,-0.149,0.032,-46.7,46.7,dash
1.68,0.168,-0.149,0.032,-46.7,46.7,dash
1.68,0.168,-0.149,0.032,-46.7,46.7,dash
1.68,0.168,-0.149,0.032,-46.7,46.7,dash
1.68,0.168,-0.149,0.032,-46.7,46.7,dash
1.68,0.168,-0.148,0.032,-46.7,46.7,dash
1.68,0.168,-0.148,0.032,-46.7,46.7,dash
1.68,0.168,-0.148,0.032,-46.7,46.7,dash
1.68,0.167,-0.148,0.032,-46.7,46.7,dash
1.68,0.168,-0.148,0.032,-46.7,46.7,dash
1.68,0.167,-0.148,0.032,-46.7,46.7,dash
1.68,0.167,-0.148,0.032,-46.7,46.7,dash
1.68,0.167,-0.147,0.032,-46.7,46.7,dash
1.68,0.167,-0.147,0.032,-46.7,46.7,dash
1.68,0.168,-0.147,0.032,-46.7,46.7,dash
1.68,0.168,-0.147,0.032,-46.7,46.7,dash
1.68,0.167,-0.147,0.032,-46.7,46.7,dash
1.68,0.167,-0.147,0.032,-46.7,46.7,dash
1.68,0.167,-0.147,0.032,-46.7,46.7,dash
1.69,0.167,-0.147,0.032,-46.7,46.7,dash
1.69,0.167,-0.146,0.032,-46.7,46.7,dash
1.69,0.167,-0.146,0.032,-46.7,46.7,dash
1.69,0.167,-0.146,0.032,-46.7,46.7,dash
1.69,0.167,-0.146,0.032,-46.7,46.7,dash
1.69,0.167,-0.146,0.032,-46.7,46.7,dash
1.69,0.167,-0.146,0.032,-46.7,46.7,dash
1.69,0.167,-0.146,0.032,-46.7,46.7,dash
1.69,0.167,-0.146,0.032,-46.7,46.7,dash
1.69,0.167,-0.145,0.032,-46.7,46.7,dash
1.69,0.167,-0.145,0.032,-46.7,46.7,dash
1.69,0.167,-0.145,0.032,-46.7,46.7,dash
1.69,0.167,-0.145,0.032,-46.7,46.7,dash
1.69,0.167,-0.145,0.032,-46.7,46.7,dash
1.69,0.167,-0.145,0.032,-46.7,46.7,dash
1.69,0.167,-0.145,0.032,-46.7,46.7,dash
1.69,0.167,-0.145,0.032,-46.7,46.7,dash
1.69,0.167,-0.145,0.032,-46.7,46.7,dash
1.69,0.167,-0.145,0.032,-46.7,46.7,dash
1.69,0.167,-0.145,0.032,-46.7,46.7,dash
1.69,0.167,-0.144,0.032,-46.7,46.7,dash
1.69,0.167,-0.144,0.032,-46.7,46.7,dash
1.69,0.167,-0.144,0.032,-46.7,46.7,dash
1.69,0.167,-0.144,0.032,-46.7,46.7,dash
1.69,0.167,-0.144,0.032,-46.7,46.7,dash
1.69,0.167,-0.144,0.032,-46.7,46.7,dash
1.69,0.167,-0.144,0.032,-46.7,46.7,dash
1.70,0.167,-0.144,0.032,-46.7,46.7,dash
1.70,0.167,-0.144,0.032,-46.7,46.7,dash
1.70,0.167,-0.144,0.032,-46.7,46.7,dash
1.70,0.167,-0.144,0.032,-46.7,46.7,dash
1.70,0.167,-0.143,0.032,-46.7,46.7,dash
1.70,0.167,-0.143,0.032,-46.7,46.7,dash
1.70,0.167,-0.143,0.032,-46.7,46.7,dash
1.70,0.167,-0.143,0.032,-46.7,46.7,dash
1.70,0.167,-0.143,0.032,-46.7,46.7,dash
1.70,0.167,-0.143,0.032,-46.7,46.7,dash
1.70,0.167,-0.143,0.032,-46.7,46.7,dash
1.70,0.167,-0.143,0.032,-46.7,46.7,dash
1.70,0.167,-0.142,0.032,-46.7,46.7,dash
1.70,0.167,-0.142,0.032,-46.7,46.7,dash
1.70,0.167,-0.142,0.032,-46.7,46.7,dash
1.70,0.166,-0.142,0.032,-46.7,46.7,dash
1.70,0.166,-0.142,0.032,-46.7,46.7,dash
1.70,0.166,-0.142,0.032,-46.7,46.7,dash
1.70,0.166,-0.142,0.032,-46.7,46.7,dash
1.70,0.167,-0.142,0.032,-46.7,46.7,dash
1.70,0.166,-0.142,0.032,-46.7,46.7,dash
1.70,0.166,-0.142,0.032,-46.7,46.7,dash
1.70,0.167,-0.141,0.032,-46.7,46.7,dash
1.70,0.166,-0.141,0.032,-46.7,46.7,dash
1.70,0.166,-0.141,0.032,-46.7,46.7,dash
1.70,0.166,-0.141,0.032,-46.7,46.7,dash
1.71,0.166,-0.141,0.032,-46.7,46.7,dash
1.71,0.167,-0.141,0.032,-46.7,46.7,dash
1.71,0.166,-0.141,0.032,-46.7,46.7,dash
1.71,0.166,-0.141,0.032,-46.7,46.7,dash
1.71,0.166,-0.140,0.032,-46.7,46.7,dash
1.71,0.166,-0.140,0.032,-46.7,46.7,dash
1.71,0.166,-0.140,0.032,-46.7,46.7,dash
1.71,0.166,-0.140,0.032,-46.7,46.7,dash
1.71,0.166,-0.140,0.032,-46.7,46.7,dash
1.71,0.166,-0.140,0.032,-46.7,46.7,dash
1.71,0.166,-0.140,0.032,-46.7,46.7,dash
1.71,0.166,-0.140,0.032,-46.7,46.7,dash
1.71,0.166,-0.140,0.032,-46.7,46.7,dash
1.71,0.166,-0.140,0.032,-46.7,46.7,dash
1.71,0.166,-0.139,0.032,-46.7,46.7,dash
1.71,0.166,-0.139,0.032,-46.7,46.7,dash
1.71,0.166,-0.139,0.032,-46.7,46.7,dash
1.71,0.166,-0.139,0.032,-46.7,46.7,dash
1.71,0.166,-0.139,0.032,-46.7,46.7,dash
1.71,0.166,-0.139,0.032,-46.7,46.7,dash
1.71,0.166,-0.139,0.032,-46.7,46.7,dash
1.71,0.166,-0.139,0.032,-46.7,46.7,dash
1.71,0.166,-0.139,0.032,-46.7,46.7,dash
1.71,0.166,-0.139,0.032,-46.7,46.7,dash
1.71,0.166,-0.138,0.032,-46.7,46.7,dash
1.72,0.166,-0.138,0.032,-46.7,46.7,dash
1.72,0.166,-0.138,0.032,-46.7,46.7,dash
1.72,0.166,-0.138,0.032,-46.7,46.7,dash
1.72,0.166,-0.138,0.032,-46.7,46.7,dash
1.72,0.166,-0.138,0.032,-46.7,46.7,dash
1.72,0.166,-0.138,0.032,-46.7,46.7,dash
1.72,0.166,-0.138,0.032,-46.7,46.7,dash
1.72,0.166,-0.137,0.032,-46.7,46.7,dash
1.72,0.166,-0.137,0.032,-46.7,46.7,dash
1.72,0.166,-0.137,0.032,-46.7,46.7,dash
1.72,0.166,-0.137,0.032,-46.7,46.7,dash
1.72,0.166,-0.137,0.032,-46.7,46.7,dash
1.72,0.166,-0.137,0.032,-46.7,46.7,dash
1.72,0.166,-0.137,0.032,-46.7,46.7,dash
1.72,0.166,-0.137,0.032,-46.7,46.7,dash
1.72,0.166,-0.137,0.032,-46.7,46.7,dash
1.72,0.166,-0.137,0.032,-46.7,46.7,dash
1.72,0.165,-0.136,0.032,-46.7,46.7,dash
1.72,0.165,-0.136,0.032,-46.7,46.7,dash
1.72,0.166,-0.136,0.032,-46.7,46.7,dash
1.72,0.165,-0.136,0.032,-46.7,46.7,dash
1.72,0.165,-0.136,0.032,-46.7,46.7,dash
1.72,0.165,-0.136,0.032,-46.7,46.7,dash
1.72,0.165,-0.136,0.032,-46.7,46.7,dash
1.72,0.166,-0.135,0.032,-46.7,46.7,dash
1.73,0.165,-0.135,0.032,-46.7,46.7,dash
1.73,0.165,-0.135,0.032,-46.7,46.7,dash
1.73,0.165,-0.135,0.032,-46.7,46.7,dash
1.73,0.165,-0.135,0.032,-46.7,46.7,dash
1.73,0.165,-0.135,0.032,-46.7,46.7,dash
1.73,0.165,-0.135,0.032,-46.7,46.7,dash
1.73,0.165,-0.135,0.032,-46.7,46.7,dash
1.73,0.166,-0.135,0.032,-46.7,46.7,dash
1.73,0.165,-0.135,0.032,-46.7,46.7,dash
1.73,0.165,-0.134,0.032,-46.7,46.7,dash
1.73,0.165,-0.134,0.032,-46.7,46.7,dash
1.73,0.165,-0.134,0.032,-46.7,46.7,dash
1.73,0.165,-0.134,0.032,-46.7,46.7,dash
1.73,0.165,-0.134,0.032,-46.7,46.7,dash
1.73,0.165,-0.134,0.032,-46.7,46.7,dash
1.73,0.165,-0.134,0.032,-46.7,46.7,dash
1.73,0.165,-0.134,0.032,-46.7,46.7,dash
1.73,0.165,-0.133,0.032,-46.7,46.7,dash
1.73,0.165,-0.133,0.032,-46.7,46.7,dash
1.73,0.165,-0.133,0.032,-46.7,46.7,dash
1.73,0.165,-0.133,0.032,-46.7,46.7,dash
1.73,0.165,-0.133,0.032,-46.7,46.7,dash
1.73,0.165,-0.133,0.032,-46.7,46.7,dash
1.73,0.165,-0.133,0.032,-46.7,46.7,dash
1.73,0.165,-0.133,0.032,-46.7,46.7,dash
1.73,0.165,-0.133,0.032,-46.7,46.7,dash
1.74,0.165,-0.133,0.032,-46.7,46.7,dash
1.74,0.165,-0.132,0.032,-46.7,46.7,dash
1.74,0.165,-0.132,0.032,-46.7,46.7,dash
1.74,0.165,-0.132,0.032,-46.7,46.7,dash
1.74,0.165,-0.132,0.032,-46.7,46.7,dash
1.74,0.165,-0.132,0.032,-46.7,46.7,dash
1.74,0.165,-0.132,0.032,-46.7,46.7,dash
1.74,0.165,-0.132,0.032,-46.7,46.7,dash
1.74,0.165,-0.132,0.032,-46.7,46.7,dash
1.74,0.165,-0.132,0.032,-46.7,46.7,dash
1.74,0.165,-0.132,0.032,-46.7,46.7,dash
1.74,0.165,-0.132,0.032,-46.7,46.7,dash
1.74,0.165,-0.131,0.032,-46.7,46.7,dash
1.74,0.165,-0.131,0.032,-46.7,46.7,dash
1.74,0.165,-0.131,0.032,-46.7,46.7,dash
1.74,0.165,-0.131,0.032,-46.7,46.7,dash
1.74,0.165,-0.131,0.032,-46.7,46.7,dash
1.74,0.165,-0.131,0.032,-46.7,46.7,dash
1.74,0.165,-0.131,0.032,-46.7,46.7,dash
1.74,0.165,-0.131,0.032,-46.7,46.7,dash
1.74,0.164,-0.130,0.032,-46.7,46.7,dash
1.74,0.164,-0.130,0.032,-46.7,46.7,dash
1.74,0.164,-0.130,0.032,-46.7,46.7,dash
1.74,0.164,-0.130,0.032,-46.7,46.7,dash
1.74,0.164,-0.130,0.032,-46.7,46.7,dash
1.74,0.164,-0.130,0.032,-46.7,46.7,dash
1.74,0.164,-0.130,0.032,-46.7,46.7,dash
1.75,0.164,-0.130,0.032,-46.7,46.7,dash
1.75,0.164,-0.130,0.032,-46.7,46.7,dash
1.75,0.164,-0.130,0.032,-46.7,46.7,dash
1.75,0.165,-0.129,0.032,-46.7,46.7,dash
1.75,0.164,-0.129,0.032,-46.7,46.7,dash
1.75,0.164,-0.129,0.032,-46.7,46.7,dash
1.75,0.164,-0.129,0.032,-46.7,46.7,dash
1.75,0.164,-0.129,0.032,-46.7,46.7,dash
1.75,0.165,-0.129,0.032,-46.7,46.7,dash
1.75,0.164,-0.129,0.032,-46.7,46.7,dash
1.75,0.164,-0.129,0.032,-46.7,46.7,dash
1.75,0.164,-0.128,0.032,-46.7,46.7,dash
1.75,0.164,-0.128,0.032,-46.7,46.7,dash
1.75,0.164,-0.128,0.032,-46.7,46.7,dash
1.75,0.164,-0.128,0.032,-46.7,46.7,dash
1.75,0.164,-0.128,0.032,-46.7,46.7,dash
1.75,0.164,-0.128,0.032,-46.7,46.7,dash
1.75,0.164,-0.128,0.032,-46.7,46.7,dash
1.75,0.164,-0.128,0.032,-46.7,46.7,dash
1.75,0.164,-0.128,0.032,-46.7,46.7,dash
1.75,0.164,-0.128,0.032,-46.7,46.7,dash
1.75,0.164,-0.128,0.032,-46.7,46.7,dash
1.75,0.164,-0.127,0.032,-46.7,46.7,dash
1.75,0.164,-0.127,0.032,-46.7,46.7,dash
1.75,0.164,-0.127,0.032,-46.7,46.7,dash
1.75,0.164,-0.127,0.032,-46.7,46.7,dash
1.76,0.164,-0.127,0.032,-46.7,46.7,dash
1.76,0.164,-0.127,0.032,-46.7,46.7,dash
1.76,0.164,-0.127,0.032,-46.7,46.7,dash
1.76,0.164,-0.127,0.032,-46.7,46.7,dash
1.76,0.164,-0.127,0.032,-46.7,46.7,dash
1.76,0.164,-0.127,0.032,-46.7,46.7,dash
1.76,0.164,-0.126,0.032,-46.7,46.7,dash
1.76,0.164,-0.126,0.032,-46.7,46.7,dash
1.76,0.164,-0.126,0.032,-46.7,46.7,dash
1.76,0.164,-0.126,0.032,-46.7,46.7,dash
1.76,0.164,-0.126,0.032,-46.7,46.7,dash
1.76,0.164,-0.126,0.032,-46.7,46.7,dash
1.76,0.164,-0.126,0.032,-46.7,46.7,dash
1.76,0.164,-0.126,0.032,-46.7,46.7,dash
1.76,0.164,-0.125,0.032,-46.7,46.7,dash
1.76,0.164,-0.125,0.032,-46.7,46.7,dash
1.76,0.164,-0.125,0.032,-46.7,46.7,dash
1.76,0.164,-0.125,0.032,-46.7,46.7,dash
1.76,0.164,-0.125,0.032,-46.7,46.7,dash
1.76,0.164,-0.125,0.032,-46.7,46.7,dash
1.76,0.164,-0.125,0.032,-46.7,46.7,dash
1.76,0.164,-0.125,0.032,-46.7,46.7,dash
1.76,0.164,-0.125,0.032,-46.7,46.7,dash
1.76,0.164,-0.124,0.032,-46.7,46.7,dash
1.76,0.163,-0.124,0.032,-46.7,46.7,dash
1.77,0.163,-0.124,0.032,-46.7,46.7,dash
1.77,0.164,-0.124,0.032,-46.7,46.7,dash
1.77,0.163,-0.124,0.032,-46.7,46.7,dash
1.77,0.163,-0.124,0.032,-46.7,46.7,dash
1.77,0.163,-0.124,0.032,-46.7,46.7,dash
1.77,0.163,-0.124,0.032,-46.7,46.7,dash
1.77,0.163,-0.124,0.032,-46.7,46.7,dash
1.77,0.163,-0.123,0.032,-46.7,46.7,dash
1.77,0.163,-0.123,0.032,-46.7,46.7,dash
1.77,0.164,-0.123,0.032,-46.7,46.7,dash
1.77,0.163,-0.123,0.032,-46.7,46.7,dash
1.77,0.163,-0.123,0.032,-46.7,46.7,dash
1.77,0.163,-0.123,0.032,-46.7,46.7,dash
1.77,0.163,-0.123,0.032,-46.7,46.7,dash
1.77,0.163,-0.123,0.032,-46.7,46.7,dash
1.77,0.163,-0.123,0.032,-46.7,46.7,dash
1.77,0.163,-0.123,0.032,-46.7,46.7,dash
1.77,0.163,-0.122,0.032,-46.7,46.7,dash
1.77,0.163,-0.122,0.032,-46.7,46.7,dash
1.77,0.163,-0.122,0.032,-46.7,46.7,dash
1.77,0.163,-0.122,0.032,-46.7,46.7,dash
1.77,0.163,-0.122,0.032,-46.7,46.7,dash
1.77,0.163,-0.122,0.032,-46.7,46.7,dash
1.77,0.163,-0.122,0.032,-46.7,46.7,dash
1.77,0.163,-0.121,0.032,-46.7,46.7,dash
1.77,0.163,-0.121,0.032,-46.7,46.7,dash
1.78,0.163,-0.121,0.032,-46.7,46.7,dash
1.78,0.163,-0.121,0.032,-46.7,46.7,dash
1.78,0.163,-0.121,0.032,-46.7,46.7,dash
1.78,0.163,-0.121,0.032,-46.7,46.7,dash
1.78,0.163,-0.121,0.032,-46.7,46.7,dash
1.78,0.163,-0.121,0.032,-46.7,46.7,dash
1.78,0.163,-0.121,0.032,-46.7,46.7,dash
1.78,0.163,-0.121,0.032,-46.7,46.7,dash
1.78,0.163,-0.120,0.032,-46.7,46.7,dash
1.78,0.163,-0.120,0.032,-46.7,46.7,dash
1.78,0.163,-0.120,0.032,-46.7,46.7,dash
1.78,0.163,-0.120,0.032,-46.7,46.7,dash
1.78,0.163,-0.120,0.032,-46.7,46.7,dash
1.78,0.163,-0.120,0.032,-46.7,46.7,dash
1.78,0.163,-0.120,0.032,-46.7,46.7,dash
1.78,0.163,-0.120,0.032,-46.7,46.7,dash
1.78,0.163,-0.120,0.032,-46.7,46.7,dash
1.78,0.163,-0.120,0.032,-46.7,46.7,dash
1.78,0.163,-0.120,0.032,-46.7,46.7,dash
1.78,0.163,-0.119,0.032,-46.7,46.7,dash
1.78,0.163,-0.119,0.032,-46.7,46.7,dash
1.78,0.163,-0.119,0.032,-46.7,46.7,dash
1.78,0.163,-0.119,0.032,-46.7,46.7,dash
1.78,0.163,-0.119,0.032,-46.7,46.7,dash
1.78,0.163,-0.119,0.032,-46.7,46.7,dash
1.78,0.163,-0.119,0.032,-46.7,46.7,dash
1.79,0.163,-0.119,0.032,-46.7,46.7,dash
1.79,0.162,-0.118,0.032,-46.7,46.7,dash
1.79,0.162,-0.118,0.032,-46.7,46.7,dash
1.79,0.163,-0.118,0.032,-46.7,46.7,dash
1.79,0.162,-0.118,0.032,-46.7,46.7,dash
1.79,0.162,-0.118,0.032,-46.7,46.7,dash
1.79,0.163,-0.118,0.032,-46.7,46.7,dash
1.79,0.162,-0.118,0.032,-46.7,46.7,dash
1.79,0.162,-0.118,0.032,-46.7,46.7,dash
1.79,0.162,-0.118,0.032,-46.7,46.7,dash
1.79,0.162,-0.118,0.032,-46.7,46.7,dash
1.79,0.162,-0.118,0.032,-46.7,46.7,dash
1.79,0.162,-0.117,0.032,-46.7,46.7,dash
1.79,0.162,-0.117,0.032,-46.7,46.7,dash
1.79,0.163,-0.117,0.032,-46.7,46.7,dash
1.79,0.162,-0.117,0.032,-46.7,46.7,dash
1.79,0.162,-0.117,0.032,-46.7,46.7,dash
1.79,0.162,-0.117,0.032,-46.7,46.7,dash
1.79,0.162,-0.117,0.032,-46.7,46.7,dash
1.79,0.162,-0.117,0.032,-46.7,46.7,dash
1.79,0.162,-0.116,0.032,-46.7,46.7,dash
1.79,0.162,-0.116,0.032,-46.7,46.7,dash
1.79,0.162,-0.116,0.032,-46.7,46.7,dash
1.79,0.162,-0.116,0.032,-46.7,46.7,dash
1.79,0.162,-0.116,0.032,-46.7,46.7,dash
1.79,0.162,-0.116,0.032,-46.7,46.7,dash
1.80,0.162,-0.116,0.032,-46.7,46.7,dash
1.80,0.162,-0.116,0.032,-46.7,46.7,dash
1.80,0.162,-0.116,0.032,-46.7,46.7,dash
1.80,0.162,-0.116,0.032,-46.7,46.7,dash
1.80,0.162,-0.115,0.032,-46.7,46.7,dash
1.80,0.162,-0.115,0.032,-46.7,46.7,dash
1.80,0.162,-0.115,0.032,-46.7,46.7,dash
1.80,0.162,-0.115,0.032,-46.7,46.7,dash
1.80,0.162,-0.115,0.032,-46.7,46.7,dash
1.80,0.162,-0.115,0.032,-46.7,46.7,dash
1.80,0.162,-0.115,0.032,-46.7,46.7,dash
1.80,0.162,-0.114,0.032,-46.7,46.7,dash
1.80,0.162,-0.115,0.032,-46.7,46.7,dash
1.80,0.162,-0.115,0.032,-46.7,46.7,dash
1.80,0.162,-0.114,0.032,-46.7,46.7,dash
1.80,0.162,-0.114,0.032,-46.7,46.7,dash
1.80,0.162,-0.114,0.032,-46.7,46.7,dash
1.80,0.162,-0.114,0.032,-46.7,46.7,dash
1.80,0.162,-0.114,0.032,-46.7,46.7,dash
1.80,0.162,-0.114,0.032,-46.7,46.7,dash
1.80,0.162,-0.114,0.032,-46.7,46.7,dash
1.80,0.162,-0.113,0.032,-46.7,46.7,dash
1.80,0.162,-0.113,0.032,-46.7,46.7,dash
1.80,0.162,-0.113,0.032,-46.7,46.7,dash
1.80,0.162,-0.113,0.032,-46.7,46.7,dash
1.81,0.162,-0.113,0.032,-46.7,46.7,dash
1.81,0.162,-0.113,0.032,-46.7,46.7,dash
1.81,0.162,-0.113,0.032,-46.7,46.7,dash
1.81,0.162,-0.113,0.032,-46.7,46.7,dash
1.81,0.161,-0.113,0.032,-46.7,46.7,dash
1.81,0.162,-0.112,0.032,-46.7,46.7,dash
1.81,0.161,-0.112,0.032,-46.7,46.7,dash
1.81,0.161,-0.112,0.032,-46.7,46.7,dash
1.81,0.161,-0.112,0.032,-46.7,46.7,dash
1.81,0.161,-0.112,0.032,-46.7,46.7,dash
1.81,0.161,-0.112,0.032,-46.7,46.7,dash
1.81,0.161,-0.111,0.032,-46.7,46.7,dash
1.81,0.161,-0.111,0.032,-46.7,46.7,dash
1.81,0.161,-0.111,0.032,-46.7,46.7,dash
1.81,0.161,-0.111,0.032,-46.7,46.7,dash
1.81,0.161,-0.111,0.032,-46.7,46.7,dash
1.81,0.161,-0.111,0.032,-46.7,46.7,dash
1.81,0.161,-0.111,0.032,-46.7,46.7,dash
1.81,0.161,-0.111,0.032,-46.7,46.7,dash
1.81,0.161,-0.111,0.032,-46.7,46.7,dash
1.81,0.161,-0.110,0.032,-46.7,46.7,dash
1.82,0.161,-0.110,0.032,-46.7,46.7,dash
1.82,0.161,-0.110,0.032,-46.7,46.7,dash
1.82,0.161,-0.110,0.032,-46.7,46.7,dash
1.82,0.161,-0.110,0.032,-46.7,46.7,dash
1.82,0.161,-0.110,0.032,-46.7,46.7,dash
1.82,0.161,-0.110,0.032,-46.7,46.7,dash
1.82,0.161,-0.109,0.032,-46.7,46.7,dash
1.82,0.161,-0.109,0.032,-46.7,46.7,dash
1.82,0.161,-0.109,0.032,-46.7,46.7,dash
1.82,0.161,-0.109,0.032,-46.7,46.7,dash
1.82,0.161,-0.109,0.032,-46.7,46.7,dash
1.82,0.161,-0.109,0.032,-46.7,46.7,dash
1.82,0.161,-0.109,0.032,-46.7,46.7,dash
1.82,0.161,-0.109,0.032,-46.7,46.7,dash
1.82,0.161,-0.108,0.032,-46.7,46.7,dash
1.82,0.161,-0.108,0.032,-46.7,46.7,dash
1.82,0.161,-0.108,0.032,-46.7,46.7,dash
1.82,0.161,-0.108,0.032,-46.7,46.7,dash
1.82,0.161,-0.108,0.032,-46.7,46.7,dash
1.82,0.161,-0.108,0.032,-46.7,46.7,dash
1.82,0.161,-0.108,0.032,-46.7,46.7,dash
1.82,0.161,-0.108,0.032,-46.7,46.7,dash
1.82,0.161,-0.108,0.032,-46.7,46.7,dash
1.83,0.161,-0.108,0.032,-46.7,46.7,dash
1.83,0.161,-0.108,0.032,-46.7,46.7,dash
1.83,0.161,-0.108,0.032,-46.7,46.7,dash
1.83,0.161,-0.108,0.032,-46.7,46.7,dash
1.83,0.161,-0.108,0.032,-46.7,46.7,dash
1.83,0.161,-0.108,0.032,-46.7,46.7,dash
1.83,0.161,-0.108,0.032,-46.7,46.7,dash
1.83,0.161,-0.108,0.032,-46.7,46.7,dash
1.83,0.161,-0.108,0.032,-46.7,46.7,dash
1.83,0.161,-0.108,0.032,-46.7,46.7,dash
1.83,0.161,-0.108,0.032,-46.7,46.7,dash
1.83,0.161,-0.107,0.032,-46.7,46.7,dash
1.83,0.161,-0.107,0.032,-46.7,46.7,dash
1.83,0.161,-0.107,0.032,-46.7,46.7,dash
1.83,0.161,-0.107,0.032,-46.7,46.7,dash
1.83,0.161,-0.107,0.032,-46.7,46.7,dash
1.83,0.161,-0.107,0.032,-46.7,46.7,dash
1.83,0.161,-0.107,0.032,-46.7,46.7,dash
1.83,0.161,-0.107,0.032,-46.7,46.7,dash
1.83,0.161,-0.107,0.032,-46.7,46.7,dash
1.83,0.161,-0.107,0.032,-46.7,46.7,dash
1.83,0.161,-0.107,0.032,-46.7,46.7,dash
1.83,0.161,-0.107,0.032,-46.7,46.7,dash
1.83,0.161,-0.107,0.032,-46.7,46.7,dash
1.84,0.161,-0.107,0.032,-46.7,46.7,dash
1.84,0.161,-0.107,0.032,-46.7,46.7,dash
1.84,0.161,-0.107,0.032,-46.7,46.7,dash
1.84,0.161,-0.107,0.032,-46.7,46.7,dash
1.84,0.161,-0.107,0.032,-46.7,46.7,dash
1.84,0.161,-0.107,0.032,-46.7,46.7,dash
1.84,0.161,-0.107,0.032,-46.7,46.7,dash
1.84,0.161,-0.107,0.032,-46.7,46.7,dash
1.84,0.161,-0.107,0.032,-46.7,46.7,dash
1.84,0.161,-0.107,0.032,-46.7,46.7,dash
1.84,0.161,-0.107,0.032,-46.7,46.7,dash
1.84,0.161,-0.107,0.032,-46.7,46.7,dash
1.84,0.161,-0.107,0.032,-46.7,46.7,dash
1.84,0.161,-0.107,0.032,-46.7,46.7,dash
1.84,0.161,-0.107,0.032,-46.7,46.7,dash
1.84,0.161,-0.107,0.032,-46.7,46.7,dash
1.84,0.161,-0.107,0.032,-46.7,46.7,dash
1.84,0.161,-0.107,0.032,-46.7,46.7,dash
1.84,0.161,-0.107,0.032,-46.7,46.7,dash
1.84,0.161,-0.107,0.032,-46.7,46.7,dash
1.84,0.161,-0.107,0.032,-46.7,46.7,dash
1.84,0.161,-0.107,0.032,-46.7,46.7,dash
1.84,0.161,-0.107,0.032,-46.7,46.7,dash
1.84,0.161,-0.107,0.032,-46.7,46.7,dash
1.84,0.161,-0.107,0.032,-46.7,46.7,dash
1.85,0.161,-0.107,0.032,-46.7,46.7,dash
1.85,0.161,-0.107,0.032,-46.7,46.7,dash
1.85,0.161,-0.107,0.032,-46.7,46.7,dash
1.85,0.161,-0.107,0.032,-46.7,46.7,dash
1.85,0.161,-0.107,0.032,-46.7,46.7,dash
1.85,0.161,-0.107,0.032,-46.7,46.7,dash
1.85,0.161,-0.107,0.032,-46.7,46.7,dash
1.85,0.161,-0.107,0.032,-46.7,46.7,dash
1.85,0.161,-0.107,0.032,-46.7,46.7,dash
1.85,0.161,-0.107,0.032,-46.7,46.7,dash
1.85,0.161,-0.107,0.032,-46.7,46.7,dash
1.85,0.161,-0.107,0.032,-46.7,46.7,dash
1.85,0.161,-0.107,0.032,-46.7,46.7,dash
1.85,0.161,-0.107,0.032,-46.7,46.7,dash
1.85,0.161,-0.107,0.032,-46.7,46.7,dash
1.85,0.161,-0.107,0.032,-46.7,46.7,dash
1.85,0.161,-0.107,0.032,-46.7,46.7,dash
1.85,0.161,-0.107,0.032,-46.7,46.7,dash
1.85,0.161,-0.107,0.032,-46.7,46.7,dash
1.85,0.161,-0.107,0.032,-46.7,46.7,dash
1.85,0.161,-0.107,0.032,-46.7,46.7,dash
1.85,0.161,-0.107,0.032,-46.7,46.7,dash
1.85,0.161,-0.107,0.032,-46.7,46.7,dash
1.85,0.161,-0.107,0.032,-46.7,46.7,dash
1.86,0.161,-0.107,0.032,-46.7,46.7,dash
1.86,0.161,-0.107,0.032,-46.7,46.7,dash
1.86,0.161,-0.107,0.032,-46.7,46.7,dash
1.86,0.161,-0.107,0.032,-46.7,46.7,dash
1.86,0.161,-0.107,0.032,-46.7,46.7,dash
1.86,0.161,-0.107,0.032,-46.7,46.7,dash
1.86,0.161,-0.107,0.032,-46.7,46.7,dash
1.86,0.161,-0.107,0.032,-46.7,46.7,dash
1.86,0.161,-0.107,0.032,-46.7,46.7,dash
1.86,0.161,-0.107,0.032,-46.7,46.7,dash
1.86,0.161,-0.107,0.032,-46.7,46.7,dash
1.86,0.161,-0.107,0.032,-46.7,46.7,dash
1.86,0.161,-0.107,0.032,-46.7,46.7,dash
1.86,0.161,-0.107,0.032,-46.7,46.7,dash
1.86,0.161,-0.107,0.032,-46.7,46.7,dash
1.86,0.161,-0.107,0.032,-46.7,46.7,dash
1.86,0.161,-0.107,0.032,-46.7,46.7,dash
1.86,0.161,-0.107,0.032,-46.7,46.7,dash
1.86,0.162,-0.107,0.032,-46.7,46.7,dash
1.86,0.161,-0.107,0.032,-46.7,46.7,dash
1.86,0.161,-0.107,0.032,-46.7,46.7,dash
1.86,0.162,-0.107,0.032,-46.7,46.7,dash
1.86,0.161,-0.107,0.032,-46.7,46.7,dash
1.86,0.161,-0.107,0.032,-46.7,46.7,dash
1.86,0.161,-0.107,0.032,-46.7,46.7,dash
1.87,0.161,-0.107,0.032,-46.7,46.7,dash
1.87,0.162,-0.107,0.032,-46.7,46.7,dash
1.87,0.161,-0.107,0.032,-46.7,46.7,dash
1.87,0.161,-0.107,0.032,-46.7,46.7,dash
1.87,0.161,-0.107,0.032,-46.7,46.7,dash
1.87,0.161,-0.107,0.032,-46.7,46.7,dash
1.87,0.161,-0.107,0.032,-46.7,46.7,dash
1.87,0.161,-0.107,0.032,-46.7,46.7,dash
1.87,0.162,-0.107,0.032,-46.7,46.7,dash
1.87,0.161,-0.107,0.032,-46.7,46.7,dash
1.87,0.161,-0.107,0.032,-46.7,46.7,dash
1.87,0.161,-0.107,0.032,-46.7,46.7,dash
1.87,0.161,-0.107,0.032,-46.7,46.7,dash
1.87,0.162,-0.107,0.032,-46.7,46.7,dash
1.87,0.161,-0.107,0.032,-46.7,46.7,dash
1.87,0.161,-0.107,0.032,-46.7,46.7,dash
1.87,0.161,-0.107,0.032,-46.7,46.7,dash
1.87,0.161,-0.107,0.032,-46.7,46.7,dash
1.87,0.162,-0.107,0.032,-46.7,46.7,dash
1.87,0.161,-0.107,0.032,-46.7,46.7,dash
1.87,0.161,-0.107,0.032,-46.7,46.7,dash
1.87,0.161,-0.107,0.032,-46.7,46.7,dash
1.87,0.161,-0.107,0.032,-46.7,46.7,dash
1.87,0.162,-0.107,0.032,-46.7,46.7,dash
1.88,0.162,-0.107,0.032,-46.7,46.7,dash
1.88,0.162,-0.107,0.032,-46.7,46.7,dash
1.88,0.162,-0.107,0.032,-46.7,46.7,dash
1.88,0.162,-0.107,0.032,-46.7,46.7,dash
1.88,0.162,-0.107,0.032,-46.7,46.7,dash
1.88,0.162,-0.107,0.032,-46.7,46.7,dash
1.88,0.162,-0.107,0.032,-46.7,46.7,dash
1.88,0.162,-0.107,0.032,-46.7,46.7,dash
1.88,0.162,-0.107,0.032,-46.7,46.7,dash
1.88,0.162,-0.107,0.032,-46.7,46.7,dash
1.88,0.162,-0.107,0.032,-46.7,46.7,dash
1.88,0.162,-0.107,0.032,-46.7,46.7,dash
1.88,0.162,-0.107,0.032,-46.7,46.7,dash
1.88,0.162,-0.107,0.032,-46.7,46.7,dash
1.88,0.162,-0.107,0.032,-46.7,46.7,dash
1.88,0.162,-0.107,0.032,-46.7,46.7,dash
1.88,0.162,-0.107,0.032,-46.7,46.7,dash
1.88,0.162,-0.107,0.032,-46.7,46.7,dash
1.88,0.162,-0.107,0.032,-46.7,46.7,dash
1.88,0.162,-0.107,0.032,-46.7,46.7,dash
1.88,0.162,-0.107,0.032,-46.7,46.7,dash
1.88,0.162,-0.107,0.032,-46.7,46.7,dash
1.88,0.162,-0.107,0.032,-46.7,46.7,dash
1.88,0.162,-0.107,0.032,-46.7,46.7,dash
1.88,0.162,-0.107,0.032,-46.7,46.7,dash
1.89,0.162,-0.107,0.032,-46.7,46.7,dash
1.89,0.162,-0.107,0.032,-46.7,46.7,dash
1.89,0.162,-0.107,0.032,-46.7,46.7,dash
1.89,0.162,-0.107,0.032,-46.7,46.7,dash
1.89,0.162,-0.107,0.032,-46.7,46.7,dash
1.89,0.162,-0.107,0.032,-46.7,46.7,dash
1.89,0.162,-0.107,0.032,-46.7,46.7,dash
1.89,0.162,-0.107,0.032,-46.7,46.7,dash
1.89,0.162,-0.107,0.032,-46.7,46.7,dash
1.89,0.162,-0.107,0.032,-46.7,46.7,dash
1.89,0.162,-0.107,0.032,-46.7,46.7,dash
1.89,0.162,-0.107,0.032,-46.7,46.7,dash
1.89,0.162,-0.107,0.032,-46.7,46.7,dash
1.89,0.162,-0.107,0.032,-46.7,46.7,dash
1.89,0.162,-0.107,0.032,-46.7,46.7,dash
1.89,0.162,-0.107,0.032,-46.7,46.7,dash
1.89,0.162,-0.107,0.032,-46.7,46.7,dash
1.89,0.162,-0.107,0.032,-46.7,46.7,dash
1.89,0.162,-0.107,0.032,-46.7,46.7,dash
1.89,0.162,-0.107,0.032,-46.7,46.7,dash
1.89,0.162,-0.107,0.032,-46.7,46.7,dash
1.89,0.162,-0.107,0.032,-46.7,46.7,dash
1.89,0.162,-0.107,0.032,-46.7,46.7,dash
1.89,0.162,-0.107,0.032,-46.7,46.7,dash
1.89,0.162,-0.107,0.032,-46.7,46.7,dash
1.90,0.162,-0.107,0.032,-46.7,46.7,dash
1.90,0.162,-0.107,0.032,-46.7,46.7,dash
1.90,0.162,-0.107,0.032,-46.7,46.7,dash
1.90,0.162,-0.107,0.032,-46.7,46.7,dash
1.90,0.162,-0.107,0.032,-46.7,46.7,dash
1.90,0.162,-0.107,0.032,-46.7,46.7,dash
1.90,0.162,-0.107,0.032,-46.7,46.7,dash
1.90,0.162,-0.107,0.032,-46.7,46.7,dash
1.90,0.162,-0.107,0.032,-46.7,46.7,dash
1.90,0.162,-0.107,0.032,-46.7,46.7,dash
1.90,0.162,-0.107,0.032,-46.7,46.7,dash
1.90,0.162,-0.107,0.032,-46.7,46.7,dash
1.90,0.162,-0.107,0.032,-46.7,46.7,dash
1.90,0.162,-0.107,0.032,-46.7,46.7,dash
1.90,0.162,-0.107,0.032,-46.7,46.7,dash
1.90,0.162,-0.107,0.032,-46.7,46.7,dash
1.90,0.162,-0.107,0.032,-46.7,46.7,dash
1.90,0.162,-0.107,0.032,-46.7,46.7,dash
1.90,0.162,-0.107,0.032,-46.7,46.7,dash
1.90,0.162,-0.107,0.032,-46.7,46.7,dash
1.90,0.162,-0.107,0.032,-46.7,46.7,dash
1.90,0.162,-0.107,0.032,-46.7,46.7,dash
1.90,0.162,-0.107,0.032,-46.7,46.7,dash
1.90,0.162,-0.107,0.032,-46.7,46.7,dash
1.90,0.162,-0.107,0.032,-46.7,46.7,dash
1.91,0.162,-0.107,0.032,-46.7,46.7,dash
1.91,0.162,-0.107,0.032,-46.7,46.7,dash
1.91,0.162,-0.107,0.032,-46.7,46.7,dash
1.91,0.162,-0.107,0.032,-46.7,46.7,dash
1.91,0.162,-0.107,0.032,-46.7,46.7,dash
1.91,0.162,-0.107,0.032,-46.7,46.7,dash
1.91,0.162,-0.107,0.032,-46.7,46.7,dash
1.91,0.162,-0.107,0.032,-46.7,46.7,dash
1.91,0.162,-0.107,0.032,-46.7,46.7,dash
1.91,0.162,-0.107,0.032,-46.7,46.7,dash
1.91,0.162,-0.107,0.032,-46.7,46.7,dash
1.91,0.162,-0.107,0.032,-46.7,46.7,dash
1.91,0.162,-0.107,0.032,-46.7,46.7,dash
1.91,0.162,-0.107,0.032,-46.7,46.7,dash
1.91,0.162,-0.107,0.032,-46.7,46.7,dash
1.91,0.162,-0.107,0.032,-46.7,46.7,dash
1.91,0.163,-0.107,0.032,-46.7,46.7,dash
1.91,0.162,-0.107,0.032,-46.7,46.7,dash
1.91,0.162,-0.107,0.032,-46.7,46.7,dash
1.91,0.162,-0.107,0.032,-46.7,46.7,dash
1.91,0.162,-0.107,0.032,-46.7,46.7,dash
1.91,0.163,-0.107,0.032,-46.7,46.7,dash
1.91,0.162,-0.107,0.032,-46.7,46.7,dash
1.91,0.162,-0.107,0.032,-46.7,46.7,dash
1.91,0.162,-0.107,0.032,-46.7,46.7,dash
1.92,0.162,-0.107,0.032,-46.7,46.7,dash
1.92,0.163,-0.107,0.032,-46.7,46.7,dash
1.92,0.162,-0.107,0.032,-46.7,46.7,dash
1.92,0.162,-0.107,0.032,-46.7,46.7,dash
1.92,0.162,-0.107,0.032,-46.7,46.7,dash
1.92,0.163,-0.107,0.032,-46.7,46.7,dash
1.92,0.162,-0.107,0.032,-46.7,46.7,dash
1.92,0.162,-0.107,0.032,-46.7,46.7,dash
1.92,0.162,-0.107,0.032,-46.7,46.7,dash
1.92,0.162,-0.107,0.032,-46.7,46.7,dash
1.92,0.162,-0.107,0.032,-46.7,46.7,dash
1.92,0.162,-0.107,0.032,-46.7,46.7,dash
1.92,0.162,-0.107,0.032,-46.7,46.7,dash
1.92,0.162,-0.107,0.032,-46.7,46.7,dash
1.92,0.162,-0.107,0.032,-46.7,46.7,dash
1.92,0.162,-0.107,0.032,-46.7,46.7,dash
1.92,0.162,-0.107,0.032,-46.7,46.7,dash
1.92,0.162,-0.107,0.032,-46.7,46.7,dash
1.92,0.163,-0.107,0.032,-46.7,46.7,dash
1.92,0.162,-0.107,0.032,-46.7,46.7,dash
1.92,0.162,-0.107,0.032,-46.7,46.7,dash
1.92,0.163,-0.107,0.032,-46.7,46.7,dash
1.92,0.162,-0.107,0.032,-46.7,46.7,dash
1.92,0.162,-0.107,0.032,-46.7,46.7,dash
1.92,0.162,-0.107,0.032,-46.7,46.7,dash
1.93,0.162,-0.107,0.032,-46.7,46.7,dash
1.93,0.163,-0.107,0.032,-46.7,46.7,dash
1.93,0.162,-0.107,0.032,-46.7,46.7,dash
1.93,0.162,-0.107,0.032,-46.7,46.7,dash
1.93,0.163,-0.107,0.032,-46.7,46.7,dash
1.93,0.163,-0.107,0.032,-46.7,46.7,dash
1.93,0.163,-0.107,0.032,-46.7,46.7,dash
1.93,0.163,-0.107,0.032,-46.7,46.7,dash
1.93,0.163,-0.107,0.032,-46.7,46.7,dash
1.93,0.163,-0.107,0.032,-46.7,46.7,dash
1.93,0.163,-0.107,0.032,-46.7,46.7,dash
1.93,0.163,-0.107,0.032,-46.7,46.7,dash
1.93,0.163,-0.107,0.032,-46.7,46.7,dash
1.93,0.163,-0.107,0.032,-46.7,46.7,dash
1.93,0.163,-0.107,0.032,-46.7,46.7,dash
1.93,0.163,-0.107,0.032,-46.7,46.7,dash
1.93,0.163,-0.107,0.032,-46.7,46.7,dash
1.93,0.163,-0.107,0.032,-46.7,46.7,dash
1.93,0.163,-0.107,0.032,-46.7,46.7,dash
1.93,0.163,-0.107,0.032,-46.7,46.7,dash
1.93,0.163,-0.107,0.032,-46.7,46.7,dash
1.93,0.163,-0.107,0.032,-46.7,46.7,dash
1.93,0.163,-0.107,0.032,-46.7,46.7,dash
1.93,0.163,-0.107,0.032,-46.7,46.7,dash
1.93,0.163,-0.107,0.032,-46.7,46.7,dash
1.93,0.163,-0.107,0.032,-46.7,46.7,dash
1.93,0.163,-0.107,0.032,-46.7,46.7,dash
1.94,0.163,-0.107,0.032,-46.7,46.7,dash
1.94,0.163,-0.108,0.032,-46.7,46.7,dash
1.94,0.163,-0.108,0.032,-46.7,46.7,dash
1.94,0.163,-0.108,0.032,-46.7,46.7,dash
1.94,0.163,-0.108,0.032,-46.7,46.7,dash
1.94,0.163,-0.108,0.032,-46.7,46.7,dash
1.94,0.163,-0.108,0.032,-46.7,46.7,dash
1.94,0.163,-0.108,0.032,-46.7,46.7,dash
1.94,0.163,-0.108,0.032,-46.7,46.7,dash
1.94,0.163,-0.108,0.032,-46.7,46.7,dash
1.94,0.163,-0.108,0.032,-46.7,46.7,dash
1.94,0.163,-0.108,0.032,-46.7,46.7,dash
1.94,0.163,-0.108,0.032,-46.7,46.7,dash
1.94,0.163,-0.108,0.032,-46.7,46.7,dash
1.94,0.163,-0.108,0.032,-46.7,46.7,dash
1.94,0.163,-0.108,0.032,-46.7,46.7,dash
1.94,0.163,-0.108,0.032,-46.7,46.7,dash
1.94,0.163,-0.108,0.032,-46.7,46.7,dash
1.94,0.163,-0.108,0.032,-46.7,46.7,dash
1.94,0.163,-0.108,0.032,-46.7,46.7,dash
1.94,0.163,-0.108,0.032,-46.7,46.7,dash
1.94,0.163,-0.108,0.032,-46.7,46.7,dash
1.94,0.163,-0.108,0.032,-46.7,46.7,dash
1.94,0.163,-0.108,0.032,-46.7,46.7,dash
1.95,0.163,-0.108,0.032,-46.7,46.7,dash
1.95,0.163,-0.108,0.032,-46.7,46.7,dash
1.95,0.163,-0.108,0.032,-46.7,46.7,dash
1.95,0.163,-0.108,0.032,-46.7,46.7,dash
1.95,0.163,-0.108,0.032,-46.7,46.7,dash
1.95,0.163,-0.108,0.032,-46.7,46.7,dash
1.95,0.163,-0.108,0.032,-46.7,46.7,dash
1.95,0.163,-0.108,0.032,-46.7,46.7,dash
1.95,0.163,-0.108,0.032,-46.7,46.7,dash
1.95,0.163,-0.108,0.032,-46.7,46.7,dash
1.95,0.163,-0.108,0.032,-46.7,46.7,dash
1.95,0.163,-0.108,0.032,-46.7,46.7,dash
1.95,0.163,-0.108,0.032,-46.7,46.7,dash
1.95,0.163,-0.108,0.032,-46.7,46.7,dash
1.95,0.163,-0.108,0.032,-46.7,46.7,dash
1.95,0.163,-0.108,0.032,-46.7,46.7,dash
1.95,0.163,-0.108,0.032,-46.7,46.7,dash
1.95,0.163,-0.108,0.032,-46.7,46.7,dash
1.95,0.163,-0.108,0.032,-46.7,46.7,dash
1.95,0.163,-0.108,0.032,-46.7,46.7,dash
1.95,0.163,-0.108,0.032,-46.7,46.7,dash
1.95,0.163,-0.108,0.032,-46.7,46.7,dash
1.95,0.163,-0.108,0.032,-46.7,46.7,dash
1.95,0.163,-0.108,0.032,-46.7,46.7,dash
1.95,0.163,-0.108,0.032,-46.7,46.7,dash
1.96,0.163,-0.108,0.032,-46.7,46.7,dash
1.96,0.163,-0.108,0.032,-46.7,46.7,dash
1.96,0.163,-0.108,0.032,-46.7,46.7,dash
1.96,0.163,-0.108,0.032,-46.7,46.7,dash
1.96,0.163,-0.108,0.032,-46.7,46.7,dash
1.96,0.163,-0.108,0.032,-46.7,46.7,dash
1.96,0.163,-0.108,0.032,-46.7,46.7,dash
1.96,0.163,-0.108,0.032,-46.7,46.7,dash
1.96,0.163,-0.108,0.032,-46.7,46.7,dash
1.96,0.163,-0.108,0.032,-46.7,46.7,dash
1.96,0.163,-0.108,0.032,-46.7,46.7,dash
1.96,0.163,-0.108,0.032,-46.7,46.7,dash
1.96,0.163,-0.108,0.032,-46.7,46.7,dash
1.96,0.163,-0.108,0.032,-46.7,46.7,dash
1.96,0.163,-0.108,0.032,-46.7,46.7,dash
1.96,0.163,-0.108,0.032,-46.7,46.7,dash
1.96,0.163,-0.108,0.032,-46.7,46.7,dash
1.96,0.163,-0.108,0.032,-46.7,46.7,dash
1.96,0.163,-0.108,0.032,-46.7,46.7,dash
1.96,0.163,-0.108,0.032,-46.7,46.7,dash
1.96,0.163,-0.108,0.032,-46.7,46.7,dash
1.96,0.164,-0.108,0.032,-46.7,46.7,dash
1.96,0.163,-0.108,0.032,-46.7,46.7,dash
1.96,0.163,-0.108,0.032,-46.7,46.7,dash
1.96,0.163,-0.108,0.032,-46.7,46.7,dash
1.97,0.163,-0.108,0.032,-46.7,46.7,dash
1.97,0.163,-0.108,0.032,-46.7,46.7,dash
1.97,0.163,-0.108,0.032,-46.7,46.7,dash
1.97,0.163,-0.108,0.032,-46.7,46.7,dash
1.97,0.163,-0.108,0.032,-46.7,46.7,dash
1.97,0.163,-0.108,0.032,-46.7,46.7,dash
1.97,0.163,-0.108,0.032,-46.7,46.7,dash
1.97,0.164,-0.108,0.032,-46.7,46.7,dash
1.97,0.163,-0.108,0.032,-46.7,46.7,dash
1.97,0.163,-0.108,0.032,-46.7,46.7,dash
1.97,0.164,-0.108,0.032,-46.7,46.7,dash
1.97,0.163,-0.108,0.032,-46.7,46.7,dash
1.97,0.163,-0.108,0.032,-46.7,46.7,dash
1.97,0.163,-0.108,0.032,-46.7,46.7,dash
1.97,0.163,-0.108,0.032,-46.7,46.7,dash
1.97,0.164,-0.108,0.032,-46.7,46.7,dash
1.97,0.163,-0.108,0.032,-46.7,46.7,dash
1.97,0.163,-0.108,0.032,-46.7,46.7,dash
1.97,0.164,-0.108,0.032,-46.7,46.7,dash
1.97,0.163,-0.108,0.032,-46.7,46.7,dash
1.97,0.164,-0.108,0.032,-46.7,46.7,dash
1.97,0.163,-0.108,0.032,-46.7,46.7,dash
1.97,0.164,-0.108,0.032,-46.7,46.7,dash
1.97,0.163,-0.108,0.032,-46.7,46.7,dash
1.97,0.164,-0.108,0.032,-46.7,46.7,dash
1.98,0.163,-0.108,0.032,-46.7,46.7,dash
1.98,0.163,-0.108,0.032,-46.7,46.7,dash
1.98,0.163,-0.108,0.032,-46.7,46.7,dash
1.98,0.163,-0.108,0.032,-46.7,46.7,dash
1.98,0.163,-0.108,0.032,-46.7,46.7,dash
1.98,0.163,-0.108,0.032,-46.7,46.7,dash
1.98,0.164,-0.108,0.032,-46.7,46.7,dash
1.98,0.163,-0.108,0.032,-46.7,46.7,dash
1.98,0.163,-0.108,0.032,-46.7,46.7,dash
1.98,0.163,-0.108,0.032,-46.7,46.7,dash
1.98,0.163,-0.108,0.032,-46.7,46.7,dash
1.98,0.164,-0.108,0.032,-46.7,46.7,dash
1.98,0.164,-0.108,0.032,-46.7,46.7,dash
1.98,0.164,-0.108,0.032,-46.7,46.7,dash
1.98,0.164,-0.108,0.032,-46.7,46.7,dash
1.98,0.164,-0.108,0.032,-46.7,46.7,dash
1.98,0.164,-0.108,0.032,-46.7,46.7,dash
1.98,0.164,-0.108,0.032,-46.7,46.7,dash
1.98,0.164,-0.108,0.032,-46.7,46.7,dash
1.98,0.164,-0.108,0.032,-46.7,46.7,dash
1.98,0.164,-0.108,0.032,-46.7,46.7,dash
1.98,0.164,-0.108,0.032,-46.7,46.7,dash
1.98,0.164,-0.108,0.032,-46.7,46.7,dash
1.98,0.164,-0.108,0.032,-46.7,46.7,dash
1.99,0.164,-0.108,0.032,-46.7,46.7,dash
1.99,0.164,-0.108,0.032,-46.7,46.7,dash
1.99,0.164,-0.108,0.032,-46.7,46.7,dash
1.99,0.164,-0.108,0.032,-46.7,46.7,dash
1.99,0.164,-0.108,0.032,-46.7,46.7,dash
1.99,0.164,-0.108,0.032,-46.7,46.7,dash
1.99,0.164,-0.108,0.032,-46.7,46.7,dash
1.99,0.164,-0.108,0.032,-46.7,46.7,dash
1.99,0.164,-0.108,0.032,-46.7,46.7,dash
1.99,0.164,-0.108,0.032,-46.7,46.7,dash
1.99,0.164,-0.108,0.032,-46.7,46.7,dash
1.99,0.164,-0.108,0.032,-46.7,46.7,dash
1.99,0.164,-0.108,0.032,-46.7,46.7,dash
1.99,0.164,-0.108,0.032,-46.7,46.7,dash
1.99,0.164,-0.108,0.032,-46.7,46.7,dash
1.99,0.164,-0.108,0.032,-46.7,46.7,dash
1.99,0.164,-0.108,0.032,-46.7,46.7,dash
1.99,0.164,-0.108,0.032,-46.7,46.7,dash
1.99,0.164,-0.108,0.032,-46.7,46.7,dash
1.99,0.164,-0.108,0.032,-46.7,46.7,dash
1.99,0.164,-0.108,0.032,-46.7,46.7,dash
1.99,0.164,-0.108,0.032,-46.7,46.7,dash
1.99,0.164,-0.108,0.032,-46.7,46.7,dash
2.00,0.164,-0.108,0.032,-46.7,46.7,dash
2.00,0.164,-0.108,0.032,-46.7,46.7,dash
2.00,0.164,-0.108,0.032,-46.7,46.7,dash
2.00,0.164,-0.108,0.032,-46.7,46.7,dash
2.00,0.164,-0.108,0.032,-46.7,46.7,dash
2.00,0.164,-0.108,0.032,-46.7,46.7,dash
2.00,0.164,-0.108,0.032,-46.7,46.7,dash
2.00,0.164,-0.108,0.032,-46.7,46.7,dash
2.00,0.164,-0.108,0.032,-46.7,46.7,dash
2.00,0.164,-0.108,0.032,-46.7,46.7,dash
2.00,0.164,-0.108,0.032,-46.7,46.7,dash
2.00,0.164,-0.108,0.032,-46.7,46.7,dash
2.00,0.164,-0.108,0.032,-46.7,46.7,dash
2.00,0.164,-0.108,0.032,-46.7,46.7,dash
2.00,0.164,-0.108,0.032,-46.7,46.7,dash
2.00,0.164,-0.108,0.032,-46.7,46.7,dash
2.00,0.164,-0.108,0.032,-46.7,46.7,dash
2.00,0.164,-0.108,0.032,-46.7,46.7,dash
2.00,0.164,-0.108,0.032,-46.7,46.7,dash
2.00,0.164,-0.108,0.032,-46.7,46.7,dash
2.00,0.164,-0.108,0.032,-46.7,46.7,dash
2.00,0.164,-0.108,0.032,-46.7,46.7,dash
2.00,0.164,-0.108,0.032,-46.7,46.7,dash
2.00,0.164,-0.108,0.032,-46.7,46.7,dash
2.00,0.164,-0.108,0.032,-46.7,46.7,dash
2.01,0.164,-0.108,0.032,-46.7,46.7,dash
2.01,0.164,-0.108,0.032,-46.7,46.7,dash
2.01,0.164,-0.108,0.032,-46.7,46.7,dash
2.01,0.164,-0.108,0.032,-46.7,46.7,dash
2.01,0.164,-0.108,0.032,-46.7,46.7,dash
2.01,0.164,-0.108,0.032,-46.7,46.7,dash
2.01,0.164,-0.108,0.032,-46.7,46.7,dash
2.01,0.164,-0.108,0.032,-46.7,46.7,dash
2.01,0.164,-0.108,0.032,-46.7,46.7,dash
2.01,0.164,-0.108,0.032,-46.7,46.7,dash
2.01,0.164,-0.108,0.032,-46.7,46.7,dash
2.01,0.164,-0.108,0.032,-46.7,46.7,dash
2.01,0.164,-0.108,0.032,-46.7,46.7,dash
2.01,0.164,-0.108,0.032,-46.7,46.7,dash
2.01,0.164,-0.108,0.032,-46.7,46.7,dash
2.01,0.164,-0.108,0.032,-46.7,46.7,dash
2.01,0.164,-0.108,0.032,-46.7,46.7,dash
2.01,0.164,-0.108,0.032,-46.7,46.7,dash
2.01,0.164,-0.108,0.032,-46.7,46.7,dash
2.01,0.164,-0.108,0.032,-46.7,46.7,dash
2.01,0.164,-0.108,0.032,-46.7,46.7,dash
2.01,0.164,-0.108,0.032,-46.7,46.7,dash
2.01,0.164,-0.108,0.032,-46.7,46.7,dash
2.01,0.164,-0.108,0.032,-46.7,46.7,dash
2.01,0.164,-0.108,0.032,-46.7,46.7,dash
2.01,0.164,-0.108,0.032,-46.7,46.7,dash
2.02,0.164,-0.108,0.032,-46.7,46.7,dash
2.02,0.164,-0.108,0.032,-46.7,46.7,dash
2.02,0.164,-0.108,0.032,-46.7,46.7,dash
2.02,0.164,-0.108,0.032,-46.7,46.7,dash
2.02,0.165,-0.108,0.032,-46.7,46.7,dash
2.02,0.164,-0.108,0.032,-46.7,46.7,dash
2.02,0.165,-0.108,0.032,-46.7,46.7,dash
2.02,0.164,-0.108,0.032,-46.7,46.7,dash
2.02,0.164,-0.108,0.032,-46.7,46.7,dash
2.02,0.164,-0.108,0.032,-46.7,46.7,dash
2.02,0.164,-0.108,0.032,-46.7,46.7,dash
2.02,0.165,-0.108,0.032,-46.7,46.7,dash
2.02,0.164,-0.108,0.032,-46.7,46.7,dash
2.02,0.164,-0.108,0.032,-46.7,46.7,dash
2.02,0.164,-0.108,0.032,-46.7,46.7,dash
2.02,0.164,-0.108,0.032,-46.7,46.7,dash
2.02,0.165,-0.108,0.032,-46.7,46.7,dash
2.02,0.164,-0.108,0.032,-46.7,46.7,dash
2.02,0.164,-0.108,0.032,-46.7,46.7,dash
2.02,0.164,-0.108,0.032,-46.7,46.7,dash
2.02,0.164,-0.108,0.032,-46.7,46.7,dash
2.02,0.165,-0.108,0.032,-46.7,46.7,dash
2.02,0.164,-0.108,0.032,-46.7,46.7,dash
2.02,0.164,-0.108,0.032,-46.7,46.7,dash
2.02,0.164,-0.108,0.032,-46.7,46.7,dash
2.03,0.164,-0.108,0.032,-46.7,46.7,dash
2.03,0.165,-0.108,0.032,-46.7,46.7,dash
2.03,0.164,-0.108,0.032,-46.7,46.7,dash
2.03,0.164,-0.108,0.032,-46.7,46.7,dash
2.03,0.165,-0.108,0.032,-46.7,46.7,dash
2.03,0.164,-0.108,0.032,-46.7,46.7,dash
2.03,0.164,-0.108,0.032,-46.7,46.7,dash
2.03,0.164,-0.108,0.032,-46.7,46.7,dash
2.03,0.164,-0.108,0.032,-46.7,46.7,dash
2.03,0.165,-0.108,0.032,-46.7,46.7,dash
2.03,0.164,-0.108,0.032,-46.7,46.7,dash
2.03,0.164,-0.108,0.032,-46.7,46.7,dash
2.03,0.164,-0.108,0.032,-46.7,46.7,dash
2.03,0.164,-0.108,0.032,-46.7,46.7,dash
2.03,0.164,-0.108,0.032,-46.7,46.7,dash
2.03,0.164,-0.108,0.032,-46.7,46.7,dash
2.03,0.164,-0.108,0.032,-46.7,46.7,dash
2.03,0.165,-0.108,0.032,-46.7,46.7,dash
2.03,0.165,-0.108,0.032,-46.7,46.7,dash
2.03,0.165,-0.108,0.032,-46.7,46.7,dash
2.03,0.165,-0.108,0.032,-46.7,46.7,dash
2.03,0.165,-0.108,0.032,-46.7,46.7,dash
2.03,0.165,-0.108,0.032,-46.7,46.7,dash
2.03,0.165,-0.108,0.032,-46.7,46.7,dash
2.03,0.165,-0.108,0.032,-46.7,46.7,dash
2.03,0.165,-0.108,0.032,-46.7,46.7,dash
2.04,0.165,-0.108,0.032,-46.7,46.7,dash
2.04,0.165,-0.108,0.032,-46.7,46.7,dash
2.04,0.165,-0.108,0.032,-46.7,46.7,dash
2.04,0.165,-0.108,0.032,-46.7,46.7,dash
2.04,0.165,-0.108,0.032,-46.7,46.7,dash
2.04,0.165,-0.108,0.032,-46.7,46.7,dash
2.04,0.165,-0.108,0.032,-46.7,46.7,dash
2.04,0.165,-0.108,0.032,-46.7,46.7,dash
2.04,0.165,-0.108,0.032,-46.7,46.7,dash
2.04,0.165,-0.108,0.032,-46.7,46.7,dash
2.04,0.165,-0.108,0.032,-46.7,46.7,dash
2.04,0.165,-0.108,0.032,-46.7,46.7,dash
2.04,0.165,-0.108,0.032,-46.7,46.7,dash
2.04,0.165,-0.108,0.032,-46.7,46.7,dash
2.04,0.165,-0.108,0.032,-46.7,46.7,dash
2.04,0.165,-0.108,0.032,-46.7,46.7,dash
2.04,0.165,-0.108,0.032,-46.7,46.7,dash
2.04,0.165,-0.108,0.032,-46.7,46.7,dash
2.04,0.165,-0.108,0.032,-46.7,46.7,dash
2.04,0.165,-0.108,0.032,-46.7,46.7,dash
2.04,0.165,-0.108,0.032,-46.7,46.7,dash
2.04,0.165,-0.108,0.032,-46.7,46.7,dash
2.04,0.165,-0.108,0.032,-46.7,46.7,dash
2.04,0.165,-0.108,0.032,-46.7,46.7,dash
2.04,0.165,-0.108,0.032,-46.7,46.7,dash
2.04,0.165,-0.108,0.032,-46.7,46.7,dash
2.05,0.165,-0.108,0.032,-46.7,46.7,dash
2.05,0.165,-0.108,0.032,-46.7,46.7,dash
2.05,0.165,-0.108,0.032,-46.7,46.7,dash
2.05,0.165,-0.108,0.032,-46.7,46.7,dash
2.05,0.165,-0.108,0.032,-46.7,46.7,dash
2.05,0.165,-0.108,0.032,-46.7,46.7,dash
2.05,0.165,-0.108,0.032,-46.7,46.7,dash
2.05,0.165,-0.108,0.032,-46.7,46.7,dash
2.05,0.165,-0.108,0.032,-46.7,46.7,dash
2.05,0.165,-0.108,0.032,-46.7,46.7,dash
2.05,0.165,-0.108,0.032,-46.7,46.7,dash
2.05,0.165,-0.108,0.032,-46.7,46.7,dash
2.05,0.165,-0.108,0.032,-46.7,46.7,dash
2.05,0.165,-0.108,0.032,-46.7,46.7,dash
2.05,0.165,-0.108,0.032,-46.7,46.7,dash
2.05,0.165,-0.108,0.032,-46.7,46.7,dash
2.05,0.165,-0.108,0.032,-46.7,46.7,dash
2.05,0.165,-0.108,0.032,-46.7,46.7,dash
2.05,0.165,-0.108,0.032,-46.7,46.7,dash
2.05,0.165,-0.108,0.032,-46.7,46.7,dash
2.05,0.165,-0.108,0.032,-46.7,46.7,dash
2.05,0.165,-0.108,0.032,-46.7,46.7,dash
2.05,0.165,-0.108,0.032,-46.7,46.7,dash
2.05,0.165,-0.108,0.032,-46.7,46.7,dash
2.05,0.165,-0.108,0.032,-46.7,46.7,dash
2.05,0.165,-0.108,0.032,-46.7,46.7,dash
2.05,0.165,-0.108,0.032,-46.7,46.7,dash
2.06,0.165,-0.108,0.032,-46.7,46.7,dash
2.06,0.165,-0.108,0.032,-46.7,46.7,dash
2.06,0.165,-0.108,0.032,-46.7,46.7,dash
2.06,0.165,-0.108,0.032,-46.7,46.7,dash
2.06,0.165,-0.108,0.032,-46.7,46.7,dash
2.06,0.165,-0.108,0.032,-46.7,46.7,dash
2.06,0.165,-0.108,0.032,-46.7,46.7,dash
2.06,0.165,-0.108,0.032,-46.7,46.7,dash
2.06,0.165,-0.108,0.032,-46.7,46.7,dash
2.06,0.165,-0.108,0.032,-46.7,46.7,dash
2.06,0.165,-0.108,0.032,-46.7,46.7,dash
2.06,0.165,-0.108,0.032,-46.7,46.7,dash
2.06,0.165,-0.108,0.032,-46.7,46.7,dash
2.06,0.165,-0.108,0.032,-46.7,46.7,dash
2.06,0.165,-0.108,0.032,-46.7,46.7,dash
2.06,0.165,-0.108,0.032,-46.7,46.7,dash
2.06,0.165,-0.108,0.032,-46.7,46.7,dash
2.06,0.165,-0.108,0.032,-46.7,46.7,dash
2.06,0.165,-0.108,0.032,-46.7,46.7,dash
2.06,0.165,-0.108,0.032,-46.7,46.7,dash
2.06,0.165,-0.108,0.032,-46.7,46.7,dash
2.06,0.165,-0.108,0.032,-46.7,46.7,dash
2.06,0.165,-0.108,0.032,-46.7,46.7,dash
2.06,0.165,-0.108,0.032,-46.7,46.7,dash
2.06,0.165,-0.108,0.032,-46.7,46.7,dash
2.06,0.165,-0.108,0.032,-46.7,46.7,dash
2.07,0.165,-0.108,0.032,-46.7,46.7,dash
2.07,0.165,-0.108,0.032,-46.7,46.7,dash
2.07,0.165,-0.108,0.032,-46.7,46.7,dash
2.07,0.165,-0.108,0.032,-46.7,46.7,dash
2.07,0.165,-0.108,0.032,-46.7,46.7,dash
2.07,0.165,-0.108,0.032,-46.7,46.7,dash
2.07,0.165,-0.108,0.032,-46.7,46.7,dash
2.07,0.165,-0.108,0.032,-46.7,46.7,dash
2.07,0.165,-0.108,0.032,-46.7,46.7,dash
2.07,0.165,-0.108,0.032,-46.7,46.7,dash
2.07,0.165,-0.108,0.032,-46.7,46.7,dash
2.07,0.165,-0.108,0.032,-46.7,46.7,dash
2.07,0.165,-0.108,0.032,-46.7,46.7,dash
2.07,0.165,-0.108,0.032,-46.7,46.7,dash
2.07,0.165,-0.108,0.032,-46.7,46.7,dash
2.07,0.166,-0.108,0.032,-46.7,46.7,dash
2.07,0.165,-0.108,0.032,-46.7,46.7,dash
2.07,0.165,-0.108,0.032,-46.7,46.7,dash
2.07,0.165,-0.108,0.032,-46.7,46.7,dash
2.07,0.165,-0.108,0.032,-46.7,46.7,dash
2.07,0.166,-0.108,0.032,-46.7,46.7,dash
2.07,0.165,-0.108,0.032,-46.7,46.7,dash
2.07,0.165,-0.108,0.032,-46.7,46.7,dash
2.07,0.165,-0.108,0.032,-46.7,46.7,dash
2.07,0.165,-0.108,0.032,-46.7,46.7,dash
2.07,0.165,-0.108,0.032,-46.7,46.7,dash
2.08,0.165,-0.108,0.032,-46.7,46.7,dash
2.08,0.165,-0.108,0.032,-46.7,46.7,dash
2.08,0.165,-0.108,0.032,-46.7,46.7,dash
2.08,0.165,-0.108,0.032,-46.7,46.7,dash
2.08,0.165,-0.108,0.032,-46.7,46.7,dash
2.08,0.165,-0.108,0.032,-46.7,46.7,dash
2.08,0.165,-0.108,0.032,-46.7,46.7,dash
2.08,0.166,-0.108,0.032,-46.7,46.7,dash
2.08,0.165,-0.108,0.032,-46.7,46.7,dash
2.08,0.165,-0.108,0.032,-46.7,46.7,dash
2.08,0.165,-0.108,0.032,-46.7,46.7,dash
2.08,0.165,-0.108,0.032,-46.7,46.7,dash
2.08,0.165,-0.108,0.032,-46.7,46.7,dash
2.08,0.165,-0.108,0.032,-46.7,46.7,dash
2.08,0.165,-0.108,0.032,-46.7,46.7,dash
2.08,0.165,-0.108,0.032,-46.7,46.7,dash
2.08,0.165,-0.108,0.032,-46.7,46.7,dash
2.08,0.165,-0.108,0.032,-46.7,46.7,dash
2.08,0.166,-0.108,0.032,-46.7,46.7,dash
2.08,0.165,-0.108,0.032,-46.7,46.7,dash
2.08,0.165,-0.108,0.032,-46.7,46.7,dash
2.08,0.165,-0.108,0.032,-46.7,46.7,dash
2.08,0.165,-0.108,0.032,-46.7,46.7,dash
2.08,0.166,-0.108,0.032,-46.7,46.7,dash
2.08,0.165,-0.108,0.032,-46.7,46.7,dash
2.08,0.165,-0.108,0.032,-46.7,46.7,dash
2.08,0.166,-0.108,0.032,-46.7,46.7,dash
2.09,0.166,-0.108,0.032,-46.7,46.7,dash
2.09,0.166,-0.108,0.032,-46.7,46.7,dash
2.09,0.166,-0.108,0.032,-46.7,46.7,dash
2.09,0.166,-0.108,0.032,-46.7,46.7,dash
2.09,0.166,-0.108,0.032,-46.7,46.7,dash
2.09,0.166,-0.108,0.032,-46.7,46.7,dash
2.09,0.166,-0.108,0.032,-46.7,46.7,dash
2.09,0.166,-0.108,0.032,-46.7,46.7,dash
2.09,0.166,-0.108,0.032,-46.7,46.7,dash
2.09,0.166,-0.108,0.032,-46.7,46.7,dash
2.09,0.166,-0.108,0.032,-46.7,46.7,dash
2.09,0.166,-0.108,0.032,-46.7,46.7,dash
2.09,0.166,-0.108,0.032,-46.7,46.7,dash
2.09,0.166,-0.108,0.032,-46.7,46.7,dash
2.09,0.166,-0.108,0.032,-46.7,46.7,dash
2.09,0.166,-0.108,0.032,-46.7,46.7,dash
2.09,0.166,-0.108,0.032,-46.7,46.7,dash
2.09,0.166,-0.108,0.032,-46.7,46.7,dash
2.09,0.166,-0.108,0.032,-46.7,46.7,dash
2.09,0.166,-0.108,0.032,-46.7,46.7,dash
2.09,0.166,-0.108,0.032,-46.7,46.7,dash
2.09,0.166,-0.108,0.032,-46.7,46.7,dash
2.09,0.166,-0.108,0.032,-46.7,46.7,dash
2.09,0.166,-0.108,0.032,-46.7,46.7,dash
2.09,0.166,-0.108,0.032,-46.7,46.7,dash
2.09,0.166,-0.108,0.032,-46.7,46.7,dash
2.09,0.166,-0.108,0.032,-46.7,46.7,dash
2.10,0.166,-0.108,0.032,-46.7,46.7,dash
2.10,0.166,-0.108,0.032,-46.7,46.7,dash
2.10,0.166,-0.108,0.032,-46.7,46.7,dash
2.10,0.166,-0.108,0.032,-46.7,46.7,dash
2.10,0.166,-0.108,0.032,-46.7,46.7,dash
2.10,0.166,-0.108,0.032,-46.7,46.7,dash
2.10,0.166,-0.108,0.032,-46.7,46.7,dash
2.10,0.166,-0.108,0.032,-46.7,46.7,dash
2.10,0.166,-0.108,0.032,-46.7,46.7,dash
2.10,0.166,-0.108,0.032,-46.7,46.7,dash
2.10,0.166,-0.108,0.032,-46.7,46.7,dash
2.10,0.166,-0.108,0.032,-46.7,46.7,dash
2.10,0.166,-0.108,0.032,-46.7,46.7,dash
2.10,0.166,-0.108,0.032,-46.7,46.7,dash
2.10,0.166,-0.108,0.032,-46.7,46.7,dash
2.10,0.166,-0.108,0.032,-46.7,46.7,dash
2.10,0.166,-0.108,0.032,-46.7,46.7,dash
2.10,0.166,-0.108,0.032,-46.7,46.7,dash
2.10,0.166,-0.108,0.032,-46.7,46.7,dash
2.10,0.166,-0.108,0.032,-46.7,46.7,dash
2.10,0.166,-0.108,0.032,-46.7,46.7,dash
2.10,0.166,-0.108,0.032,-46.7,46.7,dash
2.10,0.166,-0.108,0.032,-46.7,46.7,dash
2.10,0.166,-0.108,0.032,-46.7,46.7,dash
2.11,0.166,-0.108,0.032,-46.7,46.7,dash
2.11,0.166,-0.108,0.032,-46.7,46.7,dash
2.11,0.166,-0.108,0.032,-46.7,46.7,dash
2.11,0.166,-0.108,0.032,-46.7,46.7,dash
2.11,0.166,-0.108,0.032,-46.7,46.7,dash
2.11,0.166,-0.108,0.032,-46.7,46.7,dash
2.11,0.166,-0.108,0.032,-46.7,46.7,dash
2.11,0.166,-0.108,0.032,-46.7,46.7,dash
2.11,0.166,-0.108,0.032,-46.7,46.7,dash
2.11,0.166,-0.108,0.032,-46.7,46.7,dash
2.11,0.166,-0.108,0.032,-46.7,46.7,dash
2.11,0.166,-0.108,0.032,-46.7,46.7,dash
2.11,0.166,-0.108,0.032,-46.7,46.7,dash
2.11,0.166,-0.108,0.032,-46.7,46.7,dash
2.11,0.166,-0.108,0.032,-46.7,46.7,dash
2.11,0.166,-0.108,0.032,-46.7,46.7,dash
2.11,0.166,-0.108,0.032,-46.7,46.7,dash
2.11,0.166,-0.108,0.032,-46.7,46.7,dash
2.11,0.166,-0.108,0.032,-46.7,46.7,dash
2.11,0.166,-0.108,0.032,-46.7,46.7,dash
2.11,0.166,-0.108,0.032,-46.7,46.7,dash
2.11,0.166,-0.108,0.032,-46.7,46.7,dash
2.11,0.166,-0.108,0.032,-46.7,46.7,dash
2.11,0.166,-0.108,0.032,-46.7,46.7,dash
2.11,0.166,-0.108,0.032,-46.7,46.7,dash
2.11,0.166,-0.108,0.032,-46.7,46.7,dash
2.12,0.166,-0.108,0.032,-46.7,46.7,dash
2.12,0.166,-0.108,0.032,-46.7,46.7,dash
2.12,0.166,-0.108,0.032,-46.7,46.7,dash
2.12,0.166,-0.108,0.032,-46.7,46.7,dash
2.12,0.166,-0.108,0.032,-46.7,46.7,dash
2.12,0.166,-0.108,0.032,-46.7,46.7,dash
2.12,0.166,-0.108,0.032,-46.7,46.7,dash
2.12,0.166,-0.108,0.032,-46.7,46.7,dash
2.12,0.166,-0.108,0.032,-46.7,46.7,dash
2.12,0.166,-0.108,0.032,-46.7,46.7,dash
2.12,0.166,-0.108,0.032,-46.7,46.7,dash
2.12,0.166,-0.108,0.032,-46.7,46.7,dash
2.12,0.166,-0.108,0.032,-46.7,46.7,dash
2.12,0.166,-0.108,0.032,-46.7,46.7,dash
2.12,0.166,-0.108,0.032,-46.7,46.7,dash
2.12,0.166,-0.108,0.032,-46.7,46.7,dash
2.12,0.166,-0.108,0.032,-46.7,46.7,dash
2.12,0.166,-0.108,0.032,-46.7,46.7,dash
2.12,0.166,-0.108,0.032,-46.7,46.7,dash
2.12,0.166,-0.108,0.032,-46.7,46.7,dash
2.12,0.167,-0.108,0.032,-46.7,46.7,dash
2.12,0.166,-0.108,0.032,-46.7,46.7,dash
2.12,0.166,-0.108,0.032,-46.7,46.7,dash
2.12,0.166,-0.108,0.032,-46.7,46.7,dash
2.12,0.166,-0.108,0.032,-46.7,46.7,dash
2.12,0.166,-0.108,0.032,-46.7,46.7,dash
2.12,0.166,-0.108,0.032,-46.7,46.7,dash
2.13,0.166,-0.108,0.032,-46.7,46.7,dash
2.13,0.166,-0.108,0.032,-46.7,46.7,dash
2.13,0.166,-0.108,0.032,-46.7,46.7,dash
2.13,0.166,-0.108,0.032,-46.7,46.7,dash
2.13,0.166,-0.108,0.032,-46.7,46.7,dash
2.13,0.166,-0.108,0.032,-46.7,46.7,dash
2.13,0.167,-0.108,0.032,-46.7,46.7,dash
2.13,0.166,-0.108,0.032,-46.7,46.7,dash
2.13,0.166,-0.108,0.032,-46.7,46.7,dash
2.13,0.167,-0.108,0.032,-46.7,46.7,dash
2.13,0.166,-0.108,0.032,-46.7,46.7,dash
2.13,0.166,-0.108,0.032,-46.7,46.7,dash
2.13,0.166,-0.108,0.032,-46.7,46.7,dash
2.13,0.166,-0.108,0.032,-46.7,46.7,dash
2.13,0.167,-0.108,0.032,-46.7,46.7,dash
2.13,0.166,-0.108,0.032,-46.7,46.7,dash
2.13,0.167,-0.108,0.032,-46.7,46.7,dash
2.13,0.166,-0.108,0.032,-46.7,46.7,dash
2.13,0.166,-0.108,0.032,-46.7,46.7,dash
2.13,0.167,-0.108,0.032,-46.7,46.7,dash
2.13,0.166,-0.108,0.032,-46.7,46.7,dash
2.13,0.166,-0.108,0.032,-46.7,46.7,dash
2.13,0.166,-0.108,0.032,-46.7,46.7,dash
2.13,0.166,-0.108,0.032,-46.7,46.7,dash
2.13,0.166,-0.108,0.032,-46.7,46.7,dash
2.13,0.166,-0.108,0.032,-46.7,46.7,dash
2.14,0.166,-0.108,0.032,-46.7,46.7,dash
2.14,0.166,-0.108,0.032,-46.7,46.7,dash
2.14,0.166,-0.108,0.032,-46.7,46.7,dash
2.14,0.166,-0.108,0.032,-46.7,46.7,dash
2.14,0.166,-0.108,0.032,-46.7,46.7,dash
2.14,0.166,-0.108,0.032,-46.7,46.7,dash
2.14,0.167,-0.108,0.032,-46.7,46.7,dash
2.14,0.167,-0.108,0.032,-46.7,46.7,dash
2.14,0.167,-0.108,0.032,-46.7,46.7,dash
2.14,0.167,-0.108,0.032,-46.7,46.7,dash
2.14,0.167,-0.108,0.032,-46.7,46.7,dash
2.14,0.167,-0.108,0.032,-46.7,46.7,dash
2.14,0.167,-0.108,0.032,-46.7,46.7,dash
2.14,0.167,-0.108,0.032,-46.7,46.7,dash
2.14,0.167,-0.108,0.032,-46.7,46.7,dash
2.14,0.167,-0.108,0.032,-46.7,46.7,dash
2.14,0.167,-0.108,0.032,-46.7,46.7,dash
2.14,0.167,-0.108,0.032,-46.7,46.7,dash
2.14,0.167,-0.108,0.032,-46.7,46.7,dash
2.14,0.167,-0.108,0.032,-46.7,46.7,dash
2.14,0.167,-0.108,0.032,-46.7,46.7,dash
2.14,0.167,-0.108,0.032,-46.7,46.7,dash
2.14,0.167,-0.108,0.032,-46.7,46.7,dash
2.14,0.167,-0.108,0.032,-46.7,46.7,dash
2.15,0.167,-0.108,0.032,-46.7,46.7,dash
2.15,0.167,-0.108,0.032,-46.7,46.7,dash
2.15,0.167,-0.108,0.032,-46.7,46.7,dash
2.15,0.167,-0.108,0.032,-46.7,46.7,dash
2.15,0.167,-0.108,0.032,-46.7,46.7,dash
2.15,0.167,-0.108,0.032,-46.7,46.7,dash
2.15,0.167,-0.108,0.032,-46.7,46.7,dash
2.15,0.167,-0.108,0.032,-46.7,46.7,dash
2.15,0.167,-0.108,0.032,-46.7,46.7,dash
2.15,0.167,-0.108,0.032,-46.7,46.7,dash
2.15,0.167,-0.108,0.032,-46.7,46.7,dash
2.15,0.167,-0.108,0.032,-46.7,46.7,dash
2.15,0.167,-0.108,0.032,-46.7,46.7,dash
2.15,0.167,-0.108,0.032,-46.7,46.7,dash
2.15,0.167,-0.108,0.032,-46.7,46.7,dash
2.15,0.167,-0.108,0.032,-46.7,46.7,dash
2.15,0.167,-0.108,0.032,-46.7,46.7,dash
2.15,0.167,-0.108,0.032,-46.7,46.7,dash
2.15,0.167,-0.108,0.032,-46.7,46.7,dash
2.15,0.167,-0.108,0.032,-46.7,46.7,dash
2.15,0.167,-0.108,0.032,-46.7,46.7,dash
2.15,0.167,-0.108,0.032,-46.7,46.7,dash
2.15,0.167,-0.108,0.032,-46.7,46.7,dash
2.15,0.167,-0.108,0.032,-46.7,46.7,dash
2.16,0.167,-0.108,0.032,-46.7,46.7,dash
2.16,0.167,-0.108,0.032,-46.7,46.7,dash
2.16,0.167,-0.108,0.032,-46.7,46.7,dash
2.16,0.167,-0.108,0.032,-46.7,46.7,dash
2.16,0.167,-0.108,0.032,-46.7,46.7,dash
2.16,0.167,-0.108,0.032,-46.7,46.7,dash
2.16,0.167,-0.108,0.032,-46.7,46.7,dash
2.16,0.167,-0.108,0.032,-46.7,46.7,dash
2.16,0.167,-0.108,0.032,-46.7,46.7,dash
2.16,0.167,-0.108,0.032,-46.7,46.7,dash
2.16,0.167,-0.108,0.032,-46.7,46.7,dash
2.16,0.167,-0.108,0.032,-46.7,46.7,dash
2.16,0.167,-0.108,0.032,-46.7,46.7,dash
2.16,0.167,-0.108,0.032,-46.7,46.7,dash
2.16,0.167,-0.108,0.032,-46.7,46.7,dash
2.16,0.167,-0.108,0.032,-46.7,46.7,dash
2.16,0.167,-0.108,0.032,-46.7,46.7,dash
2.16,0.167,-0.108,0.032,-46.7,46.7,dash
2.16,0.167,-0.108,0.032,-46.7,46.7,dash
2.16,0.167,-0.108,0.032,-46.7,46.7,dash
2.16,0.167,-0.108,0.032,-46.7,46.7,dash
2.16,0.167,-0.108,0.032,-46.7,46.7,dash
2.16,0.167,-0.108,0.032,-46.7,46.7,dash
2.16,0.167,-0.108,0.032,-46.7,46.7,dash
2.16,0.167,-0.108,0.032,-46.7,46.7,dash
2.17,0.167,-0.108,0.032,-46.7,46.7,dash
2.17,0.167,-0.108,0.032,-46.7,46.7,dash
2.17,0.167,-0.108,0.032,-46.7,46.7,dash
2.17,0.167,-0.108,0.032,-46.7,46.7,dash
2.17,0.167,-0.108,0.032,-46.7,46.7,dash
2.17,0.167,-0.108,0.032,-46.7,46.7,dash
2.17,0.167,-0.108,0.032,-46.7,46.7,dash
2.17,0.167,-0.108,0.032,-46.7,46.7,dash
2.17,0.167,-0.108,0.032,-46.7,46.7,dash
2.17,0.167,-0.108,0.032,-46.7,46.7,dash
2.17,0.167,-0.108,0.032,-46.7,46.7,dash
2.17,0.167,-0.108,0.032,-46.7,46.7,dash
2.17,0.167,-0.108,0.032,-46.7,46.7,dash
2.17,0.167,-0.108,0.032,-46.7,46.7,dash
2.17,0.167,-0.108,0.032,-46.7,46.7,dash
2.17,0.167,-0.108,0.032,-46.7,46.7,dash
2.17,0.167,-0.108,0.032,-46.7,46.7,dash
2.17,0.167,-0.108,0.032,-46.7,46.7,dash
2.17,0.167,-0.108,0.032,-46.7,46.7,dash
2.17,0.167,-0.108,0.032,-46.7,46.7,dash
2.17,0.167,-0.108,0.032,-46.7,46.7,dash
2.17,0.167,-0.108,0.032,-46.7,46.7,dash
2.17,0.168,-0.108,0.032,-46.7,46.7,dash
2.17,0.167,-0.108,0.032,-46.7,46.7,dash
2.17,0.167,-0.108,0.032,-46.7,46.7,dash
2.17,0.167,-0.108,0.032,-46.7,46.7,dash
2.18,0.167,-0.108,0.032,-46.7,46.7,dash
2.18,0.167,-0.108,0.032,-46.7,46.7,dash
2.18,0.167,-0.108,0.032,-46.7,46.7,dash
2.18,0.168,-0.108,0.032,-46.7,46.7,dash
2.18,0.167,-0.108,0.032,-46.7,46.7,dash
2.18,0.167,-0.108,0.032,-46.7,46.7,dash
2.18,0.168,-0.108,0.032,-46.7,46.7,dash
2.18,0.167,-0.108,0.032,-46.7,46.7,dash
2.18,0.168,-0.108,0.032,-46.7,46.7,dash
2.18,0.167,-0.108,0.032,-46.7,46.7,dash
2.18,0.167,-0.108,0.032,-46.7,46.7,dash
2.18,0.167,-0.108,0.032,-46.7,46.7,dash
2.18,0.167,-0.108,0.032,-46.7,46.7,dash
2.18,0.167,-0.108,0.032,-46.7,46.7,dash
2.18,0.167,-0.108,0.032,-46.7,46.7,dash
2.18,0.167,-0.108,0.032,-46.7,46.7,dash
2.18,0.168,-0.108,0.032,-46.7,46.7,dash
2.18,0.167,-0.108,0.032,-46.7,46.7,dash
2.18,0.167,-0.108,0.032,-46.7,46.7,dash
2.18,0.167,-0.108,0.032,-46.7,46.7,dash
2.18,0.167,-0.108,0.032,-46.7,46.7,dash
2.18,0.168,-0.108,0.032,-46.7,46.7,dash
2.18,0.167,-0.108,0.032,-46.7,46.7,dash
2.18,0.167,-0.108,0.032,-46.7,46.7,dash
2.18,0.167,-0.108,0.032,-46.7,46.7,dash
2.19,0.167,-0.108,0.032,-46.7,46.7,dash
2.19,0.168,-0.108,0.032,-46.7,46.7,dash
2.19,0.167,-0.108,0.032,-46.7,46.7,dash
2.19,0.167,-0.108,0.032,-46.7,46.7,dash
2.19,0.167,-0.108,0.032,-46.7,46.7,dash
2.19,0.167,-0.108,0.032,-46.7,46.7,dash
2.19,0.168,-0.108,0.032,-46.7,46.7,dash
2.19,0.167,-0.108,0.032,-46.7,46.7,dash
2.19,0.167,-0.108,0.032,-46.7,46.7,dash
2.19,0.168,-0.108,0.032,-46.7,46.7,dash
2.19,0.167,-0.108,0.032,-46.7,46.7,dash
2.19,0.167,-0.108,0.032,-46.7,46.7,dash
2.19,0.168,-0.108,0.032,-46.7,46.7,dash
2.19,0.168,-0.108,0.032,-46.7,46.7,dash
2.19,0.168,-0.108,0.032,-46.7,46.7,dash
2.19,0.168,-0.108,0.032,-46.7,46.7,dash
2.19,0.168,-0.108,0.032,-46.7,46.7,dash
2.19,0.168,-0.108,0.032,-46.7,46.7,dash
2.19,0.168,-0.108,0.032,-46.7,46.7,dash
2.19,0.168,-0.108,0.032,-46.7,46.7,dash
2.19,0.168,-0.108,0.032,-46.7,46.7,dash
2.19,0.168,-0.108,0.032,-46.7,46.7,dash
2.19,0.168,-0.108,0.032,-46.7,46.7,dash
2.19,0.168,-0.108,0.032,-46.7,46.7,dash
2.19,0.168,-0.108,0.032,-46.7,46.7,dash
2.20,0.168,-0.108,0.032,-46.7,46.7,dash
2.20,0.168,-0.108,0.032,-46.7,46.7,dash
2.20,0.168,-0.108,0.032,-46.7,46.7,dash
2.20,0.168,-0.108,0.032,-46.7,46.7,dash
2.20,0.168,-0.108,0.032,-46.7,46.7,dash
2.20,0.168,-0.108,0.032,-46.7,46.7,dash
2.20,0.168,-0.108,0.032,-46.7,46.7,dash
2.20,0.168,-0.108,0.032,-46.7,46.7,dash
2.20,0.168,-0.108,0.032,-46.7,46.7,dash
2.20,0.168,-0.108,0.032,-46.7,46.7,dash
2.20,0.168,-0.108,0.032,-46.7,46.7,dash
2.20,0.168,-0.108,0.032,-46.7,46.7,dash
2.20,0.168,-0.108,0.032,-46.7,46.7,dash
2.20,0.168,-0.108,0.032,-46.7,46.7,dash
2.20,0.168,-0.108,0.032,-46.7,46.7,dash
2.20,0.168,-0.108,0.032,-46.7,46.7,dash
2.20,0.168,-0.108,0.032,-46.7,46.7,dash
2.20,0.168,-0.108,0.032,-46.7,46.7,dash
2.20,0.168,-0.108,0.032,-46.7,46.7,dash
2.20,0.168,-0.108,0.032,-46.7,46.7,dash
2.20,0.168,-0.108,0.032,-46.7,46.7,dash
2.20,0.168,-0.108,0.032,-46.7,46.7,dash
2.20,0.168,-0.108,0.032,-46.7,46.7,dash
2.20,0.168,-0.108,0.032,-46.7,46.7,dash
2.20,0.168,-0.108,0.032,-46.7,46.7,dash
2.20,0.168,-0.108,0.032,-46.7,46.7,dash
2.20,0.168,-0.108,0.032,-46.7,46.7,dash
2.21,0.168,-0.108,0.032,-46.7,46.7,dash
2.21,0.168,-0.108,0.032,-46.7,46.7,dash
2.21,0.168,-0.108,0.032,-46.7,46.7,dash
2.21,0.168,-0.108,0.032,-46.7,46.7,dash
2.21,0.168,-0.108,0.032,-46.7,46.7,dash
2.21,0.168,-0.108,0.032,-46.7,46.7,dash
2.21,0.168,-0.108,0.032,-46.7,46.7,dash
2.21,0.168,-0.108,0.032,-46.7,46.7,dash
2.21,0.168,-0.108,0.032,-46.7,46.7,dash
2.21,0.168,-0.108,0.032,-46.7,46.7,dash
2.21,0.168,-0.108,0.032,-46.7,46.7,dash
2.21,0.168,-0.108,0.032,-46.7,46.7,dash
2.21,0.168,-0.108,0.032,-46.7,46.7,dash
2.21,0.168,-0.108,0.032,-46.7,46.7,dash
2.21,0.168,-0.108,0.032,-46.7,46.7,dash
2.21,0.168,-0.108,0.032,-46.7,46.7,dash
2.21,0.168,-0.108,0.032,-46.7,46.7,dash
2.21,0.168,-0.108,0.032,-46.7,46.7,dash
2.21,0.168,-0.108,0.032,-46.7,46.7,dash
2.21,0.168,-0.108,0.032,-46.7,46.7,dash
2.21,0.168,-0.108,0.032,-46.7,46.7,dash
2.21,0.168,-0.108,0.032,-46.7,46.7,dash
2.21,0.168,-0.108,0.032,-46.7,46.7,dash
2.21,0.168,-0.108,0.032,-46.7,46.7,dash
2.21,0.168,-0.108,0.032,-46.7,46.7,dash
2.22,0.168,-0.108,0.032,-46.7,46.7,dash
2.22,0.168,-0.108,0.032,-46.7,46.7,dash
2.22,0.168,-0.108,0.032,-46.7,46.7,dash
2.22,0.168,-0.108,0.032,-46.7,46.7,dash
2.22,0.168,-0.108,0.032,-46.7,46.7,dash
2.22,0.168,-0.108,0.032,-46.7,46.7,dash
2.22,0.168,-0.108,0.032,-46.7,46.7,dash
2.22,0.168,-0.108,0.032,-46.7,46.7,dash
2.22,0.168,-0.108,0.032,-46.7,46.7,dash
2.22,0.168,-0.108,0.032,-46.7,46.7,dash
2.22,0.168,-0.108,0.032,-46.7,46.7,dash
2.22,0.168,-0.108,0.032,-46.7,46.7,dash
2.22,0.168,-0.108,0.032,-46.7,46.7,dash
2.22,0.168,-0.108,0.032,-46.7,46.7,dash
2.22,0.168,-0.108,0.032,-46.7,46.7,dash
2.22,0.168,-0.108,0.032,-46.7,46.7,dash
2.22,0.168,-0.108,0.032,-46.7,46.7,dash
2.22,0.168,-0.108,0.032,-46.7,46.7,dash
2.22,0.168,-0.108,0.032,-46.7,46.7,dash
2.22,0.168,-0.108,0.032,-46.7,46.7,dash
2.22,0.168,-0.108,0.032,-46.7,46.7,dash
2.22,0.168,-0.108,0.032,-46.7,46.7,dash
2.22,0.168,-0.108,0.032,-46.7,46.7,dash
2.22,0.168,-0.108,0.032,-46.7,46.7,dash
2.22,0.168,-0.108,0.032,-46.7,46.7,dash
2.22,0.168,-0.108,0.032,-46.7,46.7,dash
2.22,0.168,-0.108,0.032,-46.7,46.7,dash
2.23,0.168,-0.108,0.032,-46.7,46.7,dash
2.23,0.168,-0.108,0.032,-46.7,46.7,dash
2.23,0.168,-0.108,0.032,-46.7,46.7,dash
2.23,0.168,-0.108,0.032,-46.7,46.7,dash
2.23,0.168,-0.108,0.032,-46.7,46.7,dash
2.23,0.168,-0.108,0.032,-46.7,46.7,dash
2.23,0.169,-0.108,0.032,-46.7,46.7,dash
2.23,0.168,-0.108,0.032,-46.7,46.7,dash
2.23,0.168,-0.108,0.032,-46.7,46.7,dash
2.23,0.168,-0.108,0.032,-46.7,46.7,dash
2.23,0.168,-0.108,0.032,-46.7,46.7,dash
2.23,0.169,-0.108,0.032,-46.7,46.7,dash
2.23,0.168,-0.108,0.032,-46.7,46.7,dash
2.23,0.168,-0.108,0.032,-46.7,46.7,dash
2.23,0.169,-0.108,0.032,-46.7,46.7,dash
2.23,0.168,-0.108,0.032,-46.7,46.7,dash
2.23,0.168,-0.108,0.032,-46.7,46.7,dash
2.23,0.168,-0.108,0.032,-46.7,46.7,dash
2.23,0.168,-0.108,0.032,-46.7,46.7,dash
2.23,0.169,-0.108,0.032,-46.7,46.7,dash
2.23,0.168,-0.108,0.032,-46.7,46.7,dash
2.23,0.168,-0.108,0.032,-46.7,46.7,dash
2.23,0.168,-0.108,0.032,-46.7,46.7,dash
2.23,0.168,-0.108,0.032,-46.7,46.7,dash
2.23,0.169,-0.108,0.032,-46.7,46.7,dash
2.24,0.168,-0.108,0.032,-46.7,46.7,dash
2.24,0.168,-0.108,0.032,-46.7,46.7,dash
2.24,0.168,-0.108,0.032,-46.7,46.7,dash
2.24,0.168,-0.108,0.032,-46.7,46.7,dash
2.24,0.169,-0.108,0.032,-46.7,46.7,dash
2.24,0.168,-0.108,0.032,-46.7,46.7,dash
2.24,0.168,-0.108,0.032,-46.7,46.7,dash
2.24,0.168,-0.108,0.032,-46.7,46.7,dash
2.24,0.168,-0.108,0.032,-46.7,46.7,dash
2.24,0.168,-0.108,0.032,-46.7,46.7,dash
2.24,0.168,-0.108,0.032,-46.7,46.7,dash
2.24,0.168,-0.108,0.032,-46.7,46.7,dash
2.24,0.168,-0.108,0.032,-46.7,46.7,dash
2.24,0.168,-0.108,0.032,-46.7,46.7,dash
2.24,0.169,-0.108,0.032,-46.7,46.7,dash
2.24,0.168,-0.108,0.032,-46.7,46.7,dash
2.24,0.168,-0.108,0.032,-46.7,46.7,dash
2.24,0.168,-0.108,0.032,-46.7,46.7,dash
2.24,0.168,-0.108,0.032,-46.7,46.7,dash
2.24,0.168,-0.108,0.032,-46.7,46.7,dash
2.24,0.169,-0.108,0.032,-46.7,46.7,dash
2.24,0.169,-0.108,0.032,-46.7,46.7,dash
2.24,0.169,-0.108,0.032,-46.7,46.7,dash
2.24,0.169,-0.108,0.032,-46.7,46.7,dash
2.24,0.169,-0.108,0.032,-46.7,46.7,dash
2.25,0.169,-0.108,0.032,-46.7,46.7,dash
2.25,0.169,-0.108,0.032,-46.7,46.7,dash
2.25,0.169,-0.108,0.032,-46.7,46.7,dash
2.25,0.169,-0.108,0.032,-46.7,46.7,dash
2.25,0.169,-0.108,0.032,-46.7,46.7,dash
2.25,0.169,-0.108,0.032,-46.7,46.7,dash
2.25,0.169,-0.108,0.032,-46.7,46.7,dash
2.25,0.169,-0.108,0.032,-46.7,46.7,dash
2.25,0.169,-0.108,0.032,-46.7,46.7,dash
2.25,0.169,-0.108,0.032,-46.7,46.7,dash
2.25,0.169,-0.108,0.032,-46.7,46.7,dash
2.25,0.169,-0.108,0.032,-46.7,46.7,dash
2.25,0.169,-0.108,0.032,-46.7,46.7,dash
2.25,0.169,-0.108,0.032,-46.7,46.7,dash
2.25,0.169,-0.108,0.032,-46.7,46.7,dash
2.25,0.169,-0.108,0.032,-46.7,46.7,dash
2.25,0.169,-0.108,0.032,-46.7,46.7,dash
2.25,0.169,-0.108,0.032,-46.7,46.7,dash
2.25,0.169,-0.108,0.032,-46.7,46.7,dash
2.25,0.169,-0.108,0.032,-46.7,46.7,dash
2.25,0.169,-0.108,0.032,-46.7,46.7,dash
2.25,0.169,-0.108,0.032,-46.7,46.7,dash
2.25,0.169,-0.108,0.032,-46.7,46.7,dash
2.25,0.169,-0.108,0.032,-46.7,46.7,dash
2.25,0.169,-0.108,0.032,-46.7,46.7,dash
2.26,0.169,-0.108,0.032,-46.7,46.7,dash
2.26,0.169,-0.108,0.032,-46.7,46.7,dash
2.26,0.169,-0.108,0.032,-46.7,46.7,dash
2.26,0.169,-0.108,0.032,-46.7,46.7,dash
2.26,0.169,-0.108,0.032,-46.7,46.7,dash
2.26,0.169,-0.108,0.032,-46.7,46.7,dash
2.26,0.169,-0.108,0.032,-46.7,46.7,dash
2.26,0.169,-0.108,0.032,-46.7,46.7,dash
2.26,0.169,-0.108,0.032,-46.7,46.7,dash
2.26,0.169,-0.108,0.032,-46.7,46.7,dash
2.26,0.169,-0.108,0.032,-46.7,46.7,dash
2.26,0.169,-0.108,0.032,-46.7,46.7,dash
2.26,0.169,-0.108,0.032,-46.7,46.7,dash
2.26,0.169,-0.108,0.032,-46.7,46.7,dash
2.26,0.169,-0.108,0.032,-46.7,46.7,dash
2.26,0.169,-0.108,0.032,-46.7,46.7,dash
2.26,0.169,-0.108,0.032,-46.7,46.7,dash
2.26,0.169,-0.108,0.032,-46.7,46.7,dash
2.26,0.169,-0.108,0.032,-46.7,46.7,dash
2.26,0.169,-0.108,0.032,-46.7,46.7,dash
2.26,0.169,-0.108,0.032,-46.7,46.7,dash
2.26,0.169,-0.108,0.032,-46.7,46.7,dash
2.26,0.169,-0.108,0.032,-46.7,46.7,dash
2.26,0.169,-0.108,0.032,-46.7,46.7,dash
2.26,0.169,-0.108,0.032,-46.7,46.7,dash
2.26,0.169,-0.108,0.032,-46.7,46.7,dash
2.27,0.169,-0.108,0.032,-46.7,46.7,dash
2.27,0.169,-0.108,0.032,-46.7,46.7,dash
2.27,0.169,-0.108,0.032,-46.7,46.7,dash
2.27,0.169,-0.108,0.032,-46.7,46.7,dash
2.27,0.169,-0.108,0.032,-46.7,46.7,dash
2.27,0.169,-0.108,0.032,-46.7,46.7,dash
2.27,0.169,-0.108,0.032,-46.7,46.7,dash
2.27,0.169,-0.108,0.032,-46.7,46.7,dash
2.27,0.169,-0.108,0.032,-46.7,46.7,dash
2.27,0.169,-0.108,0.032,-46.7,46.7,dash
2.27,0.169,-0.108,0.032,-46.7,46.7,dash
2.27,0.169,-0.108,0.032,-46.7,46.7,dash
2.27,0.169,-0.108,0.032,-46.7,46.7,dash
2.27,0.169,-0.108,0.032,-46.7,46.7,dash
2.27,0.169,-0.108,0.032,-46.7,46.7,dash
2.27,0.169,-0.108,0.032,-46.7,46.7,dash
2.27,0.169,-0.108,0.032,-46.7,46.7,dash
2.27,0.169,-0.108,0.032,-46.7,46.7,dash
2.27,0.169,-0.108,0.032,-46.7,46.7,dash
2.27,0.169,-0.108,0.032,-46.7,46.7,dash
2.27,0.169,-0.108,0.032,-46.7,46.7,dash
2.27,0.169,-0.108,0.032,-46.7,46.7,dash
2.27,0.169,-0.108,0.032,-46.7,46.7,dash
2.27,0.169,-0.108,0.032,-46.7,46.7,dash
2.27,0.169,-0.108,0.032,-46.7,46.7,dash
2.28,0.169,-0.108,0.032,-46.7,46.7,dash
2.28,0.169,-0.108,0.032,-46.7,46.7,dash
2.28,0.169,-0.108,0.032,-46.7,46.7,dash
2.28,0.169,-0.108,0.032,-46.7,46.7,dash
2.28,0.169,-0.108,0.032,-46.7,46.7,dash
2.28,0.169,-0.108,0.032,-46.7,46.7,dash
2.28,0.169,-0.108,0.032,-46.7,46.7,dash
2.28,0.169,-0.108,0.032,-46.7,46.7,dash
2.28,0.169,-0.108,0.032,-46.7,46.7,dash
2.28,0.169,-0.108,0.032,-46.7,46.7,dash
2.28,0.169,-0.108,0.032,-46.7,46.7,dash
2.28,0.169,-0.108,0.032,-46.7,46.7,dash
2.28,0.169,-0.108,0.032,-46.7,46.7,dash
2.28,0.170,-0.108,0.032,-46.7,46.7,dash
2.28,0.169,-0.108,0.032,-46.7,46.7,dash
2.28,0.169,-0.108,0.032,-46.7,46.7,dash
2.28,0.169,-0.108,0.032,-46.7,46.7,dash
2.28,0.169,-0.108,0.032,-46.7,46.7,dash
2.28,0.170,-0.108,0.032,-46.7,46.7,dash
2.28,0.169,-0.108,0.032,-46.7,46.7,dash
2.28,0.169,-0.108,0.032,-46.7,46.7,dash
2.28,0.169,-0.108,0.032,-46.7,46.7,dash
2.28,0.169,-0.108,0.032,-46.7,46.7,dash
2.28,0.170,-0.108,0.032,-46.7,46.7,dash
2.28,0.169,-0.108,0.032,-46.7,46.7,dash
2.29,0.169,-0.108,0.032,-46.7,46.7,dash
2.29,0.170,-0.108,0.032,-46.7,46.7,dash
2.29,0.169,-0.108,0.032,-46.7,46.7,dash
2.29,0.169,-0.108,0.032,-46.7,46.7,dash
2.29,0.169,-0.108,0.032,-46.7,46.7,dash
2.29,0.169,-0.108,0.032,-46.7,46.7,dash
2.29,0.170,-0.108,0.032,-46.7,46.7,dash
2.29,0.169,-0.108,0.032,-46.7,46.7,dash
2.29,0.169,-0.108,0.032,-46.7,46.7,dash
2.29,0.170,-0.108,0.032,-46.7,46.7,dash
2.29,0.169,-0.108,0.032,-46.7,46.7,dash
2.29,0.169,-0.108,0.032,-46.7,46.7,dash
2.29,0.169,-0.108,0.032,-46.7,46.7,dash
2.29,0.169,-0.108,0.032,-46.7,46.7,dash
2.29,0.170,-0.108,0.032,-46.7,46.7,dash
2.29,0.169,-0.108,0.032,-46.7,46.7,dash
2.29,0.169,-0.108,0.032,-46.7,46.7,dash
2.29,0.169,-0.108,0.032,-46.7,46.7,dash
2.29,0.169,-0.108,0.032,-46.7,46.7,dash
2.29,0.170,-0.108,0.032,-46.7,46.7,dash
2.29,0.169,-0.108,0.032,-46.7,46.7,dash
2.29,0.169,-0.108,0.032,-46.7,46.7,dash
2.29,0.169,-0.108,0.032,-46.7,46.7,dash
2.29,0.169,-0.108,0.032,-46.7,46.7,dash
2.29,0.170,-0.108,0.032,-46.7,46.7,dash
2.30,0.169,-0.108,0.032,-46.7,46.7,dash
2.30,0.169,-0.108,0.032,-46.7,46.7,dash
2.30,0.170,-0.108,0.032,-46.7,46.7,dash
2.30,0.170,-0.108,0.032,-46.7,46.7,dash
2.30,0.170,-0.108,0.032,-46.7,46.7,dash
2.30,0.170,-0.108,0.032,-46.7,46.7,dash
2.30,0.170,-0.108,0.032,-46.7,46.7,dash
2.30,0.170,-0.108,0.032,-46.7,46.7,dash
2.30,0.170,-0.108,0.032,-46.7,46.7,dash
2.30,0.170,-0.108,0.032,-46.7,46.7,dash
2.30,0.170,-0.108,0.032,-46.7,46.7,dash
2.30,0.170,-0.108,0.032,-46.7,46.7,dash
2.30,0.170,-0.108,0.032,-46.7,46.7,dash
2.30,0.170,-0.108,0.032,-46.7,46.7,dash
2.30,0.170,-0.108,0.032,-46.7,46.7,dash
2.30,0.170,-0.108,0.032,-46.7,46.7,dash
2.30,0.170,-0.108,0.032,-46.7,46.7,dash
2.30,0.170,-0.108,0.032,-46.7,46.7,dash
2.30,0.170,-0.108,0.032,-46.7,46.7,dash
2.30,0.170,-0.108,0.032,-46.7,46.7,dash
2.30,0.170,-0.108,0.032,-46.7,46.7,dash
2.30,0.170,-0.108,0.032,-46.7,46.7,dash
2.30,0.170,-0.108,0.032,-46.7,46.7,dash
2.30,0.170,-0.108,0.032,-46.7,46.7,dash
2.30,0.170,-0.108,0.032,-46.7,46.7,dash
2.30,0.170,-0.108,0.032,-46.7,46.7,dash
2.30,0.170,-0.108,0.032,-46.7,46.7,dash
2.31,0.170,-0.108,0.032,-46.7,46.7,dash
2.31,0.170,-0.108,0.032,-46.7,46.7,dash
2.31,0.170,-0.108,0.032,-46.7,46.7,dash
2.31,0.170,-0.108,0.032,-46.7,46.7,dash
2.31,0.170,-0.108,0.032,-46.7,46.7,dash
2.31,0.170,-0.108,0.032,-46.7,46.7,dash
2.31,0.170,-0.108,0.032,-46.7,46.7,dash
2.31,0.170,-0.108,0.032,-46.7,46.7,dash
2.31,0.170,-0.108,0.032,-46.7,46.7,dash
2.31,0.170,-0.108,0.032,-46.7,46.7,dash
2.31,0.170,-0.108,0.032,-46.7,46.7,dash
2.31,0.170,-0.108,0.032,-46.7,46.7,dash
2.31,0.170,-0.108,0.032,-46.7,46.7,dash
2.31,0.170,-0.108,0.032,-46.7,46.7,dash
2.31,0.170,-0.108,0.032,-46.7,46.7,dash
2.31,0.170,-0.108,0.032,-46.7,46.7,dash
2.31,0.170,-0.108,0.032,-46.7,46.7,dash
2.31,0.170,-0.108,0.032,-46.7,46.7,dash
2.31,0.170,-0.108,0.032,-46.7,46.7,dash
2.31,0.170,-0.108,0.032,-46.7,46.7,dash
2.31,0.170,-0.108,0.032,-46.7,46.7,dash
2.31,0.170,-0.108,0.032,-46.7,46.7,dash
2.31,0.170,-0.108,0.032,-46.7,46.7,dash
2.31,0.170,-0.108,0.032,-46.7,46.7,dash
2.31,0.170,-0.108,0.032,-46.7,46.7,dash
2.32,0.170,-0.108,0.032,-46.7,46.7,dash
2.32,0.170,-0.108,0.032,-46.7,46.7,dash
2.32,0.170,-0.108,0.032,-46.7,46.7,dash
2.32,0.170,-0.108,0.032,-46.7,46.7,dash
2.32,0.170,-0.108,0.032,-46.7,46.7,dash
2.32,0.170,-0.108,0.032,-46.7,46.7,dash
2.32,0.170,-0.108,0.032,-46.7,46.7,dash
2.32,0.170,-0.108,0.032,-46.7,46.7,dash
2.32,0.170,-0.108,0.032,-46.7,46.7,dash
2.32,0.170,-0.108,0.032,-46.7,46.7,dash
2.32,0.170,-0.108,0.032,-46.7,46.7,dash
2.32,0.170,-0.108,0.032,-46.7,46.7,dash
2.32,0.170,-0.108,0.032,-46.7,46.7,dash
2.32,0.170,-0.108,0.032,-46.7,46.7,dash
2.32,0.170,-0.108,0.032,-46.7,46.7,dash
2.32,0.170,-0.108,0.032,-46.7,46.7,dash
2.32,0.170,-0.108,0.032,-46.7,46.7,dash
2.32,0.170,-0.108,0.032,-46.7,46.7,dash
2.32,0.170,-0.108,0.032,-46.7,46.7,dash
2.32,0.170,-0.108,0.032,-46.7,46.7,dash
2.32,0.170,-0.108,0.032,-46.7,46.7,dash
2.32,0.170,-0.108,0.032,-46.7,46.7,dash
2.32,0.170,-0.108,0.032,-46.7,46.7,dash
2.32,0.170,-0.108,0.032,-46.7,46.7,dash
2.32,0.170,-0.108,0.032,-46.7,46.7,dash
2.32,0.170,-0.108,0.032,-46.7,46.7,dash
2.33,0.170,-0.108,0.032,-46.7,46.7,dash
2.33,0.170,-0.108,0.032,-46.7,46.7,dash
2.33,0.170,-0.108,0.032,-46.7,46.7,dash
2.33,0.170,-0.108,0.032,-46.7,46.7,dash
2.33,0.170,-0.108,0.032,-46.7,46.7,dash
2.33,0.170,-0.108,0.032,-46.7,46.7,dash
2.33,0.170,-0.108,0.032,-46.7,46.7,dash
2.33,0.170,-0.108,0.032,-46.7,46.7,dash
2.33,0.170,-0.108,0.032,-46.7,46.7,dash
2.33,0.170,-0.108,0.032,-46.7,46.7,dash
2.33,0.170,-0.108,0.032,-46.7,46.7,dash
2.33,0.170,-0.108,0.032,-46.7,46.7,dash
2.33,0.170,-0.108,0.032,-46.7,46.7,dash
2.33,0.170,-0.108,0.032,-46.7,46.7,dash
2.33,0.170,-0.108,0.032,-46.7,46.7,dash
2.33,0.170,-0.108,0.032,-46.7,46.7,dash
2.33,0.170,-0.108,0.032,-46.7,46.7,dash
2.33,0.170,-0.108,0.032,-46.7,46.7,dash
2.33,0.170,-0.108,0.032,-46.7,46.7,dash
2.33,0.170,-0.108,0.032,-46.7,46.7,dash
2.33,0.170,-0.108,0.032,-46.7,46.7,dash
2.33,0.170,-0.108,0.032,-46.7,46.7,dash
2.33,0.170,-0.108,0.032,-46.7,46.7,dash
2.33,0.170,-0.108,0.032,-46.7,46.7,dash
2.33,0.170,-0.108,0.032,-46.7,46.7,dash
2.33,0.171,-0.108,0.032,-46.7,46.7,dash
2.33,0.170,-0.108,0.032,-46.7,46.7,dash
2.34,0.170,-0.108,0.032,-46.7,46.7,dash
2.34,0.170,-0.108,0.032,-46.7,46.7,dash
2.34,0.170,-0.108,0.032,-46.7,46.7,dash
2.34,0.170,-0.108,0.032,-46.7,46.7,dash
2.34,0.170,-0.108,0.032,-46.7,46.7,dash
2.34,0.170,-0.108,0.032,-46.7,46.7,dash
2.34,0.171,-0.108,0.032,-46.7,46.7,dash
2.34,0.170,-0.108,0.032,-46.7,46.7,dash
2.34,0.170,-0.108,0.032,-46.7,46.7,dash
2.34,0.170,-0.108,0.032,-46.7,46.7,dash
2.34,0.170,-0.108,0.032,-46.7,46.7,dash
2.34,0.170,-0.108,0.032,-46.7,46.7,dash
2.34,0.170,-0.108,0.032,-46.7,46.7,dash
2.34,0.170,-0.108,0.032,-46.7,46.7,dash
2.34,0.171,-0.108,0.032,-46.7,46.7,dash
2.34,0.170,-0.108,0.032,-46.7,46.7,dash
2.34,0.170,-0.108,0.032,-46.7,46.7,dash
2.34,0.170,-0.108,0.032,-46.7,46.7,dash
2.34,0.170,-0.108,0.032,-46.7,46.7,dash
2.34,0.171,-0.108,0.032,-46.7,46.7,dash
2.34,0.170,-0.108,0.032,-46.7,46.7,dash
2.34,0.170,-0.108,0.032,-46.7,46.7,dash
2.34,0.171,-0.108,0.032,-46.7,46.7,dash
2.34,0.170,-0.108,0.032,-46.7,46.7,dash
2.34,0.170,-0.108,0.032,-46.7,46.7,dash
2.34,0.170,-0.108,0.032,-46.7,46.7,dash
2.35,0.170,-0.108,0.032,-46.7,46.7,dash
2.35,0.171,-0.108,0.032,-46.7,46.7,dash
2.35,0.170,-0.108,0.032,-46.7,46.7,dash
2.35,0.171,-0.108,0.032,-46.7,46.7,dash
2.35,0.170,-0.108,0.032,-46.7,46.7,dash
2.35,0.170,-0.108,0.032,-46.7,46.7,dash
2.35,0.171,-0.108,0.032,-46.7,46.7,dash
2.35,0.171,-0.108,0.032,-46.7,46.7,dash
2.35,0.171,-0.108,0.032,-46.7,46.7,dash
2.35,0.171,-0.108,0.032,-46.7,46.7,dash
2.35,0.171,-0.108,0.032,-46.7,46.7,dash
2.35,0.171,-0.108,0.032,-46.7,46.7,dash
2.35,0.171,-0.108,0.032,-46.7,46.7,dash
2.35,0.171,-0.108,0.032,-46.7,46.7,dash
2.35,0.171,-0.108,0.032,-46.7,46.7,dash
2.35,0.171,-0.108,0.032,-46.7,46.7,dash
2.35,0.171,-0.108,0.032,-46.7,46.7,dash
2.35,0.171,-0.108,0.032,-46.7,46.7,dash
2.35,0.171,-0.108,0.032,-46.7,46.7,dash
2.35,0.171,-0.108,0.032,-46.7,46.7,dash
2.35,0.171,-0.108,0.032,-46.7,46.7,dash
2.35,0.171,-0.108,0.032,-46.7,46.7,dash
2.35,0.171,-0.108,0.032,-46.7,46.7,dash
2.35,0.171,-0.108,0.032,-46.7,46.7,dash
2.36,0.171,-0.108,0.032,-46.7,46.7,dash
2.36,0.171,-0.108,0.032,-46.7,46.7,dash
2.36,0.171,-0.108,0.032,-46.7,46.7,dash
2.36,0.171,-0.108,0.032,-46.7,46.7,dash
2.36,0.171,-0.108,0.032,-46.7,46.7,dash
2.36,0.171,-0.108,0.032,-46.7,46.7,dash
2.36,0.171,-0.108,0.032,-46.7,46.7,dash
2.36,0.171,-0.108,0.032,-46.7,46.7,dash
2.36,0.171,-0.108,0.032,-46.7,46.7,dash
2.36,0.171,-0.108,0.032,-46.7,46.7,dash
2.36,0.171,-0.108,0.032,-46.7,46.7,dash
2.36,0.171,-0.108,0.032,-46.7,46.7,dash
2.36,0.171,-0.108,0.032,-46.7,46.7,dash
2.36,0.171,-0.108,0.032,-46.7,46.7,dash
2.36,0.171,-0.108,0.032,-46.7,46.7,dash
2.36,0.171,-0.108,0.032,-46.7,46.7,dash
2.36,0.171,-0.108,0.032,-46.7,46.7,dash
2.36,0.171,-0.108,0.032,-46.7,46.7,dash
2.36,0.171,-0.108,0.032,-46.7,46.7,dash
2.36,0.171,-0.108,0.032,-46.7,46.7,dash
2.36,0.171,-0.108,0.032,-46.7,46.7,dash
2.36,0.171,-0.108,0.032,-46.7,46.7,dash
2.36,0.171,-0.108,0.032,-46.7,46.7,dash
2.36,0.171,-0.108,0.032,-46.7,46.7,dash
2.36,0.171,-0.108,0.032,-46.7,46.7,dash
2.36,0.171,-0.108,0.032,-46.7,46.7,dash
2.37,0.171,-0.108,0.032,-46.7,46.7,dash
2.37,0.171,-0.108,0.032,-46.7,46.7,dash
2.37,0.171,-0.108,0.032,-46.7,46.7,dash
2.37,0.171,-0.108,0.032,-46.7,46.7,dash
2.37,0.171,-0.108,0.032,-46.7,46.7,dash
2.37,0.171,-0.108,0.032,-46.7,46.7,dash
2.37,0.171,-0.108,0.032,-46.7,46.7,dash
2.37,0.171,-0.108,0.032,-46.7,46.7,dash
2.37,0.171,-0.108,0.032,-46.7,46.7,dash
2.37,0.171,-0.108,0.032,-46.7,46.7,dash
2.37,0.171,-0.108,0.032,-46.7,46.7,dash
2.37,0.171,-0.108,0.032,-46.7,46.7,dash
2.37,0.171,-0.108,0.032,-46.7,46.7,dash
2.37,0.171,-0.108,0.032,-46.7,46.7,dash
2.37,0.171,-0.108,0.032,-46.7,46.7,dash
2.37,0.171,-0.108,0.032,-46.7,46.7,dash
2.37,0.171,-0.108,0.032,-46.7,46.7,dash
2.37,0.171,-0.108,0.032,-46.7,46.7,dash
2.37,0.171,-0.108,0.032,-46.7,46.7,dash
2.37,0.171,-0.108,0.032,-46.7,46.7,dash
2.37,0.171,-0.108,0.032,-46.7,46.7,dash
2.37,0.171,-0.108,0.032,-46.7,46.7,dash
2.37,0.171,-0.108,0.032,-46.7,46.7,dash
2.37,0.171,-0.108,0.032,-46.7,46.7,dash
2.37,0.171,-0.108,0.032,-46.7,46.7,dash
2.37,0.171,-0.108,0.032,-46.7,46.7,dash
2.38,0.171,-0.108,0.032,-46.7,46.7,dash
2.38,0.171,-0.108,0.032,-46.7,46.7,dash
2.38,0.171,-0.108,0.032,-46.7,46.7,dash
2.38,0.171,-0.108,0.032,-46.7,46.7,dash
2.38,0.171,-0.108,0.032,-46.7,46.7,dash
2.38,0.171,-0.108,0.032,-46.7,46.7,dash
2.38,0.171,-0.108,0.032,-46.7,46.7,dash
2.38,0.171,-0.108,0.032,-46.7,46.7,dash
2.38,0.171,-0.108,0.032,-46.7,46.7,dash
2.38,0.171,-0.108,0.032,-46.7,46.7,dash
2.38,0.171,-0.108,0.032,-46.7,46.7,dash
2.38,0.171,-0.108,0.032,-46.7,46.7,dash
2.38,0.171,-0.108,0.032,-46.7,46.7,dash
2.38,0.171,-0.108,0.032,-46.7,46.7,dash
2.38,0.171,-0.108,0.032,-46.7,46.7,dash
2.38,0.171,-0.108,0.032,-46.7,46.7,dash
2.38,0.171,-0.108,0.032,-46.7,46.7,dash
2.38,0.171,-0.108,0.032,-46.7,46.7,dash
2.38,0.171,-0.108,0.032,-46.7,46.7,dash
2.38,0.171,-0.108,0.032,-46.7,46.7,dash
2.38,0.171,-0.108,0.032,-46.7,46.7,dash
2.38,0.171,-0.108,0.032,-46.7,46.7,dash
2.38,0.171,-0.108,0.032,-46.7,46.7,dash
2.38,0.172,-0.108,0.032,-46.7,46.7,dash
2.38,0.171,-0.108,0.032,-46.7,46.7,dash
2.39,0.171,-0.108,0.032,-46.7,46.7,dash
2.39,0.171,-0.108,0.032,-46.7,46.7,dash
2.39,0.171,-0.108,0.032,-46.7,46.7,dash
2.39,0.172,-0.108,0.032,-46.7,46.7,dash
2.39,0.171,-0.108,0.032,-46.7,46.7,dash
2.39,0.172,-0.108,0.032,-46.7,46.7,dash
2.39,0.171,-0.108,0.032,-46.7,46.7,dash
2.39,0.171,-0.108,0.032,-46.7,46.7,dash
2.39,0.171,-0.108,0.032,-46.7,46.7,dash
2.39,0.171,-0.108,0.032,-46.7,46.7,dash
2.39,0.172,-0.108,0.032,-46.7,46.7,dash
2.39,0.171,-0.108,0.032,-46.7,46.7,dash
2.39,0.171,-0.108,0.032,-46.7,46.7,dash
2.39,0.172,-0.108,0.032,-46.7,46.7,dash
2.39,0.171,-0.108,0.032,-46.7,46.7,dash
2.39,0.171,-0.108,0.032,-46.7,46.7,dash
2.39,0.171,-0.108,0.032,-46.7,46.7,dash
2.39,0.171,-0.108,0.032,-46.7,46.7,dash
2.39,0.172,-0.108,0.032,-46.7,46.7,dash
2.39,0.171,-0.108,0.032,-46.7,46.7,dash
2.39,0.171,-0.108,0.032,-46.7,46.7,dash
2.39,0.171,-0.108,0.032,-46.7,46.7,dash
2.39,0.171,-0.108,0.032,-46.7,46.7,dash
2.39,0.171,-0.108,0.032,-46.7,46.7,dash
2.40,0.171,-0.108,0.032,-46.7,46.7,dash
2.40,0.172,-0.108,0.032,-46.7,46.7,dash
2.40,0.171,-0.108,0.032,-46.7,46.7,dash
2.40,0.171,-0.108,0.032,-46.7,46.7,dash
2.40,0.171,-0.108,0.032,-46.7,46.7,dash
2.40,0.171,-0.108,0.032,-46.7,46.7,dash
2.40,0.172,-0.108,0.032,-46.7,46.7,dash
2.40,0.171,-0.108,0.032,-46.7,46.7,dash
2.40,0.171,-0.108,0.032,-46.7,46.7,dash
2.40,0.171,-0.108,0.032,-46.7,46.7,dash
2.40,0.171,-0.108,0.032,-46.7,46.7,dash
2.40,0.171,-0.108,0.032,-46.7,46.7,dash
2.40,0.171,-0.108,0.032,-46.7,46.7,dash
2.40,0.171,-0.108,0.032,-46.7,46.7,dash
2.40,0.171,-0.108,0.032,-46.7,46.7,dash
2.40,0.171,-0.108,0.032,-46.7,46.7,dash
2.40,0.172,-0.108,0.032,-46.7,46.7,dash
2.40,0.172,-0.108,0.032,-46.7,46.7,dash
2.40,0.172,-0.108,0.032,-46.7,46.7,dash
2.40,0.172,-0.108,0.032,-46.7,46.7,dash
2.40,0.172,-0.108,0.032,-46.7,46.7,dash
2.40,0.172,-0.108,0.032,-46.7,46.7,dash
2.40,0.172,-0.108,0.032,-46.7,46.7,dash
2.40,0.172,-0.108,0.032,-46.7,46.7,dash
2.41,0.172,-0.108,0.032,-46.7,46.7,dash
2.41,0.172,-0.108,0.032,-46.7,46.7,dash
2.41,0.172,-0.108,0.032,-46.7,46.7,dash
2.41,0.172,-0.108,0.032,-46.7,46.7,dash
2.41,0.172,-0.108,0.032,-46.7,46.7,dash
2.41,0.172,-0.108,0.032,-46.7,46.7,dash
2.41,0.172,-0.108,0.032,-46.7,46.7,dash
2.41,0.172,-0.108,0.032,-46.7,46.7,dash
2.41,0.172,-0.108,0.032,-46.7,46.7,dash
2.41,0.172,-0.108,0.032,-46.7,46.7,dash
2.41,0.172,-0.108,0.032,-46.7,46.7,dash
2.41,0.172,-0.108,0.032,-46.7,46.7,dash
2.41,0.172,-0.108,0.032,-46.7,46.7,dash
2.41,0.172,-0.108,0.032,-46.7,46.7,dash
2.41,0.172,-0.108,0.032,-46.7,46.7,dash
2.41,0.172,-0.108,0.032,-46.7,46.7,dash
2.41,0.172,-0.108,0.032,-46.7,46.7,dash
2.41,0.172,-0.108,0.032,-46.7,46.7,dash
2.41,0.172,-0.108,0.032,-46.7,46.7,dash
2.41,0.172,-0.108,0.032,-46.7,46.7,dash
2.41,0.172,-0.108,0.032,-46.7,46.7,dash
2.41,0.172,-0.108,0.032,-46.7,46.7,dash
2.41,0.172,-0.108,0.032,-46.7,46.7,dash
2.41,0.172,-0.108,0.032,-46.7,46.7,dash
2.42,0.172,-0.108,0.032,-46.7,46.7,dash
2.42,0.172,-0.108,0.032,-46.7,46.7,dash
2.42,0.172,-0.108,0.032,-46.7,46.7,dash
2.42,0.172,-0.108,0.032,-46.7,46.7,dash
2.42,0.172,-0.108,0.032,-46.7,46.7,dash
2.42,0.172,-0.108,0.032,-46.7,46.7,dash
2.42,0.172,-0.108,0.032,-46.7,46.7,dash
2.42,0.172,-0.108,0.032,-46.7,46.7,dash
2.42,0.172,-0.108,0.032,-46.7,46.7,dash
2.42,0.172,-0.108,0.032,-46.7,46.7,dash
2.42,0.172,-0.108,0.032,-46.7,46.7,dash
2.42,0.172,-0.108,0.032,-46.7,46.7,dash
2.42,0.172,-0.108,0.032,-46.7,46.7,dash
2.42,0.172,-0.108,0.032,-46.7,46.7,dash
2.42,0.172,-0.108,0.032,-46.7,46.7,dash
2.42,0.172,-0.108,0.032,-46.7,46.7,dash
2.42,0.172,-0.108,0.032,-46.7,46.7,dash
2.42,0.172,-0.108,0.032,-46.7,46.7,dash
2.42,0.172,-0.108,0.032,-46.7,46.7,dash
2.42,0.172,-0.108,0.032,-46.7,46.7,dash
2.42,0.172,-0.108,0.032,-46.7,46.7,dash
2.42,0.172,-0.108,0.032,-46.7,46.7,dash
2.42,0.172,-0.108,0.032,-46.7,46.7,dash
2.42,0.172,-0.108,0.032,-46.7,46.7,dash
2.43,0.172,-0.108,0.032,-46.7,46.7,dash
2.43,0.172,-0.108,0.032,-46.7,46.7,dash
2.43,0.172,-0.108,0.032,-46.7,46.7,dash
2.43,0.172,-0.108,0.032,-46.7,46.7,dash
2.43,0.172,-0.108,0.032,-46.7,46.7,dash
2.43,0.172,-0.108,0.032,-46.7,46.7,dash
2.43,0.172,-0.108,0.032,-46.7,46.7,dash
2.43,0.172,-0.108,0.032,-46.7,46.7,dash
2.43,0.172,-0.108,0.032,-46.7,46.7,dash
2.43,0.172,-0.108,0.032,-46.7,46.7,dash
2.43,0.172,-0.108,0.032,-46.7,46.7,dash
2.43,0.172,-0.108,0.032,-46.7,46.7,dash
2.43,0.172,-0.108,0.032,-46.7,46.7,dash
2.43,0.172,-0.108,0.032,-46.7,46.7,dash
2.43,0.172,-0.108,0.032,-46.7,46.7,dash
2.43,0.172,-0.108,0.032,-46.7,46.7,dash
2.43,0.172,-0.108,0.032,-46.7,46.7,dash
2.43,0.172,-0.108,0.032,-46.7,46.7,dash
2.43,0.172,-0.108,0.032,-46.7,46.7,dash
2.43,0.172,-0.108,0.032,-46.7,46.7,dash
2.43,0.172,-0.108,0.032,-46.7,46.7,dash
2.43,0.172,-0.108,0.032,-46.7,46.7,dash
2.43,0.172,-0.108,0.032,-46.7,46.7,dash
2.43,0.172,-0.108,0.032,-46.7,46.7,dash
2.43,0.172,-0.108,0.032,-46.7,46.7,dash
2.43,0.172,-0.108,0.032,-46.7,46.7,dash
2.44,0.172,-0.108,0.032,-46.7,46.7,dash
2.44,0.172,-0.108,0.032,-46.7,46.7,dash
2.44,0.172,-0.108,0.032,-46.7,46.7,dash
2.44,0.172,-0.108,0.032,-46.7,46.7,dash
2.44,0.172,-0.108,0.032,-46.7,46.7,dash
2.44,0.172,-0.108,0.032,-46.7,46.7,dash
2.44,0.172,-0.108,0.032,-46.7,46.7,dash
2.44,0.172,-0.108,0.032,-46.7,46.7,dash
2.44,0.172,-0.108,0.032,-46.7,46.7,dash
2.44,0.172,-0.108,0.032,-46.7,46.7,dash
2.44,0.172,-0.108,0.032,-46.7,46.7,dash
2.44,0.172,-0.108,0.032,-46.7,46.7,dash
2.44,0.172,-0.108,0.032,-46.7,46.7,dash
2.44,0.172,-0.108,0.032,-46.7,46.7,dash
2.44,0.172,-0.108,0.032,-46.7,46.7,dash
2.44,0.172,-0.108,0.032,-46.7,46.7,dash
2.44,0.173,-0.108,0.032,-46.7,46.7,dash
2.44,0.172,-0.108,0.032,-46.7,46.7,dash
2.44,0.172,-0.108,0.032,-46.7,46.7,dash
2.44,0.172,-0.108,0.032,-46.7,46.7,dash
2.44,0.172,-0.108,0.032,-46.7,46.7,dash
2.44,0.172,-0.108,0.032,-46.7,46.7,dash
2.44,0.172,-0.108,0.032,-46.7,46.7,dash
2.44,0.172,-0.108,0.032,-46.7,46.7,dash
2.45,0.172,-0.108,0.032,-46.7,46.7,dash
2.45,0.172,-0.108,0.032,-46.7,46.7,dash
2.45,0.172,-0.108,0.032,-46.7,46.7,dash
2.45,0.172,-0.108,0.032,-46.7,46.7,dash
2.45,0.173,-0.108,0.032,-46.7,46.7,dash
2.45,0.172,-0.108,0.032,-46.7,46.7,dash
2.45,0.172,-0.108,0.032,-46.7,46.7,dash
2.45,0.173,-0.108,0.032,-46.7,46.7,dash
2.45,0.172,-0.108,0.032,-46.7,46.7,dash
2.45,0.173,-0.108,0.032,-46.7,46.7,dash
2.45,0.172,-0.108,0.032,-46.7,46.7,dash
2.45,0.172,-0.108,0.032,-46.7,46.7,dash
2.45,0.172,-0.108,0.032,-46.7,46.7,dash
2.45,0.172,-0.108,0.032,-46.7,46.7,dash
2.45,0.172,-0.108,0.032,-46.7,46.7,dash
2.45,0.172,-0.108,0.032,-46.7,46.7,dash
2.45,0.173,-0.108,0.032,-46.7,46.7,dash
2.45,0.172,-0.108,0.032,-46.7,46.7,dash
2.45,0.173,-0.108,0.032,-46.7,46.7,dash
2.45,0.172,-0.108,0.032,-46.7,46.7,dash
2.45,0.172,-0.108,0.032,-46.7,46.7,dash
2.45,0.173,-0.108,0.032,-46.7,46.7,dash
2.45,0.173,-0.108,0.032,-46.7,46.7,dash
2.45,0.173,-0.108,0.032,-46.7,46.7,dash
2.45,0.173,-0.108,0.032,-46.7,46.7,dash
2.46,0.173,-0.108,0.032,-46.7,46.7,dash
2.46,0.173,-0.108,0.032,-46.7,46.7,dash
2.46,0.173,-0.108,0.032,-46.7,46.7,dash
2.46,0.173,-0.108,0.032,-46.7,46.7,dash
2.46,0.173,-0.108,0.032,-46.7,46.7,dash
2.46,0.173,-0.108,0.032,-46.7,46.7,dash
2.46,0.173,-0.108,0.032,-46.7,46.7,dash
2.46,0.173,-0.108,0.032,-46.7,46.7,dash
2.46,0.173,-0.108,0.032,-46.7,46.7,dash
2.46,0.173,-0.108,0.032,-46.7,46.7,dash
2.46,0.173,-0.108,0.032,-46.7,46.7,dash
2.46,0.173,-0.108,0.032,-46.7,46.7,dash
2.46,0.173,-0.108,0.032,-46.7,46.7,dash
2.46,0.173,-0.108,0.032,-46.7,46.7,dash
2.46,0.173,-0.108,0.032,-46.7,46.7,dash
2.46,0.173,-0.108,0.032,-46.7,46.7,dash
2.46,0.173,-0.108,0.032,-46.7,46.7,dash
2.46,0.173,-0.108,0.032,-46.7,46.7,dash
2.46,0.173,-0.108,0.032,-46.7,46.7,dash
2.46,0.173,-0.108,0.032,-46.7,46.7,dash
2.46,0.173,-0.108,0.032,-46.7,46.7,dash
2.46,0.173,-0.108,0.032,-46.7,46.7,dash
2.46,0.173,-0.108,0.032,-46.7,46.7,dash
2.46,0.173,-0.108,0.032,-46.7,46.7,dash
2.47,0.173,-0.108,0.032,-46.7,46.7,dash
2.47,0.173,-0.108,0.032,-46.7,46.7,dash
2.47,0.173,-0.108,0.032,-46.7,46.7,dash
2.47,0.173,-0.108,0.032,-46.7,46.7,dash
2.47,0.173,-0.108,0.032,-46.7,46.7,dash
2.47,0.173,-0.108,0.032,-46.7,46.7,dash
2.47,0.173,-0.108,0.032,-46.7,46.7,dash
2.47,0.173,-0.108,0.032,-46.7,46.7,dash
2.47,0.173,-0.108,0.032,-46.7,46.7,dash
2.47,0.173,-0.108,0.032,-46.7,46.7,dash
2.47,0.173,-0.108,0.032,-46.7,46.7,dash
2.47,0.173,-0.108,0.032,-46.7,46.7,dash
2.47,0.173,-0.108,0.032,-46.7,46.7,dash
2.47,0.173,-0.108,0.032,-46.7,46.7,dash
2.47,0.173,-0.108,0.032,-46.7,46.7,dash
2.47,0.173,-0.108,0.032,-46.7,46.7,dash
2.47,0.173,-0.108,0.032,-46.7,46.7,dash
2.47,0.173,-0.108,0.032,-46.7,46.7,dash
2.47,0.173,-0.108,0.032,-46.7,46.7,dash
2.47,0.173,-0.108,0.032,-46.7,46.7,dash
2.47,0.173,-0.108,0.032,-46.7,46.7,dash
2.47,0.173,-0.108,0.032,-46.7,46.7,dash
2.47,0.173,-0.108,0.032,-46.7,46.7,dash
2.47,0.173,-0.108,0.032,-46.7,46.7,dash
2.47,0.173,-0.108,0.032,-46.7,46.7,dash
2.47,0.173,-0.108,0.032,-46.7,46.7,dash
2.48,0.173,-0.108,0.032,-46.7,46.7,dash
2.48,0.173,-0.108,0.032,-46.7,46.7,dash
2.48,0.173,-0.108,0.032,-46.7,46.7,dash
2.48,0.173,-0.108,0.032,-46.7,46.7,dash
2.48,0.173,-0.108,0.032,-46.7,46.7,dash
2.48,0.173,-0.108,0.032,-46.7,46.7,dash
2.48,0.173,-0.108,0.032,-46.7,46.7,dash
2.48,0.173,-0.108,0.032,-46.7,46.7,dash
2.48,0.173,-0.108,0.032,-46.7,46.7,dash
2.48,0.173,-0.108,0.032,-46.7,46.7,dash
2.48,0.173,-0.108,0.032,-46.7,46.7,dash
2.48,0.173,-0.108,0.032,-46.7,46.7,dash
2.48,0.173,-0.108,0.032,-46.7,46.7,dash
2.48,0.173,-0.108,0.032,-46.7,46.7,dash
2.48,0.173,-0.108,0.032,-46.7,46.7,dash
2.48,0.173,-0.108,0.032,-46.7,46.7,dash
2.48,0.173,-0.108,0.032,-46.7,46.7,dash
2.48,0.173,-0.108,0.032,-46.7,46.7,dash
2.48,0.173,-0.108,0.032,-46.7,46.7,dash
2.48,0.173,-0.108,0.032,-46.7,46.7,dash
2.48,0.173,-0.108,0.032,-46.7,46.7,dash
2.48,0.173,-0.108,0.032,-46.7,46.7,dash
2.48,0.173,-0.108,0.032,-46.7,46.7,dash
2.49,0.173,-0.108,0.032,-46.7,46.7,dash
2.49,0.173,-0.108,0.032,-46.7,46.7,dash
2.49,0.173,-0.108,0.032,-46.7,46.7,dash
2.49,0.173,-0.108,0.032,-46.7,46.7,dash
2.49,0.173,-0.108,0.032,-46.7,46.7,dash
2.49,0.173,-0.108,0.032,-46.7,46.7,dash
2.49,0.173,-0.108,0.032,-46.7,46.7,dash
2.49,0.173,-0.108,0.032,-46.7,46.7,dash
2.49,0.173,-0.108,0.032,-46.7,46.7,dash
2.49,0.173,-0.108,0.032,-46.7,46.7,dash
2.49,0.173,-0.108,0.032,-46.7,46.7,dash
2.49,0.173,-0.108,0.032,-46.7,46.7,dash
2.49,0.173,-0.108,0.032,-46.7,46.7,dash
2.49,0.173,-0.108,0.032,-46.7,46.7,dash
2.49,0.173,-0.108,0.032,-46.7,46.7,dash
2.49,0.173,-0.108,0.032,-46.7,46.7,dash
2.49,0.173,-0.108,0.032,-46.7,46.7,dash
2.49,0.173,-0.108,0.032,-46.7,46.7,dash
2.49,0.173,-0.108,0.032,-46.7,46.7,dash
2.49,0.174,-0.108,0.032,-46.7,46.7,dash
2.49,0.173,-0.108,0.032,-46.7,46.7,dash
2.49,0.173,-0.108,0.032,-46.7,46.7,dash
2.49,0.173,-0.108,0.032,-46.7,46.7,dash
2.50,0.173,-0.108,0.032,-46.7,46.7,dash
2.50,0.174,-0.108,0.032,-46.7,46.7,dash
2.50,0.173,-0.108,0.032,-46.7,46.7,dash
2.50,0.173,-0.108,0.032,-46.7,46.7,dash
2.50,0.173,-0.108,0.032,-46.7,46.7,dash
2.50,0.173,-0.108,0.032,-46.7,46.7,dash
2.50,0.173,-0.108,0.032,-46.7,46.7,dash
2.50,0.173,-0.108,0.032,-46.7,46.7,dash
2.50,0.174,-0.108,0.032,-46.7,46.7,dash
2.50,0.173,-0.108,0.032,-46.7,46.7,dash
2.50,0.174,-0.108,0.032,-46.7,46.7,dash
2.50,0.173,-0.108,0.032,-46.7,46.7,dash
2.50,0.174,-0.108,0.032,-46.7,46.7,dash
2.50,0.173,-0.108,0.032,-46.7,46.7,dash
2.50,0.173,-0.108,0.032,-46.7,46.7,dash
2.50,0.173,-0.108,0.032,-46.7,46.7,dash
2.50,0.173,-0.108,0.032,-46.7,46.7,dash
2.50,0.173,-0.108,0.032,-46.7,46.7,dash
2.50,0.173,-0.108,0.032,-46.7,46.7,dash
2.50,0.174,-0.108,0.032,-46.7,46.7,dash
2.50,0.173,-0.108,0.032,-46.7,46.7,dash
2.50,0.173,-0.108,0.032,-46.7,46.7,dash
2.50,0.173,-0.109,0.032,-46.7,46.7,dash
2.51,0.173,-0.109,0.032,-46.7,46.7,dash
2.51,0.173,-0.109,0.032,-46.7,46.7,dash
2.51,0.173,-0.109,0.032,-46.7,46.7,dash
2.51,0.174,-0.109,0.032,-46.7,46.7,dash
2.51,0.174,-0.109,0.032,-46.7,46.7,dash
2.51,0.174,-0.109,0.032,-46.7,46.7,dash
2.51,0.174,-0.109,0.032,-46.7,46.7,dash
2.51,0.174,-0.109,0.032,-46.7,46.7,dash
2.51,0.174,-0.109,0.032,-46.7,46.7,dash
2.51,0.174,-0.109,0.032,-46.7,46.7,dash
2.51,0.174,-0.109,0.032,-46.7,46.7,dash
2.51,0.174,-0.109,0.032,-46.7,46.7,dash
2.51,0.174,-0.109,0.032,-46.7,46.7,dash
2.51,0.174,-0.109,0.032,-46.7,46.7,dash
2.51,0.174,-0.109,0.032,-46.7,46.7,dash
2.51,0.174,-0.109,0.032,-46.7,46.7,dash
2.51,0.174,-0.109,0.032,-46.7,46.7,dash
2.51,0.174,-0.109,0.032,-46.7,46.7,dash
2.51,0.174,-0.109,0.032,-46.7,46.7,dash
2.51,0.174,-0.109,0.032,-46.7,46.7,dash
2.51,0.174,-0.109,0.032,-46.7,46.7,dash
2.51,0.174,-0.109,0.032,-46.7,46.7,dash
2.51,0.174,-0.109,0.032,-46.7,46.7,dash
2.51,0.174,-0.109,0.032,-46.7,46.7,dash
2.52,0.174,-0.109,0.032,-46.7,46.7,dash
2.52,0.174,-0.109,0.032,-46.7,46.7,dash
2.52,0.174,-0.109,0.032,-46.7,46.7,dash
2.52,0.174,-0.109,0.032,-46.7,46.7,dash
2.52,0.174,-0.109,0.032,-46.7,46.7,dash
2.52,0.174,-0.109,0.032,-46.7,46.7,dash
2.52,0.174,-0.109,0.032,-46.7,46.7,dash
2.52,0.174,-0.109,0.032,-46.7,46.7,dash
2.52,0.174,-0.109,0.032,-46.7,46.7,dash
2.52,0.174,-0.109,0.032,-46.7,46.7,dash
2.52,0.174,-0.109,0.032,-46.7,46.7,dash
2.52,0.174,-0.109,0.032,-46.7,46.7,dash
2.52,0.174,-0.109,0.032,-46.7,46.7,dash
2.52,0.174,-0.109,0.032,-46.7,46.7,dash
2.52,0.174,-0.109,0.032,-46.7,46.7,dash
2.52,0.174,-0.109,0.032,-46.7,46.7,dash
2.52,0.174,-0.109,0.032,-46.7,46.7,dash
2.52,0.174,-0.109,0.032,-46.7,46.7,dash
2.52,0.174,-0.109,0.032,-46.7,46.7,dash
2.52,0.174,-0.109,0.032,-46.7,46.7,dash
2.52,0.174,-0.109,0.032,-46.7,46.7,dash
2.52,0.174,-0.109,0.032,-46.7,46.7,dash
2.52,0.174,-0.109,0.032,-46.7,46.7,dash
2.52,0.174,-0.109,0.032,-46.7,46.7,dash
2.53,0.174,-0.109,0.032,-46.7,46.7,dash
2.53,0.174,-0.109,0.032,-46.7,46.7,dash
2.53,0.174,-0.109,0.032,-46.7,46.7,dash
2.53,0.174,-0.109,0.032,-46.7,46.7,dash
2.53,0.174,-0.109,0.032,-46.7,46.7,dash
2.53,0.174,-0.109,0.032,-46.7,46.7,dash
2.53,0.174,-0.109,0.032,-46.7,46.7,dash
2.53,0.174,-0.109,0.032,-46.7,46.7,dash
2.53,0.174,-0.109,0.032,-46.7,46.7,dash
2.53,0.174,-0.109,0.032,-46.7,46.7,dash
2.53,0.174,-0.109,0.032,-46.7,46.7,dash
2.53,0.174,-0.109,0.032,-46.7,46.7,dash
2.53,0.174,-0.109,0.032,-46.7,46.7,dash
2.53,0.174,-0.109,0.032,-46.7,46.7,dash
2.53,0.174,-0.109,0.032,-46.7,46.7,dash
2.53,0.174,-0.109,0.032,-46.7,46.7,dash
2.53,0.174,-0.109,0.032,-46.7,46.7,dash
2.53,0.174,-0.109,0.032,-46.7,46.7,dash
2.53,0.174,-0.109,0.032,-46.7,46.7,dash
2.53,0.174,-0.109,0.032,-46.7,46.7,dash
2.53,0.174,-0.109,0.032,-46.7,46.7,dash
2.53,0.174,-0.109,0.032,-46.7,46.7,dash
2.53,0.174,-0.109,0.032,-46.7,46.7,dash
2.53,0.174,-0.109,0.032,-46.7,46.7,dash
2.54,0.174,-0.109,0.032,-46.7,46.7,dash
2.54,0.174,-0.109,0.032,-46.7,46.7,dash
2.54,0.174,-0.109,0.032,-46.7,46.7,dash
2.54,0.174,-0.109,0.032,-46.7,46.7,dash
2.54,0.174,-0.109,0.032,-46.7,46.7,dash
2.54,0.174,-0.109,0.032,-46.7,46.7,dash
2.54,0.174,-0.109,0.032,-46.7,46.7,dash
2.54,0.174,-0.109,0.032,-46.7,46.7,dash
2.54,0.174,-0.109,0.032,-46.7,46.7,dash
2.54,0.174,-0.109,0.032,-46.7,46.7,dash
2.54,0.174,-0.109,0.032,-46.7,46.7,dash
2.54,0.174,-0.109,0.032,-46.7,46.7,dash
2.54,0.174,-0.109,0.032,-46.7,46.7,dash
2.54,0.174,-0.109,0.032,-46.7,46.7,dash
2.54,0.174,-0.109,0.032,-46.7,46.7,dash
2.54,0.174,-0.109,0.032,-46.7,46.7,dash
2.54,0.174,-0.109,0.032,-46.7,46.7,dash
2.54,0.174,-0.109,0.032,-46.7,46.7,dash
2.54,0.174,-0.109,0.032,-46.7,46.7,dash
2.54,0.175,-0.109,0.032,-46.7,46.7,dash
2.54,0.174,-0.109,0.032,-46.7,46.7,dash
2.54,0.174,-0.109,0.032,-46.7,46.7,dash
2.54,0.174,-0.109,0.032,-46.7,46.7,dash
2.54,0.174,-0.109,0.032,-46.7,46.7,dash
2.55,0.175,-0.109,0.032,-46.7,46.7,dash
2.55,0.174,-0.109,0.032,-46.7,46.7,dash
2.55,0.174,-0.109,0.032,-46.7,46.7,dash
2.55,0.174,-0.109,0.032,-46.7,46.7,dash
2.55,0.174,-0.109,0.032,-46.7,46.7,dash
2.55,0.175,-0.109,0.032,-46.7,46.7,dash
2.55,0.174,-0.109,0.032,-46.7,46.7,dash
2.55,0.175,-0.109,0.032,-46.7,46.7,dash
2.55,0.174,-0.109,0.032,-46.7,46.7,dash
2.55,0.174,-0.109,0.032,-46.7,46.7,dash
2.55,0.174,-0.109,0.032,-46.7,46.7,dash
2.55,0.174,-0.109,0.032,-46.7,46.7,dash
2.55,0.174,-0.109,0.032,-46.7,46.7,dash
2.55,0.174,-0.109,0.032,-46.7,46.7,dash
2.55,0.174,-0.109,0.032,-46.7,46.7,dash
2.55,0.174,-0.109,0.032,-46.7,46.7,dash
2.55,0.174,-0.109,0.032,-46.7,46.7,dash
2.55,0.175,-0.109,0.032,-46.7,46.7,dash
2.55,0.174,-0.109,0.032,-46.7,46.7,dash
2.55,0.174,-0.109,0.032,-46.7,46.7,dash
2.55,0.174,-0.109,0.032,-46.7,46.7,dash
2.55,0.174,-0.109,0.032,-46.7,46.7,dash
2.55,0.174,-0.109,0.032,-46.7,46.7,dash
2.55,0.174,-0.109,0.032,-46.7,46.7,dash
2.56,0.174,-0.109,0.032,-46.7,46.7,dash
2.56,0.174,-0.109,0.032,-46.7,46.7,dash
2.56,0.175,-0.109,0.032,-46.7,46.7,dash
2.56,0.174,-0.109,0.032,-46.7,46.7,dash
2.56,0.174,-0.109,0.032,-46.7,46.7,dash
2.56,0.174,-0.109,0.032,-46.7,46.7,dash
2.56,0.174,-0.109,0.032,-46.7,46.7,dash
2.56,0.175,-0.109,0.032,-46.7,46.7,dash
2.56,0.174,-0.109,0.032,-46.7,46.7,dash
2.56,0.174,-0.109,0.032,-46.7,46.7,dash
2.56,0.175,-0.109,0.032,-46.7,46.7,dash
2.56,0.175,-0.109,0.032,-46.7,46.7,dash
2.56,0.175,-0.109,0.032,-46.7,46.7,dash
2.56,0.175,-0.109,0.032,-46.7,46.7,dash
2.56,0.175,-0.109,0.032,-46.7,46.7,dash
2.56,0.175,-0.109,0.032,-46.7,46.7,dash
2.56,0.175,-0.109,0.032,-46.7,46.7,dash
2.56,0.175,-0.109,0.032,-46.7,46.7,dash
2.56,0.175,-0.109,0.032,-46.7,46.7,dash
2.56,0.175,-0.109,0.032,-46.7,46.7,dash
2.56,0.175,-0.109,0.032,-46.7,46.7,dash
2.56,0.175,-0.109,0.032,-46.7,46.7,dash
2.56,0.175,-0.109,0.032,-46.7,46.7,dash
2.56,0.175,-0.109,0.032,-46.7,46.7,dash
2.57,0.175,-0.109,0.032,-46.7,46.7,dash
2.57,0.175,-0.109,0.032,-46.7,46.7,dash
2.57,0.175,-0.109,0.032,-46.7,46.7,dash
2.57,0.175,-0.109,0.032,-46.7,46.7,dash
2.57,0.175,-0.109,0.032,-46.7,46.7,dash
2.57,0.175,-0.109,0.032,-46.7,46.7,dash
2.57,0.175,-0.109,0.032,-46.7,46.7,dash
2.57,0.175,-0.109,0.032,-46.7,46.7,dash
2.57,0.175,-0.109,0.032,-46.7,46.7,dash
2.57,0.175,-0.109,0.032,-46.7,46.7,dash
2.57,0.175,-0.109,0.032,-46.7,46.7,dash
2.57,0.175,-0.109,0.032,-46.7,46.7,dash
2.57,0.175,-0.109,0.032,-46.7,46.7,dash
2.57,0.175,-0.109,0.032,-46.7,46.7,dash
2.57,0.175,-0.109,0.032,-46.7,46.7,dash
2.57,0.175,-0.109,0.032,-46.7,46.7,dash
2.57,0.175,-0.109,0.032,-46.7,46.7,dash
2.57,0.175,-0.109,0.032,-46.7,46.7,dash
2.57,0.175,-0.109,0.032,-46.7,46.7,dash
2.57,0.175,-0.109,0.032,-46.7,46.7,dash
2.57,0.175,-0.109,0.032,-46.7,46.7,dash
2.57,0.175,-0.109,0.032,-46.7,46.7,dash
2.57,0.175,-0.109,0.032,-46.7,46.7,dash
2.58,0.175,-0.109,0.032,-46.7,46.7,dash
2.58,0.175,-0.109,0.032,-46.7,46.7,dash
2.58,0.175,-0.109,0.032,-46.7,46.7,dash
2.58,0.175,-0.109,0.032,-46.7,46.7,dash
2.58,0.175,-0.109,0.032,-46.7,46.7,dash
2.58,0.175,-0.109,0.032,-46.7,46.7,dash
2.58,0.175,-0.109,0.032,-46.7,46.7,dash
2.58,0.175,-0.109,0.032,-46.7,46.7,dash
2.58,0.175,-0.109,0.032,-46.7,46.7,dash
2.58,0.175,-0.109,0.032,-46.7,46.7,dash
2.58,0.175,-0.109,0.032,-46.7,46.7,dash
2.58,0.175,-0.109,0.032,-46.7,46.7,dash
2.58,0.175,-0.109,0.032,-46.7,46.7,dash
2.58,0.175,-0.109,0.032,-46.7,46.7,dash
2.58,0.175,-0.109,0.032,-46.7,46.7,dash
2.58,0.175,-0.109,0.032,-46.7,46.7,dash
2.58,0.175,-0.109,0.032,-46.7,46.7,dash
2.58,0.175,-0.109,0.032,-46.7,46.7,dash
2.58,0.175,-0.109,0.032,-46.7,46.7,dash
2.58,0.175,-0.109,0.032,-46.7,46.7,dash
2.58,0.175,-0.109,0.032,-46.7,46.7,dash
2.58,0.175,-0.109,0.032,-46.7,46.7,dash
2.58,0.175,-0.109,0.032,-46.7,46.7,dash
2.58,0.175,-0.109,0.032,-46.7,46.7,dash
2.58,0.175,-0.109,0.032,-46.7,46.7,dash
2.59,0.175,-0.109,0.032,-46.7,46.7,dash
2.59,0.175,-0.109,0.032,-46.7,46.7,dash
2.59,0.175,-0.109,0.032,-46.7,46.7,dash
2.59,0.175,-0.109,0.032,-46.7,46.7,dash
2.59,0.175,-0.109,0.032,-46.7,46.7,dash
2.59,0.175,-0.109,0.032,-46.7,46.7,dash
2.59,0.175,-0.109,0.032,-46.7,46.7,dash
2.59,0.175,-0.109,0.032,-46.7,46.7,dash
2.59,0.175,-0.109,0.032,-46.7,46.7,dash
2.59,0.175,-0.109,0.032,-46.7,46.7,dash
2.59,0.175,-0.109,0.032,-46.7,46.7,dash
2.59,0.175,-0.109,0.032,-46.7,46.7,dash
2.59,0.175,-0.109,0.032,-46.7,46.7,dash
2.59,0.175,-0.109,0.032,-46.7,46.7,dash
2.59,0.175,-0.109,0.032,-46.7,46.7,dash
2.59,0.175,-0.109,0.032,-46.7,46.7,dash
2.59,0.175,-0.109,0.032,-46.7,46.7,dash
2.59,0.175,-0.109,0.032,-46.7,46.7,dash
2.59,0.175,-0.109,0.032,-46.7,46.7,dash
2.59,0.175,-0.109,0.032,-46.7,46.7,dash
2.59,0.175,-0.109,0.032,-46.7,46.7,dash
2.59,0.175,-0.109,0.032,-46.7,46.7,dash
2.59,0.175,-0.109,0.032,-46.7,46.7,dash
2.59,0.175,-0.109,0.032,-46.7,46.7,dash
2.59,0.175,-0.109,0.032,-46.7,46.7,dash
2.59,0.175,-0.109,0.032,-46.7,46.7,dash
2.60,0.175,-0.109,0.032,-46.7,46.7,dash
2.60,0.175,-0.109,0.032,-46.7,46.7,dash
2.60,0.175,-0.109,0.032,-46.7,46.7,dash
2.60,0.175,-0.109,0.032,-46.7,46.7,dash
2.60,0.175,-0.109,0.032,-46.7,46.7,dash
2.60,0.175,-0.109,0.032,-46.7,46.7,dash
2.60,0.175,-0.109,0.032,-46.7,46.7,dash
2.60,0.176,-0.109,0.032,-46.7,46.7,dash
2.60,0.175,-0.109,0.032,-46.7,46.7,dash
2.60,0.175,-0.109,0.032,-46.7,46.7,dash
2.60,0.176,-0.109,0.032,-46.7,46.7,dash
2.60,0.175,-0.109,0.032,-46.7,46.7,dash
2.60,0.175,-0.109,0.032,-46.7,46.7,dash
2.60,0.175,-0.109,0.032,-46.7,46.7,dash
2.60,0.175,-0.109,0.032,-46.7,46.7,dash
2.60,0.176,-0.109,0.032,-46.7,46.7,dash
2.60,0.175,-0.109,0.032,-46.7,46.7,dash
2.60,0.175,-0.109,0.032,-46.7,46.7,dash
2.60,0.175,-0.109,0.032,-46.7,46.7,dash
2.60,0.175,-0.109,0.032,-46.7,46.7,dash
2.60,0.175,-0.109,0.032,-46.7,46.7,dash
2.60,0.175,-0.109,0.032,-46.7,46.7,dash
2.60,0.176,-0.109,0.032,-46.7,46.7,dash
2.60,0.175,-0.109,0.032,-46.7,46.7,dash
2.60,0.175,-0.109,0.032,-46.7,46.7,dash
2.61,0.175,-0.109,0.032,-46.7,46.7,dash
2.61,0.175,-0.109,0.032,-46.7,46.7,dash
2.61,0.176,-0.109,0.032,-46.7,46.7,dash
2.61,0.175,-0.109,0.032,-46.7,46.7,dash
2.61,0.175,-0.109,0.032,-46.7,46.7,dash
2.61,0.175,-0.109,0.032,-46.7,46.7,dash
2.61,0.175,-0.109,0.032,-46.7,46.7,dash
2.61,0.175,-0.109,0.032,-46.7,46.7,dash
2.61,0.175,-0.109,0.032,-46.7,46.7,dash
2.61,0.175,-0.109,0.032,-46.7,46.7,dash
2.61,0.175,-0.109,0.032,-46.7,46.7,dash
2.61,0.175,-0.109,0.032,-46.7,46.7,dash
2.61,0.175,-0.109,0.032,-46.7,46.7,dash
2.61,0.175,-0.109,0.032,-46.7,46.7,dash
2.61,0.175,-0.109,0.032,-46.7,46.7,dash
2.61,0.176,-0.109,0.032,-46.7,46.7,dash
2.61,0.176,-0.109,0.032,-46.7,46.7,dash
2.61,0.176,-0.109,0.032,-46.7,46.7,dash
2.61,0.176,-0.109,0.032,-46.7,46.7,dash
2.61,0.176,-0.109,0.032,-46.7,46.7,dash
2.61,0.176,-0.109,0.032,-46.7,46.7,dash
2.61,0.176,-0.109,0.032,-46.7,46.7,dash
2.61,0.176,-0.109,0.032,-46.7,46.7,dash
2.61,0.176,-0.109,0.032,-46.7,46.7,dash
2.61,0.176,-0.109,0.032,-46.7,46.7,dash
2.61,0.176,-0.109,0.032,-46.7,46.7,dash
2.62,0.176,-0.109,0.032,-46.7,46.7,dash
2.62,0.176,-0.109,0.032,-46.7,46.7,dash
2.62,0.176,-0.109,0.032,-46.7,46.7,dash
2.62,0.176,-0.109,0.032,-46.7,46.7,dash
2.62,0.176,-0.109,0.032,-46.7,46.7,dash
2.62,0.176,-0.109,0.032,-46.7,46.7,dash
2.62,0.176,-0.109,0.032,-46.7,46.7,dash
2.62,0.176,-0.109,0.032,-46.7,46.7,dash
2.62,0.176,-0.109,0.032,-46.7,46.7,dash
2.62,0.176,-0.109,0.032,-46.7,46.7,dash
2.62,0.176,-0.109,0.032,-46.7,46.7,dash
2.62,0.176,-0.109,0.032,-46.7,46.7,dash
2.62,0.176,-0.109,0.032,-46.7,46.7,dash
2.62,0.176,-0.109,0.032,-46.7,46.7,dash
2.62,0.176,-0.109,0.032,-46.7,46.7,dash
2.62,0.176,-0.109,0.032,-46.7,46.7,dash
2.62,0.176,-0.109,0.032,-46.7,46.7,dash
2.62,0.176,-0.109,0.032,-46.7,46.7,dash
2.62,0.176,-0.109,0.032,-46.7,46.7,dash
2.62,0.176,-0.109,0.032,-46.7,46.7,dash
2.62,0.176,-0.109,0.032,-46.7,46.7,dash
2.62,0.176,-0.109,0.032,-46.7,46.7,dash
2.62,0.176,-0.109,0.032,-46.7,46.7,dash
2.62,0.176,-0.109,0.032,-46.7,46.7,dash
2.63,0.176,-0.109,0.032,-46.7,46.7,dash
2.63,0.176,-0.109,0.032,-46.7,46.7,dash
2.63,0.176,-0.109,0.032,-46.7,46.7,dash
2.63,0.176,-0.109,0.032,-46.7,46.7,dash
2.63,0.176,-0.109,0.032,-46.7,46.7,dash
2.63,0.176,-0.109,0.032,-46.7,46.7,dash
2.63,0.176,-0.109,0.032,-46.7,46.7,dash
2.63,0.176,-0.109,0.032,-46.7,46.7,dash
2.63,0.176,-0.109,0.032,-46.7,46.7,dash
2.63,0.176,-0.109,0.032,-46.7,46.7,dash
2.63,0.176,-0.109,0.032,-46.7,46.7,dash
2.63,0.176,-0.109,0.032,-46.7,46.7,dash
2.63,0.176,-0.109,0.032,-46.7,46.7,dash
2.63,0.176,-0.109,0.032,-46.7,46.7,dash
2.63,0.176,-0.109,0.032,-46.7,46.7,dash
2.63,0.176,-0.109,0.032,-46.7,46.7,dash
2.63,0.176,-0.109,0.032,-46.7,46.7,dash
2.63,0.176,-0.109,0.032,-46.7,46.7,dash
2.63,0.176,-0.109,0.032,-46.7,46.7,dash
2.63,0.176,-0.109,0.032,-46.7,46.7,dash
2.63,0.176,-0.109,0.032,-46.7,46.7,dash
2.63,0.176,-0.109,0.032,-46.7,46.7,dash
2.63,0.176,-0.109,0.032,-46.7,46.7,dash
2.63,0.176,-0.109,0.032,-46.7,46.7,dash
2.64,0.176,-0.109,0.032,-46.7,46.7,dash
2.64,0.176,-0.109,0.032,-46.7,46.7,dash
2.64,0.176,-0.109,0.032,-46.7,46.7,dash
2.64,0.176,-0.109,0.032,-46.7,46.7,dash
2.64,0.176,-0.109,0.032,-46.7,46.7,dash
2.64,0.176,-0.109,0.032,-46.7,46.7,dash
2.64,0.176,-0.109,0.032,-46.7,46.7,dash
2.64,0.176,-0.109,0.032,-46.7,46.7,dash
2.64,0.176,-0.109,0.032,-46.7,46.7,dash
2.64,0.176,-0.109,0.032,-46.7,46.7,dash
2.64,0.176,-0.109,0.032,-46.7,46.7,dash
2.64,0.176,-0.109,0.032,-46.7,46.7,dash
2.64,0.176,-0.109,0.032,-46.7,46.7,dash
2.64,0.176,-0.109,0.032,-46.7,46.7,dash
2.64,0.176,-0.109,0.032,-46.7,46.7,dash
2.64,0.176,-0.109,0.032,-46.7,46.7,dash
2.64,0.176,-0.109,0.032,-46.7,46.7,dash
2.64,0.176,-0.109,0.032,-46.7,46.7,dash
2.64,0.176,-0.109,0.032,-46.7,46.7,dash
2.64,0.176,-0.109,0.032,-46.7,46.7,dash
2.64,0.176,-0.109,0.032,-46.7,46.7,dash
2.64,0.176,-0.109,0.032,-46.7,46.7,dash
2.64,0.176,-0.109,0.032,-46.7,46.7,dash
2.64,0.176,-0.109,0.032,-46.7,46.7,dash
2.64,0.176,-0.109,0.032,-46.7,46.7,dash
2.65,0.176,-0.109,0.032,-46.7,46.7,dash
2.65,0.176,-0.109,0.032,-46.7,46.7,dash
2.65,0.176,-0.109,0.032,-46.7,46.7,dash
2.65,0.176,-0.109,0.032,-46.7,46.7,dash
2.65,0.176,-0.109,0.032,-46.7,46.7,dash
2.65,0.176,-0.109,0.032,-46.7,46.7,dash
2.65,0.176,-0.109,0.032,-46.7,46.7,dash
2.65,0.177,-0.109,0.032,-46.7,46.7,dash
2.65,0.176,-0.109,0.032,-46.7,46.7,dash
2.65,0.176,-0.109,0.032,-46.7,46.7,dash
2.65,0.176,-0.109,0.032,-46.7,46.7,dash
2.65,0.176,-0.109,0.032,-46.7,46.7,dash
2.65,0.177,-0.109,0.032,-46.7,46.7,dash
2.65,0.176,-0.109,0.032,-46.7,46.7,dash
2.65,0.176,-0.109,0.032,-46.7,46.7,dash
2.65,0.176,-0.109,0.032,-46.7,46.7,dash
2.65,0.176,-0.109,0.032,-46.7,46.7,dash
2.65,0.176,-0.109,0.032,-46.7,46.7,dash
2.65,0.176,-0.109,0.032,-46.7,46.7,dash
2.65,0.177,-0.109,0.032,-46.7,46.7,dash
2.65,0.176,-0.109,0.032,-46.7,46.7,dash
2.65,0.176,-0.109,0.032,-46.7,46.7,dash
2.65,0.176,-0.109,0.032,-46.7,46.7,dash
2.65,0.176,-0.109,0.032,-46.7,46.7,dash
2.66,0.177,-0.109,0.032,-46.7,46.7,dash
2.66,0.176,-0.109,0.032,-46.7,46.7,dash
2.66,0.176,-0.109,0.032,-46.7,46.7,dash
2.66,0.176,-0.109,0.032,-46.7,46.7,dash
2.66,0.176,-0.109,0.032,-46.7,46.7,dash
2.66,0.177,-0.109,0.032,-46.7,46.7,dash
2.66,0.176,-0.109,0.032,-46.7,46.7,dash
2.66,0.176,-0.109,0.032,-46.7,46.7,dash
2.66,0.176,-0.109,0.032,-46.7,46.7,dash
2.66,0.176,-0.109,0.032,-46.7,46.7,dash
2.66,0.176,-0.109,0.032,-46.7,46.7,dash
2.66,0.176,-0.109,0.032,-46.7,46.7,dash
2.66,0.177,-0.109,0.032,-46.7,46.7,dash
2.66,0.176,-0.109,0.032,-46.7,46.7,dash
2.66,0.176,-0.109,0.032,-46.7,46.7,dash
2.66,0.176,-0.109,0.032,-46.7,46.7,dash
2.66,0.176,-0.109,0.032,-46.7,46.7,dash
2.66,0.176,-0.109,0.032,-46.7,46.7,dash
2.66,0.176,-0.109,0.032,-46.7,46.7,dash
2.66,0.176,-0.109,0.032,-46.7,46.7,dash
2.66,0.176,-0.109,0.032,-46.7,46.7,dash
2.66,0.176,-0.109,0.032,-46.7,46.7,dash
2.66,0.176,-0.109,0.032,-46.7,46.7,dash
2.66,0.177,-0.109,0.032,-46.7,46.7,dash
2.66,0.177,-0.109,0.032,-46.7,46.7,dash
2.67,0.177,-0.109,0.032,-46.7,46.7,dash
2.67,0.177,-0.109,0.032,-46.7,46.7,dash
2.67,0.177,-0.109,0.032,-46.7,46.7,dash
2.67,0.177,-0.109,0.032,-46.7,46.7,dash
2.67,0.177,-0.109,0.032,-46.7,46.7,settle
2.67,0.177,-0.109,0.032,-46.7,46.7,settle
2.67,0.177,-0.109,0.032,-46.7,46.7,settle
2.67,0.177,-0.109,0.032,-46.7,46.7,settle
2.67,0.177,-0.109,0.032,-46.7,46.7,settle
2.67,0.177,-0.109,0.032,-46.7,46.7,settle
2.67,0.177,-0.109,0.032,-46.7,46.7,settle
2.67,0.177,-0.109,0.032,-46.7,46.7,settle
2.67,0.177,-0.109,0.032,-46.7,46.7,settle
2.67,0.177,-0.109,0.032,-46.7,46.7,settle
2.67,0.177,-0.109,0.032,-46.7,46.7,settle
2.67,0.177,-0.109,0.032,-46.7,46.7,settle
2.67,0.177,-0.109,0.032,-46.7,46.7,settle
2.67,0.177,-0.109,0.032,-46.7,46.7,settle
2.67,0.177,-0.109,0.032,-46.7,46.7,settle
2.67,0.177,-0.109,0.032,-46.7,46.7,settle
2.67,0.177,-0.109,0.032,-46.7,46.7,settle
2.67,0.177,-0.109,0.032,-46.7,46.7,settle
2.67,0.177,-0.109,0.032,-46.7,46.7,settle
2.67,0.177,-0.109,0.032,-46.7,46.7,settle
2.67,0.177,-0.109,0.032,-46.7,46.7,settle
2.68,0.177,-0.109,0.032,-46.7,46.7,settle
2.68,0.177,-0.109,0.032,-46.7,46.7,settle
2.68,0.177,-0.109,0.032,-46.7,46.7,settle
2.68,0.177,-0.109,0.032,-46.7,46.7,settle
2.68,0.177,-0.109,0.032,-46.7,46.7,settle
2.68,0.177,-0.109,0.032,-46.7,46.7,settle
2.68,0.177,-0.109,0.032,-46.7,46.7,settle
2.68,0.177,-0.109,0.032,-46.7,46.7,settle
2.68,0.177,-0.109,0.032,-46.7,46.7,settle
2.68,0.177,-0.109,0.032,-46.7,46.7,settle
2.68,0.177,-0.109,0.032,-46.7,46.7,settle
2.68,0.177,-0.109,0.032,-46.7,46.7,settle
2.68,0.177,-0.109,0.032,-46.7,46.7,settle
2.68,0.177,-0.109,0.032,-46.7,46.7,settle
2.68,0.177,-0.109,0.032,-46.7,46.7,settle
2.68,0.177,-0.109,0.032,-46.7,46.7,settle
2.68,0.177,-0.109,0.032,-46.7,46.7,settle
2.68,0.177,-0.109,0.032,-46.7,46.7,settle
2.68,0.177,-0.109,0.032,-46.7,46.7,settle
2.68,0.177,-0.109,0.032,-46.7,46.7,settle
2.68,0.177,-0.109,0.032,-46.7,46.7,settle
2.68,0.177,-0.109,0.032,-46.7,46.7,settle
2.68,0.177,-0.109,0.032,-46.7,46.7,settle
2.68,0.177,-0.109,0.032,-46.7,46.7,settle
2.68,0.177,-0.109,0.032,-46.7,46.7,settle
2.69,0.177,-0.109,0.032,-46.7,46.7,settle
2.69,0.177,-0.109,0.032,-46.7,46.7,settle
2.69,0.177,-0.109,0.032,-46.7,46.7,settle
2.69,0.177,-0.109,0.032,-46.7,46.7,settle
2.69,0.177,-0.109,0.032,-46.7,46.7,settle
2.69,0.177,-0.109,0.032,-46.7,46.7,settle
2.69,0.177,-0.109,0.032,-46.7,46.7,settle
2.69,0.177,-0.109,0.032,-46.7,46.7,settle
2.69,0.177,-0.109,0.032,-46.7,46.7,settle
2.69,0.177,-0.109,0.032,-46.7,46.7,settle
2.69,0.178,-0.109,0.032,-46.7,46.7,settle
2.69,0.177,-0.109,0.032,-46.7,46.7,settle
2.69,0.177,-0.109,0.032,-46.7,46.7,settle
2.69,0.177,-0.109,0.032,-46.7,46.7,settle
2.69,0.177,-0.109,0.032,-46.7,46.7,settle
2.69,0.177,-0.109,0.032,-46.7,46.7,settle
2.69,0.177,-0.109,0.032,-46.7,46.7,settle
2.69,0.177,-0.109,0.032,-46.7,46.7,settle
2.69,0.178,-0.109,0.032,-46.7,46.7,settle
2.69,0.177,-0.109,0.032,-46.7,46.7,settle
2.69,0.177,-0.109,0.032,-46.7,46.7,settle
2.69,0.177,-0.109,0.032,-46.7,46.7,settle
2.69,0.177,-0.109,0.032,-46.7,46.7,settle
2.69,0.177,-0.109,0.032,-46.7,46.7,settle
2.69,0.177,-0.109,0.032,-46.7,46.7,settle
2.69,0.177,-0.109,0.032,-46.7,46.7,settle
2.70,0.178,-0.109,0.032,-46.7,46.7,settle
2.70,0.178,-0.109,0.032,-46.7,46.7,settle
2.70,0.178,-0.109,0.032,-46.7,46.7,settle
2.70,0.178,-0.109,0.032,-46.7,46.7,settle
2.70,0.178,-0.109,0.032,-46.7,46.7,settle
2.70,0.178,-0.109,0.032,-46.7,46.7,settle
2.70,0.178,-0.109,0.032,-46.7,46.7,settle
2.70,0.178,-0.109,0.032,-46.7,46.7,settle
2.70,0.178,-0.109,0.032,-46.7,46.7,settle
2.70,0.178,-0.109,0.032,-46.7,46.7,settle
2.70,0.178,-0.109,0.032,-46.7,46.7,settle
2.70,0.178,-0.109,0.032,-46.7,46.7,settle
2.70,0.178,-0.109,0.032,-46.7,46.7,settle
2.70,0.178,-0.109,0.032,-46.7,46.7,settle
2.70,0.178,-0.109,0.032,-46.7,46.7,settle
2.70,0.178,-0.109,0.032,-46.7,46.7,settle
2.70,0.178,-0.109,0.032,-46.7,46.7,settle
2.70,0.178,-0.109,0.032,-46.7,46.7,settle
2.70,0.178,-0.109,0.032,-46.7,46.7,settle
2.70,0.178,-0.109,0.032,-46.7,46.7,settle
2.70,0.178,-0.109,0.032,-46.7,46.7,settle
2.70,0.178,-0.109,0.032,-46.7,46.7,settle
2.70,0.178,-0.109,0.032,-46.7,46.7,settle
2.70,0.178,-0.109,0.032,-46.7,46.7,settle
2.70,0.178,-0.109,0.032,-46.7,46.7,settle
2.70,0.178,-0.109,0.032,-46.7,46.7,settle
2.71,0.178,-0.109,0.032,-46.7,46.7,settle
2.71,0.178,-0.109,0.032,-46.7,46.7,settle
2.71,0.178,-0.109,0.032,-46.7,46.7,settle
2.71,0.178,-0.109,0.032,-46.7,46.7,settle
2.71,0.178,-0.109,0.032,-46.7,46.7,settle
2.71,0.178,-0.109,0.032,-46.7,46.7,settle
2.71,0.178,-0.109,0.032,-46.7,46.7,settle
2.71,0.178,-0.109,0.032,-46.7,46.7,settle
2.71,0.178,-0.109,0.032,-46.7,46.7,settle
2.71,0.178,-0.109,0.032,-46.7,46.7,settle
2.71,0.179,-0.109,0.032,-46.7,46.7,settle
2.71,0.178,-0.109,0.032,-46.7,46.7,settle
2.71,0.178,-0.109,0.032,-46.7,46.7,settle
2.71,0.179,-0.109,0.032,-46.7,46.7,settle
2.71,0.178,-0.109,0.032,-46.7,46.7,settle
2.71,0.178,-0.109,0.032,-46.7,46.7,settle
2.71,0.178,-0.109,0.032,-46.7,46.7,settle
2.71,0.178,-0.109,0.032,-46.7,46.7,settle
2.71,0.179,-0.109,0.032,-46.7,46.7,settle
2.71,0.178,-0.109,0.032,-46.7,46.7,settle
2.71,0.178,-0.109,0.032,-46.7,46.7,settle
2.71,0.179,-0.109,0.032,-46.7,46.7,settle
2.71,0.179,-0.109,0.032,-46.7,46.7,settle
2.71,0.179,-0.109,0.032,-46.7,46.7,settle
2.71,0.179,-0.109,0.032,-46.7,46.7,settle
2.71,0.179,-0.109,0.032,-46.7,46.7,settle
2.72,0.179,-0.109,0.032,-46.7,46.7,settle
2.72,0.179,-0.109,0.032,-46.7,46.7,settle
2.72,0.179,-0.109,0.032,-46.7,46.7,settle
2.72,0.179,-0.109,0.032,-46.7,46.7,settle
2.72,0.179,-0.109,0.032,-46.7,46.7,settle
2.72,0.179,-0.109,0.032,-46.7,46.7,settle
2.72,0.179,-0.109,0.032,-46.7,46.7,settle
2.72,0.179,-0.109,0.032,-46.7,46.7,settle
2.72,0.179,-0.109,0.032,-46.7,46.7,settle
2.72,0.179,-0.109,0.032,-46.7,46.7,settle
2.72,0.179,-0.109,0.032,-46.7,46.7,settle
2.72,0.179,-0.109,0.032,-46.7,46.7,settle
2.72,0.179,-0.109,0.032,-46.7,46.7,settle
2.72,0.179,-0.109,0.032,-46.7,46.7,settle
2.72,0.179,-0.109,0.032,-46.7,46.7,settle
2.72,0.179,-0.109,0.032,-46.7,46.7,settle
2.72,0.179,-0.109,0.032,-46.7,46.7,settle
2.72,0.179,-0.109,0.032,-46.7,46.7,settle
2.72,0.179,-0.109,0.032,-46.7,46.7,settle
2.72,0.179,-0.109,0.032,-46.7,46.7,settle
2.72,0.179,-0.109,0.032,-46.7,46.7,settle
2.72,0.179,-0.109,0.032,-46.7,46.7,settle
2.72,0.179,-0.109,0.032,-46.7,46.7,settle
2.72,0.179,-0.109,0.032,-46.7,46.7,settle
2.72,0.179,-0.109,0.032,-46.7,46.7,settle
2.72,0.179,-0.109,0.032,-46.7,46.7,settle
2.73,0.180,-0.109,0.032,-46.7,46.7,settle
2.73,0.179,-0.109,0.032,-46.7,46.7,settle
2.73,0.179,-0.109,0.032,-46.7,46.7,settle
2.73,0.180,-0.109,0.032,-46.7,46.7,settle
2.73,0.180,-0.109,0.032,-46.7,46.7,settle
2.73,0.180,-0.109,0.032,-46.7,46.7,settle
2.73,0.180,-0.109,0.032,-46.7,46.7,settle
2.73,0.180,-0.109,0.032,-46.7,46.7,settle
2.73,0.180,-0.109,0.032,-46.7,46.7,settle
2.73,0.180,-0.109,0.032,-46.7,46.7,settle
2.73,0.180,-0.109,0.032,-46.7,46.7,settle
2.73,0.180,-0.109,0.032,-46.7,46.7,settle
2.73,0.180,-0.109,0.032,-46.7,46.7,settle
2.73,0.180,-0.109,0.032,-46.7,46.7,settle
2.73,0.180,-0.109,0.032,-46.7,46.7,settle
2.73,0.180,-0.109,0.032,-46.7,46.7,settle
2.73,0.180,-0.109,0.032,-46.7,46.7,settle
2.73,0.180,-0.109,0.032,-46.7,46.7,settle
2.73,0.180,-0.109,0.032,-46.7,46.7,settle
2.73,0.180,-0.109,0.032,-46.7,46.7,settle
2.73,0.180,-0.109,0.032,-46.7,46.7,settle
2.73,0.180,-0.109,0.032,-46.7,46.7,settle
2.73,0.180,-0.109,0.032,-46.7,46.7,settle
2.73,0.180,-0.109,0.032,-46.7,46.7,settle
2.73,0.180,-0.109,0.032,-46.7,46.7,settle
2.73,0.180,-0.109,0.032,-46.7,46.7,settle
2.74,0.180,-0.109,0.032,-46.7,46.7,settle
2.74,0.180,-0.109,0.032,-46.7,46.7,settle
2.74,0.180,-0.109,0.032,-46.7,46.7,settle
2.74,0.181,-0.109,0.032,-46.7,46.7,settle
2.74,0.180,-0.109,0.032,-46.7,46.7,settle
2.74,0.180,-0.109,0.032,-46.7,46.7,settle
2.74,0.180,-0.109,0.032,-46.7,46.7,settle
2.74,0.180,-0.109,0.032,-46.7,46.7,settle
2.74,0.180,-0.109,0.032,-46.7,46.7,settle
2.74,0.181,-0.109,0.032,-46.7,46.7,settle
2.74,0.181,-0.109,0.032,-46.7,46.7,settle
2.74,0.181,-0.109,0.032,-46.7,46.7,settle
2.74,0.181,-0.109,0.032,-46.7,46.7,settle
2.74,0.181,-0.109,0.032,-46.7,46.7,settle
2.74,0.181,-0.109,0.032,-46.7,46.7,settle
2.74,0.181,-0.109,0.032,-46.7,46.7,settle
2.74,0.181,-0.109,0.032,-46.7,46.7,settle
2.74,0.181,-0.109,0.032,-46.7,46.7,settle
2.74,0.181,-0.109,0.032,-46.7,46.7,settle
2.74,0.181,-0.109,0.032,-46.7,46.7,settle
2.74,0.181,-0.109,0.032,-46.7,46.7,settle
2.74,0.181,-0.109,0.032,-46.7,46.7,settle
2.74,0.181,-0.109,0.032,-46.7,46.7,settle
2.74,0.181,-0.109,0.032,-46.7,46.7,settle
2.74,0.181,-0.109,0.032,-46.7,46.7,settle
2.74,0.181,-0.109,0.032,-46.7,46.7,settle
2.75,0.181,-0.109,0.032,-46.7,46.7,settle
2.75,0.181,-0.109,0.032,-46.7,46.7,settle
2.75,0.181,-0.109,0.032,-46.7,46.7,settle
2.75,0.181,-0.109,0.032,-46.7,46.7,settle
2.75,0.181,-0.109,0.032,-46.7,46.7,settle
2.75,0.181,-0.109,0.032,-46.7,46.7,settle
2.75,0.181,-0.109,0.032,-46.7,46.7,settle
2.75,0.181,-0.109,0.032,-46.7,46.7,settle
2.75,0.182,-0.109,0.032,-46.7,46.7,settle
2.75,0.182,-0.109,0.032,-46.7,46.7,settle
2.75,0.182,-0.109,0.032,-46.7,46.7,settle
2.75,0.182,-0.109,0.032,-46.7,46.7,settle
2.75,0.182,-0.109,0.032,-46.7,46.7,settle
2.75,0.182,-0.109,0.032,-46.7,46.7,settle
2.75,0.182,-0.109,0.032,-46.7,46.7,settle
2.75,0.182,-0.109,0.032,-46.7,46.7,settle
2.75,0.182,-0.109,0.032,-46.7,46.7,settle
2.75,0.182,-0.109,0.032,-46.7,46.7,settle
2.75,0.182,-0.109,0.032,-46.7,46.7,settle
2.75,0.182,-0.109,0.032,-46.7,46.7,settle
2.75,0.182,-0.109,0.032,-46.7,46.7,settle
2.75,0.182,-0.109,0.032,-46.7,46.7,settle
2.75,0.182,-0.109,0.032,-46.7,46.7,settle
2.75,0.182,-0.109,0.032,-46.7,46.7,settle
2.75,0.182,-0.109,0.032,-46.7,46.7,settle
2.75,0.182,-0.109,0.032,-46.7,46.7,settle
2.76,0.182,-0.109,0.032,-46.7,46.7,settle
2.76,0.182,-0.109,0.032,-46.7,46.7,settle
2.76,0.182,-0.109,0.032,-46.7,46.7,settle
2.76,0.182,-0.109,0.032,-46.7,46.7,settle
2.76,0.182,-0.109,0.032,-46.7,46.7,settle
2.76,0.183,-0.109,0.032,-46.7,46.7,settle
2.76,0.182,-0.109,0.032,-46.7,46.7,settle
2.76,0.182,-0.109,0.032,-46.7,46.7,settle
2.76,0.183,-0.109,0.032,-46.7,46.7,settle
2.76,0.183,-0.109,0.032,-46.7,46.7,settle
2.76,0.183,-0.109,0.032,-46.7,46.7,settle
2.76,0.183,-0.109,0.032,-46.7,46.7,settle
2.76,0.183,-0.109,0.032,-46.7,46.7,settle
2.76,0.183,-0.109,0.032,-46.7,46.7,settle
2.76,0.183,-0.109,0.032,-46.7,46.7,settle
2.76,0.183,-0.109,0.032,-46.7,46.7,settle
2.76,0.183,-0.109,0.032,-46.7,46.7,settle
2.76,0.183,-0.109,0.032,-46.7,46.7,settle
2.76,0.183,-0.109,0.032,-46.7,46.7,settle
2.76,0.183,-0.109,0.032,-46.7,46.7,settle
2.76,0.183,-0.109,0.032,-46.7,46.7,settle
2.76,0.183,-0.109,0.032,-46.7,46.7,settle
2.76,0.183,-0.109,0.032,-46.7,46.7,settle
2.76,0.183,-0.109,0.032,-46.7,46.7,settle
2.76,0.183,-0.109,0.032,-46.7,46.7,settle
2.76,0.183,-0.109,0.032,-46.7,46.7,settle
2.77,0.184,-0.109,0.032,-46.7,46.7,settle
2.77,0.183,-0.109,0.032,-46.7,46.7,settle
2.77,0.183,-0.109,0.032,-46.7,46.7,settle
2.77,0.183,-0.109,0.032,-46.7,46.7,settle
2.77,0.183,-0.109,0.032,-46.7,46.7,settle
2.77,0.184,-0.109,0.032,-46.7,46.7,settle
2.77,0.184,-0.109,0.032,-46.7,46.7,settle
2.77,0.184,-0.109,0.032,-46.7,46.7,settle
2.77,0.184,-0.109,0.032,-46.7,46.7,settle
2.77,0.184,-0.109,0.032,-46.7,46.7,settle
2.77,0.184,-0.109,0.032,-46.7,46.7,settle
2.77,0.184,-0.109,0.032,-46.7,46.7,settle
2.77,0.184,-0.109,0.032,-46.7,46.7,settle
2.77,0.184,-0.109,0.032,-46.7,46.7,settle
2.77,0.184,-0.109,0.032,-46.7,46.7,settle
2.77,0.184,-0.109,0.032,-46.7,46.7,settle
2.77,0.184,-0.109,0.032,-46.7,46.7,settle
2.77,0.184,-0.109,0.032,-46.7,46.7,settle
2.77,0.184,-0.109,0.032,-46.7,46.7,settle
2.77,0.185,-0.109,0.032,-46.7,46.7,settle
2.77,0.184,-0.109,0.032,-46.7,46.7,settle
2.77,0.184,-0.109,0.032,-46.7,46.7,settle
2.77,0.184,-0.109,0.032,-46.7,46.7,settle
2.77,0.184,-0.109,0.032,-46.7,46.7,settle
2.78,0.185,-0.109,0.032,-46.7,46.7,settle
2.78,0.185,-0.109,0.032,-46.7,46.7,settle
2.78,0.185,-0.109,0.032,-46.7,46.7,settle
2.78,0.185,-0.109,0.032,-46.7,46.7,settle
2.78,0.185,-0.109,0.032,-46.7,46.7,settle
2.78,0.185,-0.109,0.032,-46.7,46.7,settle
2.78,0.185,-0.109,0.032,-46.7,46.7,settle
2.78,0.185,-0.109,0.032,-46.7,46.7,settle
2.78,0.185,-0.109,0.032,-46.7,46.7,settle
2.78,0.185,-0.109,0.032,-46.7,46.7,settle
2.78,0.185,-0.109,0.032,-46.7,46.7,settle
2.78,0.185,-0.109,0.032,-46.7,46.7,settle
2.78,0.185,-0.109,0.032,-46.7,46.7,settle
2.78,0.185,-0.109,0.032,-46.7,46.7,settle
2.78,0.186,-0.109,0.032,-46.7,46.7,settle
2.78,0.185,-0.109,0.032,-46.7,46.7,settle
2.78,0.185,-0.109,0.032,-46.7,46.7,settle
2.78,0.186,-0.109,0.032,-46.7,46.7,settle
2.78,0.186,-0.109,0.032,-46.7,46.7,settle
2.78,0.186,-0.109,0.032,-46.7,46.7,settle
2.78,0.186,-0.109,0.032,-46.7,46.7,settle
2.78,0.186,-0.109,0.032,-46.7,46.7,settle
2.78,0.186,-0.109,0.032,-46.7,46.7,settle
2.78,0.186,-0.109,0.032,-46.7,46.7,settle
2.79,0.186,-0.109,0.032,-46.7,46.7,settle
2.79,0.186,-0.109,0.032,-46.7,46.7,settle
2.79,0.186,-0.109,0.032,-46.7,46.7,settle
2.79,0.186,-0.109,0.032,-46.7,46.7,settle
2.79,0.186,-0.109,0.032,-46.7,46.7,settle
2.79,0.186,-0.109,0.032,-46.7,46.7,settle
2.79,0.186,-0.109,0.032,-46.7,46.7,settle
2.79,0.186,-0.109,0.032,-46.7,46.7,settle
2.79,0.186,-0.109,0.032,-46.7,46.7,settle
2.79,0.186,-0.109,0.032,-46.7,46.7,settle
2.79,0.187,-0.109,0.032,-46.7,46.7,settle
2.79,0.187,-0.109,0.032,-46.7,46.7,settle
2.79,0.187,-0.109,0.032,-46.7,46.7,settle
2.79,0.187,-0.109,0.032,-46.7,46.7,settle
2.79,0.187,-0.109,0.032,-46.7,46.7,settle
2.79,0.187,-0.109,0.032,-46.7,46.7,settle
2.79,0.187,-0.109,0.032,-46.7,46.7,settle
2.79,0.187,-0.109,0.032,-46.7,46.7,settle
2.79,0.187,-0.109,0.032,-46.7,46.7,settle
2.79,0.187,-0.109,0.032,-46.7,46.7,settle
2.79,0.187,-0.109,0.032,-46.7,46.7,settle
2.79,0.187,-0.109,0.032,-46.7,46.7,settle
2.79,0.187,-0.109,0.032,-46.7,46.7,settle
2.79,0.187,-0.109,0.032,-46.7,46.7,settle
2.79,0.187,-0.109,0.032,-46.7,46.7,settle
2.80,0.187,-0.109,0.032,-46.7,46.7,settle
2.80,0.187,-0.109,0.032,-46.7,46.7,settle
2.80,0.188,-0.109,0.032,-46.7,46.7,settle
2.80,0.188,-0.109,0.032,-46.7,46.7,settle
2.80,0.188,-0.109,0.032,-46.7,46.7,settle
2.80,0.188,-0.109,0.032,-46.7,46.7,settle
2.80,0.188,-0.109,0.032,-46.7,46.7,settle
2.80,0.188,-0.109,0.032,-46.7,46.7,settle
2.80,0.188,-0.109,0.032,-46.7,46.7,settle
2.80,0.188,-0.109,0.032,-46.7,46.7,settle
2.80,0.188,-0.109,0.032,-46.7,46.7,settle
2.80,0.188,-0.109,0.032,-46.7,46.7,settle
2.80,0.188,-0.109,0.032,-46.7,46.7,settle
2.80,0.188,-0.109,0.032,-46.7,46.7,settle
2.80,0.188,-0.109,0.032,-46.7,46.7,settle
2.80,0.188,-0.109,0.032,-46.7,46.7,settle
2.80,0.188,-0.109,0.032,-46.7,46.7,settle
2.80,0.188,-0.109,0.032,-46.7,46.7,settle
2.80,0.188,-0.109,0.032,-46.7,46.7,settle
2.80,0.189,-0.109,0.032,-46.7,46.7,settle
2.80,0.189,-0.109,0.032,-46.7,46.7,settle
2.80,0.189,-0.109,0.032,-46.7,46.7,settle
2.80,0.189,-0.109,0.032,-46.7,46.7,settle
2.80,0.189,-0.109,0.032,-46.7,46.7,settle
2.81,0.189,-0.109,0.032,-46.7,46.7,settle
2.81,0.189,-0.109,0.032,-46.7,46.7,settle
2.81,0.189,-0.109,0.032,-46.7,46.7,settle
2.81,0.189,-0.109,0.032,-46.7,46.7,settle
2.81,0.189,-0.109,0.032,-46.7,46.7,settle
2.81,0.189,-0.109,0.032,-46.7,46.7,settle
2.81,0.189,-0.109,0.032,-46.7,46.7,settle
2.81,0.190,-0.109,0.032,-46.7,46.7,settle
2.81,0.189,-0.109,0.032,-46.7,46.7,settle
2.81,0.189,-0.109,0.032,-46.7,46.7,settle
2.81,0.190,-0.109,0.032,-46.7,46.7,settle
2.81,0.190,-0.109,0.032,-46.7,46.7,settle
2.81,0.190,-0.109,0.032,-46.7,46.7,settle
2.81,0.190,-0.109,0.032,-46.7,46.7,settle
2.81,0.190,-0.109,0.032,-46.7,46.7,settle
2.81,0.190,-0.109,0.032,-46.7,46.7,settle
2.81,0.190,-0.109,0.032,-46.7,46.7,settle
2.81,0.190,-0.109,0.032,-46.7,46.7,settle
2.81,0.190,-0.109,0.032,-46.7,46.7,settle
2.81,0.190,-0.109,0.032,-46.7,46.7,settle
2.81,0.190,-0.109,0.032,-46.7,46.7,settle
2.81,0.190,-0.109,0.032,-46.7,46.7,settle
2.81,0.191,-0.109,0.032,-46.7,46.7,settle
2.81,0.190,-0.109,0.032,-46.7,46.7,settle
2.82,0.190,-0.109,0.032,-46.7,46.7,settle
2.82,0.191,-0.109,0.032,-46.7,46.7,settle
2.82,0.191,-0.109,0.032,-46.7,46.7,settle
2.82,0.191,-0.109,0.032,-46.7,46.7,settle
2.82,0.191,-0.109,0.032,-46.7,46.7,settle
2.82,0.191,-0.109,0.032,-46.7,46.7,settle
2.82,0.191,-0.109,0.032,-46.7,46.7,settle
2.82,0.191,-0.109,0.032,-46.7,46.7,settle
2.82,0.191,-0.109,0.032,-46.7,46.7,settle
2.82,0.191,-0.109,0.032,-46.7,46.7,settle
2.82,0.191,-0.109,0.032,-46.7,46.7,settle
2.82,0.191,-0.109,0.032,-46.7,46.7,settle
2.82,0.192,-0.109,0.032,-46.7,46.7,settle
2.82,0.191,-0.109,0.032,-46.7,46.7,settle
2.82,0.191,-0.109,0.032,-46.7,46.7,settle
2.82,0.192,-0.109,0.032,-46.7,46.7,settle
2.82,0.192,-0.109,0.032,-46.7,46.7,settle
2.82,0.192,-0.109,0.032,-46.7,46.7,settle
2.82,0.192,-0.109,0.032,-46.7,46.7,settle
2.82,0.192,-0.109,0.032,-46.7,46.7,settle
2.82,0.192,-0.109,0.032,-46.7,46.7,settle
2.82,0.192,-0.109,0.032,-46.7,46.7,settle
2.82,0.192,-0.109,0.032,-46.7,46.7,settle
2.82,0.192,-0.109,0.032,-46.7,46.7,settle
2.83,0.192,-0.109,0.032,-46.7,46.7,settle
2.83,0.192,-0.109,0.032,-46.7,46.7,settle
2.83,0.192,-0.109,0.032,-46.7,46.7,settle
2.83,0.192,-0.109,0.032,-46.7,46.7,settle
2.83,0.192,-0.109,0.032,-46.7,46.7,settle
2.83,0.192,-0.109,0.032,-46.7,46.7,settle
2.83,0.193,-0.109,0.032,-46.7,46.7,settle
2.83,0.193,-0.109,0.032,-46.7,46.7,settle
2.83,0.193,-0.109,0.032,-46.7,46.7,settle
2.83,0.193,-0.109,0.032,-46.7,46.7,settle
2.83,0.193,-0.109,0.032,-46.7,46.7,settle
2.83,0.193,-0.109,0.032,-46.7,46.7,settle
2.83,0.193,-0.109,0.032,-46.7,46.7,settle
2.83,0.193,-0.109,0.032,-46.7,46.7,settle
2.83,0.193,-0.109,0.032,-46.7,46.7,settle
2.83,0.194,-0.109,0.032,-46.7,46.7,settle
2.83,0.193,-0.109,0.032,-46.7,46.7,settle
2.83,0.194,-0.109,0.032,-46.7,46.7,settle
2.83,0.194,-0.109,0.032,-46.7,46.7,settle
2.83,0.194,-0.109,0.032,-46.7,46.7,settle
2.83,0.194,-0.109,0.032,-46.7,46.7,settle
2.83,0.194,-0.109,0.032,-46.7,46.7,settle
2.83,0.194,-0.109,0.032,-46.7,46.7,settle
2.83,0.194,-0.109,0.032,-46.7,46.7,settle
2.83,0.194,-0.109,0.032,-46.7,46.7,settle
2.84,0.194,-0.109,0.032,-46.7,46.7,settle
2.84,0.194,-0.109,0.032,-46.7,46.7,settle
2.84,0.194,-0.109,0.032,-46.7,46.7,settle
2.84,0.194,-0.109,0.032,-46.7,46.7,settle
2.84,0.194,-0.109,0.032,-46.7,46.7,settle
2.84,0.194,-0.109,0.032,-46.7,46.7,settle
2.84,0.195,-0.109,0.032,-46.7,46.7,settle
2.84,0.195,-0.109,0.032,-46.7,46.7,settle
2.84,0.195,-0.109,0.032,-46.7,46.7,settle
2.84,0.195,-0.109,0.032,-46.7,46.7,settle
2.84,0.195,-0.109,0.032,-46.7,46.7,settle
2.84,0.195,-0.109,0.032,-46.7,46.7,settle
2.84,0.195,-0.109,0.032,-46.7,46.7,settle
2.84,0.195,-0.109,0.032,-46.7,46.7,settle
2.84,0.195,-0.109,0.032,-46.7,46.7,settle
2.84,0.195,-0.109,0.032,-46.7,46.7,settle
2.84,0.195,-0.109,0.032,-46.7,46.7,settle
2.84,0.195,-0.109,0.032,-46.7,46.7,settle
2.84,0.195,-0.109,0.032,-46.7,46.7,settle
2.84,0.195,-0.109,0.032,-46.7,46.7,settle
2.84,0.196,-0.109,0.032,-46.7,46.7,settle
2.84,0.196,-0.109,0.032,-46.7,46.7,settle
2.84,0.196,-0.109,0.032,-46.7,46.7,settle
2.84,0.196,-0.109,0.032,-46.7,46.7,settle
2.84,0.196,-0.109,0.032,-46.7,46.7,settle
2.85,0.196,-0.109,0.032,-46.7,46.7,settle
2.85,0.196,-0.109,0.032,-46.7,46.7,settle
2.85,0.196,-0.109,0.032,-46.7,46.7,settle
2.85,0.196,-0.109,0.032,-46.7,46.7,settle
2.85,0.196,-0.109,0.032,-46.7,46.7,settle
2.85,0.196,-0.109,0.032,-46.7,46.7,settle
2.85,0.196,-0.109,0.032,-46.7,46.7,settle
2.85,0.197,-0.109,0.032,-46.7,46.7,settle
2.85,0.197,-0.109,0.032,-46.7,46.7,settle
2.85,0.197,-0.109,0.032,-46.7,46.7,settle
2.85,0.197,-0.109,0.032,-46.7,46.7,settle
2.85,0.197,-0.109,0.032,-46.7,46.7,settle
2.85,0.197,-0.109,0.032,-46.7,46.7,settle
2.85,0.197,-0.109,0.032,-46.7,46.7,settle
2.85,0.197,-0.109,0.032,-46.7,46.7,settle
2.85,0.197,-0.109,0.032,-46.7,46.7,settle
2.85,0.197,-0.109,0.032,-46.7,46.7,settle
2.85,0.197,-0.109,0.032,-46.7,46.7,settle
2.85,0.197,-0.109,0.032,-46.7,46.7,settle
2.85,0.198,-0.109,0.032,-46.7,46.7,settle
2.85,0.198,-0.109,0.032,-46.7,46.7,settle
2.85,0.198,-0.109,0.032,-46.7,46.7,settle
2.85,0.198,-0.109,0.032,-46.7,46.7,settle
2.85,0.198,-0.109,0.032,-46.7,46.7,settle
2.86,0.198,-0.109,0.032,-46.7,46.7,settle
2.86,0.198,-0.109,0.032,-46.7,46.7,settle
2.86,0.198,-0.109,0.032,-46.7,46.7,settle
2.86,0.198,-0.109,0.032,-46.7,46.7,settle
2.86,0.198,-0.109,0.032,-46.7,46.7,settle
2.86,0.199,-0.109,0.032,-46.7,46.7,settle
2.86,0.199,-0.109,0.032,-46.7,46.7,settle
2.86,0.199,-0.109,0.032,-46.7,46.7,settle
2.86,0.199,-0.109,0.032,-46.7,46.7,settle
2.86,0.199,-0.109,0.032,-46.7,46.7,settle
2.86,0.199,-0.109,0.032,-46.7,46.7,settle
2.86,0.199,-0.109,0.032,-46.7,46.7,settle
2.86,0.199,-0.109,0.032,-46.7,46.7,settle
2.86,0.199,-0.109,0.032,-46.7,46.7,settle
2.86,0.199,-0.109,0.032,-46.7,46.7,settle
2.86,0.199,-0.109,0.032,-46.7,46.7,settle
2.86,0.199,-0.109,0.032,-46.7,46.7,settle
2.86,0.200,-0.109,0.032,-46.7,46.7,settle
2.86,0.200,-0.109,0.032,-46.7,46.7,settle
2.86,0.200,-0.109,0.032,-46.7,46.7,settle
2.86,0.200,-0.109,0.032,-46.7,46.7,settle
2.86,0.200,-0.109,0.032,-46.7,46.7,settle
2.86,0.200,-0.109,0.032,-46.7,46.7,settle
2.86,0.200,-0.109,0.032,-46.7,46.7,settle
2.86,0.200,-0.109,0.032,-46.7,46.7,settle
2.87,0.200,-0.109,0.032,-46.7,46.7,settle
2.87,0.200,-0.109,0.032,-46.7,46.7,settle
2.87,0.201,-0.109,0.032,-46.7,46.7,settle
2.87,0.200,-0.109,0.032,-46.7,46.7,settle
2.87,0.200,-0.109,0.032,-46.7,46.7,settle
2.87,0.201,-0.109,0.032,-46.7,46.7,settle
2.87,0.201,-0.109,0.032,-46.7,46.7,settle
2.87,0.201,-0.109,0.032,-46.7,46.7,settle
2.87,0.201,-0.109,0.032,-46.7,46.7,settle
2.87,0.201,-0.109,0.032,-46.7,46.7,settle
2.87,0.201,-0.109,0.032,-46.7,46.7,settle
2.87,0.201,-0.109,0.032,-46.7,46.7,settle
2.87,0.201,-0.109,0.032,-46.7,46.7,settle
2.87,0.201,-0.109,0.032,-46.7,46.7,settle
2.87,0.201,-0.109,0.032,-46.7,46.7,settle
2.87,0.202,-0.109,0.032,-46.7,46.7,settle
2.87,0.202,-0.109,0.032,-46.7,46.7,settle
2.87,0.202,-0.109,0.032,-46.7,46.7,settle
2.87,0.202,-0.109,0.032,-46.7,46.7,settle
2.87,0.202,-0.109,0.032,-46.7,46.7,settle
2.87,0.202,-0.109,0.032,-46.7,46.7,settle
2.87,0.202,-0.109,0.032,-46.7,46.7,settle
2.87,0.202,-0.109,0.032,-46.7,46.7,settle
2.87,0.202,-0.109,0.032,-46.7,46.7,settle
2.88,0.202,-0.109,0.032,-46.7,46.7,settle
2.88,0.202,-0.109,0.032,-46.7,46.7,settle
2.88,0.202,-0.109,0.032,-46.7,46.7,settle
2.88,0.203,-0.109,0.032,-46.7,46.7,settle
2.88,0.203,-0.109,0.032,-46.7,46.7,settle
2.88,0.203,-0.109,0.032,-46.7,46.7,settle
2.88,0.203,-0.109,0.032,-46.7,46.7,settle
2.88,0.203,-0.109,0.032,-46.7,46.7,settle
2.88,0.203,-0.109,0.032,-46.7,46.7,settle
2.88,0.203,-0.109,0.032,-46.7,46.7,settle
2.88,0.203,-0.109,0.032,-46.7,46.7,settle
2.88,0.203,-0.109,0.032,-46.7,46.7,settle
2.88,0.203,-0.109,0.032,-46.7,46.7,settle
2.88,0.204,-0.109,0.032,-46.7,46.7,settle
2.88,0.204,-0.109,0.032,-46.7,46.7,settle
2.88,0.204,-0.109,0.032,-46.7,46.7,settle
2.88,0.204,-0.109,0.032,-46.7,46.7,settle
2.88,0.204,-0.109,0.032,-46.7,46.7,settle
2.88,0.204,-0.109,0.032,-46.7,46.7,settle
2.88,0.204,-0.109,0.032,-46.7,46.7,settle
2.88,0.204,-0.109,0.032,-46.7,46.7,settle
2.88,0.204,-0.109,0.032,-46.7,46.7,settle
2.88,0.204,-0.109,0.032,-46.7,46.7,settle
2.88,0.205,-0.109,0.032,-46.7,46.7,settle
2.88,0.205,-0.109,0.032,-46.7,46.7,settle
2.89,0.205,-0.109,0.032,-46.7,46.7,settle
2.89,0.205,-0.109,0.032,-46.7,46.7,settle
2.89,0.205,-0.109,0.032,-46.7,46.7,settle
2.89,0.205,-0.109,0.032,-46.7,46.7,settle
2.89,0.205,-0.109,0.032,-46.7,46.7,settle
2.89,0.205,-0.109,0.032,-46.7,46.7,settle
2.89,0.205,-0.109,0.032,-46.7,46.7,settle
2.89,0.206,-0.109,0.032,-46.7,46.7,settle
2.89,0.206,-0.109,0.032,-46.7,46.7,settle
2.89,0.206,-0.109,0.032,-46.7,46.7,settle
2.89,0.206,-0.109,0.032,-46.7,46.7,settle
2.89,0.206,-0.109,0.032,-46.7,46.7,settle
2.89,0.206,-0.109,0.032,-46.7,46.7,settle
2.89,0.206,-0.109,0.032,-46.7,46.7,settle
2.89,0.206,-0.109,0.032,-46.7,46.7,settle
2.89,0.206,-0.109,0.032,-46.7,46.7,settle
2.89,0.206,-0.109,0.032,-46.7,46.7,settle
2.89,0.207,-0.109,0.032,-46.7,46.7,settle
2.89,0.206,-0.109,0.032,-46.7,46.7,settle
2.89,0.207,-0.109,0.032,-46.7,46.7,settle
2.89,0.207,-0.109,0.032,-46.7,46.7,settle
2.89,0.207,-0.109,0.032,-46.7,46.7,settle
2.89,0.207,-0.109,0.032,-46.7,46.7,settle
2.89,0.207,-0.109,0.032,-46.7,46.7,settle
2.90,0.207,-0.109,0.032,-46.7,46.7,settle
2.90,0.207,-0.109,0.032,-46.7,46.7,settle
2.90,0.207,-0.109,0.032,-46.7,46.7,settle
2.90,0.207,-0.109,0.032,-46.7,46.7,settle
2.90,0.207,-0.109,0.032,-46.7,46.7,settle
2.90,0.208,-0.109,0.032,-46.7,46.7,settle
2.90,0.208,-0.109,0.032,-46.7,46.7,settle
2.90,0.208,-0.109,0.032,-46.7,46.7,settle
2.90,0.208,-0.109,0.032,-46.7,46.7,settle
2.90,0.208,-0.109,0.032,-46.7,46.7,settle
2.90,0.208,-0.109,0.032,-46.7,46.7,settle
2.90,0.208,-0.109,0.032,-46.7,46.7,settle
2.90,0.208,-0.109,0.032,-46.7,46.7,settle
2.90,0.208,-0.109,0.032,-46.7,46.7,settle
2.90,0.208,-0.109,0.032,-46.7,46.7,settle
2.90,0.209,-0.109,0.032,-46.7,46.7,settle
2.90,0.209,-0.109,0.032,-46.7,46.7,settle
2.90,0.209,-0.109,0.032,-46.7,46.7,settle
2.90,0.209,-0.109,0.032,-46.7,46.7,settle
2.90,0.209,-0.109,0.032,-46.7,46.7,settle
2.90,0.209,-0.109,0.032,-46.7,46.7,settle
2.90,0.209,-0.109,0.032,-46.7,46.7,settle
2.90,0.210,-0.109,0.032,-46.7,46.7,settle
2.90,0.210,-0.109,0.032,-46.7,46.7,settle
2.91,0.210,-0.109,0.032,-46.7,46.7,settle
2.91,0.210,-0.109,0.032,-46.7,46.7,settle
2.91,0.210,-0.109,0.032,-46.7,46.7,settle
2.91,0.210,-0.109,0.032,-46.7,46.7,settle
2.91,0.210,-0.109,0.032,-46.7,46.7,settle
2.91,0.210,-0.109,0.032,-46.7,46.7,settle
2.91,0.210,-0.109,0.032,-46.7,46.7,settle
2.91,0.210,-0.109,0.032,-46.7,46.7,settle
2.91,0.211,-0.109,0.032,-46.7,46.7,settle
2.91,0.211,-0.109,0.032,-46.7,46.7,settle
2.91,0.211,-0.109,0.032,-46.7,46.7,settle
2.91,0.211,-0.109,0.032,-46.7,46.7,settle
2.91,0.211,-0.109,0.032,-46.7,46.7,settle
2.91,0.211,-0.109,0.032,-46.7,46.7,settle
2.91,0.211,-0.109,0.032,-46.7,46.7,settle
2.91,0.211,-0.109,0.032,-46.7,46.7,settle
2.91,0.211,-0.109,0.032,-46.7,46.7,settle
2.91,0.211,-0.109,0.032,-46.7,46.7,settle
2.91,0.212,-0.109,0.032,-46.7,46.7,settle
2.91,0.212,-0.109,0.032,-46.7,46.7,settle
2.91,0.212,-0.109,0.032,-46.7,46.7,settle
2.91,0.212,-0.109,0.032,-46.7,46.7,settle
2.91,0.212,-0.109,0.032,-46.7,46.7,settle
2.91,0.212,-0.109,0.032,-46.7,46.7,settle
2.91,0.212,-0.109,0.032,-46.7,46.7,settle
2.92,0.212,-0.109,0.032,-46.7,46.7,settle
2.92,0.212,-0.109,0.032,-46.7,46.7,settle
2.92,0.212,-0.109,0.032,-46.7,46.7,settle
2.92,0.213,-0.109,0.032,-46.7,46.7,settle
2.92,0.213,-0.109,0.032,-46.7,46.7,settle
2.92,0.213,-0.109,0.032,-46.7,46.7,settle
2.92,0.213,-0.109,0.032,-46.7,46.7,settle
2.92,0.213,-0.109,0.032,-46.7,46.7,settle
2.92,0.213,-0.109,0.032,-46.7,46.7,settle
2.92,0.213,-0.109,0.032,-46.7,46.7,settle
2.92,0.214,-0.109,0.032,-46.7,46.7,settle
2.92,0.213,-0.109,0.032,-46.7,46.7,settle
2.92,0.213,-0.109,0.032,-46.7,46.7,settle
2.92,0.214,-0.109,0.032,-46.7,46.7,settle
2.92,0.214,-0.109,0.032,-46.7,46.7,settle
2.92,0.214,-0.109,0.032,-46.7,46.7,settle
2.92,0.214,-0.109,0.032,-46.7,46.7,settle
2.92,0.214,-0.109,0.032,-46.7,46.7,settle
2.92,0.214,-0.109,0.032,-46.7,46.7,settle
2.92,0.214,-0.109,0.032,-46.7,46.7,settle
2.92,0.215,-0.109,0.032,-46.7,46.7,settle
2.92,0.215,-0.109,0.032,-46.7,46.7,settle
2.92,0.215,-0.109,0.032,-46.7,46.7,settle
2.92,0.215,-0.109,0.032,-46.7,46.7,settle
2.92,0.215,-0.109,0.032,-46.7,46.7,settle
2.93,0.215,-0.109,0.032,-46.7,46.7,settle
2.93,0.215,-0.109,0.032,-46.7,46.7,settle
2.93,0.215,-0.109,0.032,-46.7,46.7,settle
2.93,0.215,-0.109,0.032,-46.7,46.7,settle
2.93,0.215,-0.109,0.032,-46.7,46.7,settle
2.93,0.216,-0.109,0.032,-46.7,46.7,settle
2.93,0.216,-0.109,0.032,-46.7,46.7,settle
2.93,0.216,-0.109,0.032,-46.7,46.7,settle
2.93,0.216,-0.109,0.032,-46.7,46.7,settle
2.93,0.216,-0.109,0.032,-46.7,46.7,settle
2.93,0.216,-0.109,0.032,-46.7,46.7,settle
2.93,0.216,-0.109,0.032,-46.7,46.7,settle
2.93,0.217,-0.109,0.032,-46.7,46.7,settle
2.93,0.217,-0.109,0.032,-46.7,46.7,settle
2.93,0.217,-0.109,0.032,-46.7,46.7,settle
2.93,0.217,-0.109,0.032,-46.7,46.7,settle
2.93,0.217,-0.109,0.032,-46.7,46.7,settle
2.93,0.217,-0.109,0.032,-46.7,46.7,settle
2.93,0.217,-0.109,0.032,-46.7,46.7,settle
2.93,0.217,-0.109,0.032,-46.7,46.7,settle
2.93,0.217,-0.109,0.032,-46.7,46.7,settle
2.93,0.217,-0.109,0.032,-46.7,46.7,settle
2.93,0.217,-0.109,0.032,-46.7,46.7,settle
2.93,0.218,-0.109,0.032,-46.7,46.7,settle
2.93,0.218,-0.109,0.032,-46.7,46.7,settle
2.94,0.218,-0.109,0.032,-46.7,46.7,settle
2.94,0.218,-0.109,0.032,-46.7,46.7,settle
2.94,0.218,-0.109,0.032,-46.7,46.7,settle
2.94,0.218,-0.109,0.032,-46.7,46.7,settle
2.94,0.218,-0.109,0.032,-46.7,46.7,settle
2.94,0.218,-0.109,0.032,-46.7,46.7,settle
2.94,0.219,-0.109,0.032,-46.7,46.7,settle
2.94,0.219,-0.109,0.032,-46.7,46.7,settle
2.94,0.219,-0.109,0.032,-46.7,46.7,settle
2.94,0.219,-0.109,0.032,-46.7,46.7,settle
2.94,0.219,-0.109,0.032,-46.7,46.7,settle
2.94,0.219,-0.109,0.032,-46.7,46.7,settle
2.94,0.219,-0.109,0.032,-46.7,46.7,settle
2.94,0.219,-0.109,0.032,-46.7,46.7,settle
2.94,0.219,-0.109,0.032,-46.7,46.7,settle
2.94,0.219,-0.109,0.032,-46.7,46.7,settle
2.94,0.220,-0.109,0.032,-46.7,46.7,settle
2.94,0.220,-0.109,0.032,-46.7,46.7,settle
2.94,0.220,-0.109,0.032,-46.7,46.7,settle
2.94,0.220,-0.109,0.032,-46.7,46.7,settle
2.94,0.220,-0.109,0.032,-46.7,46.7,settle
2.94,0.220,-0.109,0.032,-46.7,46.7,settle
2.94,0.220,-0.109,0.032,-46.7,46.7,settle
2.94,0.220,-0.109,0.032,-46.7,46.7,settle
2.94,0.221,-0.109,0.032,-46.7,46.7,settle
2.94,0.221,-0.109,0.032,-46.7,46.7,settle
2.95,0.221,-0.109,0.032,-46.7,46.7,settle
2.95,0.221,-0.109,0.032,-46.7,46.7,settle
2.95,0.221,-0.109,0.032,-46.7,46.7,settle
2.95,0.221,-0.109,0.032,-46.7,46.7,settle
2.95,0.221,-0.109,0.032,-46.7,46.7,settle
2.95,0.222,-0.109,0.032,-46.7,46.7,settle
2.95,0.222,-0.109,0.032,-46.7,46.7,settle
2.95,0.222,-0.109,0.032,-46.7,46.7,settle
2.95,0.222,-0.109,0.032,-46.7,46.7,settle
2.95,0.222,-0.109,0.032,-46.7,46.7,settle
2.95,0.222,-0.109,0.032,-46.7,46.7,settle
2.95,0.222,-0.109,0.032,-46.7,46.7,settle
2.95,0.222,-0.109,0.032,-46.7,46.7,settle
2.95,0.222,-0.109,0.032,-46.7,46.7,settle
2.95,0.222,-0.109,0.032,-46.7,46.7,settle
2.95,0.223,-0.109,0.032,-46.7,46.7,settle
2.95,0.223,-0.109,0.032,-46.7,46.7,settle
2.95,0.223,-0.109,0.032,-46.7,46.7,settle
2.95,0.223,-0.109,0.032,-46.7,46.7,settle
2.95,0.223,-0.109,0.032,-46.7,46.7,settle
2.95,0.223,-0.109,0.032,-46.7,46.7,settle
2.95,0.223,-0.109,0.032,-46.7,46.7,settle
2.95,0.224,-0.109,0.032,-46.7,46.7,settle
2.95,0.224,-0.109,0.032,-46.7,46.7,settle
2.96,0.224,-0.109,0.032,-46.7,46.7,settle
2.96,0.224,-0.109,0.032,-46.7,46.7,settle
2.96,0.224,-0.109,0.032,-46.7,46.7,settle
2.96,0.224,-0.109,0.032,-46.7,46.7,settle
2.96,0.224,-0.109,0.032,-46.7,46.7,settle
2.96,0.224,-0.109,0.032,-46.7,46.7,settle
2.96,0.225,-0.109,0.032,-46.7,46.7,settle
2.96,0.225,-0.109,0.032,-46.7,46.7,settle
2.96,0.225,-0.109,0.032,-46.7,46.7,settle
2.96,0.225,-0.109,0.032,-46.7,46.7,settle
2.96,0.225,-0.109,0.032,-46.7,46.7,settle
2.96,0.225,-0.109,0.032,-46.7,46.7,settle
2.96,0.225,-0.109,0.032,-46.7,46.7,settle
2.96,0.226,-0.109,0.032,-46.7,46.7,settle
2.96,0.226,-0.109,0.032,-46.7,46.7,settle
2.96,0.226,-0.109,0.032,-46.7,46.7,settle
2.96,0.226,-0.109,0.032,-46.7,46.7,settle
2.96,0.226,-0.109,0.032,-46.7,46.7,settle
2.96,0.226,-0.109,0.032,-46.7,46.7,settle
2.96,0.226,-0.109,0.032,-46.7,46.7,settle
2.96,0.227,-0.109,0.032,-46.7,46.7,settle
2.96,0.227,-0.109,0.032,-46.7,46.7,settle
2.96,0.227,-0.109,0.032,-46.7,46.7,settle
2.97,0.227,-0.109,0.032,-46.7,46.7,settle
2.97,0.227,-0.109,0.032,-46.7,46.7,settle
2.97,0.227,-0.109,0.032,-46.7,46.7,settle
2.97,0.227,-0.109,0.032,-46.7,46.7,settle
2.97,0.227,-0.109,0.032,-46.7,46.7,settle
2.97,0.227,-0.109,0.032,-46.7,46.7,settle
2.97,0.228,-0.109,0.032,-46.7,46.7,settle
2.97,0.228,-0.109,0.032,-46.7,46.7,settle
2.97,0.228,-0.109,0.032,-46.7,46.7,settle
2.97,0.228,-0.109,0.032,-46.7,46.7,settle
2.97,0.228,-0.109,0.032,-46.7,46.7,settle
2.97,0.228,-0.109,0.032,-46.7,46.7,settle
2.97,0.228,-0.109,0.032,-46.7,46.7,settle
2.97,0.228,-0.109,0.032,-46.7,46.7,settle
2.97,0.229,-0.109,0.032,-46.7,46.7,settle
2.97,0.229,-0.109,0.032,-46.7,46.7,settle
2.97,0.229,-0.109,0.032,-46.7,46.7,settle
2.97,0.229,-0.109,0.032,-46.7,46.7,settle
2.97,0.229,-0.109,0.032,-46.7,46.7,settle
2.97,0.229,-0.109,0.032,-46.7,46.7,settle
2.97,0.229,-0.109,0.032,-46.7,46.7,settle
2.97,0.229,-0.109,0.032,-46.7,46.7,settle
2.97,0.230,-0.109,0.032,-46.7,46.7,settle
2.97,0.230,-0.109,0.032,-46.7,46.7,settle
2.97,0.230,-0.109,0.032,-46.7,46.7,settle
2.97,0.230,-0.109,0.032,-46.7,46.7,settle
2.97,0.230,-0.109,0.032,-46.7,46.7,settle
2.98,0.230,-0.109,0.032,-46.7,46.7,settle
2.98,0.230,-0.109,0.032,-46.7,46.7,settle
2.98,0.230,-0.109,0.032,-46.7,46.7,settle
2.98,0.231,-0.109,0.032,-46.7,46.7,settle
2.98,0.231,-0.109,0.032,-46.7,46.7,settle
2.98,0.231,-0.109,0.032,-46.7,46.7,settle
2.98,0.231,-0.109,0.032,-46.7,46.7,settle
2.98,0.231,-0.109,0.032,-46.7,46.7,settle
2.98,0.231,-0.109,0.032,-46.7,46.7,settle
2.98,0.231,-0.109,0.032,-46.7,46.7,settle
2.98,0.231,-0.109,0.032,-46.7,46.7,settle
2.98,0.231,-0.109,0.032,-46.7,46.7,settle
2.98,0.232,-0.109,0.032,-46.7,46.7,settle
2.98,0.232,-0.109,0.032,-46.7,46.7,settle
2.98,0.232,-0.109,0.032,-46.7,46.7,settle
2.98,0.232,-0.109,0.032,-46.7,46.7,settle
2.98,0.232,-0.109,0.032,-46.7,46.7,settle
2.98,0.232,-0.109,0.032,-46.7,46.7,settle
2.98,0.232,-0.109,0.032,-46.7,46.7,settle
2.98,0.232,-0.109,0.032,-46.7,46.7,settle
2.98,0.232,-0.109,0.032,-46.7,46.7,settle
2.98,0.232,-0.109,0.032,-46.7,46.7,settle
2.98,0.233,-0.109,0.032,-46.7,46.7,settle
2.98,0.233,-0.109,0.032,-46.7,46.7,settle
2.98,0.233,-0.109,0.032,-46.7,46.7,settle
2.98,0.233,-0.109,0.032,-46.7,46.7,settle
2.98,0.233,-0.109,0.032,-46.7,46.7,settle
2.99,0.233,-0.109,0.032,-46.7,46.7,settle
2.99,0.233,-0.109,0.032,-46.7,46.7,settle
2.99,0.233,-0.109,0.032,-46.7,46.7,settle
2.99,0.233,-0.109,0.032,-46.7,46.7,settle
2.99,0.234,-0.109,0.032,-46.7,46.7,settle
2.99,0.234,-0.109,0.032,-46.7,46.7,settle
2.99,0.234,-0.109,0.032,-46.7,46.7,settle
2.99,0.234,-0.109,0.032,-46.7,46.7,settle
2.99,0.234,-0.109,0.032,-46.7,46.7,settle
2.99,0.234,-0.109,0.032,-46.7,46.7,settle
2.99,0.234,-0.109,0.032,-46.7,46.7,settle
2.99,0.234,-0.109,0.032,-46.7,46.7,settle
2.99,0.235,-0.109,0.032,-46.7,46.7,settle
2.99,0.235,-0.109,0.032,-46.7,46.7,settle
2.99,0.235,-0.109,0.032,-46.7,46.7,settle
2.99,0.235,-0.109,0.032,-46.7,46.7,settle
2.99,0.235,-0.109,0.032,-46.7,46.7,settle
2.99,0.235,-0.109,0.032,-46.7,46.7,settle
2.99,0.235,-0.109,0.032,-46.7,46.7,settle
2.99,0.235,-0.109,0.032,-46.7,46.7,settle
2.99,0.236,-0.109,0.032,-46.7,46.7,settle
2.99,0.236,-0.109,0.032,-46.7,46.7,settle
2.99,0.236,-0.109,0.032,-46.7,46.7,settle
2.99,0.236,-0.109,0.032,-46.7,46.7,settle
2.99,0.236,-0.109,0.032,-46.7,46.7,settle
2.99,0.236,-0.109,0.032,-46.7,46.7,settle
2.99,0.236,-0.109,0.032,-46.7,46.7,settle
3.00,0.236,-0.109,0.032,-46.7,46.7,settle
3.00,0.237,-0.109,0.032,-46.7,46.7,settle
3.00,0.237,-0.109,0.032,-46.7,46.7,settle
3.00,0.237,-0.109,0.032,-46.7,46.7,settle
3.00,0.237,-0.109,0.032,-46.7,46.7,settle
3.00,0.237,-0.109,0.032,-46.7,46.7,settle
3.00,0.237,-0.109,0.032,-46.7,46.7,settle
3.00,0.237,-0.109,0.032,-46.7,46.7,settle
3.00,0.237,-0.109,0.032,-46.7,46.7,settle
3.00,0.238,-0.109,0.032,-46.7,46.7,settle
3.00,0.238,-0.109,0.032,-46.7,46.7,settle
3.00,0.238,-0.109,0.032,-46.7,46.7,settle
3.00,0.238,-0.109,0.032,-46.7,46.7,settle
3.00,0.238,-0.109,0.032,-46.7,46.7,settle
3.00,0.238,-0.109,0.032,-46.7,46.7,settle
3.00,0.238,-0.109,0.032,-46.7,46.7,settle
3.00,0.238,-0.109,0.032,-46.7,46.7,settle
3.00,0.239,-0.109,0.032,-46.7,46.7,settle
3.00,0.239,-0.109,0.032,-46.7,46.7,settle
3.00,0.239,-0.109,0.032,-46.7,46.7,settle
3.00,0.239,-0.109,0.032,-46.7,46.7,settle
3.00,0.239,-0.109,0.032,-46.7,46.7,settle
3.00,0.239,-0.109,0.032,-46.7,46.7,settle
3.00,0.239,-0.109,0.032,-46.7,46.7,settle
3.00,0.239,-0.109,0.032,-46.7,46.7,settle
3.00,0.240,-0.109,0.032,-46.7,46.7,settle
3.00,0.240,-0.109,0.032,-46.7,46.7,settle
3.01,0.240,-0.109,0.032,-46.7,46.7,settle
3.01,0.240,-0.109,0.032,-46.7,46.7,settle
3.01,0.240,-0.109,0.032,-46.7,46.7,settle
3.01,0.240,-0.109,0.032,-46.7,46.7,settle
3.01,0.240,-0.109,0.032,-46.7,46.7,settle
3.01,0.240,-0.109,0.032,-46.7,46.7,settle
3.01,0.240,-0.109,0.032,-46.7,46.7,settle
3.01,0.240,-0.109,0.032,-46.7,46.7,settle
3.01,0.240,-0.109,0.032,-46.7,46.7,settle
3.01,0.241,-0.109,0.032,-46.7,46.7,settle
3.01,0.241,-0.109,0.032,-46.7,46.7,settle
3.01,0.241,-0.109,0.032,-46.7,46.7,settle
3.01,0.241,-0.109,0.032,-46.7,46.7,settle
3.01,0.241,-0.109,0.032,-46.7,46.7,settle
3.01,0.241,-0.109,0.032,-46.7,46.7,settle
3.01,0.241,-0.109,0.032,-46.7,46.7,settle
3.01,0.242,-0.109,0.032,-46.7,46.7,settle
3.01,0.242,-0.109,0.032,-46.7,46.7,settle
3.01,0.242,-0.109,0.032,-46.7,46.7,settle
3.01,0.242,-0.109,0.032,-46.7,46.7,settle
3.01,0.242,-0.109,0.032,-46.7,46.7,settle
3.01,0.242,-0.109,0.032,-46.7,46.7,settle
3.01,0.242,-0.109,0.032,-46.7,46.7,settle
3.01,0.242,-0.109,0.032,-46.7,46.7,settle
3.01,0.243,-0.109,0.032,-46.7,46.7,settle
3.01,0.243,-0.109,0.032,-46.7,46.7,settle
3.02,0.243,-0.109,0.032,-46.7,46.7,settle
3.02,0.243,-0.109,0.032,-46.7,46.7,settle
3.02,0.243,-0.109,0.032,-46.7,46.7,settle
3.02,0.243,-0.109,0.032,-46.7,46.7,settle
3.02,0.243,-0.109,0.032,-46.7,46.7,settle
3.02,0.244,-0.109,0.032,-46.7,46.7,settle
3.02,0.244,-0.109,0.032,-46.7,46.7,settle
3.02,0.244,-0.109,0.032,-46.7,46.7,settle
3.02,0.244,-0.109,0.032,-46.7,46.7,settle
3.02,0.244,-0.109,0.032,-46.7,46.7,settle
3.02,0.244,-0.109,0.032,-46.7,46.7,settle
3.02,0.244,-0.109,0.032,-46.7,46.7,settle
3.02,0.244,-0.109,0.032,-46.7,46.7,settle
3.02,0.245,-0.109,0.032,-46.7,46.7,settle
3.02,0.245,-0.109,0.032,-46.7,46.7,settle
3.02,0.245,-0.109,0.032,-46.7,46.7,settle
3.02,0.245,-0.109,0.032,-46.7,46.7,settle
3.02,0.245,-0.109,0.032,-46.7,46.7,settle
3.02,0.245,-0.109,0.032,-46.7,46.7,settle
3.02,0.245,-0.109,0.032,-46.7,46.7,settle
3.02,0.245,-0.109,0.032,-46.7,46.7,settle
3.02,0.246,-0.109,0.032,-46.7,46.7,settle
3.02,0.246,-0.109,0.032,-46.7,46.7,settle
3.02,0.246,-0.109,0.032,-46.7,46.7,settle
3.02,0.246,-0.109,0.032,-46.7,46.7,settle
3.03,0.246,-0.109,0.032,-46.7,46.7,settle
3.03,0.246,-0.109,0.032,-46.7,46.7,settle
3.03,0.246,-0.109,0.032,-46.7,46.7,settle
3.03,0.247,-0.109,0.032,-46.7,46.7,settle
3.03,0.247,-0.109,0.032,-46.7,46.7,settle
3.03,0.247,-0.109,0.032,-46.7,46.7,settle
3.03,0.247,-0.109,0.032,-46.7,46.7,settle
3.03,0.247,-0.109,0.032,-46.7,46.7,settle
3.03,0.247,-0.109,0.032,-46.7,46.7,settle
3.03,0.247,-0.109,0.032,-46.7,46.7,settle
3.03,0.247,-0.109,0.032,-46.7,46.7,settle
3.03,0.247,-0.109,0.032,-46.7,46.7,settle
3.03,0.247,-0.109,0.032,-46.7,46.7,settle
3.03,0.248,-0.109,0.032,-46.7,46.7,settle
3.03,0.248,-0.109,0.032,-46.7,46.7,settle
3.03,0.248,-0.109,0.032,-46.7,46.7,settle
3.03,0.248,-0.109,0.032,-46.7,46.7,settle
3.03,0.248,-0.109,0.032,-46.7,46.7,settle
3.03,0.248,-0.109,0.032,-46.7,46.7,settle
3.03,0.248,-0.109,0.032,-46.7,46.7,settle
3.03,0.248,-0.109,0.032,-46.7,46.7,settle
3.03,0.249,-0.109,0.032,-46.7,46.7,settle
3.03,0.249,-0.109,0.032,-46.7,46.7,settle
3.03,0.249,-0.109,0.032,-46.7,46.7,settle
3.03,0.249,-0.109,0.032,-46.7,46.7,settle
3.03,0.249,-0.109,0.032,-46.7,46.7,settle
3.04,0.249,-0.109,0.032,-46.7,46.7,settle
3.04,0.249,-0.109,0.032,-46.7,46.7,settle
3.04,0.249,-0.109,0.032,-46.7,46.7,settle
3.04,0.250,-0.109,0.032,-46.7,46.7,settle
3.04,0.250,-0.109,0.032,-46.7,46.7,settle
3.04,0.250,-0.109,0.032,-46.7,46.7,settle
3.04,0.250,-0.109,0.032,-46.7,46.7,settle
3.04,0.250,-0.109,0.032,-46.7,46.7,settle
3.04,0.250,-0.109,0.032,-46.7,46.7,settle
3.04,0.250,-0.109,0.032,-46.7,46.7,settle
3.04,0.251,-0.109,0.032,-46.7,46.7,settle
3.04,0.251,-0.109,0.032,-46.7,46.7,settle
3.04,0.251,-0.109,0.032,-46.7,46.7,settle
3.04,0.251,-0.109,0.032,-46.7,46.7,settle
3.04,0.251,-0.109,0.032,-46.7,46.7,settle
3.04,0.251,-0.109,0.032,-46.7,46.7,settle
3.04,0.251,-0.109,0.032,-46.7,46.7,settle
3.04,0.251,-0.109,0.032,-46.7,46.7,settle
3.04,0.251,-0.109,0.032,-46.7,46.7,settle
3.04,0.252,-0.109,0.032,-46.7,46.7,settle
3.04,0.252,-0.109,0.032,-46.7,46.7,settle
3.04,0.252,-0.109,0.032,-46.7,46.7,settle
3.04,0.252,-0.109,0.032,-46.7,46.7,settle
3.04,0.252,-0.109,0.032,-46.7,46.7,settle
3.04,0.252,-0.109,0.032,-46.7,46.7,settle
3.04,0.252,-0.109,0.032,-46.7,46.7,settle
3.05,0.252,-0.109,0.032,-46.7,46.7,settle
3.05,0.253,-0.109,0.032,-46.7,46.7,settle
3.05,0.253,-0.109,0.032,-46.7,46.7,settle
3.05,0.253,-0.109,0.032,-46.7,46.7,settle
3.05,0.253,-0.109,0.032,-46.7,46.7,settle
3.05,0.253,-0.109,0.032,-46.7,46.7,settle
3.05,0.253,-0.109,0.032,-46.7,46.7,settle
3.05,0.253,-0.109,0.032,-46.7,46.7,settle
3.05,0.254,-0.109,0.032,-46.7,46.7,settle
3.05,0.254,-0.109,0.032,-46.7,46.7,settle
3.05,0.254,-0.109,0.032,-46.7,46.7,settle
3.05,0.254,-0.109,0.032,-46.7,46.7,settle
3.05,0.254,-0.109,0.032,-46.7,46.7,settle
3.05,0.254,-0.109,0.032,-46.7,46.7,settle
3.05,0.254,-0.109,0.032,-46.7,46.7,settle
3.05,0.254,-0.109,0.032,-46.7,46.7,settle
3.05,0.254,-0.109,0.032,-46.7,46.7,settle
3.05,0.254,-0.109,0.032,-46.7,46.7,settle
3.05,0.255,-0.109,0.032,-46.7,46.7,settle
3.05,0.255,-0.109,0.032,-46.7,46.7,settle
3.05,0.255,-0.109,0.032,-46.7,46.7,settle
3.05,0.255,-0.109,0.032,-46.7,46.7,settle
3.05,0.255,-0.109,0.032,-46.7,46.7,settle
3.05,0.255,-0.109,0.032,-46.7,46.7,settle
3.05,0.255,-0.109,0.032,-46.7,46.7,settle
3.06,0.255,-0.109,0.032,-46.7,46.7,settle
3.06,0.256,-0.109,0.032,-46.7,46.7,settle
3.06,0.256,-0.109,0.032,-46.7,46.7,settle
3.06,0.256,-0.109,0.032,-46.7,46.7,settle
3.06,0.256,-0.109,0.032,-46.7,46.7,settle
3.06,0.256,-0.109,0.032,-46.7,46.7,settle
3.06,0.256,-0.109,0.032,-46.7,46.7,settle
3.06,0.256,-0.109,0.032,-46.7,46.7,settle
3.06,0.257,-0.109,0.032,-46.7,46.7,settle
3.06,0.257,-0.109,0.032,-46.7,46.7,settle
3.06,0.257,-0.109,0.032,-46.7,46.7,settle
3.06,0.257,-0.109,0.032,-46.7,46.7,settle
3.06,0.257,-0.109,0.032,-46.7,46.7,settle
3.06,0.257,-0.109,0.032,-46.7,46.7,settle
3.06,0.257,-0.109,0.032,-46.7,46.7,settle
3.06,0.257,-0.109,0.032,-46.7,46.7,settle
3.06,0.258,-0.109,0.032,-46.7,46.7,settle
3.06,0.258,-0.109,0.032,-46.7,46.7,settle
3.06,0.258,-0.109,0.032,-46.7,46.7,settle
3.06,0.258,-0.109,0.032,-46.7,46.7,settle
3.06,0.258,-0.109,0.032,-46.7,46.7,settle
3.06,0.258,-0.109,0.032,-46.7,46.7,settle
3.06,0.258,-0.109,0.032,-46.7,46.7,settle
3.06,0.259,-0.109,0.032,-46.7,46.7,settle
3.06,0.259,-0.109,0.032,-46.7,46.7,settle
3.07,0.259,-0.109,0.032,-46.7,46.7,settle
3.07,0.259,-0.109,0.032,-46.7,46.7,settle
3.07,0.259,-0.109,0.032,-46.7,46.7,settle
3.07,0.259,-0.109,0.032,-46.7,46.7,settle
3.07,0.259,-0.109,0.032,-46.7,46.7,settle
3.07,0.259,-0.109,0.032,-46.7,46.7,settle
3.07,0.260,-0.109,0.032,-46.7,46.7,settle
3.07,0.260,-0.109,0.032,-46.7,46.7,settle
3.07,0.260,-0.109,0.032,-46.7,46.7,settle
3.07,0.260,-0.109,0.032,-46.7,46.7,settle
3.07,0.260,-0.109,0.032,-46.7,46.7,settle
3.07,0.260,-0.109,0.032,-46.7,46.7,settle
3.07,0.260,-0.109,0.032,-46.7,46.7,settle
3.07,0.260,-0.109,0.032,-46.7,46.7,settle
3.07,0.261,-0.109,0.032,-46.7,46.7,settle
3.07,0.261,-0.109,0.032,-46.7,46.7,settle
3.07,0.261,-0.109,0.032,-46.7,46.7,settle
3.07,0.261,-0.110,0.032,-46.7,46.7,settle
3.07,0.261,-0.110,0.032,-46.7,46.7,settle
3.07,0.261,-0.110,0.032,-46.7,46.7,settle
3.07,0.261,-0.110,0.032,-46.7,46.7,settle
3.07,0.261,-0.110,0.032,-46.7,46.7,settle
3.07,0.261,-0.110,0.032,-46.7,46.7,settle
3.07,0.261,-0.110,0.032,-46.7,46.7,settle
3.07,0.261,-0.110,0.032,-46.7,46.7,settle
3.07,0.262,-0.110,0.032,-46.7,46.7,settle
3.07,0.262,-0.110,0.032,-46.7,46.7,settle
3.08,0.262,-0.110,0.032,-46.7,46.7,settle
3.08,0.262,-0.110,0.032,-46.7,46.7,settle
3.08,0.262,-0.110,0.032,-46.7,46.7,settle
3.08,0.262,-0.110,0.032,-46.7,46.7,settle
3.08,0.262,-0.110,0.032,-46.7,46.7,settle
3.08,0.263,-0.110,0.032,-46.7,46.7,settle
3.08,0.263,-0.110,0.032,-46.7,46.7,settle
3.08,0.263,-0.110,0.032,-46.7,46.7,settle
3.08,0.263,-0.110,0.032,-46.7,46.7,settle
3.08,0.263,-0.110,0.032,-46.7,46.7,settle
3.08,0.263,-0.110,0.032,-46.7,46.7,settle
3.08,0.263,-0.110,0.032,-46.7,46.7,settle
3.08,0.263,-0.110,0.032,-46.7,46.7,settle
3.08,0.264,-0.110,0.032,-46.7,46.7,settle
3.08,0.264,-0.110,0.032,-46.7,46.7,settle
3.08,0.264,-0.110,0.032,-46.7,46.7,settle
3.08,0.264,-0.110,0.032,-46.7,46.7,settle
3.08,0.264,-0.110,0.032,-46.7,46.7,settle
3.08,0.264,-0.110,0.032,-46.7,46.7,settle
3.08,0.264,-0.110,0.032,-46.7,46.7,settle
3.08,0.265,-0.110,0.032,-46.7,46.7,settle
3.08,0.265,-0.110,0.032,-46.7,46.7,settle
3.08,0.265,-0.110,0.032,-46.7,46.7,settle
3.08,0.265,-0.110,0.032,-46.7,46.7,settle
3.08,0.265,-0.110,0.032,-46.7,46.7,settle
3.09,0.265,-0.110,0.032,-46.7,46.7,settle
3.09,0.265,-0.110,0.032,-46.7,46.7,settle
3.09,0.265,-0.110,0.032,-46.7,46.7,settle
3.09,0.266,-0.110,0.032,-46.7,46.7,settle
3.09,0.266,-0.110,0.032,-46.7,46.7,settle
3.09,0.266,-0.110,0.032,-46.7,46.7,settle
3.09,0.266,-0.110,0.032,-46.7,46.7,settle
3.09,0.266,-0.110,0.032,-46.7,46.7,settle
3.09,0.266,-0.110,0.032,-46.7,46.7,settle
3.09,0.266,-0.110,0.032,-46.7,46.7,settle
3.09,0.267,-0.110,0.032,-46.7,46.7,settle
3.09,0.267,-0.110,0.032,-46.7,46.7,settle
3.09,0.267,-0.110,0.032,-46.7,46.7,settle
3.09,0.267,-0.110,0.032,-46.7,46.7,settle
3.09,0.267,-0.110,0.032,-46.7,46.7,settle
3.09,0.267,-0.110,0.032,-46.7,46.7,settle
3.09,0.267,-0.110,0.032,-46.7,46.7,settle
3.09,0.267,-0.110,0.032,-46.7,46.7,settle
3.09,0.268,-0.110,0.032,-46.7,46.7,settle
3.09,0.268,-0.110,0.032,-46.7,46.7,settle
3.09,0.268,-0.110,0.032,-46.7,46.7,settle
3.09,0.268,-0.110,0.032,-46.7,46.7,settle
3.09,0.268,-0.110,0.032,-46.7,46.7,settle
3.09,0.268,-0.110,0.032,-46.7,46.7,settle
3.09,0.268,-0.110,0.032,-46.7,46.7,settle
3.10,0.268,-0.110,0.032,-46.7,46.7,settle
3.10,0.268,-0.110,0.032,-46.7,46.7,settle
3.10,0.268,-0.110,0.032,-46.7,46.7,settle
3.10,0.269,-0.110,0.032,-46.7,46.7,settle
3.10,0.269,-0.110,0.032,-46.7,46.7,settle
3.10,0.269,-0.110,0.032,-46.7,46.7,settle
3.10,0.269,-0.110,0.032,-46.7,46.7,settle
3.10,0.269,-0.110,0.032,-46.7,46.7,settle
3.10,0.269,-0.110,0.032,-46.7,46.7,settle
3.10,0.269,-0.110,0.032,-46.7,46.7,settle
3.10,0.269,-0.110,0.032,-46.7,46.7,settle
3.10,0.270,-0.110,0.032,-46.7,46.7,settle
3.10,0.270,-0.110,0.032,-46.7,46.7,settle
3.10,0.270,-0.110,0.032,-46.7,46.7,settle
3.10,0.270,-0.110,0.032,-46.7,46.7,settle
3.10,0.270,-0.110,0.032,-46.7,46.7,settle
3.10,0.270,-0.110,0.032,-46.7,46.7,settle
3.10,0.270,-0.110,0.032,-46.7,46.7,settle
3.10,0.270,-0.110,0.032,-46.7,46.7,settle
3.10,0.271,-0.110,0.032,-46.7,46.7,settle
3.10,0.271,-0.110,0.032,-46.7,46.7,settle
3.10,0.271,-0.110,0.032,-46.7,46.7,settle
3.10,0.271,-0.110,0.032,-46.7,46.7,settle
3.10,0.271,-0.110,0.032,-46.7,46.7,settle
3.10,0.271,-0.110,0.032,-46.7,46.7,settle
3.10,0.271,-0.110,0.032,-46.7,46.7,settle
3.11,0.272,-0.110,0.032,-46.7,46.7,settle
3.11,0.272,-0.110,0.032,-46.7,46.7,settle
3.11,0.272,-0.110,0.032,-46.7,46.7,settle
3.11,0.272,-0.110,0.032,-46.7,46.7,settle
3.11,0.272,-0.110,0.032,-46.7,46.7,settle
3.11,0.272,-0.110,0.032,-46.7,46.7,settle
3.11,0.272,-0.110,0.032,-46.7,46.7,settle
3.11,0.272,-0.110,0.032,-46.7,46.7,settle
3.11,0.273,-0.110,0.032,-46.7,46.7,settle
3.11,0.273,-0.110,0.032,-46.7,46.7,settle
3.11,0.273,-0.110,0.032,-46.7,46.7,settle
3.11,0.273,-0.110,0.032,-46.7,46.7,settle
3.11,0.273,-0.110,0.032,-46.7,46.7,settle
3.11,0.273,-0.110,0.032,-46.7,46.7,settle
3.11,0.273,-0.110,0.032,-46.7,46.7,settle
3.11,0.273,-0.110,0.032,-46.7,46.7,settle
3.11,0.274,-0.110,0.032,-46.7,46.7,settle
3.11,0.274,-0.110,0.032,-46.7,46.7,settle
3.11,0.274,-0.110,0.032,-46.7,46.7,settle
3.11,0.274,-0.110,0.032,-46.7,46.7,settle
3.11,0.274,-0.110,0.032,-46.7,46.7,settle
3.11,0.274,-0.110,0.032,-46.7,46.7,settle
3.11,0.274,-0.110,0.032,-46.7,46.7,settle
3.11,0.274,-0.110,0.032,-46.7,46.7,settle
3.11,0.275,-0.110,0.032,-46.7,46.7,settle
3.11,0.275,-0.110,0.032,-46.7,46.7,settle
3.12,0.275,-0.110,0.032,-46.7,46.7,settle
3.12,0.275,-0.110,0.032,-46.7,46.7,settle
3.12,0.275,-0.110,0.032,-46.7,46.7,settle
3.12,0.275,-0.110,0.032,-46.7,46.7,settle
3.12,0.275,-0.110,0.032,-46.7,46.7,settle
3.12,0.275,-0.110,0.032,-46.7,46.7,settle
3.12,0.276,-0.110,0.032,-46.7,46.7,settle
3.12,0.276,-0.110,0.032,-46.7,46.7,settle
3.12,0.276,-0.110,0.032,-46.7,46.7,settle
3.12,0.276,-0.110,0.032,-46.7,46.7,settle
3.12,0.276,-0.110,0.032,-46.7,46.7,settle
3.12,0.276,-0.110,0.032,-46.7,46.7,settle
3.12,0.276,-0.110,0.032,-46.7,46.7,settle
3.12,0.276,-0.110,0.032,-46.7,46.7,settle
3.12,0.276,-0.110,0.032,-46.7,46.7,settle
3.12,0.276,-0.110,0.032,-46.7,46.7,settle
3.12,0.277,-0.110,0.032,-46.7,46.7,settle
3.12,0.277,-0.110,0.032,-46.7,46.7,settle
3.12,0.277,-0.110,0.032,-46.7,46.7,settle
3.12,0.277,-0.110,0.032,-46.7,46.7,settle
3.12,0.277,-0.110,0.032,-46.7,46.7,settle
3.12,0.277,-0.110,0.032,-46.7,46.7,settle
3.12,0.277,-0.110,0.032,-46.7,46.7,settle
3.12,0.277,-0.110,0.032,-46.7,46.7,settle
3.12,0.278,-0.110,0.032,-46.7,46.7,settle
3.12,0.278,-0.110,0.032,-46.7,46.7,settle
3.13,0.278,-0.110,0.032,-46.7,46.7,settle
3.13,0.278,-0.110,0.032,-46.7,46.7,settle
3.13,0.278,-0.110,0.032,-46.7,46.7,settle
3.13,0.278,-0.110,0.032,-46.7,46.7,settle
3.13,0.278,-0.110,0.032,-46.7,46.7,settle
3.13,0.278,-0.110,0.032,-46.7,46.7,settle
3.13,0.279,-0.110,0.032,-46.7,46.7,settle
3.13,0.279,-0.110,0.032,-46.7,46.7,settle
3.13,0.279,-0.110,0.032,-46.7,46.7,settle
3.13,0.279,-0.110,0.032,-46.7,46.7,settle
3.13,0.279,-0.110,0.032,-46.7,46.7,settle
3.13,0.279,-0.110,0.032,-46.7,46.7,settle
3.13,0.279,-0.110,0.032,-46.7,46.7,settle
3.13,0.280,-0.110,0.032,-46.7,46.7,settle
3.13,0.280,-0.110,0.032,-46.7,46.7,settle
3.13,0.280,-0.110,0.032,-46.7,46.7,settle
3.13,0.280,-0.110,0.032,-46.7,46.7,settle
3.13,0.280,-0.110,0.032,-46.7,46.7,settle
3.13,0.280,-0.110,0.032,-46.7,46.7,settle
3.13,0.280,-0.110,0.032,-46.7,46.7,settle
3.13,0.281,-0.110,0.032,-46.7,46.7,settle
3.13,0.281,-0.110,0.032,-46.7,46.7,settle
3.13,0.281,-0.110,0.032,-46.7,46.7,settle
3.13,0.281,-0.110,0.032,-46.7,46.7,settle
3.13,0.281,-0.110,0.032,-46.7,46.7,settle
3.14,0.281,-0.110,0.032,-46.7,46.7,settle
3.14,0.281,-0.110,0.032,-46.7,46.7,settle
3.14,0.281,-0.110,0.032,-46.7,46.7,settle
3.14,0.282,-0.110,0.032,-46.7,46.7,settle
3.14,0.282,-0.110,0.032,-46.7,46.7,settle
3.14,0.282,-0.110,0.032,-46.7,46.7,settle
3.14,0.282,-0.110,0.032,-46.7,46.7,settle
3.14,0.282,-0.110,0.032,-46.7,46.7,settle
3.14,0.282,-0.110,0.032,-46.7,46.7,settle
3.14,0.282,-0.110,0.032,-46.7,46.7,settle
3.14,0.282,-0.110,0.032,-46.7,46.7,settle
3.14,0.283,-0.110,0.032,-46.7,46.7,settle
3.14,0.283,-0.110,0.032,-46.7,46.7,settle
3.14,0.283,-0.110,0.032,-46.7,46.7,settle
3.14,0.283,-0.110,0.032,-46.7,46.7,settle
3.14,0.283,-0.110,0.032,-46.7,46.7,settle
3.14,0.283,-0.110,0.032,-46.7,46.7,settle
3.14,0.283,-0.110,0.032,-46.7,46.7,settle
3.14,0.283,-0.110,0.032,-46.7,46.7,settle
3.14,0.283,-0.110,0.032,-46.7,46.7,settle
3.14,0.283,-0.110,0.032,-46.7,46.7,settle
3.14,0.283,-0.110,0.032,-46.7,46.7,settle
3.14,0.284,-0.110,0.032,-46.7,46.7,settle
3.14,0.284,-0.110,0.032,-46.7,46.7,settle
3.14,0.284,-0.110,0.032,-46.7,46.7,settle
3.15,0.284,-0.110,0.032,-46.7,46.7,settle
3.15,0.284,-0.110,0.032,-46.7,46.7,settle
3.15,0.284,-0.110,0.032,-46.7,46.7,settle
3.15,0.284,-0.110,0.032,-46.7,46.7,settle
3.15,0.285,-0.110,0.032,-46.7,46.7,settle
3.15,0.285,-0.110,0.032,-46.7,46.7,settle
3.15,0.285,-0.110,0.032,-46.7,46.7,settle
3.15,0.285,-0.110,0.032,-46.7,46.7,settle
3.15,0.285,-0.110,0.032,-46.7,46.7,settle
3.15,0.285,-0.110,0.032,-46.7,46.7,settle
3.15,0.285,-0.110,0.032,-46.7,46.7,settle
3.15,0.285,-0.110,0.032,-46.7,46.7,settle
3.15,0.286,-0.110,0.032,-46.7,46.7,settle
3.15,0.286,-0.110,0.032,-46.7,46.7,settle
3.15,0.286,-0.110,0.032,-46.7,46.7,settle
3.15,0.286,-0.110,0.032,-46.7,46.7,settle
3.15,0.286,-0.110,0.032,-46.7,46.7,settle
3.15,0.286,-0.110,0.032,-46.7,46.7,settle
3.15,0.286,-0.110,0.032,-46.7,46.7,settle
3.15,0.287,-0.110,0.032,-46.7,46.7,settle
3.15,0.287,-0.110,0.032,-46.7,46.7,settle
3.15,0.287,-0.110,0.032,-46.7,46.7,settle
3.15,0.287,-0.110,0.032,-46.7,46.7,settle
3.15,0.287,-0.110,0.032,-46.7,46.7,settle
3.15,0.287,-0.110,0.032,-46.7,46.7,settle
3.15,0.287,-0.110,0.032,-46.7,46.7,settle
3.16,0.288,-0.110,0.032,-46.7,46.7,settle
3.16,0.288,-0.110,0.032,-46.7,46.7,settle
3.16,0.288,-0.110,0.032,-46.7,46.7,settle
3.16,0.288,-0.110,0.032,-46.7,46.7,settle
3.16,0.288,-0.110,0.032,-46.7,46.7,settle
3.16,0.288,-0.110,0.032,-46.7,46.7,settle
3.16,0.288,-0.110,0.032,-46.7,46.7,settle
3.16,0.289,-0.110,0.032,-46.7,46.7,settle
3.16,0.289,-0.110,0.032,-46.7,46.7,settle
3.16,0.289,-0.110,0.032,-46.7,46.7,settle
3.16,0.289,-0.110,0.032,-46.7,46.7,settle
3.16,0.289,-0.110,0.032,-46.7,46.7,settle
3.16,0.289,-0.110,0.032,-46.7,46.7,settle
3.16,0.289,-0.110,0.032,-46.7,46.7,settle
3.16,0.289,-0.110,0.032,-46.7,46.7,settle
3.16,0.290,-0.110,0.032,-46.7,46.7,settle
3.16,0.290,-0.110,0.032,-46.7,46.7,settle
3.16,0.290,-0.110,0.032,-46.7,46.7,settle
3.16,0.290,-0.110,0.032,-46.7,46.7,settle
3.16,0.290,-0.110,0.032,-46.7,46.7,settle
3.16,0.290,-0.110,0.032,-46.7,46.7,settle
3.16,0.290,-0.110,0.032,-46.7,46.7,settle
3.16,0.290,-0.110,0.032,-46.7,46.7,settle
3.17,0.291,-0.110,0.032,-46.7,46.7,settle
3.17,0.291,-0.110,0.032,-46.7,46.7,settle
3.17,0.291,-0.110,0.032,-46.7,46.7,settle
3.17,0.291,-0.110,0.032,-46.7,46.7,settle
3.17,0.291,-0.110,0.032,-46.7,46.7,settle
3.17,0.291,-0.110,0.032,-46.7,46.7,settle
3.17,0.291,-0.110,0.032,-46.7,46.7,settle
3.17,0.292,-0.110,0.032,-46.7,46.7,settle
3.17,0.292,-0.110,0.032,-46.7,46.7,settle
3.17,0.292,-0.110,0.032,-46.7,46.7,settle
3.17,0.292,-0.110,0.032,-46.7,46.7,settle
3.17,0.292,-0.110,0.032,-46.7,46.7,settle
3.17,0.292,-0.110,0.032,-46.7,46.7,settle
3.17,0.292,-0.110,0.032,-46.7,46.7,settle
3.17,0.292,-0.110,0.032,-46.7,46.7,settle
3.17,0.293,-0.110,0.032,-46.7,46.7,settle
3.17,0.293,-0.110,0.032,-46.7,46.7,settle
3.17,0.293,-0.110,0.032,-46.7,46.7,settle
3.17,0.293,-0.110,0.032,-46.7,46.7,settle
3.17,0.293,-0.110,0.032,-46.7,46.7,settle
3.17,0.293,-0.110,0.032,-46.7,46.7,settle
3.17,0.293,-0.110,0.032,-46.7,46.7,settle
3.17,0.294,-0.110,0.032,-46.7,46.7,settle
3.17,0.294,-0.110,0.032,-46.7,46.7,settle
3.18,0.294,-0.110,0.032,-46.7,46.7,settle
3.18,0.294,-0.110,0.032,-46.7,46.7,settle
3.18,0.294,-0.110,0.032,-46.7,46.7,settle
3.18,0.294,-0.110,0.032,-46.7,46.7,settle
3.18,0.294,-0.110,0.032,-46.7,46.7,settle
3.18,0.294,-0.110,0.032,-46.7,46.7,settle
3.18,0.295,-0.110,0.032,-46.7,46.7,settle
3.18,0.295,-0.110,0.032,-46.7,46.7,settle
3.18,0.295,-0.110,0.032,-46.7,46.7,settle
3.18,0.295,-0.110,0.032,-46.7,46.7,settle
3.18,0.295,-0.110,0.032,-46.7,46.7,settle
3.18,0.295,-0.110,0.032,-46.7,46.7,settle
3.18,0.295,-0.110,0.032,-46.7,46.7,settle
3.18,0.296,-0.110,0.032,-46.7,46.7,settle
3.18,0.296,-0.110,0.032,-46.7,46.7,settle
3.18,0.296,-0.110,0.032,-46.7,46.7,settle
3.18,0.296,-0.110,0.032,-46.7,46.7,settle
3.18,0.296,-0.110,0.032,-46.7,46.7,settle
3.18,0.296,-0.110,0.032,-46.7,46.7,settle
3.18,0.296,-0.110,0.032,-46.7,46.7,settle
3.18,0.296,-0.110,0.032,-46.7,46.7,settle
3.18,0.297,-0.110,0.032,-46.7,46.7,settle
3.18,0.297,-0.110,0.032,-46.7,46.7,settle
3.18,0.297,-0.110,0.032,-46.7,46.7,settle
3.18,0.297,-0.110,0.032,-46.7,46.7,settle
3.19,0.297,-0.110,0.032,-46.7,46.7,settle
3.19,0.297,-0.110,0.032,-46.7,46.7,settle
3.19,0.297,-0.110,0.032,-46.7,46.7,settle
3.19,0.297,-0.110,0.032,-46.7,46.7,settle
3.19,0.297,-0.110,0.032,-46.7,46.7,settle
3.19,0.298,-0.110,0.032,-46.7,46.7,settle
3.19,0.298,-0.110,0.032,-46.7,46.7,settle
3.19,0.298,-0.110,0.032,-46.7,46.7,settle
3.19,0.298,-0.110,0.032,-46.7,46.7,settle
3.19,0.298,-0.110,0.032,-46.7,46.7,settle
3.19,0.298,-0.110,0.032,-46.7,46.7,settle
3.19,0.298,-0.110,0.032,-46.7,46.7,settle
3.19,0.298,-0.110,0.032,-46.7,46.7,settle
3.19,0.299,-0.110,0.032,-46.7,46.7,settle
3.19,0.299,-0.110,0.032,-46.7,46.7,settle
3.19,0.299,-0.110,0.032,-46.7,46.7,settle
3.19,0.299,-0.110,0.032,-46.7,46.7,settle
3.19,0.299,-0.110,0.032,-46.7,46.7,settle
3.19,0.299,-0.110,0.032,-46.7,46.7,settle
3.19,0.299,-0.110,0.032,-46.7,46.7,settle
3.19,0.299,-0.110,0.032,-46.7,46.7,settle
3.19,0.300,-0.110,0.032,-46.7,46.7,settle
3.19,0.300,-0.110,0.032,-46.7,46.7,settle
3.19,0.300,-0.110,0.032,-46.7,46.7,settle
3.19,0.300,-0.110,0.032,-46.7,46.7,settle
3.20,0.300,-0.110,0.032,-46.7,46.7,settle
3.20,0.300,-0.110,0.032,-46.7,46.7,settle
3.20,0.300,-0.110,0.032,-46.7,46.7,settle
3.20,0.300,-0.110,0.032,-46.7,46.7,settle
3.20,0.301,-0.110,0.032,-46.7,46.7,settle
3.20,0.301,-0.110,0.032,-46.7,46.7,settle
3.20,0.301,-0.110,0.032,-46.7,46.7,settle
3.20,0.301,-0.110,0.032,-46.7,46.7,settle
3.20,0.301,-0.110,0.032,-46.7,46.7,settle
3.20,0.301,-0.110,0.032,-46.7,46.7,settle
3.20,0.301,-0.110,0.032,-46.7,46.7,settle
3.20,0.302,-0.110,0.032,-46.7,46.7,settle
3.20,0.302,-0.110,0.032,-46.7,46.7,settle
3.20,0.302,-0.110,0.032,-46.7,46.7,settle
3.20,0.302,-0.110,0.032,-46.7,46.7,settle
3.20,0.302,-0.110,0.032,-46.7,46.7,settle
3.20,0.302,-0.110,0.032,-46.7,46.7,settle
3.20,0.302,-0.110,0.032,-46.7,46.7,settle
3.20,0.302,-0.110,0.032,-46.7,46.7,settle
3.20,0.303,-0.110,0.032,-46.7,46.7,settle
3.20,0.303,-0.110,0.032,-46.7,46.7,settle
3.20,0.303,-0.110,0.032,-46.7,46.7,settle
3.20,0.303,-0.110,0.032,-46.7,46.7,settle
3.20,0.303,-0.110,0.032,-46.7,46.7,settle
3.20,0.303,-0.110,0.032,-46.7,46.7,settle
3.20,0.303,-0.110,0.032,-46.7,46.7,settle
3.21,0.303,-0.110,0.032,-46.7,46.7,settle
3.21,0.304,-0.110,0.032,-46.7,46.7,settle
3.21,0.304,-0.110,0.032,-46.7,46.7,settle
3.21,0.304,-0.110,0.032,-46.7,46.7,settle
3.21,0.304,-0.110,0.032,-46.7,46.7,settle
3.21,0.304,-0.110,0.032,-46.7,46.7,settle
3.21,0.304,-0.110,0.032,-46.7,46.7,settle
3.21,0.304,-0.110,0.032,-46.7,46.7,settle
3.21,0.304,-0.110,0.032,-46.7,46.7,settle
3.21,0.305,-0.110,0.032,-46.7,46.7,settle
3.21,0.305,-0.110,0.032,-46.7,46.7,settle
3.21,0.305,-0.110,0.032,-46.7,46.7,settle
3.21,0.305,-0.110,0.032,-46.7,46.7,settle
3.21,0.305,-0.110,0.032,-46.7,46.7,settle
3.21,0.305,-0.110,0.032,-46.7,46.7,settle
3.21,0.305,-0.110,0.032,-46.7,46.7,settle
3.21,0.305,-0.110,0.032,-46.7,46.7,settle
3.21,0.305,-0.110,0.032,-46.7,46.7,settle
3.21,0.305,-0.110,0.032,-46.7,46.7,settle
3.21,0.306,-0.110,0.032,-46.7,46.7,settle
3.21,0.306,-0.110,0.032,-46.7,46.7,settle
3.21,0.306,-0.110,0.032,-46.7,46.7,settle
3.21,0.306,-0.110,0.032,-46.7,46.7,settle
3.21,0.306,-0.110,0.032,-46.7,46.7,settle
3.21,0.306,-0.110,0.032,-46.7,46.7,settle
3.21,0.306,-0.110,0.032,-46.7,46.7,settle
3.22,0.307,-0.110,0.032,-46.7,46.7,settle
3.22,0.307,-0.110,0.032,-46.7,46.7,settle
3.22,0.307,-0.110,0.032,-46.7,46.7,settle
3.22,0.307,-0.110,0.032,-46.7,46.7,settle
3.22,0.307,-0.110,0.032,-46.7,46.7,settle
3.22,0.307,-0.110,0.032,-46.7,46.7,settle
3.22,0.307,-0.110,0.032,-46.7,46.7,settle
3.22,0.307,-0.110,0.032,-46.7,46.7,settle
3.22,0.308,-0.110,0.032,-46.7,46.7,settle
3.22,0.308,-0.110,0.032,-46.7,46.7,settle
3.22,0.308,-0.110,0.032,-46.7,46.7,settle
3.22,0.308,-0.110,0.032,-46.7,46.7,settle
3.22,0.308,-0.110,0.032,-46.7,46.7,settle
3.22,0.308,-0.110,0.032,-46.7,46.7,settle
3.22,0.308,-0.110,0.032,-46.7,46.7,settle
3.22,0.308,-0.110,0.032,-46.7,46.7,settle
3.22,0.309,-0.110,0.032,-46.7,46.7,settle
3.22,0.309,-0.110,0.032,-46.7,46.7,settle
3.22,0.309,-0.110,0.032,-46.7,46.7,settle
3.22,0.309,-0.110,0.032,-46.7,46.7,settle
3.22,0.309,-0.110,0.032,-46.7,46.7,settle
3.22,0.309,-0.110,0.032,-46.7,46.7,settle
3.22,0.309,-0.110,0.032,-46.7,46.7,settle
3.22,0.309,-0.110,0.032,-46.7,46.7,settle
3.22,0.310,-0.110,0.032,-46.7,46.7,settle
3.22,0.310,-0.110,0.032,-46.7,46.7,settle
3.23,0.310,-0.110,0.032,-46.7,46.7,settle
3.23,0.310,-0.110,0.032,-46.7,46.7,settle
3.23,0.310,-0.110,0.032,-46.7,46.7,settle
3.23,0.310,-0.110,0.032,-46.7,46.7,settle
3.23,0.310,-0.110,0.032,-46.7,46.7,settle
3.23,0.310,-0.110,0.032,-46.7,46.7,settle
3.23,0.311,-0.110,0.032,-46.7,46.7,settle
3.23,0.311,-0.110,0.032,-46.7,46.7,settle
3.23,0.311,-0.110,0.032,-46.7,46.7,settle
3.23,0.311,-0.110,0.032,-46.7,46.7,settle
3.23,0.311,-0.110,0.032,-46.7,46.7,settle
3.23,0.311,-0.110,0.032,-46.7,46.7,settle
3.23,0.311,-0.110,0.032,-46.7,46.7,settle
3.23,0.312,-0.110,0.032,-46.7,46.7,settle
3.23,0.312,-0.110,0.032,-46.7,46.7,settle
3.23,0.312,-0.110,0.032,-46.7,46.7,settle
3.23,0.312,-0.110,0.032,-46.7,46.7,settle
3.23,0.312,-0.110,0.032,-46.7,46.7,settle
3.23,0.312,-0.110,0.032,-46.7,46.7,settle
3.23,0.312,-0.110,0.032,-46.7,46.7,settle
3.23,0.312,-0.110,0.032,-46.7,46.7,settle
3.23,0.312,-0.110,0.032,-46.7,46.7,settle
3.23,0.312,-0.110,0.032,-46.7,46.7,settle
3.23,0.313,-0.110,0.032,-46.7,46.7,settle
3.23,0.313,-0.110,0.032,-46.7,46.7,settle
3.24,0.313,-0.110,0.032,-46.7,46.7,settle
3.24,0.313,-0.110,0.032,-46.7,46.7,settle
3.24,0.313,-0.110,0.032,-46.7,46.7,settle
3.24,0.313,-0.110,0.032,-46.7,46.7,settle
3.24,0.313,-0.110,0.032,-46.7,46.7,settle
3.24,0.313,-0.110,0.032,-46.7,46.7,settle
3.24,0.314,-0.110,0.032,-46.7,46.7,settle
3.24,0.314,-0.110,0.032,-46.7,46.7,settle
3.24,0.314,-0.110,0.032,-46.7,46.7,settle
3.24,0.314,-0.110,0.032,-46.7,46.7,settle
3.24,0.314,-0.110,0.032,-46.7,46.7,settle
3.24,0.314,-0.110,0.032,-46.7,46.7,settle
3.24,0.314,-0.110,0.032,-46.7,46.7,settle
3.24,0.314,-0.110,0.032,-46.7,46.7,settle
3.24,0.315,-0.110,0.032,-46.7,46.7,settle
3.24,0.315,-0.110,0.032,-46.7,46.7,settle
3.24,0.315,-0.110,0.032,-46.7,46.7,settle
3.24,0.315,-0.110,0.032,-46.7,46.7,settle
3.24,0.315,-0.110,0.032,-46.7,46.7,settle
3.24,0.315,-0.110,0.032,-46.7,46.7,settle
3.24,0.315,-0.110,0.032,-46.7,46.7,settle
3.24,0.316,-0.110,0.032,-46.7,46.7,settle
3.24,0.316,-0.110,0.032,-46.7,46.7,settle
3.24,0.316,-0.110,0.032,-46.7,46.7,settle
3.24,0.316,-0.110,0.032,-46.7,46.7,settle
3.25,0.316,-0.110,0.032,-46.7,46.7,settle
3.25,0.316,-0.110,0.032,-46.7,46.7,settle
3.25,0.316,-0.110,0.032,-46.7,46.7,settle
3.25,0.317,-0.110,0.032,-46.7,46.7,settle
3.25,0.317,-0.110,0.032,-46.7,46.7,settle
3.25,0.317,-0.110,0.032,-46.7,46.7,settle
3.25,0.317,-0.110,0.032,-46.7,46.7,settle
3.25,0.317,-0.110,0.032,-46.7,46.7,settle
3.25,0.317,-0.110,0.032,-46.7,46.7,settle
3.25,0.317,-0.110,0.032,-46.7,46.7,settle
3.25,0.318,-0.110,0.032,-46.7,46.7,settle
3.25,0.318,-0.110,0.032,-46.7,46.7,settle
3.25,0.318,-0.110,0.032,-46.7,46.7,settle
3.25,0.318,-0.110,0.032,-46.7,46.7,settle
3.25,0.318,-0.110,0.032,-46.7,46.7,settle
3.25,0.318,-0.110,0.032,-46.7,46.7,settle
3.25,0.319,-0.110,0.032,-46.7,46.7,settle
3.25,0.319,-0.110,0.032,-46.7,46.7,settle
3.25,0.319,-0.110,0.032,-46.7,46.7,settle
3.25,0.319,-0.110,0.032,-46.7,46.7,settle
3.25,0.319,-0.110,0.032,-46.7,46.7,settle
3.25,0.319,-0.110,0.032,-46.7,46.7,settle
3.25,0.319,-0.110,0.032,-46.7,46.7,settle
3.26,0.319,-0.110,0.032,-46.7,46.7,settle
3.26,0.319,-0.110,0.032,-46.7,46.7,settle
3.26,0.319,-0.110,0.032,-46.7,46.7,settle
3.26,0.320,-0.110,0.032,-46.7,46.7,settle
3.26,0.320,-0.110,0.032,-46.7,46.7,settle
3.26,0.320,-0.110,0.032,-46.7,46.7,settle
3.26,0.320,-0.110,0.032,-46.7,46.7,settle
3.26,0.320,-0.110,0.032,-46.7,46.7,settle
3.26,0.320,-0.110,0.032,-46.7,46.7,settle
3.26,0.320,-0.110,0.032,-46.7,46.7,settle
3.26,0.320,-0.110,0.032,-46.7,46.7,settle
3.26,0.321,-0.110,0.032,-46.7,46.7,settle
3.26,0.321,-0.110,0.032,-46.7,46.7,settle
3.26,0.321,-0.110,0.032,-46.7,46.7,settle
3.26,0.321,-0.110,0.032,-46.7,46.7,settle
3.26,0.321,-0.110,0.032,-46.7,46.7,settle
3.26,0.321,-0.110,0.032,-46.7,46.7,settle
3.26,0.321,-0.110,0.032,-46.7,46.7,settle
3.26,0.321,-0.110,0.032,-46.7,46.7,settle
3.26,0.322,-0.110,0.032,-46.7,46.7,settle
3.26,0.322,-0.110,0.032,-46.7,46.7,settle
3.26,0.322,-0.110,0.032,-46.7,46.7,settle
3.26,0.322,-0.110,0.032,-46.7,46.7,settle
3.26,0.322,-0.110,0.032,-46.7,46.7,settle
3.26,0.322,-0.110,0.032,-46.7,46.7,settle
3.27,0.322,-0.110,0.032,-46.7,46.7,settle
3.27,0.323,-0.110,0.032,-46.7,46.7,settle
3.27,0.323,-0.110,0.032,-46.7,46.7,settle
3.27,0.323,-0.110,0.032,-46.7,46.7,settle
3.27,0.323,-0.110,0.032,-46.7,46.7,settle
3.27,0.323,-0.110,0.032,-46.7,46.7,settle
3.27,0.323,-0.110,0.032,-46.7,46.7,settle
3.27,0.323,-0.110,0.032,-46.7,46.7,settle
3.27,0.324,-0.110,0.032,-46.7,46.7,settle
3.27,0.324,-0.110,0.032,-46.7,46.7,settle
3.27,0.324,-0.110,0.032,-46.7,46.7,settle
3.27,0.324,-0.110,0.032,-46.7,46.7,settle
3.27,0.324,-0.110,0.032,-46.7,46.7,settle
3.27,0.324,-0.110,0.032,-46.7,46.7,settle
3.27,0.324,-0.110,0.032,-46.7,46.7,settle
3.27,0.324,-0.110,0.032,-46.7,46.7,settle
3.27,0.325,-0.110,0.032,-46.7,46.7,settle
3.27,0.325,-0.110,0.032,-46.7,46.7,settle
3.27,0.325,-0.110,0.032,-46.7,46.7,settle
3.27,0.325,-0.110,0.032,-46.7,46.7,settle
3.27,0.325,-0.110,0.032,-46.7,46.7,settle
3.27,0.325,-0.110,0.032,-46.7,46.7,settle
3.27,0.325,-0.110,0.032,-46.7,46.7,settle
3.27,0.325,-0.110,0.032,-46.7,46.7,settle
3.27,0.326,-0.110,0.032,-46.7,46.7,settle
3.28,0.326,-0.110,0.032,-46.7,46.7,settle
3.28,0.326,-0.110,0.032,-46.7,46.7,settle
3.28,0.326,-0.110,0.032,-46.7,46.7,settle
3.28,0.326,-0.110,0.032,-46.7,46.7,settle
3.28,0.326,-0.110,0.032,-46.7,46.7,settle
3.28,0.326,-0.110,0.032,-46.7,46.7,settle
3.28,0.326,-0.110,0.032,-46.7,46.7,settle
3.28,0.326,-0.110,0.032,-46.7,46.7,settle
3.28,0.327,-0.110,0.032,-46.7,46.7,settle
3.28,0.327,-0.110,0.032,-46.7,46.7,settle
3.28,0.327,-0.110,0.032,-46.7,46.7,settle
3.28,0.327,-0.110,0.032,-46.7,46.7,settle
3.28,0.327,-0.110,0.032,-46.7,46.7,settle
3.28,0.327,-0.110,0.032,-46.7,46.7,settle
3.28,0.328,-0.110,0.032,-46.7,46.7,settle
3.28,0.328,-0.110,0.032,-46.7,46.7,settle
3.28,0.328,-0.110,0.032,-46.7,46.7,settle
3.28,0.328,-0.110,0.032,-46.7,46.7,settle
3.28,0.328,-0.110,0.032,-46.7,46.7,settle
3.28,0.328,-0.110,0.032,-46.7,46.7,settle
3.28,0.329,-0.110,0.032,-46.7,46.7,settle
3.29,0.329,-0.110,0.032,-46.7,46.7,settle
3.29,0.329,-0.110,0.032,-46.7,46.7,settle
3.29,0.329,-0.110,0.032,-46.7,46.7,settle
3.29,0.329,-0.110,0.032,-46.7,46.7,settle
3.29,0.329,-0.110,0.032,-46.7,46.7,settle
3.29,0.329,-0.110,0.032,-46.7,46.7,settle
3.29,0.329,-0.110,0.032,-46.7,46.7,settle
3.29,0.330,-0.110,0.032,-46.7,46.7,settle
3.29,0.330,-0.110,0.032,-46.7,46.7,settle
3.29,0.330,-0.110,0.032,-46.7,46.7,settle
3.29,0.330,-0.110,0.032,-46.7,46.7,settle
3.29,0.330,-0.110,0.032,-46.7,46.7,settle
3.29,0.330,-0.110,0.032,-46.7,46.7,settle
3.29,0.330,-0.110,0.032,-46.7,46.7,settle
3.29,0.331,-0.110,0.032,-46.7,46.7,settle
3.29,0.331,-0.110,0.032,-46.7,46.7,settle
3.29,0.331,-0.110,0.032,-46.7,46.7,settle
3.29,0.331,-0.110,0.032,-46.7,46.7,settle
3.29,0.331,-0.110,0.032,-46.7,46.7,settle
3.29,0.331,-0.110,0.032,-46.7,46.7,settle
3.29,0.331,-0.110,0.032,-46.7,46.7,settle
3.29,0.332,-0.110,0.032,-46.7,46.7,settle
3.29,0.332,-0.110,0.032,-46.7,46.7,settle
3.29,0.332,-0.110,0.032,-46.7,46.7,settle
3.29,0.332,-0.110,0.032,-46.7,46.7,settle
3.29,0.332,-0.110,0.032,-46.7,46.7,settle
3.30,0.332,-0.110,0.032,-46.7,46.7,settle
3.30,0.332,-0.110,0.032,-46.7,46.7,settle
3.30,0.332,-0.110,0.032,-46.7,46.7,settle
3.30,0.333,-0.110,0.032,-46.7,46.7,settle
3.30,0.333,-0.110,0.032,-46.7,46.7,settle
3.30,0.333,-0.110,0.032,-46.7,46.7,settle
3.30,0.333,-0.110,0.032,-46.7,46.7,settle
3.30,0.333,-0.110,0.032,-46.7,46.7,settle
3.30,0.333,-0.110,0.032,-46.7,46.7,settle
3.30,0.333,-0.110,0.032,-46.7,46.7,settle
3.30,0.333,-0.110,0.032,-46.7,46.7,settle
3.30,0.334,-0.110,0.032,-46.7,46.7,settle
3.30,0.334,-0.110,0.032,-46.7,46.7,settle
3.30,0.334,-0.110,0.032,-46.7,46.7,settle
3.30,0.334,-0.110,0.032,-46.7,46.7,settle
3.30,0.334,-0.110,0.032,-46.7,46.7,settle
3.30,0.334,-0.110,0.032,-46.7,46.7,settle
3.30,0.334,-0.110,0.032,-46.7,46.7,settle
3.30,0.334,-0.110,0.032,-46.7,46.7,settle
3.30,0.334,-0.110,0.032,-46.7,46.7,settle
3.30,0.334,-0.110,0.032,-46.7,46.7,settle
3.30,0.335,-0.110,0.032,-46.7,46.7,settle
3.30,0.335,-0.110,0.032,-46.7,46.7,settle
3.30,0.335,-0.110,0.032,-46.7,46.7,settle
3.30,0.335,-0.110,0.032,-46.7,46.7,settle
3.31,0.335,-0.110,0.032,-46.7,46.7,settle
3.31,0.335,-0.110,0.032,-46.7,46.7,settle
3.31,0.335,-0.110,0.032,-46.7,46.7,settle
3.31,0.336,-0.110,0.032,-46.7,46.7,settle
3.31,0.336,-0.110,0.032,-46.7,46.7,settle
3.31,0.336,-0.110,0.032,-46.7,46.7,settle
3.31,0.336,-0.110,0.032,-46.7,46.7,settle
3.31,0.336,-0.110,0.032,-46.7,46.7,settle
3.31,0.336,-0.110,0.032,-46.7,46.7,settle
3.31,0.336,-0.110,0.032,-46.7,46.7,settle
3.31,0.336,-0.110,0.032,-46.7,46.7,settle
3.31,0.337,-0.110,0.032,-46.7,46.7,settle
3.31,0.337,-0.110,0.032,-46.7,46.7,settle
3.31,0.337,-0.110,0.032,-46.7,46.7,settle
3.31,0.337,-0.110,0.032,-46.7,46.7,settle
3.31,0.337,-0.110,0.032,-46.7,46.7,settle
3.31,0.337,-0.110,0.032,-46.7,46.7,settle
3.31,0.337,-0.110,0.032,-46.7,46.7,settle
3.31,0.338,-0.110,0.032,-46.7,46.7,settle
3.31,0.338,-0.110,0.032,-46.7,46.7,settle
3.31,0.338,-0.110,0.032,-46.7,46.7,settle
3.31,0.338,-0.110,0.032,-46.7,46.7,settle
3.31,0.338,-0.110,0.032,-46.7,46.7,settle
3.31,0.338,-0.110,0.032,-46.7,46.7,settle
3.31,0.338,-0.110,0.032,-46.7,46.7,settle
3.32,0.338,-0.110,0.032,-46.7,46.7,settle
3.32,0.339,-0.110,0.032,-46.7,46.7,settle
3.32,0.339,-0.110,0.032,-46.7,46.7,settle
3.32,0.339,-0.110,0.032,-46.7,46.7,settle
3.32,0.339,-0.110,0.032,-46.7,46.7,settle
3.32,0.339,-0.110,0.032,-46.7,46.7,settle
3.32,0.339,-0.110,0.032,-46.7,46.7,settle
3.32,0.340,-0.110,0.032,-46.7,46.7,settle
3.32,0.340,-0.110,0.032,-46.7,46.7,settle
3.32,0.340,-0.110,0.032,-46.7,46.7,settle
3.32,0.340,-0.110,0.032,-46.7,46.7,settle
3.32,0.340,-0.110,0.032,-46.7,46.7,settle
3.32,0.340,-0.110,0.032,-46.7,46.7,settle
3.32,0.340,-0.110,0.032,-46.7,46.7,settle
3.32,0.340,-0.110,0.032,-46.7,46.7,settle
3.32,0.341,-0.110,0.032,-46.7,46.7,settle
3.32,0.341,-0.110,0.032,-46.7,46.7,settle
3.32,0.341,-0.110,0.032,-46.7,46.7,settle
3.32,0.341,-0.110,0.032,-46.7,46.7,settle
3.32,0.341,-0.110,0.032,-46.7,46.7,settle
3.32,0.341,-0.110,0.032,-46.7,46.7,settle
3.32,0.341,-0.110,0.032,-46.7,46.7,settle
3.32,0.341,-0.110,0.032,-46.7,46.7,settle
3.32,0.341,-0.110,0.032,-46.7,46.7,settle
3.33,0.341,-0.110,0.032,-46.7,46.7,settle
3.33,0.342,-0.110,0.032,-46.7,46.7,settle
3.33,0.342,-0.110,0.032,-46.7,46.7,settle
3.33,0.342,-0.110,0.032,-46.7,46.7,settle
3.33,0.342,-0.110,0.032,-46.7,46.7,settle
3.33,0.342,-0.110,0.032,-46.7,46.7,settle
3.33,0.342,-0.110,0.032,-46.7,46.7,settle
3.33,0.342,-0.110,0.032,-46.7,46.7,settle
3.33,0.343,-0.110,0.032,-46.7,46.7,settle
3.33,0.343,-0.110,0.032,-46.7,46.7,settle
3.33,0.343,-0.110,0.032,-46.7,46.7,settle
3.33,0.343,-0.110,0.032,-46.7,46.7,settle
3.33,0.343,-0.110,0.032,-46.7,46.7,settle
3.33,0.343,-0.110,0.032,-46.7,46.7,settle
3.33,0.343,-0.110,0.032,-46.7,46.7,settle
3.33,0.343,-0.110,0.032,-46.7,46.7,settle
3.33,0.344,-0.110,0.032,-46.7,46.7,settle
3.33,0.344,-0.110,0.032,-46.7,46.7,settle
3.33,0.344,-0.110,0.032,-46.7,46.7,settle
3.33,0.344,-0.110,0.032,-46.7,46.7,settle
3.33,0.344,-0.110,0.032,-46.7,46.7,settle
3.33,0.344,-0.110,0.032,-46.7,46.7,settle
3.33,0.344,-0.110,0.032,-46.7,46.7,settle
3.33,0.345,-0.110,0.032,-46.7,46.7,settle
3.33,0.345,-0.110,0.032,-46.7,46.7,settle
3.34,0.345,-0.110,0.032,-46.7,46.7,settle
3.34,0.345,-0.110,0.032,-46.7,46.7,settle
3.34,0.345,-0.110,0.032,-46.7,46.7,settle
3.34,0.345,-0.110,0.032,-46.7,46.7,settle
3.34,0.345,-0.110,0.032,-46.7,46.7,settle
3.34,0.345,-0.110,0.032,-46.7,46.7,settle
3.34,0.346,-0.110,0.032,-46.7,46.7,settle
3.34,0.346,-0.110,0.032,-46.7,46.7,settle
3.34,0.346,-0.110,0.032,-46.7,46.7,settle
3.34,0.346,-0.110,0.032,-46.7,46.7,settle
3.34,0.346,-0.110,0.032,-46.7,46.7,settle
3.34,0.346,-0.110,0.032,-46.7,46.7,settle
3.34,0.346,-0.110,0.032,-46.7,46.7,settle
3.34,0.347,-0.110,0.032,-46.7,46.7,settle
3.34,0.347,-0.110,0.032,-46.7,46.7,settle
3.34,0.347,-0.110,0.032,-46.7,46.7,settle
3.34,0.347,-0.110,0.032,-46.7,46.7,settle
3.34,0.347,-0.110,0.032,-46.7,46.7,settle
3.34,0.347,-0.110,0.032,-46.7,46.7,settle
3.34,0.347,-0.110,0.032,-46.7,46.7,settle
3.34,0.347,-0.110,0.032,-46.7,46.7,settle
3.34,0.348,-0.110,0.032,-46.7,46.7,settle
3.34,0.348,-0.110,0.032,-46.7,46.7,settle
3.34,0.348,-0.110,0.032,-46.7,46.7,settle
3.34,0.348,-0.110,0.032,-46.7,46.7,settle
3.35,0.348,-0.110,0.032,-46.7,46.7,settle
3.35,0.348,-0.110,0.032,-46.7,46.7,settle
3.35,0.348,-0.110,0.032,-46.7,46.7,settle
3.35,0.348,-0.110,0.032,-46.7,46.7,settle
3.35,0.348,-0.110,0.032,-46.7,46.7,settle
3.35,0.348,-0.110,0.032,-46.7,46.7,settle
3.35,0.349,-0.110,0.032,-46.7,46.7,settle
3.35,0.349,-0.110,0.032,-46.7,46.7,settle
3.35,0.349,-0.110,0.032,-46.7,46.7,settle
3.35,0.349,-0.110,0.032,-46.7,46.7,settle
3.35,0.349,-0.110,0.032,-46.7,46.7,settle
3.35,0.349,-0.110,0.032,-46.7,46.7,settle
3.35,0.349,-0.110,0.032,-46.7,46.7,settle
3.35,0.349,-0.110,0.032,-46.7,46.7,settle
3.35,0.350,-0.110,0.032,-46.7,46.7,settle
3.35,0.350,-0.110,0.032,-46.7,46.7,settle
3.35,0.350,-0.110,0.032,-46.7,46.7,settle
3.35,0.350,-0.110,0.032,-46.7,46.7,settle
3.35,0.350,-0.110,0.032,-46.7,46.7,settle
3.35,0.350,-0.110,0.032,-46.7,46.7,settle
3.35,0.350,-0.110,0.032,-46.7,46.7,settle
3.35,0.351,-0.110,0.032,-46.7,46.7,settle
3.35,0.351,-0.110,0.032,-46.7,46.7,settle
3.35,0.351,-0.110,0.032,-46.7,46.7,settle
3.35,0.351,-0.110,0.032,-46.7,46.7,settle
3.35,0.351,-0.110,0.032,-46.7,46.7,settle
3.36,0.351,-0.110,0.032,-46.7,46.7,settle
3.36,0.351,-0.110,0.032,-46.7,46.7,settle
3.36,0.351,-0.110,0.032,-46.7,46.7,settle
3.36,0.352,-0.110,0.032,-46.7,46.7,settle
3.36,0.352,-0.110,0.032,-46.7,46.7,settle
3.36,0.352,-0.110,0.032,-46.7,46.7,settle
3.36,0.352,-0.110,0.032,-46.7,46.7,settle
3.36,0.352,-0.110,0.032,-46.7,46.7,settle
3.36,0.352,-0.110,0.032,-46.7,46.7,settle
3.36,0.352,-0.110,0.032,-46.7,46.7,settle
3.36,0.352,-0.110,0.032,-46.7,46.7,settle
3.36,0.353,-0.110,0.032,-46.7,46.7,settle
3.36,0.353,-0.110,0.032,-46.7,46.7,settle
3.36,0.353,-0.110,0.032,-46.7,46.7,settle
3.36,0.353,-0.110,0.032,-46.7,46.7,settle
3.36,0.353,-0.110,0.032,-46.7,46.7,settle
3.36,0.353,-0.110,0.032,-46.7,46.7,settle
3.36,0.353,-0.110,0.032,-46.7,46.7,settle
3.36,0.353,-0.110,0.032,-46.7,46.7,settle
3.36,0.353,-0.110,0.032,-46.7,46.7,settle
3.36,0.354,-0.110,0.032,-46.7,46.7,settle
3.36,0.354,-0.110,0.032,-46.7,46.7,settle
3.36,0.354,-0.110,0.032,-46.7,46.7,settle
3.36,0.354,-0.110,0.032,-46.7,46.7,settle
3.36,0.354,-0.110,0.032,-46.7,46.7,settle
3.36,0.354,-0.110,0.032,-46.7,46.7,settle
3.36,0.354,-0.110,0.032,-46.7,46.7,settle
3.37,0.354,-0.110,0.032,-46.7,46.7,settle
3.37,0.355,-0.110,0.032,-46.7,46.7,settle
3.37,0.355,-0.110,0.032,-46.7,46.7,settle
3.37,0.355,-0.110,0.032,-46.7,46.7,settle
3.37,0.355,-0.110,0.032,-46.7,46.7,settle
3.37,0.355,-0.110,0.032,-46.7,46.7,settle
3.37,0.355,-0.110,0.032,-46.7,46.7,settle
3.37,0.355,-0.110,0.032,-46.7,46.7,settle
3.37,0.355,-0.110,0.032,-46.7,46.7,settle
3.37,0.355,-0.110,0.032,-46.7,46.7,settle
3.37,0.355,-0.110,0.032,-46.7,46.7,settle
3.37,0.356,-0.110,0.032,-46.7,46.7,settle
3.37,0.356,-0.110,0.032,-46.7,46.7,settle
3.37,0.356,-0.110,0.032,-46.7,46.7,settle
3.37,0.356,-0.110,0.032,-46.7,46.7,settle
3.37,0.356,-0.110,0.032,-46.7,46.7,settle
3.37,0.356,-0.110,0.032,-46.7,46.7,settle
3.37,0.356,-0.110,0.032,-46.7,46.7,settle
3.37,0.356,-0.110,0.032,-46.7,46.7,settle
3.37,0.357,-0.110,0.032,-46.7,46.7,settle
3.37,0.357,-0.110,0.032,-46.7,46.7,settle
3.37,0.357,-0.110,0.032,-46.7,46.7,settle
3.37,0.357,-0.110,0.032,-46.7,46.7,settle
3.37,0.357,-0.110,0.032,-46.7,46.7,settle
3.37,0.357,-0.110,0.032,-46.7,46.7,settle
3.37,0.357,-0.110,0.032,-46.7,46.7,settle
3.38,0.357,-0.110,0.032,-46.7,46.7,settle
3.38,0.358,-0.110,0.032,-46.7,46.7,settle
3.38,0.358,-0.110,0.032,-46.7,46.7,settle
3.38,0.358,-0.110,0.032,-46.7,46.7,settle
3.38,0.358,-0.110,0.032,-46.7,46.7,settle
3.38,0.358,-0.110,0.032,-46.7,46.7,settle
3.38,0.358,-0.110,0.032,-46.7,46.7,settle
3.38,0.358,-0.110,0.032,-46.7,46.7,settle
3.38,0.358,-0.110,0.032,-46.7,46.7,settle
3.38,0.359,-0.110,0.032,-46.7,46.7,settle
3.38,0.359,-0.110,0.032,-46.7,46.7,settle
3.38,0.359,-0.110,0.032,-46.7,46.7,settle
3.38,0.359,-0.110,0.032,-46.7,46.7,settle
3.38,0.359,-0.110,0.032,-46.7,46.7,settle
3.38,0.359,-0.110,0.032,-46.7,46.7,settle
3.38,0.359,-0.110,0.032,-46.7,46.7,settle
3.38,0.359,-0.110,0.032,-46.7,46.7,settle
3.38,0.360,-0.110,0.032,-46.7,46.7,settle
3.38,0.360,-0.110,0.032,-46.7,46.7,settle
3.38,0.360,-0.110,0.032,-46.7,46.7,settle
3.38,0.360,-0.110,0.032,-46.7,46.7,settle
3.38,0.360,-0.110,0.032,-46.7,46.7,settle
3.38,0.360,-0.110,0.032,-46.7,46.7,settle
3.38,0.360,-0.110,0.032,-46.7,46.7,settle
3.38,0.360,-0.110,0.032,-46.7,46.7,settle
3.38,0.361,-0.110,0.032,-46.7,46.7,settle
3.39,0.361,-0.110,0.032,-46.7,46.7,settle
3.39,0.361,-0.110,0.032,-46.7,46.7,settle
3.39,0.361,-0.110,0.032,-46.7,46.7,settle
3.39,0.361,-0.110,0.032,-46.7,46.7,settle
3.39,0.361,-0.110,0.032,-46.7,46.7,settle
3.39,0.361,-0.110,0.032,-46.7,46.7,settle
3.39,0.362,-0.110,0.032,-46.7,46.7,settle
3.39,0.362,-0.110,0.032,-46.7,46.7,settle
3.39,0.362,-0.110,0.032,-46.7,46.7,settle
3.39,0.362,-0.110,0.032,-46.7,46.7,settle
3.39,0.362,-0.110,0.032,-46.7,46.7,settle
3.39,0.362,-0.110,0.032,-46.7,46.7,settle
3.39,0.362,-0.110,0.032,-46.7,46.7,settle
3.39,0.362,-0.110,0.032,-46.7,46.7,settle
3.39,0.362,-0.110,0.032,-46.7,46.7,settle
3.39,0.362,-0.110,0.032,-46.7,46.7,settle
3.39,0.363,-0.110,0.032,-46.7,46.7,settle
3.39,0.363,-0.110,0.032,-46.7,46.7,settle
3.39,0.363,-0.110,0.032,-46.7,46.7,settle
3.39,0.363,-0.110,0.032,-46.7,46.7,settle
3.39,0.363,-0.110,0.032,-46.7,46.7,settle
3.39,0.363,-0.110,0.032,-46.7,46.7,settle
3.39,0.363,-0.110,0.032,-46.7,46.7,settle
3.39,0.364,-0.110,0.032,-46.7,46.7,settle
3.40,0.364,-0.110,0.032,-46.7,46.7,settle
3.40,0.364,-0.110,0.032,-46.7,46.7,settle
3.40,0.364,-0.110,0.032,-46.7,46.7,settle
3.40,0.364,-0.110,0.032,-46.7,46.7,settle
3.40,0.364,-0.110,0.032,-46.7,46.7,settle
3.40,0.364,-0.110,0.032,-46.7,46.7,settle
3.40,0.364,-0.110,0.032,-46.7,46.7,settle
3.40,0.365,-0.110,0.032,-46.7,46.7,settle
3.40,0.365,-0.110,0.032,-46.7,46.7,settle
3.40,0.365,-0.110,0.032,-46.7,46.7,settle
3.40,0.365,-0.110,0.032,-46.7,46.7,settle
3.40,0.365,-0.110,0.032,-46.7,46.7,settle
3.40,0.365,-0.110,0.032,-46.7,46.7,settle
3.40,0.365,-0.110,0.032,-46.7,46.7,settle
3.40,0.366,-0.110,0.032,-46.7,46.7,settle
3.40,0.366,-0.110,0.032,-46.7,46.7,settle
3.40,0.366,-0.110,0.032,-46.7,46.7,settle
3.40,0.366,-0.110,0.032,-46.7,46.7,settle
3.40,0.366,-0.110,0.032,-46.7,46.7,settle
3.40,0.366,-0.110,0.032,-46.7,46.7,settle
3.40,0.366,-0.110,0.032,-46.7,46.7,settle
3.40,0.367,-0.110,0.032,-46.7,46.7,settle
3.40,0.367,-0.110,0.032,-46.7,46.7,settle
3.40,0.367,-0.110,0.032,-46.7,46.7,settle
3.41,0.367,-0.110,0.032,-46.7,46.7,settle
3.41,0.367,-0.110,0.032,-46.7,46.7,settle
3.41,0.367,-0.110,0.032,-46.7,46.7,settle
3.41,0.367,-0.110,0.032,-46.7,46.7,settle
3.41,0.368,-0.110,0.032,-46.7,46.7,settle
3.41,0.368,-0.110,0.032,-46.7,46.7,settle
3.41,0.368,-0.110,0.032,-46.7,46.7,settle
3.41,0.368,-0.110,0.032,-46.7,46.7,settle
3.41,0.368,-0.110,0.032,-46.7,46.7,settle
3.41,0.368,-0.110,0.032,-46.7,46.7,settle
3.41,0.368,-0.110,0.032,-46.7,46.7,settle
3.41,0.369,-0.110,0.032,-46.7,46.7,settle
3.41,0.369,-0.110,0.032,-46.7,46.7,settle
3.41,0.369,-0.110,0.032,-46.7,46.7,settle
3.41,0.369,-0.110,0.032,-46.7,46.7,settle
3.41,0.369,-0.110,0.032,-46.7,46.7,settle
3.41,0.369,-0.110,0.032,-46.7,46.7,settle
3.41,0.369,-0.110,0.032,-46.7,46.7,settle
3.41,0.369,-0.110,0.032,-46.7,46.7,settle
3.41,0.370,-0.110,0.032,-46.7,46.7,settle
3.41,0.370,-0.110,0.032,-46.7,46.7,settle
3.41,0.370,-0.110,0.032,-46.7,46.7,settle
3.41,0.370,-0.110,0.032,-46.7,46.7,settle
3.41,0.370,-0.110,0.032,-46.7,46.7,settle
3.41,0.370,-0.110,0.032,-46.7,46.7,settle
3.42,0.370,-0.110,0.032,-46.7,46.7,settle
3.42,0.370,-0.110,0.032,-46.7,46.7,settle
3.42,0.370,-0.110,0.032,-46.7,46.7,settle
3.42,0.370,-0.110,0.032,-46.7,46.7,settle
3.42,0.371,-0.110,0.032,-46.7,46.7,settle
3.42,0.371,-0.110,0.032,-46.7,46.7,settle
3.42,0.371,-0.110,0.032,-46.7,46.7,settle
3.42,0.371,-0.110,0.032,-46.7,46.7,settle
3.42,0.371,-0.110,0.032,-46.7,46.7,settle
3.42,0.371,-0.110,0.032,-46.7,46.7,settle
3.42,0.371,-0.110,0.032,-46.7,46.7,settle
3.42,0.372,-0.110,0.032,-46.7,46.7,settle
3.42,0.372,-0.110,0.032,-46.7,46.7,settle
3.42,0.372,-0.110,0.032,-46.7,46.7,settle
3.42,0.372,-0.110,0.032,-46.7,46.7,settle
3.42,0.372,-0.110,0.032,-46.7,46.7,settle
3.42,0.372,-0.110,0.032,-46.7,46.7,settle
3.42,0.372,-0.110,0.032,-46.7,46.7,settle
3.42,0.373,-0.110,0.032,-46.7,46.7,settle
3.42,0.373,-0.110,0.032,-46.7,46.7,settle
3.42,0.373,-0.110,0.032,-46.7,46.7,settle
3.42,0.373,-0.110,0.032,-46.7,46.7,settle
3.42,0.373,-0.110,0.032,-46.7,46.7,settle
3.42,0.373,-0.110,0.032,-46.7,46.7,settle
3.42,0.373,-0.110,0.032,-46.7,46.7,settle
3.43,0.373,-0.110,0.032,-46.7,46.7,settle
3.43,0.374,-0.110,0.032,-46.7,46.7,settle
3.43,0.374,-0.110,0.032,-46.7,46.7,settle
3.43,0.374,-0.110,0.032,-46.7,46.7,settle
3.43,0.374,-0.110,0.032,-46.7,46.7,settle
3.43,0.374,-0.110,0.032,-46.7,46.7,settle
3.43,0.374,-0.110,0.032,-46.7,46.7,settle
3.43,0.374,-0.110,0.032,-46.7,46.7,settle
3.43,0.375,-0.110,0.032,-46.7,46.7,settle
3.43,0.375,-0.110,0.032,-46.7,46.7,settle
3.43,0.375,-0.110,0.032,-46.7,46.7,settle
3.43,0.375,-0.110,0.032,-46.7,46.7,settle
3.43,0.375,-0.110,0.032,-46.7,46.7,settle
3.43,0.375,-0.110,0.032,-46.7,46.7,settle
3.43,0.375,-0.110,0.032,-46.7,46.7,settle
3.43,0.376,-0.110,0.032,-46.7,46.7,settle
3.43,0.376,-0.110,0.032,-46.7,46.7,settle
3.43,0.376,-0.110,0.032,-46.7,46.7,settle
3.43,0.376,-0.110,0.032,-46.7,46.7,settle
3.43,0.376,-0.110,0.032,-46.7,46.7,settle
3.43,0.376,-0.110,0.032,-46.7,46.7,settle
3.43,0.376,-0.110,0.032,-46.7,46.7,settle
3.43,0.377,-0.110,0.032,-46.7,46.7,settle
3.43,0.377,-0.110,0.032,-46.7,46.7,settle
3.44,0.377,-0.110,0.032,-46.7,46.7,settle
3.44,0.377,-0.110,0.032,-46.7,46.7,settle
3.44,0.377,-0.110,0.032,-46.7,46.7,settle
3.44,0.377,-0.110,0.032,-46.7,46.7,settle
3.44,0.377,-0.110,0.032,-46.7,46.7,settle
3.44,0.377,-0.110,0.032,-46.7,46.7,settle
3.44,0.377,-0.110,0.032,-46.7,46.7,settle
3.44,0.377,-0.110,0.032,-46.7,46.7,settle
3.44,0.378,-0.110,0.032,-46.7,46.7,settle
3.44,0.378,-0.110,0.032,-46.7,46.7,settle
3.44,0.378,-0.110,0.032,-46.7,46.7,settle
3.44,0.378,-0.110,0.032,-46.7,46.7,settle
3.44,0.378,-0.110,0.032,-46.7,46.7,settle
3.44,0.378,-0.110,0.032,-46.7,46.7,settle
3.44,0.378,-0.110,0.032,-46.7,46.7,settle
3.44,0.378,-0.110,0.032,-46.7,46.7,settle
3.44,0.379,-0.110,0.032,-46.7,46.7,settle
3.44,0.379,-0.110,0.032,-46.7,46.7,settle
3.44,0.379,-0.110,0.032,-46.7,46.7,settle
3.44,0.379,-0.110,0.032,-46.7,46.7,settle
3.44,0.379,-0.110,0.032,-46.7,46.7,settle
3.44,0.379,-0.110,0.032,-46.7,46.7,settle
3.44,0.380,-0.110,0.032,-46.7,46.7,settle
3.44,0.380,-0.110,0.032,-46.7,46.7,settle
3.45,0.380,-0.110,0.032,-46.7,46.7,settle
3.45,0.380,-0.110,0.032,-46.7,46.7,settle
3.45,0.380,-0.110,0.032,-46.7,46.7,settle
3.45,0.380,-0.110,0.032,-46.7,46.7,settle
3.45,0.380,-0.110,0.032,-46.7,46.7,settle
3.45,0.380,-0.110,0.032,-46.7,46.7,settle
3.45,0.381,-0.110,0.032,-46.7,46.7,settle
3.45,0.381,-0.110,0.032,-46.7,46.7,settle
3.45,0.381,-0.110,0.032,-46.7,46.7,settle
3.45,0.381,-0.110,0.032,-46.7,46.7,settle
3.45,0.381,-0.110,0.032,-46.7,46.7,settle
3.45,0.381,-0.110,0.032,-46.7,46.7,settle
3.45,0.381,-0.110,0.032,-46.7,46.7,settle
3.45,0.382,-0.110,0.032,-46.7,46.7,settle
3.45,0.382,-0.110,0.032,-46.7,46.7,settle
3.45,0.382,-0.110,0.032,-46.7,46.7,settle
3.45,0.382,-0.110,0.032,-46.7,46.7,settle
3.45,0.382,-0.110,0.032,-46.7,46.7,settle
3.45,0.382,-0.110,0.032,-46.7,46.7,settle
3.45,0.382,-0.110,0.032,-46.7,46.7,settle
3.45,0.383,-0.110,0.032,-46.7,46.7,settle
3.45,0.383,-0.110,0.032,-46.7,46.7,settle
3.45,0.383,-0.110,0.032,-46.7,46.7,settle
3.45,0.383,-0.110,0.032,-46.7,46.7,settle
3.46,0.383,-0.110,0.032,-46.7,46.7,settle
3.46,0.383,-0.110,0.032,-46.7,46.7,settle
3.46,0.383,-0.110,0.032,-46.7,46.7,settle
3.46,0.384,-0.110,0.032,-46.7,46.7,settle
3.46,0.384,-0.110,0.032,-46.7,46.7,settle
3.46,0.384,-0.110,0.032,-46.7,46.7,settle
3.46,0.384,-0.110,0.032,-46.7,46.7,settle
3.46,0.384,-0.110,0.032,-46.7,46.7,settle
3.46,0.384,-0.110,0.032,-46.7,46.7,settle
3.46,0.384,-0.110,0.032,-46.7,46.7,settle
3.46,0.384,-0.110,0.032,-46.7,46.7,settle
3.46,0.384,-0.110,0.032,-46.7,46.7,settle
3.46,0.384,-0.110,0.032,-46.7,46.7,settle
3.46,0.385,-0.110,0.032,-46.7,46.7,settle
3.46,0.385,-0.110,0.032,-46.7,46.7,settle
3.46,0.385,-0.110,0.032,-46.7,46.7,settle
3.46,0.385,-0.110,0.032,-46.7,46.7,settle
3.46,0.385,-0.110,0.032,-46.7,46.7,settle
3.46,0.385,-0.110,0.032,-46.7,46.7,settle
3.46,0.385,-0.110,0.032,-46.7,46.7,settle
3.46,0.386,-0.110,0.032,-46.7,46.7,settle
3.46,0.386,-0.110,0.032,-46.7,46.7,settle
3.46,0.386,-0.110,0.032,-46.7,46.7,settle
3.46,0.386,-0.110,0.032,-46.7,46.7,settle
3.47,0.386,-0.110,0.032,-46.7,46.7,settle
3.47,0.386,-0.110,0.032,-46.7,46.7,settle
3.47,0.386,-0.110,0.032,-46.7,46.7,settle
3.47,0.387,-0.110,0.032,-46.7,46.7,settle
3.47,0.387,-0.110,0.032,-46.7,46.7,settle
3.47,0.387,-0.110,0.032,-46.7,46.7,settle
3.47,0.387,-0.110,0.032,-46.7,46.7,settle
3.47,0.387,-0.110,0.032,-46.7,46.7,settle
3.47,0.387,-0.110,0.032,-46.7,46.7,settle
3.47,0.387,-0.110,0.032,-46.7,46.7,settle
3.47,0.387,-0.110,0.032,-46.7,46.7,settle
3.47,0.388,-0.110,0.032,-46.7,46.7,settle
3.47,0.388,-0.110,0.032,-46.7,46.7,settle
3.47,0.388,-0.110,0.032,-46.7,46.7,settle
3.47,0.388,-0.110,0.032,-46.7,46.7,settle
3.47,0.388,-0.110,0.032,-46.7,46.7,settle
3.47,0.388,-0.110,0.032,-46.7,46.7,settle
3.47,0.389,-0.110,0.032,-46.7,46.7,settle
3.47,0.389,-0.110,0.032,-46.7,46.7,settle
3.47,0.389,-0.110,0.032,-46.7,46.7,settle
3.47,0.389,-0.110,0.032,-46.7,46.7,settle
3.47,0.389,-0.110,0.032,-46.7,46.7,settle
3.47,0.389,-0.110,0.032,-46.7,46.7,settle
3.47,0.389,-0.110,0.032,-46.7,46.7,settle
3.48,0.389,-0.110,0.032,-46.7,46.7,settle
3.48,0.390,-0.110,0.032,-46.7,46.7,settle
3.48,0.390,-0.110,0.032,-46.7,46.7,settle
3.48,0.390,-0.110,0.032,-46.7,46.7,settle
3.48,0.390,-0.110,0.032,-46.7,46.7,settle
3.48,0.390,-0.110,0.032,-46.7,46.7,settle
3.48,0.390,-0.110,0.032,-46.7,46.7,settle
3.48,0.390,-0.110,0.032,-46.7,46.7,settle
3.48,0.391,-0.110,0.032,-46.7,46.7,settle
3.48,0.391,-0.110,0.032,-46.7,46.7,settle
3.48,0.391,-0.110,0.032,-46.7,46.7,settle
3.48,0.391,-0.110,0.032,-46.7,46.7,settle
3.48,0.391,-0.110,0.032,-46.7,46.7,settle
3.48,0.391,-0.110,0.032,-46.7,46.7,settle
3.48,0.391,-0.110,0.032,-46.7,46.7,settle
3.48,0.391,-0.110,0.032,-46.7,46.7,settle
3.48,0.391,-0.110,0.032,-46.7,46.7,settle
3.48,0.392,-0.110,0.032,-46.7,46.7,settle
3.48,0.392,-0.110,0.032,-46.7,46.7,settle
3.48,0.392,-0.110,0.032,-46.7,46.7,settle
3.48,0.392,-0.110,0.032,-46.7,46.7,settle
3.48,0.392,-0.110,0.032,-46.7,46.7,settle
3.48,0.392,-0.110,0.032,-46.7,46.7,settle
3.49,0.392,-0.110,0.032,-46.7,46.7,settle
3.49,0.392,-0.110,0.032,-46.7,46.7,settle
3.49,0.393,-0.110,0.032,-46.7,46.7,settle
3.49,0.393,-0.110,0.032,-46.7,46.7,settle
3.49,0.393,-0.110,0.032,-46.7,46.7,settle
3.49,0.393,-0.110,0.032,-46.7,46.7,settle
3.49,0.393,-0.110,0.032,-46.7,46.7,settle
3.49,0.393,-0.110,0.032,-46.7,46.7,settle
3.49,0.393,-0.110,0.032,-46.7,46.7,settle
3.49,0.394,-0.110,0.032,-46.7,46.7,settle
3.49,0.394,-0.110,0.032,-46.7,46.7,settle
3.49,0.394,-0.110,0.032,-46.7,46.7,settle
3.49,0.394,-0.110,0.032,-46.7,46.7,settle
3.49,0.394,-0.110,0.032,-46.7,46.7,settle
3.49,0.394,-0.110,0.032,-46.7,46.7,settle
3.49,0.394,-0.110,0.032,-46.7,46.7,settle
3.49,0.395,-0.110,0.032,-46.7,46.7,settle
3.49,0.395,-0.110,0.032,-46.7,46.7,settle
3.49,0.395,-0.110,0.032,-46.7,46.7,settle
3.49,0.395,-0.110,0.032,-46.7,46.7,settle
3.49,0.395,-0.110,0.032,-46.7,46.7,settle
3.49,0.395,-0.110,0.032,-46.7,46.7,settle
3.49,0.395,-0.110,0.032,-46.7,46.7,settle
3.49,0.396,-0.110,0.032,-46.7,46.7,settle
3.49,0.396,-0.110,0.032,-46.7,46.7,settle
3.50,0.396,-0.110,0.032,-46.7,46.7,settle
3.50,0.396,-0.110,0.032,-46.7,46.7,settle
3.50,0.396,-0.110,0.032,-46.7,46.7,settle
3.50,0.396,-0.110,0.032,-46.7,46.7,settle
3.50,0.396,-0.110,0.032,-46.7,46.7,settle
3.50,0.396,-0.110,0.032,-46.7,46.7,settle
3.50,0.397,-0.110,0.032,-46.7,46.7,settle
3.50,0.397,-0.110,0.032,-46.7,46.7,settle
3.50,0.397,-0.110,0.032,-46.7,46.7,settle
3.50,0.397,-0.110,0.032,-46.7,46.7,settle
3.50,0.397,-0.110,0.032,-46.7,46.7,settle
3.50,0.397,-0.110,0.032,-46.7,46.7,settle
3.50,0.397,-0.110,0.032,-46.7,46.7,settle
3.50,0.398,-0.110,0.032,-46.7,46.7,settle
3.50,0.398,-0.110,0.032,-46.7,46.7,settle
3.50,0.398,-0.110,0.032,-46.7,46.7,settle
3.50,0.398,-0.110,0.032,-46.7,46.7,settle
3.50,0.398,-0.110,0.032,-46.7,46.7,settle
3.50,0.398,-0.110,0.032,-46.7,46.7,settle
3.50,0.398,-0.110,0.032,-46.7,46.7,settle
3.50,0.399,-0.110,0.032,-46.7,46.7,settle
3.50,0.399,-0.110,0.032,-46.7,46.7,settle
3.50,0.399,-0.110,0.032,-46.7,46.7,settle
3.50,0.399,-0.110,0.032,-46.7,46.7,settle
3.51,0.399,-0.110,0.032,-46.7,46.7,settle
3.51,0.399,-0.110,0.032,-46.7,46.7,settle
3.51,0.399,-0.110,0.032,-46.7,46.7,settle
3.51,0.399,-0.110,0.032,-46.7,46.7,settle
3.51,0.399,-0.110,0.032,-46.7,46.7,settle
3.51,0.399,-0.110,0.032,-46.7,46.7,settle
3.51,0.400,-0.110,0.032,-46.7,46.7,settle
3.51,0.400,-0.110,0.032,-46.7,46.7,settle
3.51,0.400,-0.110,0.032,-46.7,46.7,settle
3.51,0.400,-0.110,0.032,-46.7,46.7,settle
3.51,0.400,-0.110,0.032,-46.7,46.7,settle
3.51,0.400,-0.110,0.032,-46.7,46.7,settle
3.51,0.400,-0.110,0.032,-46.7,46.7,settle
3.51,0.401,-0.110,0.032,-46.7,46.7,settle
3.51,0.401,-0.110,0.032,-46.7,46.7,settle
3.51,0.401,-0.110,0.032,-46.7,46.7,settle
3.51,0.401,-0.110,0.032,-46.7,46.7,settle
3.51,0.401,-0.110,0.032,-46.7,46.7,settle
3.51,0.401,-0.110,0.032,-46.7,46.7,settle
3.51,0.401,-0.110,0.032,-46.7,46.7,settle
3.51,0.402,-0.110,0.032,-46.7,46.7,settle
3.51,0.402,-0.110,0.032,-46.7,46.7,settle
3.51,0.402,-0.110,0.032,-46.7,46.7,settle
3.51,0.402,-0.110,0.032,-46.7,46.7,settle
3.52,0.402,-0.110,0.032,-46.7,46.7,settle
3.52,0.402,-0.110,0.032,-46.7,46.7,settle
3.52,0.402,-0.110,0.032,-46.7,46.7,settle
3.52,0.402,-0.110,0.032,-46.7,46.7,settle
3.52,0.403,-0.110,0.032,-46.7,46.7,settle
3.52,0.403,-0.110,0.032,-46.7,46.7,settle
3.52,0.403,-0.110,0.032,-46.7,46.7,settle
3.52,0.403,-0.110,0.032,-46.7,46.7,settle
3.52,0.403,-0.110,0.032,-46.7,46.7,settle
3.52,0.403,-0.110,0.032,-46.7,46.7,settle
3.52,0.403,-0.110,0.032,-46.7,46.7,settle
3.52,0.404,-0.110,0.032,-46.7,46.7,settle
3.52,0.404,-0.110,0.032,-46.7,46.7,settle
3.52,0.404,-0.110,0.032,-46.7,46.7,settle
3.52,0.404,-0.110,0.032,-46.7,46.7,settle
3.52,0.404,-0.110,0.032,-46.7,46.7,settle
3.52,0.404,-0.110,0.032,-46.7,46.7,settle
3.52,0.404,-0.110,0.032,-46.7,46.7,settle
3.52,0.405,-0.110,0.032,-46.7,46.7,settle
3.52,0.405,-0.110,0.032,-46.7,46.7,settle
3.52,0.405,-0.110,0.032,-46.7,46.7,settle
3.52,0.405,-0.110,0.032,-46.7,46.7,settle
3.52,0.405,-0.110,0.032,-46.7,46.7,settle
3.52,0.405,-0.110,0.032,-46.7,46.7,settle
3.52,0.405,-0.110,0.032,-46.7,46.7,settle
3.53,0.405,-0.110,0.032,-46.7,46.7,settle
3.53,0.406,-0.110,0.032,-46.7,46.7,settle
3.53,0.406,-0.110,0.032,-46.7,46.7,settle
3.53,0.406,-0.110,0.032,-46.7,46.7,settle
3.53,0.406,-0.110,0.032,-46.7,46.7,settle
3.53,0.406,-0.110,0.032,-46.7,46.7,settle
3.53,0.406,-0.110,0.032,-46.7,46.7,settle
3.53,0.406,-0.110,0.032,-46.7,46.7,settle
3.53,0.406,-0.110,0.032,-46.7,46.7,settle
3.53,0.406,-0.110,0.032,-46.7,46.7,settle
3.53,0.407,-0.110,0.032,-46.7,46.7,settle
3.53,0.407,-0.110,0.032,-46.7,46.7,settle
3.53,0.407,-0.110,0.032,-46.7,46.7,settle
3.53,0.407,-0.110,0.032,-46.7,46.7,settle
3.53,0.407,-0.110,0.032,-46.7,46.7,settle
3.53,0.407,-0.110,0.032,-46.7,46.7,settle
3.53,0.407,-0.110,0.032,-46.7,46.7,settle
3.53,0.407,-0.110,0.032,-46.7,46.7,settle
3.53,0.408,-0.110,0.032,-46.7,46.7,settle
3.53,0.408,-0.110,0.032,-46.7,46.7,settle
3.53,0.408,-0.110,0.032,-46.7,46.7,settle
3.53,0.408,-0.110,0.032,-46.7,46.7,settle
3.54,0.408,-0.110,0.032,-46.7,46.7,settle
3.54,0.409,-0.110,0.032,-46.7,46.7,settle
3.54,0.409,-0.110,0.032,-46.7,46.7,settle
3.54,0.409,-0.110,0.032,-46.7,46.7,settle
3.54,0.409,-0.110,0.032,-46.7,46.7,settle
3.54,0.409,-0.110,0.032,-46.7,46.7,settle
3.54,0.409,-0.110,0.032,-46.7,46.7,settle
3.54,0.409,-0.110,0.032,-46.7,46.7,settle
3.54,0.410,-0.110,0.032,-46.7,46.7,settle
3.54,0.410,-0.110,0.032,-46.7,46.7,settle
3.54,0.410,-0.110,0.032,-46.7,46.7,settle
3.54,0.410,-0.110,0.032,-46.7,46.7,settle
3.54,0.410,-0.110,0.032,-46.7,46.7,settle
3.54,0.410,-0.110,0.032,-46.7,46.7,settle
3.54,0.410,-0.110,0.032,-46.7,46.7,settle
3.54,0.411,-0.110,0.032,-46.7,46.7,settle
3.54,0.411,-0.110,0.032,-46.7,46.7,settle
3.54,0.411,-0.110,0.032,-46.7,46.7,settle
3.54,0.411,-0.110,0.032,-46.7,46.7,settle
3.54,0.411,-0.110,0.032,-46.7,46.7,settle
3.54,0.411,-0.110,0.032,-46.7,46.7,settle
3.54,0.411,-0.110,0.032,-46.7,46.7,settle
3.54,0.411,-0.110,0.032,-46.7,46.7,settle
3.54,0.412,-0.110,0.032,-46.7,46.7,settle
3.54,0.412,-0.110,0.032,-46.7,46.7,settle
3.55,0.412,-0.110,0.032,-46.7,46.7,settle
3.55,0.412,-0.110,0.032,-46.7,46.7,settle
3.55,0.412,-0.110,0.032,-46.7,46.7,settle
3.55,0.412,-0.110,0.032,-46.7,46.7,settle
3.55,0.412,-0.110,0.032,-46.7,46.7,settle
3.55,0.412,-0.110,0.032,-46.7,46.7,settle
3.55,0.413,-0.110,0.032,-46.7,46.7,settle
3.55,0.413,-0.110,0.032,-46.7,46.7,settle
3.55,0.413,-0.110,0.032,-46.7,46.7,settle
3.55,0.413,-0.110,0.032,-46.7,46.7,settle
3.55,0.413,-0.110,0.032,-46.7,46.7,settle
3.55,0.413,-0.110,0.032,-46.7,46.7,settle
3.55,0.413,-0.110,0.032,-46.7,46.7,settle
3.55,0.413,-0.110,0.032,-46.7,46.7,settle
3.55,0.413,-0.110,0.032,-46.7,46.7,settle
3.55,0.414,-0.110,0.032,-46.7,46.7,settle
3.55,0.414,-0.110,0.032,-46.7,46.7,settle
3.55,0.414,-0.110,0.032,-46.7,46.7,settle
3.55,0.414,-0.110,0.032,-46.7,46.7,settle
3.55,0.414,-0.110,0.032,-46.7,46.7,settle
3.55,0.414,-0.110,0.032,-46.7,46.7,settle
3.55,0.415,-0.110,0.032,-46.7,46.7,settle
3.55,0.415,-0.110,0.032,-46.7,46.7,settle
3.56,0.415,-0.110,0.032,-46.7,46.7,settle
3.56,0.415,-0.110,0.032,-46.7,46.7,settle
3.56,0.415,-0.110,0.032,-46.7,46.7,settle
3.56,0.415,-0.110,0.032,-46.7,46.7,settle
3.56,0.415,-0.110,0.032,-46.7,46.7,settle
3.56,0.415,-0.110,0.032,-46.7,46.7,settle
3.56,0.416,-0.110,0.032,-46.7,46.7,settle
3.56,0.416,-0.110,0.032,-46.7,46.7,settle
3.56,0.416,-0.110,0.032,-46.7,46.7,settle
3.56,0.416,-0.110,0.032,-46.7,46.7,settle
3.56,0.416,-0.110,0.032,-46.7,46.7,settle
3.56,0.416,-0.110,0.032,-46.7,46.7,settle
3.56,0.416,-0.110,0.032,-46.7,46.7,settle
3.56,0.416,-0.110,0.032,-46.7,46.7,settle
3.56,0.417,-0.110,0.032,-46.7,46.7,settle
3.56,0.417,-0.110,0.032,-46.7,46.7,settle
3.56,0.417,-0.110,0.032,-46.7,46.7,settle
3.56,0.417,-0.110,0.032,-46.7,46.7,settle
3.56,0.417,-0.110,0.032,-46.7,46.7,settle
3.56,0.417,-0.110,0.032,-46.7,46.7,settle
3.56,0.417,-0.110,0.032,-46.7,46.7,settle
3.56,0.418,-0.110,0.032,-46.7,46.7,settle
3.56,0.418,-0.110,0.032,-46.7,46.7,settle
3.56,0.418,-0.110,0.032,-46.7,46.7,settle
3.56,0.418,-0.110,0.032,-46.7,46.7,settle
3.57,0.418,-0.110,0.032,-46.7,46.7,settle
3.57,0.418,-0.110,0.032,-46.7,46.7,settle
3.57,0.418,-0.110,0.032,-46.7,46.7,settle
3.57,0.419,-0.110,0.032,-46.7,46.7,settle
3.57,0.419,-0.110,0.032,-46.7,46.7,settle
3.57,0.419,-0.110,0.032,-46.7,46.7,settle
3.57,0.419,-0.110,0.032,-46.7,46.7,settle
3.57,0.419,-0.110,0.032,-46.7,46.7,settle
3.57,0.419,-0.110,0.032,-46.7,46.7,settle
3.57,0.419,-0.110,0.032,-46.7,46.7,settle
3.57,0.420,-0.110,0.032,-46.7,46.7,settle
3.57,0.420,-0.110,0.032,-46.7,46.7,settle
3.57,0.420,-0.110,0.032,-46.7,46.7,settle
3.57,0.420,-0.110,0.032,-46.7,46.7,settle
3.57,0.420,-0.110,0.032,-46.7,46.7,settle
3.57,0.420,-0.110,0.032,-46.7,46.7,settle
3.57,0.420,-0.110,0.032,-46.7,46.7,settle
3.57,0.420,-0.110,0.032,-46.7,46.7,settle
3.57,0.420,-0.110,0.032,-46.7,46.7,settle
3.57,0.421,-0.110,0.032,-46.7,46.7,settle
3.57,0.421,-0.110,0.032,-46.7,46.7,settle
3.57,0.421,-0.110,0.032,-46.7,46.7,settle
3.57,0.421,-0.110,0.032,-46.7,46.7,settle
3.58,0.421,-0.110,0.032,-46.7,46.7,settle
3.58,0.421,-0.110,0.032,-46.7,46.7,settle
3.58,0.421,-0.110,0.032,-46.7,46.7,settle
3.58,0.421,-0.110,0.032,-46.7,46.7,settle
3.58,0.422,-0.110,0.032,-46.7,46.7,settle
3.58,0.422,-0.110,0.032,-46.7,46.7,settle
3.58,0.422,-0.110,0.032,-46.7,46.7,settle
3.58,0.422,-0.110,0.032,-46.7,46.7,settle
3.58,0.422,-0.110,0.032,-46.7,46.7,settle
3.58,0.422,-0.110,0.032,-46.7,46.7,settle
3.58,0.422,-0.110,0.032,-46.7,46.7,settle
3.58,0.423,-0.110,0.032,-46.7,46.7,settle
3.58,0.423,-0.110,0.032,-46.7,46.7,settle
3.58,0.423,-0.110,0.032,-46.7,46.7,settle
3.58,0.423,-0.110,0.032,-46.7,46.7,settle
3.58,0.423,-0.110,0.032,-46.7,46.7,settle
3.58,0.423,-0.110,0.032,-46.7,46.7,settle
3.58,0.423,-0.110,0.032,-46.7,46.7,settle
3.58,0.423,-0.110,0.032,-46.7,46.7,settle
3.58,0.424,-0.110,0.032,-46.7,46.7,settle
3.58,0.424,-0.110,0.032,-46.7,46.7,settle
3.58,0.424,-0.110,0.032,-46.7,46.7,settle
3.58,0.424,-0.110,0.032,-46.7,46.7,settle
3.58,0.424,-0.110,0.032,-46.7,46.7,settle
3.58,0.424,-0.110,0.032,-46.7,46.7,settle
3.59,0.424,-0.110,0.032,-46.7,46.7,settle
3.59,0.425,-0.110,0.032,-46.7,46.7,settle
3.59,0.425,-0.110,0.032,-46.7,46.7,settle
3.59,0.425,-0.110,0.032,-46.7,46.7,settle
3.59,0.425,-0.110,0.032,-46.7,46.7,settle
3.59,0.425,-0.110,0.032,-46.7,46.7,settle
3.59,0.425,-0.110,0.032,-46.7,46.7,settle
3.59,0.426,-0.110,0.032,-46.7,46.7,settle
3.59,0.426,-0.110,0.032,-46.7,46.7,settle
3.59,0.426,-0.110,0.032,-46.7,46.7,settle
3.59,0.426,-0.110,0.032,-46.7,46.7,settle
3.59,0.426,-0.110,0.032,-46.7,46.7,settle
3.59,0.426,-0.110,0.032,-46.7,46.7,settle
3.59,0.426,-0.110,0.032,-46.7,46.7,settle
3.59,0.426,-0.110,0.032,-46.7,46.7,settle
3.59,0.426,-0.110,0.032,-46.7,46.7,settle
3.59,0.427,-0.110,0.032,-46.7,46.7,settle
3.59,0.427,-0.110,0.032,-46.7,46.7,settle
3.59,0.427,-0.110,0.032,-46.7,46.7,settle
3.59,0.427,-0.110,0.032,-46.7,46.7,settle
3.59,0.427,-0.110,0.032,-46.7,46.7,settle
3.59,0.427,-0.110,0.032,-46.7,46.7,settle
3.59,0.427,-0.110,0.032,-46.7,46.7,settle
3.59,0.427,-0.110,0.032,-46.7,46.7,settle
3.59,0.427,-0.110,0.032,-46.7,46.7,settle
3.60,0.427,-0.110,0.032,-46.7,46.7,settle
3.60,0.428,-0.110,0.032,-46.7,46.7,settle
3.60,0.428,-0.110,0.032,-46.7,46.7,settle
3.60,0.428,-0.110,0.032,-46.7,46.7,settle
3.60,0.428,-0.110,0.032,-46.7,46.7,settle
3.60,0.428,-0.110,0.032,-46.7,46.7,settle
3.60,0.428,-0.110,0.032,-46.7,46.7,settle
3.60,0.428,-0.110,0.032,-46.7,46.7,settle
3.60,0.428,-0.110,0.032,-46.7,46.7,settle
3.60,0.429,-0.110,0.032,-46.7,46.7,settle
3.60,0.429,-0.110,0.032,-46.7,46.7,settle
3.60,0.429,-0.110,0.032,-46.7,46.7,settle
3.60,0.429,-0.110,0.032,-46.7,46.7,settle
3.60,0.429,-0.110,0.032,-46.7,46.7,settle
3.60,0.429,-0.110,0.032,-46.7,46.7,settle
3.60,0.430,-0.110,0.032,-46.7,46.7,settle
3.60,0.430,-0.110,0.032,-46.7,46.7,settle
3.60,0.430,-0.110,0.032,-46.7,46.7,settle
3.60,0.430,-0.110,0.032,-46.7,46.7,settle
3.60,0.430,-0.110,0.032,-46.7,46.7,settle
3.60,0.430,-0.110,0.032,-46.7,46.7,settle
3.60,0.430,-0.110,0.032,-46.7,46.7,settle
3.60,0.431,-0.110,0.032,-46.7,46.7,settle
3.60,0.431,-0.110,0.032,-46.7,46.7,settle
3.61,0.431,-0.110,0.032,-46.7,46.7,settle
3.61,0.431,-0.110,0.032,-46.7,46.7,settle
3.61,0.431,-0.110,0.032,-46.7,46.7,settle
3.61,0.431,-0.110,0.032,-46.7,46.7,settle
3.61,0.431,-0.110,0.032,-46.7,46.7,settle
3.61,0.431,-0.110,0.032,-46.7,46.7,settle
3.61,0.432,-0.110,0.032,-46.7,46.7,settle
3.61,0.432,-0.110,0.032,-46.7,46.7,settle
3.61,0.432,-0.110,0.032,-46.7,46.7,settle
3.61,0.432,-0.110,0.032,-46.7,46.7,settle
3.61,0.432,-0.110,0.032,-46.7,46.7,settle
3.61,0.432,-0.110,0.032,-46.7,46.7,settle
3.61,0.432,-0.110,0.032,-46.7,46.7,settle
3.61,0.432,-0.110,0.032,-46.7,46.7,settle
3.61,0.433,-0.110,0.032,-46.7,46.7,settle
3.61,0.433,-0.110,0.032,-46.7,46.7,settle
3.61,0.433,-0.110,0.032,-46.7,46.7,settle
3.61,0.433,-0.110,0.032,-46.7,46.7,settle
3.61,0.433,-0.110,0.032,-46.7,46.7,settle
3.61,0.433,-0.110,0.032,-46.7,46.7,settle
3.61,0.433,-0.110,0.032,-46.7,46.7,settle
3.61,0.434,-0.110,0.032,-46.7,46.7,settle
3.61,0.434,-0.110,0.032,-46.7,46.7,settle
3.61,0.434,-0.110,0.032,-46.7,46.7,settle
3.61,0.434,-0.110,0.032,-46.7,46.7,settle
3.62,0.434,-0.110,0.032,-46.7,46.7,settle
3.62,0.434,-0.110,0.032,-46.7,46.7,settle
3.62,0.434,-0.110,0.032,-46.7,46.7,settle
3.62,0.435,-0.110,0.032,-46.7,46.7,settle
3.62,0.435,-0.110,0.032,-46.7,46.7,settle
3.62,0.435,-0.110,0.032,-46.7,46.7,settle
3.62,0.435,-0.110,0.032,-46.7,46.7,settle
3.62,0.435,-0.110,0.032,-46.7,46.7,settle
3.62,0.435,-0.110,0.032,-46.7,46.7,settle
3.62,0.435,-0.110,0.032,-46.7,46.7,settle
3.62,0.435,-0.110,0.032,-46.7,46.7,settle
3.62,0.435,-0.110,0.032,-46.7,46.7,settle
3.62,0.436,-0.110,0.032,-46.7,46.7,settle
3.62,0.436,-0.110,0.032,-46.7,46.7,settle
3.62,0.436,-0.110,0.032,-46.7,46.7,settle
3.62,0.436,-0.110,0.032,-46.7,46.7,settle
3.62,0.436,-0.110,0.032,-46.7,46.7,settle
3.62,0.436,-0.110,0.032,-46.7,46.7,settle
3.62,0.436,-0.110,0.032,-46.7,46.7,settle
3.62,0.436,-0.110,0.032,-46.7,46.7,settle
3.62,0.437,-0.110,0.032,-46.7,46.7,settle
3.62,0.437,-0.110,0.032,-46.7,46.7,settle
3.62,0.437,-0.110,0.032,-46.7,46.7,settle
3.62,0.437,-0.110,0.032,-46.7,46.7,settle
3.63,0.437,-0.110,0.032,-46.7,46.7,settle
3.63,0.437,-0.110,0.032,-46.7,46.7,settle
3.63,0.437,-0.110,0.032,-46.7,46.7,settle
3.63,0.437,-0.110,0.032,-46.7,46.7,settle
3.63,0.438,-0.110,0.032,-46.7,46.7,settle
3.63,0.438,-0.110,0.032,-46.7,46.7,settle
3.63,0.438,-0.110,0.032,-46.7,46.7,settle
3.63,0.438,-0.110,0.032,-46.7,46.7,settle
3.63,0.438,-0.110,0.032,-46.7,46.7,settle
3.63,0.438,-0.110,0.032,-46.7,46.7,settle
3.63,0.438,-0.110,0.032,-46.7,46.7,settle
3.63,0.438,-0.110,0.032,-46.7,46.7,settle
3.63,0.439,-0.110,0.032,-46.7,46.7,settle
3.63,0.439,-0.110,0.032,-46.7,46.7,settle
3.63,0.439,-0.110,0.032,-46.7,46.7,settle
3.63,0.439,-0.110,0.032,-46.7,46.7,settle
3.63,0.439,-0.110,0.032,-46.7,46.7,settle
3.63,0.439,-0.110,0.032,-46.7,46.7,settle
3.63,0.439,-0.110,0.032,-46.7,46.7,settle
3.63,0.440,-0.110,0.032,-46.7,46.7,settle
3.63,0.440,-0.110,0.032,-46.7,46.7,settle
3.63,0.440,-0.110,0.032,-46.7,46.7,settle
3.63,0.440,-0.110,0.032,-46.7,46.7,settle
3.63,0.440,-0.110,0.032,-46.7,46.7,settle
3.63,0.440,-0.110,0.032,-46.7,46.7,settle
3.64,0.440,-0.110,0.032,-46.7,46.7,settle
3.64,0.441,-0.110,0.032,-46.7,46.7,settle
3.64,0.441,-0.110,0.032,-46.7,46.7,settle
3.64,0.441,-0.110,0.032,-46.7,46.7,settle
3.64,0.441,-0.110,0.032,-46.7,46.7,settle
3.64,0.441,-0.110,0.032,-46.7,46.7,settle
3.64,0.441,-0.110,0.032,-46.7,46.7,settle
3.64,0.441,-0.110,0.032,-46.7,46.7,settle
3.64,0.442,-0.110,0.032,-46.7,46.7,settle
3.64,0.442,-0.110,0.032,-46.7,46.7,settle
3.64,0.442,-0.110,0.032,-46.7,46.7,settle
3.64,0.442,-0.110,0.032,-46.7,46.7,settle
3.64,0.442,-0.110,0.032,-46.7,46.7,settle
3.64,0.442,-0.110,0.032,-46.7,46.7,settle
3.64,0.442,-0.110,0.032,-46.7,46.7,settle
3.64,0.442,-0.110,0.032,-46.7,46.7,settle
3.64,0.442,-0.110,0.032,-46.7,46.7,settle
3.64,0.442,-0.110,0.032,-46.7,46.7,settle
3.64,0.443,-0.110,0.032,-46.7,46.7,settle
3.64,0.443,-0.110,0.032,-46.7,46.7,settle
3.64,0.443,-0.110,0.032,-46.7,46.7,settle
3.64,0.443,-0.110,0.032,-46.7,46.7,settle
3.64,0.443,-0.110,0.032,-46.7,46.7,settle
3.64,0.443,-0.110,0.032,-46.7,46.7,settle
3.64,0.443,-0.110,0.032,-46.7,46.7,settle
3.65,0.443,-0.110,0.032,-46.7,46.7,settle
3.65,0.444,-0.110,0.032,-46.7,46.7,settle
3.65,0.444,-0.110,0.032,-46.7,46.7,settle
3.65,0.444,-0.110,0.032,-46.7,46.7,settle
3.65,0.444,-0.110,0.032,-46.7,46.7,settle
3.65,0.444,-0.110,0.032,-46.7,46.7,settle
3.65,0.444,-0.110,0.032,-46.7,46.7,settle
3.65,0.444,-0.110,0.032,-46.7,46.7,settle
3.65,0.444,-0.110,0.032,-46.7,46.7,settle
3.65,0.445,-0.110,0.032,-46.7,46.7,settle
3.65,0.445,-0.110,0.032,-46.7,46.7,settle
3.65,0.445,-0.110,0.032,-46.7,46.7,settle
3.65,0.445,-0.110,0.032,-46.7,46.7,settle
3.65,0.445,-0.110,0.032,-46.7,46.7,settle
3.65,0.445,-0.110,0.032,-46.7,46.7,settle
3.65,0.445,-0.110,0.032,-46.7,46.7,settle
3.65,0.446,-0.110,0.032,-46.7,46.7,settle
3.65,0.446,-0.110,0.032,-46.7,46.7,settle
3.65,0.446,-0.110,0.032,-46.7,46.7,settle
3.65,0.446,-0.110,0.032,-46.7,46.7,settle
3.65,0.446,-0.110,0.032,-46.7,46.7,settle
3.65,0.446,-0.110,0.032,-46.7,46.7,settle
3.65,0.446,-0.110,0.032,-46.7,46.7,settle
3.65,0.447,-0.110,0.032,-46.7,46.7,settle
3.66,0.447,-0.110,0.032,-46.7,46.7,settle
3.66,0.447,-0.110,0.032,-46.7,46.7,settle
3.66,0.447,-0.110,0.032,-46.7,46.7,settle
3.66,0.447,-0.110,0.032,-46.7,46.7,settle
3.66,0.447,-0.110,0.032,-46.7,46.7,settle
3.66,0.447,-0.110,0.032,-46.7,46.7,settle
3.66,0.448,-0.110,0.032,-46.7,46.7,settle
3.66,0.448,-0.110,0.032,-46.7,46.7,settle
3.66,0.448,-0.110,0.032,-46.7,46.7,settle
3.66,0.448,-0.110,0.032,-46.7,46.7,settle
3.66,0.448,-0.110,0.032,-46.7,46.7,settle
3.66,0.448,-0.111,0.032,-46.7,46.7,settle
3.66,0.448,-0.111,0.032,-46.7,46.7,settle
3.66,0.448,-0.111,0.032,-46.7,46.7,settle
3.66,0.449,-0.111,0.032,-46.7,46.7,settle
3.66,0.449,-0.111,0.032,-46.7,46.7,settle
3.66,0.449,-0.111,0.032,-46.7,46.7,settle
3.66,0.449,-0.111,0.032,-46.7,46.7,settle
3.66,0.449,-0.111,0.032,-46.7,46.7,settle
3.66,0.449,-0.111,0.032,-46.7,46.7,settle
3.66,0.449,-0.111,0.032,-46.7,46.7,settle
3.66,0.449,-0.111,0.032,-46.7,46.7,settle
3.66,0.449,-0.111,0.032,-46.7,46.7,settle
3.66,0.449,-0.111,0.032,-46.7,46.7,settle
3.66,0.450,-0.111,0.032,-46.7,46.7,settle
3.67,0.450,-0.111,0.032,-46.7,46.7,settle
3.67,0.450,-0.111,0.032,-46.7,46.7,settle
3.67,0.450,-0.111,0.032,-46.7,46.7,settle
3.67,0.450,-0.111,0.032,-46.7,46.7,settle
3.67,0.450,-0.111,0.032,-46.7,46.7,settle
3.67,0.451,-0.111,0.032,-46.7,46.7,settle
3.67,0.451,-0.111,0.032,-46.7,46.7,settle
3.67,0.451,-0.111,0.032,-46.7,46.7,settle
3.67,0.451,-0.111,0.032,-46.7,46.7,settle
3.67,0.451,-0.111,0.032,-46.7,46.7,settle
3.67,0.451,-0.111,0.032,-46.7,46.7,settle
3.67,0.451,-0.111,0.032,-46.7,46.7,settle
3.67,0.451,-0.111,0.032,-46.7,46.7,settle
3.67,0.452,-0.111,0.032,-46.7,46.7,settle
3.67,0.452,-0.111,0.032,-46.7,46.7,settle
3.67,0.452,-0.111,0.032,-46.7,46.7,settle
3.67,0.452,-0.111,0.032,-46.7,46.7,settle
3.67,0.452,-0.111,0.032,-46.7,46.7,settle
3.67,0.452,-0.111,0.032,-46.7,46.7,settle
3.67,0.452,-0.111,0.032,-46.7,46.7,settle
3.67,0.453,-0.111,0.032,-46.7,46.7,settle
3.67,0.453,-0.111,0.032,-46.7,46.7,settle
3.67,0.453,-0.111,0.032,-46.7,46.7,settle
3.68,0.453,-0.111,0.032,-46.7,46.7,settle
3.68,0.453,-0.111,0.032,-46.7,46.7,settle
3.68,0.453,-0.111,0.032,-46.7,46.7,settle
3.68,0.453,-0.111,0.032,-46.7,46.7,settle
3.68,0.454,-0.111,0.032,-46.7,46.7,settle
3.68,0.454,-0.111,0.032,-46.7,46.7,settle
3.68,0.454,-0.111,0.032,-46.7,46.7,settle
3.68,0.454,-0.111,0.032,-46.7,46.7,settle
3.68,0.454,-0.111,0.032,-46.7,46.7,settle
3.68,0.454,-0.111,0.032,-46.7,46.7,settle
3.68,0.454,-0.111,0.032,-46.7,46.7,settle
3.68,0.455,-0.111,0.032,-46.7,46.7,settle
3.68,0.455,-0.111,0.032,-46.7,46.7,settle
3.68,0.455,-0.111,0.032,-46.7,46.7,settle
3.68,0.455,-0.111,0.032,-46.7,46.7,settle
3.68,0.455,-0.111,0.032,-46.7,46.7,settle
3.68,0.455,-0.111,0.032,-46.7,46.7,settle
3.68,0.455,-0.111,0.032,-46.7,46.7,settle
3.68,0.456,-0.111,0.032,-46.7,46.7,settle
3.68,0.456,-0.111,0.032,-46.7,46.7,settle
3.68,0.456,-0.111,0.032,-46.7,46.7,settle
3.68,0.456,-0.111,0.032,-46.7,46.7,settle
3.68,0.456,-0.111,0.032,-46.7,46.7,settle
3.68,0.456,-0.111,0.032,-46.7,46.7,settle
3.68,0.456,-0.111,0.032,-46.7,46.7,settle
3.69,0.456,-0.111,0.032,-46.7,46.7,settle
3.69,0.456,-0.111,0.032,-46.7,46.7,settle
3.69,0.456,-0.111,0.032,-46.7,46.7,settle
3.69,0.457,-0.111,0.032,-46.7,46.7,settle
3.69,0.457,-0.111,0.032,-46.7,46.7,settle
3.69,0.457,-0.111,0.032,-46.7,46.7,settle
3.69,0.457,-0.111,0.032,-46.7,46.7,settle
3.69,0.457,-0.111,0.032,-46.7,46.7,settle
3.69,0.457,-0.111,0.032,-46.7,46.7,settle
3.69,0.457,-0.111,0.032,-46.7,46.7,settle
3.69,0.458,-0.111,0.032,-46.7,46.7,settle
3.69,0.458,-0.111,0.032,-46.7,46.7,settle
3.69,0.458,-0.111,0.032,-46.7,46.7,settle
3.69,0.458,-0.111,0.032,-46.7,46.7,settle
3.69,0.458,-0.111,0.032,-46.7,46.7,settle
3.69,0.458,-0.111,0.032,-46.7,46.7,settle
3.69,0.458,-0.111,0.032,-46.7,46.7,settle
3.69,0.458,-0.111,0.032,-46.7,46.7,settle
3.69,0.459,-0.111,0.032,-46.7,46.7,settle
3.69,0.459,-0.111,0.032,-46.7,46.7,settle
3.69,0.459,-0.111,0.032,-46.7,46.7,settle
3.69,0.459,-0.111,0.032,-46.7,46.7,settle
3.69,0.459,-0.111,0.032,-46.7,46.7,settle
3.69,0.459,-0.111,0.032,-46.7,46.7,settle
3.70,0.459,-0.111,0.032,-46.7,46.7,settle
3.70,0.460,-0.111,0.032,-46.7,46.7,settle
3.70,0.460,-0.111,0.032,-46.7,46.7,settle
3.70,0.460,-0.111,0.032,-46.7,46.7,settle
3.70,0.460,-0.111,0.032,-46.7,46.7,settle
3.70,0.460,-0.111,0.032,-46.7,46.7,settle
3.70,0.460,-0.111,0.032,-46.7,46.7,settle
3.70,0.460,-0.111,0.032,-46.7,46.7,settle
3.70,0.461,-0.111,0.032,-46.7,46.7,settle
3.70,0.461,-0.111,0.032,-46.7,46.7,settle
3.70,0.461,-0.111,0.032,-46.7,46.7,settle
3.70,0.461,-0.111,0.032,-46.7,46.7,settle
3.70,0.461,-0.111,0.032,-46.7,46.7,settle
3.70,0.461,-0.111,0.032,-46.7,46.7,settle
3.70,0.461,-0.111,0.032,-46.7,46.7,settle
3.70,0.461,-0.111,0.032,-46.7,46.7,settle
3.70,0.462,-0.111,0.032,-46.7,46.7,settle
3.70,0.462,-0.111,0.032,-46.7,46.7,settle
3.70,0.462,-0.111,0.032,-46.7,46.7,settle
3.70,0.462,-0.111,0.032,-46.7,46.7,settle
3.70,0.462,-0.111,0.032,-46.7,46.7,settle
3.70,0.462,-0.111,0.032,-46.7,46.7,settle
3.70,0.462,-0.111,0.032,-46.7,46.7,settle
3.70,0.463,-0.111,0.032,-46.7,46.7,settle
3.70,0.463,-0.111,0.032,-46.7,46.7,settle
3.71,0.463,-0.111,0.032,-46.7,46.7,settle
3.71,0.463,-0.111,0.032,-46.7,46.7,settle
3.71,0.463,-0.111,0.032,-46.7,46.7,settle
3.71,0.463,-0.111,0.032,-46.7,46.7,settle
3.71,0.463,-0.111,0.032,-46.7,46.7,settle
3.71,0.463,-0.111,0.032,-46.7,46.7,settle
3.71,0.464,-0.111,0.032,-46.7,46.7,settle
3.71,0.464,-0.111,0.032,-46.7,46.7,settle
3.71,0.464,-0.111,0.032,-46.7,46.7,settle
3.71,0.464,-0.111,0.032,-46.7,46.7,settle
3.71,0.464,-0.111,0.032,-46.7,46.7,settle
3.71,0.464,-0.111,0.032,-46.7,46.7,settle
3.71,0.464,-0.111,0.032,-46.7,46.7,settle
3.71,0.464,-0.111,0.032,-46.7,46.7,settle
3.71,0.464,-0.111,0.032,-46.7,46.7,settle
3.71,0.465,-0.111,0.032,-46.7,46.7,settle
3.71,0.465,-0.111,0.032,-46.7,46.7,settle
3.71,0.465,-0.111,0.032,-46.7,46.7,settle
3.71,0.465,-0.111,0.032,-46.7,46.7,settle
3.71,0.465,-0.111,0.032,-46.7,46.7,settle
3.71,0.465,-0.111,0.032,-46.7,46.7,settle
3.71,0.465,-0.111,0.032,-46.7,46.7,settle
3.71,0.465,-0.111,0.032,-46.7,46.7,settle
3.71,0.466,-0.111,0.032,-46.7,46.7,settle
3.72,0.466,-0.111,0.032,-46.7,46.7,settle
3.72,0.466,-0.111,0.032,-46.7,46.7,settle
3.72,0.466,-0.111,0.032,-46.7,46.7,settle
3.72,0.466,-0.111,0.032,-46.7,46.7,settle
3.72,0.466,-0.111,0.032,-46.7,46.7,settle
3.72,0.466,-0.111,0.032,-46.7,46.7,settle
3.72,0.467,-0.111,0.032,-46.7,46.7,settle
3.72,0.467,-0.111,0.032,-46.7,46.7,settle
3.72,0.467,-0.111,0.032,-46.7,46.7,settle
3.72,0.467,-0.111,0.032,-46.7,46.7,settle
3.72,0.467,-0.111,0.032,-46.7,46.7,settle
3.72,0.467,-0.111,0.032,-46.7,46.7,settle
3.72,0.467,-0.111,0.032,-46.7,46.7,settle
3.72,0.467,-0.111,0.032,-46.7,46.7,settle
3.72,0.468,-0.111,0.032,-46.7,46.7,settle
3.72,0.468,-0.111,0.032,-46.7,46.7,settle
3.72,0.468,-0.111,0.032,-46.7,46.7,settle
3.72,0.468,-0.111,0.032,-46.7,46.7,settle
3.72,0.468,-0.111,0.032,-46.7,46.7,settle
3.72,0.468,-0.111,0.032,-46.7,46.7,settle
3.72,0.468,-0.111,0.032,-46.7,46.7,settle
3.72,0.469,-0.111,0.032,-46.7,46.7,settle
3.72,0.469,-0.111,0.032,-46.7,46.7,settle
3.72,0.469,-0.111,0.032,-46.7,46.7,settle
3.72,0.469,-0.111,0.032,-46.7,46.7,settle
3.73,0.469,-0.111,0.032,-46.7,46.7,settle
3.73,0.469,-0.111,0.032,-46.7,46.7,settle
3.73,0.469,-0.111,0.032,-46.7,46.7,settle
3.73,0.469,-0.111,0.032,-46.7,46.7,settle
3.73,0.470,-0.111,0.032,-46.7,46.7,settle
3.73,0.470,-0.111,0.032,-46.7,46.7,settle
3.73,0.470,-0.111,0.032,-46.7,46.7,settle
3.73,0.470,-0.111,0.032,-46.7,46.7,settle
3.73,0.470,-0.111,0.032,-46.7,46.7,settle
3.73,0.470,-0.111,0.032,-46.7,46.7,settle
3.73,0.470,-0.111,0.032,-46.7,46.7,settle
3.73,0.470,-0.111,0.032,-46.7,46.7,settle
3.73,0.471,-0.111,0.032,-46.7,46.7,settle
3.73,0.471,-0.111,0.032,-46.7,46.7,settle
3.73,0.471,-0.111,0.032,-46.7,46.7,settle
3.73,0.471,-0.111,0.032,-46.7,46.7,settle
3.73,0.471,-0.111,0.032,-46.7,46.7,settle
3.73,0.471,-0.111,0.032,-46.7,46.7,settle
3.73,0.471,-0.111,0.032,-46.7,46.7,settle
3.73,0.471,-0.111,0.032,-46.7,46.7,settle
3.73,0.471,-0.111,0.032,-46.7,46.7,settle
3.73,0.471,-0.111,0.032,-46.7,46.7,settle
3.73,0.472,-0.111,0.032,-46.7,46.7,settle
3.73,0.472,-0.111,0.032,-46.7,46.7,settle
3.73,0.472,-0.111,0.032,-46.7,46.7,settle
3.73,0.472,-0.111,0.032,-46.7,46.7,settle
3.74,0.472,-0.111,0.032,-46.7,46.7,settle
3.74,0.472,-0.111,0.032,-46.7,46.7,settle
3.74,0.472,-0.111,0.032,-46.7,46.7,settle
3.74,0.472,-0.111,0.032,-46.7,46.7,settle
3.74,0.473,-0.111,0.032,-46.7,46.7,settle
3.74,0.473,-0.111,0.032,-46.7,46.7,settle
3.74,0.473,-0.111,0.032,-46.7,46.7,settle
3.74,0.473,-0.111,0.032,-46.7,46.7,settle
3.74,0.473,-0.111,0.032,-46.7,46.7,settle
3.74,0.473,-0.111,0.032,-46.7,46.7,settle
3.74,0.473,-0.111,0.032,-46.7,46.7,settle
3.74,0.473,-0.111,0.032,-46.7,46.7,settle
3.74,0.474,-0.111,0.032,-46.7,46.7,settle
3.74,0.474,-0.111,0.032,-46.7,46.7,settle
3.74,0.474,-0.111,0.032,-46.7,46.7,settle
3.74,0.474,-0.111,0.032,-46.7,46.7,settle
3.74,0.474,-0.111,0.032,-46.7,46.7,settle
3.74,0.474,-0.111,0.032,-46.7,46.7,settle
3.74,0.474,-0.111,0.032,-46.7,46.7,settle
3.74,0.475,-0.111,0.032,-46.7,46.7,settle
3.74,0.475,-0.111,0.032,-46.7,46.7,settle
3.74,0.475,-0.111,0.032,-46.7,46.7,settle
3.74,0.475,-0.111,0.032,-46.7,46.7,settle
3.74,0.475,-0.111,0.032,-46.7,46.7,settle
3.74,0.475,-0.111,0.032,-46.7,46.7,settle
3.75,0.475,-0.111,0.032,-46.7,46.7,settle
3.75,0.476,-0.111,0.032,-46.7,46.7,settle
3.75,0.476,-0.111,0.032,-46.7,46.7,settle
3.75,0.476,-0.111,0.032,-46.7,46.7,settle
3.75,0.476,-0.111,0.032,-46.7,46.7,settle
3.75,0.476,-0.111,0.032,-46.7,46.7,settle
3.75,0.476,-0.111,0.032,-46.7,46.7,settle
3.75,0.476,-0.111,0.032,-46.7,46.7,settle
3.75,0.477,-0.111,0.032,-46.7,46.7,settle
3.75,0.477,-0.111,0.032,-46.7,46.7,settle
3.75,0.477,-0.111,0.032,-46.7,46.7,settle
3.75,0.477,-0.111,0.032,-46.7,46.7,settle
3.75,0.477,-0.111,0.032,-46.7,46.7,settle
3.75,0.477,-0.111,0.032,-46.7,46.7,settle
3.75,0.477,-0.111,0.032,-46.7,46.7,settle
3.75,0.477,-0.111,0.032,-46.7,46.7,settle
3.75,0.478,-0.111,0.032,-46.7,46.7,settle
3.75,0.478,-0.111,0.032,-46.7,46.7,settle
3.75,0.478,-0.111,0.032,-46.7,46.7,settle
3.75,0.478,-0.111,0.032,-46.7,46.7,settle
3.75,0.478,-0.111,0.032,-46.7,46.7,settle
3.75,0.478,-0.111,0.032,-46.7,46.7,settle
3.75,0.478,-0.111,0.032,-46.7,46.7,settle
3.75,0.478,-0.111,0.032,-46.7,46.7,settle
3.76,0.478,-0.111,0.032,-46.7,46.7,settle
3.76,0.479,-0.111,0.032,-46.7,46.7,settle
3.76,0.479,-0.111,0.032,-46.7,46.7,settle
3.76,0.479,-0.111,0.032,-46.7,46.7,settle
3.76,0.479,-0.111,0.032,-46.7,46.7,settle
3.76,0.479,-0.111,0.032,-46.7,46.7,settle
3.76,0.479,-0.111,0.032,-46.7,46.7,settle
3.76,0.479,-0.111,0.032,-46.7,46.7,settle
3.76,0.479,-0.111,0.032,-46.7,46.7,settle
3.76,0.479,-0.111,0.032,-46.7,46.7,settle
3.76,0.480,-0.111,0.032,-46.7,46.7,settle
3.76,0.480,-0.111,0.032,-46.7,46.7,settle
3.76,0.480,-0.111,0.032,-46.7,46.7,settle
3.76,0.480,-0.111,0.032,-46.7,46.7,settle
3.76,0.480,-0.111,0.032,-46.7,46.7,settle
3.76,0.480,-0.111,0.032,-46.7,46.7,settle
3.76,0.480,-0.111,0.032,-46.7,46.7,settle
3.76,0.480,-0.111,0.032,-46.7,46.7,settle
3.76,0.481,-0.111,0.032,-46.7,46.7,settle
3.76,0.481,-0.111,0.032,-46.7,46.7,settle
3.76,0.481,-0.111,0.032,-46.7,46.7,settle
3.76,0.481,-0.111,0.032,-46.7,46.7,settle
3.76,0.481,-0.111,0.032,-46.7,46.7,settle
3.76,0.481,-0.111,0.032,-46.7,46.7,settle
3.76,0.481,-0.111,0.032,-46.7,46.7,settle
3.76,0.481,-0.111,0.032,-46.7,46.7,settle
3.76,0.482,-0.111,0.032,-46.7,46.7,settle
3.77,0.482,-0.111,0.032,-46.7,46.7,settle
3.77,0.482,-0.111,0.032,-46.7,46.7,settle
3.77,0.482,-0.111,0.032,-46.7,46.7,settle
3.77,0.482,-0.111,0.032,-46.7,46.7,settle
3.77,0.482,-0.111,0.032,-46.7,46.7,settle
3.77,0.482,-0.111,0.032,-46.7,46.7,settle
3.77,0.482,-0.111,0.032,-46.7,46.7,settle
3.77,0.483,-0.111,0.032,-46.7,46.7,settle
3.77,0.483,-0.111,0.032,-46.7,46.7,settle
3.77,0.483,-0.111,0.032,-46.7,46.7,settle
3.77,0.483,-0.111,0.032,-46.7,46.7,settle
3.77,0.483,-0.111,0.032,-46.7,46.7,settle
3.77,0.483,-0.111,0.032,-46.7,46.7,settle
3.77,0.483,-0.111,0.032,-46.7,46.7,settle
3.77,0.484,-0.111,0.032,-46.7,46.7,settle
3.77,0.484,-0.111,0.032,-46.7,46.7,settle
3.77,0.484,-0.111,0.032,-46.7,46.7,settle
3.77,0.484,-0.111,0.032,-46.7,46.7,settle
3.77,0.484,-0.111,0.032,-46.7,46.7,settle
3.77,0.484,-0.111,0.032,-46.7,46.7,settle
3.77,0.484,-0.111,0.032,-46.7,46.7,settle
3.77,0.484,-0.111,0.032,-46.7,46.7,settle
3.77,0.484,-0.111,0.032,-46.7,46.7,settle
3.77,0.485,-0.111,0.032,-46.7,46.7,settle
3.77,0.485,-0.111,0.032,-46.7,46.7,settle
3.77,0.485,-0.111,0.032,-46.7,46.7,settle
3.78,0.485,-0.111,0.032,-46.7,46.7,settle
3.78,0.485,-0.111,0.032,-46.7,46.7,settle
3.78,0.485,-0.111,0.032,-46.7,46.7,settle
3.78,0.485,-0.111,0.032,-46.7,46.7,settle
3.78,0.485,-0.111,0.032,-46.7,46.7,settle
3.78,0.485,-0.111,0.032,-46.7,46.7,settle
3.78,0.485,-0.111,0.032,-46.7,46.7,settle
3.78,0.486,-0.111,0.032,-46.7,46.7,settle
3.78,0.486,-0.111,0.032,-46.7,46.7,settle
3.78,0.486,-0.111,0.032,-46.7,46.7,settle
3.78,0.486,-0.111,0.032,-46.7,46.7,settle
3.78,0.486,-0.111,0.032,-46.7,46.7,settle
3.78,0.486,-0.111,0.032,-46.7,46.7,settle
3.78,0.486,-0.111,0.032,-46.7,46.7,settle
3.78,0.486,-0.111,0.032,-46.7,46.7,settle
3.78,0.487,-0.111,0.032,-46.7,46.7,settle
3.78,0.487,-0.111,0.032,-46.7,46.7,settle
3.78,0.487,-0.111,0.032,-46.7,46.7,settle
3.78,0.487,-0.111,0.032,-46.7,46.7,settle
3.78,0.487,-0.111,0.032,-46.7,46.7,settle
3.78,0.487,-0.111,0.032,-46.7,46.7,settle
3.78,0.487,-0.111,0.032,-46.7,46.7,settle
3.78,0.487,-0.111,0.032,-46.7,46.7,settle
3.78,0.488,-0.111,0.032,-46.7,46.7,settle
3.78,0.488,-0.111,0.032,-46.7,46.7,settle
3.78,0.488,-0.111,0.032,-46.7,46.7,settle
3.79,0.488,-0.111,0.032,-46.7,46.7,settle
3.79,0.488,-0.111,0.032,-46.7,46.7,settle
3.79,0.488,-0.111,0.032,-46.7,46.7,settle
3.79,0.488,-0.111,0.032,-46.7,46.7,settle
3.79,0.488,-0.111,0.032,-46.7,46.7,settle
3.79,0.489,-0.111,0.032,-46.7,46.7,settle
3.79,0.489,-0.111,0.032,-46.7,46.7,settle
3.79,0.489,-0.111,0.032,-46.7,46.7,settle
3.79,0.489,-0.111,0.032,-46.7,46.7,settle
3.79,0.489,-0.111,0.032,-46.7,46.7,settle
3.79,0.489,-0.111,0.032,-46.7,46.7,settle
3.79,0.489,-0.111,0.032,-46.7,46.7,settle
3.79,0.489,-0.111,0.032,-46.7,46.7,settle
3.79,0.490,-0.111,0.032,-46.7,46.7,settle
3.79,0.490,-0.111,0.032,-46.7,46.7,settle
3.79,0.490,-0.111,0.032,-46.7,46.7,settle
3.79,0.490,-0.111,0.032,-46.7,46.7,settle
3.79,0.490,-0.111,0.032,-46.7,46.7,settle
3.79,0.490,-0.111,0.032,-46.7,46.7,settle
3.79,0.490,-0.111,0.032,-46.7,46.7,settle
3.79,0.490,-0.111,0.032,-46.7,46.7,settle
3.79,0.491,-0.111,0.032,-46.7,46.7,settle
3.79,0.491,-0.111,0.032,-46.7,46.7,settle
3.79,0.491,-0.111,0.032,-46.7,46.7,settle
3.79,0.491,-0.111,0.032,-46.7,46.7,settle
3.79,0.491,-0.111,0.032,-46.7,46.7,settle
3.79,0.491,-0.111,0.032,-46.7,46.7,settle
3.79,0.491,-0.111,0.032,-46.7,46.7,settle
3.80,0.491,-0.111,0.032,-46.7,46.7,settle
3.80,0.492,-0.111,0.032,-46.7,46.7,settle
3.80,0.492,-0.111,0.032,-46.7,46.7,settle
3.80,0.492,-0.111,0.032,-46.7,46.7,settle
3.80,0.492,-0.111,0.032,-46.7,46.7,settle
3.80,0.492,-0.111,0.032,-46.7,46.7,settle
3.80,0.492,-0.111,0.032,-46.7,46.7,settle
3.80,0.492,-0.111,0.032,-46.7,46.7,settle
3.80,0.493,-0.111,0.032,-46.7,46.7,settle
3.80,0.493,-0.111,0.032,-46.7,46.7,settle
3.80,0.493,-0.111,0.032,-46.7,46.7,settle
3.80,0.493,-0.111,0.032,-46.7,46.7,settle
3.80,0.493,-0.111,0.032,-46.7,46.7,settle
3.80,0.493,-0.111,0.032,-46.7,46.7,settle
3.80,0.493,-0.111,0.032,-46.7,46.7,settle
3.80,0.493,-0.111,0.032,-46.7,46.7,settle
3.80,0.493,-0.111,0.032,-46.7,46.7,settle
3.80,0.493,-0.111,0.032,-46.7,46.7,settle
3.80,0.493,-0.111,0.032,-46.7,46.7,settle
3.80,0.493,-0.111,0.032,-46.7,46.7,settle
3.80,0.494,-0.111,0.032,-46.7,46.7,settle
3.80,0.494,-0.111,0.032,-46.7,46.7,settle
3.80,0.494,-0.111,0.032,-46.7,46.7,settle
3.80,0.494,-0.111,0.032,-46.7,46.7,settle
3.80,0.494,-0.111,0.032,-46.7,46.7,settle
3.80,0.494,-0.111,0.032,-46.7,46.7,settle
3.81,0.494,-0.111,0.032,-46.7,46.7,settle
3.81,0.494,-0.111,0.032,-46.7,46.7,settle
3.81,0.495,-0.111,0.032,-46.7,46.7,settle
3.81,0.495,-0.111,0.032,-46.7,46.7,settle
3.81,0.495,-0.111,0.032,-46.7,46.7,settle
3.81,0.495,-0.111,0.032,-46.7,46.7,settle
3.81,0.495,-0.111,0.032,-46.7,46.7,settle
3.81,0.495,-0.111,0.032,-46.7,46.7,settle
3.81,0.495,-0.111,0.032,-46.7,46.7,settle
3.81,0.495,-0.111,0.032,-46.7,46.7,settle
3.81,0.496,-0.111,0.032,-46.7,46.7,settle
3.81,0.496,-0.111,0.032,-46.7,46.7,settle
3.81,0.496,-0.111,0.032,-46.7,46.7,settle
3.81,0.496,-0.111,0.032,-46.7,46.7,settle
3.81,0.496,-0.111,0.032,-46.7,46.7,settle
3.81,0.496,-0.111,0.032,-46.7,46.7,settle
3.81,0.497,-0.111,0.032,-46.7,46.7,settle
3.81,0.497,-0.111,0.032,-46.7,46.7,settle
3.81,0.497,-0.111,0.032,-46.7,46.7,settle
3.81,0.497,-0.111,0.032,-46.7,46.7,settle
3.81,0.497,-0.111,0.032,-46.7,46.7,settle
3.81,0.497,-0.111,0.032,-46.7,46.7,settle
3.81,0.497,-0.111,0.032,-46.7,46.7,settle
3.81,0.497,-0.111,0.032,-46.7,46.7,settle
3.81,0.498,-0.111,0.032,-46.7,46.7,settle
3.81,0.498,-0.111,0.032,-46.7,46.7,settle
3.82,0.498,-0.111,0.032,-46.7,46.7,settle
3.82,0.498,-0.111,0.032,-46.7,46.7,settle
3.82,0.498,-0.111,0.032,-46.7,46.7,settle
3.82,0.498,-0.111,0.032,-46.7,46.7,settle
3.82,0.498,-0.111,0.032,-46.7,46.7,settle
3.82,0.498,-0.111,0.032,-46.7,46.7,settle
3.82,0.499,-0.111,0.032,-46.7,46.7,settle
3.82,0.499,-0.111,0.032,-46.7,46.7,settle
3.82,0.499,-0.111,0.032,-46.7,46.7,settle
3.82,0.499,-0.111,0.032,-46.7,46.7,settle
3.82,0.499,-0.111,0.032,-46.7,46.7,settle
3.82,0.499,-0.111,0.032,-46.7,46.7,settle
3.82,0.499,-0.111,0.032,-46.7,46.7,settle
3.82,0.499,-0.111,0.032,-46.7,46.7,settle
3.82,0.500,-0.111,0.032,-46.7,46.7,settle
3.82,0.500,-0.111,0.032,-46.7,46.7,settle
3.82,0.500,-0.111,0.032,-46.7,46.7,settle
3.82,0.500,-0.111,0.032,-46.7,46.7,settle
3.82,0.500,-0.111,0.032,-46.7,46.7,settle
3.82,0.500,-0.111,0.032,-46.7,46.7,settle
3.82,0.500,-0.111,0.032,-46.7,46.7,settle
3.82,0.500,-0.111,0.032,-46.7,46.7,settle
3.82,0.500,-0.111,0.032,-46.7,46.7,settle
3.82,0.500,-0.111,0.032,-46.7,46.7,settle
3.82,0.500,-0.111,0.032,-46.7,46.7,settle
3.83,0.501,-0.111,0.032,-46.7,46.7,settle
3.83,0.501,-0.111,0.032,-46.7,46.7,settle
3.83,0.501,-0.111,0.032,-46.7,46.7,settle
3.83,0.501,-0.111,0.032,-46.7,46.7,settle
3.83,0.501,-0.111,0.032,-46.7,46.7,settle
3.83,0.501,-0.111,0.032,-46.7,46.7,settle
3.83,0.501,-0.111,0.032,-46.7,46.7,settle
3.83,0.501,-0.111,0.032,-46.7,46.7,settle
3.83,0.502,-0.111,0.032,-46.7,46.7,settle
3.83,0.502,-0.111,0.032,-46.7,46.7,settle
3.83,0.502,-0.111,0.032,-46.7,46.7,settle
3.83,0.502,-0.111,0.032,-46.7,46.7,settle
3.83,0.502,-0.111,0.032,-46.7,46.7,settle
3.83,0.502,-0.111,0.032,-46.7,46.7,settle
3.83,0.502,-0.111,0.032,-46.7,46.7,settle
3.83,0.502,-0.111,0.032,-46.7,46.7,settle
3.83,0.503,-0.111,0.032,-46.7,46.7,settle
3.83,0.503,-0.111,0.032,-46.7,46.7,settle
3.83,0.503,-0.111,0.032,-46.7,46.7,settle
3.83,0.503,-0.111,0.032,-46.7,46.7,settle
3.83,0.503,-0.111,0.032,-46.7,46.7,settle
3.83,0.503,-0.111,0.032,-46.7,46.7,settle
3.83,0.503,-0.111,0.032,-46.7,46.7,settle
3.83,0.503,-0.111,0.032,-46.7,46.7,settle
3.83,0.504,-0.111,0.032,-46.7,46.7,settle
3.83,0.504,-0.111,0.032,-46.7,46.7,settle
3.83,0.504,-0.111,0.032,-46.7,46.7,settle
3.83,0.504,-0.111,0.032,-46.7,46.7,settle
3.84,0.504,-0.111,0.032,-46.7,46.7,settle
3.84,0.504,-0.111,0.032,-46.7,46.7,settle
3.84,0.504,-0.111,0.032,-46.7,46.7,settle
3.84,0.504,-0.111,0.032,-46.7,46.7,settle
3.84,0.505,-0.111,0.032,-46.7,46.7,settle
3.84,0.505,-0.111,0.032,-46.7,46.7,settle
3.84,0.505,-0.111,0.032,-46.7,46.7,settle
3.84,0.505,-0.111,0.032,-46.7,46.7,settle
3.84,0.505,-0.111,0.032,-46.7,46.7,settle
3.84,0.505,-0.111,0.032,-46.7,46.7,settle
3.84,0.505,-0.111,0.032,-46.7,46.7,settle
3.84,0.506,-0.111,0.032,-46.7,46.7,settle
3.84,0.506,-0.111,0.032,-46.7,46.7,settle
3.84,0.506,-0.111,0.032,-46.7,46.7,settle
3.84,0.506,-0.111,0.032,-46.7,46.7,settle
3.84,0.506,-0.111,0.032,-46.7,46.7,settle
3.84,0.506,-0.111,0.032,-46.7,46.7,settle
3.84,0.506,-0.111,0.032,-46.7,46.7,settle
3.84,0.506,-0.111,0.032,-46.7,46.7,settle
3.84,0.507,-0.111,0.032,-46.7,46.7,settle
3.84,0.507,-0.111,0.032,-46.7,46.7,settle
3.84,0.507,-0.111,0.032,-46.7,46.7,settle
3.84,0.507,-0.111,0.032,-46.7,46.7,settle
3.84,0.507,-0.111,0.032,-46.7,46.7,settle
3.84,0.507,-0.111,0.032,-46.7,46.7,settle
3.85,0.507,-0.111,0.032,-46.7,46.7,settle
3.85,0.507,-0.111,0.032,-46.7,46.7,settle
3.85,0.507,-0.111,0.032,-46.7,46.7,settle
3.85,0.508,-0.111,0.032,-46.7,46.7,settle
3.85,0.508,-0.111,0.032,-46.7,46.7,settle
3.85,0.508,-0.111,0.032,-46.7,46.7,settle
3.85,0.508,-0.111,0.032,-46.7,46.7,settle
3.85,0.508,-0.111,0.032,-46.7,46.7,settle
3.85,0.508,-0.111,0.032,-46.7,46.7,settle
3.85,0.508,-0.111,0.032,-46.7,46.7,settle
3.85,0.508,-0.111,0.032,-46.7,46.7,settle
3.85,0.508,-0.111,0.032,-46.7,46.7,settle
3.85,0.509,-0.111,0.032,-46.7,46.7,settle
3.85,0.509,-0.111,0.032,-46.7,46.7,settle
3.85,0.509,-0.111,0.032,-46.7,46.7,settle
3.85,0.509,-0.111,0.032,-46.7,46.7,settle
3.85,0.509,-0.111,0.032,-46.7,46.7,settle
3.85,0.509,-0.111,0.032,-46.7,46.7,settle
3.85,0.509,-0.111,0.032,-46.7,46.7,settle
3.85,0.510,-0.111,0.032,-46.7,46.7,settle
3.85,0.510,-0.111,0.032,-46.7,46.7,settle
3.85,0.510,-0.111,0.032,-46.7,46.7,settle
3.85,0.510,-0.111,0.032,-46.7,46.7,settle
3.85,0.510,-0.111,0.032,-46.7,46.7,settle
3.85,0.510,-0.111,0.032,-46.7,46.7,settle
3.85,0.510,-0.111,0.032,-46.7,46.7,settle
3.86,0.510,-0.111,0.032,-46.7,46.7,settle
3.86,0.511,-0.111,0.032,-46.7,46.7,settle
3.86,0.511,-0.111,0.032,-46.7,46.7,settle
3.86,0.511,-0.111,0.032,-46.7,46.7,settle
3.86,0.511,-0.111,0.032,-46.7,46.7,settle
3.86,0.511,-0.111,0.032,-46.7,46.7,settle
3.86,0.511,-0.111,0.032,-46.7,46.7,settle
3.86,0.511,-0.111,0.032,-46.7,46.7,settle
3.86,0.511,-0.111,0.032,-46.7,46.7,settle
3.86,0.512,-0.111,0.032,-46.7,46.7,settle
3.86,0.512,-0.111,0.032,-46.7,46.7,settle
3.86,0.512,-0.111,0.032,-46.7,46.7,settle
3.86,0.512,-0.111,0.032,-46.7,46.7,settle
3.86,0.512,-0.111,0.032,-46.7,46.7,settle
3.86,0.512,-0.111,0.032,-46.7,46.7,settle
3.86,0.512,-0.111,0.032,-46.7,46.7,settle
3.86,0.512,-0.111,0.032,-46.7,46.7,settle
3.86,0.513,-0.111,0.032,-46.7,46.7,settle
3.86,0.513,-0.111,0.032,-46.7,46.7,settle
3.86,0.513,-0.111,0.032,-46.7,46.7,settle
3.86,0.513,-0.111,0.032,-46.7,46.7,settle
3.86,0.513,-0.111,0.032,-46.7,46.7,settle
3.86,0.513,-0.111,0.032,-46.7,46.7,settle
3.86,0.513,-0.111,0.032,-46.7,46.7,settle
3.86,0.513,-0.111,0.032,-46.7,46.7,settle
3.86,0.514,-0.111,0.032,-46.7,46.7,settle
3.87,0.514,-0.111,0.032,-46.7,46.7,settle
3.87,0.514,-0.111,0.032,-46.7,46.7,settle
3.87,0.514,-0.111,0.032,-46.7,46.7,settle
3.87,0.514,-0.111,0.032,-46.7,46.7,settle
3.87,0.514,-0.111,0.032,-46.7,46.7,settle
3.87,0.514,-0.111,0.032,-46.7,46.7,settle
3.87,0.514,-0.111,0.032,-46.7,46.7,settle
3.87,0.514,-0.111,0.032,-46.7,46.7,settle
3.87,0.514,-0.111,0.032,-46.7,46.7,settle
3.87,0.515,-0.111,0.032,-46.7,46.7,settle
3.87,0.515,-0.111,0.032,-46.7,46.7,settle
3.87,0.515,-0.111,0.032,-46.7,46.7,settle
3.87,0.515,-0.111,0.032,-46.7,46.7,settle
3.87,0.515,-0.111,0.032,-46.7,46.7,settle
3.87,0.515,-0.111,0.032,-46.7,46.7,settle
3.87,0.515,-0.111,0.032,-46.7,46.7,settle
3.87,0.515,-0.111,0.032,-46.7,46.7,settle
3.87,0.516,-0.111,0.032,-46.7,46.7,settle
3.87,0.516,-0.111,0.032,-46.7,46.7,settle
3.87,0.516,-0.111,0.032,-46.7,46.7,settle
3.87,0.516,-0.111,0.032,-46.7,46.7,settle
3.87,0.516,-0.111,0.032,-46.7,46.7,settle
3.87,0.516,-0.111,0.032,-46.7,46.7,settle
3.87,0.516,-0.111,0.032,-46.7,46.7,settle
3.87,0.517,-0.111,0.032,-46.7,46.7,settle
3.88,0.517,-0.111,0.032,-46.7,46.7,settle
3.88,0.517,-0.111,0.032,-46.7,46.7,settle
3.88,0.517,-0.111,0.032,-46.7,46.7,settle
3.88,0.517,-0.111,0.032,-46.7,46.7,settle
3.88,0.517,-0.111,0.032,-46.7,46.7,settle
3.88,0.517,-0.111,0.032,-46.7,46.7,settle
3.88,0.517,-0.111,0.032,-46.7,46.7,settle
3.88,0.518,-0.111,0.032,-46.7,46.7,settle
3.88,0.518,-0.111,0.032,-46.7,46.7,settle
3.88,0.518,-0.111,0.032,-46.7,46.7,settle
3.88,0.518,-0.111,0.032,-46.7,46.7,settle
3.88,0.518,-0.111,0.032,-46.7,46.7,settle
3.88,0.518,-0.111,0.032,-46.7,46.7,settle
3.88,0.518,-0.111,0.032,-46.7,46.7,settle
3.88,0.519,-0.111,0.032,-46.7,46.7,settle
3.88,0.519,-0.111,0.032,-46.7,46.7,settle
3.88,0.519,-0.111,0.032,-46.7,46.7,settle
3.88,0.519,-0.111,0.032,-46.7,46.7,settle
3.88,0.519,-0.111,0.032,-46.7,46.7,settle
3.88,0.519,-0.111,0.032,-46.7,46.7,settle
3.88,0.519,-0.111,0.032,-46.7,46.7,settle
3.88,0.519,-0.111,0.032,-46.7,46.7,settle
3.88,0.520,-0.111,0.032,-46.7,46.7,settle
3.88,0.520,-0.111,0.032,-46.7,46.7,settle
3.88,0.520,-0.111,0.032,-46.7,46.7,settle
3.89,0.520,-0.111,0.032,-46.7,46.7,settle
3.89,0.520,-0.111,0.032,-46.7,46.7,settle
3.89,0.520,-0.111,0.032,-46.7,46.7,settle
3.89,0.520,-0.111,0.032,-46.7,46.7,settle
3.89,0.520,-0.111,0.032,-46.7,46.7,settle
3.89,0.521,-0.111,0.032,-46.7,46.7,settle
3.89,0.521,-0.111,0.032,-46.7,46.7,settle
3.89,0.521,-0.111,0.032,-46.7,46.7,settle
3.89,0.521,-0.111,0.032,-46.7,46.7,settle
3.89,0.521,-0.111,0.032,-46.7,46.7,settle
3.89,0.521,-0.111,0.032,-46.7,46.7,settle
3.89,0.521,-0.111,0.032,-46.7,46.7,settle
3.89,0.521,-0.111,0.032,-46.7,46.7,settle
3.89,0.521,-0.111,0.032,-46.7,46.7,settle
3.89,0.521,-0.111,0.032,-46.7,46.7,settle
3.89,0.522,-0.111,0.032,-46.7,46.7,settle
3.89,0.522,-0.111,0.032,-46.7,46.7,settle
3.89,0.522,-0.111,0.032,-46.7,46.7,settle
3.89,0.522,-0.111,0.032,-46.7,46.7,settle
3.89,0.522,-0.111,0.032,-46.7,46.7,settle
3.89,0.522,-0.111,0.032,-46.7,46.7,settle
3.89,0.522,-0.111,0.032,-46.7,46.7,settle
3.89,0.522,-0.111,0.032,-46.7,46.7,settle
3.89,0.523,-0.111,0.032,-46.7,46.7,settle
3.89,0.523,-0.111,0.032,-46.7,46.7,settle
3.89,0.523,-0.111,0.032,-46.7,46.7,settle
3.90,0.523,-0.111,0.032,-46.7,46.7,settle
3.90,0.523,-0.111,0.032,-46.7,46.7,settle
3.90,0.523,-0.111,0.032,-46.7,46.7,settle
3.90,0.523,-0.111,0.032,-46.7,46.7,settle
3.90,0.524,-0.111,0.032,-46.7,46.7,settle
3.90,0.524,-0.111,0.032,-46.7,46.7,settle
3.90,0.524,-0.111,0.032,-46.7,46.7,settle
3.90,0.524,-0.111,0.032,-46.7,46.7,settle
3.90,0.524,-0.111,0.032,-46.7,46.7,settle
3.90,0.524,-0.111,0.032,-46.7,46.7,settle
3.90,0.524,-0.111,0.032,-46.7,46.7,settle
3.90,0.524,-0.111,0.032,-46.7,46.7,settle
3.90,0.524,-0.111,0.032,-46.7,46.7,settle
3.90,0.525,-0.111,0.032,-46.7,46.7,settle
3.90,0.525,-0.111,0.032,-46.7,46.7,settle
3.90,0.525,-0.111,0.032,-46.7,46.7,settle
3.90,0.525,-0.111,0.032,-46.7,46.7,settle
3.90,0.525,-0.111,0.032,-46.7,46.7,settle
3.90,0.525,-0.111,0.032,-46.7,46.7,settle
3.90,0.525,-0.111,0.032,-46.7,46.7,settle
3.90,0.526,-0.111,0.032,-46.7,46.7,settle
3.90,0.526,-0.111,0.032,-46.7,46.7,settle
3.90,0.526,-0.111,0.032,-46.7,46.7,settle
3.90,0.526,-0.111,0.032,-46.7,46.7,settle
3.90,0.526,-0.111,0.032,-46.7,46.7,settle
3.90,0.526,-0.111,0.032,-46.7,46.7,settle
3.90,0.526,-0.111,0.032,-46.7,46.7,settle
3.91,0.526,-0.111,0.032,-46.7,46.7,settle
3.91,0.527,-0.111,0.032,-46.7,46.7,settle
3.91,0.527,-0.111,0.032,-46.7,46.7,settle
3.91,0.527,-0.111,0.032,-46.7,46.7,settle
3.91,0.527,-0.111,0.032,-46.7,46.7,settle
3.91,0.527,-0.111,0.032,-46.7,46.7,settle
3.91,0.527,-0.111,0.032,-46.7,46.7,settle
3.91,0.527,-0.111,0.032,-46.7,46.7,settle
3.91,0.527,-0.111,0.032,-46.7,46.7,settle
3.91,0.528,-0.111,0.032,-46.7,46.7,settle
3.91,0.528,-0.111,0.032,-46.7,46.7,settle
3.91,0.528,-0.111,0.032,-46.7,46.7,settle
3.91,0.528,-0.111,0.032,-46.7,46.7,settle
3.91,0.528,-0.111,0.032,-46.7,46.7,settle
3.91,0.528,-0.111,0.032,-46.7,46.7,settle
3.91,0.528,-0.111,0.032,-46.7,46.7,settle
3.91,0.528,-0.111,0.032,-46.7,46.7,settle
3.91,0.529,-0.111,0.032,-46.7,46.7,settle
3.91,0.529,-0.111,0.032,-46.7,46.7,settle
3.91,0.529,-0.111,0.032,-46.7,46.7,settle
3.91,0.529,-0.111,0.032,-46.7,46.7,settle
3.91,0.529,-0.111,0.032,-46.7,46.7,settle
3.91,0.529,-0.111,0.032,-46.7,46.7,settle
3.91,0.529,-0.111,0.032,-46.7,46.7,settle
3.91,0.529,-0.111,0.032,-46.7,46.7,settle
3.92,0.529,-0.111,0.032,-46.7,46.7,settle
3.92,0.530,-0.111,0.032,-46.7,46.7,settle
3.92,0.530,-0.111,0.032,-46.7,46.7,settle
3.92,0.530,-0.111,0.032,-46.7,46.7,settle
3.92,0.530,-0.111,0.032,-46.7,46.7,settle
3.92,0.530,-0.111,0.032,-46.7,46.7,settle
3.92,0.530,-0.111,0.032,-46.7,46.7,settle
3.92,0.530,-0.111,0.032,-46.7,46.7,settle
3.92,0.530,-0.111,0.032,-46.7,46.7,settle
3.92,0.531,-0.111,0.032,-46.7,46.7,settle
3.92,0.531,-0.111,0.032,-46.7,46.7,settle
3.92,0.531,-0.111,0.032,-46.7,46.7,settle
3.92,0.531,-0.111,0.032,-46.7,46.7,settle
3.92,0.531,-0.111,0.032,-46.7,46.7,settle
3.92,0.531,-0.111,0.032,-46.7,46.7,settle
3.92,0.531,-0.111,0.032,-46.7,46.7,settle
3.92,0.531,-0.111,0.032,-46.7,46.7,settle
3.92,0.532,-0.111,0.032,-46.7,46.7,settle
3.92,0.532,-0.111,0.032,-46.7,46.7,settle
3.92,0.532,-0.111,0.032,-46.7,46.7,settle
3.92,0.532,-0.111,0.032,-46.7,46.7,settle
3.92,0.532,-0.111,0.032,-46.7,46.7,settle
3.92,0.532,-0.111,0.032,-46.7,46.7,settle
3.92,0.532,-0.111,0.032,-46.7,46.7,settle
3.92,0.532,-0.111,0.032,-46.7,46.7,settle
3.92,0.533,-0.111,0.032,-46.7,46.7,settle
3.93,0.533,-0.111,0.032,-46.7,46.7,settle
3.93,0.533,-0.111,0.032,-46.7,46.7,settle
3.93,0.533,-0.111,0.032,-46.7,46.7,settle
3.93,0.533,-0.111,0.032,-46.7,46.7,settle
3.93,0.533,-0.111,0.032,-46.7,46.7,settle
3.93,0.533,-0.111,0.032,-46.7,46.7,settle
3.93,0.533,-0.111,0.032,-46.7,46.7,settle
3.93,0.534,-0.111,0.032,-46.7,46.7,settle
3.93,0.534,-0.111,0.032,-46.7,46.7,settle
3.93,0.534,-0.111,0.032,-46.7,46.7,settle
3.93,0.534,-0.111,0.032,-46.7,46.7,settle
3.93,0.534,-0.111,0.032,-46.7,46.7,settle
3.93,0.534,-0.111,0.032,-46.7,46.7,settle
3.93,0.534,-0.111,0.032,-46.7,46.7,settle
3.93,0.535,-0.111,0.032,-46.7,46.7,settle
3.93,0.535,-0.111,0.032,-46.7,46.7,settle
3.93,0.535,-0.111,0.032,-46.7,46.7,settle
3.93,0.535,-0.111,0.032,-46.7,46.7,settle
3.93,0.535,-0.111,0.032,-46.7,46.7,settle
3.93,0.535,-0.111,0.032,-46.7,46.7,settle
3.93,0.535,-0.111,0.032,-46.7,46.7,settle
3.93,0.535,-0.111,0.032,-46.7,46.7,settle
3.93,0.536,-0.111,0.032,-46.7,46.7,settle
3.93,0.536,-0.111,0.032,-46.7,46.7,settle
3.93,0.536,-0.111,0.032,-46.7,46.7,settle
3.93,0.536,-0.111,0.032,-46.7,46.7,settle
3.94,0.536,-0.111,0.032,-46.7,46.7,settle
3.94,0.536,-0.111,0.032,-46.7,46.7,settle
3.94,0.536,-0.111,0.032,-46.7,46.7,settle
3.94,0.536,-0.111,0.032,-46.7,46.7,settle
3.94,0.536,-0.111,0.032,-46.7,46.7,settle
3.94,0.536,-0.111,0.032,-46.7,46.7,settle
3.94,0.537,-0.111,0.032,-46.7,46.7,settle
3.94,0.537,-0.111,0.032,-46.7,46.7,settle
3.94,0.537,-0.111,0.032,-46.7,46.7,settle
3.94,0.537,-0.111,0.032,-46.7,46.7,settle
3.94,0.537,-0.111,0.032,-46.7,46.7,settle
3.94,0.537,-0.111,0.032,-46.7,46.7,settle
3.94,0.537,-0.111,0.032,-46.7,46.7,settle
3.94,0.537,-0.111,0.032,-46.7,46.7,settle
3.94,0.538,-0.111,0.032,-46.7,46.7,settle
3.94,0.538,-0.111,0.032,-46.7,46.7,settle
3.94,0.538,-0.111,0.032,-46.7,46.7,settle
3.94,0.538,-0.111,0.032,-46.7,46.7,settle
3.94,0.538,-0.111,0.032,-46.7,46.7,settle
3.94,0.538,-0.111,0.032,-46.7,46.7,settle
3.94,0.538,-0.111,0.032,-46.7,46.7,settle
3.94,0.538,-0.111,0.032,-46.7,46.7,settle
3.94,0.539,-0.111,0.032,-46.7,46.7,settle
3.94,0.539,-0.111,0.032,-46.7,46.7,settle
3.94,0.539,-0.111,0.032,-46.7,46.7,settle
3.94,0.539,-0.111,0.032,-46.7,46.7,settle
3.95,0.539,-0.111,0.032,-46.7,46.7,settle
3.95,0.539,-0.111,0.032,-46.7,46.7,settle
3.95,0.539,-0.111,0.032,-46.7,46.7,settle
3.95,0.539,-0.111,0.032,-46.7,46.7,settle
3.95,0.540,-0.111,0.032,-46.7,46.7,settle
3.95,0.540,-0.111,0.032,-46.7,46.7,settle
3.95,0.540,-0.111,0.032,-46.7,46.7,settle
3.95,0.540,-0.111,0.032,-46.7,46.7,settle
3.95,0.540,-0.111,0.032,-46.7,46.7,settle
3.95,0.540,-0.111,0.032,-46.7,46.7,settle
3.95,0.540,-0.111,0.032,-46.7,46.7,settle
3.95,0.541,-0.111,0.032,-46.7,46.7,settle
3.95,0.541,-0.111,0.032,-46.7,46.7,settle
3.95,0.541,-0.111,0.032,-46.7,46.7,settle
3.95,0.541,-0.111,0.032,-46.7,46.7,settle
3.95,0.541,-0.111,0.032,-46.7,46.7,settle
3.95,0.541,-0.111,0.032,-46.7,46.7,settle
3.95,0.541,-0.111,0.032,-46.7,46.7,settle
3.95,0.541,-0.111,0.032,-46.7,46.7,settle
3.95,0.541,-0.111,0.032,-46.7,46.7,settle
3.95,0.542,-0.111,0.032,-46.7,46.7,settle
3.95,0.542,-0.111,0.032,-46.7,46.7,settle
3.95,0.542,-0.111,0.032,-46.7,46.7,settle
3.95,0.542,-0.111,0.032,-46.7,46.7,settle
3.95,0.542,-0.111,0.032,-46.7,46.7,settle
3.95,0.542,-0.111,0.032,-46.7,46.7,settle
3.95,0.542,-0.111,0.032,-46.7,46.7,settle
3.96,0.542,-0.111,0.032,-46.7,46.7,settle
3.96,0.543,-0.111,0.032,-46.7,46.7,settle
3.96,0.543,-0.111,0.032,-46.7,46.7,settle
3.96,0.543,-0.111,0.032,-46.7,46.7,settle
3.96,0.543,-0.111,0.032,-46.7,46.7,settle
3.96,0.543,-0.111,0.032,-46.7,46.7,settle
3.96,0.543,-0.111,0.032,-46.7,46.7,settle
3.96,0.543,-0.111,0.032,-46.7,46.7,settle
3.96,0.543,-0.111,0.032,-46.7,46.7,settle
3.96,0.543,-0.111,0.032,-46.7,46.7,settle
3.96,0.543,-0.111,0.032,-46.7,46.7,settle
3.96,0.544,-0.111,0.032,-46.7,46.7,settle
3.96,0.544,-0.111,0.032,-46.7,46.7,settle
3.96,0.544,-0.111,0.032,-46.7,46.7,settle
3.96,0.544,-0.111,0.032,-46.7,46.7,settle
3.96,0.544,-0.111,0.032,-46.7,46.7,settle
3.96,0.544,-0.111,0.032,-46.7,46.7,settle
3.96,0.544,-0.111,0.032,-46.7,46.7,settle
3.96,0.545,-0.111,0.032,-46.7,46.7,settle
3.96,0.545,-0.111,0.032,-46.7,46.7,settle
3.96,0.545,-0.111,0.032,-46.7,46.7,settle
3.96,0.545,-0.111,0.032,-46.7,46.7,settle
3.96,0.545,-0.111,0.032,-46.7,46.7,settle
3.96,0.545,-0.111,0.032,-46.7,46.7,settle
3.97,0.545,-0.111,0.032,-46.7,46.7,settle
3.97,0.545,-0.111,0.032,-46.7,46.7,settle
3.97,0.546,-0.111,0.032,-46.7,46.7,settle
3.97,0.546,-0.111,0.032,-46.7,46.7,settle
3.97,0.546,-0.111,0.032,-46.7,46.7,settle
3.97,0.546,-0.111,0.032,-46.7,46.7,settle
3.97,0.546,-0.111,0.032,-46.7,46.7,settle
3.97,0.546,-0.111,0.032,-46.7,46.7,settle
3.97,0.546,-0.111,0.032,-46.7,46.7,settle
3.97,0.546,-0.111,0.032,-46.7,46.7,settle
3.97,0.547,-0.111,0.032,-46.7,46.7,settle
3.97,0.547,-0.111,0.032,-46.7,46.7,settle
3.97,0.547,-0.111,0.032,-46.7,46.7,settle
3.97,0.547,-0.111,0.032,-46.7,46.7,settle
3.97,0.547,-0.111,0.032,-46.7,46.7,settle
3.97,0.547,-0.111,0.032,-46.7,46.7,settle
3.97,0.547,-0.111,0.032,-46.7,46.7,settle
3.97,0.548,-0.111,0.032,-46.7,46.7,settle
3.97,0.548,-0.111,0.032,-46.7,46.7,settle
3.97,0.548,-0.111,0.032,-46.7,46.7,settle
3.97,0.548,-0.111,0.032,-46.7,46.7,settle
3.97,0.548,-0.111,0.032,-46.7,46.7,settle
3.97,0.548,-0.111,0.032,-46.7,46.7,settle
3.97,0.548,-0.111,0.032,-46.7,46.7,settle
3.97,0.548,-0.111,0.032,-46.7,46.7,settle
3.97,0.549,-0.111,0.032,-46.7,46.7,settle
3.98,0.549,-0.111,0.032,-46.7,46.7,settle
3.98,0.549,-0.111,0.032,-46.7,46.7,settle
3.98,0.549,-0.111,0.032,-46.7,46.7,settle
3.98,0.549,-0.111,0.032,-46.7,46.7,settle
3.98,0.549,-0.111,0.032,-46.7,46.7,settle
3.98,0.549,-0.111,0.032,-46.7,46.7,settle
3.98,0.550,-0.111,0.032,-46.7,46.7,settle
3.98,0.550,-0.111,0.032,-46.7,46.7,settle
3.98,0.550,-0.111,0.032,-46.7,46.7,settle
3.98,0.550,-0.111,0.032,-46.7,46.7,settle
3.98,0.550,-0.111,0.032,-46.7,46.7,settle
3.98,0.550,-0.111,0.032,-46.7,46.7,settle
3.98,0.550,-0.111,0.032,-46.7,46.7,settle
3.98,0.550,-0.111,0.032,-46.7,46.7,settle
3.98,0.550,-0.111,0.032,-46.7,46.7,settle
3.98,0.550,-0.111,0.032,-46.7,46.7,settle
3.98,0.551,-0.111,0.032,-46.7,46.7,settle
3.98,0.551,-0.111,0.032,-46.7,46.7,settle
3.98,0.551,-0.111,0.032,-46.7,46.7,settle
3.98,0.551,-0.111,0.032,-46.7,46.7,settle
3.98,0.551,-0.111,0.032,-46.7,46.7,settle
3.98,0.551,-0.111,0.032,-46.7,46.7,settle
3.98,0.551,-0.111,0.032,-46.7,46.7,settle
3.98,0.551,-0.111,0.032,-46.7,46.7,settle
3.98,0.552,-0.111,0.032,-46.7,46.7,settle
3.99,0.552,-0.111,0.032,-46.7,46.7,settle
3.99,0.552,-0.111,0.032,-46.7,46.7,settle
3.99,0.552,-0.111,0.032,-46.7,46.7,settle
3.99,0.552,-0.111,0.032,-46.7,46.7,settle
3.99,0.552,-0.111,0.032,-46.7,46.7,settle
3.99,0.552,-0.111,0.032,-46.7,46.7,settle
3.99,0.552,-0.111,0.032,-46.7,46.7,settle
3.99,0.553,-0.111,0.032,-46.7,46.7,settle
3.99,0.553,-0.111,0.032,-46.7,46.7,settle
3.99,0.553,-0.111,0.032,-46.7,46.7,settle
3.99,0.553,-0.111,0.032,-46.7,46.7,settle
3.99,0.553,-0.111,0.032,-46.7,46.7,settle
3.99,0.553,-0.111,0.032,-46.7,46.7,settle
3.99,0.553,-0.111,0.032,-46.7,46.7,settle
3.99,0.553,-0.111,0.032,-46.7,46.7,settle
3.99,0.554,-0.111,0.032,-46.7,46.7,settle
3.99,0.554,-0.111,0.032,-46.7,46.7,settle
3.99,0.554,-0.111,0.032,-46.7,46.7,settle
3.99,0.554,-0.111,0.032,-46.7,46.7,settle
3.99,0.554,-0.111,0.032,-46.7,46.7,settle
3.99,0.554,-0.111,0.032,-46.7,46.7,settle
3.99,0.554,-0.111,0.032,-46.7,46.7,settle
3.99,0.555,-0.111,0.032,-46.7,46.7,settle
3.99,0.555,-0.111,0.032,-46.7,46.7,settle
3.99,0.555,-0.111,0.032,-46.7,46.7,settle
3.99,0.555,-0.111,0.032,-46.7,46.7,settle
4.00,0.555,-0.111,0.032,-46.7,46.7,settle
4.00,0.555,-0.111,0.032,-46.7,46.7,settle
4.00,0.555,-0.111,0.032,-46.7,46.7,settle
4.00,0.555,-0.111,0.032,-46.7,46.7,settle
4.00,0.555,-0.111,0.032,-46.7,46.7,settle
4.00,0.556,-0.111,0.032,-46.7,46.7,settle
4.00,0.556,-0.111,0.032,-46.7,46.7,settle
4.00,0.556,-0.111,0.032,-46.7,46.7,settle
4.00,0.556,-0.111,0.032,-46.7,46.7,settle
4.00,0.556,-0.111,0.032,-46.7,46.7,settle
4.00,0.556,-0.111,0.032,-46.7,46.7,settle
4.00,0.557,-0.111,0.032,-46.7,46.7,settle
4.00,0.557,-0.111,0.032,-46.7,46.7,settle
4.00,0.557,-0.111,0.032,-46.7,46.7,settle
4.00,0.557,-0.111,0.032,-46.7,46.7,settle
4.00,0.557,-0.111,0.032,-46.7,46.7,settle
4.00,0.557,-0.111,0.032,-46.7,46.7,settle
4.00,0.557,-0.111,0.032,-46.7,46.7,settle
4.00,0.557,-0.111,0.032,-46.7,46.7,settle
4.00,0.558,-0.111,0.032,-46.7,46.7,settle
4.00,0.558,-0.111,0.032,-46.7,46.7,settle
4.00,0.558,-0.111,0.032,-46.7,46.7,settle
4.00,0.558,-0.111,0.032,-46.7,46.7,settle
4.00,0.558,-0.111,0.032,-46.7,46.7,settle
4.00,0.558,-0.111,0.032,-46.7,46.7,settle
4.00,0.558,-0.111,0.032,-46.7,46.7,settle
4.01,0.558,-0.111,0.032,-46.7,46.7,settle
4.01,0.558,-0.111,0.032,-46.7,46.7,settle
4.01,0.558,-0.111,0.032,-46.7,46.7,settle
4.01,0.559,-0.111,0.032,-46.7,46.7,settle
4.01,0.559,-0.111,0.032,-46.7,46.7,settle
4.01,0.559,-0.111,0.032,-46.7,46.7,settle
4.01,0.559,-0.111,0.032,-46.7,46.7,settle
4.01,0.559,-0.111,0.032,-46.7,46.7,settle
4.01,0.559,-0.111,0.032,-46.7,46.7,settle
4.01,0.559,-0.111,0.032,-46.7,46.7,settle
4.01,0.559,-0.111,0.032,-46.7,46.7,settle
4.01,0.560,-0.111,0.032,-46.7,46.7,settle
4.01,0.560,-0.111,0.032,-46.7,46.7,settle
4.01,0.560,-0.111,0.032,-46.7,46.7,settle
4.01,0.560,-0.111,0.032,-46.7,46.7,settle
4.01,0.560,-0.111,0.032,-46.7,46.7,settle
4.01,0.560,-0.111,0.032,-46.7,46.7,settle
4.01,0.560,-0.111,0.032,-46.7,46.7,settle
4.01,0.560,-0.111,0.032,-46.7,46.7,settle
4.01,0.561,-0.111,0.032,-46.7,46.7,settle
4.01,0.561,-0.111,0.032,-46.7,46.7,settle
4.01,0.561,-0.111,0.032,-46.7,46.7,settle
4.01,0.561,-0.111,0.032,-46.7,46.7,settle
4.01,0.561,-0.111,0.032,-46.7,46.7,settle
4.01,0.561,-0.111,0.032,-46.7,46.7,settle
4.02,0.561,-0.111,0.032,-46.7,46.7,settle
4.02,0.561,-0.111,0.032,-46.7,46.7,settle
4.02,0.562,-0.111,0.032,-46.7,46.7,settle
4.02,0.562,-0.111,0.032,-46.7,46.7,settle
4.02,0.562,-0.111,0.032,-46.7,46.7,settle
4.02,0.562,-0.111,0.032,-46.7,46.7,settle
4.02,0.562,-0.111,0.032,-46.7,46.7,settle
4.02,0.562,-0.111,0.032,-46.7,46.7,settle
4.02,0.562,-0.111,0.032,-46.7,46.7,settle
4.02,0.562,-0.111,0.032,-46.7,46.7,settle
4.02,0.563,-0.111,0.032,-46.7,46.7,settle
4.02,0.563,-0.111,0.032,-46.7,46.7,settle
4.02,0.563,-0.111,0.032,-46.7,46.7,settle
4.02,0.563,-0.111,0.032,-46.7,46.7,settle
4.02,0.563,-0.111,0.032,-46.7,46.7,settle
4.02,0.563,-0.111,0.032,-46.7,46.7,settle
4.02,0.563,-0.111,0.032,-46.7,46.7,settle
4.02,0.563,-0.111,0.032,-46.7,46.7,settle
4.02,0.564,-0.111,0.032,-46.7,46.7,settle
4.02,0.564,-0.111,0.032,-46.7,46.7,settle
4.02,0.564,-0.111,0.032,-46.7,46.7,settle
4.02,0.564,-0.111,0.032,-46.7,46.7,settle
4.02,0.564,-0.111,0.032,-46.7,46.7,settle
4.02,0.564,-0.111,0.032,-46.7,46.7,settle
4.02,0.564,-0.111,0.032,-46.7,46.7,settle
4.02,0.564,-0.111,0.032,-46.7,46.7,settle
4.02,0.565,-0.111,0.032,-46.7,46.7,settle
4.03,0.565,-0.111,0.032,-46.7,46.7,settle
4.03,0.565,-0.111,0.032,-46.7,46.7,settle
4.03,0.565,-0.111,0.032,-46.7,46.7,settle
4.03,0.565,-0.111,0.032,-46.7,46.7,settle
4.03,0.565,-0.111,0.032,-46.7,46.7,settle
4.03,0.565,-0.111,0.032,-46.7,46.7,settle
4.03,0.565,-0.111,0.032,-46.7,46.7,settle
4.03,0.565,-0.111,0.032,-46.7,46.7,settle
4.03,0.565,-0.111,0.032,-46.7,46.7,settle
4.03,0.565,-0.111,0.032,-46.7,46.7,settle
4.03,0.566,-0.111,0.032,-46.7,46.7,settle
4.03,0.566,-0.111,0.032,-46.7,46.7,settle
4.03,0.566,-0.111,0.032,-46.7,46.7,settle
4.03,0.566,-0.111,0.032,-46.7,46.7,settle
4.03,0.566,-0.111,0.032,-46.7,46.7,settle
4.03,0.566,-0.111,0.032,-46.7,46.7,settle
4.03,0.566,-0.111,0.032,-46.7,46.7,settle
4.03,0.566,-0.111,0.032,-46.7,46.7,settle
4.03,0.567,-0.111,0.032,-46.7,46.7,settle
4.03,0.567,-0.111,0.032,-46.7,46.7,settle
4.03,0.567,-0.111,0.032,-46.7,46.7,settle
4.03,0.567,-0.111,0.032,-46.7,46.7,settle
4.03,0.567,-0.111,0.032,-46.7,46.7,settle
4.03,0.567,-0.111,0.032,-46.7,46.7,settle
4.03,0.567,-0.111,0.032,-46.7,46.7,settle
4.03,0.568,-0.111,0.032,-46.7,46.7,settle
4.03,0.568,-0.111,0.032,-46.7,46.7,settle
4.04,0.568,-0.111,0.032,-46.7,46.7,settle
4.04,0.568,-0.111,0.032,-46.7,46.7,settle
4.04,0.568,-0.111,0.032,-46.7,46.7,settle
4.04,0.568,-0.111,0.032,-46.7,46.7,settle
4.04,0.568,-0.111,0.032,-46.7,46.7,settle
4.04,0.568,-0.111,0.032,-46.7,46.7,settle
4.04,0.568,-0.111,0.032,-46.7,46.7,settle
4.04,0.569,-0.111,0.032,-46.7,46.7,settle
4.04,0.569,-0.111,0.032,-46.7,46.7,settle
4.04,0.569,-0.111,0.032,-46.7,46.7,settle
4.04,0.569,-0.111,0.032,-46.7,46.7,settle
4.04,0.569,-0.111,0.032,-46.7,46.7,settle
4.04,0.569,-0.111,0.032,-46.7,46.7,settle
4.04,0.569,-0.111,0.032,-46.7,46.7,settle
4.04,0.570,-0.111,0.032,-46.7,46.7,settle
4.04,0.570,-0.111,0.032,-46.7,46.7,settle
4.04,0.570,-0.111,0.032,-46.7,46.7,settle
4.04,0.570,-0.111,0.032,-46.7,46.7,settle
4.04,0.570,-0.111,0.032,-46.7,46.7,settle
4.04,0.570,-0.111,0.032,-46.7,46.7,settle
4.04,0.570,-0.111,0.032,-46.7,46.7,settle
4.04,0.570,-0.111,0.032,-46.7,46.7,settle
4.04,0.571,-0.111,0.032,-46.7,46.7,settle
4.04,0.571,-0.111,0.032,-46.7,46.7,settle
4.04,0.571,-0.111,0.032,-46.7,46.7,settle
4.04,0.571,-0.111,0.032,-46.7,46.7,settle
4.04,0.571,-0.111,0.032,-46.7,46.7,settle
4.05,0.571,-0.111,0.032,-46.7,46.7,settle
4.05,0.571,-0.111,0.032,-46.7,46.7,settle
4.05,0.571,-0.111,0.032,-46.7,46.7,settle
4.05,0.572,-0.111,0.032,-46.7,46.7,settle
4.05,0.572,-0.111,0.032,-46.7,46.7,settle
4.05,0.572,-0.111,0.032,-46.7,46.7,settle
4.05,0.572,-0.111,0.032,-46.7,46.7,settle
4.05,0.572,-0.111,0.032,-46.7,46.7,settle
4.05,0.572,-0.111,0.032,-46.7,46.7,settle
4.05,0.572,-0.111,0.032,-46.7,46.7,settle
4.05,0.572,-0.111,0.032,-46.7,46.7,settle
4.05,0.572,-0.111,0.032,-46.7,46.7,settle
4.05,0.572,-0.111,0.032,-46.7,46.7,settle
4.05,0.573,-0.111,0.032,-46.7,46.7,settle
4.05,0.573,-0.111,0.032,-46.7,46.7,settle
4.05,0.573,-0.111,0.032,-46.7,46.7,settle
4.05,0.573,-0.111,0.032,-46.7,46.7,settle
4.05,0.573,-0.111,0.032,-46.7,46.7,settle
4.05,0.573,-0.111,0.032,-46.7,46.7,settle
4.05,0.573,-0.111,0.032,-46.7,46.7,settle
4.05,0.573,-0.111,0.032,-46.7,46.7,settle
4.05,0.574,-0.111,0.032,-46.7,46.7,settle
4.05,0.574,-0.111,0.032,-46.7,46.7,settle
4.05,0.574,-0.111,0.032,-46.7,46.7,settle
4.06,0.574,-0.111,0.032,-46.7,46.7,settle
4.06,0.574,-0.111,0.032,-46.7,46.7,settle
4.06,0.574,-0.111,0.032,-46.7,46.7,settle
4.06,0.574,-0.111,0.032,-46.7,46.7,settle
4.06,0.575,-0.111,0.032,-46.7,46.7,settle
4.06,0.575,-0.111,0.032,-46.7,46.7,settle
4.06,0.575,-0.111,0.032,-46.7,46.7,settle
4.06,0.575,-0.111,0.032,-46.7,46.7,settle
4.06,0.575,-0.111,0.032,-46.7,46.7,settle
4.06,0.575,-0.111,0.032,-46.7,46.7,settle
4.06,0.575,-0.111,0.032,-46.7,46.7,settle
4.06,0.575,-0.111,0.032,-46.7,46.7,settle
4.06,0.576,-0.111,0.032,-46.7,46.7,settle
4.06,0.576,-0.111,0.032,-46.7,46.7,settle
4.06,0.576,-0.111,0.032,-46.7,46.7,settle
4.06,0.576,-0.111,0.032,-46.7,46.7,settle
4.06,0.576,-0.111,0.032,-46.7,46.7,settle
4.06,0.576,-0.111,0.032,-46.7,46.7,settle
4.06,0.576,-0.111,0.032,-46.7,46.7,settle
4.06,0.576,-0.111,0.032,-46.7,46.7,settle
4.06,0.577,-0.111,0.032,-46.7,46.7,settle
4.06,0.577,-0.111,0.032,-46.7,46.7,settle
4.06,0.577,-0.111,0.032,-46.7,46.7,settle
4.06,0.577,-0.111,0.032,-46.7,46.7,settle
4.06,0.577,-0.111,0.032,-46.7,46.7,settle
4.06,0.577,-0.111,0.032,-46.7,46.7,settle
4.07,0.577,-0.111,0.032,-46.7,46.7,settle
4.07,0.577,-0.111,0.032,-46.7,46.7,settle
4.07,0.578,-0.111,0.032,-46.7,46.7,settle
4.07,0.578,-0.111,0.032,-46.7,46.7,settle
4.07,0.578,-0.111,0.032,-46.7,46.7,settle
4.07,0.578,-0.111,0.032,-46.7,46.7,settle
4.07,0.578,-0.111,0.032,-46.7,46.7,settle
4.07,0.578,-0.111,0.032,-46.7,46.7,settle
4.07,0.578,-0.111,0.032,-46.7,46.7,settle
4.07,0.579,-0.111,0.032,-46.7,46.7,settle
4.07,0.579,-0.111,0.032,-46.7,46.7,settle
4.07,0.579,-0.111,0.032,-46.7,46.7,settle
4.07,0.579,-0.111,0.032,-46.7,46.7,settle
4.07,0.579,-0.111,0.032,-46.7,46.7,settle
4.07,0.579,-0.111,0.032,-46.7,46.7,settle
4.07,0.579,-0.111,0.032,-46.7,46.7,settle
4.07,0.579,-0.111,0.032,-46.7,46.7,settle
4.07,0.579,-0.111,0.032,-46.7,46.7,settle
4.07,0.579,-0.111,0.032,-46.7,46.7,settle
4.07,0.579,-0.111,0.032,-46.7,46.7,settle
4.07,0.580,-0.111,0.032,-46.7,46.7,settle
4.07,0.580,-0.111,0.032,-46.7,46.7,settle
4.07,0.580,-0.111,0.032,-46.7,46.7,settle
4.07,0.580,-0.111,0.032,-46.7,46.7,settle
4.07,0.580,-0.111,0.032,-46.7,46.7,settle
4.07,0.580,-0.111,0.032,-46.7,46.7,settle
4.08,0.580,-0.111,0.032,-46.7,46.7,settle
4.08,0.580,-0.111,0.032,-46.7,46.7,settle
4.08,0.581,-0.111,0.032,-46.7,46.7,settle
4.08,0.581,-0.111,0.032,-46.7,46.7,settle
4.08,0.581,-0.111,0.032,-46.7,46.7,settle
4.08,0.581,-0.111,0.032,-46.7,46.7,settle
4.08,0.581,-0.111,0.032,-46.7,46.7,settle
4.08,0.581,-0.111,0.032,-46.7,46.7,settle
4.08,0.581,-0.111,0.032,-46.7,46.7,settle
4.08,0.581,-0.111,0.032,-46.7,46.7,settle
4.08,0.582,-0.111,0.032,-46.7,46.7,settle
4.08,0.582,-0.111,0.032,-46.7,46.7,settle
4.08,0.582,-0.111,0.032,-46.7,46.7,settle
4.08,0.582,-0.111,0.032,-46.7,46.7,settle
4.08,0.582,-0.111,0.032,-46.7,46.7,settle
4.08,0.582,-0.111,0.032,-46.7,46.7,settle
4.08,0.582,-0.111,0.032,-46.7,46.7,settle
4.08,0.583,-0.111,0.032,-46.7,46.7,settle
4.08,0.583,-0.111,0.032,-46.7,46.7,settle
4.08,0.583,-0.111,0.032,-46.7,46.7,settle
4.08,0.583,-0.111,0.032,-46.7,46.7,settle
4.08,0.583,-0.111,0.032,-46.7,46.7,settle
4.08,0.583,-0.111,0.032,-46.7,46.7,settle
4.08,0.583,-0.111,0.032,-46.7,46.7,settle
4.08,0.583,-0.111,0.032,-46.7,46.7,settle
4.08,0.584,-0.111,0.032,-46.7,46.7,settle
4.09,0.584,-0.111,0.032,-46.7,46.7,settle
4.09,0.584,-0.111,0.032,-46.7,46.7,settle
4.09,0.584,-0.111,0.032,-46.7,46.7,settle
4.09,0.584,-0.111,0.032,-46.7,46.7,settle
4.09,0.584,-0.111,0.032,-46.7,46.7,settle
4.09,0.584,-0.111,0.032,-46.7,46.7,settle
4.09,0.585,-0.111,0.032,-46.7,46.7,settle
4.09,0.585,-0.111,0.032,-46.7,46.7,settle
4.09,0.585,-0.111,0.032,-46.7,46.7,settle
4.09,0.585,-0.111,0.032,-46.7,46.7,settle
4.09,0.585,-0.111,0.032,-46.7,46.7,settle
4.09,0.585,-0.111,0.032,-46.7,46.7,settle
4.09,0.585,-0.111,0.032,-46.7,46.7,settle
4.09,0.585,-0.111,0.032,-46.7,46.7,settle
4.09,0.586,-0.111,0.032,-46.7,46.7,settle
4.09,0.586,-0.111,0.032,-46.7,46.7,settle
4.09,0.586,-0.111,0.032,-46.7,46.7,settle
4.09,0.586,-0.111,0.032,-46.7,46.7,settle
4.09,0.586,-0.111,0.032,-46.7,46.7,settle
4.09,0.586,-0.111,0.032,-46.7,46.7,settle
4.09,0.586,-0.111,0.032,-46.7,46.7,settle
4.09,0.586,-0.111,0.032,-46.7,46.7,settle
4.09,0.587,-0.111,0.032,-46.7,46.7,settle
4.09,0.587,-0.111,0.032,-46.7,46.7,settle
4.09,0.587,-0.111,0.032,-46.7,46.7,settle
4.09,0.587,-0.111,0.032,-46.7,46.7,settle
4.10,0.587,-0.111,0.032,-46.7,46.7,settle
4.10,0.587,-0.111,0.032,-46.7,46.7,settle
4.10,0.587,-0.111,0.032,-46.7,46.7,settle
4.10,0.587,-0.111,0.032,-46.7,46.7,settle
4.10,0.587,-0.111,0.032,-46.7,46.7,settle
4.10,0.587,-0.111,0.032,-46.7,46.7,settle
4.10,0.588,-0.111,0.032,-46.7,46.7,settle
4.10,0.588,-0.111,0.032,-46.7,46.7,settle
4.10,0.588,-0.111,0.032,-46.7,46.7,settle
4.10,0.588,-0.111,0.032,-46.7,46.7,settle
4.10,0.588,-0.111,0.032,-46.7,46.7,settle
4.10,0.588,-0.111,0.032,-46.7,46.7,settle
4.10,0.588,-0.111,0.032,-46.7,46.7,settle
4.10,0.589,-0.111,0.032,-46.7,46.7,settle
4.10,0.589,-0.111,0.032,-46.7,46.7,settle
4.10,0.589,-0.111,0.032,-46.7,46.7,settle
4.10,0.589,-0.111,0.032,-46.7,46.7,settle
4.10,0.589,-0.111,0.032,-46.7,46.7,settle
4.10,0.589,-0.111,0.032,-46.7,46.7,settle
4.10,0.589,-0.111,0.032,-46.7,46.7,settle
4.10,0.589,-0.111,0.032,-46.7,46.7,settle
4.10,0.590,-0.111,0.032,-46.7,46.7,settle
4.10,0.590,-0.111,0.032,-46.7,46.7,settle
4.10,0.590,-0.111,0.032,-46.7,46.7,settle
4.10,0.590,-0.111,0.032,-46.7,46.7,settle
4.11,0.590,-0.111,0.032,-46.7,46.7,settle
4.11,0.590,-0.111,0.032,-46.7,46.7,settle
4.11,0.590,-0.111,0.032,-46.7,46.7,settle
4.11,0.590,-0.111,0.032,-46.7,46.7,settle
4.11,0.591,-0.111,0.032,-46.7,46.7,settle
4.11,0.591,-0.111,0.032,-46.7,46.7,settle
4.11,0.591,-0.111,0.032,-46.7,46.7,settle
4.11,0.591,-0.111,0.032,-46.7,46.7,settle
4.11,0.591,-0.111,0.032,-46.7,46.7,settle
4.11,0.591,-0.111,0.032,-46.7,46.7,settle
4.11,0.591,-0.111,0.032,-46.7,46.7,settle
4.11,0.592,-0.111,0.032,-46.7,46.7,settle
4.11,0.592,-0.111,0.032,-46.7,46.7,settle
4.11,0.592,-0.111,0.032,-46.7,46.7,settle
4.11,0.592,-0.111,0.032,-46.7,46.7,settle
4.11,0.592,-0.111,0.032,-46.7,46.7,settle
4.11,0.592,-0.111,0.032,-46.7,46.7,settle
4.11,0.592,-0.111,0.032,-46.7,46.7,settle
4.11,0.592,-0.111,0.032,-46.7,46.7,settle
4.11,0.593,-0.111,0.032,-46.7,46.7,settle
4.11,0.593,-0.111,0.032,-46.7,46.7,settle
4.11,0.593,-0.111,0.032,-46.7,46.7,settle
4.11,0.593,-0.111,0.032,-46.7,46.7,settle
4.11,0.593,-0.111,0.032,-46.7,46.7,settle
4.11,0.593,-0.111,0.032,-46.7,46.7,settle
4.12,0.593,-0.111,0.032,-46.7,46.7,settle
4.12,0.593,-0.111,0.032,-46.7,46.7,settle
4.12,0.594,-0.111,0.032,-46.7,46.7,settle
4.12,0.594,-0.111,0.032,-46.7,46.7,settle
4.12,0.594,-0.111,0.032,-46.7,46.7,settle
4.12,0.594,-0.111,0.032,-46.7,46.7,settle
4.12,0.594,-0.111,0.032,-46.7,46.7,settle
4.12,0.594,-0.111,0.032,-46.7,46.7,settle
4.12,0.594,-0.111,0.032,-46.7,46.7,settle
4.12,0.594,-0.111,0.032,-46.7,46.7,settle
4.12,0.594,-0.111,0.032,-46.7,46.7,settle
4.12,0.594,-0.111,0.032,-46.7,46.7,settle
4.12,0.595,-0.111,0.032,-46.7,46.7,settle
4.12,0.595,-0.111,0.032,-46.7,46.7,settle
4.12,0.595,-0.111,0.032,-46.7,46.7,settle
4.12,0.595,-0.111,0.032,-46.7,46.7,settle
4.12,0.595,-0.111,0.032,-46.7,46.7,settle
4.12,0.595,-0.111,0.032,-46.7,46.7,settle
4.12,0.595,-0.111,0.032,-46.7,46.7,settle
4.12,0.595,-0.111,0.032,-46.7,46.7,settle
4.12,0.596,-0.111,0.032,-46.7,46.7,settle
4.12,0.596,-0.111,0.032,-46.7,46.7,settle
4.12,0.596,-0.111,0.032,-46.7,46.7,settle
4.12,0.596,-0.111,0.032,-46.7,46.7,settle
4.12,0.596,-0.111,0.032,-46.7,46.7,settle
4.12,0.596,-0.111,0.032,-46.7,46.7,settle
4.13,0.596,-0.111,0.032,-46.7,46.7,settle
4.13,0.596,-0.111,0.032,-46.7,46.7,settle
4.13,0.597,-0.111,0.032,-46.7,46.7,settle
4.13,0.597,-0.111,0.032,-46.7,46.7,settle
4.13,0.597,-0.111,0.032,-46.7,46.7,settle
4.13,0.597,-0.111,0.032,-46.7,46.7,settle
4.13,0.597,-0.111,0.032,-46.7,46.7,settle
4.13,0.597,-0.111,0.032,-46.7,46.7,settle
4.13,0.597,-0.111,0.032,-46.7,46.7,settle
4.13,0.597,-0.111,0.032,-46.7,46.7,settle
4.13,0.598,-0.111,0.032,-46.7,46.7,settle
4.13,0.598,-0.111,0.032,-46.7,46.7,settle
4.13,0.598,-0.111,0.032,-46.7,46.7,settle
4.13,0.598,-0.111,0.032,-46.7,46.7,settle
4.13,0.598,-0.111,0.032,-46.7,46.7,settle
4.13,0.598,-0.111,0.032,-46.7,46.7,settle
4.13,0.598,-0.111,0.032,-46.7,46.7,settle
4.13,0.599,-0.111,0.032,-46.7,46.7,settle
4.13,0.599,-0.111,0.032,-46.7,46.7,settle
4.13,0.599,-0.111,0.032,-46.7,46.7,settle
4.13,0.599,-0.111,0.032,-46.7,46.7,settle
4.13,0.599,-0.111,0.032,-46.7,46.7,settle
4.13,0.599,-0.111,0.032,-46.7,46.7,settle
4.13,0.599,-0.111,0.032,-46.7,46.7,settle
4.13,0.599,-0.111,0.032,-46.7,46.7,settle
4.13,0.600,-0.111,0.032,-46.7,46.7,settle
4.14,0.600,-0.111,0.032,-46.7,46.7,settle
4.14,0.600,-0.111,0.032,-46.7,46.7,settle
4.14,0.600,-0.111,0.032,-46.7,46.7,settle
4.14,0.600,-0.111,0.032,-46.7,46.7,settle
4.14,0.600,-0.111,0.032,-46.7,46.7,settle
4.14,0.600,-0.111,0.032,-46.7,46.7,settle
4.14,0.601,-0.111,0.032,-46.7,46.7,settle
4.14,0.601,-0.111,0.032,-46.7,46.7,settle
4.14,0.601,-0.111,0.032,-46.7,46.7,settle
4.14,0.601,-0.111,0.032,-46.7,46.7,settle
4.14,0.601,-0.111,0.032,-46.7,46.7,settle
4.14,0.601,-0.111,0.032,-46.7,46.7,settle
4.14,0.601,-0.111,0.032,-46.7,46.7,settle
4.14,0.601,-0.111,0.032,-46.7,46.7,settle
4.14,0.601,-0.111,0.032,-46.7,46.7,settle
4.14,0.601,-0.111,0.032,-46.7,46.7,settle
4.14,0.601,-0.111,0.032,-46.7,46.7,settle
4.14,0.602,-0.111,0.032,-46.7,46.7,settle
4.14,0.602,-0.111,0.032,-46.7,46.7,settle
4.14,0.602,-0.111,0.032,-46.7,46.7,settle
4.14,0.602,-0.111,0.032,-46.7,46.7,settle
4.14,0.602,-0.111,0.032,-46.7,46.7,settle
4.14,0.602,-0.111,0.032,-46.7,46.7,settle
4.14,0.602,-0.111,0.032,-46.7,46.7,settle
4.14,0.603,-0.111,0.032,-46.7,46.7,settle
4.15,0.603,-0.111,0.032,-46.7,46.7,settle
4.15,0.603,-0.111,0.032,-46.7,46.7,settle
4.15,0.603,-0.111,0.032,-46.7,46.7,settle
4.15,0.603,-0.111,0.032,-46.7,46.7,settle
4.15,0.603,-0.111,0.032,-46.7,46.7,settle
4.15,0.603,-0.111,0.032,-46.7,46.7,settle
4.15,0.604,-0.111,0.032,-46.7,46.7,settle
4.15,0.604,-0.111,0.032,-46.7,46.7,settle
4.15,0.604,-0.111,0.032,-46.7,46.7,settle
4.15,0.604,-0.111,0.032,-46.7,46.7,settle
4.15,0.604,-0.111,0.032,-46.7,46.7,settle
4.15,0.604,-0.111,0.032,-46.7,46.7,settle
4.15,0.604,-0.111,0.032,-46.7,46.7,settle
4.15,0.605,-0.111,0.032,-46.7,46.7,settle
4.15,0.605,-0.111,0.032,-46.7,46.7,settle
4.15,0.605,-0.111,0.032,-46.7,46.7,settle
4.15,0.605,-0.111,0.032,-46.7,46.7,settle
4.15,0.605,-0.111,0.032,-46.7,46.7,settle
4.15,0.605,-0.111,0.032,-46.7,46.7,settle
4.15,0.605,-0.111,0.032,-46.7,46.7,settle
4.15,0.606,-0.111,0.032,-46.7,46.7,settle
4.15,0.606,-0.111,0.032,-46.7,46.7,settle
4.15,0.606,-0.111,0.032,-46.7,46.7,settle
4.16,0.606,-0.111,0.032,-46.7,46.7,settle
4.16,0.606,-0.111,0.032,-46.7,46.7,settle
4.16,0.606,-0.111,0.032,-46.7,46.7,settle
4.16,0.606,-0.111,0.032,-46.7,46.7,settle
4.16,0.607,-0.111,0.032,-46.7,46.7,settle
4.16,0.607,-0.111,0.032,-46.7,46.7,settle
4.16,0.607,-0.111,0.032,-46.7,46.7,settle
4.16,0.607,-0.111,0.032,-46.7,46.7,settle
4.16,0.607,-0.111,0.032,-46.7,46.7,settle
4.16,0.607,-0.111,0.032,-46.7,46.7,settle
4.16,0.607,-0.111,0.032,-46.7,46.7,settle
4.16,0.607,-0.111,0.032,-46.7,46.7,settle
4.16,0.608,-0.111,0.032,-46.7,46.7,settle
4.16,0.608,-0.111,0.032,-46.7,46.7,settle
4.16,0.608,-0.111,0.032,-46.7,46.7,settle
4.16,0.608,-0.111,0.032,-46.7,46.7,settle
4.16,0.608,-0.111,0.032,-46.7,46.7,settle
4.16,0.608,-0.111,0.032,-46.7,46.7,settle
4.16,0.608,-0.111,0.032,-46.7,46.7,settle
4.16,0.608,-0.111,0.032,-46.7,46.7,settle
4.16,0.608,-0.111,0.032,-46.7,46.7,settle
4.16,0.609,-0.111,0.032,-46.7,46.7,settle
4.16,0.609,-0.111,0.032,-46.7,46.7,settle
4.16,0.609,-0.111,0.032,-46.7,46.7,settle
4.16,0.609,-0.111,0.032,-46.7,46.7,settle
4.17,0.609,-0.111,0.032,-46.7,46.7,settle
4.17,0.609,-0.111,0.032,-46.7,46.7,settle
4.17,0.609,-0.111,0.032,-46.7,46.7,settle
4.17,0.609,-0.111,0.032,-46.7,46.7,settle
4.17,0.610,-0.111,0.032,-46.7,46.7,settle
4.17,0.610,-0.111,0.032,-46.7,46.7,settle
4.17,0.610,-0.111,0.032,-46.7,46.7,settle
4.17,0.610,-0.111,0.032,-46.7,46.7,settle
4.17,0.610,-0.111,0.032,-46.7,46.7,settle
4.17,0.610,-0.111,0.032,-46.7,46.7,settle
4.17,0.610,-0.111,0.032,-46.7,46.7,settle
4.17,0.610,-0.111,0.032,-46.7,46.7,settle
4.17,0.611,-0.111,0.032,-46.7,46.7,settle
4.17,0.611,-0.111,0.032,-46.7,46.7,settle
4.17,0.611,-0.111,0.032,-46.7,46.7,settle
4.17,0.611,-0.111,0.032,-46.7,46.7,settle
4.17,0.611,-0.111,0.032,-46.7,46.7,settle
4.17,0.611,-0.111,0.032,-46.7,46.7,settle
4.17,0.611,-0.111,0.032,-46.7,46.7,settle
4.17,0.612,-0.111,0.032,-46.7,46.7,settle
4.17,0.612,-0.111,0.032,-46.7,46.7,settle
4.17,0.612,-0.111,0.032,-46.7,46.7,settle
4.17,0.612,-0.111,0.032,-46.7,46.7,settle
4.17,0.612,-0.111,0.032,-46.7,46.7,settle
4.17,0.612,-0.111,0.032,-46.7,46.7,settle
4.18,0.612,-0.111,0.032,-46.7,46.7,settle
4.18,0.613,-0.111,0.032,-46.7,46.7,settle
4.18,0.613,-0.111,0.032,-46.7,46.7,settle
4.18,0.613,-0.111,0.032,-46.7,46.7,settle
4.18,0.613,-0.111,0.032,-46.7,46.7,settle
4.18,0.613,-0.111,0.032,-46.7,46.7,settle
4.18,0.613,-0.111,0.032,-46.7,46.7,settle
4.18,0.613,-0.111,0.032,-46.7,46.7,settle
4.18,0.614,-0.111,0.032,-46.7,46.7,settle
4.18,0.614,-0.111,0.032,-46.7,46.7,settle
4.18,0.614,-0.111,0.032,-46.7,46.7,settle
4.18,0.614,-0.111,0.032,-46.7,46.7,settle
4.18,0.614,-0.111,0.032,-46.7,46.7,settle
4.18,0.614,-0.111,0.032,-46.7,46.7,settle
4.18,0.614,-0.111,0.032,-46.7,46.7,settle
4.18,0.615,-0.111,0.032,-46.7,46.7,settle
4.18,0.615,-0.111,0.032,-46.7,46.7,settle
4.18,0.615,-0.111,0.032,-46.7,46.7,settle
4.18,0.615,-0.111,0.032,-46.7,46.7,settle
4.18,0.615,-0.111,0.032,-46.7,46.7,settle
4.18,0.615,-0.111,0.032,-46.7,46.7,settle
4.18,0.615,-0.111,0.032,-46.7,46.7,settle
4.18,0.615,-0.111,0.032,-46.7,46.7,settle
4.19,0.615,-0.111,0.032,-46.7,46.7,settle
4.19,0.616,-0.111,0.032,-46.7,46.7,settle
4.19,0.616,-0.111,0.032,-46.7,46.7,settle
4.19,0.616,-0.111,0.032,-46.7,46.7,settle
4.19,0.616,-0.111,0.032,-46.7,46.7,settle
4.19,0.616,-0.111,0.032,-46.7,46.7,settle
4.19,0.616,-0.111,0.032,-46.7,46.7,settle
4.19,0.616,-0.111,0.032,-46.7,46.7,settle
4.19,0.616,-0.111,0.032,-46.7,46.7,settle
4.19,0.617,-0.111,0.032,-46.7,46.7,settle
4.19,0.617,-0.111,0.032,-46.7,46.7,settle
4.19,0.617,-0.111,0.032,-46.7,46.7,settle
4.19,0.617,-0.111,0.032,-46.7,46.7,settle
4.19,0.617,-0.111,0.032,-46.7,46.7,settle
4.19,0.617,-0.111,0.032,-46.7,46.7,settle
4.19,0.617,-0.111,0.032,-46.7,46.7,settle
4.19,0.618,-0.111,0.032,-46.7,46.7,settle
4.19,0.618,-0.111,0.032,-46.7,46.7,settle
4.19,0.618,-0.111,0.032,-46.7,46.7,settle
4.19,0.618,-0.111,0.032,-46.7,46.7,settle
4.19,0.618,-0.111,0.032,-46.7,46.7,settle
4.19,0.618,-0.111,0.032,-46.7,46.7,settle
4.19,0.618,-0.111,0.032,-46.7,46.7,settle
4.19,0.618,-0.111,0.032,-46.7,46.7,settle
4.19,0.619,-0.111,0.032,-46.7,46.7,settle
4.20,0.619,-0.111,0.032,-46.7,46.7,settle
4.20,0.619,-0.111,0.032,-46.7,46.7,settle
4.20,0.619,-0.111,0.032,-46.7,46.7,settle
4.20,0.619,-0.111,0.032,-46.7,46.7,settle
4.20,0.619,-0.111,0.032,-46.7,46.7,settle
4.20,0.619,-0.111,0.032,-46.7,46.7,settle
4.20,0.620,-0.111,0.032,-46.7,46.7,settle
4.20,0.620,-0.111,0.032,-46.7,46.7,settle
4.20,0.620,-0.111,0.032,-46.7,46.7,settle
4.20,0.620,-0.111,0.032,-46.7,46.7,settle
4.20,0.620,-0.111,0.032,-46.7,46.7,settle
4.20,0.620,-0.111,0.032,-46.7,46.7,settle
4.20,0.620,-0.111,0.032,-46.7,46.7,settle
4.20,0.620,-0.111,0.032,-46.7,46.7,settle
4.20,0.621,-0.111,0.032,-46.7,46.7,settle
4.20,0.621,-0.111,0.032,-46.7,46.7,settle
4.20,0.621,-0.111,0.032,-46.7,46.7,settle
4.20,0.621,-0.111,0.032,-46.7,46.7,settle
4.20,0.621,-0.111,0.032,-46.7,46.7,settle
4.20,0.621,-0.111,0.032,-46.7,46.7,settle
4.20,0.621,-0.111,0.032,-46.7,46.7,settle
4.20,0.621,-0.111,0.032,-46.7,46.7,settle
4.20,0.622,-0.111,0.032,-46.7,46.7,settle
4.20,0.622,-0.111,0.032,-46.7,46.7,settle
4.20,0.622,-0.111,0.032,-46.7,46.7,settle
4.21,0.622,-0.111,0.032,-46.7,46.7,settle
4.21,0.622,-0.111,0.032,-46.7,46.7,settle
4.21,0.622,-0.111,0.032,-46.7,46.7,settle
4.21,0.622,-0.111,0.032,-46.7,46.7,settle
4.21,0.623,-0.111,0.032,-46.7,46.7,settle
4.21,0.623,-0.111,0.032,-46.7,46.7,settle
4.21,0.623,-0.111,0.032,-46.7,46.7,settle
4.21,0.623,-0.111,0.032,-46.7,46.7,settle
4.21,0.623,-0.111,0.032,-46.7,46.7,settle
4.21,0.623,-0.111,0.032,-46.7,46.7,settle
4.21,0.623,-0.111,0.032,-46.7,46.7,settle
4.21,0.623,-0.111,0.032,-46.7,46.7,settle
4.21,0.623,-0.111,0.032,-46.7,46.7,settle
4.21,0.623,-0.111,0.032,-46.7,46.7,settle
4.21,0.624,-0.111,0.032,-46.7,46.7,settle
4.21,0.624,-0.111,0.032,-46.7,46.7,settle
4.21,0.624,-0.111,0.032,-46.7,46.7,settle
4.21,0.624,-0.111,0.032,-46.7,46.7,settle
4.21,0.624,-0.111,0.032,-46.7,46.7,settle
4.21,0.624,-0.111,0.032,-46.7,46.7,settle
4.21,0.624,-0.111,0.032,-46.7,46.7,settle
4.21,0.624,-0.111,0.032,-46.7,46.7,settle
4.21,0.625,-0.111,0.032,-46.7,46.7,settle
4.21,0.625,-0.111,0.032,-46.7,46.7,settle
4.21,0.625,-0.111,0.032,-46.7,46.7,settle
4.22,0.625,-0.111,0.032,-46.7,46.7,settle
4.22,0.625,-0.111,0.032,-46.7,46.7,settle
4.22,0.625,-0.111,0.032,-46.7,46.7,settle
4.22,0.625,-0.111,0.032,-46.7,46.7,settle
4.22,0.626,-0.111,0.032,-46.7,46.7,settle
4.22,0.626,-0.111,0.032,-46.7,46.7,settle
4.22,0.626,-0.111,0.032,-46.7,46.7,settle
4.22,0.626,-0.111,0.032,-46.7,46.7,settle
4.22,0.626,-0.111,0.032,-46.7,46.7,settle
4.22,0.626,-0.111,0.032,-46.7,46.7,settle
4.22,0.626,-0.111,0.032,-46.7,46.7,settle
4.22,0.627,-0.111,0.032,-46.7,46.7,settle
4.22,0.627,-0.111,0.032,-46.7,46.7,settle
4.22,0.627,-0.111,0.032,-46.7,46.7,settle
4.22,0.627,-0.111,0.032,-46.7,46.7,settle
4.22,0.627,-0.111,0.032,-46.7,46.7,settle
4.22,0.627,-0.111,0.032,-46.7,46.7,settle
4.22,0.627,-0.111,0.032,-46.7,46.7,settle
4.22,0.627,-0.111,0.032,-46.7,46.7,settle
4.22,0.628,-0.111,0.032,-46.7,46.7,settle
4.22,0.628,-0.111,0.032,-46.7,46.7,settle
4.22,0.628,-0.111,0.032,-46.7,46.7,settle
4.22,0.628,-0.111,0.032,-46.7,46.7,settle
4.22,0.628,-0.111,0.032,-46.7,46.7,settle
4.22,0.628,-0.111,0.032,-46.7,46.7,settle
4.23,0.628,-0.111,0.032,-46.7,46.7,settle
4.23,0.629,-0.111,0.032,-46.7,46.7,settle
4.23,0.629,-0.111,0.032,-46.7,46.7,settle
4.23,0.629,-0.111,0.032,-46.7,46.7,settle
4.23,0.629,-0.111,0.032,-46.7,46.7,settle
4.23,0.629,-0.111,0.032,-46.7,46.7,settle
4.23,0.629,-0.111,0.032,-46.7,46.7,settle
4.23,0.629,-0.111,0.032,-46.7,46.7,settle
4.23,0.630,-0.111,0.032,-46.7,46.7,settle
4.23,0.630,-0.111,0.032,-46.7,46.7,settle
4.23,0.630,-0.111,0.032,-46.7,46.7,settle
4.23,0.630,-0.111,0.032,-46.7,46.7,settle
4.23,0.630,-0.111,0.032,-46.7,46.7,settle
4.23,0.630,-0.111,0.032,-46.7,46.7,settle
4.23,0.630,-0.111,0.032,-46.7,46.7,settle
4.23,0.630,-0.111,0.032,-46.7,46.7,settle
4.23,0.630,-0.111,0.032,-46.7,46.7,settle
4.23,0.630,-0.111,0.032,-46.7,46.7,settle
4.23,0.630,-0.111,0.032,-46.7,46.7,settle
4.23,0.631,-0.111,0.032,-46.7,46.7,settle
4.23,0.631,-0.111,0.032,-46.7,46.7,settle
4.23,0.631,-0.111,0.032,-46.7,46.7,settle
4.23,0.631,-0.111,0.032,-46.7,46.7,settle
4.23,0.631,-0.111,0.032,-46.7,46.7,settle
4.23,0.631,-0.111,0.032,-46.7,46.7,settle
4.24,0.631,-0.111,0.032,-46.7,46.7,settle
4.24,0.631,-0.111,0.032,-46.7,46.7,settle
4.24,0.632,-0.111,0.032,-46.7,46.7,settle
4.24,0.632,-0.111,0.032,-46.7,46.7,settle
4.24,0.632,-0.111,0.032,-46.7,46.7,settle
4.24,0.632,-0.111,0.032,-46.7,46.7,settle
4.24,0.632,-0.111,0.032,-46.7,46.7,settle
4.24,0.632,-0.111,0.032,-46.7,46.7,settle
4.24,0.632,-0.111,0.032,-46.7,46.7,settle
4.24,0.633,-0.111,0.032,-46.7,46.7,settle
4.24,0.633,-0.111,0.032,-46.7,46.7,settle
4.24,0.633,-0.111,0.032,-46.7,46.7,settle
4.24,0.633,-0.111,0.032,-46.7,46.7,settle
4.24,0.633,-0.111,0.032,-46.7,46.7,settle
4.24,0.633,-0.111,0.032,-46.7,46.7,settle
4.24,0.633,-0.111,0.032,-46.7,46.7,settle
4.24,0.634,-0.111,0.032,-46.7,46.7,settle
4.24,0.634,-0.111,0.032,-46.7,46.7,settle
4.24,0.634,-0.111,0.032,-46.7,46.7,settle
4.24,0.634,-0.111,0.032,-46.7,46.7,settle
4.24,0.634,-0.111,0.032,-46.7,46.7,settle
4.24,0.634,-0.111,0.032,-46.7,46.7,settle
4.24,0.634,-0.111,0.032,-46.7,46.7,settle
4.24,0.634,-0.111,0.032,-46.7,46.7,settle
4.24,0.635,-0.111,0.032,-46.7,46.7,settle
4.25,0.635,-0.111,0.032,-46.7,46.7,settle
4.25,0.635,-0.111,0.032,-46.7,46.7,settle
4.25,0.635,-0.111,0.032,-46.7,46.7,settle
4.25,0.635,-0.111,0.032,-46.7,46.7,settle
4.25,0.635,-0.111,0.032,-46.7,46.7,settle
4.25,0.635,-0.111,0.032,-46.7,46.7,settle
4.25,0.635,-0.111,0.032,-46.7,46.7,settle
4.25,0.636,-0.111,0.032,-46.7,46.7,settle
4.25,0.636,-0.111,0.032,-46.7,46.7,settle
4.25,0.636,-0.111,0.032,-46.7,46.7,settle
4.25,0.636,-0.111,0.032,-46.7,46.7,settle
4.25,0.636,-0.111,0.032,-46.7,46.7,settle
4.25,0.636,-0.111,0.032,-46.7,46.7,settle
4.25,0.636,-0.111,0.032,-46.7,46.7,settle
4.25,0.637,-0.111,0.032,-46.7,46.7,settle
4.25,0.637,-0.111,0.032,-46.7,46.7,settle
4.25,0.637,-0.111,0.032,-46.7,46.7,settle
4.25,0.637,-0.111,0.032,-46.7,46.7,settle
4.25,0.637,-0.111,0.032,-46.7,46.7,settle
4.25,0.637,-0.111,0.032,-46.7,46.7,settle
4.25,0.637,-0.111,0.032,-46.7,46.7,settle
4.25,0.637,-0.111,0.032,-46.7,46.7,settle
4.25,0.637,-0.111,0.032,-46.7,46.7,settle
4.25,0.637,-0.111,0.032,-46.7,46.7,settle
4.25,0.637,-0.111,0.032,-46.7,46.7,settle
4.25,0.638,-0.111,0.032,-46.7,46.7,settle
4.26,0.638,-0.111,0.032,-46.7,46.7,settle
4.26,0.638,-0.111,0.032,-46.7,46.7,settle
4.26,0.638,-0.111,0.032,-46.7,46.7,settle
4.26,0.638,-0.111,0.032,-46.7,46.7,settle
4.26,0.638,-0.111,0.032,-46.7,46.7,settle
4.26,0.638,-0.111,0.032,-46.7,46.7,settle
4.26,0.639,-0.111,0.032,-46.7,46.7,settle
4.26,0.639,-0.111,0.032,-46.7,46.7,settle
4.26,0.639,-0.111,0.032,-46.7,46.7,settle
4.26,0.639,-0.111,0.032,-46.7,46.7,settle
4.26,0.639,-0.111,0.032,-46.7,46.7,settle
4.26,0.639,-0.111,0.032,-46.7,46.7,settle
4.26,0.639,-0.111,0.032,-46.7,46.7,settle
4.26,0.639,-0.111,0.032,-46.7,46.7,settle
4.26,0.640,-0.111,0.032,-46.7,46.7,settle
4.26,0.640,-0.111,0.032,-46.7,46.7,settle
4.26,0.640,-0.111,0.032,-46.7,46.7,settle
4.26,0.640,-0.111,0.032,-46.7,46.7,settle
4.26,0.640,-0.111,0.032,-46.7,46.7,settle
4.26,0.640,-0.111,0.032,-46.7,46.7,settle
4.26,0.640,-0.111,0.032,-46.7,46.7,settle
4.26,0.641,-0.111,0.032,-46.7,46.7,settle
4.26,0.641,-0.111,0.032,-46.7,46.7,settle
4.26,0.641,-0.111,0.032,-46.7,46.7,settle
4.26,0.641,-0.111,0.032,-46.7,46.7,settle
4.27,0.641,-0.111,0.032,-46.7,46.7,settle
4.27,0.641,-0.112,0.032,-46.7,46.7,settle
4.27,0.641,-0.112,0.032,-46.7,46.7,settle
4.27,0.641,-0.112,0.032,-46.7,46.7,settle
4.27,0.642,-0.112,0.032,-46.7,46.7,settle
4.27,0.642,-0.112,0.032,-46.7,46.7,settle
4.27,0.642,-0.112,0.032,-46.7,46.7,settle
4.27,0.642,-0.112,0.032,-46.7,46.7,settle
4.27,0.642,-0.112,0.032,-46.7,46.7,settle
4.27,0.642,-0.112,0.032,-46.7,46.7,settle
4.27,0.642,-0.112,0.032,-46.7,46.7,settle
4.27,0.643,-0.112,0.032,-46.7,46.7,settle
4.27,0.643,-0.112,0.032,-46.7,46.7,settle
4.27,0.643,-0.112,0.032,-46.7,46.7,settle
4.27,0.643,-0.112,0.032,-46.7,46.7,settle
4.27,0.643,-0.112,0.032,-46.7,46.7,settle
4.27,0.643,-0.112,0.032,-46.7,46.7,settle
4.27,0.643,-0.112,0.032,-46.7,46.7,settle
4.27,0.643,-0.112,0.032,-46.7,46.7,settle
4.27,0.644,-0.112,0.032,-46.7,46.7,settle
4.27,0.644,-0.112,0.032,-46.7,46.7,settle
4.27,0.644,-0.112,0.032,-46.7,46.7,settle
4.27,0.644,-0.112,0.032,-46.7,46.7,settle
4.27,0.644,-0.112,0.032,-46.7,46.7,settle
4.27,0.644,-0.112,0.032,-46.7,46.7,settle
4.28,0.644,-0.112,0.032,-46.7,46.7,settle
4.28,0.644,-0.112,0.032,-46.7,46.7,settle
4.28,0.644,-0.112,0.032,-46.7,46.7,settle
4.28,0.644,-0.112,0.032,-46.7,46.7,settle
4.28,0.645,-0.112,0.032,-46.7,46.7,settle
4.28,0.645,-0.112,0.032,-46.7,46.7,settle
4.28,0.645,-0.112,0.032,-46.7,46.7,settle
4.28,0.645,-0.112,0.032,-46.7,46.7,settle
4.28,0.645,-0.112,0.032,-46.7,46.7,settle
4.28,0.645,-0.112,0.032,-46.7,46.7,settle
4.28,0.645,-0.112,0.032,-46.7,46.7,settle
4.28,0.645,-0.112,0.032,-46.7,46.7,settle
4.28,0.646,-0.112,0.032,-46.7,46.7,settle
4.28,0.646,-0.112,0.032,-46.7,46.7,settle
4.28,0.646,-0.112,0.032,-46.7,46.7,settle
4.28,0.646,-0.112,0.032,-46.7,46.7,settle
4.28,0.646,-0.112,0.032,-46.7,46.7,settle
4.28,0.646,-0.112,0.032,-46.7,46.7,settle
4.28,0.646,-0.112,0.032,-46.7,46.7,settle
4.28,0.647,-0.112,0.032,-46.7,46.7,settle
4.28,0.647,-0.112,0.032,-46.7,46.7,settle
4.28,0.647,-0.112,0.032,-46.7,46.7,settle
4.28,0.647,-0.112,0.032,-46.7,46.7,settle
4.28,0.647,-0.112,0.032,-46.7,46.7,settle
4.29,0.647,-0.112,0.032,-46.7,46.7,settle
4.29,0.647,-0.112,0.032,-46.7,46.7,settle
4.29,0.648,-0.112,0.032,-46.7,46.7,settle
4.29,0.648,-0.112,0.032,-46.7,46.7,settle
4.29,0.648,-0.112,0.032,-46.7,46.7,settle
4.29,0.648,-0.112,0.032,-46.7,46.7,settle
4.29,0.648,-0.112,0.032,-46.7,46.7,settle
4.29,0.648,-0.112,0.032,-46.7,46.7,settle
4.29,0.648,-0.112,0.032,-46.7,46.7,settle
4.29,0.649,-0.112,0.032,-46.7,46.7,settle
4.29,0.649,-0.112,0.032,-46.7,46.7,settle
4.29,0.649,-0.112,0.032,-46.7,46.7,settle
4.29,0.649,-0.112,0.032,-46.7,46.7,settle
4.29,0.649,-0.112,0.032,-46.7,46.7,settle
4.29,0.649,-0.112,0.032,-46.7,46.7,settle
4.29,0.649,-0.112,0.032,-46.7,46.7,settle
4.29,0.650,-0.112,0.032,-46.7,46.7,settle
4.29,0.650,-0.112,0.032,-46.7,46.7,settle
4.29,0.650,-0.112,0.032,-46.7,46.7,settle
4.29,0.650,-0.112,0.032,-46.7,46.7,settle
4.29,0.650,-0.112,0.032,-46.7,46.7,settle
4.29,0.650,-0.112,0.032,-46.7,46.7,settle
4.29,0.650,-0.112,0.032,-46.7,46.7,settle
4.29,0.650,-0.112,0.032,-46.7,46.7,settle
4.29,0.650,-0.112,0.032,-46.7,46.7,settle
4.29,0.651,-0.112,0.032,-46.7,46.7,settle
4.30,0.651,-0.112,0.032,-46.7,46.7,settle
4.30,0.651,-0.112,0.032,-46.7,46.7,settle
4.30,0.651,-0.112,0.032,-46.7,46.7,settle
4.30,0.651,-0.112,0.032,-46.7,46.7,settle
4.30,0.651,-0.112,0.032,-46.7,46.7,settle
4.30,0.651,-0.112,0.032,-46.7,46.7,settle
4.30,0.652,-0.112,0.032,-46.7,46.7,settle
4.30,0.652,-0.112,0.032,-46.7,46.7,settle
4.30,0.652,-0.112,0.032,-46.7,46.7,settle
4.30,0.652,-0.112,0.032,-46.7,46.7,settle
4.30,0.652,-0.112,0.032,-46.7,46.7,settle
4.30,0.652,-0.112,0.032,-46.7,46.7,settle
4.30,0.652,-0.112,0.032,-46.7,46.7,settle
4.30,0.652,-0.112,0.032,-46.7,46.7,settle
4.30,0.652,-0.112,0.032,-46.7,46.7,settle
4.30,0.652,-0.112,0.032,-46.7,46.7,settle
4.30,0.653,-0.112,0.032,-46.7,46.7,settle
4.30,0.653,-0.112,0.032,-46.7,46.7,settle
4.30,0.653,-0.112,0.032,-46.7,46.7,settle
4.30,0.653,-0.112,0.032,-46.7,46.7,settle
4.30,0.653,-0.112,0.032,-46.7,46.7,settle
4.30,0.653,-0.112,0.032,-46.7,46.7,settle
4.30,0.653,-0.112,0.032,-46.7,46.7,settle
4.30,0.653,-0.112,0.032,-46.7,46.7,settle
4.30,0.654,-0.112,0.032,-46.7,46.7,settle
4.31,0.654,-0.112,0.032,-46.7,46.7,settle
4.31,0.654,-0.112,0.032,-46.7,46.7,settle
4.31,0.654,-0.112,0.032,-46.7,46.7,settle
4.31,0.654,-0.112,0.032,-46.7,46.7,settle
4.31,0.654,-0.112,0.032,-46.7,46.7,settle
4.31,0.654,-0.112,0.032,-46.7,46.7,settle
4.31,0.654,-0.112,0.032,-46.7,46.7,settle
4.31,0.655,-0.112,0.032,-46.7,46.7,settle
4.31,0.655,-0.112,0.032,-46.7,46.7,settle
4.31,0.655,-0.112,0.032,-46.7,46.7,settle
4.31,0.655,-0.112,0.032,-46.7,46.7,settle
4.31,0.655,-0.112,0.032,-46.7,46.7,settle
4.31,0.655,-0.112,0.032,-46.7,46.7,settle
4.31,0.655,-0.112,0.032,-46.7,46.7,settle
4.31,0.655,-0.112,0.032,-46.7,46.7,settle
4.31,0.656,-0.112,0.032,-46.7,46.7,settle
4.31,0.656,-0.112,0.032,-46.7,46.7,settle
4.31,0.656,-0.112,0.032,-46.7,46.7,settle
4.31,0.656,-0.112,0.032,-46.7,46.7,settle
4.31,0.656,-0.112,0.032,-46.7,46.7,settle
4.31,0.656,-0.112,0.032,-46.7,46.7,settle
4.31,0.657,-0.112,0.032,-46.7,46.7,settle
4.31,0.657,-0.112,0.032,-46.7,46.7,settle
4.31,0.657,-0.112,0.032,-46.7,46.7,settle
4.31,0.657,-0.112,0.032,-46.7,46.7,settle
4.32,0.657,-0.112,0.032,-46.7,46.7,settle
4.32,0.657,-0.112,0.032,-46.7,46.7,settle
4.32,0.657,-0.112,0.032,-46.7,46.7,settle
4.32,0.657,-0.112,0.032,-46.7,46.7,settle
4.32,0.658,-0.112,0.032,-46.7,46.7,settle
4.32,0.658,-0.112,0.032,-46.7,46.7,settle
4.32,0.658,-0.112,0.032,-46.7,46.7,settle
4.32,0.658,-0.112,0.032,-46.7,46.7,settle
4.32,0.658,-0.112,0.032,-46.7,46.7,settle
4.32,0.658,-0.112,0.032,-46.7,46.7,settle
4.32,0.659,-0.112,0.032,-46.7,46.7,settle
4.32,0.659,-0.112,0.032,-46.7,46.7,settle
4.32,0.659,-0.112,0.032,-46.7,46.7,settle
4.32,0.659,-0.112,0.032,-46.7,46.7,settle
4.32,0.659,-0.112,0.032,-46.7,46.7,settle
4.32,0.659,-0.112,0.032,-46.7,46.7,settle
4.32,0.659,-0.112,0.032,-46.7,46.7,settle
4.32,0.659,-0.112,0.032,-46.7,46.7,settle
4.32,0.659,-0.112,0.032,-46.7,46.7,settle
4.32,0.659,-0.112,0.032,-46.7,46.7,settle
4.32,0.660,-0.112,0.032,-46.7,46.7,settle
4.32,0.660,-0.112,0.032,-46.7,46.7,settle
4.32,0.660,-0.112,0.032,-46.7,46.7,settle
4.33,0.660,-0.112,0.032,-46.7,46.7,settle
4.33,0.660,-0.112,0.032,-46.7,46.7,settle
4.33,0.660,-0.112,0.032,-46.7,46.7,settle
4.33,0.660,-0.112,0.032,-46.7,46.7,settle
4.33,0.661,-0.112,0.032,-46.7,46.7,settle
4.33,0.661,-0.112,0.032,-46.7,46.7,settle
4.33,0.661,-0.112,0.032,-46.7,46.7,settle
4.33,0.661,-0.112,0.032,-46.7,46.7,settle
4.33,0.661,-0.112,0.032,-46.7,46.7,settle
4.33,0.661,-0.112,0.032,-46.7,46.7,settle
4.33,0.661,-0.112,0.032,-46.7,46.7,settle
4.33,0.662,-0.112,0.032,-46.7,46.7,settle
4.33,0.662,-0.112,0.032,-46.7,46.7,settle
4.33,0.662,-0.112,0.032,-46.7,46.7,settle
4.33,0.662,-0.112,0.032,-46.7,46.7,settle
4.33,0.662,-0.112,0.032,-46.7,46.7,settle
4.33,0.662,-0.112,0.032,-46.7,46.7,settle
4.33,0.662,-0.112,0.032,-46.7,46.7,settle
4.33,0.662,-0.112,0.032,-46.7,46.7,settle
4.33,0.663,-0.112,0.032,-46.7,46.7,settle
4.33,0.663,-0.112,0.032,-46.7,46.7,settle
4.33,0.663,-0.112,0.032,-46.7,46.7,settle
4.33,0.663,-0.112,0.032,-46.7,46.7,settle
4.33,0.663,-0.112,0.032,-46.7,46.7,settle
4.33,0.663,-0.112,0.032,-46.7,46.7,settle
4.34,0.663,-0.112,0.032,-46.7,46.7,settle
4.34,0.664,-0.112,0.032,-46.7,46.7,settle
4.34,0.664,-0.112,0.032,-46.7,46.7,settle
4.34,0.664,-0.112,0.032,-46.7,46.7,settle
4.34,0.664,-0.112,0.032,-46.7,46.7,settle
4.34,0.664,-0.112,0.032,-46.7,46.7,settle
4.34,0.664,-0.112,0.032,-46.7,46.7,settle
4.34,0.664,-0.112,0.032,-46.7,46.7,settle
4.34,0.665,-0.112,0.032,-46.7,46.7,settle
4.34,0.665,-0.112,0.032,-46.7,46.7,settle
4.34,0.665,-0.112,0.032,-46.7,46.7,settle
4.34,0.665,-0.112,0.032,-46.7,46.7,settle
4.34,0.665,-0.112,0.032,-46.7,46.7,settle
4.34,0.665,-0.112,0.032,-46.7,46.7,settle
4.34,0.665,-0.112,0.032,-46.7,46.7,settle
4.34,0.666,-0.112,0.032,-46.7,46.7,settle
4.34,0.666,-0.112,0.032,-46.7,46.7,settle
4.34,0.666,-0.112,0.032,-46.7,46.7,settle
4.34,0.666,-0.112,0.032,-46.7,46.7,settle
4.34,0.666,-0.112,0.032,-46.7,46.7,settle
4.34,0.666,-0.112,0.032,-46.7,46.7,settle
4.34,0.666,-0.112,0.032,-46.7,46.7,settle
4.34,0.666,-0.112,0.032,-46.7,46.7,settle
4.34,0.666,-0.112,0.032,-46.7,46.7,settle
4.35,0.666,-0.112,0.032,-46.7,46.7,settle
4.35,0.667,-0.112,0.032,-46.7,46.7,settle
4.35,0.667,-0.112,0.032,-46.7,46.7,settle
4.35,0.667,-0.112,0.032,-46.7,46.7,settle
4.35,0.667,-0.112,0.032,-46.7,46.7,settle
4.35,0.667,-0.112,0.032,-46.7,46.7,settle
4.35,0.667,-0.112,0.032,-46.7,46.7,settle
4.35,0.667,-0.112,0.032,-46.7,46.7,settle
4.35,0.667,-0.112,0.032,-46.7,46.7,settle
4.35,0.668,-0.112,0.032,-46.7,46.7,settle
4.35,0.668,-0.112,0.032,-46.7,46.7,settle
4.35,0.668,-0.112,0.032,-46.7,46.7,settle
4.35,0.668,-0.112,0.032,-46.7,46.7,settle
4.35,0.668,-0.112,0.032,-46.7,46.7,settle
4.35,0.668,-0.112,0.032,-46.7,46.7,settle
4.35,0.668,-0.112,0.032,-46.7,46.7,settle
4.35,0.669,-0.112,0.032,-46.7,46.7,settle
4.35,0.669,-0.112,0.032,-46.7,46.7,settle
4.35,0.669,-0.112,0.032,-46.7,46.7,settle
4.35,0.669,-0.112,0.032,-46.7,46.7,settle
4.35,0.669,-0.112,0.032,-46.7,46.7,settle
4.35,0.669,-0.112,0.032,-46.7,46.7,settle
4.35,0.670,-0.112,0.032,-46.7,46.7,settle
4.36,0.670,-0.112,0.032,-46.7,46.7,settle
4.36,0.670,-0.112,0.032,-46.7,46.7,settle
4.36,0.670,-0.112,0.032,-46.7,46.7,settle
4.36,0.670,-0.112,0.032,-46.7,46.7,settle
4.36,0.670,-0.112,0.032,-46.7,46.7,settle
4.36,0.670,-0.112,0.032,-46.7,46.7,settle
4.36,0.670,-0.112,0.032,-46.7,46.7,settle
4.36,0.671,-0.112,0.032,-46.7,46.7,settle
4.36,0.671,-0.112,0.032,-46.7,46.7,settle
4.36,0.671,-0.112,0.032,-46.7,46.7,settle
4.36,0.671,-0.112,0.032,-46.7,46.7,settle
4.36,0.671,-0.112,0.032,-46.7,46.7,settle
4.36,0.671,-0.112,0.032,-46.7,46.7,settle
4.36,0.671,-0.112,0.032,-46.7,46.7,settle
4.36,0.672,-0.112,0.032,-46.7,46.7,settle
4.36,0.672,-0.112,0.032,-46.7,46.7,settle
4.36,0.672,-0.112,0.032,-46.7,46.7,settle
4.36,0.672,-0.112,0.032,-46.7,46.7,settle
4.36,0.672,-0.112,0.032,-46.7,46.7,settle
4.36,0.672,-0.112,0.032,-46.7,46.7,settle
4.36,0.672,-0.112,0.032,-46.7,46.7,settle
4.36,0.672,-0.112,0.032,-46.7,46.7,settle
4.36,0.673,-0.112,0.032,-46.7,46.7,settle
4.36,0.673,-0.112,0.032,-46.7,46.7,settle
4.36,0.673,-0.112,0.032,-46.7,46.7,settle
4.37,0.673,-0.112,0.032,-46.7,46.7,settle
4.37,0.673,-0.112,0.032,-46.7,46.7,settle
4.37,0.673,-0.112,0.032,-46.7,46.7,settle
4.37,0.673,-0.112,0.032,-46.7,46.7,settle
4.37,0.673,-0.112,0.032,-46.7,46.7,settle
4.37,0.673,-0.112,0.032,-46.7,46.7,settle
4.37,0.674,-0.112,0.032,-46.7,46.7,settle
4.37,0.674,-0.112,0.032,-46.7,46.7,settle
4.37,0.674,-0.112,0.032,-46.7,46.7,settle
4.37,0.674,-0.112,0.032,-46.7,46.7,settle
4.37,0.674,-0.112,0.032,-46.7,46.7,settle
4.37,0.674,-0.112,0.032,-46.7,46.7,settle
4.37,0.674,-0.112,0.032,-46.7,46.7,settle
4.37,0.675,-0.112,0.032,-46.7,46.7,settle
4.37,0.675,-0.112,0.032,-46.7,46.7,settle
4.37,0.675,-0.112,0.032,-46.7,46.7,settle
4.37,0.675,-0.112,0.032,-46.7,46.7,settle
4.37,0.675,-0.112,0.032,-46.7,46.7,settle
4.37,0.675,-0.112,0.032,-46.7,46.7,settle
4.37,0.675,-0.112,0.032,-46.7,46.7,settle
4.37,0.675,-0.112,0.032,-46.7,46.7,settle
4.37,0.676,-0.112,0.032,-46.7,46.7,settle
4.37,0.676,-0.112,0.032,-46.7,46.7,settle
4.37,0.676,-0.112,0.032,-46.7,46.7,settle
4.37,0.676,-0.112,0.032,-46.7,46.7,settle
4.38,0.676,-0.112,0.032,-46.7,46.7,settle
4.38,0.676,-0.112,0.032,-46.7,46.7,settle
4.38,0.676,-0.112,0.032,-46.7,46.7,settle
4.38,0.677,-0.112,0.032,-46.7,46.7,settle
4.38,0.677,-0.112,0.032,-46.7,46.7,settle
4.38,0.677,-0.112,0.032,-46.7,46.7,settle
4.38,0.677,-0.112,0.032,-46.7,46.7,settle
4.38,0.677,-0.112,0.032,-46.7,46.7,settle
4.38,0.677,-0.112,0.032,-46.7,46.7,settle
4.38,0.677,-0.112,0.032,-46.7,46.7,settle
4.38,0.677,-0.112,0.032,-46.7,46.7,settle
4.38,0.678,-0.112,0.032,-46.7,46.7,settle
4.38,0.678,-0.112,0.032,-46.7,46.7,settle
4.38,0.678,-0.112,0.032,-46.7,46.7,settle
4.38,0.678,-0.112,0.032,-46.7,46.7,settle
4.38,0.678,-0.112,0.032,-46.7,46.7,settle
4.38,0.678,-0.112,0.032,-46.7,46.7,settle
4.38,0.678,-0.112,0.032,-46.7,46.7,settle
4.38,0.679,-0.112,0.032,-46.7,46.7,settle
4.38,0.679,-0.112,0.032,-46.7,46.7,settle
4.38,0.679,-0.112,0.032,-46.7,46.7,settle
4.38,0.679,-0.112,0.032,-46.7,46.7,settle
4.38,0.679,-0.112,0.032,-46.7,46.7,settle
4.38,0.679,-0.112,0.032,-46.7,46.7,settle
4.39,0.679,-0.112,0.032,-46.7,46.7,settle
4.39,0.680,-0.112,0.032,-46.7,46.7,settle
4.39,0.680,-0.112,0.032,-46.7,46.7,settle
4.39,0.680,-0.112,0.032,-46.7,46.7,settle
4.39,0.680,-0.112,0.032,-46.7,46.7,settle
4.39,0.680,-0.112,0.032,-46.7,46.7,settle
4.39,0.680,-0.112,0.032,-46.7,46.7,settle
4.39,0.680,-0.112,0.032,-46.7,46.7,settle
4.39,0.680,-0.112,0.032,-46.7,46.7,settle
4.39,0.680,-0.112,0.032,-46.7,46.7,settle
4.39,0.680,-0.112,0.032,-46.7,46.7,settle
4.39,0.681,-0.112,0.032,-46.7,46.7,settle
4.39,0.681,-0.112,0.032,-46.7,46.7,settle
4.39,0.681,-0.112,0.032,-46.7,46.7,settle
4.39,0.681,-0.112,0.032,-46.7,46.7,settle
4.39,0.681,-0.112,0.032,-46.7,46.7,settle
4.39,0.681,-0.112,0.032,-46.7,46.7,settle
4.39,0.681,-0.112,0.032,-46.7,46.7,settle
4.39,0.681,-0.112,0.032,-46.7,46.7,settle
4.39,0.682,-0.112,0.032,-46.7,46.7,settle
4.39,0.682,-0.112,0.032,-46.7,46.7,settle
4.39,0.682,-0.112,0.032,-46.7,46.7,settle
4.39,0.682,-0.112,0.032,-46.7,46.7,settle
4.39,0.682,-0.112,0.032,-46.7,46.7,settle
4.39,0.682,-0.112,0.032,-46.7,46.7,settle
4.39,0.682,-0.112,0.032,-46.7,46.7,settle
4.40,0.682,-0.112,0.032,-46.7,46.7,settle
4.40,0.683,-0.112,0.032,-46.7,46.7,settle
4.40,0.683,-0.112,0.032,-46.7,46.7,settle
4.40,0.683,-0.112,0.032,-46.7,46.7,settle
4.40,0.683,-0.112,0.032,-46.7,46.7,settle
4.40,0.683,-0.112,0.032,-46.7,46.7,settle
4.40,0.683,-0.112,0.032,-46.7,46.7,settle
4.40,0.683,-0.112,0.032,-46.7,46.7,settle
4.40,0.683,-0.112,0.032,-46.7,46.7,settle
4.40,0.684,-0.112,0.032,-46.7,46.7,settle
4.40,0.684,-0.112,0.032,-46.7,46.7,settle
4.40,0.684,-0.112,0.032,-46.7,46.7,settle
4.40,0.684,-0.112,0.032,-46.7,46.7,settle
4.40,0.684,-0.112,0.032,-46.7,46.7,settle
4.40,0.684,-0.112,0.032,-46.7,46.7,settle
4.40,0.684,-0.112,0.032,-46.7,46.7,settle
4.40,0.685,-0.112,0.032,-46.7,46.7,settle
4.40,0.685,-0.112,0.032,-46.7,46.7,settle
4.40,0.685,-0.112,0.032,-46.7,46.7,settle
4.40,0.685,-0.112,0.032,-46.7,46.7,settle
4.40,0.685,-0.112,0.032,-46.7,46.7,settle
4.40,0.685,-0.112,0.032,-46.7,46.7,settle
4.40,0.685,-0.112,0.032,-46.7,46.7,settle
4.40,0.685,-0.112,0.032,-46.7,46.7,settle
4.40,0.686,-0.112,0.032,-46.7,46.7,settle
4.40,0.686,-0.112,0.032,-46.7,46.7,settle
4.41,0.686,-0.112,0.032,-46.7,46.7,settle
4.41,0.686,-0.112,0.032,-46.7,46.7,settle
4.41,0.686,-0.112,0.032,-46.7,46.7,settle
4.41,0.686,-0.112,0.032,-46.7,46.7,settle
4.41,0.686,-0.112,0.032,-46.7,46.7,settle
4.41,0.686,-0.112,0.032,-46.7,46.7,settle
4.41,0.687,-0.112,0.032,-46.7,46.7,settle
4.41,0.687,-0.112,0.032,-46.7,46.7,settle
4.41,0.687,-0.112,0.032,-46.7,46.7,settle
4.41,0.687,-0.112,0.032,-46.7,46.7,settle
4.41,0.687,-0.112,0.032,-46.7,46.7,settle
4.41,0.687,-0.112,0.032,-46.7,46.7,settle
4.41,0.687,-0.112,0.032,-46.7,46.7,settle
4.41,0.687,-0.112,0.032,-46.7,46.7,settle
4.41,0.688,-0.112,0.032,-46.7,46.7,settle
4.41,0.688,-0.112,0.032,-46.7,46.7,settle
4.41,0.688,-0.112,0.032,-46.7,46.7,settle
4.41,0.688,-0.112,0.032,-46.7,46.7,settle
4.41,0.688,-0.112,0.032,-46.7,46.7,settle
4.41,0.688,-0.112,0.032,-46.7,46.7,settle
4.41,0.688,-0.112,0.032,-46.7,46.7,settle
4.41,0.688,-0.112,0.032,-46.7,46.7,settle
4.41,0.688,-0.112,0.032,-46.7,46.7,settle
4.41,0.688,-0.112,0.032,-46.7,46.7,settle
4.41,0.689,-0.112,0.032,-46.7,46.7,settle
4.42,0.689,-0.112,0.032,-46.7,46.7,settle
4.42,0.689,-0.112,0.032,-46.7,46.7,settle
4.42,0.689,-0.112,0.032,-46.7,46.7,settle
4.42,0.689,-0.112,0.032,-46.7,46.7,settle
4.42,0.689,-0.112,0.032,-46.7,46.7,settle
4.42,0.689,-0.112,0.032,-46.7,46.7,settle
4.42,0.689,-0.112,0.032,-46.7,46.7,settle
4.42,0.690,-0.112,0.032,-46.7,46.7,settle
4.42,0.690,-0.112,0.032,-46.7,46.7,settle
4.42,0.690,-0.112,0.032,-46.7,46.7,settle
4.42,0.690,-0.112,0.032,-46.7,46.7,settle
4.42,0.690,-0.112,0.032,-46.7,46.7,settle
4.42,0.690,-0.112,0.032,-46.7,46.7,settle
4.42,0.690,-0.112,0.032,-46.7,46.7,settle
4.42,0.691,-0.112,0.032,-46.7,46.7,settle
4.42,0.691,-0.112,0.032,-46.7,46.7,settle
4.42,0.691,-0.112,0.032,-46.7,46.7,settle
4.42,0.691,-0.112,0.032,-46.7,46.7,settle
4.42,0.691,-0.112,0.032,-46.7,46.7,settle
4.42,0.691,-0.112,0.032,-46.7,46.7,settle
4.42,0.691,-0.112,0.032,-46.7,46.7,settle
4.42,0.691,-0.112,0.032,-46.7,46.7,settle
4.42,0.692,-0.112,0.032,-46.7,46.7,settle
4.42,0.692,-0.112,0.032,-46.7,46.7,settle
4.42,0.692,-0.112,0.032,-46.7,46.7,settle
4.42,0.692,-0.112,0.032,-46.7,46.7,settle
4.43,0.692,-0.112,0.032,-46.7,46.7,settle
4.43,0.692,-0.112,0.032,-46.7,46.7,settle
4.43,0.692,-0.112,0.032,-46.7,46.7,settle
4.43,0.692,-0.112,0.032,-46.7,46.7,settle
4.43,0.693,-0.112,0.032,-46.7,46.7,settle
4.43,0.693,-0.112,0.032,-46.7,46.7,settle
4.43,0.693,-0.112,0.032,-46.7,46.7,settle
4.43,0.693,-0.112,0.032,-46.7,46.7,settle
4.43,0.693,-0.112,0.032,-46.7,46.7,settle
4.43,0.693,-0.112,0.032,-46.7,46.7,settle
4.43,0.693,-0.112,0.032,-46.7,46.7,settle
4.43,0.694,-0.112,0.032,-46.7,46.7,settle
4.43,0.694,-0.112,0.032,-46.7,46.7,settle
4.43,0.694,-0.112,0.032,-46.7,46.7,settle
4.43,0.694,-0.112,0.032,-46.7,46.7,settle
4.43,0.694,-0.112,0.032,-46.7,46.7,settle
4.43,0.694,-0.112,0.032,-46.7,46.7,settle
4.43,0.694,-0.112,0.032,-46.7,46.7,settle
4.43,0.694,-0.112,0.032,-46.7,46.7,settle
4.43,0.695,-0.112,0.032,-46.7,46.7,settle
4.43,0.695,-0.112,0.032,-46.7,46.7,settle
4.43,0.695,-0.112,0.032,-46.7,46.7,settle
4.43,0.695,-0.112,0.032,-46.7,46.7,settle
4.43,0.695,-0.112,0.032,-46.7,46.7,settle
4.43,0.695,-0.112,0.032,-46.7,46.7,settle
4.44,0.695,-0.112,0.032,-46.7,46.7,settle
4.44,0.695,-0.112,0.032,-46.7,46.7,settle
4.44,0.695,-0.112,0.032,-46.7,46.7,settle
4.44,0.695,-0.112,0.032,-46.7,46.7,settle
4.44,0.696,-0.112,0.032,-46.7,46.7,settle
4.44,0.696,-0.112,0.032,-46.7,46.7,settle
4.44,0.696,-0.112,0.032,-46.7,46.7,settle
4.44,0.696,-0.112,0.032,-46.7,46.7,settle
4.44,0.696,-0.112,0.032,-46.7,46.7,settle
4.44,0.696,-0.112,0.032,-46.7,46.7,settle
4.44,0.696,-0.112,0.032,-46.7,46.7,settle
4.44,0.696,-0.112,0.032,-46.7,46.7,settle
4.44,0.697,-0.112,0.032,-46.7,46.7,settle
4.44,0.697,-0.112,0.032,-46.7,46.7,settle
4.44,0.697,-0.112,0.032,-46.7,46.7,settle
4.44,0.697,-0.112,0.032,-46.7,46.7,settle
4.44,0.697,-0.112,0.032,-46.7,46.7,settle
4.44,0.697,-0.112,0.032,-46.7,46.7,settle
4.44,0.697,-0.112,0.032,-46.7,46.7,settle
4.44,0.697,-0.112,0.032,-46.7,46.7,settle
4.44,0.698,-0.112,0.032,-46.7,46.7,settle
4.44,0.698,-0.112,0.032,-46.7,46.7,settle
4.44,0.698,-0.112,0.032,-46.7,46.7,settle
4.44,0.698,-0.112,0.032,-46.7,46.7,settle
4.44,0.698,-0.112,0.032,-46.7,46.7,settle
4.44,0.698,-0.112,0.032,-46.7,46.7,settle
4.45,0.698,-0.112,0.032,-46.7,46.7,settle
4.45,0.699,-0.112,0.032,-46.7,46.7,settle
4.45,0.699,-0.112,0.032,-46.7,46.7,settle
4.45,0.699,-0.112,0.032,-46.7,46.7,settle
4.45,0.699,-0.112,0.032,-46.7,46.7,settle
4.45,0.699,-0.112,0.032,-46.7,46.7,settle
4.45,0.699,-0.112,0.032,-46.7,46.7,settle
4.45,0.699,-0.112,0.032,-46.7,46.7,settle
4.45,0.699,-0.112,0.032,-46.7,46.7,settle
4.45,0.700,-0.112,0.032,-46.7,46.7,settle
4.45,0.700,-0.112,0.032,-46.7,46.7,settle
4.45,0.700,-0.112,0.032,-46.7,46.7,settle
4.45,0.700,-0.112,0.032,-46.7,46.7,settle
4.45,0.700,-0.112,0.032,-46.7,46.7,settle
4.45,0.700,-0.112,0.032,-46.7,46.7,settle
4.45,0.700,-0.112,0.032,-46.7,46.7,settle
4.45,0.701,-0.112,0.032,-46.7,46.7,settle
4.45,0.701,-0.112,0.032,-46.7,46.7,settle
4.45,0.701,-0.112,0.032,-46.7,46.7,settle
4.45,0.701,-0.112,0.032,-46.7,46.7,settle
4.45,0.701,-0.112,0.032,-46.7,46.7,settle
4.45,0.701,-0.112,0.032,-46.7,46.7,settle
4.45,0.701,-0.112,0.032,-46.7,46.7,settle
4.45,0.701,-0.112,0.032,-46.7,46.7,settle
4.45,0.702,-0.112,0.032,-46.7,46.7,settle
4.46,0.702,-0.112,0.032,-46.7,46.7,settle
4.46,0.702,-0.112,0.032,-46.7,46.7,settle
4.46,0.702,-0.112,0.032,-46.7,46.7,settle
4.46,0.702,-0.112,0.032,-46.7,46.7,settle
4.46,0.702,-0.112,0.032,-46.7,46.7,settle
4.46,0.702,-0.112,0.032,-46.7,46.7,settle
4.46,0.702,-0.112,0.032,-46.7,46.7,settle
4.46,0.702,-0.112,0.032,-46.7,46.7,settle
4.46,0.702,-0.112,0.032,-46.7,46.7,settle
4.46,0.703,-0.112,0.032,-46.7,46.7,settle
4.46,0.703,-0.112,0.032,-46.7,46.7,settle
4.46,0.703,-0.112,0.032,-46.7,46.7,settle
4.46,0.703,-0.112,0.032,-46.7,46.7,settle
4.46,0.703,-0.112,0.032,-46.7,46.7,settle
4.46,0.703,-0.112,0.032,-46.7,46.7,settle
4.46,0.703,-0.112,0.032,-46.7,46.7,settle
4.46,0.703,-0.112,0.032,-46.7,46.7,settle
4.46,0.704,-0.112,0.032,-46.7,46.7,settle
4.46,0.704,-0.112,0.032,-46.7,46.7,settle
4.46,0.704,-0.112,0.032,-46.7,46.7,settle
4.46,0.704,-0.112,0.032,-46.7,46.7,settle
4.46,0.704,-0.112,0.032,-46.7,46.7,settle
4.46,0.704,-0.112,0.032,-46.7,46.7,settle
4.46,0.704,-0.112,0.032,-46.7,46.7,settle
4.46,0.705,-0.112,0.032,-46.7,46.7,settle
4.47,0.705,-0.112,0.032,-46.7,46.7,settle
4.47,0.705,-0.112,0.032,-46.7,46.7,settle
4.47,0.705,-0.112,0.032,-46.7,46.7,settle
4.47,0.705,-0.112,0.032,-46.7,46.7,settle
4.47,0.705,-0.112,0.032,-46.7,46.7,settle
4.47,0.705,-0.112,0.032,-46.7,46.7,settle
4.47,0.705,-0.112,0.032,-46.7,46.7,settle
4.47,0.706,-0.112,0.032,-46.7,46.7,settle
4.47,0.706,-0.112,0.032,-46.7,46.7,settle
4.47,0.706,-0.112,0.032,-46.7,46.7,settle
4.47,0.706,-0.112,0.032,-46.7,46.7,settle
4.47,0.706,-0.112,0.032,-46.7,46.7,settle
4.47,0.706,-0.112,0.032,-46.7,46.7,settle
4.47,0.706,-0.112,0.032,-46.7,46.7,settle
4.47,0.707,-0.112,0.032,-46.7,46.7,settle
4.47,0.707,-0.112,0.032,-46.7,46.7,settle
4.47,0.707,-0.112,0.032,-46.7,46.7,settle
4.47,0.707,-0.112,0.032,-46.7,46.7,settle
4.47,0.707,-0.112,0.032,-46.7,46.7,settle
4.47,0.707,-0.112,0.032,-46.7,46.7,settle
4.47,0.707,-0.112,0.032,-46.7,46.7,settle
4.47,0.707,-0.112,0.032,-46.7,46.7,settle
4.47,0.708,-0.112,0.032,-46.7,46.7,settle
4.47,0.708,-0.112,0.032,-46.7,46.7,settle
4.47,0.708,-0.112,0.032,-46.7,46.7,settle
4.48,0.708,-0.112,0.032,-46.7,46.7,settle
4.48,0.708,-0.112,0.032,-46.7,46.7,settle
4.48,0.708,-0.112,0.032,-46.7,46.7,settle
4.48,0.708,-0.112,0.032,-46.7,46.7,settle
4.48,0.709,-0.112,0.032,-46.7,46.7,settle
4.48,0.709,-0.112,0.032,-46.7,46.7,settle
4.48,0.709,-0.112,0.032,-46.7,46.7,settle
4.48,0.709,-0.112,0.032,-46.7,46.7,settle
4.48,0.709,-0.112,0.032,-46.7,46.7,settle
4.48,0.709,-0.112,0.032,-46.7,46.7,settle
4.48,0.709,-0.112,0.032,-46.7,46.7,settle
4.48,0.709,-0.112,0.032,-46.7,46.7,settle
4.48,0.709,-0.112,0.032,-46.7,46.7,settle
4.48,0.709,-0.112,0.032,-46.7,46.7,settle
4.48,0.709,-0.112,0.032,-46.7,46.7,settle
4.48,0.710,-0.112,0.032,-46.7,46.7,settle
4.48,0.710,-0.112,0.032,-46.7,46.7,settle
4.48,0.710,-0.112,0.032,-46.7,46.7,settle
4.48,0.710,-0.112,0.032,-46.7,46.7,settle
4.48,0.710,-0.112,0.032,-46.7,46.7,settle
4.48,0.710,-0.112,0.032,-46.7,46.7,settle
4.48,0.710,-0.112,0.032,-46.7,46.7,settle
4.48,0.711,-0.112,0.032,-46.7,46.7,settle
4.48,0.711,-0.112,0.032,-46.7,46.7,settle
4.48,0.711,-0.112,0.032,-46.7,46.7,settle
4.48,0.711,-0.112,0.032,-46.7,46.7,settle
4.49,0.711,-0.112,0.032,-46.7,46.7,settle
4.49,0.711,-0.112,0.032,-46.7,46.7,settle
4.49,0.711,-0.112,0.032,-46.7,46.7,settle
4.49,0.711,-0.112,0.032,-46.7,46.7,settle
4.49,0.712,-0.112,0.032,-46.7,46.7,settle
4.49,0.712,-0.112,0.032,-46.7,46.7,settle
4.49,0.712,-0.112,0.032,-46.7,46.7,settle
4.49,0.712,-0.112,0.032,-46.7,46.7,settle
4.49,0.712,-0.112,0.032,-46.7,46.7,settle
4.49,0.712,-0.112,0.032,-46.7,46.7,settle
4.49,0.712,-0.112,0.032,-46.7,46.7,settle
4.49,0.712,-0.112,0.032,-46.7,46.7,settle
4.49,0.713,-0.112,0.032,-46.7,46.7,settle
4.49,0.713,-0.112,0.032,-46.7,46.7,settle
4.49,0.713,-0.112,0.032,-46.7,46.7,settle
4.49,0.713,-0.112,0.032,-46.7,46.7,settle
4.49,0.713,-0.112,0.032,-46.7,46.7,settle
4.49,0.713,-0.112,0.032,-46.7,46.7,settle
4.49,0.713,-0.112,0.032,-46.7,46.7,settle
4.49,0.714,-0.112,0.032,-46.7,46.7,settle
4.49,0.714,-0.112,0.032,-46.7,46.7,settle
4.49,0.714,-0.112,0.032,-46.7,46.7,settle
4.49,0.714,-0.112,0.032,-46.7,46.7,settle
4.49,0.714,-0.112,0.032,-46.7,46.7,settle
4.49,0.714,-0.112,0.032,-46.7,46.7,settle
4.49,0.714,-0.112,0.032,-46.7,46.7,settle
4.50,0.714,-0.112,0.032,-46.7,46.7,settle
4.50,0.714,-0.112,0.032,-46.7,46.7,settle
4.50,0.715,-0.112,0.032,-46.7,46.7,settle
4.50,0.715,-0.112,0.032,-46.7,46.7,settle
4.50,0.715,-0.112,0.032,-46.7,46.7,settle
4.50,0.715,-0.112,0.032,-46.7,46.7,settle
4.50,0.715,-0.112,0.032,-46.7,46.7,settle
4.50,0.715,-0.112,0.032,-46.7,46.7,settle
4.50,0.715,-0.112,0.032,-46.7,46.7,settle
4.50,0.716,-0.112,0.032,-46.7,46.7,settle
4.50,0.716,-0.112,0.032,-46.7,46.7,settle
4.50,0.716,-0.112,0.032,-46.7,46.7,settle
4.50,0.716,-0.112,0.032,-46.7,46.7,settle
4.50,0.716,-0.112,0.032,-46.7,46.7,settle
4.50,0.716,-0.112,0.032,-46.7,46.7,settle
4.50,0.716,-0.112,0.032,-46.7,46.7,settle
4.50,0.716,-0.112,0.032,-46.7,46.7,settle
4.50,0.717,-0.112,0.032,-46.7,46.7,settle
4.50,0.717,-0.112,0.032,-46.7,46.7,settle
4.50,0.717,-0.112,0.032,-46.7,46.7,settle
4.50,0.717,-0.112,0.032,-46.7,46.7,settle
4.50,0.717,-0.112,0.032,-46.7,46.7,settle
4.50,0.717,-0.112,0.032,-46.7,46.7,settle
4.50,0.717,-0.112,0.032,-46.7,46.7,settle
4.51,0.717,-0.112,0.032,-46.7,46.7,settle
4.51,0.717,-0.112,0.032,-46.7,46.7,settle
4.51,0.718,-0.112,0.032,-46.7,46.7,settle
4.51,0.718,-0.112,0.032,-46.7,46.7,settle
4.51,0.718,-0.112,0.032,-46.7,46.7,settle
4.51,0.718,-0.112,0.032,-46.7,46.7,settle
4.51,0.718,-0.112,0.032,-46.7,46.7,settle
4.51,0.718,-0.112,0.032,-46.7,46.7,settle
4.51,0.718,-0.112,0.032,-46.7,46.7,settle
4.51,0.718,-0.112,0.032,-46.7,46.7,settle
4.51,0.719,-0.112,0.032,-46.7,46.7,settle
4.51,0.719,-0.112,0.032,-46.7,46.7,settle
4.51,0.719,-0.112,0.032,-46.7,46.7,settle
4.51,0.719,-0.112,0.032,-46.7,46.7,settle
4.51,0.719,-0.112,0.032,-46.7,46.7,settle
4.51,0.719,-0.112,0.032,-46.7,46.7,settle
4.51,0.719,-0.112,0.032,-46.7,46.7,settle
4.51,0.720,-0.112,0.032,-46.7,46.7,settle
4.51,0.720,-0.112,0.032,-46.7,46.7,settle
4.51,0.720,-0.112,0.032,-46.7,46.7,settle
4.51,0.720,-0.112,0.032,-46.7,46.7,settle
4.51,0.720,-0.112,0.032,-46.7,46.7,settle
4.51,0.720,-0.112,0.032,-46.7,46.7,settle
4.51,0.720,-0.112,0.032,-46.7,46.7,settle
4.51,0.720,-0.112,0.032,-46.7,46.7,settle
4.51,0.720,-0.112,0.032,-46.7,46.7,settle
4.51,0.721,-0.112,0.032,-46.7,46.7,settle
4.52,0.721,-0.112,0.032,-46.7,46.7,settle
4.52,0.721,-0.112,0.032,-46.7,46.7,settle
4.52,0.721,-0.112,0.032,-46.7,46.7,settle
4.52,0.721,-0.112,0.032,-46.7,46.7,settle
4.52,0.721,-0.112,0.032,-46.7,46.7,settle
4.52,0.721,-0.112,0.032,-46.7,46.7,settle
4.52,0.721,-0.112,0.032,-46.7,46.7,settle
4.52,0.722,-0.112,0.032,-46.7,46.7,settle
4.52,0.722,-0.112,0.032,-46.7,46.7,settle
4.52,0.722,-0.112,0.032,-46.7,46.7,settle
4.52,0.722,-0.112,0.032,-46.7,46.7,settle
4.52,0.722,-0.112,0.032,-46.7,46.7,settle
4.52,0.722,-0.112,0.032,-46.7,46.7,settle
4.52,0.722,-0.112,0.032,-46.7,46.7,settle
4.52,0.722,-0.112,0.032,-46.7,46.7,settle
4.52,0.723,-0.112,0.032,-46.7,46.7,settle
4.52,0.723,-0.112,0.032,-46.7,46.7,settle
4.52,0.723,-0.112,0.032,-46.7,46.7,settle
4.52,0.723,-0.112,0.032,-46.7,46.7,settle
4.52,0.723,-0.112,0.032,-46.7,46.7,settle
4.52,0.723,-0.112,0.032,-46.7,46.7,settle
4.52,0.723,-0.112,0.032,-46.7,46.7,settle
4.52,0.723,-0.112,0.032,-46.7,46.7,settle
4.52,0.723,-0.112,0.032,-46.7,46.7,settle
4.52,0.724,-0.112,0.032,-46.7,46.7,settle
4.52,0.724,-0.112,0.032,-46.7,46.7,settle
4.52,0.724,-0.112,0.032,-46.7,46.7,settle
4.53,0.724,-0.112,0.032,-46.7,46.7,settle
4.53,0.724,-0.112,0.032,-46.7,46.7,settle
4.53,0.724,-0.112,0.032,-46.7,46.7,settle
4.53,0.724,-0.112,0.032,-46.7,46.7,settle
4.53,0.724,-0.112,0.032,-46.7,46.7,settle
4.53,0.724,-0.112,0.032,-46.7,46.7,settle
4.53,0.725,-0.112,0.032,-46.7,46.7,settle
4.53,0.725,-0.112,0.032,-46.7,46.7,settle
4.53,0.725,-0.112,0.032,-46.7,46.7,settle
4.53,0.725,-0.112,0.032,-46.7,46.7,settle
4.53,0.725,-0.112,0.032,-46.7,46.7,settle
4.53,0.725,-0.112,0.032,-46.7,46.7,settle
4.53,0.725,-0.112,0.032,-46.7,46.7,settle
4.53,0.725,-0.112,0.032,-46.7,46.7,settle
4.53,0.726,-0.112,0.032,-46.7,46.7,settle
4.53,0.726,-0.112,0.032,-46.7,46.7,settle
4.53,0.726,-0.112,0.032,-46.7,46.7,settle
4.53,0.726,-0.112,0.032,-46.7,46.7,settle
4.53,0.726,-0.112,0.032,-46.7,46.7,settle
4.53,0.726,-0.112,0.032,-46.7,46.7,settle
4.53,0.726,-0.112,0.032,-46.7,46.7,settle
4.53,0.726,-0.112,0.032,-46.7,46.7,settle
4.53,0.727,-0.112,0.032,-46.7,46.7,settle
4.53,0.727,-0.112,0.032,-46.7,46.7,settle
4.53,0.727,-0.112,0.032,-46.7,46.7,settle
4.53,0.727,-0.112,0.032,-46.7,46.7,settle
4.54,0.727,-0.112,0.032,-46.7,46.7,settle
4.54,0.727,-0.112,0.032,-46.7,46.7,settle
4.54,0.727,-0.112,0.032,-46.7,46.7,settle
4.54,0.727,-0.112,0.032,-46.7,46.7,settle
4.54,0.728,-0.112,0.032,-46.7,46.7,settle
4.54,0.728,-0.112,0.032,-46.7,46.7,settle
4.54,0.728,-0.112,0.032,-46.7,46.7,settle
4.54,0.728,-0.112,0.032,-46.7,46.7,settle
4.54,0.728,-0.112,0.032,-46.7,46.7,settle
4.54,0.728,-0.112,0.032,-46.7,46.7,settle
4.54,0.728,-0.112,0.032,-46.7,46.7,settle
4.54,0.728,-0.112,0.032,-46.7,46.7,settle
4.54,0.729,-0.112,0.032,-46.7,46.7,settle
4.54,0.729,-0.112,0.032,-46.7,46.7,settle
4.54,0.729,-0.112,0.032,-46.7,46.7,settle
4.54,0.729,-0.112,0.032,-46.7,46.7,settle
4.54,0.729,-0.112,0.032,-46.7,46.7,settle
4.54,0.729,-0.112,0.032,-46.7,46.7,settle
4.54,0.729,-0.112,0.032,-46.7,46.7,settle
4.54,0.729,-0.112,0.032,-46.7,46.7,settle
4.54,0.730,-0.112,0.032,-46.7,46.7,settle
4.54,0.730,-0.112,0.032,-46.7,46.7,settle
4.54,0.730,-0.112,0.032,-46.7,46.7,settle
4.54,0.730,-0.112,0.032,-46.7,46.7,settle
4.54,0.730,-0.112,0.032,-46.7,46.7,settle
4.54,0.730,-0.112,0.032,-46.7,46.7,settle
4.54,0.730,-0.112,0.032,-46.7,46.7,settle
4.55,0.730,-0.112,0.032,-46.7,46.7,settle
4.55,0.730,-0.112,0.032,-46.7,46.7,settle
4.55,0.731,-0.112,0.032,-46.7,46.7,settle
4.55,0.731,-0.112,0.032,-46.7,46.7,settle
4.55,0.731,-0.112,0.032,-46.7,46.7,settle
4.55,0.731,-0.112,0.032,-46.7,46.7,settle
4.55,0.731,-0.112,0.032,-46.7,46.7,settle
4.55,0.731,-0.112,0.032,-46.7,46.7,settle
4.55,0.731,-0.112,0.032,-46.7,46.7,settle
4.55,0.731,-0.112,0.032,-46.7,46.7,settle
4.55,0.731,-0.112,0.032,-46.7,46.7,settle
4.55,0.732,-0.112,0.032,-46.7,46.7,settle
4.55,0.732,-0.112,0.032,-46.7,46.7,settle
4.55,0.732,-0.112,0.032,-46.7,46.7,settle
4.55,0.732,-0.112,0.032,-46.7,46.7,settle
4.55,0.732,-0.112,0.032,-46.7,46.7,settle
4.55,0.732,-0.112,0.032,-46.7,46.7,settle
4.55,0.732,-0.112,0.032,-46.7,46.7,settle
4.55,0.733,-0.112,0.032,-46.7,46.7,settle
4.55,0.733,-0.112,0.032,-46.7,46.7,settle
4.55,0.733,-0.112,0.032,-46.7,46.7,settle
4.55,0.733,-0.112,0.032,-46.7,46.7,settle
4.55,0.733,-0.112,0.032,-46.7,46.7,settle
4.55,0.733,-0.112,0.032,-46.7,46.7,settle
4.56,0.733,-0.112,0.032,-46.7,46.7,settle
4.56,0.734,-0.112,0.032,-46.7,46.7,settle
4.56,0.734,-0.112,0.032,-46.7,46.7,settle
4.56,0.734,-0.112,0.032,-46.7,46.7,settle
4.56,0.734,-0.112,0.032,-46.7,46.7,settle
4.56,0.734,-0.112,0.032,-46.7,46.7,settle
4.56,0.734,-0.112,0.032,-46.7,46.7,settle
4.56,0.734,-0.112,0.032,-46.7,46.7,settle
4.56,0.734,-0.112,0.032,-46.7,46.7,settle
4.56,0.735,-0.112,0.032,-46.7,46.7,settle
4.56,0.735,-0.112,0.032,-46.7,46.7,settle
4.56,0.735,-0.112,0.032,-46.7,46.7,settle
4.56,0.735,-0.112,0.032,-46.7,46.7,settle
4.56,0.735,-0.112,0.032,-46.7,46.7,settle
4.56,0.735,-0.112,0.032,-46.7,46.7,settle
4.56,0.735,-0.112,0.032,-46.7,46.7,settle
4.56,0.735,-0.112,0.032,-46.7,46.7,settle
4.56,0.736,-0.112,0.032,-46.7,46.7,settle
4.56,0.736,-0.112,0.032,-46.7,46.7,settle
4.56,0.736,-0.112,0.032,-46.7,46.7,settle
4.56,0.736,-0.112,0.032,-46.7,46.7,settle
4.56,0.736,-0.112,0.032,-46.7,46.7,settle
4.56,0.736,-0.112,0.032,-46.7,46.7,settle
4.56,0.737,-0.112,0.032,-46.7,46.7,settle
4.56,0.737,-0.112,0.032,-46.7,46.7,settle
4.57,0.737,-0.112,0.032,-46.7,46.7,settle
4.57,0.737,-0.112,0.032,-46.7,46.7,settle
4.57,0.737,-0.112,0.032,-46.7,46.7,settle
4.57,0.737,-0.112,0.032,-46.7,46.7,settle
4.57,0.737,-0.112,0.032,-46.7,46.7,settle
4.57,0.737,-0.112,0.032,-46.7,46.7,settle
4.57,0.738,-0.112,0.032,-46.7,46.7,settle
4.57,0.738,-0.112,0.032,-46.7,46.7,settle
4.57,0.738,-0.112,0.032,-46.7,46.7,settle
4.57,0.738,-0.112,0.032,-46.7,46.7,settle
4.57,0.738,-0.112,0.032,-46.7,46.7,settle
4.57,0.738,-0.112,0.032,-46.7,46.7,settle
4.57,0.738,-0.112,0.032,-46.7,46.7,settle
4.57,0.738,-0.112,0.032,-46.7,46.7,settle
4.57,0.738,-0.112,0.032,-46.7,46.7,settle
4.57,0.739,-0.112,0.032,-46.7,46.7,settle
4.57,0.739,-0.112,0.032,-46.7,46.7,settle
4.57,0.739,-0.112,0.032,-46.7,46.7,settle
4.57,0.739,-0.112,0.032,-46.7,46.7,settle
4.57,0.739,-0.112,0.032,-46.7,46.7,settle
4.57,0.739,-0.112,0.032,-46.7,46.7,settle
4.57,0.739,-0.112,0.032,-46.7,46.7,settle
4.57,0.740,-0.112,0.032,-46.7,46.7,settle
4.57,0.740,-0.112,0.032,-46.7,46.7,settle
4.58,0.740,-0.112,0.032,-46.7,46.7,settle
4.58,0.740,-0.112,0.032,-46.7,46.7,settle
4.58,0.740,-0.112,0.032,-46.7,46.7,settle
4.58,0.740,-0.112,0.032,-46.7,46.7,settle
4.58,0.740,-0.112,0.032,-46.7,46.7,settle
4.58,0.740,-0.112,0.032,-46.7,46.7,settle
4.58,0.741,-0.112,0.032,-46.7,46.7,settle
4.58,0.741,-0.112,0.032,-46.7,46.7,settle
4.58,0.741,-0.112,0.032,-46.7,46.7,settle
4.58,0.741,-0.112,0.032,-46.7,46.7,settle
4.58,0.741,-0.112,0.032,-46.7,46.7,settle
4.58,0.741,-0.112,0.032,-46.7,46.7,settle
4.58,0.741,-0.112,0.032,-46.7,46.7,settle
4.58,0.742,-0.112,0.032,-46.7,46.7,settle
4.58,0.742,-0.112,0.032,-46.7,46.7,settle
4.58,0.742,-0.112,0.032,-46.7,46.7,settle
4.58,0.742,-0.112,0.032,-46.7,46.7,settle
4.58,0.742,-0.112,0.032,-46.7,46.7,settle
4.58,0.742,-0.112,0.032,-46.7,46.7,settle
4.58,0.742,-0.112,0.032,-46.7,46.7,settle
4.58,0.743,-0.112,0.032,-46.7,46.7,settle
4.58,0.743,-0.112,0.032,-46.7,46.7,settle
4.58,0.743,-0.112,0.032,-46.7,46.7,settle
4.58,0.743,-0.112,0.032,-46.7,46.7,settle
4.59,0.743,-0.112,0.032,-46.7,46.7,settle
4.59,0.743,-0.112,0.032,-46.7,46.7,settle
4.59,0.743,-0.112,0.032,-46.7,46.7,settle
4.59,0.744,-0.112,0.032,-46.7,46.7,settle
4.59,0.744,-0.112,0.032,-46.7,46.7,settle
4.59,0.744,-0.112,0.032,-46.7,46.7,settle
4.59,0.744,-0.112,0.032,-46.7,46.7,settle
4.59,0.744,-0.112,0.032,-46.7,46.7,settle
4.59,0.744,-0.112,0.032,-46.7,46.7,settle
4.59,0.744,-0.112,0.032,-46.7,46.7,settle
4.59,0.744,-0.112,0.032,-46.7,46.7,settle
4.59,0.745,-0.112,0.032,-46.7,46.7,settle
4.59,0.745,-0.112,0.032,-46.7,46.7,settle
4.59,0.745,-0.112,0.032,-46.7,46.7,settle
4.59,0.745,-0.112,0.032,-46.7,46.7,settle
4.59,0.745,-0.112,0.032,-46.7,46.7,settle
4.59,0.745,-0.112,0.032,-46.7,46.7,settle
4.59,0.745,-0.112,0.032,-46.7,46.7,settle
4.59,0.746,-0.112,0.032,-46.7,46.7,settle
4.59,0.746,-0.112,0.032,-46.7,46.7,settle
4.59,0.746,-0.112,0.032,-46.7,46.7,settle
4.59,0.746,-0.112,0.032,-46.7,46.7,settle
4.59,0.746,-0.112,0.032,-46.7,46.7,settle
4.59,0.746,-0.112,0.032,-46.7,46.7,settle
4.60,0.746,-0.112,0.032,-46.7,46.7,settle
4.60,0.746,-0.112,0.032,-46.7,46.7,settle
4.60,0.746,-0.112,0.032,-46.7,46.7,settle
4.60,0.746,-0.112,0.032,-46.7,46.7,settle
4.60,0.747,-0.112,0.032,-46.7,46.7,settle
4.60,0.747,-0.112,0.032,-46.7,46.7,settle
4.60,0.747,-0.112,0.032,-46.7,46.7,settle
4.60,0.747,-0.112,0.032,-46.7,46.7,settle
4.60,0.747,-0.112,0.032,-46.7,46.7,settle
4.60,0.747,-0.112,0.032,-46.7,46.7,settle
4.60,0.747,-0.112,0.032,-46.7,46.7,settle
4.60,0.748,-0.112,0.032,-46.7,46.7,settle
4.60,0.748,-0.112,0.032,-46.7,46.7,settle
4.60,0.748,-0.112,0.032,-46.7,46.7,settle
4.60,0.748,-0.112,0.032,-46.7,46.7,settle
4.60,0.748,-0.112,0.032,-46.7,46.7,settle
4.60,0.748,-0.112,0.032,-46.7,46.7,settle
4.60,0.748,-0.112,0.032,-46.7,46.7,settle
4.60,0.748,-0.112,0.032,-46.7,46.7,settle
4.60,0.749,-0.112,0.032,-46.7,46.7,settle
4.60,0.749,-0.112,0.032,-46.7,46.7,settle
4.60,0.749,-0.112,0.032,-46.7,46.7,settle
4.60,0.749,-0.112,0.032,-46.7,46.7,settle
4.60,0.749,-0.112,0.032,-46.7,46.7,settle
4.60,0.749,-0.112,0.032,-46.7,46.7,settle
4.60,0.749,-0.112,0.032,-46.7,46.7,settle
4.61,0.749,-0.112,0.032,-46.7,46.7,settle
4.61,0.749,-0.112,0.032,-46.7,46.7,settle
4.61,0.750,-0.112,0.032,-46.7,46.7,settle
4.61,0.750,-0.112,0.032,-46.7,46.7,settle
4.61,0.750,-0.112,0.032,-46.7,46.7,settle
4.61,0.750,-0.112,0.032,-46.7,46.7,settle
4.61,0.750,-0.112,0.032,-46.7,46.7,settle
4.61,0.750,-0.112,0.032,-46.7,46.7,settle
4.61,0.750,-0.112,0.032,-46.7,46.7,settle
4.61,0.751,-0.112,0.032,-46.7,46.7,settle
4.61,0.751,-0.112,0.032,-46.7,46.7,settle
4.61,0.751,-0.112,0.032,-46.7,46.7,settle
4.61,0.751,-0.112,0.032,-46.7,46.7,settle
4.61,0.751,-0.112,0.032,-46.7,46.7,settle
4.61,0.751,-0.112,0.032,-46.7,46.7,settle
4.61,0.751,-0.112,0.032,-46.7,46.7,settle
4.61,0.752,-0.112,0.032,-46.7,46.7,settle
4.61,0.752,-0.112,0.032,-46.7,46.7,settle
4.61,0.752,-0.112,0.032,-46.7,46.7,settle
4.61,0.752,-0.112,0.032,-46.7,46.7,settle
4.61,0.752,-0.112,0.032,-46.7,46.7,settle
4.61,0.752,-0.112,0.032,-46.7,46.7,settle
4.61,0.752,-0.112,0.032,-46.7,46.7,settle
4.61,0.752,-0.112,0.032,-46.7,46.7,settle
4.61,0.753,-0.112,0.032,-46.7,46.7,settle
4.62,0.753,-0.112,0.032,-46.7,46.7,settle
4.62,0.753,-0.112,0.032,-46.7,46.7,settle
4.62,0.753,-0.112,0.032,-46.7,46.7,settle
4.62,0.753,-0.112,0.032,-46.7,46.7,settle
4.62,0.753,-0.112,0.032,-46.7,46.7,settle
4.62,0.753,-0.112,0.032,-46.7,46.7,settle
4.62,0.753,-0.112,0.032,-46.7,46.7,settle
4.62,0.753,-0.112,0.032,-46.7,46.7,settle
4.62,0.753,-0.112,0.032,-46.7,46.7,settle
4.62,0.754,-0.112,0.032,-46.7,46.7,settle
4.62,0.754,-0.112,0.032,-46.7,46.7,settle
4.62,0.754,-0.112,0.032,-46.7,46.7,settle
4.62,0.754,-0.112,0.032,-46.7,46.7,settle
4.62,0.754,-0.112,0.032,-46.7,46.7,settle
4.62,0.754,-0.112,0.032,-46.7,46.7,settle
4.62,0.754,-0.112,0.032,-46.7,46.7,settle
4.62,0.755,-0.112,0.032,-46.7,46.7,settle
4.62,0.755,-0.112,0.032,-46.7,46.7,settle
4.62,0.755,-0.112,0.032,-46.7,46.7,settle
4.62,0.755,-0.112,0.032,-46.7,46.7,settle
4.62,0.755,-0.112,0.032,-46.7,46.7,settle
4.62,0.755,-0.112,0.032,-46.7,46.7,settle
4.62,0.755,-0.112,0.032,-46.7,46.7,settle
4.62,0.756,-0.112,0.032,-46.7,46.7,settle
4.63,0.756,-0.112,0.032,-46.7,46.7,settle
4.63,0.756,-0.112,0.032,-46.7,46.7,settle
4.63,0.756,-0.112,0.032,-46.7,46.7,settle
4.63,0.756,-0.112,0.032,-46.7,46.7,settle
4.63,0.756,-0.112,0.032,-46.7,46.7,settle
4.63,0.756,-0.112,0.032,-46.7,46.7,settle
4.63,0.757,-0.112,0.032,-46.7,46.7,settle
4.63,0.757,-0.112,0.032,-46.7,46.7,settle
4.63,0.757,-0.112,0.032,-46.7,46.7,settle
4.63,0.757,-0.112,0.032,-46.7,46.7,settle
4.63,0.757,-0.112,0.032,-46.7,46.7,settle
4.63,0.757,-0.112,0.032,-46.7,46.7,settle
4.63,0.757,-0.112,0.032,-46.7,46.7,settle
4.63,0.758,-0.112,0.032,-46.7,46.7,settle
4.63,0.758,-0.112,0.032,-46.7,46.7,settle
4.63,0.758,-0.112,0.032,-46.7,46.7,settle
4.63,0.758,-0.112,0.032,-46.7,46.7,settle
4.63,0.758,-0.112,0.032,-46.7,46.7,settle
4.63,0.758,-0.112,0.032,-46.7,46.7,settle
4.63,0.758,-0.112,0.032,-46.7,46.7,settle
4.63,0.759,-0.112,0.032,-46.7,46.7,settle
4.63,0.759,-0.112,0.032,-46.7,46.7,settle
4.63,0.759,-0.112,0.032,-46.7,46.7,settle
4.64,0.759,-0.112,0.032,-46.7,46.7,settle
4.64,0.759,-0.112,0.032,-46.7,46.7,settle
4.64,0.759,-0.112,0.032,-46.7,46.7,settle
4.64,0.759,-0.112,0.032,-46.7,46.7,settle
4.64,0.760,-0.112,0.032,-46.7,46.7,settle
4.64,0.760,-0.112,0.032,-46.7,46.7,settle
4.64,0.760,-0.112,0.032,-46.7,46.7,settle
4.64,0.760,-0.112,0.032,-46.7,46.7,settle
4.64,0.760,-0.112,0.032,-46.7,46.7,settle
4.64,0.760,-0.112,0.032,-46.7,46.7,settle
4.64,0.760,-0.112,0.032,-46.7,46.7,settle
4.64,0.760,-0.112,0.032,-46.7,46.7,settle
4.64,0.760,-0.112,0.032,-46.7,46.7,settle
4.64,0.761,-0.112,0.032,-46.7,46.7,settle
4.64,0.761,-0.112,0.032,-46.7,46.7,settle
4.64,0.761,-0.112,0.032,-46.7,46.7,settle
4.64,0.761,-0.112,0.032,-46.7,46.7,settle
4.64,0.761,-0.112,0.032,-46.7,46.7,settle
4.64,0.761,-0.112,0.032,-46.7,46.7,settle
4.64,0.761,-0.112,0.032,-46.7,46.7,settle
4.64,0.761,-0.112,0.032,-46.7,46.7,settle
4.64,0.762,-0.112,0.032,-46.7,46.7,settle
4.64,0.762,-0.112,0.032,-46.7,46.7,settle
4.64,0.762,-0.112,0.032,-46.7,46.7,settle
4.65,0.762,-0.112,0.032,-46.7,46.7,settle
4.65,0.762,-0.112,0.032,-46.7,46.7,settle
4.65,0.762,-0.112,0.032,-46.7,46.7,settle
4.65,0.762,-0.112,0.032,-46.7,46.7,settle
4.65,0.763,-0.112,0.032,-46.7,46.7,settle
4.65,0.763,-0.112,0.032,-46.7,46.7,settle
4.65,0.763,-0.112,0.032,-46.7,46.7,settle
4.65,0.763,-0.112,0.032,-46.7,46.7,settle
4.65,0.763,-0.112,0.032,-46.7,46.7,settle
4.65,0.763,-0.112,0.032,-46.7,46.7,settle
4.65,0.763,-0.112,0.032,-46.7,46.7,settle
4.65,0.764,-0.112,0.032,-46.7,46.7,settle
4.65,0.764,-0.112,0.032,-46.7,46.7,settle
4.65,0.764,-0.112,0.032,-46.7,46.7,settle
4.65,0.764,-0.112,0.032,-46.7,46.7,settle
4.65,0.764,-0.112,0.032,-46.7,46.7,settle
4.65,0.764,-0.112,0.032,-46.7,46.7,settle
4.65,0.764,-0.112,0.032,-46.7,46.7,settle
4.65,0.765,-0.112,0.032,-46.7,46.7,settle
4.65,0.765,-0.112,0.032,-46.7,46.7,settle
4.65,0.765,-0.112,0.032,-46.7,46.7,settle
4.65,0.765,-0.112,0.032,-46.7,46.7,settle
4.65,0.765,-0.112,0.032,-46.7,46.7,settle
4.65,0.765,-0.112,0.032,-46.7,46.7,settle
4.66,0.765,-0.112,0.032,-46.7,46.7,settle
4.66,0.766,-0.112,0.032,-46.7,46.7,settle
4.66,0.766,-0.112,0.032,-46.7,46.7,settle
4.66,0.766,-0.112,0.032,-46.7,46.7,settle
4.66,0.766,-0.112,0.032,-46.7,46.7,settle
4.66,0.766,-0.112,0.032,-46.7,46.7,settle
4.66,0.766,-0.112,0.032,-46.7,46.7,settle
4.66,0.766,-0.112,0.032,-46.7,46.7,settle
4.66,0.767,-0.112,0.032,-46.7,46.7,settle
4.66,0.767,-0.112,0.032,-46.7,46.7,settle
4.66,0.767,-0.112,0.032,-46.7,46.7,settle
4.66,0.767,-0.112,0.032,-46.7,46.7,settle
4.66,0.767,-0.112,0.032,-46.7,46.7,settle
4.66,0.767,-0.112,0.032,-46.7,46.7,settle
4.66,0.767,-0.112,0.032,-46.7,46.7,settle
4.66,0.767,-0.112,0.032,-46.7,46.7,settle
4.66,0.767,-0.112,0.032,-46.7,46.7,settle
4.66,0.767,-0.112,0.032,-46.7,46.7,settle
4.66,0.768,-0.112,0.032,-46.7,46.7,settle
4.66,0.768,-0.112,0.032,-46.7,46.7,settle
4.66,0.768,-0.112,0.032,-46.7,46.7,settle
4.66,0.768,-0.112,0.032,-46.7,46.7,settle
4.66,0.768,-0.112,0.032,-46.7,46.7,settle
4.67,0.768,-0.112,0.032,-46.7,46.7,settle
4.67,0.768,-0.112,0.032,-46.7,46.7,settle
4.67,0.769,-0.112,0.032,-46.7,46.7,settle
4.67,0.769,-0.112,0.032,-46.7,46.7,settle
4.67,0.769,-0.112,0.032,-46.7,46.7,settle
4.67,0.769,-0.112,0.032,-46.7,46.7,settle
4.67,0.769,-0.112,0.032,-46.7,46.7,settle
4.67,0.769,-0.112,0.032,-46.7,46.7,settle
4.67,0.770,-0.112,0.032,-46.7,46.7,settle
4.67,0.770,-0.112,0.032,-46.7,46.7,settle
4.67,0.770,-0.112,0.032,-46.7,46.7,settle
4.67,0.770,-0.112,0.032,-46.7,46.7,settle
4.67,0.770,-0.112,0.032,-46.7,46.7,settle
4.67,0.770,-0.112,0.032,-46.7,46.7,settle
4.67,0.770,-0.112,0.032,-46.7,46.7,settle
4.67,0.770,-0.112,0.032,-46.7,46.7,settle
4.67,0.771,-0.112,0.032,-46.7,46.7,settle
4.67,0.771,-0.112,0.032,-46.7,46.7,settle
4.67,0.771,-0.112,0.032,-46.7,46.7,settle
4.67,0.771,-0.112,0.032,-46.7,46.7,settle
4.67,0.771,-0.112,0.032,-46.7,46.7,settle
4.67,0.771,-0.112,0.032,-46.7,46.7,settle
4.67,0.771,-0.112,0.032,-46.7,46.7,settle
4.68,0.772,-0.112,0.032,-46.7,46.7,settle
4.68,0.772,-0.112,0.032,-46.7,46.7,settle
4.68,0.772,-0.112,0.032,-46.7,46.7,settle
4.68,0.772,-0.112,0.032,-46.7,46.7,settle
4.68,0.772,-0.112,0.032,-46.7,46.7,settle
4.68,0.772,-0.112,0.032,-46.7,46.7,settle
4.68,0.772,-0.112,0.032,-46.7,46.7,settle
4.68,0.773,-0.112,0.032,-46.7,46.7,settle
4.68,0.773,-0.112,0.032,-46.7,46.7,settle
4.68,0.773,-0.112,0.032,-46.7,46.7,settle
4.68,0.773,-0.112,0.032,-46.7,46.7,settle
4.68,0.773,-0.112,0.032,-46.7,46.7,settle
4.68,0.773,-0.112,0.032,-46.7,46.7,settle
4.68,0.773,-0.112,0.032,-46.7,46.7,settle
4.68,0.774,-0.112,0.032,-46.7,46.7,settle
4.68,0.774,-0.112,0.032,-46.7,46.7,settle
4.68,0.774,-0.112,0.032,-46.7,46.7,settle
4.68,0.774,-0.112,0.032,-46.7,46.7,settle
4.68,0.774,-0.112,0.032,-46.7,46.7,settle
4.68,0.774,-0.112,0.032,-46.7,46.7,settle
4.68,0.774,-0.112,0.032,-46.7,46.7,settle
4.68,0.774,-0.112,0.032,-46.7,46.7,settle
4.68,0.774,-0.112,0.032,-46.7,46.7,settle
4.68,0.775,-0.112,0.032,-46.7,46.7,settle
4.68,0.775,-0.112,0.032,-46.7,46.7,settle
4.69,0.775,-0.112,0.032,-46.7,46.7,settle
4.69,0.775,-0.112,0.032,-46.7,46.7,settle
4.69,0.775,-0.112,0.032,-46.7,46.7,settle
4.69,0.775,-0.112,0.032,-46.7,46.7,settle
4.69,0.775,-0.112,0.032,-46.7,46.7,settle
4.69,0.775,-0.112,0.032,-46.7,46.7,settle
4.69,0.776,-0.112,0.032,-46.7,46.7,settle
4.69,0.776,-0.112,0.032,-46.7,46.7,settle
4.69,0.776,-0.112,0.032,-46.7,46.7,settle
4.69,0.776,-0.112,0.032,-46.7,46.7,settle
4.69,0.776,-0.112,0.032,-46.7,46.7,settle
4.69,0.776,-0.112,0.032,-46.7,46.7,settle
4.69,0.776,-0.112,0.032,-46.7,46.7,settle
4.69,0.777,-0.112,0.032,-46.7,46.7,settle
4.69,0.777,-0.112,0.032,-46.7,46.7,settle
4.69,0.777,-0.112,0.032,-46.7,46.7,settle
4.69,0.777,-0.112,0.032,-46.7,46.7,settle
4.69,0.777,-0.112,0.032,-46.7,46.7,settle
4.69,0.777,-0.112,0.032,-46.7,46.7,settle
4.69,0.777,-0.112,0.032,-46.7,46.7,settle
4.69,0.778,-0.112,0.032,-46.7,46.7,settle
4.69,0.778,-0.112,0.032,-46.7,46.7,settle
4.69,0.778,-0.112,0.032,-46.7,46.7,settle
4.70,0.778,-0.112,0.032,-46.7,46.7,settle
4.70,0.778,-0.112,0.032,-46.7,46.7,settle
4.70,0.778,-0.112,0.032,-46.7,46.7,settle
4.70,0.778,-0.112,0.032,-46.7,46.7,settle
4.70,0.779,-0.112,0.032,-46.7,46.7,settle
4.70,0.779,-0.112,0.032,-46.7,46.7,settle
4.70,0.779,-0.112,0.032,-46.7,46.7,settle
4.70,0.779,-0.112,0.032,-46.7,46.7,settle
4.70,0.779,-0.112,0.032,-46.7,46.7,settle
4.70,0.779,-0.112,0.032,-46.7,46.7,settle
4.70,0.779,-0.112,0.032,-46.7,46.7,settle
4.70,0.780,-0.112,0.032,-46.7,46.7,settle
4.70,0.780,-0.112,0.032,-46.7,46.7,settle
4.70,0.780,-0.112,0.032,-46.7,46.7,settle
4.70,0.780,-0.112,0.032,-46.7,46.7,settle
4.70,0.780,-0.112,0.032,-46.7,46.7,settle
4.70,0.780,-0.112,0.032,-46.7,46.7,settle
4.70,0.780,-0.112,0.032,-46.7,46.7,settle
4.70,0.780,-0.112,0.032,-46.7,46.7,settle
4.70,0.781,-0.112,0.032,-46.7,46.7,settle
4.70,0.781,-0.112,0.032,-46.7,46.7,settle
4.70,0.781,-0.112,0.032,-46.7,46.7,settle
4.70,0.781,-0.112,0.032,-46.7,46.7,settle
4.70,0.781,-0.112,0.032,-46.7,46.7,settle
4.70,0.781,-0.112,0.032,-46.7,46.7,settle
4.71,0.781,-0.112,0.032,-46.7,46.7,settle
4.71,0.782,-0.112,0.032,-46.7,46.7,settle
4.71,0.782,-0.112,0.032,-46.7,46.7,settle
4.71,0.782,-0.112,0.032,-46.7,46.7,settle
4.71,0.782,-0.112,0.032,-46.7,46.7,settle
4.71,0.782,-0.112,0.032,-46.7,46.7,settle
4.71,0.782,-0.112,0.032,-46.7,46.7,settle
4.71,0.782,-0.112,0.032,-46.7,46.7,settle
4.71,0.782,-0.112,0.032,-46.7,46.7,settle
4.71,0.782,-0.112,0.032,-46.7,46.7,settle
4.71,0.782,-0.112,0.032,-46.7,46.7,settle
4.71,0.783,-0.112,0.032,-46.7,46.7,settle
4.71,0.783,-0.112,0.032,-46.7,46.7,settle
4.71,0.783,-0.112,0.032,-46.7,46.7,settle
4.71,0.783,-0.112,0.032,-46.7,46.7,settle
4.71,0.783,-0.112,0.032,-46.7,46.7,settle
4.71,0.783,-0.112,0.032,-46.7,46.7,settle
4.71,0.783,-0.112,0.032,-46.7,46.7,settle
4.71,0.783,-0.112,0.032,-46.7,46.7,settle
4.71,0.783,-0.112,0.032,-46.7,46.7,settle
4.71,0.784,-0.112,0.032,-46.7,46.7,settle
4.71,0.784,-0.112,0.032,-46.7,46.7,settle
4.71,0.784,-0.112,0.032,-46.7,46.7,settle
4.71,0.784,-0.112,0.032,-46.7,46.7,settle
4.71,0.784,-0.112,0.032,-46.7,46.7,settle
4.71,0.784,-0.112,0.032,-46.7,46.7,settle
4.72,0.784,-0.112,0.032,-46.7,46.7,settle
4.72,0.784,-0.112,0.032,-46.7,46.7,settle
4.72,0.785,-0.112,0.032,-46.7,46.7,settle
4.72,0.785,-0.112,0.032,-46.7,46.7,settle
4.72,0.785,-0.112,0.032,-46.7,46.7,settle
4.72,0.785,-0.112,0.032,-46.7,46.7,settle
4.72,0.785,-0.112,0.032,-46.7,46.7,settle
4.72,0.785,-0.112,0.032,-46.7,46.7,settle
4.72,0.785,-0.112,0.032,-46.7,46.7,settle
4.72,0.785,-0.112,0.032,-46.7,46.7,settle
4.72,0.786,-0.112,0.032,-46.7,46.7,settle
4.72,0.786,-0.112,0.032,-46.7,46.7,settle
4.72,0.786,-0.112,0.032,-46.7,46.7,settle
4.72,0.786,-0.112,0.032,-46.7,46.7,settle
4.72,0.786,-0.112,0.032,-46.7,46.7,settle
4.72,0.786,-0.112,0.032,-46.7,46.7,settle
4.72,0.786,-0.112,0.032,-46.7,46.7,settle
4.72,0.786,-0.112,0.032,-46.7,46.7,settle
4.72,0.787,-0.112,0.032,-46.7,46.7,settle
4.72,0.787,-0.112,0.032,-46.7,46.7,settle
4.72,0.787,-0.112,0.032,-46.7,46.7,settle
4.72,0.787,-0.112,0.032,-46.7,46.7,settle
4.72,0.787,-0.112,0.032,-46.7,46.7,settle
4.72,0.787,-0.112,0.032,-46.7,46.7,settle
4.72,0.787,-0.112,0.032,-46.7,46.7,settle
4.72,0.787,-0.112,0.032,-46.7,46.7,settle
4.72,0.787,-0.112,0.032,-46.7,46.7,settle
4.72,0.788,-0.112,0.032,-46.7,46.7,settle
4.73,0.788,-0.112,0.032,-46.7,46.7,settle
4.73,0.788,-0.112,0.032,-46.7,46.7,settle
4.73,0.788,-0.112,0.032,-46.7,46.7,settle
4.73,0.788,-0.112,0.032,-46.7,46.7,settle
4.73,0.788,-0.112,0.032,-46.7,46.7,settle
4.73,0.788,-0.112,0.032,-46.7,46.7,settle
4.73,0.788,-0.112,0.032,-46.7,46.7,settle
4.73,0.789,-0.112,0.032,-46.7,46.7,settle
4.73,0.789,-0.112,0.032,-46.7,46.7,settle
4.73,0.789,-0.112,0.032,-46.7,46.7,settle
4.73,0.789,-0.112,0.032,-46.7,46.7,settle
4.73,0.789,-0.112,0.032,-46.7,46.7,settle
4.73,0.789,-0.112,0.032,-46.7,46.7,settle
4.73,0.789,-0.112,0.032,-46.7,46.7,settle
4.73,0.789,-0.112,0.032,-46.7,46.7,settle
4.73,0.789,-0.112,0.032,-46.7,46.7,settle
4.73,0.789,-0.112,0.032,-46.7,46.7,settle
4.73,0.790,-0.112,0.032,-46.7,46.7,settle
4.73,0.790,-0.112,0.032,-46.7,46.7,settle
4.73,0.790,-0.112,0.032,-46.7,46.7,settle
4.73,0.790,-0.112,0.032,-46.7,46.7,settle
4.73,0.790,-0.112,0.032,-46.7,46.7,settle
4.73,0.790,-0.112,0.032,-46.7,46.7,settle
4.73,0.790,-0.112,0.032,-46.7,46.7,settle
4.73,0.790,-0.112,0.032,-46.7,46.7,settle
4.73,0.791,-0.112,0.032,-46.7,46.7,settle
4.73,0.791,-0.112,0.032,-46.7,46.7,settle
4.74,0.791,-0.112,0.032,-46.7,46.7,settle
4.74,0.791,-0.112,0.032,-46.7,46.7,settle
4.74,0.791,-0.112,0.032,-46.7,46.7,settle
4.74,0.791,-0.112,0.032,-46.7,46.7,settle
4.74,0.791,-0.112,0.032,-46.7,46.7,settle
4.74,0.791,-0.112,0.032,-46.7,46.7,settle
4.74,0.791,-0.112,0.032,-46.7,46.7,settle
4.74,0.792,-0.112,0.032,-46.7,46.7,settle
4.74,0.792,-0.112,0.032,-46.7,46.7,settle
4.74,0.792,-0.112,0.032,-46.7,46.7,settle
4.74,0.792,-0.112,0.032,-46.7,46.7,settle
4.74,0.792,-0.112,0.032,-46.7,46.7,settle
4.74,0.792,-0.112,0.032,-46.7,46.7,settle
4.74,0.792,-0.112,0.032,-46.7,46.7,settle
4.74,0.792,-0.112,0.032,-46.7,46.7,settle
4.74,0.793,-0.112,0.032,-46.7,46.7,settle
4.74,0.793,-0.112,0.032,-46.7,46.7,settle
4.74,0.793,-0.112,0.032,-46.7,46.7,settle
4.74,0.793,-0.112,0.032,-46.7,46.7,settle
4.74,0.793,-0.112,0.032,-46.7,46.7,settle
4.74,0.793,-0.112,0.032,-46.7,46.7,settle
4.74,0.793,-0.112,0.032,-46.7,46.7,settle
4.74,0.793,-0.112,0.032,-46.7,46.7,settle
4.74,0.794,-0.112,0.032,-46.7,46.7,settle
4.74,0.794,-0.112,0.032,-46.7,46.7,settle
4.74,0.794,-0.112,0.032,-46.7,46.7,settle
4.74,0.794,-0.112,0.032,-46.7,46.7,settle
4.75,0.794,-0.112,0.032,-46.7,46.7,settle
4.75,0.794,-0.112,0.032,-46.7,46.7,settle
4.75,0.794,-0.112,0.032,-46.7,46.7,settle
4.75,0.794,-0.112,0.032,-46.7,46.7,settle
4.75,0.794,-0.112,0.032,-46.7,46.7,settle
4.75,0.795,-0.112,0.032,-46.7,46.7,settle
4.75,0.795,-0.112,0.032,-46.7,46.7,settle
4.75,0.795,-0.112,0.032,-46.7,46.7,settle
4.75,0.795,-0.112,0.032,-46.7,46.7,settle
4.75,0.795,-0.112,0.032,-46.7,46.7,settle
4.75,0.795,-0.112,0.032,-46.7,46.7,settle
4.75,0.795,-0.112,0.032,-46.7,46.7,settle
4.75,0.795,-0.112,0.032,-46.7,46.7,settle
4.75,0.796,-0.112,0.032,-46.7,46.7,settle
4.75,0.796,-0.112,0.032,-46.7,46.7,settle
4.75,0.796,-0.112,0.032,-46.7,46.7,settle
4.75,0.796,-0.112,0.032,-46.7,46.7,settle
4.75,0.796,-0.112,0.032,-46.7,46.7,settle
4.75,0.796,-0.112,0.032,-46.7,46.7,settle
4.75,0.796,-0.112,0.032,-46.7,46.7,settle
4.75,0.796,-0.112,0.032,-46.7,46.7,settle
4.75,0.796,-0.112,0.032,-46.7,46.7,settle
4.75,0.797,-0.112,0.032,-46.7,46.7,settle
4.75,0.797,-0.112,0.032,-46.7,46.7,settle
4.75,0.797,-0.112,0.032,-46.7,46.7,settle
4.75,0.797,-0.112,0.032,-46.7,46.7,settle
4.76,0.797,-0.112,0.032,-46.7,46.7,settle
4.76,0.797,-0.112,0.032,-46.7,46.7,settle
4.76,0.797,-0.112,0.032,-46.7,46.7,settle
4.76,0.797,-0.112,0.032,-46.7,46.7,settle
4.76,0.798,-0.112,0.032,-46.7,46.7,settle
4.76,0.798,-0.112,0.032,-46.7,46.7,settle
4.76,0.798,-0.112,0.032,-46.7,46.7,settle
4.76,0.798,-0.112,0.032,-46.7,46.7,settle
4.76,0.798,-0.112,0.032,-46.7,46.7,settle
4.76,0.798,-0.112,0.032,-46.7,46.7,settle
4.76,0.798,-0.112,0.032,-46.7,46.7,settle
4.76,0.798,-0.112,0.032,-46.7,46.7,settle
4.76,0.799,-0.112,0.032,-46.7,46.7,settle
4.76,0.799,-0.112,0.032,-46.7,46.7,settle
4.76,0.799,-0.112,0.032,-46.7,46.7,settle
4.76,0.799,-0.112,0.032,-46.7,46.7,settle
4.76,0.799,-0.112,0.032,-46.7,46.7,settle
4.76,0.799,-0.112,0.032,-46.7,46.7,settle
4.76,0.799,-0.112,0.032,-46.7,46.7,settle
4.76,0.799,-0.112,0.032,-46.7,46.7,settle
4.76,0.800,-0.112,0.032,-46.7,46.7,settle
4.76,0.800,-0.112,0.032,-46.7,46.7,settle
4.76,0.800,-0.112,0.032,-46.7,46.7,settle
4.76,0.800,-0.112,0.032,-46.7,46.7,settle
4.76,0.800,-0.112,0.032,-46.7,46.7,settle
4.76,0.800,-0.112,0.032,-46.7,46.7,settle
4.76,0.800,-0.112,0.032,-46.7,46.7,settle
4.77,0.800,-0.112,0.032,-46.7,46.7,settle
4.77,0.800,-0.112,0.032,-46.7,46.7,settle
4.77,0.801,-0.112,0.032,-46.7,46.7,settle
4.77,0.801,-0.112,0.032,-46.7,46.7,settle
4.77,0.801,-0.112,0.032,-46.7,46.7,settle
4.77,0.801,-0.112,0.032,-46.7,46.7,settle
4.77,0.801,-0.112,0.032,-46.7,46.7,settle
4.77,0.801,-0.112,0.032,-46.7,46.7,settle
4.77,0.801,-0.112,0.032,-46.7,46.7,settle
4.77,0.802,-0.112,0.032,-46.7,46.7,settle
4.77,0.802,-0.112,0.032,-46.7,46.7,settle
4.77,0.802,-0.112,0.032,-46.7,46.7,settle
4.77,0.802,-0.112,0.032,-46.7,46.7,settle
4.77,0.802,-0.112,0.032,-46.7,46.7,settle
4.77,0.802,-0.112,0.032,-46.7,46.7,settle
4.77,0.802,-0.112,0.032,-46.7,46.7,settle
4.77,0.802,-0.112,0.032,-46.7,46.7,settle
4.77,0.802,-0.112,0.032,-46.7,46.7,settle
4.77,0.803,-0.112,0.032,-46.7,46.7,settle
4.77,0.803,-0.112,0.032,-46.7,46.7,settle
4.77,0.803,-0.112,0.032,-46.7,46.7,settle
4.77,0.803,-0.112,0.032,-46.7,46.7,settle
4.77,0.803,-0.112,0.032,-46.7,46.7,settle
4.77,0.803,-0.112,0.032,-46.7,46.7,settle
4.77,0.803,-0.112,0.032,-46.7,46.7,settle
4.77,0.803,-0.112,0.032,-46.7,46.7,settle
4.77,0.803,-0.112,0.032,-46.7,46.7,settle
4.78,0.803,-0.112,0.032,-46.7,46.7,settle
4.78,0.804,-0.112,0.032,-46.7,46.7,settle
4.78,0.804,-0.112,0.032,-46.7,46.7,settle
4.78,0.804,-0.112,0.032,-46.7,46.7,settle
4.78,0.804,-0.112,0.032,-46.7,46.7,settle
4.78,0.804,-0.112,0.032,-46.7,46.7,settle
4.78,0.804,-0.112,0.032,-46.7,46.7,settle
4.78,0.804,-0.112,0.032,-46.7,46.7,settle
4.78,0.804,-0.112,0.032,-46.7,46.7,settle
4.78,0.805,-0.112,0.032,-46.7,46.7,settle
4.78,0.805,-0.112,0.032,-46.7,46.7,settle
4.78,0.805,-0.112,0.032,-46.7,46.7,settle
4.78,0.805,-0.112,0.032,-46.7,46.7,settle
4.78,0.805,-0.112,0.032,-46.7,46.7,settle
4.78,0.805,-0.112,0.032,-46.7,46.7,settle
4.78,0.805,-0.112,0.032,-46.7,46.7,settle
4.78,0.805,-0.112,0.032,-46.7,46.7,settle
4.78,0.806,-0.112,0.032,-46.7,46.7,settle
4.78,0.806,-0.112,0.032,-46.7,46.7,settle
4.78,0.806,-0.112,0.032,-46.7,46.7,settle
4.78,0.806,-0.112,0.032,-46.7,46.7,settle
4.78,0.806,-0.112,0.032,-46.7,46.7,settle
4.78,0.806,-0.112,0.032,-46.7,46.7,settle
4.78,0.806,-0.112,0.032,-46.7,46.7,settle
4.78,0.806,-0.112,0.032,-46.7,46.7,settle
4.78,0.807,-0.112,0.032,-46.7,46.7,settle
4.79,0.807,-0.112,0.032,-46.7,46.7,settle
4.79,0.807,-0.112,0.032,-46.7,46.7,settle
4.79,0.807,-0.112,0.032,-46.7,46.7,settle
4.79,0.807,-0.112,0.032,-46.7,46.7,settle
4.79,0.807,-0.112,0.032,-46.7,46.7,settle
4.79,0.807,-0.112,0.032,-46.7,46.7,settle
4.79,0.807,-0.112,0.032,-46.7,46.7,settle
4.79,0.807,-0.112,0.032,-46.7,46.7,settle
4.79,0.808,-0.112,0.032,-46.7,46.7,settle
4.79,0.808,-0.112,0.032,-46.7,46.7,settle
4.79,0.808,-0.112,0.032,-46.7,46.7,settle
4.79,0.808,-0.112,0.032,-46.7,46.7,settle
4.79,0.808,-0.112,0.032,-46.7,46.7,settle
4.79,0.808,-0.112,0.032,-46.7,46.7,settle
4.79,0.808,-0.112,0.032,-46.7,46.7,settle
4.79,0.808,-0.112,0.032,-46.7,46.7,settle
4.79,0.809,-0.112,0.032,-46.7,46.7,settle
4.79,0.809,-0.112,0.032,-46.7,46.7,settle
4.79,0.809,-0.112,0.032,-46.7,46.7,settle
4.79,0.809,-0.112,0.032,-46.7,46.7,settle
4.79,0.809,-0.112,0.032,-46.7,46.7,settle
4.79,0.809,-0.112,0.032,-46.7,46.7,settle
4.79,0.809,-0.112,0.032,-46.7,46.7,settle
4.79,0.809,-0.112,0.032,-46.7,46.7,settle
4.79,0.810,-0.112,0.032,-46.7,46.7,settle
4.79,0.810,-0.112,0.032,-46.7,46.7,settle
4.79,0.810,-0.112,0.032,-46.7,46.7,settle
4.79,0.810,-0.112,0.032,-46.7,46.7,settle
4.80,0.810,-0.112,0.032,-46.7,46.7,settle
4.80,0.810,-0.112,0.032,-46.7,46.7,settle
4.80,0.810,-0.112,0.032,-46.7,46.7,settle
4.80,0.811,-0.112,0.032,-46.7,46.7,settle
4.80,0.811,-0.112,0.032,-46.7,46.7,settle
4.80,0.811,-0.112,0.032,-46.7,46.7,settle
4.80,0.811,-0.112,0.032,-46.7,46.7,settle
4.80,0.811,-0.112,0.032,-46.7,46.7,settle
4.80,0.811,-0.112,0.032,-46.7,46.7,settle
4.80,0.811,-0.112,0.032,-46.7,46.7,settle
4.80,0.811,-0.112,0.032,-46.7,46.7,settle
4.80,0.811,-0.112,0.032,-46.7,46.7,settle
4.80,0.811,-0.112,0.032,-46.7,46.7,settle
4.80,0.811,-0.112,0.032,-46.7,46.7,settle
4.80,0.812,-0.112,0.032,-46.7,46.7,settle
4.80,0.812,-0.112,0.032,-46.7,46.7,settle
4.80,0.812,-0.112,0.032,-46.7,46.7,settle
4.80,0.812,-0.112,0.032,-46.7,46.7,settle
4.80,0.812,-0.112,0.032,-46.7,46.7,settle
4.80,0.812,-0.112,0.032,-46.7,46.7,settle
4.80,0.812,-0.112,0.032,-46.7,46.7,settle
4.80,0.812,-0.112,0.032,-46.7,46.7,settle
4.80,0.813,-0.112,0.032,-46.7,46.7,settle
4.80,0.813,-0.112,0.032,-46.7,46.7,settle
4.80,0.813,-0.112,0.032,-46.7,46.7,settle
4.80,0.813,-0.112,0.032,-46.7,46.7,settle
4.81,0.813,-0.112,0.032,-46.7,46.7,settle
4.81,0.813,-0.112,0.032,-46.7,46.7,settle
4.81,0.813,-0.112,0.032,-46.7,46.7,settle
4.81,0.813,-0.112,0.032,-46.7,46.7,settle
4.81,0.814,-0.112,0.032,-46.7,46.7,settle
4.81,0.814,-0.112,0.032,-46.7,46.7,settle
4.81,0.814,-0.112,0.032,-46.7,46.7,settle
4.81,0.814,-0.112,0.032,-46.7,46.7,settle
4.81,0.814,-0.112,0.032,-46.7,46.7,settle
4.81,0.814,-0.112,0.032,-46.7,46.7,settle
4.81,0.814,-0.112,0.032,-46.7,46.7,settle
4.81,0.814,-0.112,0.032,-46.7,46.7,settle
4.81,0.815,-0.112,0.032,-46.7,46.7,settle
4.81,0.815,-0.112,0.032,-46.7,46.7,settle
4.81,0.815,-0.112,0.032,-46.7,46.7,settle
4.81,0.815,-0.112,0.032,-46.7,46.7,settle
4.81,0.815,-0.112,0.032,-46.7,46.7,settle
4.81,0.815,-0.112,0.032,-46.7,46.7,settle
4.81,0.815,-0.112,0.032,-46.7,46.7,settle
4.81,0.815,-0.112,0.032,-46.7,46.7,settle
4.81,0.816,-0.112,0.032,-46.7,46.7,settle
4.81,0.816,-0.112,0.032,-46.7,46.7,settle
4.81,0.816,-0.112,0.032,-46.7,46.7,settle
4.81,0.816,-0.112,0.032,-46.7,46.7,settle
4.81,0.816,-0.112,0.032,-46.7,46.7,settle
4.81,0.816,-0.112,0.032,-46.7,46.7,settle
4.82,0.816,-0.112,0.032,-46.7,46.7,settle
4.82,0.816,-0.112,0.032,-46.7,46.7,settle
4.82,0.817,-0.112,0.032,-46.7,46.7,settle
4.82,0.817,-0.112,0.032,-46.7,46.7,settle
4.82,0.817,-0.112,0.032,-46.7,46.7,settle
4.82,0.817,-0.112,0.032,-46.7,46.7,settle
4.82,0.817,-0.112,0.032,-46.7,46.7,settle
4.82,0.817,-0.112,0.032,-46.7,46.7,settle
4.82,0.817,-0.112,0.032,-46.7,46.7,settle
4.82,0.818,-0.112,0.032,-46.7,46.7,settle
4.82,0.818,-0.112,0.032,-46.7,46.7,settle
4.82,0.818,-0.112,0.032,-46.7,46.7,settle
4.82,0.818,-0.112,0.032,-46.7,46.7,settle
4.82,0.818,-0.112,0.032,-46.7,46.7,settle
4.82,0.818,-0.112,0.032,-46.7,46.7,settle
4.82,0.818,-0.112,0.032,-46.7,46.7,settle
4.82,0.818,-0.112,0.032,-46.7,46.7,settle
4.82,0.818,-0.112,0.032,-46.7,46.7,settle
4.82,0.818,-0.112,0.032,-46.7,46.7,settle
4.82,0.819,-0.112,0.032,-46.7,46.7,settle
4.82,0.819,-0.112,0.032,-46.7,46.7,settle
4.82,0.819,-0.112,0.032,-46.7,46.7,settle
4.82,0.819,-0.112,0.032,-46.7,46.7,settle
4.82,0.819,-0.112,0.032,-46.7,46.7,settle
4.82,0.819,-0.112,0.032,-46.7,46.7,settle
4.82,0.819,-0.112,0.032,-46.7,46.7,settle
4.83,0.819,-0.112,0.032,-46.7,46.7,settle
4.83,0.820,-0.112,0.032,-46.7,46.7,settle
4.83,0.820,-0.112,0.032,-46.7,46.7,settle
4.83,0.820,-0.112,0.032,-46.7,46.7,settle
4.83,0.820,-0.112,0.032,-46.7,46.7,settle
4.83,0.820,-0.112,0.032,-46.7,46.7,settle
4.83,0.820,-0.112,0.032,-46.7,46.7,settle
4.83,0.820,-0.112,0.032,-46.7,46.7,settle
4.83,0.820,-0.112,0.032,-46.7,46.7,settle
4.83,0.821,-0.112,0.032,-46.7,46.7,settle
4.83,0.821,-0.112,0.032,-46.7,46.7,settle
4.83,0.821,-0.112,0.032,-46.7,46.7,settle
4.83,0.821,-0.112,0.032,-46.7,46.7,settle
4.83,0.821,-0.112,0.032,-46.7,46.7,settle
4.83,0.821,-0.112,0.032,-46.7,46.7,settle
4.83,0.821,-0.112,0.032,-46.7,46.7,settle
4.83,0.821,-0.112,0.032,-46.7,46.7,settle
4.83,0.822,-0.112,0.032,-46.7,46.7,settle
4.83,0.822,-0.112,0.032,-46.7,46.7,settle
4.83,0.822,-0.112,0.032,-46.7,46.7,settle
4.83,0.822,-0.112,0.032,-46.7,46.7,settle
4.83,0.822,-0.112,0.032,-46.7,46.7,settle
4.83,0.822,-0.112,0.032,-46.7,46.7,settle
4.83,0.822,-0.112,0.032,-46.7,46.7,settle
4.83,0.822,-0.112,0.032,-46.7,46.7,settle
4.84,0.823,-0.112,0.032,-46.7,46.7,settle
4.84,0.823,-0.112,0.032,-46.7,46.7,settle
4.84,0.823,-0.112,0.032,-46.7,46.7,settle
4.84,0.823,-0.112,0.032,-46.7,46.7,settle
4.84,0.823,-0.112,0.032,-46.7,46.7,settle
4.84,0.823,-0.112,0.032,-46.7,46.7,settle
4.84,0.823,-0.112,0.032,-46.7,46.7,settle
4.84,0.823,-0.112,0.032,-46.7,46.7,settle
4.84,0.824,-0.112,0.032,-46.7,46.7,settle
4.84,0.824,-0.112,0.032,-46.7,46.7,settle
4.84,0.824,-0.112,0.032,-46.7,46.7,settle
4.84,0.824,-0.112,0.032,-46.7,46.7,settle
4.84,0.824,-0.112,0.032,-46.7,46.7,settle
4.84,0.824,-0.112,0.032,-46.7,46.7,settle
4.84,0.824,-0.112,0.032,-46.7,46.7,settle
4.84,0.824,-0.112,0.032,-46.7,46.7,settle
4.84,0.825,-0.112,0.032,-46.7,46.7,settle
4.84,0.825,-0.112,0.032,-46.7,46.7,settle
4.84,0.825,-0.112,0.032,-46.7,46.7,settle
4.84,0.825,-0.112,0.032,-46.7,46.7,settle
4.84,0.825,-0.112,0.032,-46.7,46.7,settle
4.84,0.825,-0.112,0.032,-46.7,46.7,settle
4.84,0.825,-0.112,0.032,-46.7,46.7,settle
4.84,0.825,-0.112,0.032,-46.7,46.7,settle
4.84,0.825,-0.112,0.032,-46.7,46.7,settle
4.84,0.825,-0.112,0.032,-46.7,46.7,settle
4.84,0.825,-0.112,0.032,-46.7,46.7,settle
4.85,0.826,-0.112,0.032,-46.7,46.7,settle
4.85,0.826,-0.112,0.032,-46.7,46.7,settle
4.85,0.826,-0.112,0.032,-46.7,46.7,settle
4.85,0.826,-0.112,0.032,-46.7,46.7,settle
4.85,0.826,-0.112,0.032,-46.7,46.7,settle
4.85,0.826,-0.112,0.032,-46.7,46.7,settle
4.85,0.826,-0.112,0.032,-46.7,46.7,settle
4.85,0.826,-0.112,0.032,-46.7,46.7,settle
4.85,0.827,-0.112,0.032,-46.7,46.7,settle
4.85,0.827,-0.112,0.032,-46.7,46.7,settle
4.85,0.827,-0.112,0.032,-46.7,46.7,settle
4.85,0.827,-0.112,0.032,-46.7,46.7,settle
4.85,0.827,-0.112,0.032,-46.7,46.7,settle
4.85,0.827,-0.112,0.032,-46.7,46.7,settle
4.85,0.827,-0.112,0.032,-46.7,46.7,settle
4.85,0.827,-0.112,0.032,-46.7,46.7,settle
4.85,0.828,-0.112,0.032,-46.7,46.7,settle
4.85,0.828,-0.112,0.032,-46.7,46.7,settle
4.85,0.828,-0.112,0.032,-46.7,46.7,settle
4.85,0.828,-0.112,0.032,-46.7,46.7,settle
4.85,0.828,-0.112,0.032,-46.7,46.7,settle
4.85,0.828,-0.112,0.032,-46.7,46.7,settle
4.85,0.828,-0.112,0.032,-46.7,46.7,settle
4.85,0.829,-0.112,0.032,-46.7,46.7,settle
4.85,0.829,-0.112,0.032,-46.7,46.7,settle
4.85,0.829,-0.112,0.032,-46.7,46.7,settle
4.86,0.829,-0.112,0.032,-46.7,46.7,settle
4.86,0.829,-0.112,0.032,-46.7,46.7,settle
4.86,0.829,-0.112,0.032,-46.7,46.7,settle
4.86,0.829,-0.112,0.032,-46.7,46.7,settle
4.86,0.829,-0.112,0.032,-46.7,46.7,settle
4.86,0.830,-0.112,0.032,-46.7,46.7,settle
4.86,0.830,-0.112,0.032,-46.7,46.7,settle
4.86,0.830,-0.112,0.032,-46.7,46.7,settle
4.86,0.830,-0.112,0.032,-46.7,46.7,settle
4.86,0.830,-0.112,0.032,-46.7,46.7,settle
4.86,0.830,-0.112,0.032,-46.7,46.7,settle
4.86,0.830,-0.112,0.032,-46.7,46.7,settle
4.86,0.830,-0.112,0.032,-46.7,46.7,settle
4.86,0.831,-0.112,0.032,-46.7,46.7,settle
4.86,0.831,-0.112,0.032,-46.7,46.7,settle
4.86,0.831,-0.112,0.032,-46.7,46.7,settle
4.86,0.831,-0.112,0.032,-46.7,46.7,settle
4.86,0.831,-0.112,0.032,-46.7,46.7,settle
4.86,0.831,-0.112,0.032,-46.7,46.7,settle
4.86,0.831,-0.112,0.032,-46.7,46.7,settle
4.86,0.831,-0.112,0.032,-46.7,46.7,settle
4.86,0.832,-0.112,0.032,-46.7,46.7,settle
4.86,0.832,-0.112,0.032,-46.7,46.7,settle
4.86,0.832,-0.112,0.032,-46.7,46.7,settle
4.86,0.832,-0.112,0.032,-46.7,46.7,settle
4.86,0.832,-0.112,0.032,-46.7,46.7,settle
4.86,0.832,-0.112,0.032,-46.7,46.7,settle
4.87,0.832,-0.112,0.032,-46.7,46.7,settle
4.87,0.832,-0.112,0.032,-46.7,46.7,settle
4.87,0.832,-0.112,0.032,-46.7,46.7,settle
4.87,0.832,-0.112,0.032,-46.7,46.7,settle
4.87,0.833,-0.112,0.032,-46.7,46.7,settle
4.87,0.833,-0.112,0.032,-46.7,46.7,settle
4.87,0.833,-0.112,0.032,-46.7,46.7,settle
4.87,0.833,-0.112,0.032,-46.7,46.7,settle
4.87,0.833,-0.112,0.032,-46.7,46.7,settle
4.87,0.833,-0.112,0.032,-46.7,46.7,settle
4.87,0.833,-0.112,0.032,-46.7,46.7,settle
4.87,0.833,-0.112,0.032,-46.7,46.7,settle
4.87,0.833,-0.112,0.032,-46.7,46.7,settle
4.87,0.834,-0.112,0.032,-46.7,46.7,settle
4.87,0.834,-0.112,0.032,-46.7,46.7,settle
4.87,0.834,-0.112,0.032,-46.7,46.7,settle
4.87,0.834,-0.112,0.032,-46.7,46.7,settle
4.87,0.834,-0.112,0.032,-46.7,46.7,settle
4.87,0.834,-0.112,0.032,-46.7,46.7,settle
4.87,0.834,-0.112,0.032,-46.7,46.7,settle
4.87,0.834,-0.112,0.032,-46.7,46.7,settle
4.87,0.835,-0.112,0.032,-46.7,46.7,settle
4.87,0.835,-0.112,0.032,-46.7,46.7,settle
4.87,0.835,-0.112,0.032,-46.7,46.7,settle
4.87,0.835,-0.112,0.032,-46.7,46.7,settle
4.87,0.835,-0.112,0.032,-46.7,46.7,settle
4.87,0.835,-0.112,0.032,-46.7,46.7,settle
4.88,0.835,-0.112,0.032,-46.7,46.7,settle
4.88,0.835,-0.112,0.032,-46.7,46.7,settle
4.88,0.836,-0.112,0.032,-46.7,46.7,settle
4.88,0.836,-0.112,0.032,-46.7,46.7,settle
4.88,0.836,-0.112,0.032,-46.7,46.7,settle
4.88,0.836,-0.112,0.032,-46.7,46.7,settle
4.88,0.836,-0.112,0.032,-46.7,46.7,settle
4.88,0.836,-0.112,0.032,-46.7,46.7,settle
4.88,0.836,-0.112,0.032,-46.7,46.7,settle
4.88,0.836,-0.112,0.032,-46.7,46.7,settle
4.88,0.837,-0.112,0.032,-46.7,46.7,settle
4.88,0.837,-0.112,0.032,-46.7,46.7,settle
4.88,0.837,-0.112,0.032,-46.7,46.7,settle
4.88,0.837,-0.112,0.032,-46.7,46.7,settle
4.88,0.837,-0.112,0.032,-46.7,46.7,settle
4.88,0.837,-0.112,0.032,-46.7,46.7,settle
4.88,0.837,-0.112,0.032,-46.7,46.7,settle
4.88,0.838,-0.112,0.032,-46.7,46.7,settle
4.88,0.838,-0.112,0.032,-46.7,46.7,settle
4.88,0.838,-0.112,0.032,-46.7,46.7,settle
4.88,0.838,-0.112,0.032,-46.7,46.7,settle
4.88,0.838,-0.112,0.032,-46.7,46.7,settle
4.88,0.838,-0.112,0.032,-46.7,46.7,settle
4.88,0.838,-0.112,0.032,-46.7,46.7,settle
4.88,0.838,-0.112,0.032,-46.7,46.7,settle
4.89,0.839,-0.112,0.032,-46.7,46.7,settle
4.89,0.839,-0.112,0.032,-46.7,46.7,settle
4.89,0.839,-0.112,0.032,-46.7,46.7,settle
4.89,0.839,-0.112,0.032,-46.7,46.7,settle
4.89,0.839,-0.112,0.032,-46.7,46.7,settle
4.89,0.839,-0.112,0.032,-46.7,46.7,settle
4.89,0.839,-0.112,0.032,-46.7,46.7,settle
4.89,0.839,-0.112,0.032,-46.7,46.7,settle
4.89,0.840,-0.112,0.032,-46.7,46.7,settle
4.89,0.840,-0.112,0.032,-46.7,46.7,settle
4.89,0.840,-0.112,0.032,-46.7,46.7,settle
4.89,0.840,-0.113,0.032,-46.7,46.7,settle
4.89,0.840,-0.113,0.032,-46.7,46.7,settle
4.89,0.840,-0.113,0.032,-46.7,46.7,settle
4.89,0.840,-0.113,0.032,-46.7,46.7,settle
4.89,0.840,-0.113,0.032,-46.7,46.7,settle
4.89,0.840,-0.113,0.032,-46.7,46.7,settle
4.89,0.840,-0.113,0.032,-46.7,46.7,settle
4.89,0.840,-0.113,0.032,-46.7,46.7,settle
4.89,0.841,-0.113,0.032,-46.7,46.7,settle
4.89,0.841,-0.113,0.032,-46.7,46.7,settle
4.89,0.841,-0.113,0.032,-46.7,46.7,settle
4.89,0.841,-0.113,0.032,-46.7,46.7,settle
4.89,0.841,-0.113,0.032,-46.7,46.7,settle
4.89,0.841,-0.113,0.032,-46.7,46.7,settle
4.89,0.841,-0.113,0.032,-46.7,46.7,settle
4.89,0.841,-0.113,0.032,-46.7,46.7,settle
4.89,0.842,-0.113,0.032,-46.7,46.7,settle
4.90,0.842,-0.113,0.032,-46.7,46.7,settle
4.90,0.842,-0.113,0.032,-46.7,46.7,settle
4.90,0.842,-0.113,0.032,-46.7,46.7,settle
4.90,0.842,-0.113,0.032,-46.7,46.7,settle
4.90,0.842,-0.113,0.032,-46.7,46.7,settle
4.90,0.842,-0.113,0.032,-46.7,46.7,settle
4.90,0.842,-0.113,0.032,-46.7,46.7,settle
4.90,0.842,-0.113,0.032,-46.7,46.7,settle
4.90,0.843,-0.113,0.032,-46.7,46.7,settle
4.90,0.843,-0.113,0.032,-46.7,46.7,settle
4.90,0.843,-0.113,0.032,-46.7,46.7,settle
4.90,0.843,-0.113,0.032,-46.7,46.7,settle
4.90,0.843,-0.113,0.032,-46.7,46.7,settle
4.90,0.843,-0.113,0.032,-46.7,46.7,settle
4.90,0.843,-0.113,0.032,-46.7,46.7,settle
4.90,0.844,-0.113,0.032,-46.7,46.7,settle
4.90,0.844,-0.113,0.032,-46.7,46.7,settle
4.90,0.844,-0.113,0.032,-46.7,46.7,settle
4.90,0.844,-0.113,0.032,-46.7,46.7,settle
4.90,0.844,-0.113,0.032,-46.7,46.7,settle
4.90,0.844,-0.113,0.032,-46.7,46.7,settle
4.90,0.844,-0.113,0.032,-46.7,46.7,settle
4.90,0.844,-0.113,0.032,-46.7,46.7,settle
4.90,0.845,-0.113,0.032,-46.7,46.7,settle
4.90,0.845,-0.113,0.032,-46.7,46.7,settle
4.90,0.845,-0.113,0.032,-46.7,46.7,settle
4.91,0.845,-0.113,0.032,-46.7,46.7,settle
4.91,0.845,-0.113,0.032,-46.7,46.7,settle
4.91,0.845,-0.113,0.032,-46.7,46.7,settle
4.91,0.845,-0.113,0.032,-46.7,46.7,settle
4.91,0.845,-0.113,0.032,-46.7,46.7,settle
4.91,0.846,-0.113,0.032,-46.7,46.7,settle
4.91,0.846,-0.113,0.032,-46.7,46.7,settle
4.91,0.846,-0.113,0.032,-46.7,46.7,settle
4.91,0.846,-0.113,0.032,-46.7,46.7,settle
4.91,0.846,-0.113,0.032,-46.7,46.7,settle
4.91,0.846,-0.113,0.032,-46.7,46.7,settle
4.91,0.846,-0.113,0.032,-46.7,46.7,settle
4.91,0.846,-0.113,0.032,-46.7,46.7,settle
4.91,0.847,-0.113,0.032,-46.7,46.7,settle
4.91,0.847,-0.113,0.032,-46.7,46.7,settle
4.91,0.847,-0.113,0.032,-46.7,46.7,settle
4.91,0.847,-0.113,0.032,-46.7,46.7,settle
4.91,0.847,-0.113,0.032,-46.7,46.7,settle
4.91,0.847,-0.113,0.032,-46.7,46.7,settle
4.91,0.847,-0.113,0.032,-46.7,46.7,settle
4.91,0.847,-0.113,0.032,-46.7,46.7,settle
4.91,0.847,-0.113,0.032,-46.7,46.7,settle
4.91,0.847,-0.113,0.032,-46.7,46.7,settle
4.91,0.847,-0.113,0.032,-46.7,46.7,settle
4.91,0.848,-0.113,0.032,-46.7,46.7,settle
4.91,0.848,-0.113,0.032,-46.7,46.7,settle
4.92,0.848,-0.113,0.032,-46.7,46.7,settle
4.92,0.848,-0.113,0.032,-46.7,46.7,settle
4.92,0.848,-0.113,0.032,-46.7,46.7,settle
4.92,0.848,-0.113,0.032,-46.7,46.7,settle
4.92,0.848,-0.113,0.032,-46.7,46.7,settle
4.92,0.848,-0.113,0.032,-46.7,46.7,settle
4.92,0.849,-0.113,0.032,-46.7,46.7,settle
4.92,0.849,-0.113,0.032,-46.7,46.7,settle
4.92,0.849,-0.113,0.032,-46.7,46.7,settle
4.92,0.849,-0.113,0.032,-46.7,46.7,settle
4.92,0.849,-0.113,0.032,-46.7,46.7,settle
4.92,0.849,-0.113,0.032,-46.7,46.7,settle
4.92,0.849,-0.113,0.032,-46.7,46.7,settle
4.92,0.849,-0.113,0.032,-46.7,46.7,settle
4.92,0.850,-0.113,0.032,-46.7,46.7,settle
4.92,0.850,-0.113,0.032,-46.7,46.7,settle
4.92,0.850,-0.113,0.032,-46.7,46.7,settle
4.92,0.850,-0.113,0.032,-46.7,46.7,settle
4.92,0.850,-0.113,0.032,-46.7,46.7,settle
4.92,0.850,-0.113,0.032,-46.7,46.7,settle
4.92,0.850,-0.113,0.032,-46.7,46.7,settle
4.92,0.851,-0.113,0.032,-46.7,46.7,settle
4.92,0.851,-0.113,0.032,-46.7,46.7,settle
4.92,0.851,-0.113,0.032,-46.7,46.7,settle
4.92,0.851,-0.113,0.032,-46.7,46.7,settle
4.92,0.851,-0.113,0.032,-46.7,46.7,settle
4.93,0.851,-0.113,0.032,-46.7,46.7,settle
4.93,0.851,-0.113,0.032,-46.7,46.7,settle
4.93,0.851,-0.113,0.032,-46.7,46.7,settle
4.93,0.852,-0.113,0.032,-46.7,46.7,settle
4.93,0.852,-0.113,0.032,-46.7,46.7,settle
4.93,0.852,-0.113,0.032,-46.7,46.7,settle
4.93,0.852,-0.113,0.032,-46.7,46.7,settle
4.93,0.852,-0.113,0.032,-46.7,46.7,settle
4.93,0.852,-0.113,0.032,-46.7,46.7,settle
4.93,0.852,-0.113,0.032,-46.7,46.7,settle
4.93,0.853,-0.113,0.032,-46.7,46.7,settle
4.93,0.853,-0.113,0.032,-46.7,46.7,settle
4.93,0.853,-0.113,0.032,-46.7,46.7,settle
4.93,0.853,-0.113,0.032,-46.7,46.7,settle
4.93,0.853,-0.113,0.032,-46.7,46.7,settle
4.93,0.853,-0.113,0.032,-46.7,46.7,settle
4.93,0.853,-0.113,0.032,-46.7,46.7,settle
4.93,0.853,-0.113,0.032,-46.7,46.7,settle
4.93,0.854,-0.113,0.032,-46.7,46.7,settle
4.93,0.854,-0.113,0.032,-46.7,46.7,settle
4.93,0.854,-0.113,0.032,-46.7,46.7,settle
4.93,0.854,-0.113,0.032,-46.7,46.7,settle
4.93,0.854,-0.113,0.032,-46.7,46.7,settle
4.93,0.854,-0.113,0.032,-46.7,46.7,settle
4.93,0.854,-0.113,0.032,-46.7,46.7,settle
4.94,0.854,-0.113,0.032,-46.7,46.7,settle
4.94,0.854,-0.113,0.032,-46.7,46.7,settle
4.94,0.854,-0.113,0.032,-46.7,46.7,settle
4.94,0.855,-0.113,0.032,-46.7,46.7,settle
4.94,0.855,-0.113,0.032,-46.7,46.7,settle
4.94,0.855,-0.113,0.032,-46.7,46.7,settle
4.94,0.855,-0.113,0.032,-46.7,46.7,settle
4.94,0.855,-0.113,0.032,-46.7,46.7,settle
4.94,0.855,-0.113,0.032,-46.7,46.7,settle
4.94,0.855,-0.113,0.032,-46.7,46.7,settle
4.94,0.855,-0.113,0.032,-46.7,46.7,settle
4.94,0.856,-0.113,0.032,-46.7,46.7,settle
4.94,0.856,-0.113,0.032,-46.7,46.7,settle
4.94,0.856,-0.113,0.032,-46.7,46.7,settle
4.94,0.856,-0.113,0.032,-46.7,46.7,settle
4.94,0.856,-0.113,0.032,-46.7,46.7,settle
4.94,0.856,-0.113,0.032,-46.7,46.7,settle
4.94,0.856,-0.113,0.032,-46.7,46.7,settle
4.94,0.857,-0.113,0.032,-46.7,46.7,settle
4.94,0.857,-0.113,0.032,-46.7,46.7,settle
4.94,0.857,-0.113,0.032,-46.7,46.7,settle
4.94,0.857,-0.113,0.032,-46.7,46.7,settle
4.94,0.857,-0.113,0.032,-46.7,46.7,settle
4.94,0.857,-0.113,0.032,-46.7,46.7,settle
4.94,0.857,-0.113,0.032,-46.7,46.7,settle
4.95,0.858,-0.113,0.032,-46.7,46.7,settle
4.95,0.858,-0.113,0.032,-46.7,46.7,settle
4.95,0.858,-0.113,0.032,-46.7,46.7,settle
4.95,0.858,-0.113,0.032,-46.7,46.7,settle
4.95,0.858,-0.113,0.032,-46.7,46.7,settle
4.95,0.858,-0.113,0.032,-46.7,46.7,settle
4.95,0.858,-0.113,0.032,-46.7,46.7,settle
4.95,0.858,-0.113,0.032,-46.7,46.7,settle
4.95,0.859,-0.113,0.032,-46.7,46.7,settle
4.95,0.859,-0.113,0.032,-46.7,46.7,settle
4.95,0.859,-0.113,0.032,-46.7,46.7,settle
4.95,0.859,-0.113,0.032,-46.7,46.7,settle
4.95,0.859,-0.113,0.032,-46.7,46.7,settle
4.95,0.859,-0.113,0.032,-46.7,46.7,settle
4.95,0.859,-0.113,0.032,-46.7,46.7,settle
4.95,0.860,-0.113,0.032,-46.7,46.7,settle
4.95,0.860,-0.113,0.032,-46.7,46.7,settle
4.95,0.860,-0.113,0.032,-46.7,46.7,settle
4.95,0.860,-0.113,0.032,-46.7,46.7,settle
4.95,0.860,-0.113,0.032,-46.7,46.7,settle
4.95,0.860,-0.113,0.032,-46.7,46.7,settle
4.95,0.860,-0.113,0.032,-46.7,46.7,settle
4.95,0.860,-0.113,0.032,-46.7,46.7,settle
4.95,0.861,-0.113,0.032,-46.7,46.7,settle
4.95,0.861,-0.113,0.032,-46.7,46.7,settle
4.95,0.861,-0.113,0.032,-46.7,46.7,settle
4.96,0.861,-0.113,0.032,-46.7,46.7,settle
4.96,0.861,-0.113,0.032,-46.7,46.7,settle
4.96,0.861,-0.113,0.032,-46.7,46.7,settle
4.96,0.861,-0.113,0.032,-46.7,46.7,settle
4.96,0.861,-0.113,0.032,-46.7,46.7,settle
4.96,0.861,-0.113,0.032,-46.7,46.7,settle
4.96,0.861,-0.113,0.032,-46.7,46.7,settle
4.96,0.862,-0.113,0.032,-46.7,46.7,settle
4.96,0.862,-0.113,0.032,-46.7,46.7,settle
4.96,0.862,-0.113,0.032,-46.7,46.7,settle
4.96,0.862,-0.113,0.032,-46.7,46.7,settle
4.96,0.862,-0.113,0.032,-46.7,46.7,settle
4.96,0.862,-0.113,0.032,-46.7,46.7,settle
4.96,0.862,-0.113,0.032,-46.7,46.7,settle
4.96,0.862,-0.113,0.032,-46.7,46.7,settle
4.96,0.863,-0.113,0.032,-46.7,46.7,settle
4.96,0.863,-0.113,0.032,-46.7,46.7,settle
4.96,0.863,-0.113,0.032,-46.7,46.7,settle
4.96,0.863,-0.113,0.032,-46.7,46.7,settle
4.96,0.863,-0.113,0.032,-46.7,46.7,settle
4.96,0.863,-0.113,0.032,-46.7,46.7,settle
4.96,0.863,-0.113,0.032,-46.7,46.7,settle
4.96,0.863,-0.113,0.032,-46.7,46.7,settle
4.96,0.864,-0.113,0.032,-46.7,46.7,settle
4.96,0.864,-0.113,0.032,-46.7,46.7,settle
4.97,0.864,-0.113,0.032,-46.7,46.7,settle
4.97,0.864,-0.113,0.032,-46.7,46.7,settle
4.97,0.864,-0.113,0.032,-46.7,46.7,settle
4.97,0.864,-0.113,0.032,-46.7,46.7,settle
4.97,0.864,-0.113,0.032,-46.7,46.7,settle
4.97,0.864,-0.113,0.032,-46.7,46.7,settle
4.97,0.865,-0.113,0.032,-46.7,46.7,settle
4.97,0.865,-0.113,0.032,-46.7,46.7,settle
4.97,0.865,-0.113,0.032,-46.7,46.7,settle
4.97,0.865,-0.113,0.032,-46.7,46.7,settle
4.97,0.865,-0.113,0.032,-46.7,46.7,settle
4.97,0.865,-0.113,0.032,-46.7,46.7,settle
4.97,0.865,-0.113,0.032,-46.7,46.7,settle
4.97,0.865,-0.113,0.032,-46.7,46.7,settle
4.97,0.866,-0.113,0.032,-46.7,46.7,settle
4.97,0.866,-0.113,0.032,-46.7,46.7,settle
4.97,0.866,-0.113,0.032,-46.7,46.7,settle
4.97,0.866,-0.113,0.032,-46.7,46.7,settle
4.97,0.866,-0.113,0.032,-46.7,46.7,settle
4.97,0.866,-0.113,0.032,-46.7,46.7,settle
4.97,0.866,-0.113,0.032,-46.7,46.7,settle
4.97,0.866,-0.113,0.032,-46.7,46.7,settle
4.97,0.867,-0.113,0.032,-46.7,46.7,settle
4.97,0.867,-0.113,0.032,-46.7,46.7,settle
4.97,0.867,-0.113,0.032,-46.7,46.7,settle
4.97,0.867,-0.113,0.032,-46.7,46.7,settle
4.98,0.867,-0.113,0.032,-46.7,46.7,settle
4.98,0.867,-0.113,0.032,-46.7,46.7,settle
4.98,0.867,-0.113,0.032,-46.7,46.7,settle
4.98,0.868,-0.113,0.032,-46.7,46.7,settle
4.98,0.868,-0.113,0.032,-46.7,46.7,settle
4.98,0.868,-0.113,0.032,-46.7,46.7,settle
4.98,0.868,-0.113,0.032,-46.7,46.7,settle
4.98,0.868,-0.113,0.032,-46.7,46.7,settle
4.98,0.868,-0.113,0.032,-46.7,46.7,settle
4.98,0.868,-0.113,0.032,-46.7,46.7,settle
4.98,0.868,-0.113,0.032,-46.7,46.7,settle
4.98,0.868,-0.113,0.032,-46.7,46.7,settle
4.98,0.868,-0.113,0.032,-46.7,46.7,settle
4.98,0.868,-0.113,0.032,-46.7,46.7,settle
4.98,0.869,-0.113,0.032,-46.7,46.7,settle
4.98,0.869,-0.113,0.032,-46.7,46.7,settle
4.98,0.869,-0.113,0.032,-46.7,46.7,settle
4.98,0.869,-0.113,0.032,-46.7,46.7,settle
4.98,0.869,-0.113,0.032,-46.7,46.7,settle
4.98,0.869,-0.113,0.032,-46.7,46.7,settle
4.98,0.869,-0.113,0.032,-46.7,46.7,settle
4.98,0.870,-0.113,0.032,-46.7,46.7,settle
4.98,0.870,-0.113,0.032,-46.7,46.7,settle
4.98,0.870,-0.113,0.032,-46.7,46.7,settle
4.98,0.870,-0.113,0.032,-46.7,46.7,settle
4.98,0.870,-0.113,0.032,-46.7,46.7,settle
4.99,0.870,-0.113,0.032,-46.7,46.7,settle
4.99,0.870,-0.113,0.032,-46.7,46.7,settle
4.99,0.870,-0.113,0.032,-46.7,46.7,settle
4.99,0.871,-0.113,0.032,-46.7,46.7,settle
4.99,0.871,-0.113,0.032,-46.7,46.7,settle
4.99,0.871,-0.113,0.032,-46.7,46.7,settle
4.99,0.871,-0.113,0.032,-46.7,46.7,settle
4.99,0.871,-0.113,0.032,-46.7,46.7,settle
4.99,0.871,-0.113,0.032,-46.7,46.7,settle
4.99,0.871,-0.113,0.032,-46.7,46.7,settle
4.99,0.872,-0.113,0.032,-46.7,46.7,settle
4.99,0.872,-0.113,0.032,-46.7,46.7,settle
4.99,0.872,-0.113,0.032,-46.7,46.7,settle
4.99,0.872,-0.113,0.032,-46.7,46.7,settle
4.99,0.872,-0.113,0.032,-46.7,46.7,settle
4.99,0.872,-0.113,0.032,-46.7,46.7,settle
4.99,0.872,-0.113,0.032,-46.7,46.7,settle
4.99,0.872,-0.113,0.032,-46.7,46.7,settle
4.99,0.872,-0.113,0.032,-46.7,46.7,settle
4.99,0.873,-0.113,0.032,-46.7,46.7,settle
4.99,0.873,-0.113,0.032,-46.7,46.7,settle
4.99,0.873,-0.113,0.032,-46.7,46.7,settle
4.99,0.873,-0.113,0.032,-46.7,46.7,settle
4.99,0.873,-0.113,0.032,-46.7,46.7,settle
4.99,0.873,-0.113,0.032,-46.7,46.7,settle
4.99,0.873,-0.113,0.032,-46.7,46.7,settle
5.00,0.874,-0.113,0.032,-46.7,46.7,settle
5.00,0.874,-0.113,0.032,-46.7,46.7,settle
5.00,0.874,-0.113,0.032,-46.7,46.7,settle
5.00,0.874,-0.113,0.032,-46.7,46.7,settle
5.00,0.874,-0.113,0.032,-46.7,46.7,settle
5.00,0.874,-0.113,0.032,-46.7,46.7,settle
5.00,0.874,-0.113,0.032,-46.7,46.7,settle
5.00,0.874,-0.113,0.032,-46.7,46.7,settle
5.00,0.875,-0.113,0.032,-46.7,46.7,settle
5.00,0.875,-0.113,0.032,-46.7,46.7,settle
5.00,0.875,-0.113,0.032,-46.7,46.7,settle
5.00,0.875,-0.113,0.032,-46.7,46.7,settle
5.00,0.875,-0.113,0.032,-46.7,46.7,settle
5.00,0.875,-0.113,0.032,-46.7,46.7,settle
5.00,0.875,-0.113,0.032,-46.7,46.7,settle
5.00,0.875,-0.113,0.032,-46.7,46.7,settle
5.00,0.876,-0.113,0.032,-46.7,46.7,settle
5.00,0.876,-0.113,0.032,-46.7,46.7,settle
5.00,0.876,-0.113,0.032,-46.7,46.7,settle
5.00,0.876,-0.113,0.032,-46.7,46.7,settle
5.00,0.876,-0.113,0.032,-46.7,46.7,settle
5.00,0.876,-0.113,0.032,-46.7,46.7,settle
5.00,0.876,-0.113,0.032,-46.7,46.7,settle
5.00,0.876,-0.113,0.032,-46.7,46.7,settle
5.00,0.876,-0.113,0.032,-46.7,46.7,settle
5.00,0.876,-0.113,0.032,-46.7,46.7,settle
5.01,0.877,-0.113,0.032,-46.7,46.7,settle
5.01,0.877,-0.113,0.032,-46.7,46.7,settle
5.01,0.877,-0.113,0.032,-46.7,46.7,settle
5.01,0.877,-0.113,0.032,-46.7,46.7,settle
5.01,0.877,-0.113,0.032,-46.7,46.7,settle
5.01,0.877,-0.113,0.032,-46.7,46.7,settle
5.01,0.877,-0.113,0.032,-46.7,46.7,settle
5.01,0.877,-0.113,0.032,-46.7,46.7,settle
5.01,0.878,-0.113,0.032,-46.7,46.7,settle
5.01,0.878,-0.113,0.032,-46.7,46.7,settle
5.01,0.878,-0.113,0.032,-46.7,46.7,settle
5.01,0.878,-0.113,0.032,-46.7,46.7,settle
5.01,0.878,-0.113,0.032,-46.7,46.7,settle
5.01,0.878,-0.113,0.032,-46.7,46.7,settle
5.01,0.878,-0.113,0.032,-46.7,46.7,settle
5.01,0.878,-0.113,0.032,-46.7,46.7,settle
5.01,0.878,-0.113,0.032,-46.7,46.7,settle
5.01,0.879,-0.113,0.032,-46.7,46.7,settle
5.01,0.879,-0.113,0.032,-46.7,46.7,settle
5.01,0.879,-0.113,0.032,-46.7,46.7,settle
5.01,0.879,-0.113,0.032,-46.7,46.7,settle
5.01,0.879,-0.113,0.032,-46.7,46.7,settle
5.01,0.879,-0.113,0.032,-46.7,46.7,settle
5.01,0.879,-0.113,0.032,-46.7,46.7,settle
5.01,0.879,-0.113,0.032,-46.7,46.7,settle
5.01,0.880,-0.113,0.032,-46.7,46.7,settle
5.01,0.880,-0.113,0.032,-46.7,46.7,settle
5.02,0.880,-0.113,0.032,-46.7,46.7,settle
5.02,0.880,-0.113,0.032,-46.7,46.7,settle
5.02,0.880,-0.113,0.032,-46.7,46.7,settle
5.02,0.880,-0.113,0.032,-46.7,46.7,settle
5.02,0.880,-0.113,0.032,-46.7,46.7,settle
5.02,0.880,-0.113,0.032,-46.7,46.7,settle
5.02,0.881,-0.113,0.032,-46.7,46.7,settle
5.02,0.881,-0.113,0.032,-46.7,46.7,settle
5.02,0.881,-0.113,0.032,-46.7,46.7,settle
5.02,0.881,-0.113,0.032,-46.7,46.7,settle
5.02,0.881,-0.113,0.032,-46.7,46.7,settle
5.02,0.881,-0.113,0.032,-46.7,46.7,settle
5.02,0.881,-0.113,0.032,-46.7,46.7,settle
5.02,0.881,-0.113,0.032,-46.7,46.7,settle
5.02,0.882,-0.113,0.032,-46.7,46.7,settle
5.02,0.882,-0.113,0.032,-46.7,46.7,settle
5.02,0.882,-0.113,0.032,-46.7,46.7,settle
5.02,0.882,-0.113,0.032,-46.7,46.7,settle
5.02,0.882,-0.113,0.032,-46.7,46.7,settle
5.02,0.882,-0.113,0.032,-46.7,46.7,settle
5.02,0.882,-0.113,0.032,-46.7,46.7,settle
5.02,0.882,-0.113,0.032,-46.7,46.7,settle
5.02,0.883,-0.113,0.032,-46.7,46.7,settle
5.02,0.883,-0.113,0.032,-46.7,46.7,settle
5.02,0.883,-0.113,0.032,-46.7,46.7,settle
5.02,0.883,-0.113,0.032,-46.7,46.7,settle
5.02,0.883,-0.113,0.032,-46.7,46.7,settle
5.03,0.883,-0.113,0.032,-46.7,46.7,settle
5.03,0.883,-0.113,0.032,-46.7,46.7,settle
5.03,0.883,-0.113,0.032,-46.7,46.7,settle
5.03,0.883,-0.113,0.032,-46.7,46.7,settle
5.03,0.883,-0.113,0.032,-46.7,46.7,settle
5.03,0.884,-0.113,0.032,-46.7,46.7,settle
5.03,0.884,-0.113,0.032,-46.7,46.7,settle
5.03,0.884,-0.113,0.032,-46.7,46.7,settle
5.03,0.884,-0.113,0.032,-46.7,46.7,settle
5.03,0.884,-0.113,0.032,-46.7,46.7,settle
5.03,0.884,-0.113,0.032,-46.7,46.7,settle
5.03,0.884,-0.113,0.032,-46.7,46.7,settle
5.03,0.884,-0.113,0.032,-46.7,46.7,settle
5.03,0.884,-0.113,0.032,-46.7,46.7,settle
5.03,0.885,-0.113,0.032,-46.7,46.7,settle
5.03,0.885,-0.113,0.032,-46.7,46.7,settle
5.03,0.885,-0.113,0.032,-46.7,46.7,settle
5.03,0.885,-0.113,0.032,-46.7,46.7,settle
5.03,0.885,-0.113,0.032,-46.7,46.7,settle
5.03,0.885,-0.113,0.032,-46.7,46.7,settle
5.03,0.885,-0.113,0.032,-46.7,46.7,settle
5.03,0.886,-0.113,0.032,-46.7,46.7,settle
5.03,0.886,-0.113,0.032,-46.7,46.7,settle
5.03,0.886,-0.113,0.032,-46.7,46.7,settle
5.03,0.886,-0.113,0.032,-46.7,46.7,settle
5.03,0.886,-0.113,0.032,-46.7,46.7,settle
5.04,0.886,-0.113,0.032,-46.7,46.7,settle
5.04,0.886,-0.113,0.032,-46.7,46.7,settle
5.04,0.886,-0.113,0.032,-46.7,46.7,settle
5.04,0.887,-0.113,0.032,-46.7,46.7,settle
5.04,0.887,-0.113,0.032,-46.7,46.7,settle
5.04,0.887,-0.113,0.032,-46.7,46.7,settle
5.04,0.887,-0.113,0.032,-46.7,46.7,settle
5.04,0.887,-0.113,0.032,-46.7,46.7,settle
5.04,0.887,-0.113,0.032,-46.7,46.7,settle
5.04,0.887,-0.113,0.032,-46.7,46.7,settle
5.04,0.887,-0.113,0.032,-46.7,46.7,settle
5.04,0.888,-0.113,0.032,-46.7,46.7,settle
5.04,0.888,-0.113,0.032,-46.7,46.7,settle
5.04,0.888,-0.113,0.032,-46.7,46.7,settle
5.04,0.888,-0.113,0.032,-46.7,46.7,settle
5.04,0.888,-0.113,0.032,-46.7,46.7,settle
5.04,0.888,-0.113,0.032,-46.7,46.7,settle
5.04,0.888,-0.113,0.032,-46.7,46.7,settle
5.04,0.888,-0.113,0.032,-46.7,46.7,settle
5.04,0.889,-0.113,0.032,-46.7,46.7,settle
5.04,0.889,-0.113,0.032,-46.7,46.7,settle
5.04,0.889,-0.113,0.032,-46.7,46.7,settle
5.04,0.889,-0.113,0.032,-46.7,46.7,settle
5.04,0.889,-0.113,0.032,-46.7,46.7,settle
5.04,0.889,-0.113,0.032,-46.7,46.7,settle
5.04,0.889,-0.113,0.032,-46.7,46.7,settle
5.04,0.889,-0.113,0.032,-46.7,46.7,settle
5.05,0.889,-0.113,0.032,-46.7,46.7,settle
5.05,0.890,-0.113,0.032,-46.7,46.7,settle
5.05,0.890,-0.113,0.032,-46.7,46.7,settle
5.05,0.890,-0.113,0.032,-46.7,46.7,settle
5.05,0.890,-0.113,0.032,-46.7,46.7,settle
5.05,0.890,-0.113,0.032,-46.7,46.7,settle
5.05,0.890,-0.113,0.032,-46.7,46.7,settle
5.05,0.890,-0.113,0.032,-46.7,46.7,settle
5.05,0.890,-0.113,0.032,-46.7,46.7,settle
5.05,0.890,-0.113,0.032,-46.7,46.7,settle
5.05,0.890,-0.113,0.032,-46.7,46.7,settle
5.05,0.891,-0.113,0.032,-46.7,46.7,settle
5.05,0.891,-0.113,0.032,-46.7,46.7,settle
5.05,0.891,-0.113,0.032,-46.7,46.7,settle
5.05,0.891,-0.113,0.032,-46.7,46.7,settle
5.05,0.891,-0.113,0.032,-46.7,46.7,settle
5.05,0.891,-0.113,0.032,-46.7,46.7,settle
5.05,0.891,-0.113,0.032,-46.7,46.7,settle
5.05,0.891,-0.113,0.032,-46.7,46.7,settle
5.05,0.892,-0.113,0.032,-46.7,46.7,settle
5.05,0.892,-0.113,0.032,-46.7,46.7,settle
5.05,0.892,-0.113,0.032,-46.7,46.7,settle
5.05,0.892,-0.113,0.032,-46.7,46.7,settle
5.05,0.892,-0.113,0.032,-46.7,46.7,settle
5.05,0.892,-0.113,0.032,-46.7,46.7,settle
5.06,0.892,-0.113,0.032,-46.7,46.7,settle
5.06,0.893,-0.113,0.032,-46.7,46.7,settle
5.06,0.893,-0.113,0.032,-46.7,46.7,settle
5.06,0.893,-0.113,0.032,-46.7,46.7,settle
5.06,0.893,-0.113,0.032,-46.7,46.7,settle
5.06,0.893,-0.113,0.032,-46.7,46.7,settle
5.06,0.893,-0.113,0.032,-46.7,46.7,settle
5.06,0.893,-0.113,0.032,-46.7,46.7,settle
5.06,0.894,-0.113,0.032,-46.7,46.7,settle
5.06,0.894,-0.113,0.032,-46.7,46.7,settle
5.06,0.894,-0.113,0.032,-46.7,46.7,settle
5.06,0.894,-0.113,0.032,-46.7,46.7,settle
5.06,0.894,-0.113,0.032,-46.7,46.7,settle
5.06,0.894,-0.113,0.032,-46.7,46.7,settle
5.06,0.895,-0.113,0.032,-46.7,46.7,settle
5.06,0.895,-0.113,0.032,-46.7,46.7,settle
5.06,0.895,-0.113,0.032,-46.7,46.7,settle
5.06,0.895,-0.113,0.032,-46.7,46.7,settle
5.06,0.895,-0.113,0.032,-46.7,46.7,settle
5.06,0.895,-0.113,0.032,-46.7,46.7,settle
5.06,0.895,-0.113,0.032,-46.7,46.7,settle
5.06,0.895,-0.113,0.032,-46.7,46.7,settle
5.06,0.896,-0.113,0.032,-46.7,46.7,settle
5.06,0.896,-0.113,0.032,-46.7,46.7,settle
5.07,0.896,-0.113,0.032,-46.7,46.7,settle
5.07,0.896,-0.113,0.032,-46.7,46.7,settle
5.07,0.896,-0.113,0.032,-46.7,46.7,settle
5.07,0.896,-0.113,0.032,-46.7,46.7,settle
5.07,0.896,-0.113,0.032,-46.7,46.7,settle
5.07,0.897,-0.113,0.032,-46.7,46.7,settle
5.07,0.897,-0.113,0.032,-46.7,46.7,settle
5.07,0.897,-0.113,0.032,-46.7,46.7,settle
5.07,0.897,-0.113,0.032,-46.7,46.7,settle
5.07,0.897,-0.113,0.032,-46.7,46.7,settle
5.07,0.897,-0.113,0.032,-46.7,46.7,settle
5.07,0.897,-0.113,0.032,-46.7,46.7,settle
5.07,0.897,-0.113,0.032,-46.7,46.7,settle
5.07,0.897,-0.113,0.032,-46.7,46.7,settle
5.07,0.897,-0.113,0.032,-46.7,46.7,settle
5.07,0.898,-0.113,0.032,-46.7,46.7,settle
5.07,0.898,-0.113,0.032,-46.7,46.7,settle
5.07,0.898,-0.113,0.032,-46.7,46.7,settle
5.07,0.898,-0.113,0.032,-46.7,46.7,settle
5.07,0.898,-0.113,0.032,-46.7,46.7,settle
5.07,0.898,-0.113,0.032,-46.7,46.7,settle
5.07,0.898,-0.113,0.032,-46.7,46.7,settle
5.07,0.898,-0.113,0.032,-46.7,46.7,settle
5.07,0.899,-0.113,0.032,-46.7,46.7,settle
5.07,0.899,-0.113,0.032,-46.7,46.7,settle
5.08,0.899,-0.113,0.032,-46.7,46.7,settle
5.08,0.899,-0.113,0.032,-46.7,46.7,settle
5.08,0.899,-0.113,0.032,-46.7,46.7,settle
5.08,0.899,-0.113,0.032,-46.7,46.7,settle
5.08,0.899,-0.113,0.032,-46.7,46.7,settle
5.08,0.899,-0.113,0.032,-46.7,46.7,settle
5.08,0.900,-0.113,0.032,-46.7,46.7,settle
5.08,0.900,-0.113,0.032,-46.7,46.7,settle
5.08,0.900,-0.113,0.032,-46.7,46.7,settle
5.08,0.900,-0.113,0.032,-46.7,46.7,settle
5.08,0.900,-0.113,0.032,-46.7,46.7,settle
5.08,0.900,-0.113,0.032,-46.7,46.7,settle
5.08,0.900,-0.113,0.032,-46.7,46.7,settle
5.08,0.900,-0.113,0.032,-46.7,46.7,settle
5.08,0.901,-0.113,0.032,-46.7,46.7,settle
5.08,0.901,-0.113,0.032,-46.7,46.7,settle
5.08,0.901,-0.113,0.032,-46.7,46.7,settle
5.08,0.901,-0.113,0.032,-46.7,46.7,settle
5.08,0.901,-0.113,0.032,-46.7,46.7,settle
5.08,0.901,-0.113,0.032,-46.7,46.7,settle
5.08,0.901,-0.113,0.032,-46.7,46.7,settle
5.08,0.901,-0.113,0.032,-46.7,46.7,settle
5.08,0.902,-0.113,0.032,-46.7,46.7,settle
5.08,0.902,-0.113,0.032,-46.7,46.7,settle
5.08,0.902,-0.113,0.032,-46.7,46.7,settle
5.08,0.902,-0.113,0.032,-46.7,46.7,settle
5.09,0.902,-0.113,0.032,-46.7,46.7,settle
5.09,0.902,-0.113,0.032,-46.7,46.7,settle
5.09,0.902,-0.113,0.032,-46.7,46.7,settle
5.09,0.902,-0.113,0.032,-46.7,46.7,settle
5.09,0.903,-0.113,0.032,-46.7,46.7,settle
5.09,0.903,-0.113,0.032,-46.7,46.7,settle
5.09,0.903,-0.113,0.032,-46.7,46.7,settle
5.09,0.903,-0.113,0.032,-46.7,46.7,settle
5.09,0.903,-0.113,0.032,-46.7,46.7,settle
5.09,0.903,-0.113,0.032,-46.7,46.7,settle
5.09,0.903,-0.113,0.032,-46.7,46.7,settle
5.09,0.904,-0.113,0.032,-46.7,46.7,settle
5.09,0.904,-0.113,0.032,-46.7,46.7,settle
5.09,0.904,-0.113,0.032,-46.7,46.7,settle
5.09,0.904,-0.113,0.032,-46.7,46.7,settle
5.09,0.904,-0.113,0.032,-46.7,46.7,settle
5.09,0.904,-0.113,0.032,-46.7,46.7,settle
5.09,0.904,-0.113,0.032,-46.7,46.7,settle
5.09,0.904,-0.113,0.032,-46.7,46.7,settle
5.09,0.905,-0.113,0.032,-46.7,46.7,settle
5.09,0.905,-0.113,0.032,-46.7,46.7,settle
5.09,0.905,-0.113,0.032,-46.7,46.7,settle
5.09,0.905,-0.113,0.032,-46.7,46.7,settle
5.09,0.905,-0.113,0.032,-46.7,46.7,settle
5.09,0.905,-0.113,0.032,-46.7,46.7,settle
5.09,0.905,-0.113,0.032,-46.7,46.7,settle
5.10,0.905,-0.113,0.032,-46.7,46.7,settle
5.10,0.905,-0.113,0.032,-46.7,46.7,settle
5.10,0.905,-0.113,0.032,-46.7,46.7,settle
5.10,0.906,-0.113,0.032,-46.7,46.7,settle
5.10,0.906,-0.113,0.032,-46.7,46.7,settle
5.10,0.906,-0.113,0.032,-46.7,46.7,settle
5.10,0.906,-0.113,0.032,-46.7,46.7,settle
5.10,0.906,-0.113,0.032,-46.7,46.7,settle
5.10,0.906,-0.113,0.032,-46.7,46.7,settle
5.10,0.906,-0.113,0.032,-46.7,46.7,settle
5.10,0.906,-0.113,0.032,-46.7,46.7,settle
5.10,0.906,-0.113,0.032,-46.7,46.7,settle
5.10,0.907,-0.113,0.032,-46.7,46.7,settle
5.10,0.907,-0.113,0.032,-46.7,46.7,settle
5.10,0.907,-0.113,0.032,-46.7,46.7,settle
5.10,0.907,-0.113,0.032,-46.7,46.7,settle
5.10,0.907,-0.113,0.032,-46.7,46.7,settle
5.10,0.907,-0.113,0.032,-46.7,46.7,settle
5.10,0.907,-0.113,0.032,-46.7,46.7,settle
5.10,0.908,-0.113,0.032,-46.7,46.7,settle
5.10,0.908,-0.113,0.032,-46.7,46.7,settle
5.10,0.908,-0.113,0.032,-46.7,46.7,settle
5.10,0.908,-0.113,0.032,-46.7,46.7,settle
5.10,0.908,-0.113,0.032,-46.7,46.7,settle
5.10,0.908,-0.113,0.032,-46.7,46.7,settle
5.10,0.908,-0.113,0.032,-46.7,46.7,settle
5.11,0.908,-0.113,0.032,-46.7,46.7,settle
5.11,0.909,-0.113,0.032,-46.7,46.7,settle
5.11,0.909,-0.113,0.032,-46.7,46.7,settle
5.11,0.909,-0.113,0.032,-46.7,46.7,settle
5.11,0.909,-0.113,0.032,-46.7,46.7,settle
5.11,0.909,-0.113,0.032,-46.7,46.7,settle
5.11,0.909,-0.113,0.032,-46.7,46.7,settle
5.11,0.909,-0.113,0.032,-46.7,46.7,settle
5.11,0.909,-0.113,0.032,-46.7,46.7,settle
5.11,0.910,-0.113,0.032,-46.7,46.7,settle
5.11,0.910,-0.113,0.032,-46.7,46.7,settle
5.11,0.910,-0.113,0.032,-46.7,46.7,settle
5.11,0.910,-0.113,0.032,-46.7,46.7,settle
5.11,0.910,-0.113,0.032,-46.7,46.7,settle
5.11,0.910,-0.113,0.032,-46.7,46.7,settle
5.11,0.910,-0.113,0.032,-46.7,46.7,settle
5.11,0.911,-0.113,0.032,-46.7,46.7,settle
5.11,0.911,-0.113,0.032,-46.7,46.7,settle
5.11,0.911,-0.113,0.032,-46.7,46.7,settle
5.11,0.911,-0.113,0.032,-46.7,46.7,settle
5.11,0.911,-0.113,0.032,-46.7,46.7,settle
5.11,0.911,-0.113,0.032,-46.7,46.7,settle
5.11,0.911,-0.113,0.032,-46.7,46.7,settle
5.11,0.911,-0.113,0.032,-46.7,46.7,settle
5.11,0.912,-0.113,0.032,-46.7,46.7,settle
5.11,0.912,-0.113,0.032,-46.7,46.7,settle
5.12,0.912,-0.113,0.032,-46.7,46.7,settle
5.12,0.912,-0.113,0.032,-46.7,46.7,settle
5.12,0.912,-0.113,0.032,-46.7,46.7,settle
5.12,0.912,-0.113,0.032,-46.7,46.7,settle
5.12,0.912,-0.113,0.032,-46.7,46.7,settle
5.12,0.912,-0.113,0.032,-46.7,46.7,settle
5.12,0.912,-0.113,0.032,-46.7,46.7,settle
5.12,0.912,-0.113,0.032,-46.7,46.7,settle
5.12,0.913,-0.113,0.032,-46.7,46.7,settle
5.12,0.913,-0.113,0.032,-46.7,46.7,settle
5.12,0.913,-0.113,0.032,-46.7,46.7,settle
5.12,0.913,-0.113,0.032,-46.7,46.7,settle
5.12,0.913,-0.113,0.032,-46.7,46.7,settle
5.12,0.913,-0.113,0.032,-46.7,46.7,settle
5.12,0.913,-0.113,0.032,-46.7,46.7,settle
5.12,0.913,-0.113,0.032,-46.7,46.7,settle
5.12,0.914,-0.113,0.032,-46.7,46.7,settle
5.12,0.914,-0.113,0.032,-46.7,46.7,settle
5.12,0.914,-0.113,0.032,-46.7,46.7,settle
5.12,0.914,-0.113,0.032,-46.7,46.7,settle
5.12,0.914,-0.113,0.032,-46.7,46.7,settle
5.12,0.914,-0.113,0.032,-46.7,46.7,settle
5.12,0.914,-0.113,0.032,-46.7,46.7,settle
5.12,0.914,-0.113,0.032,-46.7,46.7,settle
5.12,0.915,-0.113,0.032,-46.7,46.7,settle
5.12,0.915,-0.113,0.032,-46.7,46.7,settle
5.13,0.915,-0.113,0.032,-46.7,46.7,settle
5.13,0.915,-0.113,0.032,-46.7,46.7,settle
5.13,0.915,-0.113,0.032,-46.7,46.7,settle
5.13,0.915,-0.113,0.032,-46.7,46.7,settle
5.13,0.915,-0.113,0.032,-46.7,46.7,settle
5.13,0.915,-0.113,0.032,-46.7,46.7,settle
5.13,0.916,-0.113,0.032,-46.7,46.7,settle
5.13,0.916,-0.113,0.032,-46.7,46.7,settle
5.13,0.916,-0.113,0.032,-46.7,46.7,settle
5.13,0.916,-0.113,0.032,-46.7,46.7,settle
5.13,0.916,-0.113,0.032,-46.7,46.7,settle
5.13,0.916,-0.113,0.032,-46.7,46.7,settle
5.13,0.916,-0.113,0.032,-46.7,46.7,settle
5.13,0.917,-0.113,0.032,-46.7,46.7,settle
5.13,0.917,-0.113,0.032,-46.7,46.7,settle
5.13,0.917,-0.113,0.032,-46.7,46.7,settle
5.13,0.917,-0.113,0.032,-46.7,46.7,settle
5.13,0.917,-0.113,0.032,-46.7,46.7,settle
5.13,0.917,-0.113,0.032,-46.7,46.7,settle
5.13,0.917,-0.113,0.032,-46.7,46.7,settle
5.13,0.917,-0.113,0.032,-46.7,46.7,settle
5.13,0.918,-0.113,0.032,-46.7,46.7,settle
5.13,0.918,-0.113,0.032,-46.7,46.7,settle
5.13,0.918,-0.113,0.032,-46.7,46.7,settle
5.13,0.918,-0.113,0.032,-46.7,46.7,settle
5.13,0.918,-0.113,0.032,-46.7,46.7,settle
5.14,0.918,-0.113,0.032,-46.7,46.7,settle
5.14,0.918,-0.113,0.032,-46.7,46.7,settle
5.14,0.918,-0.113,0.032,-46.7,46.7,settle
5.14,0.919,-0.113,0.032,-46.7,46.7,settle
5.14,0.919,-0.113,0.032,-46.7,46.7,settle
5.14,0.919,-0.113,0.032,-46.7,46.7,settle
5.14,0.919,-0.113,0.032,-46.7,46.7,settle
5.14,0.919,-0.113,0.032,-46.7,46.7,settle
5.14,0.919,-0.113,0.032,-46.7,46.7,settle
5.14,0.919,-0.113,0.032,-46.7,46.7,settle
5.14,0.919,-0.113,0.032,-46.7,46.7,settle
5.14,0.919,-0.113,0.032,-46.7,46.7,settle
5.14,0.919,-0.113,0.032,-46.7,46.7,settle
5.14,0.920,-0.113,0.032,-46.7,46.7,settle
5.14,0.920,-0.113,0.032,-46.7,46.7,settle
5.14,0.920,-0.113,0.032,-46.7,46.7,settle
5.14,0.920,-0.113,0.032,-46.7,46.7,settle
5.14,0.920,-0.113,0.032,-46.7,46.7,settle
5.14,0.920,-0.113,0.032,-46.7,46.7,settle
5.14,0.920,-0.113,0.032,-46.7,46.7,settle
5.14,0.920,-0.113,0.032,-46.7,46.7,settle
5.14,0.921,-0.113,0.032,-46.7,46.7,settle
5.14,0.921,-0.113,0.032,-46.7,46.7,settle
5.14,0.921,-0.113,0.032,-46.7,46.7,settle
5.14,0.921,-0.113,0.032,-46.7,46.7,settle
5.14,0.921,-0.113,0.032,-46.7,46.7,settle
5.15,0.921,-0.113,0.032,-46.7,46.7,settle
5.15,0.921,-0.113,0.032,-46.7,46.7,settle
5.15,0.921,-0.113,0.032,-46.7,46.7,settle
5.15,0.922,-0.113,0.032,-46.7,46.7,settle
5.15,0.922,-0.113,0.032,-46.7,46.7,settle
5.15,0.922,-0.113,0.032,-46.7,46.7,settle
5.15,0.922,-0.113,0.032,-46.7,46.7,settle
5.15,0.922,-0.113,0.032,-46.7,46.7,settle
5.15,0.922,-0.113,0.032,-46.7,46.7,settle
5.15,0.922,-0.113,0.032,-46.7,46.7,settle
5.15,0.922,-0.113,0.032,-46.7,46.7,settle
5.15,0.923,-0.113,0.032,-46.7,46.7,settle
5.15,0.923,-0.113,0.032,-46.7,46.7,settle
5.15,0.923,-0.113,0.032,-46.7,46.7,settle
5.15,0.923,-0.113,0.032,-46.7,46.7,settle
5.15,0.923,-0.113,0.032,-46.7,46.7,settle
5.15,0.923,-0.113,0.032,-46.7,46.7,settle
5.15,0.923,-0.113,0.032,-46.7,46.7,settle
5.15,0.924,-0.113,0.032,-46.7,46.7,settle
5.15,0.924,-0.113,0.032,-46.7,46.7,settle
5.15,0.924,-0.113,0.032,-46.7,46.7,settle
5.15,0.924,-0.113,0.032,-46.7,46.7,settle
5.15,0.924,-0.113,0.032,-46.7,46.7,settle
5.15,0.924,-0.113,0.032,-46.7,46.7,settle
5.16,0.924,-0.113,0.032,-46.7,46.7,settle
5.16,0.925,-0.113,0.032,-46.7,46.7,settle
5.16,0.925,-0.113,0.032,-46.7,46.7,settle
5.16,0.925,-0.113,0.032,-46.7,46.7,settle
5.16,0.925,-0.113,0.032,-46.7,46.7,settle
5.16,0.925,-0.113,0.032,-46.7,46.7,settle
5.16,0.925,-0.113,0.032,-46.7,46.7,settle
5.16,0.925,-0.113,0.032,-46.7,46.7,settle
5.16,0.925,-0.113,0.032,-46.7,46.7,settle
5.16,0.926,-0.113,0.032,-46.7,46.7,settle
5.16,0.926,-0.113,0.032,-46.7,46.7,settle
5.16,0.926,-0.113,0.032,-46.7,46.7,settle
5.16,0.926,-0.113,0.032,-46.7,46.7,settle
5.16,0.926,-0.113,0.032,-46.7,46.7,settle
5.16,0.926,-0.113,0.032,-46.7,46.7,settle
5.16,0.926,-0.113,0.032,-46.7,46.7,settle
5.16,0.926,-0.113,0.032,-46.7,46.7,settle
5.16,0.926,-0.113,0.032,-46.7,46.7,settle
5.16,0.926,-0.113,0.032,-46.7,46.7,settle
5.16,0.926,-0.113,0.032,-46.7,46.7,settle
5.16,0.927,-0.113,0.032,-46.7,46.7,settle
5.16,0.927,-0.113,0.032,-46.7,46.7,settle
5.16,0.927,-0.113,0.032,-46.7,46.7,settle
5.16,0.927,-0.113,0.032,-46.7,46.7,settle
5.16,0.927,-0.113,0.032,-46.7,46.7,settle
5.16,0.927,-0.113,0.032,-46.7,46.7,settle
5.17,0.927,-0.113,0.032,-46.7,46.7,settle
5.17,0.928,-0.113,0.032,-46.7,46.7,settle
5.17,0.928,-0.113,0.032,-46.7,46.7,settle
5.17,0.928,-0.113,0.032,-46.7,46.7,settle
5.17,0.928,-0.113,0.032,-46.7,46.7,settle
5.17,0.928,-0.113,0.032,-46.7,46.7,settle
5.17,0.928,-0.113,0.032,-46.7,46.7,settle
5.17,0.928,-0.113,0.032,-46.7,46.7,settle
5.17,0.928,-0.113,0.032,-46.7,46.7,settle
5.17,0.929,-0.113,0.032,-46.7,46.7,settle
5.17,0.929,-0.113,0.032,-46.7,46.7,settle
5.17,0.929,-0.113,0.032,-46.7,46.7,settle
5.17,0.929,-0.113,0.032,-46.7,46.7,settle
5.17,0.929,-0.113,0.032,-46.7,46.7,settle
5.17,0.929,-0.113,0.032,-46.7,46.7,settle
5.17,0.929,-0.113,0.032,-46.7,46.7,settle
5.17,0.930,-0.113,0.032,-46.7,46.7,settle
5.17,0.930,-0.113,0.032,-46.7,46.7,settle
5.17,0.930,-0.113,0.032,-46.7,46.7,settle
5.17,0.930,-0.113,0.032,-46.7,46.7,settle
5.17,0.930,-0.113,0.032,-46.7,46.7,settle
5.17,0.930,-0.113,0.032,-46.7,46.7,settle
5.17,0.930,-0.113,0.032,-46.7,46.7,settle
5.17,0.930,-0.113,0.032,-46.7,46.7,settle
5.17,0.931,-0.113,0.032,-46.7,46.7,settle
5.17,0.931,-0.113,0.032,-46.7,46.7,settle
5.18,0.931,-0.113,0.032,-46.7,46.7,settle
5.18,0.931,-0.113,0.032,-46.7,46.7,settle
5.18,0.931,-0.113,0.032,-46.7,46.7,settle
5.18,0.931,-0.113,0.032,-46.7,46.7,settle
5.18,0.931,-0.113,0.032,-46.7,46.7,settle
5.18,0.931,-0.113,0.032,-46.7,46.7,settle
5.18,0.932,-0.113,0.032,-46.7,46.7,settle
5.18,0.932,-0.113,0.032,-46.7,46.7,settle
5.18,0.932,-0.113,0.032,-46.7,46.7,settle
5.18,0.932,-0.113,0.032,-46.7,46.7,settle
5.18,0.932,-0.113,0.032,-46.7,46.7,settle
5.18,0.932,-0.113,0.032,-46.7,46.7,settle
5.18,0.932,-0.113,0.032,-46.7,46.7,settle
5.18,0.932,-0.113,0.032,-46.7,46.7,settle
5.18,0.933,-0.113,0.032,-46.7,46.7,settle
5.18,0.933,-0.113,0.032,-46.7,46.7,settle
5.18,0.933,-0.113,0.032,-46.7,46.7,settle
5.18,0.933,-0.113,0.032,-46.7,46.7,settle
5.18,0.933,-0.113,0.032,-46.7,46.7,settle
5.18,0.933,-0.113,0.032,-46.7,46.7,settle
5.18,0.933,-0.113,0.032,-46.7,46.7,settle
5.18,0.933,-0.113,0.032,-46.7,46.7,settle
5.18,0.933,-0.113,0.032,-46.7,46.7,settle
5.18,0.933,-0.113,0.032,-46.7,46.7,settle
5.18,0.933,-0.113,0.032,-46.7,46.7,settle
5.18,0.934,-0.113,0.032,-46.7,46.7,settle
5.19,0.934,-0.113,0.032,-46.7,46.7,settle
5.19,0.934,-0.113,0.032,-46.7,46.7,settle
5.19,0.934,-0.113,0.032,-46.7,46.7,settle
5.19,0.934,-0.113,0.032,-46.7,46.7,settle
5.19,0.934,-0.113,0.032,-46.7,46.7,settle
5.19,0.934,-0.113,0.032,-46.7,46.7,settle
5.19,0.935,-0.113,0.032,-46.7,46.7,settle
5.19,0.935,-0.113,0.032,-46.7,46.7,settle
5.19,0.935,-0.113,0.032,-46.7,46.7,settle
5.19,0.935,-0.113,0.032,-46.7,46.7,settle
5.19,0.935,-0.113,0.032,-46.7,46.7,settle
5.19,0.935,-0.113,0.032,-46.7,46.7,settle
5.19,0.935,-0.113,0.032,-46.7,46.7,settle
5.19,0.936,-0.113,0.032,-46.7,46.7,settle
5.19,0.936,-0.113,0.032,-46.7,46.7,settle
5.19,0.936,-0.113,0.032,-46.7,46.7,settle
5.19,0.936,-0.113,0.032,-46.7,46.7,settle
5.19,0.936,-0.113,0.032,-46.7,46.7,settle
5.19,0.936,-0.113,0.032,-46.7,46.7,settle
5.19,0.936,-0.113,0.032,-46.7,46.7,settle
5.19,0.937,-0.113,0.032,-46.7,46.7,settle
5.19,0.937,-0.113,0.032,-46.7,46.7,settle
5.19,0.937,-0.113,0.032,-46.7,46.7,settle
5.19,0.937,-0.113,0.032,-46.7,46.7,settle
5.19,0.937,-0.113,0.032,-46.7,46.7,settle
5.20,0.937,-0.113,0.032,-46.7,46.7,settle
5.20,0.937,-0.113,0.032,-46.7,46.7,settle
5.20,0.937,-0.113,0.032,-46.7,46.7,settle
5.20,0.938,-0.113,0.032,-46.7,46.7,settle
5.20,0.938,-0.113,0.032,-46.7,46.7,settle
5.20,0.938,-0.113,0.032,-46.7,46.7,settle
5.20,0.938,-0.113,0.032,-46.7,46.7,settle
5.20,0.938,-0.113,0.032,-46.7,46.7,settle
5.20,0.938,-0.113,0.032,-46.7,46.7,settle
5.20,0.938,-0.113,0.032,-46.7,46.7,settle
5.20,0.939,-0.113,0.032,-46.7,46.7,settle
5.20,0.939,-0.113,0.032,-46.7,46.7,settle
5.20,0.939,-0.113,0.032,-46.7,46.7,settle
5.20,0.939,-0.113,0.032,-46.7,46.7,settle
5.20,0.939,-0.113,0.032,-46.7,46.7,settle
5.20,0.939,-0.113,0.032,-46.7,46.7,settle
5.20,0.939,-0.113,0.032,-46.7,46.7,settle
5.20,0.939,-0.113,0.032,-46.7,46.7,settle
5.20,0.939,-0.113,0.032,-46.7,46.7,settle
5.20,0.940,-0.113,0.032,-46.7,46.7,settle
5.20,0.940,-0.113,0.032,-46.7,46.7,settle
5.20,0.940,-0.113,0.032,-46.7,46.7,settle
5.20,0.940,-0.113,0.032,-46.7,46.7,settle
5.20,0.940,-0.113,0.032,-46.7,46.7,settle
5.20,0.940,-0.113,0.032,-46.7,46.7,settle
5.21,0.940,-0.113,0.032,-46.7,46.7,settle
5.21,0.941,-0.113,0.032,-46.7,46.7,settle
5.21,0.941,-0.113,0.032,-46.7,46.7,settle
5.21,0.941,-0.113,0.032,-46.7,46.7,settle
5.21,0.941,-0.113,0.032,-46.7,46.7,settle
5.21,0.941,-0.113,0.032,-46.7,46.7,settle
5.21,0.941,-0.113,0.032,-46.7,46.7,settle
5.21,0.941,-0.113,0.032,-46.7,46.7,settle
5.21,0.941,-0.113,0.032,-46.7,46.7,settle
5.21,0.941,-0.113,0.032,-46.7,46.7,settle
5.21,0.942,-0.113,0.032,-46.7,46.7,settle
5.21,0.942,-0.113,0.032,-46.7,46.7,settle
5.21,0.942,-0.113,0.032,-46.7,46.7,settle
5.21,0.942,-0.113,0.032,-46.7,46.7,settle
5.21,0.942,-0.113,0.032,-46.7,46.7,settle
5.21,0.942,-0.113,0.032,-46.7,46.7,settle
5.21,0.942,-0.113,0.032,-46.7,46.7,settle
5.21,0.942,-0.113,0.032,-46.7,46.7,settle
5.21,0.943,-0.113,0.032,-46.7,46.7,settle
5.21,0.943,-0.113,0.032,-46.7,46.7,settle
5.21,0.943,-0.113,0.032,-46.7,46.7,settle
5.21,0.943,-0.113,0.032,-46.7,46.7,settle
5.21,0.943,-0.113,0.032,-46.7,46.7,settle
5.21,0.943,-0.113,0.032,-46.7,46.7,settle
5.21,0.943,-0.113,0.032,-46.7,46.7,settle
5.22,0.943,-0.113,0.032,-46.7,46.7,settle
5.22,0.944,-0.113,0.032,-46.7,46.7,settle
5.22,0.944,-0.113,0.032,-46.7,46.7,settle
5.22,0.944,-0.113,0.032,-46.7,46.7,settle
5.22,0.944,-0.113,0.032,-46.7,46.7,settle
5.22,0.944,-0.113,0.032,-46.7,46.7,settle
5.22,0.944,-0.113,0.032,-46.7,46.7,settle
5.22,0.944,-0.113,0.032,-46.7,46.7,settle
5.22,0.944,-0.113,0.032,-46.7,46.7,settle
5.22,0.945,-0.113,0.032,-46.7,46.7,settle
5.22,0.945,-0.113,0.032,-46.7,46.7,settle
5.22,0.945,-0.113,0.032,-46.7,46.7,settle
5.22,0.945,-0.113,0.032,-46.7,46.7,settle
5.22,0.945,-0.113,0.032,-46.7,46.7,settle
5.22,0.945,-0.113,0.032,-46.7,46.7,settle
5.22,0.945,-0.113,0.032,-46.7,46.7,settle
5.22,0.945,-0.113,0.032,-46.7,46.7,settle
5.22,0.946,-0.113,0.032,-46.7,46.7,settle
5.22,0.946,-0.113,0.032,-46.7,46.7,settle
5.22,0.946,-0.113,0.032,-46.7,46.7,settle
5.22,0.946,-0.113,0.032,-46.7,46.7,settle
5.22,0.946,-0.113,0.032,-46.7,46.7,settle
5.22,0.946,-0.113,0.032,-46.7,46.7,settle
5.22,0.946,-0.113,0.032,-46.7,46.7,settle
5.22,0.946,-0.113,0.032,-46.7,46.7,settle
5.22,0.947,-0.113,0.032,-46.7,46.7,settle
5.23,0.947,-0.113,0.032,-46.7,46.7,settle
5.23,0.947,-0.113,0.032,-46.7,46.7,settle
5.23,0.947,-0.113,0.032,-46.7,46.7,settle
5.23,0.947,-0.113,0.032,-46.7,46.7,settle
5.23,0.947,-0.113,0.032,-46.7,46.7,settle
5.23,0.947,-0.113,0.032,-46.7,46.7,settle
5.23,0.948,-0.113,0.032,-46.7,46.7,settle
5.23,0.948,-0.113,0.032,-46.7,46.7,settle
5.23,0.948,-0.113,0.032,-46.7,46.7,settle
5.23,0.948,-0.113,0.032,-46.7,46.7,settle
5.23,0.948,-0.113,0.032,-46.7,46.7,settle
5.23,0.948,-0.113,0.032,-46.7,46.7,settle
5.23,0.948,-0.113,0.032,-46.7,46.7,settle
5.23,0.948,-0.113,0.032,-46.7,46.7,settle
5.23,0.948,-0.113,0.032,-46.7,46.7,settle
5.23,0.948,-0.113,0.032,-46.7,46.7,settle
5.23,0.948,-0.113,0.032,-46.7,46.7,settle
5.23,0.948,-0.113,0.032,-46.7,46.7,settle
5.23,0.949,-0.113,0.032,-46.7,46.7,settle
5.23,0.949,-0.113,0.032,-46.7,46.7,settle
5.23,0.949,-0.113,0.032,-46.7,46.7,settle
5.23,0.949,-0.113,0.032,-46.7,46.7,settle
5.23,0.949,-0.113,0.032,-46.7,46.7,settle
5.23,0.949,-0.113,0.032,-46.7,46.7,settle
5.23,0.949,-0.113,0.032,-46.7,46.7,settle
5.23,0.950,-0.113,0.032,-46.7,46.7,settle
5.24,0.950,-0.113,0.032,-46.7,46.7,settle
5.24,0.950,-0.113,0.032,-46.7,46.7,settle
5.24,0.950,-0.113,0.032,-46.7,46.7,settle
5.24,0.950,-0.113,0.032,-46.7,46.7,settle
5.24,0.950,-0.113,0.032,-46.7,46.7,settle
5.24,0.950,-0.113,0.032,-46.7,46.7,settle
5.24,0.951,-0.113,0.032,-46.7,46.7,settle
5.24,0.951,-0.113,0.032,-46.7,46.7,settle
5.24,0.951,-0.113,0.032,-46.7,46.7,settle
5.24,0.951,-0.113,0.032,-46.7,46.7,settle
5.24,0.951,-0.113,0.032,-46.7,46.7,settle
5.24,0.951,-0.113,0.032,-46.7,46.7,settle
5.24,0.951,-0.113,0.032,-46.7,46.7,settle
5.24,0.952,-0.113,0.032,-46.7,46.7,settle
5.24,0.952,-0.113,0.032,-46.7,46.7,settle
5.24,0.952,-0.113,0.032,-46.7,46.7,settle
5.24,0.952,-0.113,0.032,-46.7,46.7,settle
5.24,0.952,-0.113,0.032,-46.7,46.7,settle
5.24,0.952,-0.113,0.032,-46.7,46.7,settle
5.24,0.952,-0.113,0.032,-46.7,46.7,settle
5.24,0.952,-0.113,0.032,-46.7,46.7,settle
5.24,0.953,-0.113,0.032,-46.7,46.7,settle
5.24,0.953,-0.113,0.032,-46.7,46.7,settle
5.24,0.953,-0.113,0.032,-46.7,46.7,settle
5.24,0.953,-0.113,0.032,-46.7,46.7,settle
5.25,0.953,-0.113,0.032,-46.7,46.7,settle
5.25,0.953,-0.113,0.032,-46.7,46.7,settle
5.25,0.953,-0.113,0.032,-46.7,46.7,settle
5.25,0.954,-0.113,0.032,-46.7,46.7,settle
5.25,0.954,-0.113,0.032,-46.7,46.7,settle
5.25,0.954,-0.113,0.032,-46.7,46.7,settle
5.25,0.954,-0.113,0.032,-46.7,46.7,settle
5.25,0.954,-0.113,0.032,-46.7,46.7,settle
5.25,0.954,-0.113,0.032,-46.7,46.7,settle
5.25,0.954,-0.113,0.032,-46.7,46.7,settle
5.25,0.954,-0.113,0.032,-46.7,46.7,settle
5.25,0.955,-0.113,0.032,-46.7,46.7,settle
5.25,0.955,-0.113,0.032,-46.7,46.7,settle
5.25,0.955,-0.113,0.032,-46.7,46.7,settle
5.25,0.955,-0.113,0.032,-46.7,46.7,settle
5.25,0.955,-0.113,0.032,-46.7,46.7,settle
5.25,0.955,-0.113,0.032,-46.7,46.7,settle
5.25,0.955,-0.113,0.032,-46.7,46.7,settle
5.25,0.955,-0.113,0.032,-46.7,46.7,settle
5.25,0.955,-0.113,0.032,-46.7,46.7,settle
5.25,0.955,-0.113,0.032,-46.7,46.7,settle
5.25,0.955,-0.113,0.032,-46.7,46.7,settle
5.25,0.956,-0.113,0.032,-46.7,46.7,settle
5.25,0.956,-0.113,0.032,-46.7,46.7,settle
5.25,0.956,-0.113,0.032,-46.7,46.7,settle
5.25,0.956,-0.113,0.032,-46.7,46.7,settle
5.26,0.956,-0.113,0.032,-46.7,46.7,settle
5.26,0.956,-0.113,0.032,-46.7,46.7,settle
5.26,0.956,-0.113,0.032,-46.7,46.7,settle
5.26,0.957,-0.113,0.032,-46.7,46.7,settle
5.26,0.957,-0.113,0.032,-46.7,46.7,settle
5.26,0.957,-0.113,0.032,-46.7,46.7,settle
5.26,0.957,-0.113,0.032,-46.7,46.7,settle
5.26,0.957,-0.113,0.032,-46.7,46.7,settle
5.26,0.957,-0.113,0.032,-46.7,46.7,settle
5.26,0.957,-0.113,0.032,-46.7,46.7,settle
5.26,0.957,-0.113,0.032,-46.7,46.7,settle
5.26,0.958,-0.113,0.032,-46.7,46.7,settle
5.26,0.958,-0.113,0.032,-46.7,46.7,settle
5.26,0.958,-0.113,0.032,-46.7,46.7,settle
5.26,0.958,-0.113,0.032,-46.7,46.7,settle
5.26,0.958,-0.113,0.032,-46.7,46.7,settle
5.26,0.958,-0.113,0.032,-46.7,46.7,settle
5.26,0.958,-0.113,0.032,-46.7,46.7,settle
5.26,0.959,-0.113,0.032,-46.7,46.7,settle
5.26,0.959,-0.113,0.032,-46.7,46.7,settle
5.26,0.959,-0.113,0.032,-46.7,46.7,settle
5.26,0.959,-0.113,0.032,-46.7,46.7,settle
5.26,0.959,-0.113,0.032,-46.7,46.7,settle
5.26,0.959,-0.113,0.032,-46.7,46.7,settle
5.26,0.959,-0.113,0.032,-46.7,46.7,settle
5.27,0.959,-0.113,0.032,-46.7,46.7,settle
5.27,0.960,-0.113,0.032,-46.7,46.7,settle
5.27,0.960,-0.113,0.032,-46.7,46.7,settle
5.27,0.960,-0.113,0.032,-46.7,46.7,settle
5.27,0.960,-0.113,0.032,-46.7,46.7,settle
5.27,0.960,-0.113,0.032,-46.7,46.7,settle
5.27,0.960,-0.113,0.032,-46.7,46.7,settle
5.27,0.960,-0.113,0.032,-46.7,46.7,settle
5.27,0.961,-0.113,0.032,-46.7,46.7,settle
5.27,0.961,-0.113,0.032,-46.7,46.7,settle
5.27,0.961,-0.113,0.032,-46.7,46.7,settle
5.27,0.961,-0.113,0.032,-46.7,46.7,settle
5.27,0.961,-0.113,0.032,-46.7,46.7,settle
5.27,0.961,-0.113,0.032,-46.7,46.7,settle
5.27,0.961,-0.113,0.032,-46.7,46.7,settle
5.27,0.961,-0.113,0.032,-46.7,46.7,settle
5.27,0.962,-0.113,0.032,-46.7,46.7,settle
5.27,0.962,-0.113,0.032,-46.7,46.7,settle
5.27,0.962,-0.113,0.032,-46.7,46.7,settle
5.27,0.962,-0.113,0.032,-46.7,46.7,settle
5.27,0.962,-0.113,0.032,-46.7,46.7,settle
5.27,0.962,-0.113,0.032,-46.7,46.7,settle
5.27,0.962,-0.113,0.032,-46.7,46.7,settle
5.27,0.962,-0.113,0.032,-46.7,46.7,settle
5.28,0.962,-0.113,0.032,-46.7,46.7,settle
5.28,0.963,-0.113,0.032,-46.7,46.7,settle
5.28,0.963,-0.113,0.032,-46.7,46.7,settle
5.28,0.963,-0.113,0.032,-46.7,46.7,settle
5.28,0.963,-0.113,0.032,-46.7,46.7,settle
5.28,0.963,-0.113,0.032,-46.7,46.7,settle
5.28,0.963,-0.113,0.032,-46.7,46.7,settle
5.28,0.963,-0.113,0.032,-46.7,46.7,settle
5.28,0.963,-0.113,0.032,-46.7,46.7,settle
5.28,0.964,-0.113,0.032,-46.7,46.7,settle
5.28,0.964,-0.113,0.032,-46.7,46.7,settle
5.28,0.964,-0.113,0.032,-46.7,46.7,settle
5.28,0.964,-0.113,0.032,-46.7,46.7,settle
5.28,0.964,-0.113,0.032,-46.7,46.7,settle
5.28,0.964,-0.113,0.032,-46.7,46.7,settle
5.28,0.964,-0.113,0.032,-46.7,46.7,settle
5.28,0.965,-0.113,0.032,-46.7,46.7,settle
5.28,0.965,-0.113,0.032,-46.7,46.7,settle
5.28,0.965,-0.113,0.032,-46.7,46.7,settle
5.28,0.965,-0.113,0.032,-46.7,46.7,settle
5.28,0.965,-0.113,0.032,-46.7,46.7,settle
5.28,0.965,-0.113,0.032,-46.7,46.7,settle
5.28,0.965,-0.113,0.032,-46.7,46.7,settle
5.28,0.966,-0.113,0.032,-46.7,46.7,settle
5.29,0.966,-0.113,0.032,-46.7,46.7,settle
5.29,0.966,-0.113,0.032,-46.7,46.7,settle
5.29,0.966,-0.113,0.032,-46.7,46.7,settle
5.29,0.966,-0.113,0.032,-46.7,46.7,settle
5.29,0.966,-0.113,0.032,-46.7,46.7,settle
5.29,0.966,-0.113,0.032,-46.7,46.7,settle
5.29,0.967,-0.113,0.032,-46.7,46.7,settle
5.29,0.967,-0.113,0.032,-46.7,46.7,settle
5.29,0.967,-0.113,0.032,-46.7,46.7,settle
5.29,0.967,-0.113,0.032,-46.7,46.7,settle
5.29,0.967,-0.113,0.032,-46.7,46.7,settle
5.29,0.967,-0.113,0.032,-46.7,46.7,settle
5.29,0.968,-0.113,0.032,-46.7,46.7,settle
5.29,0.968,-0.113,0.032,-46.7,46.7,settle
5.29,0.968,-0.113,0.032,-46.7,46.7,settle
5.29,0.968,-0.113,0.032,-46.7,46.7,settle
5.29,0.968,-0.113,0.032,-46.7,46.7,settle
5.29,0.968,-0.113,0.032,-46.7,46.7,settle
5.29,0.968,-0.113,0.032,-46.7,46.7,settle
5.29,0.968,-0.113,0.032,-46.7,46.7,settle
5.29,0.969,-0.113,0.032,-46.7,46.7,settle
5.29,0.969,-0.113,0.032,-46.7,46.7,settle
5.29,0.969,-0.113,0.032,-46.7,46.7,settle
5.29,0.969,-0.113,0.032,-46.7,46.7,settle
5.30,0.969,-0.113,0.032,-46.7,46.7,settle
5.30,0.969,-0.113,0.032,-46.7,46.7,settle
5.30,0.969,-0.113,0.032,-46.7,46.7,settle
5.30,0.970,-0.113,0.032,-46.7,46.7,settle
5.30,0.970,-0.113,0.032,-46.7,46.7,settle
5.30,0.970,-0.113,0.032,-46.7,46.7,settle
5.30,0.970,-0.113,0.032,-46.7,46.7,settle
5.30,0.970,-0.113,0.032,-46.7,46.7,settle
5.30,0.970,-0.113,0.032,-46.7,46.7,settle
5.30,0.970,-0.113,0.032,-46.7,46.7,settle
5.30,0.970,-0.113,0.032,-46.7,46.7,settle
5.30,0.970,-0.113,0.032,-46.7,46.7,settle
5.30,0.970,-0.113,0.032,-46.7,46.7,settle
5.30,0.971,-0.113,0.032,-46.7,46.7,settle
5.30,0.971,-0.113,0.032,-46.7,46.7,settle
5.30,0.971,-0.113,0.032,-46.7,46.7,settle
5.30,0.971,-0.113,0.032,-46.7,46.7,settle
5.30,0.971,-0.113,0.032,-46.7,46.7,settle
5.30,0.971,-0.113,0.032,-46.7,46.7,settle
5.30,0.971,-0.113,0.032,-46.7,46.7,settle
5.30,0.972,-0.113,0.032,-46.7,46.7,settle
5.30,0.972,-0.113,0.032,-46.7,46.7,settle
5.30,0.972,-0.113,0.032,-46.7,46.7,settle
5.30,0.972,-0.113,0.032,-46.7,46.7,settle
5.31,0.972,-0.113,0.032,-46.7,46.7,settle
5.31,0.972,-0.113,0.032,-46.7,46.7,settle
5.31,0.972,-0.113,0.032,-46.7,46.7,settle
5.31,0.972,-0.113,0.032,-46.7,46.7,settle
5.31,0.973,-0.113,0.032,-46.7,46.7,settle
5.31,0.973,-0.113,0.032,-46.7,46.7,settle
5.31,0.973,-0.113,0.032,-46.7,46.7,settle
5.31,0.973,-0.113,0.032,-46.7,46.7,settle
5.31,0.973,-0.113,0.032,-46.7,46.7,settle
5.31,0.973,-0.113,0.032,-46.7,46.7,settle
5.31,0.973,-0.113,0.032,-46.7,46.7,settle
5.31,0.973,-0.113,0.032,-46.7,46.7,settle
5.31,0.974,-0.113,0.032,-46.7,46.7,settle
5.31,0.974,-0.113,0.032,-46.7,46.7,settle
5.31,0.974,-0.113,0.032,-46.7,46.7,settle
5.31,0.974,-0.113,0.032,-46.7,46.7,settle
5.31,0.974,-0.113,0.032,-46.7,46.7,settle
5.31,0.974,-0.113,0.032,-46.7,46.7,settle
5.31,0.974,-0.113,0.032,-46.7,46.7,settle
5.31,0.975,-0.113,0.032,-46.7,46.7,settle
5.31,0.975,-0.113,0.032,-46.7,46.7,settle
5.31,0.975,-0.113,0.032,-46.7,46.7,settle
5.31,0.975,-0.113,0.032,-46.7,46.7,settle
5.32,0.975,-0.113,0.032,-46.7,46.7,settle
5.32,0.976,-0.113,0.032,-46.7,46.7,settle
5.32,0.976,-0.113,0.032,-46.7,46.7,settle
5.32,0.976,-0.113,0.032,-46.7,46.7,settle
5.32,0.976,-0.113,0.032,-46.7,46.7,settle
5.32,0.976,-0.113,0.032,-46.7,46.7,settle
5.32,0.976,-0.113,0.032,-46.7,46.7,settle
5.32,0.977,-0.113,0.032,-46.7,46.7,settle
5.32,0.977,-0.113,0.032,-46.7,46.7,settle
5.32,0.977,-0.113,0.032,-46.7,46.7,settle
5.32,0.977,-0.113,0.032,-46.7,46.7,settle
5.32,0.977,-0.113,0.032,-46.7,46.7,settle
5.32,0.977,-0.113,0.032,-46.7,46.7,settle
5.32,0.977,-0.113,0.032,-46.7,46.7,settle
5.32,0.977,-0.113,0.032,-46.7,46.7,settle
5.32,0.977,-0.113,0.032,-46.7,46.7,settle
5.32,0.978,-0.113,0.032,-46.7,46.7,settle
5.32,0.978,-0.113,0.032,-46.7,46.7,settle
5.32,0.978,-0.113,0.032,-46.7,46.7,settle
5.32,0.978,-0.113,0.032,-46.7,46.7,settle
5.33,0.978,-0.113,0.032,-46.7,46.7,settle
5.33,0.979,-0.113,0.032,-46.7,46.7,settle
5.33,0.979,-0.113,0.032,-46.7,46.7,settle
5.33,0.979,-0.113,0.032,-46.7,46.7,settle
5.33,0.979,-0.113,0.032,-46.7,46.7,settle
5.33,0.979,-0.113,0.032,-46.7,46.7,settle
5.33,0.979,-0.113,0.032,-46.7,46.7,settle
5.33,0.980,-0.113,0.032,-46.7,46.7,settle
5.33,0.980,-0.113,0.032,-46.7,46.7,settle
5.33,0.980,-0.113,0.032,-46.7,46.7,settle
5.33,0.980,-0.113,0.032,-46.7,46.7,settle
5.33,0.980,-0.113,0.032,-46.7,46.7,settle
5.33,0.980,-0.113,0.032,-46.7,46.7,settle
5.33,0.980,-0.113,0.032,-46.7,46.7,settle
5.33,0.981,-0.113,0.032,-46.7,46.7,settle
5.33,0.981,-0.113,0.032,-46.7,46.7,settle
5.33,0.981,-0.113,0.032,-46.7,46.7,settle
5.33,0.981,-0.113,0.032,-46.7,46.7,settle
5.33,0.981,-0.113,0.032,-46.7,46.7,settle
5.33,0.981,-0.113,0.032,-46.7,46.7,settle
5.33,0.981,-0.113,0.032,-46.7,46.7,settle
5.33,0.981,-0.113,0.032,-46.7,46.7,settle
5.33,0.982,-0.113,0.032,-46.7,46.7,settle
5.34,0.982,-0.113,0.032,-46.7,46.7,settle
5.34,0.982,-0.113,0.032,-46.7,46.7,settle
5.34,0.982,-0.113,0.032,-46.7,46.7,settle
5.34,0.982,-0.113,0.032,-46.7,46.7,settle
5.34,0.982,-0.113,0.032,-46.7,46.7,settle
5.34,0.982,-0.113,0.032,-46.7,46.7,settle
5.34,0.983,-0.113,0.032,-46.7,46.7,settle
5.34,0.983,-0.113,0.032,-46.7,46.7,settle
5.34,0.983,-0.113,0.032,-46.7,46.7,settle
5.34,0.983,-0.113,0.032,-46.7,46.7,settle
5.34,0.983,-0.113,0.032,-46.7,46.7,settle
5.34,0.983,-0.113,0.032,-46.7,46.7,settle
5.34,0.983,-0.113,0.032,-46.7,46.7,settle
5.34,0.984,-0.113,0.032,-46.7,46.7,settle
5.34,0.984,-0.113,0.032,-46.7,46.7,settle
5.34,0.984,-0.113,0.032,-46.7,46.7,settle
5.34,0.984,-0.113,0.032,-46.7,46.7,settle
5.34,0.984,-0.113,0.032,-46.7,46.7,settle
5.34,0.984,-0.113,0.032,-46.7,46.7,settle
5.34,0.984,-0.113,0.032,-46.7,46.7,settle
5.34,0.984,-0.113,0.032,-46.7,46.7,settle
5.34,0.984,-0.113,0.032,-46.7,46.7,settle
5.34,0.985,-0.113,0.032,-46.7,46.7,settle
5.34,0.985,-0.113,0.032,-46.7,46.7,settle
5.35,0.985,-0.113,0.032,-46.7,46.7,settle
5.35,0.985,-0.113,0.032,-46.7,46.7,settle
5.35,0.985,-0.113,0.032,-46.7,46.7,settle
5.35,0.985,-0.113,0.032,-46.7,46.7,settle
5.35,0.985,-0.113,0.032,-46.7,46.7,settle
5.35,0.985,-0.113,0.032,-46.7,46.7,settle
5.35,0.986,-0.113,0.032,-46.7,46.7,settle
5.35,0.986,-0.113,0.032,-46.7,46.7,settle
5.35,0.986,-0.113,0.032,-46.7,46.7,settle
5.35,0.986,-0.113,0.032,-46.7,46.7,settle
5.35,0.986,-0.113,0.032,-46.7,46.7,settle
5.35,0.986,-0.113,0.032,-46.7,46.7,settle
5.35,0.986,-0.113,0.032,-46.7,46.7,settle
5.35,0.987,-0.113,0.032,-46.7,46.7,settle
5.35,0.987,-0.113,0.032,-46.7,46.7,settle
5.35,0.987,-0.113,0.032,-46.7,46.7,settle
5.35,0.987,-0.113,0.032,-46.7,46.7,settle
5.35,0.987,-0.113,0.032,-46.7,46.7,settle
5.35,0.987,-0.113,0.032,-46.7,46.7,settle
5.35,0.987,-0.113,0.032,-46.7,46.7,settle
5.35,0.988,-0.113,0.032,-46.7,46.7,settle
5.35,0.988,-0.113,0.032,-46.7,46.7,settle
5.35,0.988,-0.113,0.032,-46.7,46.7,settle
5.35,0.988,-0.113,0.032,-46.7,46.7,settle
5.36,0.988,-0.113,0.032,-46.7,46.7,settle
5.36,0.988,-0.113,0.032,-46.7,46.7,settle
5.36,0.988,-0.113,0.032,-46.7,46.7,settle
5.36,0.988,-0.113,0.032,-46.7,46.7,settle
5.36,0.989,-0.113,0.032,-46.7,46.7,settle
5.36,0.989,-0.113,0.032,-46.7,46.7,settle
5.36,0.989,-0.113,0.032,-46.7,46.7,settle
5.36,0.989,-0.113,0.032,-46.7,46.7,settle
5.36,0.989,-0.113,0.032,-46.7,46.7,settle
5.36,0.989,-0.113,0.032,-46.7,46.7,settle
5.36,0.989,-0.113,0.032,-46.7,46.7,settle
5.36,0.990,-0.113,0.032,-46.7,46.7,settle
5.36,0.990,-0.113,0.032,-46.7,46.7,settle
5.36,0.990,-0.113,0.032,-46.7,46.7,settle
5.36,0.990,-0.113,0.032,-46.7,46.7,settle
5.36,0.990,-0.113,0.032,-46.7,46.7,settle
5.36,0.990,-0.113,0.032,-46.7,46.7,settle
5.36,0.990,-0.113,0.032,-46.7,46.7,settle
5.36,0.990,-0.113,0.032,-46.7,46.7,settle
5.36,0.991,-0.113,0.032,-46.7,46.7,settle
5.36,0.991,-0.113,0.032,-46.7,46.7,settle
5.36,0.991,-0.113,0.032,-46.7,46.7,settle
5.36,0.991,-0.113,0.032,-46.7,46.7,settle
5.36,0.991,-0.113,0.032,-46.7,46.7,settle
5.36,0.991,-0.113,0.032,-46.7,46.7,settle
5.37,0.991,-0.113,0.032,-46.7,46.7,settle
5.37,0.991,-0.113,0.032,-46.7,46.7,settle
5.37,0.991,-0.113,0.032,-46.7,46.7,settle
5.37,0.992,-0.113,0.032,-46.7,46.7,settle
5.37,0.992,-0.113,0.032,-46.7,46.7,settle
5.37,0.992,-0.113,0.032,-46.7,46.7,settle
5.37,0.992,-0.113,0.032,-46.7,46.7,settle
5.37,0.992,-0.113,0.032,-46.7,46.7,settle
5.37,0.992,-0.113,0.032,-46.7,46.7,settle
5.37,0.992,-0.113,0.032,-46.7,46.7,settle
5.37,0.992,-0.113,0.032,-46.7,46.7,settle
5.37,0.993,-0.113,0.032,-46.7,46.7,settle
5.37,0.993,-0.113,0.032,-46.7,46.7,settle
5.37,0.993,-0.113,0.032,-46.7,46.7,settle
5.37,0.993,-0.113,0.032,-46.7,46.7,settle
5.37,0.993,-0.113,0.032,-46.7,46.7,settle
5.37,0.993,-0.113,0.032,-46.7,46.7,settle
5.37,0.993,-0.113,0.032,-46.7,46.7,settle
5.37,0.994,-0.113,0.032,-46.7,46.7,settle
5.37,0.994,-0.113,0.032,-46.7,46.7,settle
5.37,0.994,-0.113,0.032,-46.7,46.7,settle
5.37,0.994,-0.113,0.032,-46.7,46.7,settle
5.37,0.994,-0.113,0.032,-46.7,46.7,settle
5.38,0.994,-0.113,0.032,-46.7,46.7,settle
5.38,0.994,-0.113,0.032,-46.7,46.7,settle
5.38,0.995,-0.113,0.032,-46.7,46.7,settle
5.38,0.995,-0.113,0.032,-46.7,46.7,settle
5.38,0.995,-0.113,0.032,-46.7,46.7,settle
5.38,0.995,-0.113,0.032,-46.7,46.7,settle
5.38,0.995,-0.113,0.032,-46.7,46.7,settle
5.38,0.995,-0.113,0.032,-46.7,46.7,settle
5.38,0.996,-0.113,0.032,-46.7,46.7,settle
5.38,0.996,-0.113,0.032,-46.7,46.7,settle
5.38,0.996,-0.113,0.032,-46.7,46.7,settle
5.38,0.996,-0.113,0.032,-46.7,46.7,settle
5.38,0.996,-0.113,0.032,-46.7,46.7,settle
5.38,0.996,-0.113,0.032,-46.7,46.7,settle
5.38,0.996,-0.113,0.032,-46.7,46.7,settle
5.38,0.996,-0.113,0.032,-46.7,46.7,settle
5.38,0.997,-0.113,0.032,-46.7,46.7,settle
5.38,0.997,-0.113,0.032,-46.7,46.7,settle
5.38,0.997,-0.113,0.032,-46.7,46.7,settle
5.38,0.997,-0.113,0.032,-46.7,46.7,settle
5.38,0.997,-0.113,0.032,-46.7,46.7,settle
5.38,0.997,-0.113,0.032,-46.7,46.7,settle
5.38,0.997,-0.113,0.032,-46.7,46.7,settle
5.38,0.998,-0.113,0.032,-46.7,46.7,settle
5.39,0.998,-0.113,0.032,-46.7,46.7,settle
5.39,0.998,-0.113,0.032,-46.7,46.7,settle
5.39,0.998,-0.113,0.032,-46.7,46.7,settle
5.39,0.998,-0.113,0.032,-46.7,46.7,settle
5.39,0.998,-0.113,0.032,-46.7,46.7,settle
5.39,0.998,-0.113,0.032,-46.7,46.7,settle
5.39,0.999,-0.113,0.032,-46.7,46.7,settle
5.39,0.999,-0.113,0.032,-46.7,46.7,settle
5.39,0.999,-0.113,0.032,-46.7,46.7,settle
5.39,0.999,-0.113,0.032,-46.7,46.7,settle
5.39,0.999,-0.113,0.032,-46.7,46.7,settle
5.39,0.999,-0.113,0.032,-46.7,46.7,settle
5.39,0.999,-0.113,0.032,-46.7,46.7,settle
5.39,0.999,-0.113,0.032,-46.7,46.7,settle
5.39,0.999,-0.113,0.032,-46.7,46.7,settle
5.39,0.999,-0.113,0.032,-46.7,46.7,settle
5.39,0.999,-0.113,0.032,-46.7,46.7,settle
5.39,1.000,-0.113,0.032,-46.7,46.7,settle
5.39,1.000,-0.113,0.032,-46.7,46.7,settle
5.39,1.000,-0.113,0.032,-46.7,46.7,settle
5.39,1.000,-0.113,0.032,-46.7,46.7,settle
5.39,1.000,-0.113,0.032,-46.7,46.7,settle
5.39,1.000,-0.113,0.032,-46.7,46.7,settle
5.39,1.001,-0.113,0.032,-46.7,46.7,settle
5.40,1.001,-0.113,0.032,-46.7,46.7,settle
5.40,1.001,-0.113,0.032,-46.7,46.7,settle
5.40,1.001,-0.113,0.032,-46.7,46.7,settle
5.40,1.001,-0.113,0.032,-46.7,46.7,settle
5.40,1.001,-0.113,0.032,-46.7,46.7,settle
5.40,1.001,-0.113,0.032,-46.7,46.7,settle
5.40,1.001,-0.113,0.032,-46.7,46.7,settle
5.40,1.002,-0.113,0.032,-46.7,46.7,settle
5.40,1.002,-0.113,0.032,-46.7,46.7,settle
5.40,1.002,-0.113,0.032,-46.7,46.7,settle
5.40,1.002,-0.113,0.032,-46.7,46.7,settle
5.40,1.002,-0.113,0.032,-46.7,46.7,settle
5.40,1.002,-0.113,0.032,-46.7,46.7,settle
5.40,1.002,-0.113,0.032,-46.7,46.7,settle
5.40,1.002,-0.113,0.032,-46.7,46.7,settle
5.40,1.003,-0.113,0.032,-46.7,46.7,settle
5.40,1.003,-0.113,0.032,-46.7,46.7,settle
5.40,1.003,-0.113,0.032,-46.7,46.7,settle
5.40,1.003,-0.113,0.032,-46.7,46.7,settle
5.40,1.003,-0.113,0.032,-46.7,46.7,settle
5.40,1.003,-0.113,0.032,-46.7,46.7,settle
5.40,1.003,-0.113,0.032,-46.7,46.7,settle
5.40,1.003,-0.113,0.032,-46.7,46.7,settle
5.40,1.004,-0.113,0.032,-46.7,46.7,settle
5.40,1.004,-0.113,0.032,-46.7,46.7,settle
5.40,1.004,-0.113,0.032,-46.7,46.7,settle
5.41,1.004,-0.113,0.032,-46.7,46.7,settle
5.41,1.004,-0.113,0.032,-46.7,46.7,settle
5.41,1.004,-0.113,0.032,-46.7,46.7,settle
5.41,1.004,-0.113,0.032,-46.7,46.7,settle
5.41,1.005,-0.113,0.032,-46.7,46.7,settle
5.41,1.005,-0.113,0.032,-46.7,46.7,settle
5.41,1.005,-0.113,0.032,-46.7,46.7,settle
5.41,1.005,-0.113,0.032,-46.7,46.7,settle
5.41,1.005,-0.113,0.032,-46.7,46.7,settle
5.41,1.005,-0.113,0.032,-46.7,46.7,settle
5.41,1.005,-0.113,0.032,-46.7,46.7,settle
5.41,1.006,-0.113,0.032,-46.7,46.7,settle
5.41,1.006,-0.113,0.032,-46.7,46.7,settle
5.41,1.006,-0.113,0.032,-46.7,46.7,settle
5.41,1.006,-0.113,0.032,-46.7,46.7,settle
5.41,1.006,-0.113,0.032,-46.7,46.7,settle
5.41,1.006,-0.113,0.032,-46.7,46.7,settle
5.41,1.006,-0.113,0.032,-46.7,46.7,settle
5.41,1.006,-0.113,0.032,-46.7,46.7,settle
5.41,1.006,-0.113,0.032,-46.7,46.7,settle
5.41,1.006,-0.113,0.032,-46.7,46.7,settle
5.41,1.007,-0.113,0.032,-46.7,46.7,settle
5.41,1.007,-0.113,0.032,-46.7,46.7,settle
5.41,1.007,-0.113,0.032,-46.7,46.7,settle
5.41,1.007,-0.113,0.032,-46.7,46.7,settle
5.42,1.007,-0.113,0.032,-46.7,46.7,settle
5.42,1.007,-0.113,0.032,-46.7,46.7,settle
5.42,1.007,-0.113,0.032,-46.7,46.7,settle
5.42,1.008,-0.113,0.032,-46.7,46.7,settle
5.42,1.008,-0.113,0.032,-46.7,46.7,settle
5.42,1.008,-0.113,0.032,-46.7,46.7,settle
5.42,1.008,-0.113,0.032,-46.7,46.7,settle
5.42,1.008,-0.113,0.032,-46.7,46.7,settle
5.42,1.008,-0.113,0.032,-46.7,46.7,settle
5.42,1.008,-0.113,0.032,-46.7,46.7,settle
5.42,1.009,-0.113,0.032,-46.7,46.7,settle
5.42,1.009,-0.113,0.032,-46.7,46.7,settle
5.42,1.009,-0.113,0.032,-46.7,46.7,settle
5.42,1.009,-0.113,0.032,-46.7,46.7,settle
5.42,1.009,-0.113,0.032,-46.7,46.7,settle
5.42,1.009,-0.113,0.032,-46.7,46.7,settle
5.42,1.009,-0.113,0.032,-46.7,46.7,settle
5.42,1.010,-0.113,0.032,-46.7,46.7,settle
5.42,1.010,-0.113,0.032,-46.7,46.7,settle
5.42,1.010,-0.113,0.032,-46.7,46.7,settle
5.42,1.010,-0.113,0.032,-46.7,46.7,settle
5.42,1.010,-0.113,0.032,-46.7,46.7,settle
5.42,1.010,-0.113,0.032,-46.7,46.7,settle
5.43,1.010,-0.113,0.032,-46.7,46.7,settle
5.43,1.011,-0.113,0.032,-46.7,46.7,settle
5.43,1.011,-0.113,0.032,-46.7,46.7,settle
5.43,1.011,-0.113,0.032,-46.7,46.7,settle
5.43,1.011,-0.113,0.032,-46.7,46.7,settle
5.43,1.011,-0.113,0.032,-46.7,46.7,settle
5.43,1.012,-0.113,0.032,-46.7,46.7,settle
5.43,1.012,-0.113,0.032,-46.7,46.7,settle
5.43,1.012,-0.113,0.032,-46.7,46.7,settle
5.43,1.012,-0.113,0.032,-46.7,46.7,settle
5.43,1.012,-0.113,0.032,-46.7,46.7,settle
5.43,1.012,-0.113,0.032,-46.7,46.7,settle
5.43,1.012,-0.113,0.032,-46.7,46.7,settle
5.43,1.013,-0.113,0.032,-46.7,46.7,settle
5.43,1.013,-0.113,0.032,-46.7,46.7,settle
5.43,1.013,-0.113,0.032,-46.7,46.7,settle
5.43,1.013,-0.113,0.032,-46.7,46.7,settle
5.43,1.013,-0.113,0.032,-46.7,46.7,settle
5.43,1.013,-0.113,0.032,-46.7,46.7,settle
5.43,1.013,-0.113,0.032,-46.7,46.7,settle
5.44,1.013,-0.113,0.032,-46.7,46.7,settle
5.44,1.014,-0.113,0.032,-46.7,46.7,settle
5.44,1.014,-0.113,0.032,-46.7,46.7,settle
5.44,1.014,-0.113,0.032,-46.7,46.7,settle
5.44,1.014,-0.113,0.032,-46.7,46.7,settle
5.44,1.014,-0.113,0.032,-46.7,46.7,settle
5.44,1.014,-0.113,0.032,-46.7,46.7,settle
5.44,1.014,-0.113,0.032,-46.7,46.7,settle
5.44,1.015,-0.113,0.032,-46.7,46.7,settle
5.44,1.015,-0.113,0.032,-46.7,46.7,settle
5.44,1.015,-0.113,0.032,-46.7,46.7,settle
5.44,1.015,-0.113,0.032,-46.7,46.7,settle
5.44,1.015,-0.113,0.032,-46.7,46.7,settle
5.44,1.015,-0.113,0.032,-46.7,46.7,settle
5.44,1.015,-0.113,0.032,-46.7,46.7,settle
5.44,1.015,-0.113,0.032,-46.7,46.7,settle
5.44,1.016,-0.113,0.032,-46.7,46.7,settle
5.44,1.016,-0.113,0.032,-46.7,46.7,settle
5.44,1.016,-0.113,0.032,-46.7,46.7,settle
5.44,1.016,-0.113,0.032,-46.7,46.7,settle
5.44,1.016,-0.113,0.032,-46.7,46.7,settle
5.44,1.016,-0.113,0.032,-46.7,46.7,settle
5.44,1.017,-0.113,0.032,-46.7,46.7,settle
5.45,1.017,-0.113,0.032,-46.7,46.7,settle
5.45,1.017,-0.113,0.032,-46.7,46.7,settle
5.45,1.017,-0.113,0.032,-46.7,46.7,settle
5.45,1.017,-0.113,0.032,-46.7,46.7,settle
5.45,1.017,-0.113,0.032,-46.7,46.7,settle
5.45,1.017,-0.113,0.032,-46.7,46.7,settle
5.45,1.017,-0.113,0.032,-46.7,46.7,settle
5.45,1.018,-0.113,0.032,-46.7,46.7,settle
5.45,1.018,-0.113,0.032,-46.7,46.7,settle
5.45,1.018,-0.113,0.032,-46.7,46.7,settle
5.45,1.018,-0.113,0.032,-46.7,46.7,settle
5.45,1.018,-0.113,0.032,-46.7,46.7,settle
5.45,1.018,-0.113,0.032,-46.7,46.7,settle
5.45,1.018,-0.113,0.032,-46.7,46.7,settle
5.45,1.019,-0.113,0.032,-46.7,46.7,settle
5.45,1.019,-0.113,0.032,-46.7,46.7,settle
5.45,1.019,-0.113,0.032,-46.7,46.7,settle
5.45,1.019,-0.113,0.032,-46.7,46.7,settle
5.45,1.019,-0.113,0.032,-46.7,46.7,settle
5.45,1.019,-0.113,0.032,-46.7,46.7,settle
5.45,1.019,-0.113,0.032,-46.7,46.7,settle
5.45,1.020,-0.113,0.032,-46.7,46.7,settle
5.45,1.020,-0.113,0.032,-46.7,46.7,settle
5.45,1.020,-0.113,0.032,-46.7,46.7,settle
5.46,1.020,-0.113,0.032,-46.7,46.7,settle
5.46,1.020,-0.113,0.032,-46.7,46.7,settle
5.46,1.020,-0.113,0.032,-46.7,46.7,settle
5.46,1.020,-0.113,0.032,-46.7,46.7,settle
5.46,1.020,-0.113,0.032,-46.7,46.7,settle
5.46,1.020,-0.113,0.032,-46.7,46.7,settle
5.46,1.020,-0.113,0.032,-46.7,46.7,settle
5.46,1.021,-0.113,0.032,-46.7,46.7,settle
5.46,1.021,-0.113,0.032,-46.7,46.7,settle
5.46,1.021,-0.113,0.032,-46.7,46.7,settle
5.46,1.021,-0.113,0.032,-46.7,46.7,settle
5.46,1.021,-0.113,0.032,-46.7,46.7,settle
5.46,1.021,-0.113,0.032,-46.7,46.7,settle
5.46,1.021,-0.113,0.032,-46.7,46.7,settle
5.46,1.022,-0.113,0.032,-46.7,46.7,settle
5.46,1.022,-0.113,0.032,-46.7,46.7,settle
5.46,1.022,-0.113,0.032,-46.7,46.7,settle
5.46,1.022,-0.113,0.032,-46.7,46.7,settle
5.46,1.022,-0.113,0.032,-46.7,46.7,settle
5.46,1.022,-0.113,0.032,-46.7,46.7,settle
5.46,1.022,-0.113,0.032,-46.7,46.7,settle
5.46,1.023,-0.113,0.032,-46.7,46.7,settle
5.46,1.023,-0.113,0.032,-46.7,46.7,settle
5.46,1.023,-0.113,0.032,-46.7,46.7,settle
5.46,1.023,-0.113,0.032,-46.7,46.7,settle
5.47,1.023,-0.113,0.032,-46.7,46.7,settle
5.47,1.023,-0.113,0.032,-46.7,46.7,settle
5.47,1.023,-0.113,0.032,-46.7,46.7,settle
5.47,1.023,-0.113,0.032,-46.7,46.7,settle
5.47,1.024,-0.113,0.032,-46.7,46.7,settle
5.47,1.024,-0.113,0.032,-46.7,46.7,settle
5.47,1.024,-0.113,0.032,-46.7,46.7,settle
5.47,1.024,-0.113,0.032,-46.7,46.7,settle
5.47,1.024,-0.113,0.032,-46.7,46.7,settle
5.47,1.024,-0.113,0.032,-46.7,46.7,settle
5.47,1.024,-0.113,0.032,-46.7,46.7,settle
5.47,1.025,-0.113,0.032,-46.7,46.7,settle
5.47,1.025,-0.113,0.032,-46.7,46.7,settle
5.47,1.025,-0.113,0.032,-46.7,46.7,settle
5.47,1.025,-0.113,0.032,-46.7,46.7,settle
5.47,1.025,-0.113,0.032,-46.7,46.7,settle
5.47,1.025,-0.113,0.032,-46.7,46.7,settle
5.47,1.025,-0.113,0.032,-46.7,46.7,settle
5.47,1.026,-0.113,0.032,-46.7,46.7,settle
5.47,1.026,-0.113,0.032,-46.7,46.7,settle
5.47,1.026,-0.113,0.032,-46.7,46.7,settle
5.47,1.026,-0.113,0.032,-46.7,46.7,settle
5.47,1.026,-0.113,0.032,-46.7,46.7,settle
5.47,1.026,-0.113,0.032,-46.7,46.7,settle
5.48,1.026,-0.113,0.032,-46.7,46.7,settle
5.48,1.027,-0.113,0.032,-46.7,46.7,settle
5.48,1.027,-0.113,0.032,-46.7,46.7,settle
5.48,1.027,-0.113,0.032,-46.7,46.7,settle
5.48,1.027,-0.113,0.032,-46.7,46.7,settle
5.48,1.027,-0.113,0.032,-46.7,46.7,settle
5.48,1.027,-0.113,0.032,-46.7,46.7,settle
5.48,1.027,-0.113,0.032,-46.7,46.7,settle
5.48,1.027,-0.113,0.032,-46.7,46.7,settle
5.48,1.027,-0.113,0.032,-46.7,46.7,settle
5.48,1.027,-0.113,0.032,-46.7,46.7,settle
5.48,1.028,-0.113,0.032,-46.7,46.7,settle
5.48,1.028,-0.113,0.032,-46.7,46.7,settle
5.48,1.028,-0.113,0.032,-46.7,46.7,settle
5.48,1.028,-0.113,0.032,-46.7,46.7,settle
5.48,1.028,-0.113,0.032,-46.7,46.7,settle
5.48,1.028,-0.113,0.032,-46.7,46.7,settle
5.48,1.028,-0.113,0.032,-46.7,46.7,settle
5.48,1.028,-0.113,0.032,-46.7,46.7,settle
5.48,1.029,-0.113,0.032,-46.7,46.7,settle
5.48,1.029,-0.113,0.032,-46.7,46.7,settle
5.48,1.029,-0.113,0.032,-46.7,46.7,settle
5.48,1.029,-0.113,0.032,-46.7,46.7,settle
5.48,1.029,-0.113,0.032,-46.7,46.7,settle
5.49,1.029,-0.113,0.032,-46.7,46.7,settle
5.49,1.029,-0.113,0.032,-46.7,46.7,settle
5.49,1.030,-0.113,0.032,-46.7,46.7,settle
5.49,1.030,-0.113,0.032,-46.7,46.7,settle
5.49,1.030,-0.113,0.032,-46.7,46.7,settle
5.49,1.030,-0.113,0.032,-46.7,46.7,settle
5.49,1.030,-0.113,0.032,-46.7,46.7,settle
5.49,1.030,-0.113,0.032,-46.7,46.7,settle
5.49,1.030,-0.113,0.032,-46.7,46.7,settle
5.49,1.030,-0.113,0.032,-46.7,46.7,settle
5.49,1.031,-0.113,0.032,-46.7,46.7,settle
5.49,1.031,-0.113,0.032,-46.7,46.7,settle
5.49,1.031,-0.113,0.032,-46.7,46.7,settle
5.49,1.031,-0.113,0.032,-46.7,46.7,settle
5.49,1.031,-0.113,0.032,-46.7,46.7,settle
5.49,1.031,-0.113,0.032,-46.7,46.7,settle
5.49,1.031,-0.113,0.032,-46.7,46.7,settle
5.49,1.032,-0.113,0.032,-46.7,46.7,settle
5.49,1.032,-0.113,0.032,-46.7,46.7,settle
5.49,1.032,-0.113,0.032,-46.7,46.7,settle
5.49,1.032,-0.113,0.032,-46.7,46.7,settle
5.49,1.032,-0.113,0.032,-46.7,46.7,settle
5.49,1.032,-0.113,0.032,-46.7,46.7,settle
5.49,1.032,-0.113,0.032,-46.7,46.7,settle
5.49,1.033,-0.113,0.032,-46.7,46.7,settle
5.49,1.033,-0.113,0.032,-46.7,46.7,settle
5.50,1.033,-0.113,0.032,-46.7,46.7,settle
5.50,1.033,-0.113,0.032,-46.7,46.7,settle
5.50,1.033,-0.113,0.032,-46.7,46.7,settle
5.50,1.033,-0.113,0.032,-46.7,46.7,settle
5.50,1.033,-0.113,0.032,-46.7,46.7,settle
5.50,1.034,-0.113,0.032,-46.7,46.7,settle
5.50,1.034,-0.113,0.032,-46.7,46.7,settle
5.50,1.034,-0.113,0.032,-46.7,46.7,settle
5.50,1.034,-0.113,0.032,-46.7,46.7,settle
5.50,1.034,-0.113,0.032,-46.7,46.7,settle
5.50,1.034,-0.113,0.032,-46.7,46.7,settle
5.50,1.034,-0.113,0.032,-46.7,46.7,settle
5.50,1.034,-0.113,0.032,-46.7,46.7,settle
5.50,1.035,-0.113,0.032,-46.7,46.7,settle
5.50,1.035,-0.113,0.032,-46.7,46.7,settle
5.50,1.035,-0.113,0.032,-46.7,46.7,settle
5.50,1.035,-0.113,0.032,-46.7,46.7,settle
5.50,1.035,-0.113,0.032,-46.7,46.7,settle
5.50,1.035,-0.113,0.032,-46.7,46.7,settle
5.50,1.035,-0.113,0.032,-46.7,46.7,settle
5.50,1.035,-0.113,0.032,-46.7,46.7,settle
5.50,1.035,-0.113,0.032,-46.7,46.7,settle
5.50,1.035,-0.113,0.032,-46.7,46.7,settle
5.50,1.036,-0.113,0.032,-46.7,46.7,settle
5.51,1.036,-0.113,0.032,-46.7,46.7,settle
5.51,1.036,-0.113,0.032,-46.7,46.7,settle
5.51,1.036,-0.113,0.032,-46.7,46.7,settle
5.51,1.036,-0.113,0.032,-46.7,46.7,settle
5.51,1.036,-0.113,0.032,-46.7,46.7,settle
5.51,1.037,-0.113,0.032,-46.7,46.7,settle
5.51,1.037,-0.113,0.032,-46.7,46.7,settle
5.51,1.037,-0.113,0.032,-46.7,46.7,settle
5.51,1.037,-0.113,0.032,-46.7,46.7,settle
5.51,1.037,-0.113,0.032,-46.7,46.7,settle
5.51,1.037,-0.113,0.032,-46.7,46.7,settle
5.51,1.037,-0.113,0.032,-46.7,46.7,settle
5.51,1.038,-0.113,0.032,-46.7,46.7,settle
5.51,1.038,-0.113,0.032,-46.7,46.7,settle
5.51,1.038,-0.113,0.032,-46.7,46.7,settle
5.51,1.038,-0.113,0.032,-46.7,46.7,settle
5.51,1.038,-0.113,0.032,-46.7,46.7,settle
5.51,1.038,-0.113,0.032,-46.7,46.7,settle
5.51,1.038,-0.113,0.032,-46.7,46.7,settle
5.51,1.039,-0.113,0.032,-46.7,46.7,settle
5.51,1.039,-0.113,0.032,-46.7,46.7,settle
5.51,1.039,-0.113,0.032,-46.7,46.7,settle
5.51,1.039,-0.113,0.032,-46.7,46.7,settle
5.52,1.039,-0.113,0.032,-46.7,46.7,settle
5.52,1.039,-0.113,0.032,-46.7,46.7,settle
5.52,1.039,-0.113,0.032,-46.7,46.7,settle
5.52,1.039,-0.113,0.032,-46.7,46.7,settle
5.52,1.040,-0.113,0.032,-46.7,46.7,settle
5.52,1.040,-0.113,0.032,-46.7,46.7,settle
5.52,1.040,-0.113,0.032,-46.7,46.7,settle
5.52,1.040,-0.113,0.032,-46.7,46.7,settle
5.52,1.040,-0.113,0.032,-46.7,46.7,settle
5.52,1.041,-0.113,0.032,-46.7,46.7,settle
5.52,1.041,-0.113,0.032,-46.7,46.7,settle
5.52,1.041,-0.113,0.032,-46.7,46.7,settle
5.52,1.041,-0.113,0.032,-46.7,46.7,settle
5.52,1.041,-0.113,0.032,-46.7,46.7,settle
5.52,1.041,-0.113,0.032,-46.7,46.7,settle
5.52,1.041,-0.113,0.032,-46.7,46.7,settle
5.52,1.041,-0.113,0.032,-46.7,46.7,settle
5.52,1.042,-0.113,0.032,-46.7,46.7,settle
5.52,1.042,-0.113,0.032,-46.7,46.7,settle
5.52,1.042,-0.113,0.032,-46.7,46.7,settle
5.52,1.042,-0.113,0.032,-46.7,46.7,settle
5.52,1.042,-0.113,0.032,-46.7,46.7,settle
5.52,1.042,-0.113,0.032,-46.7,46.7,settle
5.53,1.042,-0.113,0.032,-46.7,46.7,settle
5.53,1.042,-0.113,0.032,-46.7,46.7,settle
5.53,1.042,-0.113,0.032,-46.7,46.7,settle
5.53,1.042,-0.113,0.032,-46.7,46.7,settle
5.53,1.043,-0.113,0.032,-46.7,46.7,settle
5.53,1.043,-0.113,0.032,-46.7,46.7,settle
5.53,1.043,-0.113,0.032,-46.7,46.7,settle
5.53,1.043,-0.113,0.032,-46.7,46.7,settle
5.53,1.043,-0.113,0.032,-46.7,46.7,settle
5.53,1.043,-0.113,0.032,-46.7,46.7,settle
5.53,1.043,-0.113,0.032,-46.7,46.7,settle
5.53,1.044,-0.113,0.032,-46.7,46.7,settle
5.53,1.044,-0.113,0.032,-46.7,46.7,settle
5.53,1.044,-0.113,0.032,-46.7,46.7,settle
5.53,1.044,-0.113,0.032,-46.7,46.7,settle
5.53,1.044,-0.113,0.032,-46.7,46.7,settle
5.53,1.044,-0.113,0.032,-46.7,46.7,settle
5.53,1.044,-0.113,0.032,-46.7,46.7,settle
5.53,1.044,-0.113,0.032,-46.7,46.7,settle
5.53,1.045,-0.113,0.032,-46.7,46.7,settle
5.53,1.045,-0.113,0.032,-46.7,46.7,settle
5.53,1.045,-0.113,0.032,-46.7,46.7,settle
5.53,1.045,-0.113,0.032,-46.7,46.7,settle
5.53,1.045,-0.113,0.032,-46.7,46.7,settle
5.53,1.045,-0.114,0.032,-46.7,46.7,settle
5.54,1.045,-0.114,0.032,-46.7,46.7,settle
5.54,1.046,-0.114,0.032,-46.7,46.7,settle
5.54,1.046,-0.114,0.032,-46.7,46.7,settle
5.54,1.046,-0.114,0.032,-46.7,46.7,settle
5.54,1.046,-0.114,0.032,-46.7,46.7,settle
5.54,1.046,-0.114,0.032,-46.7,46.7,settle
5.54,1.046,-0.114,0.032,-46.7,46.7,settle
5.54,1.046,-0.114,0.032,-46.7,46.7,settle
5.54,1.047,-0.114,0.032,-46.7,46.7,settle
5.54,1.047,-0.114,0.032,-46.7,46.7,settle
5.54,1.047,-0.114,0.032,-46.7,46.7,settle
5.54,1.047,-0.114,0.032,-46.7,46.7,settle
5.54,1.047,-0.114,0.032,-46.7,46.7,settle
5.54,1.047,-0.114,0.032,-46.7,46.7,settle
5.54,1.047,-0.114,0.032,-46.7,46.7,settle
5.54,1.047,-0.114,0.032,-46.7,46.7,settle
5.54,1.047,-0.114,0.032,-46.7,46.7,settle
5.54,1.048,-0.114,0.032,-46.7,46.7,settle
5.54,1.048,-0.114,0.032,-46.7,46.7,settle
5.54,1.048,-0.114,0.032,-46.7,46.7,settle
5.54,1.048,-0.114,0.032,-46.7,46.7,settle
5.54,1.048,-0.114,0.032,-46.7,46.7,settle
5.54,1.048,-0.114,0.032,-46.7,46.7,settle
5.54,1.048,-0.114,0.032,-46.7,46.7,settle
5.54,1.049,-0.114,0.032,-46.7,46.7,settle
5.55,1.049,-0.114,0.032,-46.7,46.7,settle
5.55,1.049,-0.114,0.032,-46.7,46.7,settle
5.55,1.049,-0.114,0.032,-46.7,46.7,settle
5.55,1.049,-0.114,0.032,-46.7,46.7,settle
5.55,1.049,-0.114,0.032,-46.7,46.7,settle
5.55,1.049,-0.114,0.032,-46.7,46.7,settle
5.55,1.049,-0.114,0.032,-46.7,46.7,settle
5.55,1.049,-0.114,0.032,-46.7,46.7,settle
5.55,1.049,-0.114,0.032,-46.7,46.7,settle
5.55,1.049,-0.114,0.032,-46.7,46.7,settle
5.55,1.050,-0.114,0.032,-46.7,46.7,settle
5.55,1.050,-0.114,0.032,-46.7,46.7,settle
5.55,1.050,-0.114,0.032,-46.7,46.7,settle
5.55,1.050,-0.114,0.032,-46.7,46.7,settle
5.55,1.050,-0.114,0.032,-46.7,46.7,settle
5.55,1.050,-0.114,0.032,-46.7,46.7,settle
5.55,1.050,-0.114,0.032,-46.7,46.7,settle
5.55,1.050,-0.114,0.032,-46.7,46.7,settle
5.55,1.051,-0.114,0.032,-46.7,46.7,settle
5.55,1.051,-0.114,0.032,-46.7,46.7,settle
5.55,1.051,-0.114,0.032,-46.7,46.7,settle
5.55,1.051,-0.114,0.032,-46.7,46.7,settle
5.55,1.051,-0.114,0.032,-46.7,46.7,settle
5.55,1.051,-0.114,0.032,-46.7,46.7,settle
5.55,1.051,-0.114,0.032,-46.7,46.7,settle
5.55,1.052,-0.114,0.032,-46.7,46.7,settle
5.55,1.052,-0.114,0.032,-46.7,46.7,settle
5.56,1.052,-0.114,0.032,-46.7,46.7,settle
5.56,1.052,-0.114,0.032,-46.7,46.7,settle
5.56,1.052,-0.114,0.032,-46.7,46.7,settle
5.56,1.052,-0.114,0.032,-46.7,46.7,settle
5.56,1.052,-0.114,0.032,-46.7,46.7,settle
5.56,1.052,-0.114,0.032,-46.7,46.7,settle
5.56,1.052,-0.114,0.032,-46.7,46.7,settle
5.56,1.053,-0.114,0.032,-46.7,46.7,settle
5.56,1.053,-0.114,0.032,-46.7,46.7,settle
5.56,1.053,-0.114,0.032,-46.7,46.7,settle
5.56,1.053,-0.114,0.032,-46.7,46.7,settle
5.56,1.053,-0.114,0.032,-46.7,46.7,settle
5.56,1.053,-0.114,0.032,-46.7,46.7,settle
5.56,1.053,-0.114,0.032,-46.7,46.7,settle
5.56,1.054,-0.114,0.032,-46.7,46.7,settle
5.56,1.054,-0.114,0.032,-46.7,46.7,settle
5.56,1.054,-0.114,0.032,-46.7,46.7,settle
5.56,1.054,-0.114,0.032,-46.7,46.7,settle
5.56,1.054,-0.114,0.032,-46.7,46.7,settle
5.56,1.054,-0.114,0.032,-46.7,46.7,settle
5.56,1.054,-0.114,0.032,-46.7,46.7,settle
5.56,1.054,-0.114,0.032,-46.7,46.7,settle
5.56,1.055,-0.114,0.032,-46.7,46.7,settle
5.56,1.055,-0.114,0.032,-46.7,46.7,settle
5.56,1.055,-0.114,0.032,-46.7,46.7,settle
5.56,1.055,-0.114,0.032,-46.7,46.7,settle
5.57,1.055,-0.114,0.032,-46.7,46.7,settle
5.57,1.055,-0.114,0.032,-46.7,46.7,settle
5.57,1.055,-0.114,0.032,-46.7,46.7,settle
5.57,1.055,-0.114,0.032,-46.7,46.7,settle
5.57,1.056,-0.114,0.032,-46.7,46.7,settle
5.57,1.056,-0.114,0.032,-46.7,46.7,settle
5.57,1.056,-0.114,0.032,-46.7,46.7,settle
5.57,1.056,-0.114,0.032,-46.7,46.7,settle
5.57,1.056,-0.114,0.032,-46.7,46.7,settle
5.57,1.056,-0.114,0.032,-46.7,46.7,settle
5.57,1.056,-0.114,0.032,-46.7,46.7,settle
5.57,1.056,-0.114,0.032,-46.7,46.7,settle
5.57,1.056,-0.114,0.032,-46.7,46.7,settle
5.57,1.056,-0.114,0.032,-46.7,46.7,settle
5.57,1.057,-0.114,0.032,-46.7,46.7,settle
5.57,1.057,-0.114,0.032,-46.7,46.7,settle
5.57,1.057,-0.114,0.032,-46.7,46.7,settle
5.57,1.057,-0.114,0.032,-46.7,46.7,settle
5.57,1.057,-0.114,0.032,-46.7,46.7,settle
5.57,1.057,-0.114,0.032,-46.7,46.7,settle
5.57,1.057,-0.114,0.032,-46.7,46.7,settle
5.57,1.057,-0.114,0.032,-46.7,46.7,settle
5.57,1.058,-0.114,0.032,-46.7,46.7,settle
5.57,1.058,-0.114,0.032,-46.7,46.7,settle
5.57,1.058,-0.114,0.032,-46.7,46.7,settle
5.57,1.058,-0.114,0.032,-46.7,46.7,settle
5.58,1.058,-0.114,0.032,-46.7,46.7,settle
5.58,1.058,-0.114,0.032,-46.7,46.7,settle
5.58,1.058,-0.114,0.032,-46.7,46.7,settle
5.58,1.058,-0.114,0.032,-46.7,46.7,settle
5.58,1.059,-0.114,0.032,-46.7,46.7,settle
5.58,1.059,-0.114,0.032,-46.7,46.7,settle
5.58,1.059,-0.114,0.032,-46.7,46.7,settle
5.58,1.059,-0.114,0.032,-46.7,46.7,settle
5.58,1.059,-0.114,0.032,-46.7,46.7,settle
5.58,1.059,-0.114,0.032,-46.7,46.7,settle
5.58,1.059,-0.114,0.032,-46.7,46.7,settle
5.58,1.059,-0.114,0.032,-46.7,46.7,settle
5.58,1.060,-0.114,0.032,-46.7,46.7,settle
5.58,1.060,-0.114,0.032,-46.7,46.7,settle
5.58,1.060,-0.114,0.032,-46.7,46.7,settle
5.58,1.060,-0.114,0.032,-46.7,46.7,settle
5.58,1.060,-0.114,0.032,-46.7,46.7,settle
5.58,1.060,-0.114,0.032,-46.7,46.7,settle
5.58,1.060,-0.114,0.032,-46.7,46.7,settle
5.58,1.061,-0.114,0.032,-46.7,46.7,settle
5.58,1.061,-0.114,0.032,-46.7,46.7,settle
5.58,1.061,-0.114,0.032,-46.7,46.7,settle
5.58,1.061,-0.114,0.032,-46.7,46.7,settle
5.58,1.061,-0.114,0.032,-46.7,46.7,settle
5.58,1.061,-0.114,0.032,-46.7,46.7,settle
5.58,1.061,-0.114,0.032,-46.7,46.7,settle
5.59,1.061,-0.114,0.032,-46.7,46.7,settle
5.59,1.062,-0.114,0.032,-46.7,46.7,settle
5.59,1.062,-0.114,0.032,-46.7,46.7,settle
5.59,1.062,-0.114,0.032,-46.7,46.7,settle
5.59,1.062,-0.114,0.032,-46.7,46.7,settle
5.59,1.062,-0.114,0.032,-46.7,46.7,settle
5.59,1.062,-0.114,0.032,-46.7,46.7,settle
5.59,1.062,-0.114,0.032,-46.7,46.7,settle
5.59,1.062,-0.114,0.032,-46.7,46.7,settle
5.59,1.063,-0.114,0.032,-46.7,46.7,settle
5.59,1.063,-0.114,0.032,-46.7,46.7,settle
5.59,1.063,-0.114,0.032,-46.7,46.7,settle
5.59,1.063,-0.114,0.032,-46.7,46.7,settle
5.59,1.063,-0.114,0.032,-46.7,46.7,settle
5.59,1.063,-0.114,0.032,-46.7,46.7,settle
5.59,1.063,-0.114,0.032,-46.7,46.7,settle
5.59,1.063,-0.114,0.032,-46.7,46.7,settle
5.59,1.064,-0.114,0.032,-46.7,46.7,settle
5.59,1.064,-0.114,0.032,-46.7,46.7,settle
5.59,1.064,-0.114,0.032,-46.7,46.7,settle
5.59,1.064,-0.114,0.032,-46.7,46.7,settle
5.59,1.064,-0.114,0.032,-46.7,46.7,settle
5.59,1.064,-0.114,0.032,-46.7,46.7,settle
5.59,1.064,-0.114,0.032,-46.7,46.7,settle
5.59,1.064,-0.114,0.032,-46.7,46.7,settle
5.59,1.064,-0.114,0.032,-46.7,46.7,settle
5.60,1.064,-0.114,0.032,-46.7,46.7,settle
5.60,1.064,-0.114,0.032,-46.7,46.7,settle
5.60,1.065,-0.114,0.032,-46.7,46.7,settle
5.60,1.065,-0.114,0.032,-46.7,46.7,settle
5.60,1.065,-0.114,0.032,-46.7,46.7,settle
5.60,1.065,-0.114,0.032,-46.7,46.7,settle
5.60,1.065,-0.114,0.032,-46.7,46.7,settle
5.60,1.065,-0.114,0.032,-46.7,46.7,settle
5.60,1.065,-0.114,0.032,-46.7,46.7,settle
5.60,1.065,-0.114,0.032,-46.7,46.7,settle
5.60,1.066,-0.114,0.032,-46.7,46.7,settle
5.60,1.066,-0.114,0.032,-46.7,46.7,settle
5.60,1.066,-0.114,0.032,-46.7,46.7,settle
5.60,1.066,-0.114,0.032,-46.7,46.7,settle
5.60,1.066,-0.114,0.032,-46.7,46.7,settle
5.60,1.066,-0.114,0.032,-46.7,46.7,settle
5.60,1.066,-0.114,0.032,-46.7,46.7,settle
5.60,1.066,-0.114,0.032,-46.7,46.7,settle
5.60,1.067,-0.114,0.032,-46.7,46.7,settle
5.60,1.067,-0.114,0.032,-46.7,46.7,settle
5.60,1.067,-0.114,0.032,-46.7,46.7,settle
5.60,1.067,-0.114,0.032,-46.7,46.7,settle
5.60,1.067,-0.114,0.032,-46.7,46.7,settle
5.60,1.067,-0.114,0.032,-46.7,46.7,settle
5.60,1.067,-0.114,0.032,-46.7,46.7,settle
5.60,1.067,-0.114,0.032,-46.7,46.7,settle
5.60,1.068,-0.114,0.032,-46.7,46.7,settle
5.61,1.068,-0.114,0.032,-46.7,46.7,settle
5.61,1.068,-0.114,0.032,-46.7,46.7,settle
5.61,1.068,-0.114,0.032,-46.7,46.7,settle
5.61,1.068,-0.114,0.032,-46.7,46.7,settle
5.61,1.068,-0.114,0.032,-46.7,46.7,settle
5.61,1.068,-0.114,0.032,-46.7,46.7,settle
5.61,1.068,-0.114,0.032,-46.7,46.7,settle
5.61,1.069,-0.114,0.032,-46.7,46.7,settle
5.61,1.069,-0.114,0.032,-46.7,46.7,settle
5.61,1.069,-0.114,0.032,-46.7,46.7,settle
5.61,1.069,-0.114,0.032,-46.7,46.7,settle
5.61,1.069,-0.114,0.032,-46.7,46.7,settle
5.61,1.069,-0.114,0.032,-46.7,46.7,settle
5.61,1.069,-0.114,0.032,-46.7,46.7,settle
5.61,1.069,-0.114,0.032,-46.7,46.7,settle
5.61,1.070,-0.114,0.032,-46.7,46.7,settle
5.61,1.070,-0.114,0.032,-46.7,46.7,settle
5.61,1.070,-0.114,0.032,-46.7,46.7,settle
5.61,1.070,-0.114,0.032,-46.7,46.7,settle
5.61,1.070,-0.114,0.032,-46.7,46.7,settle
5.61,1.070,-0.114,0.032,-46.7,46.7,settle
5.61,1.070,-0.114,0.032,-46.7,46.7,settle
5.61,1.070,-0.114,0.032,-46.7,46.7,settle
5.61,1.071,-0.114,0.032,-46.7,46.7,settle
5.61,1.071,-0.114,0.032,-46.7,46.7,settle
5.61,1.071,-0.114,0.032,-46.7,46.7,settle
5.62,1.071,-0.114,0.032,-46.7,46.7,settle
5.62,1.071,-0.114,0.032,-46.7,46.7,settle
5.62,1.071,-0.114,0.032,-46.7,46.7,settle
5.62,1.071,-0.114,0.032,-46.7,46.7,settle
5.62,1.071,-0.114,0.032,-46.7,46.7,settle
5.62,1.071,-0.114,0.032,-46.7,46.7,settle
5.62,1.071,-0.114,0.032,-46.7,46.7,settle
5.62,1.072,-0.114,0.032,-46.7,46.7,settle
5.62,1.072,-0.114,0.032,-46.7,46.7,settle
5.62,1.072,-0.114,0.032,-46.7,46.7,settle
5.62,1.072,-0.114,0.032,-46.7,46.7,settle
5.62,1.072,-0.114,0.032,-46.7,46.7,settle
5.62,1.072,-0.114,0.032,-46.7,46.7,settle
5.62,1.072,-0.114,0.032,-46.7,46.7,settle
5.62,1.072,-0.114,0.032,-46.7,46.7,settle
5.62,1.073,-0.114,0.032,-46.7,46.7,settle
5.62,1.073,-0.114,0.032,-46.7,46.7,settle
5.62,1.073,-0.114,0.032,-46.7,46.7,settle
5.62,1.073,-0.114,0.032,-46.7,46.7,settle
5.62,1.073,-0.114,0.032,-46.7,46.7,settle
5.62,1.073,-0.114,0.032,-46.7,46.7,settle
5.62,1.073,-0.114,0.032,-46.7,46.7,settle
5.62,1.073,-0.114,0.032,-46.7,46.7,settle
5.62,1.073,-0.114,0.032,-46.7,46.7,settle
5.62,1.074,-0.114,0.032,-46.7,46.7,settle
5.62,1.074,-0.114,0.032,-46.7,46.7,settle
5.62,1.074,-0.114,0.032,-46.7,46.7,settle
5.62,1.074,-0.114,0.032,-46.7,46.7,settle
5.63,1.074,-0.114,0.032,-46.7,46.7,settle
5.63,1.074,-0.114,0.032,-46.7,46.7,settle
5.63,1.074,-0.114,0.032,-46.7,46.7,settle
5.63,1.074,-0.114,0.032,-46.7,46.7,settle
5.63,1.075,-0.114,0.032,-46.7,46.7,settle
5.63,1.075,-0.114,0.032,-46.7,46.7,settle
5.63,1.075,-0.114,0.032,-46.7,46.7,settle
5.63,1.075,-0.114,0.032,-46.7,46.7,settle
5.63,1.075,-0.114,0.032,-46.7,46.7,settle
5.63,1.075,-0.114,0.032,-46.7,46.7,settle
5.63,1.075,-0.114,0.032,-46.7,46.7,settle
5.63,1.075,-0.114,0.032,-46.7,46.7,settle
5.63,1.076,-0.114,0.032,-46.7,46.7,settle
5.63,1.076,-0.114,0.032,-46.7,46.7,settle
5.63,1.076,-0.114,0.032,-46.7,46.7,settle
5.63,1.076,-0.114,0.032,-46.7,46.7,settle
5.63,1.076,-0.114,0.032,-46.7,46.7,settle
5.63,1.076,-0.114,0.032,-46.7,46.7,settle
5.63,1.076,-0.114,0.032,-46.7,46.7,settle
5.63,1.076,-0.114,0.032,-46.7,46.7,settle
5.63,1.077,-0.114,0.032,-46.7,46.7,settle
5.63,1.077,-0.114,0.032,-46.7,46.7,settle
5.63,1.077,-0.114,0.032,-46.7,46.7,settle
5.63,1.077,-0.114,0.032,-46.7,46.7,settle
5.63,1.077,-0.114,0.032,-46.7,46.7,settle
5.63,1.077,-0.114,0.032,-46.7,46.7,settle
5.63,1.077,-0.114,0.032,-46.7,46.7,settle
5.64,1.077,-0.114,0.032,-46.7,46.7,settle
5.64,1.077,-0.114,0.032,-46.7,46.7,settle
5.64,1.078,-0.114,0.032,-46.7,46.7,settle
5.64,1.078,-0.114,0.032,-46.7,46.7,settle
5.64,1.078,-0.114,0.032,-46.7,46.7,settle
5.64,1.078,-0.114,0.032,-46.7,46.7,settle
5.64,1.078,-0.114,0.032,-46.7,46.7,settle
5.64,1.078,-0.114,0.032,-46.7,46.7,settle
5.64,1.078,-0.114,0.032,-46.7,46.7,settle
5.64,1.078,-0.114,0.032,-46.7,46.7,settle
5.64,1.078,-0.114,0.032,-46.7,46.7,settle
5.64,1.078,-0.114,0.032,-46.7,46.7,settle
5.64,1.078,-0.114,0.032,-46.7,46.7,settle
5.64,1.079,-0.114,0.032,-46.7,46.7,settle
5.64,1.079,-0.114,0.032,-46.7,46.7,settle
5.64,1.079,-0.114,0.032,-46.7,46.7,settle
5.64,1.079,-0.114,0.032,-46.7,46.7,settle
5.64,1.079,-0.114,0.032,-46.7,46.7,settle
5.64,1.079,-0.114,0.032,-46.7,46.7,settle
5.64,1.079,-0.114,0.032,-46.7,46.7,settle
5.64,1.079,-0.114,0.032,-46.7,46.7,settle
5.64,1.080,-0.114,0.032,-46.7,46.7,settle
5.64,1.080,-0.114,0.032,-46.7,46.7,settle
5.64,1.080,-0.114,0.032,-46.7,46.7,settle
5.64,1.080,-0.114,0.032,-46.7,46.7,settle
5.64,1.080,-0.114,0.032,-46.7,46.7,settle
5.64,1.080,-0.114,0.032,-46.7,46.7,settle
5.65,1.080,-0.114,0.032,-46.7,46.7,settle
5.65,1.080,-0.114,0.032,-46.7,46.7,settle
5.65,1.081,-0.114,0.032,-46.7,46.7,settle
5.65,1.081,-0.114,0.032,-46.7,46.7,settle
5.65,1.081,-0.114,0.032,-46.7,46.7,settle
5.65,1.081,-0.114,0.032,-46.7,46.7,settle
5.65,1.081,-0.114,0.032,-46.7,46.7,settle
5.65,1.081,-0.114,0.032,-46.7,46.7,settle
5.65,1.081,-0.114,0.032,-46.7,46.7,settle
5.65,1.081,-0.114,0.032,-46.7,46.7,settle
5.65,1.082,-0.114,0.032,-46.7,46.7,settle
5.65,1.082,-0.114,0.032,-46.7,46.7,settle
5.65,1.082,-0.114,0.032,-46.7,46.7,settle
5.65,1.082,-0.114,0.032,-46.7,46.7,settle
5.65,1.082,-0.114,0.032,-46.7,46.7,settle
5.65,1.082,-0.114,0.032,-46.7,46.7,settle
5.65,1.082,-0.114,0.032,-46.7,46.7,settle
5.65,1.082,-0.114,0.032,-46.7,46.7,settle
5.65,1.083,-0.114,0.032,-46.7,46.7,settle
5.65,1.083,-0.114,0.032,-46.7,46.7,settle
5.65,1.083,-0.114,0.032,-46.7,46.7,settle
5.65,1.083,-0.114,0.032,-46.7,46.7,settle
5.65,1.083,-0.114,0.032,-46.7,46.7,settle
5.65,1.083,-0.114,0.032,-46.7,46.7,settle
5.65,1.083,-0.114,0.032,-46.7,46.7,settle
5.65,1.083,-0.114,0.032,-46.7,46.7,settle
5.65,1.084,-0.114,0.032,-46.7,46.7,settle
5.66,1.084,-0.114,0.032,-46.7,46.7,settle
5.66,1.084,-0.114,0.032,-46.7,46.7,settle
5.66,1.084,-0.114,0.032,-46.7,46.7,settle
5.66,1.084,-0.114,0.032,-46.7,46.7,settle
5.66,1.084,-0.114,0.032,-46.7,46.7,settle
5.66,1.084,-0.114,0.032,-46.7,46.7,settle
5.66,1.085,-0.114,0.032,-46.7,46.7,settle
5.66,1.085,-0.114,0.032,-46.7,46.7,settle
5.66,1.085,-0.114,0.032,-46.7,46.7,settle
5.66,1.085,-0.114,0.032,-46.7,46.7,settle
5.66,1.085,-0.114,0.032,-46.7,46.7,settle
5.66,1.085,-0.114,0.032,-46.7,46.7,settle
5.66,1.085,-0.114,0.032,-46.7,46.7,settle
5.66,1.085,-0.114,0.032,-46.7,46.7,settle
5.66,1.085,-0.114,0.032,-46.7,46.7,settle
5.66,1.085,-0.114,0.032,-46.7,46.7,settle
5.66,1.085,-0.114,0.032,-46.7,46.7,settle
5.66,1.086,-0.114,0.032,-46.7,46.7,settle
5.66,1.086,-0.114,0.032,-46.7,46.7,settle
5.66,1.086,-0.114,0.032,-46.7,46.7,settle
5.66,1.086,-0.114,0.032,-46.7,46.7,settle
5.66,1.086,-0.114,0.032,-46.7,46.7,settle
5.66,1.086,-0.114,0.032,-46.7,46.7,settle
5.66,1.086,-0.114,0.032,-46.7,46.7,settle
5.66,1.087,-0.114,0.032,-46.7,46.7,settle
5.67,1.087,-0.114,0.032,-46.7,46.7,settle
5.67,1.087,-0.114,0.032,-46.7,46.7,settle
5.67,1.087,-0.114,0.032,-46.7,46.7,settle
5.67,1.087,-0.114,0.032,-46.7,46.7,settle
5.67,1.087,-0.114,0.032,-46.7,46.7,settle
