t,wall_dt,sim_dt,state,dropped
0.057,0.0339,,PATROL,0
0.091,0.0342,0.0000,PATROL,0
0.125,0.0338,0.0000,PATROL,0
0.159,0.0340,0.1000,PATROL,0
0.193,0.0338,0.0000,PATROL,0
0.227,0.0342,0.0000,PATROL,0
0.261,0.0338,0.1000,PATROL,0
0.295,0.0340,0.0000,PATROL,0
0.329,0.0343,0.0000,PATROL,0
0.363,0.0338,0.1000,PATROL,0
0.397,0.0341,0.0000,PATROL,0
0.431,0.0340,0.0000,PATROL,0
0.465,0.0341,0.1000,PATROL,0
0.499,0.0342,0.0000,PATROL,0
0.533,0.0340,0.0000,PATROL,0
0.567,0.0338,0.1000,PATROL,0
0.601,0.0341,0.0000,PATROL,0
0.635,0.0339,0.0000,PATROL,0
0.669,0.0339,0.1000,PATROL,0
0.703,0.0342,0.0000,PATROL,0
0.738,0.0346,0.0000,PATROL,0
0.771,0.0335,0.1000,PATROL,0
0.806,0.0344,0.0000,PATROL,0
0.839,0.0337,0.0000,PATROL,0
0.873,0.0339,0.1000,PATROL,0
0.908,0.0343,0.0000,PATROL,0
0.941,0.0337,0.0000,PATROL,0
0.975,0.0341,0.1000,PATROL,0
1.009,0.0340,0.0000,PATROL,0
1.043,0.0340,0.0000,PATROL,0
1.077,0.0341,0.1000,PATROL,0
1.112,0.0345,0.0000,PATROL,0
1.146,0.0337,0.1000,PATROL,0
1.180,0.0342,0.0000,PATROL,0
1.214,0.0339,0.0000,PATROL,0
1.248,0.0340,0.1000,PATROL,0
1.282,0.0341,0.0000,PATROL,0
1.316,0.0339,0.0000,PATROL,0
1.350,0.0339,0.1000,PATROL,0
1.384,0.0341,0.0000,PATROL,0
1.418,0.0338,0.0000,PATROL,0
1.452,0.0342,0.1000,PATROL,0
1.486,0.0340,0.0000,PATROL,0
1.520,0.0340,0.0000,PATROL,0
1.554,0.0339,0.1000,PATROL,0
1.588,0.0342,0.0000,PATROL,0
1.622,0.0339,0.0000,PATROL,0
1.656,0.0338,0.1000,PATROL,0
1.690,0.0340,0.0000,PATROL,0
1.724,0.0342,0.0000,PATROL,0
1.758,0.0340,0.1000,PATROL,0
1.792,0.0339,0.0000,PATROL,0
1.826,0.0340,0.0000,PATROL,0
1.860,0.0342,0.1000,PATROL,0
1.894,0.0338,0.0000,PATROL,0
1.928,0.0338,0.0000,PATROL,0
1.962,0.0341,0.1000,PATROL,0
1.997,0.0349,0.0000,PATROL,0
2.030,0.0334,0.0000,PATROL,0
2.064,0.0339,0.1000,PATROL,0
2.098,0.0341,0.0000,PATROL,0
2.132,0.0342,0.0000,PATROL,0
2.166,0.0339,0.1000,PATROL,0
2.201,0.0346,0.0000,PATROL,0
2.234,0.0336,0.0000,PATROL,0
2.269,0.0346,0.1000,PATROL,0
2.302,0.0334,0.0000,PATROL,0
2.336,0.0341,0.0000,PATROL,0
2.371,0.0341,0.1000,PATROL,0
2.404,0.0338,0.0000,PATROL,0
2.439,0.0344,0.0000,PATROL,0
2.472,0.0336,0.1000,PATROL,0
2.507,0.0345,0.0000,PATROL,0
2.541,0.0338,0.0000,PATROL,0
2.575,0.0343,0.1000,PATROL,0
2.608,0.0333,0.0000,PATROL,0
2.642,0.0341,0.0000,PATROL,0
2.678,0.0351,0.1000,PATROL,0
2.711,0.0333,0.0000,PATROL,0
2.745,0.0339,0.0000,PATROL,0
2.779,0.0343,0.1000,PATROL,0
2.813,0.0336,0.0000,PATROL,0
2.847,0.0339,0.1000,PATROL,0
2.881,0.0342,0.0000,PATROL,0
2.915,0.0338,0.0000,PATROL,0
2.948,0.0339,0.1000,PATROL,0
2.983,0.0341,0.0000,PATROL,0
3.017,0.0341,0.0000,PATROL,0
3.051,0.0339,0.1000,PATROL,0
3.085,0.0348,0.0000,PATROL,0
3.119,0.0334,0.0000,PATROL,0
3.154,0.0348,0.1000,PATROL,0
3.187,0.0333,0.0000,PATROL,0
3.221,0.0340,0.0000,PATROL,0
3.255,0.0340,0.1000,PATROL,0
3.289,0.0339,0.0000,PATROL,0
3.323,0.0341,0.0000,PATROL,0
3.357,0.0338,0.1000,PATROL,0
3.391,0.0339,0.0000,PATROL,0
3.425,0.0339,0.0000,PATROL,0
3.459,0.0343,0.1000,PATROL,0
3.493,0.0341,0.0000,PATROL,0
3.527,0.0338,0.0000,PATROL,0
3.561,0.0340,0.1000,PATROL,0
3.595,0.0344,0.0000,PATROL,0
3.629,0.0337,0.0000,PATROL,0
3.663,0.0338,0.1000,PATROL,0
3.697,0.0342,0.0000,PATROL,0
3.731,0.0340,0.0000,PATROL,0
3.765,0.0342,0.1000,PATROL,0
3.799,0.0343,0.0000,PATROL,0
3.833,0.0338,0.0000,PATROL,0
3.867,0.0339,0.1000,PATROL,0
3.901,0.0340,0.0000,PATROL,0
3.935,0.0341,0.0000,PATROL,0
3.969,0.0339,0.1000,PATROL,0
4.003,0.0340,0.0000,PATROL,0
4.037,0.0342,0.0000,PATROL,0
4.071,0.0342,0.1000,PATROL,0
4.105,0.0340,0.0000,PATROL,0
4.139,0.0340,0.0000,PATROL,0
4.173,0.0340,0.1000,PATROL,0
4.207,0.0340,0.0000,PATROL,0
4.242,0.0341,0.0000,PATROL,0
4.276,0.0340,0.1000,PATROL,0
4.309,0.0339,0.0000,PATROL,0
4.343,0.0340,0.0000,PATROL,0
4.378,0.0343,0.1000,PATROL,0
4.412,0.0339,0.0000,PATROL,0
4.446,0.0340,0.0000,PATROL,0
4.479,0.0338,0.1000,PATROL,0
4.514,0.0342,0.0000,PATROL,0
4.547,0.0337,0.1000,PATROL,0
4.582,0.0342,0.0000,PATROL,0
4.616,0.0340,0.0000,PATROL,0
4.650,0.0340,0.1000,PATROL,0
4.684,0.0344,0.0000,PATROL,0
4.718,0.0339,0.0000,PATROL,0
4.752,0.0340,0.1000,PATROL,0
4.786,0.0341,0.0000,PATROL,0
4.820,0.0341,0.0000,PATROL,0
4.854,0.0339,0.1000,PATROL,0
4.888,0.0338,0.0000,PATROL,0
4.922,0.0343,0.0000,PATROL,0
4.956,0.0341,0.1000,PATROL,0
4.990,0.0337,0.0000,PATROL,0
5.024,0.0340,0.0000,PATROL,0
5.058,0.0339,0.1000,PATROL,0
5.092,0.0342,0.0000,PATROL,0
5.126,0.0341,0.0000,PATROL,0
5.160,0.0341,0.1000,PATROL,0
5.194,0.0342,0.0000,PATROL,0
5.228,0.0342,0.0000,PATROL,0
5.262,0.0339,0.1000,PATROL,0
5.296,0.0342,0.0000,PATROL,0
5.330,0.0336,0.0000,PATROL,0
5.364,0.0340,0.1000,PATROL,0
5.398,0.0341,0.0000,PATROL,0
5.432,0.0338,0.0000,PATROL,0
5.466,0.0341,0.1000,PATROL,0
5.501,0.0350,0.0000,PATROL,0
5.534,0.0333,0.0000,PATROL,0
5.568,0.0341,0.1000,PATROL,0
5.603,0.0342,0.0000,PATROL,0
5.636,0.0337,0.0000,PATROL,0
5.670,0.0341,0.1000,PATROL,0
5.704,0.0337,0.0000,PATROL,0
5.738,0.0339,0.0000,PATROL,0
5.772,0.0341,0.1000,PATROL,0
5.806,0.0341,0.0000,PATROL,0
5.840,0.0341,0.0000,PATROL,0
5.874,0.0338,0.1000,PATROL,0
5.909,0.0350,0.0000,PATROL,0
5.943,0.0335,0.0000,PATROL,0
5.976,0.0338,0.1000,PATROL,0
6.010,0.0338,0.0000,PATROL,0
6.045,0.0346,0.0000,PATROL,0
6.079,0.0338,0.1000,PATROL,0
6.112,0.0336,0.0000,PATROL,0
6.146,0.0342,0.0000,PATROL,0
6.180,0.0340,0.1000,PATROL,0
6.215,0.0340,0.0000,PATROL,0
6.248,0.0338,0.1000,PATROL,0
6.283,0.0344,0.0000,PATROL,0
6.317,0.0339,0.0000,PATROL,0
6.350,0.0338,0.1000,PATROL,0
6.384,0.0338,0.0000,PATROL,0
6.418,0.0342,0.0000,PATROL,0
6.452,0.0340,0.1000,PATROL,0
6.488,0.0353,0.0000,PATROL,0
6.521,0.0337,0.0000,PATROL,0
6.555,0.0334,0.1000,PATROL,0
6.589,0.0340,0.0000,PATROL,0
6.623,0.0341,0.0000,PATROL,0
6.657,0.0340,0.1000,PATROL,0
6.691,0.0338,0.0000,PATROL,0
6.725,0.0339,0.0000,PATROL,0
6.759,0.0339,0.1000,PATROL,0
6.793,0.0340,0.0000,PATROL,0
6.827,0.0341,0.0000,PATROL,0
6.861,0.0342,0.1000,PATROL,0
6.895,0.0337,0.0000,PATROL,0
6.929,0.0341,0.0000,PATROL,0
6.963,0.0340,0.1000,PATROL,0
6.997,0.0342,0.0000,PATROL,0
7.031,0.0339,0.0000,PATROL,0
7.065,0.0338,0.1000,PATROL,0
7.099,0.0342,0.0000,PATROL,0
7.133,0.0339,0.0000,PATROL,0
7.167,0.0340,0.1000,PATROL,0
7.201,0.0340,0.0000,PATROL,0
7.235,0.0342,0.0000,PATROL,0
7.269,0.0337,0.1000,PATROL,0
7.303,0.0343,0.0000,PATROL,0
7.337,0.0340,0.0000,PATROL,0
7.371,0.0338,0.1000,PATROL,0
7.405,0.0344,0.0000,PATROL,0
7.439,0.0337,0.0000,PATROL,0
7.473,0.0339,0.1000,PATROL,0
7.508,0.0347,0.0000,PATROL,0
7.541,0.0335,0.0000,PATROL,0
7.575,0.0342,0.1000,PATROL,0
7.609,0.0337,0.0000,PATROL,0
7.644,0.0349,0.0000,PATROL,0
7.677,0.0331,0.1000,PATROL,0
7.711,0.0339,0.0000,PATROL,0
7.745,0.0343,0.0000,PATROL,0
7.779,0.0339,0.1000,PATROL,0
7.813,0.0339,0.0000,PATROL,0
7.847,0.0340,0.0000,PATROL,0
7.881,0.0340,0.1000,PATROL,0
7.915,0.0343,0.0000,PATROL,0
7.949,0.0338,0.1000,PATROL,0
7.983,0.0343,0.0000,PATROL,0
8.017,0.0338,0.0000,PATROL,0
8.051,0.0340,0.1000,PATROL,0
8.085,0.0338,0.0000,PATROL,0
8.119,0.0343,0.0000,PATROL,0
8.153,0.0338,0.1000,PATROL,0
8.188,0.0343,0.0000,PATROL,0
8.221,0.0339,0.0000,PATROL,0
8.255,0.0338,0.1000,PATROL,0
8.290,0.0347,0.0000,PATROL,0
8.324,0.0341,0.0000,PATROL,0
8.357,0.0332,0.1000,PATROL,0
8.391,0.0341,0.0000,PATROL,0
8.426,0.0341,0.0000,PATROL,0
8.460,0.0342,0.1000,PATROL,0
8.494,0.0338,0.0000,PATROL,0
8.527,0.0338,0.0000,PATROL,0
8.561,0.0341,0.1000,PATROL,0
8.596,0.0341,0.0000,PATROL,0
8.630,0.0340,0.0000,PATROL,0
8.663,0.0338,0.1000,PATROL,0
8.697,0.0341,0.0000,PATROL,0
8.733,0.0354,0.0000,PATROL,0
8.765,0.0325,0.1000,PATROL,0
8.800,0.0344,0.0000,PATROL,0
8.834,0.0344,0.0000,PATROL,0
8.868,0.0336,0.1000,PATROL,0
8.902,0.0342,0.0000,PATROL,0
8.936,0.0338,0.0000,PATROL,0
8.970,0.0344,0.1000,PATROL,0
9.004,0.0340,0.0000,PATROL,0
9.038,0.0338,0.0000,PATROL,0
9.072,0.0341,0.1000,PATROL,0
9.106,0.0342,0.0000,PATROL,0
9.140,0.0340,0.0000,PATROL,0
9.174,0.0337,0.1000,PATROL,0
9.208,0.0338,0.0000,PATROL,0
9.242,0.0342,0.0000,PATROL,0
9.277,0.0352,0.1000,PATROL,0
9.310,0.0326,0.0000,PATROL,0
9.344,0.0343,0.0000,PATROL,0
9.378,0.0342,0.1000,PATROL,0
9.412,0.0337,0.0000,PATROL,0
9.446,0.0341,0.0000,PATROL,0
9.480,0.0343,0.1000,PATROL,0
9.514,0.0338,0.0000,PATROL,0
9.548,0.0341,0.0000,PATROL,0
9.582,0.0339,0.1000,PATROL,0
9.616,0.0338,0.0000,PATROL,0
9.650,0.0342,0.1000,PATROL,0
9.684,0.0342,0.0000,PATROL,0
9.718,0.0339,0.0000,PATROL,0
9.752,0.0339,0.1000,PATROL,0
9.786,0.0342,0.0000,PATROL,0
9.820,0.0340,0.0000,PATROL,0
9.854,0.0339,0.1000,PATROL,0
9.888,0.0339,0.0000,PATROL,0
9.922,0.0343,0.0000,PATROL,0
9.956,0.0339,0.1000,PATROL,0
9.991,0.0344,0.0000,PATROL,0
10.025,0.0342,0.0000,PATROL,0
10.059,0.0337,0.1000,PATROL,0
10.092,0.0340,0.0000,PATROL,0
10.126,0.0338,0.0000,PATROL,0
10.160,0.0340,0.1000,PATROL,0
10.194,0.0340,0.0000,PATROL,0
10.228,0.0338,0.0000,PATROL,0
10.262,0.0342,0.1000,PATROL,0
10.297,0.0341,0.0000,PATROL,0
10.331,0.0342,0.0000,PATROL,0
10.365,0.0348,0.1000,PATROL,0
10.399,0.0332,0.0000,PATROL,0
10.433,0.0341,0.0000,PATROL,0
10.466,0.0338,0.1000,PATROL,0
10.501,0.0344,0.0000,PATROL,0
10.535,0.0338,0.0000,PATROL,0
10.568,0.0338,0.1000,PATROL,0
10.603,0.0345,0.0000,PATROL,0
10.637,0.0338,0.0000,PATROL,0
10.670,0.0339,0.1000,PATROL,0
10.704,0.0340,0.0000,PATROL,0
10.739,0.0342,0.0000,PATROL,0
10.773,0.0338,0.1000,PATROL,0
10.807,0.0340,0.0000,PATROL,0
10.840,0.0340,0.0000,PATROL,0
10.875,0.0343,0.1000,PATROL,0
10.908,0.0337,0.0000,PATROL,0
10.943,0.0346,0.0000,PATROL,0
10.977,0.0337,0.1000,PATROL,0
11.011,0.0338,0.0000,PATROL,0
11.045,0.0341,0.0000,PATROL,0
11.079,0.0341,0.1000,PATROL,0
11.113,0.0340,0.0000,PATROL,0
11.147,0.0339,0.0000,PATROL,0
11.181,0.0341,0.1000,PATROL,0
11.215,0.0339,0.0000,PATROL,0
11.249,0.0340,0.0000,PATROL,0
11.283,0.0340,0.1000,PATROL,0
11.317,0.0340,0.0000,PATROL,0
11.351,0.0344,0.1000,PATROL,0
11.385,0.0337,0.0000,PATROL,0
11.419,0.0344,0.0000,PATROL,0
11.453,0.0334,0.1000,PATROL,0
11.487,0.0344,0.0000,PATROL,0
11.521,0.0344,0.0000,PATROL,0
11.555,0.0336,0.1000,PATROL,0
11.589,0.0341,0.0000,PATROL,0
11.623,0.0341,0.0000,PATROL,0
11.657,0.0340,0.1000,PATROL,0
11.691,0.0340,0.0000,PATROL,0
11.725,0.0342,0.0000,PATROL,0
11.759,0.0338,0.1000,PATROL,0
11.793,0.0340,0.0000,PATROL,0
11.827,0.0340,0.0000,PATROL,0
11.861,0.0341,0.1000,PATROL,0
11.896,0.0345,0.0000,PATROL,0
11.929,0.0337,0.0000,PATROL,0
11.963,0.0342,0.1000,PATROL,0
11.997,0.0337,0.0000,PATROL,0
12.031,0.0342,0.0000,PATROL,0
12.065,0.0338,0.1000,PATROL,0
12.099,0.0342,0.0000,PATROL,0
12.133,0.0340,0.0000,PATROL,0
12.167,0.0338,0.1000,PATROL,0
12.202,0.0344,0.0000,PATROL,0
12.236,0.0342,0.0000,PATROL,0
12.270,0.0340,0.1000,PATROL,0
12.303,0.0337,0.0000,PATROL,0
12.339,0.0357,0.0000,PATROL,0
12.371,0.0322,0.1000,PATROL,0
12.405,0.0340,0.0000,PATROL,0
12.440,0.0342,0.0000,PATROL,0
12.474,0.0341,0.1000,PATROL,0
12.508,0.0339,0.0000,PATROL,0
12.542,0.0342,0.0000,PATROL,0
12.576,0.0338,0.1000,PATROL,0
12.609,0.0339,0.0000,PATROL,0
12.644,0.0341,0.0000,PATROL,0
12.678,0.0342,0.1000,PATROL,0
12.712,0.0338,0.0000,PATROL,0
12.746,0.0344,0.0000,PATROL,0
12.780,0.0338,0.1000,PATROL,0
12.814,0.0339,0.0000,PATROL,0
12.848,0.0341,0.0000,PATROL,0
12.882,0.0339,0.1000,PATROL,0
12.916,0.0340,0.0000,PATROL,0
12.950,0.0341,0.0000,PATROL,0
12.984,0.0342,0.1000,PATROL,0
13.018,0.0339,0.0000,PATROL,0
13.052,0.0338,0.1000,PATROL,0
13.086,0.0341,0.0000,PATROL,0
13.120,0.0340,0.0000,PATROL,0
13.154,0.0340,0.1000,PATROL,0
13.188,0.0340,0.0000,PATROL,0
13.222,0.0340,0.0000,PATROL,0
13.256,0.0339,0.1000,PATROL,0
13.290,0.0339,0.0000,PATROL,0
13.324,0.0345,0.0000,PATROL,0
13.358,0.0336,0.1000,PATROL,0
13.392,0.0340,0.0000,PATROL,0
13.426,0.0343,0.0000,PATROL,0
13.460,0.0338,0.1000,PATROL,0
13.494,0.0341,0.0000,PATROL,0
13.528,0.0339,0.0000,PATROL,0
13.562,0.0342,0.1000,PATROL,0
13.597,0.0347,0.0000,PATROL,0
13.630,0.0333,0.0000,PATROL,0
13.664,0.0339,0.1000,PATROL,0
13.698,0.0341,0.0000,PATROL,0
13.732,0.0340,0.0000,PATROL,0
13.766,0.0341,0.1000,PATROL,0
13.800,0.0341,0.0000,PATROL,0
13.834,0.0341,0.0000,PATROL,0
13.868,0.0338,0.1000,PATROL,0
13.902,0.0343,0.0000,PATROL,0
13.936,0.0339,0.0000,PATROL,0
13.970,0.0338,0.1000,PATROL,0
14.004,0.0341,0.0000,PATROL,0
14.038,0.0339,0.0000,PATROL,0
14.072,0.0342,0.1000,PATROL,0
14.107,0.0347,0.0000,PATROL,0
14.141,0.0339,0.0000,PATROL,0
14.174,0.0335,0.1000,PATROL,0
14.208,0.0339,0.0000,PATROL,0
14.242,0.0341,0.0000,PATROL,0
14.276,0.0340,0.1000,PATROL,0
14.310,0.0340,0.0000,PATROL,0
14.345,0.0344,0.0000,PATROL,0
14.378,0.0338,0.1000,PATROL,0
14.413,0.0341,0.0000,PATROL,0
14.447,0.0344,0.0000,PATROL,0
14.480,0.0333,0.1000,PATROL,0
14.514,0.0341,0.0000,PATROL,0
14.548,0.0338,0.0000,PATROL,0
14.583,0.0343,0.1000,PATROL,0
14.616,0.0339,0.0000,ALIGN,0
14.651,0.0341,0.0000,ALIGN,0
14.685,0.0340,0.1000,ALIGN,0
14.719,0.0339,0.0000,ALIGN,0
14.752,0.0339,0.1000,ALIGN,0
14.787,0.0343,0.0000,ALIGN,0
14.821,0.0338,0.0000,ALIGN,0
14.855,0.0340,0.1000,ALIGN,0
14.889,0.0342,0.0000,ALIGN,0
14.923,0.0345,0.0000,ALIGN,0
14.957,0.0335,0.1000,ALIGN,0
14.991,0.0343,0.0000,ALIGN,0
15.025,0.0337,0.0000,ALIGN,0
15.059,0.0339,0.1000,ALIGN,0
15.093,0.0340,0.0000,ALIGN,0
15.127,0.0345,0.0000,ALIGN,0
15.161,0.0338,0.1000,ALIGN,0
15.196,0.0347,0.0000,ALIGN,0
15.229,0.0333,0.0000,ALIGN,0
15.263,0.0341,0.1000,ALIGN,0
15.297,0.0341,0.0000,ALIGN,0
15.331,0.0339,0.0000,ALIGN,0
15.365,0.0339,0.1000,ALIGN,0
15.399,0.0341,0.0000,ALIGN,0
15.433,0.0340,0.0000,ALIGN,0
15.467,0.0339,0.1000,ALIGN,0
15.501,0.0340,0.0000,ALIGN,0
15.535,0.0341,0.0000,ALIGN,0
15.569,0.0338,0.1000,ALIGN,0
15.603,0.0342,0.0000,ALIGN,0
15.637,0.0342,0.0000,ALIGN,0
15.671,0.0336,0.1000,ALIGN,0
15.705,0.0341,0.0000,ALIGN,0
15.739,0.0341,0.0000,ALIGN,0
15.773,0.0339,0.1000,ALIGN,0
15.807,0.0343,0.0000,ALIGN,0
15.841,0.0341,0.0000,ALIGN,0
15.875,0.0339,0.1000,ALIGN,0
15.909,0.0337,0.0000,ALIGN,0
15.943,0.0343,0.0000,ALIGN,0
15.977,0.0341,0.1000,ALIGN,0
16.012,0.0344,0.0000,ALIGN,0
16.046,0.0338,0.0000,ALIGN,0
16.080,0.0342,0.1000,ALIGN,0
16.113,0.0336,0.0000,ALIGN,0
16.148,0.0343,0.0000,ALIGN,0
16.182,0.0342,0.1000,ALIGN,0
16.215,0.0335,0.0000,APPROACH,0
16.250,0.0346,0.0000,APPROACH,0
16.284,0.0338,0.1000,APPROACH,0
16.318,0.0342,0.0000,APPROACH,0
16.352,0.0338,0.0000,APPROACH,0
16.385,0.0337,0.1000,APPROACH,0
16.419,0.0341,0.0000,APPROACH,0
16.453,0.0339,0.1000,APPROACH,0
16.487,0.0341,0.0000,APPROACH,0
16.521,0.0341,0.0000,APPROACH,0
16.556,0.0342,0.1000,APPROACH,0
16.590,0.0341,0.0000,APPROACH,0
16.624,0.0341,0.0000,APPROACH,0
16.658,0.0338,0.1000,APPROACH,0
16.692,0.0340,0.0000,APPROACH,0
16.726,0.0343,0.0000,APPROACH,0
16.760,0.0337,0.1000,APPROACH,0
16.794,0.0342,0.0000,APPROACH,0
16.828,0.0340,0.0000,APPROACH,0
16.861,0.0337,0.1000,APPROACH,0
16.896,0.0342,0.0000,APPROACH,0
16.930,0.0338,0.0000,APPROACH,0
16.964,0.0341,0.1000,APPROACH,0
16.998,0.0340,0.0000,APPROACH,0
17.032,0.0340,0.0000,APPROACH,0
17.066,0.0340,0.1000,APPROACH,0
17.100,0.0341,0.0000,APPROACH,0
17.134,0.0341,0.0000,APPROACH,0
17.168,0.0338,0.1000,APPROACH,0
17.202,0.0340,0.0000,APPROACH,0
17.236,0.0343,0.0000,APPROACH,0
17.270,0.0338,0.1000,APPROACH,0
17.304,0.0341,0.0000,APPROACH,0
17.338,0.0342,0.0000,APPROACH,0
17.373,0.0345,0.1000,APPROACH,0
17.407,0.0341,0.0000,APPROACH,0
17.440,0.0334,0.0000,APPROACH,0
17.474,0.0340,0.1000,APPROACH,0
17.508,0.0340,0.0000,APPROACH,0
17.542,0.0340,0.0000,APPROACH,0
17.576,0.0340,0.1000,APPROACH,0
17.610,0.0339,0.0000,APPROACH,0
17.645,0.0353,0.0000,APPROACH,0
17.678,0.0331,0.1000,APPROACH,0
17.712,0.0339,0.0000,APPROACH,0
17.746,0.0338,0.0000,APPROACH,0
17.780,0.0341,0.1000,APPROACH,0
17.814,0.0341,0.0000,APPROACH,0
17.848,0.0340,0.0000,APPROACH,0
17.882,0.0339,0.1000,APPROACH,0
17.916,0.0343,0.0000,APPROACH,0
17.950,0.0337,0.0000,APPROACH,0
17.984,0.0344,0.1000,APPROACH,0
18.018,0.0336,0.0000,APPROACH,0
18.052,0.0342,0.0000,APPROACH,0
18.086,0.0339,0.1000,APPROACH,0
18.120,0.0340,0.0000,APPROACH,0
18.154,0.0339,0.1000,APPROACH,0
18.189,0.0350,0.0000,APPROACH,0
18.222,0.0332,0.0000,APPROACH,0
18.256,0.0340,0.1000,APPROACH,0
18.290,0.0341,0.0000,APPROACH,0
18.324,0.0340,0.0000,APPROACH,0
18.358,0.0338,0.1000,APPROACH,0
18.392,0.0340,0.0000,APPROACH,0
18.426,0.0342,0.0000,APPROACH,0
18.460,0.0339,0.1000,APPROACH,0
18.495,0.0345,0.0000,APPROACH,0
18.528,0.0337,0.0000,APPROACH,0
18.562,0.0339,0.1000,APPROACH,0
18.597,0.0342,0.0000,APPROACH,0
18.630,0.0338,0.0000,APPROACH,0
18.664,0.0339,0.1000,APPROACH,0
18.699,0.0344,0.0000,APPROACH,0
18.733,0.0338,0.0000,APPROACH,0
18.767,0.0342,0.1000,APPROACH,0
18.801,0.0338,0.0000,APPROACH,0
18.835,0.0340,0.0000,APPROACH,0
18.869,0.0340,0.1000,APPROACH,0
18.903,0.0341,0.0000,APPROACH,0
18.937,0.0340,0.0000,APPROACH,0
18.970,0.0338,0.1000,APPROACH,0
19.005,0.0345,0.0000,APPROACH,0
19.039,0.0338,0.0000,APPROACH,0
19.073,0.0338,0.1000,APPROACH,0
19.107,0.0342,0.0000,APPROACH,0
19.141,0.0341,0.0000,APPROACH,0
19.175,0.0339,0.1000,APPROACH,0
19.209,0.0339,0.0000,APPROACH,0
19.243,0.0344,0.0000,APPROACH,0
19.277,0.0339,0.1000,APPROACH,0
19.311,0.0337,0.0000,APPROACH,0
19.345,0.0345,0.0000,APPROACH,0
19.379,0.0341,0.1000,APPROACH,0
19.413,0.0337,0.0000,APPROACH,0
19.447,0.0344,0.0000,APPROACH,0
19.481,0.0336,0.1000,APPROACH,0
19.515,0.0344,0.0000,APPROACH,0
19.549,0.0340,0.0000,APPROACH,0
19.583,0.0342,0.1000,APPROACH,0
19.617,0.0334,0.0000,APPROACH,0
19.651,0.0339,0.0000,APPROACH,0
19.685,0.0345,0.1000,APPROACH,0
19.719,0.0336,0.0000,APPROACH,0
19.753,0.0340,0.0000,APPROACH,0
19.787,0.0341,0.1000,APPROACH,0
19.821,0.0339,0.0000,APPROACH,0
19.855,0.0340,0.1000,APPROACH,0
19.889,0.0341,0.0000,APPROACH,0
19.923,0.0341,0.0000,APPROACH,0
19.957,0.0338,0.1000,APPROACH,0
19.991,0.0341,0.0000,APPROACH,0
20.025,0.0342,0.0000,APPROACH,0
20.059,0.0340,0.1000,APPROACH,0
20.093,0.0338,0.0000,APPROACH,0
20.127,0.0342,0.0000,APPROACH,0
20.161,0.0338,0.1000,APPROACH,0
20.195,0.0341,0.0000,APPROACH,0
20.229,0.0340,0.0000,APPROACH,0
20.263,0.0340,0.1000,APPROACH,0
20.298,0.0346,0.0000,APPROACH,0
20.332,0.0338,0.0000,APPROACH,0
20.365,0.0335,0.1000,APPROACH,0
20.400,0.0343,0.0000,APPROACH,0
20.433,0.0339,0.0000,APPROACH,0
20.467,0.0340,0.1000,APPROACH,0
20.501,0.0341,0.0000,APPROACH,0
20.535,0.0338,0.0000,APPROACH,0
20.570,0.0345,0.1000,APPROACH,0
20.604,0.0338,0.0000,APPROACH,0
20.638,0.0342,0.0000,APPROACH,0
20.671,0.0337,0.1000,APPROACH,0
20.706,0.0342,0.0000,APPROACH,0
20.740,0.0339,0.0000,APPROACH,0
20.773,0.0338,0.1000,APPROACH,0
20.807,0.0341,0.0000,APPROACH,0
20.842,0.0342,0.0000,APPROACH,0
20.876,0.0342,0.1000,APPROACH,0
20.909,0.0336,0.0000,APPROACH,0
20.944,0.0343,0.0000,APPROACH,0
20.978,0.0344,0.1000,APPROACH,0
21.012,0.0337,0.0000,APPROACH,0
21.046,0.0339,0.0000,APPROACH,0
21.080,0.0340,0.1000,APPROACH,0
21.114,0.0343,0.0000,APPROACH,0
21.149,0.0352,0.0000,APPROACH,0
21.182,0.0326,0.1000,APPROACH,0
21.216,0.0338,0.0000,APPROACH,0
21.250,0.0344,0.0000,APPROACH,0
21.284,0.0340,0.1000,APPROACH,0
21.318,0.0337,0.0000,APPROACH,0
21.352,0.0341,0.0000,APPROACH,0
21.386,0.0339,0.1000,APPROACH,0
21.420,0.0342,0.0000,APPROACH,0
21.454,0.0339,0.0000,APPROACH,0
21.488,0.0339,0.1000,APPROACH,0
21.522,0.0342,0.0000,APPROACH,0
21.556,0.0338,0.1000,APPROACH,0
21.590,0.0343,0.0000,APPROACH,0
21.624,0.0340,0.0000,APPROACH,0
21.658,0.0338,0.1000,APPROACH,0
21.692,0.0344,0.0000,APPROACH,0
21.726,0.0340,0.0000,APPROACH,0
21.760,0.0338,0.1000,APPROACH,0
21.794,0.0342,0.0000,APPROACH,0
21.828,0.0340,0.0000,APPROACH,0
21.862,0.0338,0.1000,APPROACH,0
21.896,0.0340,0.0000,APPROACH,0
21.930,0.0340,0.0000,APPROACH,0
21.964,0.0341,0.1000,APPROACH,0
21.998,0.0341,0.0000,APPROACH,0
22.032,0.0337,0.0000,APPROACH,0
22.066,0.0340,0.1000,APPROACH,0
22.100,0.0342,0.0000,APPROACH,0
22.134,0.0340,0.0000,APPROACH,0
22.168,0.0340,0.1000,APPROACH,0
22.203,0.0346,0.0000,APPROACH,0
22.236,0.0337,0.0000,APPROACH,0
22.271,0.0345,0.1000,APPROACH,0
22.304,0.0333,0.0000,APPROACH,0
22.339,0.0343,0.0000,APPROACH,0
22.372,0.0338,0.1000,APPROACH,0
22.407,0.0343,0.0000,APPROACH,0
22.440,0.0337,0.0000,APPROACH,0
22.474,0.0339,0.1000,APPROACH,0
22.508,0.0341,0.0000,APPROACH,0
22.542,0.0342,0.0000,APPROACH,0
22.576,0.0340,0.1000,APPROACH,0
22.610,0.0339,0.0000,APPROACH,0
22.645,0.0342,0.0000,APPROACH,0
22.678,0.0339,0.1000,APPROACH,0
22.712,0.0340,0.0000,APPROACH,0
22.747,0.0342,0.0000,APPROACH,0
22.781,0.0340,0.1000,APPROACH,0
22.814,0.0336,0.0000,APPROACH,0
22.849,0.0342,0.0000,APPROACH,0
22.883,0.0343,0.1000,APPROACH,0
22.916,0.0337,0.0000,APPROACH,0
22.950,0.0340,0.0000,APPROACH,0
22.984,0.0340,0.1000,APPROACH,0
23.019,0.0344,0.0000,APPROACH,0
23.053,0.0339,0.0000,APPROACH,0
23.087,0.0340,0.1000,APPROACH,0
23.121,0.0339,0.0000,APPROACH,0
23.155,0.0339,0.0000,APPROACH,0
23.188,0.0339,0.1000,APPROACH,0
23.223,0.0341,0.0000,APPROACH,0
23.256,0.0339,0.1000,APPROACH,0
23.291,0.0346,0.0000,APPROACH,0
23.325,0.0340,0.0000,APPROACH,0
23.359,0.0336,0.1000,APPROACH,0
23.393,0.0340,0.0000,APPROACH,0
23.427,0.0344,0.0000,APPROACH,0
23.461,0.0338,0.1000,APPROACH,0
23.495,0.0341,0.0000,APPROACH,0
23.529,0.0339,0.0000,APPROACH,0
23.563,0.0339,0.1000,APPROACH,0
23.597,0.0341,0.0000,APPROACH,0
23.631,0.0342,0.0000,APPROACH,0
23.665,0.0338,0.1000,APPROACH,0
23.699,0.0342,0.0000,APPROACH,0
23.733,0.0339,0.0000,APPROACH,0
23.767,0.0341,0.1000,APPROACH,0
23.801,0.0339,0.0000,APPROACH,0
23.835,0.0340,0.0000,APPROACH,0
23.869,0.0340,0.1000,APPROACH,0
23.903,0.0340,0.0000,APPROACH,0
23.937,0.0340,0.0000,APPROACH,0
23.971,0.0341,0.1000,APPROACH,0
24.005,0.0340,0.0000,APPROACH,0
24.039,0.0340,0.0000,APPROACH,0
24.073,0.0339,0.1000,APPROACH,0
24.108,0.0346,0.0000,APPROACH,0
24.141,0.0338,0.0000,APPROACH,0
24.175,0.0339,0.1000,APPROACH,0
24.209,0.0337,0.0000,APPROACH,0
24.243,0.0341,0.0000,APPROACH,0
24.277,0.0341,0.1000,APPROACH,0
24.311,0.0337,0.0000,APPROACH,0
24.345,0.0343,0.0000,APPROACH,0
24.379,0.0340,0.1000,APPROACH,0
24.413,0.0338,0.0000,APPROACH,0
24.448,0.0343,0.0000,APPROACH,0
24.481,0.0339,0.1000,APPROACH,0
24.515,0.0338,0.0000,APPROACH,0
24.549,0.0341,0.0000,APPROACH,0
24.583,0.0340,0.1000,APPROACH,0
24.618,0.0343,0.0000,APPROACH,0
24.652,0.0338,0.0000,APPROACH,0
24.685,0.0338,0.1000,APPROACH,0
24.719,0.0340,0.0000,APPROACH,0
24.753,0.0339,0.0000,APPROACH,0
24.788,0.0343,0.1000,APPROACH,0
24.821,0.0338,0.0000,APPROACH,0
24.855,0.0340,0.0000,APPROACH,0
24.889,0.0342,0.1000,APPROACH,0
24.924,0.0341,0.0000,APPROACH,0
24.957,0.0338,0.1000,APPROACH,0
24.992,0.0343,0.0000,APPROACH,0
25.026,0.0340,0.0000,APPROACH,0
25.059,0.0338,0.1000,APPROACH,0
25.093,0.0340,0.0000,APPROACH,0
25.128,0.0341,0.0000,APPROACH,0
25.161,0.0340,0.1000,APPROACH,0
25.197,0.0351,0.0000,APPROACH,0
25.230,0.0332,0.0000,APPROACH,0
25.264,0.0338,0.1000,APPROACH,0
25.298,0.0340,0.0000,APPROACH,0
25.332,0.0340,0.0000,APPROACH,0
25.366,0.0339,0.1000,APPROACH,0
25.400,0.0342,0.0000,APPROACH,0
25.434,0.0338,0.0000,APPROACH,0
25.468,0.0341,0.1000,APPROACH,0
25.502,0.0342,0.0000,APPROACH,0
25.536,0.0337,0.0000,APPROACH,0
25.570,0.0342,0.1000,APPROACH,0
25.604,0.0340,0.0000,APPROACH,0
25.638,0.0341,0.0000,APPROACH,0
25.672,0.0342,0.1000,APPROACH,0
25.706,0.0340,0.0000,APPROACH,0
25.740,0.0338,0.0000,APPROACH,0
25.774,0.0338,0.1000,APPROACH,0
25.808,0.0343,0.0000,APPROACH,0
25.842,0.0343,0.0000,APPROACH,0
25.876,0.0335,0.1000,APPROACH,0
25.910,0.0338,0.0000,APPROACH,0
25.944,0.0343,0.0000,APPROACH,0
25.978,0.0337,0.1000,APPROACH,0
26.012,0.0343,0.0000,APPROACH,0
26.046,0.0340,0.0000,APPROACH,0
26.080,0.0342,0.1000,APPROACH,0
26.114,0.0338,0.0000,APPROACH,0
26.148,0.0341,0.0000,APPROACH,0
26.182,0.0338,0.1000,APPROACH,0
26.216,0.0340,0.0000,APPROACH,0
26.251,0.0348,0.0000,APPROACH,0
26.284,0.0335,0.1000,APPROACH,0
26.318,0.0340,0.0000,APPROACH,0
26.353,0.0344,0.0000,APPROACH,0
26.386,0.0335,0.1000,APPROACH,0
26.420,0.0338,0.0000,APPROACH,0
26.454,0.0341,0.0000,APPROACH,0
26.488,0.0342,0.1000,APPROACH,0
26.522,0.0341,0.0000,APPROACH,0
26.557,0.0344,0.0000,APPROACH,0
26.590,0.0333,0.1000,APPROACH,0
26.624,0.0340,0.0000,APPROACH,0
26.658,0.0339,0.1000,APPROACH,0
26.693,0.0345,0.0000,APPROACH,0
26.726,0.0338,0.0000,APPROACH,0
26.760,0.0339,0.1000,APPROACH,0
26.794,0.0341,0.0000,APPROACH,0
26.829,0.0345,0.0000,APPROACH,0
26.862,0.0336,0.1000,APPROACH,0
26.897,0.0342,0.0000,APPROACH,0
26.931,0.0342,0.0000,APPROACH,0
26.964,0.0335,0.1000,APPROACH,0
26.998,0.0341,0.0000,APPROACH,0
27.032,0.0340,0.0000,APPROACH,0
27.066,0.0340,0.1000,APPROACH,0
27.101,0.0345,0.0000,APPROACH,0
27.134,0.0334,0.0000,APPROACH,0
27.169,0.0341,0.1000,APPROACH,0
27.203,0.0341,0.0000,APPROACH,0
27.237,0.0340,0.0000,APPROACH,0
27.271,0.0341,0.1000,APPROACH,0
27.305,0.0340,0.0000,APPROACH,0
27.339,0.0341,0.0000,PATROL,0
27.373,0.0341,0.1000,PATROL,0
27.407,0.0342,0.0000,PATROL,0
27.441,0.0341,0.0000,PATROL,0
27.475,0.0335,0.1000,PATROL,0
27.509,0.0340,0.0000,PATROL,0
27.543,0.0342,0.0000,PATROL,0
27.577,0.0340,0.1000,PATROL,0
27.611,0.0340,0.0000,PATROL,0
27.645,0.0338,0.0000,PATROL,0
27.679,0.0342,0.1000,PATROL,0
27.713,0.0340,0.0000,PATROL,0
27.747,0.0341,0.0000,PATROL,0
27.781,0.0338,0.1000,PATROL,0
27.815,0.0340,0.0000,PATROL,0
27.849,0.0346,0.0000,PATROL,0
27.883,0.0338,0.1000,PATROL,0
27.918,0.0346,0.0000,PATROL,0
27.951,0.0339,0.0000,PATROL,0
27.985,0.0339,0.1000,PATROL,0
28.019,0.0337,0.0000,PATROL,0
28.053,0.0340,0.0000,PATROL,0
28.087,0.0339,0.1000,ALIGN,0
28.121,0.0342,0.0000,ALIGN,0
28.155,0.0341,0.0000,ALIGN,0
28.190,0.0342,0.1000,ALIGN,0
28.223,0.0335,0.0000,ALIGN,0
28.257,0.0339,0.0000,ALIGN,0
28.291,0.0341,0.1000,ALIGN,0
28.325,0.0340,0.0000,ALIGN,0
28.359,0.0339,0.1000,ALIGN,0
28.393,0.0343,0.0000,ALIGN,0
28.427,0.0339,0.0000,ALIGN,0
28.461,0.0339,0.1000,ALIGN,0
28.495,0.0340,0.0000,ALIGN,0
28.529,0.0343,0.0000,ALIGN,0
28.563,0.0341,0.1000,ALIGN,0
28.597,0.0340,0.0000,ALIGN,0
28.631,0.0340,0.0000,ALIGN,0
28.665,0.0338,0.1000,ALIGN,0
28.700,0.0352,0.0000,ALIGN,0
28.733,0.0331,0.0000,ALIGN,0
28.767,0.0339,0.1000,ALIGN,0
28.802,0.0344,0.0000,ALIGN,0
28.835,0.0336,0.0000,ALIGN,0
28.869,0.0340,0.1000,ALIGN,0
28.904,0.0344,0.0000,ALIGN,0
28.938,0.0338,0.0000,ALIGN,0
28.972,0.0340,0.1000,ALIGN,0
29.006,0.0341,0.0000,ALIGN,0
29.040,0.0341,0.0000,ALIGN,0
29.074,0.0338,0.1000,ALIGN,0
29.108,0.0341,0.0000,ALIGN,0
29.142,0.0339,0.0000,ALIGN,0
29.175,0.0338,0.1000,ALIGN,0
29.209,0.0341,0.0000,ALIGN,0
29.244,0.0344,0.0000,ALIGN,0
29.277,0.0336,0.1000,ALIGN,0
29.312,0.0341,0.0000,APPROACH,0
29.346,0.0342,0.0000,APPROACH,0
29.380,0.0338,0.1000,APPROACH,0
29.414,0.0340,0.0000,APPROACH,0
29.448,0.0344,0.0000,APPROACH,0
29.482,0.0338,0.1000,APPROACH,0
29.516,0.0343,0.0000,APPROACH,0
29.550,0.0337,0.0000,APPROACH,0
29.584,0.0339,0.1000,APPROACH,0
29.618,0.0341,0.0000,APPROACH,0
29.652,0.0342,0.0000,APPROACH,0
29.686,0.0342,0.1000,APPROACH,0
29.720,0.0340,0.0000,APPROACH,0
29.754,0.0339,0.0000,APPROACH,0
29.788,0.0341,0.1000,APPROACH,0
29.822,0.0337,0.0000,APPROACH,0
29.856,0.0340,0.0000,APPROACH,0
29.890,0.0342,0.1000,APPROACH,0
29.924,0.0338,0.0000,APPROACH,0
29.958,0.0340,0.0000,APPROACH,0
29.992,0.0344,0.1000,APPROACH,0
30.026,0.0338,0.0000,APPROACH,0
30.060,0.0339,0.1000,APPROACH,0
30.094,0.0340,0.0000,APPROACH,0
30.128,0.0342,0.0000,APPROACH,0
30.162,0.0339,0.1000,APPROACH,0
30.196,0.0339,0.0000,APPROACH,0
30.230,0.0343,0.0000,APPROACH,0
30.264,0.0339,0.1000,APPROACH,0
30.298,0.0341,0.0000,APPROACH,0
30.332,0.0341,0.0000,APPROACH,0
30.366,0.0338,0.1000,APPROACH,0
30.400,0.0344,0.0000,APPROACH,0
30.434,0.0338,0.0000,APPROACH,0
30.468,0.0340,0.1000,APPROACH,0
30.502,0.0339,0.0000,APPROACH,0
30.536,0.0340,0.0000,APPROACH,0
30.570,0.0342,0.1000,APPROACH,0
30.605,0.0348,0.0000,APPROACH,0
30.638,0.0333,0.0000,APPROACH,0
30.672,0.0339,0.1000,APPROACH,0
30.706,0.0340,0.0000,APPROACH,0
30.740,0.0340,0.0000,APPROACH,0
30.775,0.0343,0.1000,APPROACH,0
30.808,0.0336,0.0000,APPROACH,0
30.843,0.0345,0.0000,APPROACH,0
30.877,0.0343,0.1000,APPROACH,0
30.910,0.0332,0.0000,APPROACH,0
30.944,0.0342,0.0000,APPROACH,0
30.978,0.0340,0.1000,APPROACH,0
31.012,0.0340,0.0000,APPROACH,0
31.046,0.0340,0.0000,APPROACH,0
31.081,0.0344,0.1000,APPROACH,0
31.114,0.0336,0.0000,APPROACH,0
31.149,0.0349,0.0000,APPROACH,0
31.183,0.0334,0.1000,APPROACH,0
31.216,0.0337,0.0000,APPROACH,0
31.250,0.0341,0.0000,APPROACH,0
31.285,0.0342,0.1000,APPROACH,0
31.319,0.0343,0.0000,APPROACH,0
31.353,0.0338,0.0000,APPROACH,0
31.387,0.0342,0.1000,APPROACH,0
31.421,0.0344,0.0000,APPROACH,0
31.455,0.0337,0.0000,APPROACH,0
31.489,0.0340,0.1000,APPROACH,0
31.523,0.0336,0.0000,APPROACH,0
31.557,0.0341,0.0000,APPROACH,0
31.591,0.0342,0.1000,APPROACH,0
31.625,0.0339,0.0000,APPROACH,0
31.659,0.0341,0.0000,APPROACH,0
31.693,0.0339,0.1000,APPROACH,0
31.727,0.0341,0.0000,APPROACH,0
31.761,0.0336,0.1000,APPROACH,0
31.795,0.0342,0.0000,APPROACH,0
31.829,0.0341,0.0000,APPROACH,0
31.863,0.0337,0.1000,APPROACH,0
31.897,0.0343,0.0000,APPROACH,0
31.931,0.0341,0.0000,APPROACH,0
31.965,0.0336,0.1000,APPROACH,0
31.999,0.0341,0.0000,APPROACH,0
32.033,0.0342,0.0000,APPROACH,0
32.067,0.0339,0.1000,APPROACH,0
32.101,0.0339,0.0000,APPROACH,0
32.135,0.0343,0.0000,APPROACH,0
32.169,0.0337,0.1000,APPROACH,0
32.203,0.0341,0.0000,APPROACH,0
32.237,0.0339,0.0000,APPROACH,0
32.271,0.0340,0.1000,APPROACH,0
32.305,0.0344,0.0000,APPROACH,0
32.339,0.0336,0.0000,APPROACH,0
32.373,0.0341,0.1000,APPROACH,0
32.407,0.0339,0.0000,APPROACH,0
32.441,0.0342,0.0000,APPROACH,0
32.476,0.0346,0.1000,APPROACH,0
32.509,0.0331,0.0000,APPROACH,0
32.544,0.0346,0.0000,APPROACH,0
32.577,0.0336,0.1000,APPROACH,0
32.611,0.0339,0.0000,APPROACH,0
32.646,0.0346,0.0000,APPROACH,0
32.679,0.0337,0.1000,APPROACH,0
32.713,0.0340,0.0000,APPROACH,0
32.747,0.0339,0.0000,APPROACH,0
32.781,0.0340,0.1000,APPROACH,0
32.815,0.0339,0.0000,APPROACH,0
32.849,0.0341,0.0000,APPROACH,0
32.884,0.0343,0.1000,APPROACH,0
32.918,0.0338,0.0000,APPROACH,0
32.952,0.0340,0.0000,APPROACH,0
32.986,0.0339,0.1000,APPROACH,0
33.020,0.0343,0.0000,APPROACH,0
33.054,0.0338,0.0000,APPROACH,0
33.088,0.0339,0.1000,APPROACH,0
33.121,0.0339,0.0000,APPROACH,0
33.155,0.0341,0.0000,APPROACH,0
33.189,0.0339,0.1000,APPROACH,0
33.224,0.0342,0.0000,APPROACH,0
33.258,0.0340,0.0000,APPROACH,0
33.292,0.0342,0.1000,APPROACH,0
33.326,0.0338,0.0000,APPROACH,0
33.360,0.0340,0.0000,APPROACH,0
33.394,0.0341,0.1000,APPROACH,0
33.427,0.0337,0.0000,APPROACH,0
33.462,0.0342,0.1000,APPROACH,0
33.496,0.0343,0.0000,APPROACH,0
33.530,0.0339,0.0000,APPROACH,0
33.564,0.0341,0.1000,APPROACH,0
33.598,0.0339,0.0000,APPROACH,0
33.632,0.0340,0.0000,APPROACH,0
33.666,0.0339,0.1000,APPROACH,0
33.700,0.0341,0.0000,APPROACH,0
33.734,0.0341,0.0000,APPROACH,0
33.768,0.0339,0.1000,APPROACH,0
33.802,0.0341,0.0000,APPROACH,0
33.836,0.0342,0.0000,APPROACH,0
33.870,0.0336,0.1000,APPROACH,0
33.904,0.0342,0.0000,APPROACH,0
33.938,0.0337,0.0000,APPROACH,0
33.972,0.0341,0.1000,APPROACH,0
34.007,0.0349,0.0000,APPROACH,0
34.040,0.0334,0.0000,APPROACH,0
34.074,0.0340,0.1000,APPROACH,0
34.108,0.0340,0.0000,APPROACH,0
34.142,0.0340,0.0000,APPROACH,0
34.176,0.0340,0.1000,APPROACH,0
34.210,0.0341,0.0000,APPROACH,0
34.244,0.0342,0.0000,APPROACH,0
34.278,0.0337,0.1000,APPROACH,0
34.312,0.0339,0.0000,APPROACH,0
34.346,0.0341,0.0000,APPROACH,0
34.381,0.0347,0.1000,APPROACH,0
34.414,0.0334,0.0000,APPROACH,0
34.448,0.0342,0.0000,APPROACH,0
34.482,0.0336,0.1000,APPROACH,0
34.516,0.0340,0.0000,APPROACH,0
34.550,0.0344,0.0000,APPROACH,0
34.584,0.0337,0.1000,APPROACH,0
34.618,0.0342,0.0000,APPROACH,0
34.652,0.0341,0.0000,APPROACH,0
34.687,0.0343,0.1000,APPROACH,0
34.721,0.0340,0.0000,APPROACH,0
34.754,0.0338,0.0000,APPROACH,0
34.788,0.0339,0.1000,APPROACH,0
34.823,0.0344,0.0000,APPROACH,0
34.857,0.0344,0.0000,APPROACH,0
34.891,0.0336,0.1000,APPROACH,0
34.925,0.0340,0.0000,APPROACH,0
34.958,0.0335,0.0000,APPROACH,0
34.992,0.0340,0.1000,APPROACH,0
35.026,0.0341,0.0000,APPROACH,0
35.060,0.0340,0.0000,APPROACH,0
35.095,0.0342,0.1000,APPROACH,0
35.128,0.0337,0.0000,APPROACH,0
35.162,0.0339,0.1000,APPROACH,0
35.197,0.0343,0.0000,APPROACH,0
35.230,0.0339,0.0000,APPROACH,0
35.264,0.0339,0.1000,APPROACH,0
35.298,0.0340,0.0000,APPROACH,0
35.333,0.0342,0.0000,APPROACH,0
35.366,0.0339,0.1000,APPROACH,0
35.401,0.0341,0.0000,APPROACH,0
35.435,0.0344,0.0000,APPROACH,0
35.469,0.0336,0.1000,APPROACH,0
35.503,0.0342,0.0000,APPROACH,0
35.537,0.0339,0.0000,APPROACH,0
35.571,0.0339,0.1000,APPROACH,0
35.605,0.0340,0.0000,APPROACH,0
35.639,0.0340,0.0000,APPROACH,0
35.673,0.0342,0.1000,APPROACH,0
35.707,0.0339,0.0000,APPROACH,0
35.741,0.0341,0.0000,APPROACH,0
35.775,0.0341,0.1000,APPROACH,0
35.809,0.0338,0.0000,APPROACH,0
35.843,0.0341,0.0000,APPROACH,0
35.877,0.0341,0.1000,APPROACH,0
35.911,0.0339,0.0000,APPROACH,0
35.945,0.0340,0.0000,APPROACH,0
35.979,0.0339,0.1000,APPROACH,0
36.013,0.0341,0.0000,APPROACH,0
36.047,0.0343,0.0000,APPROACH,0
36.081,0.0339,0.1000,APPROACH,0
36.115,0.0339,0.0000,APPROACH,0
36.149,0.0341,0.0000,APPROACH,0
36.183,0.0339,0.1000,APPROACH,0
36.217,0.0340,0.0000,APPROACH,0
36.251,0.0341,0.0000,APPROACH,0
36.285,0.0337,0.1000,APPROACH,0
36.319,0.0340,0.0000,APPROACH,0
36.353,0.0342,0.0000,APPROACH,0
36.387,0.0342,0.1000,APPROACH,0
36.421,0.0338,0.0000,APPROACH,0
36.455,0.0343,0.0000,APPROACH,0
36.489,0.0338,0.1000,APPROACH,0
36.523,0.0341,0.0000,APPROACH,0
36.557,0.0340,0.0000,APPROACH,0
36.591,0.0339,0.1000,APPROACH,0
36.626,0.0344,0.0000,APPROACH,0
36.659,0.0336,0.0000,APPROACH,0
36.693,0.0341,0.1000,APPROACH,0
36.727,0.0340,0.0000,APPROACH,0
36.761,0.0340,0.0000,APPROACH,0
36.795,0.0340,0.1000,APPROACH,0
36.829,0.0342,0.0000,APPROACH,0
36.863,0.0339,0.1000,APPROACH,0
36.897,0.0342,0.0000,APPROACH,0
36.931,0.0339,0.0000,APPROACH,0
36.965,0.0338,0.1000,APPROACH,0
36.999,0.0340,0.0000,APPROACH,0
37.034,0.0344,0.0000,APPROACH,0
37.067,0.0337,0.1000,APPROACH,0
37.102,0.0344,0.0000,APPROACH,0
37.136,0.0344,0.0000,APPROACH,0
37.169,0.0334,0.1000,APPROACH,0
37.204,0.0342,0.0000,APPROACH,0
37.238,0.0343,0.0000,APPROACH,0
37.271,0.0335,0.1000,APPROACH,0
37.306,0.0341,0.0000,APPROACH,0
37.340,0.0348,0.0000,APPROACH,0
37.374,0.0333,0.1000,APPROACH,0
37.408,0.0340,0.0000,APPROACH,0
37.442,0.0340,0.0000,APPROACH,0
37.476,0.0340,0.1000,APPROACH,0
37.510,0.0340,0.0000,APPROACH,0
37.544,0.0341,0.0000,APPROACH,0
37.578,0.0340,0.1000,APPROACH,0
37.612,0.0341,0.0000,APPROACH,0
37.646,0.0341,0.0000,APPROACH,0
37.680,0.0338,0.1000,APPROACH,0
37.714,0.0341,0.0000,APPROACH,0
37.748,0.0340,0.0000,APPROACH,0
37.782,0.0342,0.1000,APPROACH,0
37.816,0.0339,0.0000,APPROACH,0
37.850,0.0339,0.0000,APPROACH,0
37.884,0.0347,0.1000,APPROACH,0
37.918,0.0333,0.0000,APPROACH,0
37.952,0.0342,0.0000,APPROACH,0
37.986,0.0341,0.1000,APPROACH,0
38.020,0.0337,0.0000,APPROACH,0
38.054,0.0343,0.0000,APPROACH,0
38.088,0.0336,0.1000,APPROACH,0
38.122,0.0341,0.0000,APPROACH,0
38.156,0.0345,0.0000,APPROACH,0
38.190,0.0338,0.1000,APPROACH,0
38.224,0.0341,0.0000,APPROACH,0
38.258,0.0340,0.0000,APPROACH,0
38.292,0.0339,0.1000,APPROACH,0
38.326,0.0344,0.0000,APPROACH,0
38.360,0.0336,0.0000,APPROACH,0
38.394,0.0340,0.1000,APPROACH,0
38.428,0.0340,0.0000,APPROACH,0
38.462,0.0342,0.0000,APPROACH,0
38.496,0.0339,0.1000,APPROACH,0
38.530,0.0340,0.0000,APPROACH,0
38.564,0.0339,0.1000,APPROACH,0
38.598,0.0343,0.0000,APPROACH,0
38.632,0.0338,0.0000,APPROACH,0
38.666,0.0340,0.1000,APPROACH,0
38.700,0.0341,0.0000,APPROACH,0
38.734,0.0340,0.0000,APPROACH,0
38.768,0.0339,0.1000,APPROACH,0
38.802,0.0341,0.0000,APPROACH,0
38.836,0.0341,0.0000,PATROL,0
38.870,0.0340,0.1000,PATROL,0
38.904,0.0340,0.0000,PATROL,0
38.938,0.0339,0.0000,PATROL,0
38.972,0.0341,0.1000,PATROL,0
39.006,0.0342,0.0000,PATROL,0
39.041,0.0341,0.0000,PATROL,0
39.074,0.0338,0.1000,PATROL,0
39.108,0.0340,0.0000,PATROL,0
39.142,0.0341,0.0000,PATROL,0
39.176,0.0339,0.1000,PATROL,0
39.210,0.0338,0.0000,PATROL,0
39.244,0.0343,0.0000,PATROL,0
39.278,0.0337,0.1000,PATROL,0
39.312,0.0340,0.0000,PATROL,0
39.346,0.0342,0.0000,PATROL,0
39.380,0.0340,0.1000,PATROL,0
39.414,0.0340,0.0000,PATROL,0
39.448,0.0341,0.0000,PATROL,0
39.482,0.0340,0.1000,PATROL,0
39.517,0.0341,0.0000,PATROL,0
39.550,0.0338,0.0000,PATROL,0
39.584,0.0341,0.1000,PATROL,0
39.619,0.0341,0.0000,PATROL,0
39.653,0.0341,0.0000,PATROL,0
39.686,0.0339,0.1000,PATROL,0
39.720,0.0339,0.0000,PATROL,0
39.756,0.0358,0.0000,PATROL,0
39.790,0.0333,0.1000,PATROL,0
39.823,0.0333,0.0000,PATROL,0
39.858,0.0347,0.0000,PATROL,0
39.891,0.0330,0.1000,PATROL,0
39.925,0.0343,0.0000,PATROL,0
39.959,0.0339,0.0000,PATROL,0
39.993,0.0342,0.1000,PATROL,0
40.027,0.0338,0.0000,PATROL,0
40.061,0.0342,0.0000,PATROL,0
40.095,0.0338,0.1000,PATROL,0
40.129,0.0340,0.0000,PATROL,0
40.163,0.0340,0.0000,PATROL,0
40.197,0.0341,0.1000,PATROL,0
40.231,0.0339,0.0000,PATROL,0
40.265,0.0339,0.1000,PATROL,0
40.299,0.0346,0.0000,PATROL,0
40.333,0.0339,0.0000,PATROL,0
40.367,0.0338,0.1000,PATROL,0
40.401,0.0342,0.0000,PATROL,0
40.435,0.0340,0.0000,PATROL,0
40.469,0.0339,0.1000,PATROL,0
40.503,0.0340,0.0000,PATROL,0
40.538,0.0346,0.0000,PATROL,0
40.571,0.0334,0.1000,PATROL,0
40.605,0.0343,0.0000,PATROL,0
40.639,0.0338,0.0000,PATROL,0
40.673,0.0338,0.1000,PATROL,0
40.707,0.0341,0.0000,PATROL,0
40.741,0.0339,0.0000,PATROL,0
40.775,0.0343,0.1000,PATROL,0
40.809,0.0339,0.0000,PATROL,0
40.844,0.0344,0.0000,PATROL,0
40.877,0.0337,0.1000,PATROL,0
40.911,0.0340,0.0000,PATROL,0
40.945,0.0342,0.0000,PATROL,0
40.979,0.0339,0.1000,PATROL,0
41.013,0.0339,0.0000,PATROL,0
41.047,0.0341,0.0000,PATROL,0
41.081,0.0338,0.1000,PATROL,0
41.115,0.0343,0.0000,PATROL,0
41.150,0.0341,0.0000,PATROL,0
41.183,0.0339,0.1000,PATROL,0
41.219,0.0355,0.0000,PATROL,0
41.251,0.0326,0.0000,PATROL,0
41.285,0.0339,0.1000,PATROL,0
41.319,0.0341,0.0000,PATROL,0
41.353,0.0340,0.0000,PATROL,0
41.387,0.0340,0.1000,PATROL,0
41.421,0.0339,0.0000,PATROL,0
41.456,0.0343,0.0000,PATROL,0
41.489,0.0338,0.1000,PATROL,0
41.523,0.0340,0.0000,PATROL,0
41.558,0.0345,0.0000,PATROL,0
41.592,0.0337,0.1000,PATROL,0
41.626,0.0342,0.0000,PATROL,0
41.660,0.0339,0.0000,PATROL,0
41.694,0.0340,0.1000,PATROL,0
41.728,0.0339,0.0000,PATROL,0
41.761,0.0338,0.0000,PATROL,0
41.796,0.0343,0.1000,PATROL,0
41.830,0.0338,0.0000,PATROL,0
41.864,0.0341,0.0000,PATROL,0
41.898,0.0338,0.1000,PATROL,0
41.932,0.0342,0.0000,PATROL,0
41.966,0.0339,0.1000,PATROL,0
42.000,0.0340,0.0000,PATROL,0
42.034,0.0340,0.0000,PATROL,0
42.068,0.0340,0.1000,PATROL,0
42.102,0.0342,0.0000,PATROL,0
42.136,0.0338,0.0000,PATROL,0
42.170,0.0339,0.1000,PATROL,0
42.204,0.0341,0.0000,PATROL,0
42.238,0.0340,0.0000,PATROL,0
42.272,0.0339,0.1000,PATROL,0
42.306,0.0339,0.0000,PATROL,0
42.340,0.0342,0.0000,PATROL,0
42.374,0.0339,0.1000,PATROL,0
42.408,0.0339,0.0000,PATROL,0
42.442,0.0340,0.0000,PATROL,0
42.476,0.0343,0.1000,PATROL,0
42.510,0.0339,0.0000,PATROL,0
42.544,0.0344,0.0000,PATROL,0
42.578,0.0338,0.1000,PATROL,0
42.612,0.0340,0.0000,PATROL,0
42.646,0.0341,0.0000,PATROL,0
42.680,0.0340,0.1000,PATROL,0
42.714,0.0341,0.0000,PATROL,0
42.749,0.0352,0.0000,PATROL,0
42.782,0.0326,0.1000,PATROL,0
42.816,0.0345,0.0000,PATROL,0
42.851,0.0343,0.0000,PATROL,0
42.884,0.0337,0.1000,PATROL,0
42.918,0.0339,0.0000,PATROL,0
42.952,0.0338,0.0000,PATROL,0
42.988,0.0360,0.1000,PATROL,0
43.020,0.0320,0.0000,PATROL,0
43.055,0.0342,0.0000,PATROL,0
43.089,0.0340,0.1000,PATROL,0
43.122,0.0339,0.0000,PATROL,0
43.157,0.0345,0.0000,PATROL,0
43.191,0.0337,0.1000,PATROL,0
43.224,0.0337,0.0000,PATROL,0
43.258,0.0342,0.0000,PATROL,0
43.293,0.0348,0.1000,PATROL,0
43.327,0.0333,0.0000,PATROL,0
43.361,0.0342,0.0000,PATROL,0
43.395,0.0340,0.1000,PATROL,0
43.428,0.0335,0.0000,PATROL,0
43.464,0.0353,0.0000,PATROL,0
43.498,0.0339,0.1000,PATROL,0
43.531,0.0335,0.0000,PATROL,0
43.566,0.0346,0.0000,PATROL,0
43.599,0.0331,0.1000,PATROL,0
43.633,0.0339,0.0000,PATROL,0
43.667,0.0340,0.1000,PATROL,0
43.701,0.0344,0.0000,PATROL,0
43.735,0.0341,0.0000,PATROL,0
43.769,0.0335,0.1000,PATROL,0
43.802,0.0338,0.0000,PATROL,0
43.837,0.0349,0.0000,PATROL,0
43.871,0.0334,0.1000,PATROL,0
43.905,0.0342,0.0000,PATROL,0
43.939,0.0340,0.0000,PATROL,0
43.973,0.0339,0.1000,PATROL,0
44.007,0.0341,0.0000,PATROL,0
44.041,0.0340,0.0000,PATROL,0
44.075,0.0339,0.1000,PATROL,0
44.109,0.0347,0.0000,PATROL,0
44.143,0.0337,0.0000,PATROL,0
44.177,0.0340,0.1000,PATROL,0
44.211,0.0337,0.0000,PATROL,0
44.245,0.0342,0.0000,PATROL,0
44.279,0.0341,0.1000,PATROL,0
44.313,0.0339,0.0000,PATROL,0
44.347,0.0340,0.0000,PATROL,0
44.381,0.0340,0.1000,PATROL,0
44.415,0.0341,0.0000,PATROL,0
44.449,0.0341,0.0000,PATROL,0
44.483,0.0338,0.1000,PATROL,0
44.517,0.0340,0.0000,PATROL,0
44.551,0.0345,0.0000,PATROL,0
44.585,0.0337,0.1000,PATROL,0
44.619,0.0340,0.0000,PATROL,0
44.653,0.0341,0.0000,PATROL,0
44.687,0.0338,0.1000,PATROL,0
44.721,0.0342,0.0000,PATROL,0
44.755,0.0341,0.0000,PATROL,0
44.789,0.0337,0.1000,PATROL,0
44.823,0.0339,0.0000,PATROL,0
44.858,0.0347,0.0000,PATROL,0
44.892,0.0344,0.1000,PATROL,0
44.926,0.0340,0.0000,PATROL,0
44.959,0.0335,0.0000,PATROL,0
44.993,0.0339,0.1000,PATROL,0
45.027,0.0339,0.0000,PATROL,0
45.061,0.0339,0.0000,PATROL,0
45.095,0.0339,0.1000,PATROL,0
45.129,0.0342,0.0000,PATROL,0
45.163,0.0342,0.0000,PATROL,0
45.197,0.0337,0.1000,PATROL,0
45.231,0.0341,0.0000,PATROL,0
45.265,0.0339,0.0000,PATROL,0
45.299,0.0339,0.1000,PATROL,0
45.333,0.0341,0.0000,PATROL,0
45.367,0.0338,0.1000,PATROL,0
45.401,0.0343,0.0000,PATROL,0
45.436,0.0344,0.0000,PATROL,0
45.469,0.0337,0.1000,PATROL,0
45.503,0.0339,0.0000,PATROL,0
45.538,0.0342,0.0000,PATROL,0
45.572,0.0340,0.1000,PATROL,0
45.605,0.0339,0.0000,PATROL,0
45.640,0.0342,0.0000,PATROL,0
45.674,0.0340,0.1000,PATROL,0
45.708,0.0341,0.0000,PATROL,0
45.742,0.0341,0.0000,PATROL,0
45.776,0.0337,0.1000,PATROL,0
45.809,0.0339,0.0000,PATROL,0
45.844,0.0340,0.0000,PATROL,0
45.878,0.0344,0.1000,PATROL,0
45.912,0.0337,0.0000,PATROL,0
45.946,0.0342,0.0000,PATROL,0
45.980,0.0340,0.1000,PATROL,0
46.014,0.0339,0.0000,PATROL,0
46.048,0.0341,0.0000,PATROL,0
46.082,0.0342,0.1000,PATROL,0
46.116,0.0338,0.0000,PATROL,0
46.150,0.0339,0.0000,PATROL,0
46.184,0.0341,0.1000,PATROL,0
46.218,0.0341,0.0000,PATROL,0
46.253,0.0351,0.0000,PATROL,0
46.286,0.0327,0.1000,PATROL,0
46.320,0.0342,0.0000,PATROL,0
46.354,0.0340,0.0000,PATROL,0
46.388,0.0341,0.1000,PATROL,0
46.422,0.0343,0.0000,PATROL,0
46.456,0.0340,0.0000,PATROL,0
46.490,0.0340,0.1000,PATROL,0
46.524,0.0339,0.0000,PATROL,0
46.558,0.0343,0.0000,PATROL,0
46.592,0.0336,0.1000,PATROL,0
46.626,0.0341,0.0000,PATROL,0
46.660,0.0342,0.0000,PATROL,0
46.694,0.0339,0.1000,PATROL,0
46.728,0.0341,0.0000,PATROL,0
46.762,0.0342,0.0000,PATROL,0
46.796,0.0339,0.1000,PATROL,0
46.830,0.0339,0.0000,PATROL,0
46.864,0.0341,0.0000,PATROL,0
46.898,0.0338,0.1000,PATROL,0
46.932,0.0340,0.0000,PATROL,0
46.966,0.0341,0.0000,PATROL,0
47.000,0.0341,0.1000,PATROL,0
47.034,0.0340,0.0000,PATROL,0
47.068,0.0340,0.1000,PATROL,0
47.103,0.0343,0.0000,PATROL,0
47.136,0.0338,0.0000,PATROL,0
47.170,0.0339,0.1000,PATROL,0
47.204,0.0342,0.0000,PATROL,0
47.239,0.0344,0.0000,PATROL,0
47.272,0.0335,0.1000,PATROL,0
47.306,0.0340,0.0000,PATROL,0
47.340,0.0342,0.0000,PATROL,0
47.374,0.0339,0.1000,PATROL,0
47.408,0.0338,0.0000,PATROL,0
47.443,0.0348,0.0000,PATROL,0
47.476,0.0332,0.1000,PATROL,0
47.510,0.0341,0.0000,PATROL,0
47.544,0.0341,0.0000,PATROL,0
47.578,0.0340,0.1000,PATROL,0
47.612,0.0339,0.0000,PATROL,0
47.646,0.0342,0.0000,PATROL,0
47.680,0.0340,0.1000,PATROL,0
47.714,0.0339,0.0000,PATROL,0
47.748,0.0341,0.0000,PATROL,0
47.783,0.0341,0.1000,PATROL,0
47.817,0.0340,0.0000,PATROL,0
47.850,0.0339,0.0000,PATROL,0
47.885,0.0341,0.1000,PATROL,0
47.919,0.0342,0.0000,PATROL,0
47.953,0.0341,0.0000,PATROL,0
47.987,0.0339,0.1000,PATROL,0
48.021,0.0342,0.0000,PATROL,0
48.055,0.0339,0.0000,PATROL,0
48.089,0.0340,0.1000,PATROL,0
48.123,0.0342,0.0000,PATROL,0
48.157,0.0336,0.0000,PATROL,0
48.191,0.0340,0.1000,PATROL,0
48.225,0.0343,0.0000,PATROL,0
48.259,0.0340,0.0000,PATROL,0
48.293,0.0338,0.1000,PATROL,0
48.327,0.0340,0.0000,PATROL,0
48.361,0.0343,0.0000,PATROL,0
48.395,0.0337,0.1000,PATROL,0
48.429,0.0341,0.0000,PATROL,0
48.463,0.0344,0.0000,PATROL,0
48.497,0.0339,0.1000,PATROL,0
48.531,0.0339,0.0000,PATROL,0
48.565,0.0342,0.0000,PATROL,0
48.599,0.0339,0.1000,PATROL,0
48.633,0.0337,0.0000,PATROL,0
48.667,0.0341,0.0000,PATROL,0
48.701,0.0339,0.1000,PATROL,0
48.735,0.0341,0.0000,PATROL,0
48.769,0.0340,0.1000,PATROL,0
48.803,0.0343,0.0000,PATROL,0
48.837,0.0341,0.0000,PATROL,0
48.871,0.0337,0.1000,PATROL,0
48.905,0.0340,0.0000,PATROL,0
48.939,0.0343,0.0000,PATROL,0
48.973,0.0338,0.1000,PATROL,0
49.007,0.0339,0.0000,PATROL,0
49.041,0.0340,0.0000,PATROL,0
49.075,0.0340,0.1000,PATROL,0
49.109,0.0342,0.0000,PATROL,0
49.144,0.0342,0.0000,PATROL,0
49.177,0.0338,0.1000,PATROL,0
49.211,0.0341,0.0000,PATROL,0
49.246,0.0344,0.0000,PATROL,0
49.280,0.0337,0.1000,PATROL,0
49.314,0.0341,0.0000,PATROL,0
49.347,0.0337,0.0000,PATROL,0
49.381,0.0340,0.1000,PATROL,0
49.416,0.0343,0.0000,PATROL,0
49.450,0.0346,0.0000,PATROL,0
49.484,0.0339,0.1000,PATROL,0
49.517,0.0334,0.0000,PATROL,0
49.552,0.0341,0.0000,PATROL,0
49.586,0.0340,0.1000,PATROL,0
49.620,0.0344,0.0000,PATROL,0
49.654,0.0340,0.0000,PATROL,0
49.688,0.0336,0.1000,PATROL,0
49.722,0.0344,0.0000,PATROL,0
49.756,0.0342,0.0000,PATROL,0
49.790,0.0338,0.1000,PATROL,0
49.824,0.0337,0.0000,PATROL,0
49.858,0.0342,0.0000,PATROL,0
49.892,0.0337,0.1000,PATROL,0
49.926,0.0340,0.0000,PATROL,0
49.960,0.0343,0.0000,PATROL,0
49.994,0.0339,0.1000,PATROL,0
50.028,0.0340,0.0000,PATROL,0
50.062,0.0340,0.0000,PATROL,0
50.096,0.0344,0.1000,PATROL,0
50.130,0.0335,0.0000,PATROL,0
50.164,0.0341,0.0000,PATROL,0
50.198,0.0338,0.1000,PATROL,0
50.232,0.0344,0.0000,PATROL,0
50.266,0.0336,0.0000,PATROL,0
50.300,0.0342,0.1000,PATROL,0
50.334,0.0338,0.0000,PATROL,0
50.368,0.0341,0.0000,PATROL,0
50.402,0.0339,0.1000,PATROL,0
50.436,0.0341,0.0000,PATROL,0
50.470,0.0340,0.1000,PATROL,0
50.504,0.0342,0.0000,PATROL,0
50.538,0.0339,0.0000,PATROL,0
50.572,0.0341,0.1000,PATROL,0
50.606,0.0338,0.0000,PATROL,0
50.640,0.0343,0.0000,PATROL,0
50.674,0.0340,0.1000,PATROL,0
50.708,0.0338,0.0000,PATROL,0
50.742,0.0341,0.0000,PATROL,0
50.776,0.0341,0.1000,PATROL,0
50.810,0.0339,0.0000,PATROL,0
50.845,0.0356,0.0000,PATROL,0
50.878,0.0325,0.1000,PATROL,0
50.912,0.0341,0.0000,PATROL,0
50.946,0.0342,0.0000,PATROL,0
50.980,0.0341,0.1000,PATROL,0
51.014,0.0341,0.0000,PATROL,0
51.048,0.0339,0.0000,PATROL,0
51.082,0.0339,0.1000,PATROL,0
51.117,0.0346,0.0000,PATROL,0
51.150,0.0334,0.0000,PATROL,0
51.185,0.0345,0.1000,PATROL,0
51.218,0.0337,0.0000,PATROL,0
51.252,0.0340,0.0000,PATROL,0
51.286,0.0338,0.1000,PATROL,0
51.320,0.0343,0.0000,PATROL,0
51.354,0.0341,0.0000,PATROL,0
51.389,0.0345,0.1000,PATROL,0
51.422,0.0335,0.0000,PATROL,0
51.457,0.0341,0.0000,PATROL,0
51.490,0.0339,0.1000,PATROL,0
51.524,0.0339,0.0000,PATROL,0
51.559,0.0343,0.0000,PATROL,0
51.593,0.0339,0.1000,PATROL,0
51.626,0.0338,0.0000,PATROL,0
51.660,0.0340,0.0000,PATROL,0
51.694,0.0341,0.1000,PATROL,0
51.728,0.0340,0.0000,PATROL,0
51.762,0.0340,0.0000,PATROL,0
51.797,0.0345,0.1000,PATROL,0
51.831,0.0335,0.0000,PATROL,0
51.865,0.0348,0.0000,PATROL,0
51.899,0.0334,0.1000,PATROL,0
51.933,0.0339,0.0000,PATROL,0
51.967,0.0339,0.0000,PATROL,0
52.001,0.0341,0.1000,PATROL,0
52.035,0.0339,0.0000,PATROL,0
52.069,0.0341,0.0000,PATROL,0
52.103,0.0343,0.1000,PATROL,0
52.137,0.0339,0.0000,PATROL,0
52.171,0.0343,0.1000,PATROL,0
52.206,0.0347,0.0000,PATROL,0
52.239,0.0336,0.0000,PATROL,0
52.273,0.0333,0.1000,PATROL,0
52.307,0.0340,0.0000,PATROL,0
52.341,0.0341,0.0000,PATROL,0
52.375,0.0341,0.1000,PATROL,0
52.409,0.0342,0.0000,PATROL,0
52.443,0.0344,0.0000,PATROL,0
52.477,0.0341,0.1000,PATROL,0
52.511,0.0333,0.0000,PATROL,0
52.545,0.0341,0.0000,PATROL,0
52.579,0.0341,0.1000,PATROL,0
52.613,0.0339,0.0000,PATROL,0
52.647,0.0339,0.0000,PATROL,0
52.681,0.0340,0.1000,PATROL,0
52.715,0.0344,0.0000,PATROL,0
52.749,0.0336,0.0000,PATROL,0
52.783,0.0343,0.1000,PATROL,0
52.817,0.0339,0.0000,PATROL,0
52.851,0.0342,0.0000,PATROL,0
52.885,0.0339,0.1000,PATROL,0
52.919,0.0340,0.0000,PATROL,0
52.953,0.0340,0.0000,PATROL,0
52.987,0.0341,0.1000,PATROL,0
53.021,0.0339,0.0000,PATROL,0
53.055,0.0342,0.0000,PATROL,0
53.089,0.0340,0.1000,PATROL,0
53.123,0.0340,0.0000,PATROL,0
53.157,0.0341,0.0000,PATROL,0
53.191,0.0340,0.1000,PATROL,0
53.225,0.0340,0.0000,PATROL,0
53.260,0.0342,0.0000,PATROL,0
53.293,0.0336,0.1000,PATROL,0
53.327,0.0340,0.0000,PATROL,0
53.361,0.0342,0.0000,PATROL,0
53.395,0.0340,0.1000,PATROL,0
53.430,0.0341,0.0000,PATROL,0
53.464,0.0343,0.0000,PATROL,0
53.498,0.0338,0.1000,PATROL,0
53.532,0.0342,0.0000,PATROL,0
53.566,0.0345,0.0000,PATROL,0
53.599,0.0332,0.1000,PATROL,0
53.633,0.0340,0.0000,PATROL,0
53.668,0.0346,0.0000,PATROL,0
53.702,0.0334,0.1000,PATROL,0
53.735,0.0338,0.0000,PATROL,0
53.769,0.0340,0.0000,PATROL,0
53.804,0.0343,0.1000,PATROL,0
53.837,0.0337,0.0000,PATROL,0
53.871,0.0340,0.1000,PATROL,0
53.906,0.0346,0.0000,PATROL,0
53.940,0.0337,0.0000,PATROL,0
53.974,0.0338,0.1000,PATROL,0
54.007,0.0340,0.0000,PATROL,0
54.042,0.0341,0.0000,PATROL,0
54.076,0.0343,0.1000,PATROL,0
54.110,0.0338,0.0000,PATROL,0
54.144,0.0340,0.0000,PATROL,0
54.178,0.0340,0.1000,PATROL,0
54.212,0.0341,0.0000,PATROL,0
54.246,0.0339,0.0000,PATROL,0
54.280,0.0341,0.1000,PATROL,0
54.314,0.0339,0.0000,PATROL,0
54.348,0.0340,0.0000,PATROL,0
54.382,0.0338,0.1000,PATROL,0
54.416,0.0343,0.0000,PATROL,0
54.450,0.0338,0.0000,PATROL,0
54.484,0.0341,0.1000,PATROL,0
54.518,0.0338,0.0000,PATROL,0
54.552,0.0342,0.0000,PATROL,0
54.586,0.0341,0.1000,PATROL,0
54.620,0.0343,0.0000,PATROL,0
54.654,0.0338,0.0000,PATROL,0
54.688,0.0339,0.1000,PATROL,0
54.722,0.0344,0.0000,PATROL,0
54.756,0.0342,0.0000,PATROL,0
54.790,0.0337,0.1000,PATROL,0
54.824,0.0341,0.0000,PATROL,0
54.859,0.0348,0.0000,PATROL,0
54.892,0.0329,0.1000,PATROL,0
54.926,0.0341,0.0000,PATROL,0
54.960,0.0342,0.0000,PATROL,0
54.994,0.0340,0.1000,PATROL,0
55.028,0.0340,0.0000,PATROL,0
55.062,0.0340,0.0000,PATROL,0
55.096,0.0341,0.1000,PATROL,0
55.130,0.0340,0.0000,PATROL,0
55.164,0.0338,0.0000,PATROL,0
55.198,0.0340,0.1000,PATROL,0
55.232,0.0341,0.0000,PATROL,0
55.267,0.0348,0.0000,PATROL,0
55.300,0.0332,0.1000,PATROL,0
55.334,0.0339,0.0000,PATROL,0
55.369,0.0342,0.0000,PATROL,0
55.402,0.0339,0.1000,PATROL,0
55.437,0.0341,0.0000,PATROL,0
55.470,0.0339,0.0000,PATROL,0
55.504,0.0338,0.1000,PATROL,0
55.539,0.0343,0.0000,PATROL,0
55.572,0.0337,0.1000,PATROL,0
55.607,0.0344,0.0000,PATROL,0
55.641,0.0341,0.0000,PATROL,0
55.674,0.0338,0.1000,PATROL,0
55.708,0.0339,0.0000,PATROL,0
55.743,0.0342,0.0000,PATROL,0
55.777,0.0340,0.1000,PATROL,0
55.811,0.0341,0.0000,PATROL,0
55.845,0.0341,0.0000,PATROL,0
55.879,0.0337,0.1000,PATROL,0
55.913,0.0340,0.0000,PATROL,0
55.948,0.0350,0.0000,PATROL,0
55.981,0.0334,0.1000,PATROL,0
56.015,0.0340,0.0000,PATROL,0
56.049,0.0339,0.0000,PATROL,0
56.083,0.0340,0.1000,PATROL,0
56.117,0.0343,0.0000,PATROL,0
56.151,0.0341,0.0000,PATROL,0
56.185,0.0341,0.1000,PATROL,0
56.219,0.0339,0.0000,PATROL,0
56.253,0.0342,0.0000,PATROL,0
56.287,0.0334,0.1000,PATROL,0
56.321,0.0341,0.0000,PATROL,0
56.355,0.0341,0.0000,PATROL,0
56.389,0.0338,0.1000,PATROL,0
56.423,0.0341,0.0000,PATROL,0
56.457,0.0345,0.0000,PATROL,0
56.491,0.0337,0.1000,PATROL,0
56.525,0.0339,0.0000,PATROL,0
56.559,0.0341,0.0000,PATROL,0
56.593,0.0340,0.1000,PATROL,0
56.627,0.0340,0.0000,PATROL,0
56.661,0.0343,0.0000,PATROL,0
56.695,0.0337,0.1000,PATROL,0
56.729,0.0341,0.0000,PATROL,0
56.763,0.0344,0.0000,PATROL,0
56.798,0.0341,0.1000,PATROL,0
56.831,0.0338,0.0000,PATROL,0
56.866,0.0342,0.0000,PATROL,0
56.899,0.0337,0.1000,PATROL,0
56.934,0.0343,0.0000,PATROL,0
56.968,0.0344,0.0000,PATROL,0
57.002,0.0335,0.1000,PATROL,0
57.035,0.0339,0.0000,PATROL,0
57.069,0.0337,0.0000,PATROL,0
57.104,0.0344,0.1000,PATROL,0
57.137,0.0336,0.0000,PATROL,0
57.171,0.0340,0.0000,PATROL,0
57.205,0.0340,0.1000,PATROL,0
57.239,0.0342,0.0000,PATROL,0
57.273,0.0338,0.1000,PATROL,0
57.307,0.0343,0.0000,PATROL,0
57.341,0.0338,0.0000,PATROL,0
57.375,0.0339,0.1000,PATROL,0
57.409,0.0340,0.0000,PATROL,0
57.443,0.0342,0.0000,PATROL,0
57.477,0.0340,0.1000,PATROL,0
57.511,0.0341,0.0000,PATROL,0
57.546,0.0346,0.0000,PATROL,0
57.580,0.0337,0.1000,PATROL,0
57.613,0.0339,0.0000,PATROL,0
57.647,0.0339,0.0000,PATROL,0
57.681,0.0340,0.1000,PATROL,0
57.715,0.0340,0.0000,PATROL,0
57.749,0.0339,0.0000,PATROL,0
57.784,0.0343,0.1000,PATROL,0
57.818,0.0341,0.0000,PATROL,0
57.852,0.0345,0.0000,PATROL,0
57.886,0.0334,0.1000,PATROL,0
57.920,0.0343,0.0000,PATROL,0
57.954,0.0338,0.0000,PATROL,0
57.988,0.0341,0.1000,PATROL,0
58.022,0.0338,0.0000,PATROL,0
58.056,0.0340,0.0000,PATROL,0
58.090,0.0339,0.1000,PATROL,0
58.124,0.0346,0.0000,PATROL,0
58.158,0.0336,0.0000,PATROL,0
58.191,0.0338,0.1000,PATROL,0
58.226,0.0343,0.0000,PATROL,0
58.260,0.0340,0.0000,PATROL,0
58.294,0.0340,0.1000,PATROL,0
58.328,0.0342,0.0000,PATROL,0
58.362,0.0339,0.0000,PATROL,0
58.397,0.0347,0.1000,PATROL,0
58.430,0.0330,0.0000,PATROL,0
58.464,0.0344,0.0000,PATROL,0
58.498,0.0342,0.1000,PATROL,0
58.532,0.0336,0.0000,PATROL,0
58.566,0.0340,0.0000,PATROL,0
58.600,0.0339,0.1000,PATROL,0
58.634,0.0339,0.0000,PATROL,0
58.668,0.0344,0.0000,PATROL,0
58.702,0.0342,0.1000,PATROL,0
58.736,0.0337,0.0000,PATROL,0
58.770,0.0340,0.0000,PATROL,0
58.804,0.0340,0.1000,PATROL,0
58.838,0.0344,0.0000,PATROL,0
58.872,0.0340,0.0000,PATROL,0
58.907,0.0345,0.1000,PATROL,0
58.940,0.0336,0.0000,PATROL,0
58.974,0.0336,0.1000,PATROL,0
59.008,0.0339,0.0000,PATROL,0
59.042,0.0343,0.0000,PATROL,0
59.076,0.0340,0.1000,PATROL,0
59.110,0.0338,0.0000,PATROL,0
59.144,0.0343,0.0000,PATROL,0
59.178,0.0339,0.1000,PATROL,0
59.212,0.0342,0.0000,PATROL,0
59.246,0.0339,0.0000,PATROL,0
59.280,0.0338,0.1000,PATROL,0
59.314,0.0343,0.0000,PATROL,0
59.349,0.0343,0.0000,PATROL,0
59.382,0.0335,0.1000,PATROL,0
59.416,0.0338,0.0000,PATROL,0
59.451,0.0345,0.0000,PATROL,0
59.485,0.0342,0.1000,PATROL,0
59.519,0.0340,0.0000,PATROL,0
59.553,0.0340,0.0000,PATROL,0
59.587,0.0341,0.1000,PATROL,0
59.621,0.0338,0.0000,PATROL,0
59.655,0.0340,0.0000,PATROL,0
59.688,0.0339,0.1000,PATROL,0
59.723,0.0345,0.0000,PATROL,0
59.757,0.0335,0.0000,PATROL,0
59.791,0.0340,0.1000,PATROL,0
59.825,0.0341,0.0000,PATROL,0
59.859,0.0343,0.0000,PATROL,0
59.893,0.0336,0.1000,PATROL,0
59.927,0.0343,0.0000,PATROL,0
59.961,0.0337,0.0000,PATROL,0
59.995,0.0343,0.1000,PATROL,0
60.029,0.0338,0.0000,PATROL,0
60.063,0.0343,0.0000,PATROL,0
60.097,0.0338,0.1000,PATROL,0
60.131,0.0339,0.0000,PATROL,0
60.165,0.0343,0.0000,PATROL,0
60.199,0.0337,0.1000,PATROL,0
60.233,0.0345,0.0000,PATROL,0
60.267,0.0341,0.0000,PATROL,0
60.301,0.0335,0.1000,PATROL,0
60.335,0.0340,0.0000,PATROL,0
60.370,0.0351,0.0000,PATROL,0
60.403,0.0331,0.1000,PATROL,0
60.437,0.0339,0.0000,PATROL,0
60.471,0.0340,0.0000,PATROL,0
60.505,0.0343,0.1000,PATROL,0
60.539,0.0338,0.0000,ALIGN,0
60.573,0.0340,0.0000,ALIGN,0
60.607,0.0343,0.1000,ALIGN,0
60.641,0.0339,0.0000,ALIGN,0
60.675,0.0337,0.1000,ALIGN,0
60.709,0.0341,0.0000,ALIGN,0
60.743,0.0346,0.0000,ALIGN,0
60.777,0.0338,0.1000,ALIGN,0
60.811,0.0338,0.0000,ALIGN,0
60.845,0.0341,0.0000,ALIGN,0
60.879,0.0339,0.1000,ALIGN,0
60.913,0.0340,0.0000,ALIGN,0
60.947,0.0341,0.0000,ALIGN,0
60.981,0.0341,0.1000,ALIGN,0
61.015,0.0340,0.0000,ALIGN,0
61.049,0.0340,0.0000,ALIGN,0
61.083,0.0342,0.1000,ALIGN,0
61.117,0.0340,0.0000,ALIGN,0
61.151,0.0340,0.0000,ALIGN,0
61.185,0.0338,0.1000,ALIGN,0
61.219,0.0340,0.0000,ALIGN,0
61.253,0.0343,0.0000,ALIGN,0
61.287,0.0338,0.1000,ALIGN,0
61.322,0.0344,0.0000,ALIGN,0
61.355,0.0339,0.0000,ALIGN,0
61.390,0.0343,0.1000,ALIGN,0
61.424,0.0338,0.0000,ALIGN,0
61.458,0.0340,0.0000,ALIGN,0
61.491,0.0338,0.1000,ALIGN,0
61.526,0.0342,0.0000,ALIGN,0
61.560,0.0342,0.0000,ALIGN,0
61.594,0.0338,0.1000,ALIGN,0
61.628,0.0341,0.0000,ALIGN,0
61.662,0.0341,0.0000,ALIGN,0
61.695,0.0337,0.1000,ALIGN,0
61.730,0.0345,0.0000,ALIGN,0
61.763,0.0336,0.0000,ALIGN,0
61.798,0.0340,0.1000,ALIGN,0
61.831,0.0338,0.0000,ALIGN,0
61.865,0.0342,0.0000,ALIGN,0
61.900,0.0341,0.1000,ALIGN,0
61.933,0.0339,0.0000,APPROACH,0
61.968,0.0342,0.0000,APPROACH,0
62.001,0.0338,0.1000,APPROACH,0
62.036,0.0342,0.0000,APPROACH,0
62.070,0.0341,0.0000,APPROACH,0
62.104,0.0341,0.1000,APPROACH,0
62.138,0.0342,0.0000,APPROACH,0
62.173,0.0345,0.0000,APPROACH,0
62.206,0.0339,0.1000,APPROACH,0
62.240,0.0333,0.0000,APPROACH,0
62.274,0.0338,0.0000,APPROACH,0
62.308,0.0340,0.1000,APPROACH,0
62.342,0.0341,0.0000,APPROACH,0
62.376,0.0341,0.1000,APPROACH,0
62.410,0.0338,0.0000,APPROACH,0
62.444,0.0343,0.0000,APPROACH,0
62.478,0.0336,0.1000,APPROACH,0
62.512,0.0340,0.0000,APPROACH,0
62.546,0.0345,0.0000,APPROACH,0
62.580,0.0336,0.1000,APPROACH,0
62.614,0.0341,0.0000,APPROACH,0
62.648,0.0344,0.0000,APPROACH,0
62.683,0.0345,0.1000,APPROACH,0
62.716,0.0333,0.0000,APPROACH,0
62.750,0.0339,0.0000,APPROACH,0
62.784,0.0339,0.1000,APPROACH,0
62.818,0.0345,0.0000,APPROACH,0
62.852,0.0339,0.0000,APPROACH,0
62.886,0.0338,0.1000,APPROACH,0
62.920,0.0340,0.0000,APPROACH,0
62.954,0.0342,0.0000,APPROACH,0
62.988,0.0341,0.1000,APPROACH,0
63.022,0.0338,0.0000,APPROACH,0
63.056,0.0341,0.0000,APPROACH,0
63.090,0.0342,0.1000,APPROACH,0
63.124,0.0337,0.0000,APPROACH,0
63.158,0.0343,0.0000,APPROACH,0
63.192,0.0336,0.1000,APPROACH,0
63.226,0.0344,0.0000,APPROACH,0
63.260,0.0340,0.0000,APPROACH,0
63.294,0.0337,0.1000,APPROACH,0
63.329,0.0344,0.0000,APPROACH,0
63.363,0.0340,0.0000,APPROACH,0
63.396,0.0336,0.1000,APPROACH,0
63.430,0.0342,0.0000,APPROACH,0
63.464,0.0340,0.0000,APPROACH,0
63.498,0.0340,0.1000,APPROACH,0
63.533,0.0341,0.0000,APPROACH,0
63.566,0.0340,0.0000,APPROACH,0
63.601,0.0341,0.1000,APPROACH,0
63.634,0.0339,0.0000,APPROACH,0
63.669,0.0341,0.0000,APPROACH,0
63.703,0.0342,0.1000,APPROACH,0
63.737,0.0339,0.0000,APPROACH,0
63.771,0.0339,0.0000,APPROACH,0
63.805,0.0340,0.1000,APPROACH,0
63.839,0.0339,0.0000,APPROACH,0
63.873,0.0339,0.0000,APPROACH,0
63.907,0.0343,0.1000,APPROACH,0
63.941,0.0341,0.0000,APPROACH,0
63.974,0.0336,0.0000,APPROACH,0
64.008,0.0339,0.1000,APPROACH,0
64.042,0.0341,0.0000,APPROACH,0
64.076,0.0339,0.1000,APPROACH,0
64.111,0.0344,0.0000,APPROACH,0
64.145,0.0339,0.0000,APPROACH,0
64.179,0.0339,0.1000,APPROACH,0
64.213,0.0341,0.0000,APPROACH,0
64.247,0.0341,0.0000,APPROACH,0
64.281,0.0338,0.1000,APPROACH,0
64.315,0.0343,0.0000,APPROACH,0
64.349,0.0339,0.0000,APPROACH,0
64.383,0.0337,0.1000,APPROACH,0
64.418,0.0352,0.0000,APPROACH,0
64.451,0.0331,0.0000,APPROACH,0
64.485,0.0339,0.1000,APPROACH,0
64.519,0.0339,0.0000,APPROACH,0
64.553,0.0342,0.0000,APPROACH,0
64.587,0.0339,0.1000,APPROACH,0
64.621,0.0342,0.0000,APPROACH,0
64.655,0.0338,0.0000,APPROACH,0
64.689,0.0341,0.1000,APPROACH,0
64.723,0.0342,0.0000,APPROACH,0
64.757,0.0345,0.0000,APPROACH,0
64.792,0.0343,0.1000,APPROACH,0
64.826,0.0338,0.0000,APPROACH,0
64.860,0.0348,0.0000,APPROACH,0
64.894,0.0332,0.1000,APPROACH,0
64.928,0.0349,0.0000,APPROACH,0
64.962,0.0336,0.0000,APPROACH,0
64.996,0.0338,0.1000,APPROACH,0
65.030,0.0340,0.0000,APPROACH,0
65.064,0.0339,0.0000,APPROACH,0
65.098,0.0339,0.1000,APPROACH,0
65.133,0.0350,0.0000,APPROACH,0
65.166,0.0330,0.0000,APPROACH,0
65.200,0.0341,0.1000,APPROACH,0
65.234,0.0339,0.0000,APPROACH,0
65.268,0.0343,0.0000,APPROACH,0
65.302,0.0337,0.1000,APPROACH,0
65.336,0.0343,0.0000,APPROACH,0
65.370,0.0339,0.0000,APPROACH,0
65.404,0.0339,0.1000,APPROACH,0
65.438,0.0340,0.0000,APPROACH,0
65.472,0.0340,0.0000,APPROACH,0
65.506,0.0342,0.1000,APPROACH,0
65.540,0.0341,0.0000,APPROACH,0
65.574,0.0337,0.0000,APPROACH,0
65.608,0.0340,0.1000,APPROACH,0
65.642,0.0343,0.0000,APPROACH,0
65.676,0.0339,0.0000,APPROACH,0
65.710,0.0335,0.1000,APPROACH,0
65.744,0.0343,0.0000,APPROACH,0
65.778,0.0338,0.1000,APPROACH,0
65.812,0.0340,0.0000,APPROACH,0
65.846,0.0342,0.0000,APPROACH,0
65.880,0.0337,0.1000,APPROACH,0
65.914,0.0341,0.0000,APPROACH,0
65.948,0.0345,0.0000,APPROACH,0
65.982,0.0335,0.1000,APPROACH,0
66.016,0.0342,0.0000,APPROACH,0
66.050,0.0341,0.0000,APPROACH,0
66.084,0.0339,0.1000,APPROACH,0
66.118,0.0340,0.0000,APPROACH,0
66.152,0.0341,0.0000,APPROACH,0
66.186,0.0340,0.1000,APPROACH,0
66.220,0.0342,0.0000,APPROACH,0
66.254,0.0339,0.0000,APPROACH,0
66.288,0.0341,0.1000,APPROACH,0
66.322,0.0339,0.0000,APPROACH,0
66.356,0.0341,0.0000,APPROACH,0
66.390,0.0341,0.1000,APPROACH,0
66.425,0.0341,0.0000,APPROACH,0
66.459,0.0339,0.0000,APPROACH,0
66.493,0.0341,0.1000,APPROACH,0
66.527,0.0340,0.0000,APPROACH,0
66.561,0.0342,0.0000,APPROACH,0
66.594,0.0335,0.1000,APPROACH,0
66.628,0.0340,0.0000,APPROACH,0
66.662,0.0342,0.0000,APPROACH,0
66.697,0.0340,0.1000,APPROACH,0
66.731,0.0343,0.0000,APPROACH,0
66.765,0.0338,0.0000,APPROACH,0
66.799,0.0343,0.1000,APPROACH,0
66.833,0.0338,0.0000,APPROACH,0
66.867,0.0343,0.0000,APPROACH,0
66.901,0.0337,0.1000,APPROACH,0
66.934,0.0338,0.0000,APPROACH,0
66.969,0.0346,0.0000,APPROACH,0
67.003,0.0337,0.1000,APPROACH,0
67.037,0.0345,0.0000,APPROACH,0
67.071,0.0335,0.0000,APPROACH,0
67.105,0.0344,0.1000,APPROACH,0
67.139,0.0341,0.0000,APPROACH,0
67.173,0.0338,0.0000,APPROACH,0
67.207,0.0339,0.1000,APPROACH,0
67.241,0.0343,0.0000,APPROACH,0
67.275,0.0339,0.0000,APPROACH,0
67.309,0.0336,0.1000,APPROACH,0
67.343,0.0346,0.0000,APPROACH,0
67.377,0.0336,0.0000,APPROACH,0
67.411,0.0340,0.1000,APPROACH,0
67.445,0.0339,0.0000,APPROACH,0
67.479,0.0339,0.1000,APPROACH,0
67.513,0.0340,0.0000,APPROACH,0
67.547,0.0345,0.0000,APPROACH,0
67.581,0.0334,0.1000,APPROACH,0
67.615,0.0341,0.0000,APPROACH,0
67.649,0.0342,0.0000,APPROACH,0
67.683,0.0338,0.1000,APPROACH,0
67.717,0.0342,0.0000,APPROACH,0
67.751,0.0339,0.0000,APPROACH,0
67.785,0.0340,0.1000,APPROACH,0
67.819,0.0342,0.0000,APPROACH,0
67.854,0.0344,0.0000,APPROACH,0
67.887,0.0335,0.1000,APPROACH,0
67.921,0.0340,0.0000,APPROACH,0
67.955,0.0339,0.0000,APPROACH,0
67.989,0.0342,0.1000,APPROACH,0
68.023,0.0339,0.0000,APPROACH,0
68.057,0.0340,0.0000,APPROACH,0
68.091,0.0340,0.1000,APPROACH,0
68.125,0.0340,0.0000,APPROACH,0
68.159,0.0342,0.0000,APPROACH,0
68.193,0.0339,0.1000,APPROACH,0
68.227,0.0340,0.0000,APPROACH,0
68.261,0.0342,0.0000,APPROACH,0
68.295,0.0337,0.1000,APPROACH,0
68.329,0.0343,0.0000,APPROACH,0
68.364,0.0349,0.0000,APPROACH,0
68.397,0.0330,0.1000,APPROACH,0
68.431,0.0341,0.0000,APPROACH,0
68.465,0.0339,0.0000,APPROACH,0
68.499,0.0341,0.1000,APPROACH,0
68.533,0.0341,0.0000,APPROACH,0
68.568,0.0342,0.0000,APPROACH,0
68.601,0.0337,0.1000,APPROACH,0
68.636,0.0343,0.0000,APPROACH,0
68.669,0.0338,0.0000,APPROACH,0
68.703,0.0339,0.1000,APPROACH,0
68.737,0.0339,0.0000,APPROACH,0
68.771,0.0341,0.0000,APPROACH,0
68.806,0.0349,0.1000,APPROACH,0
68.839,0.0332,0.0000,APPROACH,0
68.874,0.0346,0.0000,APPROACH,0
68.908,0.0340,0.1000,APPROACH,0
68.942,0.0337,0.0000,APPROACH,0
68.976,0.0338,0.0000,APPROACH,0
69.009,0.0339,0.1000,APPROACH,0
69.044,0.0341,0.0000,APPROACH,0
69.077,0.0340,0.0000,APPROACH,0
69.112,0.0340,0.1000,APPROACH,0
69.145,0.0340,0.0000,APPROACH,0
69.180,0.0341,0.1000,APPROACH,0
69.214,0.0339,0.0000,APPROACH,0
69.248,0.0342,0.0000,APPROACH,0
69.282,0.0339,0.1000,APPROACH,0
69.316,0.0342,0.0000,APPROACH,0
69.350,0.0341,0.0000,APPROACH,0
69.384,0.0339,0.1000,APPROACH,0
69.418,0.0339,0.0000,APPROACH,0
69.452,0.0343,0.0000,APPROACH,0
69.486,0.0337,0.1000,APPROACH,0
69.520,0.0341,0.0000,APPROACH,0
69.554,0.0340,0.0000,APPROACH,0
69.588,0.0340,0.1000,APPROACH,0
69.622,0.0339,0.0000,APPROACH,0
69.656,0.0340,0.0000,APPROACH,0
69.690,0.0340,0.1000,APPROACH,0
69.724,0.0342,0.0000,APPROACH,0
69.758,0.0339,0.0000,APPROACH,0
69.792,0.0342,0.1000,APPROACH,0
69.826,0.0342,0.0000,APPROACH,0
69.860,0.0335,0.0000,APPROACH,0
69.894,0.0341,0.1000,APPROACH,0
69.928,0.0340,0.0000,APPROACH,0
69.962,0.0340,0.0000,APPROACH,0
69.997,0.0349,0.1000,APPROACH,0
70.030,0.0336,0.0000,APPROACH,0
70.064,0.0339,0.0000,APPROACH,0
70.098,0.0341,0.1000,APPROACH,0
70.133,0.0344,0.0000,APPROACH,0
70.167,0.0339,0.0000,APPROACH,0
70.200,0.0338,0.1000,APPROACH,0
70.236,0.0351,0.0000,APPROACH,0
70.269,0.0332,0.0000,APPROACH,0
70.303,0.0341,0.1000,APPROACH,0
70.337,0.0338,0.0000,APPROACH,0
70.371,0.0346,0.0000,APPROACH,0
70.405,0.0336,0.1000,APPROACH,0
70.439,0.0341,0.0000,APPROACH,0
70.473,0.0341,0.0000,APPROACH,0
70.508,0.0346,0.1000,APPROACH,0
70.541,0.0338,0.0000,APPROACH,0
70.575,0.0335,0.0000,APPROACH,0
70.609,0.0338,0.1000,APPROACH,0
70.643,0.0341,0.0000,APPROACH,0
70.677,0.0339,0.0000,APPROACH,0
70.711,0.0341,0.1000,APPROACH,0
70.745,0.0340,0.0000,APPROACH,0
70.779,0.0342,0.0000,APPROACH,0
70.813,0.0340,0.1000,APPROACH,0
70.847,0.0339,0.0000,APPROACH,0
70.881,0.0339,0.1000,APPROACH,0
70.915,0.0342,0.0000,APPROACH,0
70.949,0.0342,0.0000,APPROACH,0
70.983,0.0338,0.1000,APPROACH,0
71.017,0.0342,0.0000,APPROACH,0
71.051,0.0341,0.0000,APPROACH,0
71.085,0.0339,0.1000,APPROACH,0
71.119,0.0341,0.0000,APPROACH,0
71.153,0.0342,0.0000,APPROACH,0
71.187,0.0338,0.1000,APPROACH,0
71.221,0.0341,0.0000,APPROACH,0
71.256,0.0344,0.0000,APPROACH,0
71.289,0.0338,0.1000,APPROACH,0
71.323,0.0341,0.0000,APPROACH,0
71.357,0.0337,0.0000,APPROACH,0
71.391,0.0339,0.1000,APPROACH,0
71.425,0.0341,0.0000,APPROACH,0
71.459,0.0343,0.0000,APPROACH,0
71.493,0.0338,0.1000,APPROACH,0
71.527,0.0339,0.0000,APPROACH,0
71.561,0.0340,0.0000,APPROACH,0
71.596,0.0348,0.1000,APPROACH,0
71.629,0.0331,0.0000,APPROACH,0
71.663,0.0342,0.0000,APPROACH,0
71.697,0.0338,0.1000,APPROACH,0
71.731,0.0345,0.0000,APPROACH,0
71.765,0.0338,0.0000,APPROACH,0
71.799,0.0339,0.1000,APPROACH,0
71.833,0.0339,0.0000,APPROACH,0
71.868,0.0344,0.0000,APPROACH,0
71.901,0.0340,0.1000,APPROACH,0
71.935,0.0340,0.0000,APPROACH,0
71.970,0.0341,0.0000,APPROACH,0
72.004,0.0340,0.1000,APPROACH,0
72.037,0.0338,0.0000,APPROACH,0
72.072,0.0345,0.0000,APPROACH,0
72.106,0.0337,0.1000,APPROACH,0
72.139,0.0339,0.0000,APPROACH,0
72.174,0.0340,0.0000,APPROACH,0
72.207,0.0339,0.1000,APPROACH,0
72.242,0.0347,0.0000,APPROACH,0
72.276,0.0335,0.0000,APPROACH,0
72.309,0.0337,0.1000,APPROACH,0
72.344,0.0342,0.0000,APPROACH,0
72.378,0.0343,0.0000,APPROACH,0
72.412,0.0340,0.1000,APPROACH,0
72.446,0.0340,0.0000,APPROACH,0
72.480,0.0339,0.0000,APPROACH,0
72.514,0.0339,0.1000,APPROACH,0
72.548,0.0340,0.0000,APPROACH,0
72.582,0.0339,0.1000,APPROACH,0
72.616,0.0344,0.0000,APPROACH,0
72.650,0.0341,0.0000,APPROACH,0
72.684,0.0339,0.1000,APPROACH,0
72.718,0.0338,0.0000,PATROL,0
72.752,0.0343,0.0000,PATROL,0
72.786,0.0337,0.1000,PATROL,0
72.820,0.0341,0.0000,PATROL,0
72.854,0.0340,0.0000,PATROL,0
72.888,0.0340,0.1000,PATROL,0
72.922,0.0343,0.0000,PATROL,0
72.956,0.0340,0.0000,PATROL,0
72.990,0.0337,0.1000,PATROL,0
73.024,0.0342,0.0000,PATROL,0
73.058,0.0343,0.0000,PATROL,0
73.092,0.0339,0.1000,PATROL,0
73.126,0.0339,0.0000,PATROL,0
73.160,0.0338,0.0000,PATROL,0
73.194,0.0341,0.1000,PATROL,0
73.228,0.0340,0.0000,PATROL,0
73.262,0.0339,0.0000,PATROL,0
73.296,0.0340,0.1000,PATROL,0
73.330,0.0343,0.0000,PATROL,0
73.364,0.0339,0.0000,PATROL,0
73.398,0.0337,0.1000,PATROL,0
73.432,0.0343,0.0000,PATROL,0
73.467,0.0343,0.0000,PATROL,0
73.500,0.0335,0.1000,PATROL,0
73.535,0.0347,0.0000,PATROL,0
73.568,0.0334,0.0000,PATROL,0
73.602,0.0338,0.1000,PATROL,0
73.636,0.0343,0.0000,PATROL,0
73.670,0.0342,0.0000,PATROL,0
73.704,0.0336,0.1000,PATROL,0
73.738,0.0340,0.0000,PATROL,0
73.773,0.0351,0.0000,PATROL,0
73.807,0.0335,0.1000,PATROL,0
73.840,0.0335,0.0000,PATROL,0
73.874,0.0340,0.0000,PATROL,0
73.908,0.0339,0.1000,PATROL,0
73.942,0.0343,0.0000,PATROL,0
73.977,0.0343,0.0000,PATROL,0
74.010,0.0335,0.1000,PATROL,0
74.046,0.0353,0.0000,PATROL,0
74.078,0.0329,0.0000,PATROL,0
74.112,0.0339,0.1000,PATROL,0
74.146,0.0339,0.0000,PATROL,0
74.181,0.0342,0.0000,PATROL,0
74.215,0.0340,0.1000,PATROL,0
74.249,0.0341,0.0000,PATROL,0
74.283,0.0339,0.1000,PATROL,0
74.317,0.0349,0.0000,PATROL,0
74.351,0.0332,0.0000,PATROL,0
74.385,0.0341,0.1000,PATROL,0
74.418,0.0338,0.0000,PATROL,0
74.453,0.0344,0.0000,PATROL,0
74.487,0.0337,0.1000,PATROL,0
74.521,0.0342,0.0000,PATROL,0
74.555,0.0339,0.0000,PATROL,0
74.589,0.0339,0.1000,PATROL,0
74.623,0.0341,0.0000,PATROL,0
74.657,0.0342,0.0000,PATROL,0
74.691,0.0338,0.1000,PATROL,0
74.725,0.0339,0.0000,PATROL,0
74.759,0.0340,0.0000,PATROL,0
74.793,0.0343,0.1000,PATROL,0
74.827,0.0339,0.0000,PATROL,0
74.861,0.0339,0.0000,PATROL,0
74.895,0.0340,0.1000,PATROL,0
74.929,0.0341,0.0000,PATROL,0
74.963,0.0340,0.0000,PATROL,0
74.997,0.0340,0.1000,PATROL,0
75.031,0.0344,0.0000,PATROL,0
75.065,0.0334,0.0000,PATROL,0
75.099,0.0340,0.1000,PATROL,0
75.133,0.0340,0.0000,PATROL,0
75.167,0.0340,0.0000,PATROL,0
75.201,0.0339,0.1000,PATROL,0
75.235,0.0342,0.0000,PATROL,0
75.269,0.0339,0.0000,PATROL,0
75.303,0.0342,0.1000,PATROL,0
75.337,0.0340,0.0000,PATROL,0
75.372,0.0352,0.0000,PATROL,0
75.405,0.0329,0.1000,PATROL,0
75.439,0.0339,0.0000,PATROL,0
75.473,0.0345,0.0000,PATROL,0
75.507,0.0339,0.1000,PATROL,0
75.541,0.0336,0.0000,PATROL,0
75.575,0.0342,0.0000,PATROL,0
75.609,0.0339,0.1000,PATROL,0
75.643,0.0343,0.0000,PATROL,0
75.677,0.0339,0.0000,PATROL,0
75.711,0.0341,0.1000,PATROL,0
75.745,0.0339,0.0000,PATROL,0
75.779,0.0340,0.0000,PATROL,0
75.813,0.0339,0.1000,PATROL,0
75.848,0.0347,0.0000,PATROL,0
75.881,0.0334,0.0000,PATROL,0
75.915,0.0340,0.1000,PATROL,0
75.949,0.0339,0.0000,PATROL,0
75.983,0.0338,0.1000,PATROL,0
76.018,0.0345,0.0000,PATROL,0
76.051,0.0340,0.0000,PATROL,0
76.085,0.0339,0.1000,PATROL,0
76.119,0.0339,0.0000,PATROL,0
76.154,0.0346,0.0000,PATROL,0
76.188,0.0337,0.1000,PATROL,0
76.221,0.0339,0.0000,PATROL,0
76.256,0.0342,0.0000,PATROL,0
76.289,0.0338,0.1000,PATROL,0
76.324,0.0344,0.0000,PATROL,0
76.358,0.0338,0.0000,PATROL,0
76.391,0.0339,0.1000,PATROL,0
76.426,0.0344,0.0000,PATROL,0
76.460,0.0337,0.0000,PATROL,0
76.494,0.0341,0.1000,PATROL,0
76.528,0.0339,0.0000,PATROL,0
76.562,0.0341,0.0000,PATROL,0
76.596,0.0339,0.1000,PATROL,0
76.630,0.0342,0.0000,PATROL,0
76.664,0.0340,0.0000,PATROL,0
76.698,0.0343,0.1000,PATROL,0
76.733,0.0347,0.0000,PATROL,0
76.766,0.0333,0.0000,PATROL,0
76.800,0.0337,0.1000,PATROL,0
76.834,0.0340,0.0000,PATROL,0
76.868,0.0340,0.0000,PATROL,0
76.902,0.0343,0.1000,PATROL,0
76.936,0.0337,0.0000,PATROL,0
76.970,0.0339,0.0000,PATROL,0
77.004,0.0341,0.1000,PATROL,0
77.038,0.0340,0.0000,PATROL,0
77.072,0.0343,0.0000,PATROL,0
77.106,0.0342,0.1000,PATROL,0
77.140,0.0335,0.0000,PATROL,0
77.174,0.0344,0.0000,PATROL,0
77.208,0.0336,0.1000,PATROL,0
77.242,0.0339,0.0000,PATROL,0
77.277,0.0352,0.0000,PATROL,0
77.310,0.0330,0.1000,PATROL,0
77.344,0.0342,0.0000,PATROL,0
77.378,0.0340,0.0000,PATROL,0
77.412,0.0339,0.1000,PATROL,0
77.446,0.0343,0.0000,PATROL,0
77.480,0.0337,0.0000,PATROL,0
77.515,0.0346,0.1000,PATROL,0
77.548,0.0339,0.0000,PATROL,0
77.582,0.0337,0.0000,PATROL,0
77.616,0.0343,0.1000,PATROL,0
77.650,0.0337,0.0000,PATROL,0
77.684,0.0338,0.1000,PATROL,0
77.719,0.0347,0.0000,PATROL,0
77.752,0.0335,0.0000,PATROL,0
77.786,0.0340,0.1000,PATROL,0
77.820,0.0342,0.0000,PATROL,0
77.855,0.0342,0.0000,PATROL,0
77.888,0.0338,0.1000,PATROL,0
77.922,0.0339,0.0000,PATROL,0
77.956,0.0342,0.0000,PATROL,0
77.990,0.0338,0.1000,PATROL,0
78.024,0.0339,0.0000,PATROL,0
78.058,0.0344,0.0000,PATROL,0
78.093,0.0341,0.1000,PATROL,0
78.127,0.0342,0.0000,PATROL,0
78.160,0.0336,0.0000,PATROL,0
78.194,0.0340,0.1000,PATROL,0
78.229,0.0343,0.0000,PATROL,0
78.263,0.0339,0.0000,PATROL,0
78.296,0.0338,0.1000,PATROL,0
78.330,0.0340,0.0000,PATROL,0
78.365,0.0346,0.0000,PATROL,0
78.399,0.0339,0.1000,PATROL,0
78.433,0.0338,0.0000,PATROL,0
78.467,0.0342,0.0000,PATROL,0
78.501,0.0340,0.1000,PATROL,0
78.535,0.0338,0.0000,PATROL,0
78.569,0.0343,0.0000,PATROL,0
78.603,0.0340,0.1000,PATROL,0
78.637,0.0337,0.0000,PATROL,0
78.671,0.0341,0.0000,PATROL,0
78.705,0.0340,0.1000,PATROL,0
78.739,0.0343,0.0000,PATROL,0
78.773,0.0336,0.0000,PATROL,0
78.807,0.0343,0.1000,PATROL,0
78.841,0.0340,0.0000,PATROL,0
78.875,0.0344,0.0000,PATROL,0
78.909,0.0339,0.1000,PATROL,0
78.943,0.0338,0.0000,PATROL,0
78.977,0.0338,0.0000,PATROL,0
79.011,0.0340,0.1000,PATROL,0
79.045,0.0340,0.0000,PATROL,0
79.079,0.0345,0.0000,PATROL,0
79.113,0.0338,0.1000,PATROL,0
79.147,0.0340,0.0000,PATROL,0
79.181,0.0340,0.0000,PATROL,0
79.215,0.0339,0.1000,PATROL,0
79.249,0.0342,0.0000,PATROL,0
79.283,0.0337,0.0000,PATROL,0
79.317,0.0343,0.1000,PATROL,0
79.351,0.0339,0.0000,PATROL,0
79.385,0.0339,0.1000,PATROL,0
79.419,0.0342,0.0000,PATROL,0
79.453,0.0341,0.0000,PATROL,0
79.487,0.0338,0.1000,PATROL,0
79.521,0.0338,0.0000,PATROL,0
79.555,0.0342,0.0000,PATROL,0
79.589,0.0341,0.1000,PATROL,0
79.623,0.0340,0.0000,PATROL,0
79.657,0.0341,0.0000,PATROL,0
79.691,0.0340,0.1000,PATROL,0
79.725,0.0341,0.0000,PATROL,0
79.759,0.0339,0.0000,PATROL,0
79.793,0.0340,0.1000,PATROL,0
79.827,0.0340,0.0000,PATROL,0
79.861,0.0339,0.0000,PATROL,0
79.895,0.0342,0.1000,PATROL,0
79.929,0.0339,0.0000,PATROL,0
79.963,0.0340,0.0000,PATROL,0
79.997,0.0340,0.1000,PATROL,0
80.031,0.0341,0.0000,PATROL,0
80.065,0.0342,0.0000,PATROL,0
80.100,0.0342,0.1000,PATROL,0
80.134,0.0340,0.0000,PATROL,0
80.167,0.0337,0.0000,PATROL,0
80.202,0.0342,0.1000,PATROL,0
80.235,0.0339,0.0000,PATROL,0
80.270,0.0347,0.0000,PATROL,0
80.303,0.0331,0.1000,PATROL,0
80.337,0.0341,0.0000,PATROL,0
80.372,0.0343,0.0000,PATROL,0
80.405,0.0336,0.1000,PATROL,0
80.440,0.0342,0.0000,PATROL,0
80.474,0.0341,0.0000,PATROL,0
80.507,0.0338,0.1000,PATROL,0
80.541,0.0340,0.0000,PATROL,0
80.576,0.0343,0.0000,PATROL,0
80.609,0.0335,0.1000,PATROL,0
80.644,0.0343,0.0000,PATROL,0
80.678,0.0343,0.0000,PATROL,0
80.712,0.0338,0.1000,PATROL,0
80.746,0.0341,0.0000,PATROL,0
80.780,0.0345,0.0000,PATROL,0
80.814,0.0333,0.1000,PATROL,0
80.848,0.0341,0.0000,PATROL,0
80.882,0.0341,0.0000,PATROL,0
80.916,0.0343,0.1000,PATROL,0
80.950,0.0337,0.0000,PATROL,0
80.984,0.0338,0.0000,PATROL,0
81.018,0.0340,0.1000,PATROL,0
81.052,0.0342,0.0000,PATROL,0
81.086,0.0337,0.1000,PATROL,0
81.120,0.0343,0.0000,PATROL,0
81.154,0.0338,0.0000,PATROL,0
81.188,0.0338,0.1000,PATROL,0
81.222,0.0343,0.0000,PATROL,0
81.256,0.0339,0.0000,PATROL,0
81.290,0.0340,0.1000,PATROL,0
81.324,0.0342,0.0000,PATROL,0
81.358,0.0339,0.0000,PATROL,0
81.392,0.0340,0.1000,PATROL,0
81.426,0.0339,0.0000,PATROL,0
81.460,0.0341,0.0000,PATROL,0
81.494,0.0341,0.1000,PATROL,0
81.528,0.0340,0.0000,PATROL,0
81.562,0.0337,0.0000,PATROL,0
81.596,0.0342,0.1000,PATROL,0
81.630,0.0337,0.0000,PATROL,0
81.664,0.0343,0.0000,PATROL,0
81.698,0.0339,0.1000,PATROL,0
81.732,0.0343,0.0000,PATROL,0
81.766,0.0339,0.0000,PATROL,0
81.800,0.0338,0.1000,PATROL,0
81.834,0.0341,0.0000,PATROL,0
81.868,0.0342,0.0000,PATROL,0
81.902,0.0335,0.1000,PATROL,0
81.936,0.0347,0.0000,PATROL,0
81.970,0.0342,0.0000,PATROL,0
82.004,0.0338,0.1000,PATROL,0
82.038,0.0342,0.0000,PATROL,0
82.072,0.0339,0.0000,PATROL,0
82.106,0.0341,0.1000,PATROL,0
82.140,0.0340,0.0000,PATROL,0
82.175,0.0342,0.0000,PATROL,0
82.208,0.0335,0.1000,PATROL,0
82.243,0.0344,0.0000,PATROL,0
82.277,0.0342,0.0000,PATROL,0
82.311,0.0338,0.1000,PATROL,0
82.345,0.0341,0.0000,PATROL,0
82.379,0.0346,0.0000,PATROL,0
82.413,0.0335,0.1000,PATROL,0
82.447,0.0342,0.0000,PATROL,0
82.481,0.0335,0.0000,PATROL,0
82.514,0.0339,0.1000,PATROL,0
82.548,0.0340,0.0000,PATROL,0
82.583,0.0344,0.0000,PATROL,0
82.617,0.0338,0.1000,PATROL,0
82.651,0.0343,0.0000,PATROL,0
82.685,0.0337,0.0000,PATROL,0
82.719,0.0341,0.1000,PATROL,0
82.753,0.0339,0.0000,PATROL,0
82.787,0.0339,0.1000,PATROL,0
82.821,0.0343,0.0000,PATROL,0
82.855,0.0339,0.0000,PATROL,0
82.889,0.0346,0.1000,PATROL,0
82.923,0.0335,0.0000,PATROL,0
82.957,0.0342,0.0000,PATROL,0
82.991,0.0338,0.1000,PATROL,0
83.025,0.0340,0.0000,PATROL,0
83.059,0.0341,0.0000,PATROL,0
83.093,0.0338,0.1000,PATROL,0
83.127,0.0341,0.0000,PATROL,0
83.161,0.0343,0.0000,PATROL,0
83.195,0.0336,0.1000,PATROL,0
83.229,0.0343,0.0000,PATROL,0
83.263,0.0339,0.0000,PATROL,0
83.297,0.0339,0.1000,PATROL,0
83.331,0.0342,0.0000,PATROL,0
83.365,0.0339,0.0000,PATROL,0
83.399,0.0344,0.1000,PATROL,0
83.433,0.0337,0.0000,PATROL,0
83.467,0.0340,0.0000,PATROL,0
83.501,0.0340,0.1000,PATROL,0
83.535,0.0339,0.0000,PATROL,0
83.569,0.0342,0.0000,PATROL,0
83.603,0.0337,0.1000,PATROL,0
83.637,0.0346,0.0000,PATROL,0
83.671,0.0338,0.0000,PATROL,0
83.705,0.0341,0.1000,PATROL,0
83.739,0.0340,0.0000,PATROL,0
83.773,0.0341,0.0000,PATROL,0
83.808,0.0344,0.1000,PATROL,0
83.841,0.0339,0.0000,PATROL,0
83.876,0.0342,0.0000,PATROL,0
83.909,0.0335,0.1000,PATROL,0
83.943,0.0341,0.0000,PATROL,0
83.978,0.0345,0.0000,PATROL,0
84.012,0.0339,0.1000,PATROL,0
84.045,0.0337,0.0000,PATROL,0
84.080,0.0342,0.0000,PATROL,0
84.114,0.0341,0.1000,PATROL,0
84.147,0.0338,0.0000,PATROL,0
84.182,0.0344,0.0000,PATROL,0
84.215,0.0335,0.1000,PATROL,0
84.249,0.0340,0.0000,PATROL,0
84.284,0.0341,0.0000,PATROL,0
84.318,0.0339,0.1000,PATROL,0
84.352,0.0342,0.0000,PATROL,0
84.386,0.0338,0.0000,PATROL,0
84.420,0.0341,0.1000,PATROL,0
84.454,0.0340,0.0000,PATROL,0
84.487,0.0338,0.1000,PATROL,0
84.522,0.0347,0.0000,PATROL,0
84.556,0.0338,0.0000,PATROL,0
84.590,0.0336,0.1000,PATROL,0
84.624,0.0343,0.0000,PATROL,0
84.658,0.0344,0.0000,PATROL,0
84.692,0.0336,0.1000,PATROL,0
84.726,0.0342,0.0000,PATROL,0
84.760,0.0340,0.0000,PATROL,0
84.794,0.0339,0.1000,PATROL,0
84.828,0.0342,0.0000,PATROL,0
84.862,0.0342,0.0000,PATROL,0
84.896,0.0337,0.1000,PATROL,0
84.930,0.0344,0.0000,PATROL,0
84.964,0.0339,0.0000,PATROL,0
84.998,0.0337,0.1000,PATROL,0
85.032,0.0341,0.0000,PATROL,0
85.067,0.0345,0.0000,PATROL,0
85.100,0.0336,0.1000,PATROL,0
85.134,0.0339,0.0000,PATROL,0
85.168,0.0339,0.0000,PATROL,0
85.202,0.0341,0.1000,PATROL,0
85.236,0.0344,0.0000,PATROL,0
85.270,0.0338,0.0000,PATROL,0
85.304,0.0338,0.1000,PATROL,0
85.338,0.0342,0.0000,PATROL,0
85.372,0.0342,0.0000,PATROL,0
85.407,0.0341,0.1000,PATROL,0
85.440,0.0337,0.0000,PATROL,0
85.475,0.0344,0.0000,PATROL,0
85.508,0.0334,0.1000,PATROL,0
85.543,0.0346,0.0000,PATROL,0
85.577,0.0340,0.0000,PATROL,0
85.610,0.0337,0.1000,PATROL,0
85.644,0.0341,0.0000,PATROL,0
85.679,0.0341,0.0000,PATROL,0
85.712,0.0337,0.1000,PATROL,0
85.746,0.0342,0.0000,PATROL,0
85.780,0.0340,0.0000,PATROL,0
85.814,0.0338,0.1000,PATROL,0
85.849,0.0345,0.0000,PATROL,0
85.883,0.0344,0.0000,PATROL,0
85.916,0.0331,0.1000,PATROL,0
85.950,0.0341,0.0000,PATROL,0
85.984,0.0338,0.0000,PATROL,0
86.019,0.0345,0.1000,PATROL,0
86.052,0.0336,0.0000,PATROL,0
86.086,0.0340,0.0000,PATROL,0
86.121,0.0342,0.1000,PATROL,0
86.155,0.0342,0.0000,PATROL,0
86.188,0.0337,0.1000,PATROL,0
86.223,0.0343,0.0000,PATROL,0
86.256,0.0337,0.0000,PATROL,0
86.291,0.0341,0.1000,PATROL,0
86.325,0.0342,0.0000,PATROL,0
86.359,0.0338,0.0000,PATROL,0
86.393,0.0340,0.1000,PATROL,0
86.427,0.0341,0.0000,PATROL,0
86.461,0.0341,0.0000,PATROL,0
86.495,0.0339,0.1000,PATROL,0
86.529,0.0339,0.0000,PATROL,0
86.563,0.0343,0.0000,PATROL,0
86.597,0.0340,0.1000,PATROL,0
86.631,0.0339,0.0000,PATROL,0
86.665,0.0341,0.0000,PATROL,0
86.699,0.0339,0.1000,PATROL,0
86.733,0.0347,0.0000,PATROL,0
86.767,0.0335,0.0000,PATROL,0
86.801,0.0339,0.1000,PATROL,0
86.835,0.0342,0.0000,PATROL,0
86.869,0.0339,0.0000,PATROL,0
86.904,0.0345,0.1000,PATROL,0
86.937,0.0335,0.0000,PATROL,0
86.972,0.0348,0.0000,PATROL,0
87.005,0.0331,0.1000,PATROL,0
87.039,0.0343,0.0000,PATROL,0
87.073,0.0341,0.0000,PATROL,0
87.107,0.0340,0.1000,PATROL,0
87.142,0.0345,0.0000,PATROL,0
87.176,0.0338,0.0000,PATROL,0
87.209,0.0333,0.1000,PATROL,0
87.243,0.0344,0.0000,PATROL,0
87.277,0.0338,0.0000,PATROL,0
87.311,0.0341,0.1000,PATROL,0
87.345,0.0340,0.0000,PATROL,0
87.379,0.0340,0.0000,PATROL,0
87.413,0.0341,0.1000,PATROL,0
87.447,0.0341,0.0000,PATROL,0
87.481,0.0340,0.0000,PATROL,0
87.515,0.0339,0.1000,PATROL,0
87.550,0.0344,0.0000,PATROL,0
87.583,0.0337,0.0000,PATROL,0
87.617,0.0337,0.1000,PATROL,0
87.651,0.0340,0.0000,PATROL,0
87.685,0.0343,0.0000,PATROL,0
87.719,0.0341,0.1000,PATROL,0
87.753,0.0340,0.0000,PATROL,0
87.788,0.0342,0.0000,PATROL,0
87.822,0.0342,0.1000,PATROL,0
87.855,0.0334,0.0000,PATROL,0
87.889,0.0338,0.1000,PATROL,0
87.923,0.0342,0.0000,PATROL,0
87.957,0.0340,0.0000,PATROL,0
87.991,0.0339,0.1000,PATROL,0
88.025,0.0341,0.0000,PATROL,0
88.061,0.0354,0.0000,PATROL,0
88.093,0.0329,0.1000,PATROL,0
88.128,0.0342,0.0000,PATROL,0
88.162,0.0341,0.0000,PATROL,0
88.195,0.0337,0.1000,PATROL,0
88.230,0.0343,0.0000,PATROL,0
88.264,0.0340,0.0000,PATROL,0
88.298,0.0341,0.1000,PATROL,0
88.333,0.0346,0.0000,PATROL,0
88.366,0.0336,0.0000,PATROL,0
88.400,0.0341,0.1000,PATROL,0
88.434,0.0336,0.0000,PATROL,0
88.468,0.0343,0.0000,PATROL,0
88.502,0.0337,0.1000,PATROL,0
88.536,0.0340,0.0000,PATROL,0
88.570,0.0345,0.0000,PATROL,0
88.604,0.0336,0.1000,PATROL,0
88.638,0.0341,0.0000,PATROL,0
88.672,0.0339,0.0000,PATROL,0
88.706,0.0340,0.1000,PATROL,0
88.740,0.0344,0.0000,PATROL,0
88.774,0.0339,0.0000,PATROL,0
88.808,0.0338,0.1000,PATROL,0
88.842,0.0340,0.0000,PATROL,0
88.877,0.0354,0.0000,PATROL,0
88.910,0.0324,0.1000,PATROL,0
88.944,0.0345,0.0000,PATROL,0
88.978,0.0338,0.0000,PATROL,0
89.012,0.0341,0.1000,PATROL,0
89.046,0.0338,0.0000,PATROL,0
89.080,0.0342,0.0000,PATROL,0
89.114,0.0341,0.1000,PATROL,0
89.148,0.0339,0.0000,PATROL,0
89.182,0.0345,0.0000,PATROL,0
89.216,0.0338,0.1000,PATROL,0
89.251,0.0343,0.0000,PATROL,0
90.035,0.7846,0.8000,PATROL,1
90.035,0.0003,0.0000,PATROL,0
90.036,0.0003,0.0000,PATROL,0
90.036,0.0003,0.0000,PATROL,0
90.036,0.0002,0.0000,PATROL,0
90.036,0.0002,0.0000,PATROL,0
90.037,0.0002,0.0000,PATROL,0
90.037,0.0001,0.0000,PATROL,0
90.037,0.0001,0.0000,PATROL,0
90.037,0.0001,0.0000,PATROL,0
90.066,0.0293,0.0000,PATROL,0
90.100,0.0341,0.1000,PATROL,0
90.135,0.0343,0.0000,PATROL,0
90.169,0.0341,0.0000,PATROL,0
90.203,0.0339,0.1000,PATROL,0
90.237,0.0339,0.0000,PATROL,0
90.271,0.0340,0.0000,PATROL,0
90.305,0.0339,0.1000,PATROL,0
90.339,0.0341,0.0000,PATROL,0
90.373,0.0342,0.0000,PATROL,0
90.406,0.0336,0.1000,PATROL,0
90.441,0.0343,0.0000,PATROL,0
90.475,0.0341,0.0000,PATROL,0
90.509,0.0336,0.1000,PATROL,0
90.543,0.0345,0.0000,PATROL,0
90.577,0.0340,0.0000,PATROL,0
90.611,0.0337,0.1000,PATROL,0
90.645,0.0340,0.0000,PATROL,0
90.679,0.0341,0.0000,PATROL,0
90.713,0.0340,0.1000,PATROL,0
90.747,0.0339,0.0000,PATROL,0
90.781,0.0345,0.0000,PATROL,0
90.815,0.0338,0.1000,PATROL,0
90.849,0.0340,0.0000,PATROL,0
90.884,0.0344,0.0000,PATROL,0
90.917,0.0338,0.1000,PATROL,0
90.951,0.0337,0.0000,PATROL,0
90.985,0.0340,0.0000,PATROL,0
91.019,0.0341,0.1000,PATROL,0
91.053,0.0340,0.0000,PATROL,0
91.087,0.0338,0.0000,PATROL,0
91.121,0.0340,0.1000,PATROL,0
91.155,0.0340,0.0000,PATROL,0
91.189,0.0338,0.0000,PATROL,0
91.223,0.0341,0.1000,PATROL,0
91.257,0.0339,0.0000,PATROL,0
91.291,0.0342,0.1000,PATROL,0
91.325,0.0341,0.0000,PATROL,0
91.359,0.0342,0.0000,PATROL,0
91.393,0.0336,0.1000,PATROL,0
91.427,0.0342,0.0000,PATROL,0
91.461,0.0342,0.0000,PATROL,0
91.495,0.0338,0.1000,PATROL,0
91.529,0.0343,0.0000,PATROL,0
91.564,0.0347,0.0000,PATROL,0
91.597,0.0330,0.1000,PATROL,0
91.631,0.0342,0.0000,PATROL,0
91.665,0.0342,0.0000,PATROL,0
91.699,0.0341,0.1000,PATROL,0
91.733,0.0339,0.0000,PATROL,0
91.767,0.0337,0.0000,PATROL,0
91.801,0.0341,0.1000,PATROL,0
91.835,0.0343,0.0000,PATROL,0
91.869,0.0340,0.0000,PATROL,0
91.904,0.0342,0.1000,PATROL,0
91.937,0.0338,0.0000,PATROL,0
91.972,0.0341,0.0000,PATROL,0
92.005,0.0338,0.1000,PATROL,0
92.039,0.0338,0.0000,PATROL,0
92.073,0.0342,0.0000,PATROL,0
92.107,0.0340,0.1000,PATROL,0
92.142,0.0343,0.0000,PATROL,0
92.176,0.0340,0.0000,PATROL,0
92.209,0.0335,0.1000,PATROL,0
92.244,0.0349,0.0000,PATROL,0
92.278,0.0335,0.0000,PATROL,0
92.311,0.0338,0.1000,PATROL,0
92.346,0.0341,0.0000,PATROL,0
92.381,0.0353,0.0000,PATROL,0
92.414,0.0327,0.1000,PATROL,0
92.447,0.0339,0.0000,PATROL,0
92.482,0.0341,0.0000,PATROL,0
92.516,0.0341,0.1000,PATROL,0
92.550,0.0342,0.0000,PATROL,0
92.584,0.0340,0.0000,PATROL,0
92.618,0.0339,0.1000,PATROL,0
92.652,0.0343,0.0000,PATROL,0
92.686,0.0336,0.0000,PATROL,0
92.720,0.0345,0.1000,PATROL,0
92.754,0.0340,0.0000,PATROL,0
92.788,0.0336,0.0000,PATROL,0
92.822,0.0340,0.1000,PATROL,0
92.856,0.0345,0.0000,PATROL,0
92.890,0.0334,0.0000,PATROL,0
92.924,0.0341,0.1000,PATROL,0
92.958,0.0342,0.0000,PATROL,0
92.992,0.0336,0.1000,PATROL,0
93.026,0.0341,0.0000,PATROL,0
93.060,0.0343,0.0000,PATROL,0
93.094,0.0339,0.1000,PATROL,0
93.128,0.0342,0.0000,PATROL,0
93.162,0.0339,0.0000,PATROL,0
93.196,0.0340,0.1000,PATROL,0
93.230,0.0341,0.0000,PATROL,0
93.264,0.0342,0.0000,PATROL,0
93.298,0.0337,0.1000,PATROL,0
93.332,0.0341,0.0000,PATROL,0
93.367,0.0346,0.0000,PATROL,0
93.400,0.0334,0.1000,PATROL,0
93.434,0.0339,0.0000,PATROL,0
93.468,0.0339,0.0000,PATROL,0
93.502,0.0342,0.1000,PATROL,0
93.536,0.0341,0.0000,PATROL,0
93.570,0.0339,0.0000,PATROL,0
93.604,0.0342,0.1000,PATROL,0
93.638,0.0338,0.0000,PATROL,0
93.672,0.0340,0.0000,PATROL,0
93.707,0.0347,0.1000,PATROL,0
93.740,0.0335,0.0000,PATROL,0
93.774,0.0338,0.0000,PATROL,0
93.808,0.0341,0.1000,PATROL,0
93.843,0.0342,0.0000,PATROL,0
93.876,0.0337,0.0000,PATROL,0
93.910,0.0338,0.1000,PATROL,0
93.944,0.0342,0.0000,PATROL,0
93.979,0.0344,0.0000,PATROL,0
94.012,0.0335,0.1000,PATROL,0
94.047,0.0344,0.0000,PATROL,0
94.080,0.0338,0.0000,PATROL,0
94.114,0.0339,0.1000,PATROL,0
94.149,0.0343,0.0000,PATROL,0
94.182,0.0339,0.0000,PATROL,0
94.216,0.0340,0.1000,PATROL,0
94.251,0.0341,0.0000,PATROL,0
94.285,0.0345,0.0000,PATROL,0
94.319,0.0337,0.1000,PATROL,0
94.353,0.0342,0.0000,PATROL,0
94.387,0.0339,0.0000,PATROL,0
94.421,0.0339,0.1000,PATROL,0
94.455,0.0339,0.0000,PATROL,0
94.488,0.0339,0.0000,PATROL,0
94.523,0.0344,0.1000,PATROL,0
94.557,0.0341,0.0000,PATROL,0
94.591,0.0339,0.0000,PATROL,0
94.625,0.0340,0.1000,PATROL,0
94.659,0.0337,0.0000,PATROL,0
94.693,0.0341,0.1000,PATROL,0
94.727,0.0340,0.0000,PATROL,0
94.761,0.0340,0.0000,PATROL,0
94.795,0.0342,0.1000,PATROL,0
94.829,0.0338,0.0000,PATROL,0
94.863,0.0344,0.0000,PATROL,0
94.897,0.0335,0.1000,PATROL,0
94.931,0.0343,0.0000,PATROL,0
94.965,0.0340,0.0000,PATROL,0
94.999,0.0338,0.1000,PATROL,0
95.033,0.0344,0.0000,PATROL,0
95.067,0.0340,0.0000,PATROL,0
95.101,0.0340,0.1000,PATROL,0
95.135,0.0342,0.0000,PATROL,0
95.169,0.0339,0.0000,PATROL,0
95.203,0.0342,0.1000,PATROL,0
95.237,0.0342,0.0000,PATROL,0
95.271,0.0338,0.0000,PATROL,0
95.305,0.0338,0.1000,PATROL,0
95.339,0.0344,0.0000,PATROL,0
95.373,0.0337,0.0000,PATROL,0
95.407,0.0342,0.1000,PATROL,0
95.441,0.0337,0.0000,PATROL,0
95.475,0.0340,0.0000,PATROL,0
95.509,0.0339,0.1000,PATROL,0
95.543,0.0341,0.0000,PATROL,0
95.578,0.0345,0.0000,PATROL,0
95.612,0.0342,0.1000,PATROL,0
95.645,0.0336,0.0000,PATROL,0
95.679,0.0338,0.0000,PATROL,0
95.713,0.0339,0.1000,PATROL,0
95.747,0.0341,0.0000,PATROL,0
95.781,0.0340,0.0000,PATROL,0
95.815,0.0339,0.1000,PATROL,0
95.849,0.0340,0.0000,PATROL,0
95.883,0.0342,0.0000,PATROL,0
95.917,0.0339,0.1000,PATROL,0
95.952,0.0343,0.0000,PATROL,0
95.986,0.0340,0.0000,PATROL,0
96.019,0.0337,0.1000,PATROL,0
96.054,0.0343,0.0000,PATROL,0
96.088,0.0345,0.0000,PATROL,0
96.121,0.0333,0.1000,PATROL,0
96.156,0.0345,0.0000,PATROL,0
96.189,0.0335,0.0000,PATROL,0
96.224,0.0342,0.1000,PATROL,0
96.257,0.0339,0.0000,PATROL,0
96.291,0.0339,0.0000,PATROL,0
96.325,0.0342,0.1000,PATROL,0
96.360,0.0343,0.0000,PATROL,0
96.394,0.0339,0.1000,PATROL,0
96.428,0.0342,0.0000,PATROL,0
96.462,0.0339,0.0000,PATROL,0
96.496,0.0339,0.1000,PATROL,0
96.530,0.0340,0.0000,PATROL,0
96.564,0.0341,0.0000,PATROL,0
96.598,0.0338,0.1000,PATROL,0
96.632,0.0340,0.0000,PATROL,0
96.666,0.0341,0.0000,PATROL,0
96.700,0.0342,0.1000,PATROL,0
96.734,0.0338,0.0000,PATROL,0
96.768,0.0340,0.0000,PATROL,0
96.802,0.0338,0.1000,PATROL,0
96.836,0.0341,0.0000,PATROL,0
96.870,0.0340,0.0000,PATROL,0
96.904,0.0341,0.1000,PATROL,0
96.938,0.0341,0.0000,PATROL,0
96.972,0.0342,0.0000,PATROL,0
97.006,0.0338,0.1000,PATROL,0
97.040,0.0339,0.0000,PATROL,0
97.074,0.0343,0.0000,PATROL,0
97.108,0.0339,0.1000,PATROL,0
97.142,0.0340,0.0000,PATROL,0
97.176,0.0342,0.0000,PATROL,0
97.210,0.0335,0.1000,PATROL,0
97.244,0.0345,0.0000,PATROL,0
97.278,0.0340,0.0000,PATROL,0
97.312,0.0339,0.1000,PATROL,0
97.346,0.0344,0.0000,PATROL,0
97.380,0.0339,0.0000,PATROL,0
97.414,0.0335,0.1000,PATROL,0
97.448,0.0343,0.0000,PATROL,0
97.482,0.0341,0.0000,PATROL,0
97.517,0.0343,0.1000,PATROL,0
97.550,0.0335,0.0000,PATROL,0
97.584,0.0341,0.0000,PATROL,0
97.618,0.0337,0.1000,PATROL,0
97.652,0.0342,0.0000,PATROL,0
97.686,0.0341,0.0000,PATROL,0
97.720,0.0341,0.1000,PATROL,0
97.755,0.0342,0.0000,PATROL,0
97.789,0.0340,0.0000,PATROL,0
97.822,0.0337,0.1000,PATROL,0
97.856,0.0339,0.0000,PATROL,0
97.890,0.0342,0.0000,PATROL,0
97.924,0.0340,0.1000,PATROL,0
97.959,0.0341,0.0000,PATROL,0
97.992,0.0335,0.0000,PATROL,0
98.027,0.0347,0.1000,PATROL,0
98.060,0.0336,0.0000,PATROL,0
98.094,0.0337,0.1000,PATROL,0
98.128,0.0343,0.0000,PATROL,0
98.163,0.0341,0.0000,PATROL,0
98.196,0.0338,0.1000,PATROL,0
98.230,0.0341,0.0000,PATROL,0
98.264,0.0340,0.0000,PATROL,0
98.299,0.0349,0.1000,PATROL,0
98.333,0.0332,0.0000,PATROL,0
98.367,0.0344,0.0000,PATROL,0
98.401,0.0337,0.1000,PATROL,0
98.435,0.0339,0.0000,PATROL,0
98.469,0.0344,0.0000,PATROL,0
98.503,0.0337,0.1000,PATROL,0
98.537,0.0339,0.0000,PATROL,0
98.571,0.0340,0.0000,PATROL,0
98.605,0.0343,0.1000,PATROL,0
98.639,0.0338,0.0000,PATROL,0
98.672,0.0339,0.0000,PATROL,0
98.707,0.0343,0.1000,PATROL,0
98.741,0.0339,0.0000,PATROL,0
98.775,0.0342,0.0000,PATROL,0
98.808,0.0337,0.1000,PATROL,0
98.843,0.0344,0.0000,PATROL,0
98.878,0.0346,0.0000,PATROL,0
98.911,0.0331,0.1000,PATROL,0
98.945,0.0345,0.0000,PATROL,0
98.979,0.0337,0.0000,PATROL,0
99.013,0.0340,0.1000,PATROL,0
99.047,0.0343,0.0000,PATROL,0
99.081,0.0339,0.0000,PATROL,0
99.115,0.0341,0.1000,PATROL,0
99.149,0.0341,0.0000,PATROL,0
99.183,0.0342,0.0000,PATROL,0
99.217,0.0338,0.1000,PATROL,0
99.251,0.0339,0.0000,PATROL,0
99.285,0.0341,0.0000,PATROL,0
99.319,0.0342,0.1000,PATROL,0
99.353,0.0338,0.0000,PATROL,0
99.388,0.0349,0.0000,PATROL,0
99.421,0.0334,0.1000,PATROL,0
99.455,0.0340,0.0000,PATROL,0
99.490,0.0346,0.0000,PATROL,0
99.523,0.0332,0.1000,PATROL,0
99.557,0.0342,0.0000,PATROL,0
99.591,0.0337,0.0000,PATROL,0
99.625,0.0343,0.1000,PATROL,0
99.659,0.0340,0.0000,PATROL,0
99.693,0.0338,0.0000,PATROL,0
99.727,0.0342,0.1000,PATROL,0
99.761,0.0341,0.0000,PATROL,0
99.795,0.0339,0.1000,PATROL,0
99.829,0.0340,0.0000,PATROL,0
99.863,0.0340,0.0000,PATROL,0
99.897,0.0338,0.1000,PATROL,0
99.931,0.0343,0.0000,PATROL,0
99.965,0.0340,0.0000,PATROL,0
99.999,0.0338,0.1000,PATROL,0
100.033,0.0340,0.0000,PATROL,0
100.067,0.0342,0.0000,PATROL,0
100.101,0.0339,0.1000,PATROL,0
100.135,0.0339,0.0000,PATROL,0
100.170,0.0343,0.0000,PATROL,0
100.203,0.0338,0.1000,PATROL,0
100.238,0.0345,0.0000,PATROL,0
100.271,0.0334,0.0000,PATROL,0
100.306,0.0343,0.1000,PATROL,0
100.340,0.0340,0.0000,PATROL,0
100.374,0.0340,0.0000,PATROL,0
100.407,0.0338,0.1000,PATROL,0
100.442,0.0344,0.0000,PATROL,0
100.476,0.0340,0.0000,PATROL,0
100.509,0.0336,0.1000,PATROL,0
100.544,0.0342,0.0000,PATROL,0
100.578,0.0344,0.0000,PATROL,0
100.612,0.0337,0.1000,PATROL,0
100.646,0.0339,0.0000,PATROL,0
100.680,0.0344,0.0000,PATROL,0
100.714,0.0337,0.1000,PATROL,0
100.748,0.0344,0.0000,PATROL,0
100.782,0.0336,0.0000,PATROL,0
100.816,0.0339,0.1000,PATROL,0
100.850,0.0341,0.0000,PATROL,0
100.884,0.0341,0.0000,PATROL,0
100.918,0.0338,0.1000,PATROL,0
100.952,0.0339,0.0000,PATROL,0
100.986,0.0343,0.0000,PATROL,0
101.020,0.0340,0.1000,PATROL,0
101.054,0.0338,0.0000,PATROL,0
101.088,0.0341,0.0000,PATROL,0
101.122,0.0340,0.1000,PATROL,0
101.156,0.0341,0.0000,PATROL,0
101.190,0.0339,0.0000,PATROL,0
101.224,0.0339,0.1000,PATROL,0
101.258,0.0341,0.0000,PATROL,0
101.292,0.0344,0.0000,PATROL,0
101.326,0.0335,0.1000,PATROL,0
101.360,0.0342,0.0000,PATROL,0
101.394,0.0340,0.0000,PATROL,0
101.428,0.0339,0.1000,PATROL,0
101.462,0.0345,0.0000,PATROL,0
101.496,0.0336,0.1000,PATROL,0
101.530,0.0342,0.0000,PATROL,0
101.565,0.0345,0.0000,PATROL,0
101.598,0.0334,0.1000,PATROL,0
101.632,0.0342,0.0000,PATROL,0
101.666,0.0343,0.0000,PATROL,0
101.700,0.0340,0.1000,PATROL,0
101.734,0.0339,0.0000,PATROL,0
101.768,0.0339,0.0000,PATROL,0
101.802,0.0340,0.1000,PATROL,0
101.836,0.0343,0.0000,PATROL,0
101.870,0.0339,0.0000,PATROL,0
101.905,0.0342,0.1000,PATROL,0
101.939,0.0342,0.0000,PATROL,0
101.972,0.0338,0.0000,PATROL,0
102.007,0.0342,0.1000,PATROL,0
102.040,0.0336,0.0000,PATROL,0
102.074,0.0342,0.0000,PATROL,0
102.108,0.0339,0.1000,PATROL,0
102.143,0.0343,0.0000,PATROL,0
102.177,0.0340,0.0000,PATROL,0
102.210,0.0339,0.1000,PATROL,0
102.244,0.0339,0.0000,PATROL,0
102.279,0.0343,0.0000,PATROL,0
102.312,0.0337,0.1000,PATROL,0
102.347,0.0342,0.0000,PATROL,0
102.381,0.0348,0.0000,PATROL,0
102.415,0.0331,0.1000,PATROL,0
102.449,0.0343,0.0000,ALIGN,0
102.483,0.0338,0.0000,ALIGN,0
102.517,0.0340,0.1000,ALIGN,0
102.550,0.0338,0.0000,ALIGN,0
102.585,0.0342,0.0000,ALIGN,0
102.619,0.0340,0.1000,ALIGN,0
102.652,0.0338,0.0000,ALIGN,0
102.687,0.0342,0.0000,ALIGN,0
102.721,0.0343,0.1000,ALIGN,0
102.755,0.0341,0.0000,ALIGN,0
102.789,0.0338,0.0000,ALIGN,0
102.823,0.0341,0.1000,ALIGN,0
102.857,0.0345,0.0000,ALIGN,0
102.891,0.0335,0.0000,ALIGN,0
102.925,0.0342,0.1000,ALIGN,0
102.959,0.0340,0.0000,ALIGN,0
102.993,0.0338,0.0000,ALIGN,0
103.027,0.0340,0.1000,ALIGN,0
103.061,0.0342,0.0000,ALIGN,0
103.095,0.0338,0.0000,ALIGN,0
103.129,0.0342,0.1000,ALIGN,0
103.163,0.0341,0.0000,ALIGN,0
103.197,0.0336,0.1000,ALIGN,0
103.231,0.0341,0.0000,ALIGN,0
103.265,0.0342,0.0000,ALIGN,0
103.299,0.0338,0.1000,ALIGN,0
103.333,0.0340,0.0000,ALIGN,0
103.367,0.0346,0.0000,ALIGN,0
103.401,0.0339,0.1000,ALIGN,0
103.435,0.0341,0.0000,ALIGN,0
103.469,0.0338,0.0000,ALIGN,0
103.503,0.0338,0.1000,ALIGN,0
103.537,0.0342,0.0000,ALIGN,0
103.571,0.0341,0.0000,ALIGN,0
103.605,0.0337,0.1000,ALIGN,0
103.639,0.0342,0.0000,ALIGN,0
103.673,0.0339,0.0000,ALIGN,0
103.707,0.0342,0.1000,ALIGN,0
103.741,0.0341,0.0000,ALIGN,0
103.775,0.0339,0.0000,ALIGN,0
103.809,0.0339,0.1000,ALIGN,0
103.844,0.0343,0.0000,ALIGN,0
103.878,0.0342,0.0000,ALIGN,0
103.911,0.0334,0.1000,ALIGN,0
103.945,0.0344,0.0000,ALIGN,0
103.980,0.0340,0.0000,ALIGN,0
104.013,0.0335,0.1000,APPROACH,0
104.047,0.0343,0.0000,APPROACH,0
104.081,0.0339,0.0000,APPROACH,0
104.115,0.0339,0.1000,APPROACH,0
104.149,0.0341,0.0000,APPROACH,0
104.184,0.0342,0.0000,APPROACH,0
104.218,0.0341,0.1000,APPROACH,0
104.253,0.0349,0.0000,APPROACH,0
104.285,0.0328,0.0000,APPROACH,0
104.319,0.0339,0.1000,APPROACH,0
104.354,0.0342,0.0000,APPROACH,0
104.388,0.0342,0.0000,APPROACH,0
104.421,0.0337,0.1000,APPROACH,0
104.456,0.0342,0.0000,APPROACH,0
104.490,0.0344,0.0000,APPROACH,0
104.524,0.0342,0.1000,APPROACH,0
104.558,0.0334,0.0000,APPROACH,0
104.592,0.0339,0.0000,APPROACH,0
104.625,0.0338,0.1000,APPROACH,0
104.660,0.0342,0.0000,APPROACH,0
104.694,0.0339,0.0000,APPROACH,0
104.728,0.0343,0.1000,APPROACH,0
104.762,0.0337,0.0000,APPROACH,0
104.796,0.0345,0.0000,APPROACH,0
104.830,0.0338,0.1000,APPROACH,0
104.864,0.0338,0.0000,APPROACH,0
104.898,0.0339,0.1000,APPROACH,0
104.932,0.0345,0.0000,APPROACH,0
104.966,0.0338,0.0000,APPROACH,0
105.000,0.0338,0.1000,APPROACH,0
105.034,0.0341,0.0000,APPROACH,0
105.068,0.0342,0.0000,APPROACH,0
105.102,0.0337,0.1000,APPROACH,0
105.136,0.0340,0.0000,APPROACH,0
105.170,0.0342,0.0000,APPROACH,0
105.204,0.0338,0.1000,APPROACH,0
105.238,0.0342,0.0000,APPROACH,0
105.272,0.0340,0.0000,APPROACH,0
105.307,0.0353,0.1000,APPROACH,0
105.340,0.0330,0.0000,APPROACH,0
105.374,0.0337,0.0000,APPROACH,0
105.408,0.0341,0.1000,APPROACH,0
105.442,0.0342,0.0000,APPROACH,0
105.476,0.0340,0.0000,APPROACH,0
105.510,0.0338,0.1000,APPROACH,0
105.544,0.0341,0.0000,APPROACH,0
105.578,0.0342,0.0000,APPROACH,0
105.612,0.0338,0.1000,APPROACH,0
105.646,0.0342,0.0000,APPROACH,0
105.680,0.0339,0.0000,APPROACH,0
105.714,0.0339,0.1000,APPROACH,0
105.748,0.0343,0.0000,APPROACH,0
105.782,0.0340,0.0000,APPROACH,0
105.817,0.0341,0.1000,APPROACH,0
105.850,0.0336,0.0000,APPROACH,0
105.885,0.0345,0.0000,APPROACH,0
105.918,0.0336,0.1000,APPROACH,0
105.953,0.0345,0.0000,APPROACH,0
105.987,0.0338,0.0000,APPROACH,0
106.020,0.0339,0.1000,APPROACH,0
106.054,0.0339,0.0000,APPROACH,0
106.088,0.0341,0.0000,APPROACH,0
106.122,0.0339,0.1000,APPROACH,0
106.156,0.0341,0.0000,APPROACH,0
106.191,0.0344,0.0000,APPROACH,0
106.224,0.0335,0.1000,APPROACH,0
106.259,0.0341,0.0000,APPROACH,0
106.293,0.0340,0.0000,APPROACH,0
106.326,0.0339,0.1000,APPROACH,0
106.361,0.0341,0.0000,APPROACH,0
106.395,0.0342,0.0000,APPROACH,0
106.429,0.0346,0.1000,APPROACH,0
106.463,0.0332,0.0000,APPROACH,0
106.496,0.0339,0.0000,APPROACH,0
106.530,0.0340,0.1000,APPROACH,0
106.565,0.0341,0.0000,APPROACH,0
106.598,0.0338,0.1000,APPROACH,0
106.633,0.0345,0.0000,APPROACH,0
106.667,0.0339,0.0000,APPROACH,0
106.701,0.0340,0.1000,APPROACH,0
106.735,0.0338,0.0000,APPROACH,0
106.769,0.0344,0.0000,APPROACH,0
106.803,0.0339,0.1000,APPROACH,0
106.837,0.0340,0.0000,APPROACH,0
106.871,0.0340,0.0000,APPROACH,0
106.905,0.0339,0.1000,APPROACH,0
106.939,0.0340,0.0000,APPROACH,0
106.973,0.0341,0.0000,APPROACH,0
107.007,0.0342,0.1000,APPROACH,0
107.041,0.0337,0.0000,APPROACH,0
107.075,0.0338,0.0000,APPROACH,0
107.109,0.0340,0.1000,APPROACH,0
107.143,0.0340,0.0000,APPROACH,0
107.177,0.0342,0.0000,APPROACH,0
107.211,0.0338,0.1000,APPROACH,0
107.245,0.0342,0.0000,APPROACH,0
107.279,0.0343,0.0000,APPROACH,0
107.313,0.0338,0.1000,APPROACH,0
107.347,0.0341,0.0000,APPROACH,0
107.381,0.0343,0.0000,APPROACH,0
107.415,0.0336,0.1000,APPROACH,0
107.449,0.0346,0.0000,APPROACH,0
107.483,0.0337,0.0000,APPROACH,0
107.517,0.0339,0.1000,APPROACH,0
107.551,0.0343,0.0000,APPROACH,0
107.585,0.0341,0.0000,APPROACH,0
107.619,0.0339,0.1000,APPROACH,0
107.653,0.0341,0.0000,APPROACH,0
107.687,0.0341,0.0000,APPROACH,0
107.721,0.0340,0.1000,APPROACH,0
107.755,0.0340,0.0000,APPROACH,0
107.789,0.0340,0.0000,APPROACH,0
107.824,0.0346,0.1000,APPROACH,0
107.858,0.0334,0.0000,APPROACH,0
107.892,0.0341,0.0000,APPROACH,0
107.925,0.0339,0.1000,APPROACH,0
107.960,0.0346,0.0000,APPROACH,0
107.993,0.0334,0.0000,APPROACH,0
108.028,0.0341,0.1000,APPROACH,0
108.062,0.0340,0.0000,APPROACH,0
108.095,0.0339,0.0000,APPROACH,0
108.130,0.0342,0.1000,APPROACH,0
108.164,0.0340,0.0000,APPROACH,0
108.198,0.0341,0.0000,APPROACH,0
108.232,0.0343,0.1000,APPROACH,0
108.266,0.0336,0.0000,APPROACH,0
108.300,0.0341,0.1000,APPROACH,0
108.334,0.0341,0.0000,APPROACH,0
108.368,0.0339,0.0000,APPROACH,0
108.402,0.0338,0.1000,APPROACH,0
108.436,0.0341,0.0000,APPROACH,0
108.470,0.0342,0.0000,APPROACH,0
108.504,0.0339,0.1000,APPROACH,0
108.538,0.0341,0.0000,APPROACH,0
108.572,0.0343,0.0000,APPROACH,0
108.606,0.0336,0.1000,APPROACH,0
108.640,0.0340,0.0000,APPROACH,0
108.674,0.0342,0.0000,APPROACH,0
108.708,0.0339,0.1000,APPROACH,0
108.742,0.0341,0.0000,APPROACH,0
108.776,0.0340,0.0000,APPROACH,0
108.810,0.0338,0.1000,APPROACH,0
108.844,0.0344,0.0000,APPROACH,0
108.878,0.0338,0.0000,APPROACH,0
108.912,0.0340,0.1000,APPROACH,0
108.946,0.0344,0.0000,APPROACH,0
108.980,0.0339,0.0000,APPROACH,0
109.014,0.0340,0.1000,APPROACH,0
109.049,0.0346,0.0000,APPROACH,0
109.082,0.0334,0.0000,APPROACH,0
109.116,0.0341,0.1000,APPROACH,0
109.150,0.0339,0.0000,APPROACH,0
109.184,0.0342,0.0000,APPROACH,0
109.218,0.0337,0.1000,APPROACH,0
109.253,0.0346,0.0000,APPROACH,0
109.286,0.0336,0.0000,APPROACH,0
109.320,0.0337,0.1000,APPROACH,0
109.355,0.0346,0.0000,APPROACH,0
109.389,0.0349,0.0000,APPROACH,0
109.423,0.0331,0.1000,APPROACH,0
109.456,0.0338,0.0000,APPROACH,0
109.490,0.0338,0.0000,APPROACH,0
109.524,0.0340,0.1000,APPROACH,0
109.558,0.0341,0.0000,APPROACH,0
109.593,0.0343,0.0000,APPROACH,0
109.626,0.0337,0.1000,APPROACH,0
109.660,0.0341,0.0000,APPROACH,0
109.695,0.0342,0.0000,APPROACH,0
109.729,0.0339,0.1000,APPROACH,0
109.762,0.0338,0.0000,APPROACH,0
109.796,0.0338,0.0000,APPROACH,0
109.830,0.0341,0.1000,APPROACH,0
109.864,0.0340,0.0000,APPROACH,0
109.898,0.0340,0.0000,APPROACH,0
109.933,0.0342,0.1000,APPROACH,0
109.966,0.0339,0.0000,APPROACH,0
110.000,0.0340,0.1000,APPROACH,0
110.035,0.0342,0.0000,APPROACH,0
110.069,0.0339,0.0000,APPROACH,0
110.102,0.0338,0.1000,APPROACH,0
110.137,0.0342,0.0000,APPROACH,0
110.171,0.0341,0.0000,APPROACH,0
110.204,0.0339,0.1000,APPROACH,0
110.239,0.0341,0.0000,APPROACH,0
110.273,0.0341,0.0000,APPROACH,0
110.307,0.0343,0.1000,APPROACH,0
110.341,0.0337,0.0000,APPROACH,0
110.375,0.0345,0.0000,APPROACH,0
110.408,0.0333,0.1000,APPROACH,0
110.443,0.0342,0.0000,APPROACH,0
110.477,0.0342,0.0000,APPROACH,0
110.511,0.0337,0.1000,APPROACH,0
110.545,0.0342,0.0000,APPROACH,0
110.579,0.0342,0.0000,APPROACH,0
110.613,0.0339,0.1000,APPROACH,0
110.647,0.0342,0.0000,APPROACH,0
110.681,0.0340,0.0000,APPROACH,0
110.715,0.0338,0.1000,APPROACH,0
110.749,0.0342,0.0000,APPROACH,0
110.783,0.0338,0.0000,APPROACH,0
110.817,0.0340,0.1000,APPROACH,0
110.851,0.0342,0.0000,APPROACH,0
110.885,0.0341,0.0000,APPROACH,0
110.919,0.0337,0.1000,APPROACH,0
110.953,0.0343,0.0000,APPROACH,0
110.987,0.0342,0.0000,APPROACH,0
111.021,0.0336,0.1000,APPROACH,0
111.055,0.0342,0.0000,APPROACH,0
111.089,0.0341,0.0000,APPROACH,0
111.123,0.0337,0.1000,APPROACH,0
111.157,0.0341,0.0000,APPROACH,0
111.191,0.0343,0.0000,APPROACH,0
111.225,0.0337,0.1000,APPROACH,0
111.259,0.0341,0.0000,APPROACH,0
111.294,0.0348,0.0000,APPROACH,0
111.328,0.0335,0.1000,APPROACH,0
111.361,0.0337,0.0000,APPROACH,0
111.395,0.0341,0.0000,APPROACH,0
111.429,0.0339,0.1000,APPROACH,0
111.463,0.0341,0.0000,APPROACH,0
111.497,0.0342,0.0000,APPROACH,0
111.532,0.0341,0.1000,APPROACH,0
111.565,0.0340,0.0000,APPROACH,0
111.599,0.0339,0.0000,APPROACH,0
111.633,0.0342,0.1000,APPROACH,0
111.667,0.0338,0.0000,APPROACH,0
111.701,0.0339,0.1000,APPROACH,0
111.736,0.0347,0.0000,APPROACH,0
111.769,0.0336,0.0000,APPROACH,0
111.803,0.0339,0.1000,APPROACH,0
111.837,0.0340,0.0000,APPROACH,0
111.872,0.0343,0.0000,APPROACH,0
111.905,0.0337,0.1000,APPROACH,0
111.939,0.0340,0.0000,APPROACH,0
111.974,0.0346,0.0000,APPROACH,0
112.007,0.0334,0.1000,APPROACH,0
112.042,0.0342,0.0000,APPROACH,0
112.076,0.0341,0.0000,APPROACH,0
112.110,0.0342,0.1000,APPROACH,0
112.144,0.0339,0.0000,APPROACH,0
112.178,0.0339,0.0000,APPROACH,0
112.211,0.0338,0.1000,APPROACH,0
112.246,0.0342,0.0000,APPROACH,0
112.280,0.0341,0.0000,APPROACH,0
112.314,0.0345,0.1000,APPROACH,0
112.348,0.0343,0.0000,APPROACH,0
112.383,0.0341,0.0000,APPROACH,0
112.417,0.0340,0.1000,APPROACH,0
112.451,0.0341,0.0000,APPROACH,0
112.485,0.0343,0.0000,APPROACH,0
112.518,0.0334,0.1000,APPROACH,0
112.553,0.0343,0.0000,APPROACH,0
112.587,0.0343,0.0000,APPROACH,0
112.620,0.0335,0.1000,APPROACH,0
112.654,0.0340,0.0000,APPROACH,0
112.689,0.0346,0.0000,APPROACH,0
112.722,0.0335,0.1000,APPROACH,0
112.756,0.0340,0.0000,APPROACH,0
112.791,0.0347,0.0000,APPROACH,0
112.825,0.0334,0.1000,APPROACH,0
112.859,0.0345,0.0000,APPROACH,0
112.894,0.0345,0.0000,APPROACH,0
112.927,0.0334,0.1000,APPROACH,0
112.961,0.0336,0.0000,APPROACH,0
112.995,0.0342,0.0000,APPROACH,0
113.029,0.0338,0.1000,APPROACH,0
113.063,0.0340,0.0000,APPROACH,0
113.097,0.0345,0.0000,APPROACH,0
113.131,0.0335,0.1000,APPROACH,0
113.165,0.0343,0.0000,APPROACH,0
113.199,0.0336,0.0000,APPROACH,0
113.233,0.0342,0.1000,APPROACH,0
113.267,0.0338,0.0000,APPROACH,0
113.301,0.0340,0.0000,APPROACH,0
113.335,0.0345,0.1000,APPROACH,0
113.369,0.0336,0.0000,APPROACH,0
113.403,0.0342,0.1000,APPROACH,0
113.437,0.0340,0.0000,APPROACH,0
113.471,0.0342,0.0000,APPROACH,0
113.505,0.0339,0.1000,APPROACH,0
113.539,0.0338,0.0000,APPROACH,0
113.573,0.0343,0.0000,APPROACH,0
113.607,0.0338,0.1000,APPROACH,0
113.641,0.0341,0.0000,APPROACH,0
113.675,0.0342,0.0000,APPROACH,0
113.709,0.0337,0.1000,APPROACH,0
113.743,0.0342,0.0000,APPROACH,0
113.777,0.0340,0.0000,APPROACH,0
113.811,0.0338,0.1000,APPROACH,0
113.846,0.0346,0.0000,APPROACH,0
113.879,0.0336,0.0000,APPROACH,0
113.913,0.0342,0.1000,APPROACH,0
113.947,0.0340,0.0000,APPROACH,0
113.981,0.0339,0.0000,APPROACH,0
114.015,0.0339,0.1000,APPROACH,0
114.049,0.0342,0.0000,APPROACH,0
114.083,0.0338,0.0000,APPROACH,0
114.117,0.0342,0.1000,APPROACH,0
114.151,0.0338,0.0000,APPROACH,0
114.185,0.0342,0.0000,APPROACH,0
114.219,0.0338,0.1000,APPROACH,0
114.253,0.0340,0.0000,APPROACH,0
114.287,0.0342,0.0000,APPROACH,0
114.321,0.0338,0.1000,APPROACH,0
114.356,0.0346,0.0000,APPROACH,0
114.390,0.0341,0.0000,APPROACH,0
114.424,0.0341,0.1000,APPROACH,0
114.457,0.0335,0.0000,APPROACH,0
114.491,0.0340,0.0000,APPROACH,0
114.525,0.0341,0.1000,APPROACH,0
114.559,0.0339,0.0000,APPROACH,0
114.594,0.0343,0.0000,APPROACH,0
114.627,0.0338,0.1000,PATROL,0
114.661,0.0338,0.0000,ALIGN,0
114.696,0.0344,0.0000,ALIGN,0
114.730,0.0341,0.1000,ALIGN,0
114.764,0.0340,0.0000,ALIGN,0
114.798,0.0344,0.0000,ALIGN,0
114.832,0.0339,0.1000,ALIGN,0
114.866,0.0336,0.0000,ALIGN,0
114.900,0.0339,0.0000,ALIGN,0
114.934,0.0341,0.1000,ALIGN,0
114.968,0.0339,0.0000,ALIGN,0
115.001,0.0338,0.0000,ALIGN,0
115.036,0.0349,0.1000,ALIGN,0
115.070,0.0332,0.0000,ALIGN,0
115.103,0.0339,0.1000,ALIGN,0
115.138,0.0343,0.0000,ALIGN,0
115.172,0.0341,0.0000,ALIGN,0
115.206,0.0338,0.1000,ALIGN,0
115.240,0.0341,0.0000,ALIGN,0
115.274,0.0342,0.0000,ALIGN,0
115.308,0.0343,0.1000,ALIGN,0
115.342,0.0335,0.0000,ALIGN,0
115.376,0.0342,0.0000,ALIGN,0
115.410,0.0338,0.1000,ALIGN,0
115.444,0.0344,0.0000,ALIGN,0
115.478,0.0338,0.0000,ALIGN,0
115.512,0.0338,0.1000,ALIGN,0
115.546,0.0345,0.0000,ALIGN,0
115.580,0.0337,0.0000,ALIGN,0
115.614,0.0338,0.1000,ALIGN,0
115.648,0.0342,0.0000,ALIGN,0
115.682,0.0339,0.0000,ALIGN,0
115.716,0.0340,0.1000,ALIGN,0
115.750,0.0341,0.0000,ALIGN,0
115.784,0.0340,0.0000,ALIGN,0
115.818,0.0340,0.1000,ALIGN,0
115.852,0.0341,0.0000,ALIGN,0
115.886,0.0338,0.0000,ALIGN,0
115.920,0.0339,0.1000,ALIGN,0
115.954,0.0344,0.0000,ALIGN,0
115.988,0.0340,0.0000,ALIGN,0
116.022,0.0341,0.1000,APPROACH,0
116.056,0.0341,0.0000,APPROACH,0
116.090,0.0342,0.0000,APPROACH,0
116.125,0.0343,0.1000,APPROACH,0
116.158,0.0337,0.0000,APPROACH,0
116.192,0.0337,0.0000,APPROACH,0
116.226,0.0344,0.1000,APPROACH,0
116.260,0.0339,0.0000,APPROACH,0
116.295,0.0343,0.0000,APPROACH,0
116.328,0.0337,0.1000,APPROACH,0
116.362,0.0340,0.0000,APPROACH,0
116.397,0.0348,0.0000,APPROACH,0
116.431,0.0336,0.1000,APPROACH,0
116.465,0.0340,0.0000,APPROACH,0
116.499,0.0341,0.0000,APPROACH,0
116.532,0.0336,0.1000,APPROACH,0
116.566,0.0339,0.0000,APPROACH,0
116.600,0.0342,0.0000,APPROACH,0
116.634,0.0339,0.1000,APPROACH,0
116.668,0.0339,0.0000,APPROACH,0
116.702,0.0339,0.0000,APPROACH,0
116.736,0.0342,0.1000,APPROACH,0
116.770,0.0340,0.0000,APPROACH,0
116.804,0.0340,0.1000,APPROACH,0
116.839,0.0343,0.0000,APPROACH,0
116.873,0.0339,0.0000,APPROACH,0
116.907,0.0344,0.1000,APPROACH,0
116.940,0.0335,0.0000,APPROACH,0
116.975,0.0340,0.0000,APPROACH,0
117.008,0.0339,0.1000,APPROACH,0
117.043,0.0341,0.0000,APPROACH,0
117.076,0.0339,0.0000,APPROACH,0
117.110,0.0340,0.1000,APPROACH,0
117.145,0.0342,0.0000,APPROACH,0
117.179,0.0339,0.0000,APPROACH,0
117.213,0.0339,0.1000,APPROACH,0
117.247,0.0344,0.0000,APPROACH,0
117.280,0.0336,0.0000,APPROACH,0
117.314,0.0340,0.1000,APPROACH,0
117.349,0.0344,0.0000,APPROACH,0
117.383,0.0340,0.0000,APPROACH,0
117.417,0.0338,0.1000,APPROACH,0
117.451,0.0342,0.0000,APPROACH,0
117.485,0.0342,0.0000,APPROACH,0
117.519,0.0341,0.1000,APPROACH,0
117.553,0.0337,0.0000,APPROACH,0
117.587,0.0341,0.0000,APPROACH,0
117.621,0.0339,0.1000,APPROACH,0
117.655,0.0341,0.0000,APPROACH,0
117.689,0.0342,0.0000,APPROACH,0
117.723,0.0342,0.1000,APPROACH,0
117.757,0.0337,0.0000,APPROACH,0
117.791,0.0343,0.0000,APPROACH,0
117.825,0.0336,0.1000,APPROACH,0
117.859,0.0342,0.0000,APPROACH,0
117.893,0.0342,0.0000,APPROACH,0
117.927,0.0337,0.1000,APPROACH,0
117.961,0.0340,0.0000,APPROACH,0
117.996,0.0345,0.0000,APPROACH,0
118.030,0.0340,0.1000,APPROACH,0
118.063,0.0336,0.0000,APPROACH,0
118.097,0.0341,0.0000,APPROACH,0
118.131,0.0340,0.1000,APPROACH,0
118.166,0.0343,0.0000,APPROACH,0
118.200,0.0342,0.0000,APPROACH,0
118.233,0.0337,0.1000,APPROACH,0
118.268,0.0342,0.0000,APPROACH,0
118.301,0.0335,0.0000,APPROACH,0
118.335,0.0343,0.1000,APPROACH,0
118.369,0.0340,0.0000,APPROACH,0
118.403,0.0339,0.0000,APPROACH,0
118.438,0.0341,0.1000,APPROACH,0
118.471,0.0337,0.0000,APPROACH,0
118.505,0.0342,0.1000,APPROACH,0
118.539,0.0340,0.0000,APPROACH,0
118.573,0.0338,0.0000,APPROACH,0
118.607,0.0340,0.1000,APPROACH,0
118.641,0.0340,0.0000,APPROACH,0
118.675,0.0342,0.0000,APPROACH,0
118.709,0.0338,0.1000,APPROACH,0
118.744,0.0343,0.0000,APPROACH,0
118.778,0.0342,0.0000,APPROACH,0
118.811,0.0336,0.1000,APPROACH,0
118.845,0.0340,0.0000,APPROACH,0
118.880,0.0342,0.0000,APPROACH,0
118.913,0.0338,0.1000,APPROACH,0
118.947,0.0341,0.0000,APPROACH,0
118.981,0.0338,0.0000,APPROACH,0
119.015,0.0342,0.1000,APPROACH,0
119.050,0.0342,0.0000,APPROACH,0
119.084,0.0339,0.0000,APPROACH,0
119.117,0.0339,0.1000,APPROACH,0
119.152,0.0340,0.0000,APPROACH,0
119.186,0.0341,0.0000,APPROACH,0
119.220,0.0342,0.1000,APPROACH,0
119.254,0.0339,0.0000,APPROACH,0
119.288,0.0343,0.0000,APPROACH,0
119.322,0.0337,0.1000,APPROACH,0
119.356,0.0344,0.0000,APPROACH,0
119.390,0.0337,0.0000,APPROACH,0
119.424,0.0339,0.1000,APPROACH,0
119.458,0.0341,0.0000,APPROACH,0
119.492,0.0341,0.0000,APPROACH,0
119.526,0.0340,0.1000,APPROACH,0
119.560,0.0343,0.0000,APPROACH,0
119.594,0.0340,0.0000,APPROACH,0
119.629,0.0346,0.1000,APPROACH,0
119.662,0.0332,0.0000,APPROACH,0
119.696,0.0341,0.0000,APPROACH,0
119.730,0.0341,0.1000,APPROACH,0
119.764,0.0336,0.0000,APPROACH,0
119.798,0.0345,0.0000,APPROACH,0
119.832,0.0337,0.1000,APPROACH,0
119.866,0.0340,0.0000,APPROACH,0
119.901,0.0353,0.0000,APPROACH,0
119.934,0.0332,0.1000,APPROACH,0
119.968,0.0335,0.0000,APPROACH,0
120.002,0.0340,0.0000,APPROACH,0
120.036,0.0339,0.1000,APPROACH,0
120.070,0.0342,0.0000,APPROACH,0
120.104,0.0338,0.0000,APPROACH,0
120.138,0.0340,0.1000,APPROACH,0
120.172,0.0346,0.0000,APPROACH,0
120.206,0.0333,0.1000,APPROACH,0
120.240,0.0345,0.0000,APPROACH,0
120.274,0.0341,0.0000,APPROACH,0
120.308,0.0337,0.1000,APPROACH,0
120.342,0.0343,0.0000,APPROACH,0
120.376,0.0342,0.0000,APPROACH,0
120.410,0.0336,0.1000,APPROACH,0
120.444,0.0341,0.0000,APPROACH,0
120.478,0.0343,0.0000,APPROACH,0
120.512,0.0339,0.1000,APPROACH,0
120.547,0.0343,0.0000,APPROACH,0
120.581,0.0339,0.0000,APPROACH,0
120.614,0.0338,0.1000,APPROACH,0
120.649,0.0344,0.0000,APPROACH,0
120.682,0.0336,0.0000,APPROACH,0
120.716,0.0341,0.1000,APPROACH,0
120.750,0.0340,0.0000,APPROACH,0
120.785,0.0340,0.0000,APPROACH,0
120.818,0.0339,0.1000,APPROACH,0
120.853,0.0343,0.0000,APPROACH,0
120.887,0.0339,0.0000,APPROACH,0
120.921,0.0339,0.1000,APPROACH,0
120.955,0.0341,0.0000,APPROACH,0
120.989,0.0347,0.0000,APPROACH,0
121.022,0.0330,0.1000,APPROACH,0
121.057,0.0343,0.0000,APPROACH,0
121.091,0.0343,0.0000,APPROACH,0
121.125,0.0336,0.1000,APPROACH,0
121.159,0.0342,0.0000,APPROACH,0
121.193,0.0341,0.0000,APPROACH,0
121.227,0.0340,0.1000,APPROACH,0
121.261,0.0339,0.0000,APPROACH,0
121.295,0.0342,0.0000,APPROACH,0
121.329,0.0342,0.1000,APPROACH,0
121.363,0.0335,0.0000,APPROACH,0
121.397,0.0342,0.0000,APPROACH,0
121.431,0.0340,0.1000,APPROACH,0
121.465,0.0340,0.0000,APPROACH,0
121.499,0.0346,0.0000,APPROACH,0
121.534,0.0343,0.1000,APPROACH,0
121.567,0.0332,0.0000,APPROACH,0
121.601,0.0346,0.0000,APPROACH,0
121.635,0.0338,0.1000,APPROACH,0
121.669,0.0338,0.0000,APPROACH,0
121.703,0.0338,0.0000,APPROACH,0
121.737,0.0341,0.1000,APPROACH,0
121.771,0.0344,0.0000,APPROACH,0
121.805,0.0336,0.0000,APPROACH,0
121.839,0.0340,0.1000,APPROACH,0
121.873,0.0341,0.0000,APPROACH,0
121.907,0.0339,0.1000,APPROACH,0
121.941,0.0344,0.0000,APPROACH,0
121.975,0.0339,0.0000,APPROACH,0
122.009,0.0337,0.1000,APPROACH,0
122.043,0.0342,0.0000,APPROACH,0
122.078,0.0344,0.0000,APPROACH,0
122.111,0.0335,0.1000,APPROACH,0
122.145,0.0341,0.0000,APPROACH,0
122.179,0.0340,0.0000,APPROACH,0
122.213,0.0339,0.1000,APPROACH,0
122.247,0.0343,0.0000,APPROACH,0
122.282,0.0341,0.0000,APPROACH,0
122.315,0.0336,0.1000,APPROACH,0
122.350,0.0348,0.0000,APPROACH,0
122.383,0.0332,0.0000,APPROACH,0
122.417,0.0342,0.1000,APPROACH,0
122.451,0.0339,0.0000,APPROACH,0
122.485,0.0340,0.0000,APPROACH,0
122.520,0.0351,0.1000,APPROACH,0
122.554,0.0334,0.0000,APPROACH,0
122.587,0.0337,0.0000,APPROACH,0
122.622,0.0342,0.1000,APPROACH,0
122.656,0.0345,0.0000,APPROACH,0
122.689,0.0334,0.0000,APPROACH,0
122.723,0.0340,0.1000,APPROACH,0
122.758,0.0341,0.0000,APPROACH,0
122.791,0.0339,0.0000,APPROACH,0
122.825,0.0340,0.1000,APPROACH,0
122.859,0.0340,0.0000,APPROACH,0
122.893,0.0341,0.0000,APPROACH,0
122.927,0.0340,0.1000,APPROACH,0
122.962,0.0346,0.0000,APPROACH,0
122.996,0.0337,0.0000,APPROACH,0
123.030,0.0337,0.1000,APPROACH,0
123.064,0.0342,0.0000,APPROACH,0
123.098,0.0343,0.0000,APPROACH,0
123.132,0.0340,0.1000,APPROACH,0
123.166,0.0338,0.0000,APPROACH,0
123.200,0.0340,0.0000,APPROACH,0
123.234,0.0339,0.1000,APPROACH,0
123.268,0.0343,0.0000,APPROACH,0
123.302,0.0339,0.0000,APPROACH,0
123.336,0.0341,0.1000,APPROACH,0
123.370,0.0337,0.0000,APPROACH,0
123.404,0.0341,0.0000,APPROACH,0
123.438,0.0340,0.1000,APPROACH,0
123.472,0.0338,0.0000,APPROACH,0
123.506,0.0341,0.0000,APPROACH,0
123.540,0.0345,0.1000,APPROACH,0
123.574,0.0335,0.0000,APPROACH,0
123.608,0.0342,0.1000,APPROACH,0
123.642,0.0342,0.0000,APPROACH,0
123.676,0.0343,0.0000,APPROACH,0
123.710,0.0334,0.1000,APPROACH,0
123.744,0.0341,0.0000,APPROACH,0
123.778,0.0340,0.0000,APPROACH,0
123.812,0.0340,0.1000,APPROACH,0
123.846,0.0342,0.0000,APPROACH,0
123.880,0.0343,0.0000,APPROACH,0
123.914,0.0337,0.1000,APPROACH,0
123.949,0.0350,0.0000,APPROACH,0
123.982,0.0332,0.0000,APPROACH,0
124.016,0.0338,0.1000,APPROACH,0
124.050,0.0340,0.0000,APPROACH,0
124.084,0.0340,0.0000,APPROACH,0
124.118,0.0340,0.1000,APPROACH,0
124.152,0.0340,0.0000,APPROACH,0
124.186,0.0343,0.0000,APPROACH,0
124.221,0.0344,0.1000,APPROACH,0
124.254,0.0336,0.0000,APPROACH,0
124.289,0.0342,0.0000,APPROACH,0
124.322,0.0338,0.1000,APPROACH,0
124.356,0.0340,0.0000,APPROACH,0
124.390,0.0340,0.0000,APPROACH,0
124.424,0.0340,0.1000,APPROACH,0
124.458,0.0339,0.0000,APPROACH,0
124.492,0.0342,0.0000,APPROACH,0
124.526,0.0338,0.1000,APPROACH,0
124.560,0.0341,0.0000,APPROACH,0
124.594,0.0341,0.0000,APPROACH,0
124.628,0.0339,0.1000,APPROACH,0
124.664,0.0362,0.0000,APPROACH,0
124.696,0.0318,0.0000,APPROACH,0
124.730,0.0340,0.1000,APPROACH,0
124.765,0.0346,0.0000,APPROACH,0
124.799,0.0337,0.0000,APPROACH,0
124.833,0.0340,0.1000,APPROACH,0
124.867,0.0341,0.0000,APPROACH,0
124.901,0.0345,0.0000,APPROACH,0
124.935,0.0335,0.1000,APPROACH,0
124.969,0.0340,0.0000,APPROACH,0
125.003,0.0346,0.0000,APPROACH,0
125.038,0.0343,0.1000,APPROACH,0
125.071,0.0332,0.0000,APPROACH,0
125.105,0.0339,0.0000,APPROACH,0
125.139,0.0340,0.1000,APPROACH,0
125.173,0.0341,0.0000,APPROACH,0
125.207,0.0342,0.0000,APPROACH,0
125.241,0.0337,0.1000,APPROACH,0
125.275,0.0340,0.0000,APPROACH,0
125.309,0.0340,0.1000,APPROACH,0
125.343,0.0340,0.0000,APPROACH,0
125.377,0.0344,0.0000,APPROACH,0
125.411,0.0336,0.1000,APPROACH,0
125.445,0.0341,0.0000,APPROACH,0
125.479,0.0343,0.0000,APPROACH,0
125.513,0.0338,0.1000,PATROL,0
125.547,0.0343,0.0000,PATROL,0
125.581,0.0338,0.0000,PATROL,0
125.615,0.0339,0.1000,PATROL,0
125.649,0.0340,0.0000,PATROL,0
125.683,0.0344,0.0000,PATROL,0
125.717,0.0336,0.1000,PATROL,0
125.751,0.0342,0.0000,PATROL,0
125.785,0.0339,0.0000,PATROL,0
125.819,0.0341,0.1000,PATROL,0
125.853,0.0339,0.0000,PATROL,0
125.887,0.0342,0.0000,PATROL,0
125.921,0.0339,0.1000,PATROL,0
125.955,0.0342,0.0000,PATROL,0
125.989,0.0341,0.0000,PATROL,0
126.023,0.0340,0.1000,PATROL,0
126.057,0.0341,0.0000,PATROL,0
126.091,0.0342,0.0000,PATROL,0
126.125,0.0335,0.1000,PATROL,0
126.159,0.0344,0.0000,PATROL,0
126.193,0.0341,0.0000,PATROL,0
126.227,0.0337,0.1000,PATROL,0
126.261,0.0341,0.0000,PATROL,0
126.295,0.0341,0.0000,PATROL,0
126.329,0.0337,0.1000,PATROL,0
126.364,0.0344,0.0000,PATROL,0
126.398,0.0340,0.0000,PATROL,0
126.431,0.0337,0.1000,PATROL,0
126.465,0.0341,0.0000,PATROL,0
126.500,0.0342,0.0000,PATROL,0
126.534,0.0340,0.1000,PATROL,0
126.567,0.0337,0.0000,PATROL,0
126.601,0.0339,0.0000,PATROL,0
126.635,0.0339,0.1000,PATROL,0
126.669,0.0341,0.0000,PATROL,0
126.703,0.0341,0.0000,PATROL,0
126.738,0.0345,0.1000,PATROL,0
126.771,0.0336,0.0000,PATROL,0
126.805,0.0339,0.0000,PATROL,0
126.840,0.0343,0.1000,PATROL,0
126.873,0.0339,0.0000,PATROL,0
126.907,0.0340,0.0000,PATROL,0
126.941,0.0339,0.1000,PATROL,0
126.975,0.0341,0.0000,PATROL,0
127.009,0.0339,0.1000,PATROL,0
127.044,0.0348,0.0000,PATROL,0
127.078,0.0339,0.0000,PATROL,0
127.112,0.0337,0.1000,PATROL,0
127.146,0.0343,0.0000,PATROL,0
127.180,0.0339,0.0000,PATROL,0
127.214,0.0338,0.1000,PATROL,0
127.248,0.0341,0.0000,PATROL,0
127.282,0.0340,0.0000,PATROL,0
127.315,0.0337,0.1000,PATROL,0
127.350,0.0343,0.0000,PATROL,0
127.384,0.0340,0.0000,PATROL,0
127.418,0.0340,0.1000,PATROL,0
127.452,0.0342,0.0000,PATROL,0
127.486,0.0336,0.0000,PATROL,0
127.520,0.0341,0.1000,PATROL,0
127.554,0.0343,0.0000,PATROL,0
127.588,0.0337,0.0000,PATROL,0
127.622,0.0340,0.1000,PATROL,0
127.656,0.0341,0.0000,PATROL,0
127.690,0.0340,0.0000,PATROL,0
127.725,0.0352,0.1000,PATROL,0
127.759,0.0336,0.0000,PATROL,0
127.792,0.0338,0.0000,PATROL,0
127.826,0.0335,0.1000,PATROL,0
127.860,0.0344,0.0000,PATROL,0
127.894,0.0340,0.0000,PATROL,0
127.928,0.0335,0.1000,PATROL,0
127.962,0.0343,0.0000,PATROL,0
127.997,0.0345,0.0000,PATROL,0
128.030,0.0336,0.1000,PATROL,0
128.064,0.0343,0.0000,PATROL,0
128.098,0.0337,0.0000,PATROL,0
128.132,0.0340,0.1000,PATROL,0
128.166,0.0339,0.0000,PATROL,0
128.200,0.0342,0.0000,PATROL,0
128.234,0.0340,0.1000,PATROL,0
128.268,0.0340,0.0000,PATROL,0
128.302,0.0340,0.0000,PATROL,0
128.337,0.0344,0.1000,PATROL,0
128.371,0.0341,0.0000,PATROL,0
128.404,0.0337,0.0000,PATROL,0
128.439,0.0342,0.1000,PATROL,0
128.472,0.0338,0.0000,PATROL,0
128.506,0.0340,0.0000,PATROL,0
128.541,0.0348,0.1000,PATROL,0
128.575,0.0336,0.0000,PATROL,0
128.609,0.0339,0.0000,PATROL,0
128.642,0.0336,0.1000,PATROL,0
128.676,0.0339,0.0000,PATROL,0
128.710,0.0339,0.1000,PATROL,0
128.744,0.0343,0.0000,PATROL,0
128.779,0.0345,0.0000,PATROL,0
128.813,0.0339,0.1000,PATROL,0
128.846,0.0335,0.0000,PATROL,0
128.881,0.0344,0.0000,PATROL,0
128.915,0.0338,0.1000,PATROL,0
128.949,0.0341,0.0000,PATROL,0
128.983,0.0343,0.0000,PATROL,0
129.016,0.0335,0.1000,PATROL,0
129.051,0.0351,0.0000,PATROL,0
129.086,0.0346,0.0000,PATROL,0
129.119,0.0327,0.1000,PATROL,0
129.153,0.0339,0.0000,PATROL,0
129.187,0.0341,0.0000,PATROL,0
129.221,0.0339,0.1000,PATROL,0
129.255,0.0343,0.0000,PATROL,0
129.289,0.0337,0.0000,PATROL,0
129.323,0.0340,0.1000,PATROL,0
129.357,0.0342,0.0000,PATROL,0
129.391,0.0338,0.0000,PATROL,0
129.425,0.0341,0.1000,PATROL,0
129.459,0.0343,0.0000,PATROL,0
129.493,0.0340,0.0000,PATROL,0
129.527,0.0335,0.1000,PATROL,0
129.561,0.0343,0.0000,PATROL,0
129.595,0.0339,0.0000,PATROL,0
129.629,0.0341,0.1000,PATROL,0
129.663,0.0339,0.0000,PATROL,0
129.697,0.0340,0.0000,PATROL,0
129.731,0.0341,0.1000,PATROL,0
129.765,0.0340,0.0000,PATROL,0
129.799,0.0341,0.0000,PATROL,0
129.833,0.0340,0.1000,PATROL,0
129.867,0.0338,0.0000,PATROL,0
129.901,0.0347,0.0000,PATROL,0
129.935,0.0334,0.1000,PATROL,0
129.969,0.0342,0.0000,PATROL,0
130.003,0.0342,0.0000,PATROL,0
130.037,0.0338,0.1000,PATROL,0
130.071,0.0342,0.0000,PATROL,0
130.105,0.0339,0.0000,PATROL,0
130.139,0.0339,0.1000,PATROL,0
130.173,0.0345,0.0000,PATROL,0
130.207,0.0335,0.0000,PATROL,0
130.241,0.0343,0.1000,PATROL,0
130.276,0.0342,0.0000,PATROL,0
130.309,0.0334,0.0000,PATROL,0
130.343,0.0341,0.1000,PATROL,0
130.377,0.0343,0.0000,PATROL,0
130.411,0.0335,0.1000,PATROL,0
130.445,0.0346,0.0000,PATROL,0
130.480,0.0341,0.0000,PATROL,0
130.513,0.0337,0.1000,PATROL,0
130.547,0.0339,0.0000,PATROL,0
130.581,0.0342,0.0000,PATROL,0
130.615,0.0339,0.1000,PATROL,0
130.649,0.0341,0.0000,PATROL,0
130.683,0.0340,0.0000,PATROL,0
130.717,0.0338,0.1000,PATROL,0
130.751,0.0341,0.0000,PATROL,0
130.785,0.0341,0.0000,PATROL,0
130.819,0.0341,0.1000,PATROL,0
130.854,0.0343,0.0000,PATROL,0
130.887,0.0337,0.0000,PATROL,0
130.921,0.0341,0.1000,PATROL,0
130.956,0.0340,0.0000,PATROL,0
130.990,0.0343,0.0000,PATROL,0
131.023,0.0336,0.1000,PATROL,0
131.058,0.0342,0.0000,PATROL,0
131.092,0.0339,0.0000,PATROL,0
131.126,0.0342,0.1000,PATROL,0
131.160,0.0343,0.0000,PATROL,0
131.194,0.0336,0.0000,PATROL,0
131.228,0.0339,0.1000,PATROL,0
131.262,0.0342,0.0000,PATROL,0
131.296,0.0341,0.0000,PATROL,0
131.330,0.0342,0.1000,PATROL,0
131.364,0.0338,0.0000,PATROL,0
131.398,0.0339,0.0000,PATROL,0
131.432,0.0342,0.1000,PATROL,0
131.466,0.0341,0.0000,PATROL,0
131.500,0.0343,0.0000,PATROL,0
131.534,0.0334,0.1000,PATROL,0
131.568,0.0341,0.0000,PATROL,0
131.602,0.0342,0.0000,PATROL,0
131.636,0.0339,0.1000,PATROL,0
131.670,0.0341,0.0000,PATROL,0
131.704,0.0342,0.0000,PATROL,0
131.738,0.0340,0.1000,PATROL,0
131.772,0.0341,0.0000,PATROL,0
131.807,0.0345,0.0000,PATROL,0
131.840,0.0336,0.1000,PATROL,0
131.875,0.0342,0.0000,PATROL,0
131.908,0.0336,0.0000,PATROL,0
131.942,0.0341,0.1000,PATROL,0
131.976,0.0338,0.0000,PATROL,0
132.010,0.0339,0.0000,PATROL,0
132.044,0.0343,0.1000,PATROL,0
132.078,0.0338,0.0000,PATROL,0
132.112,0.0339,0.1000,PATROL,0
132.146,0.0341,0.0000,PATROL,0
132.180,0.0341,0.0000,PATROL,0
132.214,0.0340,0.1000,PATROL,0
132.248,0.0343,0.0000,PATROL,0
132.282,0.0337,0.0000,PATROL,0
132.316,0.0342,0.1000,PATROL,0
132.350,0.0337,0.0000,PATROL,0
132.384,0.0342,0.0000,PATROL,0
132.418,0.0338,0.1000,PATROL,0
132.452,0.0343,0.0000,PATROL,0
132.486,0.0340,0.0000,PATROL,0
132.520,0.0337,0.1000,PATROL,0
132.554,0.0340,0.0000,PATROL,0
132.589,0.0347,0.0000,PATROL,0
132.622,0.0336,0.1000,PATROL,0
132.656,0.0340,0.0000,PATROL,0
132.690,0.0338,0.0000,PATROL,0
132.725,0.0343,0.1000,PATROL,0
132.759,0.0343,0.0000,PATROL,0
132.792,0.0336,0.0000,PATROL,0
132.826,0.0339,0.1000,PATROL,0
132.861,0.0342,0.0000,PATROL,0
132.894,0.0338,0.0000,PATROL,0
132.928,0.0338,0.1000,PATROL,0
132.963,0.0344,0.0000,PATROL,0
132.997,0.0341,0.0000,PATROL,0
133.031,0.0340,0.1000,PATROL,0
133.065,0.0339,0.0000,PATROL,0
133.099,0.0341,0.0000,PATROL,0
133.133,0.0341,0.1000,PATROL,0
133.167,0.0337,0.0000,PATROL,0
133.201,0.0348,0.0000,PATROL,0
133.235,0.0336,0.1000,PATROL,0
133.269,0.0336,0.0000,PATROL,0
133.303,0.0344,0.0000,PATROL,0
133.337,0.0339,0.1000,PATROL,0
133.371,0.0342,0.0000,PATROL,0
133.405,0.0343,0.0000,PATROL,0
133.439,0.0340,0.1000,PATROL,0
133.473,0.0336,0.0000,PATROL,0
133.507,0.0340,0.0000,PATROL,0
133.541,0.0338,0.1000,PATROL,0
133.575,0.0342,0.0000,PATROL,0
133.609,0.0338,0.0000,PATROL,0
133.643,0.0343,0.1000,PATROL,0
133.677,0.0337,0.0000,PATROL,0
133.711,0.0343,0.0000,PATROL,0
133.745,0.0339,0.1000,PATROL,0
133.779,0.0340,0.0000,PATROL,0
133.813,0.0337,0.1000,PATROL,0
133.847,0.0343,0.0000,PATROL,0
133.881,0.0342,0.0000,PATROL,0
133.915,0.0337,0.1000,PATROL,0
133.949,0.0340,0.0000,PATROL,0
133.983,0.0344,0.0000,PATROL,0
134.017,0.0337,0.1000,PATROL,0
134.051,0.0342,0.0000,PATROL,0
134.085,0.0341,0.0000,PATROL,0
134.119,0.0336,0.1000,PATROL,0
134.153,0.0341,0.0000,PATROL,0
134.188,0.0353,0.0000,PATROL,0
134.221,0.0327,0.1000,PATROL,0
134.255,0.0341,0.0000,PATROL,0
134.289,0.0340,0.0000,PATROL,0
134.323,0.0338,0.1000,PATROL,0
134.357,0.0341,0.0000,PATROL,0
134.391,0.0340,0.0000,PATROL,0
134.425,0.0340,0.1000,PATROL,0
134.460,0.0342,0.0000,PATROL,0
134.493,0.0337,0.0000,PATROL,0
134.527,0.0340,0.1000,PATROL,0
134.562,0.0346,0.0000,PATROL,0
134.595,0.0336,0.0000,PATROL,0
134.629,0.0341,0.1000,PATROL,0
134.664,0.0342,0.0000,PATROL,0
134.697,0.0338,0.0000,PATROL,0
134.732,0.0342,0.1000,PATROL,0
134.766,0.0340,0.0000,PATROL,0
134.800,0.0340,0.0000,PATROL,0
134.834,0.0339,0.1000,PATROL,0
134.868,0.0343,0.0000,PATROL,0
134.902,0.0338,0.0000,PATROL,0
134.936,0.0341,0.1000,PATROL,0
134.970,0.0340,0.0000,PATROL,0
135.004,0.0342,0.0000,PATROL,0
135.038,0.0338,0.1000,PATROL,0
135.072,0.0339,0.0000,PATROL,0
135.106,0.0341,0.0000,PATROL,0
135.140,0.0339,0.1000,PATROL,0
135.174,0.0344,0.0000,PATROL,0
135.208,0.0337,0.0000,PATROL,0
135.242,0.0342,0.1000,PATROL,0
135.276,0.0339,0.0000,PATROL,0
135.310,0.0341,0.0000,PATROL,0
135.344,0.0339,0.1000,PATROL,0
135.378,0.0344,0.0000,PATROL,0
135.412,0.0337,0.0000,PATROL,0
135.446,0.0341,0.1000,PATROL,0
135.480,0.0341,0.0000,PATROL,0
135.513,0.0334,0.1000,PATROL,0
135.548,0.0347,0.0000,PATROL,0
135.582,0.0338,0.0000,PATROL,0
135.616,0.0338,0.1000,PATROL,0
135.650,0.0340,0.0000,PATROL,0
135.684,0.0342,0.0000,PATROL,0
135.718,0.0339,0.1000,PATROL,0
135.752,0.0342,0.0000,PATROL,0
135.786,0.0338,0.0000,PATROL,0
135.820,0.0344,0.1000,PATROL,0
135.854,0.0336,0.0000,PATROL,0
135.888,0.0345,0.0000,PATROL,0
135.922,0.0336,0.1000,PATROL,0
135.956,0.0340,0.0000,PATROL,0
135.990,0.0345,0.0000,PATROL,0
136.024,0.0338,0.1000,PATROL,0
136.058,0.0343,0.0000,PATROL,0
136.092,0.0339,0.0000,PATROL,0
136.126,0.0338,0.1000,PATROL,0
136.160,0.0340,0.0000,PATROL,0
136.195,0.0345,0.0000,PATROL,0
136.228,0.0335,0.1000,PATROL,0
136.262,0.0343,0.0000,PATROL,0
136.296,0.0336,0.0000,PATROL,0
136.330,0.0341,0.1000,PATROL,0
136.365,0.0351,0.0000,PATROL,0
136.399,0.0333,0.0000,PATROL,0
136.432,0.0337,0.1000,PATROL,0
136.466,0.0341,0.0000,PATROL,0
136.501,0.0343,0.0000,PATROL,0
136.534,0.0337,0.1000,PATROL,0
136.569,0.0344,0.0000,PATROL,0
136.602,0.0336,0.0000,PATROL,0
136.638,0.0350,0.1000,PATROL,0
136.670,0.0327,0.0000,PATROL,0
136.704,0.0343,0.0000,PATROL,0
136.738,0.0340,0.1000,PATROL,0
136.773,0.0342,0.0000,PATROL,0
136.807,0.0345,0.0000,PATROL,0
136.841,0.0335,0.1000,PATROL,0
136.875,0.0339,0.0000,PATROL,0
136.909,0.0341,0.0000,PATROL,0
136.943,0.0342,0.1000,PATROL,0
136.978,0.0348,0.0000,PATROL,0
137.011,0.0329,0.0000,PATROL,0
137.045,0.0341,0.1000,PATROL,0
137.079,0.0340,0.0000,PATROL,0
137.113,0.0339,0.0000,PATROL,0
137.147,0.0339,0.1000,PATROL,0
137.181,0.0345,0.0000,PATROL,0
137.214,0.0333,0.1000,PATROL,0
137.249,0.0346,0.0000,PATROL,0
137.283,0.0339,0.0000,PATROL,0
137.317,0.0337,0.1000,PATROL,0
137.351,0.0341,0.0000,PATROL,0
137.385,0.0341,0.0000,PATROL,0
137.419,0.0339,0.1000,PATROL,0
137.453,0.0345,0.0000,PATROL,0
137.487,0.0337,0.0000,PATROL,0
137.521,0.0338,0.1000,PATROL,0
137.555,0.0343,0.0000,PATROL,0
137.589,0.0338,0.0000,PATROL,0
137.623,0.0341,0.1000,PATROL,0
137.657,0.0343,0.0000,PATROL,0
137.691,0.0338,0.0000,PATROL,0
137.726,0.0349,0.1000,PATROL,0
137.759,0.0330,0.0000,PATROL,0
137.793,0.0340,0.0000,PATROL,0
137.827,0.0340,0.1000,PATROL,0
137.861,0.0342,0.0000,PATROL,0
137.895,0.0338,0.0000,PATROL,0
137.929,0.0342,0.1000,PATROL,0
137.963,0.0342,0.0000,PATROL,0
137.997,0.0336,0.0000,PATROL,0
138.031,0.0340,0.1000,PATROL,0
138.065,0.0343,0.0000,PATROL,0
138.100,0.0344,0.0000,PATROL,0
138.133,0.0335,0.1000,PATROL,0
138.167,0.0340,0.0000,PATROL,0
138.201,0.0338,0.0000,PATROL,0
138.235,0.0341,0.1000,PATROL,0
138.270,0.0349,0.0000,PATROL,0
138.304,0.0335,0.0000,PATROL,0
138.337,0.0337,0.1000,PATROL,0
138.371,0.0339,0.0000,PATROL,0
138.405,0.0342,0.0000,PATROL,0
138.439,0.0338,0.1000,PATROL,0
138.473,0.0340,0.0000,PATROL,0
138.507,0.0342,0.0000,PATROL,0
138.541,0.0339,0.1000,PATROL,0
138.575,0.0341,0.0000,PATROL,0
138.609,0.0338,0.0000,PATROL,0
138.643,0.0343,0.1000,PATROL,0
138.677,0.0339,0.0000,PATROL,0
138.711,0.0340,0.0000,PATROL,0
138.746,0.0343,0.1000,PATROL,0
138.781,0.0349,0.0000,PATROL,0
138.813,0.0327,0.0000,PATROL,0
138.847,0.0341,0.1000,PATROL,0
138.881,0.0340,0.0000,PATROL,0
138.915,0.0339,0.1000,PATROL,0
138.950,0.0345,0.0000,PATROL,0
138.984,0.0338,0.0000,PATROL,0
139.017,0.0337,0.1000,PATROL,0
139.052,0.0342,0.0000,PATROL,0
139.086,0.0341,0.0000,PATROL,0
139.119,0.0337,0.1000,PATROL,0
139.154,0.0341,0.0000,PATROL,0
139.188,0.0345,0.0000,PATROL,0
139.222,0.0335,0.1000,PATROL,0
139.256,0.0344,0.0000,PATROL,0
139.290,0.0339,0.0000,PATROL,0
139.324,0.0340,0.1000,PATROL,0
139.358,0.0337,0.0000,PATROL,0
139.392,0.0341,0.0000,PATROL,0
139.426,0.0340,0.1000,PATROL,0
139.460,0.0341,0.0000,PATROL,0
139.494,0.0342,0.0000,PATROL,0
139.528,0.0338,0.1000,PATROL,0
139.563,0.0347,0.0000,PATROL,0
139.596,0.0333,0.0000,PATROL,0
139.630,0.0341,0.1000,PATROL,0
139.664,0.0340,0.0000,PATROL,0
139.698,0.0338,0.0000,PATROL,0
139.732,0.0341,0.1000,PATROL,0
139.766,0.0344,0.0000,PATROL,0
139.800,0.0342,0.0000,PATROL,0
139.834,0.0337,0.1000,PATROL,0
139.868,0.0343,0.0000,PATROL,0
139.902,0.0339,0.0000,PATROL,0
139.936,0.0339,0.1000,PATROL,0
139.970,0.0342,0.0000,PATROL,0
140.004,0.0339,0.0000,PATROL,0
140.038,0.0339,0.1000,PATROL,0
140.072,0.0344,0.0000,PATROL,0
140.106,0.0339,0.0000,PATROL,0
140.141,0.0342,0.1000,PATROL,0
140.174,0.0334,0.0000,PATROL,0
140.208,0.0340,0.0000,PATROL,0
140.242,0.0342,0.1000,PATROL,0
140.276,0.0341,0.0000,PATROL,0
140.310,0.0336,0.0000,PATROL,0
140.344,0.0344,0.1000,PATROL,0
140.378,0.0340,0.0000,PATROL,0
140.413,0.0348,0.0000,PATROL,0
140.446,0.0331,0.1000,PATROL,0
140.481,0.0343,0.0000,PATROL,0
140.514,0.0336,0.0000,PATROL,0
140.548,0.0339,0.1000,PATROL,0
140.582,0.0342,0.0000,PATROL,0
140.616,0.0337,0.1000,PATROL,0
140.650,0.0344,0.0000,PATROL,0
140.685,0.0349,0.0000,PATROL,0
140.718,0.0329,0.1000,PATROL,0
140.752,0.0342,0.0000,PATROL,0
140.787,0.0341,0.0000,PATROL,0
140.820,0.0339,0.1000,PATROL,0
140.855,0.0340,0.0000,PATROL,0
140.889,0.0343,0.0000,PATROL,0
140.922,0.0337,0.1000,PATROL,0
140.957,0.0341,0.0000,PATROL,0
140.991,0.0341,0.0000,PATROL,0
141.025,0.0339,0.1000,PATROL,0
141.058,0.0339,0.0000,PATROL,0
141.092,0.0339,0.0000,PATROL,0
141.126,0.0340,0.1000,PATROL,0
141.161,0.0342,0.0000,PATROL,0
141.195,0.0345,0.0000,PATROL,0
141.229,0.0337,0.1000,PATROL,0
141.263,0.0337,0.0000,PATROL,0
141.297,0.0343,0.0000,PATROL,0
141.331,0.0338,0.1000,PATROL,0
141.365,0.0346,0.0000,PATROL,0
141.399,0.0336,0.0000,PATROL,0
141.433,0.0337,0.1000,PATROL,0
141.467,0.0341,0.0000,PATROL,0
141.502,0.0349,0.0000,PATROL,0
141.535,0.0331,0.1000,PATROL,0
141.569,0.0345,0.0000,PATROL,0
141.603,0.0340,0.0000,PATROL,0
141.637,0.0337,0.1000,PATROL,0
141.671,0.0343,0.0000,PATROL,0
141.705,0.0338,0.0000,PATROL,0
141.739,0.0341,0.1000,PATROL,0
141.773,0.0339,0.0000,PATROL,0
141.807,0.0344,0.0000,PATROL,0
141.841,0.0338,0.1000,PATROL,0
141.875,0.0339,0.0000,PATROL,0
141.909,0.0338,0.0000,PATROL,0
141.943,0.0343,0.1000,PATROL,0
141.977,0.0341,0.0000,PATROL,0
142.012,0.0342,0.0000,PATROL,0
142.045,0.0335,0.1000,PATROL,0
142.079,0.0340,0.0000,PATROL,0
142.113,0.0337,0.0000,PATROL,0
142.147,0.0344,0.1000,PATROL,0
142.181,0.0337,0.0000,PATROL,0
142.215,0.0340,0.0000,PATROL,0
142.249,0.0341,0.1000,PATROL,0
142.283,0.0341,0.0000,PATROL,0
142.317,0.0338,0.1000,PATROL,0
142.351,0.0342,0.0000,PATROL,0
142.385,0.0340,0.0000,PATROL,0
142.419,0.0338,0.1000,PATROL,0
142.453,0.0341,0.0000,PATROL,0
142.487,0.0342,0.0000,PATROL,0
142.521,0.0338,0.1000,PATROL,0
142.555,0.0343,0.0000,PATROL,0
142.589,0.0338,0.0000,PATROL,0
142.623,0.0343,0.1000,PATROL,0
142.657,0.0339,0.0000,PATROL,0
142.692,0.0343,0.0000,PATROL,0
142.725,0.0338,0.1000,PATROL,0
142.759,0.0340,0.0000,PATROL,0
142.793,0.0340,0.0000,PATROL,0
142.827,0.0340,0.1000,PATROL,0
142.862,0.0342,0.0000,PATROL,0
142.895,0.0339,0.0000,PATROL,0
142.930,0.0344,0.1000,PATROL,0
142.964,0.0342,0.0000,PATROL,0
142.998,0.0339,0.0000,PATROL,0
143.033,0.0347,0.1000,PATROL,0
143.066,0.0331,0.0000,PATROL,0
143.100,0.0341,0.0000,PATROL,0
143.134,0.0339,0.1000,PATROL,0
143.168,0.0343,0.0000,PATROL,0
143.202,0.0340,0.0000,PATROL,0
143.236,0.0337,0.1000,PATROL,0
143.270,0.0345,0.0000,PATROL,0
143.304,0.0335,0.0000,PATROL,0
143.338,0.0342,0.1000,PATROL,0
143.372,0.0342,0.0000,PATROL,0
143.407,0.0349,0.0000,PATROL,0
143.440,0.0328,0.1000,PATROL,0
143.474,0.0340,0.0000,PATROL,0
143.508,0.0341,0.0000,PATROL,0
143.542,0.0341,0.1000,PATROL,0
143.576,0.0340,0.0000,PATROL,0
143.610,0.0338,0.0000,PATROL,0
143.644,0.0346,0.1000,PATROL,0
143.678,0.0335,0.0000,PATROL,0
143.712,0.0341,0.0000,PATROL,0
143.746,0.0340,0.1000,PATROL,0
143.780,0.0339,0.0000,PATROL,0
143.814,0.0342,0.0000,PATROL,0
143.848,0.0339,0.1000,PATROL,0
143.882,0.0340,0.0000,PATROL,0
143.916,0.0342,0.0000,PATROL,0
143.950,0.0339,0.1000,PATROL,0
143.984,0.0342,0.0000,PATROL,0
144.018,0.0336,0.1000,PATROL,0
144.052,0.0342,0.0000,PATROL,0
144.086,0.0342,0.0000,PATROL,0
144.120,0.0338,0.1000,PATROL,0
144.154,0.0340,0.0000,PATROL,0
144.189,0.0346,0.0000,PATROL,0
144.222,0.0336,0.1000,PATROL,0
144.256,0.0340,0.0000,PATROL,0
144.290,0.0343,0.0000,PATROL,0
144.324,0.0338,0.1000,PATROL,0
144.358,0.0339,0.0000,PATROL,0
144.392,0.0341,0.0000,PATROL,0
144.426,0.0340,0.1000,PATROL,0
144.460,0.0341,0.0000,PATROL,0
144.494,0.0338,0.0000,PATROL,0
144.528,0.0340,0.1000,PATROL,0
144.562,0.0343,0.0000,PATROL,0
144.596,0.0338,0.0000,PATROL,0
144.630,0.0339,0.1000,PATROL,0
144.665,0.0343,0.0000,PATROL,0
144.699,0.0349,0.0000,PATROL,0
144.733,0.0338,0.1000,PATROL,0
144.766,0.0332,0.0000,PATROL,0
144.801,0.0343,0.0000,PATROL,0
144.834,0.0338,0.1000,PATROL,0
144.869,0.0347,0.0000,PATROL,0
144.903,0.0336,0.0000,PATROL,0
144.936,0.0336,0.1000,PATROL,0
144.970,0.0341,0.0000,PATROL,0
145.005,0.0347,0.0000,PATROL,0
145.039,0.0336,0.1000,PATROL,0
145.073,0.0339,0.0000,PATROL,0
145.107,0.0344,0.0000,PATROL,0
145.141,0.0337,0.1000,PATROL,0
145.175,0.0339,0.0000,PATROL,0
145.209,0.0342,0.0000,PATROL,0
145.243,0.0339,0.1000,PATROL,0
145.277,0.0341,0.0000,PATROL,0
145.311,0.0340,0.0000,PATROL,0
145.345,0.0341,0.1000,PATROL,0
145.379,0.0346,0.0000,PATROL,0
145.413,0.0334,0.0000,PATROL,0
145.447,0.0341,0.1000,PATROL,0
145.481,0.0340,0.0000,PATROL,0
145.515,0.0345,0.0000,PATROL,0
145.549,0.0335,0.1000,PATROL,0
145.583,0.0340,0.0000,PATROL,0
145.617,0.0340,0.0000,PATROL,0
145.651,0.0339,0.1000,PATROL,0
145.685,0.0341,0.0000,PATROL,0
145.719,0.0338,0.1000,PATROL,0
145.753,0.0342,0.0000,PATROL,0
145.787,0.0344,0.0000,PATROL,0
145.821,0.0337,0.1000,PATROL,0
145.855,0.0339,0.0000,PATROL,0
145.889,0.0346,0.0000,PATROL,0
145.923,0.0334,0.1000,PATROL,0
145.957,0.0345,0.0000,PATROL,0
145.992,0.0343,0.0000,PATROL,0
146.025,0.0334,0.1000,PATROL,0
146.059,0.0340,0.0000,PATROL,0
146.093,0.0341,0.0000,PATROL,0
146.127,0.0338,0.1000,PATROL,0
146.161,0.0340,0.0000,PATROL,0
146.195,0.0341,0.0000,PATROL,0
146.229,0.0340,0.1000,PATROL,0
146.263,0.0339,0.0000,PATROL,0
146.297,0.0341,0.0000,PATROL,0
146.331,0.0339,0.1000,PATROL,0
146.366,0.0345,0.0000,PATROL,0
146.399,0.0337,0.0000,PATROL,0
146.433,0.0339,0.1000,PATROL,0
146.467,0.0342,0.0000,PATROL,0
146.502,0.0341,0.0000,PATROL,0
146.535,0.0335,0.1000,PATROL,0
146.569,0.0343,0.0000,PATROL,0
146.603,0.0341,0.0000,PATROL,0
146.637,0.0337,0.1000,PATROL,0
146.672,0.0343,0.0000,PATROL,0
146.705,0.0339,0.0000,PATROL,0
146.739,0.0339,0.1000,PATROL,0
146.774,0.0343,0.0000,PATROL,0
146.807,0.0337,0.0000,PATROL,0
146.841,0.0341,0.1000,PATROL,0
146.876,0.0343,0.0000,PATROL,0
146.909,0.0336,0.0000,PATROL,0
146.944,0.0342,0.1000,PATROL,0
146.978,0.0344,0.0000,PATROL,0
147.012,0.0338,0.0000,PATROL,0
147.046,0.0340,0.1000,ALIGN,0
147.080,0.0339,0.0000,ALIGN,0
147.114,0.0338,0.0000,ALIGN,0
147.147,0.0339,0.1000,ALIGN,0
147.181,0.0340,0.0000,ALIGN,0
147.215,0.0340,0.0000,ALIGN,0
147.250,0.0345,0.1000,ALIGN,0
147.284,0.0340,0.0000,ALIGN,0
147.318,0.0336,0.0000,ALIGN,0
147.352,0.0341,0.1000,ALIGN,0
147.386,0.0339,0.0000,ALIGN,0
147.420,0.0344,0.1000,ALIGN,0
147.454,0.0339,0.0000,ALIGN,0
147.488,0.0339,0.0000,ALIGN,0
147.521,0.0337,0.1000,ALIGN,0
147.556,0.0341,0.0000,ALIGN,0
147.590,0.0344,0.0000,ALIGN,0
147.624,0.0336,0.1000,ALIGN,0
147.658,0.0342,0.0000,ALIGN,0
147.692,0.0344,0.0000,ALIGN,0
147.726,0.0339,0.1000,ALIGN,0
147.760,0.0339,0.0000,ALIGN,0
147.794,0.0340,0.0000,ALIGN,0
147.828,0.0338,0.1000,ALIGN,0
147.862,0.0339,0.0000,ALIGN,0
147.896,0.0339,0.0000,ALIGN,0
147.930,0.0341,0.1000,ALIGN,0
147.965,0.0351,0.0000,ALIGN,0
147.998,0.0328,0.0000,ALIGN,0
148.032,0.0340,0.1000,ALIGN,0
148.066,0.0343,0.0000,ALIGN,0
148.100,0.0337,0.0000,ALIGN,0
148.134,0.0343,0.1000,ALIGN,0
148.168,0.0338,0.0000,ALIGN,0
148.202,0.0340,0.0000,ALIGN,0
148.236,0.0343,0.1000,ALIGN,0
148.270,0.0338,0.0000,ALIGN,0
148.304,0.0344,0.0000,ALIGN,0
148.338,0.0337,0.1000,ALIGN,0
148.372,0.0344,0.0000,ALIGN,0
148.407,0.0348,0.0000,ALIGN,0
148.440,0.0331,0.1000,ALIGN,0
148.475,0.0342,0.0000,ALIGN,0
148.509,0.0341,0.0000,ALIGN,0
148.543,0.0342,0.1000,ALIGN,0
148.577,0.0336,0.0000,ALIGN,0
148.611,0.0344,0.0000,ALIGN,0
148.645,0.0340,0.1000,ALIGN,0
148.679,0.0341,0.0000,ALIGN,0
148.713,0.0338,0.0000,ALIGN,0
148.747,0.0341,0.1000,ALIGN,0
148.781,0.0346,0.0000,ALIGN,0
148.815,0.0339,0.0000,APPROACH,0
148.849,0.0336,0.1000,APPROACH,0
148.883,0.0340,0.0000,APPROACH,0
148.917,0.0339,0.0000,APPROACH,0
148.951,0.0345,0.1000,APPROACH,0
148.985,0.0341,0.0000,APPROACH,0
149.019,0.0339,0.0000,APPROACH,0
149.053,0.0341,0.1000,APPROACH,0
149.087,0.0342,0.0000,APPROACH,0
149.121,0.0334,0.1000,APPROACH,0
149.155,0.0346,0.0000,APPROACH,0
149.189,0.0340,0.0000,APPROACH,0
149.223,0.0335,0.1000,APPROACH,0
149.257,0.0341,0.0000,APPROACH,0
149.292,0.0345,0.0000,APPROACH,0
149.325,0.0336,0.1000,APPROACH,0
149.360,0.0345,0.0000,APPROACH,0
149.393,0.0338,0.0000,APPROACH,0
149.427,0.0340,0.1000,APPROACH,0
149.462,0.0341,0.0000,APPROACH,0
149.496,0.0340,0.0000,APPROACH,0
149.529,0.0337,0.1000,APPROACH,0
149.564,0.0351,0.0000,APPROACH,0
149.597,0.0329,0.0000,APPROACH,0
149.631,0.0339,0.1000,APPROACH,0
149.665,0.0342,0.0000,APPROACH,0
149.700,0.0342,0.0000,APPROACH,0
149.733,0.0337,0.1000,APPROACH,0
149.767,0.0340,0.0000,APPROACH,0
149.801,0.0341,0.0000,APPROACH,0
149.835,0.0340,0.1000,APPROACH,0
149.869,0.0341,0.0000,APPROACH,0
149.904,0.0342,0.0000,APPROACH,0
149.937,0.0338,0.1000,APPROACH,0
149.971,0.0341,0.0000,APPROACH,0
150.006,0.0343,0.0000,APPROACH,0
150.039,0.0337,0.1000,APPROACH,0
150.074,0.0342,0.0000,APPROACH,0
150.108,0.0346,0.0000,APPROACH,0
150.142,0.0335,0.1000,APPROACH,0
150.176,0.0340,0.0000,APPROACH,0
150.210,0.0339,0.0000,APPROACH,0
150.244,0.0340,0.1000,APPROACH,0
150.277,0.0339,0.0000,APPROACH,0
150.312,0.0341,0.0000,APPROACH,0
150.346,0.0341,0.1000,APPROACH,0
150.380,0.0339,0.0000,APPROACH,0
150.414,0.0339,0.0000,APPROACH,0
150.448,0.0344,0.1000,APPROACH,0
150.482,0.0337,0.0000,APPROACH,0
150.516,0.0340,0.0000,APPROACH,0
150.550,0.0343,0.1000,APPROACH,0
150.584,0.0338,0.0000,APPROACH,0
150.618,0.0339,0.0000,APPROACH,0
150.652,0.0344,0.1000,APPROACH,0
150.686,0.0337,0.0000,APPROACH,0
150.720,0.0339,0.0000,APPROACH,0
150.754,0.0341,0.1000,APPROACH,0
150.788,0.0340,0.0000,APPROACH,0
150.822,0.0338,0.1000,APPROACH,0
150.856,0.0343,0.0000,APPROACH,0
150.890,0.0338,0.0000,APPROACH,0
150.924,0.0340,0.1000,APPROACH,0
150.958,0.0343,0.0000,APPROACH,0
150.992,0.0341,0.0000,APPROACH,0
151.026,0.0339,0.1000,APPROACH,0
151.060,0.0343,0.0000,APPROACH,0
151.094,0.0342,0.0000,APPROACH,0
151.128,0.0339,0.1000,APPROACH,0
151.163,0.0342,0.0000,APPROACH,0
151.198,0.0352,0.0000,APPROACH,0
151.230,0.0325,0.1000,APPROACH,0
151.264,0.0341,0.0000,APPROACH,0
151.298,0.0338,0.0000,APPROACH,0
151.332,0.0341,0.1000,APPROACH,0
151.366,0.0342,0.0000,APPROACH,0
151.400,0.0339,0.0000,APPROACH,0
151.435,0.0347,0.1000,APPROACH,0
151.469,0.0336,0.0000,APPROACH,0
151.502,0.0336,0.0000,APPROACH,0
151.536,0.0341,0.1000,APPROACH,0
151.571,0.0342,0.0000,APPROACH,0
151.605,0.0340,0.0000,APPROACH,0
151.638,0.0339,0.1000,APPROACH,0
151.672,0.0340,0.0000,APPROACH,0
151.707,0.0343,0.0000,APPROACH,0
151.740,0.0336,0.1000,APPROACH,0
151.775,0.0345,0.0000,APPROACH,0
151.809,0.0338,0.0000,APPROACH,0
151.843,0.0341,0.1000,APPROACH,0
151.877,0.0342,0.0000,APPROACH,0
151.910,0.0336,0.0000,APPROACH,0
151.944,0.0341,0.1000,APPROACH,0
151.979,0.0346,0.0000,APPROACH,0
152.013,0.0338,0.0000,APPROACH,0
152.047,0.0338,0.1000,APPROACH,0
152.081,0.0340,0.0000,APPROACH,0
152.115,0.0341,0.0000,APPROACH,0
152.149,0.0339,0.1000,APPROACH,0
152.183,0.0340,0.0000,APPROACH,0
152.217,0.0345,0.0000,APPROACH,0
152.252,0.0345,0.1000,APPROACH,0
152.285,0.0334,0.0000,APPROACH,0
152.319,0.0339,0.0000,APPROACH,0
152.353,0.0343,0.1000,APPROACH,0
152.387,0.0342,0.0000,APPROACH,0
152.421,0.0336,0.0000,APPROACH,0
152.455,0.0339,0.1000,APPROACH,0
152.489,0.0342,0.0000,APPROACH,0
152.523,0.0338,0.1000,APPROACH,0
152.557,0.0339,0.0000,APPROACH,0
152.591,0.0340,0.0000,APPROACH,0
152.625,0.0340,0.1000,APPROACH,0
152.659,0.0340,0.0000,APPROACH,0
152.693,0.0342,0.0000,APPROACH,0
152.727,0.0338,0.1000,APPROACH,0
152.761,0.0341,0.0000,APPROACH,0
152.795,0.0344,0.0000,APPROACH,0
152.829,0.0336,0.1000,APPROACH,0
152.863,0.0341,0.0000,APPROACH,0
152.897,0.0342,0.0000,APPROACH,0
152.931,0.0337,0.1000,APPROACH,0
152.965,0.0340,0.0000,APPROACH,0
152.999,0.0341,0.0000,APPROACH,0
153.033,0.0343,0.1000,APPROACH,0
153.067,0.0338,0.0000,APPROACH,0
153.102,0.0346,0.0000,APPROACH,0
153.136,0.0345,0.1000,APPROACH,0
153.170,0.0333,0.0000,APPROACH,0
153.203,0.0339,0.0000,APPROACH,0
153.237,0.0340,0.1000,APPROACH,0
153.271,0.0340,0.0000,APPROACH,0
153.305,0.0339,0.0000,APPROACH,0
153.340,0.0343,0.1000,APPROACH,0
153.373,0.0336,0.0000,APPROACH,0
153.407,0.0339,0.0000,APPROACH,0
153.442,0.0344,0.1000,APPROACH,0
153.475,0.0338,0.0000,APPROACH,0
153.509,0.0338,0.0000,APPROACH,0
153.543,0.0342,0.1000,APPROACH,0
153.578,0.0342,0.0000,APPROACH,0
153.612,0.0345,0.0000,APPROACH,0
153.645,0.0331,0.1000,APPROACH,0
153.679,0.0342,0.0000,APPROACH,0
153.713,0.0341,0.0000,APPROACH,0
153.747,0.0340,0.1000,APPROACH,0
153.781,0.0338,0.0000,APPROACH,0
153.816,0.0343,0.0000,APPROACH,0
153.849,0.0339,0.1000,APPROACH,0
153.883,0.0340,0.0000,APPROACH,0
153.918,0.0342,0.0000,APPROACH,0
153.952,0.0345,0.1000,APPROACH,0
153.985,0.0334,0.0000,APPROACH,0
154.019,0.0340,0.0000,APPROACH,0
154.053,0.0340,0.1000,APPROACH,0
154.088,0.0346,0.0000,APPROACH,0
154.122,0.0336,0.0000,APPROACH,0
154.156,0.0341,0.1000,APPROACH,0
154.190,0.0338,0.0000,APPROACH,0
154.223,0.0339,0.1000,APPROACH,0
154.258,0.0343,0.0000,APPROACH,0
154.292,0.0339,0.0000,APPROACH,0
154.326,0.0341,0.1000,APPROACH,0
154.360,0.0339,0.0000,APPROACH,0
154.394,0.0344,0.0000,APPROACH,0
154.428,0.0336,0.1000,APPROACH,0
154.462,0.0342,0.0000,APPROACH,0
154.496,0.0341,0.0000,APPROACH,0
154.530,0.0337,0.1000,APPROACH,0
154.564,0.0342,0.0000,APPROACH,0
154.598,0.0343,0.0000,APPROACH,0
154.632,0.0336,0.1000,APPROACH,0
154.666,0.0346,0.0000,APPROACH,0
154.700,0.0335,0.0000,APPROACH,0
154.734,0.0338,0.1000,APPROACH,0
154.768,0.0345,0.0000,APPROACH,0
154.802,0.0336,0.0000,APPROACH,0
154.836,0.0340,0.1000,APPROACH,0
154.870,0.0343,0.0000,APPROACH,0
154.904,0.0338,0.0000,APPROACH,0
154.938,0.0340,0.1000,APPROACH,0
154.973,0.0349,0.0000,APPROACH,0
155.006,0.0335,0.0000,APPROACH,0
155.040,0.0336,0.1000,APPROACH,0
155.074,0.0342,0.0000,APPROACH,0
155.108,0.0340,0.0000,APPROACH,0
155.142,0.0343,0.1000,APPROACH,0
155.177,0.0342,0.0000,APPROACH,0
155.210,0.0336,0.0000,APPROACH,0
155.245,0.0344,0.1000,APPROACH,0
155.279,0.0340,0.0000,APPROACH,0
155.312,0.0335,0.0000,APPROACH,0
155.346,0.0341,0.1000,APPROACH,0
155.380,0.0341,0.0000,APPROACH,0
155.414,0.0340,0.0000,APPROACH,0
155.448,0.0341,0.1000,APPROACH,0
155.482,0.0340,0.0000,APPROACH,0
155.516,0.0340,0.0000,APPROACH,0
155.550,0.0341,0.1000,APPROACH,0
155.584,0.0339,0.0000,APPROACH,0
155.619,0.0345,0.0000,APPROACH,0
155.653,0.0339,0.1000,APPROACH,0
155.687,0.0340,0.0000,APPROACH,0
155.720,0.0337,0.0000,APPROACH,0
155.755,0.0341,0.1000,APPROACH,0
155.789,0.0343,0.0000,APPROACH,0
155.822,0.0337,0.0000,APPROACH,0
155.857,0.0345,0.1000,APPROACH,0
155.890,0.0334,0.0000,APPROACH,0
155.925,0.0342,0.1000,APPROACH,0
155.959,0.0342,0.0000,APPROACH,0
155.993,0.0338,0.0000,APPROACH,0
156.026,0.0337,0.1000,APPROACH,0
156.061,0.0344,0.0000,APPROACH,0
156.094,0.0337,0.0000,APPROACH,0
156.129,0.0341,0.1000,APPROACH,0
156.163,0.0340,0.0000,APPROACH,0
156.197,0.0340,0.0000,APPROACH,0
156.231,0.0341,0.1000,APPROACH,0
156.265,0.0340,0.0000,APPROACH,0
156.299,0.0342,0.0000,APPROACH,0
156.333,0.0340,0.1000,APPROACH,0
156.367,0.0340,0.0000,APPROACH,0
156.401,0.0339,0.0000,APPROACH,0
156.435,0.0342,0.1000,APPROACH,0
156.469,0.0340,0.0000,APPROACH,0
156.503,0.0338,0.0000,APPROACH,0
156.537,0.0341,0.1000,APPROACH,0
156.571,0.0341,0.0000,APPROACH,0
156.605,0.0340,0.0000,APPROACH,0
156.639,0.0341,0.1000,APPROACH,0
156.673,0.0338,0.0000,APPROACH,0
156.707,0.0341,0.0000,APPROACH,0
156.741,0.0341,0.1000,APPROACH,0
156.775,0.0341,0.0000,APPROACH,0
156.809,0.0339,0.0000,APPROACH,0
156.843,0.0339,0.1000,APPROACH,0
156.878,0.0354,0.0000,APPROACH,0
156.911,0.0328,0.0000,APPROACH,0
156.945,0.0339,0.1000,APPROACH,0
156.979,0.0346,0.0000,APPROACH,0
157.014,0.0341,0.0000,APPROACH,0
157.047,0.0335,0.1000,APPROACH,0
157.081,0.0341,0.0000,APPROACH,0
157.115,0.0341,0.0000,APPROACH,0
157.149,0.0338,0.1000,APPROACH,0
157.183,0.0340,0.0000,APPROACH,0
157.217,0.0343,0.0000,APPROACH,0
157.251,0.0340,0.1000,APPROACH,0
157.286,0.0342,0.0000,APPROACH,0
