t,x,y,yaw,state,wp_index,cell_number,real_x,real_y,real_yaw,target_ball_guess,x_wall,y_wall,yaw_wall
0.20,-10.533,-4.260,-0.000,PATROL,1,2,-10.533,-4.260,-0.000,,-10.533,-4.260,-0.000
0.40,-10.516,-4.260,-0.000,PATROL,1,2,-10.514,-4.260,-0.000,,-10.516,-4.260,-0.000
0.60,-10.457,-4.260,-0.000,PATROL,1,2,-10.455,-4.260,-0.000,,-10.457,-4.260,-0.000
0.80,-10.378,-4.260,0.011,PATROL,1,2,-10.377,-4.260,0.011,,-10.378,-4.260,0.011
1.00,-10.298,-4.258,0.020,PATROL,1,2,-10.299,-4.258,0.020,,-10.298,-4.258,0.020
1.20,-10.219,-4.257,0.027,PATROL,1,2,-10.221,-4.257,0.027,,-10.218,-4.257,0.027
1.40,-10.138,-4.254,0.033,PATROL,1,2,-10.142,-4.254,0.033,,-10.138,-4.254,0.033
1.60,-10.058,-4.251,0.038,PATROL,1,2,-10.064,-4.251,0.038,,-10.058,-4.251,0.038
1.80,-9.991,-4.249,0.042,PATROL,1,2,-9.985,-4.248,0.042,,-9.991,-4.249,0.042
2.00,-9.910,-4.245,0.046,PATROL,1,2,-9.906,-4.245,0.046,,-9.910,-4.245,0.046
2.20,-9.829,-4.241,0.048,PATROL,1,2,-9.827,-4.241,0.048,,-9.829,-4.241,0.048
2.40,-9.748,-4.237,0.051,PATROL,1,2,-9.747,-4.237,0.051,,-9.748,-4.237,0.051
2.60,-9.667,-4.233,0.052,PATROL,1,2,-9.668,-4.233,0.052,,-9.667,-4.233,0.052
2.80,-9.586,-4.229,0.054,PATROL,1,2,-9.588,-4.229,0.054,,-9.585,-4.229,0.054
3.00,-9.505,-4.224,0.055,PATROL,1,2,-9.508,-4.224,0.055,,-9.504,-4.224,0.055
3.20,-9.423,-4.220,0.056,PATROL,1,2,-9.429,-4.220,0.056,,-9.423,-4.220,0.056
3.40,-9.356,-4.216,0.057,PATROL,1,2,-9.349,-4.216,0.057,,-9.355,-4.216,0.057
3.60,-9.274,-4.211,0.058,PATROL,1,2,-9.270,-4.211,0.058,,-9.274,-4.211,0.058
3.80,-9.193,-4.206,0.059,PATROL,1,2,-9.190,-4.206,0.059,,-9.192,-4.206,0.059
4.00,-9.112,-4.202,0.059,PATROL,1,2,-9.110,-4.202,0.059,,-9.111,-4.202,0.059
4.20,-9.030,-4.197,0.059,PATROL,1,2,-9.030,-4.197,0.059,,-9.029,-4.197,0.059
4.40,-8.949,-4.192,0.060,PATROL,1,2,-8.951,-4.192,0.060,,-8.948,-4.192,0.060
4.60,-8.867,-4.187,0.060,PATROL,1,2,-8.871,-4.187,0.060,,-8.866,-4.187,0.060
4.80,-8.786,-4.182,0.060,PATROL,1,2,-8.791,-4.183,0.060,,-8.785,-4.182,0.060
5.00,-8.705,-4.177,0.060,PATROL,1,2,-8.711,-4.178,0.060,,-8.704,-4.177,0.060
5.20,-8.637,-4.173,0.060,PATROL,1,2,-8.631,-4.173,0.061,,-8.636,-4.173,0.061
5.40,-8.555,-4.168,0.061,PATROL,1,2,-8.552,-4.168,0.061,,-8.554,-4.168,0.061
5.60,-8.474,-4.163,0.061,PATROL,1,2,-8.472,-4.163,0.061,,-8.473,-4.163,0.061
5.80,-8.392,-4.158,0.061,PATROL,1,2,-8.392,-4.158,0.061,,-8.391,-4.158,0.061
6.00,-8.311,-4.153,0.061,PATROL,1,2,-8.312,-4.154,0.061,,-8.310,-4.153,0.061
6.20,-8.230,-4.148,0.061,PATROL,1,2,-8.233,-4.149,0.061,,-8.228,-4.148,0.061
6.40,-8.148,-4.144,0.061,PATROL,1,2,-8.153,-4.144,0.061,,-8.147,-4.143,0.061
6.60,-8.067,-4.139,0.061,PATROL,2,3,-8.073,-4.139,0.061,,-8.065,-4.138,0.061
6.80,-8.001,-4.135,0.050,PATROL,2,3,-7.996,-4.135,0.050,,-8.000,-4.135,0.050
7.00,-7.922,-4.131,0.040,PATROL,2,3,-7.918,-4.131,0.040,,-7.921,-4.131,0.040
7.20,-7.842,-4.128,0.032,PATROL,2,3,-7.840,-4.128,0.032,,-7.841,-4.128,0.032
7.40,-7.762,-4.126,0.026,PATROL,2,3,-7.762,-4.126,0.026,,-7.761,-4.126,0.026
7.60,-7.682,-4.124,0.021,PATROL,2,3,-7.684,-4.124,0.021,,-7.681,-4.124,0.021
7.80,-7.602,-4.123,0.016,PATROL,2,3,-7.605,-4.123,0.016,,-7.600,-4.123,0.016
8.00,-7.521,-4.121,0.013,PATROL,2,3,-7.526,-4.122,0.013,,-7.519,-4.121,0.013
8.20,-7.440,-4.121,0.010,PATROL,2,3,-7.446,-4.121,0.010,,-7.438,-4.120,0.010
8.40,-7.372,-4.120,0.008,PATROL,2,3,-7.367,-4.120,0.008,,-7.371,-4.120,0.008
8.60,-7.291,-4.119,0.006,PATROL,2,3,-7.287,-4.120,0.006,,-7.290,-4.119,0.006
8.80,-7.210,-4.119,0.004,PATROL,2,3,-7.208,-4.119,0.004,,-7.208,-4.119,0.004
9.00,-7.129,-4.119,0.003,PATROL,2,3,-7.128,-4.119,0.003,,-7.127,-4.119,0.003
9.20,-7.048,-4.119,0.002,PATROL,2,3,-7.049,-4.119,0.002,,-7.046,-4.118,0.002
9.40,-6.966,-4.118,0.001,PATROL,2,3,-6.969,-4.119,0.001,,-6.964,-4.118,0.001
9.60,-6.885,-4.118,-0.000,PATROL,2,3,-6.889,-4.119,-0.000,,-6.883,-4.118,-0.000
9.80,-6.803,-4.118,-0.001,PATROL,2,3,-6.810,-4.119,-0.001,,-6.801,-4.118,-0.001
10.00,-6.736,-4.119,-0.001,PATROL,2,3,-6.730,-4.119,-0.001,,-6.734,-4.118,-0.001
10.20,-6.654,-4.119,-0.002,PATROL,2,3,-6.650,-4.119,-0.002,,-6.652,-4.119,-0.002
10.40,-6.573,-4.119,-0.002,PATROL,2,3,-6.570,-4.119,-0.002,,-6.570,-4.119,-0.002
10.60,-6.491,-4.119,-0.003,PATROL,2,3,-6.490,-4.119,-0.003,,-6.489,-4.119,-0.003
10.80,-6.409,-4.119,-0.003,PATROL,2,3,-6.410,-4.119,-0.003,,-6.407,-4.119,-0.003
11.00,-6.328,-4.120,-0.003,PATROL,2,3,-6.330,-4.120,-0.003,,-6.326,-4.119,-0.003
11.20,-6.246,-4.120,-0.004,PATROL,2,3,-6.251,-4.120,-0.004,,-6.244,-4.120,-0.004
11.40,-6.165,-4.120,-0.004,PATROL,2,3,-6.171,-4.120,-0.004,,-6.163,-4.120,-0.004
11.60,-6.083,-4.120,-0.004,PATROL,2,3,-6.090,-4.121,-0.004,,-6.081,-4.120,-0.004
11.80,-6.015,-4.121,-0.004,PATROL,2,3,-6.011,-4.121,-0.004,,-6.013,-4.121,-0.004
12.00,-5.934,-4.121,-0.004,PATROL,2,3,-5.931,-4.121,-0.004,,-5.931,-4.121,-0.004
12.20,-5.852,-4.121,-0.004,PATROL,2,3,-5.851,-4.122,-0.004,,-5.850,-4.121,-0.004
12.40,-5.770,-4.122,-0.004,PATROL,2,3,-5.771,-4.122,-0.004,,-5.768,-4.122,-0.004
12.60,-5.689,-4.122,-0.005,PATROL,2,3,-5.691,-4.122,-0.004,,-5.686,-4.122,-0.005
12.80,-5.607,-4.123,-0.005,PATROL,2,3,-5.611,-4.123,-0.005,,-5.605,-4.122,-0.005
13.00,-5.526,-4.123,-0.005,PATROL,2,3,-5.531,-4.123,-0.005,,-5.523,-4.123,-0.005
13.20,-5.444,-4.123,-0.005,PATROL,2,3,-5.451,-4.123,-0.005,,-5.442,-4.123,-0.005
13.40,-5.376,-4.124,-0.005,PATROL,2,3,-5.371,-4.124,-0.005,,-5.374,-4.124,-0.005
13.60,-5.295,-4.124,-0.005,PATROL,3,4,-5.291,-4.124,-0.005,,-5.292,-4.124,-0.005
13.80,-5.213,-4.124,-0.004,PATROL,3,4,-5.212,-4.124,-0.004,,-5.211,-4.124,-0.004
14.00,-5.132,-4.125,-0.003,PATROL,3,4,-5.132,-4.125,-0.003,,-5.129,-4.125,-0.003
14.20,-5.050,-4.125,-0.003,PATROL,3,4,-5.052,-4.125,-0.002,,-5.048,-4.125,-0.003
14.40,-4.969,-4.125,-0.002,PATROL,3,4,-4.972,-4.125,-0.002,,-4.966,-4.125,-0.002
14.60,-4.887,-4.125,-0.002,PATROL,3,4,-4.892,-4.125,-0.002,,-4.884,-4.125,-0.002
14.80,-4.806,-4.125,-0.001,PATROL,3,4,-4.812,-4.125,-0.001,,-4.803,-4.125,-0.001
15.00,-4.738,-4.125,-0.001,PATROL,3,4,-4.732,-4.125,-0.001,,-4.735,-4.125,-0.001
15.20,-4.656,-4.126,-0.001,PATROL,3,4,-4.652,-4.125,-0.001,,-4.653,-4.125,-0.001
15.40,-4.575,-4.126,-0.001,PATROL,3,4,-4.573,-4.126,-0.001,,-4.572,-4.126,-0.001
15.60,-4.493,-4.126,-0.001,PATROL,3,4,-4.493,-4.126,-0.000,,-4.490,-4.126,-0.001
15.80,-4.412,-4.126,-0.000,PATROL,3,4,-4.413,-4.126,-0.000,,-4.409,-4.126,-0.000
16.00,-4.330,-4.126,-0.000,PATROL,3,4,-4.333,-4.126,-0.000,,-4.327,-4.126,-0.000
16.20,-4.249,-4.126,-0.000,PATROL,3,4,-4.253,-4.126,-0.000,,-4.245,-4.126,-0.000
16.40,-4.167,-4.126,-0.000,PATROL,3,4,-4.173,-4.126,0.000,,-4.164,-4.126,-0.000
16.60,-4.085,-4.126,0.000,PATROL,3,4,-4.093,-4.126,0.000,,-4.082,-4.126,0.000
16.80,-4.017,-4.126,0.000,PATROL,3,4,-4.013,-4.126,0.000,,-4.014,-4.126,0.000
17.00,-3.936,-4.126,0.000,PATROL,3,4,-3.933,-4.126,0.000,,-3.933,-4.126,0.000
17.20,-3.854,-4.126,0.000,PATROL,3,4,-3.854,-4.126,0.000,,-3.851,-4.126,0.000
17.40,-3.773,-4.126,0.000,PATROL,3,4,-3.774,-4.125,0.000,,-3.769,-4.126,0.000
17.60,-3.691,-4.126,0.000,PATROL,3,4,-3.694,-4.125,0.000,,-3.688,-4.126,0.000
17.80,-3.610,-4.126,0.000,PATROL,3,4,-3.614,-4.125,0.000,,-3.606,-4.126,0.000
18.00,-3.528,-4.126,0.000,PATROL,3,4,-3.534,-4.125,0.000,,-3.524,-4.126,0.000
18.20,-3.446,-4.126,0.000,PATROL,3,4,-3.454,-4.125,0.001,,-3.443,-4.125,0.000
18.40,-3.378,-4.126,0.000,PATROL,3,4,-3.374,-4.125,0.001,,-3.375,-4.125,0.000
18.60,-3.297,-4.126,0.000,PATROL,3,4,-3.294,-4.125,0.001,,-3.293,-4.125,0.000
18.80,-3.215,-4.126,0.000,PATROL,3,4,-3.214,-4.125,0.001,,-3.211,-4.125,0.000
19.00,-3.134,-4.125,0.000,PATROL,3,4,-3.134,-4.125,0.001,,-3.130,-4.125,0.000
19.20,-3.052,-4.125,0.000,PATROL,3,4,-3.054,-4.125,0.001,,-3.048,-4.125,0.001
19.40,-2.970,-4.125,0.001,PATROL,3,4,-2.974,-4.125,0.001,,-2.966,-4.125,0.001
19.60,-2.889,-4.125,0.001,PATROL,3,4,-2.894,-4.125,0.001,,-2.885,-4.125,0.001
19.80,-2.807,-4.125,0.001,PATROL,3,4,-2.814,-4.125,0.001,,-2.803,-4.125,0.001
20.00,-2.739,-4.125,0.001,PATROL,3,4,-2.734,-4.125,0.001,,-2.735,-4.125,0.001
20.20,-2.658,-4.125,0.001,PATROL,3,4,-2.654,-4.125,0.001,,-2.654,-4.125,0.001
20.40,-2.576,-4.125,0.001,PATROL,4,8,-2.574,-4.125,0.001,,-2.572,-4.125,0.001
20.60,-2.500,-4.125,-0.004,PATROL,4,8,-2.500,-4.125,-0.004,,-2.496,-4.125,-0.004
20.80,-2.461,-4.125,-0.015,PATROL,4,8,-2.462,-4.125,-0.015,,-2.456,-4.125,-0.015
21.00,-2.451,-4.126,0.048,PATROL,4,8,-2.449,-4.126,0.047,,-2.447,-4.125,0.046
21.20,-2.444,-4.125,0.158,PATROL,4,8,-2.441,-4.126,0.159,,-2.440,-4.125,0.149
21.40,-2.432,-4.122,0.267,PATROL,4,8,-2.429,-4.124,0.270,,-2.428,-4.122,0.253
21.60,-2.418,-4.117,0.377,PATROL,4,8,-2.415,-4.120,0.381,,-2.414,-4.118,0.361
21.80,-2.397,-4.108,0.480,PATROL,4,8,-2.397,-4.111,0.486,,-2.393,-4.109,0.466
22.00,-2.373,-4.094,0.588,PATROL,4,8,-2.375,-4.097,0.594,,-2.368,-4.095,0.573
22.20,-2.346,-4.074,0.699,PATROL,4,8,-2.349,-4.077,0.706,,-2.341,-4.075,0.685
22.40,-2.318,-4.048,0.810,PATROL,4,8,-2.322,-4.051,0.816,,-2.313,-4.049,0.796
22.60,-2.290,-4.014,0.921,PATROL,4,8,-2.294,-4.018,0.927,,-2.284,-4.016,0.907
22.80,-2.262,-3.973,1.031,PATROL,4,8,-2.267,-3.978,1.037,,-2.256,-3.976,1.017
23.00,-2.237,-3.925,1.141,PATROL,4,8,-2.243,-3.932,1.147,,-2.230,-3.928,1.127
23.20,-2.216,-3.870,1.236,PATROL,4,8,-2.222,-3.877,1.243,,-2.208,-3.873,1.222
23.40,-2.200,-3.819,1.314,PATROL,4,8,-2.204,-3.818,1.320,,-2.192,-3.822,1.300
23.60,-2.185,-3.754,1.376,PATROL,4,8,-2.190,-3.754,1.382,,-2.176,-3.758,1.362
23.80,-2.173,-3.685,1.427,PATROL,4,8,-2.179,-3.686,1.433,,-2.163,-3.689,1.413
24.00,-2.164,-3.614,1.467,PATROL,4,8,-2.171,-3.616,1.474,,-2.153,-3.618,1.454
24.20,-2.158,-3.540,1.501,PATROL,4,8,-2.165,-3.544,1.507,,-2.146,-3.544,1.487
24.40,-2.154,-3.465,1.528,PATROL,4,8,-2.161,-3.470,1.534,,-2.140,-3.469,1.515
24.60,-2.152,-3.389,1.551,PATROL,4,8,-2.159,-3.395,1.557,,-2.137,-3.393,1.537
24.80,-2.151,-3.312,1.569,PATROL,4,8,-2.159,-3.320,1.575,,-2.135,-3.316,1.556
25.00,-2.151,-3.247,1.584,PATROL,4,8,-2.160,-3.244,1.590,,-2.135,-3.251,1.571
25.20,-2.153,-3.168,1.597,PATROL,4,8,-2.162,-3.166,1.603,,-2.135,-3.172,1.583
25.40,-2.155,-3.089,1.607,PATROL,4,8,-2.165,-3.089,1.613,,-2.137,-3.093,1.593
25.60,-2.159,-3.010,1.616,PATROL,4,8,-2.169,-3.011,1.622,,-2.139,-3.013,1.602
25.80,-2.162,-2.930,1.623,PATROL,4,8,-2.173,-2.933,1.629,,-2.142,-2.933,1.609
26.00,-2.167,-2.850,1.629,PATROL,4,8,-2.178,-2.854,1.635,,-2.145,-2.853,1.616
26.20,-2.172,-2.769,1.634,PATROL,4,8,-2.183,-2.775,1.640,,-2.149,-2.772,1.621
26.40,-2.177,-2.689,1.639,PATROL,4,8,-2.189,-2.697,1.645,,-2.153,-2.692,1.625
26.60,-2.182,-2.622,1.642,PATROL,4,8,-2.195,-2.618,1.648,,-2.157,-2.625,1.629
26.80,-2.188,-2.541,1.645,PATROL,4,8,-2.201,-2.539,1.651,,-2.162,-2.544,1.631
27.00,-2.194,-2.460,1.648,PATROL,4,8,-2.207,-2.460,1.654,,-2.167,-2.463,1.634
27.20,-2.200,-2.379,1.650,PATROL,4,8,-2.214,-2.380,1.656,,-2.172,-2.382,1.636
27.40,-2.207,-2.298,1.652,PATROL,4,8,-2.221,-2.301,1.658,,-2.177,-2.301,1.638
27.60,-2.213,-2.217,1.653,PATROL,4,8,-2.228,-2.222,1.659,,-2.183,-2.220,1.640
27.80,-2.220,-2.136,1.655,PATROL,4,8,-2.235,-2.142,1.661,,-2.188,-2.139,1.641
28.00,-2.227,-2.055,1.656,PATROL,4,8,-2.242,-2.063,1.662,,-2.194,-2.057,1.642
28.20,-2.234,-1.974,1.657,PATROL,4,8,-2.249,-1.984,1.663,,-2.200,-1.976,1.643
28.40,-2.240,-1.907,1.658,PATROL,4,8,-2.257,-1.904,1.664,,-2.205,-1.908,1.644
28.60,-2.247,-1.825,1.658,PATROL,4,8,-2.264,-1.825,1.664,,-2.211,-1.827,1.645
28.80,-2.254,-1.744,1.659,PATROL,4,8,-2.272,-1.745,1.665,,-2.217,-1.746,1.645
29.00,-2.261,-1.663,1.660,PATROL,5,7,-2.279,-1.666,1.666,,-2.223,-1.665,1.646
29.20,-2.268,-1.594,1.686,PATROL,5,7,-2.286,-1.597,1.691,,-2.229,-1.595,1.672
29.40,-2.272,-1.566,1.753,PATROL,5,7,-2.290,-1.568,1.757,,-2.232,-1.568,1.736
29.60,-2.275,-1.552,1.864,PATROL,5,7,-2.293,-1.551,1.868,,-2.235,-1.553,1.842
29.80,-2.282,-1.534,1.975,PATROL,5,7,-2.299,-1.533,1.979,,-2.242,-1.535,1.948
30.00,-2.291,-1.515,2.084,PATROL,5,7,-2.308,-1.512,2.090,,-2.251,-1.516,2.055
30.20,-2.307,-1.490,2.192,PATROL,5,7,-2.323,-1.488,2.201,,-2.266,-1.490,2.165
30.40,-2.329,-1.462,2.297,PATROL,5,7,-2.344,-1.465,2.306,,-2.287,-1.462,2.271
30.60,-2.357,-1.434,2.408,PATROL,5,7,-2.372,-1.437,2.417,,-2.314,-1.433,2.381
30.80,-2.393,-1.405,2.519,PATROL,5,7,-2.407,-1.409,2.528,,-2.349,-1.403,2.492
31.00,-2.436,-1.377,2.629,PATROL,5,7,-2.450,-1.383,2.638,,-2.391,-1.374,2.603
31.20,-2.486,-1.353,2.736,PATROL,5,7,-2.499,-1.359,2.745,,-2.441,-1.348,2.710
31.40,-2.544,-1.332,2.824,PATROL,5,7,-2.555,-1.338,2.834,,-2.498,-1.326,2.798
31.60,-2.596,-1.317,2.896,PATROL,5,7,-2.617,-1.321,2.906,,-2.550,-1.309,2.870
31.80,-2.662,-1.302,2.954,PATROL,5,7,-2.682,-1.308,2.963,,-2.616,-1.293,2.928
32.00,-2.732,-1.290,3.000,PATROL,5,7,-2.751,-1.297,3.009,,-2.685,-1.279,2.974
32.20,-2.797,-1.282,3.048,ALIGN,5,7,-2.815,-1.290,3.057,ball_2,-2.750,-1.270,3.021
32.40,-2.827,-1.280,3.093,ALIGN,5,7,-2.845,-1.288,3.101,,-2.780,-1.267,3.066
32.60,-2.834,-1.280,3.027,ALIGN,5,7,-2.852,-1.288,3.033,ball_9,-2.787,-1.266,3.001
32.80,-2.834,-1.280,2.920,ALIGN,5,7,-2.852,-1.289,2.924,ball_2,-2.787,-1.266,2.896
33.00,-2.834,-1.280,2.811,ALIGN,5,7,-2.851,-1.290,2.814,ball_2,-2.787,-1.266,2.790
33.20,-2.834,-1.280,2.701,ALIGN,5,7,-2.849,-1.291,2.706,ball_2,-2.787,-1.266,2.682
33.40,-2.833,-1.280,2.603,ALIGN,5,7,-2.849,-1.291,2.609,ball_2,-2.787,-1.266,2.586
33.60,-2.833,-1.280,2.524,ALIGN,5,7,-2.848,-1.291,2.530,ball_2,-2.787,-1.266,2.507
33.80,-2.833,-1.280,2.473,APPROACH,5,7,-2.848,-1.291,2.479,ball_2,-2.787,-1.266,2.457
34.00,-2.837,-1.277,2.418,APPROACH,5,7,-2.852,-1.288,2.424,ball_2,-2.790,-1.263,2.401
34.20,-2.865,-1.249,2.354,APPROACH,5,7,-2.880,-1.262,2.360,ball_9,-2.818,-1.235,2.337
34.40,-2.908,-1.207,2.359,APPROACH,5,7,-2.921,-1.221,2.365,ball_2,-2.860,-1.192,2.342
34.60,-2.951,-1.164,2.360,APPROACH,5,7,-2.964,-1.179,2.367,ball_2,-2.902,-1.148,2.343
34.80,-2.995,-1.121,2.363,APPROACH,5,7,-3.007,-1.137,2.369,ball_2,-2.945,-1.104,2.346
35.00,-3.031,-1.085,2.364,APPROACH,5,7,-3.050,-1.095,2.370,ball_2,-2.981,-1.068,2.347
35.20,-3.075,-1.042,2.366,APPROACH,5,7,-3.093,-1.053,2.372,ball_2,-3.024,-1.024,2.349
35.40,-3.119,-0.999,2.367,APPROACH,5,7,-3.136,-1.012,2.374,ball_2,-3.067,-0.981,2.350
35.60,-3.162,-0.956,2.369,APPROACH,5,7,-3.179,-0.970,2.375,ball_2,-3.110,-0.937,2.352
35.80,-3.206,-0.914,2.370,APPROACH,5,7,-3.222,-0.928,2.376,ball_2,-3.153,-0.894,2.353
36.00,-3.250,-0.871,2.371,APPROACH,5,7,-3.266,-0.887,2.377,ball_2,-3.196,-0.850,2.354
36.20,-3.294,-0.828,2.372,APPROACH,5,7,-3.309,-0.845,2.378,ball_2,-3.240,-0.807,2.355
36.40,-3.338,-0.786,2.372,APPROACH,5,7,-3.352,-0.804,2.379,ball_2,-3.283,-0.764,2.355
36.60,-3.375,-0.750,2.373,APPROACH,5,7,-3.396,-0.762,2.379,ball_2,-3.319,-0.728,2.356
36.80,-3.419,-0.708,2.374,APPROACH,5,7,-3.439,-0.721,2.380,ball_2,-3.362,-0.684,2.357
37.00,-3.463,-0.665,2.374,APPROACH,5,7,-3.482,-0.680,2.380,ball_2,-3.405,-0.641,2.357
37.20,-3.507,-0.623,2.375,APPROACH,5,7,-3.526,-0.638,2.381,ball_2,-3.449,-0.598,2.358
37.40,-3.551,-0.580,2.375,APPROACH,5,7,-3.569,-0.597,2.381,ball_2,-3.492,-0.555,2.358
37.60,-3.595,-0.538,2.375,APPROACH,5,7,-3.613,-0.556,2.382,ball_2,-3.536,-0.511,2.358
37.80,-3.639,-0.495,2.376,APPROACH,5,7,-3.656,-0.514,2.382,ball_2,-3.579,-0.468,2.359
38.00,-3.683,-0.453,2.376,APPROACH,5,7,-3.700,-0.473,2.382,ball_2,-3.622,-0.425,2.359
38.20,-3.720,-0.418,2.376,APPROACH,5,7,-3.743,-0.432,2.382,ball_2,-3.658,-0.389,2.359
38.40,-3.764,-0.375,2.376,APPROACH,5,7,-3.787,-0.390,2.383,ball_2,-3.702,-0.346,2.359
38.60,-3.808,-0.333,2.377,APPROACH,5,7,-3.830,-0.349,2.383,ball_2,-3.745,-0.303,2.360
38.80,-3.852,-0.291,2.377,APPROACH,5,7,-3.874,-0.308,2.383,ball_2,-3.789,-0.259,2.360
39.00,-3.896,-0.248,2.377,APPROACH,5,7,-3.917,-0.267,2.383,ball_2,-3.832,-0.216,2.360
39.20,-3.941,-0.206,2.377,APPROACH,5,7,-3.961,-0.225,2.383,ball_2,-3.876,-0.173,2.360
39.40,-3.985,-0.163,2.377,APPROACH,5,7,-4.004,-0.184,2.383,ball_2,-3.919,-0.130,2.360
39.60,-4.029,-0.121,2.377,APPROACH,5,7,-4.048,-0.143,2.384,ball_2,-3.963,-0.087,2.360
39.80,-4.073,-0.079,2.378,APPROACH,5,7,-4.091,-0.102,2.384,ball_2,-4.006,-0.044,2.361
40.00,-4.110,-0.043,2.378,APPROACH,5,7,-4.135,-0.061,2.384,ball_2,-4.042,-0.008,2.361
40.20,-4.154,-0.001,2.379,APPROACH,5,7,-4.178,-0.019,2.385,ball_2,-4.086,0.035,2.362
40.40,-4.198,0.041,2.378,APPROACH,5,7,-4.222,0.022,2.384,ball_2,-4.129,0.078,2.361
40.60,-4.243,0.083,2.379,APPROACH,5,7,-4.266,0.063,2.385,ball_2,-4.173,0.121,2.362
40.80,-4.287,0.126,2.379,APPROACH,5,7,-4.309,0.104,2.385,ball_2,-4.217,0.164,2.362
41.00,-4.331,0.168,2.380,APPROACH,5,7,-4.353,0.145,2.386,ball_2,-4.260,0.207,2.363
41.20,-4.375,0.210,2.380,APPROACH,5,7,-4.396,0.186,2.386,ball_2,-4.304,0.250,2.363
41.40,-4.420,0.252,2.380,APPROACH,5,7,-4.440,0.227,2.386,ball_2,-4.347,0.293,2.363
41.60,-4.457,0.288,2.380,APPROACH,5,7,-4.484,0.268,2.386,ball_2,-4.384,0.329,2.363
41.80,-4.501,0.330,2.380,APPROACH,5,7,-4.527,0.310,2.386,ball_2,-4.427,0.372,2.363
42.00,-4.545,0.372,2.380,APPROACH,5,7,-4.571,0.351,2.387,ball_2,-4.471,0.415,2.363
42.20,-4.589,0.414,2.380,APPROACH,5,7,-4.615,0.392,2.387,ball_2,-4.514,0.458,2.363
42.40,-4.634,0.457,2.381,APPROACH,5,7,-4.658,0.433,2.387,ball_2,-4.558,0.501,2.364
42.60,-4.678,0.499,2.381,APPROACH,5,7,-4.702,0.474,2.387,ball_2,-4.602,0.544,2.364
42.80,-4.722,0.541,2.381,APPROACH,5,7,-4.746,0.515,2.387,ball_2,-4.645,0.587,2.364
43.00,-4.767,0.583,2.381,APPROACH,5,7,-4.789,0.556,2.387,ball_2,-4.689,0.630,2.364
43.20,-4.804,0.618,2.381,APPROACH,5,7,-4.833,0.597,2.387,ball_2,-4.725,0.666,2.364
43.40,-4.848,0.661,2.381,APPROACH,5,7,-4.877,0.638,2.387,ball_2,-4.769,0.709,2.364
43.60,-4.892,0.703,2.381,APPROACH,5,7,-4.920,0.679,2.387,ball_2,-4.812,0.752,2.364
43.80,-4.937,0.745,2.381,APPROACH,5,7,-4.964,0.720,2.387,ball_2,-4.856,0.795,2.364
44.00,-4.981,0.787,2.381,APPROACH,5,7,-5.008,0.762,2.387,ball_2,-4.900,0.838,2.364
44.20,-5.025,0.829,2.381,APPROACH,5,7,-5.052,0.803,2.387,ball_2,-4.943,0.881,2.364
44.40,-5.070,0.872,2.381,APPROACH,5,7,-5.095,0.844,2.387,ball_2,-4.987,0.924,2.364
44.60,-5.114,0.914,2.381,APPROACH,5,7,-5.139,0.885,2.387,ball_2,-5.031,0.967,2.364
44.80,-5.158,0.956,2.380,APPROACH,5,7,-5.182,0.926,2.387,ball_2,-5.074,1.010,2.363
45.00,-5.195,0.991,2.380,APPROACH,5,7,-5.226,0.967,2.387,ball_2,-5.110,1.046,2.363
45.20,-5.239,1.033,2.380,APPROACH,5,7,-5.270,1.008,2.387,ball_2,-5.154,1.089,2.363
45.40,-5.284,1.076,2.380,APPROACH,5,7,-5.314,1.049,2.386,ball_2,-5.198,1.132,2.363
45.60,-5.328,1.118,2.380,APPROACH,5,7,-5.357,1.090,2.386,ball_2,-5.241,1.175,2.363
45.80,-5.372,1.160,2.380,APPROACH,5,7,-5.401,1.131,2.386,ball_2,-5.285,1.218,2.363
46.00,-5.417,1.202,2.380,APPROACH,5,7,-5.445,1.172,2.386,ball_2,-5.329,1.261,2.363
46.20,-5.461,1.244,2.380,APPROACH,5,7,-5.488,1.214,2.386,ball_2,-5.372,1.304,2.363
46.40,-5.505,1.287,2.380,APPROACH,5,7,-5.532,1.255,2.386,ball_2,-5.416,1.346,2.363
46.60,-5.542,1.322,2.380,APPROACH,5,7,-5.576,1.296,2.386,ball_2,-5.452,1.382,2.363
46.80,-5.586,1.364,2.379,APPROACH,5,7,-5.619,1.337,2.385,ball_2,-5.495,1.425,2.362
47.00,-5.631,1.406,2.379,APPROACH,5,7,-5.663,1.378,2.385,ball_2,-5.539,1.469,2.362
47.20,-5.675,1.449,2.379,APPROACH,5,7,-5.706,1.419,2.385,ball_2,-5.583,1.512,2.362
47.40,-5.719,1.491,2.370,APPROACH,5,7,-5.750,1.460,2.376,ball_9,-5.626,1.555,2.353
47.60,-5.763,1.534,2.368,APPROACH,5,7,-5.793,1.502,2.374,ball_9,-5.669,1.598,2.351
47.80,-5.807,1.577,2.366,APPROACH,5,7,-5.836,1.543,2.372,ball_9,-5.712,1.642,2.349
48.00,-5.850,1.620,2.364,APPROACH,5,7,-5.879,1.585,2.370,ball_9,-5.755,1.685,2.347
48.20,-5.887,1.655,2.362,APPROACH,5,7,-5.922,1.627,2.368,ball_9,-5.791,1.722,2.345
48.40,-5.930,1.698,2.360,APPROACH,5,7,-5.965,1.669,2.366,ball_9,-5.834,1.766,2.343
48.60,-5.973,1.742,2.359,APPROACH,5,7,-6.007,1.711,2.365,ball_9,-5.876,1.810,2.342
48.80,-6.017,1.785,2.357,APPROACH,5,7,-6.050,1.753,2.363,ball_9,-5.919,1.854,2.340
49.00,-6.060,1.828,2.356,APPROACH,5,7,-6.093,1.795,2.362,ball_9,-5.962,1.898,2.339
49.20,-6.103,1.871,2.355,APPROACH,5,7,-6.135,1.837,2.361,ball_9,-6.004,1.942,2.338
49.40,-6.147,1.915,2.354,APPROACH,5,7,-6.178,1.879,2.360,ball_9,-6.047,1.986,2.337
49.60,-6.190,1.958,2.353,APPROACH,5,7,-6.221,1.922,2.359,ball_9,-6.089,2.030,2.336
49.80,-6.226,1.994,2.352,APPROACH,5,7,-6.263,1.964,2.358,ball_9,-6.124,2.067,2.335
50.00,-6.269,2.038,2.350,APPROACH,5,7,-6.306,2.006,2.356,ball_9,-6.167,2.111,2.333
50.20,-6.312,2.081,2.350,APPROACH,5,7,-6.348,2.049,2.356,ball_9,-6.209,2.155,2.333
50.40,-6.355,2.125,2.349,APPROACH,5,7,-6.390,2.091,2.356,ball_9,-6.251,2.200,2.332
50.60,-6.398,2.168,2.349,APPROACH,5,7,-6.433,2.133,2.355,ball_9,-6.294,2.244,2.332
50.80,-6.441,2.212,2.349,APPROACH,5,7,-6.475,2.176,2.355,ball_9,-6.336,2.288,2.332
51.00,-6.484,2.256,2.348,APPROACH,5,7,-6.517,2.218,2.354,ball_9,-6.378,2.333,2.331
51.20,-6.527,2.299,2.348,APPROACH,5,7,-6.560,2.261,2.354,ball_9,-6.420,2.377,2.331
51.40,-6.562,2.336,2.347,APPROACH,5,7,-6.602,2.303,2.354,ball_9,-6.455,2.414,2.330
51.60,-6.605,2.379,2.347,APPROACH,5,7,-6.644,2.346,2.353,ball_9,-6.498,2.458,2.330
51.80,-6.648,2.423,2.347,APPROACH,5,7,-6.686,2.388,2.353,ball_9,-6.540,2.503,2.330
52.00,-6.691,2.467,2.346,APPROACH,5,7,-6.729,2.431,2.353,ball_9,-6.582,2.547,2.329
52.20,-6.734,2.510,2.346,APPROACH,5,7,-6.771,2.473,2.352,ball_9,-6.624,2.592,2.329
52.40,-6.777,2.554,2.346,APPROACH,5,7,-6.813,2.516,2.352,ball_9,-6.666,2.636,2.329
52.60,-6.819,2.598,2.345,APPROACH,5,7,-6.855,2.559,2.351,ball_9,-6.708,2.681,2.328
52.80,-6.862,2.642,2.345,APPROACH,5,7,-6.897,2.601,2.351,ball_9,-6.750,2.725,2.328
53.00,-6.905,2.685,2.344,APPROACH,5,7,-6.940,2.644,2.351,ball_9,-6.792,2.770,2.327
53.20,-6.941,2.722,2.344,APPROACH,5,7,-6.982,2.686,2.350,ball_9,-6.827,2.807,2.327
53.40,-6.983,2.766,2.343,APPROACH,5,7,-7.024,2.729,2.349,ball_9,-6.869,2.851,2.326
53.60,-7.026,2.809,2.343,APPROACH,5,7,-7.066,2.772,2.349,ball_9,-6.911,2.896,2.326
53.80,-7.069,2.853,2.347,APPROACH,5,7,-7.108,2.814,2.353,,-6.953,2.940,2.330
54.00,-7.112,2.897,2.352,BLIND_DASH,5,7,-7.151,2.857,2.358,,-6.996,2.985,2.335
54.20,-7.155,2.940,2.352,BLIND_DASH,5,7,-7.193,2.899,2.359,,-7.038,3.029,2.335
54.40,-7.198,2.984,2.352,BLIND_DASH,5,7,-7.235,2.941,2.359,,-7.080,3.073,2.335
54.60,-7.241,3.027,2.352,BLIND_DASH,5,7,-7.278,2.984,2.359,,-7.123,3.117,2.335
54.80,-7.277,3.063,2.352,BLIND_DASH,5,7,-7.320,3.026,2.359,,-7.158,3.154,2.335
55.00,-7.320,3.107,2.352,BLIND_DASH,5,7,-7.363,3.068,2.359,,-7.200,3.198,2.335
55.20,-7.363,3.150,2.352,BLIND_DASH,5,7,-7.406,3.111,2.359,,-7.243,3.243,2.335
55.40,-7.406,3.194,2.352,BLIND_DASH,5,7,-7.448,3.153,2.359,,-7.285,3.287,2.335
55.60,-7.449,3.237,2.352,BLIND_DASH,5,7,-7.491,3.195,2.359,,-7.328,3.331,2.335
55.80,-7.493,3.280,2.352,BLIND_DASH,5,7,-7.533,3.237,2.359,,-7.370,3.375,2.335
56.00,-7.532,3.320,2.350,PATROL,5,7,-7.572,3.276,2.355,,-7.408,3.415,2.332
56.20,-7.547,3.335,2.355,PATROL,5,7,-7.588,3.293,2.360,,-7.423,3.431,2.337
56.40,-7.548,3.336,2.454,PATROL,5,7,-7.591,3.295,2.458,,-7.424,3.432,2.433
56.60,-7.548,3.336,2.567,PATROL,5,7,-7.591,3.296,2.569,,-7.424,3.432,2.543
56.80,-7.548,3.336,2.678,PATROL,5,7,-7.590,3.297,2.680,,-7.424,3.432,2.652
57.00,-7.548,3.336,2.785,PATROL,5,7,-7.589,3.297,2.790,,-7.424,3.432,2.762
57.20,-7.548,3.336,2.885,PATROL,5,7,-7.589,3.295,2.891,,-7.424,3.432,2.862
57.40,-7.548,3.336,2.994,PATROL,5,7,-7.590,3.295,2.999,,-7.424,3.432,2.971
57.60,-7.548,3.336,3.104,PATROL,5,7,-7.590,3.295,3.109,,-7.424,3.432,3.081
57.80,-7.548,3.336,-3.070,PATROL,5,7,-7.590,3.295,-3.065,,-7.424,3.432,3.190
58.00,-7.548,3.336,-2.961,PATROL,5,7,-7.591,3.295,-2.955,,-7.424,3.432,3.300
58.20,-7.548,3.336,-2.851,PATROL,5,7,-7.591,3.295,-2.846,,-7.424,3.432,3.409
58.40,-7.548,3.336,-2.742,PATROL,5,7,-7.592,3.295,-2.737,,-7.424,3.432,3.519
58.60,-7.548,3.336,-2.632,PATROL,5,7,-7.592,3.294,-2.627,,-7.424,3.432,3.629
58.80,-7.550,3.335,-2.523,PATROL,5,7,-7.595,3.293,-2.518,,-7.426,3.430,3.737
59.00,-7.556,3.330,-2.413,PATROL,5,7,-7.601,3.288,-2.409,,-7.433,3.425,3.847
59.20,-7.566,3.320,-2.304,PATROL,5,7,-7.611,3.278,-2.299,,-7.442,3.416,3.957
59.40,-7.578,3.305,-2.193,PATROL,5,7,-7.622,3.263,-2.188,,-7.455,3.401,4.067
59.60,-7.591,3.283,-2.083,PATROL,5,7,-7.635,3.242,-2.078,,-7.468,3.380,4.178
59.80,-7.602,3.261,-1.972,PATROL,5,7,-7.648,3.215,-1.967,,-7.480,3.358,4.288
60.00,-7.614,3.227,-1.861,PATROL,5,7,-7.660,3.182,-1.856,,-7.493,3.324,4.399
60.20,-7.624,3.188,-1.750,PATROL,5,7,-7.669,3.143,-1.745,,-7.504,3.285,4.510
60.40,-7.630,3.141,-1.639,PATROL,5,7,-7.675,3.097,-1.634,,-7.511,3.238,4.621
60.60,-7.631,3.089,-1.529,PATROL,5,7,-7.675,3.045,-1.524,,-7.513,3.186,4.732
60.80,-7.625,3.031,-1.427,PATROL,5,7,-7.669,2.989,-1.423,,-7.508,3.128,4.834
61.00,-7.613,2.969,-1.346,PATROL,5,7,-7.658,2.929,-1.342,,-7.498,3.066,4.914
61.20,-7.596,2.905,-1.281,PATROL,5,7,-7.641,2.866,-1.276,,-7.482,3.002,4.980
61.40,-7.579,2.854,-1.224,ALIGN,5,7,-7.621,2.808,-1.219,,-7.467,2.951,5.037
61.60,-7.568,2.825,-1.179,ALIGN,5,7,-7.611,2.781,-1.174,,-7.456,2.921,5.083
61.80,-7.565,2.819,-1.248,PATROL,5,7,-7.609,2.776,-1.243,,-7.454,2.915,5.014
62.00,-7.562,2.808,-1.342,ALIGN,5,7,-7.607,2.767,-1.338,ball_4,-7.451,2.904,4.919
62.20,-7.562,2.808,-1.453,ALIGN,5,7,-7.607,2.767,-1.448,ball_4,-7.451,2.904,4.808
62.40,-7.562,2.808,-1.563,ALIGN,5,7,-7.607,2.768,-1.559,ball_4,-7.451,2.904,4.698
62.60,-7.562,2.808,-1.673,ALIGN,5,7,-7.607,2.768,-1.669,ball_4,-7.451,2.904,4.587
62.80,-7.562,2.808,-1.772,ALIGN,5,7,-7.607,2.768,-1.767,ball_4,-7.451,2.904,4.489
63.00,-7.562,2.808,-1.836,ALIGN,5,7,-7.607,2.768,-1.831,ball_4,-7.451,2.904,4.425
63.20,-7.562,2.808,-1.880,APPROACH,5,7,-7.607,2.768,-1.876,ball_4,-7.451,2.904,4.380
63.40,-7.569,2.791,-1.935,APPROACH,5,7,-7.614,2.749,-1.931,ball_4,-7.457,2.887,4.326
63.60,-7.589,2.740,-1.956,APPROACH,5,7,-7.633,2.699,-1.951,ball_4,-7.479,2.837,4.305
63.80,-7.612,2.684,-1.955,APPROACH,5,7,-7.656,2.643,-1.950,ball_4,-7.503,2.780,4.306
64.00,-7.635,2.627,-1.954,APPROACH,5,7,-7.678,2.588,-1.950,ball_4,-7.527,2.724,4.306
64.20,-7.658,2.570,-1.954,APPROACH,5,7,-7.700,2.532,-1.949,ball_4,-7.551,2.668,4.306
64.40,-7.681,2.513,-1.954,APPROACH,5,7,-7.722,2.476,-1.949,ball_4,-7.576,2.612,4.307
64.60,-7.703,2.457,-1.954,APPROACH,5,7,-7.744,2.421,-1.949,ball_4,-7.600,2.555,4.307
64.80,-7.723,2.409,-1.954,APPROACH,5,7,-7.766,2.365,-1.949,ball_4,-7.620,2.509,4.307
65.00,-7.745,2.353,-1.954,APPROACH,5,7,-7.788,2.309,-1.949,ball_4,-7.644,2.452,4.307
65.20,-7.768,2.296,-1.954,APPROACH,5,7,-7.811,2.253,-1.949,ball_4,-7.668,2.396,4.307
65.40,-7.791,2.239,-1.954,APPROACH,5,7,-7.833,2.198,-1.949,ball_4,-7.692,2.340,4.307
65.60,-7.814,2.182,-1.954,APPROACH,5,7,-7.855,2.142,-1.949,ball_4,-7.717,2.283,4.307
65.80,-7.837,2.125,-1.954,APPROACH,5,7,-7.877,2.086,-1.949,ball_4,-7.741,2.227,4.307
66.00,-7.860,2.069,-1.954,APPROACH,5,7,-7.899,2.030,-1.949,ball_4,-7.765,2.171,4.307
66.20,-7.883,2.012,-1.954,APPROACH,5,7,-7.921,1.975,-1.949,ball_4,-7.789,2.115,4.307
66.40,-7.902,1.965,-1.954,APPROACH,5,7,-7.943,1.919,-1.949,ball_4,-7.809,2.068,4.307
66.60,-7.925,1.908,-1.954,APPROACH,5,7,-7.966,1.864,-1.949,ball_4,-7.833,2.011,4.307
66.80,-7.947,1.851,-1.954,APPROACH,5,7,-7.988,1.808,-1.949,ball_4,-7.857,1.955,4.307
67.00,-7.970,1.794,-1.954,APPROACH,5,7,-8.010,1.752,-1.949,ball_4,-7.882,1.899,4.307
67.20,-7.993,1.738,-1.954,APPROACH,5,7,-8.032,1.696,-1.949,ball_4,-7.906,1.843,4.307
67.40,-8.016,1.681,-1.954,APPROACH,5,7,-8.054,1.641,-1.949,ball_4,-7.930,1.786,4.307
67.60,-8.039,1.624,-1.954,APPROACH,5,7,-8.076,1.585,-1.949,ball_4,-7.954,1.730,4.307
67.80,-8.062,1.567,-1.954,APPROACH,5,7,-8.098,1.529,-1.949,ball_4,-7.978,1.674,4.307
68.00,-8.081,1.520,-1.954,APPROACH,5,7,-8.121,1.473,-1.949,ball_4,-7.998,1.627,4.307
68.20,-8.104,1.463,-1.954,APPROACH,5,7,-8.143,1.418,-1.949,ball_4,-8.023,1.571,4.307
68.40,-8.127,1.406,-1.954,APPROACH,5,7,-8.165,1.362,-1.949,ball_4,-8.047,1.514,4.307
68.60,-8.149,1.350,-1.954,APPROACH,5,7,-8.187,1.306,-1.949,ball_4,-8.071,1.458,4.307
68.80,-8.172,1.293,-1.954,APPROACH,5,7,-8.209,1.251,-1.949,ball_4,-8.095,1.402,4.307
69.00,-8.195,1.236,-1.954,APPROACH,5,7,-8.231,1.195,-1.949,ball_4,-8.119,1.346,4.307
69.20,-8.218,1.179,-1.954,APPROACH,5,7,-8.253,1.139,-1.949,ball_4,-8.143,1.289,4.307
69.40,-8.241,1.123,-1.954,APPROACH,5,7,-8.276,1.083,-1.949,ball_4,-8.168,1.233,4.307
69.60,-8.264,1.066,-1.954,APPROACH,5,7,-8.298,1.028,-1.949,ball_4,-8.192,1.177,4.307
69.80,-8.283,1.019,-1.954,APPROACH,5,7,-8.320,0.972,-1.949,ball_4,-8.212,1.130,4.307
70.00,-8.306,0.962,-1.954,APPROACH,5,7,-8.342,0.916,-1.949,ball_4,-8.236,1.074,4.307
70.20,-8.329,0.905,-1.954,APPROACH,5,7,-8.364,0.861,-1.949,ball_4,-8.260,1.017,4.307
70.40,-8.352,0.848,-1.954,APPROACH,5,7,-8.386,0.805,-1.950,ball_4,-8.284,0.961,4.306
70.60,-8.374,0.791,-1.954,APPROACH,5,7,-8.408,0.749,-1.949,ball_4,-8.309,0.905,4.306
70.80,-8.397,0.735,-1.954,APPROACH,5,7,-8.431,0.693,-1.950,ball_4,-8.333,0.849,4.306
71.00,-8.420,0.678,-1.954,APPROACH,5,7,-8.453,0.638,-1.950,ball_4,-8.357,0.792,4.306
71.20,-8.443,0.621,-1.954,APPROACH,5,7,-8.475,0.582,-1.950,ball_4,-8.381,0.736,4.306
71.40,-8.462,0.574,-1.954,APPROACH,5,7,-8.497,0.527,-1.950,ball_4,-8.401,0.689,4.306
71.60,-8.485,0.517,-1.955,APPROACH,5,7,-8.519,0.471,-1.950,ball_4,-8.425,0.633,4.306
71.80,-8.508,0.460,-1.955,APPROACH,5,7,-8.541,0.415,-1.950,ball_4,-8.450,0.577,4.306
72.00,-8.531,0.404,-1.955,APPROACH,5,7,-8.564,0.359,-1.950,ball_4,-8.474,0.520,4.306
72.20,-8.554,0.347,-1.955,APPROACH,5,7,-8.586,0.304,-1.950,ball_4,-8.498,0.464,4.306
72.40,-8.577,0.290,-1.955,APPROACH,5,7,-8.608,0.248,-1.950,ball_4,-8.522,0.408,4.306
72.60,-8.600,0.233,-1.955,APPROACH,5,7,-8.630,0.192,-1.950,ball_4,-8.546,0.352,4.306
72.80,-8.623,0.177,-1.955,APPROACH,5,7,-8.652,0.136,-1.950,ball_4,-8.571,0.296,4.306
73.00,-8.642,0.129,-1.955,APPROACH,5,7,-8.675,0.081,-1.950,ball_4,-8.591,0.249,4.306
73.20,-8.665,0.073,-1.955,APPROACH,5,7,-8.697,0.025,-1.951,ball_4,-8.615,0.192,4.305
73.40,-8.688,0.016,-1.955,APPROACH,5,7,-8.719,-0.030,-1.951,ball_4,-8.639,0.136,4.305
73.60,-8.711,-0.041,-1.955,APPROACH,5,7,-8.741,-0.086,-1.951,ball_4,-8.664,0.080,4.305
73.80,-8.734,-0.097,-1.956,APPROACH,5,7,-8.764,-0.142,-1.951,ball_4,-8.688,0.024,4.305
74.00,-8.757,-0.154,-1.956,APPROACH,5,7,-8.786,-0.198,-1.951,ball_4,-8.712,-0.032,4.305
74.20,-8.780,-0.211,-1.956,APPROACH,5,7,-8.808,-0.253,-1.952,ball_4,-8.736,-0.089,4.304
74.40,-8.803,-0.268,-1.956,APPROACH,5,7,-8.830,-0.309,-1.952,ball_4,-8.761,-0.145,4.304
74.60,-8.822,-0.315,-1.957,APPROACH,5,7,-8.853,-0.365,-1.952,ball_4,-8.781,-0.192,4.304
74.80,-8.845,-0.372,-1.955,APPROACH,5,7,-8.875,-0.420,-1.950,,-8.805,-0.248,4.306
75.00,-8.868,-0.428,-1.953,BLIND_DASH,5,7,-8.897,-0.476,-1.949,,-8.829,-0.304,4.307
75.20,-8.891,-0.485,-1.953,BLIND_DASH,5,7,-8.919,-0.532,-1.949,,-8.854,-0.360,4.307
75.40,-8.913,-0.542,-1.953,BLIND_DASH,5,7,-8.941,-0.587,-1.949,,-8.878,-0.417,4.307
75.60,-8.936,-0.599,-1.953,BLIND_DASH,5,7,-8.963,-0.643,-1.949,,-8.902,-0.473,4.307
75.80,-8.959,-0.655,-1.954,BLIND_DASH,5,7,-8.985,-0.699,-1.949,,-8.926,-0.529,4.307
76.00,-8.982,-0.712,-1.954,BLIND_DASH,5,7,-9.007,-0.754,-1.949,,-8.950,-0.586,4.307
76.20,-9.005,-0.769,-1.954,BLIND_DASH,5,7,-9.030,-0.810,-1.949,,-8.974,-0.642,4.307
76.40,-9.024,-0.816,-1.954,BLIND_DASH,5,7,-9.052,-0.866,-1.949,,-8.994,-0.689,4.307
76.60,-9.045,-0.870,-1.948,PATROL,5,7,-9.072,-0.917,-1.943,,-9.017,-0.742,4.313
76.80,-9.054,-0.892,-1.926,PATROL,5,7,-9.080,-0.938,-1.921,,-9.026,-0.764,4.334
77.00,-9.055,-0.893,-1.826,PATROL,5,7,-9.081,-0.940,-1.821,,-9.027,-0.765,4.435
77.20,-9.055,-0.893,-1.715,PATROL,5,7,-9.082,-0.940,-1.710,,-9.027,-0.765,4.545
77.40,-9.055,-0.894,-1.612,PATROL,5,7,-9.081,-0.940,-1.608,,-9.027,-0.766,4.647
77.60,-9.055,-0.900,-1.504,PATROL,5,7,-9.081,-0.945,-1.500,,-9.027,-0.771,4.755
77.80,-9.053,-0.911,-1.395,PATROL,5,7,-9.079,-0.956,-1.390,,-9.026,-0.782,4.865
78.00,-9.050,-0.924,-1.284,PATROL,5,7,-9.075,-0.972,-1.280,,-9.023,-0.796,4.975
78.20,-9.043,-0.944,-1.174,PATROL,5,7,-9.068,-0.992,-1.170,,-9.016,-0.816,5.086
78.40,-9.031,-0.968,-1.064,PATROL,5,7,-9.056,-1.016,-1.060,,-9.005,-0.840,5.196
78.60,-9.014,-0.996,-0.954,PATROL,5,7,-9.039,-1.043,-0.949,,-8.988,-0.869,5.306
78.80,-8.990,-1.026,-0.843,PATROL,5,7,-9.015,-1.072,-0.839,,-8.965,-0.899,5.416
79.00,-8.959,-1.057,-0.733,PATROL,5,7,-8.985,-1.103,-0.728,,-8.935,-0.931,5.527
79.20,-8.921,-1.087,-0.623,PATROL,5,7,-8.947,-1.132,-0.618,,-8.897,-0.962,5.638
79.40,-8.875,-1.116,-0.512,PATROL,5,7,-8.902,-1.161,-0.508,,-8.852,-0.992,5.748
79.60,-8.830,-1.138,-0.417,PATROL,5,7,-8.850,-1.187,-0.413,,-8.808,-1.015,5.843
79.80,-8.771,-1.162,-0.342,PATROL,5,7,-8.791,-1.210,-0.338,,-8.749,-1.040,5.919
80.00,-8.707,-1.183,-0.281,PATROL,5,7,-8.728,-1.230,-0.277,,-8.686,-1.063,5.979
80.20,-8.639,-1.201,-0.233,PATROL,5,7,-8.661,-1.247,-0.229,,-8.618,-1.082,6.028
80.40,-8.568,-1.216,-0.194,PATROL,5,7,-8.592,-1.261,-0.190,,-8.548,-1.099,6.066
80.60,-8.495,-1.229,-0.163,PATROL,5,7,-8.520,-1.274,-0.159,,-8.475,-1.114,6.098
80.80,-8.420,-1.240,-0.138,PATROL,5,7,-8.447,-1.285,-0.134,,-8.400,-1.127,6.123
81.00,-8.344,-1.250,-0.117,PATROL,5,7,-8.372,-1.294,-0.113,,-8.325,-1.138,6.143
81.20,-8.280,-1.257,-0.101,PATROL,5,7,-8.297,-1.302,-0.097,,-8.260,-1.147,6.160
81.40,-8.202,-1.264,-0.087,PATROL,5,7,-8.220,-1.309,-0.084,,-8.183,-1.156,6.173
81.60,-8.123,-1.271,-0.077,PATROL,5,7,-8.143,-1.315,-0.073,,-8.104,-1.164,6.184
81.80,-8.044,-1.277,-0.068,PATROL,5,7,-8.065,-1.320,-0.064,,-8.025,-1.172,6.193
82.00,-7.964,-1.282,-0.061,PATROL,5,7,-7.987,-1.325,-0.057,,-7.945,-1.179,6.200
82.20,-7.884,-1.286,-0.055,PATROL,5,7,-7.908,-1.329,-0.051,,-7.865,-1.185,6.206
82.40,-7.804,-1.291,-0.050,PATROL,5,7,-7.830,-1.333,-0.046,,-7.785,-1.191,6.210
82.60,-7.723,-1.295,-0.046,PATROL,5,7,-7.751,-1.337,-0.043,,-7.705,-1.197,6.214
82.80,-7.643,-1.298,-0.043,PATROL,5,7,-7.672,-1.340,-0.040,,-7.624,-1.202,6.217
83.00,-7.575,-1.301,-0.041,PATROL,5,7,-7.593,-1.343,-0.037,,-7.556,-1.207,6.220
83.20,-7.494,-1.304,-0.039,PATROL,5,7,-7.513,-1.346,-0.035,,-7.476,-1.212,6.222
83.40,-7.413,-1.307,-0.037,PATROL,5,7,-7.434,-1.348,-0.033,,-7.394,-1.216,6.224
83.60,-7.332,-1.310,-0.035,PATROL,5,7,-7.354,-1.351,-0.032,,-7.313,-1.221,6.225
83.80,-7.251,-1.313,-0.034,PATROL,5,7,-7.275,-1.353,-0.030,,-7.232,-1.226,6.226
84.00,-7.170,-1.316,-0.033,PATROL,5,7,-7.195,-1.356,-0.029,,-7.151,-1.230,6.227
84.20,-7.088,-1.318,-0.032,PATROL,5,7,-7.115,-1.358,-0.029,,-7.070,-1.235,6.228
84.40,-7.007,-1.321,-0.032,PATROL,5,7,-7.035,-1.360,-0.028,,-6.989,-1.239,6.229
84.60,-6.939,-1.323,-0.031,PATROL,5,7,-6.956,-1.362,-0.027,,-6.921,-1.243,6.230
84.80,-6.858,-1.326,-0.030,PATROL,5,7,-6.876,-1.365,-0.027,,-6.839,-1.247,6.230
85.00,-6.776,-1.328,-0.030,PATROL,5,7,-6.796,-1.367,-0.026,,-6.758,-1.252,6.230
85.20,-6.695,-1.330,-0.030,PATROL,5,7,-6.716,-1.369,-0.026,,-6.677,-1.256,6.231
85.40,-6.613,-1.333,-0.029,PATROL,5,7,-6.637,-1.371,-0.026,,-6.595,-1.260,6.231
85.60,-6.532,-1.335,-0.029,PATROL,5,7,-6.557,-1.373,-0.026,,-6.514,-1.264,6.231
85.80,-6.451,-1.338,-0.029,PATROL,5,7,-6.477,-1.375,-0.025,,-6.432,-1.269,6.232
86.00,-6.369,-1.340,-0.029,PATROL,5,7,-6.397,-1.377,-0.025,,-6.351,-1.273,6.232
86.20,-6.301,-1.342,-0.029,PATROL,5,7,-6.317,-1.379,-0.025,,-6.283,-1.276,6.232
86.40,-6.220,-1.344,-0.028,PATROL,5,7,-6.238,-1.381,-0.025,,-6.201,-1.281,6.232
86.60,-6.138,-1.347,-0.028,PATROL,5,7,-6.158,-1.383,-0.025,,-6.120,-1.285,6.232
86.80,-6.057,-1.349,-0.028,PATROL,5,7,-6.078,-1.385,-0.024,,-6.039,-1.289,6.232
87.00,-5.975,-1.351,-0.028,PATROL,5,7,-5.998,-1.387,-0.024,,-5.957,-1.293,6.233
87.20,-5.894,-1.353,-0.028,PATROL,5,7,-5.918,-1.389,-0.024,,-5.876,-1.297,6.233
87.40,-5.812,-1.356,-0.028,PATROL,5,7,-5.839,-1.390,-0.024,,-5.794,-1.301,6.233
87.60,-5.731,-1.358,-0.028,PATROL,5,7,-5.759,-1.392,-0.024,,-5.713,-1.305,6.233
87.80,-5.649,-1.360,-0.027,PATROL,5,7,-5.679,-1.394,-0.024,,-5.631,-1.309,6.233
88.00,-5.582,-1.362,-0.027,PATROL,5,7,-5.599,-1.396,-0.024,,-5.564,-1.313,6.233
88.20,-5.500,-1.364,-0.027,PATROL,5,7,-5.519,-1.398,-0.023,,-5.482,-1.317,6.234
88.40,-5.419,-1.366,-0.027,PATROL,5,7,-5.440,-1.400,-0.023,,-5.401,-1.321,6.234
88.60,-5.337,-1.369,-0.026,PATROL,6,6,-5.360,-1.402,-0.023,,-5.319,-1.325,6.234
88.80,-5.266,-1.370,-0.004,PATROL,6,6,-5.290,-1.403,0.000,,-5.249,-1.328,6.257
89.00,-5.239,-1.370,0.049,PATROL,6,6,-5.261,-1.402,0.055,,-5.221,-1.328,6.311
89.20,-5.237,-1.370,0.147,PATROL,6,6,-5.258,-1.403,0.154,,-5.219,-1.328,6.408
89.40,-5.237,-1.370,0.258,PATROL,6,6,-5.257,-1.404,0.265,,-5.219,-1.328,6.516
89.60,-5.237,-1.370,0.368,PATROL,6,6,-5.258,-1.404,0.374,,-5.219,-1.328,6.624
89.80,-5.237,-1.370,0.468,PATROL,6,6,-5.259,-1.403,0.473,,-5.219,-1.328,6.723
90.00,-5.237,-1.370,0.578,PATROL,6,6,-5.259,-1.403,0.583,,-5.219,-1.328,6.833
90.20,-5.237,-1.370,0.682,PATROL,6,6,-5.258,-1.402,0.687,,-5.219,-1.328,6.937
90.40,-5.237,-1.370,0.790,PATROL,6,6,-5.258,-1.402,0.795,,-5.219,-1.328,7.045
90.60,-5.237,-1.370,0.899,PATROL,6,6,-5.258,-1.402,0.904,,-5.219,-1.328,7.154
90.80,-5.237,-1.370,1.008,PATROL,6,6,-5.257,-1.401,1.014,,-5.219,-1.328,7.264
91.00,-5.237,-1.370,1.118,PATROL,6,6,-5.257,-1.401,1.123,,-5.219,-1.328,7.374
91.20,-5.237,-1.370,1.228,PATROL,6,6,-5.257,-1.401,1.233,,-5.219,-1.328,7.483
91.40,-5.237,-1.370,1.338,PATROL,6,6,-5.257,-1.400,1.343,,-5.219,-1.328,7.594
91.60,-5.237,-1.370,1.448,PATROL,6,6,-5.257,-1.400,1.453,,-5.219,-1.328,7.704
91.80,-5.237,-1.370,1.558,PATROL,6,6,-5.257,-1.400,1.563,,-5.219,-1.328,7.814
92.00,-5.237,-1.369,1.668,PATROL,6,6,-5.257,-1.398,1.673,,-5.220,-1.327,7.923
92.20,-5.238,-1.362,1.777,PATROL,6,6,-5.258,-1.392,1.782,,-5.220,-1.321,8.033
92.40,-5.242,-1.351,1.887,PATROL,6,6,-5.261,-1.381,1.892,,-5.223,-1.309,8.142
92.60,-5.248,-1.335,1.996,PATROL,6,6,-5.267,-1.366,2.002,,-5.229,-1.293,8.252
92.80,-5.257,-1.319,2.107,PATROL,6,6,-5.278,-1.346,2.112,,-5.237,-1.276,8.363
93.00,-5.272,-1.296,2.217,PATROL,6,6,-5.293,-1.324,2.222,,-5.252,-1.253,8.473
93.20,-5.292,-1.271,2.326,PATROL,6,6,-5.314,-1.299,2.331,,-5.272,-1.228,8.583
93.40,-5.320,-1.245,2.437,PATROL,6,6,-5.342,-1.274,2.442,,-5.298,-1.201,8.693
93.60,-5.354,-1.219,2.547,PATROL,6,6,-5.376,-1.248,2.552,,-5.332,-1.174,8.804
93.80,-5.395,-1.194,2.658,PATROL,6,6,-5.416,-1.224,2.662,,-5.373,-1.149,8.915
94.00,-5.444,-1.172,2.769,PATROL,6,6,-5.464,-1.203,2.773,,-5.421,-1.125,9.025
94.20,-5.500,-1.154,2.867,PATROL,6,6,-5.519,-1.185,2.872,,-5.477,-1.105,9.123
94.40,-5.562,-1.140,2.947,PATROL,6,6,-5.579,-1.171,2.952,,-5.538,-1.089,9.203
94.60,-5.617,-1.131,3.011,PATROL,6,6,-5.644,-1.161,3.015,,-5.592,-1.079,9.267
94.80,-5.686,-1.123,3.062,PATROL,6,6,-5.712,-1.154,3.067,,-5.661,-1.070,9.319
95.00,-5.757,-1.119,3.104,PATROL,6,6,-5.782,-1.150,3.108,,-5.732,-1.063,9.360
95.20,-5.831,-1.117,3.138,PATROL,6,6,-5.854,-1.149,-3.141,,-5.806,-1.060,9.394
95.40,-5.906,-1.118,-3.118,PATROL,6,6,-5.928,-1.150,-3.113,,-5.881,-1.059,9.422
95.60,-5.982,-1.121,-3.095,PATROL,6,6,-6.002,-1.153,-3.090,,-5.957,-1.059,9.445
95.80,-6.059,-1.125,-3.076,PATROL,6,6,-6.077,-1.158,-3.072,,-6.035,-1.062,9.464
96.00,-6.137,-1.131,-3.061,PATROL,6,6,-6.154,-1.164,-3.056,,-6.112,-1.066,9.479
96.20,-6.202,-1.137,-3.047,PATROL,6,6,-6.230,-1.171,-3.043,,-6.178,-1.070,9.493
96.40,-6.281,-1.145,-3.036,PATROL,6,6,-6.307,-1.179,-3.032,,-6.257,-1.075,9.504
96.60,-6.360,-1.153,-3.027,PATROL,6,6,-6.385,-1.188,-3.022,,-6.336,-1.082,9.513
96.80,-6.439,-1.163,-3.019,PATROL,6,6,-6.463,-1.197,-3.015,,-6.416,-1.089,9.521
97.00,-6.519,-1.173,-3.013,PATROL,6,6,-6.540,-1.208,-3.008,,-6.496,-1.097,9.527
97.20,-6.598,-1.183,-3.008,PATROL,6,6,-6.619,-1.218,-3.003,,-6.576,-1.106,9.532
97.40,-6.678,-1.194,-3.003,PATROL,6,6,-6.697,-1.229,-2.999,,-6.656,-1.115,9.537
97.60,-6.758,-1.206,-2.999,PATROL,6,6,-6.775,-1.241,-2.995,,-6.736,-1.124,9.541
97.80,-6.825,-1.215,-2.996,PATROL,6,6,-6.854,-1.252,-2.992,,-6.803,-1.132,9.544
98.00,-6.905,-1.227,-2.993,PATROL,6,6,-6.932,-1.264,-2.989,,-6.883,-1.141,9.546
98.20,-6.985,-1.239,-2.991,PATROL,6,6,-7.010,-1.276,-2.987,,-6.964,-1.151,9.549
98.40,-7.066,-1.252,-2.989,PATROL,6,6,-7.089,-1.289,-2.985,,-7.045,-1.161,9.551
98.60,-7.146,-1.264,-2.988,PATROL,6,6,-7.168,-1.301,-2.983,,-7.126,-1.172,9.552
98.80,-7.226,-1.276,-2.986,PATROL,6,6,-7.246,-1.314,-2.982,,-7.206,-1.182,9.554
99.00,-7.307,-1.289,-2.985,PATROL,6,6,-7.325,-1.327,-2.980,,-7.287,-1.193,9.555
99.20,-7.387,-1.302,-2.984,PATROL,6,6,-7.404,-1.339,-2.979,,-7.368,-1.203,9.556
99.40,-7.468,-1.315,-2.983,PATROL,6,6,-7.482,-1.352,-2.978,,-7.449,-1.214,9.557
99.60,-7.535,-1.326,-2.982,PATROL,6,6,-7.561,-1.365,-2.977,,-7.516,-1.223,9.558
99.80,-7.615,-1.339,-2.981,PATROL,7,5,-7.640,-1.378,-2.976,,-7.597,-1.234,9.559
100.00,-7.686,-1.350,-2.995,PATROL,7,5,-7.709,-1.390,-2.990,,-7.668,-1.243,9.545
100.20,-7.760,-1.360,-3.024,PATROL,7,5,-7.781,-1.400,-3.019,,-7.743,-1.251,9.516
100.40,-7.836,-1.368,-3.047,PATROL,7,5,-7.855,-1.408,-3.043,,-7.818,-1.257,9.493
100.60,-7.913,-1.374,-3.066,PATROL,7,5,-7.931,-1.414,-3.062,,-7.895,-1.262,9.474
100.80,-7.991,-1.380,-3.082,PATROL,7,5,-8.007,-1.420,-3.077,,-7.973,-1.265,9.458
101.00,-8.069,-1.384,-3.095,PATROL,7,5,-8.084,-1.424,-3.090,,-8.052,-1.267,9.445
101.20,-8.135,-1.386,-3.105,PATROL,7,5,-8.161,-1.428,-3.100,,-8.118,-1.268,9.435
101.40,-8.214,-1.389,-3.113,PATROL,7,5,-8.238,-1.431,-3.109,,-8.197,-1.268,9.426
101.60,-8.294,-1.391,-3.121,PATROL,7,5,-8.317,-1.433,-3.116,,-8.277,-1.268,9.419
101.80,-8.374,-1.392,-3.126,PATROL,7,5,-8.395,-1.435,-3.122,,-8.358,-1.268,9.413
102.00,-8.455,-1.393,-3.131,PATROL,7,5,-8.474,-1.436,-3.126,,-8.438,-1.267,9.409
102.20,-8.535,-1.394,-3.135,PATROL,7,5,-8.553,-1.437,-3.130,,-8.519,-1.265,9.405
102.40,-8.616,-1.395,-3.138,PATROL,7,5,-8.632,-1.438,-3.133,,-8.600,-1.263,9.402
102.60,-8.697,-1.395,-3.140,PATROL,7,5,-8.711,-1.439,-3.136,,-8.680,-1.261,9.400
102.80,-8.765,-1.395,3.141,PATROL,7,5,-8.790,-1.439,-3.138,,-8.748,-1.260,9.398
103.00,-8.846,-1.395,3.139,PATROL,7,5,-8.870,-1.439,-3.139,,-8.829,-1.257,9.396
103.20,-8.927,-1.394,3.138,PATROL,7,5,-8.949,-1.439,-3.141,,-8.910,-1.255,9.395
103.40,-9.008,-1.394,3.137,PATROL,7,5,-9.029,-1.439,3.141,,-8.991,-1.253,9.393
103.60,-9.089,-1.394,3.135,PATROL,7,5,-9.108,-1.439,3.140,,-9.073,-1.250,9.392
103.80,-9.171,-1.393,3.134,PATROL,7,5,-9.187,-1.439,3.139,,-9.154,-1.247,9.391
104.00,-9.252,-1.392,3.133,PATROL,7,5,-9.267,-1.439,3.137,,-9.235,-1.244,9.389
104.20,-9.333,-1.392,3.131,PATROL,7,5,-9.347,-1.438,3.136,,-9.317,-1.241,9.388
104.40,-9.401,-1.391,3.131,PATROL,7,5,-9.427,-1.438,3.135,,-9.385,-1.239,9.387
104.60,-9.483,-1.390,3.130,PATROL,7,5,-9.506,-1.437,3.135,,-9.466,-1.236,9.387
104.80,-9.564,-1.389,3.129,PATROL,7,5,-9.586,-1.437,3.134,,-9.548,-1.233,9.386
105.00,-9.646,-1.388,3.129,PATROL,7,5,-9.666,-1.436,3.133,,-9.629,-1.230,9.386
105.20,-9.727,-1.387,3.128,PATROL,7,5,-9.746,-1.436,3.133,,-9.711,-1.226,9.385
105.40,-9.809,-1.386,3.128,PATROL,7,5,-9.826,-1.435,3.133,,-9.792,-1.223,9.385
105.60,-9.891,-1.385,3.128,PATROL,7,5,-9.906,-1.434,3.132,,-9.874,-1.220,9.384
105.80,-9.972,-1.384,3.127,PATROL,7,5,-9.986,-1.433,3.132,,-9.955,-1.216,9.384
106.00,-10.054,-1.382,3.127,PATROL,7,5,-10.066,-1.433,3.132,,-10.037,-1.213,9.384
106.20,-10.122,-1.381,3.127,PATROL,7,5,-10.146,-1.432,3.132,,-10.105,-1.210,9.384
106.40,-10.203,-1.380,3.127,PATROL,7,5,-10.225,-1.431,3.132,,-10.186,-1.207,9.384
106.60,-10.285,-1.379,3.127,PATROL,7,5,-10.305,-1.430,3.132,,-10.268,-1.204,9.384
106.80,-10.366,-1.378,3.127,PATROL,8,9,-10.385,-1.430,3.132,,-10.350,-1.200,9.384
107.00,-10.419,-1.377,3.102,PATROL,8,9,-10.437,-1.429,3.106,,-10.403,-1.198,9.358
107.20,-10.435,-1.376,3.047,PATROL,8,9,-10.454,-1.428,3.050,,-10.419,-1.196,9.303
107.40,-10.445,-1.374,2.938,PATROL,8,9,-10.462,-1.427,2.941,,-10.428,-1.195,9.195
107.60,-10.460,-1.370,2.837,PATROL,8,9,-10.474,-1.424,2.841,,-10.443,-1.190,9.095
107.80,-10.475,-1.364,2.725,PATROL,8,9,-10.492,-1.417,2.729,,-10.458,-1.184,8.984
108.00,-10.497,-1.353,2.615,PATROL,8,9,-10.514,-1.406,2.619,,-10.480,-1.172,8.873
108.20,-10.522,-1.337,2.506,PATROL,8,9,-10.538,-1.390,2.510,,-10.505,-1.155,8.764
108.40,-10.549,-1.314,2.396,PATROL,8,9,-10.565,-1.368,2.399,,-10.531,-1.132,8.654
108.60,-10.578,-1.285,2.286,PATROL,8,9,-10.592,-1.340,2.289,,-10.559,-1.102,8.544
108.80,-10.606,-1.248,2.176,PATROL,8,9,-10.620,-1.305,2.180,,-10.586,-1.065,8.435
109.00,-10.633,-1.204,2.066,PATROL,8,9,-10.645,-1.263,2.071,,-10.612,-1.020,8.324
109.20,-10.657,-1.153,1.961,PATROL,8,9,-10.669,-1.214,1.964,,-10.635,-0.968,8.219
109.40,-10.674,-1.105,1.874,PATROL,8,9,-10.689,-1.158,1.877,,-10.651,-0.920,8.132
109.60,-10.691,-1.043,1.804,PATROL,8,9,-10.706,-1.097,1.808,,-10.666,-0.857,8.062
109.80,-10.705,-0.976,1.747,PATROL,8,9,-10.720,-1.032,1.751,,-10.679,-0.790,8.005
110.00,-10.716,-0.906,1.701,PATROL,8,9,-10.730,-0.963,1.705,,-10.688,-0.719,7.958
110.20,-10.724,-0.833,1.662,PATROL,8,9,-10.738,-0.893,1.667,,-10.694,-0.647,7.920
110.40,-10.730,-0.759,1.632,PATROL,8,9,-10.744,-0.820,1.636,,-10.698,-0.572,7.889
110.60,-10.733,-0.683,1.607,PATROL,8,9,-10.748,-0.746,1.611,,-10.699,-0.496,7.865
110.80,-10.735,-0.606,1.587,PATROL,8,9,-10.750,-0.671,1.591,,-10.699,-0.419,7.844
111.00,-10.736,-0.529,1.570,PATROL,8,9,-10.751,-0.595,1.574,,-10.698,-0.341,7.828
111.20,-10.735,-0.463,1.557,PATROL,8,9,-10.751,-0.519,1.561,,-10.696,-0.276,7.815
111.40,-10.734,-0.384,1.546,PATROL,8,9,-10.750,-0.442,1.550,,-10.692,-0.197,7.804
111.60,-10.732,-0.305,1.537,PATROL,8,9,-10.748,-0.364,1.541,,-10.688,-0.118,7.795
111.80,-10.729,-0.225,1.530,PATROL,8,9,-10.745,-0.286,1.534,,-10.683,-0.038,7.787
112.00,-10.725,-0.145,1.523,PATROL,8,9,-10.742,-0.208,1.527,,-10.677,0.041,7.780
112.20,-10.721,-0.065,1.517,PATROL,8,9,-10.738,-0.129,1.521,,-10.671,0.122,7.774
112.40,-10.716,0.015,1.512,PATROL,8,9,-10.734,-0.050,1.516,,-10.664,0.202,7.769
112.60,-10.711,0.096,1.508,PATROL,8,9,-10.730,0.029,1.512,,-10.657,0.282,7.765
112.80,-10.707,0.163,1.505,PATROL,8,9,-10.725,0.108,1.509,,-10.651,0.350,7.762
113.00,-10.701,0.244,1.502,PATROL,8,9,-10.720,0.187,1.506,,-10.644,0.430,7.760
113.20,-10.696,0.325,1.500,PATROL,8,9,-10.715,0.266,1.504,,-10.636,0.511,7.757
113.40,-10.690,0.406,1.498,PATROL,8,9,-10.709,0.345,1.502,,-10.628,0.592,7.755
113.60,-10.684,0.487,1.496,PATROL,8,9,-10.704,0.425,1.500,,-10.620,0.673,7.754
113.80,-10.678,0.568,1.494,PATROL,8,9,-10.698,0.504,1.499,,-10.612,0.754,7.752
114.00,-10.672,0.649,1.493,PATROL,8,9,-10.693,0.584,1.497,,-10.603,0.835,7.751
114.20,-10.665,0.730,1.492,PATROL,8,9,-10.687,0.663,1.496,,-10.595,0.916,7.750
114.40,-10.660,0.798,1.491,PATROL,8,9,-10.681,0.743,1.496,,-10.588,0.983,7.749
114.60,-10.653,0.879,1.491,PATROL,8,9,-10.675,0.823,1.495,,-10.579,1.065,7.748
114.80,-10.647,0.960,1.490,PATROL,8,9,-10.669,0.902,1.494,,-10.571,1.146,7.748
115.00,-10.640,1.042,1.489,PATROL,8,9,-10.663,0.981,1.494,,-10.562,1.227,7.747
115.20,-10.634,1.123,1.489,PATROL,9,10,-10.656,1.061,1.493,,-10.553,1.308,7.747
115.40,-10.629,1.170,1.440,PATROL,9,10,-10.652,1.108,1.443,,-10.547,1.355,7.697
115.60,-10.626,1.185,1.354,PATROL,9,10,-10.650,1.123,1.356,,-10.544,1.370,7.611
115.80,-10.622,1.201,1.244,PATROL,9,10,-10.646,1.138,1.247,,-10.540,1.385,7.502
116.00,-10.615,1.217,1.140,PATROL,9,10,-10.638,1.156,1.144,,-10.533,1.401,7.398
116.20,-10.603,1.240,1.030,PATROL,9,10,-10.627,1.178,1.034,,-10.520,1.424,7.288
116.40,-10.586,1.266,0.919,PATROL,9,10,-10.609,1.203,0.922,,-10.502,1.450,7.177
116.60,-10.562,1.294,0.810,PATROL,9,10,-10.586,1.230,0.813,,-10.478,1.477,7.068
116.80,-10.531,1.323,0.700,PATROL,9,10,-10.557,1.258,0.703,,-10.446,1.505,6.958
117.00,-10.493,1.351,0.590,PATROL,9,10,-10.520,1.286,0.594,,-10.407,1.533,6.848
117.20,-10.448,1.378,0.481,PATROL,9,10,-10.477,1.312,0.484,,-10.361,1.558,6.738
117.40,-10.395,1.402,0.379,PATROL,9,10,-10.426,1.335,0.382,,-10.308,1.581,6.636
117.60,-10.336,1.422,0.295,PATROL,9,10,-10.370,1.355,0.299,,-10.248,1.599,6.553
117.80,-10.283,1.436,0.229,PATROL,9,10,-10.308,1.372,0.233,,-10.195,1.612,6.487
118.00,-10.216,1.450,0.176,PATROL,9,10,-10.242,1.386,0.179,,-10.127,1.624,6.433
118.20,-10.145,1.461,0.132,PATROL,9,10,-10.173,1.397,0.136,,-10.056,1.634,6.390
118.40,-10.072,1.469,0.096,PATROL,9,10,-10.102,1.405,0.100,,-9.983,1.640,6.353
118.60,-9.998,1.475,0.066,PATROL,9,10,-10.029,1.411,0.070,,-9.908,1.644,6.324
118.80,-9.922,1.479,0.042,PATROL,9,10,-9.955,1.415,0.046,,-9.832,1.646,6.300
119.00,-9.845,1.482,0.023,PATROL,9,10,-9.879,1.418,0.027,,-9.755,1.647,6.281
119.20,-9.767,1.483,0.007,PATROL,9,10,-9.803,1.420,0.011,,-9.678,1.646,6.265
119.40,-9.702,1.483,-0.006,PATROL,9,10,-9.727,1.420,-0.002,,-9.612,1.644,6.252
119.60,-9.623,1.482,-0.017,PATROL,9,10,-9.649,1.419,-0.013,,-9.533,1.641,6.241
119.80,-9.543,1.480,-0.025,PATROL,9,10,-9.571,1.418,-0.021,,-9.454,1.638,6.232
120.00,-9.463,1.478,-0.033,PATROL,9,10,-9.494,1.416,-0.029,,-9.374,1.633,6.225
120.20,-9.383,1.475,-0.039,PATROL,9,10,-9.415,1.414,-0.035,,-9.294,1.628,6.218
120.40,-9.303,1.472,-0.045,PATROL,9,10,-9.336,1.411,-0.041,,-9.214,1.623,6.213
120.60,-9.223,1.468,-0.050,PATROL,9,10,-9.258,1.407,-0.046,,-9.134,1.617,6.208
120.80,-9.142,1.464,-0.054,PATROL,9,10,-9.179,1.404,-0.050,,-9.053,1.611,6.204
121.00,-9.075,1.460,-0.057,PATROL,9,10,-9.100,1.400,-0.053,,-8.986,1.605,6.201
121.20,-8.994,1.455,-0.060,PATROL,9,10,-9.020,1.395,-0.056,,-8.905,1.598,6.198
121.40,-8.913,1.450,-0.062,PATROL,9,10,-8.941,1.391,-0.058,,-8.824,1.592,6.196
121.60,-8.832,1.445,-0.064,PATROL,9,10,-8.862,1.386,-0.060,,-8.743,1.584,6.194
121.80,-8.751,1.440,-0.066,PATROL,9,10,-8.782,1.381,-0.062,,-8.662,1.577,6.192
122.00,-8.670,1.435,-0.067,PATROL,9,10,-8.703,1.376,-0.063,,-8.581,1.570,6.191
122.20,-8.589,1.429,-0.068,PATROL,9,10,-8.623,1.371,-0.064,,-8.500,1.562,6.189
122.40,-8.507,1.424,-0.069,PATROL,9,10,-8.544,1.366,-0.065,,-8.419,1.554,6.188
122.60,-8.440,1.419,-0.070,PATROL,9,10,-8.464,1.361,-0.066,,-8.351,1.548,6.187
122.80,-8.358,1.413,-0.071,PATROL,9,10,-8.384,1.356,-0.067,,-8.270,1.540,6.187
123.00,-8.277,1.407,-0.072,PATROL,9,10,-8.305,1.350,-0.068,,-8.189,1.532,6.186
123.20,-8.196,1.401,-0.072,PATROL,9,10,-8.225,1.345,-0.068,,-8.108,1.524,6.185
123.40,-8.114,1.396,-0.073,PATROL,10,11,-8.145,1.339,-0.069,,-8.027,1.516,6.185
123.60,-8.038,1.390,-0.082,PATROL,10,11,-8.070,1.334,-0.078,,-7.950,1.508,6.175
123.80,-7.960,1.384,-0.067,PATROL,10,11,-7.994,1.329,-0.062,,-7.873,1.501,6.191
124.00,-7.882,1.379,-0.053,PATROL,10,11,-7.917,1.324,-0.049,,-7.795,1.494,6.204
124.20,-7.803,1.376,-0.043,PATROL,10,11,-7.840,1.321,-0.039,,-7.716,1.488,6.215
124.40,-7.737,1.373,-0.034,PATROL,10,11,-7.762,1.319,-0.030,,-7.650,1.484,6.224
124.60,-7.657,1.371,-0.027,PATROL,10,11,-7.684,1.316,-0.023,,-7.570,1.479,6.231
124.80,-7.577,1.369,-0.021,PATROL,10,11,-7.605,1.315,-0.017,,-7.490,1.475,6.236
125.00,-7.496,1.367,-0.016,PATROL,10,11,-7.526,1.314,-0.012,,-7.409,1.472,6.241
125.20,-7.416,1.366,-0.012,PATROL,10,11,-7.447,1.313,-0.008,,-7.329,1.469,6.245
125.40,-7.335,1.365,-0.009,PATROL,10,11,-7.368,1.313,-0.005,,-7.248,1.466,6.248
125.60,-7.254,1.365,-0.007,PATROL,10,11,-7.289,1.312,-0.003,,-7.167,1.463,6.251
125.80,-7.173,1.364,-0.005,PATROL,10,11,-7.209,1.312,-0.001,,-7.086,1.460,6.252
126.00,-7.105,1.364,-0.004,PATROL,10,11,-7.130,1.312,0.000,,-7.019,1.458,6.254
126.20,-7.024,1.363,-0.003,PATROL,10,11,-7.051,1.312,0.001,,-6.937,1.456,6.255
126.40,-6.943,1.363,-0.002,PATROL,10,11,-6.971,1.312,0.002,,-6.856,1.454,6.256
126.60,-6.862,1.363,-0.001,PATROL,10,11,-6.892,1.312,0.003,,-6.775,1.452,6.257
126.80,-6.781,1.363,0.000,PATROL,10,11,-6.812,1.313,0.004,,-6.694,1.449,6.258
127.00,-6.699,1.363,0.001,PATROL,10,11,-6.733,1.313,0.006,,-6.612,1.447,6.259
127.20,-6.618,1.363,0.003,PATROL,10,11,-6.653,1.314,0.007,,-6.531,1.446,6.260
127.40,-6.537,1.364,0.004,PATROL,10,11,-6.574,1.314,0.008,,-6.450,1.444,6.261
127.60,-6.469,1.364,0.005,PATROL,10,11,-6.494,1.315,0.009,,-6.382,1.442,6.262
127.80,-6.388,1.364,0.006,PATROL,10,11,-6.414,1.316,0.010,,-6.300,1.441,6.263
128.00,-6.306,1.365,0.006,PATROL,10,11,-6.334,1.316,0.010,,-6.219,1.439,6.264
128.20,-6.225,1.365,0.007,PATROL,10,11,-6.254,1.317,0.011,,-6.137,1.437,6.264
128.40,-6.143,1.366,0.007,PATROL,10,11,-6.174,1.318,0.011,,-6.056,1.436,6.265
128.60,-6.062,1.366,0.008,PATROL,10,11,-6.095,1.319,0.012,,-5.974,1.434,6.265
128.80,-5.980,1.367,0.008,PATROL,10,11,-6.015,1.320,0.012,,-5.893,1.433,6.266
129.00,-5.898,1.368,0.009,PATROL,10,11,-5.935,1.321,0.013,,-5.811,1.432,6.266
129.20,-5.817,1.369,0.009,PATROL,10,11,-5.855,1.322,0.013,,-5.729,1.430,6.266
129.40,-5.749,1.369,0.009,PATROL,10,11,-5.775,1.323,0.013,,-5.661,1.429,6.267
129.60,-5.667,1.370,0.009,PATROL,10,11,-5.695,1.324,0.013,,-5.580,1.428,6.267
129.80,-5.586,1.371,0.009,PATROL,10,11,-5.615,1.325,0.013,,-5.498,1.426,6.267
130.00,-5.504,1.371,0.009,PATROL,10,11,-5.535,1.326,0.013,,-5.417,1.425,6.267
130.20,-5.423,1.372,0.009,PATROL,10,11,-5.455,1.327,0.013,,-5.335,1.424,6.267
130.40,-5.341,1.373,0.009,PATROL,11,12,-5.375,1.328,0.013,,-5.253,1.422,6.267
130.60,-5.260,1.374,0.008,PATROL,11,12,-5.296,1.329,0.013,,-5.172,1.421,6.266
130.80,-5.179,1.374,0.007,PATROL,11,12,-5.216,1.330,0.011,,-5.091,1.420,6.265
131.00,-5.111,1.375,0.006,PATROL,11,12,-5.137,1.331,0.010,,-5.023,1.418,6.263
131.20,-5.029,1.375,0.005,PATROL,11,12,-5.057,1.332,0.009,,-4.942,1.417,6.262
131.40,-4.948,1.375,0.004,PATROL,11,12,-4.977,1.333,0.008,,-4.860,1.415,6.262
131.60,-4.867,1.376,0.003,ALIGN,11,12,-4.898,1.333,0.007,ball_5,-4.779,1.413,6.261
131.80,-4.809,1.376,0.011,ALIGN,11,12,-4.841,1.334,0.015,ball_5,-4.721,1.412,6.269
132.00,-4.790,1.376,0.032,ALIGN,11,12,-4.822,1.334,0.038,ball_5,-4.702,1.412,6.291
132.20,-4.790,1.376,0.136,ALIGN,11,12,-4.820,1.334,0.143,ball_1,-4.702,1.412,6.394
132.40,-4.790,1.376,0.246,ALIGN,11,12,-4.820,1.333,0.253,ball_1,-4.702,1.412,6.503
132.60,-4.790,1.376,0.331,ALIGN,11,12,-4.820,1.333,0.336,ball_1,-4.702,1.412,6.586
132.80,-4.790,1.376,0.380,ALIGN,11,12,-4.821,1.334,0.385,ball_1,-4.702,1.412,6.635
133.00,-4.790,1.376,0.417,APPROACH,11,12,-4.821,1.334,0.422,ball_1,-4.702,1.412,6.672
133.20,-4.773,1.385,0.476,APPROACH,11,12,-4.803,1.343,0.482,ball_1,-4.685,1.420,6.732
133.40,-4.725,1.411,0.500,APPROACH,11,12,-4.756,1.369,0.504,ball_1,-4.636,1.444,6.755
133.60,-4.671,1.440,0.496,APPROACH,11,12,-4.703,1.398,0.501,ball_1,-4.582,1.472,6.751
133.80,-4.618,1.469,0.493,APPROACH,11,12,-4.651,1.426,0.498,ball_1,-4.527,1.499,6.748
134.00,-4.564,1.498,0.491,APPROACH,11,12,-4.598,1.455,0.496,ball_1,-4.472,1.527,6.747
134.20,-4.510,1.526,0.490,APPROACH,11,12,-4.545,1.483,0.495,ball_1,-4.418,1.554,6.745
134.40,-4.465,1.550,0.488,APPROACH,11,12,-4.493,1.512,0.493,ball_1,-4.372,1.577,6.744
134.60,-4.411,1.579,0.487,APPROACH,11,12,-4.440,1.540,0.492,ball_1,-4.317,1.604,6.742
134.80,-4.357,1.608,0.486,APPROACH,11,12,-4.387,1.568,0.491,ball_1,-4.262,1.631,6.741
135.00,-4.302,1.636,0.485,APPROACH,11,12,-4.335,1.596,0.490,ball_1,-4.207,1.658,6.740
135.20,-4.248,1.665,0.484,APPROACH,11,12,-4.282,1.624,0.489,ball_1,-4.152,1.685,6.739
135.40,-4.194,1.693,0.483,APPROACH,11,12,-4.229,1.653,0.488,ball_1,-4.097,1.712,6.738
135.60,-4.140,1.722,0.483,APPROACH,11,12,-4.176,1.681,0.487,ball_1,-4.042,1.739,6.738
135.80,-4.086,1.750,0.482,APPROACH,11,12,-4.123,1.709,0.487,ball_1,-3.987,1.766,6.737
136.00,-4.040,1.774,0.481,APPROACH,11,12,-4.070,1.737,0.486,ball_1,-3.941,1.788,6.736
136.20,-3.986,1.802,0.481,APPROACH,11,12,-4.017,1.765,0.486,ball_1,-3.886,1.815,6.736
136.40,-3.932,1.830,0.480,APPROACH,11,12,-3.964,1.793,0.485,ball_1,-3.831,1.842,6.735
136.60,-3.878,1.859,0.480,APPROACH,11,12,-3.911,1.820,0.485,ball_1,-3.776,1.869,6.735
136.80,-3.823,1.887,0.479,APPROACH,11,12,-3.858,1.848,0.484,ball_1,-3.721,1.895,6.734
137.00,-3.769,1.915,0.479,APPROACH,11,12,-3.805,1.876,0.484,ball_1,-3.666,1.922,6.734
137.20,-3.715,1.943,0.479,APPROACH,11,12,-3.752,1.904,0.484,ball_1,-3.611,1.949,6.734
137.40,-3.660,1.971,0.478,APPROACH,11,12,-3.699,1.932,0.483,ball_1,-3.555,1.975,6.734
137.60,-3.615,1.995,0.478,APPROACH,11,12,-3.646,1.960,0.483,ball_1,-3.510,1.997,6.733
137.80,-3.561,2.023,0.478,APPROACH,11,12,-3.593,1.988,0.483,ball_1,-3.454,2.024,6.733
138.00,-3.506,2.051,0.477,APPROACH,11,12,-3.539,2.015,0.482,ball_1,-3.399,2.051,6.733
138.20,-3.452,2.079,0.477,APPROACH,11,12,-3.486,2.043,0.482,ball_1,-3.344,2.077,6.732
138.40,-3.398,2.107,0.477,APPROACH,11,12,-3.433,2.071,0.482,ball_1,-3.289,2.104,6.732
138.60,-3.343,2.135,0.477,APPROACH,11,12,-3.380,2.099,0.482,ball_1,-3.234,2.130,6.732
138.80,-3.289,2.164,0.477,APPROACH,11,12,-3.327,2.126,0.481,ball_1,-3.179,2.157,6.732
139.00,-3.235,2.192,0.476,APPROACH,11,12,-3.274,2.154,0.481,ball_1,-3.123,2.184,6.731
139.20,-3.189,2.215,0.476,APPROACH,11,12,-3.221,2.182,0.481,ball_1,-3.077,2.206,6.731
139.40,-3.135,2.243,0.476,APPROACH,11,12,-3.168,2.210,0.481,ball_1,-3.022,2.232,6.731
139.60,-3.080,2.271,0.476,APPROACH,11,12,-3.115,2.237,0.480,ball_1,-2.967,2.259,6.731
139.80,-3.026,2.299,0.475,APPROACH,11,12,-3.061,2.265,0.480,ball_1,-2.912,2.285,6.730
140.00,-2.972,2.327,0.475,APPROACH,11,12,-3.009,2.293,0.480,ball_1,-2.857,2.312,6.730
140.20,-2.917,2.355,0.475,APPROACH,11,12,-2.955,2.320,0.480,ball_1,-2.801,2.338,6.730
140.40,-2.863,2.383,0.475,APPROACH,11,12,-2.902,2.348,0.479,ball_1,-2.746,2.365,6.730
140.60,-2.808,2.411,0.474,APPROACH,11,12,-2.849,2.376,0.479,ball_1,-2.691,2.391,6.729
140.80,-2.763,2.434,0.474,APPROACH,11,12,-2.796,2.403,0.479,ball_1,-2.645,2.413,6.729
141.00,-2.709,2.462,0.474,APPROACH,11,12,-2.743,2.431,0.479,ball_1,-2.590,2.439,6.729
141.20,-2.654,2.490,0.473,APPROACH,11,12,-2.689,2.458,0.478,ball_1,-2.534,2.466,6.729
141.40,-2.600,2.518,0.473,APPROACH,11,12,-2.636,2.486,0.478,ball_1,-2.479,2.492,6.728
141.60,-2.545,2.546,0.473,APPROACH,11,12,-2.583,2.513,0.478,ball_1,-2.424,2.519,6.728
141.80,-2.491,2.574,0.472,APPROACH,11,12,-2.530,2.541,0.477,ball_1,-2.368,2.545,6.727
142.00,-2.436,2.602,0.471,APPROACH,11,12,-2.477,2.568,0.476,ball_1,-2.313,2.571,6.726
142.20,-2.382,2.629,0.471,APPROACH,11,12,-2.423,2.596,0.476,ball_1,-2.258,2.597,6.726
142.40,-2.327,2.657,0.470,APPROACH,11,12,-2.370,2.623,0.475,ball_1,-2.203,2.624,6.725
142.60,-2.282,2.680,0.472,APPROACH,11,12,-2.317,2.651,0.477,,-2.157,2.645,6.727
142.80,-2.227,2.708,0.478,BLIND_DASH,11,12,-2.263,2.678,0.482,,-2.101,2.672,6.733
143.00,-2.173,2.736,0.481,BLIND_DASH,11,12,-2.210,2.706,0.486,,-2.046,2.698,6.736
143.20,-2.119,2.765,0.481,BLIND_DASH,11,12,-2.157,2.734,0.486,,-1.991,2.725,6.736
143.40,-2.064,2.793,0.481,BLIND_DASH,11,12,-2.104,2.762,0.486,,-1.936,2.752,6.736
143.60,-2.010,2.821,0.481,BLIND_DASH,11,12,-2.052,2.790,0.486,,-1.881,2.779,6.736
143.80,-1.956,2.850,0.482,BLIND_DASH,11,12,-1.999,2.818,0.487,,-1.826,2.806,6.737
144.00,-1.902,2.878,0.482,BLIND_DASH,11,12,-1.946,2.846,0.487,,-1.771,2.833,6.737
144.20,-1.860,2.900,0.481,PATROL,11,12,-1.897,2.872,0.486,,-1.728,2.853,6.736
144.40,-1.838,2.911,0.468,PATROL,11,12,-1.878,2.882,0.473,,-1.707,2.864,6.723
144.60,-1.836,2.912,0.368,PATROL,11,12,-1.877,2.882,0.372,,-1.705,2.865,6.623
144.80,-1.836,2.912,0.262,PATROL,11,12,-1.877,2.882,0.267,,-1.705,2.865,6.517
145.00,-1.836,2.912,0.152,PATROL,11,12,-1.877,2.882,0.156,,-1.705,2.865,6.407
145.20,-1.836,2.912,0.040,PATROL,11,12,-1.878,2.882,0.045,,-1.705,2.865,6.295
145.40,-1.836,2.912,-0.070,PATROL,11,12,-1.878,2.882,-0.065,,-1.705,2.865,6.185
145.60,-1.836,2.912,-0.181,PATROL,11,12,-1.878,2.882,-0.176,,-1.705,2.865,6.074
145.80,-1.836,2.912,-0.291,PATROL,11,12,-1.878,2.882,-0.286,,-1.705,2.865,5.964
146.00,-1.835,2.912,-0.401,PATROL,11,12,-1.877,2.882,-0.397,,-1.704,2.864,5.853
146.20,-1.830,2.909,-0.511,PATROL,11,12,-1.871,2.879,-0.507,,-1.698,2.861,5.744
146.40,-1.819,2.902,-0.621,PATROL,11,12,-1.861,2.872,-0.617,,-1.688,2.854,5.633
146.60,-1.805,2.891,-0.731,PATROL,11,12,-1.848,2.861,-0.727,,-1.674,2.843,5.523
146.80,-1.789,2.875,-0.841,PATROL,11,12,-1.832,2.846,-0.836,,-1.659,2.826,5.414
147.00,-1.772,2.853,-0.952,PATROL,11,12,-1.815,2.825,-0.947,,-1.642,2.803,5.302
147.20,-1.754,2.824,-1.063,PATROL,11,12,-1.798,2.798,-1.059,,-1.625,2.775,5.191
147.40,-1.738,2.790,-1.173,PATROL,11,12,-1.782,2.766,-1.169,,-1.610,2.740,5.081
147.60,-1.726,2.756,-1.283,PATROL,11,12,-1.768,2.727,-1.279,,-1.599,2.706,4.971
147.80,-1.715,2.711,-1.393,PATROL,11,12,-1.758,2.683,-1.388,,-1.589,2.660,4.861
148.00,-1.708,2.659,-1.502,PATROL,11,12,-1.752,2.633,-1.498,,-1.584,2.608,4.752
148.20,-1.707,2.603,-1.607,PATROL,11,12,-1.750,2.578,-1.602,,-1.585,2.551,4.647
148.40,-1.712,2.542,-1.694,PATROL,11,12,-1.755,2.519,-1.689,,-1.591,2.491,4.560
148.60,-1.723,2.478,-1.765,PATROL,11,12,-1.765,2.456,-1.761,,-1.604,2.427,4.488
148.80,-1.738,2.412,-1.825,PATROL,11,12,-1.779,2.392,-1.820,,-1.621,2.361,4.429
149.00,-1.758,2.344,-1.874,PATROL,11,12,-1.798,2.326,-1.870,,-1.643,2.295,4.379
149.20,-1.777,2.288,-1.916,PATROL,11,12,-1.820,2.259,-1.912,,-1.663,2.239,4.337
149.40,-1.803,2.219,-1.952,PATROL,11,12,-1.845,2.193,-1.947,,-1.691,2.171,4.302
149.60,-1.831,2.151,-1.982,PATROL,11,12,-1.873,2.125,-1.977,,-1.722,2.103,4.272
149.80,-1.862,2.082,-2.008,PATROL,11,12,-1.903,2.058,-2.003,,-1.755,2.035,4.246
150.00,-1.895,2.013,-2.031,PATROL,11,12,-1.935,1.990,-2.026,,-1.790,1.967,4.223
150.20,-1.930,1.944,-2.051,PATROL,11,12,-1.969,1.923,-2.046,,-1.827,1.900,4.203
150.40,-1.967,1.876,-2.068,PATROL,11,12,-2.004,1.856,-2.064,,-1.866,1.832,4.185
150.60,-2.005,1.808,-2.084,PATROL,11,12,-2.041,1.789,-2.079,,-1.905,1.765,4.169
150.80,-2.037,1.751,-2.099,PATROL,11,12,-2.078,1.722,-2.094,,-1.940,1.710,4.155
151.00,-2.077,1.684,-2.112,PATROL,11,12,-2.117,1.656,-2.107,,-1.982,1.643,4.142
151.20,-2.118,1.616,-2.125,PATROL,12,16,-2.157,1.590,-2.120,,-2.024,1.577,4.129
151.40,-2.155,1.557,-2.158,PATROL,12,16,-2.193,1.533,-2.153,,-2.064,1.519,4.096
151.60,-2.171,1.535,-2.222,PATROL,12,16,-2.208,1.511,-2.218,,-2.080,1.497,4.031
151.80,-2.172,1.534,-2.325,PATROL,12,16,-2.208,1.510,-2.321,,-2.081,1.496,3.928
152.00,-2.172,1.534,-2.429,PATROL,12,16,-2.208,1.511,-2.425,,-2.081,1.496,3.825
152.20,-2.172,1.534,-2.540,PATROL,12,16,-2.208,1.511,-2.535,,-2.081,1.496,3.714
152.40,-2.172,1.534,-2.650,PATROL,12,16,-2.207,1.511,-2.646,,-2.081,1.496,3.603
152.60,-2.172,1.534,-2.761,PATROL,12,16,-2.207,1.511,-2.756,,-2.081,1.496,3.493
152.80,-2.172,1.534,-2.872,PATROL,12,16,-2.207,1.511,-2.867,,-2.081,1.496,3.382
153.00,-2.172,1.534,-2.982,PATROL,12,16,-2.207,1.511,-2.978,,-2.081,1.496,3.271
153.20,-2.172,1.534,-3.093,PATROL,12,16,-2.207,1.511,-3.089,,-2.081,1.496,3.160
153.40,-2.173,1.534,3.079,PATROL,12,16,-2.208,1.511,3.083,,-2.082,1.496,3.049
153.60,-2.180,1.535,2.968,PATROL,12,16,-2.214,1.512,2.973,,-2.089,1.497,2.939
153.80,-2.192,1.538,2.858,PATROL,12,16,-2.225,1.515,2.862,,-2.101,1.501,2.828
154.00,-2.209,1.544,2.748,PATROL,12,16,-2.241,1.521,2.753,,-2.118,1.507,2.718
154.20,-2.226,1.552,2.639,PATROL,12,16,-2.261,1.530,2.643,,-2.135,1.516,2.609
154.40,-2.251,1.567,2.529,PATROL,12,16,-2.285,1.545,2.534,,-2.158,1.532,2.499
154.60,-2.277,1.587,2.418,PATROL,12,16,-2.310,1.565,2.422,,-2.184,1.553,2.387
154.80,-2.304,1.615,2.308,PATROL,12,16,-2.337,1.591,2.312,,-2.211,1.581,2.277
155.00,-2.332,1.649,2.197,PATROL,12,16,-2.364,1.624,2.202,,-2.238,1.616,2.167
155.20,-2.359,1.691,2.088,PATROL,12,16,-2.390,1.664,2.092,,-2.263,1.659,2.057
155.40,-2.383,1.740,1.978,PATROL,12,16,-2.413,1.710,1.983,,-2.285,1.708,1.948
155.60,-2.403,1.796,1.883,PATROL,12,16,-2.434,1.764,1.888,,-2.304,1.765,1.852
155.80,-2.417,1.847,1.806,PATROL,12,16,-2.451,1.824,1.811,,-2.317,1.816,1.776
156.00,-2.431,1.912,1.744,PATROL,12,16,-2.464,1.888,1.749,,-2.329,1.882,1.714
156.20,-2.442,1.981,1.694,PATROL,12,16,-2.474,1.955,1.699,,-2.337,1.951,1.663
156.40,-2.449,2.052,1.652,PATROL,12,16,-2.482,2.025,1.657,,-2.342,2.023,1.622
156.60,-2.454,2.126,1.618,PATROL,12,16,-2.487,2.096,1.623,,-2.344,2.097,1.587
156.80,-2.456,2.201,1.590,PATROL,12,16,-2.490,2.170,1.595,,-2.345,2.172,1.559
157.00,-2.457,2.277,1.568,PATROL,12,16,-2.490,2.244,1.573,,-2.343,2.249,1.537
157.20,-2.456,2.355,1.549,PATROL,12,16,-2.490,2.320,1.554,,-2.339,2.326,1.519
157.40,-2.454,2.419,1.534,PATROL,12,16,-2.488,2.396,1.539,,-2.335,2.391,1.503
157.60,-2.450,2.498,1.522,PATROL,12,16,-2.485,2.473,1.527,,-2.330,2.469,1.491
157.80,-2.446,2.577,1.511,PATROL,12,16,-2.481,2.550,1.516,,-2.323,2.548,1.480
158.00,-2.441,2.656,1.502,PATROL,12,16,-2.477,2.628,1.507,,-2.315,2.627,1.471
158.20,-2.435,2.736,1.494,PATROL,12,16,-2.471,2.706,1.499,,-2.307,2.706,1.463
158.40,-2.429,2.816,1.487,PATROL,12,16,-2.466,2.784,1.492,,-2.298,2.786,1.457
158.60,-2.422,2.896,1.482,PATROL,12,16,-2.459,2.862,1.487,,-2.289,2.866,1.451
158.80,-2.414,2.976,1.477,PATROL,12,16,-2.452,2.941,1.482,,-2.279,2.946,1.447
159.00,-2.408,3.043,1.473,PATROL,12,16,-2.445,3.020,1.478,,-2.271,3.013,1.443
159.20,-2.400,3.124,1.470,PATROL,12,16,-2.438,3.099,1.475,,-2.260,3.093,1.440
159.40,-2.392,3.204,1.467,PATROL,12,16,-2.430,3.178,1.472,,-2.249,3.173,1.437
159.60,-2.383,3.285,1.465,PATROL,12,16,-2.422,3.257,1.470,,-2.238,3.254,1.434
159.80,-2.375,3.366,1.463,PATROL,12,16,-2.414,3.336,1.468,,-2.227,3.334,1.432
160.00,-2.366,3.446,1.461,PATROL,12,16,-2.406,3.415,1.466,,-2.216,3.415,1.430
160.20,-2.357,3.527,1.460,PATROL,12,16,-2.398,3.494,1.465,,-2.205,3.496,1.429
160.40,-2.348,3.608,1.459,PATROL,12,16,-2.389,3.573,1.463,,-2.193,3.576,1.428
160.60,-2.339,3.689,1.457,PATROL,12,16,-2.381,3.653,1.462,,-2.181,3.657,1.427
160.80,-2.331,3.756,1.457,PATROL,12,16,-2.372,3.732,1.461,,-2.172,3.724,1.426
161.00,-2.322,3.837,1.456,PATROL,13,15,-2.363,3.811,1.461,,-2.160,3.804,1.425
161.20,-2.313,3.909,1.433,PATROL,13,15,-2.355,3.880,1.438,,-2.149,3.876,1.402
161.40,-2.308,3.940,1.391,PATROL,13,15,-2.351,3.910,1.395,,-2.143,3.906,1.359
161.60,-2.307,3.946,1.457,PATROL,13,15,-2.350,3.916,1.461,,-2.142,3.913,1.425
161.80,-2.307,3.946,1.567,PATROL,13,15,-2.349,3.916,1.571,,-2.142,3.913,1.535
162.00,-2.307,3.950,1.668,PATROL,13,15,-2.351,3.920,1.672,,-2.142,3.917,1.637
162.20,-2.309,3.960,1.776,PATROL,13,15,-2.352,3.930,1.781,,-2.143,3.927,1.745
162.40,-2.312,3.972,1.885,PATROL,13,15,-2.356,3.944,1.890,,-2.146,3.939,1.854
162.60,-2.319,3.990,1.995,PATROL,13,15,-2.364,3.962,2.000,,-2.152,3.957,1.964
162.80,-2.331,4.013,2.104,PATROL,13,15,-2.375,3.985,2.109,,-2.163,3.980,2.074
163.00,-2.348,4.038,2.214,PATROL,13,15,-2.393,4.010,2.219,,-2.180,4.006,2.183
163.20,-2.371,4.066,2.324,PATROL,13,15,-2.416,4.037,2.329,,-2.202,4.034,2.293
163.40,-2.401,4.094,2.434,ALIGN,13,15,-2.445,4.064,2.438,ball_3,-2.231,4.064,2.403
163.60,-2.416,4.106,2.545,ALIGN,13,15,-2.461,4.077,2.549,ball_3,-2.246,4.076,2.514
163.80,-2.416,4.106,2.648,ALIGN,13,15,-2.462,4.077,2.652,ball_3,-2.246,4.076,2.617
164.00,-2.416,4.106,2.753,ALIGN,13,15,-2.462,4.077,2.758,ball_3,-2.246,4.076,2.723
164.20,-2.416,4.106,2.859,ALIGN,13,15,-2.463,4.077,2.863,ball_3,-2.246,4.076,2.828
164.40,-2.416,4.106,2.935,ALIGN,13,15,-2.463,4.077,2.939,ball_3,-2.246,4.076,2.904
164.60,-2.416,4.106,2.984,APPROACH,13,15,-2.463,4.077,2.989,ball_3,-2.246,4.076,2.954
164.80,-2.421,4.107,3.038,APPROACH,13,15,-2.468,4.078,3.043,ball_3,-2.251,4.077,3.008
165.00,-2.460,4.109,3.101,APPROACH,13,15,-2.507,4.080,3.105,ball_3,-2.290,4.081,3.071
165.20,-2.520,4.112,3.096,APPROACH,13,15,-2.565,4.082,3.101,ball_3,-2.350,4.085,3.066
165.40,-2.582,4.115,3.094,APPROACH,13,15,-2.625,4.084,3.099,ball_3,-2.411,4.090,3.064
165.60,-2.643,4.118,3.092,APPROACH,13,15,-2.685,4.087,3.097,ball_3,-2.472,4.095,3.062
165.80,-2.694,4.120,3.091,APPROACH,13,15,-2.745,4.090,3.095,ball_3,-2.523,4.099,3.061
166.00,-2.755,4.123,3.089,APPROACH,13,15,-2.805,4.093,3.094,ball_3,-2.584,4.104,3.059
166.20,-2.816,4.127,3.088,APPROACH,13,15,-2.865,4.095,3.092,ball_3,-2.645,4.109,3.058
166.40,-2.877,4.130,3.087,APPROACH,13,15,-2.924,4.098,3.091,ball_3,-2.706,4.114,3.057
166.60,-2.938,4.133,3.086,APPROACH,13,15,-2.984,4.101,3.090,ball_3,-2.767,4.119,3.056
166.80,-2.999,4.137,3.085,APPROACH,13,15,-3.044,4.104,3.089,ball_3,-2.828,4.124,3.055
167.00,-3.060,4.140,3.084,APPROACH,13,15,-3.104,4.108,3.088,ball_3,-2.889,4.130,3.054
167.20,-3.121,4.144,3.083,APPROACH,13,15,-3.164,4.111,3.088,ball_3,-2.950,4.135,3.053
167.40,-3.172,4.147,3.083,APPROACH,13,15,-3.224,4.114,3.087,ball_3,-3.001,4.140,3.053
167.60,-3.233,4.150,3.082,APPROACH,13,15,-3.284,4.117,3.086,ball_3,-3.062,4.145,3.052
167.80,-3.294,4.154,3.081,APPROACH,13,15,-3.343,4.121,3.086,ball_3,-3.123,4.151,3.051
168.00,-3.356,4.158,3.080,APPROACH,13,15,-3.403,4.124,3.085,ball_3,-3.184,4.156,3.050
168.20,-3.417,4.161,3.080,APPROACH,13,15,-3.463,4.127,3.084,ball_3,-3.245,4.162,3.050
168.40,-3.478,4.165,3.080,APPROACH,13,15,-3.523,4.131,3.084,ball_3,-3.306,4.167,3.050
168.60,-3.539,4.169,3.080,APPROACH,13,15,-3.583,4.134,3.084,ball_3,-3.367,4.173,3.050
168.80,-3.600,4.173,3.080,APPROACH,13,15,-3.642,4.138,3.084,ball_3,-3.428,4.179,3.049
169.00,-3.651,4.176,3.080,APPROACH,13,15,-3.702,4.141,3.084,ball_3,-3.479,4.183,3.049
169.20,-3.712,4.180,3.079,APPROACH,13,15,-3.762,4.144,3.084,ball_3,-3.540,4.189,3.049
169.40,-3.773,4.184,3.079,APPROACH,13,15,-3.822,4.148,3.083,ball_3,-3.601,4.195,3.049
169.60,-3.834,4.187,3.079,APPROACH,13,15,-3.882,4.151,3.083,ball_3,-3.661,4.200,3.049
169.80,-3.895,4.191,3.079,APPROACH,13,15,-3.942,4.155,3.083,ball_3,-3.722,4.206,3.049
170.00,-3.956,4.195,3.079,APPROACH,13,15,-4.001,4.158,3.083,ball_3,-3.783,4.212,3.049
170.20,-4.017,4.199,3.079,APPROACH,13,15,-4.061,4.162,3.083,ball_3,-3.844,4.217,3.048
170.40,-4.078,4.203,3.079,APPROACH,13,15,-4.121,4.165,3.083,ball_3,-3.905,4.223,3.048
170.60,-4.129,4.206,3.078,APPROACH,13,15,-4.181,4.169,3.083,ball_3,-3.956,4.228,3.048
170.80,-4.190,4.210,3.078,APPROACH,13,15,-4.241,4.172,3.082,ball_3,-4.017,4.233,3.048
171.00,-4.251,4.214,3.078,APPROACH,13,15,-4.301,4.176,3.082,ball_3,-4.078,4.239,3.048
171.20,-4.312,4.218,3.078,APPROACH,13,15,-4.360,4.179,3.082,ball_3,-4.139,4.245,3.048
171.40,-4.374,4.221,3.078,APPROACH,13,15,-4.420,4.183,3.082,ball_3,-4.200,4.251,3.048
171.60,-4.435,4.225,3.078,APPROACH,13,15,-4.480,4.186,3.082,ball_3,-4.261,4.256,3.048
171.80,-4.496,4.229,3.078,APPROACH,13,15,-4.540,4.190,3.082,ball_3,-4.322,4.262,3.048
172.00,-4.557,4.233,3.078,APPROACH,13,15,-4.600,4.193,3.082,ball_3,-4.383,4.268,3.048
172.20,-4.618,4.237,3.078,APPROACH,13,15,-4.660,4.197,3.083,ball_3,-4.444,4.274,3.048
172.40,-4.669,4.240,3.078,APPROACH,13,15,-4.720,4.200,3.082,ball_3,-4.495,4.278,3.048
172.60,-4.730,4.244,3.078,APPROACH,13,15,-4.779,4.204,3.083,ball_3,-4.556,4.284,3.048
172.80,-4.791,4.248,3.078,APPROACH,13,15,-4.839,4.207,3.083,ball_3,-4.617,4.290,3.048
173.00,-4.852,4.252,3.078,APPROACH,13,15,-4.899,4.211,3.083,ball_3,-4.678,4.295,3.048
173.20,-4.913,4.256,3.078,APPROACH,13,15,-4.959,4.214,3.082,ball_3,-4.739,4.301,3.048
173.40,-4.974,4.260,3.078,APPROACH,13,15,-5.019,4.218,3.082,ball_3,-4.800,4.307,3.048
173.60,-5.035,4.263,3.078,APPROACH,13,15,-5.079,4.222,3.083,ball_3,-4.861,4.313,3.048
173.80,-5.096,4.267,3.078,APPROACH,13,15,-5.138,4.225,3.082,ball_3,-4.922,4.318,3.048
174.00,-5.147,4.271,3.078,APPROACH,13,15,-5.198,4.229,3.082,ball_3,-4.972,4.323,3.048
174.20,-5.208,4.274,3.078,APPROACH,13,15,-5.258,4.232,3.082,ball_3,-5.033,4.329,3.048
174.40,-5.269,4.278,3.078,APPROACH,13,15,-5.318,4.236,3.082,,-5.094,4.334,3.048
174.60,-5.330,4.282,3.078,BLIND_DASH,13,15,-5.378,4.239,3.082,,-5.155,4.340,3.048
174.80,-5.392,4.286,3.078,BLIND_DASH,13,15,-5.438,4.243,3.082,,-5.216,4.346,3.048
175.00,-5.453,4.290,3.078,BLIND_DASH,13,15,-5.497,4.246,3.082,,-5.277,4.352,3.047
175.20,-5.514,4.294,3.077,BLIND_DASH,13,15,-5.557,4.250,3.081,,-5.338,4.357,3.047
175.40,-5.575,4.298,3.077,BLIND_DASH,13,15,-5.617,4.253,3.081,,-5.399,4.363,3.047
175.60,-5.626,4.301,3.076,PATROL,13,15,-5.677,4.257,3.081,,-5.450,4.368,3.046
175.80,-5.669,4.304,3.074,PATROL,13,15,-5.716,4.259,3.078,,-5.493,4.372,3.044
176.00,-5.678,4.305,3.129,PATROL,13,15,-5.724,4.260,3.133,,-5.502,4.373,3.099
176.20,-5.678,4.305,-3.049,PATROL,13,15,-5.724,4.260,-3.045,,-5.502,4.373,3.205
176.40,-5.678,4.305,-2.940,PATROL,13,15,-5.725,4.259,-2.936,,-5.502,4.373,3.314
176.60,-5.678,4.305,-2.832,PATROL,13,15,-5.726,4.259,-2.827,,-5.502,4.373,3.422
176.80,-5.678,4.305,-2.723,PATROL,13,15,-5.726,4.259,-2.718,,-5.502,4.373,3.531
177.00,-5.678,4.305,-2.614,PATROL,13,15,-5.726,4.259,-2.609,,-5.502,4.373,3.640
177.20,-5.678,4.305,-2.505,PATROL,13,15,-5.727,4.259,-2.501,,-5.502,4.373,3.749
177.40,-5.678,4.305,-2.396,PATROL,13,15,-5.727,4.258,-2.392,,-5.502,4.373,3.858
177.60,-5.678,4.305,-2.287,PATROL,13,15,-5.728,4.258,-2.283,,-5.502,4.373,3.966
177.80,-5.678,4.305,-2.178,PATROL,13,15,-5.728,4.258,-2.174,,-5.502,4.373,4.076
178.00,-5.678,4.305,-2.069,PATROL,13,15,-5.728,4.257,-2.065,,-5.502,4.373,4.184
178.20,-5.678,4.305,-1.960,PATROL,13,15,-5.728,4.257,-1.956,,-5.502,4.373,4.293
178.40,-5.678,4.305,-1.851,PATROL,13,15,-5.728,4.256,-1.846,,-5.502,4.373,4.403
178.60,-5.678,4.303,-1.741,PATROL,13,15,-5.728,4.255,-1.737,,-5.502,4.371,4.512
178.80,-5.679,4.296,-1.632,PATROL,13,15,-5.729,4.248,-1.627,,-5.503,4.364,4.622
179.00,-5.679,4.286,-1.522,PATROL,13,15,-5.729,4.236,-1.518,,-5.503,4.355,4.732
179.20,-5.677,4.270,-1.412,PATROL,13,15,-5.727,4.219,-1.408,,-5.502,4.338,4.842
179.40,-5.673,4.250,-1.303,PATROL,13,15,-5.723,4.199,-1.299,,-5.498,4.318,4.952
179.60,-5.665,4.226,-1.192,PATROL,13,15,-5.715,4.175,-1.188,,-5.491,4.294,5.062
179.80,-5.653,4.199,-1.083,PATROL,13,15,-5.702,4.150,-1.079,,-5.480,4.267,5.172
180.00,-5.636,4.171,-0.973,PATROL,13,15,-5.686,4.122,-0.969,,-5.464,4.239,5.281
180.20,-5.614,4.143,-0.863,PATROL,13,15,-5.664,4.094,-0.859,,-5.442,4.209,5.391
180.40,-5.586,4.115,-0.753,PATROL,13,15,-5.637,4.067,-0.749,,-5.416,4.181,5.501
180.60,-5.559,4.092,-0.643,PATROL,13,15,-5.605,4.040,-0.639,,-5.389,4.157,5.611
180.80,-5.522,4.067,-0.533,PATROL,13,15,-5.568,4.016,-0.529,,-5.353,4.131,5.722
181.00,-5.480,4.045,-0.422,PATROL,13,15,-5.526,3.994,-0.417,,-5.311,4.108,5.833
181.20,-5.433,4.027,-0.310,PATROL,13,15,-5.480,3.977,-0.306,,-5.265,4.088,5.944
181.40,-5.382,4.013,-0.199,PATROL,13,15,-5.430,3.964,-0.195,,-5.215,4.073,6.056
181.60,-5.328,4.006,-0.089,PATROL,14,14,-5.378,3.957,-0.085,,-5.161,4.064,6.166
181.80,-5.295,4.004,0.022,PATROL,14,14,-5.343,3.955,0.026,,-5.128,4.062,6.277
182.00,-5.295,4.004,0.131,PATROL,14,14,-5.342,3.955,0.136,,-5.128,4.062,6.386
182.20,-5.295,4.004,0.231,PATROL,14,14,-5.342,3.956,0.236,,-5.128,4.062,6.486
182.40,-5.295,4.004,0.338,PATROL,14,14,-5.342,3.956,0.342,,-5.128,4.062,6.593
182.60,-5.295,4.004,0.446,PATROL,14,14,-5.341,3.956,0.450,,-5.128,4.062,6.701
182.80,-5.295,4.004,0.555,PATROL,14,14,-5.341,3.957,0.559,,-5.128,4.062,6.811
183.00,-5.295,4.004,0.664,PATROL,14,14,-5.340,3.957,0.668,,-5.128,4.062,6.919
183.20,-5.295,4.004,0.773,PATROL,14,14,-5.340,3.957,0.777,,-5.128,4.062,7.028
183.40,-5.295,4.004,0.883,PATROL,14,14,-5.340,3.958,0.886,,-5.128,4.062,7.138
183.60,-5.295,4.004,0.991,PATROL,14,14,-5.340,3.958,0.995,,-5.128,4.062,7.246
183.80,-5.295,4.004,1.101,PATROL,14,14,-5.339,3.958,1.104,,-5.128,4.062,7.356
184.00,-5.295,4.004,1.210,PATROL,14,14,-5.339,3.959,1.214,,-5.128,4.062,7.465
184.20,-5.295,4.004,1.320,PATROL,14,14,-5.339,3.959,1.323,,-5.128,4.062,7.575
184.40,-5.295,4.004,1.429,PATROL,14,14,-5.339,3.960,1.433,,-5.128,4.062,7.684
184.60,-5.295,4.004,1.538,PATROL,14,14,-5.339,3.960,1.542,,-5.128,4.062,7.793
184.80,-5.295,4.006,1.647,PATROL,14,14,-5.339,3.962,1.651,,-5.128,4.064,7.903
185.00,-5.296,4.014,1.757,PATROL,14,14,-5.340,3.970,1.760,,-5.129,4.071,8.012
185.20,-5.300,4.027,1.865,PATROL,14,14,-5.344,3.982,1.869,,-5.132,4.084,8.121
185.40,-5.306,4.044,1.975,PATROL,14,14,-5.350,3.999,1.979,,-5.138,4.102,8.231
185.60,-5.315,4.062,2.084,PATROL,14,14,-5.361,4.020,2.088,,-5.146,4.120,8.340
185.80,-5.330,4.086,2.194,PATROL,14,14,-5.376,4.044,2.198,,-5.161,4.144,8.450
186.00,-5.351,4.112,2.304,PATROL,14,14,-5.397,4.070,2.308,,-5.181,4.171,8.560
186.20,-5.379,4.140,2.414,PATROL,14,14,-5.425,4.097,2.418,,-5.208,4.200,8.670
186.40,-5.414,4.167,2.524,PATROL,14,14,-5.459,4.124,2.528,,-5.242,4.228,8.780
186.60,-5.456,4.194,2.635,PATROL,14,14,-5.501,4.150,2.639,,-5.283,4.255,8.891
186.80,-5.505,4.217,2.745,PATROL,14,14,-5.549,4.173,2.748,,-5.332,4.281,9.001
187.00,-5.562,4.237,2.839,PATROL,14,14,-5.604,4.193,2.842,,-5.388,4.302,9.095
187.20,-5.613,4.251,2.913,PATROL,14,14,-5.665,4.209,2.917,,-5.439,4.317,9.169
187.40,-5.679,4.265,2.974,PATROL,14,14,-5.730,4.222,2.977,,-5.505,4.333,9.230
187.60,-5.749,4.275,3.023,PATROL,14,14,-5.798,4.231,3.026,,-5.574,4.345,9.279
187.80,-5.820,4.282,3.063,PATROL,14,14,-5.868,4.238,3.066,,-5.646,4.354,9.319
188.00,-5.894,4.286,3.095,PATROL,14,14,-5.940,4.242,3.099,,-5.719,4.360,9.351
188.20,-5.969,4.289,3.122,PATROL,14,14,-6.014,4.244,3.126,,-5.794,4.365,9.378
188.40,-6.046,4.289,-3.139,PATROL,14,14,-6.089,4.244,-3.136,,-5.870,4.367,9.401
188.60,-6.123,4.288,-3.121,PATROL,14,14,-6.164,4.243,-3.118,,-5.948,4.368,9.419
188.80,-6.188,4.287,-3.106,PATROL,14,14,-6.240,4.241,-3.102,,-6.013,4.368,9.434
189.00,-6.266,4.283,-3.093,PATROL,14,14,-6.317,4.237,-3.090,,-6.091,4.367,9.446
189.20,-6.345,4.279,-3.082,PATROL,14,14,-6.394,4.233,-3.079,,-6.170,4.365,9.457
189.40,-6.424,4.274,-3.073,PATROL,14,14,-6.472,4.228,-3.070,,-6.250,4.362,9.467
189.60,-6.504,4.268,-3.065,PATROL,14,14,-6.550,4.222,-3.062,,-6.330,4.359,9.475
189.80,-6.584,4.262,-3.058,PATROL,14,14,-6.628,4.215,-3.055,,-6.410,4.354,9.481
190.00,-6.664,4.255,-3.053,PATROL,14,14,-6.706,4.208,-3.050,,-6.490,4.349,9.487
190.20,-6.744,4.247,-3.048,PATROL,14,14,-6.785,4.201,-3.045,,-6.570,4.344,9.492
190.40,-6.811,4.241,-3.044,PATROL,14,14,-6.864,4.193,-3.041,,-6.637,4.340,9.496
190.60,-6.891,4.233,-3.040,PATROL,14,14,-6.943,4.185,-3.037,,-6.718,4.334,9.499
190.80,-6.972,4.225,-3.037,PATROL,14,14,-7.022,4.176,-3.034,,-6.799,4.328,9.502
191.00,-7.052,4.216,-3.035,PATROL,14,14,-7.101,4.168,-3.032,,-6.880,4.321,9.505
191.20,-7.133,4.207,-3.033,PATROL,14,14,-7.180,4.159,-3.030,,-6.961,4.315,9.507
191.40,-7.214,4.199,-3.031,PATROL,14,14,-7.259,4.150,-3.028,,-7.042,4.308,9.509
191.60,-7.295,4.190,-3.029,PATROL,14,14,-7.338,4.141,-3.026,,-7.123,4.301,9.510
191.80,-7.375,4.180,-3.028,PATROL,14,14,-7.417,4.132,-3.024,,-7.204,4.294,9.512
192.00,-7.456,4.171,-3.026,PATROL,14,14,-7.496,4.122,-3.023,,-7.285,4.287,9.513
192.20,-7.524,4.163,-3.025,PATROL,14,14,-7.575,4.113,-3.022,,-7.352,4.281,9.515
192.40,-7.604,4.154,-3.024,PATROL,15,13,-7.654,4.103,-3.021,,-7.433,4.274,9.516
192.60,-7.677,4.145,-3.028,PATROL,15,13,-7.725,4.095,-3.025,,-7.507,4.267,9.512
192.80,-7.753,4.137,-3.050,PATROL,15,13,-7.800,4.087,-3.047,,-7.583,4.261,9.489
193.00,-7.830,4.131,-3.069,PATROL,15,13,-7.875,4.080,-3.066,,-7.660,4.257,9.471
193.20,-7.908,4.126,-3.083,PATROL,15,13,-7.951,4.075,-3.080,,-7.738,4.254,9.456
193.40,-7.987,4.121,-3.095,PATROL,15,13,-8.028,4.071,-3.092,,-7.817,4.252,9.444
193.60,-8.066,4.118,-3.105,PATROL,15,13,-8.106,4.067,-3.102,,-7.896,4.251,9.434
193.80,-8.132,4.116,-3.113,PATROL,15,13,-8.184,4.065,-3.110,,-7.963,4.250,9.426
194.00,-8.212,4.114,-3.120,PATROL,15,13,-8.262,4.063,-3.117,,-8.043,4.250,9.420
194.20,-8.293,4.113,-3.125,PATROL,15,13,-8.341,4.061,-3.122,,-8.123,4.251,9.414
194.40,-8.373,4.111,-3.129,PATROL,15,13,-8.419,4.059,-3.126,,-8.203,4.252,9.410
194.60,-8.454,4.111,-3.133,PATROL,15,13,-8.499,4.058,-3.130,,-8.284,4.253,9.406
194.80,-8.535,4.110,-3.136,PATROL,15,13,-8.578,4.058,-3.133,,-8.365,4.255,9.403
195.00,-8.616,4.110,-3.139,PATROL,15,13,-8.657,4.057,-3.136,,-8.446,4.257,9.401
195.20,-8.697,4.110,-3.141,PATROL,15,13,-8.736,4.057,-3.138,,-8.527,4.259,9.399
195.40,-8.764,4.110,3.141,PATROL,15,13,-8.816,4.056,-3.139,,-8.595,4.261,9.397
195.60,-8.846,4.110,3.139,PATROL,15,13,-8.895,4.056,-3.141,,-8.676,4.263,9.396
195.80,-8.927,4.110,3.138,PATROL,15,13,-8.975,4.056,3.141,,-8.757,4.265,9.394
196.00,-9.008,4.110,3.137,PATROL,15,13,-9.055,4.056,3.140,,-8.839,4.268,9.394
196.20,-9.089,4.111,3.136,PATROL,15,13,-9.135,4.057,3.140,,-8.920,4.271,9.393
196.40,-9.171,4.111,3.136,PATROL,15,13,-9.214,4.057,3.139,,-9.001,4.273,9.392
196.60,-9.252,4.112,3.135,PATROL,15,13,-9.294,4.057,3.138,,-9.083,4.276,9.391
196.80,-9.334,4.112,3.134,PATROL,15,13,-9.374,4.057,3.137,,-9.164,4.279,9.390
197.00,-9.415,4.113,3.134,PATROL,15,13,-9.454,4.058,3.137,,-9.246,4.282,9.390
197.20,-9.483,4.113,3.133,PATROL,15,13,-9.533,4.058,3.136,,-9.314,4.284,9.389
197.40,-9.565,4.114,3.133,PATROL,15,13,-9.613,4.058,3.136,,-9.395,4.287,9.389
197.60,-9.646,4.115,3.132,PATROL,15,13,-9.693,4.059,3.135,,-9.477,4.290,9.388
197.80,-9.728,4.116,3.132,PATROL,15,13,-9.773,4.059,3.135,,-9.558,4.293,9.388
198.00,-9.809,4.116,3.131,PATROL,15,13,-9.853,4.060,3.134,,-9.640,4.296,9.387
198.20,-9.891,4.117,3.131,PATROL,15,13,-9.933,4.061,3.134,,-9.721,4.299,9.387
198.40,-9.972,4.118,3.130,PATROL,15,13,-10.013,4.061,3.133,,-9.803,4.302,9.386
198.60,-10.054,4.119,3.130,PATROL,15,13,-10.093,4.062,3.133,,-9.884,4.305,9.386
198.80,-10.122,4.120,3.130,PATROL,15,13,-10.173,4.062,3.133,,-9.952,4.308,9.386
199.00,-10.203,4.121,3.130,PATROL,15,13,-10.253,4.063,3.133,,-10.034,4.311,9.386
199.20,-10.285,4.122,3.130,PATROL,15,13,-10.332,4.064,3.133,,-10.115,4.314,9.386
199.40,-10.366,4.123,3.130,PATROL,16,0,-10.412,4.064,3.133,,-10.197,4.317,9.386
199.60,-10.422,4.124,3.108,PATROL,16,0,-10.466,4.065,3.111,,-10.252,4.320,9.364
199.80,-10.438,4.125,3.070,PATROL,16,0,-10.483,4.066,3.073,,-10.268,4.321,9.326
200.00,-10.438,4.125,2.966,PATROL,16,0,-10.483,4.066,2.969,,-10.269,4.321,9.222
200.20,-10.438,4.125,2.856,PATROL,16,0,-10.482,4.066,2.858,,-10.269,4.321,9.112
200.40,-10.438,4.125,2.744,PATROL,16,0,-10.482,4.066,2.747,,-10.269,4.321,9.000
200.60,-10.438,4.125,2.634,PATROL,16,0,-10.482,4.066,2.637,,-10.269,4.321,8.890
200.80,-10.438,4.125,2.523,PATROL,16,0,-10.482,4.066,2.526,,-10.269,4.321,8.779
201.00,-10.438,4.125,2.413,PATROL,16,0,-10.482,4.066,2.416,,-10.269,4.321,8.669
201.20,-10.438,4.125,2.303,PATROL,16,0,-10.481,4.066,2.305,,-10.269,4.321,8.558
201.40,-10.438,4.125,2.192,PATROL,16,0,-10.481,4.066,2.195,,-10.269,4.321,8.448
201.60,-10.438,4.125,2.081,PATROL,16,0,-10.481,4.065,2.083,,-10.269,4.321,8.336
201.80,-10.438,4.125,1.971,PATROL,16,0,-10.481,4.065,1.973,,-10.269,4.321,8.226
202.00,-10.438,4.125,1.860,PATROL,16,0,-10.481,4.066,1.863,,-10.269,4.322,8.115
202.20,-10.440,4.130,1.750,PATROL,16,0,-10.482,4.071,1.752,,-10.270,4.327,8.005
202.40,-10.441,4.141,1.639,PATROL,16,0,-10.484,4.081,1.642,,-10.271,4.337,7.895
202.60,-10.441,4.157,1.529,PATROL,16,0,-10.484,4.098,1.531,,-10.271,4.354,7.784
202.80,-10.439,4.179,1.419,PATROL,16,0,-10.482,4.119,1.421,,-10.268,4.376,7.674
203.00,-10.433,4.207,1.309,PATROL,16,0,-10.476,4.146,1.311,,-10.261,4.403,7.564
203.20,-10.422,4.239,1.199,PATROL,16,0,-10.466,4.177,1.202,,-10.249,4.435,7.454
203.40,-10.406,4.275,1.089,PATROL,16,0,-10.450,4.211,1.092,,-10.232,4.471,7.344
203.60,-10.382,4.314,0.979,PATROL,16,0,-10.428,4.249,0.981,,-10.207,4.509,7.234
203.80,-10.357,4.347,0.869,PATROL,16,0,-10.399,4.288,0.872,,-10.181,4.541,7.124
204.00,-10.319,4.388,0.763,PATROL,16,0,-10.362,4.327,0.766,,-10.142,4.581,7.018
204.20,-10.273,4.428,0.675,PATROL,16,0,-10.318,4.366,0.679,,-10.095,4.620,6.930
204.40,-10.221,4.467,0.606,PATROL,16,0,-10.267,4.404,0.609,,-10.042,4.657,6.861
204.60,-10.163,4.504,0.552,PATROL,16,0,-10.211,4.441,0.555,,-9.983,4.693,6.807
204.80,-10.102,4.541,0.509,PATROL,16,0,-10.150,4.477,0.512,,-9.920,4.727,6.764
205.00,-10.037,4.575,0.475,PATROL,16,0,-10.087,4.511,0.478,,-9.854,4.760,6.730
205.20,-9.969,4.608,0.448,PATROL,16,0,-10.021,4.544,0.451,,-9.786,4.792,6.702
205.40,-9.911,4.635,0.426,PATROL,16,0,-9.953,4.576,0.429,,-9.727,4.817,6.681
205.60,-9.841,4.667,0.409,PATROL,16,0,-9.884,4.607,0.412,,-9.656,4.846,6.664
205.80,-9.769,4.698,0.395,PATROL,16,0,-9.813,4.637,0.399,,-9.583,4.875,6.650
206.00,-9.696,4.728,0.384,PATROL,16,0,-9.742,4.666,0.388,,-9.508,4.903,6.639
206.20,-9.622,4.757,0.376,PATROL,16,0,-9.670,4.695,0.379,,-9.434,4.930,6.630
206.40,-9.547,4.786,0.369,PATROL,16,0,-9.597,4.724,0.372,,-9.359,4.957,6.623
206.60,-9.472,4.815,0.363,PATROL,16,0,-9.524,4.752,0.367,,-9.283,4.984,6.618
206.80,-9.397,4.843,0.359,PATROL,16,0,-9.450,4.780,0.362,,-9.207,5.010,6.613
207.00,-9.334,4.867,0.355,PATROL,16,0,-9.376,4.808,0.359,,-9.143,5.032,6.610
207.20,-9.258,4.895,0.352,PATROL,16,0,-9.302,4.836,0.356,,-9.066,5.058,6.607
207.40,-9.182,4.923,0.350,PATROL,16,0,-9.228,4.864,0.354,,-8.990,5.083,6.605
207.60,-9.106,4.950,0.348,PATROL,16,0,-9.153,4.891,0.352,,-8.913,5.109,6.603
207.80,-9.030,4.978,0.347,PATROL,16,0,-9.079,4.918,0.350,,-8.835,5.134,6.602
208.00,-8.953,5.006,0.346,PATROL,16,0,-9.004,4.945,0.349,,-8.758,5.160,6.600
208.20,-8.877,5.033,0.345,PATROL,16,0,-8.929,4.973,0.348,,-8.681,5.185,6.599
208.40,-8.800,5.061,0.344,PATROL,16,0,-8.854,5.000,0.347,,-8.604,5.210,6.599
208.60,-8.723,5.088,0.343,PATROL,16,0,-8.779,5.027,0.347,,-8.526,5.236,6.598
208.80,-8.660,5.111,0.343,PATROL,16,0,-8.704,5.054,0.346,,-8.462,5.257,6.598
209.00,-8.583,5.138,0.343,PATROL,16,0,-8.629,5.081,0.346,,-8.384,5.282,6.597
209.20,-8.506,5.166,0.342,PATROL,16,0,-8.554,5.108,0.346,,-8.307,5.307,6.597
209.40,-8.429,5.193,0.342,PATROL,16,0,-8.479,5.135,0.345,,-8.229,5.332,6.597
209.60,-8.353,5.220,0.342,PATROL,16,0,-8.404,5.162,0.345,,-8.152,5.357,6.596
209.80,-8.276,5.248,0.342,PATROL,16,0,-8.329,5.189,0.345,,-8.074,5.383,6.596
210.00,-8.199,5.275,0.342,PATROL,16,0,-8.254,5.216,0.345,,-7.996,5.408,6.596
210.20,-8.122,5.302,0.341,PATROL,16,0,-8.179,5.243,0.345,,-7.919,5.433,6.596
210.40,-8.058,5.325,0.341,PATROL,16,0,-8.103,5.270,0.345,,-7.854,5.454,6.596
210.60,-7.981,5.352,0.341,PATROL,16,0,-8.028,5.297,0.345,,-7.776,5.479,6.596
210.80,-7.905,5.379,0.341,PATROL,16,0,-7.953,5.324,0.345,,-7.699,5.504,6.596
211.00,-7.828,5.407,0.341,PATROL,16,0,-7.878,5.351,0.344,,-7.621,5.529,6.596
211.20,-7.751,5.434,0.341,PATROL,16,0,-7.803,5.378,0.344,,-7.544,5.554,6.596
211.40,-7.674,5.461,0.341,PATROL,16,0,-7.728,5.405,0.344,,-7.466,5.579,6.596
211.60,-7.597,5.488,0.341,PATROL,16,0,-7.653,5.432,0.344,,-7.388,5.604,6.596
211.80,-7.521,5.516,0.341,PATROL,16,0,-7.577,5.459,0.344,,-7.311,5.629,6.596
212.00,-7.457,5.538,0.341,PATROL,16,0,-7.502,5.486,0.344,,-7.246,5.650,6.596
212.20,-7.380,5.566,0.341,PATROL,16,0,-7.427,5.512,0.344,,-7.169,5.675,6.596
212.40,-7.303,5.593,0.341,PATROL,16,0,-7.352,5.539,0.344,,-7.091,5.700,6.595
212.60,-7.226,5.620,0.341,PATROL,16,0,-7.277,5.566,0.344,,-7.013,5.725,6.595
212.80,-7.149,5.647,0.341,PATROL,16,0,-7.201,5.593,0.344,,-6.936,5.750,6.595
213.00,-7.072,5.675,0.341,PATROL,16,0,-7.126,5.620,0.344,,-6.858,5.775,6.595
213.20,-6.996,5.702,0.341,PATROL,16,0,-7.051,5.647,0.344,,-6.780,5.801,6.595
213.40,-6.919,5.729,0.341,PATROL,16,0,-6.976,5.674,0.344,,-6.703,5.826,6.595
213.60,-6.855,5.752,0.341,PATROL,16,0,-6.901,5.701,0.344,,-6.638,5.846,6.595
213.80,-6.778,5.779,0.341,PATROL,16,0,-6.826,5.728,0.344,,-6.560,5.871,6.595
214.00,-6.701,5.806,0.341,PATROL,16,0,-6.751,5.755,0.344,,-6.483,5.896,6.595
214.20,-6.624,5.834,0.341,PATROL,16,0,-6.675,5.782,0.344,,-6.405,5.922,6.595
214.40,-6.547,5.861,0.341,PATROL,16,0,-6.600,5.809,0.344,,-6.328,5.947,6.595
214.60,-6.470,5.888,0.341,PATROL,16,0,-6.525,5.836,0.344,,-6.250,5.972,6.595
214.80,-6.394,5.915,0.341,PATROL,16,0,-6.450,5.863,0.344,,-6.172,5.997,6.595
215.00,-6.317,5.943,0.341,PATROL,16,0,-6.375,5.889,0.344,,-6.095,6.022,6.595
215.20,-6.240,5.970,0.341,PATROL,16,0,-6.300,5.916,0.344,,-6.017,6.047,6.595
215.40,-6.176,5.992,0.340,PATROL,16,0,-6.224,5.943,0.344,,-5.952,6.068,6.595
215.60,-6.099,6.020,0.340,PATROL,16,0,-6.149,5.970,0.344,,-5.875,6.093,6.595
215.80,-6.022,6.047,0.340,PATROL,16,0,-6.074,5.997,0.344,,-5.797,6.118,6.595
216.00,-5.945,6.074,0.340,PATROL,16,0,-5.999,6.024,0.344,,-5.719,6.143,6.595
216.20,-5.869,6.101,0.340,PATROL,16,0,-5.924,6.051,0.344,,-5.642,6.168,6.595
216.40,-5.792,6.129,0.340,PATROL,16,0,-5.849,6.078,0.344,,-5.564,6.193,6.595
216.60,-5.715,6.156,0.340,PATROL,16,0,-5.773,6.105,0.344,,-5.487,6.218,6.595
216.80,-5.638,6.183,0.340,PATROL,16,0,-5.698,6.131,0.344,,-5.409,6.243,6.595
217.00,-5.574,6.206,0.340,PATROL,16,0,-5.623,6.158,0.344,,-5.344,6.264,6.595
217.20,-5.497,6.233,0.340,PATROL,16,0,-5.548,6.185,0.344,,-5.267,6.289,6.595
217.40,-5.420,6.260,0.340,PATROL,16,0,-5.473,6.212,0.344,,-5.189,6.314,6.595
217.60,-5.343,6.287,0.340,PATROL,16,0,-5.397,6.239,0.344,,-5.111,6.339,6.595
217.80,-5.267,6.314,0.340,PATROL,16,0,-5.322,6.266,0.343,,-5.034,6.364,6.595
218.00,-5.190,6.342,0.340,PATROL,16,0,-5.247,6.293,0.343,,-4.956,6.389,6.595
218.20,-5.113,6.369,0.340,PATROL,16,0,-5.172,6.320,0.343,,-4.878,6.414,6.595
218.40,-5.036,6.396,0.340,PATROL,16,0,-5.097,6.346,0.343,,-4.801,6.439,6.595
218.60,-4.972,6.419,0.340,PATROL,16,0,-5.022,6.373,0.343,,-4.736,6.460,6.595
218.80,-4.895,6.446,0.340,PATROL,16,0,-4.946,6.400,0.343,,-4.658,6.485,6.595
219.00,-4.818,6.473,0.340,PATROL,16,0,-4.871,6.427,0.343,,-4.581,6.509,6.595
219.20,-4.741,6.500,0.340,PATROL,16,0,-4.796,6.454,0.343,,-4.503,6.535,6.595
219.40,-4.665,6.527,0.340,PATROL,16,0,-4.721,6.481,0.343,,-4.426,6.559,6.595
219.60,-4.588,6.555,0.340,PATROL,16,0,-4.646,6.508,0.343,,-4.348,6.585,6.595
219.80,-4.511,6.582,0.340,PATROL,16,0,-4.570,6.534,0.343,,-4.270,6.609,6.594
220.00,-4.434,6.609,0.340,PATROL,16,0,-4.495,6.561,0.343,,-4.193,6.634,6.594
220.20,-4.370,6.632,0.340,PATROL,16,0,-4.420,6.588,0.343,,-4.128,6.655,6.594
220.40,-4.293,6.659,0.340,PATROL,16,0,-4.345,6.615,0.343,,-4.050,6.680,6.594
220.60,-4.216,6.686,0.340,PATROL,16,0,-4.269,6.642,0.343,,-3.973,6.705,6.594
220.80,-4.139,6.713,0.340,PATROL,16,0,-4.195,6.669,0.343,,-3.895,6.730,6.594
221.00,-4.063,6.740,0.340,PATROL,16,0,-4.119,6.695,0.343,,-3.817,6.755,6.594
221.20,-3.986,6.767,0.339,PATROL,16,0,-4.044,6.722,0.343,,-3.740,6.780,6.594
221.40,-3.909,6.794,0.339,PATROL,16,0,-3.969,6.749,0.343,,-3.662,6.805,6.594
221.60,-3.832,6.822,0.339,PATROL,16,0,-3.894,6.776,0.343,,-3.585,6.830,6.594
221.80,-3.755,6.849,0.339,PATROL,16,0,-3.818,6.803,0.343,,-3.507,6.855,6.594
222.00,-3.691,6.871,0.339,PATROL,16,0,-3.743,6.830,0.343,,-3.442,6.876,6.594
222.20,-3.614,6.898,0.339,PATROL,16,0,-3.668,6.856,0.343,,-3.364,6.901,6.594
222.40,-3.537,6.926,0.339,PATROL,16,0,-3.593,6.883,0.343,,-3.287,6.926,6.594
222.60,-3.460,6.953,0.339,PATROL,16,0,-3.518,6.910,0.342,,-3.209,6.951,6.594
222.80,-3.384,6.980,0.339,PATROL,16,0,-3.443,6.937,0.342,,-3.131,6.975,6.594
223.00,-3.307,7.007,0.339,PATROL,16,0,-3.367,6.964,0.342,,-3.054,7.000,6.594
223.20,-3.230,7.034,0.339,PATROL,16,0,-3.292,6.990,0.342,,-2.976,7.025,6.594
223.40,-3.153,7.061,0.339,PATROL,16,0,-3.217,7.017,0.342,,-2.898,7.050,6.593
223.60,-3.089,7.084,0.339,PATROL,16,0,-3.142,7.044,0.342,,-2.834,7.071,6.593
223.80,-3.012,7.111,0.339,PATROL,16,0,-3.066,7.071,0.342,,-2.756,7.096,6.593
224.00,-2.935,7.138,0.339,PATROL,16,0,-2.991,7.097,0.342,,-2.678,7.121,6.593
224.20,-2.858,7.165,0.338,PATROL,16,0,-2.916,7.124,0.342,,-2.601,7.146,6.593
224.40,-2.781,7.192,0.338,PATROL,16,0,-2.841,7.151,0.342,,-2.523,7.170,6.593
224.60,-2.704,7.219,0.338,PATROL,16,0,-2.766,7.178,0.342,,-2.445,7.195,6.593
224.80,-2.628,7.246,0.338,PATROL,16,0,-2.690,7.204,0.341,,-2.368,7.220,6.593
225.00,-2.551,7.273,0.338,PATROL,16,0,-2.615,7.231,0.341,,-2.290,7.245,6.593
225.20,-2.487,7.295,0.338,PATROL,16,0,-2.540,7.258,0.341,,-2.225,7.266,6.592
225.40,-2.410,7.322,0.337,PATROL,16,0,-2.465,7.284,0.341,,-2.148,7.290,6.592
225.60,-2.333,7.349,0.337,PATROL,16,0,-2.389,7.311,0.341,,-2.070,7.315,6.592
225.80,-2.256,7.376,0.337,PATROL,16,0,-2.314,7.338,0.340,,-1.993,7.340,6.592
226.00,-2.179,7.403,0.337,PATROL,17,0,-2.239,7.364,0.340,,-1.915,7.365,6.591
226.20,-2.109,7.427,0.308,PATROL,17,0,-2.171,7.388,0.311,,-1.844,7.387,6.563
226.40,-2.045,7.445,0.248,PATROL,17,0,-2.108,7.406,0.251,,-1.779,7.403,6.502
226.60,-1.976,7.461,0.198,PATROL,17,0,-2.041,7.421,0.201,,-1.710,7.416,6.453
226.80,-1.917,7.471,0.158,PATROL,17,0,-1.972,7.434,0.161,,-1.651,7.425,6.412
227.00,-1.844,7.482,0.125,PATROL,17,0,-1.900,7.444,0.129,,-1.577,7.434,6.380
227.20,-1.769,7.490,0.100,PATROL,17,0,-1.826,7.453,0.103,,-1.502,7.440,6.354
227.40,-1.692,7.497,0.079,PATROL,17,0,-1.752,7.460,0.083,,-1.425,7.445,6.334
227.60,-1.615,7.503,0.063,PATROL,17,0,-1.676,7.466,0.066,,-1.347,7.448,6.318
227.80,-1.536,7.507,0.050,PATROL,17,0,-1.600,7.470,0.054,,-1.269,7.450,6.305
228.00,-1.457,7.511,0.040,PATROL,17,0,-1.523,7.474,0.043,,-1.190,7.452,6.294
228.20,-1.378,7.514,0.031,PATROL,17,0,-1.445,7.477,0.035,,-1.110,7.452,6.286
228.40,-1.298,7.516,0.025,PATROL,17,0,-1.367,7.479,0.028,,-1.031,7.452,6.279
228.60,-1.232,7.517,0.019,PATROL,17,0,-1.289,7.481,0.023,,-0.964,7.452,6.274
228.80,-1.151,7.519,0.015,PATROL,17,0,-1.210,7.483,0.019,,-0.883,7.451,6.270
229.00,-1.071,7.520,0.012,PATROL,17,0,-1.132,7.484,0.015,,-0.803,7.450,6.266
229.20,-0.990,7.521,0.009,PATROL,17,0,-1.053,7.485,0.012,,-0.722,7.448,6.263
229.40,-0.909,7.521,0.007,PATROL,17,0,-0.974,7.486,0.010,,-0.641,7.446,6.261
229.60,-0.828,7.522,0.005,PATROL,17,0,-0.895,7.487,0.008,,-0.560,7.444,6.259
229.80,-0.747,7.522,0.003,PATROL,17,0,-0.815,7.487,0.007,,-0.480,7.442,6.258
230.00,-0.666,7.522,0.002,PATROL,17,0,-0.736,7.488,0.005,,-0.399,7.440,6.256
230.20,-0.599,7.522,0.001,PATROL,17,0,-0.657,7.488,0.004,,-0.330,7.438,6.255
230.40,-0.518,7.522,-0.001,PATROL,17,0,-0.577,7.488,0.003,,-0.250,7.436,6.254
230.60,-0.436,7.522,-0.002,PATROL,17,0,-0.498,7.489,0.001,,-0.168,7.434,6.252
230.80,-0.355,7.522,-0.004,PATROL,17,0,-0.419,7.489,-0.000,,-0.087,7.431,6.251
231.00,-0.274,7.522,-0.005,PATROL,17,0,-0.339,7.489,-0.001,,-0.006,7.428,6.250
231.20,-0.193,7.521,-0.005,PATROL,17,0,-0.259,7.488,-0.002,,0.075,7.426,6.249
231.40,-0.111,7.521,-0.006,PATROL,17,0,-0.179,7.488,-0.003,,0.157,7.423,6.248
231.60,-0.030,7.520,-0.007,PATROL,17,0,-0.100,7.488,-0.004,,0.238,7.420,6.247
231.80,0.038,7.520,-0.008,PATROL,17,0,-0.020,7.488,-0.004,,0.306,7.417,6.247
232.00,0.119,7.519,-0.008,PATROL,17,0,0.060,7.487,-0.005,,0.388,7.414,6.246
232.20,0.201,7.518,-0.009,PATROL,17,0,0.140,7.487,-0.005,,0.469,7.411,6.245
232.40,0.282,7.518,-0.009,PATROL,17,0,0.220,7.487,-0.006,,0.550,7.408,6.245
232.60,0.364,7.517,-0.010,PATROL,17,0,0.299,7.486,-0.006,,0.632,7.405,6.244
232.80,0.445,7.516,-0.010,PATROL,17,0,0.379,7.486,-0.007,,0.713,7.402,6.244
233.00,0.527,7.515,-0.011,PATROL,17,0,0.459,7.485,-0.007,,0.795,7.399,6.244
233.20,0.609,7.514,-0.011,PATROL,17,0,0.539,7.484,-0.008,,0.877,7.396,6.243
233.40,0.677,7.513,-0.012,PATROL,17,0,0.619,7.484,-0.008,,0.945,7.393,6.243
233.60,0.758,7.512,-0.012,PATROL,17,0,0.699,7.483,-0.008,,1.026,7.390,6.242
233.80,0.840,7.511,-0.012,PATROL,17,0,0.779,7.483,-0.009,,1.108,7.386,6.242
234.00,0.921,7.510,-0.012,PATROL,17,0,0.859,7.482,-0.009,,1.189,7.383,6.242
234.20,1.003,7.509,-0.012,PATROL,17,0,0.939,7.481,-0.009,,1.271,7.379,6.242
234.40,1.084,7.508,-0.013,PATROL,17,0,1.018,7.480,-0.009,,1.352,7.376,6.242
234.60,1.166,7.507,-0.013,PATROL,17,0,1.098,7.480,-0.009,,1.434,7.373,6.242
234.80,1.247,7.506,-0.013,PATROL,17,0,1.177,7.479,-0.009,,1.515,7.369,6.242
235.00,1.315,7.506,-0.012,PATROL,17,0,1.257,7.478,-0.009,,1.583,7.367,6.242
235.20,1.396,7.505,-0.012,PATROL,17,0,1.337,7.478,-0.009,,1.665,7.363,6.242
235.40,1.478,7.504,-0.012,PATROL,17,0,1.417,7.477,-0.008,,1.746,7.360,6.242
235.60,1.559,7.503,-0.012,PATROL,17,0,1.497,7.476,-0.008,,1.828,7.357,6.243
235.80,1.641,7.502,-0.011,PATROL,18,29,1.576,7.476,-0.008,,1.909,7.353,6.243
236.00,1.712,7.501,-0.030,PATROL,18,29,1.647,7.475,-0.027,,1.981,7.350,6.224
236.20,1.742,7.499,-0.083,PATROL,18,29,1.677,7.474,-0.080,,2.011,7.348,6.171
236.40,1.756,7.497,-0.185,PATROL,18,29,1.690,7.472,-0.182,,2.025,7.345,6.070
236.60,1.775,7.492,-0.294,PATROL,18,29,1.707,7.467,-0.291,,2.043,7.340,5.960
236.80,1.794,7.485,-0.403,PATROL,18,29,1.729,7.459,-0.400,,2.062,7.333,5.851
237.00,1.820,7.473,-0.514,PATROL,18,29,1.755,7.447,-0.511,,2.087,7.319,5.740
237.20,1.849,7.454,-0.625,PATROL,18,29,1.783,7.429,-0.622,,2.116,7.300,5.629
237.40,1.880,7.429,-0.735,PATROL,18,29,1.813,7.405,-0.731,,2.146,7.274,5.519
237.60,1.912,7.397,-0.844,PATROL,18,29,1.844,7.373,-0.841,,2.178,7.240,5.410
237.80,1.944,7.357,-0.954,PATROL,18,29,1.875,7.335,-0.951,,2.208,7.199,5.300
238.00,1.974,7.309,-1.061,PATROL,18,29,1.904,7.289,-1.058,,2.236,7.151,5.193
238.20,2.001,7.254,-1.149,PATROL,18,29,1.930,7.236,-1.145,,2.262,7.095,5.105
238.40,2.021,7.203,-1.218,PATROL,18,29,1.954,7.178,-1.215,,2.281,7.044,5.035
238.60,2.043,7.139,-1.275,PATROL,18,29,1.976,7.115,-1.271,,2.301,6.979,4.979
238.80,2.062,7.071,-1.320,PATROL,18,29,1.995,7.048,-1.317,,2.318,6.910,4.933
239.00,2.079,7.000,-1.358,PATROL,18,29,2.011,6.979,-1.354,,2.333,6.838,4.896
239.20,2.094,6.926,-1.388,PATROL,18,29,2.026,6.908,-1.384,,2.345,6.765,4.866
239.40,2.107,6.852,-1.412,PATROL,18,29,2.039,6.834,-1.408,,2.356,6.690,4.842
239.60,2.118,6.775,-1.431,PATROL,18,29,2.050,6.759,-1.428,,2.365,6.613,4.822
239.80,2.128,6.698,-1.447,PATROL,18,29,2.060,6.684,-1.443,,2.373,6.536,4.807
240.00,2.136,6.633,-1.460,PATROL,18,29,2.070,6.608,-1.456,,2.379,6.471,4.794
240.20,2.144,6.555,-1.470,PATROL,18,29,2.078,6.531,-1.466,,2.385,6.392,4.784
240.40,2.152,6.475,-1.478,PATROL,18,29,2.086,6.454,-1.475,,2.390,6.312,4.775
240.60,2.159,6.396,-1.485,PATROL,18,29,2.093,6.376,-1.482,,2.395,6.232,4.768
240.80,2.166,6.316,-1.491,PATROL,18,29,2.100,6.298,-1.487,,2.399,6.152,4.763
241.00,2.172,6.236,-1.496,PATROL,18,29,2.106,6.220,-1.492,,2.403,6.072,4.758
241.20,2.178,6.156,-1.500,PATROL,18,29,2.112,6.141,-1.496,,2.406,5.991,4.754
241.40,2.183,6.075,-1.503,PATROL,18,29,2.118,6.062,-1.499,,2.410,5.910,4.751
241.60,2.188,6.008,-1.505,PATROL,18,29,2.123,5.983,-1.502,,2.412,5.843,4.748
241.80,2.193,5.927,-1.508,PATROL,18,29,2.129,5.904,-1.504,,2.415,5.762,4.746
242.00,2.198,5.846,-1.510,PATROL,18,29,2.134,5.825,-1.506,,2.417,5.681,4.744
242.20,2.203,5.765,-1.512,PATROL,18,29,2.139,5.745,-1.508,,2.420,5.600,4.742
242.40,2.208,5.684,-1.513,ALIGN,18,29,2.144,5.666,-1.509,ball_5,2.422,5.519,4.740
242.60,2.210,5.635,-1.563,ALIGN,18,29,2.146,5.618,-1.559,ball_5,2.423,5.470,4.691
242.80,2.209,5.625,-1.634,ALIGN,18,29,2.146,5.607,-1.630,ball_5,2.422,5.460,4.620
243.00,2.209,5.625,-1.740,ALIGN,18,29,2.146,5.608,-1.736,ball_5,2.422,5.460,4.514
243.20,2.209,5.625,-1.850,ALIGN,18,29,2.146,5.608,-1.847,ball_5,2.422,5.460,4.403
243.40,2.209,5.625,-1.951,ALIGN,18,29,2.146,5.608,-1.947,ball_5,2.422,5.460,4.303
243.60,2.209,5.625,-2.016,ALIGN,18,29,2.146,5.608,-2.012,ball_5,2.422,5.460,4.237
243.80,2.209,5.625,-2.062,APPROACH,18,29,2.146,5.609,-2.058,ball_5,2.422,5.460,4.191
244.00,2.199,5.608,-2.128,APPROACH,18,29,2.136,5.591,-2.124,ball_5,2.412,5.443,4.125
244.20,2.169,5.562,-2.152,APPROACH,18,29,2.107,5.547,-2.148,ball_5,2.381,5.398,4.101
244.40,2.136,5.511,-2.150,APPROACH,18,29,2.074,5.497,-2.146,ball_5,2.346,5.348,4.103
244.60,2.103,5.460,-2.148,APPROACH,18,29,2.042,5.446,-2.144,ball_5,2.311,5.298,4.105
244.80,2.069,5.409,-2.147,APPROACH,18,29,2.009,5.396,-2.143,ball_5,2.276,5.247,4.106
245.00,2.041,5.366,-2.146,APPROACH,18,29,1.977,5.345,-2.142,ball_5,2.247,5.205,4.108
245.20,2.008,5.314,-2.144,APPROACH,18,29,1.945,5.295,-2.140,ball_5,2.212,5.155,4.109
245.40,1.975,5.263,-2.143,APPROACH,18,29,1.912,5.244,-2.139,ball_5,2.177,5.105,4.110
245.60,1.942,5.212,-2.143,APPROACH,18,29,1.880,5.194,-2.138,ball_5,2.142,5.054,4.111
245.80,1.909,5.160,-2.142,APPROACH,18,29,1.848,5.144,-2.138,ball_5,2.108,5.004,4.112
246.00,1.876,5.109,-2.141,APPROACH,18,29,1.816,5.093,-2.137,ball_5,2.073,4.953,4.112
246.20,1.843,5.057,-2.141,APPROACH,18,29,1.784,5.042,-2.136,ball_5,2.039,4.903,4.113
246.40,1.810,5.006,-2.140,APPROACH,18,29,1.752,4.992,-2.136,ball_5,2.004,4.852,4.113
246.60,1.782,4.963,-2.139,APPROACH,18,29,1.720,4.941,-2.135,ball_5,1.975,4.810,4.114
246.80,1.749,4.911,-2.139,APPROACH,18,29,1.688,4.890,-2.135,ball_5,1.941,4.759,4.114
247.00,1.716,4.859,-2.138,APPROACH,18,29,1.655,4.840,-2.134,ball_5,1.906,4.709,4.115
247.20,1.683,4.808,-2.138,APPROACH,18,29,1.623,4.789,-2.134,ball_5,1.872,4.658,4.115
247.40,1.651,4.756,-2.138,APPROACH,18,29,1.591,4.738,-2.134,ball_5,1.837,4.607,4.116
247.60,1.618,4.705,-2.137,APPROACH,18,29,1.560,4.688,-2.133,ball_5,1.803,4.557,4.116
247.80,1.585,4.653,-2.137,APPROACH,18,29,1.528,4.637,-2.133,ball_5,1.769,4.506,4.116
248.00,1.552,4.601,-2.137,APPROACH,18,29,1.496,4.586,-2.133,ball_5,1.734,4.455,4.116
248.20,1.525,4.558,-2.137,APPROACH,18,29,1.464,4.535,-2.133,ball_5,1.706,4.413,4.117
248.40,1.492,4.507,-2.137,APPROACH,18,29,1.432,4.485,-2.132,ball_5,1.671,4.362,4.117
248.60,1.459,4.455,-2.136,APPROACH,18,29,1.400,4.434,-2.132,ball_5,1.637,4.312,4.117
248.80,1.426,4.403,-2.136,APPROACH,18,29,1.368,4.383,-2.132,ball_5,1.603,4.261,4.117
249.00,1.394,4.352,-2.136,APPROACH,18,29,1.336,4.332,-2.132,ball_5,1.568,4.210,4.117
249.20,1.361,4.300,-2.136,APPROACH,18,29,1.304,4.282,-2.132,ball_5,1.534,4.160,4.117
249.40,1.328,4.248,-2.136,APPROACH,18,29,1.272,4.231,-2.132,ball_5,1.500,4.109,4.117
249.60,1.295,4.197,-2.136,APPROACH,18,29,1.240,4.180,-2.132,ball_5,1.465,4.058,4.117
249.80,1.262,4.145,-2.136,APPROACH,18,29,1.208,4.129,-2.132,,1.431,4.008,4.117
250.00,1.235,4.102,-2.136,BLIND_DASH,18,29,1.177,4.079,-2.132,,1.402,3.965,4.117
250.20,1.202,4.050,-2.136,BLIND_DASH,18,29,1.145,4.028,-2.132,,1.368,3.915,4.117
250.40,1.169,3.998,-2.136,BLIND_DASH,18,29,1.113,3.977,-2.132,,1.334,3.864,4.117
250.60,1.137,3.947,-2.136,BLIND_DASH,18,29,1.081,3.926,-2.132,,1.299,3.813,4.117
250.80,1.104,3.895,-2.136,PATROL,18,29,1.049,3.876,-2.132,,1.265,3.763,4.117
251.00,1.083,3.861,-2.119,PATROL,18,29,1.028,3.842,-2.115,,1.243,3.729,4.134
251.20,1.079,3.855,-2.057,PATROL,18,29,1.024,3.835,-2.053,,1.239,3.723,4.196
251.40,1.079,3.855,-1.949,PATROL,18,29,1.024,3.834,-1.944,,1.239,3.723,4.304
251.60,1.079,3.855,-1.840,PATROL,18,29,1.024,3.834,-1.836,,1.239,3.723,4.413
251.80,1.079,3.855,-1.729,PATROL,18,29,1.024,3.833,-1.725,,1.239,3.723,4.524
252.00,1.079,3.855,-1.620,PATROL,18,29,1.024,3.833,-1.616,,1.239,3.723,4.633
252.20,1.079,3.855,-1.511,PATROL,18,29,1.024,3.832,-1.507,,1.239,3.723,4.742
252.40,1.079,3.855,-1.402,PATROL,18,29,1.024,3.832,-1.398,,1.239,3.723,4.851
252.60,1.079,3.855,-1.294,PATROL,18,29,1.024,3.831,-1.290,,1.239,3.723,4.960
252.80,1.081,3.851,-1.185,PATROL,18,29,1.025,3.827,-1.181,,1.240,3.719,5.069
253.00,1.085,3.842,-1.077,PATROL,18,29,1.030,3.819,-1.072,,1.244,3.710,5.177
253.20,1.091,3.832,-0.968,ALIGN,18,29,1.037,3.806,-0.964,ball_8,1.250,3.700,5.286
253.40,1.094,3.828,-0.861,ALIGN,18,29,1.040,3.804,-0.857,ball_8,1.253,3.696,5.393
253.60,1.094,3.828,-0.755,ALIGN,18,29,1.040,3.803,-0.751,ball_8,1.253,3.696,5.499
253.80,1.094,3.828,-0.647,ALIGN,18,29,1.041,3.803,-0.643,ball_8,1.253,3.696,5.607
254.00,1.094,3.828,-0.538,ALIGN,18,29,1.041,3.803,-0.534,ball_8,1.253,3.696,5.716
254.20,1.094,3.828,-0.455,ALIGN,18,29,1.041,3.803,-0.451,ball_8,1.253,3.696,5.800
254.40,1.094,3.828,-0.401,ALIGN,18,29,1.042,3.803,-0.398,ball_8,1.253,3.696,5.853
254.60,1.094,3.828,-0.364,APPROACH,18,29,1.042,3.803,-0.360,ball_8,1.253,3.696,5.890
254.80,1.115,3.821,-0.299,APPROACH,18,29,1.060,3.797,-0.295,ball_8,1.274,3.689,5.956
255.00,1.158,3.809,-0.273,APPROACH,18,29,1.110,3.783,-0.270,ball_8,1.317,3.675,5.981
255.20,1.217,3.792,-0.279,APPROACH,18,29,1.167,3.767,-0.275,ball_8,1.376,3.656,5.975
255.40,1.276,3.775,-0.283,APPROACH,18,29,1.225,3.751,-0.279,ball_8,1.434,3.638,5.972
255.60,1.335,3.758,-0.286,APPROACH,18,29,1.283,3.734,-0.282,ball_8,1.492,3.619,5.968
255.80,1.393,3.741,-0.288,APPROACH,18,29,1.340,3.718,-0.285,ball_8,1.550,3.600,5.966
256.00,1.452,3.724,-0.291,APPROACH,18,29,1.398,3.701,-0.287,ball_8,1.608,3.581,5.963
256.20,1.511,3.706,-0.293,APPROACH,18,29,1.455,3.684,-0.290,ball_8,1.666,3.562,5.961
256.40,1.569,3.688,-0.295,APPROACH,18,29,1.513,3.667,-0.292,ball_8,1.724,3.542,5.959
256.60,1.618,3.673,-0.297,APPROACH,18,29,1.570,3.649,-0.293,ball_8,1.773,3.526,5.957
256.80,1.677,3.655,-0.299,APPROACH,18,29,1.627,3.632,-0.295,ball_8,1.831,3.506,5.955
257.00,1.735,3.637,-0.300,APPROACH,18,29,1.685,3.615,-0.297,ball_8,1.889,3.486,5.954
257.20,1.794,3.619,-0.302,APPROACH,18,29,1.742,3.597,-0.298,ball_8,1.947,3.466,5.952
257.40,1.852,3.601,-0.303,APPROACH,18,29,1.799,3.579,-0.299,ball_8,2.004,3.447,5.951
257.60,1.910,3.583,-0.304,APPROACH,18,29,1.857,3.562,-0.300,ball_8,2.062,3.427,5.950
257.80,1.969,3.564,-0.305,APPROACH,18,29,1.914,3.544,-0.301,ball_8,2.120,3.407,5.949
258.00,2.027,3.546,-0.306,APPROACH,18,29,1.971,3.526,-0.302,ball_8,2.178,3.386,5.948
258.20,2.076,3.530,-0.307,APPROACH,18,29,2.028,3.508,-0.303,ball_8,2.226,3.370,5.947
258.40,2.134,3.512,-0.307,APPROACH,18,29,2.086,3.491,-0.304,ball_8,2.284,3.349,5.947
258.60,2.192,3.493,-0.308,APPROACH,18,29,2.143,3.473,-0.304,ball_8,2.342,3.329,5.946
258.80,2.251,3.475,-0.309,APPROACH,18,29,2.200,3.455,-0.305,ball_8,2.400,3.309,5.945
259.00,2.309,3.456,-0.310,APPROACH,18,29,2.257,3.437,-0.306,ball_8,2.457,3.289,5.945
259.20,2.367,3.438,-0.310,APPROACH,18,29,2.314,3.419,-0.306,ball_8,2.515,3.268,5.944
259.40,2.426,3.419,-0.310,APPROACH,18,29,2.371,3.401,-0.307,ball_8,2.573,3.248,5.944
259.60,2.484,3.400,-0.311,APPROACH,18,29,2.428,3.383,-0.307,ball_8,2.631,3.227,5.943
259.80,2.532,3.385,-0.311,APPROACH,18,29,2.486,3.364,-0.308,ball_8,2.679,3.210,5.943
260.00,2.591,3.366,-0.312,APPROACH,18,29,2.543,3.346,-0.308,ball_8,2.736,3.190,5.942
260.20,2.649,3.347,-0.312,APPROACH,18,29,2.600,3.328,-0.309,ball_8,2.794,3.169,5.942
260.40,2.707,3.328,-0.313,APPROACH,18,29,2.657,3.310,-0.309,ball_8,2.852,3.149,5.941
260.60,2.765,3.309,-0.313,APPROACH,18,29,2.714,3.292,-0.310,ball_8,2.909,3.128,5.941
260.80,2.824,3.290,-0.314,APPROACH,18,29,2.771,3.273,-0.310,ball_8,2.967,3.108,5.940
261.00,2.882,3.272,-0.312,APPROACH,18,29,2.828,3.255,-0.309,,3.025,3.087,5.942
261.20,2.940,3.253,-0.308,APPROACH,18,29,2.885,3.237,-0.305,,3.083,3.067,5.946
261.40,2.998,3.235,-0.304,BLIND_DASH,18,29,2.942,3.219,-0.301,,3.140,3.047,5.950
261.60,3.047,3.219,-0.304,BLIND_DASH,18,29,3.000,3.202,-0.301,,3.189,3.030,5.950
261.80,3.105,3.201,-0.305,BLIND_DASH,18,29,3.057,3.184,-0.301,,3.246,3.010,5.949
262.00,3.164,3.183,-0.305,PATROL,18,29,3.114,3.166,-0.301,,3.304,2.990,5.949
262.20,3.203,3.170,-0.310,PATROL,18,29,3.152,3.154,-0.306,,3.343,2.977,5.944
262.40,3.211,3.168,-0.256,PATROL,18,29,3.160,3.152,-0.252,,3.351,2.974,5.998
262.60,3.211,3.168,-0.148,PATROL,18,29,3.160,3.152,-0.144,,3.351,2.974,6.106
262.80,3.211,3.168,-0.040,PATROL,18,29,3.161,3.152,-0.036,,3.351,2.974,6.215
263.00,3.211,3.168,0.069,PATROL,18,29,3.161,3.152,0.072,,3.351,2.974,6.323
263.20,3.211,3.168,0.177,PATROL,18,29,3.162,3.152,0.180,,3.351,2.974,6.431
263.40,3.211,3.168,0.285,PATROL,18,29,3.162,3.152,0.289,,3.351,2.974,6.539
263.60,3.211,3.168,0.393,PATROL,18,29,3.163,3.152,0.397,,3.351,2.974,6.648
263.80,3.211,3.168,0.502,PATROL,18,29,3.163,3.153,0.506,,3.351,2.974,6.756
264.00,3.211,3.168,0.611,PATROL,18,29,3.164,3.153,0.615,,3.351,2.974,6.865
264.20,3.211,3.168,0.720,PATROL,18,29,3.164,3.153,0.724,,3.351,2.974,6.974
264.40,3.211,3.168,0.828,PATROL,18,29,3.165,3.154,0.832,,3.351,2.974,7.083
264.60,3.214,3.171,0.936,PATROL,18,29,3.167,3.157,0.940,,3.354,2.977,7.191
264.80,3.218,3.178,1.045,PATROL,18,29,3.173,3.166,1.048,,3.358,2.984,7.299
265.00,3.224,3.191,1.154,PATROL,18,29,3.179,3.179,1.157,,3.365,2.996,7.408
265.20,3.231,3.209,1.263,PATROL,18,29,3.186,3.198,1.267,,3.373,3.015,7.518
265.40,3.238,3.233,1.373,PATROL,18,29,3.192,3.222,1.377,,3.380,3.038,7.628
265.60,3.242,3.262,1.484,PATROL,18,29,3.196,3.251,1.487,,3.385,3.068,7.739
265.80,3.243,3.297,1.594,PATROL,18,29,3.197,3.285,1.598,,3.387,3.102,7.849
266.00,3.240,3.336,1.704,PATROL,18,29,3.194,3.323,1.708,,3.384,3.142,7.959
266.20,3.231,3.380,1.813,PATROL,18,29,3.185,3.365,1.817,,3.377,3.185,8.069
266.40,3.217,3.426,1.923,PATROL,18,29,3.171,3.410,1.927,,3.364,3.232,8.179
266.60,3.199,3.466,2.033,PATROL,18,29,3.150,3.458,2.037,,3.347,3.273,8.288
266.80,3.171,3.516,2.135,PATROL,18,29,3.122,3.506,2.139,,3.321,3.323,8.390
267.00,3.136,3.566,2.222,PATROL,18,29,3.088,3.556,2.226,,3.288,3.374,8.478
267.20,3.095,3.616,2.295,PATROL,18,29,3.048,3.604,2.298,,3.248,3.425,8.551
267.40,3.049,3.665,2.357,PATROL,18,29,3.002,3.652,2.360,,3.203,3.476,8.612
267.60,2.999,3.713,2.409,PATROL,18,29,2.953,3.699,2.412,,3.154,3.525,8.664
267.80,2.945,3.759,2.453,PATROL,18,29,2.900,3.744,2.457,,3.101,3.572,8.709
268.00,2.888,3.804,2.492,PATROL,18,29,2.844,3.788,2.496,,3.045,3.619,8.748
268.20,2.838,3.840,2.526,PATROL,18,29,2.785,3.830,2.529,,2.997,3.656,8.782
268.40,2.777,3.882,2.556,PATROL,18,29,2.725,3.871,2.559,,2.937,3.700,8.812
268.60,2.714,3.923,2.583,PATROL,18,29,2.662,3.911,2.587,,2.875,3.743,8.839
268.80,2.649,3.962,2.608,PATROL,18,29,2.599,3.949,2.611,,2.811,3.784,8.863
269.00,2.583,4.000,2.630,PATROL,18,29,2.534,3.986,2.634,,2.746,3.824,8.886
269.20,2.517,4.036,2.653,PATROL,19,30,2.469,4.022,2.656,,2.681,3.862,8.909
269.40,2.476,4.057,2.715,PATROL,19,30,2.428,4.042,2.718,,2.641,3.883,8.970
269.60,2.463,4.063,2.713,PATROL,19,30,2.414,4.048,2.715,,2.627,3.890,8.968
269.80,2.462,4.063,2.608,PATROL,19,30,2.413,4.049,2.610,,2.627,3.890,8.863
270.00,2.462,4.063,2.497,PATROL,19,30,2.414,4.049,2.500,,2.627,3.890,8.753
270.20,2.462,4.063,2.387,PATROL,19,30,2.414,4.048,2.389,,2.627,3.890,8.642
270.40,2.462,4.063,2.276,PATROL,19,30,2.414,4.048,2.278,,2.627,3.890,8.531
270.60,2.462,4.063,2.165,PATROL,19,30,2.414,4.048,2.168,,2.627,3.890,8.420
270.80,2.462,4.063,2.054,PATROL,19,30,2.414,4.048,2.057,,2.627,3.890,8.309
271.00,2.462,4.063,1.943,PATROL,19,30,2.414,4.048,1.946,,2.627,3.890,8.198
271.20,2.462,4.063,1.833,PATROL,19,30,2.414,4.048,1.836,,2.627,3.890,8.088
271.40,2.462,4.063,1.722,PATROL,19,30,2.414,4.047,1.725,,2.627,3.890,7.977
271.60,2.462,4.063,1.612,PATROL,19,30,2.414,4.047,1.614,,2.627,3.890,7.867
271.80,2.462,4.063,1.501,PATROL,19,30,2.414,4.048,1.503,,2.627,3.890,7.756
272.00,2.463,4.069,1.391,PATROL,19,30,2.415,4.053,1.393,,2.628,3.896,7.646
272.20,2.466,4.080,1.280,PATROL,19,30,2.418,4.064,1.283,,2.631,3.907,7.535
272.40,2.471,4.096,1.170,PATROL,19,30,2.423,4.079,1.173,,2.637,3.922,7.425
272.60,2.481,4.116,1.060,PATROL,19,30,2.433,4.099,1.062,,2.648,3.942,7.314
272.80,2.497,4.140,0.950,PATROL,19,30,2.447,4.121,0.952,,2.664,3.966,7.204
273.00,2.518,4.165,0.839,PATROL,19,30,2.467,4.146,0.842,,2.685,3.991,7.094
273.20,2.540,4.188,0.730,PATROL,19,30,2.493,4.173,0.733,,2.709,4.013,6.985
273.40,2.573,4.215,0.621,PATROL,19,30,2.526,4.199,0.623,,2.743,4.039,6.876
273.60,2.614,4.241,0.511,PATROL,19,30,2.565,4.224,0.515,,2.784,4.063,6.766
273.80,2.661,4.264,0.403,PATROL,19,30,2.611,4.247,0.405,,2.832,4.085,6.657
274.00,2.716,4.284,0.305,PATROL,19,30,2.664,4.266,0.307,,2.887,4.104,6.559
274.20,2.777,4.301,0.225,PATROL,19,30,2.723,4.282,0.228,,2.949,4.118,6.479
274.40,2.842,4.313,0.161,PATROL,19,30,2.787,4.295,0.164,,3.015,4.129,6.415
274.60,2.911,4.322,0.108,PATROL,19,30,2.854,4.304,0.111,,3.084,4.136,6.363
274.80,2.971,4.327,0.066,PATROL,19,30,2.924,4.310,0.069,,3.143,4.140,6.320
275.00,3.044,4.331,0.031,PATROL,19,30,2.996,4.314,0.034,,3.217,4.141,6.286
275.20,3.119,4.332,0.003,PATROL,19,30,3.069,4.315,0.006,,3.291,4.140,6.257
275.40,3.195,4.332,-0.020,PATROL,19,30,3.143,4.315,-0.017,,3.368,4.138,6.234
275.60,3.272,4.329,-0.039,PATROL,19,30,3.219,4.313,-0.036,,3.445,4.133,6.215
275.80,3.350,4.326,-0.055,PATROL,19,30,3.295,4.310,-0.052,,3.522,4.127,6.200
276.00,3.428,4.321,-0.068,PATROL,19,30,3.372,4.305,-0.064,,3.601,4.120,6.187
276.20,3.507,4.315,-0.079,PATROL,19,30,3.449,4.300,-0.076,,3.679,4.112,6.175
276.40,3.573,4.309,-0.089,PATROL,19,30,3.527,4.293,-0.085,,3.745,4.104,6.166
276.60,3.652,4.302,-0.096,PATROL,19,30,3.605,4.287,-0.093,,3.824,4.095,6.158
276.80,3.732,4.294,-0.103,PATROL,19,30,3.683,4.279,-0.100,,3.904,4.084,6.151
277.00,3.812,4.286,-0.108,PATROL,19,30,3.761,4.271,-0.105,,3.984,4.074,6.146
277.20,3.892,4.277,-0.113,PATROL,19,30,3.840,4.263,-0.110,,4.064,4.062,6.141
277.40,3.973,4.267,-0.117,PATROL,19,30,3.918,4.254,-0.114,,4.144,4.051,6.137
277.60,4.053,4.258,-0.120,PATROL,19,30,3.997,4.245,-0.117,,4.224,4.039,6.134
277.80,4.134,4.248,-0.123,PATROL,19,30,4.076,4.235,-0.120,,4.304,4.027,6.131
278.00,4.214,4.238,-0.126,PATROL,19,30,4.154,4.226,-0.123,,4.384,4.014,6.129
278.20,4.281,4.229,-0.128,PATROL,19,30,4.233,4.216,-0.124,,4.451,4.004,6.127
278.40,4.353,4.220,-0.152,ALIGN,19,30,4.302,4.207,-0.149,ball_10,4.522,3.992,6.102
278.60,4.382,4.215,-0.203,ALIGN,19,30,4.329,4.203,-0.200,ball_10,4.552,3.986,6.051
278.80,4.386,4.214,-0.164,ALIGN,19,30,4.333,4.202,-0.160,ball_10,4.556,3.985,6.090
279.00,4.386,4.214,-0.113,ALIGN,19,30,4.333,4.202,-0.110,ball_10,4.556,3.985,6.141
279.20,4.386,4.214,-0.077,APPROACH,19,30,4.333,4.202,-0.073,ball_10,4.556,3.985,6.178
279.40,4.410,4.213,-0.018,APPROACH,19,30,4.355,4.201,-0.015,ball_10,4.579,3.984,6.236
279.60,4.466,4.213,0.001,APPROACH,19,30,4.409,4.202,0.004,ball_10,4.636,3.982,6.256
279.80,4.517,4.213,-0.000,APPROACH,19,30,4.469,4.202,0.003,ball_10,4.687,3.981,6.254
280.00,4.578,4.213,-0.001,APPROACH,19,30,4.529,4.202,0.002,ball_10,4.748,3.979,6.253
280.20,4.640,4.213,-0.003,APPROACH,19,30,4.589,4.202,0.000,ball_10,4.809,3.977,6.252
280.40,4.701,4.213,-0.004,APPROACH,19,30,4.649,4.202,-0.001,ball_10,4.870,3.975,6.251
280.60,4.762,4.213,-0.005,APPROACH,19,30,4.709,4.202,-0.001,ball_10,4.932,3.973,6.250
280.80,4.823,4.212,-0.005,APPROACH,19,30,4.768,4.202,-0.002,ball_10,4.993,3.971,6.249
281.00,4.884,4.212,-0.006,APPROACH,19,30,4.828,4.202,-0.003,ball_10,5.054,3.969,6.248
281.20,4.946,4.212,-0.007,APPROACH,19,30,4.888,4.201,-0.004,ball_10,5.115,3.967,6.247
281.40,4.997,4.211,-0.008,APPROACH,19,30,4.948,4.201,-0.005,ball_10,5.166,3.965,6.246
281.60,5.058,4.211,-0.009,APPROACH,19,30,5.008,4.201,-0.006,ball_10,5.227,3.963,6.246
281.80,5.119,4.210,-0.010,APPROACH,19,30,5.068,4.200,-0.006,ball_10,5.289,3.960,6.245
282.00,5.180,4.210,-0.010,APPROACH,19,30,5.128,4.200,-0.007,ball_10,5.350,3.958,6.244
282.20,5.241,4.209,-0.011,APPROACH,19,30,5.188,4.200,-0.008,ball_10,5.411,3.956,6.243
282.40,5.303,4.208,-0.012,APPROACH,19,30,5.247,4.199,-0.009,ball_10,5.472,3.953,6.243
282.60,5.364,4.207,-0.012,APPROACH,19,30,5.307,4.199,-0.009,ball_10,5.533,3.951,6.242
282.80,5.425,4.207,-0.013,APPROACH,19,30,5.367,4.198,-0.010,ball_10,5.595,3.948,6.241
283.00,5.476,4.206,-0.014,APPROACH,19,30,5.427,4.198,-0.010,ball_10,5.646,3.946,6.241
283.20,5.537,4.205,-0.014,APPROACH,19,30,5.487,4.197,-0.011,ball_10,5.707,3.943,6.240
283.40,5.598,4.204,-0.015,APPROACH,19,30,5.547,4.196,-0.011,ball_10,5.768,3.941,6.240
283.60,5.660,4.203,-0.015,APPROACH,19,30,5.607,4.196,-0.012,ball_10,5.829,3.938,6.239
283.80,5.721,4.202,-0.015,APPROACH,19,30,5.667,4.195,-0.012,ball_10,5.890,3.935,6.239
284.00,5.782,4.202,-0.016,APPROACH,19,30,5.726,4.194,-0.013,ball_10,5.951,3.933,6.238
284.20,5.843,4.201,-0.016,APPROACH,19,30,5.786,4.194,-0.013,ball_10,6.013,3.930,6.238
284.40,5.904,4.200,-0.017,APPROACH,19,30,5.846,4.193,-0.014,ball_10,6.074,3.927,6.238
284.60,5.966,4.198,-0.017,APPROACH,19,30,5.906,4.192,-0.014,ball_10,6.135,3.924,6.237
284.80,6.017,4.198,-0.017,APPROACH,19,30,5.966,4.191,-0.014,ball_10,6.186,3.922,6.237
285.00,6.078,4.197,-0.017,APPROACH,19,30,6.026,4.190,-0.014,ball_10,6.247,3.919,6.237
285.20,6.139,4.195,-0.018,APPROACH,19,30,6.086,4.190,-0.015,ball_10,6.308,3.916,6.237
285.40,6.200,4.194,-0.018,APPROACH,19,30,6.146,4.189,-0.015,ball_10,6.369,3.913,6.237
285.60,6.261,4.193,-0.018,APPROACH,19,30,6.206,4.188,-0.015,ball_10,6.431,3.911,6.236
285.80,6.323,4.192,-0.018,APPROACH,19,30,6.266,4.187,-0.015,ball_10,6.492,3.908,6.236
286.00,6.384,4.191,-0.018,APPROACH,19,30,6.326,4.186,-0.015,ball_10,6.553,3.905,6.236
286.20,6.445,4.190,-0.018,APPROACH,19,30,6.385,4.185,-0.015,ball_10,6.614,3.902,6.236
286.40,6.496,4.189,-0.018,APPROACH,19,30,6.445,4.184,-0.015,ball_10,6.665,3.900,6.236
286.60,6.557,4.188,-0.018,APPROACH,19,30,6.505,4.184,-0.015,ball_10,6.726,3.897,6.236
286.80,6.618,4.187,-0.018,APPROACH,19,30,6.565,4.183,-0.015,ball_10,6.787,3.894,6.236
287.00,6.680,4.186,-0.018,APPROACH,19,30,6.625,4.182,-0.015,ball_10,6.849,3.891,6.237
287.20,6.741,4.185,-0.018,APPROACH,19,30,6.685,4.181,-0.014,ball_10,6.910,3.888,6.237
287.40,6.802,4.184,-0.017,APPROACH,19,30,6.745,4.180,-0.014,,6.971,3.885,6.237
287.60,6.863,4.183,-0.016,APPROACH,19,30,6.805,4.180,-0.013,,7.032,3.882,6.238
287.80,6.924,4.182,-0.015,BLIND_DASH,19,30,6.865,4.179,-0.012,,7.093,3.880,6.239
288.00,6.975,4.181,-0.016,BLIND_DASH,19,30,6.925,4.178,-0.013,,7.144,3.877,6.239
288.20,7.036,4.180,-0.016,PATROL,19,30,6.985,4.177,-0.013,,7.206,3.875,6.238
288.40,7.080,4.179,-0.018,PATROL,19,30,7.025,4.177,-0.015,,7.249,3.873,6.237
288.60,7.089,4.179,-0.072,PATROL,19,30,7.033,4.177,-0.070,,7.258,3.872,6.182
288.80,7.089,4.179,-0.182,PATROL,19,30,7.033,4.177,-0.180,,7.258,3.872,6.072
289.00,7.089,4.179,-0.293,PATROL,19,30,7.033,4.177,-0.290,,7.258,3.872,5.961
289.20,7.089,4.179,-0.403,PATROL,19,30,7.032,4.177,-0.401,,7.258,3.872,5.850
289.40,7.089,4.179,-0.514,PATROL,19,30,7.032,4.177,-0.512,,7.258,3.872,5.740
289.60,7.089,4.179,-0.625,PATROL,19,30,7.032,4.177,-0.622,,7.258,3.872,5.629
289.80,7.089,4.179,-0.736,PATROL,19,30,7.032,4.177,-0.733,,7.258,3.872,5.518
290.00,7.089,4.179,-0.846,PATROL,19,30,7.032,4.177,-0.844,,7.258,3.872,5.407
290.20,7.089,4.179,-0.957,PATROL,19,30,7.031,4.177,-0.955,,7.258,3.872,5.296
290.40,7.089,4.179,-1.068,PATROL,19,30,7.031,4.178,-1.065,,7.258,3.872,5.186
290.60,7.089,4.179,-1.178,PATROL,19,30,7.031,4.178,-1.176,,7.258,3.872,5.075
290.80,7.089,4.179,-1.289,PATROL,19,30,7.031,4.178,-1.286,,7.258,3.872,4.965
291.00,7.089,4.179,-1.399,PATROL,19,30,7.031,4.178,-1.397,,7.258,3.872,4.854
291.20,7.089,4.179,-1.511,PATROL,19,30,7.031,4.178,-1.508,,7.258,3.872,4.742
291.40,7.089,4.179,-1.621,PATROL,19,30,7.031,4.178,-1.619,,7.258,3.872,4.632
291.60,7.088,4.174,-1.731,PATROL,19,30,7.030,4.174,-1.728,,7.257,3.868,4.522
291.80,7.086,4.164,-1.841,PATROL,19,30,7.028,4.164,-1.838,,7.255,3.858,4.412
292.00,7.081,4.149,-1.952,PATROL,19,30,7.023,4.149,-1.949,,7.249,3.842,4.301
292.20,7.072,4.130,-2.062,PATROL,19,30,7.015,4.130,-2.059,,7.239,3.824,4.191
292.40,7.058,4.107,-2.172,PATROL,19,30,7.001,4.108,-2.170,,7.225,3.801,4.081
292.60,7.038,4.082,-2.282,PATROL,19,30,6.982,4.084,-2.280,,7.204,3.777,3.971
292.80,7.012,4.055,-2.392,PATROL,19,30,6.957,4.058,-2.389,,7.178,3.751,3.860
293.00,6.985,4.033,-2.502,PATROL,19,30,6.926,4.032,-2.500,,7.150,3.730,3.750
293.20,6.947,4.007,-2.612,PATROL,19,30,6.889,4.007,-2.609,,7.110,3.705,3.641
293.40,6.901,3.983,-2.721,PATROL,19,30,6.845,3.984,-2.718,,7.064,3.682,3.531
293.60,6.848,3.963,-2.826,PATROL,19,30,6.794,3.964,-2.823,,7.011,3.664,3.427
293.80,6.789,3.946,-2.911,PATROL,19,30,6.736,3.948,-2.908,,6.951,3.649,3.341
294.00,6.725,3.934,-2.982,PATROL,19,30,6.674,3.936,-2.979,,6.887,3.638,3.270
294.20,6.658,3.925,-3.040,PATROL,19,30,6.608,3.927,-3.037,,6.819,3.632,3.212
294.40,6.587,3.920,-3.088,PATROL,19,30,6.540,3.922,-3.085,,6.749,3.629,3.164
294.60,6.527,3.918,-3.128,PATROL,19,30,6.469,3.919,-3.125,,6.688,3.629,3.125
294.80,6.454,3.918,3.123,PATROL,19,30,6.397,3.919,3.126,,6.615,3.631,3.092
295.00,6.378,3.921,3.096,PATROL,19,30,6.323,3.921,3.099,,6.539,3.636,3.065
295.20,6.302,3.925,3.073,PATROL,19,30,6.248,3.925,3.076,,6.464,3.642,3.042
295.40,6.225,3.931,3.054,PATROL,19,30,6.173,3.931,3.057,,6.387,3.651,3.023
295.60,6.148,3.938,3.037,PATROL,19,30,6.097,3.938,3.040,,6.310,3.661,3.006
295.80,6.070,3.947,3.022,PATROL,19,30,6.022,3.946,3.026,,6.232,3.672,2.991
296.00,5.992,3.957,3.010,PATROL,19,30,5.945,3.955,3.013,,6.154,3.684,2.979
296.20,5.927,3.966,2.999,PATROL,19,30,5.868,3.966,3.003,,6.089,3.695,2.968
296.40,5.848,3.978,2.990,PATROL,19,30,5.791,3.977,2.993,,6.011,3.709,2.959
296.60,5.769,3.990,2.983,PATROL,19,30,5.714,3.989,2.986,,5.932,3.724,2.952
296.80,5.690,4.003,2.976,PATROL,19,30,5.636,4.001,2.979,,5.854,3.739,2.945
297.00,5.611,4.016,2.970,PATROL,19,30,5.559,4.014,2.973,,5.775,3.755,2.939
297.20,5.532,4.030,2.964,PATROL,19,30,5.481,4.027,2.967,,5.696,3.772,2.933
297.40,5.452,4.045,2.959,PATROL,19,30,5.403,4.041,2.962,,5.617,3.789,2.928
297.60,5.373,4.060,2.954,PATROL,19,30,5.326,4.055,2.957,,5.539,3.806,2.923
297.80,5.294,4.075,2.949,PATROL,20,31,5.248,4.070,2.953,,5.460,3.824,2.918
298.00,5.256,4.083,2.895,PATROL,20,31,5.202,4.080,2.898,,5.422,3.833,2.864
298.20,5.245,4.086,2.818,PATROL,20,31,5.194,4.082,2.821,,5.411,3.836,2.787
298.40,5.245,4.086,2.708,PATROL,20,31,5.194,4.082,2.710,,5.411,3.836,2.676
298.60,5.245,4.086,2.597,PATROL,20,31,5.194,4.082,2.600,,5.411,3.836,2.565
298.80,5.245,4.086,2.486,PATROL,20,31,5.194,4.082,2.489,,5.411,3.836,2.455
299.00,5.245,4.086,2.375,PATROL,20,31,5.194,4.082,2.378,,5.411,3.836,2.344
299.20,5.245,4.086,2.265,PATROL,20,31,5.195,4.082,2.267,,5.411,3.836,2.233
299.40,5.245,4.086,2.154,PATROL,20,31,5.195,4.081,2.157,,5.411,3.836,2.122
299.60,5.245,4.086,2.043,PATROL,20,31,5.195,4.081,2.046,,5.411,3.836,2.011
299.80,5.245,4.086,1.933,PATROL,20,31,5.195,4.081,1.935,,5.411,3.836,1.901
300.00,5.245,4.086,1.822,PATROL,20,31,5.195,4.081,1.824,,5.411,3.836,1.790
300.20,5.245,4.086,1.711,PATROL,20,31,5.195,4.081,1.714,,5.411,3.836,1.679
300.40,5.245,4.086,1.600,PATROL,20,31,5.195,4.080,1.603,,5.411,3.836,1.568
300.60,5.245,4.087,1.490,PATROL,20,31,5.195,4.081,1.492,,5.411,3.837,1.457
300.80,5.246,4.094,1.379,PATROL,20,31,5.196,4.087,1.382,,5.412,3.844,1.347
301.00,5.249,4.105,1.269,PATROL,20,31,5.199,4.098,1.271,,5.416,3.855,1.236
301.20,5.254,4.119,1.158,PATROL,20,31,5.205,4.113,1.161,,5.421,3.868,1.126
301.40,5.264,4.138,1.048,PATROL,20,31,5.214,4.133,1.050,,5.432,3.888,1.015
301.60,5.279,4.161,0.937,PATROL,20,31,5.229,4.155,0.941,,5.447,3.911,0.905
301.80,5.299,4.187,0.828,PATROL,20,31,5.250,4.180,0.830,,5.469,3.935,0.795
302.00,5.327,4.214,0.718,PATROL,20,31,5.276,4.206,0.720,,5.497,3.961,0.685
302.20,5.361,4.240,0.607,PATROL,20,31,5.309,4.232,0.610,,5.533,3.987,0.575
302.40,5.403,4.266,0.498,PATROL,20,31,5.349,4.257,0.501,,5.575,4.011,0.465
302.60,5.452,4.289,0.389,PATROL,20,31,5.396,4.279,0.391,,5.625,4.032,0.356
302.80,5.508,4.308,0.292,PATROL,20,31,5.449,4.298,0.295,,5.681,4.050,0.259
303.00,5.559,4.321,0.213,PATROL,20,31,5.508,4.313,0.216,,5.733,4.061,0.180
303.20,5.624,4.333,0.150,PATROL,20,31,5.572,4.325,0.153,,5.798,4.071,0.117
303.40,5.693,4.342,0.098,PATROL,20,31,5.640,4.334,0.101,,5.867,4.077,0.065
303.60,5.764,4.347,0.056,PATROL,20,31,5.710,4.339,0.059,,5.939,4.080,0.023
303.80,5.838,4.350,0.021,PATROL,20,31,5.782,4.342,0.025,,6.013,4.081,-0.012
304.00,5.913,4.350,-0.007,PATROL,20,31,5.855,4.343,-0.004,,6.088,4.079,-0.040
304.20,5.989,4.349,-0.030,PATROL,20,31,5.930,4.342,-0.027,,6.164,4.075,-0.063
304.40,6.066,4.346,-0.049,PATROL,20,31,6.005,4.339,-0.046,,6.241,4.069,-0.082
304.60,6.131,4.342,-0.065,PATROL,20,31,6.081,4.335,-0.061,,6.305,4.063,-0.098
304.80,6.209,4.337,-0.078,PATROL,20,31,6.157,4.330,-0.074,,6.384,4.055,-0.111
305.00,6.288,4.330,-0.090,PATROL,20,31,6.235,4.324,-0.086,,6.462,4.046,-0.123
305.20,6.367,4.323,-0.099,PATROL,20,31,6.312,4.317,-0.096,,6.541,4.036,-0.132
305.40,6.446,4.314,-0.107,PATROL,20,31,6.390,4.309,-0.104,,6.620,4.025,-0.140
305.60,6.526,4.305,-0.114,PATROL,20,31,6.468,4.301,-0.110,,6.699,4.013,-0.147
305.80,6.606,4.296,-0.119,PATROL,20,31,6.546,4.292,-0.116,,6.779,4.001,-0.152
306.00,6.686,4.286,-0.124,PATROL,20,31,6.625,4.283,-0.121,,6.859,3.989,-0.157
306.20,6.753,4.278,-0.128,PATROL,20,31,6.703,4.273,-0.124,,6.925,3.978,-0.161
306.40,6.833,4.267,-0.131,PATROL,20,31,6.781,4.263,-0.128,,7.005,3.965,-0.164
306.60,6.913,4.257,-0.134,PATROL,20,31,6.861,4.253,-0.130,,7.085,3.952,-0.167
306.80,6.994,4.246,-0.136,PATROL,20,31,6.940,4.243,-0.132,,7.165,3.938,-0.169
307.00,7.074,4.235,-0.138,PATROL,20,31,7.018,4.232,-0.134,,7.245,3.925,-0.171
307.20,7.155,4.223,-0.139,PATROL,20,31,7.097,4.221,-0.136,,7.326,3.911,-0.172
307.40,7.236,4.212,-0.141,PATROL,20,31,7.176,4.210,-0.137,,7.406,3.897,-0.174
307.60,7.316,4.201,-0.142,PATROL,20,31,7.255,4.200,-0.138,,7.486,3.883,-0.175
307.80,7.384,4.191,-0.143,PATROL,20,31,7.334,4.189,-0.139,,7.553,3.871,-0.176
308.00,7.464,4.179,-0.144,PATROL,20,31,7.413,4.178,-0.140,,7.634,3.856,-0.177
308.20,7.545,4.168,-0.144,PATROL,21,32,7.492,4.166,-0.141,,7.714,3.842,-0.177
308.40,7.621,4.157,-0.152,PATROL,21,32,7.566,4.156,-0.148,,7.789,3.828,-0.185
308.60,7.694,4.146,-0.124,PATROL,21,32,7.638,4.146,-0.120,,7.863,3.816,-0.157
308.80,7.770,4.138,-0.100,PATROL,21,32,7.712,4.138,-0.097,,7.938,3.805,-0.133
309.00,7.846,4.131,-0.080,PATROL,21,32,7.787,4.132,-0.077,,8.014,3.795,-0.113
309.20,7.924,4.126,-0.064,PATROL,21,32,7.863,4.127,-0.061,,8.091,3.787,-0.097
309.40,8.002,4.121,-0.051,PATROL,21,32,7.939,4.122,-0.048,,8.170,3.780,-0.084
309.60,8.068,4.118,-0.041,PATROL,21,32,8.017,4.119,-0.038,,8.235,3.775,-0.074
309.80,8.147,4.115,-0.033,PATROL,21,32,8.094,4.117,-0.029,,8.314,3.770,-0.066
310.00,8.227,4.113,-0.025,PATROL,21,32,8.172,4.115,-0.022,,8.394,3.765,-0.058
310.20,8.307,4.111,-0.019,PATROL,21,32,8.251,4.113,-0.016,,8.474,3.760,-0.052
310.40,8.387,4.110,-0.015,PATROL,21,32,8.329,4.112,-0.011,,8.554,3.756,-0.048
310.60,8.468,4.109,-0.011,PATROL,21,32,8.408,4.111,-0.007,,8.635,3.752,-0.044
310.80,8.549,4.108,-0.008,PATROL,21,32,8.487,4.111,-0.004,,8.716,3.749,-0.041
311.00,8.629,4.107,-0.005,PATROL,21,32,8.567,4.111,-0.002,,8.796,3.746,-0.038
311.20,8.697,4.107,-0.003,PATROL,21,32,8.646,4.111,0.000,,8.864,3.743,-0.036
311.40,8.778,4.107,-0.001,PATROL,21,32,8.725,4.111,0.002,,8.945,3.741,-0.034
311.60,8.859,4.107,0.001,PATROL,21,32,8.804,4.111,0.004,,9.026,3.738,-0.032
311.80,8.940,4.107,0.002,PATROL,21,32,8.884,4.112,0.005,,9.107,3.735,-0.031
312.00,9.021,4.107,0.004,PATROL,21,32,8.963,4.112,0.007,,9.188,3.733,-0.029
312.20,9.102,4.108,0.005,PATROL,21,32,9.043,4.113,0.009,,9.269,3.731,-0.028
312.40,9.184,4.108,0.007,PATROL,21,32,9.122,4.113,0.010,,9.351,3.728,-0.026
312.60,9.265,4.109,0.008,PATROL,21,32,9.202,4.114,0.011,,9.432,3.726,-0.025
312.80,9.333,4.109,0.009,PATROL,21,32,9.282,4.115,0.013,,9.500,3.725,-0.024
313.00,9.414,4.110,0.010,PATROL,21,32,9.362,4.116,0.014,,9.581,3.723,-0.023
313.20,9.496,4.111,0.011,PATROL,21,32,9.442,4.117,0.014,,9.663,3.721,-0.022
313.40,9.577,4.112,0.012,PATROL,21,32,9.521,4.119,0.015,,9.744,3.719,-0.021
313.60,9.659,4.113,0.012,PATROL,21,32,9.601,4.120,0.015,,9.826,3.717,-0.021
313.80,9.740,4.114,0.012,PATROL,21,32,9.681,4.121,0.016,,9.908,3.716,-0.021
314.00,9.822,4.115,0.013,PATROL,21,32,9.761,4.122,0.016,,9.989,3.714,-0.020
314.20,9.904,4.116,0.013,PATROL,21,32,9.841,4.123,0.016,,10.071,3.712,-0.020
314.40,9.972,4.117,0.013,PATROL,21,32,9.921,4.125,0.016,,10.139,3.711,-0.020
314.60,10.053,4.118,0.013,PATROL,21,32,10.001,4.126,0.016,,10.220,3.710,-0.020
314.80,10.135,4.119,0.013,PATROL,21,32,10.081,4.127,0.016,,10.302,3.708,-0.020
315.00,10.216,4.120,0.013,PATROL,21,32,10.161,4.129,0.016,,10.384,3.706,-0.020
315.20,10.298,4.121,0.013,PATROL,21,32,10.241,4.130,0.016,,10.465,3.705,-0.020
315.40,10.379,4.122,0.013,PATROL,22,28,10.321,4.131,0.016,,10.547,3.703,-0.020
315.60,10.431,4.124,0.038,PATROL,22,28,10.372,4.133,0.041,,10.598,3.703,0.005
315.80,10.447,4.124,0.027,PATROL,22,28,10.389,4.133,0.030,,10.615,3.703,-0.006
316.00,10.450,4.124,-0.079,PATROL,22,28,10.393,4.133,-0.076,,10.618,3.703,-0.112
316.20,10.457,4.123,-0.189,PATROL,22,28,10.400,4.132,-0.187,,10.625,3.701,-0.222
316.40,10.470,4.120,-0.300,PATROL,22,28,10.413,4.129,-0.297,,10.638,3.698,-0.333
316.60,10.488,4.113,-0.410,PATROL,22,28,10.431,4.122,-0.407,,10.655,3.690,-0.443
316.80,10.510,4.103,-0.520,PATROL,22,28,10.452,4.112,-0.517,,10.677,3.679,-0.553
317.00,10.535,4.086,-0.631,PATROL,22,28,10.477,4.096,-0.628,,10.702,3.661,-0.664
317.20,10.563,4.064,-0.740,PATROL,22,28,10.503,4.074,-0.737,,10.728,3.638,-0.773
317.40,10.591,4.034,-0.850,PATROL,22,28,10.531,4.046,-0.847,,10.756,3.608,-0.883
317.60,10.619,3.998,-0.959,PATROL,22,28,10.558,4.012,-0.956,,10.782,3.571,-0.993
317.80,10.641,3.962,-1.069,PATROL,22,28,10.584,3.971,-1.066,,10.803,3.534,-1.103
318.00,10.666,3.913,-1.175,PATROL,22,28,10.607,3.922,-1.172,,10.826,3.484,-1.209
318.20,10.687,3.856,-1.264,PATROL,22,28,10.627,3.867,-1.261,,10.845,3.426,-1.298
318.40,10.704,3.794,-1.336,PATROL,22,28,10.644,3.806,-1.333,,10.860,3.363,-1.370
318.60,10.718,3.727,-1.394,PATROL,22,28,10.658,3.741,-1.392,,10.872,3.296,-1.429
318.80,10.728,3.657,-1.441,PATROL,22,28,10.668,3.673,-1.439,,10.880,3.226,-1.476
319.00,10.736,3.585,-1.479,PATROL,22,28,10.676,3.603,-1.476,,10.885,3.154,-1.514
319.20,10.742,3.511,-1.510,PATROL,22,28,10.682,3.530,-1.507,,10.888,3.079,-1.544
319.40,10.745,3.448,-1.536,PATROL,22,28,10.686,3.456,-1.533,,10.889,3.016,-1.570
319.60,10.747,3.371,-1.557,PATROL,22,28,10.688,3.381,-1.553,,10.889,2.940,-1.591
319.80,10.747,3.294,-1.574,PATROL,22,28,10.689,3.306,-1.570,,10.886,2.862,-1.608
320.00,10.747,3.216,-1.588,PATROL,22,28,10.688,3.229,-1.585,,10.883,2.784,-1.622
320.20,10.745,3.137,-1.599,PATROL,22,28,10.686,3.152,-1.596,,10.879,2.705,-1.634
320.40,10.742,3.058,-1.609,PATROL,22,28,10.684,3.074,-1.606,,10.873,2.626,-1.643
320.60,10.739,2.978,-1.617,PATROL,22,28,10.681,2.996,-1.614,,10.867,2.547,-1.651
320.80,10.735,2.898,-1.624,PATROL,22,28,10.677,2.918,-1.621,,10.860,2.467,-1.658
321.00,10.730,2.818,-1.630,PATROL,22,28,10.673,2.839,-1.627,,10.853,2.387,-1.665
321.20,10.726,2.751,-1.636,PATROL,22,28,10.669,2.761,-1.633,,10.846,2.320,-1.670
321.40,10.721,2.670,-1.640,PATROL,22,28,10.664,2.682,-1.637,,10.838,2.240,-1.674
321.60,10.715,2.590,-1.643,PATROL,22,28,10.658,2.603,-1.640,,10.830,2.159,-1.678
321.80,10.709,2.509,-1.646,PATROL,22,28,10.653,2.523,-1.643,,10.821,2.079,-1.681
322.00,10.703,2.428,-1.649,PATROL,22,28,10.647,2.444,-1.646,,10.812,1.998,-1.683
322.20,10.696,2.347,-1.651,PATROL,22,28,10.641,2.365,-1.648,,10.803,1.917,-1.685
322.40,10.690,2.266,-1.653,PATROL,22,28,10.635,2.285,-1.649,,10.794,1.837,-1.687
322.60,10.683,2.185,-1.654,PATROL,22,28,10.628,2.206,-1.651,,10.784,1.756,-1.688
322.80,10.677,2.117,-1.655,PATROL,22,28,10.622,2.126,-1.652,,10.776,1.688,-1.689
323.00,10.670,2.036,-1.656,PATROL,22,28,10.616,2.047,-1.653,,10.766,1.607,-1.690
323.20,10.663,1.955,-1.657,PATROL,22,28,10.609,1.967,-1.654,,10.757,1.526,-1.691
323.40,10.656,1.874,-1.658,PATROL,22,28,10.602,1.888,-1.655,,10.747,1.445,-1.692
323.60,10.649,1.792,-1.658,PATROL,22,28,10.596,1.808,-1.655,,10.737,1.364,-1.692
323.80,10.642,1.711,-1.659,PATROL,22,28,10.589,1.729,-1.656,,10.727,1.283,-1.693
324.00,10.635,1.630,-1.659,PATROL,23,27,10.582,1.649,-1.656,,10.717,1.202,-1.693
324.20,10.630,1.583,-1.709,PATROL,23,27,10.577,1.600,-1.706,,10.710,1.156,-1.743
324.40,10.628,1.570,-1.795,PATROL,23,27,10.575,1.585,-1.793,,10.708,1.143,-1.830
324.60,10.623,1.555,-1.905,PATROL,23,27,10.570,1.569,-1.903,,10.703,1.128,-1.940
324.80,10.615,1.536,-2.016,PATROL,23,27,10.562,1.550,-2.013,,10.694,1.108,-2.050
325.00,10.602,1.512,-2.126,PATROL,23,27,10.550,1.527,-2.123,,10.681,1.085,-2.160
325.20,10.584,1.486,-2.235,PATROL,23,27,10.532,1.501,-2.233,,10.661,1.060,-2.270
325.40,10.559,1.457,-2.345,PATROL,23,27,10.508,1.474,-2.342,,10.635,1.032,-2.380
325.60,10.527,1.429,-2.455,PATROL,23,27,10.477,1.446,-2.452,,10.602,1.004,-2.490
325.80,10.488,1.400,-2.564,PATROL,23,27,10.440,1.418,-2.562,,10.562,0.978,-2.599
326.00,10.450,1.378,-2.674,PATROL,23,27,10.396,1.393,-2.671,,10.523,0.957,-2.709
326.20,10.397,1.355,-2.773,PATROL,23,27,10.345,1.370,-2.770,,10.470,0.935,-2.808
326.40,10.338,1.334,-2.853,PATROL,23,27,10.287,1.350,-2.850,,10.410,0.917,-2.888
326.60,10.274,1.318,-2.918,PATROL,23,27,10.225,1.334,-2.915,,10.346,0.902,-2.953
326.80,10.207,1.304,-2.971,PATROL,23,27,10.158,1.320,-2.967,,10.277,0.891,-3.006
327.00,10.136,1.293,-3.014,PATROL,23,27,10.089,1.310,-3.010,,10.206,0.883,-3.048
327.20,10.063,1.285,-3.048,PATROL,23,27,10.017,1.302,-3.045,,10.133,0.878,-3.083
327.40,9.988,1.280,-3.077,PATROL,23,27,9.944,1.296,-3.073,,10.058,0.874,-3.111
327.60,9.912,1.276,-3.100,PATROL,23,27,9.870,1.291,-3.096,,9.982,0.873,-3.135
327.80,9.847,1.274,-3.119,PATROL,23,27,9.794,1.289,-3.115,,9.917,0.873,-3.154
328.00,9.770,1.272,-3.134,PATROL,23,27,9.718,1.287,-3.131,,9.839,0.875,-3.169
328.20,9.691,1.272,3.136,PATROL,23,27,9.641,1.287,3.140,,9.761,0.877,-3.182
328.40,9.612,1.273,3.126,PATROL,23,27,9.564,1.288,3.129,,9.682,0.881,-3.192
328.60,9.533,1.275,3.117,PATROL,23,27,9.486,1.289,3.121,,9.602,0.885,-3.201
328.80,9.453,1.277,3.110,PATROL,23,27,9.408,1.291,3.114,,9.522,0.890,-3.208
329.00,9.373,1.280,3.104,PATROL,23,27,9.329,1.293,3.108,,9.442,0.896,-3.214
329.20,9.292,1.283,3.099,PATROL,23,27,9.251,1.296,3.102,,9.362,0.902,-3.220
329.40,9.225,1.286,3.094,PATROL,23,27,9.172,1.299,3.097,,9.295,0.907,-3.225
329.60,9.145,1.290,3.089,PATROL,23,27,9.093,1.303,3.093,,9.215,0.914,-3.229
329.80,9.064,1.294,3.086,PATROL,23,27,9.014,1.307,3.089,,9.134,0.922,-3.232
330.00,8.983,1.299,3.083,PATROL,23,27,8.935,1.311,3.087,,9.053,0.929,-3.235
330.20,8.902,1.304,3.081,PATROL,23,27,8.855,1.316,3.084,,8.972,0.937,-3.237
330.40,8.820,1.309,3.079,PATROL,23,27,8.776,1.320,3.082,,8.891,0.945,-3.239
330.60,8.739,1.314,3.077,PATROL,23,27,8.696,1.325,3.081,,8.810,0.953,-3.241
330.80,8.658,1.319,3.076,PATROL,23,27,8.617,1.330,3.079,,8.729,0.961,-3.242
331.00,8.590,1.324,3.075,PATROL,23,27,8.537,1.335,3.078,,8.662,0.968,-3.243
331.20,8.509,1.329,3.074,PATROL,23,27,8.457,1.340,3.077,,8.580,0.976,-3.244
331.40,8.427,1.335,3.073,PATROL,23,27,8.378,1.345,3.076,,8.499,0.984,-3.245
331.60,8.346,1.340,3.073,PATROL,23,27,8.298,1.350,3.076,,8.418,0.993,-3.246
331.80,8.265,1.346,3.072,PATROL,23,27,8.218,1.355,3.076,,8.337,1.001,-3.246
332.00,8.183,1.352,3.072,PATROL,23,27,8.139,1.360,3.075,,8.256,1.010,-3.246
332.20,8.102,1.357,3.072,PATROL,24,26,8.061,1.365,3.075,,8.173,1.018,-3.246
332.40,8.038,1.362,3.063,PATROL,24,26,7.985,1.371,3.066,,8.109,1.025,-3.256
332.60,7.960,1.368,3.077,PATROL,24,26,7.909,1.376,3.080,,8.031,1.034,-3.241
332.80,7.882,1.372,3.089,PATROL,24,26,7.833,1.380,3.093,,7.953,1.041,-3.229
333.00,7.803,1.376,3.099,PATROL,24,26,7.755,1.383,3.103,,7.874,1.048,-3.219
333.20,7.723,1.379,3.108,PATROL,24,26,7.677,1.386,3.111,,7.795,1.053,-3.210
333.40,7.644,1.381,3.115,PATROL,24,26,7.599,1.388,3.118,,7.715,1.059,-3.204
333.60,7.564,1.383,3.120,PATROL,24,26,7.521,1.390,3.123,,7.635,1.063,-3.198
333.80,7.483,1.385,3.125,PATROL,24,26,7.442,1.391,3.128,,7.555,1.068,-3.194
334.00,7.416,1.386,3.128,PATROL,24,26,7.364,1.392,3.131,,7.488,1.071,-3.190
334.20,7.335,1.387,3.131,PATROL,24,26,7.285,1.392,3.134,,7.407,1.075,-3.187
334.40,7.255,1.388,3.134,PATROL,24,26,7.205,1.393,3.137,,7.326,1.078,-3.185
334.60,7.174,1.388,3.136,PATROL,24,26,7.126,1.393,3.139,,7.246,1.082,-3.182
334.80,7.093,1.389,3.138,PATROL,24,26,7.047,1.393,3.141,,7.165,1.085,-3.181
335.00,7.012,1.389,3.139,PATROL,24,26,6.967,1.393,-3.141,,7.083,1.088,-3.179
335.20,6.931,1.389,3.141,PATROL,24,26,6.888,1.393,-3.139,,7.002,1.091,-3.177
335.40,6.849,1.389,-3.141,PATROL,24,26,6.809,1.392,-3.138,,6.921,1.094,-3.176
335.60,6.768,1.389,-3.140,PATROL,24,26,6.729,1.392,-3.137,,6.840,1.097,-3.175
335.80,6.700,1.389,-3.139,PATROL,24,26,6.650,1.392,-3.135,,6.772,1.099,-3.174
336.00,6.619,1.388,-3.137,PATROL,24,26,6.570,1.391,-3.134,,6.691,1.101,-3.172
336.20,6.538,1.388,-3.136,PATROL,24,26,6.490,1.390,-3.133,,6.610,1.104,-3.171
336.40,6.456,1.388,-3.135,PATROL,24,26,6.411,1.390,-3.132,,6.528,1.106,-3.170
336.60,6.375,1.387,-3.134,PATROL,24,26,6.331,1.389,-3.131,,6.447,1.109,-3.169
336.80,6.293,1.386,-3.133,PATROL,24,26,6.251,1.388,-3.130,,6.365,1.111,-3.168
337.00,6.212,1.386,-3.133,PATROL,24,26,6.171,1.387,-3.130,,6.284,1.113,-3.168
337.20,6.130,1.385,-3.132,PATROL,24,26,6.091,1.386,-3.129,,6.202,1.115,-3.167
337.40,6.062,1.384,-3.132,PATROL,24,26,6.011,1.385,-3.129,,6.134,1.117,-3.167
337.60,5.981,1.384,-3.132,PATROL,24,26,5.931,1.384,-3.129,,6.052,1.119,-3.167
337.80,5.899,1.383,-3.132,PATROL,24,26,5.851,1.383,-3.129,,5.971,1.121,-3.167
338.00,5.817,1.382,-3.132,PATROL,24,26,5.771,1.382,-3.128,,5.889,1.123,-3.167
338.20,5.736,1.381,-3.132,PATROL,24,26,5.691,1.381,-3.128,,5.808,1.125,-3.167
338.40,5.654,1.380,-3.131,PATROL,24,26,5.611,1.380,-3.128,,5.726,1.127,-3.167
338.60,5.573,1.379,-3.131,PATROL,24,26,5.532,1.379,-3.128,,5.644,1.129,-3.167
338.80,5.491,1.379,-3.132,PATROL,24,26,5.452,1.378,-3.128,,5.563,1.131,-3.167
339.00,5.423,1.378,-3.132,PATROL,24,26,5.372,1.377,-3.128,,5.495,1.133,-3.167
339.20,5.342,1.377,-3.132,PATROL,25,25,5.292,1.376,-3.129,,5.413,1.135,-3.167
339.40,5.261,1.376,-3.133,PATROL,25,25,5.212,1.375,-3.130,,5.332,1.137,-3.168
339.60,5.179,1.376,-3.134,PATROL,25,25,5.133,1.374,-3.131,,5.251,1.139,-3.169
339.80,5.098,1.375,-3.136,PATROL,25,25,5.053,1.373,-3.132,,5.170,1.141,-3.171
340.00,5.017,1.375,-3.137,PATROL,25,25,4.973,1.372,-3.133,,5.088,1.144,-3.172
340.20,4.935,1.374,-3.137,PATROL,25,25,4.894,1.372,-3.134,,5.007,1.146,-3.172
340.40,4.854,1.374,-3.138,PATROL,25,25,4.814,1.371,-3.135,,4.926,1.149,-3.173
340.60,4.773,1.374,-3.139,PATROL,25,25,4.734,1.371,-3.135,,4.844,1.151,-3.174
340.80,4.705,1.374,-3.139,PATROL,25,25,4.655,1.370,-3.136,,4.776,1.154,-3.174
341.00,4.623,1.373,-3.139,PATROL,25,25,4.575,1.370,-3.136,,4.695,1.156,-3.174
341.20,4.542,1.373,-3.140,PATROL,25,25,4.495,1.369,-3.137,,4.613,1.159,-3.175
341.40,4.460,1.373,-3.140,PATROL,25,25,4.415,1.369,-3.137,,4.532,1.162,-3.175
341.60,4.379,1.373,-3.140,PATROL,25,25,4.335,1.369,-3.137,,4.450,1.164,-3.175
341.80,4.298,1.373,-3.140,PATROL,25,25,4.255,1.368,-3.137,,4.369,1.167,-3.175
342.00,4.216,1.373,-3.140,PATROL,25,25,4.175,1.368,-3.137,,4.288,1.170,-3.175
342.20,4.135,1.373,-3.141,PATROL,25,25,4.096,1.368,-3.137,,4.206,1.173,-3.176
342.40,4.067,1.373,-3.141,PATROL,25,25,4.016,1.367,-3.138,,4.138,1.175,-3.176
342.60,3.985,1.373,-3.141,PATROL,25,25,3.936,1.367,-3.138,,4.057,1.178,-3.176
342.80,3.904,1.373,-3.141,PATROL,25,25,3.856,1.367,-3.138,,3.975,1.181,-3.176
343.00,3.822,1.372,-3.141,PATROL,25,25,3.776,1.366,-3.138,,3.893,1.183,-3.176
343.20,3.741,1.372,-3.141,PATROL,25,25,3.697,1.366,-3.138,,3.812,1.186,-3.176
343.40,3.659,1.372,-3.141,PATROL,25,25,3.617,1.366,-3.138,,3.731,1.189,-3.176
343.60,3.578,1.372,-3.141,PATROL,25,25,3.537,1.366,-3.138,,3.649,1.192,-3.176
343.80,3.496,1.372,-3.141,PATROL,25,25,3.457,1.365,-3.138,,3.568,1.195,-3.176
344.00,3.428,1.372,-3.141,PATROL,25,25,3.377,1.365,-3.138,,3.500,1.197,-3.176
344.20,3.347,1.372,3.141,PATROL,25,25,3.298,1.365,-3.139,,3.418,1.200,-3.177
344.40,3.265,1.372,3.141,PATROL,25,25,3.218,1.365,-3.139,,3.337,1.203,-3.177
344.60,3.184,1.372,3.141,PATROL,25,25,3.138,1.364,-3.139,,3.255,1.206,-3.177
344.80,3.103,1.372,3.141,PATROL,25,25,3.058,1.364,-3.139,,3.174,1.209,-3.178
345.00,3.021,1.372,3.140,PATROL,25,25,2.978,1.364,-3.140,,3.092,1.212,-3.178
345.20,2.940,1.373,3.140,PATROL,25,25,2.898,1.364,-3.140,,3.011,1.215,-3.178
345.40,2.858,1.373,3.140,PATROL,25,25,2.818,1.364,-3.140,,2.930,1.218,-3.178
345.60,2.790,1.373,3.139,PATROL,25,25,2.739,1.364,-3.141,,2.862,1.220,-3.179
345.80,2.709,1.373,3.139,PATROL,25,25,2.659,1.364,-3.141,,2.780,1.223,-3.179
346.00,2.627,1.373,3.139,PATROL,25,25,2.579,1.364,-3.141,,2.699,1.226,-3.179
346.20,2.546,1.373,3.139,PATROL,26,21,2.499,1.364,-3.141,,2.617,1.229,-3.180
346.40,2.488,1.373,-3.137,PATROL,26,21,2.443,1.363,-3.134,,2.560,1.231,-3.172
346.60,2.469,1.373,-3.107,PATROL,26,21,2.424,1.363,-3.104,,2.540,1.232,-3.142
346.80,2.462,1.373,-3.001,PATROL,26,21,2.417,1.362,-2.997,,2.534,1.231,-3.036
347.00,2.450,1.370,-2.892,PATROL,26,21,2.405,1.360,-2.889,,2.522,1.229,-2.927
347.20,2.434,1.365,-2.785,PATROL,26,21,2.389,1.355,-2.782,,2.505,1.225,-2.819
347.40,2.417,1.357,-2.676,PATROL,26,21,2.369,1.346,-2.673,,2.488,1.218,-2.711
347.60,2.393,1.344,-2.567,PATROL,26,21,2.345,1.332,-2.564,,2.464,1.205,-2.602
347.80,2.367,1.325,-2.458,PATROL,26,21,2.319,1.313,-2.454,,2.437,1.187,-2.493
348.00,2.339,1.300,-2.349,PATROL,26,21,2.291,1.287,-2.345,,2.408,1.163,-2.384
348.20,2.310,1.267,-2.239,PATROL,26,21,2.263,1.255,-2.235,,2.378,1.131,-2.274
348.40,2.283,1.227,-2.128,PATROL,26,21,2.236,1.216,-2.125,,2.349,1.092,-2.163
348.60,2.257,1.180,-2.017,PATROL,26,21,2.211,1.170,-2.014,,2.322,1.046,-2.052
348.80,2.235,1.125,-1.920,PATROL,26,21,2.189,1.117,-1.916,,2.297,0.992,-1.954
349.00,2.219,1.075,-1.841,PATROL,26,21,2.171,1.058,-1.838,,2.280,0.942,-1.875
349.20,2.203,1.011,-1.777,PATROL,26,21,2.155,0.994,-1.774,,2.262,0.879,-1.812
349.40,2.190,0.943,-1.726,PATROL,26,21,2.144,0.928,-1.723,,2.247,0.811,-1.760
349.60,2.181,0.871,-1.684,PATROL,26,21,2.134,0.858,-1.681,,2.235,0.740,-1.719
349.80,2.174,0.798,-1.651,PATROL,26,21,2.128,0.786,-1.648,,2.225,0.667,-1.685
350.00,2.169,0.723,-1.624,PATROL,26,21,2.123,0.713,-1.621,,2.218,0.592,-1.658
350.20,2.166,0.647,-1.601,PATROL,26,21,2.120,0.638,-1.598,,2.212,0.516,-1.635
350.40,2.164,0.570,-1.583,PATROL,26,21,2.119,0.563,-1.580,,2.208,0.439,-1.617
350.60,2.164,0.505,-1.567,PATROL,26,21,2.119,0.487,-1.564,,2.205,0.374,-1.602
350.80,2.165,0.427,-1.555,PATROL,26,21,2.120,0.410,-1.552,,2.203,0.296,-1.589
351.00,2.166,0.348,-1.544,PATROL,26,21,2.122,0.332,-1.541,,2.202,0.217,-1.579
351.20,2.169,0.269,-1.536,PATROL,26,21,2.125,0.255,-1.533,,2.202,0.137,-1.570
351.40,2.172,0.189,-1.528,PATROL,26,21,2.128,0.177,-1.525,,2.202,0.058,-1.562
351.60,2.176,0.109,-1.521,PATROL,26,21,2.132,0.098,-1.518,,2.203,-0.022,-1.555
351.80,2.180,0.029,-1.515,PATROL,26,21,2.136,0.020,-1.512,,2.205,-0.103,-1.550
352.00,2.184,-0.052,-1.511,PATROL,26,21,2.141,-0.059,-1.508,,2.207,-0.183,-1.545
352.20,2.189,-0.119,-1.507,PATROL,26,21,2.146,-0.138,-1.504,,2.209,-0.251,-1.541
352.40,2.194,-0.200,-1.503,PATROL,26,21,2.152,-0.217,-1.501,,2.211,-0.332,-1.538
352.60,2.200,-0.280,-1.501,PATROL,26,21,2.157,-0.296,-1.498,,2.214,-0.413,-1.535
352.80,2.205,-0.361,-1.498,PATROL,26,21,2.163,-0.376,-1.496,,2.217,-0.494,-1.533
353.00,2.211,-0.442,-1.496,PATROL,26,21,2.169,-0.455,-1.494,,2.220,-0.575,-1.531
353.20,2.217,-0.523,-1.495,PATROL,26,21,2.175,-0.534,-1.492,,2.223,-0.656,-1.529
353.40,2.224,-0.604,-1.493,PATROL,26,21,2.182,-0.614,-1.490,,2.227,-0.737,-1.528
353.60,2.230,-0.685,-1.492,PATROL,26,21,2.188,-0.693,-1.489,,2.230,-0.819,-1.526
353.80,2.236,-0.767,-1.491,PATROL,26,21,2.195,-0.773,-1.488,,2.234,-0.900,-1.525
354.00,2.242,-0.834,-1.490,PATROL,26,21,2.201,-0.852,-1.487,,2.237,-0.968,-1.524
354.20,2.248,-0.915,-1.489,PATROL,26,21,2.208,-0.932,-1.486,,2.241,-1.049,-1.524
354.40,2.255,-0.996,-1.488,PATROL,26,21,2.215,-1.011,-1.485,,2.245,-1.130,-1.523
354.60,2.262,-1.078,-1.488,PATROL,27,22,2.222,-1.091,-1.485,,2.249,-1.212,-1.522
354.80,2.268,-1.149,-1.466,PATROL,27,22,2.228,-1.160,-1.462,,2.252,-1.283,-1.500
355.00,2.272,-1.177,-1.405,PATROL,27,22,2.232,-1.190,-1.401,,2.255,-1.312,-1.439
355.20,2.275,-1.190,-1.302,PATROL,27,22,2.235,-1.202,-1.299,,2.258,-1.325,-1.336
355.40,2.281,-1.208,-1.194,PATROL,27,22,2.241,-1.220,-1.190,,2.263,-1.343,-1.228
355.60,2.289,-1.226,-1.085,PATROL,27,22,2.251,-1.241,-1.081,,2.271,-1.361,-1.119
355.80,2.304,-1.251,-0.975,PATROL,27,22,2.266,-1.265,-0.972,,2.285,-1.387,-1.009
356.00,2.324,-1.278,-0.866,PATROL,27,22,2.287,-1.292,-0.863,,2.304,-1.414,-0.900
356.20,2.351,-1.307,-0.756,PATROL,27,22,2.314,-1.320,-0.753,,2.330,-1.444,-0.790
356.40,2.386,-1.336,-0.646,PATROL,27,22,2.347,-1.348,-0.643,,2.364,-1.474,-0.680
356.60,2.427,-1.363,-0.536,PATROL,27,22,2.388,-1.375,-0.532,,2.404,-1.503,-0.569
356.80,2.477,-1.389,-0.426,PATROL,27,22,2.436,-1.400,-0.424,,2.453,-1.530,-0.460
357.00,2.533,-1.411,-0.334,PATROL,27,22,2.491,-1.422,-0.331,,2.508,-1.554,-0.368
357.20,2.584,-1.426,-0.260,PATROL,27,22,2.551,-1.440,-0.256,,2.559,-1.571,-0.293
357.40,2.649,-1.442,-0.200,PATROL,27,22,2.616,-1.455,-0.197,,2.624,-1.589,-0.234
357.60,2.719,-1.454,-0.152,PATROL,27,22,2.684,-1.466,-0.149,,2.693,-1.604,-0.186
357.80,2.790,-1.464,-0.113,PATROL,27,22,2.754,-1.475,-0.110,,2.764,-1.616,-0.147
358.00,2.864,-1.471,-0.082,PATROL,27,22,2.827,-1.482,-0.079,,2.837,-1.625,-0.115
358.20,2.939,-1.476,-0.056,PATROL,27,22,2.900,-1.487,-0.053,,2.913,-1.633,-0.089
358.40,3.016,-1.479,-0.035,PATROL,27,22,2.975,-1.490,-0.032,,2.989,-1.639,-0.068
358.60,3.093,-1.481,-0.017,PATROL,27,22,3.050,-1.492,-0.014,,3.066,-1.643,-0.051
358.80,3.158,-1.482,-0.003,PATROL,27,22,3.127,-1.492,-0.000,,3.131,-1.646,-0.037
359.00,3.237,-1.482,0.009,PATROL,27,22,3.204,-1.492,0.011,,3.210,-1.649,-0.025
359.20,3.316,-1.481,0.018,PATROL,27,22,3.281,-1.490,0.021,,3.289,-1.650,-0.015
359.40,3.395,-1.479,0.026,PATROL,27,22,3.359,-1.488,0.029,,3.368,-1.651,-0.007
359.60,3.475,-1.477,0.033,PATROL,27,22,3.437,-1.486,0.036,,3.448,-1.652,0.000
359.80,3.555,-1.474,0.040,PATROL,27,22,3.516,-1.483,0.043,,3.528,-1.651,0.007
360.00,3.635,-1.470,0.046,PATROL,27,22,3.594,-1.479,0.049,,3.609,-1.651,0.012
360.20,3.716,-1.466,0.050,PATROL,27,22,3.673,-1.475,0.053,,3.689,-1.649,0.017
360.40,3.796,-1.462,0.054,PATROL,27,22,3.752,-1.471,0.057,,3.770,-1.648,0.021
360.60,3.864,-1.458,0.058,PATROL,27,22,3.831,-1.466,0.060,,3.837,-1.646,0.024
360.80,3.944,-1.454,0.060,PATROL,27,22,3.910,-1.461,0.063,,3.919,-1.644,0.027
361.00,4.025,-1.449,0.063,PATROL,27,22,3.990,-1.456,0.065,,4.000,-1.642,0.029
361.20,4.106,-1.443,0.064,PATROL,27,22,4.069,-1.451,0.067,,4.081,-1.639,0.031
361.40,4.188,-1.438,0.066,PATROL,27,22,4.149,-1.445,0.069,,4.162,-1.637,0.033
361.60,4.269,-1.433,0.068,PATROL,27,22,4.228,-1.440,0.070,,4.243,-1.634,0.034
361.80,4.350,-1.427,0.069,PATROL,27,22,4.308,-1.434,0.072,,4.325,-1.631,0.035
362.00,4.431,-1.422,0.070,PATROL,27,22,4.387,-1.428,0.073,,4.406,-1.628,0.036
362.20,4.499,-1.417,0.071,PATROL,27,22,4.467,-1.423,0.074,,4.474,-1.626,0.037
362.40,4.580,-1.411,0.072,PATROL,27,22,4.547,-1.417,0.074,,4.555,-1.623,0.038
362.60,4.661,-1.405,0.072,PATROL,27,22,4.626,-1.411,0.075,,4.636,-1.620,0.039
362.80,4.742,-1.399,0.073,PATROL,27,22,4.706,-1.405,0.076,,4.718,-1.616,0.040
363.00,4.824,-1.393,0.074,PATROL,28,23,4.786,-1.399,0.077,,4.799,-1.613,0.040
363.20,4.898,-1.387,0.075,PATROL,28,23,4.859,-1.393,0.078,,4.874,-1.610,0.041
363.40,4.976,-1.382,0.060,PATROL,28,23,4.935,-1.387,0.063,,4.953,-1.607,0.027
363.60,5.055,-1.378,0.048,PATROL,28,23,5.012,-1.383,0.051,,5.031,-1.606,0.015
363.80,5.117,-1.375,0.039,ALIGN,28,23,5.084,-1.380,0.041,ball_7,5.093,-1.605,0.005
364.00,5.156,-1.374,0.030,ALIGN,28,23,5.119,-1.378,0.033,ball_7,5.133,-1.605,-0.004
364.20,5.161,-1.374,-0.009,ALIGN,28,23,5.123,-1.378,-0.006,ball_7,5.138,-1.605,-0.042
364.40,5.161,-1.374,-0.052,APPROACH,28,23,5.123,-1.378,-0.050,ball_7,5.138,-1.605,-0.086
364.60,5.166,-1.374,-0.098,APPROACH,28,23,5.128,-1.379,-0.096,ball_7,5.143,-1.605,-0.132
364.80,5.207,-1.379,-0.148,APPROACH,28,23,5.167,-1.384,-0.145,ball_7,5.183,-1.612,-0.182
365.00,5.267,-1.388,-0.143,APPROACH,28,23,5.225,-1.392,-0.140,ball_7,5.243,-1.623,-0.177
365.20,5.327,-1.397,-0.143,APPROACH,28,23,5.285,-1.400,-0.140,ball_7,5.303,-1.634,-0.177
365.40,5.388,-1.406,-0.143,APPROACH,28,23,5.344,-1.409,-0.140,ball_7,5.363,-1.644,-0.176
365.60,5.438,-1.413,-0.142,APPROACH,28,23,5.403,-1.417,-0.139,ball_7,5.414,-1.653,-0.176
365.80,5.499,-1.422,-0.142,APPROACH,28,23,5.463,-1.425,-0.139,ball_7,5.474,-1.664,-0.175
366.00,5.559,-1.430,-0.141,APPROACH,28,23,5.522,-1.434,-0.138,ball_7,5.534,-1.675,-0.175
366.20,5.620,-1.439,-0.141,APPROACH,28,23,5.581,-1.442,-0.138,ball_7,5.594,-1.685,-0.174
366.40,5.681,-1.447,-0.140,APPROACH,28,23,5.641,-1.450,-0.137,ball_7,5.655,-1.696,-0.174
366.60,5.741,-1.456,-0.140,APPROACH,28,23,5.700,-1.458,-0.137,ball_7,5.715,-1.707,-0.173
366.80,5.802,-1.464,-0.139,APPROACH,28,23,5.760,-1.466,-0.137,ball_7,5.775,-1.717,-0.173
367.00,5.862,-1.473,-0.139,APPROACH,28,23,5.819,-1.474,-0.136,ball_7,5.836,-1.728,-0.173
367.20,5.913,-1.480,-0.139,APPROACH,28,23,5.878,-1.482,-0.136,ball_7,5.886,-1.736,-0.173
367.40,5.974,-1.488,-0.139,APPROACH,28,23,5.937,-1.491,-0.136,ball_7,5.946,-1.747,-0.173
367.60,6.034,-1.497,-0.139,APPROACH,28,23,5.997,-1.499,-0.136,ball_7,6.007,-1.758,-0.172
367.80,6.095,-1.505,-0.139,APPROACH,28,23,6.056,-1.507,-0.136,ball_7,6.067,-1.768,-0.172
368.00,6.155,-1.514,-0.138,APPROACH,28,23,6.116,-1.515,-0.135,ball_7,6.127,-1.778,-0.172
368.20,6.216,-1.522,-0.138,APPROACH,28,23,6.175,-1.523,-0.136,ball_7,6.188,-1.789,-0.172
368.40,6.277,-1.531,-0.138,APPROACH,28,23,6.234,-1.531,-0.135,ball_7,6.248,-1.799,-0.172
368.60,6.337,-1.539,-0.138,APPROACH,28,23,6.294,-1.539,-0.135,ball_7,6.308,-1.810,-0.172
368.80,6.388,-1.546,-0.138,APPROACH,28,23,6.353,-1.547,-0.135,ball_7,6.359,-1.819,-0.171
369.00,6.448,-1.555,-0.138,APPROACH,28,23,6.413,-1.555,-0.135,ball_7,6.419,-1.829,-0.171
369.20,6.509,-1.563,-0.137,APPROACH,28,23,6.472,-1.563,-0.135,ball_7,6.479,-1.839,-0.171
369.40,6.570,-1.571,-0.137,APPROACH,28,23,6.531,-1.571,-0.134,ball_7,6.540,-1.850,-0.171
369.60,6.630,-1.580,-0.137,APPROACH,28,23,6.591,-1.579,-0.134,ball_7,6.600,-1.860,-0.171
369.80,6.691,-1.588,-0.137,APPROACH,28,23,6.650,-1.587,-0.135,ball_7,6.660,-1.871,-0.171
370.00,6.751,-1.596,-0.137,APPROACH,28,23,6.710,-1.595,-0.134,ball_7,6.721,-1.881,-0.171
370.20,6.812,-1.605,-0.137,APPROACH,28,23,6.769,-1.603,-0.134,ball_7,6.781,-1.891,-0.170
370.40,6.863,-1.612,-0.137,APPROACH,28,23,6.828,-1.611,-0.134,ball_7,6.831,-1.900,-0.170
370.60,6.923,-1.620,-0.136,APPROACH,28,23,6.888,-1.619,-0.134,ball_7,6.892,-1.911,-0.170
370.80,6.984,-1.628,-0.136,APPROACH,28,23,6.947,-1.627,-0.133,ball_7,6.952,-1.921,-0.170
371.00,7.045,-1.637,-0.136,APPROACH,28,23,7.007,-1.635,-0.133,ball_7,7.012,-1.931,-0.170
371.20,7.105,-1.645,-0.136,APPROACH,28,23,7.066,-1.643,-0.133,ball_7,7.073,-1.942,-0.170
371.40,7.166,-1.653,-0.136,APPROACH,28,23,7.125,-1.651,-0.133,ball_7,7.133,-1.952,-0.169
371.60,7.226,-1.662,-0.136,APPROACH,28,23,7.185,-1.659,-0.133,ball_7,7.193,-1.962,-0.170
371.80,7.287,-1.670,-0.136,APPROACH,28,23,7.244,-1.666,-0.133,ball_7,7.254,-1.973,-0.169
372.00,7.348,-1.678,-0.136,APPROACH,28,23,7.304,-1.674,-0.133,ball_7,7.314,-1.983,-0.170
372.20,7.398,-1.685,-0.136,APPROACH,28,23,7.363,-1.682,-0.133,ball_7,7.364,-1.991,-0.169
372.40,7.459,-1.693,-0.136,APPROACH,28,23,7.422,-1.690,-0.133,ball_7,7.425,-2.002,-0.169
372.60,7.520,-1.702,-0.135,APPROACH,28,23,7.482,-1.698,-0.132,,7.485,-2.012,-0.168
372.80,7.580,-1.710,-0.134,BLIND_DASH,28,23,7.541,-1.706,-0.131,,7.545,-2.022,-0.168
373.00,7.641,-1.718,-0.134,BLIND_DASH,28,23,7.601,-1.714,-0.131,,7.606,-2.033,-0.168
