t,wall_dt,sim_dt,state,dropped
0.063,0.0343,0.0000,PATROL,0
0.097,0.0339,0.0000,PATROL,0
0.131,0.0340,0.1000,PATROL,0
0.165,0.0343,0.0000,PATROL,0
0.199,0.0338,0.0000,PATROL,0
0.233,0.0338,0.1000,PATROL,0
0.267,0.0343,0.0000,PATROL,0
0.301,0.0340,0.0000,PATROL,0
0.335,0.0339,0.1000,PATROL,0
0.369,0.0339,0.0000,PATROL,0
0.403,0.0343,0.0000,PATROL,0
0.437,0.0338,0.1000,PATROL,0
0.471,0.0339,0.0000,PATROL,0
0.505,0.0343,0.0000,PATROL,0
0.539,0.0339,0.1000,PATROL,0
0.573,0.0339,0.0000,PATROL,0
0.607,0.0340,0.0000,PATROL,0
0.641,0.0340,0.1000,PATROL,0
0.675,0.0340,0.0000,PATROL,0
0.709,0.0340,0.1000,PATROL,0
0.743,0.0342,0.0000,PATROL,0
0.777,0.0341,0.0000,PATROL,0
0.811,0.0338,0.1000,PATROL,0
0.845,0.0342,0.0000,PATROL,0
0.879,0.0340,0.0000,PATROL,0
0.913,0.0337,0.1000,PATROL,0
0.948,0.0344,0.0000,PATROL,0
0.982,0.0340,0.0000,PATROL,0
1.015,0.0338,0.1000,PATROL,0
1.049,0.0341,0.0000,PATROL,0
1.084,0.0341,0.0000,PATROL,0
1.117,0.0338,0.1000,PATROL,0
1.151,0.0339,0.0000,PATROL,0
1.186,0.0342,0.0000,PATROL,0
1.219,0.0339,0.1000,PATROL,0
1.253,0.0339,0.0000,PATROL,0
1.288,0.0342,0.0000,PATROL,0
1.322,0.0340,0.1000,PATROL,0
1.356,0.0341,0.0000,PATROL,0
1.389,0.0338,0.0000,PATROL,0
1.424,0.0342,0.1000,PATROL,0
1.458,0.0340,0.0000,PATROL,0
1.492,0.0340,0.0000,PATROL,0
1.526,0.0341,0.1000,PATROL,0
1.560,0.0339,0.0000,PATROL,0
1.594,0.0343,0.0000,PATROL,0
1.628,0.0340,0.1000,PATROL,0
1.662,0.0339,0.0000,PATROL,0
1.696,0.0338,0.0000,PATROL,0
1.730,0.0341,0.1000,PATROL,0
1.764,0.0340,0.0000,PATROL,0
1.798,0.0340,0.0000,PATROL,0
1.832,0.0340,0.1000,PATROL,0
1.866,0.0343,0.0000,PATROL,0
1.900,0.0339,0.0000,PATROL,0
1.934,0.0339,0.1000,PATROL,0
1.968,0.0340,0.0000,PATROL,0
2.002,0.0340,0.0000,PATROL,0
2.036,0.0340,0.1000,PATROL,0
2.070,0.0341,0.0000,PATROL,0
2.104,0.0340,0.0000,PATROL,0
2.138,0.0341,0.1000,PATROL,0
2.172,0.0338,0.0000,PATROL,0
2.206,0.0341,0.0000,PATROL,0
2.240,0.0341,0.1000,PATROL,0
2.274,0.0340,0.0000,PATROL,0
2.308,0.0338,0.0000,PATROL,0
2.342,0.0341,0.1000,PATROL,0
2.376,0.0340,0.0000,PATROL,0
2.410,0.0339,0.1000,PATROL,0
2.444,0.0342,0.0000,PATROL,0
2.478,0.0339,0.0000,PATROL,0
2.512,0.0339,0.1000,PATROL,0
2.546,0.0342,0.0000,PATROL,0
2.580,0.0340,0.0000,PATROL,0
2.614,0.0339,0.1000,PATROL,0
2.648,0.0342,0.0000,PATROL,0
2.682,0.0342,0.0000,PATROL,0
2.716,0.0337,0.1000,PATROL,0
2.750,0.0339,0.0000,PATROL,0
2.785,0.0345,0.0000,PATROL,0
2.818,0.0337,0.1000,PATROL,0
2.852,0.0339,0.0000,PATROL,0
2.886,0.0341,0.0000,PATROL,0
2.920,0.0340,0.1000,PATROL,0
2.954,0.0340,0.0000,PATROL,0
2.988,0.0341,0.0000,PATROL,0
3.022,0.0341,0.1000,PATROL,0
3.057,0.0342,0.0000,PATROL,0
3.090,0.0337,0.0000,PATROL,0
3.125,0.0342,0.1000,PATROL,0
3.158,0.0339,0.0000,PATROL,0
3.192,0.0340,0.0000,PATROL,0
3.226,0.0339,0.1000,PATROL,0
3.260,0.0340,0.0000,PATROL,0
3.294,0.0340,0.0000,PATROL,0
3.329,0.0345,0.1000,PATROL,0
3.363,0.0338,0.0000,PATROL,0
3.397,0.0339,0.0000,PATROL,0
3.431,0.0340,0.1000,PATROL,0
3.465,0.0344,0.0000,PATROL,0
3.499,0.0338,0.0000,PATROL,0
3.533,0.0339,0.1000,PATROL,0
3.567,0.0342,0.0000,PATROL,0
3.601,0.0341,0.0000,PATROL,0
3.635,0.0338,0.1000,PATROL,0
3.669,0.0341,0.0000,PATROL,0
3.703,0.0341,0.0000,PATROL,0
3.737,0.0339,0.1000,PATROL,0
3.771,0.0338,0.0000,PATROL,0
3.805,0.0342,0.0000,PATROL,0
3.839,0.0340,0.1000,PATROL,0
3.873,0.0340,0.0000,PATROL,0
3.907,0.0338,0.0000,PATROL,0
3.941,0.0342,0.1000,PATROL,0
3.975,0.0342,0.0000,PATROL,0
4.009,0.0337,0.0000,PATROL,0
4.043,0.0341,0.1000,PATROL,0
4.077,0.0339,0.0000,PATROL,0
4.111,0.0341,0.1000,PATROL,0
4.145,0.0341,0.0000,PATROL,0
4.179,0.0339,0.0000,PATROL,0
4.213,0.0340,0.1000,PATROL,0
4.247,0.0343,0.0000,PATROL,0
4.281,0.0338,0.0000,PATROL,0
4.315,0.0340,0.1000,PATROL,0
4.349,0.0341,0.0000,PATROL,0
4.383,0.0340,0.0000,PATROL,0
4.417,0.0343,0.1000,PATROL,0
4.451,0.0336,0.0000,PATROL,0
4.485,0.0341,0.0000,PATROL,0
4.519,0.0340,0.1000,PATROL,0
4.553,0.0338,0.0000,PATROL,0
4.587,0.0342,0.0000,PATROL,0
4.621,0.0339,0.1000,PATROL,0
4.655,0.0341,0.0000,PATROL,0
4.689,0.0342,0.0000,PATROL,0
4.723,0.0340,0.1000,PATROL,0
4.757,0.0338,0.0000,PATROL,0
4.791,0.0341,0.0000,PATROL,0
4.825,0.0342,0.1000,PATROL,0
4.859,0.0341,0.0000,PATROL,0
4.893,0.0341,0.0000,PATROL,0
4.927,0.0341,0.1000,PATROL,0
4.961,0.0339,0.0000,PATROL,0
4.995,0.0341,0.0000,PATROL,0
5.029,0.0341,0.1000,PATROL,0
5.063,0.0339,0.0000,PATROL,0
5.098,0.0345,0.0000,PATROL,0
5.131,0.0335,0.1000,PATROL,0
5.166,0.0344,0.0000,PATROL,0
5.199,0.0336,0.0000,PATROL,0
5.233,0.0340,0.1000,PATROL,0
5.268,0.0343,0.0000,PATROL,0
5.301,0.0339,0.0000,PATROL,0
5.335,0.0338,0.1000,PATROL,0
5.370,0.0343,0.0000,PATROL,0
5.403,0.0338,0.0000,PATROL,0
5.438,0.0341,0.1000,PATROL,0
5.472,0.0340,0.0000,PATROL,0
5.506,0.0340,0.0000,PATROL,0
5.539,0.0338,0.1000,PATROL,0
5.574,0.0341,0.0000,PATROL,0
5.608,0.0340,0.0000,PATROL,0
5.642,0.0342,0.1000,PATROL,0
5.676,0.0340,0.0000,PATROL,0
5.710,0.0341,0.0000,PATROL,0
5.744,0.0341,0.1000,PATROL,0
5.778,0.0338,0.0000,PATROL,0
5.811,0.0338,0.1000,PATROL,0
5.846,0.0342,0.0000,PATROL,0
5.880,0.0342,0.0000,PATROL,0
5.914,0.0338,0.1000,PATROL,0
5.948,0.0342,0.0000,PATROL,0
5.982,0.0339,0.0000,PATROL,0
6.016,0.0339,0.1000,PATROL,0
6.050,0.0343,0.0000,PATROL,0
6.084,0.0340,0.0000,PATROL,0
6.118,0.0337,0.1000,PATROL,0
6.152,0.0342,0.0000,PATROL,0
6.186,0.0339,0.0000,PATROL,0
6.220,0.0339,0.1000,PATROL,0
6.254,0.0339,0.0000,PATROL,0
6.288,0.0342,0.0000,PATROL,0
6.322,0.0340,0.1000,PATROL,0
6.356,0.0340,0.0000,PATROL,0
6.390,0.0340,0.0000,PATROL,0
6.424,0.0340,0.1000,PATROL,0
6.458,0.0341,0.0000,PATROL,0
6.492,0.0337,0.0000,PATROL,0
6.526,0.0343,0.1000,PATROL,0
6.560,0.0340,0.0000,PATROL,0
6.594,0.0338,0.0000,PATROL,0
6.628,0.0340,0.1000,PATROL,0
6.662,0.0341,0.0000,PATROL,0
6.696,0.0338,0.0000,PATROL,0
6.730,0.0342,0.1000,PATROL,0
6.764,0.0339,0.0000,PATROL,0
6.798,0.0343,0.0000,PATROL,0
6.832,0.0339,0.1000,PATROL,0
6.866,0.0344,0.0000,PATROL,0
6.900,0.0337,0.0000,PATROL,0
6.934,0.0340,0.1000,PATROL,0
6.968,0.0341,0.0000,PATROL,0
7.002,0.0341,0.0000,PATROL,0
7.036,0.0339,0.1000,PATROL,0
7.070,0.0342,0.0000,PATROL,0
7.105,0.0344,0.0000,PATROL,0
7.138,0.0337,0.1000,PATROL,0
7.172,0.0337,0.0000,PATROL,0
7.206,0.0342,0.0000,PATROL,0
7.240,0.0339,0.1000,PATROL,0
7.274,0.0341,0.0000,PATROL,0
7.308,0.0340,0.0000,PATROL,0
7.342,0.0341,0.1000,PATROL,0
7.377,0.0340,0.0000,PATROL,0
7.411,0.0343,0.0000,PATROL,0
7.444,0.0336,0.1000,PATROL,0
7.479,0.0342,0.0000,PATROL,0
7.512,0.0338,0.1000,PATROL,0
7.547,0.0342,0.0000,PATROL,0
7.581,0.0340,0.0000,PATROL,0
7.614,0.0339,0.1000,PATROL,0
7.649,0.0344,0.0000,PATROL,0
7.683,0.0339,0.0000,PATROL,0
7.717,0.0339,0.1000,PATROL,0
7.751,0.0342,0.0000,PATROL,0
7.785,0.0340,0.0000,PATROL,0
7.819,0.0339,0.1000,PATROL,0
7.853,0.0339,0.0000,PATROL,0
7.887,0.0343,0.0000,PATROL,0
7.921,0.0340,0.1000,PATROL,0
7.955,0.0339,0.0000,PATROL,0
7.989,0.0341,0.0000,PATROL,0
8.023,0.0339,0.1000,PATROL,0
8.057,0.0340,0.0000,PATROL,0
8.091,0.0341,0.0000,PATROL,0
8.125,0.0341,0.1000,PATROL,0
8.160,0.0349,0.0000,PATROL,0
8.194,0.0337,0.0000,PATROL,0
8.227,0.0338,0.1000,PATROL,0
8.261,0.0339,0.0000,PATROL,0
8.295,0.0337,0.0000,PATROL,0
8.329,0.0342,0.1000,PATROL,0
8.363,0.0340,0.0000,PATROL,0
8.397,0.0340,0.0000,PATROL,0
8.431,0.0340,0.1000,PATROL,0
8.465,0.0341,0.0000,PATROL,0
8.499,0.0339,0.0000,PATROL,0
8.533,0.0338,0.1000,PATROL,0
8.567,0.0342,0.0000,PATROL,0
8.601,0.0339,0.0000,PATROL,0
8.635,0.0341,0.1000,PATROL,0
8.669,0.0340,0.0000,PATROL,0
8.703,0.0339,0.0000,PATROL,0
8.738,0.0347,0.1000,PATROL,0
8.771,0.0334,0.0000,PATROL,0
8.805,0.0339,0.0000,PATROL,0
8.839,0.0342,0.1000,PATROL,0
8.873,0.0337,0.0000,PATROL,0
8.907,0.0339,0.0000,PATROL,0
8.941,0.0343,0.1000,PATROL,0
8.975,0.0342,0.0000,PATROL,0
9.009,0.0338,0.0000,PATROL,0
9.043,0.0341,0.1000,PATROL,0
9.077,0.0339,0.0000,PATROL,0
9.111,0.0340,0.0000,PATROL,0
9.145,0.0342,0.1000,PATROL,0
9.179,0.0337,0.0000,PATROL,0
9.213,0.0340,0.1000,PATROL,0
9.247,0.0342,0.0000,PATROL,0
9.282,0.0347,0.0000,PATROL,0
9.315,0.0331,0.1000,PATROL,0
9.349,0.0342,0.0000,PATROL,0
9.383,0.0340,0.0000,PATROL,0
9.417,0.0339,0.1000,PATROL,0
9.451,0.0342,0.0000,PATROL,0
9.485,0.0340,0.0000,PATROL,0
9.519,0.0339,0.1000,PATROL,0
9.553,0.0342,0.0000,PATROL,0
9.588,0.0340,0.0000,PATROL,0
9.621,0.0339,0.1000,PATROL,0
9.655,0.0340,0.0000,PATROL,0
9.690,0.0341,0.0000,PATROL,0
9.724,0.0340,0.1000,PATROL,0
9.757,0.0339,0.0000,PATROL,0
9.792,0.0343,0.0000,PATROL,0
9.826,0.0340,0.1000,PATROL,0
9.860,0.0340,0.0000,PATROL,0
9.893,0.0338,0.0000,PATROL,0
9.928,0.0342,0.1000,PATROL,0
9.962,0.0339,0.0000,PATROL,0
9.996,0.0341,0.0000,PATROL,0
10.030,0.0341,0.1000,PATROL,0
10.064,0.0339,0.0000,PATROL,0
10.098,0.0340,0.0000,PATROL,0
10.132,0.0340,0.1000,PATROL,0
10.166,0.0340,0.0000,PATROL,0
10.200,0.0340,0.0000,PATROL,0
10.234,0.0339,0.1000,PATROL,0
10.268,0.0342,0.0000,PATROL,0
10.302,0.0339,0.0000,PATROL,0
10.336,0.0341,0.1000,PATROL,0
10.370,0.0340,0.0000,PATROL,0
10.404,0.0339,0.0000,PATROL,0
10.438,0.0340,0.1000,PATROL,0
10.472,0.0341,0.0000,PATROL,0
10.506,0.0337,0.0000,PATROL,0
10.540,0.0343,0.1000,PATROL,0
10.574,0.0340,0.0000,PATROL,0
10.608,0.0340,0.0000,PATROL,0
10.642,0.0345,0.1000,PATROL,0
10.676,0.0337,0.0000,PATROL,0
10.710,0.0341,0.0000,PATROL,0
10.744,0.0340,0.1000,PATROL,0
10.778,0.0342,0.0000,PATROL,0
10.812,0.0341,0.0000,PATROL,0
10.847,0.0342,0.1000,PATROL,0
10.881,0.0341,0.0000,PATROL,0
10.914,0.0336,0.1000,PATROL,0
10.948,0.0340,0.0000,PATROL,0
10.982,0.0342,0.0000,PATROL,0
11.016,0.0339,0.1000,PATROL,0
11.050,0.0340,0.0000,PATROL,0
11.084,0.0341,0.0000,PATROL,0
11.118,0.0340,0.1000,PATROL,0
11.153,0.0342,0.0000,PATROL,0
11.186,0.0339,0.0000,PATROL,0
11.220,0.0339,0.1000,PATROL,0
11.254,0.0340,0.0000,PATROL,0
11.288,0.0341,0.0000,PATROL,0
11.322,0.0340,0.1000,PATROL,0
11.356,0.0338,0.0000,PATROL,0
11.390,0.0342,0.0000,PATROL,0
11.425,0.0342,0.1000,PATROL,0
11.458,0.0338,0.0000,PATROL,0
11.493,0.0341,0.0000,PATROL,0
11.526,0.0339,0.1000,PATROL,0
11.561,0.0341,0.0000,PATROL,0
11.594,0.0339,0.0000,PATROL,0
11.629,0.0340,0.1000,PATROL,0
11.663,0.0340,0.0000,PATROL,0
11.697,0.0341,0.0000,PATROL,0
11.731,0.0347,0.1000,PATROL,0
11.765,0.0333,0.0000,PATROL,0
11.799,0.0339,0.0000,PATROL,0
11.833,0.0343,0.1000,PATROL,0
11.867,0.0341,0.0000,PATROL,0
11.901,0.0337,0.0000,PATROL,0
11.935,0.0339,0.1000,PATROL,0
11.969,0.0342,0.0000,PATROL,0
12.003,0.0344,0.0000,PATROL,0
12.037,0.0335,0.1000,PATROL,0
12.071,0.0340,0.0000,PATROL,0
12.105,0.0341,0.0000,PATROL,0
12.139,0.0339,0.1000,PATROL,0
12.173,0.0341,0.0000,PATROL,0
12.207,0.0339,0.0000,PATROL,0
12.241,0.0342,0.1000,PATROL,0
12.275,0.0338,0.0000,PATROL,0
12.309,0.0341,0.0000,PATROL,0
12.343,0.0345,0.1000,PATROL,0
12.377,0.0337,0.0000,PATROL,0
12.411,0.0340,0.0000,PATROL,0
12.445,0.0342,0.1000,PATROL,0
12.479,0.0339,0.0000,PATROL,0
12.513,0.0340,0.0000,PATROL,0
12.547,0.0340,0.1000,PATROL,0
12.581,0.0341,0.0000,PATROL,0
12.615,0.0339,0.1000,PATROL,0
12.649,0.0341,0.0000,PATROL,0
12.683,0.0340,0.0000,PATROL,0
12.717,0.0339,0.1000,PATROL,0
12.751,0.0342,0.0000,PATROL,0
12.785,0.0341,0.0000,PATROL,0
12.819,0.0339,0.1000,PATROL,0
12.853,0.0340,0.0000,PATROL,0
12.887,0.0340,0.0000,PATROL,0
12.921,0.0340,0.1000,PATROL,0
12.955,0.0339,0.0000,PATROL,0
12.989,0.0343,0.0000,PATROL,0
13.023,0.0338,0.1000,PATROL,0
13.058,0.0345,0.0000,PATROL,0
13.091,0.0337,0.0000,PATROL,0
13.125,0.0341,0.1000,PATROL,0
13.159,0.0339,0.0000,PATROL,0
13.193,0.0341,0.0000,PATROL,0
13.227,0.0339,0.1000,PATROL,0
13.261,0.0340,0.0000,PATROL,0
13.295,0.0339,0.0000,PATROL,0
13.329,0.0342,0.1000,PATROL,0
13.363,0.0340,0.0000,PATROL,0
13.397,0.0340,0.0000,PATROL,0
13.431,0.0339,0.1000,PATROL,0
13.465,0.0341,0.0000,PATROL,0
13.499,0.0339,0.0000,PATROL,0
13.533,0.0340,0.1000,PATROL,0
13.568,0.0341,0.0000,PATROL,0
13.601,0.0339,0.0000,PATROL,0
13.635,0.0340,0.1000,PATROL,0
13.670,0.0347,0.0000,PATROL,0
13.704,0.0336,0.0000,PATROL,0
13.738,0.0340,0.1000,PATROL,0
13.772,0.0340,0.0000,PATROL,0
13.805,0.0339,0.0000,PATROL,0
13.840,0.0342,0.1000,PATROL,0
13.874,0.0343,0.0000,PATROL,0
13.907,0.0334,0.0000,PATROL,0
13.942,0.0342,0.1000,PATROL,0
13.976,0.0339,0.0000,PATROL,0
14.010,0.0341,0.0000,PATROL,0
14.044,0.0340,0.1000,PATROL,0
14.078,0.0341,0.0000,PATROL,0
14.112,0.0339,0.0000,PATROL,0
14.146,0.0346,0.1000,PATROL,0
14.180,0.0336,0.0000,PATROL,0
14.214,0.0339,0.0000,PATROL,0
14.248,0.0340,0.1000,PATROL,0
14.282,0.0341,0.0000,PATROL,0
14.316,0.0339,0.1000,PATROL,0
14.350,0.0340,0.0000,PATROL,0
14.384,0.0343,0.0000,PATROL,0
14.418,0.0337,0.1000,PATROL,0
14.452,0.0342,0.0000,PATROL,0
14.486,0.0339,0.0000,PATROL,0
14.520,0.0339,0.1000,PATROL,0
14.554,0.0341,0.0000,PATROL,0
14.588,0.0339,0.0000,PATROL,0
14.622,0.0340,0.1000,PATROL,0
14.656,0.0344,0.0000,PATROL,0
14.690,0.0342,0.0000,PATROL,0
14.724,0.0335,0.1000,PATROL,0
14.758,0.0338,0.0000,PATROL,0
14.792,0.0340,0.0000,PATROL,0
14.826,0.0341,0.1000,PATROL,0
14.860,0.0340,0.0000,PATROL,0
14.894,0.0341,0.0000,PATROL,0
14.928,0.0339,0.1000,PATROL,0
14.962,0.0341,0.0000,PATROL,0
14.996,0.0339,0.0000,PATROL,0
15.030,0.0341,0.1000,PATROL,0
15.064,0.0340,0.0000,PATROL,0
15.098,0.0341,0.0000,PATROL,0
15.132,0.0341,0.1000,PATROL,0
15.166,0.0341,0.0000,PATROL,0
15.200,0.0342,0.0000,PATROL,0
15.234,0.0342,0.1000,PATROL,0
15.268,0.0340,0.0000,PATROL,0
15.302,0.0340,0.0000,PATROL,0
15.336,0.0339,0.1000,PATROL,0
15.370,0.0341,0.0000,PATROL,0
15.405,0.0343,0.0000,PATROL,0
15.438,0.0336,0.1000,PATROL,0
15.473,0.0343,0.0000,PATROL,0
15.506,0.0335,0.0000,PATROL,0
15.540,0.0342,0.1000,PATROL,0
15.574,0.0340,0.0000,PATROL,0
15.608,0.0339,0.0000,PATROL,0
15.642,0.0341,0.1000,PATROL,0
15.676,0.0340,0.0000,PATROL,0
15.711,0.0343,0.0000,PATROL,0
15.745,0.0341,0.1000,PATROL,0
15.779,0.0339,0.0000,PATROL,0
15.813,0.0339,0.0000,PATROL,0
15.847,0.0340,0.1000,PATROL,0
15.881,0.0341,0.0000,PATROL,0
15.915,0.0339,0.0000,PATROL,0
15.949,0.0341,0.1000,PATROL,0
15.983,0.0342,0.0000,PATROL,0
16.017,0.0339,0.1000,PATROL,0
16.051,0.0340,0.0000,PATROL,0
16.085,0.0341,0.0000,PATROL,0
16.119,0.0339,0.1000,PATROL,0
16.153,0.0341,0.0000,PATROL,0
16.187,0.0339,0.0000,PATROL,0
16.221,0.0339,0.1000,PATROL,0
16.255,0.0341,0.0000,PATROL,0
16.289,0.0342,0.0000,PATROL,0
16.323,0.0338,0.1000,PATROL,0
16.357,0.0340,0.0000,PATROL,0
16.391,0.0341,0.0000,PATROL,0
16.425,0.0340,0.1000,PATROL,0
16.459,0.0341,0.0000,PATROL,0
16.493,0.0338,0.0000,PATROL,0
16.527,0.0342,0.1000,PATROL,0
16.561,0.0341,0.0000,PATROL,0
16.595,0.0342,0.0000,PATROL,0
16.629,0.0338,0.1000,PATROL,0
16.663,0.0341,0.0000,PATROL,0
16.697,0.0338,0.0000,PATROL,0
16.731,0.0342,0.1000,PATROL,0
16.765,0.0340,0.0000,PATROL,0
16.799,0.0339,0.0000,PATROL,0
16.833,0.0344,0.1000,PATROL,0
16.867,0.0338,0.0000,PATROL,0
16.901,0.0340,0.0000,PATROL,0
16.935,0.0341,0.1000,PATROL,0
16.969,0.0340,0.0000,PATROL,0
17.003,0.0339,0.0000,PATROL,0
17.037,0.0340,0.1000,PATROL,0
17.072,0.0347,0.0000,PATROL,0
17.106,0.0341,0.0000,PATROL,0
17.139,0.0336,0.1000,PATROL,0
17.173,0.0341,0.0000,PATROL,0
17.207,0.0337,0.0000,PATROL,0
17.241,0.0342,0.1000,PATROL,0
17.275,0.0340,0.0000,PATROL,0
17.309,0.0338,0.0000,PATROL,0
17.343,0.0342,0.1000,PATROL,0
17.377,0.0340,0.0000,PATROL,0
17.411,0.0340,0.0000,PATROL,0
17.445,0.0340,0.1000,PATROL,0
17.480,0.0340,0.0000,PATROL,0
17.513,0.0340,0.0000,PATROL,0
17.548,0.0341,0.1000,PATROL,0
17.582,0.0342,0.0000,PATROL,0
17.616,0.0339,0.0000,PATROL,0
17.650,0.0339,0.1000,PATROL,0
17.684,0.0340,0.0000,PATROL,0
17.717,0.0339,0.1000,PATROL,0
17.752,0.0342,0.0000,PATROL,0
17.786,0.0339,0.0000,PATROL,0
17.820,0.0340,0.1000,PATROL,0
17.854,0.0342,0.0000,PATROL,0
17.888,0.0340,0.0000,PATROL,0
17.922,0.0340,0.1000,PATROL,0
17.956,0.0340,0.0000,PATROL,0
17.990,0.0340,0.0000,PATROL,0
18.024,0.0339,0.1000,PATROL,0
18.058,0.0340,0.0000,PATROL,0
18.092,0.0343,0.0000,PATROL,0
18.126,0.0340,0.1000,PATROL,0
18.160,0.0339,0.0000,PATROL,0
18.194,0.0340,0.0000,PATROL,0
18.228,0.0339,0.1000,PATROL,0
18.262,0.0339,0.0000,PATROL,0
18.296,0.0341,0.0000,PATROL,0
18.330,0.0339,0.1000,PATROL,0
18.364,0.0340,0.0000,PATROL,0
18.398,0.0339,0.0000,PATROL,0
18.432,0.0343,0.1000,PATROL,0
18.466,0.0342,0.0000,PATROL,0
18.500,0.0339,0.0000,PATROL,0
18.534,0.0341,0.1000,PATROL,0
18.568,0.0340,0.0000,PATROL,0
18.602,0.0339,0.0000,PATROL,0
18.636,0.0340,0.1000,PATROL,0
18.670,0.0340,0.0000,PATROL,0
18.704,0.0339,0.0000,PATROL,0
18.738,0.0340,0.1000,PATROL,0
18.772,0.0342,0.0000,PATROL,0
18.806,0.0340,0.0000,PATROL,0
18.840,0.0341,0.1000,PATROL,0
18.874,0.0338,0.0000,PATROL,0
18.908,0.0339,0.0000,PATROL,0
18.942,0.0341,0.1000,PATROL,0
18.976,0.0342,0.0000,PATROL,0
19.010,0.0337,0.0000,PATROL,0
19.044,0.0340,0.1000,PATROL,0
19.078,0.0341,0.0000,PATROL,0
19.112,0.0342,0.0000,PATROL,0
19.147,0.0344,0.1000,PATROL,0
19.180,0.0335,0.0000,PATROL,0
19.214,0.0339,0.0000,PATROL,0
19.248,0.0343,0.1000,PATROL,0
19.282,0.0339,0.0000,PATROL,0
19.316,0.0340,0.0000,PATROL,0
19.350,0.0339,0.1000,PATROL,0
19.384,0.0340,0.0000,PATROL,0
19.418,0.0339,0.1000,PATROL,0
19.453,0.0344,0.0000,PATROL,0
19.486,0.0338,0.0000,PATROL,0
19.520,0.0341,0.1000,PATROL,0
19.554,0.0341,0.0000,PATROL,0
19.589,0.0340,0.0000,PATROL,0
19.623,0.0342,0.1000,PATROL,0
19.657,0.0344,0.0000,PATROL,0
19.691,0.0339,0.0000,PATROL,0
19.725,0.0338,0.1000,PATROL,0
19.759,0.0338,0.0000,PATROL,0
19.793,0.0340,0.0000,PATROL,0
19.827,0.0339,0.1000,PATROL,0
19.861,0.0339,0.0000,PATROL,0
19.895,0.0341,0.0000,PATROL,0
19.929,0.0339,0.1000,PATROL,0
19.963,0.0340,0.0000,PATROL,0
19.997,0.0342,0.0000,PATROL,0
20.031,0.0339,0.1000,PATROL,0
20.065,0.0342,0.0000,PATROL,0
20.099,0.0340,0.0000,PATROL,0
20.133,0.0342,0.1000,PATROL,0
20.167,0.0340,0.0000,PATROL,0
20.201,0.0338,0.0000,PATROL,0
20.235,0.0341,0.1000,PATROL,0
20.269,0.0339,0.0000,PATROL,0
20.303,0.0340,0.0000,PATROL,0
20.337,0.0343,0.1000,PATROL,0
20.371,0.0337,0.0000,PATROL,0
20.405,0.0339,0.0000,PATROL,0
20.439,0.0340,0.1000,PATROL,0
20.473,0.0341,0.0000,PATROL,0
20.507,0.0339,0.0000,PATROL,0
20.541,0.0341,0.1000,PATROL,0
20.576,0.0350,0.0000,PATROL,0
20.609,0.0333,0.0000,PATROL,0
20.643,0.0339,0.1000,PATROL,0
20.677,0.0342,0.0000,PATROL,0
20.711,0.0340,0.0000,PATROL,0
20.745,0.0339,0.1000,PATROL,0
20.779,0.0339,0.0000,PATROL,0
20.813,0.0344,0.0000,PATROL,0
20.847,0.0341,0.1000,PATROL,0
20.881,0.0338,0.0000,PATROL,0
20.915,0.0343,0.0000,PATROL,0
20.949,0.0337,0.1000,PATROL,0
20.983,0.0340,0.0000,PATROL,0
21.017,0.0340,0.0000,PATROL,0
21.051,0.0340,0.1000,PATROL,0
21.085,0.0340,0.0000,PATROL,0
21.119,0.0340,0.1000,PATROL,0
21.154,0.0344,0.0000,PATROL,0
21.187,0.0338,0.0000,PATROL,0
21.221,0.0339,0.1000,PATROL,0
21.256,0.0343,0.0000,PATROL,0
21.289,0.0338,0.0000,PATROL,0
21.323,0.0339,0.1000,PATROL,0
21.358,0.0342,0.0000,PATROL,0
21.392,0.0340,0.0000,PATROL,0
21.426,0.0340,0.1000,PATROL,0
21.460,0.0340,0.0000,PATROL,0
21.494,0.0342,0.0000,PATROL,0
21.528,0.0338,0.1000,PATROL,0
21.562,0.0342,0.0000,PATROL,0
21.596,0.0342,0.0000,PATROL,0
21.630,0.0337,0.1000,PATROL,0
21.664,0.0341,0.0000,PATROL,0
21.698,0.0341,0.0000,PATROL,0
21.732,0.0340,0.1000,PATROL,0
21.766,0.0339,0.0000,PATROL,0
21.800,0.0339,0.0000,PATROL,0
21.834,0.0343,0.1000,PATROL,0
21.868,0.0340,0.0000,PATROL,0
21.902,0.0341,0.0000,PATROL,0
21.936,0.0342,0.1000,PATROL,0
21.970,0.0339,0.0000,PATROL,0
22.004,0.0339,0.0000,PATROL,0
22.038,0.0341,0.1000,PATROL,0
22.072,0.0341,0.0000,PATROL,0
22.106,0.0338,0.0000,PATROL,0
22.140,0.0340,0.1000,PATROL,0
22.174,0.0342,0.0000,PATROL,0
22.208,0.0338,0.0000,PATROL,0
22.242,0.0340,0.1000,PATROL,0
22.276,0.0342,0.0000,PATROL,0
22.310,0.0340,0.0000,PATROL,0
22.344,0.0342,0.1000,PATROL,0
22.379,0.0341,0.0000,PATROL,0
22.412,0.0338,0.0000,PATROL,0
22.446,0.0341,0.1000,PATROL,0
22.480,0.0339,0.0000,PATROL,0
22.514,0.0341,0.0000,PATROL,0
22.548,0.0339,0.1000,PATROL,0
22.582,0.0340,0.0000,PATROL,0
22.617,0.0342,0.0000,PATROL,0
22.650,0.0338,0.1000,PATROL,0
22.684,0.0341,0.0000,PATROL,0
22.718,0.0340,0.0000,PATROL,0
22.753,0.0340,0.1000,PATROL,0
22.786,0.0339,0.0000,PATROL,0
22.820,0.0340,0.1000,PATROL,0
22.855,0.0342,0.0000,PATROL,0
22.889,0.0341,0.0000,PATROL,0
22.923,0.0339,0.1000,PATROL,0
22.957,0.0341,0.0000,PATROL,0
22.991,0.0342,0.0000,PATROL,0
23.025,0.0339,0.1000,PATROL,0
23.059,0.0341,0.0000,PATROL,0
23.093,0.0341,0.0000,PATROL,0
23.127,0.0340,0.1000,PATROL,0
23.161,0.0342,0.0000,PATROL,0
23.195,0.0340,0.0000,PATROL,0
23.229,0.0340,0.1000,PATROL,0
23.263,0.0340,0.0000,PATROL,0
23.298,0.0347,0.0000,PATROL,0
23.331,0.0337,0.1000,PATROL,0
23.365,0.0338,0.0000,PATROL,0
23.399,0.0341,0.0000,PATROL,0
23.433,0.0340,0.1000,PATROL,0
23.467,0.0338,0.0000,PATROL,0
23.501,0.0339,0.0000,PATROL,0
23.535,0.0341,0.1000,PATROL,0
23.569,0.0343,0.0000,PATROL,0
23.603,0.0337,0.0000,PATROL,0
23.637,0.0341,0.1000,PATROL,0
23.671,0.0342,0.0000,PATROL,0
23.705,0.0337,0.0000,PATROL,0
23.739,0.0341,0.1000,PATROL,0
23.773,0.0340,0.0000,PATROL,0
23.807,0.0339,0.0000,PATROL,0
23.841,0.0341,0.1000,PATROL,0
23.875,0.0341,0.0000,PATROL,0
23.909,0.0338,0.0000,PATROL,0
23.943,0.0341,0.1000,PATROL,0
23.977,0.0340,0.0000,PATROL,0
24.011,0.0339,0.0000,PATROL,0
24.045,0.0341,0.1000,PATROL,0
24.080,0.0341,0.0000,PATROL,0
24.113,0.0339,0.0000,PATROL,0
24.148,0.0341,0.1000,PATROL,0
24.182,0.0340,0.0000,PATROL,0
24.216,0.0341,0.0000,PATROL,0
24.250,0.0344,0.1000,PATROL,0
24.284,0.0338,0.0000,PATROL,0
24.318,0.0341,0.0000,PATROL,0
24.352,0.0338,0.1000,PATROL,0
24.386,0.0340,0.0000,PATROL,0
24.420,0.0339,0.0000,PATROL,0
24.454,0.0340,0.1000,PATROL,0
24.488,0.0339,0.0000,PATROL,0
24.521,0.0339,0.1000,PATROL,0
24.556,0.0342,0.0000,PATROL,0
24.590,0.0340,0.0000,PATROL,0
24.624,0.0339,0.1000,PATROL,0
24.658,0.0340,0.0000,PATROL,0
24.692,0.0341,0.0000,PATROL,0
24.726,0.0340,0.1000,PATROL,0
24.760,0.0341,0.0000,PATROL,0
24.794,0.0340,0.0000,PATROL,0
24.828,0.0340,0.1000,PATROL,0
24.862,0.0340,0.0000,PATROL,0
24.896,0.0343,0.0000,PATROL,0
24.930,0.0337,0.1000,PATROL,0
24.964,0.0341,0.0000,PATROL,0
24.998,0.0341,0.0000,PATROL,0
25.032,0.0339,0.1000,PATROL,0
25.066,0.0340,0.0000,PATROL,0
25.100,0.0341,0.0000,PATROL,0
25.134,0.0340,0.1000,PATROL,0
25.168,0.0340,0.0000,PATROL,0
25.202,0.0338,0.0000,PATROL,0
25.236,0.0343,0.1000,PATROL,0
25.270,0.0340,0.0000,PATROL,0
25.304,0.0343,0.0000,PATROL,0
25.338,0.0339,0.1000,PATROL,0
25.372,0.0340,0.0000,PATROL,0
25.406,0.0337,0.0000,PATROL,0
25.440,0.0342,0.1000,PATROL,0
25.474,0.0341,0.0000,PATROL,0
25.508,0.0337,0.0000,PATROL,0
25.542,0.0340,0.1000,PATROL,0
25.576,0.0341,0.0000,PATROL,0
25.610,0.0339,0.0000,PATROL,0
25.644,0.0342,0.1000,PATROL,0
25.678,0.0340,0.0000,PATROL,0
25.713,0.0344,0.0000,PATROL,0
25.746,0.0338,0.1000,PATROL,0
25.781,0.0341,0.0000,PATROL,0
25.814,0.0339,0.0000,PATROL,0
25.848,0.0339,0.1000,PATROL,0
25.882,0.0340,0.0000,PATROL,0
25.917,0.0345,0.0000,PATROL,0
25.951,0.0339,0.1000,PATROL,0
25.985,0.0340,0.0000,PATROL,0
26.019,0.0340,0.0000,PATROL,0
26.053,0.0339,0.1000,PATROL,0
26.086,0.0339,0.0000,PATROL,0
26.121,0.0342,0.0000,PATROL,0
26.155,0.0339,0.1000,PATROL,0
26.188,0.0338,0.0000,PATROL,0
26.222,0.0339,0.1000,PATROL,0
26.257,0.0344,0.0000,PATROL,0
26.291,0.0338,0.0000,PATROL,0
26.324,0.0339,0.1000,PATROL,0
26.359,0.0343,0.0000,PATROL,0
26.393,0.0340,0.0000,PATROL,0
26.427,0.0341,0.1000,PATROL,0
26.461,0.0340,0.0000,PATROL,0
26.495,0.0340,0.0000,PATROL,0
26.529,0.0339,0.1000,PATROL,0
26.563,0.0339,0.0000,PATROL,0
26.597,0.0340,0.0000,PATROL,0
26.631,0.0341,0.1000,PATROL,0
26.665,0.0341,0.0000,PATROL,0
26.699,0.0340,0.0000,PATROL,0
26.733,0.0338,0.1000,PATROL,0
26.767,0.0341,0.0000,PATROL,0
26.805,0.0386,0.0000,PATROL,0
26.840,0.0348,0.1000,PATROL,0
26.873,0.0325,0.0000,PATROL,0
26.906,0.0328,0.0000,PATROL,0
26.939,0.0335,0.1000,PATROL,0
26.974,0.0350,0.0000,PATROL,0
27.007,0.0330,0.0000,PATROL,0
27.040,0.0334,0.1000,PATROL,0
27.074,0.0337,0.0000,PATROL,0
27.108,0.0335,0.0000,PATROL,0
27.142,0.0341,0.1000,PATROL,0
27.175,0.0337,0.0000,PATROL,0
27.209,0.0338,0.0000,PATROL,0
27.243,0.0339,0.1000,PATROL,0
27.277,0.0342,0.0000,PATROL,0
27.311,0.0338,0.0000,PATROL,0
27.346,0.0344,0.1000,PATROL,0
27.379,0.0339,0.0000,PATROL,0
27.413,0.0338,0.0000,PATROL,0
27.447,0.0342,0.1000,PATROL,0
27.481,0.0340,0.0000,PATROL,0
27.515,0.0339,0.0000,PATROL,0
27.549,0.0341,0.1000,PATROL,0
27.583,0.0339,0.0000,PATROL,0
27.618,0.0344,0.0000,PATROL,0
27.652,0.0340,0.1000,PATROL,0
27.685,0.0338,0.0000,PATROL,0
27.719,0.0340,0.0000,PATROL,0
27.753,0.0339,0.1000,PATROL,0
27.787,0.0340,0.0000,PATROL,0
27.821,0.0341,0.0000,PATROL,0
27.856,0.0341,0.1000,PATROL,0
27.890,0.0345,0.0000,PATROL,0
27.923,0.0333,0.1000,PATROL,0
27.958,0.0342,0.0000,PATROL,0
27.992,0.0340,0.0000,PATROL,0
28.025,0.0339,0.1000,PATROL,0
28.060,0.0343,0.0000,PATROL,0
28.094,0.0338,0.0000,PATROL,0
28.128,0.0340,0.1000,PATROL,0
28.162,0.0342,0.0000,PATROL,0
28.196,0.0338,0.0000,PATROL,0
28.229,0.0339,0.1000,PATROL,0
28.264,0.0340,0.0000,PATROL,0
28.298,0.0342,0.0000,PATROL,0
28.332,0.0340,0.1000,PATROL,0
28.366,0.0339,0.0000,PATROL,0
28.400,0.0343,0.0000,PATROL,0
28.434,0.0339,0.1000,PATROL,0
28.468,0.0340,0.0000,PATROL,0
28.502,0.0341,0.0000,PATROL,0
28.536,0.0340,0.1000,PATROL,0
28.570,0.0340,0.0000,PATROL,0
28.604,0.0339,0.0000,PATROL,0
28.638,0.0340,0.1000,PATROL,0
28.672,0.0341,0.0000,PATROL,0
28.706,0.0340,0.0000,PATROL,0
28.740,0.0344,0.1000,PATROL,0
28.774,0.0340,0.0000,PATROL,0
28.808,0.0337,0.0000,PATROL,0
28.842,0.0342,0.1000,PATROL,0
28.876,0.0340,0.0000,PATROL,0
28.910,0.0339,0.0000,PATROL,0
28.944,0.0339,0.1000,PATROL,0
28.978,0.0341,0.0000,PATROL,0
29.012,0.0339,0.0000,PATROL,0
29.046,0.0340,0.1000,PATROL,0
29.080,0.0342,0.0000,PATROL,0
29.114,0.0340,0.0000,PATROL,0
29.148,0.0341,0.1000,PATROL,0
29.183,0.0344,0.0000,PATROL,0
29.216,0.0334,0.0000,PATROL,0
29.250,0.0340,0.1000,PATROL,0
29.284,0.0339,0.0000,PATROL,0
29.318,0.0343,0.0000,PATROL,0
29.352,0.0339,0.1000,PATROL,0
29.386,0.0339,0.0000,PATROL,0
29.420,0.0339,0.0000,PATROL,0
29.454,0.0343,0.1000,PATROL,0
29.488,0.0339,0.0000,PATROL,0
29.522,0.0340,0.0000,PATROL,0
29.556,0.0341,0.1000,PATROL,0
29.590,0.0338,0.0000,PATROL,0
29.624,0.0339,0.1000,PATROL,0
29.658,0.0342,0.0000,PATROL,0
29.692,0.0340,0.0000,PATROL,0
29.726,0.0339,0.1000,PATROL,0
29.761,0.0344,0.0000,PATROL,0
29.794,0.0338,0.0000,PATROL,0
29.828,0.0341,0.1000,PATROL,0
29.863,0.0340,0.0000,PATROL,0
29.896,0.0338,0.0000,PATROL,0
29.930,0.0341,0.1000,PATROL,0
29.964,0.0340,0.0000,PATROL,0
29.999,0.0341,0.0000,PATROL,0
30.032,0.0339,0.1000,PATROL,0
30.066,0.0339,0.0000,PATROL,0
30.100,0.0340,0.0000,PATROL,0
30.134,0.0341,0.1000,PATROL,0
30.169,0.0340,0.0000,PATROL,0
30.203,0.0341,0.0000,PATROL,0
30.237,0.0340,0.1000,PATROL,0
30.270,0.0338,0.0000,PATROL,0
30.305,0.0343,0.0000,PATROL,0
30.339,0.0338,0.1000,PATROL,0
30.372,0.0339,0.0000,PATROL,0
30.406,0.0340,0.0000,PATROL,0
30.441,0.0342,0.1000,PATROL,0
30.475,0.0341,0.0000,PATROL,0
30.509,0.0338,0.0000,PATROL,0
30.543,0.0342,0.1000,PATROL,0
30.577,0.0341,0.0000,PATROL,0
30.611,0.0340,0.0000,PATROL,0
30.645,0.0340,0.1000,PATROL,0
30.679,0.0341,0.0000,PATROL,0
30.713,0.0339,0.0000,PATROL,0
30.747,0.0339,0.1000,PATROL,0
30.781,0.0342,0.0000,PATROL,0
30.815,0.0339,0.0000,PATROL,0
30.849,0.0339,0.1000,PATROL,0
30.883,0.0341,0.0000,PATROL,0
30.917,0.0339,0.0000,PATROL,0
30.951,0.0342,0.1000,PATROL,0
30.985,0.0339,0.0000,PATROL,0
31.019,0.0340,0.0000,PATROL,0
31.053,0.0339,0.1000,PATROL,0
31.087,0.0340,0.0000,PATROL,0
31.121,0.0341,0.0000,PATROL,0
31.155,0.0339,0.1000,PATROL,0
31.189,0.0342,0.0000,PATROL,0
31.223,0.0339,0.0000,PATROL,0
31.257,0.0342,0.1000,PATROL,0
31.291,0.0338,0.0000,PATROL,0
31.325,0.0341,0.1000,PATROL,0
31.359,0.0340,0.0000,PATROL,0
31.393,0.0341,0.0000,PATROL,0
31.427,0.0339,0.1000,PATROL,0
31.461,0.0341,0.0000,PATROL,0
31.495,0.0340,0.0000,PATROL,0
31.529,0.0340,0.1000,PATROL,0
31.563,0.0340,0.0000,PATROL,0
31.597,0.0342,0.0000,PATROL,0
31.631,0.0338,0.1000,PATROL,0
31.665,0.0339,0.0000,PATROL,0
31.699,0.0343,0.0000,PATROL,0
31.733,0.0341,0.1000,PATROL,0
31.767,0.0338,0.0000,PATROL,0
31.801,0.0341,0.0000,PATROL,0
31.835,0.0339,0.1000,PATROL,0
31.869,0.0341,0.0000,PATROL,0
31.903,0.0340,0.0000,PATROL,0
31.937,0.0340,0.1000,PATROL,0
31.971,0.0340,0.0000,PATROL,0
32.005,0.0339,0.0000,PATROL,0
32.039,0.0341,0.1000,PATROL,0
32.073,0.0339,0.0000,PATROL,0
32.107,0.0339,0.0000,PATROL,0
32.141,0.0342,0.1000,PATROL,0
32.176,0.0341,0.0000,PATROL,0
32.210,0.0340,0.0000,PATROL,0
32.244,0.0347,0.1000,PATROL,0
32.278,0.0337,0.0000,PATROL,0
32.312,0.0336,0.0000,PATROL,0
32.345,0.0339,0.1000,PATROL,0
32.380,0.0342,0.0000,PATROL,0
32.414,0.0338,0.0000,PATROL,0
32.448,0.0343,0.1000,PATROL,0
32.482,0.0340,0.0000,PATROL,0
32.516,0.0338,0.0000,PATROL,0
32.550,0.0340,0.1000,PATROL,0
32.584,0.0343,0.0000,PATROL,0
32.618,0.0339,0.0000,PATROL,0
32.652,0.0341,0.1000,PATROL,0
32.686,0.0338,0.0000,PATROL,0
32.720,0.0344,0.0000,PATROL,0
32.754,0.0339,0.1000,PATROL,0
32.788,0.0342,0.0000,PATROL,0
32.822,0.0340,0.0000,PATROL,0
32.856,0.0339,0.1000,PATROL,0
32.890,0.0339,0.0000,PATROL,0
32.924,0.0339,0.0000,PATROL,0
32.958,0.0343,0.1000,PATROL,0
32.992,0.0339,0.0000,PATROL,0
33.026,0.0338,0.1000,PATROL,0
33.060,0.0342,0.0000,PATROL,0
33.094,0.0339,0.0000,PATROL,0
33.128,0.0340,0.1000,PATROL,0
33.162,0.0340,0.0000,PATROL,0
33.196,0.0340,0.0000,PATROL,0
33.230,0.0339,0.1000,PATROL,0
33.264,0.0344,0.0000,PATROL,0
33.298,0.0338,0.0000,PATROL,0
33.332,0.0340,0.1000,PATROL,0
33.366,0.0340,0.0000,PATROL,0
33.400,0.0341,0.0000,PATROL,0
33.434,0.0339,0.1000,PATROL,0
33.468,0.0339,0.0000,PATROL,0
33.502,0.0342,0.0000,PATROL,0
33.536,0.0340,0.1000,PATROL,0
33.570,0.0339,0.0000,PATROL,0
33.604,0.0344,0.0000,PATROL,0
33.638,0.0337,0.1000,PATROL,0
33.672,0.0341,0.0000,PATROL,0
33.706,0.0340,0.0000,PATROL,0
33.740,0.0341,0.1000,PATROL,0
33.774,0.0342,0.0000,PATROL,0
33.808,0.0339,0.0000,PATROL,0
33.842,0.0341,0.1000,PATROL,0
33.877,0.0341,0.0000,PATROL,0
33.910,0.0338,0.0000,PATROL,0
33.945,0.0343,0.1000,PATROL,0
33.978,0.0338,0.0000,PATROL,0
34.012,0.0340,0.0000,PATROL,0
34.046,0.0340,0.1000,PATROL,0
34.081,0.0343,0.0000,PATROL,0
34.114,0.0338,0.0000,PATROL,0
34.149,0.0340,0.1000,PATROL,0
34.183,0.0341,0.0000,PATROL,0
34.217,0.0340,0.0000,PATROL,0
34.250,0.0338,0.1000,PATROL,0
34.285,0.0347,0.0000,PATROL,0
34.318,0.0334,0.0000,PATROL,0
34.353,0.0343,0.1000,PATROL,0
34.386,0.0336,0.0000,PATROL,0
34.421,0.0342,0.0000,PATROL,0
34.455,0.0340,0.1000,PATROL,0
34.489,0.0339,0.0000,PATROL,0
34.523,0.0344,0.0000,PATROL,0
34.557,0.0340,0.1000,PATROL,0
34.591,0.0337,0.0000,PATROL,0
34.625,0.0346,0.0000,PATROL,0
34.659,0.0333,0.1000,PATROL,0
34.693,0.0342,0.0000,PATROL,0
34.727,0.0339,0.1000,PATROL,0
34.761,0.0341,0.0000,PATROL,0
34.795,0.0342,0.0000,PATROL,0
34.829,0.0340,0.1000,PATROL,0
34.863,0.0343,0.0000,PATROL,0
34.897,0.0339,0.0000,PATROL,0
34.931,0.0338,0.1000,PATROL,0
34.965,0.0341,0.0000,PATROL,0
34.999,0.0339,0.0000,PATROL,0
35.033,0.0340,0.1000,PATROL,0
35.067,0.0338,0.0000,PATROL,0
35.101,0.0343,0.0000,PATROL,0
35.135,0.0340,0.1000,PATROL,0
35.169,0.0341,0.0000,PATROL,0
35.203,0.0342,0.0000,PATROL,0
35.237,0.0338,0.1000,PATROL,0
35.271,0.0340,0.0000,PATROL,0
35.305,0.0341,0.0000,PATROL,0
35.339,0.0340,0.1000,PATROL,0
35.373,0.0341,0.0000,PATROL,0
35.407,0.0339,0.0000,PATROL,0
35.441,0.0341,0.1000,PATROL,0
35.475,0.0341,0.0000,PATROL,0
35.509,0.0337,0.0000,PATROL,0
35.543,0.0343,0.1000,PATROL,0
35.577,0.0341,0.0000,PATROL,0
35.611,0.0336,0.0000,PATROL,0
35.645,0.0343,0.1000,PATROL,0
35.679,0.0340,0.0000,PATROL,0
35.713,0.0340,0.0000,PATROL,0
35.747,0.0338,0.1000,PATROL,0
35.781,0.0343,0.0000,PATROL,0
35.815,0.0338,0.0000,PATROL,0
35.849,0.0340,0.1000,PATROL,0
35.883,0.0342,0.0000,PATROL,0
35.917,0.0339,0.0000,PATROL,0
35.951,0.0339,0.1000,PATROL,0
35.986,0.0348,0.0000,PATROL,0
36.019,0.0333,0.0000,PATROL,0
36.053,0.0341,0.1000,PATROL,0
36.087,0.0339,0.0000,PATROL,0
36.122,0.0343,0.0000,PATROL,0
36.155,0.0339,0.1000,PATROL,0
36.189,0.0339,0.0000,PATROL,0
36.223,0.0340,0.0000,PATROL,0
36.258,0.0341,0.1000,PATROL,0
36.292,0.0343,0.0000,PATROL,0
36.325,0.0336,0.0000,PATROL,0
36.359,0.0340,0.1000,PATROL,0
36.394,0.0340,0.0000,PATROL,0
36.427,0.0339,0.1000,PATROL,0
36.462,0.0342,0.0000,PATROL,0
36.496,0.0343,0.0000,PATROL,0
36.530,0.0338,0.1000,PATROL,0
36.564,0.0339,0.0000,PATROL,0
36.598,0.0341,0.0000,PATROL,0
36.632,0.0340,0.1000,PATROL,0
36.666,0.0342,0.0000,PATROL,0
36.701,0.0347,0.0000,PATROL,0
36.734,0.0331,0.1000,PATROL,0
36.768,0.0341,0.0000,PATROL,0
36.802,0.0342,0.0000,PATROL,0
36.836,0.0339,0.1000,PATROL,0
36.870,0.0338,0.0000,PATROL,0
36.905,0.0350,0.0000,PATROL,0
36.938,0.0334,0.1000,PATROL,0
36.972,0.0340,0.0000,PATROL,0
37.006,0.0337,0.0000,PATROL,0
37.040,0.0345,0.1000,PATROL,0
37.074,0.0336,0.0000,PATROL,0
37.108,0.0338,0.0000,PATROL,0
37.142,0.0344,0.1000,PATROL,0
37.176,0.0339,0.0000,PATROL,0
37.210,0.0339,0.0000,PATROL,0
37.244,0.0340,0.1000,PATROL,0
37.278,0.0340,0.0000,PATROL,0
37.312,0.0341,0.0000,PATROL,0
37.346,0.0342,0.1000,PATROL,0
37.380,0.0342,0.0000,PATROL,0
37.414,0.0338,0.0000,PATROL,0
37.448,0.0340,0.1000,PATROL,0
37.482,0.0340,0.0000,PATROL,0
37.516,0.0340,0.0000,PATROL,0
37.550,0.0338,0.1000,PATROL,0
37.584,0.0343,0.0000,PATROL,0
37.618,0.0339,0.0000,PATROL,0
37.652,0.0340,0.1000,PATROL,0
37.686,0.0340,0.0000,PATROL,0
37.720,0.0342,0.0000,PATROL,0
37.754,0.0338,0.1000,PATROL,0
37.788,0.0339,0.0000,PATROL,0
37.822,0.0341,0.0000,PATROL,0
37.856,0.0341,0.1000,PATROL,0
37.890,0.0340,0.0000,PATROL,0
37.924,0.0340,0.0000,PATROL,0
37.958,0.0340,0.1000,PATROL,0
37.992,0.0340,0.0000,PATROL,0
38.026,0.0339,0.0000,PATROL,0
38.060,0.0341,0.1000,PATROL,0
38.094,0.0339,0.0000,PATROL,0
38.128,0.0339,0.1000,PATROL,0
38.162,0.0342,0.0000,PATROL,0
38.196,0.0340,0.0000,PATROL,0
38.230,0.0339,0.1000,PATROL,0
38.265,0.0344,0.0000,PATROL,0
38.299,0.0339,0.0000,PATROL,0
38.332,0.0338,0.1000,PATROL,0
38.367,0.0344,0.0000,PATROL,0
38.401,0.0342,0.0000,PATROL,0
38.435,0.0337,0.1000,PATROL,0
38.468,0.0338,0.0000,PATROL,0
38.503,0.0342,0.0000,PATROL,0
38.537,0.0340,0.1000,PATROL,0
38.570,0.0339,0.0000,PATROL,0
38.605,0.0344,0.0000,PATROL,0
38.639,0.0337,0.1000,PATROL,0
38.673,0.0342,0.0000,PATROL,0
38.707,0.0338,0.0000,PATROL,0
38.741,0.0343,0.1000,PATROL,0
38.775,0.0339,0.0000,PATROL,0
38.809,0.0338,0.0000,PATROL,0
38.843,0.0342,0.1000,PATROL,0
38.877,0.0340,0.0000,PATROL,0
38.911,0.0339,0.0000,PATROL,0
38.945,0.0342,0.1000,PATROL,0
38.979,0.0338,0.0000,PATROL,0
39.013,0.0341,0.0000,PATROL,0
39.047,0.0344,0.1000,PATROL,0
39.081,0.0338,0.0000,PATROL,0
39.115,0.0338,0.0000,PATROL,0
39.149,0.0339,0.1000,PATROL,0
39.183,0.0342,0.0000,PATROL,0
39.217,0.0340,0.0000,PATROL,0
39.251,0.0340,0.1000,PATROL,0
39.285,0.0341,0.0000,PATROL,0
39.319,0.0340,0.0000,PATROL,0
39.353,0.0339,0.1000,PATROL,0
39.387,0.0341,0.0000,PATROL,0
39.421,0.0342,0.0000,PATROL,0
39.455,0.0339,0.1000,PATROL,0
39.489,0.0338,0.0000,PATROL,0
39.523,0.0343,0.0000,PATROL,0
39.557,0.0340,0.1000,PATROL,0
39.591,0.0340,0.0000,PATROL,0
39.625,0.0340,0.0000,PATROL,0
39.659,0.0341,0.1000,PATROL,0
39.693,0.0343,0.0000,PATROL,0
39.727,0.0338,0.0000,PATROL,0
39.761,0.0340,0.1000,PATROL,0
39.795,0.0340,0.0000,PATROL,0
39.829,0.0339,0.1000,PATROL,0
39.863,0.0343,0.0000,PATROL,0
39.897,0.0340,0.0000,PATROL,0
39.931,0.0338,0.1000,PATROL,0
39.965,0.0341,0.0000,PATROL,0
39.999,0.0341,0.0000,PATROL,0
40.033,0.0339,0.1000,PATROL,0
40.067,0.0341,0.0000,PATROL,0
40.101,0.0341,0.0000,PATROL,0
40.135,0.0339,0.1000,PATROL,0
40.169,0.0339,0.0000,PATROL,0
40.203,0.0341,0.0000,PATROL,0
40.237,0.0338,0.1000,PATROL,0
40.271,0.0340,0.0000,PATROL,0
40.306,0.0344,0.0000,PATROL,0
40.339,0.0336,0.1000,PATROL,0
40.374,0.0341,0.0000,PATROL,0
40.408,0.0340,0.0000,PATROL,0
40.442,0.0340,0.1000,PATROL,0
40.476,0.0339,0.0000,PATROL,0
40.509,0.0339,0.0000,PATROL,0
40.544,0.0341,0.1000,PATROL,0
40.578,0.0340,0.0000,PATROL,0
40.611,0.0338,0.0000,PATROL,0
40.646,0.0344,0.1000,PATROL,0
40.680,0.0340,0.0000,PATROL,0
40.714,0.0340,0.0000,PATROL,0
40.748,0.0340,0.1000,PATROL,0
40.782,0.0344,0.0000,PATROL,0
40.816,0.0335,0.0000,PATROL,0
40.850,0.0339,0.1000,PATROL,0
40.884,0.0344,0.0000,PATROL,0
40.918,0.0339,0.0000,PATROL,0
40.952,0.0340,0.1000,PATROL,0
40.986,0.0340,0.0000,PATROL,0
41.020,0.0340,0.0000,PATROL,0
41.054,0.0340,0.1000,PATROL,0
41.088,0.0343,0.0000,PATROL,0
41.122,0.0338,0.0000,PATROL,0
41.156,0.0338,0.1000,PATROL,0
41.190,0.0338,0.0000,PATROL,0
41.224,0.0343,0.0000,PATROL,0
41.258,0.0338,0.1000,PATROL,0
41.292,0.0340,0.0000,PATROL,0
41.326,0.0341,0.0000,PATROL,0
41.360,0.0340,0.1000,PATROL,0
41.394,0.0341,0.0000,PATROL,0
41.429,0.0347,0.0000,PATROL,0
41.462,0.0334,0.1000,PATROL,0
41.496,0.0339,0.0000,PATROL,0
41.530,0.0338,0.1000,PATROL,0
41.564,0.0341,0.0000,PATROL,0
41.598,0.0341,0.0000,PATROL,0
41.632,0.0342,0.1000,PATROL,0
41.667,0.0344,0.0000,PATROL,0
41.700,0.0334,0.0000,PATROL,0
41.734,0.0339,0.1000,PATROL,0
41.768,0.0341,0.0000,PATROL,0
41.802,0.0342,0.0000,PATROL,0
41.836,0.0339,0.1000,PATROL,0
41.870,0.0338,0.0000,PATROL,0
41.905,0.0348,0.0000,PATROL,0
41.938,0.0335,0.1000,PATROL,0
41.972,0.0339,0.0000,PATROL,0
42.006,0.0341,0.0000,PATROL,0
42.040,0.0339,0.1000,PATROL,0
42.074,0.0341,0.0000,PATROL,0
42.108,0.0340,0.0000,PATROL,0
42.142,0.0340,0.1000,PATROL,0
42.176,0.0341,0.0000,PATROL,0
42.210,0.0339,0.0000,PATROL,0
42.244,0.0341,0.1000,PATROL,0
42.278,0.0340,0.0000,PATROL,0
42.312,0.0338,0.0000,PATROL,0
42.346,0.0342,0.1000,PATROL,0
42.380,0.0338,0.0000,PATROL,0
42.414,0.0341,0.0000,PATROL,0
42.449,0.0342,0.1000,PATROL,0
42.483,0.0340,0.0000,PATROL,0
42.516,0.0338,0.0000,PATROL,0
42.550,0.0338,0.1000,PATROL,0
42.585,0.0344,0.0000,PATROL,0
42.618,0.0338,0.0000,PATROL,0
42.653,0.0340,0.1000,PATROL,0
42.687,0.0342,0.0000,PATROL,0
42.721,0.0341,0.0000,PATROL,0
42.755,0.0340,0.1000,PATROL,0
42.789,0.0341,0.0000,PATROL,0
42.823,0.0339,0.0000,PATROL,0
42.857,0.0339,0.1000,PATROL,0
42.891,0.0340,0.0000,PATROL,0
42.925,0.0346,0.0000,PATROL,0
42.959,0.0335,0.1000,PATROL,0
42.993,0.0343,0.0000,PATROL,0
43.027,0.0338,0.0000,PATROL,0
43.061,0.0343,0.1000,PATROL,0
43.095,0.0335,0.0000,PATROL,0
43.129,0.0341,0.0000,PATROL,0
43.163,0.0342,0.1000,PATROL,0
43.197,0.0339,0.0000,PATROL,0
43.231,0.0338,0.1000,PATROL,0
43.265,0.0342,0.0000,PATROL,0
43.299,0.0341,0.0000,PATROL,0
43.333,0.0338,0.1000,PATROL,0
43.367,0.0343,0.0000,PATROL,0
43.401,0.0339,0.0000,PATROL,0
43.435,0.0340,0.1000,PATROL,0
43.469,0.0340,0.0000,PATROL,0
43.503,0.0341,0.0000,PATROL,0
43.537,0.0339,0.1000,PATROL,0
43.571,0.0339,0.0000,PATROL,0
43.605,0.0342,0.0000,PATROL,0
43.639,0.0345,0.1000,PATROL,0
43.673,0.0338,0.0000,PATROL,0
43.707,0.0339,0.0000,PATROL,0
43.741,0.0340,0.1000,PATROL,0
43.775,0.0341,0.0000,PATROL,0
43.810,0.0344,0.0000,PATROL,0
43.843,0.0337,0.1000,PATROL,0
43.877,0.0342,0.0000,PATROL,0
43.911,0.0336,0.0000,PATROL,0
43.945,0.0343,0.1000,PATROL,0
43.979,0.0340,0.0000,PATROL,0
44.013,0.0339,0.0000,PATROL,0
44.047,0.0341,0.1000,PATROL,0
44.081,0.0342,0.0000,PATROL,0
44.115,0.0337,0.0000,PATROL,0
44.149,0.0343,0.1000,PATROL,0
44.183,0.0340,0.0000,PATROL,0
44.217,0.0340,0.0000,PATROL,0
44.251,0.0338,0.1000,PATROL,0
44.285,0.0341,0.0000,PATROL,0
44.319,0.0341,0.0000,PATROL,0
44.353,0.0340,0.1000,PATROL,0
44.387,0.0341,0.0000,PATROL,0
44.421,0.0338,0.0000,PATROL,0
44.456,0.0344,0.1000,PATROL,0
44.490,0.0346,0.0000,PATROL,0
44.524,0.0336,0.0000,PATROL,0
44.558,0.0340,0.1000,PATROL,0
44.591,0.0337,0.0000,PATROL,0
44.626,0.0343,0.0000,PATROL,0
44.660,0.0339,0.1000,PATROL,0
44.694,0.0340,0.0000,PATROL,0
44.727,0.0339,0.0000,PATROL,0
44.762,0.0340,0.1000,PATROL,0
44.796,0.0341,0.0000,PATROL,0
44.830,0.0341,0.0000,PATROL,0
44.864,0.0338,0.1000,PATROL,0
44.898,0.0341,0.0000,PATROL,0
44.931,0.0338,0.1000,PATROL,0
44.966,0.0342,0.0000,PATROL,0
45.000,0.0342,0.0000,PATROL,0
45.034,0.0338,0.1000,PATROL,0
45.068,0.0342,0.0000,PATROL,0
45.102,0.0339,0.0000,PATROL,0
45.136,0.0341,0.1000,PATROL,0
45.170,0.0340,0.0000,PATROL,0
45.204,0.0340,0.0000,PATROL,0
45.238,0.0340,0.1000,PATROL,0
45.272,0.0338,0.0000,PATROL,0
45.306,0.0342,0.0000,PATROL,0
45.340,0.0340,0.1000,PATROL,0
45.374,0.0340,0.0000,PATROL,0
45.408,0.0344,0.0000,PATROL,0
45.442,0.0338,0.1000,PATROL,0
45.476,0.0340,0.0000,PATROL,0
45.510,0.0340,0.0000,PATROL,0
45.544,0.0342,0.1000,PATROL,0
45.578,0.0341,0.0000,PATROL,0
45.612,0.0337,0.0000,PATROL,0
45.646,0.0343,0.1000,PATROL,0
45.680,0.0342,0.0000,PATROL,0
45.714,0.0337,0.0000,PATROL,0
45.748,0.0340,0.1000,PATROL,0
45.782,0.0340,0.0000,PATROL,0
45.816,0.0340,0.0000,PATROL,0
45.850,0.0343,0.1000,PATROL,0
45.884,0.0339,0.0000,PATROL,0
45.918,0.0340,0.0000,PATROL,0
45.952,0.0338,0.1000,PATROL,0
45.986,0.0342,0.0000,PATROL,0
46.020,0.0339,0.0000,PATROL,0
46.054,0.0339,0.1000,PATROL,0
46.088,0.0341,0.0000,PATROL,0
46.122,0.0340,0.0000,PATROL,0
46.156,0.0339,0.1000,PATROL,0
46.191,0.0347,0.0000,PATROL,0
46.225,0.0340,0.0000,PATROL,0
46.258,0.0337,0.1000,PATROL,0
46.292,0.0337,0.0000,PATROL,0
46.326,0.0342,0.0000,PATROL,0
46.360,0.0341,0.1000,PATROL,0
46.394,0.0339,0.0000,PATROL,0
46.428,0.0340,0.0000,PATROL,0
46.462,0.0340,0.1000,PATROL,0
46.497,0.0341,0.0000,PATROL,0
46.531,0.0343,0.0000,PATROL,0
46.565,0.0336,0.1000,PATROL,0
46.599,0.0341,0.0000,PATROL,0
46.632,0.0336,0.1000,PATROL,0
46.667,0.0344,0.0000,PATROL,0
46.701,0.0339,0.0000,PATROL,0
46.734,0.0338,0.1000,PATROL,0
46.769,0.0343,0.0000,PATROL,0
46.803,0.0339,0.0000,PATROL,0
46.836,0.0339,0.1000,PATROL,0
46.871,0.0343,0.0000,PATROL,0
46.905,0.0340,0.0000,PATROL,0
46.939,0.0338,0.1000,PATROL,0
46.973,0.0340,0.0000,PATROL,0
47.007,0.0340,0.0000,PATROL,0
47.041,0.0342,0.1000,PATROL,0
47.075,0.0339,0.0000,PATROL,0
47.109,0.0340,0.0000,PATROL,0
47.143,0.0341,0.1000,PATROL,0
47.177,0.0339,0.0000,PATROL,0
47.211,0.0341,0.0000,PATROL,0
47.245,0.0341,0.1000,PATROL,0
47.279,0.0339,0.0000,PATROL,0
47.313,0.0340,0.0000,PATROL,0
47.347,0.0342,0.1000,PATROL,0
47.381,0.0341,0.0000,PATROL,0
47.415,0.0339,0.0000,PATROL,0
47.449,0.0343,0.1000,PATROL,0
47.483,0.0338,0.0000,PATROL,0
47.517,0.0339,0.0000,PATROL,0
47.552,0.0351,0.1000,PATROL,0
47.586,0.0337,0.0000,PATROL,0
47.620,0.0339,0.0000,PATROL,0
47.653,0.0336,0.1000,PATROL,0
47.687,0.0343,0.0000,PATROL,0
47.721,0.0337,0.0000,PATROL,0
47.755,0.0341,0.1000,PATROL,0
47.789,0.0340,0.0000,PATROL,0
47.823,0.0340,0.0000,PATROL,0
47.857,0.0342,0.1000,PATROL,0
47.892,0.0344,0.0000,PATROL,0
47.925,0.0334,0.0000,PATROL,0
47.959,0.0341,0.1000,PATROL,0
47.993,0.0339,0.0000,PATROL,0
48.027,0.0343,0.0000,PATROL,0
48.061,0.0339,0.1000,PATROL,0
48.095,0.0339,0.0000,PATROL,0
48.129,0.0342,0.0000,PATROL,0
48.163,0.0340,0.1000,PATROL,0
48.197,0.0340,0.0000,PATROL,0
48.231,0.0341,0.0000,PATROL,0
48.265,0.0340,0.1000,PATROL,0
48.299,0.0339,0.0000,PATROL,0
48.333,0.0338,0.1000,PATROL,0
48.367,0.0342,0.0000,PATROL,0
48.402,0.0341,0.0000,PATROL,0
48.435,0.0338,0.1000,PATROL,0
48.469,0.0340,0.0000,PATROL,0
48.503,0.0340,0.0000,PATROL,0
48.537,0.0339,0.1000,PATROL,0
48.572,0.0342,0.0000,PATROL,0
48.605,0.0338,0.0000,PATROL,0
48.640,0.0350,0.1000,PATROL,0
48.673,0.0332,0.0000,PATROL,0
48.707,0.0340,0.0000,PATROL,0
48.742,0.0341,0.1000,PATROL,0
48.776,0.0340,0.0000,PATROL,0
48.810,0.0340,0.0000,PATROL,0
48.844,0.0341,0.1000,PATROL,0
48.878,0.0339,0.0000,PATROL,0
48.912,0.0340,0.0000,PATROL,0
48.946,0.0341,0.1000,PATROL,0
48.980,0.0339,0.0000,PATROL,0
49.014,0.0339,0.0000,PATROL,0
49.048,0.0343,0.1000,PATROL,0
49.082,0.0339,0.0000,PATROL,0
49.116,0.0339,0.0000,PATROL,0
49.150,0.0341,0.1000,PATROL,0
49.184,0.0340,0.0000,PATROL,0
49.218,0.0345,0.0000,PATROL,0
49.252,0.0341,0.1000,PATROL,0
49.286,0.0341,0.0000,PATROL,0
49.320,0.0337,0.0000,PATROL,0
49.354,0.0340,0.1000,PATROL,0
49.388,0.0340,0.0000,PATROL,0
49.422,0.0338,0.0000,PATROL,0
49.456,0.0342,0.1000,PATROL,0
49.490,0.0341,0.0000,PATROL,0
49.524,0.0338,0.0000,PATROL,0
49.558,0.0339,0.1000,PATROL,0
49.592,0.0343,0.0000,PATROL,0
49.626,0.0339,0.0000,PATROL,0
49.660,0.0339,0.1000,PATROL,0
49.694,0.0342,0.0000,PATROL,0
49.728,0.0343,0.0000,PATROL,0
49.762,0.0336,0.1000,PATROL,0
49.796,0.0339,0.0000,PATROL,0
49.830,0.0341,0.0000,PATROL,0
49.864,0.0341,0.1000,PATROL,0
49.898,0.0338,0.0000,PATROL,0
49.932,0.0341,0.0000,PATROL,0
49.966,0.0340,0.1000,PATROL,0
50.000,0.0341,0.0000,PATROL,0
50.034,0.0338,0.1000,PATROL,0
50.068,0.0342,0.0000,PATROL,0
50.102,0.0341,0.0000,PATROL,0
50.136,0.0338,0.1000,PATROL,0
50.170,0.0342,0.0000,PATROL,0
50.205,0.0343,0.0000,PATROL,0
50.238,0.0335,0.1000,PATROL,0
50.272,0.0343,0.0000,PATROL,0
50.306,0.0339,0.0000,PATROL,0
50.340,0.0340,0.1000,PATROL,0
50.374,0.0340,0.0000,PATROL,0
50.408,0.0339,0.0000,PATROL,0
50.443,0.0344,0.1000,PATROL,0
50.477,0.0342,0.0000,PATROL,0
50.511,0.0339,0.0000,PATROL,0
50.546,0.0348,0.1000,PATROL,0
50.579,0.0331,0.0000,PATROL,0
50.613,0.0341,0.0000,PATROL,0
50.646,0.0339,0.1000,PATROL,0
50.681,0.0341,0.0000,PATROL,0
50.714,0.0338,0.0000,PATROL,0
50.749,0.0343,0.1000,PATROL,0
50.783,0.0339,0.0000,PATROL,0
50.817,0.0340,0.0000,PATROL,0
50.851,0.0340,0.1000,PATROL,0
50.885,0.0339,0.0000,PATROL,0
50.919,0.0340,0.0000,PATROL,0
50.953,0.0340,0.1000,PATROL,0
50.987,0.0340,0.0000,PATROL,0
51.021,0.0344,0.0000,PATROL,0
51.055,0.0341,0.1000,PATROL,0
51.090,0.0345,0.0000,PATROL,0
51.123,0.0333,0.0000,PATROL,0
51.157,0.0340,0.1000,PATROL,0
51.191,0.0341,0.0000,PATROL,0
51.225,0.0339,0.0000,PATROL,0
51.259,0.0339,0.1000,PATROL,0
51.293,0.0343,0.0000,PATROL,0
51.327,0.0339,0.0000,PATROL,0
51.361,0.0345,0.1000,PATROL,0
51.395,0.0334,0.0000,PATROL,0
51.429,0.0342,0.0000,PATROL,0
51.463,0.0339,0.1000,PATROL,0
51.497,0.0340,0.0000,PATROL,0
51.531,0.0341,0.0000,PATROL,0
51.565,0.0339,0.1000,PATROL,0
51.599,0.0340,0.0000,PATROL,0
51.634,0.0349,0.0000,PATROL,0
51.667,0.0331,0.1000,PATROL,0
51.701,0.0344,0.0000,PATROL,0
51.735,0.0335,0.1000,PATROL,0
51.769,0.0342,0.0000,PATROL,0
51.803,0.0339,0.0000,PATROL,0
51.837,0.0339,0.1000,PATROL,0
51.871,0.0341,0.0000,PATROL,0
51.905,0.0341,0.0000,PATROL,0
51.939,0.0341,0.1000,PATROL,0
51.973,0.0341,0.0000,PATROL,0
52.007,0.0339,0.0000,PATROL,0
52.041,0.0340,0.1000,PATROL,0
52.075,0.0339,0.0000,PATROL,0
52.109,0.0341,0.0000,PATROL,0
52.143,0.0341,0.1000,PATROL,0
52.177,0.0340,0.0000,PATROL,0
52.211,0.0340,0.0000,PATROL,0
52.245,0.0340,0.1000,PATROL,0
52.279,0.0340,0.0000,PATROL,0
52.313,0.0340,0.0000,PATROL,0
52.347,0.0341,0.1000,PATROL,0
52.381,0.0341,0.0000,PATROL,0
52.415,0.0338,0.0000,PATROL,0
52.450,0.0343,0.1000,PATROL,0
52.483,0.0338,0.0000,PATROL,0
52.517,0.0340,0.0000,PATROL,0
52.551,0.0341,0.1000,PATROL,0
52.585,0.0341,0.0000,PATROL,0
52.619,0.0338,0.0000,PATROL,0
52.653,0.0342,0.1000,PATROL,0
52.688,0.0342,0.0000,PATROL,0
52.721,0.0337,0.0000,PATROL,0
52.756,0.0342,0.1000,PATROL,0
52.790,0.0344,0.0000,PATROL,0
52.824,0.0338,0.0000,PATROL,0
52.858,0.0339,0.1000,PATROL,0
52.892,0.0341,0.0000,PATROL,0
52.926,0.0342,0.0000,PATROL,0
52.960,0.0338,0.1000,PATROL,0
52.994,0.0341,0.0000,PATROL,0
53.028,0.0340,0.0000,PATROL,0
53.062,0.0340,0.1000,PATROL,0
53.095,0.0339,0.0000,PATROL,0
53.130,0.0342,0.0000,PATROL,0
53.164,0.0341,0.1000,PATROL,0
53.198,0.0339,0.0000,PATROL,0
53.232,0.0342,0.0000,PATROL,0
53.266,0.0341,0.1000,PATROL,0
53.300,0.0339,0.0000,PATROL,0
53.334,0.0340,0.0000,PATROL,0
53.368,0.0340,0.1000,PATROL,0
53.402,0.0342,0.0000,PATROL,0
53.436,0.0338,0.1000,PATROL,0
53.470,0.0341,0.0000,PATROL,0
53.504,0.0342,0.0000,PATROL,0
53.538,0.0338,0.1000,PATROL,0
53.572,0.0342,0.0000,PATROL,0
53.606,0.0337,0.0000,PATROL,0
53.640,0.0341,0.1000,PATROL,0
53.674,0.0343,0.0000,PATROL,0
53.708,0.0340,0.0000,PATROL,0
53.742,0.0339,0.1000,PATROL,0
53.776,0.0338,0.0000,PATROL,0
53.810,0.0340,0.0000,PATROL,0
53.844,0.0340,0.1000,PATROL,0
53.878,0.0343,0.0000,PATROL,0
53.912,0.0339,0.0000,PATROL,0
53.946,0.0339,0.1000,PATROL,0
53.980,0.0340,0.0000,PATROL,0
54.014,0.0340,0.0000,PATROL,0
54.048,0.0341,0.1000,PATROL,0
54.082,0.0341,0.0000,PATROL,0
54.116,0.0338,0.0000,PATROL,0
54.150,0.0341,0.1000,PATROL,0
54.184,0.0340,0.0000,PATROL,0
54.218,0.0340,0.0000,PATROL,0
54.252,0.0341,0.1000,PATROL,0
54.286,0.0340,0.0000,PATROL,0
54.320,0.0341,0.0000,PATROL,0
54.355,0.0344,0.1000,PATROL,0
54.388,0.0337,0.0000,PATROL,0
54.422,0.0338,0.0000,PATROL,0
54.456,0.0339,0.1000,PATROL,0
54.490,0.0343,0.0000,PATROL,0
54.525,0.0342,0.0000,PATROL,0
54.559,0.0340,0.1000,PATROL,0
54.594,0.0353,0.0000,PATROL,0
54.627,0.0328,0.0000,PATROL,0
54.660,0.0339,0.1000,PATROL,0
54.695,0.0342,0.0000,PATROL,0
54.729,0.0339,0.0000,PATROL,0
54.763,0.0341,0.1000,PATROL,0
54.796,0.0339,0.0000,PATROL,0
54.831,0.0345,0.0000,PATROL,0
54.865,0.0337,0.1000,PATROL,0
54.899,0.0342,0.0000,PATROL,0
54.933,0.0341,0.0000,PATROL,0
54.967,0.0339,0.1000,PATROL,0
55.001,0.0337,0.0000,PATROL,0
55.035,0.0340,0.0000,PATROL,0
55.069,0.0340,0.1000,PATROL,0
55.102,0.0339,0.0000,PATROL,0
55.137,0.0341,0.1000,PATROL,0
55.171,0.0342,0.0000,PATROL,0
55.205,0.0343,0.0000,PATROL,0
55.239,0.0339,0.1000,PATROL,0
55.273,0.0338,0.0000,PATROL,0
55.307,0.0338,0.0000,PATROL,0
55.341,0.0342,0.1000,PATROL,0
55.375,0.0346,0.0000,PATROL,0
55.409,0.0333,0.0000,PATROL,0
55.443,0.0341,0.1000,PATROL,0
55.477,0.0339,0.0000,PATROL,0
55.511,0.0340,0.0000,PATROL,0
55.545,0.0340,0.1000,PATROL,0
55.579,0.0341,0.0000,PATROL,0
55.613,0.0339,0.0000,PATROL,0
55.647,0.0341,0.1000,PATROL,0
55.681,0.0340,0.0000,PATROL,0
55.715,0.0339,0.0000,PATROL,0
55.749,0.0344,0.1000,PATROL,0
55.783,0.0337,0.0000,PATROL,0
55.817,0.0339,0.0000,PATROL,0
55.851,0.0344,0.1000,PATROL,0
55.885,0.0337,0.0000,PATROL,0
55.919,0.0341,0.0000,PATROL,0
55.953,0.0342,0.1000,PATROL,0
55.987,0.0339,0.0000,PATROL,0
56.021,0.0340,0.0000,PATROL,0
56.055,0.0339,0.1000,PATROL,0
56.089,0.0342,0.0000,PATROL,0
56.123,0.0338,0.0000,PATROL,0
56.157,0.0341,0.1000,PATROL,0
56.191,0.0341,0.0000,PATROL,0
56.225,0.0339,0.0000,PATROL,0
56.259,0.0340,0.1000,PATROL,0
56.293,0.0343,0.0000,PATROL,0
56.327,0.0339,0.0000,PATROL,0
56.361,0.0340,0.1000,PATROL,0
56.396,0.0344,0.0000,PATROL,0
56.429,0.0338,0.0000,PATROL,0
56.463,0.0339,0.1000,PATROL,0
56.498,0.0347,0.0000,PATROL,0
56.532,0.0336,0.0000,PATROL,0
56.565,0.0337,0.1000,PATROL,0
56.600,0.0342,0.0000,PATROL,0
56.633,0.0338,0.0000,PATROL,0
56.667,0.0342,0.1000,PATROL,0
56.701,0.0339,0.0000,PATROL,0
56.736,0.0342,0.0000,PATROL,0
56.769,0.0338,0.1000,PATROL,0
56.804,0.0342,0.0000,PATROL,0
56.837,0.0338,0.1000,PATROL,0
56.871,0.0341,0.0000,PATROL,0
56.905,0.0339,0.0000,PATROL,0
56.940,0.0342,0.1000,PATROL,0
56.974,0.0340,0.0000,PATROL,0
57.007,0.0338,0.0000,PATROL,0
57.042,0.0341,0.1000,PATROL,0
57.076,0.0340,0.0000,PATROL,0
57.109,0.0339,0.0000,PATROL,0
57.144,0.0342,0.1000,PATROL,0
57.177,0.0338,0.0000,PATROL,0
57.211,0.0341,0.0000,PATROL,0
57.245,0.0340,0.1000,PATROL,0
57.279,0.0340,0.0000,PATROL,0
57.314,0.0340,0.0000,PATROL,0
57.348,0.0342,0.1000,PATROL,0
57.381,0.0338,0.0000,PATROL,0
57.416,0.0342,0.0000,PATROL,0
57.450,0.0340,0.1000,PATROL,0
57.484,0.0340,0.0000,PATROL,0
57.518,0.0339,0.0000,PATROL,0
57.552,0.0345,0.1000,PATROL,0
57.586,0.0341,0.0000,PATROL,0
57.620,0.0336,0.0000,PATROL,0
57.654,0.0339,0.1000,PATROL,0
57.688,0.0340,0.0000,PATROL,0
57.722,0.0340,0.0000,PATROL,0
57.756,0.0341,0.1000,PATROL,0
57.790,0.0341,0.0000,PATROL,0
57.824,0.0340,0.0000,PATROL,0
57.858,0.0339,0.1000,PATROL,0
57.892,0.0342,0.0000,PATROL,0
57.926,0.0343,0.0000,PATROL,0
57.960,0.0338,0.1000,PATROL,0
57.994,0.0342,0.0000,PATROL,0
58.028,0.0337,0.0000,PATROL,0
58.062,0.0339,0.1000,PATROL,0
58.097,0.0349,0.0000,PATROL,0
58.130,0.0337,0.0000,PATROL,0
58.164,0.0336,0.1000,PATROL,0
58.198,0.0340,0.0000,PATROL,0
58.232,0.0344,0.0000,PATROL,0
58.266,0.0336,0.1000,PATROL,0
58.300,0.0339,0.0000,PATROL,0
58.334,0.0341,0.0000,PATROL,0
58.368,0.0339,0.1000,PATROL,0
58.403,0.0346,0.0000,PATROL,0
58.436,0.0335,0.0000,PATROL,0
58.470,0.0342,0.1000,PATROL,0
58.505,0.0344,0.0000,PATROL,0
58.538,0.0335,0.1000,PATROL,0
58.572,0.0340,0.0000,PATROL,0
58.606,0.0341,0.0000,PATROL,0
58.640,0.0340,0.1000,PATROL,0
58.674,0.0340,0.0000,PATROL,0
58.708,0.0340,0.0000,PATROL,0
58.742,0.0339,0.1000,PATROL,0
58.776,0.0342,0.0000,PATROL,0
58.810,0.0339,0.0000,PATROL,0
58.844,0.0339,0.1000,PATROL,0
58.878,0.0339,0.0000,PATROL,0
58.912,0.0342,0.0000,PATROL,0
58.946,0.0339,0.1000,PATROL,0
58.981,0.0344,0.0000,PATROL,0
59.014,0.0337,0.0000,PATROL,0
59.048,0.0339,0.1000,PATROL,0
59.082,0.0340,0.0000,PATROL,0
59.116,0.0339,0.0000,PATROL,0
59.150,0.0342,0.1000,PATROL,0
59.185,0.0343,0.0000,PATROL,0
59.219,0.0338,0.0000,PATROL,0
59.253,0.0342,0.1000,PATROL,0
59.286,0.0338,0.0000,PATROL,0
59.321,0.0341,0.0000,PATROL,0
59.355,0.0341,0.1000,PATROL,0
59.389,0.0340,0.0000,PATROL,0
59.422,0.0338,0.0000,PATROL,0
59.458,0.0351,0.1000,PATROL,0
59.491,0.0332,0.0000,PATROL,0
59.525,0.0339,0.0000,PATROL,0
59.559,0.0339,0.1000,PATROL,0
59.593,0.0343,0.0000,PATROL,0
59.627,0.0337,0.0000,PATROL,0
59.661,0.0341,0.1000,PATROL,0
59.695,0.0342,0.0000,PATROL,0
59.729,0.0342,0.0000,PATROL,0
59.763,0.0337,0.1000,PATROL,0
59.797,0.0342,0.0000,PATROL,0
59.831,0.0338,0.0000,PATROL,0
59.865,0.0341,0.1000,PATROL,0
59.899,0.0338,0.0000,PATROL,0
59.933,0.0343,0.0000,PATROL,0
59.967,0.0338,0.1000,PATROL,0
60.001,0.0340,0.0000,PATROL,0
60.035,0.0340,0.0000,PATROL,0
60.069,0.0340,0.1000,PATROL,0
60.103,0.0340,0.0000,PATROL,0
60.137,0.0342,0.0000,PATROL,0
60.171,0.0338,0.1000,PATROL,0
60.205,0.0345,0.0000,PATROL,0
60.239,0.0335,0.1000,PATROL,0
60.273,0.0343,0.0000,PATROL,0
60.307,0.0338,0.0000,PATROL,0
60.341,0.0340,0.1000,PATROL,0
60.375,0.0341,0.0000,PATROL,0
60.409,0.0339,0.0000,PATROL,0
60.443,0.0342,0.1000,PATROL,0
60.477,0.0341,0.0000,PATROL,0
60.511,0.0339,0.0000,PATROL,0
60.545,0.0342,0.1000,PATROL,0
60.579,0.0336,0.0000,PATROL,0
60.613,0.0341,0.0000,PATROL,0
60.647,0.0342,0.1000,PATROL,0
60.681,0.0339,0.0000,PATROL,0
60.715,0.0341,0.0000,PATROL,0
60.749,0.0339,0.1000,PATROL,0
60.783,0.0340,0.0000,PATROL,0
60.817,0.0341,0.0000,PATROL,0
60.851,0.0339,0.1000,PATROL,0
60.885,0.0339,0.0000,PATROL,0
60.919,0.0339,0.0000,PATROL,0
60.953,0.0343,0.1000,PATROL,0
60.987,0.0337,0.0000,PATROL,0
61.021,0.0340,0.0000,PATROL,0
61.055,0.0341,0.1000,PATROL,0
61.089,0.0340,0.0000,PATROL,0
61.123,0.0339,0.0000,PATROL,0
61.157,0.0341,0.1000,PATROL,0
61.191,0.0341,0.0000,PATROL,0
61.225,0.0339,0.0000,PATROL,0
61.259,0.0340,0.1000,PATROL,0
61.294,0.0344,0.0000,PATROL,0
61.328,0.0339,0.0000,PATROL,0
61.362,0.0342,0.1000,PATROL,0
61.396,0.0339,0.0000,PATROL,0
61.430,0.0338,0.0000,PATROL,0
61.464,0.0341,0.1000,PATROL,0
61.498,0.0341,0.0000,PATROL,0
61.531,0.0338,0.0000,PATROL,0
61.565,0.0340,0.1000,PATROL,0
61.599,0.0340,0.0000,PATROL,0
61.634,0.0343,0.0000,PATROL,0
61.668,0.0338,0.1000,PATROL,0
61.702,0.0340,0.0000,PATROL,0
61.736,0.0341,0.0000,PATROL,0
61.769,0.0339,0.1000,PATROL,0
61.804,0.0343,0.0000,PATROL,0
61.837,0.0336,0.0000,PATROL,0
61.872,0.0342,0.1000,PATROL,0
61.906,0.0338,0.0000,PATROL,0
61.939,0.0339,0.1000,PATROL,0
61.974,0.0344,0.0000,PATROL,0
62.007,0.0337,0.0000,PATROL,0
62.042,0.0341,0.1000,PATROL,0
62.076,0.0342,0.0000,PATROL,0
62.110,0.0338,0.0000,PATROL,0
62.144,0.0340,0.1000,PATROL,0
62.178,0.0342,0.0000,PATROL,0
62.212,0.0338,0.0000,PATROL,0
62.246,0.0341,0.1000,PATROL,0
62.280,0.0339,0.0000,PATROL,0
62.314,0.0340,0.0000,PATROL,0
62.348,0.0342,0.1000,PATROL,0
62.382,0.0338,0.0000,PATROL,0
62.416,0.0342,0.0000,PATROL,0
62.450,0.0339,0.1000,PATROL,0
62.484,0.0339,0.0000,PATROL,0
62.518,0.0342,0.0000,PATROL,0
62.552,0.0342,0.1000,PATROL,0
62.586,0.0341,0.0000,PATROL,0
62.620,0.0338,0.0000,PATROL,0
62.654,0.0342,0.1000,PATROL,0
62.688,0.0341,0.0000,PATROL,0
62.722,0.0340,0.0000,PATROL,0
62.756,0.0342,0.1000,PATROL,0
62.790,0.0338,0.0000,PATROL,0
62.824,0.0340,0.0000,PATROL,0
62.858,0.0341,0.1000,PATROL,0
62.892,0.0340,0.0000,PATROL,0
62.926,0.0339,0.0000,PATROL,0
62.960,0.0339,0.1000,PATROL,0
62.994,0.0343,0.0000,PATROL,0
63.028,0.0341,0.0000,PATROL,0
63.062,0.0339,0.1000,PATROL,0
63.097,0.0345,0.0000,PATROL,0
63.131,0.0340,0.0000,PATROL,0
63.165,0.0339,0.1000,PATROL,0
63.199,0.0341,0.0000,PATROL,0
63.233,0.0339,0.0000,PATROL,0
63.267,0.0340,0.1000,PATROL,0
63.300,0.0339,0.0000,PATROL,0
63.335,0.0342,0.0000,PATROL,0
63.369,0.0340,0.1000,PATROL,0
63.403,0.0338,0.0000,PATROL,0
63.437,0.0341,0.0000,PATROL,0
63.471,0.0339,0.1000,PATROL,0
63.505,0.0346,0.0000,PATROL,0
63.539,0.0335,0.0000,PATROL,0
63.573,0.0342,0.1000,PATROL,0
63.606,0.0338,0.0000,PATROL,0
63.640,0.0340,0.1000,PATROL,0
63.675,0.0341,0.0000,PATROL,0
63.709,0.0341,0.0000,PATROL,0
63.742,0.0339,0.1000,PATROL,0
63.777,0.0343,0.0000,PATROL,0
63.811,0.0339,0.0000,PATROL,0
63.845,0.0340,0.1000,PATROL,0
63.879,0.0342,0.0000,PATROL,0
63.913,0.0338,0.0000,PATROL,0
63.947,0.0340,0.1000,PATROL,0
63.981,0.0340,0.0000,PATROL,0
64.015,0.0343,0.0000,PATROL,0
64.049,0.0341,0.1000,PATROL,0
64.083,0.0341,0.0000,PATROL,0
64.117,0.0338,0.0000,PATROL,0
64.151,0.0340,0.1000,PATROL,0
64.185,0.0340,0.0000,PATROL,0
64.219,0.0339,0.0000,PATROL,0
64.253,0.0340,0.1000,PATROL,0
64.287,0.0341,0.0000,PATROL,0
64.321,0.0341,0.0000,PATROL,0
64.355,0.0341,0.1000,PATROL,0
64.389,0.0339,0.0000,PATROL,0
64.423,0.0340,0.0000,PATROL,0
64.457,0.0341,0.1000,PATROL,0
64.491,0.0340,0.0000,PATROL,0
64.525,0.0341,0.0000,PATROL,0
64.559,0.0341,0.1000,PATROL,0
64.594,0.0344,0.0000,PATROL,0
64.627,0.0336,0.0000,PATROL,0
64.661,0.0338,0.1000,PATROL,0
64.695,0.0345,0.0000,PATROL,0
64.729,0.0340,0.0000,PATROL,0
64.763,0.0338,0.1000,PATROL,0
64.797,0.0342,0.0000,PATROL,0
64.831,0.0340,0.0000,PATROL,0
64.866,0.0342,0.1000,PATROL,0
64.899,0.0338,0.0000,PATROL,0
64.933,0.0341,0.0000,PATROL,0
64.967,0.0339,0.1000,PATROL,0
65.001,0.0339,0.0000,PATROL,0
65.035,0.0342,0.0000,PATROL,0
65.070,0.0342,0.1000,PATROL,0
65.103,0.0338,0.0000,PATROL,0
65.137,0.0341,0.0000,PATROL,0
65.171,0.0340,0.1000,PATROL,0
65.205,0.0339,0.0000,PATROL,0
65.240,0.0343,0.0000,PATROL,0
65.274,0.0339,0.1000,PATROL,0
65.307,0.0338,0.0000,PATROL,0
65.341,0.0339,0.1000,PATROL,0
65.375,0.0342,0.0000,PATROL,0
65.409,0.0339,0.0000,PATROL,0
65.443,0.0340,0.1000,PATROL,0
65.478,0.0342,0.0000,PATROL,0
65.511,0.0338,0.0000,PATROL,0
65.546,0.0342,0.1000,PATROL,0
65.580,0.0340,0.0000,PATROL,0
65.613,0.0339,0.0000,PATROL,0
65.648,0.0343,0.1000,PATROL,0
65.682,0.0339,0.0000,PATROL,0
65.716,0.0341,0.0000,PATROL,0
65.750,0.0343,0.1000,PATROL,0
65.784,0.0338,0.0000,PATROL,0
65.818,0.0341,0.0000,PATROL,0
65.852,0.0340,0.1000,PATROL,0
65.886,0.0339,0.0000,PATROL,0
65.920,0.0341,0.0000,PATROL,0
65.954,0.0340,0.1000,PATROL,0
65.988,0.0340,0.0000,PATROL,0
66.022,0.0340,0.0000,PATROL,0
66.056,0.0344,0.1000,PATROL,0
66.090,0.0338,0.0000,PATROL,0
66.124,0.0338,0.0000,PATROL,0
66.158,0.0342,0.1000,PATROL,0
66.192,0.0340,0.0000,PATROL,0
66.226,0.0341,0.0000,PATROL,0
66.260,0.0342,0.1000,PATROL,0
66.294,0.0340,0.0000,PATROL,0
66.328,0.0339,0.0000,PATROL,0
66.362,0.0338,0.1000,PATROL,0
66.396,0.0342,0.0000,PATROL,0
66.430,0.0340,0.0000,PATROL,0
66.464,0.0340,0.1000,PATROL,0
66.498,0.0341,0.0000,PATROL,0
66.532,0.0339,0.0000,PATROL,0
66.566,0.0340,0.1000,PATROL,0
66.600,0.0341,0.0000,PATROL,0
66.634,0.0341,0.0000,PATROL,0
66.668,0.0340,0.1000,PATROL,0
66.702,0.0340,0.0000,PATROL,0
66.736,0.0343,0.0000,PATROL,0
66.770,0.0339,0.1000,PATROL,0
66.805,0.0343,0.0000,PATROL,0
66.838,0.0335,0.0000,PATROL,0
66.872,0.0340,0.1000,PATROL,0
66.906,0.0339,0.0000,PATROL,0
66.940,0.0342,0.0000,PATROL,0
66.974,0.0339,0.1000,PATROL,0
67.008,0.0339,0.0000,PATROL,0
67.042,0.0339,0.1000,PATROL,0
67.076,0.0343,0.0000,PATROL,0
67.110,0.0338,0.0000,PATROL,0
67.144,0.0339,0.1000,PATROL,0
67.178,0.0341,0.0000,PATROL,0
67.212,0.0339,0.0000,PATROL,0
67.246,0.0340,0.1000,PATROL,0
67.281,0.0350,0.0000,PATROL,0
67.314,0.0331,0.0000,PATROL,0
67.348,0.0340,0.1000,PATROL,0
67.382,0.0339,0.0000,PATROL,0
67.416,0.0341,0.0000,PATROL,0
67.450,0.0341,0.1000,PATROL,0
67.484,0.0339,0.0000,PATROL,0
67.518,0.0341,0.0000,PATROL,0
67.552,0.0340,0.1000,PATROL,0
67.586,0.0340,0.0000,PATROL,0
67.620,0.0341,0.0000,PATROL,0
67.654,0.0340,0.1000,PATROL,0
67.689,0.0341,0.0000,PATROL,0
67.722,0.0339,0.0000,PATROL,0
67.757,0.0342,0.1000,PATROL,0
67.791,0.0344,0.0000,PATROL,0
67.825,0.0337,0.0000,PATROL,0
67.859,0.0340,0.1000,PATROL,0
67.893,0.0340,0.0000,PATROL,0
67.927,0.0341,0.0000,PATROL,0
67.961,0.0340,0.1000,PATROL,0
67.995,0.0339,0.0000,PATROL,0
68.029,0.0340,0.0000,PATROL,0
68.063,0.0339,0.1000,PATROL,0
68.097,0.0344,0.0000,PATROL,0
68.131,0.0336,0.0000,PATROL,0
68.165,0.0342,0.1000,PATROL,0
68.199,0.0340,0.0000,PATROL,0
68.233,0.0340,0.0000,PATROL,0
68.267,0.0339,0.1000,PATROL,0
68.301,0.0343,0.0000,PATROL,0
68.335,0.0338,0.0000,PATROL,0
68.369,0.0343,0.1000,PATROL,0
68.403,0.0339,0.0000,PATROL,0
68.437,0.0343,0.0000,PATROL,0
68.471,0.0336,0.1000,PATROL,0
68.505,0.0346,0.0000,PATROL,0
68.539,0.0336,0.0000,PATROL,0
68.573,0.0340,0.1000,PATROL,0
68.607,0.0339,0.0000,PATROL,0
68.642,0.0348,0.0000,PATROL,0
68.675,0.0331,0.1000,PATROL,0
68.709,0.0340,0.0000,PATROL,0
68.743,0.0342,0.1000,PATROL,0
68.777,0.0341,0.0000,PATROL,0
68.811,0.0340,0.0000,PATROL,0
68.845,0.0339,0.1000,PATROL,0
68.879,0.0341,0.0000,PATROL,0
68.913,0.0339,0.0000,PATROL,0
68.947,0.0339,0.1000,PATROL,0
68.981,0.0344,0.0000,PATROL,0
69.015,0.0339,0.0000,PATROL,0
69.049,0.0339,0.1000,PATROL,0
69.083,0.0339,0.0000,PATROL,0
69.117,0.0342,0.0000,PATROL,0
69.151,0.0339,0.1000,PATROL,0
69.186,0.0345,0.0000,PATROL,0
69.219,0.0336,0.0000,PATROL,0
69.253,0.0339,0.1000,PATROL,0
69.287,0.0339,0.0000,PATROL,0
69.321,0.0342,0.0000,PATROL,0
69.355,0.0339,0.1000,PATROL,0
69.389,0.0341,0.0000,PATROL,0
69.423,0.0340,0.0000,PATROL,0
69.457,0.0341,0.1000,PATROL,0
69.491,0.0340,0.0000,PATROL,0
69.525,0.0338,0.0000,PATROL,0
69.559,0.0341,0.1000,PATROL,0
69.593,0.0340,0.0000,PATROL,0
69.627,0.0341,0.0000,PATROL,0
69.661,0.0341,0.1000,PATROL,0
69.696,0.0341,0.0000,PATROL,0
69.730,0.0346,0.0000,PATROL,0
69.763,0.0333,0.1000,PATROL,0
69.798,0.0342,0.0000,PATROL,0
69.832,0.0339,0.0000,PATROL,0
69.866,0.0340,0.1000,PATROL,0
69.900,0.0340,0.0000,PATROL,0
69.934,0.0341,0.0000,PATROL,0
69.967,0.0338,0.1000,PATROL,0
70.002,0.0344,0.0000,PATROL,0
70.036,0.0337,0.0000,PATROL,0
70.070,0.0341,0.1000,PATROL,0
70.104,0.0339,0.0000,PATROL,0
70.138,0.0342,0.0000,PATROL,0
70.172,0.0341,0.1000,PATROL,0
70.206,0.0341,0.0000,PATROL,0
70.240,0.0341,0.0000,PATROL,0
70.274,0.0337,0.1000,PATROL,0
70.308,0.0341,0.0000,PATROL,0
70.342,0.0341,0.0000,PATROL,0
70.376,0.0339,0.1000,PATROL,0
70.410,0.0339,0.0000,PATROL,0
70.444,0.0339,0.1000,PATROL,0
70.478,0.0342,0.0000,PATROL,0
70.512,0.0338,0.0000,PATROL,0
70.546,0.0340,0.1000,PATROL,0
70.580,0.0344,0.0000,PATROL,0
70.614,0.0339,0.0000,PATROL,0
70.648,0.0344,0.1000,PATROL,0
70.682,0.0340,0.0000,PATROL,0
70.717,0.0342,0.0000,PATROL,0
70.752,0.0350,0.1000,PATROL,0
70.785,0.0333,0.0000,PATROL,0
70.819,0.0339,0.0000,PATROL,0
70.853,0.0339,0.1000,PATROL,0
70.886,0.0336,0.0000,PATROL,0
70.921,0.0343,0.0000,PATROL,0
70.954,0.0338,0.1000,PATROL,0
70.988,0.0339,0.0000,PATROL,0
71.022,0.0341,0.0000,PATROL,0
71.057,0.0340,0.1000,PATROL,0
71.090,0.0338,0.0000,PATROL,0
71.124,0.0341,0.0000,PATROL,0
71.158,0.0341,0.1000,PATROL,0
71.192,0.0340,0.0000,PATROL,0
71.227,0.0341,0.0000,PATROL,0
71.260,0.0339,0.1000,PATROL,0
71.295,0.0341,0.0000,PATROL,0
71.329,0.0342,0.0000,PATROL,0
71.363,0.0338,0.1000,PATROL,0
71.396,0.0339,0.0000,PATROL,0
71.430,0.0339,0.0000,PATROL,0
71.464,0.0341,0.1000,PATROL,0
71.499,0.0341,0.0000,PATROL,0
71.532,0.0339,0.0000,PATROL,0
71.567,0.0342,0.1000,PATROL,0
71.601,0.0342,0.0000,PATROL,0
71.635,0.0342,0.0000,PATROL,0
71.669,0.0337,0.1000,PATROL,0
71.703,0.0339,0.0000,PATROL,0
71.737,0.0342,0.0000,PATROL,0
71.771,0.0339,0.1000,PATROL,0
71.805,0.0341,0.0000,PATROL,0
71.839,0.0342,0.0000,PATROL,0
71.873,0.0340,0.1000,PATROL,0
71.907,0.0335,0.0000,PATROL,0
71.941,0.0344,0.0000,PATROL,0
71.975,0.0338,0.1000,PATROL,0
72.009,0.0339,0.0000,PATROL,0
72.043,0.0340,0.0000,PATROL,0
72.077,0.0340,0.1000,PATROL,0
72.111,0.0339,0.0000,PATROL,0
72.145,0.0340,0.1000,PATROL,0
72.179,0.0341,0.0000,PATROL,0
72.213,0.0339,0.0000,PATROL,0
72.247,0.0339,0.1000,PATROL,0
72.281,0.0341,0.0000,PATROL,0
72.315,0.0340,0.0000,PATROL,0
72.349,0.0339,0.1000,PATROL,0
72.383,0.0342,0.0000,PATROL,0
72.417,0.0341,0.0000,PATROL,0
72.451,0.0337,0.1000,PATROL,0
72.485,0.0340,0.0000,PATROL,0
72.519,0.0341,0.0000,PATROL,0
72.553,0.0339,0.1000,PATROL,0
72.587,0.0342,0.0000,PATROL,0
72.621,0.0339,0.0000,PATROL,0
72.655,0.0340,0.1000,PATROL,0
72.689,0.0343,0.0000,PATROL,0
72.723,0.0343,0.0000,PATROL,0
72.757,0.0341,0.1000,PATROL,0
72.792,0.0342,0.0000,PATROL,0
72.826,0.0340,0.0000,PATROL,0
72.860,0.0343,0.1000,PATROL,0
72.894,0.0339,0.0000,PATROL,0
72.928,0.0341,0.0000,PATROL,0
72.962,0.0340,0.1000,PATROL,0
72.996,0.0338,0.0000,PATROL,0
73.030,0.0340,0.0000,PATROL,0
73.064,0.0341,0.1000,PATROL,0
73.098,0.0341,0.0000,PATROL,0
73.132,0.0339,0.0000,PATROL,0
73.166,0.0338,0.1000,PATROL,0
73.200,0.0341,0.0000,PATROL,0
73.234,0.0342,0.0000,PATROL,0
73.268,0.0337,0.1000,PATROL,0
73.302,0.0342,0.0000,PATROL,0
73.336,0.0339,0.0000,PATROL,0
73.370,0.0339,0.1000,PATROL,0
73.404,0.0342,0.0000,PATROL,0
73.438,0.0340,0.0000,PATROL,0
73.472,0.0340,0.1000,PATROL,0
73.506,0.0343,0.0000,PATROL,0
73.540,0.0339,0.0000,PATROL,0
73.574,0.0341,0.1000,PATROL,0
73.608,0.0340,0.0000,PATROL,0
73.642,0.0342,0.0000,PATROL,0
73.676,0.0340,0.1000,PATROL,0
73.710,0.0340,0.0000,PATROL,0
73.745,0.0349,0.0000,PATROL,0
73.778,0.0333,0.1000,PATROL,0
73.812,0.0339,0.0000,PATROL,0
73.846,0.0340,0.1000,PATROL,0
73.880,0.0341,0.0000,PATROL,0
73.915,0.0340,0.0000,PATROL,0
73.949,0.0341,0.1000,PATROL,0
73.983,0.0341,0.0000,PATROL,0
74.017,0.0341,0.0000,PATROL,0
74.051,0.0337,0.1000,PATROL,0
74.085,0.0342,0.0000,PATROL,0
74.119,0.0340,0.0000,PATROL,0
74.153,0.0338,0.1000,PATROL,0
74.186,0.0340,0.0000,PATROL,0
74.221,0.0341,0.0000,PATROL,0
74.255,0.0340,0.1000,PATROL,0
74.289,0.0341,0.0000,PATROL,0
74.323,0.0341,0.0000,PATROL,0
74.357,0.0339,0.1000,PATROL,0
74.391,0.0339,0.0000,PATROL,0
74.425,0.0343,0.0000,PATROL,0
74.459,0.0339,0.1000,PATROL,0
74.493,0.0340,0.0000,PATROL,0
74.527,0.0338,0.0000,PATROL,0
74.561,0.0343,0.1000,PATROL,0
74.595,0.0340,0.0000,PATROL,0
74.629,0.0339,0.0000,PATROL,0
74.663,0.0342,0.1000,PATROL,0
74.697,0.0340,0.0000,PATROL,0
74.731,0.0338,0.0000,PATROL,0
74.765,0.0342,0.1000,PATROL,0
74.799,0.0339,0.0000,PATROL,0
74.833,0.0341,0.0000,PATROL,0
74.867,0.0337,0.1000,PATROL,0
74.901,0.0342,0.0000,PATROL,0
74.935,0.0342,0.0000,PATROL,0
74.969,0.0341,0.1000,PATROL,0
75.003,0.0341,0.0000,PATROL,0
75.037,0.0340,0.0000,PATROL,0
75.071,0.0340,0.1000,PATROL,0
75.106,0.0345,0.0000,PATROL,0
75.139,0.0337,0.0000,PATROL,0
75.173,0.0340,0.1000,PATROL,0
75.207,0.0337,0.0000,PATROL,0
75.241,0.0343,0.0000,PATROL,0
75.275,0.0341,0.1000,PATROL,0
75.309,0.0338,0.0000,PATROL,0
75.343,0.0341,0.0000,PATROL,0
75.378,0.0343,0.1000,PATROL,0
75.411,0.0337,0.0000,PATROL,0
75.445,0.0341,0.0000,PATROL,0
75.480,0.0344,0.1000,PATROL,0
75.513,0.0335,0.0000,PATROL,0
75.547,0.0339,0.1000,PATROL,0
75.581,0.0342,0.0000,PATROL,0
75.615,0.0340,0.0000,PATROL,0
75.649,0.0341,0.1000,PATROL,0
75.684,0.0341,0.0000,PATROL,0
75.718,0.0339,0.0000,PATROL,0
75.752,0.0340,0.1000,PATROL,0
75.786,0.0341,0.0000,PATROL,0
75.820,0.0339,0.0000,PATROL,0
75.854,0.0340,0.1000,PATROL,0
75.887,0.0338,0.0000,PATROL,0
75.922,0.0342,0.0000,PATROL,0
75.956,0.0341,0.1000,PATROL,0
75.990,0.0339,0.0000,PATROL,0
76.024,0.0343,0.0000,PATROL,0
76.058,0.0339,0.1000,PATROL,0
76.092,0.0341,0.0000,PATROL,0
76.126,0.0340,0.0000,PATROL,0
76.160,0.0343,0.1000,PATROL,0
76.194,0.0338,0.0000,PATROL,0
76.228,0.0338,0.0000,PATROL,0
76.262,0.0342,0.1000,PATROL,0
76.296,0.0341,0.0000,PATROL,0
76.330,0.0340,0.0000,PATROL,0
76.364,0.0344,0.1000,PATROL,0
76.398,0.0338,0.0000,PATROL,0
76.432,0.0342,0.0000,PATROL,0
76.466,0.0339,0.1000,PATROL,0
76.500,0.0341,0.0000,PATROL,0
76.534,0.0341,0.0000,PATROL,0
76.568,0.0337,0.1000,PATROL,0
76.602,0.0342,0.0000,PATROL,0
76.636,0.0340,0.0000,PATROL,0
76.670,0.0340,0.1000,PATROL,0
76.705,0.0347,0.0000,PATROL,0
76.738,0.0333,0.0000,PATROL,0
76.772,0.0342,0.1000,PATROL,0
76.806,0.0339,0.0000,PATROL,0
76.840,0.0341,0.0000,PATROL,0
76.874,0.0340,0.1000,PATROL,0
76.908,0.0338,0.0000,PATROL,0
76.942,0.0343,0.0000,PATROL,0
76.976,0.0339,0.1000,PATROL,0
77.010,0.0340,0.0000,PATROL,0
77.045,0.0341,0.0000,PATROL,0
77.079,0.0342,0.1000,PATROL,0
77.113,0.0340,0.0000,PATROL,0
77.147,0.0341,0.0000,PATROL,0
77.181,0.0340,0.1000,PATROL,0
77.215,0.0340,0.0000,PATROL,0
77.248,0.0337,0.1000,PATROL,0
77.283,0.0341,0.0000,PATROL,0
77.317,0.0342,0.0000,PATROL,0
77.351,0.0339,0.1000,PATROL,0
77.385,0.0343,0.0000,PATROL,0
77.419,0.0339,0.0000,PATROL,0
77.453,0.0340,0.1000,PATROL,0
77.487,0.0341,0.0000,PATROL,0
77.521,0.0341,0.0000,PATROL,0
77.555,0.0340,0.1000,PATROL,0
77.589,0.0337,0.0000,PATROL,0
77.623,0.0341,0.0000,PATROL,0
77.657,0.0339,0.1000,PATROL,0
77.691,0.0340,0.0000,PATROL,0
77.725,0.0341,0.0000,PATROL,0
77.759,0.0339,0.1000,PATROL,0
77.793,0.0344,0.0000,PATROL,0
77.827,0.0337,0.0000,PATROL,0
77.861,0.0340,0.1000,PATROL,0
77.895,0.0341,0.0000,PATROL,0
77.929,0.0338,0.0000,PATROL,0
77.963,0.0342,0.1000,PATROL,0
77.997,0.0341,0.0000,PATROL,0
78.031,0.0340,0.0000,PATROL,0
78.066,0.0351,0.1000,PATROL,0
78.099,0.0331,0.0000,PATROL,0
78.133,0.0343,0.0000,PATROL,0
78.167,0.0339,0.1000,PATROL,0
78.202,0.0341,0.0000,PATROL,0
78.235,0.0338,0.0000,PATROL,0
78.269,0.0339,0.1000,PATROL,0
78.303,0.0342,0.0000,PATROL,0
78.337,0.0341,0.0000,PATROL,0
78.372,0.0340,0.1000,PATROL,0
78.405,0.0339,0.0000,PATROL,0
78.440,0.0341,0.0000,PATROL,0
78.474,0.0340,0.1000,PATROL,0
78.507,0.0338,0.0000,PATROL,0
78.542,0.0342,0.0000,PATROL,0
78.576,0.0340,0.1000,PATROL,0
78.609,0.0338,0.0000,PATROL,0
78.644,0.0343,0.0000,PATROL,0
78.678,0.0339,0.1000,PATROL,0
78.712,0.0339,0.0000,PATROL,0
78.746,0.0342,0.0000,PATROL,0
78.780,0.0339,0.1000,PATROL,0
78.814,0.0340,0.0000,PATROL,0
78.848,0.0342,0.0000,PATROL,0
78.882,0.0338,0.1000,PATROL,0
78.916,0.0341,0.0000,PATROL,0
78.950,0.0338,0.1000,PATROL,0
78.984,0.0341,0.0000,PATROL,0
79.018,0.0340,0.0000,PATROL,0
79.052,0.0340,0.1000,PATROL,0
79.086,0.0341,0.0000,PATROL,0
79.120,0.0339,0.0000,PATROL,0
79.154,0.0343,0.1000,PATROL,0
79.188,0.0341,0.0000,PATROL,0
79.222,0.0338,0.0000,PATROL,0
79.256,0.0339,0.1000,PATROL,0
79.290,0.0342,0.0000,PATROL,0
79.324,0.0341,0.0000,PATROL,0
79.358,0.0338,0.1000,PATROL,0
79.392,0.0340,0.0000,PATROL,0
79.426,0.0341,0.0000,PATROL,0
79.460,0.0341,0.1000,PATROL,0
79.494,0.0337,0.0000,PATROL,0
79.528,0.0343,0.0000,PATROL,0
79.562,0.0340,0.1000,PATROL,0
79.596,0.0340,0.0000,PATROL,0
79.630,0.0337,0.0000,PATROL,0
79.664,0.0344,0.1000,PATROL,0
79.698,0.0338,0.0000,PATROL,0
79.732,0.0339,0.0000,PATROL,0
79.766,0.0342,0.1000,PATROL,0
79.800,0.0341,0.0000,PATROL,0
79.834,0.0340,0.0000,PATROL,0
79.869,0.0345,0.1000,PATROL,0
79.903,0.0337,0.0000,PATROL,0
79.936,0.0337,0.0000,PATROL,0
79.970,0.0339,0.1000,PATROL,0
80.005,0.0348,0.0000,PATROL,0
80.038,0.0333,0.0000,PATROL,0
80.072,0.0340,0.1000,PATROL,0
80.106,0.0340,0.0000,PATROL,0
80.140,0.0342,0.0000,PATROL,0
80.174,0.0339,0.1000,PATROL,0
80.208,0.0339,0.0000,PATROL,0
80.242,0.0341,0.0000,PATROL,0
80.276,0.0341,0.1000,PATROL,0
80.310,0.0339,0.0000,PATROL,0
80.345,0.0342,0.0000,PATROL,0
80.378,0.0339,0.1000,PATROL,0
80.412,0.0338,0.0000,PATROL,0
80.446,0.0342,0.0000,PATROL,0
80.481,0.0346,0.1000,PATROL,0
80.515,0.0335,0.0000,PATROL,0
80.549,0.0344,0.0000,PATROL,0
80.583,0.0340,0.1000,PATROL,0
80.617,0.0338,0.0000,PATROL,0
80.651,0.0338,0.1000,PATROL,0
80.685,0.0344,0.0000,PATROL,0
80.719,0.0340,0.0000,PATROL,0
80.753,0.0342,0.1000,PATROL,0
80.787,0.0339,0.0000,PATROL,0
80.821,0.0339,0.0000,PATROL,0
80.855,0.0342,0.1000,PATROL,0
80.889,0.0339,0.0000,PATROL,0
80.923,0.0340,0.0000,PATROL,0
80.957,0.0341,0.1000,PATROL,0
80.991,0.0340,0.0000,PATROL,0
81.025,0.0341,0.0000,PATROL,0
81.059,0.0339,0.1000,PATROL,0
81.093,0.0338,0.0000,PATROL,0
81.127,0.0342,0.0000,PATROL,0
81.164,0.0369,0.1000,PATROL,0
81.202,0.0383,0.0000,PATROL,0
81.234,0.0317,0.0000,PATROL,0
81.266,0.0323,0.1000,PATROL,0
81.300,0.0330,0.0000,PATROL,0
81.333,0.0334,0.0000,PATROL,0
81.366,0.0335,0.1000,PATROL,0
81.400,0.0338,0.0000,PATROL,0
81.434,0.0337,0.0000,PATROL,0
81.468,0.0338,0.1000,PATROL,0
81.502,0.0339,0.0000,PATROL,0
81.536,0.0341,0.0000,PATROL,0
81.570,0.0338,0.1000,PATROL,0
81.604,0.0341,0.0000,PATROL,0
81.637,0.0336,0.0000,PATROL,0
81.671,0.0339,0.1000,PATROL,0
81.705,0.0343,0.0000,PATROL,0
81.739,0.0340,0.0000,PATROL,0
81.774,0.0341,0.1000,PATROL,0
81.807,0.0337,0.0000,PATROL,0
81.842,0.0343,0.0000,PATROL,0
81.875,0.0339,0.1000,PATROL,0
81.909,0.0339,0.0000,PATROL,0
81.944,0.0343,0.0000,PATROL,0
81.978,0.0339,0.1000,PATROL,0
82.011,0.0338,0.0000,PATROL,0
82.046,0.0343,0.0000,PATROL,0
82.080,0.0340,0.1000,PATROL,0
82.114,0.0341,0.0000,PATROL,0
82.148,0.0341,0.0000,PATROL,0
82.182,0.0341,0.1000,PATROL,0
82.216,0.0337,0.0000,PATROL,0
82.250,0.0339,0.0000,PATROL,0
82.284,0.0343,0.1000,PATROL,0
82.318,0.0338,0.0000,PATROL,0
82.352,0.0339,0.1000,PATROL,0
82.386,0.0344,0.0000,PATROL,0
82.420,0.0339,0.0000,PATROL,0
82.454,0.0338,0.1000,PATROL,0
82.488,0.0340,0.0000,PATROL,0
82.522,0.0341,0.0000,PATROL,0
82.556,0.0340,0.1000,PATROL,0
82.590,0.0341,0.0000,PATROL,0
82.624,0.0341,0.0000,PATROL,0
82.658,0.0338,0.1000,PATROL,0
82.692,0.0339,0.0000,PATROL,0
82.726,0.0342,0.0000,PATROL,0
82.760,0.0340,0.1000,PATROL,0
82.794,0.0340,0.0000,PATROL,0
82.829,0.0349,0.0000,PATROL,0
82.863,0.0338,0.1000,PATROL,0
82.897,0.0343,0.0000,PATROL,0
82.931,0.0340,0.0000,PATROL,0
82.964,0.0335,0.1000,PATROL,0
82.998,0.0338,0.0000,PATROL,0
83.032,0.0338,0.0000,PATROL,0
83.066,0.0342,0.1000,PATROL,0
83.100,0.0339,0.0000,PATROL,0
83.134,0.0340,0.0000,PATROL,0
83.168,0.0343,0.1000,PATROL,0
83.202,0.0339,0.0000,PATROL,0
83.236,0.0341,0.0000,PATROL,0
83.270,0.0340,0.1000,PATROL,0
83.305,0.0346,0.0000,PATROL,0
83.338,0.0333,0.0000,PATROL,0
83.372,0.0338,0.1000,PATROL,0
83.406,0.0341,0.0000,PATROL,0
83.440,0.0343,0.0000,PATROL,0
83.474,0.0338,0.1000,PATROL,0
83.508,0.0339,0.0000,PATROL,0
83.542,0.0342,0.0000,PATROL,0
83.576,0.0339,0.1000,PATROL,0
83.610,0.0341,0.0000,PATROL,0
83.645,0.0342,0.0000,PATROL,0
83.678,0.0337,0.1000,PATROL,0
83.713,0.0342,0.0000,PATROL,0
83.747,0.0343,0.0000,PATROL,0
83.781,0.0337,0.1000,PATROL,0
83.814,0.0338,0.0000,PATROL,0
83.848,0.0340,0.0000,PATROL,0
83.882,0.0340,0.1000,PATROL,0
83.916,0.0339,0.0000,PATROL,0
83.950,0.0341,0.0000,PATROL,0
83.985,0.0344,0.1000,PATROL,0
84.019,0.0337,0.0000,PATROL,0
84.052,0.0338,0.1000,PATROL,0
84.087,0.0344,0.0000,PATROL,0
84.121,0.0339,0.0000,PATROL,0
84.154,0.0338,0.1000,PATROL,0
84.188,0.0341,0.0000,PATROL,0
84.223,0.0341,0.0000,PATROL,0
84.257,0.0342,0.1000,PATROL,0
84.291,0.0340,0.0000,PATROL,0
84.325,0.0340,0.0000,PATROL,0
84.359,0.0339,0.1000,PATROL,0
84.392,0.0338,0.0000,PATROL,0
84.427,0.0342,0.0000,PATROL,0
84.461,0.0341,0.1000,PATROL,0
84.495,0.0338,0.0000,PATROL,0
84.529,0.0342,0.0000,PATROL,0
84.563,0.0340,0.1000,PATROL,0
84.597,0.0339,0.0000,PATROL,0
84.631,0.0341,0.0000,PATROL,0
84.665,0.0340,0.1000,PATROL,0
84.699,0.0341,0.0000,PATROL,0
84.733,0.0337,0.0000,PATROL,0
84.767,0.0341,0.1000,PATROL,0
84.801,0.0343,0.0000,PATROL,0
84.835,0.0337,0.0000,PATROL,0
84.869,0.0343,0.1000,PATROL,0
84.903,0.0339,0.0000,PATROL,0
84.937,0.0340,0.0000,PATROL,0
84.971,0.0340,0.1000,PATROL,0
85.005,0.0344,0.0000,PATROL,0
85.039,0.0336,0.0000,PATROL,0
85.073,0.0342,0.1000,PATROL,0
85.107,0.0337,0.0000,PATROL,0
85.141,0.0343,0.0000,PATROL,0
85.175,0.0339,0.1000,PATROL,0
85.209,0.0340,0.0000,PATROL,0
85.243,0.0342,0.0000,PATROL,0
85.277,0.0341,0.1000,PATROL,0
85.311,0.0339,0.0000,PATROL,0
85.345,0.0342,0.0000,PATROL,0
85.379,0.0340,0.1000,PATROL,0
85.413,0.0339,0.0000,PATROL,0
85.447,0.0344,0.0000,PATROL,0
85.481,0.0338,0.1000,PATROL,0
85.515,0.0338,0.0000,PATROL,0
85.549,0.0343,0.0000,PATROL,0
85.583,0.0340,0.1000,PATROL,0
85.617,0.0340,0.0000,PATROL,0
85.651,0.0339,0.0000,PATROL,0
85.685,0.0341,0.1000,PATROL,0
85.719,0.0339,0.0000,PATROL,0
85.753,0.0339,0.1000,PATROL,0
85.787,0.0341,0.0000,PATROL,0
85.821,0.0341,0.0000,PATROL,0
85.855,0.0339,0.1000,PATROL,0
85.889,0.0341,0.0000,PATROL,0
85.923,0.0340,0.0000,PATROL,0
85.957,0.0340,0.1000,PATROL,0
85.991,0.0341,0.0000,PATROL,0
86.025,0.0340,0.0000,PATROL,0
86.059,0.0339,0.1000,PATROL,0
86.094,0.0341,0.0000,PATROL,0
86.128,0.0342,0.0000,PATROL,0
86.162,0.0339,0.1000,PATROL,0
86.196,0.0339,0.0000,PATROL,0
86.230,0.0341,0.0000,PATROL,0
86.264,0.0339,0.1000,PATROL,0
86.297,0.0339,0.0000,PATROL,0
86.332,0.0342,0.0000,PATROL,0
86.366,0.0339,0.1000,PATROL,0
86.400,0.0342,0.0000,PATROL,0
86.434,0.0342,0.0000,PATROL,0
86.468,0.0337,0.1000,PATROL,0
86.502,0.0340,0.0000,PATROL,0
86.536,0.0340,0.0000,PATROL,0
86.570,0.0341,0.1000,PATROL,0
86.604,0.0339,0.0000,PATROL,0
86.638,0.0338,0.0000,PATROL,0
86.672,0.0344,0.1000,PATROL,0
86.706,0.0339,0.0000,PATROL,0
86.740,0.0339,0.0000,PATROL,0
86.774,0.0339,0.1000,PATROL,0
86.808,0.0339,0.0000,PATROL,0
86.842,0.0342,0.0000,PATROL,0
86.876,0.0340,0.1000,PATROL,0
86.910,0.0340,0.0000,PATROL,0
86.944,0.0342,0.0000,PATROL,0
86.978,0.0339,0.1000,PATROL,0
87.012,0.0340,0.0000,PATROL,0
87.046,0.0341,0.0000,PATROL,0
87.080,0.0339,0.1000,PATROL,0
87.114,0.0339,0.0000,PATROL,0
87.148,0.0342,0.0000,PATROL,0
87.183,0.0351,0.1000,PATROL,0
87.216,0.0329,0.0000,PATROL,0
87.250,0.0340,0.0000,PATROL,0
87.284,0.0341,0.1000,PATROL,0
87.318,0.0338,0.0000,PATROL,0
87.352,0.0343,0.0000,PATROL,0
87.386,0.0337,0.1000,PATROL,0
87.420,0.0340,0.0000,PATROL,0
87.454,0.0339,0.1000,PATROL,0
87.488,0.0341,0.0000,PATROL,0
87.522,0.0341,0.0000,PATROL,0
87.556,0.0341,0.1000,PATROL,0
87.590,0.0342,0.0000,PATROL,0
87.624,0.0342,0.0000,PATROL,0
87.658,0.0339,0.1000,PATROL,0
87.692,0.0342,0.0000,PATROL,0
87.726,0.0338,0.0000,PATROL,0
87.760,0.0341,0.1000,PATROL,0
87.794,0.0339,0.0000,PATROL,0
87.828,0.0342,0.0000,PATROL,0
87.863,0.0341,0.1000,PATROL,0
87.896,0.0337,0.0000,PATROL,0
87.931,0.0343,0.0000,PATROL,0
87.965,0.0345,0.1000,PATROL,0
87.999,0.0338,0.0000,PATROL,0
88.033,0.0341,0.0000,PATROL,0
88.067,0.0338,0.1000,PATROL,0
88.101,0.0339,0.0000,PATROL,0
88.134,0.0338,0.0000,PATROL,0
88.169,0.0343,0.1000,PATROL,0
88.203,0.0338,0.0000,PATROL,0
88.237,0.0341,0.0000,PATROL,0
88.271,0.0339,0.1000,PATROL,0
88.305,0.0341,0.0000,PATROL,0
88.339,0.0339,0.0000,PATROL,0
88.373,0.0343,0.1000,PATROL,0
88.407,0.0338,0.0000,PATROL,0
88.441,0.0343,0.0000,PATROL,0
88.475,0.0336,0.1000,PATROL,0
88.509,0.0340,0.0000,PATROL,0
88.543,0.0341,0.0000,PATROL,0
88.577,0.0340,0.1000,PATROL,0
88.611,0.0339,0.0000,PATROL,0
88.645,0.0343,0.0000,PATROL,0
88.679,0.0338,0.1000,PATROL,0
88.713,0.0340,0.0000,PATROL,0
88.747,0.0340,0.0000,PATROL,0
88.781,0.0343,0.1000,PATROL,0
88.815,0.0338,0.0000,PATROL,0
88.849,0.0341,0.0000,PATROL,0
88.883,0.0341,0.1000,PATROL,0
88.917,0.0337,0.0000,PATROL,0
88.951,0.0342,0.0000,PATROL,0
88.985,0.0340,0.1000,PATROL,0
89.019,0.0339,0.0000,PATROL,0
89.053,0.0340,0.0000,PATROL,0
89.087,0.0340,0.1000,PATROL,0
89.121,0.0340,0.0000,PATROL,0
89.155,0.0339,0.1000,PATROL,0
89.189,0.0341,0.0000,PATROL,0
89.223,0.0340,0.0000,PATROL,0
89.257,0.0343,0.1000,PATROL,0
89.291,0.0340,0.0000,PATROL,0
89.325,0.0341,0.0000,PATROL,0
89.359,0.0339,0.1000,PATROL,0
89.394,0.0344,0.0000,PATROL,0
89.427,0.0337,0.0000,PATROL,0
89.461,0.0340,0.1000,PATROL,0
89.495,0.0339,0.0000,PATROL,0
89.529,0.0341,0.0000,PATROL,0
89.563,0.0340,0.1000,PATROL,0
89.597,0.0340,0.0000,PATROL,0
89.631,0.0341,0.0000,PATROL,0
89.665,0.0342,0.1000,PATROL,0
89.699,0.0339,0.0000,PATROL,0
89.733,0.0341,0.0000,PATROL,0
89.767,0.0339,0.1000,PATROL,0
89.801,0.0340,0.0000,PATROL,0
89.835,0.0338,0.0000,PATROL,0
89.869,0.0341,0.1000,PATROL,0
89.903,0.0340,0.0000,PATROL,0
89.937,0.0341,0.0000,PATROL,0
89.971,0.0340,0.1000,PATROL,0
90.005,0.0339,0.0000,PATROL,0
90.039,0.0340,0.0000,PATROL,0
90.074,0.0345,0.1000,PATROL,0
90.107,0.0335,0.0000,PATROL,0
90.141,0.0343,0.0000,PATROL,0
90.175,0.0337,0.1000,PATROL,0
90.209,0.0341,0.0000,PATROL,0
90.244,0.0342,0.0000,PATROL,0
90.278,0.0340,0.1000,PATROL,0
90.311,0.0339,0.0000,PATROL,0
90.345,0.0341,0.0000,PATROL,0
90.379,0.0339,0.1000,PATROL,0
90.414,0.0342,0.0000,PATROL,0
90.448,0.0340,0.0000,PATROL,0
90.482,0.0340,0.1000,PATROL,0
90.515,0.0338,0.0000,PATROL,0
90.550,0.0344,0.0000,PATROL,0
90.584,0.0338,0.1000,PATROL,0
90.618,0.0340,0.0000,PATROL,0
90.652,0.0341,0.0000,PATROL,0
90.686,0.0341,0.1000,PATROL,0
90.720,0.0339,0.0000,PATROL,0
90.754,0.0341,0.0000,PATROL,0
90.788,0.0338,0.1000,PATROL,0
90.822,0.0342,0.0000,PATROL,0
90.856,0.0337,0.1000,PATROL,0
90.890,0.0342,0.0000,PATROL,0
90.924,0.0339,0.0000,PATROL,0
90.958,0.0340,0.1000,PATROL,0
90.992,0.0342,0.0000,PATROL,0
91.026,0.0339,0.0000,PATROL,0
91.060,0.0339,0.1000,PATROL,0
91.094,0.0341,0.0000,PATROL,0
91.128,0.0339,0.0000,PATROL,0
91.162,0.0341,0.1000,PATROL,0
91.196,0.0339,0.0000,PATROL,0
91.230,0.0341,0.0000,PATROL,0
91.264,0.0340,0.1000,PATROL,0
91.298,0.0340,0.0000,PATROL,0
91.332,0.0340,0.0000,PATROL,0
91.366,0.0340,0.1000,PATROL,0
91.400,0.0338,0.0000,PATROL,0
91.434,0.0342,0.0000,PATROL,0
91.468,0.0340,0.1000,PATROL,0
91.502,0.0342,0.0000,PATROL,0
91.536,0.0339,0.0000,PATROL,0
91.570,0.0342,0.1000,PATROL,0
91.604,0.0341,0.0000,PATROL,0
91.638,0.0339,0.0000,PATROL,0
91.672,0.0342,0.1000,PATROL,0
91.706,0.0337,0.0000,PATROL,0
91.740,0.0341,0.0000,PATROL,0
91.774,0.0340,0.1000,PATROL,0
91.808,0.0341,0.0000,PATROL,0
91.842,0.0340,0.0000,PATROL,0
91.876,0.0338,0.1000,PATROL,0
91.910,0.0341,0.0000,PATROL,0
91.944,0.0342,0.0000,PATROL,0
91.978,0.0338,0.1000,PATROL,0
92.012,0.0339,0.0000,PATROL,0
92.046,0.0341,0.0000,PATROL,0
92.080,0.0341,0.1000,PATROL,0
92.115,0.0344,0.0000,PATROL,0
92.148,0.0337,0.0000,PATROL,0
92.182,0.0339,0.1000,PATROL,0
92.216,0.0339,0.0000,PATROL,0
92.250,0.0341,0.0000,PATROL,0
92.284,0.0341,0.1000,PATROL,0
92.318,0.0341,0.0000,PATROL,0
92.353,0.0341,0.0000,PATROL,0
92.386,0.0338,0.1000,PATROL,0
92.420,0.0340,0.0000,PATROL,0
92.455,0.0342,0.0000,PATROL,0
92.488,0.0338,0.1000,PATROL,0
92.523,0.0344,0.0000,PATROL,0
92.556,0.0337,0.1000,PATROL,0
92.591,0.0341,0.0000,PATROL,0
92.625,0.0341,0.0000,PATROL,0
92.659,0.0339,0.1000,PATROL,0
92.693,0.0341,0.0000,PATROL,0
92.727,0.0340,0.0000,PATROL,0
92.761,0.0340,0.1000,PATROL,0
92.795,0.0341,0.0000,PATROL,0
92.829,0.0339,0.0000,PATROL,0
92.863,0.0340,0.1000,PATROL,0
92.897,0.0342,0.0000,PATROL,0
92.931,0.0339,0.0000,PATROL,0
92.965,0.0343,0.1000,PATROL,0
92.999,0.0344,0.0000,PATROL,0
93.033,0.0339,0.0000,PATROL,0
93.067,0.0338,0.1000,PATROL,0
93.101,0.0340,0.0000,PATROL,0
93.135,0.0339,0.0000,PATROL,0
93.169,0.0340,0.1000,PATROL,0
93.203,0.0340,0.0000,PATROL,0
93.237,0.0337,0.0000,PATROL,0
93.271,0.0344,0.1000,PATROL,0
93.305,0.0341,0.0000,PATROL,0
93.339,0.0336,0.0000,PATROL,0
93.373,0.0341,0.1000,PATROL,0
93.407,0.0339,0.0000,PATROL,0
93.441,0.0342,0.0000,PATROL,0
93.475,0.0339,0.1000,PATROL,0
93.509,0.0340,0.0000,PATROL,0
93.543,0.0342,0.0000,PATROL,0
93.577,0.0339,0.1000,PATROL,0
93.611,0.0342,0.0000,PATROL,0
93.645,0.0342,0.0000,PATROL,0
93.679,0.0338,0.1000,PATROL,0
93.713,0.0344,0.0000,PATROL,0
93.747,0.0338,0.0000,PATROL,0
93.781,0.0339,0.1000,PATROL,0
93.815,0.0341,0.0000,PATROL,0
93.849,0.0340,0.0000,PATROL,0
93.883,0.0339,0.1000,PATROL,0
93.917,0.0339,0.0000,PATROL,0
93.951,0.0343,0.0000,PATROL,0
93.986,0.0343,0.1000,PATROL,0
94.019,0.0335,0.0000,PATROL,0
94.053,0.0341,0.0000,PATROL,0
94.087,0.0340,0.1000,PATROL,0
94.121,0.0340,0.0000,PATROL,0
94.155,0.0342,0.0000,PATROL,0
94.189,0.0338,0.1000,PATROL,0
94.223,0.0341,0.0000,PATROL,0
94.257,0.0339,0.1000,PATROL,0
94.291,0.0342,0.0000,PATROL,0
94.325,0.0340,0.0000,PATROL,0
94.359,0.0338,0.1000,PATROL,0
94.393,0.0341,0.0000,PATROL,0
94.427,0.0339,0.0000,PATROL,0
94.461,0.0340,0.1000,PATROL,0
94.495,0.0341,0.0000,PATROL,0
94.529,0.0342,0.0000,PATROL,0
94.563,0.0338,0.1000,PATROL,0
94.597,0.0339,0.0000,PATROL,0
94.631,0.0342,0.0000,PATROL,0
94.665,0.0339,0.1000,PATROL,0
94.699,0.0342,0.0000,PATROL,0
94.734,0.0342,0.0000,PATROL,0
94.768,0.0341,0.1000,PATROL,0
94.802,0.0339,0.0000,PATROL,0
94.836,0.0340,0.0000,PATROL,0
94.870,0.0341,0.1000,PATROL,0
94.904,0.0339,0.0000,PATROL,0
94.937,0.0340,0.0000,PATROL,0
94.972,0.0342,0.1000,PATROL,0
95.006,0.0341,0.0000,PATROL,0
95.040,0.0338,0.0000,PATROL,0
95.074,0.0342,0.1000,PATROL,0
95.107,0.0337,0.0000,PATROL,0
95.141,0.0341,0.0000,PATROL,0
95.176,0.0341,0.1000,PATROL,0
95.210,0.0340,0.0000,PATROL,0
95.244,0.0341,0.0000,PATROL,0
95.278,0.0339,0.1000,PATROL,0
95.312,0.0340,0.0000,PATROL,0
95.346,0.0341,0.0000,PATROL,0
95.380,0.0340,0.1000,PATROL,0
95.414,0.0341,0.0000,PATROL,0
95.448,0.0339,0.0000,PATROL,0
95.482,0.0340,0.1000,PATROL,0
95.516,0.0340,0.0000,PATROL,0
95.550,0.0342,0.0000,PATROL,0
95.584,0.0342,0.1000,PATROL,0
95.618,0.0338,0.0000,PATROL,0
95.652,0.0343,0.0000,PATROL,0
95.686,0.0340,0.1000,PATROL,0
95.720,0.0339,0.0000,PATROL,0
95.754,0.0341,0.0000,PATROL,0
95.788,0.0339,0.1000,PATROL,0
95.822,0.0339,0.0000,PATROL,0
95.856,0.0342,0.0000,PATROL,0
95.890,0.0340,0.1000,PATROL,0
95.924,0.0339,0.0000,PATROL,0
95.958,0.0339,0.1000,PATROL,0
95.992,0.0342,0.0000,PATROL,0
96.026,0.0341,0.0000,PATROL,0
96.060,0.0338,0.1000,PATROL,0
96.094,0.0343,0.0000,PATROL,0
96.128,0.0341,0.0000,PATROL,0
96.162,0.0338,0.1000,PATROL,0
96.196,0.0343,0.0000,PATROL,0
96.230,0.0339,0.0000,PATROL,0
96.264,0.0339,0.1000,PATROL,0
96.298,0.0341,0.0000,PATROL,0
96.332,0.0340,0.0000,PATROL,0
96.366,0.0340,0.1000,PATROL,0
96.400,0.0339,0.0000,PATROL,0
96.434,0.0341,0.0000,PATROL,0
96.468,0.0340,0.1000,PATROL,0
96.502,0.0339,0.0000,PATROL,0
96.536,0.0341,0.0000,PATROL,0
96.570,0.0340,0.1000,PATROL,0
96.605,0.0344,0.0000,PATROL,0
96.638,0.0335,0.0000,PATROL,0
96.673,0.0346,0.1000,PATROL,0
96.706,0.0334,0.0000,PATROL,0
96.740,0.0341,0.0000,PATROL,0
96.774,0.0341,0.1000,PATROL,0
96.808,0.0339,0.0000,PATROL,0
96.842,0.0341,0.0000,PATROL,0
96.876,0.0340,0.1000,PATROL,0
96.910,0.0339,0.0000,PATROL,0
96.945,0.0343,0.0000,PATROL,0
96.978,0.0336,0.1000,PATROL,0
97.012,0.0342,0.0000,PATROL,0
97.047,0.0341,0.0000,PATROL,0
97.081,0.0340,0.1000,PATROL,0
97.115,0.0340,0.0000,PATROL,0
97.149,0.0341,0.0000,PATROL,0
97.182,0.0338,0.1000,PATROL,0
97.217,0.0342,0.0000,PATROL,0
97.251,0.0339,0.0000,PATROL,0
97.285,0.0341,0.1000,PATROL,0
97.319,0.0339,0.0000,PATROL,0
97.353,0.0343,0.0000,PATROL,0
97.387,0.0341,0.1000,PATROL,0
97.421,0.0338,0.0000,PATROL,0
97.455,0.0342,0.0000,PATROL,0
97.489,0.0340,0.1000,PATROL,0
97.523,0.0338,0.0000,PATROL,0
97.557,0.0341,0.0000,PATROL,0
97.591,0.0340,0.1000,PATROL,0
97.625,0.0339,0.0000,PATROL,0
97.659,0.0339,0.1000,PATROL,0
97.693,0.0341,0.0000,PATROL,0
97.727,0.0340,0.0000,PATROL,0
97.761,0.0341,0.1000,PATROL,0
97.795,0.0342,0.0000,PATROL,0
97.829,0.0340,0.0000,PATROL,0
97.863,0.0341,0.1000,PATROL,0
97.897,0.0339,0.0000,PATROL,0
97.931,0.0341,0.0000,PATROL,0
97.965,0.0340,0.1000,PATROL,0
97.999,0.0340,0.0000,PATROL,0
98.033,0.0342,0.0000,PATROL,0
98.067,0.0339,0.1000,PATROL,0
98.101,0.0341,0.0000,PATROL,0
98.135,0.0340,0.0000,PATROL,0
98.169,0.0338,0.1000,PATROL,0
98.203,0.0341,0.0000,PATROL,0
98.237,0.0341,0.0000,PATROL,0
98.271,0.0340,0.1000,PATROL,0
98.306,0.0344,0.0000,PATROL,0
98.339,0.0335,0.0000,PATROL,0
98.373,0.0342,0.1000,PATROL,0
98.407,0.0337,0.0000,PATROL,0
98.441,0.0341,0.0000,PATROL,0
98.475,0.0342,0.1000,PATROL,0
98.509,0.0337,0.0000,PATROL,0
98.543,0.0342,0.0000,PATROL,0
98.578,0.0346,0.1000,PATROL,0
98.611,0.0335,0.0000,PATROL,0
98.645,0.0341,0.0000,PATROL,0
98.679,0.0339,0.1000,PATROL,0
98.713,0.0341,0.0000,PATROL,0
98.747,0.0341,0.0000,PATROL,0
98.781,0.0340,0.1000,PATROL,0
98.815,0.0340,0.0000,PATROL,0
98.850,0.0342,0.0000,PATROL,0
98.883,0.0338,0.1000,PATROL,0
98.917,0.0340,0.0000,PATROL,0
98.951,0.0341,0.0000,PATROL,0
98.986,0.0342,0.1000,PATROL,0
99.020,0.0341,0.0000,PATROL,0
99.053,0.0338,0.0000,PATROL,0
99.087,0.0339,0.1000,PATROL,0
99.122,0.0344,0.0000,PATROL,0
99.156,0.0341,0.0000,PATROL,0
99.190,0.0340,0.1000,PATROL,0
99.224,0.0339,0.0000,PATROL,0
99.258,0.0339,0.0000,PATROL,0
99.292,0.0344,0.1000,PATROL,0
99.326,0.0336,0.0000,PATROL,0
99.360,0.0341,0.1000,PATROL,0
99.394,0.0341,0.0000,PATROL,0
99.428,0.0340,0.0000,PATROL,0
99.462,0.0340,0.1000,PATROL,0
99.496,0.0341,0.0000,PATROL,0
99.530,0.0339,0.0000,PATROL,0
99.564,0.0339,0.1000,PATROL,0
99.598,0.0341,0.0000,PATROL,0
99.632,0.0341,0.0000,PATROL,0
99.666,0.0339,0.1000,PATROL,0
99.700,0.0340,0.0000,PATROL,0
99.734,0.0341,0.0000,PATROL,0
99.768,0.0339,0.1000,PATROL,0
99.802,0.0342,0.0000,PATROL,0
99.836,0.0341,0.0000,PATROL,0
99.870,0.0339,0.1000,PATROL,0
99.904,0.0339,0.0000,PATROL,0
99.938,0.0342,0.0000,PATROL,0
99.972,0.0338,0.1000,PATROL,0
100.006,0.0340,0.0000,PATROL,0
100.040,0.0340,0.0000,PATROL,0
100.074,0.0343,0.1000,PATROL,0
100.108,0.0338,0.0000,PATROL,0
100.142,0.0342,0.0000,PATROL,0
100.176,0.0341,0.1000,PATROL,0
100.210,0.0339,0.0000,PATROL,0
100.244,0.0340,0.0000,PATROL,0
100.278,0.0340,0.1000,PATROL,0
100.312,0.0339,0.0000,PATROL,0
100.346,0.0343,0.0000,PATROL,0
100.380,0.0338,0.1000,PATROL,0
100.414,0.0341,0.0000,PATROL,0
100.448,0.0341,0.0000,PATROL,0
100.482,0.0341,0.1000,PATROL,0
100.516,0.0339,0.0000,PATROL,0
100.550,0.0340,0.0000,PATROL,0
100.584,0.0339,0.1000,PATROL,0
100.618,0.0340,0.0000,PATROL,0
100.652,0.0341,0.0000,PATROL,0
100.686,0.0341,0.1000,PATROL,0
100.720,0.0342,0.0000,PATROL,0
100.754,0.0339,0.0000,PATROL,0
100.788,0.0340,0.1000,PATROL,0
100.822,0.0340,0.0000,PATROL,0
100.856,0.0341,0.0000,PATROL,0
100.890,0.0341,0.1000,PATROL,0
100.924,0.0339,0.0000,PATROL,0
100.958,0.0341,0.0000,PATROL,0
100.992,0.0340,0.1000,PATROL,0
101.026,0.0340,0.0000,PATROL,0
101.060,0.0339,0.1000,PATROL,0
101.094,0.0342,0.0000,PATROL,0
101.128,0.0340,0.0000,PATROL,0
101.163,0.0342,0.1000,PATROL,0
101.197,0.0341,0.0000,PATROL,0
101.231,0.0339,0.0000,PATROL,0
101.265,0.0342,0.1000,PATROL,0
101.299,0.0338,0.0000,PATROL,0
101.333,0.0342,0.0000,PATROL,0
101.367,0.0338,0.1000,PATROL,0
101.400,0.0339,0.0000,PATROL,0
101.435,0.0343,0.0000,PATROL,0
101.469,0.0340,0.1000,PATROL,0
101.503,0.0339,0.0000,PATROL,0
101.537,0.0343,0.0000,PATROL,0
101.571,0.0337,0.1000,PATROL,0
101.605,0.0339,0.0000,PATROL,0
101.639,0.0343,0.0000,PATROL,0
101.673,0.0340,0.1000,PATROL,0
101.707,0.0338,0.0000,PATROL,0
101.741,0.0341,0.0000,PATROL,0
101.775,0.0343,0.1000,PATROL,0
101.809,0.0337,0.0000,PATROL,0
101.843,0.0340,0.0000,PATROL,0
101.877,0.0341,0.1000,PATROL,0
101.911,0.0339,0.0000,PATROL,0
101.945,0.0341,0.0000,PATROL,0
101.979,0.0340,0.1000,PATROL,0
102.013,0.0338,0.0000,PATROL,0
102.047,0.0343,0.0000,PATROL,0
102.081,0.0336,0.1000,PATROL,0
102.115,0.0343,0.0000,PATROL,0
102.149,0.0340,0.0000,PATROL,0
102.183,0.0339,0.1000,PATROL,0
102.217,0.0341,0.0000,PATROL,0
102.251,0.0341,0.0000,PATROL,0
102.285,0.0340,0.1000,PATROL,0
102.319,0.0341,0.0000,PATROL,0
102.353,0.0340,0.0000,PATROL,0
102.387,0.0341,0.1000,PATROL,0
102.421,0.0340,0.0000,PATROL,0
102.455,0.0342,0.0000,PATROL,0
102.489,0.0338,0.1000,PATROL,0
102.523,0.0340,0.0000,PATROL,0
102.557,0.0339,0.0000,PATROL,0
102.592,0.0350,0.1000,PATROL,0
102.625,0.0335,0.0000,PATROL,0
102.659,0.0338,0.0000,PATROL,0
102.693,0.0340,0.1000,PATROL,0
102.727,0.0338,0.0000,PATROL,0
102.761,0.0339,0.1000,PATROL,0
102.795,0.0344,0.0000,PATROL,0
102.829,0.0338,0.0000,PATROL,0
102.863,0.0340,0.1000,PATROL,0
102.897,0.0341,0.0000,PATROL,0
102.931,0.0341,0.0000,PATROL,0
102.965,0.0339,0.1000,PATROL,0
102.999,0.0341,0.0000,PATROL,0
103.033,0.0341,0.0000,PATROL,0
103.067,0.0338,0.1000,PATROL,0
103.101,0.0341,0.0000,PATROL,0
103.136,0.0345,0.0000,PATROL,0
103.170,0.0336,0.1000,PATROL,0
103.204,0.0341,0.0000,PATROL,0
103.238,0.0340,0.0000,PATROL,0
103.272,0.0340,0.1000,PATROL,0
103.305,0.0338,0.0000,PATROL,0
103.340,0.0342,0.0000,PATROL,0
103.374,0.0340,0.1000,PATROL,0
103.408,0.0341,0.0000,PATROL,0
103.442,0.0340,0.0000,PATROL,0
103.476,0.0343,0.1000,PATROL,0
103.510,0.0336,0.0000,PATROL,0
103.544,0.0340,0.0000,PATROL,0
103.578,0.0342,0.1000,PATROL,0
103.612,0.0339,0.0000,PATROL,0
103.646,0.0339,0.0000,PATROL,0
103.680,0.0344,0.1000,PATROL,0
103.714,0.0337,0.0000,PATROL,0
103.748,0.0339,0.0000,PATROL,0
103.782,0.0340,0.1000,PATROL,0
103.816,0.0343,0.0000,PATROL,0
103.850,0.0339,0.0000,PATROL,0
103.884,0.0341,0.1000,PATROL,0
103.918,0.0338,0.0000,PATROL,0
103.952,0.0343,0.0000,PATROL,0
103.986,0.0339,0.1000,PATROL,0
104.020,0.0340,0.0000,PATROL,0
104.054,0.0341,0.0000,PATROL,0
104.088,0.0340,0.1000,PATROL,0
104.122,0.0338,0.0000,PATROL,0
104.156,0.0344,0.0000,PATROL,0
104.190,0.0338,0.1000,PATROL,0
104.224,0.0341,0.0000,PATROL,0
104.258,0.0339,0.0000,PATROL,0
104.292,0.0341,0.1000,PATROL,0
104.326,0.0341,0.0000,PATROL,0
104.360,0.0341,0.0000,PATROL,0
104.396,0.0355,0.1000,PATROL,0
104.429,0.0330,0.0000,PATROL,0
104.463,0.0338,0.1000,PATROL,0
104.497,0.0342,0.0000,PATROL,0
104.531,0.0338,0.0000,PATROL,0
104.564,0.0339,0.1000,PATROL,0
104.598,0.0341,0.0000,PATROL,0
104.632,0.0340,0.0000,PATROL,0
104.666,0.0338,0.1000,PATROL,0
104.701,0.0345,0.0000,PATROL,0
104.734,0.0337,0.0000,PATROL,0
104.769,0.0341,0.1000,PATROL,0
104.802,0.0338,0.0000,PATROL,0
104.837,0.0343,0.0000,PATROL,0
104.871,0.0339,0.1000,PATROL,0
104.905,0.0339,0.0000,PATROL,0
104.939,0.0340,0.0000,PATROL,0
104.972,0.0338,0.1000,PATROL,0
105.006,0.0339,0.0000,PATROL,0
105.041,0.0344,0.0000,PATROL,0
105.075,0.0340,0.1000,PATROL,0
105.109,0.0339,0.0000,PATROL,0
105.142,0.0339,0.0000,PATROL,0
105.177,0.0341,0.1000,PATROL,0
105.211,0.0340,0.0000,PATROL,0
105.245,0.0340,0.0000,PATROL,0
105.279,0.0342,0.1000,PATROL,0
105.313,0.0339,0.0000,PATROL,0
105.347,0.0341,0.0000,PATROL,0
105.381,0.0340,0.1000,PATROL,0
105.415,0.0338,0.0000,PATROL,0
105.449,0.0340,0.0000,PATROL,0
105.483,0.0339,0.1000,PATROL,0
105.517,0.0343,0.0000,PATROL,0
105.551,0.0338,0.0000,PATROL,0
105.585,0.0344,0.1000,PATROL,0
105.619,0.0337,0.0000,PATROL,0
105.653,0.0340,0.0000,PATROL,0
105.687,0.0339,0.1000,PATROL,0
105.721,0.0340,0.0000,PATROL,0
105.755,0.0341,0.0000,PATROL,0
105.789,0.0338,0.1000,PATROL,0
105.823,0.0342,0.0000,PATROL,0
105.857,0.0342,0.0000,PATROL,0
105.891,0.0338,0.1000,PATROL,0
105.925,0.0340,0.0000,PATROL,0
105.959,0.0339,0.0000,PATROL,0
105.993,0.0340,0.1000,PATROL,0
106.027,0.0339,0.0000,PATROL,0
106.061,0.0341,0.0000,PATROL,0
106.095,0.0344,0.1000,PATROL,0
106.129,0.0339,0.0000,PATROL,0
106.163,0.0338,0.1000,PATROL,0
106.197,0.0342,0.0000,PATROL,0
106.231,0.0343,0.0000,PATROL,0
106.265,0.0338,0.1000,PATROL,0
106.299,0.0342,0.0000,PATROL,0
106.333,0.0340,0.0000,PATROL,0
106.367,0.0340,0.1000,PATROL,0
106.402,0.0344,0.0000,PATROL,0
106.435,0.0336,0.0000,PATROL,0
106.469,0.0340,0.1000,PATROL,0
106.503,0.0339,0.0000,PATROL,0
106.538,0.0343,0.0000,PATROL,0
106.571,0.0338,0.1000,PATROL,0
106.605,0.0339,0.0000,PATROL,0
106.640,0.0344,0.0000,PATROL,0
106.673,0.0338,0.1000,PATROL,0
106.707,0.0337,0.0000,PATROL,0
106.741,0.0343,0.0000,PATROL,0
106.775,0.0339,0.1000,PATROL,0
106.809,0.0340,0.0000,PATROL,0
106.843,0.0341,0.0000,PATROL,0
106.878,0.0342,0.1000,PATROL,0
106.912,0.0339,0.0000,PATROL,0
106.945,0.0339,0.0000,PATROL,0
106.980,0.0341,0.1000,PATROL,0
107.014,0.0340,0.0000,PATROL,0
107.048,0.0339,0.0000,PATROL,0
107.082,0.0341,0.1000,PATROL,0
107.116,0.0339,0.0000,PATROL,0
107.150,0.0340,0.0000,PATROL,0
107.184,0.0341,0.1000,PATROL,0
107.218,0.0340,0.0000,PATROL,0
107.252,0.0340,0.0000,PATROL,0
107.286,0.0339,0.1000,PATROL,0
107.320,0.0340,0.0000,PATROL,0
107.354,0.0341,0.0000,PATROL,0
107.388,0.0341,0.1000,PATROL,0
107.422,0.0341,0.0000,PATROL,0
107.456,0.0341,0.0000,PATROL,0
107.490,0.0338,0.1000,PATROL,0
107.524,0.0338,0.0000,PATROL,0
107.558,0.0344,0.0000,PATROL,0
107.592,0.0342,0.1000,PATROL,0
107.626,0.0337,0.0000,PATROL,0
107.660,0.0342,0.0000,PATROL,0
107.694,0.0341,0.1000,PATROL,0
107.728,0.0339,0.0000,PATROL,0
107.762,0.0341,0.0000,PATROL,0
107.796,0.0338,0.1000,PATROL,0
107.831,0.0347,0.0000,PATROL,0
107.864,0.0337,0.1000,PATROL,0
107.898,0.0341,0.0000,PATROL,0
107.932,0.0339,0.0000,PATROL,0
107.966,0.0338,0.1000,PATROL,0
108.000,0.0342,0.0000,PATROL,0
108.034,0.0337,0.0000,PATROL,0
108.068,0.0340,0.1000,PATROL,0
108.102,0.0341,0.0000,PATROL,0
108.136,0.0338,0.0000,PATROL,0
108.170,0.0340,0.1000,PATROL,0
108.204,0.0344,0.0000,PATROL,0
108.238,0.0340,0.0000,PATROL,0
108.272,0.0339,0.1000,PATROL,0
108.306,0.0339,0.0000,PATROL,0
108.340,0.0342,0.0000,PATROL,0
108.374,0.0340,0.1000,PATROL,0
108.408,0.0339,0.0000,PATROL,0
108.442,0.0343,0.0000,PATROL,0
108.476,0.0339,0.1000,PATROL,0
108.510,0.0339,0.0000,PATROL,0
108.544,0.0340,0.0000,PATROL,0
108.578,0.0342,0.1000,PATROL,0
108.612,0.0338,0.0000,PATROL,0
108.646,0.0341,0.0000,PATROL,0
108.681,0.0342,0.1000,PATROL,0
108.715,0.0340,0.0000,PATROL,0
108.748,0.0339,0.0000,PATROL,0
108.783,0.0341,0.1000,PATROL,0
108.817,0.0342,0.0000,PATROL,0
108.850,0.0337,0.0000,PATROL,0
108.884,0.0339,0.1000,PATROL,0
108.919,0.0343,0.0000,PATROL,0
108.953,0.0341,0.0000,PATROL,0
108.987,0.0338,0.1000,PATROL,0
109.021,0.0341,0.0000,PATROL,0
109.055,0.0340,0.0000,PATROL,0
109.090,0.0351,0.1000,PATROL,0
109.123,0.0330,0.0000,PATROL,0
109.157,0.0340,0.0000,PATROL,0
109.191,0.0339,0.1000,PATROL,0
109.225,0.0339,0.0000,PATROL,0
109.259,0.0341,0.0000,PATROL,0
109.293,0.0342,0.1000,PATROL,0
109.327,0.0340,0.0000,PATROL,0
109.361,0.0344,0.0000,PATROL,0
109.395,0.0335,0.1000,PATROL,0
109.429,0.0340,0.0000,PATROL,0
109.463,0.0340,0.0000,PATROL,0
109.497,0.0339,0.1000,PATROL,0
109.531,0.0341,0.0000,PATROL,0
109.565,0.0339,0.1000,PATROL,0
109.599,0.0342,0.0000,PATROL,0
109.633,0.0342,0.0000,PATROL,0
109.667,0.0337,0.1000,PATROL,0
109.701,0.0347,0.0000,PATROL,0
109.735,0.0338,0.0000,PATROL,0
109.769,0.0338,0.1000,PATROL,0
109.803,0.0341,0.0000,PATROL,0
109.837,0.0341,0.0000,PATROL,0
109.871,0.0338,0.1000,PATROL,0
109.905,0.0339,0.0000,PATROL,0
109.939,0.0342,0.0000,PATROL,0
109.973,0.0340,0.1000,PATROL,0
110.007,0.0340,0.0000,PATROL,0
110.041,0.0341,0.0000,PATROL,0
110.075,0.0341,0.1000,PATROL,0
110.109,0.0338,0.0000,PATROL,0
110.143,0.0343,0.0000,PATROL,0
110.177,0.0338,0.1000,PATROL,0
110.211,0.0340,0.0000,PATROL,0
110.245,0.0340,0.0000,PATROL,0
110.280,0.0342,0.1000,PATROL,0
110.313,0.0338,0.0000,PATROL,0
110.347,0.0341,0.0000,PATROL,0
110.381,0.0339,0.1000,PATROL,0
110.415,0.0340,0.0000,PATROL,0
110.449,0.0339,0.0000,PATROL,0
110.483,0.0342,0.1000,PATROL,0
110.517,0.0338,0.0000,PATROL,0
110.551,0.0340,0.0000,PATROL,0
110.585,0.0340,0.1000,PATROL,0
110.619,0.0342,0.0000,PATROL,0
110.653,0.0339,0.0000,PATROL,0
110.687,0.0339,0.1000,PATROL,0
110.722,0.0345,0.0000,PATROL,0
110.756,0.0337,0.0000,PATROL,0
110.789,0.0339,0.1000,PATROL,0
110.824,0.0341,0.0000,PATROL,0
110.858,0.0340,0.0000,PATROL,0
110.892,0.0340,0.1000,PATROL,0
110.925,0.0339,0.0000,PATROL,0
110.960,0.0343,0.0000,PATROL,0
110.994,0.0341,0.1000,PATROL,0
111.028,0.0339,0.0000,PATROL,0
111.062,0.0340,0.0000,PATROL,0
111.096,0.0339,0.1000,PATROL,0
111.130,0.0340,0.0000,PATROL,0
111.164,0.0340,0.0000,PATROL,0
111.198,0.0342,0.1000,PATROL,0
111.232,0.0341,0.0000,PATROL,0
111.266,0.0338,0.1000,PATROL,0
111.300,0.0341,0.0000,PATROL,0
111.334,0.0340,0.0000,PATROL,0
111.368,0.0340,0.1000,PATROL,0
111.402,0.0341,0.0000,PATROL,0
111.436,0.0338,0.0000,PATROL,0
111.470,0.0342,0.1000,PATROL,0
111.504,0.0343,0.0000,PATROL,0
111.538,0.0338,0.0000,PATROL,0
111.572,0.0339,0.1000,PATROL,0
111.606,0.0340,0.0000,PATROL,0
111.640,0.0342,0.0000,PATROL,0
111.674,0.0340,0.1000,PATROL,0
111.708,0.0338,0.0000,PATROL,0
111.742,0.0341,0.0000,PATROL,0
111.777,0.0346,0.1000,PATROL,0
111.810,0.0333,0.0000,PATROL,0
111.844,0.0341,0.0000,PATROL,0
111.878,0.0340,0.1000,PATROL,0
111.912,0.0339,0.0000,PATROL,0
111.946,0.0341,0.0000,PATROL,0
111.980,0.0342,0.1000,PATROL,0
112.014,0.0340,0.0000,PATROL,0
112.048,0.0339,0.0000,PATROL,0
112.082,0.0341,0.1000,PATROL,0
112.116,0.0339,0.0000,PATROL,0
112.150,0.0339,0.0000,PATROL,0
112.184,0.0343,0.1000,PATROL,0
112.218,0.0339,0.0000,PATROL,0
112.252,0.0339,0.0000,PATROL,0
112.286,0.0340,0.1000,PATROL,0
112.320,0.0342,0.0000,PATROL,0
112.355,0.0343,0.0000,PATROL,0
112.388,0.0337,0.1000,PATROL,0
112.422,0.0341,0.0000,PATROL,0
112.456,0.0338,0.0000,PATROL,0
112.490,0.0341,0.1000,PATROL,0
112.524,0.0341,0.0000,PATROL,0
112.559,0.0341,0.0000,PATROL,0
112.592,0.0338,0.1000,PATROL,0
112.626,0.0339,0.0000,PATROL,0
112.661,0.0347,0.0000,PATROL,0
112.695,0.0340,0.1000,PATROL,0
112.729,0.0335,0.0000,PATROL,0
112.762,0.0339,0.0000,PATROL,0
112.796,0.0339,0.1000,PATROL,0
112.830,0.0340,0.0000,PATROL,0
112.865,0.0344,0.0000,PATROL,0
112.899,0.0337,0.1000,PATROL,0
112.932,0.0340,0.0000,PATROL,0
112.966,0.0340,0.1000,PATROL,0
113.001,0.0342,0.0000,PATROL,0
113.035,0.0340,0.0000,PATROL,0
113.069,0.0340,0.1000,PATROL,0
113.103,0.0340,0.0000,PATROL,0
113.137,0.0341,0.0000,PATROL,0
113.171,0.0338,0.1000,PATROL,0
113.205,0.0339,0.0000,PATROL,0
113.239,0.0343,0.0000,PATROL,0
113.273,0.0342,0.1000,PATROL,0
113.307,0.0341,0.0000,PATROL,0
113.341,0.0344,0.0000,PATROL,0
113.375,0.0338,0.1000,PATROL,0
113.409,0.0339,0.0000,PATROL,0
113.443,0.0341,0.0000,PATROL,0
113.477,0.0338,0.1000,PATROL,0
113.511,0.0340,0.0000,PATROL,0
113.545,0.0341,0.0000,PATROL,0
113.579,0.0338,0.1000,PATROL,0
113.613,0.0339,0.0000,PATROL,0
113.647,0.0340,0.0000,PATROL,0
113.681,0.0346,0.1000,PATROL,0
113.715,0.0337,0.0000,PATROL,0
113.749,0.0339,0.0000,PATROL,0
113.783,0.0340,0.1000,PATROL,0
113.817,0.0339,0.0000,PATROL,0
113.851,0.0341,0.0000,PATROL,0
113.885,0.0340,0.1000,PATROL,0
