t,wall_dt,sim_dt,state,dropped
0.054,0.0338,,PATROL,0
0.089,0.0342,0.0000,PATROL,0
0.123,0.0339,0.0000,ALIGN,0
0.157,0.0341,0.1000,ALIGN,0
0.190,0.0338,0.0000,ALIGN,0
0.225,0.0340,0.0000,ALIGN,0
0.259,0.0341,0.1000,ALIGN,0
0.293,0.0339,0.0000,ALIGN,0
0.327,0.0341,0.0000,ALIGN,0
0.361,0.0341,0.1000,ALIGN,0
0.395,0.0339,0.0000,ALIGN,0
0.429,0.0343,0.0000,ALIGN,0
0.463,0.0338,0.1000,ALIGN,0
0.497,0.0339,0.0000,ALIGN,0
0.531,0.0340,0.0000,ALIGN,0
0.565,0.0342,0.1000,ALIGN,0
0.599,0.0341,0.0000,ALIGN,0
0.633,0.0339,0.0000,ALIGN,0
0.667,0.0341,0.1000,ALIGN,0
0.701,0.0340,0.0000,ALIGN,0
0.735,0.0341,0.0000,ALIGN,0
0.769,0.0340,0.1000,ALIGN,0
0.803,0.0341,0.0000,ALIGN,0
0.837,0.0340,0.0000,ALIGN,0
0.871,0.0338,0.1000,ALIGN,0
0.905,0.0343,0.0000,ALIGN,0
0.939,0.0338,0.0000,ALIGN,0
0.973,0.0341,0.1000,ALIGN,0
1.007,0.0340,0.0000,ALIGN,0
1.041,0.0341,0.0000,ALIGN,0
1.075,0.0339,0.1000,ALIGN,0
1.109,0.0339,0.0000,ALIGN,0
1.143,0.0342,0.0000,ALIGN,0
1.177,0.0340,0.1000,ALIGN,0
1.211,0.0339,0.0000,ALIGN,0
1.246,0.0345,0.0000,ALIGN,0
1.279,0.0336,0.1000,ALIGN,0
1.313,0.0341,0.0000,ALIGN,0
1.347,0.0341,0.0000,ALIGN,0
1.381,0.0339,0.1000,ALIGN,0
1.415,0.0340,0.0000,APPROACH,0
1.450,0.0343,0.0000,APPROACH,0
1.484,0.0342,0.1000,APPROACH,0
1.518,0.0337,0.0000,APPROACH,0
1.552,0.0343,0.1000,APPROACH,0
1.586,0.0339,0.0000,APPROACH,0
1.620,0.0340,0.0000,APPROACH,0
1.654,0.0338,0.1000,APPROACH,0
1.688,0.0342,0.0000,APPROACH,0
1.722,0.0338,0.0000,APPROACH,0
1.756,0.0340,0.1000,APPROACH,0
1.790,0.0342,0.0000,APPROACH,0
1.824,0.0340,0.0000,APPROACH,0
1.858,0.0340,0.1000,APPROACH,0
1.892,0.0338,0.0000,APPROACH,0
1.926,0.0341,0.0000,APPROACH,0
1.960,0.0339,0.1000,APPROACH,0
1.994,0.0342,0.0000,APPROACH,0
2.028,0.0339,0.0000,APPROACH,0
2.062,0.0343,0.1000,APPROACH,0
2.096,0.0338,0.0000,APPROACH,0
2.130,0.0340,0.0000,APPROACH,0
2.164,0.0343,0.1000,APPROACH,0
2.198,0.0339,0.0000,APPROACH,0
2.232,0.0338,0.0000,APPROACH,0
2.266,0.0343,0.1000,APPROACH,0
2.300,0.0339,0.0000,APPROACH,0
2.334,0.0341,0.0000,APPROACH,0
2.368,0.0340,0.1000,APPROACH,0
2.402,0.0339,0.0000,APPROACH,0
2.436,0.0339,0.0000,APPROACH,0
2.470,0.0343,0.1000,APPROACH,0
2.504,0.0337,0.0000,APPROACH,0
2.538,0.0342,0.0000,APPROACH,0
2.572,0.0339,0.1000,APPROACH,0
2.607,0.0345,0.0000,APPROACH,0
2.640,0.0335,0.0000,APPROACH,0
2.674,0.0341,0.1000,APPROACH,0
2.708,0.0341,0.0000,APPROACH,0
2.742,0.0342,0.0000,APPROACH,0
2.776,0.0338,0.1000,APPROACH,0
2.810,0.0343,0.0000,APPROACH,0
2.845,0.0341,0.0000,APPROACH,0
2.879,0.0340,0.1000,APPROACH,0
2.912,0.0337,0.0000,APPROACH,0
2.947,0.0342,0.0000,APPROACH,0
2.981,0.0340,0.1000,APPROACH,0
3.014,0.0337,0.0000,APPROACH,0
3.048,0.0342,0.0000,APPROACH,0
3.082,0.0339,0.1000,APPROACH,0
3.116,0.0340,0.0000,APPROACH,0
3.151,0.0343,0.0000,APPROACH,0
3.185,0.0340,0.1000,APPROACH,0
3.219,0.0338,0.0000,APPROACH,0
3.253,0.0342,0.1000,APPROACH,0
3.287,0.0340,0.0000,APPROACH,0
3.321,0.0340,0.0000,APPROACH,0
3.354,0.0337,0.1000,APPROACH,0
3.389,0.0342,0.0000,APPROACH,0
3.423,0.0340,0.0000,APPROACH,0
3.457,0.0341,0.1000,APPROACH,0
3.491,0.0340,0.0000,APPROACH,0
3.525,0.0340,0.0000,APPROACH,0
3.559,0.0339,0.1000,APPROACH,0
3.593,0.0339,0.0000,APPROACH,0
3.627,0.0340,0.0000,APPROACH,0
3.661,0.0343,0.1000,APPROACH,0
3.695,0.0338,0.0000,APPROACH,0
3.729,0.0340,0.0000,APPROACH,0
3.763,0.0340,0.1000,APPROACH,0
3.797,0.0340,0.0000,APPROACH,0
3.831,0.0342,0.0000,APPROACH,0
3.865,0.0339,0.1000,APPROACH,0
3.899,0.0340,0.0000,APPROACH,0
3.933,0.0341,0.0000,APPROACH,0
3.967,0.0342,0.1000,APPROACH,0
4.001,0.0343,0.0000,APPROACH,0
4.035,0.0337,0.0000,APPROACH,0
4.069,0.0341,0.1000,APPROACH,0
4.103,0.0340,0.0000,APPROACH,0
4.137,0.0340,0.0000,APPROACH,0
4.171,0.0340,0.1000,APPROACH,0
4.205,0.0340,0.0000,APPROACH,0
4.239,0.0340,0.0000,APPROACH,0
4.273,0.0339,0.1000,APPROACH,0
4.307,0.0342,0.0000,APPROACH,0
4.341,0.0342,0.0000,APPROACH,0
4.375,0.0337,0.1000,APPROACH,0
4.409,0.0339,0.0000,APPROACH,0
4.443,0.0341,0.0000,APPROACH,0
4.477,0.0342,0.1000,APPROACH,0
4.511,0.0338,0.0000,APPROACH,0
4.545,0.0340,0.0000,APPROACH,0
4.579,0.0342,0.1000,APPROACH,0
4.613,0.0339,0.0000,APPROACH,0
4.647,0.0341,0.0000,APPROACH,0
4.682,0.0342,0.1000,APPROACH,0
4.715,0.0337,0.0000,APPROACH,0
4.750,0.0343,0.0000,APPROACH,0
4.783,0.0338,0.1000,APPROACH,0
4.817,0.0341,0.0000,APPROACH,0
4.851,0.0339,0.0000,APPROACH,0
4.886,0.0342,0.1000,APPROACH,0
4.919,0.0337,0.0000,APPROACH,0
4.954,0.0343,0.1000,APPROACH,0
4.988,0.0340,0.0000,APPROACH,0
5.022,0.0341,0.0000,APPROACH,0
5.056,0.0339,0.1000,APPROACH,0
5.090,0.0341,0.0000,APPROACH,0
5.124,0.0340,0.0000,APPROACH,0
5.158,0.0340,0.1000,APPROACH,0
5.192,0.0340,0.0000,APPROACH,0
5.226,0.0339,0.0000,APPROACH,0
5.260,0.0340,0.1000,APPROACH,0
5.294,0.0342,0.0000,APPROACH,0
5.328,0.0338,0.0000,APPROACH,0
5.362,0.0342,0.1000,APPROACH,0
5.396,0.0337,0.0000,APPROACH,0
5.430,0.0342,0.0000,APPROACH,0
5.464,0.0339,0.1000,APPROACH,0
5.498,0.0339,0.0000,APPROACH,0
5.532,0.0342,0.0000,APPROACH,0
5.566,0.0340,0.1000,APPROACH,0
5.600,0.0339,0.0000,APPROACH,0
5.634,0.0338,0.0000,APPROACH,0
5.668,0.0342,0.1000,APPROACH,0
5.702,0.0341,0.0000,APPROACH,0
5.736,0.0337,0.0000,APPROACH,0
5.770,0.0341,0.1000,APPROACH,0
5.804,0.0341,0.0000,APPROACH,0
5.838,0.0340,0.0000,APPROACH,0
5.872,0.0340,0.1000,APPROACH,0
5.906,0.0344,0.0000,APPROACH,0
5.940,0.0338,0.0000,APPROACH,0
5.974,0.0340,0.1000,APPROACH,0
6.008,0.0339,0.0000,APPROACH,0
6.042,0.0343,0.0000,APPROACH,0
6.076,0.0340,0.1000,APPROACH,0
6.110,0.0338,0.0000,APPROACH,0
6.144,0.0342,0.0000,APPROACH,0
6.178,0.0341,0.1000,APPROACH,0
6.212,0.0339,0.0000,APPROACH,0
6.246,0.0342,0.0000,APPROACH,0
6.280,0.0340,0.1000,APPROACH,0
6.314,0.0337,0.0000,APPROACH,0
6.349,0.0344,0.0000,APPROACH,0
6.383,0.0341,0.1000,APPROACH,0
6.416,0.0337,0.0000,APPROACH,0
6.450,0.0341,0.0000,APPROACH,0
6.484,0.0340,0.1000,APPROACH,0
6.518,0.0339,0.0000,APPROACH,0
6.552,0.0342,0.0000,APPROACH,0
6.586,0.0340,0.1000,APPROACH,0
6.621,0.0341,0.0000,APPROACH,0
6.655,0.0342,0.1000,APPROACH,0
6.689,0.0338,0.0000,APPROACH,0
6.723,0.0341,0.0000,APPROACH,0
6.757,0.0341,0.1000,APPROACH,0
6.791,0.0340,0.0000,APPROACH,0
6.825,0.0340,0.0000,APPROACH,0
6.859,0.0341,0.1000,APPROACH,0
6.893,0.0340,0.0000,APPROACH,0
6.927,0.0339,0.0000,PATROL,0
6.961,0.0339,0.1000,PATROL,0
6.995,0.0340,0.0000,PATROL,0
7.029,0.0342,0.0000,PATROL,0
7.063,0.0339,0.1000,PATROL,0
7.097,0.0340,0.0000,PATROL,0
7.131,0.0341,0.0000,PATROL,0
7.165,0.0341,0.1000,PATROL,0
7.199,0.0338,0.0000,PATROL,0
7.233,0.0341,0.0000,PATROL,0
7.267,0.0341,0.1000,PATROL,0
7.301,0.0341,0.0000,PATROL,0
7.335,0.0340,0.0000,PATROL,0
7.369,0.0340,0.1000,PATROL,0
7.403,0.0340,0.0000,PATROL,0
7.437,0.0339,0.0000,PATROL,0
7.471,0.0340,0.1000,PATROL,0
7.505,0.0340,0.0000,PATROL,0
7.539,0.0339,0.0000,PATROL,0
7.573,0.0341,0.1000,PATROL,0
7.607,0.0339,0.0000,PATROL,0
7.641,0.0339,0.0000,PATROL,0
7.674,0.0339,0.1000,PATROL,0
7.708,0.0340,0.0000,PATROL,0
7.743,0.0344,0.0000,PATROL,0
7.777,0.0338,0.1000,PATROL,0
7.811,0.0340,0.0000,PATROL,0
7.845,0.0341,0.0000,PATROL,0
7.879,0.0340,0.1000,PATROL,0
7.913,0.0339,0.0000,PATROL,0
7.947,0.0341,0.0000,PATROL,0
7.981,0.0341,0.1000,PATROL,0
8.015,0.0338,0.0000,PATROL,0
8.049,0.0342,0.0000,PATROL,0
8.083,0.0342,0.1000,PATROL,0
8.117,0.0337,0.0000,PATROL,0
8.151,0.0342,0.0000,PATROL,0
8.185,0.0340,0.1000,PATROL,0
8.219,0.0340,0.0000,PATROL,0
8.253,0.0345,0.0000,PATROL,0
8.287,0.0338,0.1000,PATROL,0
8.321,0.0342,0.0000,PATROL,0
8.355,0.0341,0.1000,PATROL,0
8.389,0.0340,0.0000,PATROL,0
8.424,0.0341,0.0000,PATROL,0
8.457,0.0338,0.1000,PATROL,0
8.492,0.0344,0.0000,PATROL,0
8.526,0.0340,0.0000,PATROL,0
8.560,0.0339,0.1000,PATROL,0
8.594,0.0341,0.0000,PATROL,0
8.628,0.0341,0.0000,PATROL,0
8.661,0.0336,0.1000,PATROL,0
8.696,0.0341,0.0000,PATROL,0
8.730,0.0341,0.0000,PATROL,0
8.764,0.0341,0.1000,PATROL,0
8.798,0.0342,0.0000,PATROL,0
8.832,0.0336,0.0000,PATROL,0
8.866,0.0341,0.1000,PATROL,0
8.900,0.0341,0.0000,PATROL,0
8.934,0.0340,0.0000,PATROL,0
8.968,0.0340,0.1000,PATROL,0
9.002,0.0342,0.0000,PATROL,0
9.036,0.0338,0.0000,PATROL,0
9.070,0.0344,0.1000,PATROL,0
9.104,0.0339,0.0000,PATROL,0
9.138,0.0338,0.0000,PATROL,0
9.172,0.0342,0.1000,PATROL,0
9.206,0.0341,0.0000,PATROL,0
9.240,0.0337,0.0000,PATROL,0
9.274,0.0342,0.1000,PATROL,0
9.308,0.0339,0.0000,PATROL,0
9.342,0.0342,0.0000,PATROL,0
9.376,0.0338,0.1000,PATROL,0
9.410,0.0340,0.0000,PATROL,0
9.444,0.0344,0.0000,PATROL,0
9.478,0.0338,0.1000,PATROL,0
9.512,0.0340,0.0000,PATROL,0
9.546,0.0341,0.0000,PATROL,0
9.580,0.0340,0.1000,PATROL,0
9.614,0.0340,0.0000,PATROL,0
9.648,0.0340,0.0000,PATROL,0
9.682,0.0340,0.1000,PATROL,0
9.716,0.0340,0.0000,PATROL,0
9.750,0.0340,0.0000,PATROL,0
9.784,0.0342,0.1000,PATROL,0
9.818,0.0339,0.0000,PATROL,0
9.853,0.0342,0.0000,PATROL,0
9.887,0.0341,0.1000,PATROL,0
9.921,0.0339,0.0000,PATROL,0
9.955,0.0340,0.0000,PATROL,0
9.988,0.0339,0.1000,PATROL,0
10.022,0.0338,0.0000,PATROL,0
10.057,0.0343,0.1000,PATROL,0
10.091,0.0340,0.0000,PATROL,0
10.125,0.0341,0.0000,PATROL,0
10.159,0.0338,0.1000,PATROL,0
10.193,0.0343,0.0000,PATROL,0
10.226,0.0336,0.0000,PATROL,0
10.261,0.0342,0.1000,PATROL,0
10.295,0.0342,0.0000,PATROL,0
10.329,0.0337,0.0000,PATROL,0
10.363,0.0341,0.1000,PATROL,0
10.397,0.0340,0.0000,PATROL,0
10.431,0.0343,0.0000,PATROL,0
10.465,0.0341,0.1000,PATROL,0
10.499,0.0339,0.0000,PATROL,0
10.533,0.0340,0.0000,PATROL,0
10.567,0.0339,0.1000,PATROL,0
10.601,0.0341,0.0000,PATROL,0
10.635,0.0340,0.0000,PATROL,0
10.669,0.0342,0.1000,PATROL,0
10.703,0.0338,0.0000,PATROL,0
10.737,0.0338,0.0000,PATROL,0
10.771,0.0341,0.1000,PATROL,0
10.805,0.0342,0.0000,PATROL,0
10.839,0.0338,0.0000,PATROL,0
10.873,0.0342,0.1000,PATROL,0
10.907,0.0341,0.0000,PATROL,0
10.941,0.0341,0.0000,PATROL,0
10.975,0.0339,0.1000,PATROL,0
11.009,0.0337,0.0000,PATROL,0
11.043,0.0343,0.0000,PATROL,0
11.077,0.0340,0.1000,PATROL,0
11.111,0.0340,0.0000,PATROL,0
11.145,0.0340,0.0000,PATROL,0
11.179,0.0340,0.1000,PATROL,0
11.213,0.0340,0.0000,PATROL,0
11.247,0.0340,0.0000,PATROL,0
11.281,0.0340,0.1000,PATROL,0
11.315,0.0342,0.0000,PATROL,0
11.350,0.0342,0.0000,PATROL,0
11.383,0.0338,0.1000,PATROL,0
11.417,0.0339,0.0000,PATROL,0
11.451,0.0343,0.0000,PATROL,0
11.485,0.0340,0.1000,PATROL,0
11.519,0.0339,0.0000,PATROL,0
11.553,0.0341,0.0000,PATROL,0
11.587,0.0340,0.1000,PATROL,0
11.621,0.0340,0.0000,PATROL,0
11.656,0.0342,0.0000,PATROL,0
11.689,0.0338,0.1000,PATROL,0
11.723,0.0340,0.0000,PATROL,0
11.758,0.0344,0.1000,PATROL,0
11.792,0.0340,0.0000,PATROL,0
11.826,0.0339,0.0000,PATROL,0
11.859,0.0338,0.1000,PATROL,0
11.894,0.0341,0.0000,PATROL,0
11.928,0.0340,0.0000,PATROL,0
11.961,0.0340,0.1000,PATROL,0
11.996,0.0341,0.0000,PATROL,0
12.030,0.0342,0.0000,PATROL,0
12.064,0.0339,0.1000,PATROL,0
12.098,0.0340,0.0000,PATROL,0
12.132,0.0342,0.0000,PATROL,0
12.166,0.0339,0.1000,PATROL,0
12.200,0.0346,0.0000,PATROL,0
12.235,0.0343,0.0000,PATROL,0
12.268,0.0337,0.1000,PATROL,0
12.302,0.0340,0.0000,PATROL,0
12.336,0.0338,0.0000,PATROL,0
12.370,0.0339,0.1000,PATROL,0
12.404,0.0339,0.0000,PATROL,0
12.438,0.0338,0.0000,PATROL,0
12.472,0.0343,0.1000,PATROL,0
12.506,0.0342,0.0000,PATROL,0
12.540,0.0336,0.0000,PATROL,0
12.574,0.0341,0.1000,PATROL,0
12.608,0.0341,0.0000,PATROL,0
12.642,0.0339,0.0000,PATROL,0
12.676,0.0342,0.1000,PATROL,0
12.710,0.0337,0.0000,PATROL,0
12.744,0.0341,0.0000,PATROL,0
12.778,0.0341,0.1000,PATROL,0
12.812,0.0341,0.0000,PATROL,0
12.846,0.0342,0.0000,PATROL,0
12.880,0.0338,0.1000,PATROL,0
12.914,0.0340,0.0000,PATROL,0
12.948,0.0342,0.0000,PATROL,0
12.982,0.0340,0.1000,PATROL,0
13.016,0.0340,0.0000,PATROL,0
13.050,0.0341,0.0000,PATROL,0
13.084,0.0339,0.1000,PATROL,0
13.118,0.0340,0.0000,PATROL,0
13.153,0.0343,0.0000,PATROL,0
13.187,0.0339,0.1000,PATROL,0
13.220,0.0340,0.0000,PATROL,0
13.255,0.0349,0.0000,PATROL,0
13.289,0.0339,0.1000,PATROL,0
13.322,0.0332,0.0000,PATROL,0
13.357,0.0342,0.0000,PATROL,0
13.391,0.0340,0.1000,PATROL,0
13.425,0.0340,0.0000,PATROL,0
13.459,0.0344,0.1000,PATROL,0
13.493,0.0338,0.0000,PATROL,0
13.527,0.0339,0.0000,PATROL,0
13.561,0.0341,0.1000,PATROL,0
13.595,0.0340,0.0000,PATROL,0
13.629,0.0342,0.0000,PATROL,0
13.662,0.0335,0.1000,PATROL,0
13.697,0.0342,0.0000,PATROL,0
13.731,0.0339,0.0000,PATROL,0
13.765,0.0339,0.1000,PATROL,0
13.799,0.0341,0.0000,PATROL,0
13.833,0.0346,0.0000,PATROL,0
13.867,0.0337,0.1000,PATROL,0
13.901,0.0341,0.0000,PATROL,0
13.935,0.0338,0.0000,PATROL,0
13.969,0.0341,0.1000,PATROL,0
14.003,0.0340,0.0000,PATROL,0
14.037,0.0341,0.0000,PATROL,0
14.071,0.0340,0.1000,PATROL,0
14.105,0.0339,0.0000,PATROL,0
14.139,0.0339,0.0000,PATROL,0
14.173,0.0343,0.1000,PATROL,0
14.207,0.0338,0.0000,PATROL,0
14.241,0.0341,0.0000,PATROL,0
14.275,0.0341,0.1000,PATROL,0
14.309,0.0339,0.0000,PATROL,0
14.343,0.0340,0.0000,PATROL,0
14.377,0.0340,0.1000,PATROL,0
14.411,0.0340,0.0000,PATROL,0
14.446,0.0343,0.0000,PATROL,0
14.479,0.0337,0.1000,PATROL,0
14.513,0.0340,0.0000,PATROL,0
14.547,0.0341,0.0000,PATROL,0
14.581,0.0339,0.1000,PATROL,0
14.615,0.0341,0.0000,PATROL,0
14.649,0.0340,0.0000,PATROL,0
14.683,0.0339,0.1000,PATROL,0
14.718,0.0342,0.0000,PATROL,0
14.751,0.0339,0.0000,PATROL,0
14.786,0.0341,0.1000,PATROL,0
14.819,0.0337,0.0000,PATROL,0
14.853,0.0343,0.0000,PATROL,0
14.887,0.0339,0.1000,PATROL,0
14.922,0.0341,0.0000,PATROL,0
14.956,0.0343,0.0000,PATROL,0
14.990,0.0338,0.1000,PATROL,0
15.024,0.0339,0.0000,PATROL,0
15.058,0.0343,0.0000,PATROL,0
15.092,0.0338,0.1000,PATROL,0
15.126,0.0339,0.0000,PATROL,0
15.160,0.0342,0.1000,PATROL,0
15.194,0.0338,0.0000,PATROL,0
15.228,0.0340,0.0000,PATROL,0
15.262,0.0342,0.1000,PATROL,0
15.296,0.0339,0.0000,PATROL,0
15.330,0.0339,0.0000,PATROL,0
15.364,0.0342,0.1000,PATROL,0
15.398,0.0338,0.0000,PATROL,0
15.431,0.0339,0.0000,PATROL,0
15.466,0.0340,0.1000,PATROL,0
15.500,0.0341,0.0000,PATROL,0
15.534,0.0343,0.0000,PATROL,0
15.568,0.0339,0.1000,PATROL,0
15.602,0.0339,0.0000,PATROL,0
15.637,0.0351,0.0000,PATROL,0
15.671,0.0338,0.1000,PATROL,0
15.704,0.0339,0.0000,PATROL,0
15.738,0.0340,0.0000,PATROL,0
15.773,0.0350,0.1000,PATROL,0
15.808,0.0348,0.0000,PATROL,0
15.842,0.0337,0.0000,PATROL,0
15.877,0.0349,0.1000,PATROL,0
15.909,0.0327,0.0000,PATROL,0
15.943,0.0340,0.0000,PATROL,0
15.977,0.0338,0.1000,PATROL,0
16.011,0.0338,0.0000,PATROL,0
16.045,0.0342,0.0000,PATROL,0
16.079,0.0340,0.1000,PATROL,0
16.113,0.0337,0.0000,PATROL,0
16.147,0.0341,0.0000,PATROL,0
16.181,0.0338,0.1000,PATROL,0
16.215,0.0342,0.0000,PATROL,0
16.249,0.0342,0.0000,PATROL,0
16.283,0.0339,0.1000,PATROL,0
16.317,0.0342,0.0000,PATROL,0
16.351,0.0339,0.0000,PATROL,0
16.385,0.0339,0.1000,PATROL,0
16.419,0.0342,0.0000,PATROL,0
16.453,0.0338,0.0000,PATROL,0
16.487,0.0338,0.1000,PATROL,0
16.521,0.0341,0.0000,PATROL,0
16.555,0.0340,0.0000,PATROL,0
16.589,0.0341,0.1000,PATROL,0
16.623,0.0338,0.0000,PATROL,0
16.657,0.0343,0.0000,PATROL,0
16.691,0.0338,0.1000,PATROL,0
16.725,0.0339,0.0000,PATROL,0
16.760,0.0344,0.0000,PATROL,0
16.793,0.0338,0.1000,PATROL,0
16.827,0.0339,0.0000,PATROL,0
16.862,0.0343,0.0000,PATROL,0
16.895,0.0338,0.1000,PATROL,0
16.930,0.0342,0.0000,PATROL,0
16.963,0.0337,0.1000,PATROL,0
16.997,0.0342,0.0000,PATROL,0
17.032,0.0344,0.0000,PATROL,0
17.066,0.0336,0.1000,PATROL,0
17.100,0.0343,0.0000,PATROL,0
17.134,0.0338,0.0000,PATROL,0
17.167,0.0338,0.1000,PATROL,0
17.202,0.0342,0.0000,PATROL,0
17.235,0.0338,0.0000,PATROL,0
17.270,0.0341,0.1000,PATROL,0
17.304,0.0340,0.0000,PATROL,0
17.338,0.0342,0.0000,PATROL,0
17.372,0.0339,0.1000,PATROL,0
17.406,0.0345,0.0000,PATROL,0
17.440,0.0336,0.0000,PATROL,0
17.474,0.0340,0.1000,PATROL,0
17.508,0.0339,0.0000,PATROL,0
17.542,0.0340,0.0000,PATROL,0
17.576,0.0341,0.1000,PATROL,0
17.610,0.0338,0.0000,PATROL,0
17.644,0.0341,0.0000,PATROL,0
17.678,0.0343,0.1000,PATROL,0
17.712,0.0339,0.0000,PATROL,0
17.746,0.0340,0.0000,PATROL,0
17.780,0.0340,0.1000,PATROL,0
17.814,0.0340,0.0000,PATROL,0
17.848,0.0340,0.0000,PATROL,0
17.882,0.0339,0.1000,PATROL,0
17.916,0.0341,0.0000,PATROL,0
17.950,0.0342,0.0000,PATROL,0
17.984,0.0338,0.1000,PATROL,0
18.018,0.0341,0.0000,PATROL,0
18.052,0.0341,0.0000,PATROL,0
18.086,0.0340,0.1000,PATROL,0
18.120,0.0342,0.0000,PATROL,0
18.154,0.0340,0.0000,PATROL,0
18.188,0.0338,0.1000,PATROL,0
18.222,0.0339,0.0000,PATROL,0
18.256,0.0343,0.0000,PATROL,0
18.290,0.0339,0.1000,PATROL,0
18.324,0.0340,0.0000,PATROL,0
18.359,0.0346,0.0000,PATROL,0
18.392,0.0335,0.1000,PATROL,0
18.426,0.0340,0.0000,PATROL,0
18.460,0.0341,0.0000,PATROL,0
18.494,0.0340,0.1000,PATROL,0
18.528,0.0340,0.0000,PATROL,0
18.562,0.0341,0.1000,PATROL,0
18.596,0.0339,0.0000,PATROL,0
18.631,0.0341,0.0000,PATROL,0
18.664,0.0340,0.1000,PATROL,0
18.698,0.0340,0.0000,PATROL,0
18.733,0.0342,0.0000,PATROL,0
18.767,0.0340,0.1000,PATROL,0
18.801,0.0339,0.0000,PATROL,0
18.835,0.0342,0.0000,PATROL,0
18.868,0.0336,0.1000,PATROL,0
18.902,0.0339,0.0000,PATROL,0
18.937,0.0342,0.0000,PATROL,0
18.971,0.0340,0.1000,PATROL,0
19.005,0.0341,0.0000,PATROL,0
19.039,0.0340,0.0000,PATROL,0
19.073,0.0340,0.1000,PATROL,0
19.107,0.0341,0.0000,PATROL,0
19.141,0.0339,0.0000,PATROL,0
19.175,0.0340,0.1000,PATROL,0
19.208,0.0337,0.0000,PATROL,0
19.243,0.0341,0.0000,PATROL,0
19.277,0.0341,0.1000,PATROL,0
19.311,0.0340,0.0000,PATROL,0
19.345,0.0340,0.0000,PATROL,0
19.379,0.0341,0.1000,PATROL,0
19.413,0.0339,0.0000,PATROL,0
19.447,0.0339,0.0000,PATROL,0
19.481,0.0339,0.1000,PATROL,0
19.515,0.0340,0.0000,PATROL,0
19.549,0.0344,0.0000,PATROL,0
19.583,0.0338,0.1000,PATROL,0
19.617,0.0341,0.0000,PATROL,0
19.651,0.0340,0.0000,PATROL,0
19.685,0.0340,0.1000,PATROL,0
19.719,0.0341,0.0000,PATROL,0
19.753,0.0341,0.0000,PATROL,0
19.787,0.0338,0.1000,PATROL,0
19.821,0.0345,0.0000,PATROL,0
19.855,0.0340,0.0000,PATROL,0
19.890,0.0346,0.1000,PATROL,0
19.923,0.0330,0.0000,PATROL,0
19.957,0.0343,0.0000,PATROL,0
19.992,0.0345,0.1000,PATROL,0
20.025,0.0335,0.0000,PATROL,0
20.059,0.0341,0.0000,PATROL,0
20.094,0.0343,0.1000,PATROL,0
20.127,0.0338,0.0000,PATROL,0
20.162,0.0341,0.0000,PATROL,0
20.195,0.0339,0.1000,PATROL,0
20.229,0.0340,0.0000,PATROL,0
20.264,0.0341,0.1000,PATROL,0
20.298,0.0340,0.0000,PATROL,0
20.332,0.0340,0.0000,PATROL,0
20.366,0.0341,0.1000,PATROL,0
20.400,0.0343,0.0000,PATROL,0
20.434,0.0342,0.0000,PATROL,0
20.468,0.0337,0.1000,PATROL,0
20.502,0.0344,0.0000,PATROL,0
20.536,0.0343,0.0000,PATROL,0
20.570,0.0339,0.1000,PATROL,0
20.604,0.0337,0.0000,PATROL,0
20.638,0.0342,0.0000,PATROL,0
20.672,0.0338,0.1000,PATROL,0
20.706,0.0342,0.0000,PATROL,0
20.740,0.0339,0.0000,PATROL,0
20.774,0.0340,0.1000,PATROL,0
20.808,0.0339,0.0000,PATROL,0
20.842,0.0342,0.0000,PATROL,0
20.876,0.0339,0.1000,PATROL,0
20.910,0.0339,0.0000,PATROL,0
20.944,0.0339,0.0000,PATROL,0
20.978,0.0343,0.1000,PATROL,0
21.012,0.0338,0.0000,PATROL,0
21.046,0.0342,0.0000,PATROL,0
21.080,0.0340,0.1000,PATROL,0
21.114,0.0339,0.0000,PATROL,0
21.148,0.0342,0.0000,PATROL,0
21.182,0.0342,0.1000,PATROL,0
21.216,0.0337,0.0000,PATROL,0
21.250,0.0341,0.0000,PATROL,0
21.284,0.0339,0.1000,PATROL,0
21.318,0.0341,0.0000,PATROL,0
21.352,0.0339,0.0000,PATROL,0
21.386,0.0340,0.1000,PATROL,0
21.420,0.0341,0.0000,PATROL,0
21.454,0.0343,0.0000,PATROL,0
21.488,0.0339,0.1000,PATROL,0
21.523,0.0344,0.0000,PATROL,0
21.556,0.0337,0.0000,PATROL,0
21.590,0.0338,0.1000,PATROL,0
21.624,0.0339,0.0000,PATROL,0
21.658,0.0342,0.0000,PATROL,0
21.692,0.0339,0.1000,PATROL,0
21.726,0.0341,0.0000,PATROL,0
21.760,0.0341,0.0000,PATROL,0
21.794,0.0339,0.1000,PATROL,0
21.828,0.0341,0.0000,PATROL,0
21.862,0.0340,0.0000,PATROL,0
21.896,0.0340,0.1000,PATROL,0
21.930,0.0341,0.0000,PATROL,0
21.965,0.0343,0.1000,PATROL,0
21.998,0.0337,0.0000,PATROL,0
22.033,0.0341,0.0000,PATROL,0
22.066,0.0337,0.1000,PATROL,0
22.101,0.0344,0.0000,PATROL,0
22.135,0.0339,0.0000,PATROL,0
22.169,0.0340,0.1000,PATROL,0
22.203,0.0341,0.0000,PATROL,0
22.237,0.0340,0.0000,PATROL,0
22.271,0.0340,0.1000,PATROL,0
22.305,0.0339,0.0000,PATROL,0
22.339,0.0340,0.0000,PATROL,0
22.373,0.0341,0.1000,PATROL,0
22.407,0.0339,0.0000,PATROL,0
22.441,0.0342,0.0000,PATROL,0
22.475,0.0340,0.1000,PATROL,0
22.509,0.0341,0.0000,PATROL,0
22.543,0.0341,0.0000,PATROL,0
22.577,0.0341,0.1000,PATROL,0
22.612,0.0348,0.0000,PATROL,0
22.646,0.0344,0.0000,PATROL,0
22.680,0.0337,0.1000,PATROL,0
22.714,0.0336,0.0000,PATROL,0
22.747,0.0338,0.0000,PATROL,0
22.782,0.0342,0.1000,PATROL,0
22.815,0.0337,0.0000,PATROL,0
22.849,0.0340,0.0000,PATROL,0
22.883,0.0339,0.1000,PATROL,0
22.917,0.0340,0.0000,PATROL,0
22.951,0.0339,0.0000,PATROL,0
22.985,0.0339,0.1000,PATROL,0
23.019,0.0342,0.0000,PATROL,0
23.053,0.0341,0.0000,PATROL,0
23.087,0.0338,0.1000,PATROL,0
23.121,0.0341,0.0000,PATROL,0
23.155,0.0340,0.0000,PATROL,0
23.189,0.0340,0.1000,PATROL,0
23.223,0.0340,0.0000,PATROL,0
23.257,0.0341,0.0000,PATROL,0
23.291,0.0339,0.1000,PATROL,0
23.325,0.0340,0.0000,PATROL,0
23.359,0.0341,0.0000,PATROL,0
23.393,0.0340,0.1000,PATROL,0
23.427,0.0340,0.0000,PATROL,0
23.461,0.0341,0.0000,PATROL,0
23.495,0.0341,0.1000,PATROL,0
23.530,0.0342,0.0000,PATROL,0
23.564,0.0340,0.0000,PATROL,0
23.598,0.0340,0.1000,PATROL,0
23.631,0.0337,0.0000,PATROL,0
23.666,0.0342,0.1000,PATROL,0
23.700,0.0340,0.0000,PATROL,0
23.734,0.0340,0.0000,PATROL,0
23.767,0.0338,0.1000,PATROL,0
23.802,0.0343,0.0000,PATROL,0
23.836,0.0339,0.0000,PATROL,0
23.870,0.0342,0.1000,PATROL,0
23.904,0.0340,0.0000,PATROL,0
23.938,0.0339,0.0000,PATROL,0
23.972,0.0338,0.1000,PATROL,0
24.006,0.0344,0.0000,PATROL,0
24.040,0.0336,0.0000,PATROL,0
24.074,0.0339,0.1000,PATROL,0
24.108,0.0341,0.0000,PATROL,0
24.142,0.0342,0.0000,PATROL,0
24.176,0.0339,0.1000,PATROL,0
24.210,0.0339,0.0000,PATROL,0
24.244,0.0343,0.0000,PATROL,0
24.278,0.0341,0.1000,PATROL,0
24.312,0.0339,0.0000,PATROL,0
24.346,0.0340,0.0000,PATROL,0
24.380,0.0342,0.1000,PATROL,0
24.414,0.0339,0.0000,PATROL,0
24.448,0.0340,0.0000,PATROL,0
24.482,0.0342,0.1000,PATROL,0
24.516,0.0339,0.0000,PATROL,0
24.550,0.0341,0.0000,PATROL,0
24.584,0.0343,0.1000,PATROL,0
24.618,0.0338,0.0000,PATROL,0
24.652,0.0340,0.0000,PATROL,0
24.686,0.0340,0.1000,PATROL,0
24.721,0.0344,0.0000,PATROL,0
24.754,0.0337,0.0000,PATROL,0
24.788,0.0339,0.1000,PATROL,0
24.822,0.0340,0.0000,PATROL,0
24.856,0.0340,0.0000,PATROL,0
24.890,0.0339,0.1000,PATROL,0
24.925,0.0343,0.0000,PATROL,0
24.959,0.0349,0.0000,PATROL,0
24.992,0.0330,0.1000,PATROL,0
25.026,0.0339,0.0000,PATROL,0
25.060,0.0341,0.0000,PATROL,0
25.095,0.0341,0.1000,PATROL,0
25.129,0.0340,0.0000,PATROL,0
25.163,0.0341,0.0000,PATROL,0
25.197,0.0343,0.1000,PATROL,0
25.231,0.0338,0.0000,PATROL,0
25.265,0.0340,0.0000,PATROL,0
25.299,0.0340,0.1000,PATROL,0
25.333,0.0341,0.0000,PATROL,0
25.367,0.0340,0.1000,PATROL,0
25.401,0.0338,0.0000,PATROL,0
25.435,0.0341,0.0000,PATROL,0
25.469,0.0338,0.1000,PATROL,0
25.503,0.0342,0.0000,PATROL,0
25.537,0.0339,0.0000,PATROL,0
25.571,0.0340,0.1000,PATROL,0
25.605,0.0340,0.0000,PATROL,0
25.639,0.0342,0.0000,PATROL,0
25.673,0.0340,0.1000,PATROL,0
25.707,0.0342,0.0000,PATROL,0
25.741,0.0341,0.0000,PATROL,0
25.775,0.0338,0.1000,PATROL,0
25.809,0.0339,0.0000,PATROL,0
25.843,0.0342,0.0000,PATROL,0
25.877,0.0340,0.1000,PATROL,0
25.911,0.0339,0.0000,PATROL,0
25.945,0.0343,0.0000,PATROL,0
25.979,0.0341,0.1000,PATROL,0
26.013,0.0339,0.0000,PATROL,0
26.047,0.0341,0.0000,PATROL,0
26.081,0.0342,0.1000,PATROL,0
26.115,0.0338,0.0000,PATROL,0
26.149,0.0339,0.0000,PATROL,0
26.183,0.0340,0.1000,PATROL,0
26.217,0.0340,0.0000,PATROL,0
26.251,0.0340,0.0000,PATROL,0
26.286,0.0347,0.1000,PATROL,0
26.319,0.0334,0.0000,PATROL,0
26.353,0.0341,0.0000,PATROL,0
26.387,0.0338,0.1000,PATROL,0
26.421,0.0342,0.0000,PATROL,0
26.455,0.0340,0.0000,PATROL,0
26.489,0.0340,0.1000,PATROL,0
26.523,0.0340,0.0000,PATROL,0
26.558,0.0343,0.0000,PATROL,0
26.591,0.0337,0.1000,PATROL,0
26.626,0.0341,0.0000,PATROL,0
26.660,0.0340,0.0000,PATROL,0
26.694,0.0340,0.1000,PATROL,0
26.727,0.0338,0.0000,PATROL,0
26.762,0.0343,0.0000,PATROL,0
26.796,0.0338,0.1000,PATROL,0
26.830,0.0342,0.0000,PATROL,0
26.864,0.0339,0.0000,PATROL,0
26.898,0.0340,0.1000,PATROL,0
26.932,0.0341,0.0000,PATROL,0
26.966,0.0340,0.0000,PATROL,0
27.000,0.0339,0.1000,PATROL,0
27.034,0.0341,0.0000,PATROL,0
27.068,0.0340,0.1000,PATROL,0
27.102,0.0341,0.0000,PATROL,0
27.136,0.0337,0.0000,PATROL,0
27.169,0.0338,0.1000,PATROL,0
27.204,0.0342,0.0000,PATROL,0
27.238,0.0339,0.0000,PATROL,0
27.272,0.0340,0.1000,PATROL,0
27.306,0.0344,0.0000,PATROL,0
27.340,0.0336,0.0000,PATROL,0
27.374,0.0341,0.1000,PATROL,0
27.408,0.0340,0.0000,PATROL,0
27.442,0.0342,0.0000,PATROL,0
27.476,0.0339,0.1000,PATROL,0
27.510,0.0340,0.0000,PATROL,0
27.544,0.0341,0.0000,PATROL,0
27.578,0.0340,0.1000,PATROL,0
27.612,0.0341,0.0000,PATROL,0
27.647,0.0343,0.0000,PATROL,0
27.680,0.0339,0.1000,PATROL,0
27.714,0.0337,0.0000,PATROL,0
27.749,0.0344,0.0000,PATROL,0
27.783,0.0340,0.1000,PATROL,0
27.817,0.0342,0.0000,PATROL,0
27.850,0.0338,0.0000,PATROL,0
27.885,0.0341,0.1000,PATROL,0
27.918,0.0339,0.0000,PATROL,0
27.952,0.0340,0.0000,PATROL,0
27.986,0.0339,0.1000,PATROL,0
28.020,0.0341,0.0000,PATROL,0
28.054,0.0339,0.0000,ALIGN,0
28.088,0.0339,0.1000,ALIGN,0
28.122,0.0342,0.0000,APPROACH,0
28.157,0.0341,0.0000,APPROACH,0
28.190,0.0338,0.1000,APPROACH,0
28.225,0.0342,0.0000,APPROACH,0
28.259,0.0340,0.0000,APPROACH,0
28.292,0.0338,0.1000,APPROACH,0
28.327,0.0342,0.0000,APPROACH,0
28.361,0.0340,0.0000,APPROACH,0
28.395,0.0340,0.1000,APPROACH,0
28.429,0.0339,0.0000,APPROACH,0
28.463,0.0341,0.0000,APPROACH,0
28.497,0.0340,0.1000,APPROACH,0
28.531,0.0340,0.0000,APPROACH,0
28.565,0.0344,0.0000,APPROACH,0
28.599,0.0339,0.1000,APPROACH,0
28.633,0.0339,0.0000,APPROACH,0
28.667,0.0342,0.0000,APPROACH,0
28.701,0.0340,0.1000,APPROACH,0
28.735,0.0341,0.0000,APPROACH,0
28.769,0.0340,0.1000,APPROACH,0
28.803,0.0339,0.0000,APPROACH,0
28.837,0.0343,0.0000,APPROACH,0
28.871,0.0336,0.1000,APPROACH,0
28.905,0.0341,0.0000,APPROACH,0
28.939,0.0340,0.0000,APPROACH,0
28.973,0.0341,0.1000,APPROACH,0
29.007,0.0340,0.0000,APPROACH,0
29.041,0.0339,0.0000,APPROACH,0
29.075,0.0341,0.1000,APPROACH,0
29.109,0.0338,0.0000,APPROACH,0
29.143,0.0342,0.0000,APPROACH,0
29.177,0.0342,0.1000,APPROACH,0
29.211,0.0338,0.0000,APPROACH,0
29.245,0.0342,0.0000,APPROACH,0
29.279,0.0338,0.1000,APPROACH,0
29.313,0.0341,0.0000,APPROACH,0
29.347,0.0342,0.0000,APPROACH,0
29.382,0.0341,0.1000,APPROACH,0
29.415,0.0338,0.0000,APPROACH,0
29.449,0.0342,0.0000,APPROACH,0
29.484,0.0341,0.1000,APPROACH,0
29.518,0.0341,0.0000,APPROACH,0
29.551,0.0337,0.0000,APPROACH,0
29.585,0.0340,0.1000,APPROACH,0
29.619,0.0339,0.0000,APPROACH,0
29.653,0.0340,0.0000,APPROACH,0
29.687,0.0340,0.1000,APPROACH,0
29.721,0.0340,0.0000,APPROACH,0
29.756,0.0341,0.0000,APPROACH,0
29.790,0.0341,0.1000,APPROACH,0
29.824,0.0339,0.0000,APPROACH,0
29.858,0.0342,0.0000,APPROACH,0
29.891,0.0337,0.1000,APPROACH,0
29.926,0.0341,0.0000,APPROACH,0
29.960,0.0341,0.0000,APPROACH,0
29.994,0.0340,0.1000,APPROACH,0
30.028,0.0342,0.0000,APPROACH,0
30.062,0.0341,0.0000,APPROACH,0
30.096,0.0338,0.1000,APPROACH,0
30.130,0.0340,0.0000,APPROACH,0
30.164,0.0342,0.0000,APPROACH,0
30.199,0.0349,0.1000,APPROACH,0
30.232,0.0333,0.0000,APPROACH,0
30.266,0.0337,0.0000,APPROACH,0
30.300,0.0339,0.1000,APPROACH,0
30.334,0.0340,0.0000,APPROACH,0
30.369,0.0350,0.0000,APPROACH,0
30.402,0.0334,0.1000,APPROACH,0
30.436,0.0338,0.0000,APPROACH,0
30.470,0.0342,0.1000,APPROACH,0
30.504,0.0339,0.0000,APPROACH,0
30.538,0.0341,0.0000,APPROACH,0
30.572,0.0338,0.1000,APPROACH,0
30.607,0.0347,0.0000,APPROACH,0
30.640,0.0336,0.0000,APPROACH,0
30.674,0.0341,0.1000,APPROACH,0
30.708,0.0339,0.0000,APPROACH,0
30.742,0.0343,0.0000,APPROACH,0
30.776,0.0338,0.1000,APPROACH,0
30.810,0.0340,0.0000,APPROACH,0
30.844,0.0341,0.0000,APPROACH,0
30.878,0.0340,0.1000,APPROACH,0
30.912,0.0340,0.0000,APPROACH,0
30.946,0.0341,0.0000,APPROACH,0
30.980,0.0340,0.1000,APPROACH,0
31.014,0.0339,0.0000,APPROACH,0
31.048,0.0342,0.0000,APPROACH,0
31.082,0.0341,0.1000,APPROACH,0
31.116,0.0339,0.0000,APPROACH,0
31.150,0.0340,0.0000,APPROACH,0
31.184,0.0341,0.1000,APPROACH,0
31.219,0.0342,0.0000,APPROACH,0
31.252,0.0339,0.0000,APPROACH,0
31.286,0.0340,0.1000,APPROACH,0
31.320,0.0340,0.0000,APPROACH,0
31.355,0.0340,0.0000,APPROACH,0
31.388,0.0340,0.1000,APPROACH,0
31.423,0.0342,0.0000,APPROACH,0
31.457,0.0338,0.0000,APPROACH,0
31.491,0.0340,0.1000,APPROACH,0
31.525,0.0341,0.0000,APPROACH,0
31.559,0.0340,0.0000,APPROACH,0
31.593,0.0339,0.1000,APPROACH,0
31.627,0.0342,0.0000,APPROACH,0
31.661,0.0340,0.0000,APPROACH,0
31.695,0.0339,0.1000,APPROACH,0
31.729,0.0342,0.0000,APPROACH,0
31.763,0.0340,0.0000,APPROACH,0
31.797,0.0340,0.1000,APPROACH,0
31.831,0.0340,0.0000,APPROACH,0
31.865,0.0342,0.0000,APPROACH,0
31.899,0.0339,0.1000,APPROACH,0
31.933,0.0341,0.0000,APPROACH,0
31.967,0.0339,0.0000,APPROACH,0
32.001,0.0341,0.1000,APPROACH,0
32.035,0.0339,0.0000,APPROACH,0
32.069,0.0341,0.0000,APPROACH,0
32.103,0.0341,0.1000,APPROACH,0
32.137,0.0339,0.0000,APPROACH,0
32.171,0.0340,0.1000,APPROACH,0
32.205,0.0344,0.0000,APPROACH,0
32.239,0.0338,0.0000,APPROACH,0
32.273,0.0339,0.1000,APPROACH,0
32.307,0.0340,0.0000,APPROACH,0
32.341,0.0340,0.0000,APPROACH,0
32.375,0.0339,0.1000,APPROACH,0
32.409,0.0340,0.0000,APPROACH,0
32.444,0.0347,0.0000,APPROACH,0
32.478,0.0339,0.1000,APPROACH,0
32.511,0.0336,0.0000,APPROACH,0
32.545,0.0340,0.0000,APPROACH,0
32.579,0.0340,0.1000,APPROACH,0
32.613,0.0340,0.0000,APPROACH,0
32.647,0.0340,0.0000,APPROACH,0
32.681,0.0341,0.1000,APPROACH,0
32.715,0.0340,0.0000,APPROACH,0
32.749,0.0341,0.0000,APPROACH,0
32.784,0.0347,0.1000,APPROACH,0
32.818,0.0335,0.0000,APPROACH,0
32.851,0.0338,0.0000,APPROACH,0
32.885,0.0341,0.1000,APPROACH,0
32.920,0.0341,0.0000,APPROACH,0
32.953,0.0339,0.0000,APPROACH,0
32.988,0.0341,0.1000,APPROACH,0
33.022,0.0342,0.0000,APPROACH,0
33.055,0.0337,0.0000,APPROACH,0
33.090,0.0341,0.1000,APPROACH,0
33.124,0.0340,0.0000,APPROACH,0
33.157,0.0339,0.0000,APPROACH,0
33.191,0.0340,0.1000,APPROACH,0
33.226,0.0342,0.0000,APPROACH,0
33.260,0.0340,0.0000,APPROACH,0
33.294,0.0341,0.1000,APPROACH,0
33.328,0.0340,0.0000,APPROACH,0
33.362,0.0339,0.0000,APPROACH,0
33.396,0.0339,0.1000,APPROACH,0
33.430,0.0340,0.0000,APPROACH,0
33.464,0.0340,0.0000,APPROACH,0
33.498,0.0343,0.1000,APPROACH,0
33.532,0.0338,0.0000,APPROACH,0
33.566,0.0344,0.0000,APPROACH,0
33.600,0.0338,0.1000,APPROACH,0
33.634,0.0339,0.0000,APPROACH,0
33.668,0.0341,0.0000,APPROACH,0
33.702,0.0339,0.1000,APPROACH,0
33.736,0.0341,0.0000,APPROACH,0
33.770,0.0340,0.0000,APPROACH,0
33.804,0.0341,0.1000,APPROACH,0
33.838,0.0340,0.0000,APPROACH,0
33.872,0.0342,0.1000,APPROACH,0
33.906,0.0338,0.0000,APPROACH,0
33.941,0.0345,0.0000,APPROACH,0
33.974,0.0334,0.1000,APPROACH,0
34.008,0.0341,0.0000,APPROACH,0
34.042,0.0341,0.0000,APPROACH,0
34.076,0.0340,0.1000,APPROACH,0
34.111,0.0345,0.0000,APPROACH,0
34.144,0.0336,0.0000,APPROACH,0
34.178,0.0339,0.1000,APPROACH,0
34.212,0.0338,0.0000,APPROACH,0
34.246,0.0340,0.0000,APPROACH,0
34.280,0.0341,0.1000,APPROACH,0
34.314,0.0338,0.0000,APPROACH,0
34.349,0.0344,0.0000,APPROACH,0
34.382,0.0338,0.1000,APPROACH,0
34.416,0.0339,0.0000,APPROACH,0
34.451,0.0341,0.0000,APPROACH,0
34.484,0.0340,0.1000,APPROACH,0
34.519,0.0341,0.0000,APPROACH,0
34.552,0.0338,0.0000,APPROACH,0
34.587,0.0343,0.1000,APPROACH,0
34.621,0.0342,0.0000,APPROACH,0
34.655,0.0340,0.0000,APPROACH,0
34.689,0.0340,0.1000,APPROACH,0
34.723,0.0338,0.0000,APPROACH,0
34.757,0.0342,0.0000,APPROACH,0
34.791,0.0342,0.1000,APPROACH,0
34.825,0.0339,0.0000,APPROACH,0
34.859,0.0338,0.0000,APPROACH,0
34.893,0.0341,0.1000,APPROACH,0
34.927,0.0343,0.0000,APPROACH,0
34.961,0.0339,0.0000,APPROACH,0
34.995,0.0339,0.1000,APPROACH,0
35.029,0.0344,0.0000,APPROACH,0
35.063,0.0337,0.0000,APPROACH,0
35.097,0.0340,0.1000,APPROACH,0
35.131,0.0341,0.0000,APPROACH,0
35.165,0.0341,0.0000,APPROACH,0
35.199,0.0340,0.1000,APPROACH,0
35.233,0.0340,0.0000,APPROACH,0
35.267,0.0339,0.0000,APPROACH,0
35.301,0.0342,0.1000,APPROACH,0
35.335,0.0338,0.0000,APPROACH,0
35.369,0.0342,0.0000,APPROACH,0
35.403,0.0339,0.1000,APPROACH,0
35.437,0.0342,0.0000,APPROACH,0
35.471,0.0340,0.0000,APPROACH,0
35.505,0.0340,0.1000,APPROACH,0
35.539,0.0341,0.0000,APPROACH,0
35.573,0.0341,0.1000,APPROACH,0
35.607,0.0341,0.0000,APPROACH,0
35.641,0.0340,0.0000,APPROACH,0
35.675,0.0338,0.1000,APPROACH,0
35.709,0.0341,0.0000,APPROACH,0
35.743,0.0341,0.0000,APPROACH,0
35.777,0.0339,0.1000,APPROACH,0
35.812,0.0345,0.0000,APPROACH,0
35.845,0.0336,0.0000,APPROACH,0
35.879,0.0339,0.1000,APPROACH,0
35.913,0.0342,0.0000,APPROACH,0
35.947,0.0339,0.0000,APPROACH,0
35.982,0.0342,0.1000,APPROACH,0
36.015,0.0338,0.0000,APPROACH,0
36.050,0.0341,0.0000,APPROACH,0
36.084,0.0341,0.1000,APPROACH,0
36.117,0.0338,0.0000,APPROACH,0
36.152,0.0342,0.0000,APPROACH,0
36.186,0.0339,0.1000,APPROACH,0
36.220,0.0340,0.0000,PATROL,0
36.254,0.0341,0.0000,PATROL,0
36.288,0.0340,0.1000,PATROL,0
36.322,0.0341,0.0000,PATROL,0
36.356,0.0339,0.0000,PATROL,0
36.390,0.0339,0.1000,PATROL,0
36.424,0.0341,0.0000,PATROL,0
36.458,0.0339,0.0000,PATROL,0
36.492,0.0348,0.1000,PATROL,0
36.526,0.0335,0.0000,PATROL,0
36.560,0.0338,0.0000,PATROL,0
36.594,0.0338,0.1000,PATROL,0
36.628,0.0344,0.0000,PATROL,0
36.662,0.0337,0.0000,PATROL,0
36.696,0.0339,0.1000,PATROL,0
36.730,0.0341,0.0000,PATROL,0
36.764,0.0340,0.0000,PATROL,0
36.798,0.0340,0.1000,PATROL,0
36.832,0.0340,0.0000,PATROL,0
36.866,0.0340,0.0000,PATROL,0
36.900,0.0342,0.1000,PATROL,0
36.934,0.0338,0.0000,PATROL,0
36.968,0.0341,0.0000,PATROL,0
37.002,0.0341,0.1000,PATROL,0
37.036,0.0340,0.0000,PATROL,0
37.070,0.0341,0.0000,PATROL,0
37.104,0.0340,0.1000,PATROL,0
37.138,0.0341,0.0000,PATROL,0
37.172,0.0340,0.0000,PATROL,0
37.207,0.0345,0.1000,PATROL,0
37.240,0.0338,0.0000,PATROL,0
37.274,0.0340,0.1000,PATROL,0
37.308,0.0338,0.0000,PATROL,0
37.342,0.0341,0.0000,PATROL,0
37.376,0.0339,0.1000,PATROL,0
37.410,0.0341,0.0000,PATROL,0
37.444,0.0342,0.0000,PATROL,0
37.478,0.0339,0.1000,PATROL,0
37.512,0.0340,0.0000,PATROL,0
37.546,0.0339,0.0000,PATROL,0
37.580,0.0341,0.1000,PATROL,0
37.614,0.0340,0.0000,PATROL,0
37.648,0.0341,0.0000,PATROL,0
37.682,0.0339,0.1000,PATROL,0
37.716,0.0342,0.0000,PATROL,0
37.750,0.0340,0.0000,PATROL,0
37.785,0.0342,0.1000,PATROL,0
37.818,0.0338,0.0000,PATROL,0
37.853,0.0349,0.0000,PATROL,0
37.887,0.0333,0.1000,PATROL,0
37.920,0.0338,0.0000,PATROL,0
37.954,0.0340,0.0000,PATROL,0
37.989,0.0341,0.1000,PATROL,0
38.023,0.0340,0.0000,PATROL,0
38.057,0.0341,0.0000,PATROL,0
38.091,0.0340,0.1000,PATROL,0
38.125,0.0342,0.0000,PATROL,0
38.159,0.0338,0.0000,PATROL,0
38.193,0.0341,0.1000,PATROL,0
38.227,0.0340,0.0000,PATROL,0
38.261,0.0340,0.0000,PATROL,0
38.295,0.0339,0.1000,PATROL,0
38.329,0.0342,0.0000,PATROL,0
38.363,0.0340,0.0000,PATROL,0
38.397,0.0340,0.1000,PATROL,0
38.431,0.0341,0.0000,PATROL,0
38.465,0.0340,0.0000,PATROL,0
38.499,0.0339,0.1000,PATROL,0
38.533,0.0340,0.0000,PATROL,0
38.567,0.0340,0.0000,PATROL,0
38.601,0.0340,0.1000,PATROL,0
38.635,0.0340,0.0000,PATROL,0
38.669,0.0342,0.0000,PATROL,0
38.703,0.0341,0.1000,PATROL,0
38.737,0.0341,0.0000,PATROL,0
38.771,0.0340,0.0000,PATROL,0
38.805,0.0341,0.1000,PATROL,0
38.839,0.0340,0.0000,PATROL,0
38.873,0.0341,0.0000,PATROL,0
38.907,0.0338,0.1000,PATROL,0
38.941,0.0344,0.0000,PATROL,0
38.975,0.0339,0.1000,PATROL,0
39.009,0.0338,0.0000,PATROL,0
39.043,0.0342,0.0000,PATROL,0
39.077,0.0341,0.1000,PATROL,0
39.111,0.0339,0.0000,PATROL,0
39.145,0.0342,0.0000,PATROL,0
39.179,0.0338,0.1000,PATROL,0
39.213,0.0342,0.0000,PATROL,0
39.247,0.0340,0.0000,PATROL,0
39.281,0.0340,0.1000,PATROL,0
39.315,0.0339,0.0000,PATROL,0
39.349,0.0344,0.0000,PATROL,0
39.383,0.0338,0.1000,PATROL,0
39.417,0.0340,0.0000,PATROL,0
39.451,0.0341,0.0000,PATROL,0
39.486,0.0343,0.1000,PATROL,0
39.519,0.0338,0.0000,PATROL,0
39.553,0.0340,0.0000,PATROL,0
39.588,0.0348,0.1000,PATROL,0
39.622,0.0334,0.0000,PATROL,0
39.655,0.0338,0.0000,PATROL,0
39.690,0.0341,0.1000,PATROL,0
39.724,0.0341,0.0000,PATROL,0
39.758,0.0339,0.0000,PATROL,0
39.792,0.0340,0.1000,PATROL,0
39.826,0.0340,0.0000,PATROL,0
39.859,0.0339,0.0000,PATROL,0
39.894,0.0342,0.1000,PATROL,0
39.928,0.0340,0.0000,PATROL,0
39.962,0.0340,0.0000,PATROL,0
39.996,0.0339,0.1000,PATROL,0
40.030,0.0345,0.0000,PATROL,0
40.064,0.0336,0.0000,PATROL,0
40.098,0.0340,0.1000,PATROL,0
40.132,0.0342,0.0000,PATROL,0
40.166,0.0340,0.0000,PATROL,0
40.200,0.0341,0.1000,PATROL,0
40.234,0.0340,0.0000,PATROL,0
40.268,0.0339,0.0000,PATROL,0
40.302,0.0343,0.1000,PATROL,0
40.336,0.0337,0.0000,PATROL,0
40.370,0.0341,0.0000,PATROL,0
40.404,0.0341,0.1000,PATROL,0
40.438,0.0340,0.0000,PATROL,0
40.472,0.0340,0.0000,PATROL,0
40.506,0.0341,0.1000,PATROL,0
40.540,0.0340,0.0000,PATROL,0
40.574,0.0343,0.0000,PATROL,0
40.608,0.0336,0.1000,PATROL,0
40.642,0.0341,0.0000,PATROL,0
40.676,0.0340,0.1000,PATROL,0
40.710,0.0340,0.0000,PATROL,0
40.744,0.0341,0.0000,PATROL,0
40.778,0.0339,0.1000,PATROL,0
40.812,0.0340,0.0000,PATROL,0
40.847,0.0346,0.0000,PATROL,0
40.880,0.0337,0.1000,PATROL,0
40.914,0.0339,0.0000,PATROL,0
40.948,0.0340,0.0000,PATROL,0
40.982,0.0341,0.1000,PATROL,0
41.016,0.0339,0.0000,PATROL,0
41.050,0.0341,0.0000,PATROL,0
41.084,0.0340,0.1000,PATROL,0
41.118,0.0341,0.0000,PATROL,0
41.153,0.0342,0.0000,PATROL,0
41.186,0.0338,0.1000,PATROL,0
41.221,0.0341,0.0000,PATROL,0
41.255,0.0340,0.0000,PATROL,0
41.289,0.0340,0.1000,PATROL,0
41.323,0.0340,0.0000,PATROL,0
41.357,0.0340,0.0000,PATROL,0
41.390,0.0340,0.1000,PATROL,0
41.425,0.0343,0.0000,PATROL,0
41.458,0.0337,0.0000,PATROL,0
41.492,0.0340,0.1000,PATROL,0
41.527,0.0342,0.0000,PATROL,0
41.561,0.0341,0.0000,PATROL,0
41.595,0.0339,0.1000,PATROL,0
41.629,0.0343,0.0000,PATROL,0
41.663,0.0339,0.0000,PATROL,0
41.697,0.0338,0.1000,PATROL,0
41.731,0.0341,0.0000,PATROL,0
41.765,0.0340,0.0000,PATROL,0
41.799,0.0339,0.1000,PATROL,0
41.833,0.0342,0.0000,PATROL,0
41.867,0.0339,0.0000,PATROL,0
41.901,0.0342,0.1000,PATROL,0
41.935,0.0339,0.0000,PATROL,0
41.969,0.0340,0.0000,PATROL,0
42.003,0.0338,0.1000,PATROL,0
42.037,0.0342,0.0000,PATROL,0
42.071,0.0341,0.0000,PATROL,0
42.105,0.0341,0.1000,PATROL,0
42.139,0.0341,0.0000,PATROL,0
42.174,0.0350,0.0000,PATROL,0
42.207,0.0331,0.1000,PATROL,0
42.241,0.0340,0.0000,PATROL,0
42.275,0.0342,0.0000,PATROL,0
42.309,0.0336,0.1000,PATROL,0
42.343,0.0342,0.0000,PATROL,0
42.377,0.0342,0.1000,PATROL,0
42.411,0.0339,0.0000,PATROL,0
42.446,0.0345,0.0000,PATROL,0
42.479,0.0336,0.1000,PATROL,0
42.513,0.0340,0.0000,PATROL,0
42.547,0.0340,0.0000,PATROL,0
42.581,0.0339,0.1000,PATROL,0
42.616,0.0349,0.0000,PATROL,0
42.649,0.0332,0.0000,PATROL,0
42.683,0.0338,0.1000,PATROL,0
42.717,0.0343,0.0000,PATROL,0
42.751,0.0338,0.0000,PATROL,0
42.785,0.0341,0.1000,PATROL,0
42.819,0.0341,0.0000,PATROL,0
42.854,0.0341,0.0000,PATROL,0
42.887,0.0339,0.1000,PATROL,0
42.921,0.0339,0.0000,PATROL,0
42.956,0.0342,0.0000,PATROL,0
42.990,0.0340,0.1000,PATROL,0
43.024,0.0340,0.0000,PATROL,0
43.057,0.0340,0.0000,PATROL,0
43.091,0.0340,0.1000,PATROL,0
43.125,0.0340,0.0000,PATROL,0
43.160,0.0342,0.0000,PATROL,0
43.194,0.0340,0.1000,PATROL,0
43.228,0.0341,0.0000,PATROL,0
43.262,0.0345,0.0000,PATROL,0
43.296,0.0335,0.1000,PATROL,0
43.330,0.0340,0.0000,PATROL,0
43.364,0.0340,0.0000,PATROL,0
43.398,0.0338,0.1000,PATROL,0
43.432,0.0342,0.0000,PATROL,0
43.466,0.0342,0.0000,PATROL,0
43.500,0.0339,0.1000,PATROL,0
43.534,0.0344,0.0000,PATROL,0
43.568,0.0337,0.0000,PATROL,0
43.602,0.0338,0.1000,PATROL,0
43.636,0.0344,0.0000,PATROL,0
43.670,0.0338,0.0000,PATROL,0
43.704,0.0340,0.1000,PATROL,0
43.738,0.0341,0.0000,PATROL,0
43.772,0.0341,0.0000,PATROL,0
43.806,0.0340,0.1000,PATROL,0
43.840,0.0339,0.0000,PATROL,0
43.874,0.0343,0.0000,PATROL,0
43.908,0.0335,0.1000,PATROL,0
43.942,0.0341,0.0000,PATROL,0
43.976,0.0344,0.0000,PATROL,0
44.010,0.0335,0.1000,PATROL,0
44.044,0.0342,0.0000,PATROL,0
44.079,0.0347,0.1000,PATROL,0
44.112,0.0334,0.0000,PATROL,0
44.147,0.0343,0.0000,PATROL,0
44.180,0.0336,0.1000,PATROL,0
44.214,0.0341,0.0000,PATROL,0
44.248,0.0339,0.0000,PATROL,0
44.282,0.0340,0.1000,PATROL,0
44.316,0.0340,0.0000,PATROL,0
44.350,0.0341,0.0000,PATROL,0
44.384,0.0338,0.1000,PATROL,0
44.418,0.0340,0.0000,PATROL,0
44.452,0.0342,0.0000,PATROL,0
44.486,0.0340,0.1000,PATROL,0
44.520,0.0339,0.0000,PATROL,0
44.554,0.0341,0.0000,PATROL,0
44.588,0.0340,0.1000,PATROL,0
44.622,0.0340,0.0000,PATROL,0
44.657,0.0341,0.0000,PATROL,0
44.691,0.0340,0.1000,PATROL,0
44.724,0.0339,0.0000,PATROL,0
44.758,0.0339,0.0000,PATROL,0
44.793,0.0342,0.1000,PATROL,0
44.827,0.0340,0.0000,PATROL,0
44.861,0.0340,0.0000,PATROL,0
44.895,0.0341,0.1000,PATROL,0
44.929,0.0341,0.0000,PATROL,0
44.963,0.0339,0.0000,PATROL,0
44.997,0.0342,0.1000,PATROL,0
45.031,0.0339,0.0000,PATROL,0
45.065,0.0342,0.0000,PATROL,0
45.099,0.0338,0.1000,PATROL,0
45.133,0.0342,0.0000,PATROL,0
45.167,0.0341,0.0000,PATROL,0
45.201,0.0341,0.1000,PATROL,0
45.235,0.0339,0.0000,PATROL,0
45.269,0.0340,0.0000,PATROL,0
45.303,0.0339,0.1000,PATROL,0
45.337,0.0344,0.0000,PATROL,0
45.371,0.0339,0.0000,PATROL,0
45.405,0.0339,0.1000,PATROL,0
45.439,0.0338,0.0000,PATROL,0
45.473,0.0344,0.0000,PATROL,0
45.507,0.0337,0.1000,PATROL,0
45.541,0.0341,0.0000,PATROL,0
45.575,0.0342,0.0000,PATROL,0
45.609,0.0338,0.1000,PATROL,0
45.643,0.0342,0.0000,PATROL,0
45.678,0.0346,0.0000,PATROL,0
45.711,0.0335,0.1000,PATROL,0
45.746,0.0343,0.0000,PATROL,0
45.779,0.0340,0.1000,PATROL,0
45.813,0.0337,0.0000,PATROL,0
45.847,0.0341,0.0000,PATROL,0
45.881,0.0340,0.1000,PATROL,0
45.915,0.0340,0.0000,PATROL,0
45.950,0.0346,0.0000,PATROL,0
45.983,0.0335,0.1000,PATROL,0
46.017,0.0340,0.0000,PATROL,0
46.051,0.0341,0.0000,PATROL,0
46.085,0.0338,0.1000,PATROL,0
46.119,0.0339,0.0000,PATROL,0
46.153,0.0341,0.0000,PATROL,0
46.187,0.0340,0.1000,PATROL,0
46.221,0.0341,0.0000,PATROL,0
46.255,0.0340,0.0000,PATROL,0
46.289,0.0341,0.1000,PATROL,0
46.324,0.0341,0.0000,PATROL,0
46.358,0.0341,0.0000,PATROL,0
46.392,0.0339,0.1000,PATROL,0
46.426,0.0342,0.0000,PATROL,0
46.460,0.0338,0.0000,PATROL,0
46.494,0.0343,0.1000,PATROL,0
46.528,0.0338,0.0000,ALIGN,0
46.562,0.0343,0.0000,ALIGN,0
46.596,0.0339,0.1000,ALIGN,0
46.630,0.0341,0.0000,ALIGN,0
46.665,0.0346,0.0000,ALIGN,0
46.699,0.0340,0.1000,ALIGN,0
46.732,0.0338,0.0000,ALIGN,0
46.766,0.0339,0.0000,ALIGN,0
46.800,0.0338,0.1000,ALIGN,0
46.834,0.0341,0.0000,ALIGN,0
46.868,0.0340,0.0000,ALIGN,0
46.902,0.0340,0.1000,ALIGN,0
46.936,0.0340,0.0000,ALIGN,0
46.970,0.0340,0.0000,ALIGN,0
47.004,0.0339,0.1000,ALIGN,0
47.039,0.0350,0.0000,ALIGN,0
47.072,0.0332,0.0000,ALIGN,0
47.107,0.0344,0.1000,ALIGN,0
47.140,0.0334,0.0000,ALIGN,0
47.174,0.0343,0.0000,ALIGN,0
47.208,0.0339,0.1000,ALIGN,0
47.242,0.0339,0.0000,ALIGN,0
47.276,0.0344,0.0000,ALIGN,0
47.310,0.0337,0.1000,ALIGN,0
47.344,0.0341,0.0000,ALIGN,0
47.379,0.0343,0.0000,ALIGN,0
47.413,0.0339,0.1000,ALIGN,0
47.446,0.0337,0.0000,ALIGN,0
47.480,0.0342,0.1000,ALIGN,0
47.514,0.0339,0.0000,ALIGN,0
47.548,0.0341,0.0000,ALIGN,0
47.582,0.0340,0.1000,ALIGN,0
47.616,0.0340,0.0000,ALIGN,0
47.650,0.0340,0.0000,ALIGN,0
47.684,0.0340,0.1000,ALIGN,0
47.719,0.0345,0.0000,ALIGN,0
47.752,0.0336,0.0000,ALIGN,0
47.786,0.0339,0.1000,ALIGN,0
47.820,0.0340,0.0000,ALIGN,0
47.855,0.0342,0.0000,ALIGN,0
47.889,0.0340,0.1000,ALIGN,0
47.923,0.0340,0.0000,ALIGN,0
47.957,0.0342,0.0000,ALIGN,0
47.991,0.0339,0.1000,ALIGN,0
48.025,0.0340,0.0000,APPROACH,0
48.059,0.0340,0.0000,APPROACH,0
48.093,0.0340,0.1000,APPROACH,0
48.127,0.0339,0.0000,APPROACH,0
48.161,0.0340,0.0000,APPROACH,0
48.195,0.0342,0.1000,APPROACH,0
48.229,0.0344,0.0000,APPROACH,0
48.263,0.0336,0.0000,APPROACH,0
48.297,0.0344,0.1000,APPROACH,0
48.331,0.0338,0.0000,APPROACH,0
48.365,0.0339,0.0000,APPROACH,0
48.399,0.0340,0.1000,APPROACH,0
48.433,0.0340,0.0000,APPROACH,0
48.467,0.0340,0.0000,APPROACH,0
48.501,0.0338,0.1000,APPROACH,0
48.535,0.0343,0.0000,APPROACH,0
48.569,0.0340,0.0000,APPROACH,0
48.603,0.0341,0.1000,APPROACH,0
48.637,0.0341,0.0000,APPROACH,0
48.671,0.0340,0.0000,APPROACH,0
48.705,0.0339,0.1000,APPROACH,0
48.739,0.0341,0.0000,APPROACH,0
48.773,0.0340,0.0000,APPROACH,0
48.807,0.0339,0.1000,APPROACH,0
48.841,0.0340,0.0000,APPROACH,0
48.875,0.0341,0.0000,APPROACH,0
48.909,0.0339,0.1000,APPROACH,0
48.943,0.0342,0.0000,APPROACH,0
48.977,0.0342,0.0000,APPROACH,0
49.011,0.0339,0.1000,APPROACH,0
49.045,0.0342,0.0000,APPROACH,0
49.080,0.0342,0.0000,APPROACH,0
49.113,0.0339,0.1000,APPROACH,0
49.147,0.0339,0.0000,APPROACH,0
49.182,0.0344,0.1000,APPROACH,0
49.215,0.0337,0.0000,APPROACH,0
49.250,0.0343,0.0000,APPROACH,0
49.283,0.0337,0.1000,APPROACH,0
49.318,0.0342,0.0000,APPROACH,0
49.351,0.0338,0.0000,APPROACH,0
49.385,0.0341,0.1000,APPROACH,0
49.419,0.0340,0.0000,APPROACH,0
49.454,0.0343,0.0000,APPROACH,0
49.487,0.0337,0.1000,APPROACH,0
49.521,0.0340,0.0000,APPROACH,0
49.555,0.0340,0.0000,APPROACH,0
49.590,0.0341,0.1000,APPROACH,0
49.624,0.0342,0.0000,APPROACH,0
49.658,0.0340,0.0000,APPROACH,0
49.692,0.0340,0.1000,APPROACH,0
49.726,0.0339,0.0000,APPROACH,0
49.760,0.0340,0.0000,APPROACH,0
49.794,0.0342,0.1000,APPROACH,0
49.828,0.0340,0.0000,APPROACH,0
49.862,0.0338,0.0000,APPROACH,0
49.896,0.0342,0.1000,APPROACH,0
49.930,0.0341,0.0000,APPROACH,0
49.964,0.0338,0.0000,APPROACH,0
49.999,0.0348,0.1000,APPROACH,0
50.033,0.0340,0.0000,APPROACH,0
50.066,0.0333,0.0000,APPROACH,0
50.100,0.0341,0.1000,APPROACH,0
50.134,0.0340,0.0000,APPROACH,0
50.168,0.0340,0.0000,APPROACH,0
50.202,0.0339,0.1000,APPROACH,0
50.236,0.0342,0.0000,APPROACH,0
50.270,0.0341,0.0000,APPROACH,0
50.304,0.0339,0.1000,APPROACH,0
50.338,0.0340,0.0000,APPROACH,0
50.372,0.0340,0.0000,APPROACH,0
50.406,0.0340,0.1000,APPROACH,0
50.440,0.0341,0.0000,APPROACH,0
50.474,0.0340,0.0000,APPROACH,0
50.508,0.0338,0.1000,APPROACH,0
50.542,0.0341,0.0000,APPROACH,0
50.576,0.0340,0.0000,APPROACH,0
50.610,0.0339,0.1000,APPROACH,0
50.644,0.0341,0.0000,APPROACH,0
50.678,0.0341,0.0000,APPROACH,0
50.712,0.0338,0.1000,APPROACH,0
50.746,0.0340,0.0000,APPROACH,0
50.781,0.0350,0.0000,APPROACH,0
50.814,0.0332,0.1000,APPROACH,0
50.848,0.0339,0.0000,APPROACH,0
50.882,0.0341,0.1000,APPROACH,0
50.916,0.0340,0.0000,APPROACH,0
50.950,0.0340,0.0000,APPROACH,0
50.984,0.0338,0.1000,APPROACH,0
51.018,0.0341,0.0000,APPROACH,0
51.053,0.0345,0.0000,APPROACH,0
51.086,0.0337,0.1000,APPROACH,0
51.121,0.0344,0.0000,APPROACH,0
51.155,0.0337,0.0000,APPROACH,0
51.188,0.0338,0.1000,APPROACH,0
51.222,0.0340,0.0000,APPROACH,0
51.257,0.0341,0.0000,APPROACH,0
51.290,0.0339,0.1000,APPROACH,0
51.326,0.0352,0.0000,APPROACH,0
51.359,0.0331,0.0000,APPROACH,0
51.393,0.0338,0.1000,APPROACH,0
51.427,0.0340,0.0000,APPROACH,0
51.461,0.0341,0.0000,APPROACH,0
51.495,0.0346,0.1000,APPROACH,0
51.529,0.0332,0.0000,APPROACH,0
51.563,0.0341,0.0000,APPROACH,0
51.597,0.0340,0.1000,APPROACH,0
51.631,0.0340,0.0000,APPROACH,0
51.665,0.0339,0.0000,APPROACH,0
51.699,0.0340,0.1000,APPROACH,0
51.733,0.0340,0.0000,APPROACH,0
51.767,0.0340,0.0000,APPROACH,0
51.801,0.0342,0.1000,APPROACH,0
51.835,0.0342,0.0000,APPROACH,0
51.869,0.0335,0.0000,APPROACH,0
51.903,0.0340,0.1000,APPROACH,0
51.937,0.0342,0.0000,APPROACH,0
51.971,0.0342,0.0000,APPROACH,0
52.005,0.0341,0.1000,APPROACH,0
52.039,0.0340,0.0000,APPROACH,0
52.073,0.0340,0.0000,APPROACH,0
52.107,0.0340,0.1000,APPROACH,0
52.142,0.0345,0.0000,APPROACH,0
52.175,0.0338,0.0000,APPROACH,0
52.209,0.0338,0.1000,APPROACH,0
52.243,0.0340,0.0000,APPROACH,0
52.277,0.0344,0.0000,APPROACH,0
52.311,0.0336,0.1000,APPROACH,0
52.345,0.0341,0.0000,APPROACH,0
52.379,0.0342,0.0000,APPROACH,0
52.413,0.0341,0.1000,APPROACH,0
52.447,0.0338,0.0000,APPROACH,0
52.481,0.0341,0.0000,APPROACH,0
52.516,0.0342,0.1000,APPROACH,0
52.550,0.0340,0.0000,APPROACH,0
52.584,0.0340,0.1000,APPROACH,0
52.618,0.0341,0.0000,APPROACH,0
52.652,0.0339,0.0000,APPROACH,0
52.686,0.0340,0.1000,APPROACH,0
52.720,0.0341,0.0000,APPROACH,0
52.754,0.0339,0.0000,APPROACH,0
52.787,0.0339,0.1000,APPROACH,0
52.822,0.0342,0.0000,APPROACH,0
52.856,0.0339,0.0000,APPROACH,0
52.890,0.0340,0.1000,APPROACH,0
52.924,0.0340,0.0000,APPROACH,0
52.958,0.0342,0.0000,APPROACH,0
52.992,0.0345,0.1000,APPROACH,0
53.026,0.0337,0.0000,APPROACH,0
53.060,0.0340,0.0000,APPROACH,0
53.094,0.0339,0.1000,APPROACH,0
53.128,0.0339,0.0000,APPROACH,0
53.162,0.0340,0.0000,APPROACH,0
53.196,0.0339,0.1000,APPROACH,0
53.230,0.0342,0.0000,APPROACH,0
53.264,0.0337,0.0000,APPROACH,0
53.298,0.0342,0.1000,APPROACH,0
53.332,0.0341,0.0000,APPROACH,0
53.366,0.0340,0.0000,APPROACH,0
53.400,0.0339,0.1000,APPROACH,0
53.434,0.0340,0.0000,APPROACH,0
53.468,0.0339,0.0000,APPROACH,0
53.502,0.0343,0.1000,APPROACH,0
53.536,0.0338,0.0000,APPROACH,0
53.570,0.0340,0.0000,APPROACH,0
53.604,0.0339,0.1000,APPROACH,0
53.638,0.0343,0.0000,APPROACH,0
53.672,0.0338,0.0000,APPROACH,0
53.706,0.0342,0.1000,APPROACH,0
53.740,0.0341,0.0000,APPROACH,0
53.774,0.0339,0.0000,APPROACH,0
53.808,0.0338,0.1000,APPROACH,0
53.842,0.0344,0.0000,APPROACH,0
53.876,0.0341,0.0000,APPROACH,0
53.910,0.0336,0.1000,APPROACH,0
53.944,0.0340,0.0000,APPROACH,0
53.978,0.0343,0.0000,APPROACH,0
54.012,0.0339,0.1000,APPROACH,0
54.046,0.0341,0.0000,APPROACH,0
54.080,0.0340,0.0000,APPROACH,0
54.114,0.0339,0.1000,APPROACH,0
54.148,0.0341,0.0000,APPROACH,0
54.183,0.0344,0.0000,APPROACH,0
54.216,0.0335,0.1000,APPROACH,0
54.251,0.0343,0.0000,APPROACH,0
54.285,0.0342,0.1000,APPROACH,0
54.318,0.0338,0.0000,APPROACH,0
54.352,0.0340,0.0000,APPROACH,0
54.386,0.0339,0.1000,APPROACH,0
54.421,0.0345,0.0000,APPROACH,0
54.455,0.0340,0.0000,APPROACH,0
54.489,0.0337,0.1000,APPROACH,0
54.523,0.0342,0.0000,APPROACH,0
54.557,0.0341,0.0000,APPROACH,0
54.591,0.0338,0.1000,APPROACH,0
54.625,0.0341,0.0000,APPROACH,0
54.659,0.0340,0.0000,APPROACH,0
54.693,0.0339,0.1000,APPROACH,0
54.727,0.0340,0.0000,APPROACH,0
54.761,0.0341,0.0000,APPROACH,0
54.795,0.0339,0.1000,APPROACH,0
54.829,0.0342,0.0000,APPROACH,0
54.863,0.0338,0.0000,APPROACH,0
54.897,0.0340,0.1000,APPROACH,0
54.931,0.0340,0.0000,APPROACH,0
54.964,0.0338,0.0000,APPROACH,0
54.999,0.0341,0.1000,APPROACH,0
55.034,0.0343,0.0000,APPROACH,0
55.067,0.0340,0.0000,APPROACH,0
55.101,0.0341,0.1000,APPROACH,0
55.135,0.0342,0.0000,APPROACH,0
55.169,0.0339,0.0000,APPROACH,0
55.203,0.0341,0.1000,APPROACH,0
55.237,0.0341,0.0000,APPROACH,0
55.271,0.0340,0.0000,APPROACH,0
55.305,0.0338,0.1000,APPROACH,0
55.339,0.0341,0.0000,APPROACH,0
55.374,0.0349,0.0000,APPROACH,0
55.407,0.0331,0.1000,APPROACH,0
55.441,0.0344,0.0000,APPROACH,0
55.475,0.0338,0.0000,APPROACH,0
55.509,0.0339,0.1000,APPROACH,0
55.543,0.0341,0.0000,APPROACH,0
55.577,0.0339,0.0000,APPROACH,0
55.611,0.0339,0.1000,APPROACH,0
55.645,0.0342,0.0000,APPROACH,0
55.679,0.0339,0.0000,APPROACH,0
55.713,0.0340,0.1000,APPROACH,0
55.747,0.0339,0.0000,APPROACH,0
55.781,0.0341,0.0000,APPROACH,0
55.815,0.0339,0.1000,APPROACH,0
55.849,0.0342,0.0000,APPROACH,0
55.884,0.0343,0.0000,APPROACH,0
55.917,0.0338,0.1000,APPROACH,0
55.951,0.0341,0.0000,APPROACH,0
55.986,0.0342,0.1000,APPROACH,0
56.020,0.0338,0.0000,APPROACH,0
56.054,0.0341,0.0000,APPROACH,0
56.087,0.0337,0.1000,APPROACH,0
56.122,0.0342,0.0000,APPROACH,0
56.156,0.0341,0.0000,APPROACH,0
56.190,0.0340,0.1000,APPROACH,0
56.224,0.0338,0.0000,APPROACH,0
56.258,0.0341,0.0000,APPROACH,0
56.292,0.0339,0.1000,APPROACH,0
56.326,0.0340,0.0000,APPROACH,0
56.360,0.0340,0.0000,APPROACH,0
56.394,0.0340,0.1000,APPROACH,0
56.428,0.0339,0.0000,APPROACH,0
56.462,0.0343,0.0000,APPROACH,0
56.496,0.0338,0.1000,APPROACH,0
56.530,0.0341,0.0000,APPROACH,0
56.564,0.0342,0.0000,APPROACH,0
56.598,0.0339,0.1000,APPROACH,0
56.632,0.0341,0.0000,APPROACH,0
56.666,0.0339,0.0000,APPROACH,0
56.700,0.0341,0.1000,APPROACH,0
56.734,0.0342,0.0000,APPROACH,0
56.768,0.0338,0.0000,APPROACH,0
56.802,0.0340,0.1000,APPROACH,0
56.836,0.0339,0.0000,APPROACH,0
56.870,0.0339,0.0000,APPROACH,0
56.904,0.0342,0.1000,APPROACH,0
56.938,0.0339,0.0000,APPROACH,0
56.972,0.0341,0.0000,APPROACH,0
57.006,0.0339,0.1000,APPROACH,0
57.040,0.0340,0.0000,APPROACH,0
57.074,0.0341,0.0000,APPROACH,0
57.108,0.0338,0.1000,APPROACH,0
57.142,0.0343,0.0000,APPROACH,0
57.177,0.0343,0.0000,APPROACH,0
57.210,0.0335,0.1000,APPROACH,0
57.245,0.0347,0.0000,APPROACH,0
57.278,0.0335,0.0000,APPROACH,0
57.312,0.0339,0.1000,APPROACH,0
57.346,0.0340,0.0000,APPROACH,0
57.380,0.0341,0.0000,APPROACH,0
57.414,0.0340,0.1000,APPROACH,0
57.448,0.0340,0.0000,APPROACH,0
57.482,0.0341,0.0000,APPROACH,0
57.516,0.0339,0.1000,APPROACH,0
57.551,0.0345,0.0000,APPROACH,0
57.585,0.0338,0.0000,APPROACH,0
57.618,0.0338,0.1000,APPROACH,0
57.652,0.0341,0.0000,APPROACH,0
57.687,0.0341,0.1000,APPROACH,0
57.720,0.0338,0.0000,APPROACH,0
57.755,0.0341,0.0000,APPROACH,0
57.788,0.0338,0.1000,APPROACH,0
57.823,0.0346,0.0000,APPROACH,0
57.856,0.0335,0.0000,APPROACH,0
57.890,0.0340,0.1000,APPROACH,0
57.924,0.0340,0.0000,APPROACH,0
57.959,0.0341,0.0000,APPROACH,0
57.992,0.0338,0.1000,APPROACH,0
58.027,0.0342,0.0000,APPROACH,0
58.061,0.0341,0.0000,APPROACH,0
58.095,0.0341,0.1000,APPROACH,0
58.128,0.0337,0.0000,APPROACH,0
58.163,0.0341,0.0000,APPROACH,0
58.197,0.0341,0.1000,APPROACH,0
58.231,0.0340,0.0000,APPROACH,0
58.265,0.0341,0.0000,APPROACH,0
58.299,0.0338,0.1000,APPROACH,0
58.333,0.0341,0.0000,APPROACH,0
58.367,0.0339,0.0000,APPROACH,0
58.401,0.0341,0.1000,APPROACH,0
58.435,0.0339,0.0000,APPROACH,0
58.469,0.0340,0.0000,APPROACH,0
58.503,0.0340,0.1000,APPROACH,0
58.537,0.0346,0.0000,APPROACH,0
58.571,0.0333,0.0000,APPROACH,0
58.605,0.0341,0.1000,APPROACH,0
58.639,0.0339,0.0000,APPROACH,0
58.673,0.0340,0.0000,APPROACH,0
58.706,0.0339,0.1000,APPROACH,0
58.741,0.0345,0.0000,APPROACH,0
58.775,0.0336,0.0000,APPROACH,0
58.808,0.0338,0.1000,APPROACH,0
58.843,0.0343,0.0000,APPROACH,0
58.877,0.0339,0.0000,APPROACH,0
58.911,0.0340,0.1000,APPROACH,0
58.945,0.0342,0.0000,APPROACH,0
58.979,0.0341,0.0000,APPROACH,0
59.013,0.0339,0.1000,PATROL,0
59.047,0.0341,0.0000,ALIGN,0
59.081,0.0344,0.0000,ALIGN,0
59.115,0.0338,0.1000,ALIGN,0
59.149,0.0340,0.0000,ALIGN,0
59.183,0.0341,0.0000,ALIGN,0
59.217,0.0339,0.1000,ALIGN,0
59.251,0.0341,0.0000,ALIGN,0
59.285,0.0341,0.0000,ALIGN,0
59.319,0.0342,0.1000,ALIGN,0
59.354,0.0340,0.0000,ALIGN,0
59.387,0.0339,0.1000,ALIGN,0
59.421,0.0340,0.0000,ALIGN,0
59.455,0.0340,0.0000,ALIGN,0
59.489,0.0338,0.1000,ALIGN,0
59.523,0.0342,0.0000,ALIGN,0
59.557,0.0340,0.0000,ALIGN,0
59.591,0.0340,0.1000,ALIGN,0
59.625,0.0341,0.0000,ALIGN,0
59.659,0.0341,0.0000,ALIGN,0
59.694,0.0340,0.1000,ALIGN,0
59.727,0.0339,0.0000,ALIGN,0
59.762,0.0342,0.0000,ALIGN,0
59.795,0.0339,0.1000,ALIGN,0
59.829,0.0340,0.0000,ALIGN,0
59.864,0.0342,0.0000,ALIGN,0
59.897,0.0338,0.1000,ALIGN,0
59.932,0.0340,0.0000,APPROACH,0
59.966,0.0343,0.0000,APPROACH,0
60.000,0.0338,0.1000,APPROACH,0
60.034,0.0339,0.0000,APPROACH,0
60.067,0.0339,0.0000,APPROACH,0
60.102,0.0342,0.1000,APPROACH,0
60.136,0.0341,0.0000,APPROACH,0
60.170,0.0339,0.0000,APPROACH,0
60.204,0.0340,0.1000,APPROACH,0
60.238,0.0344,0.0000,APPROACH,0
60.272,0.0337,0.0000,APPROACH,0
60.306,0.0343,0.1000,APPROACH,0
60.340,0.0338,0.0000,APPROACH,0
60.374,0.0340,0.0000,APPROACH,0
60.408,0.0339,0.1000,APPROACH,0
60.442,0.0343,0.0000,APPROACH,0
60.476,0.0337,0.0000,APPROACH,0
60.510,0.0339,0.1000,APPROACH,0
60.544,0.0341,0.0000,APPROACH,0
60.578,0.0341,0.0000,APPROACH,0
60.611,0.0338,0.1000,APPROACH,0
60.646,0.0344,0.0000,APPROACH,0
60.680,0.0340,0.0000,APPROACH,0
60.713,0.0337,0.1000,APPROACH,0
60.748,0.0340,0.0000,APPROACH,0
60.783,0.0352,0.0000,APPROACH,0
60.816,0.0330,0.1000,APPROACH,0
60.850,0.0339,0.0000,APPROACH,0
60.884,0.0341,0.0000,APPROACH,0
60.918,0.0340,0.1000,APPROACH,0
60.952,0.0341,0.0000,APPROACH,0
60.986,0.0339,0.0000,APPROACH,0
61.020,0.0340,0.1000,APPROACH,0
61.054,0.0347,0.0000,APPROACH,0
61.088,0.0336,0.1000,APPROACH,0
61.122,0.0338,0.0000,APPROACH,0
61.156,0.0339,0.0000,APPROACH,0
61.189,0.0338,0.1000,APPROACH,0
61.224,0.0341,0.0000,APPROACH,0
61.258,0.0341,0.0000,APPROACH,0
61.292,0.0341,0.1000,APPROACH,0
61.326,0.0342,0.0000,APPROACH,0
61.360,0.0337,0.0000,APPROACH,0
61.394,0.0339,0.1000,APPROACH,0
61.428,0.0340,0.0000,APPROACH,0
61.462,0.0340,0.0000,APPROACH,0
61.496,0.0339,0.1000,APPROACH,0
61.530,0.0341,0.0000,APPROACH,0
61.564,0.0341,0.0000,APPROACH,0
61.598,0.0340,0.1000,APPROACH,0
61.632,0.0340,0.0000,APPROACH,0
61.666,0.0340,0.0000,APPROACH,0
61.700,0.0339,0.1000,APPROACH,0
61.734,0.0343,0.0000,APPROACH,0
61.768,0.0341,0.0000,APPROACH,0
61.802,0.0343,0.1000,APPROACH,0
61.836,0.0342,0.0000,APPROACH,0
61.870,0.0340,0.0000,APPROACH,0
61.905,0.0342,0.1000,APPROACH,0
61.939,0.0339,0.0000,APPROACH,0
61.973,0.0340,0.0000,APPROACH,0
62.007,0.0341,0.1000,APPROACH,0
62.041,0.0340,0.0000,APPROACH,0
62.075,0.0339,0.0000,APPROACH,0
62.108,0.0339,0.1000,APPROACH,0
62.143,0.0344,0.0000,APPROACH,0
62.177,0.0338,0.0000,APPROACH,0
62.211,0.0340,0.1000,APPROACH,0
62.245,0.0340,0.0000,APPROACH,0
62.279,0.0340,0.0000,APPROACH,0
62.313,0.0339,0.1000,APPROACH,0
62.347,0.0342,0.0000,APPROACH,0
62.381,0.0339,0.0000,APPROACH,0
62.415,0.0339,0.1000,APPROACH,0
62.449,0.0341,0.0000,APPROACH,0
62.483,0.0343,0.0000,APPROACH,0
62.517,0.0339,0.1000,APPROACH,0
62.551,0.0341,0.0000,APPROACH,0
62.585,0.0341,0.0000,APPROACH,0
62.619,0.0340,0.1000,APPROACH,0
62.653,0.0342,0.0000,APPROACH,0
62.687,0.0341,0.0000,APPROACH,0
62.721,0.0337,0.1000,APPROACH,0
62.755,0.0340,0.0000,APPROACH,0
62.789,0.0341,0.0000,APPROACH,0
62.823,0.0342,0.1000,APPROACH,0
62.857,0.0337,0.0000,APPROACH,0
62.891,0.0340,0.1000,APPROACH,0
62.925,0.0342,0.0000,APPROACH,0
62.959,0.0340,0.0000,APPROACH,0
62.993,0.0339,0.1000,APPROACH,0
63.027,0.0342,0.0000,APPROACH,0
63.061,0.0340,0.0000,APPROACH,0
63.095,0.0340,0.1000,APPROACH,0
63.129,0.0340,0.0000,PATROL,0
63.164,0.0342,0.0000,PATROL,0
63.198,0.0341,0.1000,PATROL,0
63.231,0.0337,0.0000,PATROL,0
63.265,0.0340,0.0000,PATROL,0
63.300,0.0340,0.1000,PATROL,0
63.334,0.0340,0.0000,PATROL,0
63.368,0.0341,0.0000,PATROL,0
63.402,0.0341,0.1000,PATROL,0
63.436,0.0339,0.0000,PATROL,0
63.470,0.0341,0.0000,PATROL,0
63.504,0.0341,0.1000,PATROL,0
63.538,0.0338,0.0000,PATROL,0
63.571,0.0339,0.0000,PATROL,0
63.606,0.0344,0.1000,PATROL,0
63.640,0.0337,0.0000,PATROL,0
63.674,0.0341,0.0000,PATROL,0
63.708,0.0339,0.1000,PATROL,0
63.742,0.0341,0.0000,PATROL,0
63.776,0.0340,0.0000,PATROL,0
63.809,0.0338,0.1000,PATROL,0
63.844,0.0345,0.0000,PATROL,0
63.878,0.0338,0.0000,PATROL,0
63.912,0.0338,0.1000,PATROL,0
63.946,0.0341,0.0000,PATROL,0
63.980,0.0339,0.0000,PATROL,0
64.014,0.0340,0.1000,PATROL,0
64.048,0.0342,0.0000,PATROL,0
64.082,0.0341,0.0000,PATROL,0
64.116,0.0338,0.1000,PATROL,0
64.150,0.0339,0.0000,PATROL,0
64.184,0.0344,0.0000,PATROL,0
64.218,0.0336,0.1000,PATROL,0
64.252,0.0341,0.0000,PATROL,0
64.286,0.0342,0.0000,PATROL,0
64.320,0.0338,0.1000,PATROL,0
64.354,0.0340,0.0000,PATROL,0
64.388,0.0342,0.0000,PATROL,0
64.422,0.0340,0.1000,PATROL,0
64.457,0.0347,0.0000,PATROL,0
64.490,0.0338,0.1000,PATROL,0
64.526,0.0352,0.0000,PATROL,0
64.559,0.0331,0.0000,PATROL,0
64.592,0.0336,0.1000,PATROL,0
64.627,0.0344,0.0000,PATROL,0
64.660,0.0337,0.0000,PATROL,0
64.695,0.0342,0.1000,PATROL,0
64.728,0.0339,0.0000,PATROL,0
64.763,0.0342,0.0000,PATROL,0
64.797,0.0339,0.1000,PATROL,0
64.831,0.0340,0.0000,ALIGN,0
64.864,0.0339,0.0000,ALIGN,0
64.898,0.0339,0.1000,ALIGN,0
64.932,0.0340,0.0000,ALIGN,0
64.967,0.0342,0.0000,ALIGN,0
65.000,0.0340,0.1000,ALIGN,0
65.034,0.0340,0.0000,ALIGN,0
65.069,0.0342,0.0000,ALIGN,0
65.103,0.0339,0.1000,ALIGN,0
65.137,0.0339,0.0000,ALIGN,0
65.170,0.0340,0.0000,ALIGN,0
65.205,0.0343,0.1000,ALIGN,0
65.239,0.0339,0.0000,ALIGN,0
65.273,0.0340,0.0000,ALIGN,0
65.306,0.0338,0.1000,ALIGN,0
65.341,0.0342,0.0000,ALIGN,0
65.375,0.0339,0.0000,ALIGN,0
65.408,0.0339,0.1000,ALIGN,0
65.443,0.0341,0.0000,ALIGN,0
65.477,0.0341,0.0000,ALIGN,0
65.511,0.0338,0.1000,ALIGN,0
65.545,0.0342,0.0000,ALIGN,0
65.579,0.0338,0.0000,ALIGN,0
65.612,0.0339,0.1000,ALIGN,0
65.647,0.0343,0.0000,ALIGN,0
65.681,0.0340,0.0000,ALIGN,0
65.715,0.0339,0.1000,ALIGN,0
65.749,0.0339,0.0000,ALIGN,0
65.783,0.0341,0.0000,ALIGN,0
65.817,0.0338,0.1000,ALIGN,0
65.850,0.0339,0.0000,ALIGN,0
65.885,0.0341,0.0000,ALIGN,0
65.919,0.0342,0.1000,ALIGN,0
65.953,0.0341,0.0000,ALIGN,0
65.987,0.0342,0.0000,ALIGN,0
66.021,0.0341,0.1000,ALIGN,0
66.055,0.0338,0.0000,ALIGN,0
66.089,0.0343,0.0000,ALIGN,0
66.123,0.0338,0.1000,APPROACH,0
66.157,0.0341,0.0000,APPROACH,0
66.191,0.0341,0.1000,APPROACH,0
66.225,0.0341,0.0000,APPROACH,0
66.259,0.0338,0.0000,APPROACH,0
66.293,0.0339,0.1000,APPROACH,0
66.327,0.0342,0.0000,APPROACH,0
66.361,0.0340,0.0000,APPROACH,0
66.395,0.0339,0.1000,APPROACH,0
66.429,0.0342,0.0000,APPROACH,0
66.464,0.0343,0.0000,APPROACH,0
66.497,0.0338,0.1000,APPROACH,0
66.531,0.0339,0.0000,APPROACH,0
66.565,0.0341,0.0000,APPROACH,0
66.599,0.0340,0.1000,APPROACH,0
66.633,0.0339,0.0000,APPROACH,0
66.668,0.0342,0.0000,APPROACH,0
66.702,0.0341,0.1000,APPROACH,0
66.735,0.0338,0.0000,APPROACH,0
66.770,0.0341,0.0000,APPROACH,0
66.803,0.0339,0.1000,APPROACH,0
66.837,0.0340,0.0000,APPROACH,0
66.871,0.0340,0.0000,APPROACH,0
66.906,0.0347,0.1000,APPROACH,0
66.940,0.0335,0.0000,APPROACH,0
66.974,0.0343,0.0000,APPROACH,0
67.008,0.0336,0.1000,APPROACH,0
67.042,0.0340,0.0000,APPROACH,0
67.076,0.0341,0.0000,APPROACH,0
67.110,0.0339,0.1000,APPROACH,0
67.144,0.0342,0.0000,APPROACH,0
67.178,0.0339,0.0000,APPROACH,0
67.212,0.0339,0.1000,APPROACH,0
67.246,0.0343,0.0000,APPROACH,0
67.280,0.0338,0.0000,APPROACH,0
67.314,0.0341,0.1000,APPROACH,0
67.348,0.0341,0.0000,APPROACH,0
67.382,0.0340,0.0000,APPROACH,0
67.416,0.0339,0.1000,APPROACH,0
67.451,0.0348,0.0000,APPROACH,0
67.484,0.0332,0.0000,APPROACH,0
67.518,0.0343,0.1000,APPROACH,0
67.552,0.0337,0.0000,APPROACH,0
67.586,0.0342,0.0000,APPROACH,0
67.620,0.0341,0.1000,APPROACH,0
67.654,0.0340,0.0000,APPROACH,0
67.688,0.0343,0.0000,APPROACH,0
67.722,0.0340,0.1000,APPROACH,0
67.756,0.0339,0.0000,APPROACH,0
67.790,0.0341,0.0000,APPROACH,0
67.825,0.0343,0.1000,APPROACH,0
67.858,0.0336,0.0000,APPROACH,0
67.892,0.0342,0.1000,APPROACH,0
67.927,0.0340,0.0000,APPROACH,0
67.961,0.0346,0.0000,APPROACH,0
67.994,0.0331,0.1000,APPROACH,0
68.028,0.0341,0.0000,APPROACH,0
68.063,0.0341,0.0000,APPROACH,0
68.096,0.0339,0.1000,APPROACH,0
68.131,0.0342,0.0000,APPROACH,0
68.164,0.0338,0.0000,APPROACH,0
68.199,0.0342,0.1000,APPROACH,0
68.233,0.0340,0.0000,APPROACH,0
68.267,0.0340,0.0000,APPROACH,0
68.301,0.0340,0.1000,APPROACH,0
68.335,0.0339,0.0000,APPROACH,0
68.368,0.0340,0.0000,APPROACH,0
68.403,0.0343,0.1000,APPROACH,0
68.437,0.0338,0.0000,APPROACH,0
68.471,0.0340,0.0000,APPROACH,0
68.504,0.0339,0.1000,APPROACH,0
68.539,0.0342,0.0000,APPROACH,0
68.573,0.0339,0.0000,APPROACH,0
68.607,0.0341,0.1000,APPROACH,0
68.641,0.0342,0.0000,APPROACH,0
68.675,0.0337,0.0000,APPROACH,0
68.709,0.0339,0.1000,APPROACH,0
68.743,0.0341,0.0000,APPROACH,0
68.777,0.0340,0.0000,APPROACH,0
68.811,0.0340,0.1000,APPROACH,0
68.845,0.0344,0.0000,APPROACH,0
68.879,0.0339,0.0000,APPROACH,0
68.913,0.0339,0.1000,APPROACH,0
68.947,0.0341,0.0000,APPROACH,0
68.981,0.0341,0.0000,APPROACH,0
69.015,0.0338,0.1000,APPROACH,0
69.049,0.0340,0.0000,APPROACH,0
69.083,0.0341,0.0000,APPROACH,0
69.117,0.0341,0.1000,APPROACH,0
69.151,0.0340,0.0000,APPROACH,0
69.185,0.0340,0.0000,APPROACH,0
69.219,0.0339,0.1000,APPROACH,0
69.253,0.0339,0.0000,APPROACH,0
69.287,0.0343,0.0000,APPROACH,0
69.321,0.0340,0.1000,APPROACH,0
69.355,0.0340,0.0000,APPROACH,0
69.390,0.0345,0.0000,APPROACH,0
69.423,0.0336,0.1000,APPROACH,0
69.458,0.0343,0.0000,APPROACH,0
69.491,0.0339,0.0000,APPROACH,0
69.525,0.0339,0.1000,APPROACH,0
69.559,0.0339,0.0000,APPROACH,0
69.594,0.0344,0.1000,APPROACH,0
69.627,0.0338,0.0000,APPROACH,0
69.662,0.0343,0.0000,APPROACH,0
69.695,0.0336,0.1000,APPROACH,0
69.729,0.0342,0.0000,APPROACH,0
69.763,0.0339,0.0000,APPROACH,0
69.797,0.0340,0.1000,APPROACH,0
69.831,0.0341,0.0000,APPROACH,0
69.865,0.0339,0.0000,APPROACH,0
69.899,0.0340,0.1000,APPROACH,0
69.933,0.0340,0.0000,APPROACH,0
69.967,0.0340,0.0000,APPROACH,0
70.001,0.0339,0.1000,APPROACH,0
70.035,0.0340,0.0000,APPROACH,0
70.070,0.0344,0.0000,APPROACH,0
70.104,0.0338,0.1000,APPROACH,0
70.138,0.0341,0.0000,APPROACH,0
70.172,0.0340,0.0000,APPROACH,0
70.206,0.0345,0.1000,APPROACH,0
70.240,0.0334,0.0000,APPROACH,0
70.273,0.0339,0.0000,APPROACH,0
70.308,0.0341,0.1000,APPROACH,0
70.342,0.0341,0.0000,APPROACH,0
70.376,0.0339,0.0000,APPROACH,0
70.410,0.0341,0.1000,APPROACH,0
70.444,0.0341,0.0000,APPROACH,0
70.478,0.0343,0.0000,APPROACH,0
70.512,0.0338,0.1000,APPROACH,0
70.546,0.0340,0.0000,APPROACH,0
70.580,0.0341,0.0000,APPROACH,0
70.614,0.0339,0.1000,APPROACH,0
70.648,0.0340,0.0000,APPROACH,0
70.682,0.0339,0.0000,APPROACH,0
70.716,0.0340,0.1000,APPROACH,0
70.750,0.0342,0.0000,APPROACH,0
70.784,0.0340,0.0000,APPROACH,0
70.818,0.0340,0.1000,APPROACH,0
70.852,0.0341,0.0000,APPROACH,0
70.886,0.0339,0.0000,APPROACH,0
70.920,0.0340,0.1000,APPROACH,0
70.954,0.0339,0.0000,APPROACH,0
70.988,0.0342,0.0000,APPROACH,0
71.022,0.0340,0.1000,APPROACH,0
71.056,0.0338,0.0000,APPROACH,0
71.090,0.0341,0.0000,APPROACH,0
71.124,0.0339,0.1000,APPROACH,0
71.158,0.0340,0.0000,APPROACH,0
71.192,0.0340,0.0000,APPROACH,0
71.226,0.0339,0.1000,APPROACH,0
71.260,0.0340,0.0000,APPROACH,0
71.295,0.0345,0.1000,APPROACH,0
71.328,0.0338,0.0000,APPROACH,0
71.362,0.0340,0.0000,APPROACH,0
71.396,0.0338,0.1000,APPROACH,0
71.430,0.0342,0.0000,APPROACH,0
71.464,0.0340,0.0000,APPROACH,0
71.498,0.0339,0.1000,APPROACH,0
71.532,0.0341,0.0000,APPROACH,0
71.566,0.0340,0.0000,APPROACH,0
71.600,0.0339,0.1000,APPROACH,0
71.634,0.0340,0.0000,APPROACH,0
71.668,0.0341,0.0000,APPROACH,0
71.702,0.0340,0.1000,APPROACH,0
71.736,0.0340,0.0000,APPROACH,0
71.770,0.0339,0.0000,APPROACH,0
71.804,0.0341,0.1000,APPROACH,0
71.838,0.0339,0.0000,APPROACH,0
71.873,0.0342,0.0000,APPROACH,0
71.907,0.0340,0.1000,APPROACH,0
71.940,0.0338,0.0000,APPROACH,0
71.974,0.0339,0.0000,APPROACH,0
72.008,0.0340,0.1000,APPROACH,0
72.043,0.0343,0.0000,APPROACH,0
72.077,0.0339,0.0000,APPROACH,0
72.111,0.0340,0.1000,APPROACH,0
72.145,0.0341,0.0000,APPROACH,0
72.179,0.0339,0.0000,APPROACH,0
72.213,0.0341,0.1000,APPROACH,0
72.247,0.0340,0.0000,APPROACH,0
72.281,0.0340,0.0000,APPROACH,0
72.315,0.0339,0.1000,APPROACH,0
72.349,0.0342,0.0000,APPROACH,0
72.383,0.0339,0.0000,APPROACH,0
72.416,0.0340,0.1000,APPROACH,0
72.451,0.0342,0.0000,APPROACH,0
72.485,0.0340,0.0000,APPROACH,0
72.519,0.0339,0.1000,APPROACH,0
72.553,0.0341,0.0000,APPROACH,0
72.587,0.0340,0.0000,APPROACH,0
72.621,0.0341,0.1000,APPROACH,0
72.655,0.0338,0.0000,APPROACH,0
72.689,0.0341,0.0000,APPROACH,0
72.723,0.0340,0.1000,APPROACH,0
72.757,0.0340,0.0000,APPROACH,0
72.791,0.0342,0.0000,APPROACH,0
72.825,0.0338,0.1000,APPROACH,0
72.859,0.0341,0.0000,APPROACH,0
72.893,0.0343,0.0000,APPROACH,0
72.927,0.0337,0.1000,APPROACH,0
72.961,0.0340,0.0000,APPROACH,0
72.995,0.0344,0.1000,APPROACH,0
73.030,0.0346,0.0000,APPROACH,0
73.063,0.0332,0.0000,APPROACH,0
73.097,0.0338,0.1000,APPROACH,0
73.131,0.0343,0.0000,APPROACH,0
73.165,0.0343,0.0000,APPROACH,0
73.199,0.0336,0.1000,APPROACH,0
73.233,0.0341,0.0000,APPROACH,0
73.267,0.0342,0.0000,APPROACH,0
73.301,0.0338,0.1000,APPROACH,0
73.335,0.0339,0.0000,APPROACH,0
73.369,0.0341,0.0000,APPROACH,0
73.403,0.0341,0.1000,APPROACH,0
73.438,0.0343,0.0000,APPROACH,0
73.472,0.0339,0.0000,APPROACH,0
73.505,0.0338,0.1000,APPROACH,0
73.539,0.0340,0.0000,APPROACH,0
73.573,0.0341,0.0000,APPROACH,0
73.607,0.0339,0.1000,APPROACH,0
73.642,0.0343,0.0000,APPROACH,0
73.675,0.0338,0.0000,APPROACH,0
73.709,0.0340,0.1000,APPROACH,0
73.744,0.0341,0.0000,APPROACH,0
73.777,0.0338,0.0000,APPROACH,0
73.811,0.0340,0.1000,APPROACH,0
73.845,0.0341,0.0000,APPROACH,0
73.879,0.0340,0.0000,APPROACH,0
73.913,0.0339,0.1000,APPROACH,0
73.949,0.0352,0.0000,APPROACH,0
73.982,0.0333,0.0000,APPROACH,0
74.016,0.0337,0.1000,APPROACH,0
74.050,0.0343,0.0000,APPROACH,0
74.084,0.0339,0.0000,APPROACH,0
74.118,0.0340,0.1000,APPROACH,0
74.152,0.0343,0.0000,APPROACH,0
74.186,0.0338,0.0000,APPROACH,0
74.220,0.0340,0.1000,APPROACH,0
74.254,0.0342,0.0000,APPROACH,0
74.288,0.0343,0.0000,APPROACH,0
74.322,0.0338,0.1000,APPROACH,0
74.356,0.0340,0.0000,APPROACH,0
74.390,0.0342,0.0000,APPROACH,0
74.424,0.0339,0.1000,APPROACH,0
74.458,0.0340,0.0000,APPROACH,0
74.492,0.0342,0.0000,APPROACH,0
74.526,0.0338,0.1000,APPROACH,0
74.560,0.0342,0.0000,APPROACH,0
74.594,0.0339,0.0000,APPROACH,0
74.628,0.0339,0.1000,APPROACH,0
74.662,0.0340,0.0000,APPROACH,0
74.696,0.0342,0.0000,APPROACH,0
74.730,0.0339,0.1000,APPROACH,0
74.764,0.0341,0.0000,APPROACH,0
74.798,0.0337,0.1000,APPROACH,0
74.832,0.0342,0.0000,APPROACH,0
74.866,0.0341,0.0000,APPROACH,0
74.900,0.0338,0.1000,APPROACH,0
74.935,0.0344,0.0000,APPROACH,0
74.968,0.0338,0.0000,APPROACH,0
75.002,0.0340,0.1000,APPROACH,0
75.036,0.0340,0.0000,APPROACH,0
75.070,0.0342,0.0000,APPROACH,0
75.104,0.0340,0.1000,APPROACH,0
75.139,0.0340,0.0000,APPROACH,0
75.173,0.0340,0.0000,APPROACH,0
75.207,0.0341,0.1000,APPROACH,0
75.240,0.0339,0.0000,APPROACH,0
75.275,0.0341,0.0000,APPROACH,0
75.309,0.0340,0.1000,APPROACH,0
75.343,0.0341,0.0000,APPROACH,0
75.377,0.0340,0.0000,APPROACH,0
75.411,0.0340,0.1000,APPROACH,0
75.445,0.0343,0.0000,APPROACH,0
75.479,0.0339,0.0000,APPROACH,0
75.512,0.0337,0.1000,APPROACH,0
75.547,0.0341,0.0000,APPROACH,0
75.581,0.0341,0.0000,APPROACH,0
75.615,0.0340,0.1000,APPROACH,0
75.649,0.0341,0.0000,APPROACH,0
75.683,0.0338,0.0000,APPROACH,0
75.717,0.0340,0.1000,APPROACH,0
75.751,0.0343,0.0000,APPROACH,0
75.785,0.0340,0.0000,APPROACH,0
75.819,0.0339,0.1000,APPROACH,0
75.854,0.0350,0.0000,APPROACH,0
75.887,0.0332,0.0000,APPROACH,0
75.921,0.0339,0.1000,APPROACH,0
75.955,0.0341,0.0000,APPROACH,0
75.989,0.0341,0.0000,APPROACH,0
76.023,0.0342,0.1000,APPROACH,0
76.057,0.0336,0.0000,APPROACH,0
76.091,0.0341,0.0000,APPROACH,0
76.125,0.0341,0.1000,APPROACH,0
76.159,0.0339,0.0000,APPROACH,0
76.193,0.0341,0.0000,APPROACH,0
76.227,0.0340,0.1000,APPROACH,0
76.261,0.0341,0.0000,APPROACH,0
76.296,0.0350,0.0000,APPROACH,0
76.329,0.0330,0.1000,APPROACH,0
76.363,0.0340,0.0000,APPROACH,0
76.397,0.0342,0.1000,APPROACH,0
76.431,0.0338,0.0000,APPROACH,0
76.466,0.0346,0.0000,APPROACH,0
76.499,0.0334,0.1000,APPROACH,0
76.533,0.0341,0.0000,APPROACH,0
76.567,0.0340,0.0000,APPROACH,0
76.601,0.0340,0.1000,APPROACH,0
76.635,0.0341,0.0000,APPROACH,0
76.670,0.0344,0.0000,APPROACH,0
76.703,0.0336,0.1000,APPROACH,0
76.737,0.0339,0.0000,APPROACH,0
76.771,0.0341,0.0000,APPROACH,0
76.805,0.0341,0.1000,APPROACH,0
76.839,0.0340,0.0000,APPROACH,0
76.874,0.0342,0.0000,APPROACH,0
76.907,0.0339,0.1000,APPROACH,0
76.942,0.0341,0.0000,APPROACH,0
76.976,0.0340,0.0000,APPROACH,0
77.009,0.0339,0.1000,APPROACH,0
77.044,0.0341,0.0000,APPROACH,0
77.077,0.0339,0.0000,APPROACH,0
77.111,0.0341,0.1000,APPROACH,0
77.146,0.0343,0.0000,APPROACH,0
77.180,0.0339,0.0000,APPROACH,0
77.213,0.0338,0.1000,APPROACH,0
77.248,0.0341,0.0000,APPROACH,0
77.282,0.0341,0.0000,APPROACH,0
77.316,0.0339,0.1000,PATROL,0
77.350,0.0342,0.0000,PATROL,0
77.384,0.0337,0.0000,PATROL,0
77.417,0.0339,0.1000,PATROL,0
77.452,0.0342,0.0000,PATROL,0
77.486,0.0340,0.0000,PATROL,0
77.520,0.0339,0.1000,PATROL,0
77.554,0.0341,0.0000,PATROL,0
77.588,0.0341,0.0000,PATROL,0
77.622,0.0339,0.1000,PATROL,0
77.656,0.0342,0.0000,PATROL,0
77.690,0.0339,0.0000,PATROL,0
77.724,0.0340,0.1000,PATROL,0
77.757,0.0339,0.0000,PATROL,0
77.792,0.0342,0.0000,PATROL,0
77.826,0.0340,0.1000,PATROL,0
77.860,0.0341,0.0000,PATROL,0
77.894,0.0341,0.0000,PATROL,0
77.928,0.0340,0.1000,PATROL,0
77.962,0.0340,0.0000,PATROL,0
77.996,0.0343,0.0000,PATROL,0
78.030,0.0337,0.1000,PATROL,0
78.064,0.0342,0.0000,PATROL,0
78.098,0.0343,0.1000,PATROL,0
78.132,0.0338,0.0000,PATROL,0
78.166,0.0341,0.0000,PATROL,0
78.200,0.0338,0.1000,PATROL,0
78.234,0.0341,0.0000,PATROL,0
78.269,0.0344,0.0000,PATROL,0
78.302,0.0339,0.1000,PATROL,0
78.337,0.0343,0.0000,PATROL,0
78.370,0.0337,0.0000,PATROL,0
78.404,0.0337,0.1000,PATROL,0
78.438,0.0340,0.0000,PATROL,0
78.472,0.0340,0.0000,PATROL,0
78.506,0.0343,0.1000,PATROL,0
78.540,0.0338,0.0000,PATROL,0
78.574,0.0341,0.0000,PATROL,0
78.608,0.0339,0.1000,PATROL,0
78.642,0.0341,0.0000,PATROL,0
78.676,0.0342,0.0000,PATROL,0
78.710,0.0339,0.1000,PATROL,0
78.744,0.0340,0.0000,PATROL,0
78.778,0.0340,0.0000,PATROL,0
78.812,0.0341,0.1000,PATROL,0
78.847,0.0342,0.0000,PATROL,0
78.880,0.0339,0.0000,PATROL,0
78.915,0.0341,0.1000,PATROL,0
78.949,0.0341,0.0000,PATROL,0
78.983,0.0339,0.0000,PATROL,0
79.016,0.0339,0.1000,PATROL,0
79.051,0.0342,0.0000,PATROL,0
79.085,0.0341,0.0000,PATROL,0
79.119,0.0343,0.1000,PATROL,0
79.153,0.0340,0.0000,PATROL,0
79.187,0.0339,0.0000,PATROL,0
79.221,0.0339,0.1000,PATROL,0
79.255,0.0340,0.0000,PATROL,0
79.289,0.0340,0.0000,PATROL,0
79.323,0.0339,0.1000,PATROL,0
79.357,0.0342,0.0000,PATROL,0
79.391,0.0339,0.0000,PATROL,0
79.425,0.0341,0.1000,PATROL,0
79.459,0.0339,0.0000,PATROL,0
79.493,0.0340,0.0000,PATROL,0
79.527,0.0340,0.1000,PATROL,0
79.561,0.0341,0.0000,PATROL,0
79.595,0.0340,0.0000,PATROL,0
79.630,0.0352,0.1000,PATROL,0
79.663,0.0329,0.0000,PATROL,0
79.697,0.0342,0.0000,PATROL,0
79.731,0.0339,0.1000,PATROL,0
79.765,0.0339,0.0000,PATROL,0
79.799,0.0340,0.1000,PATROL,0
79.833,0.0344,0.0000,PATROL,0
79.867,0.0339,0.0000,PATROL,0
79.901,0.0338,0.1000,PATROL,0
79.935,0.0340,0.0000,PATROL,0
79.969,0.0339,0.0000,PATROL,0
80.003,0.0339,0.1000,PATROL,0
80.037,0.0342,0.0000,PATROL,0
80.071,0.0338,0.0000,PATROL,0
80.105,0.0341,0.1000,PATROL,0
80.139,0.0340,0.0000,PATROL,0
80.173,0.0344,0.0000,PATROL,0
80.207,0.0336,0.1000,PATROL,0
80.241,0.0340,0.0000,PATROL,0
80.275,0.0342,0.0000,PATROL,0
80.309,0.0338,0.1000,PATROL,0
80.343,0.0343,0.0000,PATROL,0
80.377,0.0339,0.0000,PATROL,0
80.411,0.0339,0.1000,PATROL,0
80.445,0.0342,0.0000,PATROL,0
80.479,0.0337,0.0000,PATROL,0
80.513,0.0341,0.1000,PATROL,0
80.547,0.0342,0.0000,PATROL,0
80.581,0.0340,0.0000,PATROL,0
80.615,0.0341,0.1000,PATROL,0
80.649,0.0340,0.0000,PATROL,0
80.683,0.0340,0.0000,PATROL,0
80.717,0.0340,0.1000,PATROL,0
80.751,0.0340,0.0000,PATROL,0
80.785,0.0340,0.0000,PATROL,0
80.819,0.0338,0.1000,PATROL,0
80.853,0.0342,0.0000,PATROL,0
80.887,0.0339,0.0000,PATROL,0
80.921,0.0340,0.1000,PATROL,0
80.956,0.0347,0.0000,PATROL,0
80.990,0.0333,0.0000,PATROL,0
81.023,0.0339,0.1000,PATROL,0
81.058,0.0342,0.0000,PATROL,0
81.092,0.0341,0.0000,PATROL,0
81.126,0.0339,0.1000,PATROL,0
81.160,0.0341,0.0000,PATROL,0
81.194,0.0341,0.0000,PATROL,0
81.228,0.0340,0.1000,PATROL,0
81.262,0.0341,0.0000,PATROL,0
81.296,0.0340,0.0000,PATROL,0
81.330,0.0344,0.1000,PATROL,0
81.365,0.0342,0.0000,PATROL,0
81.398,0.0340,0.0000,PATROL,0
81.432,0.0338,0.1000,PATROL,0
81.466,0.0338,0.0000,PATROL,0
81.500,0.0341,0.1000,PATROL,0
81.534,0.0339,0.0000,PATROL,0
81.568,0.0343,0.0000,PATROL,0
81.602,0.0335,0.1000,PATROL,0
81.636,0.0341,0.0000,PATROL,0
81.670,0.0339,0.0000,PATROL,0
81.704,0.0340,0.1000,PATROL,0
81.738,0.0342,0.0000,PATROL,0
81.772,0.0340,0.0000,PATROL,0
81.806,0.0341,0.1000,PATROL,0
81.840,0.0338,0.0000,PATROL,0
81.874,0.0341,0.0000,PATROL,0
81.908,0.0339,0.1000,PATROL,0
81.942,0.0341,0.0000,PATROL,0
81.976,0.0341,0.0000,PATROL,0
82.010,0.0340,0.1000,PATROL,0
82.044,0.0341,0.0000,PATROL,0
82.078,0.0340,0.0000,PATROL,0
82.112,0.0339,0.1000,PATROL,0
82.146,0.0342,0.0000,PATROL,0
82.180,0.0339,0.0000,PATROL,0
82.214,0.0340,0.1000,PATROL,0
82.248,0.0340,0.0000,PATROL,0
82.282,0.0341,0.0000,PATROL,0
82.316,0.0340,0.1000,PATROL,0
82.350,0.0341,0.0000,PATROL,0
82.385,0.0341,0.0000,PATROL,0
82.419,0.0341,0.1000,PATROL,0
82.453,0.0340,0.0000,PATROL,0
82.487,0.0342,0.0000,PATROL,0
82.521,0.0337,0.1000,PATROL,0
82.555,0.0342,0.0000,PATROL,0
82.589,0.0344,0.0000,PATROL,0
82.623,0.0337,0.1000,PATROL,0
82.657,0.0340,0.0000,PATROL,0
82.691,0.0340,0.0000,PATROL,0
82.725,0.0340,0.1000,PATROL,0
82.759,0.0341,0.0000,PATROL,0
82.793,0.0345,0.0000,PATROL,0
82.827,0.0338,0.1000,PATROL,0
82.861,0.0339,0.0000,PATROL,0
82.895,0.0339,0.0000,PATROL,0
82.929,0.0340,0.1000,PATROL,0
82.963,0.0339,0.0000,PATROL,0
82.997,0.0341,0.0000,PATROL,0
83.031,0.0339,0.1000,PATROL,0
83.065,0.0340,0.0000,PATROL,0
83.099,0.0341,0.0000,PATROL,0
83.133,0.0344,0.1000,PATROL,0
83.167,0.0336,0.0000,PATROL,0
83.201,0.0344,0.1000,PATROL,0
83.235,0.0338,0.0000,PATROL,0
83.270,0.0344,0.0000,PATROL,0
83.303,0.0334,0.1000,PATROL,0
83.337,0.0341,0.0000,PATROL,0
83.371,0.0340,0.0000,PATROL,0
83.405,0.0342,0.1000,PATROL,0
83.439,0.0340,0.0000,PATROL,0
83.473,0.0339,0.0000,PATROL,0
83.507,0.0339,0.1000,PATROL,0
83.541,0.0340,0.0000,PATROL,0
83.575,0.0341,0.0000,PATROL,0
83.609,0.0341,0.1000,PATROL,0
83.643,0.0341,0.0000,PATROL,0
83.678,0.0342,0.0000,PATROL,0
83.711,0.0337,0.1000,PATROL,0
83.745,0.0339,0.0000,PATROL,0
83.779,0.0341,0.0000,PATROL,0
83.813,0.0339,0.1000,PATROL,0
83.847,0.0341,0.0000,PATROL,0
83.881,0.0339,0.0000,PATROL,0
83.915,0.0340,0.1000,PATROL,0
83.950,0.0342,0.0000,PATROL,0
83.983,0.0339,0.0000,PATROL,0
84.017,0.0340,0.1000,PATROL,0
84.051,0.0339,0.0000,PATROL,0
84.085,0.0340,0.0000,PATROL,0
84.120,0.0341,0.1000,PATROL,0
84.153,0.0339,0.0000,PATROL,0
84.187,0.0339,0.0000,PATROL,0
84.222,0.0342,0.1000,PATROL,0
84.255,0.0340,0.0000,PATROL,0
84.289,0.0340,0.0000,PATROL,0
84.324,0.0341,0.1000,PATROL,0
84.358,0.0344,0.0000,PATROL,0
84.392,0.0338,0.0000,PATROL,0
84.426,0.0339,0.1000,PATROL,0
84.460,0.0341,0.0000,PATROL,0
84.494,0.0343,0.0000,PATROL,0
84.528,0.0338,0.1000,PATROL,0
84.562,0.0339,0.0000,PATROL,0
84.596,0.0341,0.0000,PATROL,0
84.630,0.0339,0.1000,PATROL,0
84.663,0.0339,0.0000,PATROL,0
84.698,0.0350,0.0000,PATROL,0
84.732,0.0333,0.1000,PATROL,0
84.766,0.0340,0.0000,PATROL,0
84.801,0.0349,0.0000,PATROL,0
84.834,0.0332,0.1000,PATROL,0
84.868,0.0339,0.0000,PATROL,0
84.902,0.0342,0.1000,PATROL,0
84.936,0.0340,0.0000,PATROL,0
84.970,0.0341,0.0000,PATROL,0
85.004,0.0338,0.1000,PATROL,0
85.038,0.0342,0.0000,PATROL,0
85.072,0.0340,0.0000,PATROL,0
85.106,0.0339,0.1000,PATROL,0
85.140,0.0341,0.0000,PATROL,0
85.174,0.0339,0.0000,PATROL,0
85.208,0.0339,0.1000,PATROL,0
85.242,0.0343,0.0000,PATROL,0
85.276,0.0338,0.0000,PATROL,0
85.310,0.0340,0.1000,PATROL,0
85.344,0.0341,0.0000,PATROL,0
85.378,0.0343,0.0000,PATROL,0
85.412,0.0338,0.1000,PATROL,0
85.446,0.0340,0.0000,PATROL,0
85.480,0.0340,0.0000,PATROL,0
85.514,0.0339,0.1000,PATROL,0
85.548,0.0340,0.0000,PATROL,0
85.582,0.0339,0.0000,PATROL,0
85.616,0.0342,0.1000,PATROL,0
85.651,0.0342,0.0000,PATROL,0
85.684,0.0339,0.0000,PATROL,0
85.718,0.0341,0.1000,PATROL,0
85.752,0.0340,0.0000,PATROL,0
85.786,0.0338,0.0000,PATROL,0
85.820,0.0342,0.1000,PATROL,0
85.854,0.0339,0.0000,PATROL,0
85.888,0.0339,0.0000,PATROL,0
85.922,0.0341,0.1000,PATROL,0
85.956,0.0340,0.0000,PATROL,0
85.990,0.0340,0.0000,PATROL,0
86.024,0.0340,0.1000,PATROL,0
86.059,0.0342,0.0000,PATROL,0
86.093,0.0340,0.0000,PATROL,0
86.127,0.0340,0.1000,PATROL,0
86.161,0.0339,0.0000,PATROL,0
86.195,0.0340,0.0000,PATROL,0
86.229,0.0340,0.1000,PATROL,0
86.263,0.0341,0.0000,PATROL,0
86.297,0.0340,0.0000,PATROL,0
86.331,0.0340,0.1000,PATROL,0
86.365,0.0340,0.0000,PATROL,0
86.399,0.0341,0.0000,PATROL,0
86.433,0.0341,0.1000,PATROL,0
86.467,0.0339,0.0000,PATROL,0
86.501,0.0342,0.0000,PATROL,0
86.535,0.0339,0.1000,PATROL,0
86.569,0.0340,0.0000,PATROL,0
86.603,0.0342,0.1000,PATROL,0
86.637,0.0337,0.0000,PATROL,0
86.671,0.0343,0.0000,PATROL,0
86.705,0.0337,0.1000,PATROL,0
86.740,0.0348,0.0000,PATROL,0
86.773,0.0334,0.0000,PATROL,0
86.807,0.0339,0.1000,PATROL,0
86.841,0.0341,0.0000,PATROL,0
86.875,0.0340,0.0000,PATROL,0
86.909,0.0339,0.1000,PATROL,0
86.943,0.0340,0.0000,PATROL,0
86.977,0.0342,0.0000,PATROL,0
87.011,0.0339,0.1000,PATROL,0
87.045,0.0341,0.0000,PATROL,0
87.079,0.0342,0.0000,PATROL,0
87.113,0.0339,0.1000,PATROL,0
87.147,0.0340,0.0000,PATROL,0
87.181,0.0341,0.0000,PATROL,0
87.215,0.0338,0.1000,PATROL,0
87.249,0.0341,0.0000,PATROL,0
87.283,0.0341,0.0000,PATROL,0
87.317,0.0340,0.1000,PATROL,0
87.351,0.0342,0.0000,PATROL,0
87.385,0.0337,0.0000,PATROL,0
87.419,0.0340,0.1000,PATROL,0
87.453,0.0343,0.0000,PATROL,0
87.487,0.0338,0.0000,PATROL,0
87.521,0.0341,0.1000,PATROL,0
87.555,0.0340,0.0000,PATROL,0
87.589,0.0340,0.0000,PATROL,0
87.623,0.0340,0.1000,PATROL,0
87.657,0.0340,0.0000,PATROL,0
87.691,0.0341,0.0000,PATROL,0
87.725,0.0338,0.1000,PATROL,0
87.760,0.0343,0.0000,PATROL,0
87.793,0.0337,0.0000,PATROL,0
87.827,0.0339,0.1000,PATROL,0
87.862,0.0342,0.0000,PATROL,0
87.896,0.0341,0.0000,PATROL,0
87.929,0.0338,0.1000,PATROL,0
87.964,0.0341,0.0000,PATROL,0
87.998,0.0341,0.0000,PATROL,0
88.032,0.0340,0.1000,PATROL,0
88.065,0.0338,0.0000,PATROL,0
88.100,0.0343,0.0000,PATROL,0
88.134,0.0344,0.1000,PATROL,0
88.167,0.0335,0.0000,PATROL,0
88.202,0.0343,0.0000,PATROL,0
88.236,0.0339,0.1000,PATROL,0
88.270,0.0346,0.0000,PATROL,0
88.304,0.0334,0.1000,PATROL,0
88.338,0.0340,0.0000,PATROL,0
88.372,0.0340,0.0000,PATROL,0
88.406,0.0343,0.1000,PATROL,0
88.440,0.0339,0.0000,PATROL,0
88.474,0.0340,0.0000,PATROL,0
88.508,0.0338,0.1000,PATROL,0
88.542,0.0343,0.0000,PATROL,0
88.576,0.0337,0.0000,PATROL,0
88.610,0.0339,0.1000,PATROL,0
88.644,0.0341,0.0000,PATROL,0
88.678,0.0341,0.0000,PATROL,0
88.712,0.0340,0.1000,PATROL,0
88.746,0.0339,0.0000,PATROL,0
88.780,0.0342,0.0000,PATROL,0
88.814,0.0340,0.1000,PATROL,0
88.848,0.0339,0.0000,PATROL,0
88.882,0.0341,0.0000,PATROL,0
88.916,0.0339,0.1000,PATROL,0
88.950,0.0339,0.0000,PATROL,0
88.984,0.0340,0.0000,PATROL,0
89.018,0.0342,0.1000,PATROL,0
89.052,0.0340,0.0000,PATROL,0
89.086,0.0339,0.0000,PATROL,0
89.120,0.0341,0.1000,PATROL,0
89.154,0.0339,0.0000,PATROL,0
89.188,0.0340,0.0000,PATROL,0
89.222,0.0342,0.1000,PATROL,0
89.256,0.0339,0.0000,PATROL,0
89.290,0.0341,0.0000,PATROL,0
89.324,0.0340,0.1000,PATROL,0
89.358,0.0342,0.0000,PATROL,0
89.392,0.0341,0.0000,PATROL,0
89.426,0.0339,0.1000,PATROL,0
89.460,0.0341,0.0000,PATROL,0
89.494,0.0340,0.0000,PATROL,0
89.528,0.0339,0.1000,PATROL,0
89.562,0.0341,0.0000,PATROL,0
89.596,0.0340,0.0000,PATROL,0
89.630,0.0340,0.1000,PATROL,0
89.664,0.0339,0.0000,PATROL,0
89.698,0.0342,0.0000,PATROL,0
89.732,0.0339,0.1000,PATROL,0
89.766,0.0340,0.0000,PATROL,0
89.800,0.0342,0.0000,PATROL,0
89.834,0.0339,0.1000,PATROL,0
89.868,0.0340,0.0000,PATROL,0
89.903,0.0343,0.0000,PATROL,0
89.937,0.0338,0.1000,PATROL,0
89.970,0.0338,0.0000,PATROL,0
90.005,0.0344,0.1000,PATROL,0
90.039,0.0338,0.0000,PATROL,0
90.073,0.0340,0.0000,PATROL,0
90.107,0.0340,0.1000,PATROL,0
90.141,0.0342,0.0000,PATROL,0
90.175,0.0339,0.0000,PATROL,0
90.208,0.0338,0.1000,PATROL,0
90.243,0.0341,0.0000,PATROL,0
90.277,0.0339,0.0000,PATROL,0
90.311,0.0340,0.1000,PATROL,0
90.345,0.0341,0.0000,PATROL,0
90.379,0.0342,0.0000,PATROL,0
90.413,0.0340,0.1000,PATROL,0
90.447,0.0341,0.0000,PATROL,0
90.481,0.0339,0.0000,PATROL,0
90.515,0.0341,0.1000,PATROL,0
90.549,0.0339,0.0000,PATROL,0
90.583,0.0342,0.0000,PATROL,0
90.617,0.0339,0.1000,PATROL,0
90.651,0.0340,0.0000,PATROL,0
90.685,0.0339,0.0000,PATROL,0
90.719,0.0343,0.1000,PATROL,0
90.753,0.0338,0.0000,PATROL,0
90.787,0.0340,0.0000,PATROL,0
90.821,0.0341,0.1000,PATROL,0
90.855,0.0340,0.0000,PATROL,0
90.889,0.0341,0.0000,PATROL,0
90.923,0.0341,0.1000,PATROL,0
90.957,0.0340,0.0000,PATROL,0
90.991,0.0340,0.0000,PATROL,0
91.025,0.0340,0.1000,PATROL,0
91.059,0.0341,0.0000,PATROL,0
91.093,0.0339,0.0000,PATROL,0
91.127,0.0339,0.1000,PATROL,0
91.161,0.0341,0.0000,PATROL,0
91.195,0.0340,0.0000,PATROL,0
91.229,0.0341,0.1000,PATROL,0
91.263,0.0339,0.0000,PATROL,0
91.298,0.0345,0.0000,PATROL,0
91.332,0.0339,0.1000,PATROL,0
91.365,0.0338,0.0000,PATROL,0
91.400,0.0344,0.0000,PATROL,0
91.433,0.0336,0.1000,PATROL,0
91.467,0.0340,0.0000,PATROL,0
91.502,0.0345,0.0000,PATROL,0
91.535,0.0335,0.1000,PATROL,0
91.569,0.0339,0.0000,PATROL,0
91.603,0.0340,0.0000,PATROL,0
91.637,0.0341,0.1000,PATROL,0
91.671,0.0340,0.0000,PATROL,0
91.706,0.0341,0.1000,PATROL,0
91.739,0.0338,0.0000,PATROL,0
91.774,0.0342,0.0000,PATROL,0
91.807,0.0338,0.1000,PATROL,0
91.842,0.0345,0.0000,PATROL,0
91.876,0.0342,0.0000,PATROL,0
91.910,0.0337,0.1000,PATROL,0
91.943,0.0338,0.0000,PATROL,0
91.978,0.0341,0.0000,PATROL,0
92.012,0.0341,0.1000,PATROL,0
92.046,0.0341,0.0000,PATROL,0
92.079,0.0337,0.0000,PATROL,0
92.113,0.0340,0.1000,PATROL,0
92.148,0.0340,0.0000,PATROL,0
92.182,0.0341,0.0000,PATROL,0
92.216,0.0340,0.1000,PATROL,0
92.250,0.0340,0.0000,PATROL,0
92.284,0.0340,0.0000,PATROL,0
92.318,0.0341,0.1000,PATROL,0
92.352,0.0339,0.0000,PATROL,0
92.385,0.0338,0.0000,PATROL,0
92.420,0.0342,0.1000,PATROL,0
92.454,0.0340,0.0000,PATROL,0
92.488,0.0340,0.0000,PATROL,0
92.522,0.0341,0.1000,PATROL,0
92.556,0.0340,0.0000,PATROL,0
92.590,0.0341,0.0000,PATROL,0
92.624,0.0341,0.1000,PATROL,0
92.658,0.0340,0.0000,PATROL,0
92.692,0.0339,0.0000,PATROL,0
92.726,0.0341,0.1000,PATROL,0
92.760,0.0340,0.0000,PATROL,0
92.794,0.0340,0.0000,PATROL,0
92.828,0.0340,0.1000,PATROL,0
92.862,0.0343,0.0000,PATROL,0
92.896,0.0338,0.0000,PATROL,0
92.930,0.0341,0.1000,PATROL,0
92.964,0.0340,0.0000,PATROL,0
92.998,0.0339,0.0000,PATROL,0
93.032,0.0342,0.1000,PATROL,0
93.066,0.0339,0.0000,PATROL,0
93.100,0.0340,0.0000,PATROL,0
93.134,0.0342,0.1000,PATROL,0
93.168,0.0339,0.0000,PATROL,0
93.202,0.0340,0.0000,PATROL,0
93.237,0.0343,0.1000,PATROL,0
93.270,0.0335,0.0000,PATROL,0
93.305,0.0345,0.0000,PATROL,0
93.338,0.0338,0.1000,PATROL,0
93.372,0.0340,0.0000,PATROL,0
93.406,0.0341,0.0000,PATROL,0
93.440,0.0339,0.1000,PATROL,0
93.474,0.0340,0.0000,PATROL,0
93.508,0.0339,0.1000,PATROL,0
93.542,0.0342,0.0000,PATROL,0
93.576,0.0340,0.0000,PATROL,0
93.611,0.0341,0.1000,PATROL,0
93.646,0.0350,0.0000,PATROL,0
93.678,0.0329,0.0000,PATROL,0
93.712,0.0340,0.1000,PATROL,0
93.746,0.0340,0.0000,PATROL,0
93.780,0.0341,0.0000,PATROL,0
93.815,0.0347,0.1000,PATROL,0
93.848,0.0332,0.0000,PATROL,0
93.883,0.0345,0.0000,PATROL,0
93.917,0.0338,0.1000,PATROL,0
93.951,0.0340,0.0000,PATROL,0
93.985,0.0340,0.0000,PATROL,0
94.019,0.0339,0.1000,PATROL,0
94.053,0.0340,0.0000,PATROL,0
94.087,0.0339,0.0000,PATROL,0
94.121,0.0342,0.1000,PATROL,0
94.155,0.0339,0.0000,PATROL,0
94.189,0.0340,0.0000,PATROL,0
94.223,0.0340,0.1000,PATROL,0
94.257,0.0340,0.0000,PATROL,0
94.291,0.0340,0.0000,PATROL,0
94.325,0.0341,0.1000,PATROL,0
94.359,0.0339,0.0000,PATROL,0
94.393,0.0340,0.0000,PATROL,0
94.426,0.0339,0.1000,PATROL,0
94.461,0.0341,0.0000,PATROL,0
94.495,0.0340,0.0000,PATROL,0
94.529,0.0339,0.1000,PATROL,0
94.563,0.0341,0.0000,PATROL,0
94.597,0.0340,0.0000,PATROL,0
94.631,0.0340,0.1000,PATROL,0
94.665,0.0339,0.0000,PATROL,0
94.699,0.0339,0.0000,PATROL,0
94.733,0.0342,0.1000,PATROL,0
94.766,0.0338,0.0000,PATROL,0
94.801,0.0341,0.0000,PATROL,0
94.835,0.0341,0.1000,PATROL,0
94.869,0.0340,0.0000,PATROL,0
94.903,0.0343,0.0000,PATROL,0
94.937,0.0339,0.1000,PATROL,0
94.971,0.0340,0.0000,PATROL,0
95.005,0.0342,0.0000,PATROL,0
95.039,0.0339,0.1000,PATROL,0
95.073,0.0340,0.0000,PATROL,0
95.107,0.0341,0.0000,PATROL,0
95.141,0.0342,0.1000,PATROL,0
95.175,0.0339,0.0000,PATROL,0
95.209,0.0338,0.1000,PATROL,0
95.243,0.0342,0.0000,PATROL,0
95.278,0.0341,0.0000,PATROL,0
95.311,0.0339,0.1000,PATROL,0
95.345,0.0340,0.0000,PATROL,0
95.379,0.0339,0.0000,PATROL,0
95.413,0.0339,0.1000,PATROL,0
95.447,0.0340,0.0000,PATROL,0
95.481,0.0341,0.0000,PATROL,0
95.515,0.0340,0.1000,PATROL,0
95.550,0.0341,0.0000,PATROL,0
95.583,0.0339,0.0000,PATROL,0
95.617,0.0340,0.1000,PATROL,0
95.652,0.0341,0.0000,PATROL,0
95.686,0.0340,0.0000,PATROL,0
95.720,0.0339,0.1000,PATROL,0
95.754,0.0341,0.0000,PATROL,0
95.788,0.0338,0.0000,PATROL,0
95.822,0.0341,0.1000,PATROL,0
95.856,0.0342,0.0000,PATROL,0
95.890,0.0339,0.0000,PATROL,0
95.924,0.0341,0.1000,PATROL,0
95.958,0.0340,0.0000,PATROL,0
95.992,0.0339,0.0000,PATROL,0
96.026,0.0342,0.1000,PATROL,0
96.060,0.0338,0.0000,PATROL,0
96.094,0.0340,0.0000,PATROL,0
96.128,0.0339,0.1000,PATROL,0
96.162,0.0342,0.0000,PATROL,0
96.196,0.0340,0.0000,PATROL,0
96.230,0.0339,0.1000,PATROL,0
96.264,0.0343,0.0000,PATROL,0
96.298,0.0338,0.0000,PATROL,0
96.332,0.0344,0.1000,PATROL,0
96.366,0.0338,0.0000,PATROL,0
96.400,0.0339,0.0000,PATROL,0
96.434,0.0340,0.1000,PATROL,0
96.468,0.0340,0.0000,PATROL,0
96.502,0.0341,0.0000,PATROL,0
96.536,0.0339,0.1000,PATROL,0
96.570,0.0340,0.0000,PATROL,0
96.604,0.0340,0.0000,PATROL,0
96.638,0.0342,0.1000,PATROL,0
96.672,0.0339,0.0000,PATROL,0
96.706,0.0342,0.0000,PATROL,0
96.740,0.0339,0.1000,PATROL,0
96.774,0.0339,0.0000,PATROL,0
96.808,0.0340,0.0000,PATROL,0
96.842,0.0342,0.1000,PATROL,0
96.876,0.0340,0.0000,PATROL,0
96.910,0.0340,0.1000,PATROL,0
96.944,0.0341,0.0000,PATROL,0
96.978,0.0340,0.0000,PATROL,0
97.013,0.0344,0.1000,PATROL,0
97.047,0.0340,0.0000,PATROL,0
97.080,0.0335,0.0000,PATROL,0
97.114,0.0339,0.1000,PATROL,0
97.148,0.0341,0.0000,PATROL,0
97.182,0.0342,0.0000,PATROL,0
97.216,0.0340,0.1000,PATROL,0
97.250,0.0338,0.0000,PATROL,0
97.284,0.0341,0.0000,PATROL,0
97.318,0.0340,0.1000,PATROL,0
97.352,0.0340,0.0000,PATROL,0
97.386,0.0340,0.0000,PATROL,0
97.420,0.0341,0.1000,PATROL,0
97.455,0.0341,0.0000,PATROL,0
97.489,0.0339,0.0000,PATROL,0
97.523,0.0340,0.1000,PATROL,0
97.556,0.0339,0.0000,PATROL,0
97.590,0.0340,0.0000,PATROL,0
97.625,0.0343,0.1000,PATROL,0
97.659,0.0340,0.0000,PATROL,0
97.693,0.0340,0.0000,PATROL,0
97.727,0.0342,0.1000,PATROL,0
97.761,0.0338,0.0000,PATROL,0
97.795,0.0340,0.0000,PATROL,0
97.829,0.0339,0.1000,PATROL,0
97.863,0.0342,0.0000,PATROL,0
97.897,0.0340,0.0000,PATROL,0
97.931,0.0340,0.1000,PATROL,0
97.965,0.0343,0.0000,PATROL,0
97.999,0.0337,0.0000,PATROL,0
98.033,0.0341,0.1000,PATROL,0
98.067,0.0341,0.0000,PATROL,0
98.101,0.0339,0.0000,PATROL,0
98.135,0.0339,0.1000,PATROL,0
98.169,0.0339,0.0000,PATROL,0
98.203,0.0343,0.0000,PATROL,0
98.237,0.0340,0.1000,PATROL,0
98.271,0.0337,0.0000,PATROL,0
98.305,0.0342,0.0000,PATROL,0
98.339,0.0339,0.1000,PATROL,0
98.373,0.0341,0.0000,PATROL,0
98.407,0.0339,0.0000,PATROL,0
98.441,0.0342,0.1000,PATROL,0
98.475,0.0338,0.0000,PATROL,0
98.509,0.0342,0.1000,PATROL,0
98.543,0.0342,0.0000,PATROL,0
98.577,0.0337,0.0000,PATROL,0
98.611,0.0340,0.1000,PATROL,0
98.645,0.0340,0.0000,PATROL,0
98.679,0.0341,0.0000,PATROL,0
98.713,0.0339,0.1000,PATROL,0
98.747,0.0342,0.0000,PATROL,0
98.782,0.0346,0.0000,PATROL,0
98.815,0.0332,0.1000,PATROL,0
98.849,0.0343,0.0000,PATROL,0
98.884,0.0347,0.0000,PATROL,0
98.917,0.0333,0.1000,PATROL,0
98.951,0.0339,0.0000,PATROL,0
98.985,0.0340,0.0000,PATROL,0
99.019,0.0339,0.1000,PATROL,0
99.053,0.0341,0.0000,PATROL,0
99.087,0.0340,0.0000,PATROL,0
99.121,0.0341,0.1000,PATROL,0
99.155,0.0339,0.0000,PATROL,0
99.189,0.0339,0.0000,PATROL,0
99.223,0.0341,0.1000,PATROL,0
99.257,0.0341,0.0000,PATROL,0
99.291,0.0340,0.0000,PATROL,0
99.326,0.0343,0.1000,PATROL,0
99.359,0.0336,0.0000,PATROL,0
99.393,0.0341,0.0000,PATROL,0
99.428,0.0342,0.1000,PATROL,0
99.462,0.0339,0.0000,PATROL,0
99.495,0.0339,0.0000,PATROL,0
99.529,0.0339,0.1000,PATROL,0
99.564,0.0341,0.0000,PATROL,0
99.598,0.0342,0.0000,PATROL,0
99.631,0.0337,0.1000,PATROL,0
99.666,0.0342,0.0000,PATROL,0
99.700,0.0342,0.0000,PATROL,0
99.734,0.0338,0.1000,PATROL,0
99.768,0.0341,0.0000,PATROL,0
99.802,0.0340,0.0000,PATROL,0
99.836,0.0340,0.1000,PATROL,0
99.870,0.0340,0.0000,PATROL,0
99.904,0.0341,0.0000,PATROL,0
99.938,0.0340,0.1000,PATROL,0
99.972,0.0340,0.0000,PATROL,0
100.006,0.0344,0.0000,PATROL,0
100.040,0.0335,0.1000,PATROL,0
100.074,0.0342,0.0000,PATROL,0
100.108,0.0338,0.0000,PATROL,0
100.142,0.0343,0.1000,PATROL,0
100.176,0.0341,0.0000,PATROL,0
100.210,0.0339,0.1000,PATROL,0
100.244,0.0340,0.0000,PATROL,0
100.278,0.0341,0.0000,PATROL,0
100.312,0.0338,0.1000,PATROL,0
100.346,0.0342,0.0000,PATROL,0
100.380,0.0339,0.0000,PATROL,0
100.414,0.0341,0.1000,PATROL,0
100.448,0.0342,0.0000,PATROL,0
100.482,0.0340,0.0000,PATROL,0
100.516,0.0337,0.1000,PATROL,0
100.550,0.0342,0.0000,PATROL,0
100.584,0.0340,0.0000,PATROL,0
100.618,0.0340,0.1000,PATROL,0
100.652,0.0340,0.0000,PATROL,0
100.686,0.0342,0.0000,PATROL,0
100.720,0.0339,0.1000,PATROL,0
100.754,0.0340,0.0000,PATROL,0
100.788,0.0340,0.0000,PATROL,0
100.822,0.0341,0.1000,PATROL,0
100.856,0.0340,0.0000,PATROL,0
100.890,0.0338,0.0000,PATROL,0
100.924,0.0342,0.1000,PATROL,0
100.958,0.0340,0.0000,PATROL,0
100.992,0.0339,0.0000,PATROL,0
101.026,0.0343,0.1000,PATROL,0
101.061,0.0341,0.0000,PATROL,0
101.094,0.0338,0.0000,PATROL,0
101.128,0.0342,0.1000,PATROL,0
101.162,0.0339,0.0000,PATROL,0
101.196,0.0340,0.0000,PATROL,0
101.230,0.0339,0.1000,PATROL,0
101.264,0.0341,0.0000,PATROL,0
101.298,0.0340,0.0000,PATROL,0
101.332,0.0339,0.1000,PATROL,0
101.367,0.0344,0.0000,PATROL,0
101.400,0.0337,0.0000,PATROL,0
101.434,0.0340,0.1000,PATROL,0
101.469,0.0342,0.0000,PATROL,0
101.503,0.0340,0.0000,PATROL,0
101.537,0.0339,0.1000,PATROL,0
101.571,0.0340,0.0000,PATROL,0
101.605,0.0340,0.0000,PATROL,0
101.639,0.0340,0.1000,PATROL,0
101.673,0.0339,0.0000,PATROL,0
101.707,0.0347,0.0000,PATROL,0
101.741,0.0335,0.1000,PATROL,0
101.775,0.0339,0.0000,PATROL,0
101.809,0.0339,0.0000,PATROL,0
101.843,0.0343,0.1000,PATROL,0
101.877,0.0339,0.0000,PATROL,0
101.911,0.0341,0.1000,PATROL,0
101.945,0.0340,0.0000,PATROL,0
101.979,0.0342,0.0000,PATROL,0
102.013,0.0338,0.1000,PATROL,0
102.048,0.0346,0.0000,PATROL,0
102.081,0.0336,0.0000,PATROL,0
102.115,0.0339,0.1000,PATROL,0
102.149,0.0342,0.0000,PATROL,0
102.183,0.0338,0.0000,PATROL,0
102.217,0.0338,0.1000,PATROL,0
102.251,0.0342,0.0000,PATROL,0
102.285,0.0342,0.0000,PATROL,0
102.319,0.0337,0.1000,PATROL,0
102.353,0.0340,0.0000,PATROL,0
102.387,0.0342,0.0000,PATROL,0
102.421,0.0339,0.1000,PATROL,0
102.455,0.0340,0.0000,PATROL,0
102.489,0.0340,0.0000,PATROL,0
102.524,0.0344,0.1000,PATROL,0
102.557,0.0338,0.0000,PATROL,0
102.591,0.0336,0.0000,PATROL,0
102.625,0.0342,0.1000,PATROL,0
102.659,0.0340,0.0000,PATROL,0
102.693,0.0340,0.0000,PATROL,0
102.727,0.0342,0.1000,PATROL,0
102.761,0.0339,0.0000,PATROL,0
102.795,0.0340,0.0000,PATROL,0
102.830,0.0343,0.1000,PATROL,0
102.864,0.0340,0.0000,PATROL,0
102.897,0.0339,0.0000,PATROL,0
102.931,0.0340,0.1000,PATROL,0
102.966,0.0342,0.0000,PATROL,0
103.000,0.0339,0.0000,PATROL,0
103.033,0.0339,0.1000,PATROL,0
103.067,0.0340,0.0000,PATROL,0
103.102,0.0341,0.0000,PATROL,0
103.136,0.0340,0.1000,PATROL,0
103.170,0.0341,0.0000,PATROL,0
103.204,0.0340,0.0000,PATROL,0
103.238,0.0340,0.1000,PATROL,0
103.271,0.0338,0.0000,PATROL,0
103.306,0.0343,0.0000,PATROL,0
103.340,0.0338,0.1000,PATROL,0
103.374,0.0341,0.0000,PATROL,0
103.407,0.0338,0.0000,PATROL,0
103.442,0.0343,0.1000,PATROL,0
103.476,0.0339,0.0000,PATROL,0
103.510,0.0341,0.0000,PATROL,0
103.544,0.0344,0.1000,PATROL,0
103.578,0.0339,0.0000,PATROL,0
103.612,0.0338,0.1000,PATROL,0
103.646,0.0343,0.0000,PATROL,0
103.680,0.0338,0.0000,PATROL,0
103.714,0.0338,0.1000,PATROL,0
103.748,0.0343,0.0000,PATROL,0
103.782,0.0339,0.0000,PATROL,0
103.816,0.0340,0.1000,PATROL,0
103.850,0.0341,0.0000,PATROL,0
103.884,0.0340,0.0000,PATROL,0
103.918,0.0341,0.1000,PATROL,0
103.952,0.0338,0.0000,PATROL,0
103.986,0.0341,0.0000,PATROL,0
104.020,0.0340,0.1000,PATROL,0
104.054,0.0339,0.0000,PATROL,0
104.088,0.0342,0.0000,PATROL,0
104.122,0.0340,0.1000,PATROL,0
104.156,0.0339,0.0000,PATROL,0
104.190,0.0342,0.0000,PATROL,0
104.224,0.0339,0.1000,PATROL,0
104.258,0.0342,0.0000,PATROL,0
104.292,0.0339,0.0000,PATROL,0
104.326,0.0340,0.1000,PATROL,0
104.360,0.0341,0.0000,PATROL,0
104.394,0.0340,0.0000,PATROL,0
104.428,0.0340,0.1000,PATROL,0
104.462,0.0340,0.0000,PATROL,0
104.496,0.0340,0.0000,PATROL,0
104.530,0.0341,0.1000,PATROL,0
104.565,0.0343,0.0000,PATROL,0
104.598,0.0338,0.0000,PATROL,0
104.632,0.0338,0.1000,PATROL,0
104.666,0.0342,0.0000,PATROL,0
104.700,0.0339,0.0000,PATROL,0
104.735,0.0342,0.1000,PATROL,0
104.769,0.0340,0.0000,PATROL,0
104.802,0.0338,0.0000,PATROL,0
104.837,0.0341,0.1000,PATROL,0
104.871,0.0340,0.0000,PATROL,0
104.905,0.0340,0.0000,PATROL,0
104.938,0.0340,0.1000,PATROL,0
104.972,0.0340,0.0000,PATROL,0
105.007,0.0342,0.0000,PATROL,0
105.041,0.0339,0.1000,PATROL,0
105.075,0.0339,0.0000,PATROL,0
105.108,0.0340,0.0000,PATROL,0
105.143,0.0342,0.1000,PATROL,0
105.177,0.0339,0.0000,PATROL,0
105.211,0.0340,0.0000,PATROL,0
105.245,0.0343,0.1000,PATROL,0
105.279,0.0338,0.0000,PATROL,0
105.313,0.0340,0.1000,PATROL,0
105.347,0.0340,0.0000,PATROL,0
105.381,0.0339,0.0000,PATROL,0
105.415,0.0339,0.1000,PATROL,0
105.449,0.0341,0.0000,PATROL,0
105.483,0.0341,0.0000,PATROL,0
105.517,0.0341,0.1000,PATROL,0
105.551,0.0341,0.0000,PATROL,0
105.585,0.0336,0.0000,PATROL,0
105.619,0.0340,0.1000,PATROL,0
105.653,0.0340,0.0000,PATROL,0
105.687,0.0341,0.0000,PATROL,0
105.721,0.0339,0.1000,PATROL,0
105.755,0.0341,0.0000,PATROL,0
105.789,0.0340,0.0000,PATROL,0
105.823,0.0339,0.1000,PATROL,0
105.857,0.0340,0.0000,PATROL,0
105.891,0.0340,0.0000,PATROL,0
105.925,0.0341,0.1000,PATROL,0
105.959,0.0340,0.0000,PATROL,0
105.992,0.0338,0.0000,PATROL,0
106.027,0.0342,0.1000,PATROL,0
106.061,0.0339,0.0000,PATROL,0
106.095,0.0339,0.0000,PATROL,0
106.129,0.0340,0.1000,PATROL,0
106.163,0.0341,0.0000,PATROL,0
106.197,0.0339,0.0000,PATROL,0
106.231,0.0340,0.1000,PATROL,0
106.265,0.0342,0.0000,PATROL,0
106.299,0.0338,0.0000,PATROL,0
106.333,0.0339,0.1000,PATROL,0
106.367,0.0341,0.0000,PATROL,0
106.401,0.0339,0.0000,PATROL,0
106.435,0.0339,0.1000,PATROL,0
106.469,0.0341,0.0000,PATROL,0
106.503,0.0340,0.0000,PATROL,0
106.536,0.0338,0.1000,PATROL,0
106.571,0.0343,0.0000,PATROL,0
106.605,0.0342,0.0000,PATROL,0
106.639,0.0341,0.1000,PATROL,0
106.673,0.0341,0.0000,PATROL,0
106.707,0.0340,0.0000,PATROL,0
106.741,0.0343,0.1000,PATROL,0
106.775,0.0339,0.0000,PATROL,0
106.809,0.0340,0.0000,PATROL,0
106.844,0.0342,0.1000,PATROL,0
106.878,0.0342,0.0000,PATROL,0
106.912,0.0338,0.0000,PATROL,0
106.946,0.0341,0.1000,PATROL,0
106.980,0.0341,0.0000,PATROL,0
107.014,0.0339,0.1000,PATROL,0
107.048,0.0342,0.0000,PATROL,0
107.083,0.0346,0.0000,PATROL,0
107.116,0.0331,0.1000,PATROL,0
107.150,0.0345,0.0000,PATROL,0
107.184,0.0337,0.0000,PATROL,0
107.218,0.0339,0.1000,PATROL,0
107.252,0.0341,0.0000,PATROL,0
107.286,0.0339,0.0000,PATROL,0
107.320,0.0340,0.1000,PATROL,0
107.354,0.0341,0.0000,PATROL,0
107.388,0.0340,0.0000,PATROL,0
107.422,0.0342,0.1000,PATROL,0
107.456,0.0340,0.0000,PATROL,0
107.490,0.0340,0.0000,PATROL,0
107.524,0.0339,0.1000,PATROL,0
107.558,0.0341,0.0000,PATROL,0
107.592,0.0341,0.0000,PATROL,0
107.626,0.0339,0.1000,PATROL,0
107.660,0.0340,0.0000,PATROL,0
107.694,0.0339,0.0000,PATROL,0
107.728,0.0343,0.1000,PATROL,0
107.762,0.0339,0.0000,PATROL,0
107.796,0.0340,0.0000,PATROL,0
107.830,0.0340,0.1000,PATROL,0
107.864,0.0341,0.0000,PATROL,0
107.898,0.0339,0.0000,PATROL,0
107.932,0.0341,0.1000,PATROL,0
107.966,0.0341,0.0000,PATROL,0
108.001,0.0343,0.0000,PATROL,0
108.034,0.0337,0.1000,PATROL,0
108.068,0.0342,0.0000,PATROL,0
108.102,0.0340,0.0000,PATROL,0
108.136,0.0339,0.1000,PATROL,0
108.171,0.0350,0.0000,PATROL,0
108.204,0.0331,0.0000,PATROL,0
108.238,0.0341,0.1000,PATROL,0
108.272,0.0340,0.0000,PATROL,0
108.307,0.0342,0.0000,PATROL,0
108.340,0.0337,0.1000,PATROL,0
108.374,0.0341,0.0000,PATROL,0
108.408,0.0340,0.0000,PATROL,0
108.442,0.0341,0.1000,PATROL,0
108.477,0.0341,0.0000,PATROL,0
108.510,0.0339,0.0000,PATROL,0
108.545,0.0341,0.1000,PATROL,0
108.578,0.0340,0.0000,PATROL,0
108.612,0.0339,0.0000,PATROL,0
108.647,0.0341,0.1000,PATROL,0
108.681,0.0349,0.0000,PATROL,0
108.715,0.0335,0.1000,PATROL,0
108.749,0.0337,0.0000,PATROL,0
108.783,0.0340,0.0000,PATROL,0
108.817,0.0339,0.1000,PATROL,0
108.851,0.0343,0.0000,PATROL,0
108.885,0.0337,0.0000,PATROL,0
108.919,0.0340,0.1000,PATROL,0
108.953,0.0342,0.0000,PATROL,0
108.987,0.0338,0.0000,PATROL,0
109.021,0.0340,0.1000,PATROL,0
109.054,0.0339,0.0000,PATROL,0
109.089,0.0342,0.0000,PATROL,0
109.123,0.0339,0.1000,PATROL,0
109.157,0.0341,0.0000,PATROL,0
109.191,0.0340,0.0000,PATROL,0
109.225,0.0342,0.1000,PATROL,0
109.259,0.0341,0.0000,PATROL,0
109.293,0.0341,0.0000,PATROL,0
109.327,0.0339,0.1000,PATROL,0
109.361,0.0340,0.0000,PATROL,0
109.395,0.0340,0.0000,PATROL,0
109.429,0.0340,0.1000,PATROL,0
109.463,0.0340,0.0000,PATROL,0
109.497,0.0340,0.0000,PATROL,0
109.531,0.0341,0.1000,PATROL,0
109.565,0.0343,0.0000,PATROL,0
109.599,0.0337,0.0000,PATROL,0
109.633,0.0341,0.1000,PATROL,0
109.667,0.0340,0.0000,PATROL,0
109.701,0.0339,0.0000,PATROL,0
109.735,0.0341,0.1000,PATROL,0
109.769,0.0340,0.0000,PATROL,0
109.803,0.0340,0.0000,PATROL,0
109.837,0.0344,0.1000,PATROL,0
109.871,0.0337,0.0000,PATROL,0
109.905,0.0340,0.0000,PATROL,0
109.939,0.0341,0.1000,PATROL,0
109.973,0.0340,0.0000,PATROL,0
110.007,0.0338,0.0000,PATROL,0
110.041,0.0341,0.1000,PATROL,0
110.075,0.0339,0.0000,PATROL,0
110.109,0.0341,0.0000,PATROL,0
110.143,0.0341,0.1000,PATROL,0
110.177,0.0339,0.0000,PATROL,0
110.211,0.0340,0.0000,PATROL,0
110.246,0.0344,0.1000,PATROL,0
110.279,0.0338,0.0000,PATROL,0
110.313,0.0340,0.0000,PATROL,0
110.347,0.0341,0.1000,PATROL,0
110.382,0.0342,0.0000,PATROL,0
110.416,0.0342,0.1000,PATROL,0
110.450,0.0343,0.0000,PATROL,0
110.484,0.0335,0.0000,PATROL,0
110.517,0.0338,0.1000,PATROL,0
110.552,0.0343,0.0000,PATROL,0
110.586,0.0340,0.0000,PATROL,0
110.620,0.0338,0.1000,PATROL,0
110.654,0.0342,0.0000,PATROL,0
110.688,0.0340,0.0000,PATROL,0
110.722,0.0338,0.1000,PATROL,0
110.756,0.0340,0.0000,PATROL,0
110.790,0.0341,0.0000,PATROL,0
110.824,0.0340,0.1000,PATROL,0
110.858,0.0339,0.0000,PATROL,0
110.892,0.0341,0.0000,PATROL,0
110.926,0.0341,0.1000,PATROL,0
110.960,0.0340,0.0000,PATROL,0
110.994,0.0340,0.0000,PATROL,0
111.028,0.0339,0.1000,PATROL,0
111.062,0.0342,0.0000,PATROL,0
111.096,0.0338,0.0000,PATROL,0
111.130,0.0342,0.1000,PATROL,0
111.164,0.0339,0.0000,PATROL,0
111.198,0.0339,0.0000,PATROL,0
111.232,0.0342,0.1000,PATROL,0
111.266,0.0339,0.0000,PATROL,0
111.300,0.0339,0.0000,PATROL,0
111.334,0.0341,0.1000,PATROL,0
111.368,0.0339,0.0000,PATROL,0
111.402,0.0340,0.0000,PATROL,0
111.435,0.0340,0.1000,PATROL,0
111.470,0.0342,0.0000,PATROL,0
111.504,0.0340,0.0000,PATROL,0
111.538,0.0339,0.1000,PATROL,0
111.572,0.0340,0.0000,PATROL,0
111.606,0.0344,0.0000,PATROL,0
111.640,0.0338,0.1000,PATROL,0
111.674,0.0343,0.0000,PATROL,0
111.708,0.0341,0.0000,PATROL,0
111.742,0.0341,0.1000,PATROL,0
111.776,0.0340,0.0000,PATROL,0
111.810,0.0339,0.0000,PATROL,0
111.845,0.0342,0.1000,PATROL,0
111.878,0.0337,0.0000,PATROL,0
111.912,0.0340,0.0000,PATROL,0
111.946,0.0341,0.1000,PATROL,0
111.981,0.0341,0.0000,PATROL,0
112.014,0.0338,0.0000,PATROL,0
112.048,0.0341,0.1000,PATROL,0
112.083,0.0345,0.0000,PATROL,0
112.117,0.0343,0.1000,PATROL,0
112.151,0.0337,0.0000,PATROL,0
112.185,0.0341,0.0000,PATROL,0
112.219,0.0335,0.1000,PATROL,0
112.253,0.0344,0.0000,PATROL,0
112.287,0.0337,0.0000,PATROL,0
112.321,0.0340,0.1000,PATROL,0
112.355,0.0340,0.0000,PATROL,0
112.389,0.0339,0.0000,PATROL,0
112.423,0.0340,0.1000,PATROL,0
112.456,0.0339,0.0000,PATROL,0
112.491,0.0341,0.0000,PATROL,0
112.525,0.0342,0.1000,PATROL,0
112.559,0.0339,0.0000,PATROL,0
112.593,0.0340,0.0000,PATROL,0
112.627,0.0339,0.1000,PATROL,0
112.661,0.0345,0.0000,PATROL,0
112.695,0.0340,0.0000,PATROL,0
112.729,0.0339,0.1000,PATROL,0
112.763,0.0340,0.0000,PATROL,0
112.797,0.0341,0.0000,PATROL,0
112.831,0.0343,0.1000,PATROL,0
112.865,0.0337,0.0000,PATROL,0
112.899,0.0340,0.0000,PATROL,0
112.933,0.0340,0.1000,PATROL,0
112.967,0.0340,0.0000,PATROL,0
113.001,0.0340,0.0000,PATROL,0
113.035,0.0342,0.1000,PATROL,0
113.069,0.0341,0.0000,PATROL,0
113.103,0.0337,0.0000,PATROL,0
113.137,0.0340,0.1000,PATROL,0
113.171,0.0341,0.0000,PATROL,0
113.205,0.0341,0.0000,PATROL,0
113.239,0.0339,0.1000,PATROL,0
113.274,0.0344,0.0000,PATROL,0
113.307,0.0338,0.0000,PATROL,0
113.341,0.0339,0.1000,PATROL,0
113.375,0.0341,0.0000,PATROL,0
113.409,0.0338,0.0000,PATROL,0
113.443,0.0343,0.1000,PATROL,0
113.477,0.0338,0.0000,PATROL,0
113.511,0.0340,0.0000,PATROL,0
113.545,0.0342,0.1000,PATROL,0
113.579,0.0339,0.0000,PATROL,0
113.613,0.0341,0.0000,PATROL,0
113.647,0.0340,0.1000,PATROL,0
113.681,0.0340,0.0000,PATROL,0
113.715,0.0339,0.0000,PATROL,0
113.750,0.0344,0.1000,PATROL,0
113.783,0.0337,0.0000,PATROL,0
113.818,0.0344,0.1000,PATROL,0
113.852,0.0338,0.0000,PATROL,0
113.886,0.0339,0.0000,PATROL,0
113.919,0.0338,0.1000,PATROL,0
113.954,0.0343,0.0000,PATROL,0
113.988,0.0343,0.0000,PATROL,0
114.022,0.0336,0.1000,PATROL,0
114.056,0.0341,0.0000,PATROL,0
114.090,0.0340,0.0000,PATROL,0
114.124,0.0339,0.1000,PATROL,0
114.158,0.0341,0.0000,PATROL,0
114.192,0.0340,0.0000,PATROL,0
114.226,0.0340,0.1000,PATROL,0
114.260,0.0342,0.0000,PATROL,0
114.294,0.0340,0.0000,PATROL,0
114.328,0.0339,0.1000,PATROL,0
114.362,0.0340,0.0000,PATROL,0
114.396,0.0342,0.0000,PATROL,0
114.430,0.0341,0.1000,PATROL,0
114.464,0.0337,0.0000,PATROL,0
114.498,0.0341,0.0000,PATROL,0
114.533,0.0348,0.1000,PATROL,0
114.566,0.0333,0.0000,PATROL,0
114.600,0.0338,0.0000,PATROL,0
114.634,0.0343,0.1000,PATROL,0
114.668,0.0339,0.0000,PATROL,0
114.702,0.0339,0.0000,PATROL,0
114.736,0.0340,0.1000,PATROL,0
114.770,0.0340,0.0000,PATROL,0
114.804,0.0341,0.0000,PATROL,0
114.838,0.0340,0.1000,PATROL,0
114.872,0.0339,0.0000,PATROL,0
114.906,0.0341,0.0000,PATROL,0
114.940,0.0340,0.1000,PATROL,0
114.974,0.0341,0.0000,PATROL,0
115.008,0.0339,0.0000,PATROL,0
115.042,0.0342,0.1000,PATROL,0
115.076,0.0342,0.0000,PATROL,0
115.110,0.0337,0.0000,PATROL,0
115.144,0.0341,0.1000,PATROL,0
115.178,0.0337,0.0000,PATROL,0
115.212,0.0341,0.0000,PATROL,0
115.246,0.0341,0.1000,PATROL,0
115.280,0.0341,0.0000,PATROL,0
115.314,0.0341,0.0000,PATROL,0
115.348,0.0340,0.1000,PATROL,0
115.382,0.0339,0.0000,PATROL,0
115.416,0.0339,0.0000,PATROL,0
115.450,0.0342,0.1000,PATROL,0
115.485,0.0341,0.0000,PATROL,0
115.519,0.0345,0.1000,PATROL,0
115.552,0.0335,0.0000,PATROL,0
115.586,0.0340,0.0000,PATROL,0
115.620,0.0337,0.1000,PATROL,0
115.655,0.0346,0.0000,PATROL,0
115.689,0.0337,0.0000,PATROL,0
115.722,0.0338,0.1000,PATROL,0
115.757,0.0344,0.0000,PATROL,0
115.791,0.0338,0.0000,PATROL,0
115.824,0.0339,0.1000,PATROL,0
115.858,0.0339,0.0000,PATROL,0
115.892,0.0340,0.0000,PATROL,0
115.927,0.0341,0.1000,PATROL,0
115.960,0.0339,0.0000,PATROL,0
115.995,0.0341,0.0000,PATROL,0
116.029,0.0342,0.1000,PATROL,0
116.063,0.0338,0.0000,PATROL,0
116.097,0.0341,0.0000,PATROL,0
116.131,0.0340,0.1000,PATROL,0
116.165,0.0339,0.0000,PATROL,0
116.199,0.0340,0.0000,PATROL,0
116.233,0.0343,0.1000,PATROL,0
116.267,0.0339,0.0000,PATROL,0
116.301,0.0344,0.0000,PATROL,0
116.335,0.0337,0.1000,PATROL,0
116.369,0.0340,0.0000,PATROL,0
116.403,0.0340,0.0000,PATROL,0
116.437,0.0339,0.1000,PATROL,0
116.471,0.0342,0.0000,PATROL,0
116.505,0.0338,0.0000,PATROL,0
116.539,0.0340,0.1000,PATROL,0
116.573,0.0345,0.0000,PATROL,0
116.607,0.0336,0.0000,PATROL,0
116.641,0.0339,0.1000,PATROL,0
116.675,0.0343,0.0000,PATROL,0
116.709,0.0336,0.0000,PATROL,0
116.743,0.0342,0.1000,PATROL,0
116.777,0.0339,0.0000,PATROL,0
116.811,0.0339,0.0000,PATROL,0
116.845,0.0343,0.1000,PATROL,0
116.879,0.0338,0.0000,PATROL,0
116.913,0.0341,0.0000,PATROL,0
116.947,0.0341,0.1000,PATROL,0
116.981,0.0337,0.0000,PATROL,0
117.015,0.0341,0.0000,PATROL,0
117.049,0.0340,0.1000,PATROL,0
117.083,0.0341,0.0000,PATROL,0
117.117,0.0341,0.0000,PATROL,0
117.151,0.0340,0.1000,PATROL,0
117.185,0.0340,0.0000,PATROL,0
117.219,0.0342,0.1000,PATROL,0
117.253,0.0340,0.0000,PATROL,0
117.287,0.0340,0.0000,PATROL,0
117.321,0.0337,0.1000,PATROL,0
117.356,0.0348,0.0000,PATROL,0
117.390,0.0336,0.0000,PATROL,0
117.423,0.0338,0.1000,PATROL,0
117.457,0.0340,0.0000,PATROL,0
117.491,0.0340,0.0000,PATROL,0
117.525,0.0341,0.1000,PATROL,0
117.559,0.0339,0.0000,PATROL,0
117.593,0.0341,0.0000,PATROL,0
117.628,0.0342,0.1000,PATROL,0
117.661,0.0338,0.0000,PATROL,0
117.695,0.0340,0.0000,PATROL,0
117.729,0.0340,0.1000,PATROL,0
117.764,0.0341,0.0000,PATROL,0
117.797,0.0339,0.0000,PATROL,0
117.832,0.0341,0.1000,PATROL,0
117.865,0.0339,0.0000,PATROL,0
117.899,0.0339,0.0000,PATROL,0
117.934,0.0343,0.1000,PATROL,0
117.968,0.0339,0.0000,PATROL,0
118.001,0.0339,0.0000,PATROL,0
118.036,0.0341,0.1000,PATROL,0
118.070,0.0341,0.0000,PATROL,0
118.104,0.0339,0.0000,PATROL,0
118.138,0.0340,0.1000,PATROL,0
118.172,0.0340,0.0000,PATROL,0
118.206,0.0346,0.0000,PATROL,0
118.239,0.0333,0.1000,PATROL,0
118.274,0.0341,0.0000,PATROL,0
118.307,0.0339,0.0000,PATROL,0
118.342,0.0341,0.1000,PATROL,0
118.376,0.0340,0.0000,PATROL,0
118.410,0.0340,0.0000,PATROL,0
118.444,0.0340,0.1000,PATROL,0
118.478,0.0342,0.0000,PATROL,0
118.512,0.0337,0.0000,PATROL,0
118.546,0.0341,0.1000,PATROL,0
118.580,0.0340,0.0000,PATROL,0
118.614,0.0341,0.0000,PATROL,0
118.648,0.0342,0.1000,PATROL,0
118.681,0.0336,0.0000,PATROL,0
118.716,0.0344,0.0000,PATROL,0
118.750,0.0341,0.1000,PATROL,0
118.784,0.0339,0.0000,PATROL,0
118.818,0.0342,0.0000,PATROL,0
118.852,0.0342,0.1000,PATROL,0
118.886,0.0338,0.0000,PATROL,0
118.920,0.0342,0.1000,PATROL,0
118.955,0.0341,0.0000,PATROL,0
118.988,0.0338,0.0000,PATROL,0
119.022,0.0338,0.1000,PATROL,0
119.056,0.0343,0.0000,PATROL,0
119.090,0.0339,0.0000,PATROL,0
119.124,0.0340,0.1000,PATROL,0
119.158,0.0341,0.0000,PATROL,0
119.192,0.0342,0.0000,PATROL,0
119.226,0.0339,0.1000,PATROL,0
119.260,0.0340,0.0000,PATROL,0
119.295,0.0343,0.0000,PATROL,0
119.328,0.0338,0.1000,PATROL,0
119.362,0.0339,0.0000,PATROL,0
119.396,0.0341,0.0000,PATROL,0
119.430,0.0340,0.1000,PATROL,0
119.464,0.0340,0.0000,PATROL,0
119.499,0.0341,0.0000,PATROL,0
119.532,0.0340,0.1000,PATROL,0
119.566,0.0340,0.0000,PATROL,0
119.600,0.0338,0.0000,PATROL,0
119.635,0.0346,0.1000,PATROL,0
119.668,0.0336,0.0000,PATROL,0
119.703,0.0341,0.0000,PATROL,0
119.736,0.0339,0.1000,PATROL,0
119.771,0.0341,0.0000,PATROL,0
119.805,0.0341,0.0000,PATROL,0
119.839,0.0340,0.1000,PATROL,0
119.873,0.0339,0.0000,PATROL,0
119.907,0.0339,0.0000,PATROL,0
119.941,0.0340,0.1000,PATROL,0
119.975,0.0341,0.0000,PATROL,0
120.009,0.0340,0.0000,PATROL,0
120.043,0.0339,0.1000,PATROL,0
120.077,0.0342,0.0000,PATROL,0
120.111,0.0339,0.0000,PATROL,0
120.145,0.0341,0.1000,PATROL,0
120.179,0.0342,0.0000,PATROL,0
120.213,0.0338,0.0000,PATROL,0
120.247,0.0340,0.1000,PATROL,0
120.281,0.0341,0.0000,PATROL,0
120.315,0.0340,0.0000,PATROL,0
120.349,0.0342,0.1000,PATROL,0
120.383,0.0337,0.0000,PATROL,0
120.417,0.0341,0.0000,PATROL,0
120.451,0.0341,0.1000,PATROL,0
120.485,0.0340,0.0000,PATROL,0
120.519,0.0339,0.0000,PATROL,0
120.553,0.0341,0.1000,PATROL,0
120.587,0.0340,0.0000,PATROL,0
120.622,0.0345,0.1000,PATROL,0
120.655,0.0336,0.0000,PATROL,0
120.689,0.0340,0.0000,PATROL,0
120.723,0.0339,0.1000,PATROL,0
120.758,0.0348,0.0000,PATROL,0
120.791,0.0334,0.0000,PATROL,0
120.825,0.0339,0.1000,PATROL,0
120.859,0.0341,0.0000,PATROL,0
120.893,0.0340,0.0000,PATROL,0
120.927,0.0341,0.1000,PATROL,0
120.961,0.0339,0.0000,PATROL,0
120.995,0.0342,0.0000,PATROL,0
121.029,0.0342,0.1000,PATROL,0
121.063,0.0337,0.0000,PATROL,0
121.097,0.0340,0.0000,PATROL,0
121.131,0.0341,0.1000,PATROL,0
121.165,0.0342,0.0000,PATROL,0
121.199,0.0340,0.0000,PATROL,0
121.233,0.0339,0.1000,PATROL,0
121.268,0.0342,0.0000,PATROL,0
121.301,0.0337,0.0000,PATROL,0
121.335,0.0342,0.1000,PATROL,0
121.369,0.0340,0.0000,PATROL,0
121.403,0.0340,0.0000,PATROL,0
121.438,0.0344,0.1000,PATROL,0
121.471,0.0337,0.0000,PATROL,0
121.505,0.0341,0.0000,PATROL,0
121.540,0.0343,0.1000,PATROL,0
121.574,0.0339,0.0000,PATROL,0
121.607,0.0339,0.0000,PATROL,0
121.642,0.0341,0.1000,PATROL,0
121.676,0.0342,0.0000,PATROL,0
121.710,0.0344,0.0000,PATROL,0
121.744,0.0336,0.1000,PATROL,0
121.778,0.0341,0.0000,PATROL,0
121.812,0.0341,0.0000,PATROL,0
121.846,0.0339,0.1000,PATROL,0
121.880,0.0343,0.0000,PATROL,0
121.914,0.0338,0.0000,PATROL,0
121.948,0.0341,0.1000,PATROL,0
121.982,0.0344,0.0000,PATROL,0
122.016,0.0340,0.0000,PATROL,0
122.050,0.0339,0.1000,PATROL,0
122.084,0.0339,0.0000,PATROL,0
122.118,0.0341,0.0000,PATROL,0
122.152,0.0340,0.1000,PATROL,0
122.186,0.0339,0.0000,PATROL,0
122.220,0.0340,0.0000,PATROL,0
122.255,0.0346,0.1000,PATROL,0
122.288,0.0333,0.0000,PATROL,0
122.322,0.0341,0.1000,PATROL,0
122.356,0.0340,0.0000,PATROL,0
122.390,0.0341,0.0000,PATROL,0
122.424,0.0338,0.1000,PATROL,0
122.458,0.0341,0.0000,PATROL,0
122.492,0.0340,0.0000,PATROL,0
122.526,0.0339,0.1000,PATROL,0
122.560,0.0341,0.0000,PATROL,0
122.594,0.0341,0.0000,PATROL,0
122.628,0.0340,0.1000,PATROL,0
122.662,0.0339,0.0000,PATROL,0
122.696,0.0341,0.0000,PATROL,0
122.731,0.0344,0.1000,PATROL,0
122.765,0.0342,0.0000,PATROL,0
122.798,0.0338,0.0000,PATROL,0
122.832,0.0340,0.1000,PATROL,0
122.866,0.0340,0.0000,PATROL,0
122.901,0.0341,0.0000,PATROL,0
122.935,0.0340,0.1000,PATROL,0
122.969,0.0340,0.0000,PATROL,0
123.003,0.0339,0.0000,PATROL,0
123.037,0.0340,0.1000,PATROL,0
123.070,0.0339,0.0000,PATROL,0
123.104,0.0341,0.0000,PATROL,0
123.139,0.0340,0.1000,PATROL,0
123.172,0.0339,0.0000,PATROL,0
123.206,0.0340,0.0000,PATROL,0
123.241,0.0342,0.1000,PATROL,0
123.274,0.0339,0.0000,PATROL,0
123.308,0.0340,0.0000,PATROL,0
123.342,0.0340,0.1000,PATROL,0
123.377,0.0341,0.0000,PATROL,0
123.411,0.0339,0.0000,PATROL,0
123.445,0.0342,0.1000,PATROL,0
123.480,0.0349,0.0000,PATROL,0
123.513,0.0329,0.0000,PATROL,0
123.546,0.0340,0.1000,PATROL,0
123.581,0.0343,0.0000,PATROL,0
123.615,0.0338,0.0000,PATROL,0
123.649,0.0340,0.1000,PATROL,0
123.683,0.0339,0.0000,PATROL,0
123.717,0.0341,0.0000,PATROL,0
123.751,0.0345,0.1000,PATROL,0
123.785,0.0335,0.0000,PATROL,0
123.819,0.0342,0.0000,PATROL,0
123.853,0.0340,0.1000,PATROL,0
123.887,0.0340,0.0000,PATROL,0
123.921,0.0341,0.0000,PATROL,0
123.955,0.0339,0.1000,PATROL,0
123.989,0.0339,0.0000,PATROL,0
124.023,0.0341,0.1000,PATROL,0
124.057,0.0340,0.0000,PATROL,0
124.091,0.0340,0.0000,PATROL,0
124.125,0.0340,0.1000,PATROL,0
124.159,0.0342,0.0000,PATROL,0
124.193,0.0340,0.0000,PATROL,0
124.227,0.0340,0.1000,PATROL,0
124.261,0.0341,0.0000,PATROL,0
124.295,0.0339,0.0000,PATROL,0
124.329,0.0340,0.1000,PATROL,0
124.363,0.0340,0.0000,PATROL,0
124.397,0.0344,0.0000,PATROL,0
124.431,0.0337,0.1000,PATROL,0
124.465,0.0340,0.0000,PATROL,0
124.499,0.0342,0.0000,PATROL,0
124.533,0.0338,0.1000,PATROL,0
124.567,0.0340,0.0000,PATROL,0
124.601,0.0341,0.0000,PATROL,0
124.635,0.0339,0.1000,PATROL,0
124.669,0.0341,0.0000,PATROL,0
124.703,0.0338,0.0000,PATROL,0
124.737,0.0341,0.1000,PATROL,0
124.771,0.0339,0.0000,PATROL,0
124.805,0.0340,0.0000,PATROL,0
124.839,0.0341,0.1000,PATROL,0
124.873,0.0340,0.0000,PATROL,0
124.907,0.0340,0.0000,PATROL,0
124.942,0.0342,0.1000,PATROL,0
124.975,0.0338,0.0000,PATROL,0
125.009,0.0339,0.0000,PATROL,0
125.043,0.0342,0.1000,PATROL,0
125.078,0.0342,0.0000,PATROL,0
125.111,0.0339,0.0000,PATROL,0
125.146,0.0341,0.1000,PATROL,0
125.180,0.0342,0.0000,PATROL,0
125.214,0.0338,0.0000,PATROL,0
125.247,0.0339,0.1000,PATROL,0
125.282,0.0342,0.0000,PATROL,0
125.316,0.0342,0.0000,PATROL,0
125.350,0.0340,0.1000,PATROL,0
125.384,0.0338,0.0000,PATROL,0
125.418,0.0341,0.0000,PATROL,0
125.452,0.0340,0.1000,PATROL,0
125.486,0.0340,0.0000,PATROL,0
125.520,0.0340,0.0000,PATROL,0
125.554,0.0340,0.1000,PATROL,0
125.588,0.0340,0.0000,PATROL,0
125.622,0.0342,0.0000,PATROL,0
125.656,0.0341,0.1000,PATROL,0
125.690,0.0338,0.0000,PATROL,0
125.724,0.0343,0.1000,PATROL,0
125.758,0.0339,0.0000,PATROL,0
125.792,0.0338,0.0000,PATROL,0
125.826,0.0341,0.1000,PATROL,0
125.860,0.0344,0.0000,PATROL,0
125.894,0.0337,0.0000,PATROL,0
125.928,0.0341,0.1000,PATROL,0
125.962,0.0342,0.0000,PATROL,0
125.996,0.0338,0.0000,PATROL,0
126.030,0.0340,0.1000,PATROL,0
126.064,0.0340,0.0000,PATROL,0
126.098,0.0340,0.0000,PATROL,0
126.132,0.0340,0.1000,PATROL,0
126.166,0.0342,0.0000,PATROL,0
126.200,0.0339,0.0000,PATROL,0
126.234,0.0340,0.1000,PATROL,0
126.268,0.0339,0.0000,PATROL,0
126.302,0.0342,0.0000,PATROL,0
126.336,0.0339,0.1000,PATROL,0
126.370,0.0341,0.0000,PATROL,0
126.404,0.0340,0.0000,PATROL,0
126.438,0.0342,0.1000,PATROL,0
126.472,0.0338,0.0000,PATROL,0
126.506,0.0340,0.0000,PATROL,0
126.540,0.0340,0.1000,PATROL,0
126.574,0.0340,0.0000,PATROL,0
126.608,0.0338,0.0000,PATROL,0
126.642,0.0343,0.1000,PATROL,0
126.676,0.0339,0.0000,PATROL,0
126.710,0.0339,0.0000,PATROL,0
126.744,0.0339,0.1000,PATROL,0
126.778,0.0341,0.0000,PATROL,0
126.812,0.0341,0.0000,PATROL,0
126.846,0.0340,0.1000,PATROL,0
126.880,0.0341,0.0000,PATROL,0
126.914,0.0340,0.0000,PATROL,0
126.948,0.0340,0.1000,PATROL,0
126.983,0.0342,0.0000,PATROL,0
127.016,0.0338,0.0000,PATROL,0
127.051,0.0341,0.1000,PATROL,0
127.084,0.0340,0.0000,PATROL,0
127.119,0.0340,0.0000,PATROL,0
127.153,0.0340,0.1000,PATROL,0
127.186,0.0340,0.0000,PATROL,0
127.221,0.0341,0.0000,PATROL,0
127.255,0.0340,0.1000,PATROL,0
127.288,0.0339,0.0000,PATROL,0
127.323,0.0342,0.0000,PATROL,0
127.357,0.0339,0.1000,PATROL,0
127.391,0.0340,0.0000,PATROL,0
127.425,0.0343,0.1000,PATROL,0
127.459,0.0338,0.0000,PATROL,0
127.493,0.0345,0.0000,PATROL,0
127.527,0.0334,0.1000,PATROL,0
127.562,0.0349,0.0000,PATROL,0
127.595,0.0334,0.0000,PATROL,0
127.629,0.0343,0.1000,PATROL,0
127.663,0.0339,0.0000,PATROL,0
127.697,0.0339,0.0000,PATROL,0
127.731,0.0340,0.1000,PATROL,0
127.765,0.0340,0.0000,PATROL,0
127.799,0.0340,0.0000,PATROL,0
127.833,0.0339,0.1000,PATROL,0
127.867,0.0340,0.0000,PATROL,0
127.901,0.0342,0.0000,PATROL,0
127.935,0.0339,0.1000,PATROL,0
127.969,0.0341,0.0000,PATROL,0
128.003,0.0341,0.0000,PATROL,0
128.037,0.0339,0.1000,PATROL,0
128.071,0.0341,0.0000,PATROL,0
128.105,0.0339,0.0000,PATROL,0
128.139,0.0342,0.1000,PATROL,0
128.173,0.0341,0.0000,PATROL,0
128.207,0.0338,0.0000,PATROL,0
128.241,0.0340,0.1000,PATROL,0
128.275,0.0341,0.0000,PATROL,0
128.309,0.0339,0.0000,PATROL,0
128.343,0.0342,0.1000,PATROL,0
128.377,0.0340,0.0000,PATROL,0
128.411,0.0339,0.0000,PATROL,0
128.445,0.0341,0.1000,PATROL,0
128.479,0.0341,0.0000,PATROL,0
128.514,0.0342,0.0000,PATROL,0
128.548,0.0341,0.1000,PATROL,0
128.582,0.0341,0.0000,PATROL,0
128.615,0.0336,0.0000,PATROL,0
128.649,0.0339,0.1000,PATROL,0
128.684,0.0342,0.0000,PATROL,0
128.718,0.0341,0.0000,PATROL,0
128.751,0.0338,0.1000,PATROL,0
128.785,0.0340,0.0000,PATROL,0
128.820,0.0341,0.0000,PATROL,0
128.853,0.0339,0.1000,PATROL,0
128.887,0.0340,0.0000,PATROL,0
128.922,0.0342,0.0000,PATROL,0
128.956,0.0341,0.1000,PATROL,0
128.990,0.0340,0.0000,PATROL,0
129.024,0.0342,0.0000,PATROL,0
129.058,0.0340,0.1000,PATROL,0
129.092,0.0338,0.0000,PATROL,0
129.126,0.0343,0.1000,PATROL,0
129.160,0.0339,0.0000,PATROL,0
129.194,0.0340,0.0000,PATROL,0
129.228,0.0340,0.1000,PATROL,0
129.262,0.0343,0.0000,PATROL,0
129.296,0.0340,0.0000,PATROL,0
129.330,0.0339,0.1000,PATROL,0
129.364,0.0341,0.0000,PATROL,0
129.398,0.0338,0.0000,PATROL,0
129.432,0.0340,0.1000,PATROL,0
129.466,0.0341,0.0000,PATROL,0
129.500,0.0341,0.0000,PATROL,0
129.534,0.0342,0.1000,PATROL,0
129.568,0.0338,0.0000,PATROL,0
129.602,0.0341,0.0000,PATROL,0
129.636,0.0339,0.1000,PATROL,0
129.670,0.0341,0.0000,PATROL,0
129.704,0.0341,0.0000,PATROL,0
129.738,0.0340,0.1000,PATROL,0
129.772,0.0339,0.0000,PATROL,0
129.806,0.0341,0.0000,PATROL,0
129.840,0.0340,0.1000,PATROL,0
129.874,0.0340,0.0000,PATROL,0
129.908,0.0339,0.0000,PATROL,0
129.942,0.0342,0.1000,PATROL,0
129.976,0.0342,0.0000,PATROL,0
130.010,0.0339,0.0000,PATROL,0
130.044,0.0341,0.1000,PATROL,0
130.078,0.0341,0.0000,PATROL,0
130.112,0.0339,0.0000,PATROL,0
130.146,0.0340,0.1000,PATROL,0
130.180,0.0341,0.0000,PATROL,0
130.214,0.0339,0.0000,PATROL,0
130.248,0.0341,0.1000,PATROL,0
130.283,0.0341,0.0000,PATROL,0
130.317,0.0341,0.0000,PATROL,0
130.351,0.0339,0.1000,PATROL,0
130.385,0.0339,0.0000,PATROL,0
130.419,0.0341,0.0000,PATROL,0
130.452,0.0338,0.1000,PATROL,0
130.487,0.0341,0.0000,PATROL,0
130.521,0.0340,0.0000,PATROL,0
130.555,0.0340,0.1000,PATROL,0
130.589,0.0339,0.0000,PATROL,0
130.623,0.0341,0.0000,PATROL,0
130.657,0.0340,0.1000,PATROL,0
130.691,0.0339,0.0000,PATROL,0
130.725,0.0340,0.0000,PATROL,0
130.759,0.0341,0.1000,PATROL,0
130.793,0.0340,0.0000,PATROL,0
130.827,0.0342,0.1000,PATROL,0
130.861,0.0341,0.0000,PATROL,0
130.895,0.0338,0.0000,PATROL,0
130.929,0.0341,0.1000,PATROL,0
130.963,0.0339,0.0000,PATROL,0
130.997,0.0341,0.0000,PATROL,0
131.031,0.0340,0.1000,PATROL,0
131.065,0.0340,0.0000,PATROL,0
131.099,0.0341,0.0000,PATROL,0
131.133,0.0339,0.1000,PATROL,0
131.167,0.0340,0.0000,PATROL,0
131.201,0.0341,0.0000,PATROL,0
131.235,0.0341,0.1000,PATROL,0
131.269,0.0339,0.0000,PATROL,0
131.303,0.0341,0.0000,PATROL,0
131.337,0.0339,0.1000,PATROL,0
131.371,0.0340,0.0000,PATROL,0
131.405,0.0343,0.0000,PATROL,0
131.439,0.0338,0.1000,PATROL,0
131.473,0.0340,0.0000,PATROL,0
131.507,0.0339,0.0000,PATROL,0
131.541,0.0341,0.1000,PATROL,0
131.575,0.0340,0.0000,PATROL,0
131.609,0.0340,0.0000,PATROL,0
131.643,0.0342,0.1000,PATROL,0
131.678,0.0343,0.0000,PATROL,0
131.711,0.0337,0.0000,PATROL,0
131.745,0.0340,0.1000,PATROL,0
131.779,0.0339,0.0000,PATROL,0
131.813,0.0340,0.0000,PATROL,0
131.847,0.0339,0.1000,PATROL,0
131.881,0.0341,0.0000,PATROL,0
131.915,0.0339,0.0000,PATROL,0
131.949,0.0341,0.1000,PATROL,0
131.983,0.0341,0.0000,PATROL,0
132.017,0.0340,0.0000,PATROL,0
132.051,0.0339,0.1000,PATROL,0
132.086,0.0341,0.0000,PATROL,0
132.120,0.0341,0.0000,PATROL,0
132.154,0.0340,0.1000,PATROL,0
132.187,0.0338,0.0000,PATROL,0
132.222,0.0342,0.0000,PATROL,0
132.256,0.0340,0.1000,PATROL,0
132.289,0.0339,0.0000,PATROL,0
132.324,0.0340,0.0000,PATROL,0
132.358,0.0341,0.1000,PATROL,0
132.392,0.0340,0.0000,PATROL,0
132.426,0.0340,0.0000,PATROL,0
132.460,0.0343,0.1000,PATROL,0
132.494,0.0339,0.0000,PATROL,0
132.528,0.0343,0.1000,PATROL,0
132.562,0.0336,0.0000,PATROL,0
132.596,0.0341,0.0000,PATROL,0
132.630,0.0339,0.1000,PATROL,0
132.664,0.0347,0.0000,PATROL,0
132.698,0.0337,0.0000,PATROL,0
132.732,0.0338,0.1000,PATROL,0
132.766,0.0343,0.0000,PATROL,0
132.800,0.0340,0.0000,PATROL,0
132.834,0.0338,0.1000,PATROL,0
132.868,0.0340,0.0000,PATROL,0
132.902,0.0342,0.0000,PATROL,0
132.936,0.0341,0.1000,PATROL,0
132.970,0.0339,0.0000,PATROL,0
133.004,0.0341,0.0000,PATROL,0
133.038,0.0339,0.1000,PATROL,0
133.072,0.0340,0.0000,PATROL,0
133.106,0.0341,0.0000,PATROL,0
133.140,0.0340,0.1000,PATROL,0
133.174,0.0340,0.0000,PATROL,0
133.208,0.0341,0.0000,PATROL,0
133.242,0.0340,0.1000,PATROL,0
133.276,0.0342,0.0000,PATROL,0
133.310,0.0339,0.0000,PATROL,0
133.344,0.0341,0.1000,PATROL,0
133.378,0.0342,0.0000,PATROL,0
133.412,0.0338,0.0000,PATROL,0
133.446,0.0340,0.1000,PATROL,0
133.480,0.0339,0.0000,PATROL,0
133.514,0.0339,0.0000,PATROL,0
133.548,0.0342,0.1000,PATROL,0
133.582,0.0340,0.0000,PATROL,0
133.616,0.0339,0.0000,PATROL,0
133.650,0.0340,0.1000,PATROL,0
133.684,0.0341,0.0000,PATROL,0
133.718,0.0339,0.0000,PATROL,0
133.752,0.0339,0.1000,PATROL,0
133.787,0.0344,0.0000,PATROL,0
133.820,0.0337,0.0000,PATROL,0
133.855,0.0342,0.1000,PATROL,0
133.888,0.0339,0.0000,PATROL,0
133.923,0.0341,0.0000,PATROL,0
133.957,0.0339,0.1000,PATROL,0
133.990,0.0339,0.0000,PATROL,0
134.025,0.0341,0.0000,PATROL,0
134.058,0.0339,0.1000,PATROL,0
134.093,0.0342,0.0000,PATROL,0
134.127,0.0340,0.0000,PATROL,0
134.161,0.0340,0.1000,PATROL,0
134.195,0.0340,0.0000,PATROL,0
134.229,0.0342,0.1000,PATROL,0
134.263,0.0339,0.0000,PATROL,0
134.297,0.0341,0.0000,PATROL,0
134.331,0.0340,0.1000,PATROL,0
134.366,0.0349,0.0000,PATROL,0
134.400,0.0341,0.0000,PATROL,0
134.433,0.0331,0.1000,PATROL,0
134.467,0.0340,0.0000,PATROL,0
134.501,0.0341,0.0000,PATROL,0
134.535,0.0339,0.1000,PATROL,0
134.569,0.0339,0.0000,PATROL,0
134.603,0.0341,0.0000,PATROL,0
134.637,0.0342,0.1000,PATROL,0
134.671,0.0338,0.0000,PATROL,0
134.705,0.0342,0.0000,PATROL,0
134.739,0.0340,0.1000,PATROL,0
134.773,0.0342,0.0000,PATROL,0
134.807,0.0339,0.0000,PATROL,0
134.841,0.0340,0.1000,PATROL,0
134.875,0.0339,0.0000,PATROL,0
134.909,0.0340,0.0000,PATROL,0
134.943,0.0342,0.1000,PATROL,0
134.977,0.0339,0.0000,PATROL,0
135.011,0.0340,0.0000,PATROL,0
135.045,0.0341,0.1000,PATROL,0
135.079,0.0341,0.0000,PATROL,0
135.113,0.0340,0.0000,PATROL,0
135.147,0.0341,0.1000,PATROL,0
135.181,0.0340,0.0000,PATROL,0
135.215,0.0338,0.0000,PATROL,0
135.249,0.0339,0.1000,PATROL,0
135.283,0.0341,0.0000,PATROL,0
135.317,0.0341,0.0000,PATROL,0
135.351,0.0340,0.1000,PATROL,0
135.385,0.0340,0.0000,PATROL,0
135.419,0.0342,0.0000,PATROL,0
135.453,0.0339,0.1000,PATROL,0
135.487,0.0342,0.0000,PATROL,0
135.521,0.0340,0.0000,PATROL,0
135.555,0.0339,0.1000,PATROL,0
135.589,0.0339,0.0000,PATROL,0
135.623,0.0342,0.0000,PATROL,0
135.657,0.0339,0.1000,PATROL,0
135.691,0.0341,0.0000,PATROL,0
135.726,0.0342,0.0000,PATROL,0
135.760,0.0340,0.1000,PATROL,0
135.794,0.0341,0.0000,PATROL,0
135.828,0.0340,0.0000,PATROL,0
135.861,0.0337,0.1000,PATROL,0
135.895,0.0340,0.0000,PATROL,0
135.930,0.0342,0.1000,PATROL,0
135.964,0.0340,0.0000,PATROL,0
135.998,0.0341,0.0000,PATROL,0
136.031,0.0338,0.1000,PATROL,0
136.066,0.0342,0.0000,PATROL,0
136.100,0.0341,0.0000,PATROL,0
136.134,0.0338,0.1000,PATROL,0
136.168,0.0341,0.0000,PATROL,0
136.202,0.0338,0.0000,PATROL,0
136.236,0.0340,0.1000,PATROL,0
136.270,0.0344,0.0000,PATROL,0
136.304,0.0337,0.0000,PATROL,0
136.338,0.0339,0.1000,PATROL,0
136.372,0.0340,0.0000,PATROL,0
136.406,0.0345,0.0000,PATROL,0
136.440,0.0336,0.1000,PATROL,0
136.474,0.0340,0.0000,PATROL,0
136.507,0.0338,0.0000,PATROL,0
136.542,0.0342,0.1000,PATROL,0
136.576,0.0340,0.0000,PATROL,0
136.609,0.0338,0.0000,PATROL,0
136.644,0.0342,0.1000,PATROL,0
136.678,0.0340,0.0000,PATROL,0
136.712,0.0341,0.0000,PATROL,0
136.746,0.0341,0.1000,PATROL,0
136.780,0.0342,0.0000,PATROL,0
136.814,0.0339,0.0000,PATROL,0
136.848,0.0340,0.1000,PATROL,0
136.882,0.0342,0.0000,PATROL,0
136.916,0.0339,0.0000,PATROL,0
136.950,0.0339,0.1000,PATROL,0
136.984,0.0341,0.0000,PATROL,0
137.018,0.0340,0.0000,PATROL,0
137.052,0.0340,0.1000,PATROL,0
137.086,0.0341,0.0000,PATROL,0
137.120,0.0340,0.0000,PATROL,0
137.154,0.0340,0.1000,PATROL,0
137.188,0.0340,0.0000,PATROL,0
137.222,0.0341,0.0000,PATROL,0
137.256,0.0339,0.1000,PATROL,0
137.290,0.0340,0.0000,PATROL,0
137.325,0.0344,0.0000,PATROL,0
137.359,0.0340,0.1000,PATROL,0
137.392,0.0338,0.0000,PATROL,0
137.427,0.0342,0.0000,PATROL,0
137.460,0.0339,0.1000,PATROL,0
137.494,0.0340,0.0000,PATROL,0
137.529,0.0344,0.0000,PATROL,0
137.562,0.0337,0.1000,PATROL,0
137.596,0.0340,0.0000,PATROL,0
137.631,0.0341,0.0000,PATROL,0
137.665,0.0345,0.1000,PATROL,0
137.698,0.0334,0.0000,PATROL,0
137.732,0.0339,0.1000,PATROL,0
137.767,0.0344,0.0000,PATROL,0
137.801,0.0340,0.0000,PATROL,0
137.835,0.0340,0.1000,PATROL,0
137.869,0.0341,0.0000,PATROL,0
137.903,0.0338,0.0000,PATROL,0
137.936,0.0339,0.1000,PATROL,0
137.971,0.0340,0.0000,PATROL,0
138.005,0.0341,0.0000,PATROL,0
138.038,0.0339,0.1000,PATROL,0
138.073,0.0341,0.0000,PATROL,0
138.107,0.0339,0.0000,PATROL,0
138.141,0.0344,0.1000,PATROL,0
138.175,0.0339,0.0000,PATROL,0
138.208,0.0337,0.0000,PATROL,0
138.243,0.0342,0.1000,PATROL,0
138.277,0.0340,0.0000,PATROL,0
138.311,0.0338,0.0000,PATROL,0
138.345,0.0342,0.1000,PATROL,0
138.379,0.0339,0.0000,PATROL,0
138.413,0.0340,0.0000,PATROL,0
138.447,0.0343,0.1000,PATROL,0
138.481,0.0339,0.0000,PATROL,0
138.515,0.0338,0.0000,PATROL,0
138.549,0.0341,0.1000,PATROL,0
138.583,0.0341,0.0000,PATROL,0
138.617,0.0346,0.0000,PATROL,0
138.651,0.0334,0.1000,PATROL,0
138.685,0.0345,0.0000,PATROL,0
138.719,0.0340,0.0000,PATROL,0
138.753,0.0338,0.1000,PATROL,0
138.787,0.0341,0.0000,PATROL,0
138.821,0.0340,0.0000,PATROL,0
138.855,0.0341,0.1000,PATROL,0
138.889,0.0339,0.0000,PATROL,0
138.923,0.0343,0.0000,PATROL,0
138.957,0.0340,0.1000,PATROL,0
138.992,0.0341,0.0000,PATROL,0
139.025,0.0338,0.0000,PATROL,0
139.059,0.0339,0.1000,PATROL,0
139.093,0.0340,0.0000,PATROL,0
139.127,0.0341,0.0000,PATROL,0
139.161,0.0339,0.1000,PATROL,0
139.195,0.0341,0.0000,PATROL,0
139.230,0.0341,0.0000,PATROL,0
139.263,0.0338,0.1000,PATROL,0
139.298,0.0345,0.0000,PATROL,0
139.332,0.0340,0.1000,PATROL,0
139.366,0.0339,0.0000,PATROL,0
139.400,0.0340,0.0000,PATROL,0
139.433,0.0338,0.1000,PATROL,0
139.468,0.0341,0.0000,PATROL,0
139.502,0.0340,0.0000,PATROL,0
139.536,0.0341,0.1000,PATROL,0
139.570,0.0340,0.0000,PATROL,0
139.604,0.0339,0.0000,PATROL,0
139.638,0.0340,0.1000,PATROL,0
139.672,0.0340,0.0000,PATROL,0
139.706,0.0345,0.0000,PATROL,0
139.740,0.0336,0.1000,PATROL,0
139.774,0.0341,0.0000,PATROL,0
139.808,0.0342,0.0000,PATROL,0
139.842,0.0341,0.1000,PATROL,0
139.876,0.0340,0.0000,PATROL,0
139.910,0.0338,0.0000,PATROL,0
139.944,0.0341,0.1000,PATROL,0
139.978,0.0340,0.0000,PATROL,0
140.012,0.0340,0.0000,PATROL,0
140.046,0.0341,0.1000,PATROL,0
140.080,0.0339,0.0000,PATROL,0
140.114,0.0341,0.0000,PATROL,0
140.148,0.0341,0.1000,PATROL,0
140.182,0.0339,0.0000,PATROL,0
140.216,0.0340,0.0000,PATROL,0
140.250,0.0343,0.1000,PATROL,0
140.284,0.0339,0.0000,PATROL,0
140.318,0.0339,0.0000,PATROL,0
140.352,0.0339,0.1000,PATROL,0
140.386,0.0341,0.0000,PATROL,0
140.420,0.0342,0.0000,PATROL,0
140.454,0.0341,0.1000,PATROL,0
140.488,0.0340,0.0000,PATROL,0
140.522,0.0338,0.0000,PATROL,0
140.556,0.0341,0.1000,PATROL,0
140.590,0.0340,0.0000,PATROL,0
140.624,0.0340,0.0000,PATROL,0
140.658,0.0340,0.1000,PATROL,0
140.692,0.0341,0.0000,PATROL,0
140.726,0.0340,0.0000,PATROL,0
140.760,0.0341,0.1000,PATROL,0
140.794,0.0338,0.0000,PATROL,0
140.829,0.0344,0.0000,PATROL,0
140.862,0.0336,0.1000,PATROL,0
140.896,0.0341,0.0000,PATROL,0
140.931,0.0344,0.0000,PATROL,0
140.964,0.0336,0.1000,PATROL,0
140.998,0.0339,0.0000,PATROL,0
141.033,0.0346,0.1000,PATROL,0
141.067,0.0338,0.0000,PATROL,0
141.101,0.0340,0.0000,PATROL,0
141.134,0.0339,0.1000,PATROL,0
141.169,0.0341,0.0000,PATROL,0
141.203,0.0340,0.0000,PATROL,0
141.236,0.0339,0.1000,PATROL,0
141.270,0.0340,0.0000,PATROL,0
141.304,0.0340,0.0000,PATROL,0
141.338,0.0339,0.1000,PATROL,0
141.373,0.0343,0.0000,PATROL,0
141.406,0.0338,0.0000,PATROL,0
141.441,0.0340,0.1000,PATROL,0
141.475,0.0340,0.0000,PATROL,0
141.508,0.0339,0.0000,PATROL,0
141.543,0.0341,0.1000,PATROL,0
141.577,0.0340,0.0000,PATROL,0
141.611,0.0340,0.0000,PATROL,0
141.645,0.0340,0.1000,PATROL,0
141.679,0.0340,0.0000,PATROL,0
141.712,0.0340,0.0000,PATROL,0
141.747,0.0342,0.1000,PATROL,0
141.781,0.0340,0.0000,PATROL,0
141.815,0.0341,0.0000,PATROL,0
141.849,0.0341,0.1000,PATROL,0
141.883,0.0340,0.0000,PATROL,0
141.917,0.0339,0.0000,PATROL,0
141.951,0.0341,0.1000,PATROL,0
141.985,0.0340,0.0000,PATROL,0
142.019,0.0338,0.0000,PATROL,0
142.053,0.0339,0.1000,PATROL,0
142.087,0.0341,0.0000,PATROL,0
142.121,0.0340,0.0000,PATROL,0
142.155,0.0339,0.1000,PATROL,0
142.189,0.0342,0.0000,PATROL,0
142.223,0.0338,0.0000,PATROL,0
142.257,0.0341,0.1000,PATROL,0
142.291,0.0340,0.0000,PATROL,0
142.325,0.0341,0.0000,PATROL,0
142.359,0.0339,0.1000,PATROL,0
142.393,0.0341,0.0000,PATROL,0
142.427,0.0341,0.0000,PATROL,0
142.462,0.0350,0.1000,PATROL,0
142.495,0.0330,0.0000,PATROL,0
142.530,0.0343,0.0000,PATROL,0
142.563,0.0338,0.1000,PATROL,0
142.597,0.0340,0.0000,PATROL,0
142.631,0.0341,0.0000,PATROL,0
142.665,0.0340,0.1000,PATROL,0
142.699,0.0340,0.0000,PATROL,0
142.734,0.0347,0.1000,PATROL,0
142.767,0.0333,0.0000,PATROL,0
142.801,0.0340,0.0000,PATROL,0
142.835,0.0340,0.1000,PATROL,0
142.870,0.0348,0.0000,PATROL,0
142.904,0.0334,0.0000,PATROL,0
142.937,0.0339,0.1000,PATROL,0
142.972,0.0342,0.0000,PATROL,0
143.006,0.0340,0.0000,PATROL,0
143.039,0.0338,0.1000,PATROL,0
143.073,0.0340,0.0000,PATROL,0
143.107,0.0339,0.0000,PATROL,0
143.141,0.0342,0.1000,PATROL,0
143.176,0.0340,0.0000,PATROL,0
143.209,0.0337,0.0000,PATROL,0
143.244,0.0343,0.1000,PATROL,0
143.277,0.0340,0.0000,PATROL,0
143.311,0.0339,0.0000,PATROL,0
143.345,0.0341,0.1000,PATROL,0
143.379,0.0340,0.0000,PATROL,0
143.413,0.0339,0.0000,PATROL,0
143.448,0.0344,0.1000,PATROL,0
143.482,0.0338,0.0000,PATROL,0
143.516,0.0340,0.0000,PATROL,0
143.550,0.0341,0.1000,PATROL,0
143.584,0.0340,0.0000,PATROL,0
143.618,0.0340,0.0000,PATROL,0
143.652,0.0341,0.1000,PATROL,0
143.686,0.0339,0.0000,PATROL,0
143.720,0.0340,0.0000,PATROL,0
143.754,0.0342,0.1000,PATROL,0
143.788,0.0338,0.0000,PATROL,0
143.822,0.0339,0.0000,PATROL,0
143.856,0.0339,0.1000,PATROL,0
143.890,0.0342,0.0000,PATROL,0
143.924,0.0342,0.0000,PATROL,0
143.958,0.0337,0.1000,PATROL,0
143.992,0.0344,0.0000,PATROL,0
144.026,0.0339,0.0000,PATROL,0
144.060,0.0340,0.1000,PATROL,0
144.095,0.0345,0.0000,PATROL,0
144.128,0.0334,0.0000,PATROL,0
144.162,0.0341,0.1000,PATROL,0
144.196,0.0338,0.0000,PATROL,0
144.230,0.0342,0.0000,PATROL,0
144.264,0.0340,0.1000,PATROL,0
144.298,0.0341,0.0000,PATROL,0
144.332,0.0340,0.0000,PATROL,0
144.367,0.0344,0.1000,PATROL,0
144.400,0.0336,0.0000,PATROL,0
144.434,0.0339,0.1000,PATROL,0
144.468,0.0340,0.0000,PATROL,0
144.502,0.0343,0.0000,PATROL,0
144.536,0.0336,0.1000,PATROL,0
144.570,0.0343,0.0000,PATROL,0
144.604,0.0339,0.0000,PATROL,0
144.638,0.0339,0.1000,PATROL,0
144.672,0.0341,0.0000,PATROL,0
144.706,0.0339,0.0000,PATROL,0
144.740,0.0340,0.1000,PATROL,0
144.775,0.0345,0.0000,PATROL,0
144.808,0.0338,0.0000,PATROL,0
144.843,0.0343,0.1000,PATROL,0
144.877,0.0340,0.0000,PATROL,0
144.910,0.0337,0.0000,PATROL,0
144.945,0.0347,0.1000,PATROL,0
144.978,0.0331,0.0000,PATROL,0
145.012,0.0341,0.0000,PATROL,0
145.046,0.0340,0.1000,PATROL,0
145.080,0.0340,0.0000,PATROL,0
145.114,0.0338,0.0000,PATROL,0
145.149,0.0345,0.1000,PATROL,0
145.182,0.0336,0.0000,PATROL,0
145.216,0.0340,0.0000,PATROL,0
145.250,0.0341,0.1000,PATROL,0
145.284,0.0340,0.0000,PATROL,0
145.318,0.0339,0.0000,PATROL,0
145.352,0.0341,0.1000,PATROL,0
145.386,0.0340,0.0000,PATROL,0
145.420,0.0339,0.0000,PATROL,0
145.455,0.0342,0.1000,PATROL,0
145.489,0.0341,0.0000,PATROL,0
145.523,0.0341,0.0000,PATROL,0
145.557,0.0339,0.1000,PATROL,0
145.591,0.0341,0.0000,PATROL,0
145.624,0.0337,0.0000,PATROL,0
145.659,0.0341,0.1000,PATROL,0
145.693,0.0342,0.0000,PATROL,0
145.727,0.0338,0.0000,PATROL,0
145.761,0.0340,0.1000,PATROL,0
145.795,0.0340,0.0000,PATROL,0
145.829,0.0340,0.0000,PATROL,0
145.863,0.0340,0.1000,PATROL,0
145.897,0.0339,0.0000,PATROL,0
145.931,0.0341,0.0000,PATROL,0
145.965,0.0344,0.1000,PATROL,0
145.999,0.0343,0.0000,PATROL,0
146.033,0.0340,0.0000,PATROL,0
146.067,0.0339,0.1000,PATROL,0
146.101,0.0338,0.0000,PATROL,0
146.135,0.0341,0.1000,PATROL,0
146.169,0.0341,0.0000,PATROL,0
146.203,0.0339,0.0000,PATROL,0
146.237,0.0340,0.1000,PATROL,0
146.271,0.0340,0.0000,PATROL,0
146.306,0.0350,0.0000,PATROL,0
146.339,0.0333,0.1000,PATROL,0
146.373,0.0339,0.0000,PATROL,0
146.407,0.0339,0.0000,PATROL,0
146.441,0.0339,0.1000,PATROL,0
146.475,0.0339,0.0000,PATROL,0
146.509,0.0339,0.0000,PATROL,0
146.543,0.0343,0.1000,PATROL,0
146.577,0.0338,0.0000,PATROL,0
146.611,0.0340,0.0000,PATROL,0
146.645,0.0340,0.1000,PATROL,0
146.679,0.0343,0.0000,PATROL,0
146.713,0.0337,0.0000,PATROL,0
146.747,0.0342,0.1000,PATROL,0
146.781,0.0340,0.0000,PATROL,0
146.815,0.0337,0.0000,PATROL,0
146.849,0.0342,0.1000,PATROL,0
146.883,0.0339,0.0000,PATROL,0
146.917,0.0339,0.0000,PATROL,0
146.951,0.0344,0.1000,PATROL,0
146.986,0.0341,0.0000,PATROL,0
147.019,0.0338,0.0000,PATROL,0
147.054,0.0342,0.1000,PATROL,0
147.087,0.0338,0.0000,PATROL,0
147.121,0.0340,0.0000,PATROL,0
147.155,0.0340,0.1000,PATROL,0
147.190,0.0342,0.0000,PATROL,0
147.223,0.0338,0.0000,PATROL,0
147.258,0.0341,0.1000,PATROL,0
147.291,0.0339,0.0000,PATROL,0
147.325,0.0339,0.0000,PATROL,0
147.360,0.0344,0.1000,PATROL,0
147.394,0.0338,0.0000,PATROL,0
147.428,0.0347,0.0000,PATROL,0
147.462,0.0333,0.1000,PATROL,0
147.495,0.0339,0.0000,PATROL,0
147.530,0.0341,0.0000,PATROL,0
147.564,0.0339,0.1000,PATROL,0
147.598,0.0341,0.0000,PATROL,0
147.632,0.0346,0.0000,PATROL,0
147.666,0.0335,0.1000,PATROL,0
147.700,0.0338,0.0000,PATROL,0
147.734,0.0340,0.0000,PATROL,0
147.768,0.0340,0.1000,PATROL,0
147.802,0.0339,0.0000,PATROL,0
147.836,0.0341,0.1000,PATROL,0
147.871,0.0349,0.0000,PATROL,0
147.904,0.0332,0.0000,PATROL,0
147.938,0.0343,0.1000,PATROL,0
147.972,0.0341,0.0000,PATROL,0
148.006,0.0337,0.0000,PATROL,0
148.040,0.0341,0.1000,PATROL,0
148.074,0.0343,0.0000,PATROL,0
148.108,0.0336,0.0000,PATROL,0
148.142,0.0343,0.1000,PATROL,0
148.176,0.0338,0.0000,PATROL,0
148.210,0.0341,0.0000,PATROL,0
148.245,0.0346,0.1000,PATROL,0
148.278,0.0339,0.0000,PATROL,0
148.312,0.0339,0.0000,PATROL,0
148.346,0.0339,0.1000,PATROL,0
148.380,0.0339,0.0000,PATROL,0
148.414,0.0343,0.0000,PATROL,0
148.448,0.0338,0.1000,PATROL,0
148.482,0.0340,0.0000,PATROL,0
148.516,0.0338,0.0000,PATROL,0
148.550,0.0342,0.1000,PATROL,0
148.584,0.0339,0.0000,PATROL,0
148.618,0.0340,0.0000,PATROL,0
148.652,0.0344,0.1000,PATROL,0
148.686,0.0338,0.0000,PATROL,0
148.720,0.0339,0.0000,PATROL,0
148.754,0.0341,0.1000,PATROL,0
148.788,0.0339,0.0000,PATROL,0
148.822,0.0341,0.0000,PATROL,0
148.856,0.0340,0.1000,PATROL,0
148.890,0.0340,0.0000,PATROL,0
148.924,0.0342,0.0000,PATROL,0
148.958,0.0338,0.1000,PATROL,0
148.993,0.0345,0.0000,PATROL,0
149.027,0.0338,0.0000,PATROL,0
149.061,0.0340,0.1000,PATROL,0
149.095,0.0344,0.0000,PATROL,0
149.129,0.0336,0.0000,PATROL,0
149.163,0.0340,0.1000,PATROL,0
149.196,0.0339,0.0000,PATROL,0
149.231,0.0342,0.0000,PATROL,0
149.264,0.0339,0.1000,PATROL,0
149.299,0.0342,0.0000,PATROL,0
149.333,0.0339,0.0000,PATROL,0
149.367,0.0340,0.1000,PATROL,0
149.401,0.0339,0.0000,PATROL,0
149.435,0.0342,0.0000,PATROL,0
149.469,0.0339,0.1000,PATROL,0
149.503,0.0339,0.0000,PATROL,0
149.537,0.0340,0.1000,PATROL,0
149.571,0.0341,0.0000,PATROL,0
149.605,0.0340,0.0000,PATROL,0
149.639,0.0339,0.1000,PATROL,0
149.673,0.0341,0.0000,PATROL,0
149.707,0.0339,0.0000,PATROL,0
149.740,0.0340,0.1000,PATROL,0
149.775,0.0344,0.0000,PATROL,0
149.809,0.0339,0.0000,PATROL,0
149.843,0.0338,0.1000,PATROL,0
149.876,0.0339,0.0000,PATROL,0
149.911,0.0341,0.0000,PATROL,0
149.945,0.0339,0.1000,PATROL,0
149.979,0.0341,0.0000,PATROL,0
150.013,0.0342,0.0000,PATROL,0
150.047,0.0343,0.1000,PATROL,0
150.081,0.0341,0.0000,PATROL,0
150.115,0.0338,0.0000,PATROL,0
150.149,0.0340,0.1000,PATROL,0
150.183,0.0340,0.0000,PATROL,0
150.217,0.0339,0.0000,PATROL,0
150.251,0.0340,0.1000,PATROL,0
150.285,0.0344,0.0000,PATROL,0
150.319,0.0339,0.0000,PATROL,0
150.353,0.0339,0.1000,PATROL,0
150.388,0.0345,0.0000,PATROL,0
150.421,0.0335,0.0000,PATROL,0
150.455,0.0340,0.1000,PATROL,0
150.489,0.0341,0.0000,PATROL,0
150.523,0.0340,0.0000,PATROL,0
150.557,0.0338,0.1000,PATROL,0
150.592,0.0351,0.0000,PATROL,0
150.625,0.0333,0.0000,PATROL,0
150.659,0.0338,0.1000,PATROL,0
150.694,0.0343,0.0000,PATROL,0
150.727,0.0338,0.0000,PATROL,0
150.761,0.0339,0.1000,PATROL,0
150.795,0.0341,0.0000,PATROL,0
150.829,0.0341,0.0000,PATROL,0
150.863,0.0338,0.1000,PATROL,0
150.897,0.0340,0.0000,PATROL,0
150.931,0.0342,0.0000,PATROL,0
150.965,0.0340,0.1000,PATROL,0
151.000,0.0341,0.0000,PATROL,0
151.034,0.0342,0.0000,PATROL,0
151.067,0.0337,0.1000,PATROL,0
151.101,0.0340,0.0000,PATROL,0
151.135,0.0340,0.0000,PATROL,0
151.169,0.0341,0.1000,PATROL,0
151.203,0.0340,0.0000,PATROL,0
151.238,0.0341,0.1000,PATROL,0
151.272,0.0340,0.0000,PATROL,0
151.307,0.0349,0.0000,PATROL,0
151.339,0.0329,0.1000,PATROL,0
151.374,0.0341,0.0000,PATROL,0
151.408,0.0340,0.0000,PATROL,0
151.441,0.0339,0.1000,PATROL,0
151.476,0.0340,0.0000,PATROL,0
151.510,0.0340,0.0000,PATROL,0
151.544,0.0340,0.1000,PATROL,0
151.578,0.0340,0.0000,PATROL,0
151.612,0.0343,0.0000,PATROL,0
151.646,0.0340,0.1000,PATROL,0
151.680,0.0340,0.0000,PATROL,0
151.714,0.0339,0.0000,PATROL,0
151.748,0.0340,0.1000,PATROL,0
151.782,0.0342,0.0000,PATROL,0
151.816,0.0340,0.0000,PATROL,0
151.850,0.0340,0.1000,PATROL,0
151.884,0.0339,0.0000,PATROL,0
151.918,0.0341,0.0000,PATROL,0
151.952,0.0342,0.1000,PATROL,0
151.986,0.0338,0.0000,PATROL,0
152.020,0.0338,0.0000,PATROL,0
152.054,0.0342,0.1000,PATROL,0
152.088,0.0340,0.0000,PATROL,0
152.122,0.0341,0.0000,PATROL,0
152.156,0.0341,0.1000,PATROL,0
152.190,0.0339,0.0000,PATROL,0
152.224,0.0339,0.0000,PATROL,0
152.258,0.0342,0.1000,PATROL,0
152.292,0.0342,0.0000,PATROL,0
152.326,0.0338,0.0000,PATROL,0
152.360,0.0340,0.1000,PATROL,0
152.395,0.0347,0.0000,PATROL,0
152.428,0.0337,0.0000,PATROL,0
152.463,0.0342,0.1000,PATROL,0
152.496,0.0336,0.0000,PATROL,0
152.530,0.0340,0.0000,PATROL,0
152.564,0.0340,0.1000,PATROL,0
152.598,0.0341,0.0000,PATROL,0
152.632,0.0340,0.0000,PATROL,0
152.666,0.0341,0.1000,PATROL,0
152.700,0.0339,0.0000,PATROL,0
152.734,0.0340,0.0000,PATROL,0
152.768,0.0342,0.1000,PATROL,0
152.802,0.0337,0.0000,PATROL,0
152.837,0.0345,0.0000,PATROL,0
152.870,0.0338,0.1000,PATROL,0
152.904,0.0340,0.0000,PATROL,0
152.938,0.0341,0.1000,PATROL,0
152.972,0.0339,0.0000,PATROL,0
153.006,0.0342,0.0000,PATROL,0
153.040,0.0339,0.1000,PATROL,0
153.075,0.0342,0.0000,PATROL,0
153.108,0.0337,0.0000,PATROL,0
153.142,0.0342,0.1000,PATROL,0
153.177,0.0341,0.0000,PATROL,0
153.210,0.0340,0.0000,PATROL,0
153.244,0.0340,0.1000,PATROL,0
153.279,0.0347,0.0000,PATROL,0
153.312,0.0334,0.0000,PATROL,0
153.347,0.0342,0.1000,PATROL,0
153.381,0.0341,0.0000,PATROL,0
153.415,0.0339,0.0000,PATROL,0
153.449,0.0339,0.1000,PATROL,0
153.483,0.0341,0.0000,PATROL,0
153.517,0.0341,0.0000,PATROL,0
153.551,0.0344,0.1000,PATROL,0
153.585,0.0335,0.0000,PATROL,0
153.619,0.0338,0.0000,PATROL,0
153.653,0.0342,0.1000,PATROL,0
153.687,0.0342,0.0000,PATROL,0
153.721,0.0340,0.0000,PATROL,0
153.755,0.0341,0.1000,PATROL,0
153.790,0.0347,0.0000,PATROL,0
153.823,0.0331,0.0000,PATROL,0
153.857,0.0341,0.1000,PATROL,0
153.891,0.0339,0.0000,PATROL,0
153.925,0.0341,0.0000,PATROL,0
153.959,0.0338,0.1000,PATROL,0
153.993,0.0344,0.0000,PATROL,0
154.027,0.0341,0.0000,PATROL,0
154.064,0.0363,0.1000,PATROL,0
154.095,0.0317,0.0000,PATROL,0
154.129,0.0338,0.0000,PATROL,0
154.163,0.0340,0.1000,PATROL,0
154.197,0.0342,0.0000,PATROL,0
154.231,0.0340,0.0000,PATROL,0
154.265,0.0340,0.1000,PATROL,0
154.299,0.0338,0.0000,PATROL,0
154.333,0.0344,0.0000,PATROL,0
154.368,0.0343,0.1000,PATROL,0
154.401,0.0335,0.0000,PATROL,0
154.435,0.0341,0.0000,PATROL,0
154.469,0.0340,0.1000,PATROL,0
154.503,0.0340,0.0000,PATROL,0
154.537,0.0340,0.0000,PATROL,0
154.571,0.0340,0.1000,PATROL,0
154.605,0.0340,0.0000,PATROL,0
154.640,0.0342,0.1000,PATROL,0
154.674,0.0340,0.0000,PATROL,0
154.707,0.0338,0.0000,PATROL,0
154.741,0.0341,0.1000,PATROL,0
154.776,0.0341,0.0000,PATROL,0
154.809,0.0339,0.0000,PATROL,0
154.844,0.0341,0.1000,PATROL,0
154.878,0.0343,0.0000,PATROL,0
154.911,0.0337,0.0000,PATROL,0
154.946,0.0343,0.1000,PATROL,0
154.980,0.0337,0.0000,PATROL,0
155.014,0.0344,0.0000,PATROL,0
155.048,0.0339,0.1000,PATROL,0
155.082,0.0338,0.0000,PATROL,0
155.116,0.0340,0.0000,PATROL,0
155.150,0.0340,0.1000,PATROL,0
155.184,0.0341,0.0000,PATROL,0
155.218,0.0340,0.0000,PATROL,0
155.252,0.0340,0.1000,PATROL,0
155.286,0.0339,0.0000,PATROL,0
155.320,0.0339,0.0000,PATROL,0
155.354,0.0340,0.1000,PATROL,0
155.388,0.0343,0.0000,PATROL,0
155.422,0.0337,0.0000,PATROL,0
155.456,0.0348,0.1000,PATROL,0
155.490,0.0340,0.0000,PATROL,0
155.524,0.0336,0.0000,PATROL,0
155.558,0.0341,0.1000,PATROL,0
155.592,0.0339,0.0000,PATROL,0
155.626,0.0340,0.0000,PATROL,0
155.660,0.0340,0.1000,PATROL,0
155.694,0.0345,0.0000,PATROL,0
155.728,0.0340,0.0000,PATROL,0
155.762,0.0337,0.1000,PATROL,0
155.796,0.0341,0.0000,PATROL,0
155.830,0.0340,0.0000,PATROL,0
155.864,0.0339,0.1000,PATROL,0
155.898,0.0341,0.0000,PATROL,0
155.932,0.0341,0.0000,PATROL,0
155.966,0.0339,0.1000,PATROL,0
156.000,0.0339,0.0000,PATROL,0
156.034,0.0341,0.0000,PATROL,0
156.068,0.0340,0.1000,PATROL,0
156.102,0.0343,0.0000,PATROL,0
156.137,0.0342,0.0000,PATROL,0
156.170,0.0337,0.1000,PATROL,0
156.204,0.0341,0.0000,PATROL,0
156.239,0.0351,0.0000,PATROL,0
156.272,0.0330,0.1000,PATROL,0
156.307,0.0344,0.0000,PATROL,0
156.341,0.0337,0.1000,PATROL,0
156.374,0.0339,0.0000,PATROL,0
156.408,0.0339,0.0000,PATROL,0
156.442,0.0342,0.1000,PATROL,0
156.476,0.0340,0.0000,PATROL,0
156.511,0.0342,0.0000,PATROL,0
156.545,0.0339,0.1000,PATROL,0
156.579,0.0341,0.0000,PATROL,0
156.612,0.0339,0.0000,PATROL,0
156.646,0.0340,0.1000,PATROL,0
156.680,0.0340,0.0000,PATROL,0
156.714,0.0340,0.0000,PATROL,0
156.749,0.0342,0.1000,PATROL,0
156.783,0.0341,0.0000,PATROL,0
156.817,0.0338,0.0000,PATROL,0
156.851,0.0341,0.1000,PATROL,0
156.885,0.0339,0.0000,PATROL,0
156.919,0.0341,0.0000,PATROL,0
156.953,0.0340,0.1000,PATROL,0
156.987,0.0339,0.0000,PATROL,0
157.021,0.0339,0.0000,PATROL,0
157.055,0.0342,0.1000,PATROL,0
157.089,0.0341,0.0000,PATROL,0
157.123,0.0337,0.0000,PATROL,0
157.157,0.0345,0.1000,PATROL,0
157.191,0.0344,0.0000,PATROL,0
157.225,0.0334,0.0000,PATROL,0
157.259,0.0340,0.1000,PATROL,0
157.293,0.0341,0.0000,PATROL,0
157.327,0.0341,0.0000,PATROL,0
157.361,0.0338,0.1000,PATROL,0
157.395,0.0341,0.0000,PATROL,0
157.429,0.0341,0.0000,PATROL,0
157.463,0.0340,0.1000,PATROL,0
157.497,0.0343,0.0000,PATROL,0
157.531,0.0339,0.0000,PATROL,0
157.565,0.0339,0.1000,PATROL,0
157.599,0.0343,0.0000,PATROL,0
157.633,0.0339,0.0000,PATROL,0
157.667,0.0339,0.1000,PATROL,0
157.701,0.0339,0.0000,PATROL,0
157.735,0.0341,0.0000,PATROL,0
157.769,0.0339,0.1000,PATROL,0
157.803,0.0342,0.0000,PATROL,0
157.837,0.0339,0.0000,PATROL,0
157.871,0.0342,0.1000,PATROL,0
157.905,0.0339,0.0000,PATROL,0
157.939,0.0340,0.0000,PATROL,0
157.973,0.0341,0.1000,PATROL,0
158.007,0.0338,0.0000,PATROL,0
158.041,0.0342,0.1000,PATROL,0
158.075,0.0341,0.0000,PATROL,0
158.109,0.0338,0.0000,PATROL,0
158.143,0.0340,0.1000,PATROL,0
158.178,0.0343,0.0000,PATROL,0
158.211,0.0338,0.0000,PATROL,0
158.245,0.0340,0.1000,PATROL,0
158.280,0.0341,0.0000,PATROL,0
158.313,0.0339,0.0000,PATROL,0
158.347,0.0339,0.1000,PATROL,0
158.381,0.0340,0.0000,PATROL,0
158.415,0.0341,0.0000,PATROL,0
158.450,0.0340,0.1000,PATROL,0
158.484,0.0341,0.0000,PATROL,0
158.518,0.0340,0.0000,PATROL,0
158.552,0.0340,0.1000,PATROL,0
158.586,0.0339,0.0000,PATROL,0
158.620,0.0340,0.0000,PATROL,0
158.654,0.0341,0.1000,PATROL,0
158.688,0.0341,0.0000,PATROL,0
158.722,0.0338,0.0000,PATROL,0
158.756,0.0341,0.1000,PATROL,0
158.790,0.0339,0.0000,PATROL,0
158.823,0.0339,0.0000,PATROL,0
158.858,0.0342,0.1000,PATROL,0
158.892,0.0341,0.0000,PATROL,0
158.926,0.0340,0.0000,PATROL,0
158.960,0.0340,0.1000,PATROL,0
158.994,0.0342,0.0000,PATROL,0
159.028,0.0337,0.0000,PATROL,0
159.062,0.0340,0.1000,PATROL,0
159.096,0.0341,0.0000,PATROL,0
159.130,0.0340,0.0000,PATROL,0
159.164,0.0341,0.1000,PATROL,0
159.198,0.0341,0.0000,PATROL,0
159.232,0.0339,0.0000,PATROL,0
159.266,0.0340,0.1000,PATROL,0
159.300,0.0341,0.0000,PATROL,0
159.334,0.0339,0.0000,PATROL,0
159.368,0.0341,0.1000,PATROL,0
159.402,0.0338,0.0000,PATROL,0
159.436,0.0342,0.0000,PATROL,0
159.470,0.0341,0.1000,PATROL,0
159.504,0.0339,0.0000,PATROL,0
159.538,0.0342,0.0000,PATROL,0
159.572,0.0339,0.1000,PATROL,0
159.606,0.0344,0.0000,PATROL,0
159.640,0.0337,0.0000,PATROL,0
159.674,0.0339,0.1000,PATROL,0
159.708,0.0339,0.0000,PATROL,0
159.742,0.0344,0.1000,PATROL,0
159.776,0.0340,0.0000,PATROL,0
159.810,0.0337,0.0000,PATROL,0
159.844,0.0340,0.1000,PATROL,0
159.878,0.0342,0.0000,PATROL,0
159.912,0.0339,0.0000,PATROL,0
159.946,0.0341,0.1000,PATROL,0
159.980,0.0341,0.0000,PATROL,0
160.015,0.0344,0.0000,PATROL,0
160.048,0.0335,0.1000,PATROL,0
160.082,0.0340,0.0000,PATROL,0
160.116,0.0340,0.0000,PATROL,0
160.150,0.0341,0.1000,PATROL,0
160.184,0.0341,0.0000,PATROL,0
160.219,0.0341,0.0000,PATROL,0
160.252,0.0339,0.1000,PATROL,0
160.287,0.0341,0.0000,PATROL,0
160.321,0.0341,0.0000,PATROL,0
160.355,0.0339,0.1000,PATROL,0
160.389,0.0340,0.0000,PATROL,0
160.422,0.0339,0.0000,PATROL,0
160.457,0.0341,0.1000,PATROL,0
160.491,0.0340,0.0000,PATROL,0
160.524,0.0339,0.0000,PATROL,0
160.559,0.0343,0.1000,PATROL,0
160.593,0.0338,0.0000,PATROL,0
160.627,0.0340,0.0000,PATROL,0
160.661,0.0345,0.1000,PATROL,0
160.695,0.0337,0.0000,PATROL,0
160.729,0.0340,0.0000,PATROL,0
160.763,0.0338,0.1000,PATROL,0
160.797,0.0341,0.0000,PATROL,0
160.831,0.0341,0.0000,PATROL,0
160.865,0.0342,0.1000,PATROL,0
160.899,0.0340,0.0000,PATROL,0
160.933,0.0341,0.0000,PATROL,0
160.967,0.0335,0.1000,PATROL,0
161.001,0.0342,0.0000,PATROL,0
161.035,0.0339,0.0000,PATROL,0
161.069,0.0340,0.1000,PATROL,0
161.103,0.0340,0.0000,PATROL,0
161.137,0.0340,0.0000,PATROL,0
161.171,0.0342,0.1000,PATROL,0
161.205,0.0337,0.0000,PATROL,0
161.239,0.0344,0.0000,PATROL,0
161.273,0.0337,0.1000,PATROL,0
161.307,0.0341,0.0000,PATROL,0
161.342,0.0345,0.0000,PATROL,0
161.375,0.0335,0.1000,PATROL,0
161.409,0.0339,0.0000,PATROL,0
161.443,0.0345,0.1000,PATROL,0
161.477,0.0337,0.0000,PATROL,0
161.511,0.0341,0.0000,PATROL,0
161.545,0.0339,0.1000,PATROL,0
161.580,0.0345,0.0000,PATROL,0
161.613,0.0337,0.0000,PATROL,0
161.647,0.0339,0.1000,PATROL,0
161.681,0.0341,0.0000,PATROL,0
161.716,0.0345,0.0000,PATROL,0
161.749,0.0334,0.1000,PATROL,0
161.783,0.0339,0.0000,PATROL,0
161.817,0.0342,0.0000,PATROL,0
161.851,0.0341,0.1000,PATROL,0
161.885,0.0339,0.0000,PATROL,0
161.919,0.0341,0.0000,PATROL,0
161.953,0.0340,0.1000,PATROL,0
161.987,0.0340,0.0000,PATROL,0
162.021,0.0341,0.0000,PATROL,0
162.055,0.0339,0.1000,PATROL,0
162.090,0.0343,0.0000,PATROL,0
162.123,0.0336,0.0000,PATROL,0
162.158,0.0342,0.1000,PATROL,0
162.192,0.0340,0.0000,PATROL,0
162.225,0.0339,0.0000,PATROL,0
162.260,0.0341,0.1000,PATROL,0
162.294,0.0342,0.0000,PATROL,0
162.328,0.0338,0.0000,PATROL,0
162.362,0.0340,0.1000,PATROL,0
162.396,0.0341,0.0000,PATROL,0
162.430,0.0340,0.0000,PATROL,0
162.464,0.0338,0.1000,PATROL,0
162.498,0.0341,0.0000,PATROL,0
162.532,0.0340,0.0000,PATROL,0
162.566,0.0339,0.1000,PATROL,0
162.600,0.0341,0.0000,PATROL,0
162.634,0.0341,0.0000,PATROL,0
162.668,0.0339,0.1000,PATROL,0
162.702,0.0340,0.0000,PATROL,0
162.736,0.0340,0.0000,PATROL,0
162.770,0.0339,0.1000,PATROL,0
162.804,0.0339,0.0000,PATROL,0
162.838,0.0342,0.0000,PATROL,0
162.872,0.0340,0.1000,PATROL,0
162.906,0.0341,0.0000,PATROL,0
162.940,0.0341,0.0000,PATROL,0
162.974,0.0340,0.1000,PATROL,0
163.008,0.0339,0.0000,PATROL,0
163.042,0.0344,0.0000,PATROL,0
163.076,0.0340,0.1000,PATROL,0
163.110,0.0338,0.0000,PATROL,0
163.144,0.0344,0.1000,PATROL,0
163.178,0.0338,0.0000,PATROL,0
163.212,0.0340,0.0000,PATROL,0
163.246,0.0341,0.1000,PATROL,0
163.280,0.0342,0.0000,PATROL,0
163.314,0.0336,0.0000,PATROL,0
163.348,0.0341,0.1000,PATROL,0
163.382,0.0342,0.0000,PATROL,0
163.416,0.0339,0.0000,PATROL,0
163.450,0.0340,0.1000,PATROL,0
163.484,0.0340,0.0000,PATROL,0
163.518,0.0342,0.0000,PATROL,0
163.552,0.0340,0.1000,PATROL,0
163.586,0.0339,0.0000,PATROL,0
163.620,0.0340,0.0000,PATROL,0
163.654,0.0341,0.1000,PATROL,0
163.688,0.0341,0.0000,PATROL,0
163.722,0.0340,0.0000,PATROL,0
163.756,0.0339,0.1000,PATROL,0
163.790,0.0340,0.0000,PATROL,0
163.824,0.0339,0.0000,PATROL,0
163.858,0.0341,0.1000,PATROL,0
163.892,0.0340,0.0000,PATROL,0
163.926,0.0340,0.0000,PATROL,0
163.961,0.0342,0.1000,PATROL,0
163.995,0.0344,0.0000,PATROL,0
164.029,0.0336,0.0000,PATROL,0
164.063,0.0342,0.1000,PATROL,0
164.097,0.0337,0.0000,PATROL,0
164.131,0.0340,0.0000,PATROL,0
164.165,0.0339,0.1000,PATROL,0
164.199,0.0341,0.0000,PATROL,0
164.233,0.0341,0.0000,PATROL,0
164.267,0.0339,0.1000,PATROL,0
164.301,0.0341,0.0000,PATROL,0
164.335,0.0341,0.0000,PATROL,0
164.369,0.0339,0.1000,PATROL,0
164.403,0.0340,0.0000,PATROL,0
164.437,0.0339,0.0000,PATROL,0
164.471,0.0340,0.1000,PATROL,0
164.505,0.0340,0.0000,PATROL,0
164.539,0.0341,0.0000,PATROL,0
164.573,0.0340,0.1000,PATROL,0
164.607,0.0339,0.0000,PATROL,0
164.641,0.0341,0.0000,PATROL,0
164.675,0.0342,0.1000,PATROL,0
164.709,0.0337,0.0000,PATROL,0
164.743,0.0342,0.0000,PATROL,0
164.777,0.0340,0.1000,PATROL,0
164.811,0.0338,0.0000,PATROL,0
164.845,0.0344,0.1000,PATROL,0
164.879,0.0338,0.0000,PATROL,0
164.913,0.0339,0.0000,PATROL,0
164.947,0.0341,0.1000,PATROL,0
164.981,0.0344,0.0000,PATROL,0
165.015,0.0337,0.0000,PATROL,0
165.049,0.0339,0.1000,PATROL,0
165.083,0.0342,0.0000,PATROL,0
165.117,0.0339,0.0000,PATROL,0
165.151,0.0341,0.1000,PATROL,0
165.185,0.0338,0.0000,PATROL,0
165.219,0.0340,0.0000,PATROL,0
165.253,0.0341,0.1000,PATROL,0
165.287,0.0339,0.0000,PATROL,0
165.321,0.0341,0.0000,PATROL,0
165.355,0.0340,0.1000,PATROL,0
165.389,0.0341,0.0000,PATROL,0
165.423,0.0343,0.0000,PATROL,0
165.457,0.0339,0.1000,PATROL,0
165.491,0.0340,0.0000,PATROL,0
165.525,0.0339,0.0000,PATROL,0
165.559,0.0341,0.1000,PATROL,0
165.593,0.0339,0.0000,PATROL,0
165.627,0.0340,0.0000,PATROL,0
165.662,0.0343,0.1000,PATROL,0
165.696,0.0344,0.0000,PATROL,0
165.730,0.0338,0.0000,PATROL,0
165.764,0.0340,0.1000,PATROL,0
165.798,0.0340,0.0000,PATROL,0
165.832,0.0339,0.0000,PATROL,0
165.866,0.0339,0.1000,PATROL,0
165.899,0.0340,0.0000,PATROL,0
165.934,0.0343,0.0000,PATROL,0
165.968,0.0337,0.1000,PATROL,0
166.002,0.0341,0.0000,PATROL,0
166.036,0.0339,0.0000,PATROL,0
166.070,0.0342,0.1000,PATROL,0
166.104,0.0340,0.0000,PATROL,0
166.138,0.0340,0.0000,PATROL,0
166.172,0.0338,0.1000,PATROL,0
166.207,0.0351,0.0000,PATROL,0
166.240,0.0330,0.0000,PATROL,0
166.274,0.0340,0.1000,PATROL,0
166.307,0.0337,0.0000,PATROL,0
166.342,0.0342,0.0000,PATROL,0
166.376,0.0342,0.1000,PATROL,0
166.409,0.0336,0.0000,PATROL,0
166.444,0.0343,0.0000,PATROL,0
166.478,0.0337,0.1000,PATROL,0
166.511,0.0340,0.0000,PATROL,0
166.546,0.0344,0.0000,PATROL,0
166.580,0.0340,0.1000,PATROL,0
166.614,0.0337,0.0000,PATROL,0
166.648,0.0339,0.1000,PATROL,0
166.682,0.0347,0.0000,PATROL,0
166.716,0.0335,0.0000,PATROL,0
166.750,0.0340,0.1000,PATROL,0
166.784,0.0342,0.0000,PATROL,0
166.818,0.0337,0.0000,PATROL,0
166.852,0.0338,0.1000,PATROL,0
166.886,0.0340,0.0000,PATROL,0
166.920,0.0340,0.0000,PATROL,0
166.954,0.0341,0.1000,PATROL,0
166.988,0.0339,0.0000,PATROL,0
167.022,0.0341,0.0000,PATROL,0
167.056,0.0341,0.1000,PATROL,0
167.090,0.0342,0.0000,PATROL,0
167.124,0.0341,0.0000,PATROL,0
167.158,0.0339,0.1000,PATROL,0
167.192,0.0342,0.0000,PATROL,0
167.226,0.0340,0.0000,PATROL,0
167.260,0.0342,0.1000,PATROL,0
167.295,0.0341,0.0000,PATROL,0
167.329,0.0342,0.0000,PATROL,0
167.362,0.0338,0.1000,PATROL,0
167.397,0.0341,0.0000,PATROL,0
167.430,0.0339,0.0000,PATROL,0
167.465,0.0341,0.1000,PATROL,0
167.498,0.0340,0.0000,PATROL,0
167.532,0.0340,0.0000,PATROL,0
167.566,0.0339,0.1000,PATROL,0
167.601,0.0342,0.0000,PATROL,0
167.634,0.0339,0.0000,PATROL,0
167.668,0.0339,0.1000,PATROL,0
167.703,0.0343,0.0000,PATROL,0
167.737,0.0340,0.0000,PATROL,0
167.771,0.0340,0.1000,PATROL,0
167.805,0.0343,0.0000,PATROL,0
167.839,0.0340,0.0000,PATROL,0
167.873,0.0338,0.1000,PATROL,0
167.907,0.0342,0.0000,PATROL,0
167.941,0.0338,0.0000,PATROL,0
167.975,0.0342,0.1000,PATROL,0
168.008,0.0337,0.0000,PATROL,0
168.043,0.0341,0.0000,PATROL,0
168.078,0.0353,0.1000,PATROL,0
168.111,0.0331,0.0000,PATROL,0
168.145,0.0342,0.0000,PATROL,0
168.179,0.0342,0.1000,PATROL,0
168.213,0.0338,0.0000,PATROL,0
168.247,0.0341,0.1000,PATROL,0
168.281,0.0343,0.0000,PATROL,0
168.315,0.0338,0.0000,PATROL,0
168.349,0.0339,0.1000,PATROL,0
168.384,0.0347,0.0000,PATROL,0
168.417,0.0333,0.0000,PATROL,0
168.451,0.0340,0.1000,PATROL,0
168.485,0.0342,0.0000,PATROL,0
168.519,0.0339,0.0000,PATROL,0
168.553,0.0340,0.1000,PATROL,0
168.587,0.0340,0.0000,PATROL,0
168.621,0.0342,0.0000,PATROL,0
168.655,0.0341,0.1000,PATROL,0
168.689,0.0338,0.0000,PATROL,0
168.724,0.0344,0.0000,PATROL,0
168.758,0.0339,0.1000,PATROL,0
168.792,0.0340,0.0000,PATROL,0
168.826,0.0342,0.0000,PATROL,0
168.859,0.0337,0.1000,PATROL,0
168.894,0.0341,0.0000,PATROL,0
168.928,0.0343,0.0000,PATROL,0
168.961,0.0337,0.1000,PATROL,0
168.996,0.0342,0.0000,PATROL,0
169.029,0.0338,0.0000,PATROL,0
169.064,0.0343,0.1000,PATROL,0
169.098,0.0337,0.0000,PATROL,0
169.132,0.0341,0.0000,PATROL,0
169.166,0.0343,0.1000,PATROL,0
169.200,0.0338,0.0000,PATROL,0
169.234,0.0340,0.0000,PATROL,0
169.268,0.0339,0.1000,PATROL,0
169.302,0.0345,0.0000,PATROL,0
169.336,0.0337,0.0000,PATROL,0
169.370,0.0338,0.1000,PATROL,0
169.404,0.0342,0.0000,PATROL,0
169.438,0.0339,0.0000,PATROL,0
169.472,0.0340,0.1000,PATROL,0
169.506,0.0344,0.0000,PATROL,0
169.540,0.0338,0.0000,PATROL,0
169.574,0.0340,0.1000,PATROL,0
169.608,0.0338,0.0000,PATROL,0
169.642,0.0341,0.0000,PATROL,0
169.676,0.0340,0.1000,PATROL,0
169.710,0.0340,0.0000,PATROL,0
169.744,0.0344,0.0000,PATROL,0
169.778,0.0337,0.1000,PATROL,0
169.812,0.0341,0.0000,PATROL,0
169.846,0.0340,0.0000,PATROL,0
169.880,0.0340,0.1000,PATROL,0
169.914,0.0339,0.0000,PATROL,0
169.948,0.0343,0.1000,PATROL,0
169.982,0.0341,0.0000,PATROL,0
170.016,0.0338,0.0000,PATROL,0
170.050,0.0339,0.1000,PATROL,0
170.084,0.0342,0.0000,PATROL,0
170.118,0.0341,0.0000,PATROL,0
170.152,0.0338,0.1000,PATROL,0
170.186,0.0341,0.0000,PATROL,0
170.220,0.0340,0.0000,PATROL,0
170.255,0.0345,0.1000,PATROL,0
170.288,0.0333,0.0000,PATROL,0
170.322,0.0341,0.0000,PATROL,0
170.356,0.0341,0.1000,PATROL,0
170.390,0.0338,0.0000,PATROL,0
170.424,0.0342,0.0000,PATROL,0
170.458,0.0340,0.1000,PATROL,0
170.492,0.0341,0.0000,PATROL,0
170.527,0.0343,0.0000,PATROL,0
170.560,0.0336,0.1000,PATROL,0
170.594,0.0342,0.0000,PATROL,0
170.628,0.0337,0.0000,PATROL,0
170.662,0.0342,0.1000,PATROL,0
170.696,0.0341,0.0000,PATROL,0
170.730,0.0339,0.0000,PATROL,0
170.764,0.0340,0.1000,PATROL,0
170.798,0.0341,0.0000,PATROL,0
170.832,0.0340,0.0000,PATROL,0
170.867,0.0342,0.1000,PATROL,0
170.901,0.0338,0.0000,PATROL,0
170.935,0.0341,0.0000,PATROL,0
170.968,0.0338,0.1000,PATROL,0
171.003,0.0342,0.0000,PATROL,0
171.037,0.0341,0.0000,PATROL,0
171.071,0.0339,0.1000,PATROL,0
171.105,0.0341,0.0000,PATROL,0
171.139,0.0339,0.0000,PATROL,0
171.173,0.0340,0.1000,PATROL,0
171.207,0.0341,0.0000,PATROL,0
171.241,0.0340,0.0000,PATROL,0
171.275,0.0340,0.1000,PATROL,0
171.308,0.0339,0.0000,PATROL,0
171.343,0.0342,0.0000,PATROL,0
171.377,0.0341,0.1000,PATROL,0
171.411,0.0338,0.0000,PATROL,0
171.445,0.0341,0.0000,PATROL,0
171.479,0.0340,0.1000,PATROL,0
171.513,0.0340,0.0000,PATROL,0
171.548,0.0352,0.0000,PATROL,0
171.581,0.0329,0.1000,PATROL,0
171.615,0.0342,0.0000,PATROL,0
171.649,0.0344,0.1000,PATROL,0
171.683,0.0334,0.0000,PATROL,0
171.717,0.0340,0.0000,PATROL,0
171.751,0.0339,0.1000,PATROL,0
171.785,0.0342,0.0000,PATROL,0
171.819,0.0340,0.0000,PATROL,0
171.853,0.0340,0.1000,PATROL,0
171.887,0.0342,0.0000,PATROL,0
171.921,0.0339,0.0000,PATROL,0
171.955,0.0339,0.1000,PATROL,0
171.989,0.0340,0.0000,PATROL,0
172.023,0.0343,0.0000,PATROL,0
172.057,0.0340,0.1000,PATROL,0
172.091,0.0338,0.0000,PATROL,0
172.125,0.0341,0.0000,PATROL,0
172.159,0.0341,0.1000,PATROL,0
172.193,0.0341,0.0000,PATROL,0
172.228,0.0349,0.0000,PATROL,0
172.261,0.0331,0.1000,PATROL,0
172.295,0.0339,0.0000,PATROL,0
172.329,0.0339,0.0000,PATROL,0
172.363,0.0342,0.1000,PATROL,0
172.397,0.0340,0.0000,PATROL,0
172.431,0.0339,0.0000,PATROL,0
172.465,0.0340,0.1000,PATROL,0
172.499,0.0340,0.0000,PATROL,0
172.533,0.0340,0.0000,PATROL,0
172.567,0.0341,0.1000,PATROL,0
172.601,0.0340,0.0000,PATROL,0
172.635,0.0341,0.0000,PATROL,0
172.669,0.0339,0.1000,PATROL,0
172.703,0.0342,0.0000,PATROL,0
172.737,0.0339,0.0000,PATROL,0
172.771,0.0340,0.1000,PATROL,0
172.805,0.0340,0.0000,PATROL,0
172.840,0.0342,0.0000,PATROL,0
172.874,0.0340,0.1000,PATROL,0
172.907,0.0338,0.0000,PATROL,0
172.941,0.0342,0.0000,PATROL,0
172.976,0.0341,0.1000,PATROL,0
173.009,0.0337,0.0000,PATROL,0
173.044,0.0343,0.0000,PATROL,0
173.078,0.0339,0.1000,PATROL,0
173.111,0.0338,0.0000,PATROL,0
173.146,0.0343,0.0000,PATROL,0
173.179,0.0339,0.1000,PATROL,0
173.213,0.0339,0.0000,PATROL,0
173.248,0.0342,0.0000,PATROL,0
173.282,0.0340,0.1000,PATROL,0
173.316,0.0342,0.0000,PATROL,0
173.350,0.0338,0.1000,PATROL,0
173.384,0.0342,0.0000,PATROL,0
173.418,0.0338,0.0000,PATROL,0
173.451,0.0338,0.1000,PATROL,0
173.486,0.0342,0.0000,PATROL,0
173.520,0.0339,0.0000,PATROL,0
173.554,0.0339,0.1000,PATROL,0
173.588,0.0341,0.0000,PATROL,0
173.621,0.0338,0.0000,PATROL,0
173.656,0.0343,0.1000,PATROL,0
173.689,0.0337,0.0000,PATROL,0
173.724,0.0340,0.0000,ALIGN,0
173.758,0.0342,0.1000,ALIGN,0
173.792,0.0339,0.0000,ALIGN,0
173.826,0.0340,0.0000,ALIGN,0
173.860,0.0341,0.1000,ALIGN,0
173.894,0.0343,0.0000,ALIGN,0
173.928,0.0340,0.0000,ALIGN,0
173.962,0.0338,0.1000,ALIGN,0
173.996,0.0342,0.0000,ALIGN,0
174.030,0.0337,0.0000,ALIGN,0
174.064,0.0341,0.1000,ALIGN,0
174.098,0.0340,0.0000,ALIGN,0
174.131,0.0338,0.0000,ALIGN,0
174.166,0.0341,0.1000,ALIGN,0
174.202,0.0363,0.0000,ALIGN,0
174.234,0.0320,0.0000,ALIGN,0
174.268,0.0344,0.1000,ALIGN,0
174.302,0.0338,0.0000,ALIGN,0
174.336,0.0340,0.0000,ALIGN,0
174.370,0.0340,0.1000,ALIGN,0
174.404,0.0341,0.0000,ALIGN,0
174.438,0.0340,0.0000,ALIGN,0
174.472,0.0340,0.1000,ALIGN,0
174.507,0.0344,0.0000,ALIGN,0
174.540,0.0338,0.0000,ALIGN,0
174.575,0.0342,0.1000,ALIGN,0
174.608,0.0338,0.0000,ALIGN,0
174.642,0.0341,0.0000,ALIGN,0
174.676,0.0339,0.1000,ALIGN,0
174.710,0.0338,0.0000,ALIGN,0
174.745,0.0344,0.0000,ALIGN,0
174.778,0.0338,0.1000,ALIGN,0
174.812,0.0339,0.0000,ALIGN,0
174.847,0.0348,0.0000,ALIGN,0
174.880,0.0332,0.1000,ALIGN,0
174.915,0.0345,0.0000,ALIGN,0
174.949,0.0340,0.0000,ALIGN,0
174.983,0.0338,0.1000,ALIGN,0
175.017,0.0341,0.0000,ALIGN,0
175.051,0.0341,0.1000,ALIGN,0
175.085,0.0338,0.0000,ALIGN,0
175.119,0.0340,0.0000,ALIGN,0
175.152,0.0340,0.1000,ALIGN,0
175.187,0.0341,0.0000,ALIGN,0
175.221,0.0340,0.0000,APPROACH,0
175.255,0.0341,0.1000,APPROACH,0
175.289,0.0342,0.0000,APPROACH,0
175.323,0.0338,0.0000,APPROACH,0
175.357,0.0342,0.1000,APPROACH,0
175.391,0.0339,0.0000,APPROACH,0
175.425,0.0342,0.0000,APPROACH,0
175.459,0.0339,0.1000,APPROACH,0
175.493,0.0339,0.0000,APPROACH,0
175.527,0.0341,0.0000,APPROACH,0
175.561,0.0341,0.1000,APPROACH,0
175.595,0.0339,0.0000,APPROACH,0
175.629,0.0342,0.0000,APPROACH,0
175.663,0.0342,0.1000,APPROACH,0
175.697,0.0338,0.0000,APPROACH,0
175.731,0.0340,0.0000,APPROACH,0
175.765,0.0340,0.1000,APPROACH,0
175.799,0.0341,0.0000,APPROACH,0
175.833,0.0340,0.0000,APPROACH,0
175.867,0.0341,0.1000,APPROACH,0
175.901,0.0339,0.0000,APPROACH,0
175.935,0.0339,0.0000,APPROACH,0
175.969,0.0341,0.1000,APPROACH,0
176.003,0.0341,0.0000,APPROACH,0
176.037,0.0339,0.0000,APPROACH,0
176.071,0.0339,0.1000,APPROACH,0
176.105,0.0344,0.0000,APPROACH,0
176.139,0.0338,0.0000,APPROACH,0
176.173,0.0339,0.1000,APPROACH,0
176.207,0.0340,0.0000,APPROACH,0
176.241,0.0340,0.0000,APPROACH,0
176.275,0.0340,0.1000,APPROACH,0
176.309,0.0340,0.0000,APPROACH,0
176.343,0.0341,0.0000,APPROACH,0
176.378,0.0343,0.1000,APPROACH,0
176.411,0.0337,0.0000,APPROACH,0
176.446,0.0352,0.0000,APPROACH,0
176.479,0.0329,0.1000,APPROACH,0
176.513,0.0339,0.0000,APPROACH,0
176.547,0.0342,0.0000,APPROACH,0
176.581,0.0340,0.1000,APPROACH,0
176.615,0.0339,0.0000,APPROACH,0
176.650,0.0341,0.0000,APPROACH,0
176.683,0.0340,0.1000,APPROACH,0
176.717,0.0339,0.0000,APPROACH,0
176.752,0.0345,0.1000,APPROACH,0
176.785,0.0336,0.0000,APPROACH,0
176.819,0.0340,0.0000,APPROACH,0
176.853,0.0339,0.1000,APPROACH,0
176.888,0.0342,0.0000,APPROACH,0
176.922,0.0343,0.0000,APPROACH,0
176.955,0.0337,0.1000,APPROACH,0
176.990,0.0343,0.0000,APPROACH,0
177.024,0.0339,0.0000,APPROACH,0
177.058,0.0340,0.1000,APPROACH,0
177.092,0.0338,0.0000,APPROACH,0
177.126,0.0341,0.0000,APPROACH,0
177.160,0.0340,0.1000,APPROACH,0
177.194,0.0340,0.0000,APPROACH,0
177.228,0.0341,0.0000,APPROACH,0
177.262,0.0340,0.1000,APPROACH,0
177.296,0.0342,0.0000,APPROACH,0
177.330,0.0339,0.0000,APPROACH,0
177.365,0.0349,0.1000,APPROACH,0
177.398,0.0334,0.0000,APPROACH,0
177.432,0.0339,0.0000,APPROACH,0
177.466,0.0341,0.1000,APPROACH,0
177.500,0.0338,0.0000,APPROACH,0
177.534,0.0342,0.0000,APPROACH,0
177.568,0.0340,0.1000,APPROACH,0
177.602,0.0338,0.0000,APPROACH,0
177.636,0.0341,0.0000,APPROACH,0
177.670,0.0342,0.1000,APPROACH,0
177.704,0.0338,0.0000,APPROACH,0
177.738,0.0340,0.0000,APPROACH,0
177.772,0.0339,0.1000,APPROACH,0
177.806,0.0343,0.0000,APPROACH,0
177.840,0.0338,0.0000,APPROACH,0
177.874,0.0339,0.1000,APPROACH,0
177.908,0.0340,0.0000,APPROACH,0
177.942,0.0343,0.0000,APPROACH,0
177.976,0.0338,0.1000,APPROACH,0
178.010,0.0341,0.0000,APPROACH,0
178.044,0.0341,0.0000,APPROACH,0
178.078,0.0341,0.1000,APPROACH,0
178.112,0.0337,0.0000,APPROACH,0
178.146,0.0342,0.0000,APPROACH,0
178.180,0.0340,0.1000,APPROACH,0
178.214,0.0339,0.0000,APPROACH,0
178.248,0.0343,0.0000,APPROACH,0
178.282,0.0338,0.1000,APPROACH,0
178.316,0.0339,0.0000,APPROACH,0
178.350,0.0343,0.0000,APPROACH,0
178.385,0.0340,0.1000,APPROACH,0
178.418,0.0339,0.0000,APPROACH,0
178.453,0.0343,0.1000,APPROACH,0
178.487,0.0338,0.0000,APPROACH,0
178.521,0.0342,0.0000,APPROACH,0
178.554,0.0336,0.1000,APPROACH,0
178.589,0.0343,0.0000,APPROACH,0
178.623,0.0343,0.0000,APPROACH,0
178.657,0.0337,0.1000,APPROACH,0
178.691,0.0340,0.0000,APPROACH,0
178.725,0.0340,0.0000,APPROACH,0
178.758,0.0339,0.1000,APPROACH,0
178.792,0.0340,0.0000,APPROACH,0
178.827,0.0342,0.0000,APPROACH,0
178.861,0.0339,0.1000,APPROACH,0
178.895,0.0342,0.0000,APPROACH,0
178.929,0.0339,0.0000,APPROACH,0
178.963,0.0340,0.1000,APPROACH,0
178.997,0.0340,0.0000,APPROACH,0
179.031,0.0341,0.0000,APPROACH,0
179.065,0.0341,0.1000,APPROACH,0
179.099,0.0340,0.0000,APPROACH,0
179.132,0.0337,0.0000,APPROACH,0
179.167,0.0342,0.1000,APPROACH,0
179.201,0.0340,0.0000,APPROACH,0
179.235,0.0339,0.0000,APPROACH,0
179.269,0.0340,0.1000,APPROACH,0
179.303,0.0340,0.0000,APPROACH,0
179.337,0.0340,0.0000,APPROACH,0
179.371,0.0340,0.1000,APPROACH,0
179.405,0.0340,0.0000,APPROACH,0
179.439,0.0341,0.0000,APPROACH,0
179.472,0.0338,0.1000,APPROACH,0
179.507,0.0341,0.0000,APPROACH,0
179.541,0.0340,0.0000,APPROACH,0
179.575,0.0340,0.1000,APPROACH,0
179.608,0.0339,0.0000,APPROACH,0
179.643,0.0342,0.0000,APPROACH,0
179.677,0.0339,0.1000,APPROACH,0
179.711,0.0341,0.0000,APPROACH,0
179.745,0.0343,0.0000,APPROACH,0
179.779,0.0341,0.1000,APPROACH,0
179.813,0.0338,0.0000,APPROACH,0
179.847,0.0345,0.0000,APPROACH,0
179.881,0.0337,0.1000,APPROACH,0
179.915,0.0340,0.0000,APPROACH,0
179.949,0.0344,0.0000,APPROACH,0
179.983,0.0340,0.1000,APPROACH,0
180.017,0.0337,0.0000,APPROACH,0
180.051,0.0341,0.0000,APPROACH,0
180.085,0.0341,0.1000,APPROACH,0
180.119,0.0338,0.0000,APPROACH,0
180.154,0.0345,0.1000,APPROACH,0
180.187,0.0338,0.0000,APPROACH,0
180.221,0.0339,0.0000,APPROACH,0
180.255,0.0340,0.1000,APPROACH,0
180.290,0.0342,0.0000,APPROACH,0
180.324,0.0341,0.0000,APPROACH,0
180.357,0.0338,0.1000,APPROACH,0
180.391,0.0340,0.0000,APPROACH,0
180.426,0.0341,0.0000,APPROACH,0
180.460,0.0343,0.1000,APPROACH,0
180.493,0.0335,0.0000,APPROACH,0
180.528,0.0342,0.0000,APPROACH,0
180.561,0.0339,0.1000,APPROACH,0
180.595,0.0340,0.0000,APPROACH,0
180.630,0.0341,0.0000,APPROACH,0
180.664,0.0339,0.1000,APPROACH,0
180.698,0.0339,0.0000,APPROACH,0
180.732,0.0340,0.0000,APPROACH,0
180.766,0.0340,0.1000,APPROACH,0
180.800,0.0340,0.0000,APPROACH,0
180.834,0.0340,0.0000,APPROACH,0
180.868,0.0341,0.1000,APPROACH,0
180.902,0.0340,0.0000,APPROACH,0
180.936,0.0340,0.0000,APPROACH,0
180.970,0.0341,0.1000,APPROACH,0
181.004,0.0339,0.0000,APPROACH,0
181.038,0.0340,0.0000,APPROACH,0
181.072,0.0341,0.1000,APPROACH,0
181.106,0.0342,0.0000,APPROACH,0
181.140,0.0338,0.0000,APPROACH,0
181.174,0.0340,0.1000,APPROACH,0
181.208,0.0340,0.0000,APPROACH,0
181.242,0.0342,0.0000,APPROACH,0
181.276,0.0338,0.1000,APPROACH,0
181.310,0.0340,0.0000,APPROACH,0
181.344,0.0341,0.0000,APPROACH,0
181.378,0.0341,0.1000,APPROACH,0
181.412,0.0339,0.0000,APPROACH,0
181.446,0.0341,0.0000,APPROACH,0
181.480,0.0340,0.1000,APPROACH,0
181.514,0.0340,0.0000,APPROACH,0
181.548,0.0343,0.0000,APPROACH,0
181.582,0.0339,0.1000,APPROACH,0
181.616,0.0338,0.0000,APPROACH,0
181.650,0.0343,0.0000,APPROACH,0
181.684,0.0340,0.1000,APPROACH,0
181.718,0.0340,0.0000,APPROACH,0
181.752,0.0342,0.0000,APPROACH,0
181.786,0.0338,0.1000,APPROACH,0
181.820,0.0340,0.0000,APPROACH,0
181.855,0.0349,0.1000,APPROACH,0
181.888,0.0332,0.0000,APPROACH,0
181.922,0.0340,0.0000,APPROACH,0
181.956,0.0339,0.1000,APPROACH,0
181.990,0.0342,0.0000,APPROACH,0
182.024,0.0340,0.0000,APPROACH,0
182.059,0.0341,0.1000,APPROACH,0
182.092,0.0339,0.0000,APPROACH,0
182.127,0.0341,0.0000,APPROACH,0
182.161,0.0339,0.1000,APPROACH,0
182.194,0.0340,0.0000,APPROACH,0
182.229,0.0347,0.0000,APPROACH,0
182.262,0.0333,0.1000,APPROACH,0
182.296,0.0340,0.0000,APPROACH,0
182.331,0.0341,0.0000,APPROACH,0
182.365,0.0340,0.1000,APPROACH,0
182.399,0.0342,0.0000,APPROACH,0
182.433,0.0340,0.0000,APPROACH,0
182.466,0.0338,0.1000,APPROACH,0
182.501,0.0341,0.0000,APPROACH,0
182.535,0.0340,0.0000,APPROACH,0
182.569,0.0343,0.1000,APPROACH,0
182.603,0.0339,0.0000,APPROACH,0
182.637,0.0340,0.0000,APPROACH,0
182.671,0.0341,0.1000,APPROACH,0
182.705,0.0338,0.0000,APPROACH,0
182.739,0.0341,0.0000,APPROACH,0
182.773,0.0340,0.1000,APPROACH,0
182.807,0.0342,0.0000,APPROACH,0
182.841,0.0340,0.0000,APPROACH,0
182.875,0.0339,0.1000,APPROACH,0
182.909,0.0339,0.0000,APPROACH,0
182.943,0.0342,0.0000,APPROACH,0
182.977,0.0339,0.1000,APPROACH,0
183.011,0.0340,0.0000,APPROACH,0
183.045,0.0341,0.0000,APPROACH,0
183.079,0.0340,0.1000,APPROACH,0
183.113,0.0341,0.0000,APPROACH,0
183.147,0.0340,0.0000,APPROACH,0
183.181,0.0339,0.1000,APPROACH,0
183.215,0.0340,0.0000,APPROACH,0
183.249,0.0343,0.0000,APPROACH,0
183.283,0.0338,0.1000,APPROACH,0
183.317,0.0339,0.0000,APPROACH,0
183.351,0.0342,0.0000,APPROACH,0
183.385,0.0339,0.1000,APPROACH,0
183.419,0.0338,0.0000,APPROACH,0
183.453,0.0341,0.0000,APPROACH,0
183.488,0.0347,0.1000,APPROACH,0
183.521,0.0333,0.0000,APPROACH,0
183.555,0.0342,0.1000,APPROACH,0
183.589,0.0339,0.0000,APPROACH,0
183.624,0.0344,0.0000,APPROACH,0
183.657,0.0336,0.1000,APPROACH,0
183.691,0.0341,0.0000,APPROACH,0
183.725,0.0340,0.0000,APPROACH,0
183.759,0.0339,0.1000,APPROACH,0
183.793,0.0343,0.0000,APPROACH,0
183.827,0.0338,0.0000,APPROACH,0
183.861,0.0341,0.1000,APPROACH,0
183.895,0.0338,0.0000,APPROACH,0
183.929,0.0341,0.0000,APPROACH,0
183.963,0.0340,0.1000,APPROACH,0
183.997,0.0341,0.0000,APPROACH,0
184.031,0.0340,0.0000,APPROACH,0
184.065,0.0340,0.1000,APPROACH,0
184.099,0.0340,0.0000,APPROACH,0
184.133,0.0339,0.0000,APPROACH,0
184.167,0.0341,0.1000,APPROACH,0
184.201,0.0341,0.0000,APPROACH,0
184.235,0.0338,0.0000,APPROACH,0
184.269,0.0342,0.1000,APPROACH,0
184.303,0.0340,0.0000,APPROACH,0
184.338,0.0341,0.0000,APPROACH,0
184.371,0.0339,0.1000,APPROACH,0
184.406,0.0345,0.0000,APPROACH,0
184.439,0.0335,0.0000,APPROACH,0
184.474,0.0342,0.1000,APPROACH,0
184.507,0.0337,0.0000,APPROACH,0
184.542,0.0347,0.0000,APPROACH,0
184.576,0.0338,0.1000,APPROACH,0
184.610,0.0338,0.0000,APPROACH,0
184.644,0.0341,0.0000,APPROACH,0
184.678,0.0339,0.1000,APPROACH,0
184.712,0.0340,0.0000,APPROACH,0
184.746,0.0339,0.0000,APPROACH,0
184.780,0.0340,0.1000,APPROACH,0
184.814,0.0347,0.0000,APPROACH,0
184.848,0.0337,0.0000,APPROACH,0
184.882,0.0337,0.1000,APPROACH,0
184.916,0.0339,0.0000,APPROACH,0
184.950,0.0343,0.0000,APPROACH,0
184.984,0.0339,0.1000,APPROACH,0
185.018,0.0339,0.0000,APPROACH,0
185.052,0.0341,0.0000,APPROACH,0
185.086,0.0340,0.1000,APPROACH,0
185.120,0.0339,0.0000,APPROACH,0
185.154,0.0342,0.0000,APPROACH,0
185.188,0.0341,0.1000,APPROACH,0
185.222,0.0339,0.0000,APPROACH,0
185.256,0.0342,0.1000,APPROACH,0
185.291,0.0346,0.0000,APPROACH,0
185.324,0.0332,0.0000,APPROACH,0
185.358,0.0341,0.1000,APPROACH,0
185.392,0.0340,0.0000,APPROACH,0
185.426,0.0340,0.0000,APPROACH,0
185.460,0.0342,0.1000,APPROACH,0
185.494,0.0339,0.0000,APPROACH,0
185.528,0.0341,0.0000,APPROACH,0
185.562,0.0339,0.1000,APPROACH,0
185.596,0.0341,0.0000,APPROACH,0
185.630,0.0341,0.0000,APPROACH,0
185.664,0.0339,0.1000,APPROACH,0
185.698,0.0339,0.0000,APPROACH,0
185.732,0.0340,0.0000,APPROACH,0
185.766,0.0340,0.1000,APPROACH,0
185.800,0.0339,0.0000,APPROACH,0
185.834,0.0341,0.0000,APPROACH,0
185.868,0.0340,0.1000,APPROACH,0
185.902,0.0341,0.0000,APPROACH,0
185.936,0.0339,0.0000,APPROACH,0
185.970,0.0341,0.1000,APPROACH,0
186.004,0.0340,0.0000,APPROACH,0
186.038,0.0339,0.0000,PATROL,0
186.072,0.0342,0.1000,PATROL,0
186.107,0.0344,0.0000,PATROL,0
186.140,0.0337,0.0000,PATROL,0
186.174,0.0341,0.1000,PATROL,0
186.208,0.0339,0.0000,PATROL,0
186.243,0.0342,0.0000,PATROL,0
186.276,0.0339,0.1000,PATROL,0
186.310,0.0340,0.0000,PATROL,0
186.345,0.0341,0.0000,PATROL,0
186.378,0.0339,0.1000,PATROL,0
186.412,0.0341,0.0000,PATROL,0
186.447,0.0342,0.0000,PATROL,0
186.481,0.0338,0.1000,PATROL,0
186.515,0.0340,0.0000,PATROL,0
186.549,0.0341,0.0000,PATROL,0
186.583,0.0339,0.1000,PATROL,0
186.616,0.0340,0.0000,PATROL,0
186.651,0.0344,0.0000,PATROL,0
186.685,0.0337,0.1000,PATROL,0
186.719,0.0340,0.0000,PATROL,0
186.753,0.0340,0.0000,PATROL,0
186.787,0.0340,0.1000,PATROL,0
186.821,0.0340,0.0000,PATROL,0
186.855,0.0340,0.0000,PATROL,0
186.889,0.0340,0.1000,PATROL,0
186.922,0.0338,0.0000,PATROL,0
186.957,0.0344,0.1000,PATROL,0
186.991,0.0341,0.0000,PATROL,0
187.025,0.0338,0.0000,PATROL,0
187.059,0.0340,0.1000,PATROL,0
187.093,0.0343,0.0000,PATROL,0
187.127,0.0339,0.0000,PATROL,0
187.161,0.0339,0.1000,PATROL,0
187.195,0.0342,0.0000,PATROL,0
187.229,0.0339,0.0000,PATROL,0
187.263,0.0341,0.1000,PATROL,0
187.297,0.0339,0.0000,PATROL,0
187.331,0.0341,0.0000,PATROL,0
187.365,0.0339,0.1000,PATROL,0
187.399,0.0340,0.0000,PATROL,0
187.433,0.0341,0.0000,PATROL,0
187.467,0.0341,0.1000,PATROL,0
187.501,0.0339,0.0000,PATROL,0
187.535,0.0343,0.0000,PATROL,0
187.569,0.0339,0.1000,PATROL,0
187.603,0.0339,0.0000,PATROL,0
187.637,0.0340,0.0000,PATROL,0
187.671,0.0341,0.1000,PATROL,0
187.705,0.0341,0.0000,PATROL,0
187.739,0.0339,0.0000,PATROL,0
187.773,0.0341,0.1000,PATROL,0
187.807,0.0341,0.0000,PATROL,0
187.841,0.0339,0.0000,PATROL,0
187.875,0.0340,0.1000,PATROL,0
187.909,0.0339,0.0000,PATROL,0
187.943,0.0341,0.0000,PATROL,0
187.977,0.0340,0.1000,PATROL,0
188.011,0.0342,0.0000,PATROL,0
188.045,0.0340,0.0000,PATROL,0
188.079,0.0340,0.1000,PATROL,0
188.114,0.0341,0.0000,PATROL,0
188.148,0.0340,0.0000,PATROL,0
188.182,0.0340,0.1000,ALIGN,0
188.216,0.0346,0.0000,ALIGN,0
188.250,0.0334,0.0000,ALIGN,0
188.284,0.0339,0.1000,ALIGN,0
188.317,0.0339,0.0000,ALIGN,0
188.352,0.0343,0.0000,ALIGN,0
188.386,0.0339,0.1000,ALIGN,0
188.420,0.0340,0.0000,ALIGN,0
188.454,0.0346,0.0000,ALIGN,0
188.488,0.0337,0.1000,ALIGN,0
188.522,0.0341,0.0000,ALIGN,0
188.556,0.0342,0.0000,ALIGN,0
188.590,0.0336,0.1000,ALIGN,0
188.624,0.0341,0.0000,ALIGN,0
188.658,0.0342,0.1000,ALIGN,0
188.692,0.0343,0.0000,ALIGN,0
188.726,0.0337,0.0000,ALIGN,0
188.760,0.0336,0.1000,ALIGN,0
188.794,0.0345,0.0000,ALIGN,0
188.828,0.0342,0.0000,ALIGN,0
188.863,0.0342,0.1000,ALIGN,0
188.896,0.0338,0.0000,ALIGN,0
188.930,0.0340,0.0000,ALIGN,0
188.964,0.0338,0.1000,ALIGN,0
188.998,0.0338,0.0000,ALIGN,0
189.032,0.0342,0.0000,ALIGN,0
189.066,0.0339,0.1000,ALIGN,0
189.100,0.0340,0.0000,ALIGN,0
189.134,0.0340,0.0000,ALIGN,0
189.168,0.0341,0.1000,ALIGN,0
189.202,0.0340,0.0000,ALIGN,0
189.236,0.0340,0.0000,ALIGN,0
189.270,0.0341,0.1000,ALIGN,0
189.304,0.0339,0.0000,ALIGN,0
189.338,0.0341,0.0000,ALIGN,0
189.372,0.0340,0.1000,ALIGN,0
189.406,0.0339,0.0000,APPROACH,0
189.440,0.0340,0.0000,APPROACH,0
189.474,0.0342,0.1000,APPROACH,0
189.508,0.0338,0.0000,APPROACH,0
189.542,0.0340,0.0000,APPROACH,0
189.576,0.0342,0.1000,APPROACH,0
189.610,0.0338,0.0000,APPROACH,0
189.644,0.0341,0.0000,APPROACH,0
189.678,0.0340,0.1000,APPROACH,0
189.713,0.0343,0.0000,APPROACH,0
189.747,0.0341,0.0000,APPROACH,0
189.781,0.0342,0.1000,APPROACH,0
189.815,0.0338,0.0000,APPROACH,0
189.849,0.0340,0.0000,APPROACH,0
189.883,0.0340,0.1000,APPROACH,0
189.917,0.0341,0.0000,APPROACH,0
189.951,0.0341,0.0000,APPROACH,0
189.985,0.0338,0.1000,APPROACH,0
190.019,0.0339,0.0000,APPROACH,0
190.053,0.0342,0.0000,APPROACH,0
190.087,0.0339,0.1000,APPROACH,0
190.121,0.0340,0.0000,APPROACH,0
190.155,0.0341,0.0000,APPROACH,0
190.189,0.0340,0.1000,APPROACH,0
190.223,0.0340,0.0000,APPROACH,0
190.257,0.0343,0.0000,APPROACH,0
190.291,0.0337,0.1000,APPROACH,0
190.325,0.0342,0.0000,APPROACH,0
190.359,0.0342,0.0000,APPROACH,0
190.393,0.0340,0.1000,APPROACH,0
190.427,0.0342,0.0000,APPROACH,0
190.461,0.0335,0.1000,APPROACH,0
190.496,0.0349,0.0000,APPROACH,0
190.529,0.0332,0.0000,APPROACH,0
190.563,0.0340,0.1000,APPROACH,0
190.597,0.0341,0.0000,APPROACH,0
190.631,0.0341,0.0000,APPROACH,0
190.665,0.0339,0.1000,APPROACH,0
190.699,0.0340,0.0000,APPROACH,0
190.733,0.0342,0.0000,APPROACH,0
190.767,0.0339,0.1000,APPROACH,0
190.801,0.0340,0.0000,APPROACH,0
190.835,0.0341,0.0000,APPROACH,0
190.869,0.0339,0.1000,APPROACH,0
190.903,0.0341,0.0000,APPROACH,0
190.937,0.0341,0.0000,APPROACH,0
190.971,0.0339,0.1000,APPROACH,0
191.005,0.0340,0.0000,APPROACH,0
191.039,0.0340,0.0000,APPROACH,0
191.073,0.0340,0.1000,APPROACH,0
191.107,0.0340,0.0000,APPROACH,0
191.141,0.0341,0.0000,APPROACH,0
191.175,0.0341,0.1000,APPROACH,0
191.209,0.0341,0.0000,APPROACH,0
191.244,0.0341,0.0000,APPROACH,0
191.278,0.0343,0.1000,APPROACH,0
191.312,0.0342,0.0000,APPROACH,0
191.346,0.0336,0.0000,APPROACH,0
191.380,0.0339,0.1000,APPROACH,0
191.414,0.0342,0.0000,APPROACH,0
191.448,0.0340,0.0000,APPROACH,0
191.482,0.0339,0.1000,APPROACH,0
191.516,0.0341,0.0000,APPROACH,0
191.550,0.0340,0.0000,APPROACH,0
191.584,0.0340,0.1000,APPROACH,0
191.618,0.0341,0.0000,APPROACH,0
191.652,0.0338,0.0000,APPROACH,0
191.686,0.0341,0.1000,APPROACH,0
191.720,0.0339,0.0000,APPROACH,0
191.754,0.0342,0.0000,APPROACH,0
191.788,0.0338,0.1000,APPROACH,0
191.822,0.0340,0.0000,APPROACH,0
191.856,0.0341,0.0000,APPROACH,0
191.890,0.0340,0.1000,APPROACH,0
191.924,0.0340,0.0000,APPROACH,0
191.958,0.0344,0.0000,APPROACH,0
191.992,0.0338,0.1000,APPROACH,0
192.026,0.0340,0.0000,APPROACH,0
192.060,0.0342,0.1000,APPROACH,0
192.095,0.0345,0.0000,APPROACH,0
192.128,0.0336,0.0000,PATROL,0
192.162,0.0339,0.1000,PATROL,0
192.197,0.0350,0.0000,PATROL,0
192.230,0.0333,0.0000,PATROL,0
192.264,0.0338,0.1000,PATROL,0
192.298,0.0341,0.0000,PATROL,0
192.332,0.0341,0.0000,PATROL,0
192.366,0.0342,0.1000,PATROL,0
192.400,0.0337,0.0000,PATROL,0
192.434,0.0342,0.0000,PATROL,0
192.468,0.0341,0.1000,PATROL,0
192.502,0.0338,0.0000,PATROL,0
192.536,0.0341,0.0000,PATROL,0
192.570,0.0341,0.1000,PATROL,0
192.604,0.0338,0.0000,PATROL,0
192.639,0.0343,0.0000,PATROL,0
192.672,0.0338,0.1000,PATROL,0
192.707,0.0342,0.0000,PATROL,0
192.740,0.0337,0.0000,PATROL,0
192.774,0.0342,0.1000,PATROL,0
192.808,0.0338,0.0000,PATROL,0
192.842,0.0341,0.0000,PATROL,0
192.876,0.0340,0.1000,PATROL,0
192.911,0.0341,0.0000,PATROL,0
192.944,0.0339,0.0000,PATROL,0
192.979,0.0342,0.1000,PATROL,0
193.012,0.0338,0.0000,PATROL,0
193.047,0.0343,0.0000,PATROL,0
193.080,0.0338,0.1000,PATROL,0
193.115,0.0341,0.0000,PATROL,0
193.149,0.0340,0.0000,PATROL,0
193.183,0.0341,0.1000,PATROL,0
193.217,0.0340,0.0000,PATROL,0
193.251,0.0342,0.0000,PATROL,0
193.284,0.0337,0.1000,PATROL,0
193.319,0.0344,0.0000,PATROL,0
193.353,0.0338,0.0000,PATROL,0
193.387,0.0340,0.1000,PATROL,0
193.421,0.0340,0.0000,PATROL,0
193.456,0.0349,0.0000,PATROL,0
193.489,0.0331,0.1000,PATROL,0
193.523,0.0340,0.0000,PATROL,0
193.557,0.0342,0.0000,PATROL,0
193.591,0.0339,0.1000,PATROL,0
193.625,0.0339,0.0000,PATROL,0
193.659,0.0343,0.0000,PATROL,0
193.693,0.0339,0.1000,PATROL,0
193.727,0.0340,0.0000,PATROL,0
193.761,0.0341,0.1000,PATROL,0
193.795,0.0342,0.0000,PATROL,0
193.829,0.0340,0.0000,PATROL,0
193.863,0.0339,0.1000,PATROL,0
193.897,0.0340,0.0000,PATROL,0
193.931,0.0341,0.0000,PATROL,0
193.965,0.0340,0.1000,PATROL,0
193.999,0.0343,0.0000,PATROL,0
194.033,0.0340,0.0000,PATROL,0
194.067,0.0338,0.1000,PATROL,0
194.101,0.0341,0.0000,PATROL,0
194.135,0.0343,0.0000,PATROL,0
194.169,0.0340,0.1000,PATROL,0
194.203,0.0339,0.0000,PATROL,0
194.237,0.0341,0.0000,PATROL,0
194.272,0.0342,0.1000,PATROL,0
194.305,0.0338,0.0000,PATROL,0
194.339,0.0340,0.0000,PATROL,0
194.373,0.0340,0.1000,PATROL,0
194.407,0.0339,0.0000,PATROL,0
194.441,0.0341,0.0000,PATROL,0
194.476,0.0342,0.1000,PATROL,0
194.510,0.0341,0.0000,PATROL,0
194.544,0.0340,0.0000,PATROL,0
194.578,0.0339,0.1000,PATROL,0
194.611,0.0339,0.0000,PATROL,0
194.645,0.0339,0.0000,PATROL,0
194.679,0.0341,0.1000,PATROL,0
194.714,0.0342,0.0000,PATROL,0
194.748,0.0340,0.0000,PATROL,0
194.781,0.0338,0.1000,PATROL,0
194.816,0.0342,0.0000,PATROL,0
194.850,0.0339,0.0000,PATROL,0
194.884,0.0340,0.1000,PATROL,0
194.918,0.0341,0.0000,PATROL,0
194.952,0.0341,0.0000,PATROL,0
194.986,0.0338,0.1000,PATROL,0
195.020,0.0341,0.0000,PATROL,0
195.054,0.0340,0.0000,PATROL,0
195.088,0.0340,0.1000,PATROL,0
195.121,0.0339,0.0000,PATROL,0
195.156,0.0342,0.0000,PATROL,0
195.190,0.0340,0.1000,PATROL,0
195.224,0.0347,0.0000,PATROL,0
195.258,0.0334,0.0000,PATROL,0
195.292,0.0338,0.1000,PATROL,0
195.326,0.0340,0.0000,PATROL,0
195.360,0.0343,0.0000,PATROL,0
195.394,0.0337,0.1000,PATROL,0
195.428,0.0340,0.0000,PATROL,0
195.462,0.0342,0.0000,PATROL,0
195.496,0.0340,0.1000,PATROL,0
195.530,0.0342,0.0000,PATROL,0
195.564,0.0337,0.1000,PATROL,0
195.599,0.0355,0.0000,PATROL,0
195.633,0.0334,0.0000,PATROL,0
195.666,0.0339,0.1000,PATROL,0
195.700,0.0340,0.0000,PATROL,0
195.734,0.0340,0.0000,PATROL,0
195.768,0.0339,0.1000,PATROL,0
195.802,0.0339,0.0000,PATROL,0
195.836,0.0341,0.0000,PATROL,0
195.871,0.0351,0.1000,PATROL,0
195.904,0.0329,0.0000,PATROL,0
195.939,0.0343,0.0000,PATROL,0
195.972,0.0339,0.1000,PATROL,0
196.007,0.0342,0.0000,PATROL,0
196.041,0.0339,0.0000,PATROL,0
196.075,0.0341,0.1000,PATROL,0
196.108,0.0337,0.0000,PATROL,0
196.142,0.0340,0.0000,PATROL,0
196.177,0.0342,0.1000,PATROL,0
196.210,0.0339,0.0000,PATROL,0
196.245,0.0341,0.0000,PATROL,0
196.279,0.0342,0.1000,PATROL,0
196.313,0.0340,0.0000,PATROL,0
196.347,0.0340,0.0000,PATROL,0
196.381,0.0341,0.1000,PATROL,0
196.415,0.0341,0.0000,PATROL,0
196.449,0.0339,0.0000,PATROL,0
196.483,0.0340,0.1000,PATROL,0
196.517,0.0341,0.0000,PATROL,0
196.551,0.0341,0.0000,PATROL,0
196.585,0.0340,0.1000,PATROL,0
196.619,0.0340,0.0000,PATROL,0
196.653,0.0340,0.0000,PATROL,0
196.687,0.0342,0.1000,PATROL,0
196.721,0.0339,0.0000,PATROL,0
196.755,0.0341,0.0000,PATROL,0
196.789,0.0342,0.1000,PATROL,0
196.823,0.0336,0.0000,PATROL,0
196.857,0.0341,0.0000,PATROL,0
196.891,0.0340,0.1000,PATROL,0
196.925,0.0340,0.0000,PATROL,0
196.959,0.0343,0.0000,PATROL,0
196.993,0.0337,0.1000,PATROL,0
197.027,0.0340,0.0000,PATROL,0
197.061,0.0341,0.0000,PATROL,0
197.095,0.0340,0.1000,PATROL,0
197.129,0.0339,0.0000,PATROL,0
197.163,0.0343,0.1000,PATROL,0
197.197,0.0338,0.0000,PATROL,0
197.231,0.0343,0.0000,PATROL,0
197.265,0.0339,0.1000,PATROL,0
197.299,0.0341,0.0000,PATROL,0
197.333,0.0340,0.0000,PATROL,0
197.367,0.0339,0.1000,PATROL,0
197.401,0.0340,0.0000,PATROL,0
197.435,0.0341,0.0000,PATROL,0
197.469,0.0340,0.1000,PATROL,0
197.503,0.0340,0.0000,PATROL,0
197.537,0.0340,0.0000,PATROL,0
197.571,0.0339,0.1000,PATROL,0
197.605,0.0339,0.0000,PATROL,0
197.639,0.0341,0.0000,PATROL,0
197.673,0.0340,0.1000,PATROL,0
197.707,0.0338,0.0000,PATROL,0
197.742,0.0342,0.0000,PATROL,0
197.776,0.0340,0.1000,PATROL,0
197.809,0.0338,0.0000,PATROL,0
197.843,0.0341,0.0000,PATROL,0
197.878,0.0341,0.1000,PATROL,0
197.912,0.0341,0.0000,PATROL,0
197.946,0.0340,0.0000,PATROL,0
197.980,0.0342,0.1000,PATROL,0
198.014,0.0339,0.0000,PATROL,0
198.048,0.0340,0.0000,PATROL,0
198.082,0.0344,0.1000,PATROL,0
198.116,0.0338,0.0000,PATROL,0
198.150,0.0340,0.0000,PATROL,0
198.184,0.0341,0.1000,PATROL,0
198.218,0.0345,0.0000,PATROL,0
198.252,0.0336,0.0000,PATROL,0
198.286,0.0341,0.1000,PATROL,0
198.320,0.0341,0.0000,PATROL,0
198.354,0.0338,0.0000,PATROL,0
198.388,0.0339,0.1000,PATROL,0
198.422,0.0343,0.0000,PATROL,0
198.456,0.0341,0.0000,PATROL,0
198.490,0.0340,0.1000,PATROL,0
198.524,0.0339,0.0000,PATROL,0
198.558,0.0340,0.0000,PATROL,0
198.592,0.0340,0.1000,PATROL,0
198.626,0.0340,0.0000,PATROL,0
198.660,0.0342,0.0000,PATROL,0
198.694,0.0338,0.1000,PATROL,0
198.728,0.0339,0.0000,PATROL,0
198.762,0.0341,0.0000,PATROL,0
198.796,0.0340,0.1000,PATROL,0
198.831,0.0342,0.0000,PATROL,0
198.864,0.0338,0.1000,PATROL,0
198.898,0.0340,0.0000,PATROL,0
198.932,0.0341,0.0000,PATROL,0
198.966,0.0340,0.1000,PATROL,0
199.001,0.0344,0.0000,PATROL,0
199.034,0.0337,0.0000,PATROL,0
199.069,0.0342,0.1000,PATROL,0
199.103,0.0340,0.0000,PATROL,0
199.136,0.0338,0.0000,PATROL,0
199.170,0.0340,0.1000,PATROL,0
199.204,0.0339,0.0000,PATROL,0
199.238,0.0342,0.0000,PATROL,0
199.273,0.0341,0.1000,PATROL,0
199.306,0.0339,0.0000,PATROL,0
199.341,0.0341,0.0000,PATROL,0
199.375,0.0342,0.1000,PATROL,0
199.409,0.0339,0.0000,PATROL,0
199.443,0.0340,0.0000,PATROL,0
199.477,0.0340,0.1000,PATROL,0
199.511,0.0341,0.0000,PATROL,0
199.545,0.0340,0.0000,PATROL,0
199.579,0.0340,0.1000,PATROL,0
199.613,0.0339,0.0000,PATROL,0
199.647,0.0342,0.0000,PATROL,0
199.681,0.0340,0.1000,PATROL,0
199.715,0.0340,0.0000,PATROL,0
199.749,0.0341,0.0000,PATROL,0
199.783,0.0339,0.1000,PATROL,0
199.817,0.0341,0.0000,PATROL,0
199.851,0.0339,0.0000,PATROL,0
199.885,0.0341,0.1000,PATROL,0
199.919,0.0341,0.0000,PATROL,0
199.953,0.0340,0.0000,PATROL,0
199.987,0.0338,0.1000,PATROL,0
200.021,0.0342,0.0000,PATROL,0
200.055,0.0341,0.0000,PATROL,0
200.089,0.0339,0.1000,PATROL,0
200.123,0.0342,0.0000,PATROL,0
200.157,0.0341,0.0000,PATROL,0
200.191,0.0339,0.1000,PATROL,0
200.225,0.0337,0.0000,PATROL,0
200.259,0.0342,0.0000,PATROL,0
200.293,0.0340,0.1000,PATROL,0
200.327,0.0342,0.0000,PATROL,0
200.361,0.0339,0.0000,PATROL,0
200.396,0.0347,0.1000,PATROL,0
200.430,0.0339,0.0000,PATROL,0
200.464,0.0339,0.0000,PATROL,0
200.498,0.0338,0.1000,PATROL,0
200.532,0.0340,0.0000,PATROL,0
200.566,0.0340,0.1000,PATROL,0
200.600,0.0339,0.0000,PATROL,0
200.634,0.0340,0.0000,PATROL,0
200.667,0.0338,0.1000,PATROL,0
200.702,0.0344,0.0000,PATROL,0
200.736,0.0338,0.0000,PATROL,0
200.770,0.0340,0.1000,PATROL,0
200.804,0.0341,0.0000,PATROL,0
200.838,0.0339,0.0000,PATROL,0
200.872,0.0343,0.1000,PATROL,0
200.906,0.0339,0.0000,PATROL,0
200.940,0.0340,0.0000,PATROL,0
200.975,0.0348,0.1000,PATROL,0
201.008,0.0330,0.0000,PATROL,0
201.042,0.0345,0.0000,PATROL,0
201.076,0.0337,0.1000,PATROL,0
201.110,0.0339,0.0000,PATROL,0
201.144,0.0340,0.0000,PATROL,0
201.178,0.0341,0.1000,PATROL,0
201.212,0.0339,0.0000,PATROL,0
201.246,0.0340,0.0000,PATROL,0
201.280,0.0343,0.1000,PATROL,0
201.314,0.0340,0.0000,PATROL,0
201.348,0.0338,0.0000,PATROL,0
201.382,0.0341,0.1000,PATROL,0
201.416,0.0339,0.0000,PATROL,0
201.450,0.0339,0.0000,PATROL,0
201.484,0.0341,0.1000,PATROL,0
201.518,0.0340,0.0000,PATROL,0
201.552,0.0339,0.0000,PATROL,0
201.586,0.0341,0.1000,PATROL,0
201.620,0.0339,0.0000,PATROL,0
201.654,0.0340,0.0000,PATROL,0
201.688,0.0339,0.1000,PATROL,0
201.722,0.0343,0.0000,PATROL,0
201.756,0.0339,0.0000,PATROL,0
201.790,0.0337,0.1000,PATROL,0
201.824,0.0345,0.0000,PATROL,0
201.858,0.0341,0.0000,PATROL,0
201.892,0.0341,0.1000,PATROL,0
201.926,0.0339,0.0000,PATROL,0
201.961,0.0344,0.0000,PATROL,0
201.994,0.0339,0.1000,PATROL,0
202.028,0.0340,0.0000,PATROL,0
202.063,0.0345,0.0000,PATROL,0
202.097,0.0338,0.1000,PATROL,0
202.130,0.0337,0.0000,PATROL,0
202.164,0.0340,0.0000,PATROL,0
202.199,0.0341,0.1000,PATROL,0
202.232,0.0339,0.0000,PATROL,0
202.267,0.0343,0.1000,PATROL,0
202.300,0.0337,0.0000,PATROL,0
202.335,0.0344,0.0000,PATROL,0
202.368,0.0336,0.1000,PATROL,0
202.403,0.0342,0.0000,PATROL,0
202.437,0.0340,0.0000,PATROL,0
202.471,0.0340,0.1000,PATROL,0
202.505,0.0340,0.0000,PATROL,0
202.539,0.0342,0.0000,PATROL,0
202.573,0.0339,0.1000,PATROL,0
202.607,0.0340,0.0000,PATROL,0
202.641,0.0340,0.0000,PATROL,0
202.675,0.0340,0.1000,PATROL,0
202.709,0.0339,0.0000,PATROL,0
202.743,0.0341,0.0000,PATROL,0
202.777,0.0340,0.1000,PATROL,0
202.811,0.0338,0.0000,PATROL,0
202.845,0.0343,0.0000,PATROL,0
202.879,0.0342,0.1000,PATROL,0
202.913,0.0338,0.0000,PATROL,0
202.947,0.0339,0.0000,PATROL,0
202.981,0.0340,0.1000,PATROL,0
203.015,0.0341,0.0000,PATROL,0
203.049,0.0341,0.0000,PATROL,0
203.083,0.0341,0.1000,PATROL,0
203.117,0.0339,0.0000,PATROL,0
203.151,0.0341,0.0000,PATROL,0
203.185,0.0339,0.1000,PATROL,0
203.219,0.0340,0.0000,PATROL,0
203.253,0.0340,0.0000,PATROL,0
203.287,0.0341,0.1000,PATROL,0
203.321,0.0340,0.0000,PATROL,0
203.355,0.0340,0.0000,PATROL,0
203.389,0.0339,0.1000,PATROL,0
203.423,0.0343,0.0000,PATROL,0
203.457,0.0338,0.0000,PATROL,0
203.491,0.0340,0.1000,PATROL,0
203.526,0.0348,0.0000,PATROL,0
203.559,0.0333,0.0000,PATROL,0
203.593,0.0338,0.1000,PATROL,0
203.627,0.0340,0.0000,PATROL,0
203.661,0.0342,0.0000,PATROL,0
203.696,0.0344,0.1000,PATROL,0
203.729,0.0337,0.0000,PATROL,0
203.764,0.0341,0.0000,PATROL,0
203.797,0.0338,0.1000,PATROL,0
203.831,0.0340,0.0000,PATROL,0
203.866,0.0341,0.0000,PATROL,0
203.900,0.0340,0.1000,PATROL,0
203.933,0.0339,0.0000,PATROL,0
203.968,0.0343,0.1000,PATROL,0
204.002,0.0338,0.0000,PATROL,0
204.036,0.0341,0.0000,PATROL,0
204.069,0.0339,0.1000,PATROL,0
204.104,0.0341,0.0000,PATROL,0
204.138,0.0340,0.0000,PATROL,0
204.172,0.0342,0.1000,PATROL,0
204.206,0.0346,0.0000,PATROL,0
204.240,0.0334,0.0000,PATROL,0
204.274,0.0337,0.1000,PATROL,0
204.308,0.0340,0.0000,PATROL,0
204.342,0.0341,0.0000,PATROL,0
204.376,0.0340,0.1000,PATROL,0
204.410,0.0340,0.0000,PATROL,0
204.444,0.0342,0.0000,PATROL,0
204.478,0.0340,0.1000,PATROL,0
204.512,0.0340,0.0000,PATROL,0
204.546,0.0341,0.0000,PATROL,0
204.580,0.0340,0.1000,PATROL,0
204.614,0.0339,0.0000,PATROL,0
204.648,0.0339,0.0000,PATROL,0
204.682,0.0341,0.1000,PATROL,0
204.716,0.0341,0.0000,PATROL,0
204.750,0.0341,0.0000,PATROL,0
204.784,0.0340,0.1000,PATROL,0
204.818,0.0339,0.0000,PATROL,0
204.852,0.0339,0.0000,PATROL,0
204.886,0.0343,0.1000,PATROL,0
204.920,0.0340,0.0000,PATROL,0
204.954,0.0340,0.0000,PATROL,0
204.988,0.0338,0.1000,PATROL,0
205.022,0.0342,0.0000,PATROL,0
205.056,0.0340,0.0000,PATROL,0
205.090,0.0339,0.1000,PATROL,0
205.124,0.0343,0.0000,PATROL,0
205.158,0.0340,0.0000,PATROL,0
205.192,0.0339,0.1000,PATROL,0
205.226,0.0341,0.0000,PATROL,0
205.260,0.0339,0.0000,PATROL,0
205.294,0.0340,0.1000,PATROL,0
205.328,0.0341,0.0000,PATROL,0
205.362,0.0341,0.0000,PATROL,0
205.396,0.0340,0.1000,PATROL,0
205.430,0.0339,0.0000,PATROL,0
205.465,0.0344,0.0000,PATROL,0
205.499,0.0339,0.1000,PATROL,0
205.533,0.0340,0.0000,PATROL,0
205.567,0.0342,0.0000,PATROL,0
205.601,0.0339,0.1000,PATROL,0
205.635,0.0340,0.0000,PATROL,0
205.669,0.0340,0.1000,PATROL,0
205.703,0.0341,0.0000,PATROL,0
205.737,0.0341,0.0000,PATROL,0
205.771,0.0339,0.1000,PATROL,0
205.805,0.0342,0.0000,PATROL,0
205.839,0.0341,0.0000,PATROL,0
205.873,0.0337,0.1000,PATROL,0
205.907,0.0340,0.0000,PATROL,0
205.941,0.0340,0.0000,PATROL,0
205.975,0.0340,0.1000,PATROL,0
206.008,0.0339,0.0000,PATROL,0
206.043,0.0344,0.0000,PATROL,0
206.077,0.0338,0.1000,PATROL,0
206.111,0.0340,0.0000,PATROL,0
206.145,0.0340,0.0000,PATROL,0
206.179,0.0340,0.1000,PATROL,0
206.213,0.0339,0.0000,PATROL,0
206.247,0.0343,0.0000,PATROL,0
206.281,0.0338,0.1000,PATROL,0
206.315,0.0339,0.0000,PATROL,0
206.349,0.0340,0.0000,PATROL,0
206.383,0.0343,0.1000,PATROL,0
206.417,0.0338,0.0000,PATROL,0
206.450,0.0339,0.0000,PATROL,0
206.485,0.0343,0.1000,PATROL,0
206.519,0.0346,0.0000,PATROL,0
206.553,0.0333,0.0000,PATROL,0
206.587,0.0343,0.1000,PATROL,0
206.621,0.0341,0.0000,PATROL,0
206.655,0.0340,0.0000,PATROL,0
206.689,0.0339,0.1000,PATROL,0
206.724,0.0348,0.0000,PATROL,0
206.757,0.0337,0.0000,PATROL,0
206.791,0.0338,0.1000,PATROL,0
206.825,0.0341,0.0000,PATROL,0
206.859,0.0338,0.0000,PATROL,0
206.893,0.0340,0.1000,PATROL,0
206.927,0.0341,0.0000,PATROL,0
206.961,0.0340,0.0000,PATROL,0
206.995,0.0340,0.1000,PATROL,0
207.029,0.0340,0.0000,PATROL,0
207.063,0.0342,0.0000,PATROL,0
207.097,0.0339,0.1000,PATROL,0
207.131,0.0340,0.0000,PATROL,0
207.165,0.0341,0.0000,PATROL,0
207.199,0.0339,0.1000,PATROL,0
207.233,0.0340,0.0000,PATROL,0
207.267,0.0340,0.0000,PATROL,0
207.301,0.0341,0.1000,PATROL,0
207.335,0.0340,0.0000,PATROL,0
207.370,0.0342,0.1000,PATROL,0
207.404,0.0339,0.0000,PATROL,0
207.438,0.0341,0.0000,PATROL,0
207.471,0.0337,0.1000,PATROL,0
207.506,0.0345,0.0000,PATROL,0
207.540,0.0338,0.0000,PATROL,0
207.573,0.0338,0.1000,PATROL,0
207.607,0.0339,0.0000,PATROL,0
207.641,0.0341,0.0000,PATROL,0
207.675,0.0340,0.1000,PATROL,0
207.710,0.0342,0.0000,PATROL,0
207.744,0.0348,0.0000,PATROL,0
207.778,0.0332,0.1000,PATROL,0
207.812,0.0339,0.0000,PATROL,0
207.846,0.0342,0.0000,PATROL,0
207.880,0.0340,0.1000,PATROL,0
207.914,0.0339,0.0000,PATROL,0
207.948,0.0341,0.0000,PATROL,0
207.982,0.0340,0.1000,PATROL,0
208.016,0.0339,0.0000,PATROL,0
208.050,0.0340,0.0000,PATROL,0
208.084,0.0342,0.1000,PATROL,0
208.118,0.0339,0.0000,PATROL,0
208.152,0.0343,0.0000,PATROL,0
208.186,0.0342,0.1000,PATROL,0
208.220,0.0338,0.0000,PATROL,0
208.254,0.0339,0.0000,PATROL,0
208.288,0.0340,0.1000,PATROL,0
208.322,0.0339,0.0000,PATROL,0
208.356,0.0340,0.0000,PATROL,0
208.390,0.0339,0.1000,PATROL,0
208.424,0.0342,0.0000,PATROL,0
208.458,0.0338,0.0000,PATROL,0
208.492,0.0341,0.1000,PATROL,0
208.526,0.0343,0.0000,PATROL,0
208.560,0.0338,0.0000,PATROL,0
208.594,0.0340,0.1000,PATROL,0
208.628,0.0342,0.0000,PATROL,0
208.662,0.0339,0.0000,PATROL,0
208.696,0.0340,0.1000,PATROL,0
208.730,0.0338,0.0000,PATROL,0
208.764,0.0341,0.0000,PATROL,0
208.798,0.0341,0.1000,PATROL,0
208.832,0.0339,0.0000,PATROL,0
208.866,0.0341,0.0000,PATROL,0
208.900,0.0341,0.1000,PATROL,0
208.934,0.0340,0.0000,PATROL,0
208.969,0.0342,0.0000,PATROL,0
209.002,0.0338,0.1000,PATROL,0
209.037,0.0342,0.0000,PATROL,0
209.071,0.0342,0.1000,PATROL,0
209.105,0.0338,0.0000,PATROL,0
209.139,0.0340,0.0000,PATROL,0
209.172,0.0338,0.1000,PATROL,0
209.207,0.0343,0.0000,PATROL,0
209.241,0.0338,0.0000,PATROL,0
209.275,0.0340,0.1000,PATROL,0
209.308,0.0339,0.0000,PATROL,0
209.343,0.0342,0.0000,PATROL,0
209.376,0.0339,0.1000,PATROL,0
209.410,0.0340,0.0000,PATROL,0
209.445,0.0341,0.0000,PATROL,0
209.478,0.0339,0.1000,PATROL,0
209.513,0.0341,0.0000,PATROL,0
209.547,0.0341,0.0000,PATROL,0
209.581,0.0340,0.1000,PATROL,0
209.615,0.0341,0.0000,PATROL,0
209.649,0.0338,0.0000,PATROL,0
209.683,0.0341,0.1000,PATROL,0
209.717,0.0342,0.0000,PATROL,0
209.751,0.0338,0.0000,PATROL,0
209.785,0.0341,0.1000,PATROL,0
209.819,0.0338,0.0000,PATROL,0
209.853,0.0341,0.0000,PATROL,0
209.887,0.0342,0.1000,PATROL,0
209.921,0.0339,0.0000,PATROL,0
209.955,0.0341,0.0000,PATROL,0
209.989,0.0340,0.1000,PATROL,0
210.023,0.0339,0.0000,PATROL,0
210.057,0.0340,0.0000,PATROL,0
210.091,0.0342,0.1000,PATROL,0
210.125,0.0342,0.0000,PATROL,0
210.159,0.0340,0.0000,PATROL,0
210.193,0.0340,0.1000,PATROL,0
210.227,0.0342,0.0000,PATROL,0
210.261,0.0339,0.0000,PATROL,0
210.295,0.0340,0.1000,PATROL,0
210.329,0.0341,0.0000,PATROL,0
210.363,0.0339,0.0000,PATROL,0
210.397,0.0338,0.1000,PATROL,0
210.431,0.0340,0.0000,PATROL,0
210.465,0.0341,0.0000,PATROL,0
210.499,0.0341,0.1000,PATROL,0
210.533,0.0339,0.0000,PATROL,0
210.567,0.0340,0.0000,PATROL,0
210.601,0.0341,0.1000,PATROL,0
210.635,0.0340,0.0000,PATROL,0
210.669,0.0342,0.0000,PATROL,0
210.703,0.0338,0.1000,PATROL,0
210.737,0.0341,0.0000,PATROL,0
210.771,0.0340,0.1000,PATROL,0
210.805,0.0341,0.0000,PATROL,0
210.840,0.0341,0.0000,PATROL,0
210.873,0.0336,0.1000,PATROL,0
210.907,0.0342,0.0000,PATROL,0
210.941,0.0339,0.0000,PATROL,0
210.976,0.0343,0.1000,PATROL,0
211.009,0.0337,0.0000,PATROL,0
211.043,0.0340,0.0000,PATROL,0
211.077,0.0341,0.1000,PATROL,0
211.111,0.0339,0.0000,PATROL,0
211.145,0.0342,0.0000,PATROL,0
211.179,0.0340,0.1000,PATROL,0
211.213,0.0339,0.0000,PATROL,0
211.248,0.0342,0.0000,PATROL,0
211.281,0.0339,0.1000,PATROL,0
211.316,0.0341,0.0000,PATROL,0
211.350,0.0341,0.0000,PATROL,0
211.384,0.0340,0.1000,PATROL,0
211.418,0.0339,0.0000,PATROL,0
211.452,0.0339,0.0000,PATROL,0
211.486,0.0341,0.1000,PATROL,0
211.520,0.0341,0.0000,PATROL,0
211.554,0.0339,0.0000,PATROL,0
211.588,0.0340,0.1000,PATROL,0
211.622,0.0340,0.0000,PATROL,0
211.656,0.0339,0.0000,PATROL,0
211.690,0.0343,0.1000,PATROL,0
211.724,0.0338,0.0000,PATROL,0
211.758,0.0341,0.0000,PATROL,0
211.792,0.0341,0.1000,PATROL,0
211.826,0.0341,0.0000,PATROL,0
211.860,0.0339,0.0000,PATROL,0
211.894,0.0339,0.1000,PATROL,0
211.928,0.0342,0.0000,PATROL,0
211.962,0.0338,0.0000,PATROL,0
211.996,0.0341,0.1000,PATROL,0
212.030,0.0340,0.0000,PATROL,0
212.064,0.0340,0.0000,PATROL,0
212.098,0.0340,0.1000,PATROL,0
212.132,0.0339,0.0000,PATROL,0
212.166,0.0342,0.0000,PATROL,0
212.200,0.0341,0.1000,PATROL,0
212.234,0.0340,0.0000,PATROL,0
212.268,0.0341,0.0000,PATROL,0
212.302,0.0339,0.1000,PATROL,0
212.336,0.0341,0.0000,PATROL,0
212.370,0.0340,0.0000,PATROL,0
212.404,0.0340,0.1000,PATROL,0
212.438,0.0340,0.0000,PATROL,0
212.472,0.0343,0.1000,PATROL,0
212.506,0.0339,0.0000,PATROL,0
212.540,0.0341,0.0000,PATROL,0
212.574,0.0340,0.1000,PATROL,0
212.608,0.0339,0.0000,PATROL,0
212.642,0.0342,0.0000,PATROL,0
212.676,0.0338,0.1000,PATROL,0
212.710,0.0341,0.0000,PATROL,0
212.744,0.0341,0.0000,PATROL,0
212.778,0.0338,0.1000,PATROL,0
212.812,0.0340,0.0000,PATROL,0
212.846,0.0341,0.0000,PATROL,0
212.880,0.0339,0.1000,PATROL,0
212.914,0.0340,0.0000,PATROL,0
212.948,0.0341,0.0000,PATROL,0
212.982,0.0339,0.1000,PATROL,0
213.017,0.0342,0.0000,PATROL,0
213.051,0.0341,0.0000,PATROL,0
213.084,0.0339,0.1000,PATROL,0
213.119,0.0341,0.0000,PATROL,0
213.152,0.0339,0.0000,PATROL,0
213.187,0.0342,0.1000,PATROL,0
213.221,0.0339,0.0000,PATROL,0
213.254,0.0339,0.0000,PATROL,0
213.289,0.0342,0.1000,PATROL,0
213.323,0.0340,0.0000,PATROL,0
213.357,0.0342,0.0000,PATROL,0
213.391,0.0341,0.1000,PATROL,0
213.425,0.0339,0.0000,PATROL,0
213.459,0.0346,0.0000,PATROL,0
213.493,0.0337,0.1000,PATROL,0
213.527,0.0341,0.0000,PATROL,0
213.561,0.0339,0.0000,PATROL,0
213.595,0.0339,0.1000,PATROL,0
213.629,0.0341,0.0000,PATROL,0
213.663,0.0340,0.0000,PATROL,0
213.697,0.0338,0.1000,PATROL,0
213.731,0.0343,0.0000,PATROL,0
213.765,0.0337,0.0000,PATROL,0
213.799,0.0340,0.1000,PATROL,0
213.833,0.0341,0.0000,PATROL,0
213.867,0.0341,0.0000,PATROL,0
213.902,0.0344,0.1000,PATROL,0
213.935,0.0336,0.0000,PATROL,0
213.969,0.0340,0.0000,PATROL,0
214.003,0.0339,0.1000,PATROL,0
214.037,0.0342,0.0000,PATROL,0
214.071,0.0340,0.0000,PATROL,0
214.105,0.0340,0.1000,PATROL,0
214.139,0.0339,0.0000,PATROL,0
214.173,0.0343,0.1000,PATROL,0
214.207,0.0337,0.0000,PATROL,0
214.241,0.0342,0.0000,PATROL,0
214.275,0.0337,0.1000,PATROL,0
214.309,0.0341,0.0000,PATROL,0
214.343,0.0341,0.0000,PATROL,0
214.377,0.0341,0.1000,PATROL,0
214.411,0.0341,0.0000,PATROL,0
214.445,0.0339,0.0000,PATROL,0
214.479,0.0341,0.1000,PATROL,0
214.513,0.0337,0.0000,PATROL,0
214.547,0.0341,0.0000,PATROL,0
214.581,0.0340,0.1000,PATROL,0
214.615,0.0341,0.0000,PATROL,0
214.649,0.0341,0.0000,PATROL,0
214.683,0.0339,0.1000,PATROL,0
214.718,0.0342,0.0000,PATROL,0
214.751,0.0340,0.0000,PATROL,0
214.786,0.0341,0.1000,PATROL,0
214.819,0.0338,0.0000,PATROL,0
214.853,0.0339,0.0000,PATROL,0
214.888,0.0342,0.1000,PATROL,0
214.921,0.0339,0.0000,PATROL,0
214.955,0.0341,0.0000,PATROL,0
214.990,0.0341,0.1000,PATROL,0
215.023,0.0339,0.0000,PATROL,0
215.058,0.0341,0.0000,PATROL,0
215.091,0.0340,0.1000,PATROL,0
215.126,0.0341,0.0000,PATROL,0
215.160,0.0340,0.0000,PATROL,0
215.194,0.0340,0.1000,PATROL,0
215.228,0.0341,0.0000,PATROL,0
215.262,0.0340,0.0000,PATROL,0
215.296,0.0341,0.1000,PATROL,0
215.330,0.0339,0.0000,PATROL,0
215.364,0.0343,0.0000,PATROL,0
215.397,0.0336,0.1000,PATROL,0
215.433,0.0353,0.0000,PATROL,0
215.466,0.0329,0.0000,PATROL,0
215.500,0.0341,0.1000,PATROL,0
215.534,0.0341,0.0000,PATROL,0
215.568,0.0339,0.0000,PATROL,0
215.602,0.0339,0.1000,PATROL,0
215.635,0.0338,0.0000,PATROL,0
215.670,0.0347,0.0000,PATROL,0
215.704,0.0339,0.1000,PATROL,0
215.738,0.0338,0.0000,PATROL,0
215.772,0.0341,0.0000,PATROL,0
215.806,0.0340,0.1000,PATROL,0
215.840,0.0340,0.0000,PATROL,0
215.874,0.0340,0.1000,PATROL,0
215.908,0.0338,0.0000,PATROL,0
215.942,0.0344,0.0000,PATROL,0
215.976,0.0337,0.1000,PATROL,0
216.010,0.0342,0.0000,PATROL,0
216.044,0.0340,0.0000,PATROL,0
216.079,0.0344,0.1000,PATROL,0
216.112,0.0336,0.0000,PATROL,0
216.147,0.0350,0.0000,PATROL,0
216.180,0.0330,0.1000,PATROL,0
216.214,0.0339,0.0000,PATROL,0
216.248,0.0342,0.0000,PATROL,0
216.282,0.0341,0.1000,PATROL,0
216.316,0.0341,0.0000,PATROL,0
216.351,0.0343,0.0000,PATROL,0
216.384,0.0337,0.1000,PATROL,0
216.418,0.0340,0.0000,PATROL,0
216.452,0.0341,0.0000,PATROL,0
216.486,0.0340,0.1000,PATROL,0
216.520,0.0340,0.0000,PATROL,0
216.554,0.0338,0.0000,PATROL,0
216.589,0.0343,0.1000,PATROL,0
216.623,0.0347,0.0000,PATROL,0
216.656,0.0332,0.0000,PATROL,0
216.691,0.0342,0.1000,PATROL,0
216.725,0.0339,0.0000,PATROL,0
216.759,0.0339,0.0000,PATROL,0
216.793,0.0341,0.1000,PATROL,0
216.827,0.0340,0.0000,PATROL,0
216.861,0.0340,0.0000,PATROL,0
216.895,0.0341,0.1000,PATROL,0
216.929,0.0341,0.0000,PATROL,0
216.963,0.0340,0.0000,PATROL,0
216.997,0.0340,0.1000,PATROL,0
217.031,0.0341,0.0000,PATROL,0
217.065,0.0340,0.0000,PATROL,0
217.099,0.0338,0.1000,PATROL,0
217.133,0.0340,0.0000,PATROL,0
217.167,0.0342,0.0000,PATROL,0
217.201,0.0340,0.1000,PATROL,0
217.235,0.0340,0.0000,PATROL,0
217.269,0.0341,0.0000,PATROL,0
217.303,0.0341,0.1000,PATROL,0
217.337,0.0339,0.0000,PATROL,0
217.371,0.0340,0.0000,PATROL,0
217.406,0.0350,0.1000,PATROL,0
217.439,0.0330,0.0000,PATROL,0
217.473,0.0341,0.0000,PATROL,0
217.507,0.0338,0.1000,PATROL,0
217.541,0.0342,0.0000,PATROL,0
217.575,0.0341,0.1000,PATROL,0
217.609,0.0337,0.0000,PATROL,0
217.643,0.0343,0.0000,PATROL,0
217.677,0.0338,0.1000,PATROL,0
217.711,0.0341,0.0000,PATROL,0
217.745,0.0341,0.0000,PATROL,0
217.779,0.0339,0.1000,PATROL,0
217.813,0.0341,0.0000,PATROL,0
217.847,0.0343,0.0000,PATROL,0
217.881,0.0338,0.1000,PATROL,0
217.915,0.0339,0.0000,PATROL,0
217.949,0.0342,0.0000,PATROL,0
217.983,0.0341,0.1000,PATROL,0
218.017,0.0337,0.0000,PATROL,0
218.051,0.0341,0.0000,PATROL,0
218.085,0.0341,0.1000,PATROL,0
218.119,0.0340,0.0000,PATROL,0
218.154,0.0343,0.0000,PATROL,0
218.187,0.0338,0.1000,PATROL,0
218.221,0.0339,0.0000,PATROL,0
218.255,0.0341,0.0000,PATROL,0
218.289,0.0341,0.1000,PATROL,0
218.323,0.0340,0.0000,PATROL,0
218.357,0.0338,0.0000,PATROL,0
218.391,0.0342,0.1000,PATROL,0
218.425,0.0340,0.0000,PATROL,0
218.459,0.0340,0.0000,PATROL,0
218.494,0.0343,0.1000,PATROL,0
218.528,0.0339,0.0000,PATROL,0
218.562,0.0341,0.0000,PATROL,0
218.596,0.0339,0.1000,PATROL,0
218.630,0.0342,0.0000,PATROL,0
218.664,0.0338,0.0000,PATROL,0
218.698,0.0341,0.1000,PATROL,0
218.732,0.0343,0.0000,PATROL,0
218.766,0.0339,0.0000,PATROL,0
218.800,0.0340,0.1000,PATROL,0
218.834,0.0341,0.0000,PATROL,0
218.868,0.0344,0.0000,PATROL,0
218.902,0.0335,0.1000,PATROL,0
218.936,0.0339,0.0000,PATROL,0
218.970,0.0344,0.0000,PATROL,0
219.004,0.0339,0.1000,PATROL,0
219.038,0.0340,0.0000,PATROL,0
219.072,0.0341,0.0000,PATROL,0
219.106,0.0341,0.1000,PATROL,0
219.140,0.0337,0.0000,PATROL,0
219.174,0.0342,0.0000,PATROL,0
219.208,0.0337,0.1000,PATROL,0
219.242,0.0343,0.0000,PATROL,0
219.276,0.0342,0.1000,PATROL,0
219.310,0.0337,0.0000,PATROL,0
219.344,0.0341,0.0000,PATROL,0
219.378,0.0338,0.1000,PATROL,0
219.412,0.0342,0.0000,PATROL,0
219.446,0.0341,0.0000,PATROL,0
219.480,0.0339,0.1000,PATROL,0
219.514,0.0341,0.0000,PATROL,0
219.548,0.0342,0.0000,PATROL,0
219.582,0.0337,0.1000,PATROL,0
219.616,0.0340,0.0000,PATROL,0
219.650,0.0341,0.0000,PATROL,0
219.684,0.0340,0.1000,PATROL,0
219.718,0.0339,0.0000,PATROL,0
219.752,0.0342,0.0000,PATROL,0
219.786,0.0340,0.1000,PATROL,0
219.820,0.0340,0.0000,PATROL,0
219.854,0.0341,0.0000,PATROL,0
219.888,0.0342,0.1000,PATROL,0
219.922,0.0337,0.0000,PATROL,0
219.956,0.0341,0.0000,PATROL,0
219.990,0.0341,0.1000,ALIGN,0
220.025,0.0342,0.0000,ALIGN,0
220.058,0.0339,0.0000,ALIGN,0
220.093,0.0341,0.1000,ALIGN,0
220.126,0.0339,0.0000,ALIGN,0
220.161,0.0348,0.0000,ALIGN,0
220.195,0.0341,0.1000,ALIGN,0
220.229,0.0334,0.0000,ALIGN,0
220.263,0.0342,0.0000,ALIGN,0
220.297,0.0338,0.1000,ALIGN,0
220.331,0.0339,0.0000,ALIGN,0
220.365,0.0339,0.0000,ALIGN,0
220.399,0.0341,0.1000,ALIGN,0
220.433,0.0340,0.0000,ALIGN,0
220.467,0.0339,0.0000,ALIGN,0
220.501,0.0338,0.1000,ALIGN,0
220.535,0.0343,0.0000,ALIGN,0
220.569,0.0339,0.0000,ALIGN,0
220.603,0.0340,0.1000,ALIGN,0
220.637,0.0339,0.0000,ALIGN,0
220.671,0.0343,0.0000,ALIGN,0
220.705,0.0339,0.1000,ALIGN,0
220.739,0.0339,0.0000,ALIGN,0
220.773,0.0342,0.0000,ALIGN,0
220.807,0.0341,0.1000,ALIGN,0
220.841,0.0337,0.0000,ALIGN,0
220.875,0.0344,0.0000,ALIGN,0
220.909,0.0336,0.1000,ALIGN,0
220.943,0.0340,0.0000,ALIGN,0
220.977,0.0344,0.1000,ALIGN,0
221.011,0.0336,0.0000,ALIGN,0
221.045,0.0341,0.0000,ALIGN,0
221.079,0.0339,0.1000,ALIGN,0
221.113,0.0342,0.0000,ALIGN,0
221.147,0.0340,0.0000,ALIGN,0
221.181,0.0341,0.1000,ALIGN,0
221.215,0.0341,0.0000,ALIGN,0
221.249,0.0339,0.0000,ALIGN,0
221.283,0.0339,0.1000,ALIGN,0
221.317,0.0341,0.0000,ALIGN,0
221.351,0.0343,0.0000,ALIGN,0
221.385,0.0337,0.1000,ALIGN,0
221.419,0.0340,0.0000,ALIGN,0
221.453,0.0341,0.0000,ALIGN,0
221.487,0.0342,0.1000,ALIGN,0
221.521,0.0338,0.0000,ALIGN,0
221.555,0.0341,0.0000,ALIGN,0
221.589,0.0340,0.1000,ALIGN,0
221.623,0.0339,0.0000,ALIGN,0
221.657,0.0339,0.0000,ALIGN,0
221.692,0.0345,0.1000,ALIGN,0
221.725,0.0338,0.0000,APPROACH,0
221.759,0.0339,0.0000,APPROACH,0
221.793,0.0342,0.1000,APPROACH,0
221.827,0.0339,0.0000,APPROACH,0
221.861,0.0339,0.0000,APPROACH,0
221.896,0.0342,0.1000,APPROACH,0
221.930,0.0342,0.0000,APPROACH,0
221.964,0.0339,0.0000,APPROACH,0
221.997,0.0338,0.1000,APPROACH,0
222.032,0.0346,0.0000,APPROACH,0
222.066,0.0339,0.0000,APPROACH,0
222.100,0.0337,0.1000,APPROACH,0
222.134,0.0340,0.0000,APPROACH,0
222.168,0.0340,0.0000,APPROACH,0
222.202,0.0339,0.1000,APPROACH,0
222.236,0.0340,0.0000,APPROACH,0
222.270,0.0341,0.0000,APPROACH,0
222.304,0.0340,0.1000,APPROACH,0
222.338,0.0339,0.0000,APPROACH,0
222.372,0.0340,0.0000,APPROACH,0
222.406,0.0344,0.1000,APPROACH,0
222.440,0.0335,0.0000,APPROACH,0
222.474,0.0349,0.0000,APPROACH,0
222.507,0.0330,0.1000,APPROACH,0
222.542,0.0342,0.0000,APPROACH,0
222.576,0.0341,0.0000,APPROACH,0
222.610,0.0337,0.1000,APPROACH,0
222.644,0.0341,0.0000,APPROACH,0
222.678,0.0344,0.1000,APPROACH,0
222.712,0.0335,0.0000,APPROACH,0
222.746,0.0341,0.0000,APPROACH,0
222.780,0.0339,0.1000,APPROACH,0
222.814,0.0341,0.0000,APPROACH,0
222.848,0.0340,0.0000,APPROACH,0
222.882,0.0340,0.1000,APPROACH,0
222.916,0.0340,0.0000,APPROACH,0
222.950,0.0343,0.0000,APPROACH,0
222.984,0.0339,0.1000,APPROACH,0
223.018,0.0341,0.0000,APPROACH,0
223.052,0.0340,0.0000,APPROACH,0
223.086,0.0343,0.1000,APPROACH,0
223.120,0.0338,0.0000,APPROACH,0
223.154,0.0342,0.0000,APPROACH,0
223.188,0.0339,0.1000,APPROACH,0
223.222,0.0340,0.0000,APPROACH,0
223.256,0.0342,0.0000,APPROACH,0
223.290,0.0339,0.1000,APPROACH,0
223.324,0.0339,0.0000,APPROACH,0
223.358,0.0339,0.0000,APPROACH,0
223.392,0.0342,0.1000,APPROACH,0
223.426,0.0339,0.0000,APPROACH,0
223.460,0.0341,0.0000,APPROACH,0
223.494,0.0341,0.1000,APPROACH,0
223.528,0.0340,0.0000,APPROACH,0
223.562,0.0339,0.0000,APPROACH,0
223.596,0.0342,0.1000,APPROACH,0
223.631,0.0341,0.0000,APPROACH,0
223.664,0.0339,0.0000,APPROACH,0
223.698,0.0339,0.1000,APPROACH,0
223.732,0.0340,0.0000,APPROACH,0
223.766,0.0340,0.0000,APPROACH,0
223.800,0.0339,0.1000,APPROACH,0
223.834,0.0342,0.0000,APPROACH,0
223.868,0.0340,0.0000,APPROACH,0
223.903,0.0341,0.1000,APPROACH,0
223.937,0.0340,0.0000,APPROACH,0
223.970,0.0339,0.0000,APPROACH,0
224.004,0.0340,0.1000,APPROACH,0
224.038,0.0339,0.0000,APPROACH,0
224.072,0.0341,0.0000,APPROACH,0
224.107,0.0341,0.1000,APPROACH,0
224.141,0.0341,0.0000,APPROACH,0
224.175,0.0347,0.0000,APPROACH,0
224.208,0.0331,0.1000,APPROACH,0
224.243,0.0342,0.0000,APPROACH,0
224.277,0.0341,0.0000,APPROACH,0
224.311,0.0339,0.1000,APPROACH,0
224.345,0.0341,0.0000,APPROACH,0
224.379,0.0342,0.1000,APPROACH,0
224.413,0.0338,0.0000,APPROACH,0
224.447,0.0343,0.0000,APPROACH,0
224.481,0.0337,0.1000,APPROACH,0
224.515,0.0341,0.0000,APPROACH,0
224.549,0.0343,0.0000,APPROACH,0
224.583,0.0338,0.1000,APPROACH,0
224.617,0.0342,0.0000,APPROACH,0
224.651,0.0339,0.0000,APPROACH,0
224.685,0.0341,0.1000,APPROACH,0
224.719,0.0342,0.0000,APPROACH,0
224.753,0.0339,0.0000,APPROACH,0
224.787,0.0340,0.1000,APPROACH,0
224.821,0.0340,0.0000,APPROACH,0
224.855,0.0342,0.0000,APPROACH,0
224.889,0.0340,0.1000,APPROACH,0
224.923,0.0339,0.0000,APPROACH,0
224.957,0.0340,0.0000,APPROACH,0
224.991,0.0342,0.1000,APPROACH,0
225.025,0.0338,0.0000,APPROACH,0
225.059,0.0340,0.0000,APPROACH,0
225.093,0.0340,0.1000,APPROACH,0
225.127,0.0341,0.0000,APPROACH,0
225.161,0.0340,0.0000,APPROACH,0
225.195,0.0342,0.1000,APPROACH,0
225.229,0.0340,0.0000,APPROACH,0
225.263,0.0339,0.0000,APPROACH,0
225.297,0.0342,0.1000,APPROACH,0
225.331,0.0339,0.0000,APPROACH,0
225.365,0.0341,0.0000,APPROACH,0
225.399,0.0340,0.1000,APPROACH,0
225.433,0.0341,0.0000,APPROACH,0
225.467,0.0339,0.0000,APPROACH,0
225.501,0.0339,0.1000,APPROACH,0
225.535,0.0342,0.0000,APPROACH,0
225.569,0.0339,0.0000,APPROACH,0
225.603,0.0339,0.1000,APPROACH,0
225.637,0.0341,0.0000,APPROACH,0
225.672,0.0343,0.0000,APPROACH,0
225.705,0.0338,0.1000,APPROACH,0
225.739,0.0339,0.0000,APPROACH,0
225.773,0.0341,0.0000,APPROACH,0
225.807,0.0339,0.1000,APPROACH,0
225.842,0.0342,0.0000,APPROACH,0
225.876,0.0340,0.0000,APPROACH,0
225.909,0.0338,0.1000,APPROACH,0
225.944,0.0342,0.0000,APPROACH,0
225.978,0.0340,0.0000,APPROACH,0
226.012,0.0339,0.1000,APPROACH,0
226.046,0.0341,0.0000,APPROACH,0
226.080,0.0342,0.1000,APPROACH,0
226.114,0.0338,0.0000,APPROACH,0
226.148,0.0341,0.0000,APPROACH,0
226.182,0.0338,0.1000,APPROACH,0
226.216,0.0340,0.0000,APPROACH,0
226.250,0.0341,0.0000,APPROACH,0
226.284,0.0343,0.1000,APPROACH,0
226.318,0.0338,0.0000,APPROACH,0
226.352,0.0340,0.0000,APPROACH,0
226.386,0.0341,0.1000,APPROACH,0
226.420,0.0339,0.0000,APPROACH,0
226.454,0.0340,0.0000,APPROACH,0
226.488,0.0340,0.1000,APPROACH,0
226.522,0.0340,0.0000,APPROACH,0
226.556,0.0342,0.0000,APPROACH,0
226.590,0.0342,0.1000,APPROACH,0
226.624,0.0338,0.0000,APPROACH,0
226.658,0.0339,0.0000,APPROACH,0
226.692,0.0341,0.1000,APPROACH,0
226.726,0.0343,0.0000,APPROACH,0
226.760,0.0337,0.0000,APPROACH,0
226.794,0.0343,0.1000,APPROACH,0
226.828,0.0337,0.0000,APPROACH,0
226.862,0.0341,0.0000,APPROACH,0
226.896,0.0342,0.1000,APPROACH,0
226.930,0.0339,0.0000,APPROACH,0
226.964,0.0341,0.0000,APPROACH,0
226.998,0.0341,0.1000,APPROACH,0
227.032,0.0339,0.0000,APPROACH,0
227.066,0.0339,0.0000,APPROACH,0
227.100,0.0340,0.1000,APPROACH,0
227.134,0.0342,0.0000,APPROACH,0
227.168,0.0341,0.0000,APPROACH,0
227.202,0.0340,0.1000,APPROACH,0
227.236,0.0341,0.0000,APPROACH,0
227.270,0.0340,0.0000,APPROACH,0
227.304,0.0339,0.1000,APPROACH,0
227.339,0.0342,0.0000,APPROACH,0
227.372,0.0340,0.0000,APPROACH,0
227.406,0.0338,0.1000,APPROACH,0
227.440,0.0339,0.0000,APPROACH,0
227.474,0.0343,0.0000,APPROACH,0
227.508,0.0339,0.1000,APPROACH,0
227.542,0.0339,0.0000,APPROACH,0
227.576,0.0342,0.0000,APPROACH,0
227.610,0.0339,0.1000,APPROACH,0
227.644,0.0341,0.0000,APPROACH,0
227.679,0.0342,0.0000,APPROACH,0
227.713,0.0342,0.1000,APPROACH,0
227.746,0.0336,0.0000,APPROACH,0
227.781,0.0341,0.0000,APPROACH,0
227.815,0.0340,0.1000,APPROACH,0
227.849,0.0341,0.0000,APPROACH,0
227.882,0.0338,0.1000,APPROACH,0
227.917,0.0342,0.0000,APPROACH,0
227.951,0.0342,0.0000,APPROACH,0
227.985,0.0339,0.1000,APPROACH,0
228.019,0.0340,0.0000,APPROACH,0
228.053,0.0339,0.0000,APPROACH,0
228.087,0.0340,0.1000,APPROACH,0
228.121,0.0340,0.0000,APPROACH,0
228.155,0.0341,0.0000,APPROACH,0
228.189,0.0339,0.1000,APPROACH,0
228.223,0.0342,0.0000,APPROACH,0
228.257,0.0346,0.0000,APPROACH,0
228.291,0.0339,0.1000,APPROACH,0
228.325,0.0339,0.0000,APPROACH,0
228.359,0.0340,0.0000,APPROACH,0
228.393,0.0341,0.1000,APPROACH,0
228.427,0.0338,0.0000,APPROACH,0
228.461,0.0340,0.0000,APPROACH,0
228.495,0.0344,0.1000,APPROACH,0
228.529,0.0338,0.0000,APPROACH,0
228.563,0.0339,0.0000,APPROACH,0
228.597,0.0342,0.1000,APPROACH,0
228.631,0.0339,0.0000,APPROACH,0
228.665,0.0340,0.0000,APPROACH,0
228.699,0.0341,0.1000,APPROACH,0
228.733,0.0341,0.0000,APPROACH,0
228.767,0.0339,0.0000,APPROACH,0
228.801,0.0341,0.1000,APPROACH,0
228.835,0.0341,0.0000,APPROACH,0
228.869,0.0339,0.0000,APPROACH,0
228.903,0.0338,0.1000,APPROACH,0
228.937,0.0343,0.0000,APPROACH,0
228.971,0.0339,0.0000,APPROACH,0
229.005,0.0340,0.1000,APPROACH,0
229.040,0.0344,0.0000,APPROACH,0
229.073,0.0337,0.0000,APPROACH,0
229.107,0.0339,0.1000,APPROACH,0
229.141,0.0339,0.0000,APPROACH,0
229.175,0.0341,0.0000,APPROACH,0
229.209,0.0339,0.1000,APPROACH,0
229.243,0.0341,0.0000,APPROACH,0
229.278,0.0343,0.0000,APPROACH,0
229.312,0.0340,0.1000,APPROACH,0
229.346,0.0340,0.0000,APPROACH,0
229.380,0.0340,0.0000,APPROACH,0
229.414,0.0341,0.1000,APPROACH,0
229.448,0.0341,0.0000,APPROACH,0
229.482,0.0343,0.1000,APPROACH,0
229.516,0.0341,0.0000,APPROACH,0
229.550,0.0344,0.0000,APPROACH,0
229.584,0.0333,0.1000,APPROACH,0
229.618,0.0341,0.0000,APPROACH,0
229.652,0.0340,0.0000,APPROACH,0
229.686,0.0341,0.1000,APPROACH,0
229.720,0.0338,0.0000,APPROACH,0
229.754,0.0340,0.0000,APPROACH,0
229.788,0.0342,0.1000,APPROACH,0
229.822,0.0339,0.0000,APPROACH,0
229.856,0.0344,0.0000,APPROACH,0
229.890,0.0337,0.1000,APPROACH,0
229.924,0.0339,0.0000,APPROACH,0
229.958,0.0339,0.0000,APPROACH,0
229.992,0.0341,0.1000,APPROACH,0
230.026,0.0341,0.0000,APPROACH,0
230.060,0.0339,0.0000,APPROACH,0
230.094,0.0342,0.1000,APPROACH,0
230.128,0.0340,0.0000,APPROACH,0
230.162,0.0339,0.0000,APPROACH,0
230.196,0.0342,0.1000,APPROACH,0
230.230,0.0339,0.0000,APPROACH,0
230.264,0.0339,0.0000,APPROACH,0
230.298,0.0345,0.1000,APPROACH,0
230.332,0.0337,0.0000,APPROACH,0
230.366,0.0341,0.0000,APPROACH,0
230.400,0.0338,0.1000,APPROACH,0
230.434,0.0341,0.0000,APPROACH,0
230.468,0.0342,0.0000,APPROACH,0
230.502,0.0338,0.1000,APPROACH,0
230.536,0.0340,0.0000,APPROACH,0
230.570,0.0341,0.0000,APPROACH,0
230.604,0.0338,0.1000,APPROACH,0
230.638,0.0343,0.0000,APPROACH,0
230.672,0.0339,0.0000,APPROACH,0
230.706,0.0340,0.1000,APPROACH,0
230.740,0.0342,0.0000,APPROACH,0
230.775,0.0341,0.0000,APPROACH,0
230.808,0.0336,0.1000,APPROACH,0
230.842,0.0343,0.0000,APPROACH,0
230.877,0.0341,0.0000,APPROACH,0
230.910,0.0338,0.1000,APPROACH,0
230.944,0.0340,0.0000,APPROACH,0
230.978,0.0342,0.0000,APPROACH,0
231.012,0.0338,0.1000,APPROACH,0
231.046,0.0341,0.0000,APPROACH,0
231.081,0.0341,0.0000,APPROACH,0
231.114,0.0340,0.1000,APPROACH,0
231.149,0.0343,0.0000,APPROACH,0
231.183,0.0343,0.1000,APPROACH,0
231.216,0.0334,0.0000,APPROACH,0
231.251,0.0343,0.0000,APPROACH,0
231.284,0.0337,0.1000,APPROACH,0
231.318,0.0341,0.0000,APPROACH,0
231.353,0.0341,0.0000,APPROACH,0
231.387,0.0340,0.1000,APPROACH,0
231.421,0.0341,0.0000,APPROACH,0
231.455,0.0342,0.0000,APPROACH,0
231.489,0.0336,0.1000,APPROACH,0
231.523,0.0341,0.0000,APPROACH,0
231.557,0.0340,0.0000,APPROACH,0
231.591,0.0342,0.1000,APPROACH,0
231.625,0.0338,0.0000,APPROACH,0
231.659,0.0341,0.0000,APPROACH,0
231.693,0.0339,0.1000,APPROACH,0
231.727,0.0341,0.0000,APPROACH,0
231.762,0.0351,0.0000,APPROACH,0
231.795,0.0329,0.1000,APPROACH,0
231.829,0.0339,0.0000,APPROACH,0
231.863,0.0341,0.0000,APPROACH,0
231.897,0.0342,0.1000,APPROACH,0
231.931,0.0340,0.0000,APPROACH,0
231.965,0.0340,0.0000,APPROACH,0
231.999,0.0341,0.1000,APPROACH,0
232.033,0.0339,0.0000,APPROACH,0
232.067,0.0341,0.0000,APPROACH,0
232.101,0.0340,0.1000,APPROACH,0
232.135,0.0339,0.0000,APPROACH,0
232.169,0.0340,0.0000,APPROACH,0
232.203,0.0339,0.1000,APPROACH,0
232.237,0.0343,0.0000,APPROACH,0
232.271,0.0338,0.0000,APPROACH,0
232.305,0.0342,0.1000,APPROACH,0
232.339,0.0340,0.0000,APPROACH,0
232.373,0.0339,0.0000,APPROACH,0
232.407,0.0341,0.1000,APPROACH,0
232.441,0.0340,0.0000,APPROACH,0
232.475,0.0341,0.0000,APPROACH,0
232.509,0.0338,0.1000,APPROACH,0
232.543,0.0340,0.0000,APPROACH,0
232.577,0.0341,0.0000,APPROACH,0
232.611,0.0339,0.1000,APPROACH,0
232.645,0.0339,0.0000,APPROACH,0
232.679,0.0341,0.0000,APPROACH,0
232.713,0.0338,0.1000,APPROACH,0
232.747,0.0341,0.0000,APPROACH,0
232.781,0.0343,0.0000,APPROACH,0
232.815,0.0340,0.1000,APPROACH,0
232.849,0.0340,0.0000,APPROACH,0
232.884,0.0344,0.1000,APPROACH,0
232.917,0.0337,0.0000,APPROACH,0
232.952,0.0342,0.0000,APPROACH,0
232.985,0.0336,0.1000,APPROACH,0
233.019,0.0342,0.0000,APPROACH,0
233.053,0.0339,0.0000,APPROACH,0
233.088,0.0342,0.1000,APPROACH,0
233.122,0.0341,0.0000,APPROACH,0
233.155,0.0338,0.0000,APPROACH,0
233.189,0.0339,0.1000,APPROACH,0
233.223,0.0340,0.0000,APPROACH,0
233.257,0.0341,0.0000,APPROACH,0
233.291,0.0340,0.1000,APPROACH,0
233.326,0.0341,0.0000,APPROACH,0
233.360,0.0340,0.0000,APPROACH,0
233.394,0.0341,0.1000,APPROACH,0
233.428,0.0341,0.0000,APPROACH,0
233.462,0.0342,0.0000,APPROACH,0
233.496,0.0338,0.1000,APPROACH,0
233.530,0.0339,0.0000,APPROACH,0
233.564,0.0340,0.0000,APPROACH,0
233.598,0.0340,0.1000,APPROACH,0
233.632,0.0341,0.0000,APPROACH,0
233.666,0.0337,0.0000,APPROACH,0
233.700,0.0341,0.1000,APPROACH,0
233.734,0.0342,0.0000,APPROACH,0
233.768,0.0338,0.0000,APPROACH,0
233.802,0.0341,0.1000,APPROACH,0
233.836,0.0340,0.0000,APPROACH,0
233.870,0.0340,0.0000,APPROACH,0
233.904,0.0339,0.1000,APPROACH,0
233.938,0.0341,0.0000,PATROL,0
233.972,0.0340,0.0000,PATROL,0
234.006,0.0344,0.1000,PATROL,0
234.040,0.0336,0.0000,PATROL,0
234.074,0.0339,0.0000,PATROL,0
234.108,0.0341,0.1000,PATROL,0
234.142,0.0343,0.0000,PATROL,0
234.176,0.0340,0.0000,PATROL,0
234.210,0.0339,0.1000,PATROL,0
234.244,0.0341,0.0000,PATROL,0
234.278,0.0342,0.0000,PATROL,0
234.312,0.0339,0.1000,PATROL,0
234.346,0.0340,0.0000,PATROL,0
234.380,0.0341,0.0000,PATROL,0
234.414,0.0340,0.1000,PATROL,0
234.448,0.0340,0.0000,PATROL,0
234.482,0.0340,0.0000,PATROL,0
234.516,0.0340,0.1000,PATROL,0
234.550,0.0339,0.0000,PATROL,0
234.585,0.0344,0.1000,PATROL,0
234.618,0.0336,0.0000,PATROL,0
234.652,0.0342,0.0000,PATROL,0
234.687,0.0342,0.1000,PATROL,0
234.720,0.0338,0.0000,PATROL,0
234.754,0.0339,0.0000,PATROL,0
234.788,0.0339,0.1000,PATROL,0
234.822,0.0340,0.0000,PATROL,0
234.856,0.0340,0.0000,PATROL,0
234.890,0.0341,0.1000,PATROL,0
234.924,0.0339,0.0000,PATROL,0
234.959,0.0346,0.0000,PATROL,0
234.992,0.0334,0.1000,PATROL,0
235.026,0.0340,0.0000,PATROL,0
235.060,0.0341,0.0000,PATROL,0
235.094,0.0342,0.1000,PATROL,0
235.128,0.0339,0.0000,PATROL,0
235.163,0.0344,0.0000,PATROL,0
235.197,0.0339,0.1000,PATROL,0
235.231,0.0346,0.0000,PATROL,0
235.264,0.0333,0.0000,PATROL,0
235.299,0.0341,0.1000,PATROL,0
235.333,0.0339,0.0000,PATROL,0
235.367,0.0340,0.0000,PATROL,0
235.401,0.0342,0.1000,PATROL,0
235.435,0.0338,0.0000,PATROL,0
235.468,0.0340,0.0000,PATROL,0
235.503,0.0347,0.1000,PATROL,0
235.537,0.0336,0.0000,PATROL,0
235.571,0.0341,0.0000,PATROL,0
235.605,0.0339,0.1000,PATROL,0
235.639,0.0341,0.0000,PATROL,0
235.673,0.0339,0.0000,PATROL,0
235.707,0.0342,0.1000,PATROL,0
235.741,0.0339,0.0000,PATROL,0
235.775,0.0340,0.0000,PATROL,0
235.809,0.0339,0.1000,PATROL,0
235.843,0.0342,0.0000,PATROL,0
235.877,0.0343,0.0000,PATROL,0
235.911,0.0336,0.1000,PATROL,0
235.945,0.0340,0.0000,PATROL,0
235.979,0.0342,0.0000,PATROL,0
236.013,0.0339,0.1000,PATROL,0
236.047,0.0340,0.0000,PATROL,0
236.081,0.0341,0.0000,PATROL,0
236.115,0.0341,0.1000,PATROL,0
236.149,0.0340,0.0000,PATROL,0
236.183,0.0341,0.0000,PATROL,0
236.217,0.0339,0.1000,PATROL,0
236.251,0.0338,0.0000,PATROL,0
236.285,0.0345,0.1000,PATROL,0
236.319,0.0338,0.0000,PATROL,0
236.353,0.0341,0.0000,PATROL,0
236.387,0.0337,0.1000,PATROL,0
236.421,0.0342,0.0000,PATROL,0
236.455,0.0342,0.0000,PATROL,0
236.489,0.0338,0.1000,PATROL,0
236.524,0.0345,0.0000,PATROL,0
236.557,0.0337,0.0000,PATROL,0
236.591,0.0340,0.1000,PATROL,0
236.625,0.0338,0.0000,PATROL,0
236.660,0.0346,0.0000,PATROL,0
236.693,0.0335,0.1000,PATROL,0
236.727,0.0339,0.0000,PATROL,0
236.761,0.0341,0.0000,PATROL,0
236.795,0.0341,0.1000,PATROL,0
236.829,0.0339,0.0000,PATROL,0
236.863,0.0341,0.0000,PATROL,0
236.897,0.0340,0.1000,PATROL,0
236.931,0.0342,0.0000,PATROL,0
236.965,0.0336,0.0000,PATROL,0
236.999,0.0342,0.1000,PATROL,0
237.033,0.0339,0.0000,PATROL,0
237.067,0.0340,0.0000,PATROL,0
237.101,0.0342,0.1000,PATROL,0
237.135,0.0339,0.0000,PATROL,0
237.169,0.0340,0.0000,PATROL,0
237.203,0.0340,0.1000,PATROL,0
237.237,0.0340,0.0000,PATROL,0
237.271,0.0339,0.0000,PATROL,0
237.305,0.0340,0.1000,PATROL,0
237.340,0.0343,0.0000,PATROL,0
237.374,0.0341,0.0000,PATROL,0
237.407,0.0338,0.1000,PATROL,0
237.442,0.0344,0.0000,PATROL,0
237.476,0.0337,0.0000,PATROL,0
237.510,0.0341,0.1000,PATROL,0
237.544,0.0340,0.0000,PATROL,0
237.578,0.0342,0.0000,PATROL,0
237.612,0.0340,0.1000,PATROL,0
237.646,0.0340,0.0000,PATROL,0
237.680,0.0344,0.0000,PATROL,0
237.714,0.0335,0.1000,PATROL,0
237.748,0.0340,0.0000,PATROL,0
237.782,0.0341,0.0000,PATROL,0
237.816,0.0339,0.1000,PATROL,0
237.850,0.0341,0.0000,PATROL,0
237.884,0.0341,0.0000,PATROL,0
237.918,0.0340,0.1000,PATROL,0
237.952,0.0340,0.0000,PATROL,0
237.986,0.0342,0.1000,PATROL,0
238.020,0.0340,0.0000,PATROL,0
238.054,0.0338,0.0000,PATROL,0
238.088,0.0338,0.1000,PATROL,0
238.122,0.0343,0.0000,PATROL,0
238.156,0.0340,0.0000,PATROL,0
238.191,0.0346,0.1000,PATROL,0
238.225,0.0340,0.0000,PATROL,0
238.259,0.0339,0.0000,PATROL,0
238.292,0.0337,0.1000,PATROL,0
238.326,0.0338,0.0000,PATROL,0
238.360,0.0341,0.0000,PATROL,0
238.394,0.0340,0.1000,PATROL,0
238.428,0.0342,0.0000,PATROL,0
238.462,0.0339,0.0000,PATROL,0
238.496,0.0338,0.1000,PATROL,0
238.530,0.0341,0.0000,PATROL,0
238.564,0.0342,0.0000,PATROL,0
238.598,0.0340,0.1000,PATROL,0
238.632,0.0339,0.0000,PATROL,0
238.666,0.0339,0.0000,PATROL,0
238.700,0.0341,0.1000,PATROL,0
238.734,0.0341,0.0000,PATROL,0
238.768,0.0339,0.0000,PATROL,0
238.802,0.0341,0.1000,PATROL,0
238.836,0.0339,0.0000,PATROL,0
238.870,0.0341,0.0000,PATROL,0
238.904,0.0341,0.1000,PATROL,0
238.938,0.0341,0.0000,PATROL,0
238.972,0.0341,0.0000,PATROL,0
239.006,0.0339,0.1000,PATROL,0
239.040,0.0340,0.0000,PATROL,0
239.074,0.0340,0.0000,PATROL,0
239.108,0.0338,0.1000,PATROL,0
239.143,0.0343,0.0000,PATROL,0
239.177,0.0341,0.0000,PATROL,0
239.211,0.0343,0.1000,PATROL,0
239.245,0.0338,0.0000,PATROL,0
239.279,0.0343,0.0000,PATROL,0
239.313,0.0337,0.1000,PATROL,0
239.347,0.0338,0.0000,PATROL,0
239.381,0.0343,0.0000,PATROL,0
239.415,0.0340,0.1000,PATROL,0
239.449,0.0339,0.0000,PATROL,0
239.484,0.0350,0.0000,PATROL,0
239.517,0.0330,0.1000,PATROL,0
239.551,0.0343,0.0000,PATROL,0
239.585,0.0341,0.0000,PATROL,0
239.619,0.0338,0.1000,PATROL,0
239.653,0.0338,0.0000,PATROL,0
239.687,0.0340,0.1000,PATROL,0
239.721,0.0340,0.0000,PATROL,0
239.755,0.0341,0.0000,PATROL,0
239.789,0.0338,0.1000,PATROL,0
239.823,0.0341,0.0000,PATROL,0
239.857,0.0341,0.0000,PATROL,0
239.891,0.0339,0.1000,PATROL,0
239.925,0.0341,0.0000,PATROL,0
239.959,0.0338,0.0000,PATROL,0
239.993,0.0342,0.1000,PATROL,0
240.027,0.0342,0.0000,PATROL,0
240.061,0.0339,0.0000,PATROL,0
240.095,0.0340,0.1000,PATROL,0
240.129,0.0339,0.0000,PATROL,0
240.163,0.0342,0.0000,PATROL,0
240.197,0.0340,0.1000,PATROL,0
240.231,0.0341,0.0000,PATROL,0
240.265,0.0339,0.0000,PATROL,0
240.299,0.0340,0.1000,PATROL,0
240.333,0.0340,0.0000,PATROL,0
240.367,0.0339,0.0000,PATROL,0
240.401,0.0342,0.1000,PATROL,0
240.435,0.0340,0.0000,PATROL,0
240.469,0.0339,0.0000,PATROL,0
240.503,0.0341,0.1000,PATROL,0
240.537,0.0339,0.0000,PATROL,0
240.571,0.0342,0.0000,PATROL,0
240.606,0.0342,0.1000,PATROL,0
240.640,0.0339,0.0000,PATROL,0
240.673,0.0339,0.0000,PATROL,0
240.707,0.0339,0.1000,PATROL,0
240.741,0.0341,0.0000,PATROL,0
240.776,0.0341,0.0000,PATROL,0
240.809,0.0337,0.1000,PATROL,0
240.843,0.0342,0.0000,PATROL,0
240.878,0.0341,0.0000,PATROL,0
240.912,0.0343,0.1000,PATROL,0
240.946,0.0340,0.0000,PATROL,0
240.980,0.0338,0.0000,PATROL,0
241.014,0.0339,0.1000,PATROL,0
241.048,0.0341,0.0000,PATROL,0
241.082,0.0339,0.0000,PATROL,0
241.116,0.0340,0.1000,PATROL,0
241.150,0.0340,0.0000,PATROL,0
241.184,0.0340,0.0000,PATROL,0
241.218,0.0341,0.1000,PATROL,0
241.252,0.0339,0.0000,PATROL,0
241.286,0.0343,0.0000,PATROL,0
241.320,0.0339,0.1000,PATROL,0
241.354,0.0342,0.0000,PATROL,0
241.388,0.0340,0.1000,PATROL,0
241.422,0.0338,0.0000,PATROL,0
241.456,0.0341,0.0000,PATROL,0
241.490,0.0338,0.1000,PATROL,0
241.524,0.0342,0.0000,PATROL,0
241.558,0.0341,0.0000,PATROL,0
241.592,0.0339,0.1000,PATROL,0
241.626,0.0341,0.0000,PATROL,0
241.660,0.0340,0.0000,PATROL,0
241.694,0.0342,0.1000,PATROL,0
241.728,0.0337,0.0000,PATROL,0
241.762,0.0344,0.0000,PATROL,0
241.796,0.0339,0.1000,PATROL,0
241.830,0.0339,0.0000,PATROL,0
241.864,0.0342,0.0000,PATROL,0
241.898,0.0338,0.1000,PATROL,0
241.932,0.0340,0.0000,PATROL,0
241.966,0.0343,0.0000,PATROL,0
242.000,0.0338,0.1000,PATROL,0
242.035,0.0345,0.0000,PATROL,0
242.068,0.0334,0.0000,PATROL,0
242.102,0.0343,0.1000,PATROL,0
242.136,0.0338,0.0000,PATROL,0
242.170,0.0339,0.0000,PATROL,0
242.204,0.0341,0.1000,PATROL,0
242.238,0.0339,0.0000,PATROL,0
242.272,0.0340,0.0000,PATROL,0
242.306,0.0344,0.1000,PATROL,0
242.340,0.0339,0.0000,PATROL,0
242.374,0.0340,0.0000,PATROL,0
242.408,0.0339,0.1000,PATROL,0
242.443,0.0344,0.0000,PATROL,0
242.477,0.0338,0.0000,PATROL,0
242.511,0.0348,0.1000,PATROL,0
242.544,0.0331,0.0000,PATROL,0
242.578,0.0340,0.0000,PATROL,0
242.612,0.0339,0.1000,PATROL,0
242.646,0.0341,0.0000,PATROL,0
242.680,0.0340,0.0000,PATROL,0
242.714,0.0339,0.1000,PATROL,0
242.748,0.0340,0.0000,PATROL,0
242.783,0.0347,0.0000,PATROL,0
242.817,0.0335,0.1000,PATROL,0
242.850,0.0339,0.0000,PATROL,0
242.885,0.0341,0.0000,PATROL,0
242.918,0.0340,0.1000,PATROL,0
242.953,0.0341,0.0000,PATROL,0
242.987,0.0341,0.0000,PATROL,0
243.020,0.0338,0.1000,PATROL,0
243.055,0.0344,0.0000,PATROL,0
243.089,0.0343,0.1000,PATROL,0
243.123,0.0336,0.0000,PATROL,0
243.157,0.0339,0.0000,PATROL,0
243.191,0.0338,0.1000,PATROL,0
243.225,0.0345,0.0000,PATROL,0
243.259,0.0336,0.0000,PATROL,0
243.293,0.0340,0.1000,PATROL,0
243.327,0.0343,0.0000,PATROL,0
243.361,0.0338,0.0000,PATROL,0
243.395,0.0339,0.1000,PATROL,0
243.429,0.0340,0.0000,PATROL,0
243.463,0.0343,0.0000,PATROL,0
243.497,0.0338,0.1000,PATROL,0
243.531,0.0345,0.0000,PATROL,0
243.565,0.0341,0.0000,PATROL,0
243.599,0.0340,0.1000,PATROL,0
243.633,0.0339,0.0000,PATROL,0
243.667,0.0339,0.0000,PATROL,0
243.701,0.0340,0.1000,PATROL,0
243.735,0.0340,0.0000,PATROL,0
243.769,0.0341,0.0000,PATROL,0
243.803,0.0342,0.1000,PATROL,0
243.837,0.0338,0.0000,PATROL,0
243.871,0.0339,0.0000,PATROL,0
243.905,0.0341,0.1000,PATROL,0
243.939,0.0342,0.0000,PATROL,0
243.973,0.0338,0.0000,PATROL,0
244.007,0.0339,0.1000,PATROL,0
244.041,0.0340,0.0000,PATROL,0
244.075,0.0341,0.0000,PATROL,0
244.109,0.0340,0.1000,PATROL,0
244.143,0.0341,0.0000,PATROL,0
244.177,0.0340,0.0000,PATROL,0
244.211,0.0340,0.1000,PATROL,0
244.245,0.0342,0.0000,PATROL,0
244.279,0.0341,0.0000,PATROL,0
244.313,0.0337,0.1000,PATROL,0
244.348,0.0344,0.0000,PATROL,0
244.381,0.0338,0.0000,PATROL,0
244.415,0.0339,0.1000,PATROL,0
244.449,0.0339,0.0000,PATROL,0
244.483,0.0341,0.0000,PATROL,0
244.517,0.0339,0.1000,PATROL,0
244.551,0.0341,0.0000,PATROL,0
244.586,0.0342,0.0000,PATROL,0
244.620,0.0339,0.1000,PATROL,0
244.654,0.0340,0.0000,PATROL,0
244.688,0.0346,0.0000,PATROL,0
244.722,0.0334,0.1000,PATROL,0
244.756,0.0340,0.0000,PATROL,0
244.790,0.0344,0.1000,PATROL,0
244.824,0.0337,0.0000,PATROL,0
244.858,0.0346,0.0000,PATROL,0
244.892,0.0334,0.1000,PATROL,0
244.926,0.0341,0.0000,PATROL,0
244.960,0.0339,0.0000,PATROL,0
244.994,0.0339,0.1000,PATROL,0
245.028,0.0341,0.0000,PATROL,0
245.062,0.0343,0.0000,PATROL,0
245.096,0.0338,0.1000,PATROL,0
245.130,0.0341,0.0000,PATROL,0
245.164,0.0342,0.0000,PATROL,0
245.198,0.0338,0.1000,PATROL,0
245.232,0.0342,0.0000,PATROL,0
245.266,0.0337,0.0000,PATROL,0
245.300,0.0342,0.1000,PATROL,0
245.334,0.0339,0.0000,PATROL,0
245.368,0.0343,0.0000,PATROL,0
245.402,0.0339,0.1000,PATROL,0
245.436,0.0337,0.0000,PATROL,0
245.470,0.0342,0.0000,PATROL,0
245.504,0.0340,0.1000,PATROL,0
245.538,0.0340,0.0000,PATROL,0
245.572,0.0339,0.0000,PATROL,0
245.606,0.0343,0.1000,PATROL,0
245.640,0.0338,0.0000,PATROL,0
245.674,0.0339,0.0000,PATROL,0
245.708,0.0340,0.1000,PATROL,0
245.742,0.0341,0.0000,PATROL,0
245.776,0.0340,0.0000,PATROL,0
245.810,0.0338,0.1000,PATROL,0
245.844,0.0342,0.0000,PATROL,0
245.878,0.0343,0.0000,PATROL,0
245.912,0.0337,0.1000,PATROL,0
245.946,0.0342,0.0000,PATROL,0
245.980,0.0340,0.0000,PATROL,0
246.014,0.0340,0.1000,PATROL,0
246.048,0.0341,0.0000,PATROL,0
246.082,0.0340,0.0000,PATROL,0
246.116,0.0338,0.1000,PATROL,0
246.150,0.0340,0.0000,PATROL,0
246.184,0.0341,0.0000,PATROL,0
246.218,0.0340,0.1000,PATROL,0
246.252,0.0340,0.0000,PATROL,0
246.286,0.0342,0.0000,PATROL,0
246.320,0.0339,0.1000,PATROL,0
246.354,0.0338,0.0000,PATROL,0
246.388,0.0342,0.0000,PATROL,0
246.422,0.0341,0.1000,PATROL,0
246.456,0.0340,0.0000,PATROL,0
246.491,0.0343,0.1000,PATROL,0
246.525,0.0338,0.0000,PATROL,0
246.559,0.0341,0.0000,PATROL,0
246.592,0.0336,0.1000,PATROL,0
246.626,0.0342,0.0000,PATROL,0
246.661,0.0341,0.0000,PATROL,0
246.694,0.0339,0.1000,PATROL,0
246.729,0.0343,0.0000,PATROL,0
246.762,0.0338,0.0000,PATROL,0
246.797,0.0342,0.1000,PATROL,0
246.831,0.0341,0.0000,PATROL,0
246.865,0.0339,0.0000,PATROL,0
246.898,0.0338,0.1000,PATROL,0
246.932,0.0340,0.0000,PATROL,0
246.967,0.0345,0.0000,PATROL,0
247.001,0.0338,0.1000,PATROL,0
247.035,0.0342,0.0000,PATROL,0
247.069,0.0340,0.0000,PATROL,0
247.103,0.0338,0.1000,PATROL,0
247.137,0.0339,0.0000,PATROL,0
247.171,0.0342,0.0000,PATROL,0
247.205,0.0340,0.1000,PATROL,0
247.239,0.0340,0.0000,PATROL,0
247.273,0.0340,0.0000,PATROL,0
247.307,0.0341,0.1000,PATROL,0
247.341,0.0339,0.0000,PATROL,0
247.375,0.0344,0.0000,PATROL,0
247.409,0.0336,0.1000,PATROL,0
247.443,0.0342,0.0000,PATROL,0
247.477,0.0338,0.0000,PATROL,0
247.511,0.0340,0.1000,PATROL,0
247.545,0.0341,0.0000,PATROL,0
247.579,0.0341,0.0000,PATROL,0
247.613,0.0341,0.1000,PATROL,0
247.647,0.0341,0.0000,PATROL,0
247.681,0.0339,0.0000,PATROL,0
247.715,0.0341,0.1000,PATROL,0
247.749,0.0339,0.0000,PATROL,0
247.783,0.0339,0.0000,PATROL,0
247.817,0.0340,0.1000,PATROL,0
247.851,0.0341,0.0000,PATROL,0
247.885,0.0343,0.0000,PATROL,0
247.919,0.0336,0.1000,PATROL,0
247.953,0.0341,0.0000,PATROL,0
247.987,0.0341,0.0000,PATROL,0
248.021,0.0339,0.1000,PATROL,0
248.055,0.0339,0.0000,PATROL,0
248.089,0.0341,0.0000,PATROL,0
248.123,0.0339,0.1000,PATROL,0
248.157,0.0339,0.0000,PATROL,0
248.191,0.0343,0.1000,PATROL,0
248.225,0.0341,0.0000,PATROL,0
248.259,0.0338,0.0000,PATROL,0
248.293,0.0339,0.1000,PATROL,0
248.327,0.0342,0.0000,PATROL,0
248.361,0.0340,0.0000,PATROL,0
248.395,0.0339,0.1000,PATROL,0
248.430,0.0345,0.0000,PATROL,0
248.463,0.0338,0.0000,PATROL,0
248.497,0.0337,0.1000,PATROL,0
248.531,0.0341,0.0000,PATROL,0
248.565,0.0342,0.0000,PATROL,0
248.600,0.0340,0.1000,PATROL,0
248.633,0.0338,0.0000,PATROL,0
248.667,0.0342,0.0000,PATROL,0
248.702,0.0342,0.1000,PATROL,0
248.735,0.0338,0.0000,PATROL,0
248.770,0.0342,0.0000,PATROL,0
248.804,0.0341,0.1000,PATROL,0
248.838,0.0340,0.0000,PATROL,0
248.872,0.0341,0.0000,PATROL,0
248.906,0.0343,0.1000,PATROL,0
248.940,0.0338,0.0000,PATROL,0
248.974,0.0336,0.0000,PATROL,0
249.008,0.0345,0.1000,PATROL,0
249.041,0.0335,0.0000,PATROL,0
249.075,0.0339,0.0000,PATROL,0
249.109,0.0341,0.1000,PATROL,0
249.143,0.0339,0.0000,PATROL,0
249.178,0.0342,0.0000,PATROL,0
249.211,0.0339,0.1000,PATROL,0
249.246,0.0340,0.0000,PATROL,0
249.280,0.0341,0.0000,PATROL,0
249.314,0.0340,0.1000,PATROL,0
249.348,0.0341,0.0000,PATROL,0
249.382,0.0341,0.0000,PATROL,0
249.416,0.0340,0.1000,PATROL,0
249.450,0.0341,0.0000,PATROL,0
249.484,0.0341,0.0000,PATROL,0
249.518,0.0339,0.1000,PATROL,0
249.552,0.0343,0.0000,PATROL,0
249.586,0.0341,0.0000,PATROL,0
249.620,0.0339,0.1000,PATROL,0
249.654,0.0340,0.0000,PATROL,0
249.688,0.0342,0.0000,PATROL,0
249.722,0.0338,0.1000,PATROL,0
249.756,0.0342,0.0000,PATROL,0
249.790,0.0339,0.0000,PATROL,0
249.824,0.0340,0.1000,PATROL,0
249.858,0.0340,0.0000,PATROL,0
249.892,0.0345,0.1000,PATROL,0
249.926,0.0338,0.0000,PATROL,0
249.960,0.0338,0.0000,PATROL,0
249.994,0.0338,0.1000,PATROL,0
250.028,0.0342,0.0000,PATROL,0
250.062,0.0341,0.0000,PATROL,0
250.096,0.0339,0.1000,PATROL,0
250.130,0.0341,0.0000,PATROL,0
250.164,0.0339,0.0000,PATROL,0
250.198,0.0341,0.1000,PATROL,0
250.232,0.0338,0.0000,PATROL,0
250.266,0.0342,0.0000,PATROL,0
250.300,0.0339,0.1000,PATROL,0
250.334,0.0341,0.0000,PATROL,0
250.369,0.0343,0.0000,PATROL,0
250.402,0.0336,0.1000,PATROL,0
250.436,0.0340,0.0000,PATROL,0
250.470,0.0342,0.0000,PATROL,0
250.505,0.0342,0.1000,PATROL,0
250.539,0.0341,0.0000,PATROL,0
250.572,0.0338,0.0000,PATROL,0
250.606,0.0340,0.1000,PATROL,0
250.641,0.0342,0.0000,PATROL,0
250.674,0.0339,0.0000,PATROL,0
250.708,0.0338,0.1000,PATROL,0
250.743,0.0343,0.0000,PATROL,0
250.776,0.0339,0.0000,PATROL,0
250.810,0.0339,0.1000,PATROL,0
250.845,0.0341,0.0000,PATROL,0
250.878,0.0340,0.0000,PATROL,0
250.912,0.0339,0.1000,PATROL,0
250.946,0.0340,0.0000,PATROL,0
250.980,0.0341,0.0000,PATROL,0
251.014,0.0338,0.1000,PATROL,0
251.049,0.0344,0.0000,PATROL,0
251.083,0.0338,0.0000,PATROL,0
251.116,0.0339,0.1000,PATROL,0
251.151,0.0342,0.0000,PATROL,0
251.185,0.0338,0.0000,PATROL,0
251.219,0.0341,0.1000,PATROL,0
251.253,0.0338,0.0000,PATROL,0
251.287,0.0342,0.0000,PATROL,0
251.322,0.0349,0.1000,PATROL,0
251.355,0.0329,0.0000,PATROL,0
251.389,0.0342,0.0000,PATROL,0
251.423,0.0340,0.1000,PATROL,0
251.457,0.0339,0.0000,PATROL,0
251.491,0.0340,0.0000,PATROL,0
251.525,0.0340,0.1000,PATROL,0
251.559,0.0339,0.0000,PATROL,0
251.593,0.0344,0.1000,PATROL,0
251.627,0.0340,0.0000,PATROL,0
251.661,0.0342,0.0000,PATROL,0
251.695,0.0340,0.1000,PATROL,0
251.729,0.0338,0.0000,PATROL,0
251.763,0.0341,0.0000,PATROL,0
251.797,0.0337,0.1000,PATROL,0
251.831,0.0342,0.0000,PATROL,0
251.865,0.0340,0.0000,PATROL,0
251.899,0.0340,0.1000,PATROL,0
251.933,0.0339,0.0000,PATROL,0
251.967,0.0342,0.0000,PATROL,0
252.001,0.0339,0.1000,PATROL,0
252.035,0.0339,0.0000,PATROL,0
252.069,0.0342,0.0000,PATROL,0
252.103,0.0339,0.1000,PATROL,0
252.137,0.0340,0.0000,PATROL,0
252.171,0.0341,0.0000,PATROL,0
252.205,0.0339,0.1000,PATROL,0
252.239,0.0340,0.0000,PATROL,0
252.273,0.0338,0.0000,PATROL,0
252.307,0.0340,0.1000,PATROL,0
252.341,0.0345,0.0000,PATROL,0
252.375,0.0340,0.0000,PATROL,0
252.409,0.0337,0.1000,PATROL,0
252.443,0.0341,0.0000,PATROL,0
252.477,0.0340,0.0000,PATROL,0
252.511,0.0340,0.1000,PATROL,0
252.545,0.0341,0.0000,PATROL,0
252.579,0.0340,0.0000,PATROL,0
252.613,0.0340,0.1000,PATROL,0
252.648,0.0343,0.0000,PATROL,0
252.681,0.0338,0.0000,PATROL,0
252.715,0.0339,0.1000,PATROL,0
252.750,0.0344,0.0000,PATROL,0
252.783,0.0338,0.0000,PATROL,0
252.817,0.0338,0.1000,PATROL,0
252.851,0.0341,0.0000,PATROL,0
252.886,0.0343,0.0000,PATROL,0
252.919,0.0336,0.1000,PATROL,0
252.953,0.0340,0.0000,PATROL,0
252.987,0.0341,0.0000,PATROL,0
253.021,0.0339,0.1000,PATROL,0
253.055,0.0339,0.0000,PATROL,0
253.090,0.0344,0.0000,PATROL,0
253.123,0.0338,0.1000,PATROL,0
253.157,0.0339,0.0000,PATROL,0
253.192,0.0344,0.0000,PATROL,0
253.226,0.0340,0.1000,PATROL,0
253.260,0.0338,0.0000,PATROL,0
253.294,0.0342,0.1000,PATROL,0
253.328,0.0340,0.0000,PATROL,0
253.362,0.0339,0.0000,PATROL,0
253.396,0.0338,0.1000,PATROL,0
253.430,0.0343,0.0000,PATROL,0
253.464,0.0339,0.0000,PATROL,0
253.497,0.0338,0.1000,PATROL,0
253.532,0.0343,0.0000,PATROL,0
253.566,0.0339,0.0000,PATROL,0
253.600,0.0339,0.1000,PATROL,0
253.634,0.0339,0.0000,PATROL,0
253.668,0.0342,0.0000,PATROL,0
253.702,0.0339,0.1000,PATROL,0
253.736,0.0341,0.0000,PATROL,0
253.770,0.0341,0.0000,PATROL,0
253.804,0.0342,0.1000,PATROL,0
253.838,0.0338,0.0000,PATROL,0
253.872,0.0341,0.0000,PATROL,0
253.906,0.0342,0.1000,PATROL,0
253.940,0.0339,0.0000,PATROL,0
253.974,0.0337,0.0000,PATROL,0
254.008,0.0340,0.1000,PATROL,0
254.042,0.0344,0.0000,PATROL,0
254.076,0.0339,0.0000,PATROL,0
254.110,0.0340,0.1000,PATROL,0
254.144,0.0341,0.0000,PATROL,0
254.178,0.0338,0.0000,PATROL,0
254.212,0.0342,0.1000,PATROL,0
254.246,0.0341,0.0000,PATROL,0
254.280,0.0338,0.0000,PATROL,0
254.314,0.0338,0.1000,PATROL,0
254.348,0.0343,0.0000,PATROL,0
254.382,0.0341,0.0000,PATROL,0
254.416,0.0338,0.1000,PATROL,0
254.450,0.0343,0.0000,PATROL,0
254.484,0.0339,0.0000,PATROL,0
254.518,0.0338,0.1000,PATROL,0
254.552,0.0342,0.0000,PATROL,0
254.586,0.0341,0.0000,PATROL,0
254.620,0.0338,0.1000,PATROL,0
254.654,0.0341,0.0000,PATROL,0
254.688,0.0343,0.0000,PATROL,0
254.722,0.0337,0.1000,PATROL,0
254.756,0.0340,0.0000,PATROL,0
254.791,0.0343,0.0000,PATROL,0
254.825,0.0340,0.1000,PATROL,0
254.859,0.0340,0.0000,PATROL,0
254.892,0.0339,0.0000,PATROL,0
254.927,0.0341,0.1000,PATROL,0
254.960,0.0338,0.0000,PATROL,0
254.994,0.0341,0.1000,PATROL,0
255.028,0.0338,0.0000,PATROL,0
255.063,0.0343,0.0000,PATROL,0
255.096,0.0337,0.1000,PATROL,0
255.131,0.0347,0.0000,PATROL,0
255.164,0.0335,0.0000,PATROL,0
255.199,0.0341,0.1000,PATROL,0
255.233,0.0343,0.0000,PATROL,0
255.267,0.0336,0.0000,PATROL,0
255.300,0.0339,0.1000,PATROL,0
255.335,0.0340,0.0000,PATROL,0
255.369,0.0343,0.0000,PATROL,0
255.403,0.0337,0.1000,PATROL,0
255.437,0.0342,0.0000,PATROL,0
255.471,0.0343,0.0000,PATROL,0
255.505,0.0335,0.1000,PATROL,0
255.539,0.0342,0.0000,PATROL,0
255.573,0.0341,0.0000,PATROL,0
255.607,0.0339,0.1000,PATROL,0
255.641,0.0340,0.0000,PATROL,0
255.675,0.0340,0.0000,PATROL,0
255.709,0.0340,0.1000,PATROL,0
255.743,0.0343,0.0000,PATROL,0
255.777,0.0338,0.0000,PATROL,0
255.811,0.0338,0.1000,PATROL,0
255.845,0.0341,0.0000,PATROL,0
255.879,0.0340,0.0000,PATROL,0
255.913,0.0340,0.1000,PATROL,0
255.947,0.0339,0.0000,PATROL,0
255.981,0.0342,0.0000,PATROL,0
256.015,0.0339,0.1000,PATROL,0
256.049,0.0343,0.0000,PATROL,0
256.083,0.0340,0.0000,PATROL,0
256.117,0.0337,0.1000,PATROL,0
256.151,0.0343,0.0000,PATROL,0
256.185,0.0339,0.0000,PATROL,0
256.219,0.0341,0.1000,PATROL,0
256.253,0.0341,0.0000,PATROL,0
256.288,0.0347,0.0000,PATROL,0
256.321,0.0332,0.1000,PATROL,0
256.355,0.0341,0.0000,PATROL,0
256.389,0.0341,0.0000,PATROL,0
256.423,0.0342,0.1000,PATROL,0
256.458,0.0342,0.0000,PATROL,0
256.492,0.0340,0.0000,PATROL,0
256.526,0.0340,0.1000,PATROL,0
256.560,0.0340,0.0000,PATROL,0
256.594,0.0338,0.0000,PATROL,0
256.627,0.0339,0.1000,PATROL,0
256.661,0.0340,0.0000,PATROL,0
256.696,0.0346,0.1000,PATROL,0
256.730,0.0335,0.0000,PATROL,0
256.763,0.0339,0.0000,PATROL,0
256.797,0.0337,0.1000,PATROL,0
256.832,0.0344,0.0000,PATROL,0
256.866,0.0340,0.0000,PATROL,0
256.899,0.0338,0.1000,PATROL,0
256.933,0.0340,0.0000,PATROL,0
256.967,0.0340,0.0000,PATROL,0
257.001,0.0339,0.1000,PATROL,0
257.035,0.0339,0.0000,PATROL,0
257.070,0.0342,0.0000,PATROL,0
257.103,0.0340,0.1000,PATROL,0
257.137,0.0340,0.0000,PATROL,0
257.172,0.0342,0.0000,PATROL,0
257.206,0.0344,0.1000,PATROL,0
257.239,0.0335,0.0000,PATROL,0
257.274,0.0341,0.0000,PATROL,0
257.307,0.0338,0.1000,PATROL,0
257.342,0.0341,0.0000,PATROL,0
257.376,0.0344,0.0000,PATROL,0
257.410,0.0337,0.1000,PATROL,0
257.444,0.0342,0.0000,PATROL,0
257.478,0.0339,0.0000,PATROL,0
257.512,0.0341,0.1000,PATROL,0
257.546,0.0339,0.0000,PATROL,0
257.580,0.0340,0.0000,PATROL,0
257.614,0.0344,0.1000,PATROL,0
257.648,0.0343,0.0000,PATROL,0
257.682,0.0335,0.0000,PATROL,0
257.716,0.0339,0.1000,PATROL,0
257.750,0.0342,0.0000,PATROL,0
257.784,0.0338,0.0000,PATROL,0
257.818,0.0340,0.1000,PATROL,0
257.852,0.0342,0.0000,PATROL,0
257.886,0.0341,0.0000,PATROL,0
257.920,0.0339,0.1000,PATROL,0
257.954,0.0343,0.0000,PATROL,0
257.988,0.0337,0.0000,PATROL,0
258.022,0.0340,0.1000,PATROL,0
258.056,0.0338,0.0000,PATROL,0
258.090,0.0343,0.0000,PATROL,0
258.124,0.0338,0.1000,PATROL,0
258.158,0.0339,0.0000,PATROL,0
258.192,0.0342,0.0000,PATROL,0
258.226,0.0341,0.1000,PATROL,0
258.260,0.0342,0.0000,PATROL,0
258.294,0.0341,0.0000,PATROL,0
258.328,0.0339,0.1000,PATROL,0
258.362,0.0339,0.0000,PATROL,0
258.397,0.0344,0.1000,PATROL,0
258.430,0.0336,0.0000,PATROL,0
258.464,0.0342,0.0000,PATROL,0
258.498,0.0338,0.1000,PATROL,0
258.532,0.0340,0.0000,PATROL,0
258.566,0.0340,0.0000,PATROL,0
258.600,0.0341,0.1000,PATROL,0
258.635,0.0341,0.0000,PATROL,0
258.669,0.0339,0.0000,PATROL,0
258.702,0.0337,0.1000,PATROL,0
258.736,0.0341,0.0000,PATROL,0
258.770,0.0339,0.0000,PATROL,0
258.804,0.0340,0.1000,PATROL,0
258.838,0.0340,0.0000,PATROL,0
258.872,0.0343,0.0000,PATROL,0
258.906,0.0340,0.1000,PATROL,0
258.941,0.0340,0.0000,PATROL,0
258.975,0.0341,0.0000,PATROL,0
259.008,0.0337,0.1000,PATROL,0
259.043,0.0346,0.0000,PATROL,0
259.077,0.0338,0.0000,PATROL,0
259.111,0.0339,0.1000,PATROL,0
259.145,0.0343,0.0000,PATROL,0
259.179,0.0336,0.0000,PATROL,0
259.213,0.0341,0.1000,PATROL,0
259.247,0.0347,0.0000,PATROL,0
259.281,0.0333,0.0000,PATROL,0
259.315,0.0341,0.1000,PATROL,0
259.349,0.0342,0.0000,PATROL,0
259.383,0.0338,0.0000,PATROL,0
259.416,0.0339,0.1000,PATROL,0
259.451,0.0342,0.0000,PATROL,0
259.485,0.0341,0.0000,PATROL,0
259.519,0.0339,0.1000,PATROL,0
259.553,0.0340,0.0000,PATROL,0
259.587,0.0344,0.0000,PATROL,0
259.621,0.0336,0.1000,PATROL,0
259.655,0.0341,0.0000,PATROL,0
259.689,0.0339,0.0000,PATROL,0
259.723,0.0339,0.1000,PATROL,0
259.757,0.0343,0.0000,PATROL,0
259.791,0.0339,0.0000,PATROL,0
259.825,0.0340,0.1000,PATROL,0
259.859,0.0341,0.0000,PATROL,0
259.893,0.0338,0.0000,PATROL,0
259.927,0.0340,0.1000,PATROL,0
259.961,0.0341,0.0000,PATROL,0
259.995,0.0345,0.0000,PATROL,0
260.029,0.0336,0.1000,PATROL,0
260.063,0.0343,0.0000,PATROL,0
260.097,0.0340,0.1000,PATROL,0
260.131,0.0340,0.0000,PATROL,0
260.165,0.0340,0.0000,PATROL,0
260.199,0.0339,0.1000,PATROL,0
260.233,0.0340,0.0000,PATROL,0
260.267,0.0341,0.0000,PATROL,0
260.301,0.0338,0.1000,PATROL,0
260.337,0.0356,0.0000,PATROL,0
260.369,0.0328,0.0000,PATROL,0
260.403,0.0342,0.1000,PATROL,0
260.437,0.0336,0.0000,PATROL,0
260.471,0.0341,0.0000,PATROL,0
260.505,0.0341,0.1000,PATROL,0
260.539,0.0338,0.0000,PATROL,0
260.573,0.0343,0.0000,PATROL,0
260.607,0.0337,0.1000,PATROL,0
260.641,0.0340,0.0000,PATROL,0
260.675,0.0343,0.0000,PATROL,0
260.709,0.0338,0.1000,PATROL,0
260.744,0.0344,0.0000,PATROL,0
260.777,0.0338,0.0000,PATROL,0
260.812,0.0343,0.1000,PATROL,0
260.846,0.0340,0.0000,PATROL,0
260.879,0.0339,0.0000,PATROL,0
260.913,0.0341,0.1000,PATROL,0
260.948,0.0342,0.0000,PATROL,0
260.982,0.0339,0.0000,PATROL,0
261.016,0.0340,0.1000,PATROL,0
261.050,0.0339,0.0000,PATROL,0
261.083,0.0339,0.0000,PATROL,0
261.117,0.0339,0.1000,PATROL,0
261.152,0.0342,0.0000,PATROL,0
261.186,0.0339,0.0000,PATROL,0
261.219,0.0339,0.1000,PATROL,0
261.254,0.0343,0.0000,PATROL,0
261.288,0.0340,0.0000,PATROL,0
261.322,0.0340,0.1000,PATROL,0
261.356,0.0340,0.0000,PATROL,0
261.390,0.0341,0.0000,PATROL,0
261.424,0.0338,0.1000,PATROL,0
261.458,0.0345,0.0000,PATROL,0
261.492,0.0338,0.0000,PATROL,0
261.526,0.0341,0.1000,PATROL,0
261.560,0.0340,0.0000,PATROL,0
261.594,0.0342,0.0000,PATROL,0
261.628,0.0337,0.1000,PATROL,0
261.662,0.0340,0.0000,PATROL,0
261.696,0.0345,0.0000,PATROL,0
261.730,0.0335,0.1000,PATROL,0
261.764,0.0344,0.0000,PATROL,0
261.798,0.0341,0.1000,PATROL,0
261.832,0.0337,0.0000,PATROL,0
261.866,0.0341,0.0000,PATROL,0
261.900,0.0338,0.1000,PATROL,0
261.934,0.0342,0.0000,PATROL,0
261.969,0.0345,0.0000,PATROL,0
262.002,0.0334,0.1000,PATROL,0
262.036,0.0341,0.0000,PATROL,0
262.070,0.0340,0.0000,PATROL,0
262.104,0.0338,0.1000,PATROL,0
262.138,0.0341,0.0000,PATROL,0
262.173,0.0347,0.0000,PATROL,0
262.206,0.0334,0.1000,PATROL,0
262.240,0.0343,0.0000,PATROL,0
262.274,0.0339,0.0000,PATROL,0
262.308,0.0338,0.1000,PATROL,0
262.342,0.0340,0.0000,PATROL,0
262.376,0.0342,0.0000,PATROL,0
262.410,0.0337,0.1000,PATROL,0
262.444,0.0342,0.0000,PATROL,0
262.478,0.0338,0.0000,PATROL,0
262.512,0.0339,0.1000,PATROL,0
262.546,0.0342,0.0000,PATROL,0
262.580,0.0342,0.0000,PATROL,0
262.614,0.0339,0.1000,PATROL,0
262.648,0.0340,0.0000,PATROL,0
262.682,0.0340,0.0000,PATROL,0
262.716,0.0339,0.1000,PATROL,0
262.750,0.0342,0.0000,PATROL,0
262.785,0.0341,0.0000,PATROL,0
262.818,0.0338,0.1000,PATROL,0
262.853,0.0344,0.0000,PATROL,0
262.887,0.0338,0.0000,PATROL,0
262.920,0.0339,0.1000,PATROL,0
262.955,0.0344,0.0000,PATROL,0
262.989,0.0337,0.0000,PATROL,0
263.023,0.0340,0.1000,PATROL,0
263.057,0.0341,0.0000,PATROL,0
263.091,0.0340,0.0000,PATROL,0
263.125,0.0339,0.1000,PATROL,0
263.158,0.0338,0.0000,PATROL,0
263.193,0.0343,0.0000,PATROL,0
263.227,0.0339,0.1000,PATROL,0
263.261,0.0341,0.0000,PATROL,0
263.295,0.0344,0.0000,PATROL,0
263.329,0.0339,0.1000,PATROL,0
263.363,0.0337,0.0000,PATROL,0
263.397,0.0341,0.0000,PATROL,0
263.431,0.0340,0.1000,PATROL,0
263.465,0.0339,0.0000,PATROL,0
263.499,0.0343,0.1000,PATROL,0
263.533,0.0338,0.0000,PATROL,0
263.567,0.0343,0.0000,PATROL,0
263.601,0.0337,0.1000,PATROL,0
263.635,0.0341,0.0000,PATROL,0
263.669,0.0339,0.0000,PATROL,0
263.703,0.0340,0.1000,PATROL,0
263.737,0.0343,0.0000,PATROL,0
263.771,0.0338,0.0000,PATROL,0
263.805,0.0339,0.1000,PATROL,0
263.839,0.0342,0.0000,PATROL,0
263.873,0.0340,0.0000,PATROL,0
263.907,0.0337,0.1000,PATROL,0
263.941,0.0343,0.0000,PATROL,0
263.975,0.0339,0.0000,PATROL,0
264.009,0.0339,0.1000,PATROL,0
264.043,0.0341,0.0000,PATROL,0
264.077,0.0341,0.0000,PATROL,0
264.111,0.0339,0.1000,PATROL,0
264.145,0.0340,0.0000,PATROL,0
264.179,0.0341,0.0000,PATROL,0
264.213,0.0341,0.1000,PATROL,0
264.247,0.0341,0.0000,PATROL,0
264.281,0.0339,0.0000,PATROL,0
264.315,0.0339,0.1000,PATROL,0
264.350,0.0346,0.0000,PATROL,0
264.384,0.0341,0.0000,PATROL,0
264.418,0.0338,0.1000,PATROL,0
264.451,0.0337,0.0000,PATROL,0
264.485,0.0339,0.0000,PATROL,0
264.519,0.0340,0.1000,PATROL,0
264.553,0.0342,0.0000,PATROL,0
264.587,0.0339,0.0000,PATROL,0
264.621,0.0339,0.1000,PATROL,0
264.656,0.0344,0.0000,PATROL,0
264.690,0.0339,0.0000,PATROL,0
264.723,0.0339,0.1000,PATROL,0
264.758,0.0343,0.0000,PATROL,0
264.792,0.0340,0.0000,PATROL,0
264.826,0.0340,0.1000,PATROL,0
264.859,0.0338,0.0000,PATROL,0
264.893,0.0338,0.0000,PATROL,0
264.928,0.0345,0.1000,PATROL,0
264.961,0.0335,0.0000,PATROL,0
264.996,0.0342,0.0000,PATROL,0
265.029,0.0339,0.1000,PATROL,0
265.063,0.0340,0.0000,PATROL,0
265.098,0.0342,0.0000,PATROL,0
265.132,0.0342,0.1000,PATROL,0
265.165,0.0337,0.0000,PATROL,0
265.200,0.0346,0.1000,PATROL,0
265.233,0.0334,0.0000,PATROL,0
265.267,0.0340,0.0000,PATROL,0
265.301,0.0340,0.1000,PATROL,0
265.335,0.0340,0.0000,PATROL,0
265.369,0.0339,0.0000,PATROL,0
265.403,0.0340,0.1000,PATROL,0
265.438,0.0342,0.0000,PATROL,0
265.472,0.0348,0.0000,PATROL,0
265.506,0.0337,0.1000,PATROL,0
265.540,0.0334,0.0000,PATROL,0
265.574,0.0341,0.0000,PATROL,0
265.607,0.0339,0.1000,PATROL,0
265.642,0.0342,0.0000,PATROL,0
265.676,0.0341,0.0000,PATROL,0
265.710,0.0339,0.1000,PATROL,0
265.744,0.0343,0.0000,PATROL,0
265.778,0.0339,0.0000,PATROL,0
265.812,0.0339,0.1000,PATROL,0
265.846,0.0341,0.0000,PATROL,0
265.880,0.0339,0.0000,PATROL,0
265.914,0.0341,0.1000,PATROL,0
265.948,0.0343,0.0000,PATROL,0
265.982,0.0341,0.0000,PATROL,0
266.016,0.0337,0.1000,PATROL,0
266.050,0.0341,0.0000,PATROL,0
266.084,0.0339,0.0000,PATROL,0
266.118,0.0340,0.1000,PATROL,0
266.152,0.0340,0.0000,PATROL,0
266.186,0.0338,0.0000,PATROL,0
266.220,0.0341,0.1000,PATROL,0
266.254,0.0342,0.0000,PATROL,0
266.288,0.0340,0.0000,PATROL,0
266.322,0.0338,0.1000,PATROL,0
266.356,0.0345,0.0000,PATROL,0
266.390,0.0338,0.0000,PATROL,0
266.424,0.0340,0.1000,PATROL,0
266.458,0.0340,0.0000,PATROL,0
266.492,0.0338,0.0000,PATROL,0
266.526,0.0339,0.1000,PATROL,0
266.561,0.0346,0.0000,PATROL,0
266.594,0.0335,0.0000,PATROL,0
266.628,0.0341,0.1000,PATROL,0
266.662,0.0338,0.0000,PATROL,0
266.696,0.0341,0.0000,PATROL,0
266.730,0.0341,0.1000,PATROL,0
266.764,0.0342,0.0000,PATROL,0
266.799,0.0343,0.0000,PATROL,0
266.832,0.0337,0.1000,PATROL,0
266.867,0.0342,0.0000,PATROL,0
266.901,0.0346,0.1000,PATROL,0
266.935,0.0334,0.0000,PATROL,0
266.968,0.0339,0.0000,PATROL,0
267.002,0.0338,0.1000,PATROL,0
267.036,0.0342,0.0000,PATROL,0
267.071,0.0341,0.0000,PATROL,0
267.104,0.0339,0.1000,PATROL,0
267.139,0.0342,0.0000,PATROL,0
267.173,0.0339,0.0000,PATROL,0
267.206,0.0338,0.1000,PATROL,0
267.240,0.0339,0.0000,PATROL,0
267.274,0.0342,0.0000,PATROL,0
267.308,0.0338,0.1000,PATROL,0
267.343,0.0344,0.0000,PATROL,0
267.377,0.0339,0.0000,PATROL,0
267.410,0.0338,0.1000,PATROL,0
267.445,0.0341,0.0000,PATROL,0
267.479,0.0341,0.0000,PATROL,0
267.513,0.0339,0.1000,PATROL,0
267.546,0.0340,0.0000,PATROL,0
267.581,0.0342,0.0000,PATROL,0
267.615,0.0342,0.1000,PATROL,0
267.649,0.0339,0.0000,PATROL,0
267.683,0.0337,0.0000,PATROL,0
267.717,0.0340,0.1000,PATROL,0
267.751,0.0341,0.0000,PATROL,0
267.785,0.0339,0.0000,PATROL,0
267.819,0.0341,0.1000,PATROL,0
267.853,0.0341,0.0000,PATROL,0
267.888,0.0353,0.0000,PATROL,0
267.921,0.0326,0.1000,PATROL,0
267.955,0.0342,0.0000,PATROL,0
267.989,0.0338,0.0000,PATROL,0
268.023,0.0340,0.1000,PATROL,0
268.057,0.0342,0.0000,PATROL,0
268.091,0.0340,0.0000,PATROL,0
268.125,0.0341,0.1000,PATROL,0
268.159,0.0340,0.0000,PATROL,0
268.193,0.0339,0.0000,PATROL,0
268.227,0.0340,0.1000,PATROL,0
268.261,0.0340,0.0000,PATROL,0
268.295,0.0342,0.0000,PATROL,0
268.329,0.0340,0.1000,PATROL,0
268.363,0.0341,0.0000,PATROL,0
268.397,0.0342,0.0000,PATROL,0
268.432,0.0344,0.1000,PATROL,0
268.465,0.0337,0.0000,PATROL,0
268.499,0.0340,0.0000,PATROL,0
268.533,0.0339,0.1000,PATROL,0
268.568,0.0341,0.0000,PATROL,0
268.602,0.0340,0.1000,PATROL,0
268.635,0.0339,0.0000,PATROL,0
268.669,0.0340,0.0000,PATROL,0
268.703,0.0338,0.1000,PATROL,0
268.738,0.0343,0.0000,PATROL,0
268.771,0.0339,0.0000,PATROL,0
268.805,0.0339,0.1000,PATROL,0
268.840,0.0342,0.0000,PATROL,0
268.874,0.0341,0.0000,PATROL,0
268.907,0.0337,0.1000,PATROL,0
268.941,0.0338,0.0000,PATROL,0
268.976,0.0348,0.0000,PATROL,0
269.009,0.0333,0.1000,PATROL,0
269.044,0.0343,0.0000,PATROL,0
269.078,0.0340,0.0000,PATROL,0
269.112,0.0339,0.1000,PATROL,0
269.146,0.0344,0.0000,PATROL,0
269.180,0.0338,0.0000,PATROL,0
269.214,0.0339,0.1000,PATROL,0
269.247,0.0339,0.0000,PATROL,0
269.281,0.0340,0.0000,PATROL,0
269.316,0.0341,0.1000,PATROL,0
269.350,0.0340,0.0000,PATROL,0
269.384,0.0341,0.0000,PATROL,0
269.418,0.0342,0.1000,PATROL,0
269.452,0.0338,0.0000,PATROL,0
269.486,0.0340,0.0000,PATROL,0
269.520,0.0346,0.1000,PATROL,0
269.554,0.0335,0.0000,PATROL,0
269.588,0.0340,0.0000,PATROL,0
269.622,0.0339,0.1000,PATROL,0
269.656,0.0345,0.0000,PATROL,0
269.690,0.0340,0.0000,PATROL,0
269.724,0.0335,0.1000,PATROL,0
269.758,0.0344,0.0000,PATROL,0
269.792,0.0339,0.0000,PATROL,0
269.826,0.0341,0.1000,PATROL,0
269.860,0.0339,0.0000,PATROL,0
269.894,0.0340,0.0000,PATROL,0
269.928,0.0340,0.1000,PATROL,0
269.962,0.0339,0.0000,PATROL,0
269.996,0.0342,0.0000,PATROL,0
270.030,0.0339,0.1000,PATROL,0
270.064,0.0339,0.0000,PATROL,0
270.098,0.0342,0.0000,PATROL,0
270.132,0.0341,0.1000,PATROL,0
270.166,0.0338,0.0000,PATROL,0
270.200,0.0343,0.0000,PATROL,0
270.234,0.0340,0.1000,PATROL,0
270.268,0.0338,0.0000,PATROL,0
270.303,0.0345,0.1000,PATROL,0
270.336,0.0338,0.0000,PATROL,0
270.371,0.0342,0.0000,PATROL,0
270.404,0.0336,0.1000,PATROL,0
270.438,0.0340,0.0000,PATROL,0
270.472,0.0342,0.0000,PATROL,0
270.507,0.0344,0.1000,PATROL,0
270.541,0.0338,0.0000,PATROL,0
270.575,0.0340,0.0000,PATROL,0
270.608,0.0336,0.1000,PATROL,0
270.642,0.0342,0.0000,PATROL,0
270.677,0.0344,0.0000,PATROL,0
270.710,0.0338,0.1000,PATROL,0
270.744,0.0339,0.0000,PATROL,0
270.778,0.0340,0.0000,PATROL,0
270.812,0.0340,0.1000,PATROL,0
270.846,0.0341,0.0000,PATROL,0
270.880,0.0339,0.0000,PATROL,0
270.914,0.0340,0.1000,PATROL,0
270.948,0.0340,0.0000,PATROL,0
270.982,0.0339,0.0000,PATROL,0
271.016,0.0340,0.1000,PATROL,0
271.050,0.0341,0.0000,PATROL,0
271.084,0.0338,0.0000,PATROL,0
271.118,0.0342,0.1000,PATROL,0
271.153,0.0341,0.0000,PATROL,0
271.187,0.0340,0.0000,PATROL,0
271.220,0.0338,0.1000,PATROL,0
271.255,0.0342,0.0000,PATROL,0
271.289,0.0340,0.0000,PATROL,0
271.322,0.0338,0.1000,PATROL,0
271.357,0.0343,0.0000,PATROL,0
271.391,0.0341,0.0000,PATROL,0
271.424,0.0337,0.1000,PATROL,0
271.459,0.0342,0.0000,PATROL,0
271.493,0.0340,0.0000,PATROL,0
271.527,0.0340,0.1000,PATROL,0
271.561,0.0341,0.0000,PATROL,0
271.594,0.0338,0.0000,PATROL,0
271.629,0.0341,0.1000,PATROL,0
271.663,0.0346,0.0000,PATROL,0
271.697,0.0337,0.0000,PATROL,0
271.731,0.0339,0.1000,PATROL,0
271.765,0.0342,0.0000,PATROL,0
271.799,0.0343,0.0000,PATROL,0
271.833,0.0338,0.1000,PATROL,0
271.867,0.0341,0.0000,PATROL,0
271.901,0.0341,0.0000,PATROL,0
271.936,0.0342,0.1000,PATROL,0
271.969,0.0335,0.0000,PATROL,0
272.003,0.0343,0.1000,PATROL,0
272.037,0.0339,0.0000,PATROL,0
272.071,0.0341,0.0000,PATROL,0
272.105,0.0336,0.1000,PATROL,0
272.139,0.0342,0.0000,PATROL,0
272.173,0.0339,0.0000,PATROL,0
272.207,0.0340,0.1000,PATROL,0
272.241,0.0342,0.0000,PATROL,0
272.275,0.0339,0.0000,PATROL,0
272.309,0.0340,0.1000,PATROL,0
272.343,0.0340,0.0000,PATROL,0
272.377,0.0340,0.0000,PATROL,0
272.411,0.0340,0.1000,PATROL,0
272.445,0.0340,0.0000,PATROL,0
272.479,0.0343,0.0000,PATROL,0
272.513,0.0339,0.1000,PATROL,0
272.547,0.0338,0.0000,PATROL,0
272.581,0.0340,0.0000,PATROL,0
272.615,0.0340,0.1000,PATROL,0
272.649,0.0341,0.0000,PATROL,0
272.683,0.0339,0.0000,PATROL,0
272.717,0.0342,0.1000,PATROL,0
272.751,0.0341,0.0000,PATROL,0
272.785,0.0337,0.0000,PATROL,0
272.819,0.0344,0.1000,PATROL,0
272.853,0.0338,0.0000,PATROL,0
272.887,0.0340,0.0000,PATROL,0
272.922,0.0343,0.1000,PATROL,0
272.955,0.0337,0.0000,PATROL,0
272.990,0.0342,0.0000,PATROL,0
273.023,0.0336,0.1000,PATROL,0
273.057,0.0342,0.0000,PATROL,0
273.092,0.0340,0.0000,PATROL,0
273.125,0.0338,0.1000,PATROL,0
273.159,0.0341,0.0000,PATROL,0
273.194,0.0342,0.0000,PATROL,0
273.228,0.0340,0.1000,PATROL,0
273.262,0.0341,0.0000,PATROL,0
273.297,0.0348,0.0000,PATROL,0
273.330,0.0333,0.1000,PATROL,0
273.364,0.0338,0.0000,PATROL,0
273.398,0.0342,0.0000,PATROL,0
273.432,0.0339,0.1000,PATROL,0
273.466,0.0339,0.0000,PATROL,0
273.500,0.0342,0.0000,PATROL,0
273.534,0.0339,0.1000,PATROL,0
273.568,0.0343,0.0000,PATROL,0
273.602,0.0337,0.0000,PATROL,0
273.636,0.0340,0.1000,PATROL,0
273.670,0.0340,0.0000,PATROL,0
273.704,0.0343,0.1000,PATROL,0
273.738,0.0337,0.0000,PATROL,0
273.772,0.0341,0.0000,PATROL,0
273.806,0.0346,0.1000,PATROL,0
273.840,0.0339,0.0000,PATROL,0
273.874,0.0337,0.0000,PATROL,0
273.908,0.0337,0.1000,PATROL,0
273.942,0.0343,0.0000,PATROL,0
273.976,0.0343,0.0000,PATROL,0
274.010,0.0336,0.1000,PATROL,0
274.044,0.0339,0.0000,PATROL,0
274.078,0.0342,0.0000,PATROL,0
274.112,0.0340,0.1000,PATROL,0
274.146,0.0339,0.0000,PATROL,0
274.180,0.0341,0.0000,PATROL,0
274.214,0.0339,0.1000,PATROL,0
274.248,0.0341,0.0000,PATROL,0
274.282,0.0340,0.0000,PATROL,0
274.316,0.0341,0.1000,PATROL,0
274.350,0.0341,0.0000,PATROL,0
274.384,0.0338,0.0000,PATROL,0
274.418,0.0341,0.1000,PATROL,0
274.452,0.0341,0.0000,PATROL,0
274.486,0.0340,0.0000,PATROL,0
274.521,0.0343,0.1000,PATROL,0
274.554,0.0335,0.0000,PATROL,0
274.588,0.0344,0.0000,PATROL,0
274.622,0.0340,0.1000,PATROL,0
274.656,0.0337,0.0000,PATROL,0
274.690,0.0343,0.0000,PATROL,0
274.724,0.0340,0.1000,PATROL,0
274.759,0.0341,0.0000,PATROL,0
274.793,0.0341,0.0000,PATROL,0
274.826,0.0339,0.1000,PATROL,0
274.861,0.0343,0.0000,PATROL,0
274.895,0.0338,0.0000,PATROL,0
274.928,0.0339,0.1000,PATROL,0
274.963,0.0341,0.0000,PATROL,0
274.996,0.0340,0.0000,PATROL,0
275.031,0.0341,0.1000,PATROL,0
275.064,0.0337,0.0000,PATROL,0
275.099,0.0342,0.0000,PATROL,0
275.133,0.0340,0.1000,PATROL,0
275.166,0.0338,0.0000,PATROL,0
275.201,0.0342,0.0000,PATROL,0
275.235,0.0341,0.1000,PATROL,0
275.269,0.0339,0.0000,PATROL,0
275.303,0.0340,0.0000,PATROL,0
275.337,0.0340,0.1000,PATROL,0
275.371,0.0340,0.0000,PATROL,0
275.405,0.0344,0.1000,PATROL,0
275.439,0.0341,0.0000,PATROL,0
275.473,0.0337,0.0000,PATROL,0
275.506,0.0336,0.1000,PATROL,0
275.541,0.0345,0.0000,PATROL,0
275.575,0.0340,0.0000,PATROL,0
275.609,0.0337,0.1000,PATROL,0
275.643,0.0341,0.0000,PATROL,0
275.677,0.0340,0.0000,PATROL,0
275.711,0.0342,0.1000,PATROL,0
275.745,0.0341,0.0000,PATROL,0
275.779,0.0341,0.0000,PATROL,0
275.813,0.0338,0.1000,PATROL,0
275.847,0.0340,0.0000,PATROL,0
275.881,0.0341,0.0000,PATROL,0
275.915,0.0341,0.1000,PATROL,0
275.949,0.0342,0.0000,PATROL,0
275.984,0.0347,0.0000,PATROL,0
276.017,0.0332,0.1000,PATROL,0
276.051,0.0340,0.0000,PATROL,0
276.085,0.0338,0.0000,PATROL,0
276.119,0.0341,0.1000,PATROL,0
276.154,0.0345,0.0000,PATROL,0
276.187,0.0337,0.0000,PATROL,0
276.221,0.0341,0.1000,PATROL,0
276.255,0.0341,0.0000,PATROL,0
276.289,0.0336,0.0000,PATROL,0
276.323,0.0341,0.1000,PATROL,0
276.357,0.0340,0.0000,PATROL,0
276.391,0.0339,0.0000,PATROL,0
276.425,0.0340,0.1000,PATROL,0
276.459,0.0340,0.0000,PATROL,0
276.493,0.0339,0.0000,PATROL,0
276.527,0.0339,0.1000,PATROL,0
276.561,0.0345,0.0000,PATROL,0
276.595,0.0337,0.0000,PATROL,0
276.629,0.0340,0.1000,PATROL,0
276.663,0.0341,0.0000,PATROL,0
276.697,0.0341,0.0000,PATROL,0
276.731,0.0337,0.1000,PATROL,0
276.765,0.0340,0.0000,PATROL,0
276.800,0.0348,0.0000,PATROL,0
276.833,0.0334,0.1000,PATROL,0
276.867,0.0340,0.0000,PATROL,0
276.902,0.0342,0.0000,PATROL,0
276.935,0.0340,0.1000,PATROL,0
276.969,0.0339,0.0000,PATROL,0
277.003,0.0341,0.0000,PATROL,0
277.037,0.0340,0.1000,PATROL,0
277.071,0.0341,0.0000,PATROL,0
277.106,0.0342,0.1000,PATROL,0
277.140,0.0339,0.0000,PATROL,0
277.173,0.0338,0.0000,PATROL,0
277.207,0.0338,0.1000,PATROL,0
277.242,0.0343,0.0000,PATROL,0
277.275,0.0339,0.0000,PATROL,0
277.310,0.0343,0.1000,PATROL,0
277.344,0.0341,0.0000,PATROL,0
277.378,0.0337,0.0000,PATROL,0
277.412,0.0340,0.1000,PATROL,0
277.446,0.0341,0.0000,PATROL,0
277.480,0.0342,0.0000,PATROL,0
277.514,0.0340,0.1000,PATROL,0
277.548,0.0338,0.0000,PATROL,0
277.582,0.0347,0.0000,PATROL,0
277.616,0.0333,0.1000,PATROL,0
277.650,0.0341,0.0000,PATROL,0
277.684,0.0340,0.0000,PATROL,0
277.718,0.0338,0.1000,PATROL,0
277.752,0.0340,0.0000,PATROL,0
277.786,0.0341,0.0000,PATROL,0
277.820,0.0340,0.1000,PATROL,0
277.855,0.0349,0.0000,PATROL,0
277.888,0.0333,0.0000,PATROL,0
277.922,0.0341,0.1000,PATROL,0
277.956,0.0339,0.0000,PATROL,0
277.990,0.0341,0.0000,PATROL,0
278.024,0.0340,0.1000,PATROL,0
278.058,0.0343,0.0000,PATROL,0
278.092,0.0337,0.0000,PATROL,0
278.126,0.0339,0.1000,PATROL,0
278.160,0.0342,0.0000,PATROL,0
278.194,0.0338,0.0000,PATROL,0
278.228,0.0340,0.1000,PATROL,0
278.262,0.0343,0.0000,PATROL,0
278.296,0.0337,0.0000,PATROL,0
278.330,0.0341,0.1000,PATROL,0
278.364,0.0341,0.0000,PATROL,0
278.398,0.0341,0.0000,PATROL,0
278.432,0.0341,0.1000,PATROL,0
278.467,0.0343,0.0000,PATROL,0
278.501,0.0340,0.0000,PATROL,0
278.534,0.0338,0.1000,PATROL,0
278.568,0.0338,0.0000,PATROL,0
278.602,0.0343,0.0000,PATROL,0
278.637,0.0341,0.1000,PATROL,0
278.670,0.0338,0.0000,PATROL,0
278.704,0.0340,0.0000,PATROL,0
278.738,0.0340,0.1000,PATROL,0
278.772,0.0339,0.0000,PATROL,0
278.806,0.0342,0.0000,PATROL,0
278.840,0.0340,0.1000,PATROL,0
278.874,0.0340,0.0000,PATROL,0
278.908,0.0337,0.1000,PATROL,0
278.942,0.0342,0.0000,PATROL,0
278.976,0.0340,0.0000,PATROL,0
279.010,0.0339,0.1000,PATROL,0
279.044,0.0342,0.0000,PATROL,0
279.079,0.0344,0.0000,PATROL,0
279.112,0.0334,0.1000,PATROL,0
279.146,0.0340,0.0000,PATROL,0
279.180,0.0340,0.0000,PATROL,0
279.214,0.0342,0.1000,PATROL,0
279.248,0.0339,0.0000,PATROL,0
279.282,0.0341,0.0000,PATROL,0
279.316,0.0340,0.1000,PATROL,0
279.350,0.0340,0.0000,PATROL,0
279.385,0.0342,0.0000,PATROL,0
279.419,0.0338,0.1000,PATROL,0
279.453,0.0342,0.0000,PATROL,0
279.487,0.0339,0.0000,PATROL,0
279.521,0.0342,0.1000,PATROL,0
279.555,0.0338,0.0000,PATROL,0
279.588,0.0339,0.0000,PATROL,0
279.623,0.0343,0.1000,PATROL,0
279.657,0.0342,0.0000,PATROL,0
279.691,0.0338,0.0000,PATROL,0
279.725,0.0341,0.1000,PATROL,0
279.759,0.0341,0.0000,PATROL,0
279.793,0.0339,0.0000,PATROL,0
279.827,0.0339,0.1000,PATROL,0
279.861,0.0341,0.0000,PATROL,0
279.895,0.0339,0.0000,PATROL,0
279.929,0.0340,0.1000,PATROL,0
279.963,0.0340,0.0000,PATROL,0
279.997,0.0341,0.0000,PATROL,0
280.031,0.0342,0.1000,PATROL,0
280.065,0.0337,0.0000,PATROL,0
280.099,0.0341,0.0000,PATROL,0
280.133,0.0342,0.1000,PATROL,0
280.167,0.0338,0.0000,PATROL,0
280.201,0.0343,0.0000,PATROL,0
280.235,0.0338,0.1000,PATROL,0
280.269,0.0340,0.0000,PATROL,0
280.303,0.0340,0.0000,PATROL,0
280.337,0.0340,0.1000,PATROL,0
280.371,0.0340,0.0000,PATROL,0
280.405,0.0341,0.0000,PATROL,0
280.439,0.0339,0.1000,PATROL,0
280.473,0.0340,0.0000,PATROL,0
280.507,0.0341,0.0000,PATROL,0
280.542,0.0342,0.1000,PATROL,0
280.575,0.0339,0.0000,PATROL,0
280.609,0.0338,0.1000,PATROL,0
280.643,0.0342,0.0000,PATROL,0
280.677,0.0340,0.0000,PATROL,0
280.711,0.0339,0.1000,PATROL,0
280.746,0.0345,0.0000,PATROL,0
280.779,0.0336,0.0000,PATROL,0
280.813,0.0341,0.1000,PATROL,0
280.848,0.0340,0.0000,PATROL,0
280.881,0.0339,0.0000,PATROL,0
280.916,0.0341,0.1000,PATROL,0
280.950,0.0340,0.0000,PATROL,0
280.984,0.0340,0.0000,PATROL,0
281.018,0.0340,0.1000,PATROL,0
281.052,0.0340,0.0000,PATROL,0
281.086,0.0341,0.0000,PATROL,0
281.120,0.0341,0.1000,PATROL,0
281.154,0.0338,0.0000,PATROL,0
281.188,0.0341,0.0000,PATROL,0
281.222,0.0340,0.1000,PATROL,0
281.256,0.0339,0.0000,PATROL,0
281.290,0.0339,0.0000,PATROL,0
281.324,0.0341,0.1000,PATROL,0
281.358,0.0339,0.0000,PATROL,0
281.392,0.0342,0.0000,PATROL,0
281.426,0.0340,0.1000,PATROL,0
281.460,0.0339,0.0000,PATROL,0
281.494,0.0342,0.0000,PATROL,0
281.528,0.0336,0.1000,PATROL,0
281.563,0.0350,0.0000,PATROL,0
281.596,0.0330,0.0000,PATROL,0
281.630,0.0339,0.1000,PATROL,0
281.664,0.0342,0.0000,PATROL,0
281.698,0.0339,0.0000,PATROL,0
281.732,0.0339,0.1000,PATROL,0
281.766,0.0342,0.0000,PATROL,0
281.800,0.0338,0.0000,PATROL,0
281.834,0.0341,0.1000,PATROL,0
281.868,0.0339,0.0000,PATROL,0
281.902,0.0342,0.0000,PATROL,0
281.937,0.0349,0.1000,PATROL,0
281.971,0.0340,0.0000,PATROL,0
282.005,0.0340,0.0000,PATROL,0
282.039,0.0340,0.1000,PATROL,0
282.072,0.0338,0.0000,PATROL,0
282.107,0.0342,0.0000,PATROL,0
282.141,0.0340,0.1000,PATROL,0
282.175,0.0341,0.0000,PATROL,0
282.209,0.0339,0.1000,PATROL,0
282.243,0.0342,0.0000,PATROL,0
282.277,0.0338,0.0000,PATROL,0
282.311,0.0340,0.1000,PATROL,0
282.345,0.0340,0.0000,PATROL,0
282.379,0.0346,0.0000,PATROL,0
282.413,0.0335,0.1000,PATROL,0
282.447,0.0342,0.0000,PATROL,0
282.481,0.0338,0.0000,PATROL,0
282.515,0.0340,0.1000,PATROL,0
282.548,0.0339,0.0000,PATROL,0
282.583,0.0340,0.0000,PATROL,0
282.617,0.0341,0.1000,PATROL,0
282.651,0.0341,0.0000,PATROL,0
282.685,0.0342,0.0000,PATROL,0
282.719,0.0341,0.1000,PATROL,0
282.753,0.0338,0.0000,PATROL,0
282.787,0.0341,0.0000,PATROL,0
282.821,0.0340,0.1000,PATROL,0
282.855,0.0341,0.0000,PATROL,0
282.889,0.0337,0.0000,PATROL,0
282.923,0.0341,0.1000,PATROL,0
282.957,0.0339,0.0000,PATROL,0
282.991,0.0340,0.0000,PATROL,0
283.025,0.0341,0.1000,PATROL,0
283.059,0.0339,0.0000,PATROL,0
283.093,0.0341,0.0000,PATROL,0
283.127,0.0342,0.1000,PATROL,0
283.161,0.0339,0.0000,PATROL,0
283.195,0.0340,0.0000,PATROL,0
283.229,0.0341,0.1000,PATROL,0
283.263,0.0340,0.0000,PATROL,0
283.297,0.0340,0.0000,PATROL,0
283.331,0.0340,0.1000,PATROL,0
283.365,0.0340,0.0000,PATROL,0
283.399,0.0340,0.0000,PATROL,0
283.433,0.0339,0.1000,PATROL,0
283.467,0.0343,0.0000,PATROL,0
283.501,0.0339,0.0000,PATROL,0
283.536,0.0347,0.1000,PATROL,0
283.569,0.0331,0.0000,PATROL,0
283.603,0.0341,0.0000,PATROL,0
283.637,0.0340,0.1000,PATROL,0
283.671,0.0342,0.0000,PATROL,0
283.706,0.0342,0.0000,PATROL,0
283.739,0.0339,0.1000,PATROL,0
283.773,0.0340,0.0000,PATROL,0
283.807,0.0342,0.0000,PATROL,0
283.841,0.0338,0.1000,PATROL,0
283.875,0.0341,0.0000,PATROL,0
283.910,0.0342,0.1000,PATROL,0
283.943,0.0338,0.0000,PATROL,0
283.977,0.0341,0.0000,PATROL,0
284.011,0.0338,0.1000,PATROL,0
284.045,0.0342,0.0000,PATROL,0
284.080,0.0343,0.0000,PATROL,0
284.113,0.0338,0.1000,PATROL,0
284.148,0.0342,0.0000,PATROL,0
284.182,0.0340,0.0000,PATROL,0
284.215,0.0338,0.1000,PATROL,0
284.250,0.0341,0.0000,PATROL,0
284.284,0.0340,0.0000,PATROL,0
284.318,0.0341,0.1000,PATROL,0
284.352,0.0340,0.0000,PATROL,0
284.386,0.0341,0.0000,PATROL,0
284.420,0.0340,0.1000,PATROL,0
284.454,0.0340,0.0000,PATROL,0
284.488,0.0341,0.0000,PATROL,0
284.522,0.0339,0.1000,PATROL,0
284.556,0.0342,0.0000,PATROL,0
284.589,0.0337,0.0000,PATROL,0
284.625,0.0350,0.1000,PATROL,0
284.658,0.0332,0.0000,PATROL,0
284.692,0.0339,0.0000,PATROL,0
284.726,0.0345,0.1000,PATROL,0
284.760,0.0337,0.0000,PATROL,0
284.794,0.0338,0.0000,PATROL,0
284.828,0.0341,0.1000,PATROL,0
284.862,0.0340,0.0000,PATROL,0
284.896,0.0341,0.0000,PATROL,0
284.930,0.0341,0.1000,PATROL,0
284.964,0.0342,0.0000,PATROL,0
284.998,0.0339,0.0000,PATROL,0
285.032,0.0339,0.1000,PATROL,0
285.066,0.0343,0.0000,PATROL,0
285.100,0.0338,0.0000,PATROL,0
285.134,0.0343,0.1000,PATROL,0
285.168,0.0340,0.0000,PATROL,0
285.202,0.0338,0.0000,PATROL,0
285.236,0.0341,0.1000,PATROL,0
285.271,0.0344,0.0000,PATROL,0
285.304,0.0338,0.0000,PATROL,0
285.338,0.0339,0.1000,PATROL,0
285.372,0.0340,0.0000,PATROL,0
285.407,0.0344,0.0000,PATROL,0
285.440,0.0335,0.1000,PATROL,0
285.474,0.0340,0.0000,PATROL,0
285.508,0.0339,0.0000,PATROL,0
285.542,0.0341,0.1000,PATROL,0
285.577,0.0346,0.0000,PATROL,0
285.611,0.0337,0.1000,PATROL,0
285.645,0.0340,0.0000,PATROL,0
285.678,0.0340,0.0000,PATROL,0
285.712,0.0338,0.1000,PATROL,0
285.746,0.0340,0.0000,PATROL,0
285.780,0.0341,0.0000,PATROL,0
285.814,0.0339,0.1000,PATROL,0
285.849,0.0343,0.0000,PATROL,0
285.882,0.0339,0.0000,PATROL,0
285.916,0.0340,0.1000,PATROL,0
285.950,0.0339,0.0000,PATROL,0
285.985,0.0342,0.0000,PATROL,0
286.018,0.0339,0.1000,PATROL,0
286.052,0.0340,0.0000,PATROL,0
286.087,0.0343,0.0000,PATROL,0
286.120,0.0338,0.1000,PATROL,0
286.155,0.0341,0.0000,PATROL,0
286.189,0.0342,0.0000,PATROL,0
286.223,0.0339,0.1000,PATROL,0
286.256,0.0338,0.0000,PATROL,0
286.291,0.0341,0.0000,PATROL,0
286.325,0.0340,0.1000,PATROL,0
286.359,0.0340,0.0000,PATROL,0
286.393,0.0340,0.0000,PATROL,0
286.427,0.0343,0.1000,PATROL,0
286.461,0.0339,0.0000,PATROL,0
286.495,0.0339,0.0000,PATROL,0
286.529,0.0344,0.1000,PATROL,0
286.563,0.0336,0.0000,PATROL,0
286.597,0.0341,0.0000,PATROL,0
286.631,0.0341,0.1000,PATROL,0
286.665,0.0341,0.0000,PATROL,0
286.699,0.0340,0.0000,PATROL,0
286.733,0.0338,0.1000,PATROL,0
286.767,0.0341,0.0000,PATROL,0
286.801,0.0344,0.0000,PATROL,0
286.835,0.0336,0.1000,PATROL,0
286.869,0.0341,0.0000,PATROL,0
286.903,0.0342,0.0000,PATROL,0
286.937,0.0338,0.1000,PATROL,0
286.971,0.0342,0.0000,PATROL,0
287.005,0.0343,0.0000,PATROL,0
287.039,0.0339,0.1000,PATROL,0
287.073,0.0338,0.0000,PATROL,0
287.107,0.0341,0.0000,PATROL,0
287.141,0.0343,0.1000,PATROL,0
287.175,0.0338,0.0000,PATROL,0
287.209,0.0340,0.0000,PATROL,0
287.243,0.0340,0.1000,PATROL,0
287.277,0.0341,0.0000,PATROL,0
287.312,0.0343,0.1000,PATROL,0
287.345,0.0336,0.0000,PATROL,0
287.380,0.0345,0.0000,PATROL,0
287.413,0.0335,0.1000,PATROL,0
287.447,0.0343,0.0000,PATROL,0
287.481,0.0340,0.0000,PATROL,0
287.515,0.0337,0.1000,PATROL,0
287.549,0.0343,0.0000,PATROL,0
287.583,0.0340,0.0000,PATROL,0
287.617,0.0339,0.1000,PATROL,0
287.651,0.0340,0.0000,PATROL,0
287.685,0.0340,0.0000,PATROL,0
287.719,0.0340,0.1000,PATROL,0
287.753,0.0339,0.0000,PATROL,0
287.788,0.0344,0.0000,PATROL,0
287.822,0.0340,0.1000,PATROL,0
287.855,0.0338,0.0000,PATROL,0
287.889,0.0340,0.0000,PATROL,0
287.923,0.0340,0.1000,PATROL,0
287.957,0.0340,0.0000,PATROL,0
287.991,0.0339,0.0000,PATROL,0
288.025,0.0342,0.1000,PATROL,0
288.059,0.0340,0.0000,PATROL,0
288.093,0.0339,0.0000,PATROL,0
288.127,0.0340,0.1000,PATROL,0
288.162,0.0349,0.0000,PATROL,0
288.195,0.0332,0.0000,PATROL,0
288.230,0.0341,0.1000,PATROL,0
288.264,0.0342,0.0000,PATROL,0
288.297,0.0338,0.0000,PATROL,0
288.331,0.0340,0.1000,PATROL,0
288.366,0.0342,0.0000,PATROL,0
288.400,0.0340,0.0000,PATROL,0
288.433,0.0338,0.1000,PATROL,0
288.468,0.0342,0.0000,PATROL,0
288.502,0.0342,0.0000,PATROL,0
288.536,0.0341,0.1000,PATROL,0
288.570,0.0340,0.0000,PATROL,0
288.604,0.0340,0.0000,PATROL,0
288.638,0.0339,0.1000,PATROL,0
288.672,0.0340,0.0000,PATROL,0
288.706,0.0344,0.0000,PATROL,0
288.740,0.0339,0.1000,PATROL,0
288.774,0.0338,0.0000,PATROL,0
288.808,0.0338,0.0000,PATROL,0
288.842,0.0342,0.1000,PATROL,0
288.876,0.0340,0.0000,PATROL,0
288.910,0.0342,0.0000,PATROL,0
288.944,0.0342,0.1000,PATROL,0
288.978,0.0338,0.0000,PATROL,0
289.012,0.0342,0.1000,PATROL,0
289.046,0.0336,0.0000,PATROL,0
289.080,0.0341,0.0000,PATROL,0
289.114,0.0339,0.1000,PATROL,0
289.148,0.0343,0.0000,PATROL,0
289.182,0.0340,0.0000,PATROL,0
289.216,0.0337,0.1000,PATROL,0
289.250,0.0341,0.0000,PATROL,0
289.284,0.0339,0.0000,PATROL,0
289.318,0.0340,0.1000,PATROL,0
289.352,0.0341,0.0000,PATROL,0
289.386,0.0339,0.0000,PATROL,0
289.420,0.0342,0.1000,PATROL,0
289.454,0.0338,0.0000,PATROL,0
289.489,0.0345,0.0000,PATROL,0
289.522,0.0335,0.1000,PATROL,0
289.556,0.0340,0.0000,PATROL,0
289.590,0.0340,0.0000,PATROL,0
289.624,0.0342,0.1000,PATROL,0
289.658,0.0340,0.0000,PATROL,0
289.692,0.0337,0.0000,PATROL,0
289.726,0.0344,0.1000,PATROL,0
289.760,0.0338,0.0000,PATROL,0
289.794,0.0339,0.0000,PATROL,0
289.828,0.0342,0.1000,PATROL,0
289.862,0.0340,0.0000,PATROL,0
289.896,0.0340,0.0000,PATROL,0
289.930,0.0342,0.1000,PATROL,0
289.964,0.0339,0.0000,PATROL,0
289.998,0.0341,0.0000,PATROL,0
290.032,0.0339,0.1000,PATROL,0
290.067,0.0343,0.0000,PATROL,0
290.100,0.0338,0.0000,PATROL,0
290.135,0.0342,0.1000,PATROL,0
290.169,0.0340,0.0000,PATROL,0
290.202,0.0339,0.0000,PATROL,0
290.236,0.0340,0.1000,PATROL,0
290.271,0.0350,0.0000,PATROL,0
290.305,0.0335,0.0000,PATROL,0
290.339,0.0338,0.1000,PATROL,0
290.373,0.0340,0.0000,PATROL,0
290.407,0.0340,0.0000,PATROL,0
290.441,0.0340,0.1000,PATROL,0
290.475,0.0340,0.0000,PATROL,0
290.508,0.0337,0.0000,PATROL,0
290.543,0.0348,0.1000,PATROL,0
290.577,0.0333,0.0000,PATROL,0
290.611,0.0340,0.0000,PATROL,0
290.645,0.0342,0.1000,PATROL,0
290.679,0.0341,0.0000,PATROL,0
290.713,0.0343,0.1000,PATROL,0
290.747,0.0340,0.0000,PATROL,0
290.781,0.0340,0.0000,PATROL,0
290.815,0.0338,0.1000,PATROL,0
290.849,0.0345,0.0000,PATROL,0
290.883,0.0340,0.0000,PATROL,0
290.917,0.0336,0.1000,PATROL,0
290.951,0.0341,0.0000,PATROL,0
290.985,0.0342,0.0000,PATROL,0
291.019,0.0339,0.1000,PATROL,0
291.053,0.0339,0.0000,PATROL,0
291.088,0.0350,0.0000,PATROL,0
291.121,0.0329,0.1000,PATROL,0
291.155,0.0340,0.0000,PATROL,0
291.189,0.0342,0.0000,PATROL,0
291.223,0.0340,0.1000,PATROL,0
291.257,0.0341,0.0000,PATROL,0
291.291,0.0340,0.0000,PATROL,0
291.325,0.0343,0.1000,PATROL,0
291.360,0.0343,0.0000,PATROL,0
291.393,0.0335,0.0000,PATROL,0
291.427,0.0341,0.1000,PATROL,0
291.461,0.0342,0.0000,PATROL,0
291.495,0.0337,0.0000,PATROL,0
291.529,0.0341,0.1000,PATROL,0
291.563,0.0342,0.0000,PATROL,0
291.597,0.0340,0.0000,PATROL,0
291.631,0.0339,0.1000,PATROL,0
291.666,0.0344,0.0000,PATROL,0
291.700,0.0343,0.0000,PATROL,0
291.733,0.0334,0.1000,PATROL,0
291.768,0.0342,0.0000,PATROL,0
291.802,0.0342,0.0000,PATROL,0
291.835,0.0335,0.1000,PATROL,0
291.870,0.0342,0.0000,PATROL,0
291.904,0.0341,0.0000,PATROL,0
291.937,0.0338,0.1000,PATROL,0
291.972,0.0341,0.0000,PATROL,0
292.007,0.0350,0.0000,PATROL,0
292.040,0.0330,0.1000,PATROL,0
292.073,0.0339,0.0000,PATROL,0
292.107,0.0339,0.0000,PATROL,0
292.142,0.0342,0.1000,PATROL,0
292.175,0.0339,0.0000,PATROL,0
292.209,0.0340,0.0000,PATROL,0
292.244,0.0342,0.1000,PATROL,0
292.277,0.0338,0.0000,PATROL,0
292.312,0.0341,0.0000,PATROL,0
292.346,0.0340,0.1000,PATROL,0
292.380,0.0342,0.0000,PATROL,0
292.414,0.0344,0.1000,PATROL,0
292.448,0.0336,0.0000,PATROL,0
292.482,0.0340,0.0000,PATROL,0
292.516,0.0340,0.1000,PATROL,0
292.550,0.0343,0.0000,PATROL,0
292.584,0.0340,0.0000,PATROL,0
292.618,0.0338,0.1000,PATROL,0
292.652,0.0342,0.0000,PATROL,0
292.686,0.0341,0.0000,PATROL,0
292.720,0.0338,0.1000,PATROL,0
292.754,0.0339,0.0000,PATROL,0
292.788,0.0342,0.0000,PATROL,0
292.822,0.0340,0.1000,PATROL,0
292.856,0.0341,0.0000,PATROL,0
292.890,0.0340,0.0000,PATROL,0
292.924,0.0339,0.1000,PATROL,0
292.958,0.0343,0.0000,PATROL,0
292.992,0.0339,0.0000,PATROL,0
293.026,0.0341,0.1000,PATROL,0
293.060,0.0339,0.0000,PATROL,0
293.094,0.0339,0.0000,PATROL,0
293.128,0.0340,0.1000,PATROL,0
293.162,0.0340,0.0000,PATROL,0
293.196,0.0340,0.0000,PATROL,0
293.230,0.0343,0.1000,PATROL,0
293.264,0.0338,0.0000,PATROL,0
293.298,0.0339,0.0000,PATROL,0
293.332,0.0339,0.1000,PATROL,0
293.366,0.0344,0.0000,PATROL,0
293.400,0.0337,0.0000,PATROL,0
293.435,0.0344,0.1000,PATROL,0
293.469,0.0340,0.0000,PATROL,0
293.502,0.0337,0.0000,PATROL,0
293.536,0.0339,0.1000,PATROL,0
293.570,0.0342,0.0000,PATROL,0
293.604,0.0339,0.0000,PATROL,0
293.638,0.0340,0.1000,PATROL,0
293.672,0.0342,0.0000,PATROL,0
293.706,0.0338,0.0000,PATROL,0
293.740,0.0340,0.1000,PATROL,0
293.775,0.0346,0.0000,PATROL,0
293.808,0.0335,0.0000,PATROL,0
293.843,0.0343,0.1000,PATROL,0
293.876,0.0336,0.0000,PATROL,0
293.910,0.0341,0.0000,PATROL,0
293.945,0.0341,0.1000,PATROL,0
293.978,0.0340,0.0000,PATROL,0
294.013,0.0342,0.0000,PATROL,0
294.047,0.0339,0.1000,PATROL,0
294.081,0.0340,0.0000,PATROL,0
294.115,0.0340,0.1000,PATROL,0
294.149,0.0341,0.0000,PATROL,0
294.183,0.0340,0.0000,PATROL,0
294.217,0.0338,0.1000,PATROL,0
294.251,0.0341,0.0000,PATROL,0
294.285,0.0342,0.0000,PATROL,0
294.320,0.0346,0.1000,PATROL,0
294.353,0.0335,0.0000,PATROL,0
294.387,0.0342,0.0000,PATROL,0
294.421,0.0334,0.1000,PATROL,0
294.455,0.0340,0.0000,PATROL,0
294.489,0.0342,0.0000,PATROL,0
294.523,0.0340,0.1000,PATROL,0
294.557,0.0337,0.0000,PATROL,0
294.591,0.0345,0.0000,PATROL,0
294.625,0.0336,0.1000,PATROL,0
294.659,0.0343,0.0000,PATROL,0
294.693,0.0340,0.0000,PATROL,0
294.727,0.0340,0.1000,PATROL,0
294.761,0.0339,0.0000,PATROL,0
294.795,0.0340,0.0000,PATROL,0
294.829,0.0343,0.1000,PATROL,0
294.863,0.0340,0.0000,PATROL,0
294.897,0.0339,0.0000,PATROL,0
294.931,0.0343,0.1000,PATROL,0
294.965,0.0341,0.0000,PATROL,0
294.999,0.0338,0.0000,PATROL,0
295.033,0.0342,0.1000,PATROL,0
295.067,0.0342,0.0000,PATROL,0
295.101,0.0340,0.0000,PATROL,0
295.135,0.0337,0.1000,PATROL,0
295.169,0.0342,0.0000,PATROL,0
295.203,0.0342,0.0000,PATROL,0
295.237,0.0335,0.1000,PATROL,0
295.271,0.0344,0.0000,PATROL,0
295.305,0.0341,0.0000,PATROL,0
295.339,0.0338,0.1000,PATROL,0
295.373,0.0343,0.0000,PATROL,0
295.408,0.0344,0.0000,PATROL,0
295.441,0.0333,0.1000,PATROL,0
295.475,0.0340,0.0000,PATROL,0
295.509,0.0339,0.0000,PATROL,0
295.543,0.0343,0.1000,PATROL,0
295.577,0.0339,0.0000,PATROL,0
295.611,0.0341,0.0000,PATROL,0
295.645,0.0341,0.1000,PATROL,0
295.679,0.0339,0.0000,PATROL,0
295.713,0.0340,0.0000,PATROL,0
295.748,0.0342,0.1000,PATROL,0
295.781,0.0339,0.0000,PATROL,0
295.816,0.0343,0.1000,PATROL,0
295.849,0.0337,0.0000,PATROL,0
295.883,0.0340,0.0000,PATROL,0
295.917,0.0339,0.1000,PATROL,0
295.952,0.0348,0.0000,PATROL,0
295.986,0.0333,0.0000,PATROL,0
296.019,0.0337,0.1000,PATROL,0
296.054,0.0343,0.0000,PATROL,0
296.087,0.0339,0.0000,PATROL,0
296.121,0.0340,0.1000,PATROL,0
296.155,0.0339,0.0000,PATROL,0
296.190,0.0343,0.0000,PATROL,0
296.224,0.0341,0.1000,PATROL,0
296.257,0.0337,0.0000,PATROL,0
296.291,0.0340,0.0000,PATROL,0
296.326,0.0341,0.1000,PATROL,0
296.360,0.0340,0.0000,PATROL,0
296.394,0.0341,0.0000,PATROL,0
296.428,0.0341,0.1000,PATROL,0
296.462,0.0340,0.0000,PATROL,0
296.495,0.0338,0.0000,PATROL,0
296.530,0.0342,0.1000,PATROL,0
296.564,0.0341,0.0000,PATROL,0
296.598,0.0339,0.0000,PATROL,0
296.632,0.0341,0.1000,PATROL,0
296.666,0.0344,0.0000,PATROL,0
296.700,0.0337,0.0000,PATROL,0
296.734,0.0342,0.1000,PATROL,0
296.768,0.0337,0.0000,PATROL,0
296.802,0.0341,0.0000,PATROL,0
296.836,0.0338,0.1000,PATROL,0
296.870,0.0342,0.0000,PATROL,0
296.904,0.0339,0.0000,PATROL,0
296.938,0.0341,0.1000,PATROL,0
296.972,0.0340,0.0000,PATROL,0
297.006,0.0344,0.0000,PATROL,0
297.040,0.0336,0.1000,PATROL,0
297.074,0.0340,0.0000,PATROL,0
297.108,0.0339,0.0000,PATROL,0
297.142,0.0340,0.1000,PATROL,0
297.176,0.0342,0.0000,PATROL,0
297.210,0.0340,0.0000,PATROL,0
297.244,0.0341,0.1000,PATROL,0
297.278,0.0339,0.0000,PATROL,0
297.312,0.0340,0.0000,PATROL,0
297.346,0.0341,0.1000,PATROL,0
297.380,0.0340,0.0000,PATROL,0
297.414,0.0339,0.0000,PATROL,0
297.448,0.0340,0.1000,PATROL,0
297.482,0.0340,0.0000,PATROL,0
297.516,0.0343,0.1000,PATROL,0
297.550,0.0340,0.0000,PATROL,0
297.584,0.0340,0.0000,PATROL,0
297.618,0.0337,0.1000,PATROL,0
297.652,0.0344,0.0000,PATROL,0
297.686,0.0338,0.0000,PATROL,0
297.720,0.0339,0.1000,PATROL,0
297.755,0.0343,0.0000,PATROL,0
297.788,0.0337,0.0000,PATROL,0
297.822,0.0343,0.1000,PATROL,0
297.856,0.0337,0.0000,PATROL,0
297.890,0.0341,0.0000,PATROL,0
297.924,0.0340,0.1000,PATROL,0
297.958,0.0339,0.0000,PATROL,0
297.992,0.0341,0.0000,PATROL,0
298.026,0.0341,0.1000,PATROL,0
298.060,0.0339,0.0000,PATROL,0
298.094,0.0342,0.0000,PATROL,0
298.128,0.0339,0.1000,PATROL,0
298.162,0.0341,0.0000,PATROL,0
298.196,0.0339,0.0000,PATROL,0
298.230,0.0341,0.1000,PATROL,0
298.264,0.0339,0.0000,PATROL,0
298.298,0.0340,0.0000,PATROL,0
298.332,0.0341,0.1000,PATROL,0
298.367,0.0343,0.0000,PATROL,0
298.400,0.0338,0.0000,PATROL,0
298.435,0.0341,0.1000,PATROL,0
298.469,0.0342,0.0000,PATROL,0
298.503,0.0339,0.0000,PATROL,0
298.536,0.0338,0.1000,PATROL,0
298.571,0.0344,0.0000,PATROL,0
298.605,0.0339,0.0000,PATROL,0
298.639,0.0340,0.1000,PATROL,0
298.673,0.0341,0.0000,PATROL,0
298.707,0.0338,0.0000,PATROL,0
298.741,0.0342,0.1000,PATROL,0
298.775,0.0341,0.0000,PATROL,0
298.809,0.0338,0.0000,PATROL,0
298.843,0.0342,0.1000,PATROL,0
298.877,0.0341,0.0000,PATROL,0
298.912,0.0345,0.0000,PATROL,0
298.945,0.0334,0.1000,PATROL,0
298.979,0.0340,0.0000,PATROL,0
299.013,0.0340,0.0000,PATROL,0
299.047,0.0341,0.1000,PATROL,0
299.081,0.0341,0.0000,PATROL,0
299.115,0.0339,0.0000,PATROL,0
299.149,0.0340,0.1000,PATROL,0
299.183,0.0344,0.0000,PATROL,0
299.218,0.0342,0.1000,PATROL,0
299.251,0.0338,0.0000,PATROL,0
299.286,0.0341,0.0000,PATROL,0
299.319,0.0335,0.1000,PATROL,0
299.353,0.0344,0.0000,PATROL,0
299.387,0.0337,0.0000,PATROL,0
299.421,0.0342,0.1000,PATROL,0
299.456,0.0344,0.0000,PATROL,0
299.489,0.0335,0.0000,PATROL,0
299.523,0.0340,0.1000,PATROL,0
299.557,0.0342,0.0000,PATROL,0
299.591,0.0341,0.0000,PATROL,0
299.625,0.0339,0.1000,PATROL,0
299.659,0.0340,0.0000,PATROL,0
299.693,0.0343,0.0000,PATROL,0
299.727,0.0339,0.1000,PATROL,0
299.762,0.0342,0.0000,PATROL,0
299.796,0.0340,0.0000,PATROL,0
299.830,0.0340,0.1000,PATROL,0
299.864,0.0340,0.0000,PATROL,0
299.897,0.0338,0.0000,PATROL,0
299.931,0.0340,0.1000,PATROL,0
299.965,0.0339,0.0000,PATROL,0
299.999,0.0340,0.0000,PATROL,0
300.033,0.0340,0.1000,PATROL,0
300.068,0.0341,0.0000,PATROL,0
300.102,0.0340,0.0000,PATROL,0
300.135,0.0339,0.1000,PATROL,0
300.170,0.0340,0.0000,PATROL,0
300.204,0.0340,0.0000,PATROL,0
300.237,0.0338,0.1000,PATROL,0
300.272,0.0343,0.0000,PATROL,0
300.306,0.0345,0.0000,PATROL,0
300.339,0.0333,0.1000,PATROL,0
300.374,0.0342,0.0000,PATROL,0
300.407,0.0337,0.0000,PATROL,0
300.442,0.0342,0.1000,PATROL,0
300.476,0.0342,0.0000,PATROL,0
300.510,0.0338,0.0000,PATROL,0
300.544,0.0344,0.1000,PATROL,0
300.578,0.0337,0.0000,PATROL,0
300.611,0.0338,0.0000,PATROL,0
300.646,0.0343,0.1000,PATROL,0
300.680,0.0341,0.0000,PATROL,0
300.714,0.0340,0.0000,PATROL,0
300.748,0.0338,0.1000,PATROL,0
300.782,0.0341,0.0000,PATROL,0
300.816,0.0342,0.0000,PATROL,0
300.850,0.0340,0.1000,PATROL,0
300.884,0.0339,0.0000,PATROL,0
300.918,0.0342,0.1000,PATROL,0
300.952,0.0338,0.0000,PATROL,0
300.986,0.0340,0.0000,PATROL,0
301.020,0.0338,0.1000,PATROL,0
301.054,0.0344,0.0000,PATROL,0
301.088,0.0344,0.0000,PATROL,0
301.122,0.0339,0.1000,PATROL,0
301.157,0.0343,0.0000,PATROL,0
301.190,0.0335,0.0000,PATROL,0
301.224,0.0340,0.1000,PATROL,0
301.258,0.0340,0.0000,PATROL,0
301.292,0.0340,0.0000,PATROL,0
301.326,0.0341,0.1000,PATROL,0
301.360,0.0339,0.0000,PATROL,0
301.394,0.0341,0.0000,PATROL,0
301.428,0.0340,0.1000,PATROL,0
301.462,0.0341,0.0000,PATROL,0
301.496,0.0340,0.0000,PATROL,0
301.531,0.0344,0.1000,PATROL,0
301.564,0.0336,0.0000,PATROL,0
301.598,0.0340,0.0000,PATROL,0
301.632,0.0341,0.1000,PATROL,0
301.666,0.0341,0.0000,PATROL,0
301.700,0.0339,0.0000,PATROL,0
301.734,0.0341,0.1000,PATROL,0
301.768,0.0340,0.0000,PATROL,0
301.802,0.0339,0.0000,PATROL,0
301.836,0.0342,0.1000,PATROL,0
301.870,0.0338,0.0000,PATROL,0
301.904,0.0341,0.0000,PATROL,0
301.938,0.0340,0.1000,PATROL,0
301.972,0.0342,0.0000,PATROL,0
302.007,0.0343,0.0000,PATROL,0
302.040,0.0337,0.1000,PATROL,0
302.074,0.0340,0.0000,PATROL,0
302.108,0.0338,0.0000,PATROL,0
302.143,0.0344,0.1000,PATROL,0
302.176,0.0339,0.0000,PATROL,0
302.210,0.0339,0.0000,PATROL,0
302.245,0.0342,0.1000,PATROL,0
302.278,0.0339,0.0000,PATROL,0
302.313,0.0341,0.0000,PATROL,0
302.347,0.0340,0.1000,PATROL,0
302.381,0.0340,0.0000,PATROL,0
302.415,0.0341,0.0000,PATROL,0
302.449,0.0341,0.1000,PATROL,0
302.483,0.0340,0.0000,PATROL,0
302.517,0.0341,0.0000,PATROL,0
302.551,0.0339,0.1000,PATROL,0
302.585,0.0340,0.0000,PATROL,0
302.619,0.0343,0.1000,PATROL,0
302.653,0.0340,0.0000,PATROL,0
302.687,0.0342,0.0000,PATROL,0
302.721,0.0335,0.1000,PATROL,0
302.755,0.0344,0.0000,PATROL,0
302.789,0.0337,0.0000,PATROL,0
302.823,0.0341,0.1000,PATROL,0
302.857,0.0341,0.0000,PATROL,0
302.891,0.0341,0.0000,PATROL,0
302.925,0.0336,0.1000,PATROL,0
302.959,0.0340,0.0000,PATROL,0
302.993,0.0343,0.0000,PATROL,0
303.027,0.0338,0.1000,PATROL,0
303.061,0.0342,0.0000,PATROL,0
303.095,0.0339,0.0000,PATROL,0
303.129,0.0341,0.1000,PATROL,0
303.163,0.0339,0.0000,PATROL,0
303.197,0.0341,0.0000,PATROL,0
303.231,0.0341,0.1000,PATROL,0
303.265,0.0340,0.0000,PATROL,0
303.299,0.0339,0.0000,PATROL,0
303.333,0.0341,0.1000,PATROL,0
303.367,0.0340,0.0000,PATROL,0
303.401,0.0338,0.0000,PATROL,0
303.435,0.0342,0.1000,PATROL,0
303.469,0.0339,0.0000,PATROL,0
303.503,0.0341,0.0000,PATROL,0
303.537,0.0342,0.1000,PATROL,0
303.571,0.0337,0.0000,PATROL,0
303.605,0.0342,0.0000,PATROL,0
303.639,0.0338,0.1000,PATROL,0
303.673,0.0342,0.0000,PATROL,0
303.707,0.0340,0.0000,PATROL,0
303.741,0.0340,0.1000,PATROL,0
303.775,0.0343,0.0000,PATROL,0
303.809,0.0337,0.0000,PATROL,0
303.843,0.0343,0.1000,PATROL,0
303.877,0.0338,0.0000,PATROL,0
303.911,0.0340,0.0000,PATROL,0
303.945,0.0340,0.1000,PATROL,0
303.979,0.0339,0.0000,PATROL,0
304.013,0.0341,0.0000,PATROL,0
304.048,0.0345,0.1000,PATROL,0
304.081,0.0334,0.0000,PATROL,0
304.115,0.0341,0.0000,PATROL,0
304.149,0.0341,0.1000,PATROL,0
304.184,0.0341,0.0000,PATROL,0
304.218,0.0340,0.0000,PATROL,0
304.252,0.0340,0.1000,PATROL,0
304.285,0.0340,0.0000,PATROL,0
304.320,0.0340,0.1000,PATROL,0
304.353,0.0339,0.0000,PATROL,0
304.388,0.0341,0.0000,PATROL,0
304.422,0.0340,0.1000,PATROL,0
304.456,0.0342,0.0000,PATROL,0
304.490,0.0339,0.0000,PATROL,0
304.523,0.0339,0.1000,PATROL,0
304.558,0.0341,0.0000,PATROL,0
304.592,0.0342,0.0000,PATROL,0
304.626,0.0339,0.1000,PATROL,0
304.660,0.0339,0.0000,PATROL,0
304.694,0.0342,0.0000,PATROL,0
304.728,0.0340,0.1000,PATROL,0
304.762,0.0338,0.0000,PATROL,0
304.796,0.0343,0.0000,PATROL,0
304.830,0.0340,0.1000,PATROL,0
304.864,0.0338,0.0000,PATROL,0
304.898,0.0343,0.0000,PATROL,0
304.932,0.0338,0.1000,PATROL,0
304.966,0.0341,0.0000,PATROL,0
305.000,0.0338,0.0000,PATROL,0
305.034,0.0343,0.1000,PATROL,0
305.068,0.0341,0.0000,PATROL,0
305.102,0.0338,0.0000,PATROL,0
305.136,0.0339,0.1000,PATROL,0
305.170,0.0340,0.0000,PATROL,0
305.204,0.0340,0.0000,PATROL,0
305.238,0.0342,0.1000,PATROL,0
305.272,0.0339,0.0000,PATROL,0
305.306,0.0345,0.0000,PATROL,0
305.340,0.0336,0.1000,PATROL,0
305.374,0.0341,0.0000,ALIGN,0
305.408,0.0337,0.0000,ALIGN,0
305.442,0.0342,0.1000,ALIGN,0
305.476,0.0343,0.0000,ALIGN,0
305.510,0.0338,0.0000,ALIGN,0
305.545,0.0345,0.1000,ALIGN,0
305.578,0.0338,0.0000,ALIGN,0
305.612,0.0338,0.0000,ALIGN,0
305.646,0.0341,0.1000,ALIGN,0
305.680,0.0339,0.0000,ALIGN,0
305.714,0.0340,0.0000,ALIGN,0
305.748,0.0341,0.1000,ALIGN,0
305.782,0.0339,0.0000,ALIGN,0
305.816,0.0341,0.0000,ALIGN,0
305.850,0.0340,0.1000,ALIGN,0
305.884,0.0341,0.0000,ALIGN,0
305.918,0.0342,0.0000,ALIGN,0
305.952,0.0336,0.1000,ALIGN,0
305.986,0.0342,0.0000,ALIGN,0
306.020,0.0340,0.1000,ALIGN,0
306.054,0.0340,0.0000,ALIGN,0
306.088,0.0341,0.0000,ALIGN,0
306.122,0.0338,0.1000,ALIGN,0
306.156,0.0342,0.0000,ALIGN,0
306.190,0.0342,0.0000,ALIGN,0
306.224,0.0340,0.1000,ALIGN,0
306.259,0.0345,0.0000,ALIGN,0
306.293,0.0337,0.0000,ALIGN,0
306.326,0.0339,0.1000,ALIGN,0
306.360,0.0338,0.0000,ALIGN,0
306.394,0.0341,0.0000,ALIGN,0
306.428,0.0339,0.1000,ALIGN,0
306.463,0.0344,0.0000,ALIGN,0
306.497,0.0338,0.0000,ALIGN,0
306.530,0.0339,0.1000,APPROACH,0
306.565,0.0341,0.0000,APPROACH,0
306.598,0.0339,0.0000,APPROACH,0
306.633,0.0341,0.1000,APPROACH,0
306.667,0.0341,0.0000,APPROACH,0
306.701,0.0340,0.0000,APPROACH,0
306.735,0.0347,0.1000,APPROACH,0
306.769,0.0333,0.0000,APPROACH,0
306.803,0.0339,0.0000,APPROACH,0
306.837,0.0343,0.1000,APPROACH,0
306.871,0.0337,0.0000,APPROACH,0
306.905,0.0340,0.0000,APPROACH,0
306.939,0.0341,0.1000,APPROACH,0
306.973,0.0344,0.0000,APPROACH,0
307.007,0.0338,0.0000,APPROACH,0
307.041,0.0339,0.1000,APPROACH,0
307.075,0.0340,0.0000,APPROACH,0
307.109,0.0338,0.0000,APPROACH,0
307.143,0.0342,0.1000,APPROACH,0
307.177,0.0342,0.0000,APPROACH,0
307.211,0.0340,0.0000,APPROACH,0
307.245,0.0340,0.1000,APPROACH,0
307.279,0.0339,0.0000,APPROACH,0
307.313,0.0339,0.0000,APPROACH,0
307.347,0.0341,0.1000,APPROACH,0
307.381,0.0338,0.0000,APPROACH,0
307.415,0.0340,0.0000,APPROACH,0
307.449,0.0341,0.1000,APPROACH,0
307.483,0.0342,0.0000,APPROACH,0
307.517,0.0338,0.0000,APPROACH,0
307.551,0.0341,0.1000,APPROACH,0
307.585,0.0341,0.0000,APPROACH,0
307.619,0.0339,0.0000,APPROACH,0
307.653,0.0342,0.1000,APPROACH,0
307.687,0.0339,0.0000,APPROACH,0
307.721,0.0344,0.1000,APPROACH,0
307.755,0.0338,0.0000,APPROACH,0
307.789,0.0343,0.0000,APPROACH,0
307.823,0.0337,0.1000,APPROACH,0
307.857,0.0341,0.0000,APPROACH,0
307.891,0.0339,0.0000,APPROACH,0
307.925,0.0340,0.1000,APPROACH,0
307.959,0.0341,0.0000,APPROACH,0
307.993,0.0338,0.0000,APPROACH,0
308.027,0.0339,0.1000,APPROACH,0
308.061,0.0341,0.0000,APPROACH,0
308.096,0.0350,0.0000,APPROACH,0
308.129,0.0332,0.1000,APPROACH,0
308.163,0.0341,0.0000,APPROACH,0
308.197,0.0340,0.0000,APPROACH,0
308.231,0.0339,0.1000,APPROACH,0
308.265,0.0341,0.0000,APPROACH,0
308.300,0.0342,0.0000,APPROACH,0
308.334,0.0340,0.1000,APPROACH,0
308.368,0.0343,0.0000,APPROACH,0
308.402,0.0337,0.0000,APPROACH,0
308.435,0.0339,0.1000,APPROACH,0
308.470,0.0341,0.0000,APPROACH,0
308.503,0.0338,0.0000,APPROACH,0
308.537,0.0341,0.1000,APPROACH,0
308.572,0.0342,0.0000,APPROACH,0
308.606,0.0344,0.0000,APPROACH,0
308.639,0.0334,0.1000,APPROACH,0
308.673,0.0340,0.0000,APPROACH,0
308.707,0.0340,0.0000,APPROACH,0
308.741,0.0340,0.1000,APPROACH,0
308.776,0.0348,0.0000,APPROACH,0
308.810,0.0333,0.0000,APPROACH,0
308.844,0.0341,0.1000,APPROACH,0
308.878,0.0341,0.0000,APPROACH,0
308.912,0.0339,0.0000,APPROACH,0
308.946,0.0341,0.1000,APPROACH,0
308.980,0.0340,0.0000,APPROACH,0
309.014,0.0339,0.0000,APPROACH,0
309.048,0.0340,0.1000,APPROACH,0
309.082,0.0341,0.0000,APPROACH,0
309.116,0.0341,0.0000,APPROACH,0
309.150,0.0340,0.1000,APPROACH,0
309.184,0.0340,0.0000,APPROACH,0
309.218,0.0341,0.0000,APPROACH,0
309.252,0.0340,0.1000,APPROACH,0
309.286,0.0341,0.0000,APPROACH,0
309.320,0.0340,0.0000,APPROACH,0
309.354,0.0340,0.1000,APPROACH,0
309.388,0.0341,0.0000,APPROACH,0
309.423,0.0348,0.1000,APPROACH,0
309.456,0.0331,0.0000,APPROACH,0
309.490,0.0339,0.0000,APPROACH,0
309.524,0.0339,0.1000,APPROACH,0
309.558,0.0341,0.0000,APPROACH,0
309.592,0.0340,0.0000,APPROACH,0
309.626,0.0340,0.1000,APPROACH,0
309.660,0.0339,0.0000,APPROACH,0
309.694,0.0340,0.0000,APPROACH,0
309.728,0.0340,0.1000,APPROACH,0
309.762,0.0339,0.0000,APPROACH,0
309.796,0.0341,0.0000,APPROACH,0
309.830,0.0341,0.1000,APPROACH,0
309.864,0.0340,0.0000,APPROACH,0
309.898,0.0340,0.0000,APPROACH,0
309.932,0.0341,0.1000,APPROACH,0
309.966,0.0338,0.0000,APPROACH,0
310.000,0.0340,0.0000,APPROACH,0
310.034,0.0341,0.1000,APPROACH,0
310.068,0.0339,0.0000,APPROACH,0
310.102,0.0343,0.0000,APPROACH,0
310.137,0.0342,0.1000,APPROACH,0
310.170,0.0339,0.0000,APPROACH,0
310.204,0.0339,0.0000,APPROACH,0
310.239,0.0346,0.1000,APPROACH,0
310.273,0.0337,0.0000,APPROACH,0
310.306,0.0338,0.0000,APPROACH,0
310.340,0.0340,0.1000,APPROACH,0
310.374,0.0340,0.0000,APPROACH,0
310.408,0.0338,0.0000,APPROACH,0
310.442,0.0340,0.1000,APPROACH,0
310.476,0.0342,0.0000,APPROACH,0
310.511,0.0342,0.0000,APPROACH,0
310.544,0.0337,0.1000,APPROACH,0
310.578,0.0342,0.0000,APPROACH,0
310.613,0.0341,0.0000,APPROACH,0
310.647,0.0340,0.1000,APPROACH,0
310.681,0.0339,0.0000,APPROACH,0
310.714,0.0339,0.0000,APPROACH,0
310.748,0.0341,0.1000,APPROACH,0
310.782,0.0339,0.0000,APPROACH,0
310.817,0.0341,0.0000,APPROACH,0
310.851,0.0343,0.1000,APPROACH,0
310.885,0.0338,0.0000,APPROACH,0
310.919,0.0342,0.0000,APPROACH,0
310.953,0.0342,0.1000,APPROACH,0
310.987,0.0337,0.0000,APPROACH,0
311.021,0.0340,0.0000,APPROACH,0
311.055,0.0340,0.1000,APPROACH,0
311.089,0.0342,0.0000,APPROACH,0
311.123,0.0343,0.1000,APPROACH,0
311.157,0.0338,0.0000,APPROACH,0
311.191,0.0339,0.0000,APPROACH,0
311.225,0.0339,0.1000,APPROACH,0
311.259,0.0346,0.0000,APPROACH,0
311.293,0.0335,0.0000,APPROACH,0
311.327,0.0340,0.1000,APPROACH,0
311.361,0.0340,0.0000,APPROACH,0
311.395,0.0341,0.0000,APPROACH,0
311.429,0.0339,0.1000,APPROACH,0
311.463,0.0343,0.0000,APPROACH,0
311.497,0.0338,0.0000,APPROACH,0
311.531,0.0340,0.1000,APPROACH,0
311.565,0.0339,0.0000,APPROACH,0
311.599,0.0342,0.0000,APPROACH,0
311.633,0.0340,0.1000,APPROACH,0
311.667,0.0339,0.0000,APPROACH,0
311.701,0.0341,0.0000,APPROACH,0
311.735,0.0340,0.1000,APPROACH,0
311.769,0.0340,0.0000,APPROACH,0
311.803,0.0338,0.0000,APPROACH,0
311.837,0.0342,0.1000,APPROACH,0
311.871,0.0340,0.0000,APPROACH,0
311.905,0.0340,0.0000,APPROACH,0
311.939,0.0341,0.1000,APPROACH,0
311.973,0.0339,0.0000,APPROACH,0
312.007,0.0339,0.0000,APPROACH,0
312.041,0.0342,0.1000,APPROACH,0
312.075,0.0339,0.0000,APPROACH,0
312.109,0.0340,0.0000,APPROACH,0
312.143,0.0340,0.1000,APPROACH,0
312.177,0.0342,0.0000,APPROACH,0
312.211,0.0340,0.0000,APPROACH,0
312.245,0.0341,0.1000,APPROACH,0
312.280,0.0342,0.0000,APPROACH,0
312.313,0.0337,0.0000,APPROACH,0
312.347,0.0342,0.1000,APPROACH,0
312.382,0.0341,0.0000,APPROACH,0
312.416,0.0340,0.0000,APPROACH,0
312.449,0.0337,0.1000,APPROACH,0
312.484,0.0343,0.0000,APPROACH,0
312.517,0.0339,0.0000,APPROACH,0
312.552,0.0343,0.1000,APPROACH,0
312.585,0.0337,0.0000,APPROACH,0
312.620,0.0341,0.0000,APPROACH,0
312.655,0.0352,0.1000,APPROACH,0
312.688,0.0330,0.0000,APPROACH,0
312.721,0.0337,0.0000,APPROACH,0
312.755,0.0340,0.1000,APPROACH,0
312.789,0.0340,0.0000,APPROACH,0
312.824,0.0345,0.1000,APPROACH,0
312.858,0.0338,0.0000,APPROACH,0
312.892,0.0337,0.0000,APPROACH,0
312.925,0.0339,0.1000,APPROACH,0
312.960,0.0343,0.0000,APPROACH,0
312.994,0.0339,0.0000,APPROACH,0
313.027,0.0338,0.1000,APPROACH,0
313.062,0.0341,0.0000,APPROACH,0
313.095,0.0339,0.0000,APPROACH,0
313.129,0.0340,0.1000,APPROACH,0
313.163,0.0341,0.0000,APPROACH,0
313.198,0.0341,0.0000,APPROACH,0
313.232,0.0340,0.1000,APPROACH,0
313.266,0.0340,0.0000,APPROACH,0
313.300,0.0342,0.0000,APPROACH,0
313.334,0.0339,0.1000,APPROACH,0
313.368,0.0340,0.0000,APPROACH,0
313.402,0.0339,0.0000,APPROACH,0
313.436,0.0342,0.1000,APPROACH,0
313.470,0.0342,0.0000,APPROACH,0
313.504,0.0337,0.0000,APPROACH,0
313.538,0.0343,0.1000,APPROACH,0
313.572,0.0338,0.0000,APPROACH,0
313.606,0.0340,0.0000,APPROACH,0
313.640,0.0342,0.1000,APPROACH,0
313.674,0.0337,0.0000,APPROACH,0
313.708,0.0340,0.0000,APPROACH,0
313.742,0.0341,0.1000,APPROACH,0
313.776,0.0342,0.0000,APPROACH,0
313.810,0.0337,0.0000,APPROACH,0
313.844,0.0342,0.1000,APPROACH,0
313.878,0.0341,0.0000,APPROACH,0
313.912,0.0338,0.0000,APPROACH,0
313.946,0.0339,0.1000,APPROACH,0
313.980,0.0343,0.0000,APPROACH,0
314.014,0.0342,0.0000,APPROACH,0
314.048,0.0337,0.1000,APPROACH,0
314.082,0.0341,0.0000,APPROACH,0
314.116,0.0340,0.0000,APPROACH,0
314.150,0.0340,0.1000,APPROACH,0
314.185,0.0345,0.0000,APPROACH,0
314.218,0.0335,0.0000,APPROACH,0
314.252,0.0341,0.1000,APPROACH,0
314.286,0.0338,0.0000,APPROACH,0
314.320,0.0344,0.0000,APPROACH,0
314.354,0.0340,0.1000,APPROACH,0
314.388,0.0340,0.0000,APPROACH,0
314.422,0.0339,0.0000,APPROACH,0
314.456,0.0339,0.1000,APPROACH,0
314.490,0.0340,0.0000,APPROACH,0
314.525,0.0345,0.1000,APPROACH,0
314.558,0.0335,0.0000,APPROACH,0
314.592,0.0341,0.0000,APPROACH,0
314.626,0.0340,0.1000,APPROACH,0
314.661,0.0342,0.0000,APPROACH,0
314.695,0.0340,0.0000,APPROACH,0
314.728,0.0337,0.1000,APPROACH,0
314.762,0.0341,0.0000,APPROACH,0
314.796,0.0339,0.0000,APPROACH,0
314.831,0.0347,0.1000,APPROACH,0
314.864,0.0332,0.0000,APPROACH,0
314.899,0.0342,0.0000,APPROACH,0
314.932,0.0339,0.1000,APPROACH,0
314.966,0.0340,0.0000,APPROACH,0
315.001,0.0341,0.0000,APPROACH,0
315.035,0.0340,0.1000,APPROACH,0
315.069,0.0341,0.0000,APPROACH,0
315.103,0.0341,0.0000,APPROACH,0
315.137,0.0339,0.1000,APPROACH,0
315.171,0.0341,0.0000,APPROACH,0
315.205,0.0339,0.0000,APPROACH,0
315.239,0.0341,0.1000,APPROACH,0
315.273,0.0340,0.0000,APPROACH,0
315.306,0.0337,0.0000,APPROACH,0
315.341,0.0345,0.1000,APPROACH,0
315.375,0.0340,0.0000,APPROACH,0
315.409,0.0338,0.0000,APPROACH,0
315.443,0.0343,0.1000,APPROACH,0
315.477,0.0336,0.0000,APPROACH,0
315.511,0.0341,0.0000,APPROACH,0
315.545,0.0339,0.1000,APPROACH,0
315.579,0.0342,0.0000,APPROACH,0
315.613,0.0339,0.0000,APPROACH,0
315.647,0.0340,0.1000,APPROACH,0
315.681,0.0340,0.0000,APPROACH,0
315.715,0.0339,0.0000,APPROACH,0
315.749,0.0340,0.1000,APPROACH,0
315.783,0.0342,0.0000,APPROACH,0
315.817,0.0340,0.0000,APPROACH,0
315.851,0.0340,0.1000,APPROACH,0
315.885,0.0339,0.0000,APPROACH,0
315.919,0.0343,0.0000,PATROL,0
315.953,0.0340,0.1000,PATROL,0
315.987,0.0337,0.0000,PATROL,0
